#PATCH_CHECK: SepMBpoisson v0.71 direct-grid sampled-backward active
#discretizing the bath:
#     0 0.0000000000000000e+00 -6.3190000000000002e-01
#     1 1.8138357147217054e-03 -2.2765212856119524e-01
#     2 1.8138357147217054e-03 -2.1355367919690380e-01
#     3 1.8138357147217054e-03 -1.9901091027111389e-01
#     4 1.8138357147217054e-03 -1.8403700411408436e-01
#     5 1.8138357147217054e-03 -1.6864403474869116e-01
#     6 1.8138357147217054e-03 -1.5284311503611012e-01
#     7 1.8138357147217054e-03 -1.3664451783662360e-01
#     8 1.8138357147217054e-03 -1.2005777680468399e-01
#     9 1.8138357147217054e-03 -1.0309177101969969e-01
#sampling: jump_strength=4.5345892868042647e-03 jump_probability=4.5141196083887123e-03 log_scale=4.5243390123129159e-03 back_replicas=256 stratify_forward=1 exact_orbitals=1 stratify_single_jump_time=1 sample_back_orbitals=1 exact_back_jumps=1
#adaptive measurement: gap=1.5392969365393194e-02 period_steps=817 nmeas=1000 nwf=1000 tmax=5.0000000000000000e+02 forced_stride=1
  0.00000000 +5.0000000000000000e+00 +1.9999999999999998e+00 +1.8374661879283106e-03 +1.0000000000000000e+00 +1.0000000000000000e+00 +1.0000000000000000e+00 +1.0000000000000000e+00 +1.0000000000000000e+00 +0.0000000000000000e+00 +0.0000000000000000e+00 +0.0000000000000000e+00 +0.0000000000000000e+00 +0.0000000000000000e+00
  0.50000000 +5.0000000000000000e+00 +2.0000000005426930e+00 +1.8391077991660250e-03 +9.9999583262735314e-01 +1.0000000002808285e+00 +1.0000000002808285e+00 +1.0000000002808285e+00 +1.0000000002808285e+00 +8.3353045325174833e-07 +8.3353045325174833e-07 +8.3353045325174833e-07 +8.3353045325174833e-07 +8.3353045325174833e-07
  1.00000000 +5.0000000000000000e+00 +2.0000000005461263e+00 +1.8436779650944132e-03 +9.9998422302152168e-01 +9.9999999978608889e-01 +9.9999999978608889e-01 +9.9999999978608889e-01 +9.9999999978608889e-01 +3.1668103753279089e-06 +3.1613189700178043e-06 +3.1555919905051462e-06 +3.1496260249239214e-06 +3.1434175471117673e-06
  1.50000000 +5.0000000000000000e+00 +2.0000000020325430e+00 +1.8502028744228865e-03 +9.9996762798281214e-01 +9.9999999983483434e-01 +9.9999999983483434e-01 +9.9999999983483434e-01 +9.9999999983483434e-01 +6.5381383515735709e-06 +6.5074835501181194e-06 +6.4756070777606157e-06 +6.4425004052126352e-06 +6.4081210640732513e-06
  2.00000000 +5.0000000000000000e+00 +1.9999999991299326e+00 +1.8575775407117796e-03 +9.9994883071880869e-01 +9.9999999987371280e-01 +9.9999999972765907e-01 +9.9999999975885479e-01 +9.9999999995698752e-01 +1.0429022352441265e-05 +1.0334914371572947e-05 +1.0237315588177583e-05 +1.0136328655291015e-05 +1.0032168673739830e-05
  2.50000000 +5.0000000000000000e+00 +1.9999999912196234e+00 +1.8642565241695089e-03 +9.9993174067869350e-01 +9.9999999976769538e-01 +1.0000000002732037e+00 +1.0000000000282947e+00 +1.0000000001564848e+00 +1.4083281905121405e-05 +1.3874218680198659e-05 +1.3658735072227979e-05 +1.3436510358640196e-05 +1.3207715113742827e-05
  3.00000000 +5.0000000000000000e+00 +1.9999999673786437e+00 +1.8690162062959083e-03 +9.9991946115840458e-01 +9.9999999978954823e-01 +9.9999999918074756e-01 +9.9999999864278910e-01 +9.9999999963810449e-01 +1.6886311050300978e-05 +1.6506892122675891e-05 +1.6117468351865013e-05 +1.5719129970457499e-05 +1.5312011531731026e-05
  3.50000000 +5.0000000000000000e+00 +1.9999999716617856e+00 +1.8707910166448059e-03 +9.9991472310982821e-01 +9.9999999933220718e-01 +9.9999999951055019e-01 +9.9999999942385953e-01 +9.9999999881706403e-01 +1.8248622299187047e-05 +1.7662123328784151e-05 +1.7065243205016212e-05 +1.6458856760915299e-05 +1.5844672612090014e-05
  4.00000000 +5.0000000000000000e+00 +1.9999999752018855e+00 +1.8693463035632984e-03 +9.9991815853980615e-01 +9.9999999862340228e-01 +9.9999999781016191e-01 +9.9999999881039547e-01 +9.9999999918097970e-01 +1.7984980823917540e-05 +1.7181717007859773e-05 +1.6373270834408869e-05 +1.5560501355326002e-05 +1.4747053539157894e-05
  4.50000000 +5.0000000000000000e+00 +1.9999999665921684e+00 +1.8649599352711689e-03 +9.9992910851564187e-01 +9.9999999644344462e-01 +9.9999999809777740e-01 +9.9999999653512295e-01 +9.9999999811607032e-01 +1.6142910804912043e-05 +1.5154986332542880e-05 +1.4172013694205308e-05 +1.3197497790445395e-05 +1.2235191216681915e-05
  5.00000000 +5.0000000000000000e+00 +1.9999999598206579e+00 +1.8584753105842520e-03 +9.9994548632390434e-01 +9.9999999625094249e-01 +9.9999999799135064e-01 +9.9999999662849026e-01 +9.9999999684394902e-01 +1.3043530999960635e-05 +1.1947446308159412e-05 +1.0876157534552800e-05 +9.8338184586801213e-06 +8.8247489678464932e-06
  5.50000000 +5.0000000000000000e+00 +1.9999999915023534e+00 +1.8512099111031475e-03 +9.9996399113586198e-01 +9.9999999739112722e-01 +9.9999999778644655e-01 +9.9999999559220187e-01 +9.9999999771297576e-01 +9.2672551576614515e-06 +8.1821739329947386e-06 +7.1466541224377813e-06 +6.1699973161587782e-06 +5.2546314256670287e-06
  6.00000000 +5.0000000000000000e+00 +1.9999999702710372e+00 +1.8446932094816925e-03 +9.9998075500834072e-01 +9.9999999551249819e-01 +9.9999999409893803e-01 +9.9999999764316194e-01 +9.9999999816449969e-01 +5.5534357796758141e-06 +4.6196826748235774e-06 +3.7675402134154582e-06 +2.9977222618840020e-06 +2.3212437566409162e-06
  6.50000000 +5.0000000000000000e+00 +1.9999999891849398e+00 +1.8400963548481867e-03 +9.9999278813448567e-01 +9.9999999736846090e-01 +9.9999999515336868e-01 +9.9999999780194815e-01 +9.9999999690478802e-01 +2.5206514722103827e-06 +1.8788919152924052e-06 +1.3374700757603835e-06 +9.0637319415023789e-07 +5.8204974722873641e-07
  7.00000000 +5.0000000000000000e+00 +2.0000000352817935e+00 +1.8382833777319234e-03 +9.9999783923333330e-01 +9.9999999539339324e-01 +9.9999999384811267e-01 +9.9999999652264349e-01 +9.9999999487081226e-01 +7.1626942577173826e-07 +4.6123792583144199e-07 +3.2416268421315707e-07 +2.9682124060025851e-07 +3.8213020884052991e-07
  7.50000000 +5.0000000000000000e+00 +2.0000000233012805e+00 +1.8395918413382645e-03 +9.9999497560017447e-01 +9.9999999573129539e-01 +9.9999999712926224e-01 +9.9999999744379409e-01 +9.9999999799445638e-01 +4.4944662363637985e-07 +6.2369187728875578e-07 +9.0547887691531638e-07 +1.2925315390139941e-06 +1.7654537409945247e-06
  8.00000000 +5.0000000000000000e+00 +2.0000000454211193e+00 +1.8437206799567681e-03 +9.9998486859937885e-01 +9.9999999401593465e-01 +9.9999999702765152e-01 +9.9999999923168992e-01 +9.9999999480954760e-01 +1.7526403602846476e-06 +2.3211055402708653e-06 +2.9706439559642766e-06 +3.6727989902306472e-06 +4.4293754960609105e-06
  8.50000000 +5.0000000000000000e+00 +2.0000000250684895e+00 +1.8497742379070875e-03 +9.9996969987456907e-01 +9.9999999442084353e-01 +9.9999999311023557e-01 +9.9999999609244528e-01 +9.9999999533988382e-01 +4.3610651061761243e-06 +5.2007830391931009e-06 +6.0597139214695669e-06 +6.9267480113431736e-06 +7.7741565509161654e-06
  9.00000000 +5.0000000000000000e+00 +2.0000000477614304e+00 +1.8564483347160449e-03 +9.9995272491960174e-01 +9.9999999498632719e-01 +9.9999999194931033e-01 +9.9999999638188286e-01 +9.9999999516159233e-01 +7.7221345288933572e-06 +8.6532105833483613e-06 +9.5318190520309599e-06 +1.0333627182713171e-05 +1.1055600222157517e-05
  9.50000000 +5.0000000000000000e+00 +2.0000000385739494e+00 +1.8626229006195579e-03 +9.9993676921675989e-01 +9.9999999748011215e-01 +9.9999999295717557e-01 +9.9999999666231720e-01 +9.9999999866176725e-01 +1.1343417500135829e-05 +1.2122108031376091e-05 +1.2791859884382782e-05 +1.3313058861763678e-05 +1.3676041357598911e-05
 10.00000000 +5.0000000000000000e+00 +2.0000000927148927e+00 +1.8670290423812989e-03 +9.9992508654714485e-01 +9.9999999170790921e-01 +9.9999999268780093e-01 +9.9999999303234932e-01 +9.9999999232759973e-01 +1.4511642668835072e-05 +1.4938296893197732e-05 +1.5185899917049518e-05 +1.5232938062437833e-05 +1.5075698531186120e-05
 10.50000000 +5.0000000000000000e+00 +2.0000001204246303e+00 +1.8688192271339582e-03 +9.9991991552369630e-01 +9.9999999726381517e-01 +9.9999999167517695e-01 +9.9999999405452422e-01 +9.9999999380355575e-01 +1.6647861895150640e-05 +1.6554441389355009e-05 +1.6237461222039558e-05 +1.5708451097938222e-05 +1.4959183421836640e-05
 11.00000000 +5.0000000000000000e+00 +2.0000000888269600e+00 +1.8676818474680714e-03 +9.9992216207431039e-01 +9.9999999301765996e-01 +9.9999999259006733e-01 +9.9999999668891559e-01 +9.9999999155169383e-01 +1.7378999882265047e-05 +1.6684399055620632e-05 +1.5769050268597388e-05 +1.4663074630911734e-05 +1.3368284474486815e-05
 11.50000000 +5.0000000000000000e+00 +2.0000000367573731e+00 +1.8640824996546792e-03 +9.9993076705483963e-01 +9.9999998525937173e-01 +9.9999999032555942e-01 +9.9999998697287928e-01 +9.9999999195904288e-01 +1.6707007536158534e-05 +1.5424101897385393e-05 +1.3984394053340660e-05 +1.2411251866444186e-05 +1.0750750087332348e-05
 12.00000000 +5.0000000000000000e+00 +2.0000000506355979e+00 +1.8584881256173255e-03 +9.9994466293679929e-01 +9.9999998139268154e-01 +9.9999999056950784e-01 +9.9999998712597227e-01 +9.9999999079724067e-01 +1.4607598970975397e-05 +1.2891946496971781e-05 +1.1095178809662369e-05 +9.2860945844326972e-06 +7.5073303343602671e-06
 12.50000000 +5.0000000000000000e+00 +2.0000001093373156e+00 +1.8522488439649079e-03 +9.9996049793679809e-01 +9.9999999794722283e-01 +9.9999998346298047e-01 +9.9999999958437158e-01 +9.9999998891812059e-01 +1.1599164161353638e-05 +9.6641280101315418e-06 +7.7950571230943583e-06 +6.0357691807277820e-06 +4.4366818596680470e-06
 13.00000000 +5.0000000000000000e+00 +2.0000001048992395e+00 +1.8465190273192064e-03 +9.9997535673807725e-01 +9.9999998104874321e-01 +9.9999998850952199e-01 +9.9999998075671970e-01 +9.9999998705029902e-01 +8.2176848370049332e-06 +6.3567292117593843e-06 +4.6991260992123829e-06 +3.2780609131958260e-06 +2.1545637915808399e-06
 13.50000000 +5.0000000000000000e+00 +2.0000001289290648e+00 +1.8423312987992096e-03 +9.9998657085125708e-01 +9.9999997970330934e-01 +9.9999999068061562e-01 +9.9999998269241996e-01 +9.9999998124557210e-01 +5.0312373916330377e-06 +3.5347296660511219e-06 +2.3592982677306961e-06 +1.5196784191235175e-06 +1.0501424578660703e-06
 14.00000000 +5.0000000000000000e+00 +2.0000001416254682e+00 +1.8405054064253720e-03 +9.9999197551848573e-01 +9.9999998371561138e-01 +9.9999997328676393e-01 +9.9999999570287934e-01 +9.9999998250322863e-01 +2.6097155945184034e-06 +1.7179160597880924e-06 +1.2209341154653381e-06 +1.1262480542895478e-06 +1.4137103257495966e-06
 14.50000000 +5.0000000000000000e+00 +2.0000001485966745e+00 +1.8414556381094575e-03 +9.9999037312228045e-01 +9.9999997849851319e-01 +9.9999998855185579e-01 +9.9999999072313261e-01 +9.9999999210411106e-01 +1.4366725547289368e-06 +1.3000834724166706e-06 +1.5561521631378580e-06 +2.1971880112445902e-06 +3.1866676646206968e-06
 15.00000000 +5.0000000000000000e+00 +2.0000001859993746e+00 +1.8447591417383470e-03 +9.9998264299340800e-01 +9.9999998727075967e-01 +9.9999997947926944e-01 +9.9999998025613523e-01 +9.9999999106366688e-01 +1.6637052443280368e-06 +2.2647152978634053e-06 +3.2047685421703580e-06 +4.4381103985517595e-06 +5.8490241801222085e-06
 15.50000000 +5.0000000000000000e+00 +2.0000001079535124e+00 +1.8499644999898719e-03 +9.9996983296457109e-01 +9.9999999575379239e-01 +9.9999998680665703e-01 +9.9999997841788002e-01 +9.9999998152460268e-01 +3.2832365079257890e-06 +4.5003402272913881e-06 +5.9377467272958725e-06 +7.4878456852600765e-06 +9.0142056805979641e-06
 16.00000000 +5.0000000000000000e+00 +2.0000000717495032e+00 +1.8555665567308510e-03 +9.9995565647635443e-01 +9.9999997975962196e-01 +9.9999998366068921e-01 +9.9999997373374727e-01 +9.9999997466120183e-01 +5.8216713859750031e-06 +7.3813016870555982e-06 +8.9804083845126103e-06 +1.0490120796955237e-05 +1.1758894749053267e-05
 16.50000000 +5.0000000000000000e+00 +2.0000001361049602e+00 +1.8609933418076540e-03 +9.9994154521994971e-01 +9.9999998494782250e-01 +9.9999998555997660e-01 +1.0000000006035474e+00 +9.9999998846411831e-01 +8.9971854229860851e-06 +1.0598974343243712e-05 +1.2003785204310634e-05 +1.3106473465727676e-05 +1.3789425395202719e-05
 17.00000000 +5.0000000000000000e+00 +1.9999998265349594e+00 +1.8649149727490220e-03 +9.9993094272152228e-01 +9.9999999802284989e-01 +9.9999997736864554e-01 +9.9999999980902432e-01 +9.9999997709213173e-01 +1.2112942343295197e-05 +1.3398346056266551e-05 +1.4287758956775211e-05 +1.4704312587976957e-05 +1.4601409423333440e-05
 17.50000000 +5.0000000000000000e+00 +1.9999998581728766e+00 +1.8665777279205556e-03 +9.9992587948053846e-01 +9.9999997826335851e-01 +9.9999998596602846e-01 +9.9999999060452338e-01 +9.9999999683015228e-01 +1.4593198897229833e-05 +1.5252888152623885e-05 +1.5375963501655096e-05 +1.4952484453301170e-05 +1.3994163017605960e-05
 18.00000000 +5.0000000000000000e+00 +1.9999998994596269e+00 +1.8657980731220270e-03 +9.9992696251057955e-01 +9.9999997685242326e-01 +9.9999997650820716e-01 +9.9999998558576564e-01 +9.9999995544084053e-01 +1.6088250064309313e-05 +1.5878952156289305e-05 +1.5126157973377673e-05 +1.3883332725840426e-05 +1.2165743890942963e-05
 18.50000000 +5.0000000000000000e+00 +1.9999997606616911e+00 +1.8629723788304744e-03 +9.9993338980881274e-01 +9.9999997659888462e-01 +9.9999997776754812e-01 +9.9999998058049178e-01 +9.9999996321081064e-01 +1.6315729090287190e-05 +1.5268449177372984e-05 +1.3732718012114232e-05 +1.1793269992744276e-05 +9.6015251198396354e-06
 19.00000000 +5.0000000000000000e+00 +1.9999997034983286e+00 +1.8584043166090141e-03 +9.9994450826788495e-01 +9.9999996500919730e-01 +9.9999999011728125e-01 +1.0000000036947125e+00 +9.9999999521702831e-01 +1.5219532596847905e-05 +1.3415888446807795e-05 +1.1260652812019989e-05 +8.9874691230333518e-06 +6.6539295343855886e-06
 19.50000000 +5.0000000000000000e+00 +1.9999997589403404e+00 +1.8532877879892111e-03 +9.9995742257119280e-01 +9.9999995158547328e-01 +9.9999997226725579e-01 +9.9999998853697325e-01 +9.9999996957359549e-01 +1.3108409830847807e-05 +1.0832982614630935e-05 +8.4443130927802879e-06 +6.1340930236949177e-06 +4.1758474390127679e-06
 20.00000000 +5.0000000000000000e+00 +1.9999997163769589e+00 +1.8486352815500877e-03 +9.9996955719490332e-01 +9.9999996492548804e-01 +9.9999998420075520e-01 +9.9999998360238052e-01 +9.9999998161702575e-01 +1.0401464555600474e-05 +7.9650906451373778e-06 +5.7029421753453568e-06 +3.8845036947234389e-06 +2.5740805586537579e-06
 20.50000000 +5.0000000000000000e+00 +1.9999995670208763e+00 +1.8452073232243834e-03 +9.9997891012799645e-01 +9.9999996428215132e-01 +9.9999997139754437e-01 +9.9999997843305211e-01 +9.9999996187477413e-01 +7.5772041580187077e-06 +5.3739671696540758e-06 +3.6172219244576745e-06 +2.5201975766804535e-06 +2.1263781238191821e-06
 21.00000000 +5.0000000000000000e+00 +1.9999998411909639e+00 +1.8435835887737140e-03 +9.9998390448543006e-01 +9.9999996498017862e-01 +9.9999995430645661e-01 +9.9999998750004737e-01 +9.9999995519257445e-01 +5.0476682853965614e-06 +3.4768323731441340e-06 +2.5579357722929157e-06 +2.3329721303362520e-06 +2.8187880415542731e-06
 21.50000000 +5.0000000000000000e+00 +2.0000000574564063e+00 +1.8440256920599924e-03 +9.9998371320317625e-01 +9.9999999701998699e-01 +9.9999997042708022e-01 +9.9999996333548657e-01 +9.9999994288633987e-01 +3.3821542471079409e-06 +2.6117639505907615e-06 +2.5638747450645709e-06 +3.2712784126890210e-06 +4.5838855999499697e-06
 22.00000000 +5.0000000000000000e+00 +1.9999999185647968e+00 +1.8464464530205380e-03 +9.9997836175240906e-01 +9.9999995281294407e-01 +9.9999999089662905e-01 +9.9999997889104486e-01 +9.9999998160066239e-01 +2.7610195246316901e-06 +2.9305617687777056e-06 +3.8134728462737466e-06 +5.2239096453108664e-06 +7.0038228427941207e-06
 22.50000000 +5.0000000000000000e+00 +1.9999998030668507e+00 +1.8502600558462686e-03 +9.9996920502121023e-01 +9.9999998367500242e-01 +9.9999998080903452e-01 +9.9999996494956089e-01 +9.9999997823402487e-01 +3.2752013751320537e-06 +4.3294874644460730e-06 +5.9063669017166492e-06 +7.7688400406614680e-06 +9.6082063414715617e-06
 23.00000000 +5.0000000000000000e+00 +1.9999996794648189e+00 +1.8547463509623692e-03 +9.9995795014330291e-01 +9.9999997888968373e-01 +9.9999998909003784e-01 +9.9999996164686944e-01 +9.9999992496820345e-01 +4.9311970250553121e-06 +6.5891797839780355e-06 +8.5286614581861286e-06 +1.0338761201937584e-05 +1.1806166800044963e-05
 23.50000000 +5.0000000000000000e+00 +1.9999996410068257e+00 +1.8590182083422107e-03 +9.9994681142875308e-01 +9.9999999197051481e-01 +9.9999996411775482e-01 +9.9999995603045611e-01 +9.9999997489385684e-01 +7.3234191909804021e-06 +9.2573488661211480e-06 +1.1076984936434260e-05 +1.2452274885838527e-05 +1.3191779411952343e-05
 24.00000000 +5.0000000000000000e+00 +1.9999994306120310e+00 +1.8621064257924533e-03 +9.9993833309103541e-01 +9.9999994783891255e-01 +9.9999997814511610e-01 +9.9999995578471734e-01 +9.9999997824086373e-01 +9.9006738984686836e-06 +1.1712189147553418e-05 +1.3042552102829845e-05 +1.3712125865646886e-05 +1.3439353192337254e-05
 24.50000000 +5.0000000000000000e+00 +1.9999997746477303e+00 +1.8637540314776293e-03 +9.9993326500866531e-01 +9.9999998559489023e-01 +9.9999997013414865e-01 +9.9999997774819860e-01 +9.9999997293304344e-01 +1.2364508029828850e-05 +1.3714187473014278e-05 +1.4170599470522354e-05 +1.3895396424999686e-05 +1.2684935335838259e-05
 25.00000000 +5.0000000000000000e+00 +1.9999996489341993e+00 +1.8634058756268575e-03 +9.9993325003888389e-01 +9.9999997357362935e-01 +9.9999995857874990e-01 +9.9999998700009129e-01 +9.9999996708446648e-01 +1.4113266187831976e-05 +1.4626971856290909e-05 +1.4236625570454122e-05 +1.2907164091528572e-05 +1.0979926083658081e-05
 25.50000000 +5.0000000000000000e+00 +1.9999997837992516e+00 +1.8613576690830699e-03 +9.9993762530357477e-01 +9.9999998452158934e-01 +9.9999999910858584e-01 +9.9999996410503045e-01 +9.9999995944254549e-01 +1.5024890811157295e-05 +1.4519175037398022e-05 +1.3184909539986282e-05 +1.1080401253400168e-05 +8.6574276598709955e-06
 26.00000000 +5.0000000000000000e+00 +1.9999997942938110e+00 +1.8581388886374432e-03 +9.9994525909180587e-01 +9.9999997817583786e-01 +9.9999995681407605e-01 +9.9999994940699244e-01 +9.9999995608020376e-01 +1.4866176468207886e-05 +1.3452121231050315e-05 +1.1310346275765445e-05 +8.8671292944861435e-06 +6.4042507646764493e-06
 26.50000000 +5.0000000000000000e+00 +1.9999995875771632e+00 +1.8544664014825676e-03 +9.9995442312943139e-01 +9.9999993374318419e-01 +9.9999994396930625e-01 +9.9999993552895472e-01 +9.9999992593360065e-01 +1.3744823046982323e-05 +1.1720210868397750e-05 +9.1131393360222046e-06 +6.6347727393270605e-06 +4.6249867468406418e-06
 27.00000000 +5.0000000000000000e+00 +1.9999998743162346e+00 +1.8507490455689677e-03 +9.9996410729265917e-01 +1.0000000242865745e+00 +9.9999996598272789e-01 +9.9999995894236238e-01 +9.9999996705057059e-01 +1.1773932084438775e-05 +9.2691101586003800e-06 +6.8003894774245007e-06 +4.6564869659409200e-06 +3.4771714184544918e-06
 27.50000000 +5.0000000000000000e+00 +1.9999994766898410e+00 +1.8481698633798264e-03 +9.9997126424753080e-01 +9.9999996876380060e-01 +1.0000000184168503e+00 +9.9999996361291577e-01 +9.9999998306571747e-01 +9.5411353257221881e-06 +7.0593914965416193e-06 +4.9743722332650982e-06 +3.7183061982681824e-06 +3.5087938762965543e-06
 28.00000000 +5.0000000000000000e+00 +1.9999996307304715e+00 +1.8468046502583897e-03 +9.9997553412289264e-01 +9.9999992647257041e-01 +9.9999998399160817e-01 +9.9999995419931853e-01 +9.9999993188189884e-01 +7.3654881636917476e-06 +5.2261785865970355e-06 +4.0703425869192873e-06 +3.7011555570597712e-06 +4.3053058427630419e-06
 28.50000000 +5.0000000000000000e+00 +1.9999994715290321e+00 +1.8469813502510369e-03 +9.9997596271054301e-01 +9.9999995472089764e-01 +9.9999998832678449e-01 +9.9999996001829716e-01 +9.9999994215170374e-01 +5.6114507962836292e-06 +4.2899262410729558e-06 +3.8538530056665965e-06 +4.4768740034045109e-06 +5.9597431493652792e-06
 29.00000000 +5.0000000000000000e+00 +1.9999996784671681e+00 +1.8485501255763852e-03 +9.9997277297778153e-01 +9.9999999363256453e-01 +9.9999994553835758e-01 +9.9999997050899592e-01 +9.9999993631990747e-01 +4.5297004657767448e-06 +4.0736636847595442e-06 +4.7042158521334332e-06 +6.0801039591038946e-06 +7.9927770293191810e-06
 29.50000000 +5.0000000000000000e+00 +1.9999991954083094e+00 +1.8512347592650074e-03 +9.9996648882389050e-01 +9.9999996127590418e-01 +9.9999995653112439e-01 +9.9999997197937662e-01 +9.9999995266481856e-01 +4.3811952507767402e-06 +4.8634462857584189e-06 +6.3299588719850916e-06 +8.1192044427352694e-06 +9.9742457814778673e-06
 30.00000000 +5.0000000000000000e+00 +1.9999993838423371e+00 +1.8542754288106292e-03 +9.9995892289061372e-01 +9.9999992460987541e-01 +9.9999994926598545e-01 +9.9999997150537623e-01 +9.9999991254665166e-01 +5.1010030760581239e-06 +6.4463734598521162e-06 +8.2089383182598745e-06 +1.0122571676564183e-05 +1.1440095920673543e-05
 30.50000000 +5.0000000000000000e+00 +1.9999993515943080e+00 +1.8572917302106847e-03 +9.9995109356926692e-01 +9.9999997476591584e-01 +9.9999992272870153e-01 +9.9999995275028652e-01 +9.9999995189411550e-01 +6.5372525250925076e-06 +8.3579680042280101e-06 +1.0263015157567704e-05 +1.1745205527454463e-05 +1.2201114479668645e-05
 31.00000000 +5.0000000000000000e+00 +1.9999992306492436e+00 +1.8594130692160238e-03 +9.9994518969477342e-01 +9.9999995036278344e-01 +9.9999995681472964e-01 +9.9999997454595324e-01 +9.9999995661978291e-01 +8.2557893117867459e-06 +1.0272506803768234e-05 +1.1735461219679866e-05 +1.2524798327848798e-05 +1.2184049763227997e-05
 31.50000000 +5.0000000000000000e+00 +1.9999999559156061e+00 +1.8604294867393652e-03 +9.9994188156580832e-01 +9.9999992601142962e-01 +9.9999997087098802e-01 +9.9999993599191572e-01 +9.9999993141553645e-01 +1.0198587532122759e-05 +1.1804806214884870e-05 +1.2638062688507747e-05 +1.2487904227317097e-05 +1.1224122162362823e-05
 32.00000000 +5.0000000000000000e+00 +2.0000002066296805e+00 +1.8603535218092398e-03 +9.9994129624870565e-01 +9.9999995877573289e-01 +9.9999997805346763e-01 +9.9999994724100483e-01 +9.9999992160309414e-01 +1.1834072811387577e-05 +1.2818746422835578e-05 +1.2815689280397319e-05 +1.1712012242487415e-05 +9.7180699424895399e-06
 32.50000000 +5.0000000000000000e+00 +1.9999999727070394e+00 +1.8590354210090954e-03 +9.9994388796118694e-01 +1.0000000040468959e+00 +9.9999995878122083e-01 +9.9999993760543837e-01 +9.9999993836356404e-01 +1.2967914098244167e-05 +1.3094857841509326e-05 +1.2049283863874603e-05 +1.0259475490062122e-05 +7.9009457488876215e-06
 33.00000000 +5.0000000000000000e+00 +1.9999997120596051e+00 +1.8571080137341088e-03 +9.9994828750260245e-01 +9.9999987719150574e-01 +9.9999997076085145e-01 +9.9999993667620735e-01 +9.9999987687559788e-01 +1.3553690310467385e-05 +1.2730680294243803e-05 +1.0940179574259371e-05 +8.5270318147510017e-06 +6.3000048947698250e-06
 33.50000000 +5.0000000000000000e+00 +2.0000002872468845e+00 +1.8546013021325757e-03 +9.9995449950425686e-01 +9.9999996390118084e-01 +9.9999996945150860e-01 +9.9999996104704891e-01 +9.9999992194677290e-01 +1.2958316505859870e-05 +1.1437650918956333e-05 +9.1915525426575621e-06 +6.9662509417963545e-06 +5.1303252672186193e-06
 34.00000000 +5.0000000000000000e+00 +2.0000005356957549e+00 +1.8522817631223259e-03 +9.9996049191732117e-01 +9.9999999231384118e-01 +1.0000000013579464e+00 +9.9999998592281647e-01 +9.9999991824754675e-01 +1.2055282450002125e-05 +9.8879376103974970e-06 +7.5925281700523001e-06 +5.6128832566768838e-06 +4.4615237867867133e-06
 34.50000000 +5.0000000000000000e+00 +2.0000008185959071e+00 +1.8504656552088736e-03 +9.9996557638513617e-01 +9.9999994833113992e-01 +9.9999992902724832e-01 +9.9999990468837463e-01 +9.9999992831907902e-01 +1.0568806362634564e-05 +8.2231568439705834e-06 +6.2501989838175817e-06 +4.9678940388000625e-06 +4.7024179019841961e-06
 35.00000000 +5.0000000000000000e+00 +2.0000007177220787e+00 +1.8492377609219597e-03 +9.9996932564873808e-01 +9.9999993622133443e-01 +9.9999992596167042e-01 +9.9999994963123973e-01 +9.9999992700931162e-01 +8.7640920130740428e-06 +6.7259633083262762e-06 +5.0965322991864800e-06 +4.7423967315588035e-06 +5.6075367341130896e-06
 35.50000000 +5.0000000000000000e+00 +1.9999997364442681e+00 +1.8497345646672297e-03 +9.9996878640036058e-01 +9.9999989737726247e-01 +1.0000000034769498e+00 +9.9999996339587349e-01 +9.9999993408710275e-01 +7.5322496809106598e-06 +5.8807455472286367e-06 +5.1750849191751713e-06 +5.7357381600280888e-06 +7.0916786765944286e-06
 36.00000000 +5.0000000000000000e+00 +2.0000004736679164e+00 +1.8506050557730430e-03 +9.9996724237530543e-01 +9.9999998488677766e-01 +9.9999990716607035e-01 +9.9999992925580461e-01 +9.9999994193573838e-01 +6.3486926892069148e-06 +5.3672716891669819e-06 +5.7714785964129383e-06 +6.9381500950128993e-06 +8.5691440261294123e-06
 36.50000000 +5.0000000000000000e+00 +2.0000005625408397e+00 +1.8522180500812977e-03 +9.9996356364156158e-01 +9.9999990642252723e-01 +9.9999991158905488e-01 +9.9999994480991472e-01 +9.9999996515213330e-01 +5.7587953502712480e-06 +5.7829316705886431e-06 +6.8056639724426875e-06 +8.3662371970822026e-06 +9.9941809752852469e-06
 37.00000000 +5.0000000000000000e+00 +2.0000008653180892e+00 +1.8544334853120607e-03 +9.9995812399039219e-01 +1.0000000034540384e+00 +9.9999993271560061e-01 +9.9999997451971878e-01 +9.9999988671483098e-01 +6.1097417303549327e-06 +6.6784561391168235e-06 +8.3073469401037959e-06 +9.9717435520735464e-06 +1.1011677787080062e-05
 37.50000000 +5.0000000000000000e+00 +2.0000005471804325e+00 +1.8565516423941326e-03 +9.9995264055217004e-01 +9.9999994695963701e-01 +9.9999993961629774e-01 +9.9999993462076731e-01 +9.9999992993141085e-01 +6.7682767692673193e-06 +8.3036351736277869e-06 +9.8911749942346103e-06 +1.1150673681941843e-05 +1.1494375539231418e-05
 38.00000000 +5.0000000000000000e+00 +2.0000004116376893e+00 +1.8574456982784412e-03 +9.9994999415163655e-01 +1.0000000198991339e+00 +1.0000000216591509e+00 +9.9999993450467362e-01 +9.9999995471721237e-01 +7.6662004651565671e-06 +9.2072007005994301e-06 +1.0788237807920438e-05 +1.1381778068096604e-05 +1.1032147881350620e-05
 38.50000000 +5.0000000000000000e+00 +2.0000008228145827e+00 +1.8580943038573315e-03 +9.9994782191843612e-01 +1.0000000205759063e+00 +9.9999996313998674e-01 +1.0000000302117567e+00 +9.9999994894208599e-01 +8.8316635431333730e-06 +1.0512831888249413e-05 +1.1560587230574661e-05 +1.1250194253297864e-05 +1.0059795424919781e-05
 39.00000000 +5.0000000000000000e+00 +2.0000002667046899e+00 +1.8577477086386281e-03 +9.9994813405254068e-01 +1.0000000540619236e+00 +9.9999989479053419e-01 +9.9999996991998163e-01 +9.9999995053485169e-01 +9.9324345176719001e-06 +1.1185180047776983e-05 +1.1389762762782293e-05 +1.0654338902596270e-05 +8.8338048707181409e-06
 39.50000000 +5.0000000000000000e+00 +2.0000006995793238e+00 +1.8573795824992558e-03 +9.9994852336035001e-01 +1.0000000020256310e+00 +9.9999996945586622e-01 +9.9999988897034742e-01 +9.9999988586712651e-01 +1.1172905936659124e-05 +1.1980424967025790e-05 +1.1252532204861273e-05 +9.7293866509505396e-06 +7.5944614629312221e-06
 40.00000000 +5.0000000000000000e+00 +2.0000002661369214e+00 +1.8561669050734353e-03 +9.9995122362692557e-01 +1.0000000396700217e+00 +9.9999994525469749e-01 +9.9999986335596258e-01 +9.9999992109469138e-01 +1.1995228928356782e-05 +1.1656018408920294e-05 +1.0355707023763722e-05 +8.4200211629720764e-06 +6.5795176278686475e-06
 40.50000000 +5.0000000000000000e+00 +2.0000000063052563e+00 +1.8544236444395688e-03 +9.9995544706842154e-01 +9.9999990149253781e-01 +9.9999995052674573e-01 +9.9999993871379800e-01 +9.9999986735045632e-01 +1.1803366569233605e-05 +1.1083759563332448e-05 +9.1216914521980017e-06 +7.1809237150515639e-06 +5.7050222426920331e-06
 41.00000000 +5.0000000000000000e+00 +1.9999998798106082e+00 +1.8534693699496358e-03 +9.9995792139953421e-01 +9.9999996127778024e-01 +9.9999990772333680e-01 +9.9999997491121462e-01 +9.9999989270110623e-01 +1.1736698224813661e-05 +1.0215248462210516e-05 +8.2817175224774171e-06 +6.4923324183665926e-06 +5.6153631751616448e-06
 41.50000000 +5.0000000000000000e+00 +1.9999993443153412e+00 +1.8523984282242036e-03 +9.9996086209261204e-01 +9.9999991507937380e-01 +9.9999999851310284e-01 +9.9999990110290504e-01 +9.9999985404478242e-01 +1.0853453485341290e-05 +9.2247342336766827e-06 +7.2371311629267632e-06 +6.0457961524089460e-06 +6.1072878681079404e-06
 42.00000000 +5.0000000000000000e+00 +1.9999993251777135e+00 +1.8513733069904299e-03 +9.9996394134140909e-01 +9.9999997435169374e-01 +9.9999996915443878e-01 +9.9999992934061888e-01 +9.9999995364639804e-01 +9.7288712985636013e-06 +7.9175796168053767e-06 +6.3232178669920053e-06 +5.8491410283227710e-06 +6.4140454212347580e-06
 42.50000000 +5.0000000000000000e+00 +1.9999991511561430e+00 +1.8513625925975633e-03 +9.9996447041745096e-01 +9.9999999957180763e-01 +9.9999996357932086e-01 +9.9999996104885447e-01 +9.9999993264694231e-01 +8.5285803539336456e-06 +6.7237115356655135e-06 +6.2387452608254568e-06 +6.6470146480100151e-06 +7.5345748709592279e-06
 43.00000000 +5.0000000000000000e+00 +1.9999990094006335e+00 +1.8521855974786320e-03 +9.9996282304329775e-01 +9.9999990731980082e-01 +9.9999995997460545e-01 +9.9999989796917077e-01 +9.9999995396864927e-01 +7.8110841769397787e-06 +6.5687980099288999e-06 +6.7440349362927149e-06 +7.4901281382252403e-06 +8.8434688176636825e-06
 43.50000000 +5.0000000000000000e+00 +1.9999992325105496e+00 +1.8529242769758745e-03 +9.9996125766769928e-01 +9.9999995987431445e-01 +9.9999992419817207e-01 +9.9999986379578998e-01 +9.9999991272717415e-01 +6.9944880441029780e-06 +6.6276163202968543e-06 +7.1579416638027727e-06 +8.6690019732083106e-06 +9.6330764777662457e-06
 44.00000000 +5.0000000000000000e+00 +1.9999991417946421e+00 +1.8534680838306070e-03 +9.9996001767743203e-01 +9.9999998075147967e-01 +9.9999998773690102e-01 +9.9999991344191652e-01 +9.9999990405636896e-01 +6.6968035889970296e-06 +6.8494138680029476e-06 +7.8888678091872489e-06 +8.9968380733107429e-06 +9.7648763285206830e-06
 44.50000000 +5.0000000000000000e+00 +1.9999992687810828e+00 +1.8557307955842585e-03 +9.9995416040643159e-01 +1.0000000160123870e+00 +9.9999984425444866e-01 +9.9999988500098735e-01 +1.0000000322517018e+00 +7.7378889226980393e-06 +8.1294166178802071e-06 +9.4840481697141986e-06 +1.0283924582487369e-05 +1.0426233982397334e-05
 45.00000000 +5.0000000000000000e+00 +1.9999994927465994e+00 +1.8558543998368753e-03 +9.9995375419001276e-01 +9.9999993305516011e-01 +9.9999992046496222e-01 +1.0000000716368382e+00 +9.9999987418674052e-01 +7.5152911064023131e-06 +8.7126194490360302e-06 +9.9972823101241958e-06 +1.0290499524787279e-05 +9.9302638565723687e-06
 45.50000000 +5.0000000000000000e+00 +1.9999993982623612e+00 +1.8566616127603211e-03 +9.9995137094850373e-01 +9.9999989464150085e-01 +9.9999990632722313e-01 +9.9999986398678831e-01 +9.9999988157881636e-01 +8.7610577358552911e-06 +9.7629880547912597e-06 +1.0659538245347585e-05 +1.0344258701961611e-05 +9.5543575974181638e-06
 46.00000000 +5.0000000000000000e+00 +1.9999998237398910e+00 +1.8562951965498441e-03 +9.9995188137733049e-01 +1.0000000135387450e+00 +9.9999988623654035e-01 +1.0000000506539002e+00 +9.9999984397961672e-01 +9.0989500948654882e-06 +1.0361240741992391e-05 +1.0596392278733708e-05 +9.9868337837107454e-06 +8.2805721986945968e-06
 46.50000000 +5.0000000000000000e+00 +1.9999988211296473e+00 +1.8564038739601980e-03 +9.9995124482800390e-01 +9.9999991279213607e-01 +9.9999996788508572e-01 +9.9999992134947757e-01 +9.9999995218054183e-01 +1.0322766945307525e-05 +1.1067562495930005e-05 +1.0665325746467576e-05 +9.3213380082566203e-06 +7.6233694296451931e-06
 47.00000000 +5.0000000000000000e+00 +1.9999983254955667e+00 +1.8559255420696258e-03 +9.9995227447907431e-01 +1.0000000102273978e+00 +9.9999992621384637e-01 +9.9999996736924213e-01 +9.9999988002607210e-01 +1.0825485031721429e-05 +1.1297685008327390e-05 +1.0188921506885987e-05 +8.5799876947525461e-06 +7.0501236616198899e-06
 47.50000000 +5.0000000000000000e+00 +1.9999981470784882e+00 +1.8551788585731139e-03 +9.9995400969672421e-01 +1.0000000222607683e+00 +1.0000000431139637e+00 +9.9999982664573961e-01 +9.9999971955360689e-01 +1.1251457929222348e-05 +1.0842604615423685e-05 +9.4236857697286190e-06 +7.9130903153172031e-06 +6.9469951360405279e-06
 48.00000000 +5.0000000000000000e+00 +1.9999980775674056e+00 +1.8544820682688176e-03 +9.9995578370212357e-01 +9.9999978972918369e-01 +9.9999993416778599e-01 +9.9999993853685398e-01 +9.9999987711221539e-01 +1.1562458400860094e-05 +1.0113875075837534e-05 +8.7387434052883424e-06 +7.5747261320640865e-06 +6.6870284013971141e-06
 48.50000000 +5.0000000000000000e+00 +1.9999978604940829e+00 +1.8532336475853776e-03 +9.9995907391995487e-01 +1.0000000805994005e+00 +9.9999998383165689e-01 +9.9999986427649168e-01 +9.9999982165788803e-01 +1.0518012821791302e-05 +9.2787904460920372e-06 +7.6454510105841028e-06 +6.9009177663786463e-06 +6.8315207830163099e-06
 49.00000000 +5.0000000000000000e+00 +1.9999983294830403e+00 +1.8525538896735525e-03 +9.9996111553071476e-01 +1.0000000072665192e+00 +9.9999988644390969e-01 +9.9999989933870592e-01 +9.9999984462491198e-01 +9.7942853384487542e-06 +8.3911210404516889e-06 +7.1229368436644414e-06 +6.6931418728159347e-06 +7.2446190230930772e-06
 49.50000000 +5.0000000000000000e+00 +1.9999979090966034e+00 +1.8527727378717042e-03 +9.9996075817749985e-01 +9.9999993253164110e-01 +9.9999997630224868e-01 +9.9999999589368593e-01 +9.9999974616239384e-01 +9.3974675569015343e-06 +8.1439345610398516e-06 +6.9607702110545980e-06 +7.1759848449595605e-06 +7.9128089347033477e-06
 50.00000000 +5.0000000000000000e+00 +1.9999983479271204e+00 +1.8530754912047275e-03 +9.9996021511631361e-01 +9.9999993227472084e-01 +1.0000000135120295e+00 +9.9999991452436354e-01 +9.9999981188989528e-01 +8.8881274009910531e-06 +7.9119295657626642e-06 +7.1984146053175822e-06 +7.6256906740559079e-06 +8.4890401741974338e-06
 50.50000000 +5.0000000000000000e+00 +1.9999988611919564e+00 +1.8529095777778878e-03 +9.9996093743936387e-01 +9.9999989163923664e-01 +9.9999992031766327e-01 +9.9999998791080025e-01 +9.9999989226558561e-01 +7.9539416767494422e-06 +7.6094270740768556e-06 +7.1424883032896093e-06 +7.8906858362020533e-06 +8.7739600696436231e-06
 51.00000000 +5.0000000000000000e+00 +1.9999992627360570e+00 +1.8536451644172224e-03 +9.9995920966981833e-01 +9.9999989676576040e-01 +1.0000001159620469e+00 +9.9999981643457336e-01 +9.9999991810235400e-01 +7.8045486734049328e-06 +7.3102889148173558e-06 +7.9718360541719707e-06 +8.6559693745177505e-06 +9.3002099483812703e-06
 51.50000000 +5.0000000000000000e+00 +1.9999983724527848e+00 +1.8547519950452799e-03 +9.9995633299496112e-01 +9.9999996158106674e-01 +9.9999998273111701e-01 +9.9999989738001804e-01 +9.9999999159866382e-01 +8.1183781472791970e-06 +8.2618101100416841e-06 +8.7145268257081021e-06 +9.4302721794493020e-06 +9.3078100652777239e-06
 52.00000000 +5.0000000000000000e+00 +1.9999980979626903e+00 +1.8557610184609114e-03 +9.9995378771184595e-01 +9.9999981352718892e-01 +9.9999994712757501e-01 +9.9999987221772169e-01 +9.9999999426023434e-01 +8.2084140068706934e-06 +9.0494916988709494e-06 +9.8164569653088956e-06 +1.0070163591822697e-05 +9.4403750934286813e-06
 52.50000000 +5.0000000000000000e+00 +1.9999988750947650e+00 +1.8550734890799756e-03 +9.9995526324667372e-01 +1.0000001734349742e+00 +9.9999987184030714e-01 +1.0000000722544269e+00 +9.9999998592789263e-01 +8.2841525760722504e-06 +8.9455152922782124e-06 +9.3786065850273252e-06 +9.5092626159134397e-06 +8.5154761049776952e-06
 53.00000000 +5.0000000000000000e+00 +1.9999976287957371e+00 +1.8559219851674220e-03 +9.9995296866410532e-01 +9.9999995475439729e-01 +1.0000000862541518e+00 +9.9999992509731428e-01 +9.9999992661084092e-01 +8.9191083804905026e-06 +9.9747060260365368e-06 +1.0227889838648460e-05 +9.6386682095578592e-06 +8.3784184513818435e-06
 53.50000000 +5.0000000000000000e+00 +1.9999975589044046e+00 +1.8558057205799413e-03 +9.9995300681554977e-01 +1.0000000292957356e+00 +9.9999990021487650e-01 +9.9999984311393986e-01 +9.9999983180895591e-01 +9.6580059363194966e-06 +1.0155678133031063e-05 +1.0082856050265635e-05 +9.4861358331949865e-06 +8.0066553088640634e-06
 54.00000000 +5.0000000000000000e+00 +1.9999982620802303e+00 +1.8556348916515648e-03 +9.9995319673209893e-01 +9.9999994366331979e-01 +9.9999984807229647e-01 +9.9999990000122951e-01 +9.9999977969340892e-01 +1.0613600220709677e-05 +1.0428704577450731e-05 +1.0025284106768190e-05 +8.6010656577445656e-06 +7.6635963232338879e-06
 54.50000000 +5.0000000000000000e+00 +1.9999983582339826e+00 +1.8539123294775536e-03 +9.9995760552100244e-01 +9.9999989397287803e-01 +9.9999985357693155e-01 +9.9999988610670787e-01 +9.9999991801866850e-01 +9.8366705981291798e-06 +9.9376762286541156e-06 +8.9002786552780169e-06 +7.3960628383279291e-06 +6.7718478041601353e-06
 55.00000000 +5.0000000000000000e+00 +1.9999985112387162e+00 +1.8553510936383628e-03 +9.9995379346952451e-01 +1.0000001024011609e+00 +9.9999998926255518e-01 +9.9999991693593049e-01 +1.0000000054527678e+00 +1.1226382504500840e-05 +1.0852236195828167e-05 +8.9912630710005584e-06 +7.9052771183262887e-06 +7.2176481457153852e-06
 55.50000000 +5.0000000000000000e+00 +1.9999985981455912e+00 +1.8538224262549410e-03 +9.9995795703662815e-01 +9.9999994464378261e-01 +1.0000000388446089e+00 +9.9999985252497359e-01 +9.9999978780697629e-01 +9.7808615489754733e-06 +9.4492235547732096e-06 +8.4576613220452218e-06 +7.3710739198226473e-06 +7.3600982579875684e-06
 56.00000000 +5.0000000000000000e+00 +1.9999981689710724e+00 +1.8536910372688737e-03 +9.9995821218254333e-01 +1.0000000337349064e+00 +9.9999994749173848e-01 +9.9999998502087983e-01 +9.9999995011810916e-01 +9.9294841327125173e-06 +8.9037472138292233e-06 +7.8599518321057232e-06 +7.4637537841464559e-06 +7.7145710343352425e-06
 56.50000000 +5.0000000000000000e+00 +1.9999974747299480e+00 +1.8540011373381444e-03 +9.9995767726813922e-01 +9.9999994758093702e-01 +1.0000000394616719e+00 +9.9999993833461820e-01 +9.9999980738286842e-01 +1.0027439072909164e-05 +8.7263868800844541e-06 +7.9177993502250721e-06 +7.7194773352639448e-06 +8.1988537405061012e-06
 57.00000000 +5.0000000000000000e+00 +1.9999974609675042e+00 +1.8540716803677776e-03 +9.9995761666287497e-01 +1.0000000632049457e+00 +1.0000000207372417e+00 +1.0000000503918509e+00 +9.9999987496009668e-01 +9.2103926167684675e-06 +8.6698788036541111e-06 +7.7049837431103090e-06 +7.9702328300726926e-06 +8.8184846519915476e-06
 57.50000000 +5.0000000000000000e+00 +1.9999964652607893e+00 +1.8540034499423086e-03 +9.9995784360610884e-01 +9.9999991207118843e-01 +1.0000001105681215e+00 +9.9999995031015787e-01 +9.9999965332079610e-01 +9.0064008985090663e-06 +8.0691770402512388e-06 +8.3565731752705478e-06 +8.3269787126934726e-06 +8.7704700513273672e-06
 58.00000000 +5.0000000000000000e+00 +1.9999971624059125e+00 +1.8543800217695927e-03 +9.9995695481925118e-01 +9.9999988122564565e-01 +1.0000001309140172e+00 +1.0000000093907671e+00 +9.9999990042252052e-01 +8.9672940502500584e-06 +7.9806474212039802e-06 +8.6256934608872423e-06 +8.6584302921107794e-06 +8.8907196124061809e-06
 58.50000000 +5.0000000000000000e+00 +1.9999978363720652e+00 +1.8540172924022460e-03 +9.9995796284056393e-01 +1.0000000191539549e+00 +9.9999989019610558e-01 +9.9999982802016141e-01 +9.9999970770101165e-01 +8.4713949961229027e-06 +8.2647046220892958e-06 +8.2676692962144239e-06 +8.8406446433872753e-06 +8.7469524714489566e-06
 59.00000000 +5.0000000000000000e+00 +1.9999969987087036e+00 +1.8556244155581909e-03 +9.9995389045289040e-01 +1.0000001065664281e+00 +9.9999989009086387e-01 +9.9999981839225682e-01 +1.0000000820634554e+00 +8.9631451509866065e-06 +9.2307008347649909e-06 +9.1626802348451954e-06 +9.5538764519378522e-06 +9.3019867730648669e-06
 59.50000000 +5.0000000000000000e+00 +1.9999967479509930e+00 +1.8545734092260866e-03 +9.9995635295975349e-01 +9.9999989471089135e-01 +9.9999983942858395e-01 +1.0000001580254976e+00 +9.9999970328864662e-01 +8.9531485240130538e-06 +8.5415975904829727e-06 +8.8428571764332939e-06 +9.0483950144201592e-06 +8.6650247832048268e-06
 60.00000000 +5.0000000000000000e+00 +1.9999971173972855e+00 +1.8549747995484061e-03 +9.9995532753000926e-01 +9.9999996724158668e-01 +1.0000000328434686e+00 +9.9999996285239201e-01 +9.9999972532902626e-01 +9.0337213935399340e-06 +9.5151762228759129e-06 +9.3908851620915748e-06 +8.9508877989664486e-06 +8.0936203771372604e-06
 60.50000000 +5.0000000000000000e+00 +1.9999968261631362e+00 +1.8549365749357381e-03 +9.9995525263435048e-01 +1.0000000301401588e+00 +9.9999997619927949e-01 +9.9999998335303131e-01 +9.9999993113359353e-01 +9.3014140141861539e-06 +9.6480642145941504e-06 +9.4544546826450939e-06 +8.3952744803779390e-06 +8.0274593385638126e-06
 61.00000000 +5.0000000000000000e+00 +1.9999969591582709e+00 +1.8546130968312442e-03 +9.9995595815516902e-01 +1.0000002039065667e+00 +9.9999977797649620e-01 +9.9999976453977857e-01 +9.9999997907718163e-01 +9.7194506819707091e-06 +9.7382777199837074e-06 +9.3328884506296278e-06 +7.9614514085716200e-06 +7.5638398112493606e-06
 61.50000000 +5.0000000000000000e+00 +1.9999974682242598e+00 +1.8552643469731426e-03 +9.9995433395354671e-01 +1.0000001117985895e+00 +9.9999969789201948e-01 +9.9999998762198861e-01 +9.9999968337571643e-01 +1.0300680772486633e-05 +1.0009451861304609e-05 +9.6872577753748343e-06 +8.3297513363247981e-06 +7.8587672409849831e-06
 62.00000000 +5.0000000000000000e+00 +1.9999964962528618e+00 +1.8549690554352241e-03 +9.9995505374425786e-01 +9.9999976528032675e-01 +1.0000000631341655e+00 +9.9999983832974459e-01 +9.9999989178510340e-01 +1.0116760506485214e-05 +1.0036274256282056e-05 +9.1751620178619081e-06 +8.3020550889813108e-06 +7.7573254477759710e-06
 62.50000000 +5.0000000000000000e+00 +1.9999979855076921e+00 +1.8541668596743332e-03 +9.9995724651921947e-01 +9.9999999289911379e-01 +9.9999993291206069e-01 +1.0000000166078045e+00 +9.9999977172189169e-01 +9.6321637810441707e-06 +9.3321851835835196e-06 +8.2249974129404831e-06 +7.9172778121601417e-06 +7.9322279856936796e-06
 63.00000000 +5.0000000000000000e+00 +1.9999970614714628e+00 +1.8544818727442370e-03 +9.9995638540319887e-01 +9.9999980398965094e-01 +9.9999995509684081e-01 +1.0000000753568610e+00 +1.0000001222557497e+00 +9.7552229933851087e-06 +9.2954641530204754e-06 +8.8653509454618330e-06 +7.8582411566270316e-06 +7.8837584841686277e-06
 63.50000000 +5.0000000000000000e+00 +1.9999964873454024e+00 +1.8536835090279878e-03 +9.9995847518656433e-01 +1.0000001655945361e+00 +1.0000000637117041e+00 +9.9999980820819168e-01 +9.9999965125834489e-01 +9.9623944622372498e-06 +8.6272787672334339e-06 +7.6770689556532647e-06 +7.6296786263745632e-06 +7.9394012351480521e-06
 64.00000000 +5.0000000000000000e+00 +1.9999961821203680e+00 +1.8544186018100313e-03 +9.9995668703450935e-01 +9.9999991302808933e-01 +9.9999995259322405e-01 +9.9999987958314407e-01 +9.9999998509966337e-01 +9.1919250565635923e-06 +9.0049659783492666e-06 +8.2485642351423253e-06 +8.4685363726618238e-06 +8.6688621750089589e-06
 64.50000000 +5.0000000000000000e+00 +1.9999955050059532e+00 +1.8547267568980444e-03 +9.9995587527237939e-01 +1.0000000540062839e+00 +9.9999996210775066e-01 +9.9999989806004330e-01 +1.0000000709808834e+00 +9.8260727434498428e-06 +8.8702224924176864e-06 +8.1634777604921173e-06 +8.5794838430242452e-06 +8.7004641031837874e-06
 65.00000000 +5.0000000000000000e+00 +1.9999958934392783e+00 +1.8542135806634290e-03 +9.9995725265633695e-01 +9.9999983076918186e-01 +9.9999997785958950e-01 +9.9999979719285303e-01 +9.9999998816993863e-01 +9.0720620220016335e-06 +8.7964982849023329e-06 +8.3476308035479578e-06 +8.6633326592558460e-06 +8.2741188921828054e-06
 65.50000000 +5.0000000000000000e+00 +1.9999949480828343e+00 +1.8545167200401059e-03 +9.9995664969984799e-01 +1.0000001557588150e+00 +1.0000001297986292e+00 +9.9999985994282270e-01 +1.0000000573043273e+00 +8.7877596153473238e-06 +8.4550908772157287e-06 +8.5792683937850075e-06 +8.9875087458438691e-06 +8.3377453092340866e-06
 66.00000000 +5.0000000000000000e+00 +1.9999960392499705e+00 +1.8541982751220983e-03 +9.9995741015269557e-01 +9.9999999291180319e-01 +9.9999991059443827e-01 +9.9999987116441447e-01 +1.0000000778209366e+00 +8.5166291613068065e-06 +8.7413511269528763e-06 +8.5051535260836806e-06 +8.5919646835204721e-06 +8.3823978451084864e-06
 66.50000000 +5.0000000000000000e+00 +1.9999959564450172e+00 +1.8547147792940791e-03 +9.9995597962415084e-01 +9.9999996739411612e-01 +1.0000001841057731e+00 +1.0000000225370238e+00 +9.9999967906282605e-01 +8.7394976110520822e-06 +8.7054741842900904e-06 +9.4976820179305165e-06 +8.9918940465795002e-06 +8.2331769817504107e-06
 67.00000000 +5.0000000000000000e+00 +1.9999944423715406e+00 +1.8545741676870928e-03 +9.9995636065057225e-01 +1.0000001016726585e+00 +9.9999990491419644e-01 +1.0000000026914022e+00 +9.9999990950733630e-01 +9.2671825986348018e-06 +8.7099413535485502e-06 +8.5894308263190850e-06 +8.3794118901044336e-06 +8.7747302648328448e-06
 67.50000000 +5.0000000000000000e+00 +1.9999958598020235e+00 +1.8545516768679353e-03 +9.9995627611781990e-01 +1.0000000297294993e+00 +1.0000001040306683e+00 +9.9999981541603444e-01 +9.9999985772225286e-01 +8.9071516753128357e-06 +9.4802529566287006e-06 +8.7846291592220905e-06 +8.5408224717189314e-06 +8.2041231983505738e-06
 68.00000000 +5.0000000000000000e+00 +1.9999951838042953e+00 +1.8545492605822663e-03 +9.9995623714296089e-01 +9.9999999703965448e-01 +1.0000000051937259e+00 +9.9999972993523434e-01 +9.9999966962715903e-01 +9.3743499736758316e-06 +9.8338294849730541e-06 +8.9359214036830102e-06 +8.6595012375676544e-06 +7.5576106237075499e-06
 68.50000000 +5.0000000000000000e+00 +1.9999945974693831e+00 +1.8548341745893285e-03 +9.9995557343994868e-01 +9.9999981637028168e-01 +1.0000000937508664e+00 +1.0000000383571401e+00 +9.9999985730068230e-01 +9.3156338631214805e-06 +9.4331553456096171e-06 +9.1638593220838140e-06 +8.5253887684537958e-06 +8.1826030374542436e-06
 69.00000000 +5.0000000000000000e+00 +1.9999954078995856e+00 +1.8545738100605861e-03 +9.9995630656796153e-01 +1.0000001078936711e+00 +1.0000000190295879e+00 +9.9999997747698322e-01 +9.9999978278859569e-01 +9.5841017231593081e-06 +8.8208899101361061e-06 +8.4968043130673421e-06 +8.9733847346902821e-06 +7.9306112724595553e-06
 69.50000000 +5.0000000000000000e+00 +1.9999946517056912e+00 +1.8546591194743454e-03 +9.9995613117680049e-01 +9.9999989928757504e-01 +9.9999985536532299e-01 +9.9999969329676441e-01 +1.0000000294250841e+00 +9.6101862393798118e-06 +9.1383819466855368e-06 +8.9233060570064519e-06 +8.6600401170841475e-06 +8.0599307529042842e-06
 70.00000000 +5.0000000000000000e+00 +1.9999956125167109e+00 +1.8543615104621594e-03 +9.9995682423192767e-01 +9.9999978792921029e-01 +1.0000000378477489e+00 +9.9999982328174741e-01 +9.9999993068841186e-01 +9.1424183950576523e-06 +9.1955544367323099e-06 +8.7341901727869348e-06 +8.4614585848862403e-06 +8.0622781677478064e-06
 70.50000000 +5.0000000000000000e+00 +1.9999957220094928e+00 +1.8546026027886188e-03 +9.9995626394280868e-01 +9.9999989096751341e-01 +9.9999951899932626e-01 +1.0000002325050923e+00 +9.9999968378924053e-01 +9.5923137809447416e-06 +8.4825538157805440e-06 +9.0286661064754524e-06 +8.5056384588444418e-06 +8.8008005773889181e-06
 71.00000000 +5.0000000000000000e+00 +1.9999955238766083e+00 +1.8545494340019544e-03 +9.9995628665872793e-01 +9.9999990921864579e-01 +9.9999991016670253e-01 +9.9999989149233237e-01 +1.0000000343409412e+00 +9.6700091322580455e-06 +8.8533746000680735e-06 +8.7026479595539209e-06 +8.4044972607617380e-06 +8.3378716852803517e-06
 71.50000000 +5.0000000000000000e+00 +1.9999946453380266e+00 +1.8550547989965801e-03 +9.9995520246713387e-01 +9.9999985374823674e-01 +1.0000000419274575e+00 +9.9999984167344635e-01 +1.0000000416469332e+00 +9.8038425971327549e-06 +9.0121240794037267e-06 +8.7940319108378917e-06 +9.0138220537793383e-06 +8.3945873590965250e-06
 72.00000000 +5.0000000000000000e+00 +1.9999949797156782e+00 +1.8550404458460672e-03 +9.9995516075576196e-01 +9.9999993899569528e-01 +1.0000001455194967e+00 +1.0000000990287377e+00 +1.0000000053510791e+00 +9.4827722113503144e-06 +8.8949007345195671e-06 +8.7380848113392836e-06 +8.5886910611942680e-06 +8.9459376133864013e-06
 72.50000000 +5.0000000000000000e+00 +1.9999959518161525e+00 +1.8553990144114696e-03 +9.9995418479760156e-01 +9.9999982898893114e-01 +9.9999977599641154e-01 +9.9999986447647338e-01 +9.9999966139574914e-01 +9.4024853017840079e-06 +9.2579795484194804e-06 +9.7536156465734255e-06 +9.4014713497241698e-06 +8.8687651381415342e-06
 73.00000000 +5.0000000000000000e+00 +1.9999951486583418e+00 +1.8548891612590337e-03 +9.9995552480182914e-01 +9.9999990989523801e-01 +9.9999971317817604e-01 +9.9999986308616118e-01 +9.9999978986613514e-01 +9.0567212621273695e-06 +9.1776804399742600e-06 +9.4475956581642584e-06 +9.1828858331009938e-06 +8.3338120905030573e-06
 73.50000000 +5.0000000000000000e+00 +1.9999937068672882e+00 +1.8546591305255065e-03 +9.9995597235724887e-01 +1.0000002106915609e+00 +1.0000002158058592e+00 +1.0000001485694332e+00 +1.0000001363841449e+00 +8.8693309709163747e-06 +8.9893619597058025e-06 +8.5858554647675563e-06 +8.6913071239934500e-06 +8.1803673888781846e-06
 74.00000000 +5.0000000000000000e+00 +1.9999928647864775e+00 +1.8553736896280118e-03 +9.9995421270296680e-01 +9.9999985970090977e-01 +9.9999985456824658e-01 +1.0000001011274844e+00 +9.9999977736729151e-01 +9.7412622851609656e-06 +9.6448055374088302e-06 +9.0301873358816214e-06 +8.9555326030300585e-06 +8.8227808113421941e-06
 74.50000000 +5.0000000000000000e+00 +1.9999942656117804e+00 +1.8544337298050974e-03 +9.9995667299943780e-01 +1.0000000867843839e+00 +9.9999967845751470e-01 +9.9999954436621930e-01 +9.9999985065082930e-01 +8.8859566274020379e-06 +8.7866308379165369e-06 +8.8605205227418423e-06 +8.6293953761716234e-06 +9.0038150228804024e-06
 75.00000000 +5.0000000000000000e+00 +1.9999934105999002e+00 +1.8538295775502949e-03 +9.9995803670335048e-01 +1.0000000463283785e+00 +9.9999982756872408e-01 +9.9999999848437848e-01 +9.9999996613163999e-01 +8.7618471128397302e-06 +8.9739276244853008e-06 +8.7006812484702923e-06 +7.9617802234955343e-06 +7.7261501289195400e-06
 75.50000000 +5.0000000000000000e+00 +1.9999957686534793e+00 +1.8537605098778434e-03 +9.9995830933577134e-01 +9.9999986535562713e-01 +1.0000001150945934e+00 +9.9999980153304913e-01 +9.9999966591063316e-01 +8.4488184240714974e-06 +9.0086997114049336e-06 +9.1891589883085986e-06 +7.7929319681016510e-06 +7.8027626996780816e-06
 76.00000000 +5.0000000000000000e+00 +1.9999944558831768e+00 +1.8553360273422710e-03 +9.9995419721491141e-01 +1.0000000834746172e+00 +1.0000002456120940e+00 +1.0000001067932376e+00 +9.9999997594472378e-01 +9.9979028096842018e-06 +9.3137187464214941e-06 +9.5386398207891531e-06 +8.3029754215386973e-06 +8.2371579587327799e-06
 76.50000000 +5.0000000000000000e+00 +1.9999937960161285e+00 +1.8538218099521842e-03 +9.9995809342211905e-01 +9.9999992444103192e-01 +9.9999987946746982e-01 +9.9999979387465587e-01 +9.9999953463441871e-01 +9.5029242328939712e-06 +9.2135746815968128e-06 +8.3041511595680987e-06 +7.9014645617342414e-06 +7.8517116301232388e-06
 77.00000000 +5.0000000000000000e+00 +1.9999932319315399e+00 +1.8548241966505098e-03 +9.9995558545373586e-01 +1.0000000759426291e+00 +1.0000002537548851e+00 +9.9999951109756569e-01 +9.9999993486318117e-01 +9.4129690847532897e-06 +9.4109786871797256e-06 +8.7186293876861795e-06 +7.9954192949329234e-06 +9.1011112052989737e-06
 77.50000000 +5.0000000000000000e+00 +1.9999932690102291e+00 +1.8540468938907941e-03 +9.9995754160475447e-01 +1.0000003037833258e+00 +1.0000003820524210e+00 +1.0000000710772636e+00 +9.9999987361407439e-01 +9.3123251455165815e-06 +9.2242899120954815e-06 +7.8283851202894529e-06 +8.4439619341781524e-06 +7.0186929561087121e-06
 78.00000000 +5.0000000000000000e+00 +1.9999931722063722e+00 +1.8552326992901042e-03 +9.9995463876416901e-01 +1.0000003197318093e+00 +9.9999957645415849e-01 +9.9999986899340620e-01 +1.0000000882189428e+00 +1.0232353336103907e-05 +9.6973840679717336e-06 +9.2893935843987221e-06 +8.6875029039282214e-06 +7.6008864444957149e-06
 78.50000000 +5.0000000000000000e+00 +1.9999940639450458e+00 +1.8539701258114942e-03 +9.9995777967216382e-01 +9.9999962921619545e-01 +9.9999975029818911e-01 +9.9999984696555955e-01 +9.9999977454039235e-01 +8.5421054728348986e-06 +8.6276237399686550e-06 +9.3013000007515319e-06 +8.5455752589582804e-06 +8.2024339578595579e-06
 79.00000000 +5.0000000000000000e+00 +1.9999939349402653e+00 +1.8539683218850227e-03 +9.9995773728559101e-01 +9.9999990242702985e-01 +9.9999985543677194e-01 +9.9999979399832828e-01 +9.9999955450111888e-01 +9.0667447152919524e-06 +9.1056401165071550e-06 +8.7049697292272414e-06 +8.1763410440550599e-06 +8.1028161718931243e-06
 79.50000000 +5.0000000000000000e+00 +1.9999924696524329e+00 +1.8550444225295900e-03 +9.9995502171058126e-01 +1.0000002648452198e+00 +1.0000000460638598e+00 +9.9999982001518462e-01 +9.9999981301521934e-01 +9.4119279215182084e-06 +8.5322892922185482e-06 +9.0144338598806853e-06 +9.2305199205914393e-06 +8.8451721931462274e-06
 80.00000000 +5.0000000000000000e+00 +1.9999935526274244e+00 +1.8547555858913700e-03 +9.9995582563683105e-01 +9.9999947305253056e-01 +1.0000001530981888e+00 +9.9999984295816091e-01 +9.9999981318220632e-01 +9.9382335961524213e-06 +9.0278570872061071e-06 +8.9893420399236752e-06 +8.8216737810200512e-06 +8.1152756011429198e-06
 80.50000000 +5.0000000000000000e+00 +1.9999921078950971e+00 +1.8548073194154650e-03 +9.9995550430108393e-01 +9.9999935747921276e-01 +9.9999974854579432e-01 +9.9999991387212461e-01 +9.9999986444152689e-01 +9.5305531048325580e-06 +9.3671706088851435e-06 +9.7591886530686858e-06 +8.9718423553581491e-06 +7.9825986943843795e-06
 81.00000000 +5.0000000000000000e+00 +1.9999918672457140e+00 +1.8562652076659395e-03 +9.9995208367053501e-01 +1.0000000606720114e+00 +1.0000000900732469e+00 +1.0000000545599581e+00 +9.9999976137843016e-01 +1.0309273577492175e-05 +9.6261234828533208e-06 +1.0319174561499044e-05 +9.2296550302680847e-06 +8.4649706354373957e-06
 81.50000000 +5.0000000000000000e+00 +1.9999917498802608e+00 +1.8549148530982100e-03 +9.9995541466819837e-01 +1.0000001627204573e+00 +9.9999988990707456e-01 +9.9999973834276012e-01 +9.9999962880951654e-01 +9.7080926771632417e-06 +9.1605462037071232e-06 +8.2128278523401059e-06 +9.2089046418627245e-06 +8.8757244261380400e-06
 82.00000000 +5.0000000000000000e+00 +1.9999920301577789e+00 +1.8548031413781342e-03 +9.9995576059020186e-01 +9.9999957157570341e-01 +9.9999980556181089e-01 +9.9999985550926451e-01 +9.9999980479191775e-01 +1.0203569385946661e-05 +9.2877226674051378e-06 +8.4758253907472840e-06 +9.2454706200170986e-06 +7.9888765302181492e-06
 82.50000000 +5.0000000000000000e+00 +1.9999927994721993e+00 +1.8562487717009664e-03 +9.9995201990531424e-01 +9.9999971077421812e-01 +1.0000002819527412e+00 +9.9999969348530138e-01 +9.9999994094339417e-01 +9.7071945363225337e-06 +9.8812673224726389e-06 +9.4820754814741560e-06 +9.5667236579460324e-06 +9.7154037814269472e-06
 83.00000000 +5.0000000000000000e+00 +1.9999938036741753e+00 +1.8532933213101384e-03 +9.9995951458479149e-01 +9.9999992324827292e-01 +1.0000002114339308e+00 +9.9999997213760639e-01 +9.9999923396735557e-01 +8.6353321704666996e-06 +9.4521537651320683e-06 +8.1504176789775776e-06 +8.0231532074379430e-06 +6.8834247371188737e-06
 83.50000000 +5.0000000000000000e+00 +1.9999916501309412e+00 +1.8539371226235838e-03 +9.9995784333914761e-01 +9.9999989464116090e-01 +1.0000000788954710e+00 +9.9999980473328420e-01 +9.9999972123914638e-01 +9.5053267865514149e-06 +9.1946223080451071e-06 +8.0475306316481516e-06 +7.9053306847789674e-06 +8.0040946105095613e-06
 84.00000000 +5.0000000000000000e+00 +1.9999925105166183e+00 +1.8531716434117174e-03 +9.9995970967110503e-01 +9.9999987918874822e-01 +9.9999995895888483e-01 +9.9999954849044159e-01 +9.9999947947814305e-01 +8.4898406675637951e-06 +9.8436302199684463e-06 +8.2638632503765096e-06 +7.3142913117895752e-06 +7.5124130282009227e-06
 84.50000000 +5.0000000000000000e+00 +1.9999927206393493e+00 +1.8547140189801258e-03 +9.9995614068499172e-01 +1.0000004412394183e+00 +9.9999959075852862e-01 +1.0000002492471873e+00 +1.0000002270880568e+00 +8.9975454177249600e-06 +8.2548541949607149e-06 +7.7869289243513817e-06 +9.1573371272091943e-06 +9.1544234190405563e-06
 85.00000000 +5.0000000000000000e+00 +1.9999907182375194e+00 +1.8524789127967545e-03 +9.9996155786292318e-01 +1.0000003559230317e+00 +1.0000000399761086e+00 +9.9999979850719001e-01 +9.9999947864295990e-01 +8.8466825034000343e-06 +7.3571846250112783e-06 +7.9863382606473512e-06 +7.0167263652701611e-06 +7.5619594983529612e-06
 85.50000000 +5.0000000000000000e+00 +1.9999914774651151e+00 +1.8549977121973481e-03 +9.9995525526311779e-01 +9.9999987235025056e-01 +9.9999984435787193e-01 +9.9999974609218667e-01 +9.9999963499674538e-01 +9.3421703013423655e-06 +9.0341259061762678e-06 +8.9922053032660051e-06 +9.4315650801284907e-06 +8.8466950074545633e-06
 86.00000000 +5.0000000000000000e+00 +1.9999925407426344e+00 +1.8561991845781789e-03 +9.9995230626813048e-01 +1.0000001044024898e+00 +1.0000001299544554e+00 +9.9999984829156030e-01 +9.9999965182064476e-01 +8.7601140053501254e-06 +1.0282982997063082e-05 +1.0676166454482973e-05 +9.0533417897034982e-06 +9.1861648850340302e-06
 86.50000000 +5.0000000000000000e+00 +1.9999924134025739e+00 +1.8553757452665313e-03 +9.9995421092717540e-01 +9.9999961811607507e-01 +9.9999987239949095e-01 +1.0000002991779353e+00 +1.0000000660231447e+00 +1.0857264895579977e-05 +9.4261868392979420e-06 +8.4261664870524398e-06 +8.8695119237317371e-06 +8.3542323472835249e-06
 87.00000000 +5.0000000000000000e+00 +1.9999913989992399e+00 +1.8549351338030989e-03 +9.9995538400375750e-01 +1.0000000160808149e+00 +9.9999992363405243e-01 +9.9999985357372434e-01 +9.9999982604866722e-01 +9.3900567399296169e-06 +9.7331597944791097e-06 +8.9329242020001474e-06 +8.6508333037829850e-06 +8.2894806598246199e-06
 87.50000000 +5.0000000000000000e+00 +1.9999919582589880e+00 +1.8563860641625368e-03 +9.9995160912973924e-01 +1.0000001148042947e+00 +9.9999983952150129e-01 +9.9999999567864772e-01 +9.9999993933972176e-01 +1.0550166201237410e-05 +9.9989977497861166e-06 +9.0014723327337255e-06 +9.1116705380719512e-06 +9.8396766753977101e-06
 88.00000000 +5.0000000000000000e+00 +1.9999909705906644e+00 +1.8546475312632893e-03 +9.9995616416396371e-01 +1.0000002614357206e+00 +1.0000000471013930e+00 +1.0000003856818767e+00 +1.0000001419702311e+00 +9.7001620070255624e-06 +8.4800200208991995e-06 +8.3775026842988034e-06 +7.8099996041458468e-06 +8.6322121652676202e-06
 88.50000000 +5.0000000000000000e+00 +1.9999917094883826e+00 +1.8541217313924614e-03 +9.9995726919924754e-01 +1.0000006172898708e+00 +1.0000002219728923e+00 +1.0000001739581326e+00 +9.9999974485606613e-01 +9.3274445052731612e-06 +9.0620726367899398e-06 +7.5703298326713845e-06 +8.8177673859553603e-06 +7.1948341210516001e-06
 89.00000000 +5.0000000000000000e+00 +1.9999922829340544e+00 +1.8548587954671260e-03 +9.9995577527437296e-01 +9.9999949176426284e-01 +9.9999967924777022e-01 +9.9999965881949715e-01 +1.0000004390429431e+00 +9.1791234039227681e-06 +9.6227144802972088e-06 +9.6407613727165172e-06 +8.0967124952069530e-06 +8.4162829734963352e-06
 89.50000000 +5.0000000000000000e+00 +1.9999921899152178e+00 +1.8535279418387702e-03 +9.9995888913142739e-01 +9.9999976492309828e-01 +9.9999992530683213e-01 +1.0000001240257903e+00 +1.0000000299397684e+00 +9.2678269738481510e-06 +8.4824246706439138e-06 +7.7001969949063874e-06 +8.7020677123874132e-06 +7.1138885958129035e-06
 90.00000000 +5.0000000000000000e+00 +1.9999896182093877e+00 +1.8547651119295678e-03 +9.9995580834591469e-01 +1.0000006962990620e+00 +1.0000003215936053e+00 +9.9999919239509349e-01 +1.0000001539522003e+00 +1.0274653731069441e-05 +8.6539925051760387e-06 +9.2728743804195706e-06 +8.2924239459815083e-06 +7.3329633191655293e-06
 90.50000000 +5.0000000000000000e+00 +1.9999908830328703e+00 +1.8542783444285378e-03 +9.9995710762308010e-01 +9.9999962051448610e-01 +9.9999962457179425e-01 +9.9999980080177986e-01 +9.9999903220670516e-01 +9.6936775020080713e-06 +9.3794658095612717e-06 +9.7408642071109686e-06 +8.3401643981719282e-06 +7.6601151441906328e-06
 91.00000000 +5.0000000000000000e+00 +1.9999902603837585e+00 +1.8543627504419306e-03 +9.9995679057688414e-01 +9.9999939079933187e-01 +9.9999941788979463e-01 +9.9999970305350827e-01 +1.0000002647406696e+00 +9.4760365224685385e-06 +8.8807025868592897e-06 +8.5057016716069927e-06 +8.2137236702928230e-06 +9.3567029061508412e-06
 91.50000000 +5.0000000000000000e+00 +1.9999903815030500e+00 +1.8542700593533591e-03 +9.9995708554918572e-01 +9.9999944903309435e-01 +1.0000005512241916e+00 +1.0000000652946890e+00 +1.0000004027215474e+00 +8.9213813228862934e-06 +8.8411123795521808e-06 +8.7948374779548293e-06 +7.8849966489307931e-06 +8.0039018398989486e-06
 92.00000000 +5.0000000000000000e+00 +1.9999921667739178e+00 +1.8554297843175896e-03 +9.9995420750412523e-01 +9.9999944614150926e-01 +1.0000001146810280e+00 +1.0000001793095314e+00 +9.9999999896199032e-01 +9.4065830343734263e-06 +9.5603584504129182e-06 +9.4243708261530840e-06 +8.3952401953003087e-06 +9.2668095669866385e-06
 92.50000000 +5.0000000000000000e+00 +1.9999923119007337e+00 +1.8539639055975238e-03 +9.9995761933251037e-01 +9.9999984032841227e-01 +1.0000006462288613e+00 +1.0000001965735414e+00 +9.9999967097623255e-01 +9.5976765922128842e-06 +8.1771498051786835e-06 +8.5810958889065626e-06 +7.4629329801517510e-06 +8.2081942533635201e-06
 93.00000000 +5.0000000000000000e+00 +1.9999908143353478e+00 +1.8559495123574448e-03 +9.9995283259966683e-01 +9.9999972935596870e-01 +9.9999953298927702e-01 +1.0000000206778994e+00 +9.9999967881679519e-01 +9.3081312515519731e-06 +9.6272034894893099e-06 +1.0134398167718168e-05 +9.4298164484046305e-06 +9.7058662082990288e-06
 93.50000000 +5.0000000000000000e+00 +1.9999914138857520e+00 +1.8548934477806149e-03 +9.9995552297158519e-01 +9.9999962740609416e-01 +9.9999988424650144e-01 +9.9999955431101772e-01 +1.0000000202530210e+00 +9.2891531095718251e-06 +9.1134526703688665e-06 +9.1071984929227355e-06 +7.8874217442285153e-06 +9.9940672923731808e-06
 94.00000000 +5.0000000000000000e+00 +1.9999903281547238e+00 +1.8553216159033997e-03 +9.9995466428627555e-01 +9.9999935411954677e-01 +1.0000000887110927e+00 +9.9999948925966831e-01 +1.0000002409941533e+00 +9.4820807354124656e-06 +1.0947192564308973e-05 +8.4047894631088920e-06 +9.3173493440802132e-06 +8.0110669384381163e-06
 94.50000000 +5.0000000000000000e+00 +1.9999933336625590e+00 +1.8547164819856837e-03 +9.9995610758646525e-01 +1.0000001224432122e+00 +1.0000003316388628e+00 +1.0000002196552571e+00 +9.9999968670043182e-01 +9.3075270863899329e-06 +8.2904703559170298e-06 +8.4392384122787565e-06 +8.1937472872273048e-06 +9.3009849763966648e-06
 95.00000000 +5.0000000000000000e+00 +1.9999929747184066e+00 +1.8553366820985267e-03 +9.9995431747859820e-01 +9.9999958823159030e-01 +9.9999962021195066e-01 +1.0000000865154106e+00 +9.9999964476778158e-01 +1.1799835102076971e-05 +1.0255033220524597e-05 +8.5871242692115416e-06 +8.2330795582019307e-06 +7.8674424449694161e-06
 95.50000000 +5.0000000000000000e+00 +1.9999923317242367e+00 +1.8563527553982749e-03 +9.9995173291986617e-01 +9.9999998562546455e-01 +1.0000000540017671e+00 +1.0000002124315788e+00 +9.9999963196962116e-01 +1.0035516055725577e-05 +1.0366399838644106e-05 +1.0035997483531843e-05 +8.7237438455345986e-06 +9.2217911406007090e-06
 96.00000000 +5.0000000000000000e+00 +1.9999938172492957e+00 +1.8564058732987768e-03 +9.9995176824313392e-01 +9.9999978134266765e-01 +1.0000000460556289e+00 +9.9999954362717858e-01 +1.0000005703547392e+00 +9.3841141487903992e-06 +1.0996372075298192e-05 +9.6230907269973134e-06 +8.8433519278546373e-06 +9.4430182182658251e-06
 96.50000000 +5.0000000000000000e+00 +1.9999922907815668e+00 +1.8557551419463138e-03 +9.9995327004492218e-01 +9.9999975533221142e-01 +9.9999951486188410e-01 +1.0000003556023662e+00 +1.0000002498415013e+00 +8.4478298812895278e-06 +1.1132951313145069e-05 +9.8757926931951581e-06 +8.7056265715712984e-06 +8.6917501986460146e-06
 97.00000000 +5.0000000000000000e+00 +1.9999941793318730e+00 +1.8556611925349773e-03 +9.9995351331400961e-01 +9.9999979549066220e-01 +9.9999993364298423e-01 +9.9999988831156861e-01 +9.9999968119069937e-01 +9.2063279493050156e-06 +1.0852827924575440e-05 +7.8505235539074584e-06 +1.0066352758752591e-05 +9.2118119777034399e-06
 97.50000000 +5.0000000000000000e+00 +1.9999934484639801e+00 +1.8555885146383695e-03 +9.9995367206624508e-01 +9.9999975473402680e-01 +1.0000000324555476e+00 +1.0000000799720750e+00 +9.9999948436842290e-01 +1.0882799991719062e-05 +9.4233387715713756e-06 +1.0161480881207590e-05 +9.0324074401999760e-06 +7.4761034918918625e-06
 98.00000000 +5.0000000000000000e+00 +1.9999937029460262e+00 +1.8558513321621246e-03 +9.9995334489874532e-01 +9.9999967775484533e-01 +9.9999971785917474e-01 +1.0000011031206109e+00 +9.9999981934822801e-01 +1.0924656505598683e-05 +9.3603358274608990e-06 +8.9200993569930523e-06 +9.0371682566685992e-06 +8.0952353537676395e-06
 98.50000000 +5.0000000000000000e+00 +1.9999930201914866e+00 +1.8551731194800310e-03 +9.9995493146317405e-01 +9.9999980485936357e-01 +9.9999978043806648e-01 +1.0000002127587932e+00 +1.0000001420043749e+00 +9.4147455126630588e-06 +9.9519894173255628e-06 +9.4434492008675877e-06 +7.1043326834332446e-06 +9.2139323819799269e-06
 99.00000000 +5.0000000000000000e+00 +1.9999946503217023e+00 +1.8548724999799572e-03 +9.9995558450506006e-01 +9.9999989035917991e-01 +1.0000001880869298e+00 +9.9999946395016337e-01 +9.9999984005035425e-01 +1.0265501048184162e-05 +7.8820284591886394e-06 +8.5006572160958049e-06 +9.6167520624633617e-06 +8.7682483724561669e-06
 99.50000000 +5.0000000000000000e+00 +1.9999944517127026e+00 +1.8539299571720708e-03 +9.9995790536385787e-01 +1.0000003305720000e+00 +1.0000003926569885e+00 +1.0000001338410203e+00 +1.0000000118920715e+00 +9.3014552850675434e-06 +8.8534956143768716e-06 +7.3849059856784609e-06 +7.7898087563624491e-06 +7.8957314141200791e-06
100.00000000 +5.0000000000000000e+00 +1.9999949229770484e+00 +1.8549169062687884e-03 +9.9995554266315456e-01 +9.9999974755412069e-01 +9.9999964201752856e-01 +1.0000005138049317e+00 +9.9999988563931330e-01 +8.8465712892502725e-06 +9.3191175360314397e-06 +9.6720925111308477e-06 +8.1823354163223402e-06 +8.6482311534332805e-06
100.50000000 +5.0000000000000000e+00 +1.9999950155986843e+00 +1.8550372557621958e-03 +9.9995522768407752e-01 +9.9999981886298561e-01 +1.0000002285852574e+00 +1.0000000150513437e+00 +9.9999935258988859e-01 +9.6318669009510552e-06 +9.1247374207826600e-06 +8.1701830648214090e-06 +1.0508401935082314e-05 +7.9219103443539536e-06
101.00000000 +5.0000000000000000e+00 +1.9999957427856050e+00 +1.8560290137556415e-03 +9.9995280565091593e-01 +1.0000006892839568e+00 +1.0000000328527503e+00 +1.0000002722641244e+00 +9.9999979397540362e-01 +1.0833209338088882e-05 +8.5793326905252248e-06 +9.6135414717028761e-06 +9.1420340926751025e-06 +8.2383815217351449e-06
101.50000000 +5.0000000000000000e+00 +1.9999945047880920e+00 +1.8564083555995174e-03 +9.9995181344899309e-01 +1.0000002881434478e+00 +1.0000002805830481e+00 +9.9999969185400672e-01 +9.9999974141256298e-01 +9.8606646651175922e-06 +1.0190545709733601e-05 +8.5614753984732593e-06 +9.6674219445538875e-06 +9.9046617812460245e-06
102.00000000 +5.0000000000000000e+00 +1.9999940700876884e+00 +1.8529044539146165e-03 +9.9996047050864545e-01 +9.9999937783635373e-01 +9.9999991250435138e-01 +9.9999968410075524e-01 +1.0000004048194777e+00 +7.9036718264999293e-06 +7.8202539314604092e-06 +8.2018526347957884e-06 +7.6122391131233251e-06 +8.6120467832507369e-06
102.50000000 +5.0000000000000000e+00 +1.9999959455795793e+00 +1.8569972702023286e-03 +9.9994978391957134e-01 +9.9999997696809606e-01 +9.9999968331854905e-01 +9.9999969426661239e-01 +9.9999991385744813e-01 +1.0898286057787810e-05 +1.0674104321480824e-05 +1.0669046722032631e-05 +8.8855279096297311e-06 +9.8207047861767690e-06
103.00000000 +5.0000000000000000e+00 +1.9999940564533123e+00 +1.8540741781118023e-03 +9.9995751369808739e-01 +1.0000002168035140e+00 +1.0000006436158881e+00 +1.0000004482370217e+00 +9.9999972862001996e-01 +8.4539059153162008e-06 +9.8478147676441938e-06 +8.3736412859975349e-06 +7.8738262914046925e-06 +6.8998753248890192e-06
103.50000000 +5.0000000000000000e+00 +1.9999938180418331e+00 +1.8551286458631138e-03 +9.9995495302166781e-01 +1.0000011262989372e+00 +1.0000002159188741e+00 +9.9999996235482325e-01 +9.9999964869405422e-01 +9.7869684564717901e-06 +9.8537341163341290e-06 +8.7846759472576556e-06 +7.6131658283820690e-06 +8.0549713070725291e-06
104.00000000 +5.0000000000000000e+00 +1.9999961644725710e+00 +1.8558749776510439e-03 +9.9995297882555434e-01 +9.9999958617821927e-01 +9.9999935510720472e-01 +1.0000003382761398e+00 +9.9999903017917324e-01 +1.0385474515538637e-05 +1.0096542712654427e-05 +8.6081392161121300e-06 +9.8490935695970084e-06 +9.7724195953068392e-06
104.50000000 +5.0000000000000000e+00 +1.9999939996845484e+00 +1.8538838177913138e-03 +9.9995800220310294e-01 +9.9999981828263418e-01 +9.9999980886788675e-01 +9.9999979825101981e-01 +9.9999990982992248e-01 +8.4889203245296630e-06 +8.1694161723439833e-06 +8.5905261388759963e-06 +8.0549469590673852e-06 +9.3586268621900614e-06
105.00000000 +5.0000000000000000e+00 +1.9999944056349972e+00 +1.8555741503062178e-03 +9.9995377795611973e-01 +9.9999960481143624e-01 +1.0000001452053198e+00 +9.9999958876389450e-01 +9.9999964771427685e-01 +1.0511557676034790e-05 +9.3133537006655704e-06 +1.0938144296884304e-05 +8.2134617339525769e-06 +8.2591537077676629e-06
105.50000000 +5.0000000000000000e+00 +1.9999958129512423e+00 +1.8536747182025686e-03 +9.9995837896179862e-01 +9.9999963410784920e-01 +9.9999988036109044e-01 +9.9999997496115789e-01 +9.9999975123430018e-01 +9.4587083657214522e-06 +8.9818689297444951e-06 +8.0240601954255448e-06 +7.6626555565212857e-06 +8.2527634218312394e-06
106.00000000 +5.0000000000000000e+00 +1.9999925183351603e+00 +1.8547691384055126e-03 +9.9995550502940000e-01 +9.9999959363395630e-01 +1.0000003822414816e+00 +1.0000001763243571e+00 +9.9999950436502261e-01 +1.1135573412350799e-05 +8.4587029250011540e-06 +1.0113292678353505e-05 +7.3978976457849249e-06 +7.7328821328311690e-06
106.50000000 +5.0000000000000000e+00 +1.9999946272046669e+00 +1.8549436090590152e-03 +9.9995550529118260e-01 +9.9999999274877815e-01 +1.0000005888782277e+00 +9.9999915697717523e-01 +9.9999941671213932e-01 +9.4301810588186841e-06 +8.6333074582178075e-06 +8.2856332095472125e-06 +9.0336257563723337e-06 +9.9563207046765121e-06
107.00000000 +5.0000000000000000e+00 +1.9999954267555420e+00 +1.8540051127773826e-03 +9.9995789187857409e-01 +1.0000002778157779e+00 +1.0000002660673541e+00 +9.9999886455121878e-01 +9.9999991872593919e-01 +8.9942138517585643e-06 +8.3025095806979485e-06 +9.5337454859216324e-06 +7.7571928849314788e-06 +8.1932279462023453e-06
107.50000000 +5.0000000000000000e+00 +1.9999923777659765e+00 +1.8548979678634527e-03 +9.9995558974395249e-01 +1.0000003357809475e+00 +9.9999989464523997e-01 +9.9999948206946188e-01 +9.9999944837171084e-01 +9.8014561739424108e-06 +8.1453911790626316e-06 +8.1681716172472030e-06 +1.0393810868006573e-05 +8.7403026519997187e-06
108.00000000 +5.0000000000000000e+00 +1.9999929857014112e+00 +1.8554462099689426e-03 +9.9995400400445966e-01 +9.9999999948867824e-01 +9.9999946245384685e-01 +1.0000000621641556e+00 +9.9999977242824778e-01 +9.0573359083519980e-06 +8.9520522583125251e-06 +1.0431381300976837e-05 +9.8394391813209729e-06 +8.4191976958164877e-06
108.50000000 +5.0000000000000000e+00 +1.9999923297061459e+00 +1.8544159530496200e-03 +9.9995668030460083e-01 +1.0000000982101158e+00 +9.9999987739670360e-01 +1.0000005339188289e+00 +9.9999980642006692e-01 +9.1972656433269429e-06 +7.7592498086717120e-06 +8.3048818614959658e-06 +8.6151973048609561e-06 +9.1275144835231966e-06
109.00000000 +5.0000000000000000e+00 +1.9999938183513009e+00 +1.8543335247102335e-03 +9.9995695157240272e-01 +9.9999993207918114e-01 +1.0000005135857752e+00 +9.9999996306014294e-01 +9.9999991375594377e-01 +8.2389521003819734e-06 +9.6859322942377405e-06 +9.6051269766228150e-06 +8.0930333476428728e-06 +7.1028148738085362e-06
109.50000000 +5.0000000000000000e+00 +1.9999939521914230e+00 +1.8544244715082484e-03 +9.9995695367223314e-01 +9.9999972388797109e-01 +9.9999949654074061e-01 +1.0000007182668968e+00 +9.9999908711325813e-01 +9.1626926932872357e-06 +9.0720644465785980e-06 +6.8331152928320945e-06 +8.0975778128944945e-06 +1.0855505395479990e-05
110.00000000 +5.0000000000000000e+00 +1.9999929100522358e+00 +1.8551150560758094e-03 +9.9995471858399976e-01 +9.9999912606646790e-01 +9.9999991317739068e-01 +1.0000006407389950e+00 +9.9999950481266631e-01 +1.0341716280980842e-05 +9.3927831697138145e-06 +9.2802681979510296e-06 +8.7131589185142050e-06 +8.3683903074932280e-06
110.50000000 +5.0000000000000000e+00 +1.9999939243904845e+00 +1.8547184894023062e-03 +9.9995616756889649e-01 +1.0000002080306130e+00 +9.9999947630982733e-01 +9.9999912568710270e-01 +9.9999949249643261e-01 +8.9571900543044077e-06 +9.5155325003318636e-06 +9.8689980141841760e-06 +8.3191582606928057e-06 +8.8689483692963196e-06
111.00000000 +5.0000000000000000e+00 +1.9999940112915826e+00 +1.8561407896678201e-03 +9.9995195871631704e-01 +1.0000006080043791e+00 +1.0000000192617926e+00 +9.9999936454208260e-01 +9.9999917616980227e-01 +1.2350098784115015e-05 +8.1148508722374501e-06 +1.0023903398292772e-05 +9.1369345924359635e-06 +9.2475308140793383e-06
111.50000000 +5.0000000000000000e+00 +1.9999954797741955e+00 +1.8552575882012524e-03 +9.9995458734031206e-01 +1.0000002941590398e+00 +9.9999905942307465e-01 +1.0000004632220973e+00 +9.9999908433138240e-01 +1.1332078302420621e-05 +8.7072224080813399e-06 +8.6286104672449456e-06 +1.0191558173763123e-05 +7.6516505096522889e-06
112.00000000 +5.0000000000000000e+00 +1.9999954625065330e+00 +1.8563231226159317e-03 +9.9995177769554555e-01 +1.0000007761498442e+00 +1.0000005312803697e+00 +9.9999932664629965e-01 +9.9999977147422348e-01 +1.2436738497618331e-05 +9.7346263703168306e-06 +9.8694549600504343e-06 +8.2352304942384536e-06 +7.5407424145991178e-06
112.50000000 +5.0000000000000000e+00 +1.9999945268546815e+00 +1.8537958981487178e-03 +9.9995818743623321e-01 +9.9999965644646427e-01 +9.9999997556435638e-01 +9.9999985538950975e-01 +1.0000008804004876e+00 +1.0122211859583612e-05 +8.8888770718248154e-06 +7.7037198912045355e-06 +6.5615847619610843e-06 +8.1681843868469710e-06
113.00000000 +5.0000000000000000e+00 +1.9999924901985140e+00 +1.8557850440311377e-03 +9.9995318792712651e-01 +9.9999974287882654e-01 +1.0000002571115485e+00 +1.0000000691263498e+00 +9.9999905345306284e-01 +1.0557547662692141e-05 +9.7155026164777661e-06 +8.9130709149362454e-06 +8.1612698179531215e-06 +1.0342212096199199e-05
113.50000000 +5.0000000000000000e+00 +1.9999960082559194e+00 +1.8530822264388577e-03 +9.9996018501545081e-01 +1.0000001587471787e+00 +1.0000006256974929e+00 +9.9999935073218360e-01 +9.9999975049020984e-01 +9.0813371425521181e-06 +7.9463158656631691e-06 +8.1619386038682783e-06 +8.2167582170138466e-06 +6.5230669943590977e-06
114.00000000 +5.0000000000000000e+00 +1.9999920824667887e+00 +1.8557001732773764e-03 +9.9995367812109537e-01 +1.0000009230262594e+00 +1.0000004827311699e+00 +9.9999996765676746e-01 +9.9999999984401911e-01 +1.0177870064390371e-05 +1.0814456048216862e-05 +8.3040342183437436e-06 +8.7721253099169145e-06 +6.8801336460711947e-06
114.50000000 +5.0000000000000000e+00 +1.9999931202868537e+00 +1.8544526299102229e-03 +9.9995662053227963e-01 +9.9999984467741643e-01 +9.9999911233880334e-01 +9.9999962268610976e-01 +9.9999977666895024e-01 +8.7195023243543949e-06 +1.1244742078793235e-05 +8.5782571386514410e-06 +8.1690163095105345e-06 +8.3112466216382967e-06
115.00000000 +5.0000000000000000e+00 +1.9999947823764850e+00 +1.8529896107196697e-03 +9.9996027866321902e-01 +1.0000002039285756e+00 +9.9999976569998306e-01 +1.0000001432786287e+00 +1.0000001633370199e+00 +9.0643253406239107e-06 +8.1796491161015502e-06 +6.7856250426515910e-06 +7.8324551380024976e-06 +7.5832863164520664e-06
115.50000000 +5.0000000000000000e+00 +1.9999937083180042e+00 +1.8532002918041301e-03 +9.9995942023000850e-01 +9.9999991768239849e-01 +1.0000013697267005e+00 +9.9999983572707218e-01 +9.9999955429097986e-01 +9.1783390929588809e-06 +6.4591452870357433e-06 +9.6559397566764888e-06 +6.1264013468176620e-06 +8.4826330333375458e-06
116.00000000 +5.0000000000000000e+00 +1.9999924288164723e+00 +1.8557315627862258e-03 +9.9995305707349913e-01 +1.0000004195859118e+00 +1.0000005778894661e+00 +1.0000005693823253e+00 +9.9999951662791831e-01 +1.0478939574775739e-05 +1.0423884794723557e-05 +1.0848928014695241e-05 +6.8702918369457772e-06 +7.2371040977855397e-06
116.50000000 +5.0000000000000000e+00 +1.9999934461714537e+00 +1.8571298803909504e-03 +9.9994963990873409e-01 +1.0000004823028794e+00 +9.9999998012188274e-01 +1.0000002853540599e+00 +9.9999991995557769e-01 +1.0045312056437021e-05 +1.2494859877341227e-05 +8.9806604284578191e-06 +9.1617407268873378e-06 +9.0101306545264081e-06
117.00000000 +5.0000000000000000e+00 +1.9999957010110612e+00 +1.8551812043854608e-03 +9.9995463454183053e-01 +9.9999967172623250e-01 +9.9999970201207555e-01 +9.9999903751113928e-01 +1.0000001727519010e+00 +1.0998627053499054e-05 +8.5229227348032259e-06 +9.4108984147101494e-06 +9.9640629613848984e-06 +7.8850203080625113e-06
117.50000000 +5.0000000000000000e+00 +1.9999943805021030e+00 +1.8509987013605456e-03 +9.9996532742540767e-01 +1.0000012300843188e+00 +9.9999909018176536e-01 +1.0000000467639336e+00 +9.9999971734847837e-01 +8.8774670309035743e-06 +6.0114164739864822e-06 +5.7296264751862013e-06 +7.3864609702193621e-06 +6.5830916353929470e-06
118.00000000 +5.0000000000000000e+00 +1.9999927531930251e+00 +1.8568782041278422e-03 +9.9995056003901972e-01 +1.0000012152218631e+00 +1.0000001344642964e+00 +9.9999944329240931e-01 +1.0000003371625343e+00 +1.0475503071245196e-05 +8.3262776227289893e-06 +1.1268581310492284e-05 +8.5807156064397388e-06 +9.6585501994387703e-06
118.50000000 +5.0000000000000000e+00 +1.9999912513071956e+00 +1.8549051667931082e-03 +9.9995560598720612e-01 +9.9999993787813679e-01 +9.9999956980549631e-01 +1.0000000749884377e+00 +1.0000013332959223e+00 +9.8029597291741490e-06 +1.0211565829675675e-05 +9.0513511949078601e-06 +6.3597012850879252e-06 +8.0524409972635650e-06
119.00000000 +5.0000000000000000e+00 +1.9999918809432542e+00 +1.8542422472605535e-03 +9.9995686939364570e-01 +9.9999996621901621e-01 +9.9999964701982902e-01 +9.9999950311164998e-01 +1.0000001088575312e+00 +8.4444967059205965e-06 +1.2342747334300472e-05 +7.2769918276409177e-06 +7.8345572606254380e-06 +8.0066841458023413e-06
119.50000000 +5.0000000000000000e+00 +1.9999943443431976e+00 +1.8540736284828605e-03 +9.9995760911546461e-01 +9.9999944474571867e-01 +9.9999997144452457e-01 +1.0000002848732725e+00 +9.9999989982343307e-01 +8.9052360449538825e-06 +9.7504247656815852e-06 +1.0096688070646102e-05 +7.4745884701209761e-06 +6.5629269460258349e-06
120.00000000 +5.0000000000000000e+00 +1.9999923026142292e+00 +1.8552157301654204e-03 +9.9995419289674459e-01 +9.9999960636474594e-01 +9.9999881174609995e-01 +1.0000007181428514e+00 +1.0000007198818706e+00 +9.7169822676481416e-06 +9.5097454259232580e-06 +7.1724096362025696e-06 +1.0492482402652467e-05 +9.0592335486553203e-06
120.50000000 +5.0000000000000000e+00 +1.9999915197882709e+00 +1.8550724387077302e-03 +9.9995480411367899e-01 +1.0000000375456806e+00 +9.9999971378864083e-01 +9.9999952317147822e-01 +9.9999962190252600e-01 +7.8360719289525547e-06 +9.7097450892302006e-06 +1.1273516970876276e-05 +1.0149571082861817e-05 +7.3305256567243388e-06
121.00000000 +5.0000000000000000e+00 +1.9999942198440437e+00 +1.8547881611898054e-03 +9.9995554410507248e-01 +9.9999941123172498e-01 +1.0000004764685895e+00 +1.0000004957930890e+00 +1.0000000053686375e+00 +9.7683353339209708e-06 +9.0108343596794034e-06 +8.6153312177773395e-06 +7.1642553726057798e-06 +9.5082732206441744e-06
121.50000000 +5.0000000000000000e+00 +1.9999909327657481e+00 +1.8554610653471904e-03 +9.9995430288931764e-01 +1.0000000632741852e+00 +9.9999898437210877e-01 +1.0000002081481234e+00 +9.9999892155793224e-01 +1.0491155759238650e-05 +8.9579904750129146e-06 +9.0778859257875641e-06 +1.0357089863860796e-05 +8.6356038478802739e-06
122.00000000 +5.0000000000000000e+00 +1.9999901652085956e+00 +1.8542658341088503e-03 +9.9995735584858558e-01 +1.0000004220248337e+00 +1.0000000050389510e+00 +9.9999943059438345e-01 +9.9999922635294891e-01 +8.9199106259818677e-06 +8.6073057478313674e-06 +9.2681672629255576e-06 +7.4601341456700001e-06 +9.3046901431601472e-06
122.50000000 +5.0000000000000000e+00 +1.9999925091359732e+00 +1.8564001143758189e-03 +9.9995153112745472e-01 +1.0000001666526115e+00 +1.0000004234565876e+00 +1.0000001972110830e+00 +9.9999918343235372e-01 +1.0340506214542507e-05 +7.7673308403007528e-06 +1.1089219564850803e-05 +1.1703429453567481e-05 +7.5975047497636492e-06
123.00000000 +5.0000000000000000e+00 +1.9999898227786956e+00 +1.8572296485972195e-03 +9.9994933882755166e-01 +1.0000010127955916e+00 +1.0000007883177959e+00 +1.0000005057785346e+00 +9.9999848091312227e-01 +1.0631398157138880e-05 +9.2073550545507086e-06 +1.2166167296630957e-05 +9.4054920573623280e-06 +8.4631004888890403e-06
123.50000000 +5.0000000000000000e+00 +1.9999883182746194e+00 +1.8555553631820249e-03 +9.9995357229576098e-01 +1.0000004886638574e+00 +9.9999876639796681e-01 +9.9999952972680828e-01 +9.9999971301644941e-01 +1.0457729038725858e-05 +1.1650445799433959e-05 +9.1073669220628281e-06 +8.3074469078166722e-06 +8.4069739319834134e-06
124.00000000 +5.0000000000000000e+00 +1.9999920104646611e+00 +1.8571791435387736e-03 +9.9995050763582216e-01 +1.0000003083867477e+00 +9.9999985816950321e-01 +9.9999967210554563e-01 +9.9999947250319665e-01 +8.3561495438076851e-06 +9.3293127342833702e-06 +8.3673627902639351e-06 +1.0912232066104733e-05 +1.3216159637540471e-05
124.50000000 +5.0000000000000000e+00 +1.9999892391307343e+00 +1.8547153237190258e-03 +9.9995586475303277e-01 +9.9999895053117704e-01 +1.0000001978459694e+00 +1.0000005195852284e+00 +9.9999946784207894e-01 +8.8847939063177735e-06 +8.7702849451159296e-06 +9.7157057731092999e-06 +6.8571072933554854e-06 +1.0771363125829274e-05
125.00000000 +5.0000000000000000e+00 +1.9999894776299234e+00 +1.8570128185645721e-03 +9.9995001287534424e-01 +1.0000000389213803e+00 +9.9999927146738221e-01 +9.9999916520639354e-01 +9.9999930793401592e-01 +1.0738254561657989e-05 +1.0730856765300113e-05 +1.1927613351012389e-05 +9.9216027969030155e-06 +8.8854955341433112e-06
125.50000000 +5.0000000000000000e+00 +1.9999887968117214e+00 +1.8515173575780711e-03 +9.9996358768672899e-01 +1.0000010306648348e+00 +1.0000015654149736e+00 +9.9999906796028881e-01 +1.0000005596643391e+00 +4.4409916067355716e-06 +9.2621637489010341e-06 +8.6819648004981979e-06 +6.7500801447141182e-06 +5.0534457418644238e-06
126.00000000 +5.0000000000000000e+00 +1.9999899921005957e+00 +1.8536221311250733e-03 +9.9995859676829757e-01 +9.9999875515195635e-01 +9.9999985945326342e-01 +9.9999981247262526e-01 +9.9999911987449008e-01 +1.0966328463567361e-05 +7.0201747874593073e-06 +7.7954765118611760e-06 +9.5141817166479214e-06 +8.5603042073806919e-06
126.50000000 +5.0000000000000000e+00 +1.9999905558933220e+00 +1.8574132325346745e-03 +9.9994907776430531e-01 +9.9999979289155871e-01 +1.0000005279383350e+00 +9.9999910423272198e-01 +1.0000009400558925e+00 +1.3192837695547062e-05 +1.0337195091834500e-05 +9.2417042099694990e-06 +7.7112304196574139e-06 +1.0074289377000114e-05
127.00000000 +5.0000000000000000e+00 +1.9999897737611170e+00 +1.8549544643733729e-03 +9.9995506439955917e-01 +9.9999955564733822e-01 +9.9999912595327034e-01 +1.0000006235805647e+00 +1.0000002536128700e+00 +6.7777602506180987e-06 +9.9340413032165708e-06 +1.0473707504128203e-05 +9.5102303310416190e-06 +8.6810271371249908e-06
127.50000000 +5.0000000000000000e+00 +1.9999884590882331e+00 +1.8555037873777248e-03 +9.9995374080020549e-01 +9.9999942854934443e-01 +1.0000001844691551e+00 +1.0000005713080427e+00 +1.0000007147501371e+00 +1.0807137196460542e-05 +1.0224897157391677e-05 +8.5724883256015522e-06 +8.5563854519237163e-06 +7.1991502049114589e-06
128.00000000 +5.0000000000000000e+00 +1.9999889122277090e+00 +1.8554599654874659e-03 +9.9995397495984129e-01 +9.9999972389495639e-01 +1.0000004064686028e+00 +1.0000003101993629e+00 +1.0000000006135255e+00 +9.9573602540001997e-06 +9.0454395935067923e-06 +1.1527422115682530e-05 +5.5241499233521880e-06 +9.5292500632644490e-06
128.50000000 +5.0000000000000000e+00 +1.9999875410774872e+00 +1.8538931662264650e-03 +9.9995811004135837e-01 +9.9999892754397435e-01 +1.0000001580087117e+00 +9.9999884930272132e-01 +9.9999956521894928e-01 +6.6040515692530350e-06 +9.8041655985576831e-06 +1.0686191493572343e-05 +9.7262551107423892e-06 +7.5691087483625962e-06
129.00000000 +5.0000000000000000e+00 +1.9999883104795788e+00 +1.8546287634365751e-03 +9.9995641595844342e-01 +9.9999974817742898e-01 +9.9999983418775407e-01 +9.9999981722074371e-01 +1.0000007292610140e+00 +7.9772110097116382e-06 +9.1803101868426338e-06 +9.0802937375980787e-06 +7.8101114108156653e-06 +9.4071203671573372e-06
129.50000000 +5.0000000000000000e+00 +1.9999874195444951e+00 +1.8526947592778110e-03 +9.9996110919803483e-01 +9.9999867267074216e-01 +9.9999782214237765e-01 +1.0000006380789654e+00 +1.0000004885601730e+00 +1.0813582966954879e-05 +4.5782765715425895e-06 +8.8369146531602584e-06 +7.5982523916601211e-06 +9.4425438120035854e-06
130.00000000 +5.0000000000000000e+00 +1.9999889154654829e+00 +1.8548209366233480e-03 +9.9995566809321768e-01 +9.9999986307876254e-01 +1.0000011178025929e+00 +9.9999924612633195e-01 +9.9999921713568829e-01 +1.1950452549754389e-05 +7.1994718466156947e-06 +8.2364902030397106e-06 +9.4884642309173603e-06 +8.0128815011738269e-06
130.50000000 +5.0000000000000000e+00 +1.9999891581826545e+00 +1.8548246896911676e-03 +9.9995576719384660e-01 +1.0000011082629292e+00 +1.0000003359309959e+00 +9.9999974956755577e-01 +9.9999989581813409e-01 +1.0665779711693892e-05 +6.8412435526622860e-06 +1.1125920657407566e-05 +7.8524221607584387e-06 +6.6577966746521862e-06
131.00000000 +5.0000000000000000e+00 +1.9999882353878631e+00 +1.8525220284824567e-03 +9.9996111022668133e-01 +1.0000000675399825e+00 +1.0000007130003588e+00 +1.0000001994284835e+00 +1.0000007727662756e+00 +5.3359718605010439e-06 +9.2468965983547485e-06 +5.7080672899246473e-06 +7.8827982396118867e-06 +8.9634972467998001e-06
131.50000000 +5.0000000000000000e+00 +1.9999910179046978e+00 +1.8513573774330322e-03 +9.9996492493210287e-01 +1.0000007645324693e+00 +9.9999878269194642e-01 +9.9999876216401540e-01 +9.9999980882377837e-01 +6.1046366258772078e-06 +6.2871236721213754e-06 +8.0569757597818749e-06 +7.6399914670406400e-06 +8.8680706998584590e-06
132.00000000 +5.0000000000000000e+00 +1.9999879222314607e+00 +1.8576682553344481e-03 +9.9994814494853879e-01 +1.0000009453205376e+00 +1.0000005500769806e+00 +1.0000011134888971e+00 +9.9999864416283002e-01 +1.0374761325266704e-05 +1.2058174463863065e-05 +1.1359604857181545e-05 +8.9750624977347042e-06 +7.8343445565986778e-06
132.50000000 +5.0000000000000000e+00 +1.9999909696658928e+00 +1.8538238464311065e-03 +9.9995831226401066e-01 +9.9999985314156126e-01 +1.0000000544136660e+00 +1.0000004011235144e+00 +9.9999940663370501e-01 +9.8663249466190324e-06 +7.7847281339323280e-06 +9.7552769289111336e-06 +7.0588199243848671e-06 +7.5071454265838953e-06
133.00000000 +5.0000000000000000e+00 +1.9999902942958234e+00 +1.8532983272612966e-03 +9.9995941654046250e-01 +1.0000006487107620e+00 +9.9999951313354607e-01 +1.0000004307007302e+00 +9.9999753851615869e-01 +1.1072931968693167e-05 +9.0022101523506364e-06 +5.8445822794820512e-06 +1.0403847460949157e-05 +6.1289254881035549e-06
133.50000000 +5.0000000000000000e+00 +1.9999901135089899e+00 +1.8541796416718080e-03 +9.9995690480944155e-01 +9.9999943195273022e-01 +1.0000015374929287e+00 +9.9999929486094896e-01 +9.9999956969373005e-01 +8.9686526371465954e-06 +9.8128053637185249e-06 +8.4242282038036112e-06 +9.9310045266681777e-06 +6.1243784981386287e-06
134.00000000 +5.0000000000000000e+00 +1.9999879464710857e+00 +1.8557171519747410e-03 +9.9995259569457073e-01 +1.0000000438789569e+00 +1.0000018428232880e+00 +1.0000007002770570e+00 +1.0000007892569227e+00 +1.1186162400128235e-05 +8.5987582255637319e-06 +8.9775926892804910e-06 +7.3698771857475211e-06 +7.8956793915661881e-06
134.50000000 +5.0000000000000000e+00 +1.9999871882000599e+00 +1.8524897445781046e-03 +9.9996139418211816e-01 +1.0000004231728974e+00 +1.0000013887325867e+00 +9.9999981959371165e-01 +9.9999854759201867e-01 +7.5259037208348121e-06 +6.5471637303390632e-06 +1.0632297622596218e-05 +8.1055557588359459e-06 +5.6158540811615771e-06
135.00000000 +5.0000000000000000e+00 +1.9999901026977853e+00 +1.8575063071536032e-03 +9.9994954597530461e-01 +1.0000010745248582e+00 +9.9999910626538879e-01 +9.9999970997051169e-01 +9.9999894938069156e-01 +9.6284017016985787e-06 +9.2167621333444233e-06 +1.2064066005549786e-05 +1.1346889859743608e-05 +9.3579520862986690e-06
135.50000000 +5.0000000000000000e+00 +1.9999900062233347e+00 +1.8549120032752466e-03 +9.9995536772767302e-01 +1.0000009905367024e+00 +9.9999909692559819e-01 +1.0000010495420941e+00 +9.9999991945928868e-01 +9.3477296637769842e-06 +8.4571926886678616e-06 +1.1492478997036325e-05 +7.8447054835460001e-06 +6.4333816659303090e-06
136.00000000 +5.0000000000000000e+00 +1.9999914146738966e+00 +1.8551109825138503e-03 +9.9995442065095408e-01 +9.9999980126776300e-01 +1.0000003637149482e+00 +9.9999896119441101e-01 +9.9999861023205350e-01 +9.7148798692437656e-06 +1.2037461374550432e-05 +9.6606462974999680e-06 +8.7130173536378302e-06 +7.7170837931602859e-06
136.50000000 +5.0000000000000000e+00 +1.9999891723318972e+00 +1.8559960722686619e-03 +9.9995261906325383e-01 +1.0000006768488643e+00 +1.0000003650037301e+00 +1.0000006109932031e+00 +9.9999884126217509e-01 +1.1001041692915500e-05 +1.0765735427528687e-05 +9.7426880214705823e-06 +7.4750162904138518e-06 +7.9023148109799323e-06
137.00000000 +5.0000000000000000e+00 +1.9999910401483643e+00 +1.8535742375689415e-03 +9.9995861298388711e-01 +9.9999894130175948e-01 +9.9999952207913856e-01 +1.0000007020941701e+00 +1.0000005223667026e+00 +8.8345737743146347e-06 +1.0916313929379818e-05 +7.3673705021222022e-06 +7.1743812695708053e-06 +7.4065076936361675e-06
137.50000000 +5.0000000000000000e+00 +1.9999901656564159e+00 +1.8548349712977097e-03 +9.9995547386386840e-01 +1.0000002536939319e+00 +9.9999903150877556e-01 +1.0000002167948898e+00 +1.0000001996942836e+00 +7.8061541763420858e-06 +1.1943917637173502e-05 +1.0060295890856911e-05 +5.9578840313152999e-06 +9.0562881482902500e-06
138.00000000 +5.0000000000000000e+00 +1.9999860483931173e+00 +1.8552386505938095e-03 +9.9995384318514147e-01 +9.9999958856756854e-01 +1.0000017543098474e+00 +9.9999991279565459e-01 +9.9999876838211565e-01 +1.2201152206068606e-05 +1.1026905253407985e-05 +1.0792147911837473e-05 +8.5503471474618211e-06 +3.5621012188469501e-06
138.50000000 +5.0000000000000000e+00 +1.9999888272794382e+00 +1.8523083798745530e-03 +9.9996179258261197e-01 +9.9999980490901708e-01 +1.0000002760492048e+00 +1.0000002387152176e+00 +9.9999999114951588e-01 +7.8844390934666538e-06 +8.7081898698731371e-06 +6.2241554956283126e-06 +9.9675927674032468e-06 +5.1121055415950968e-06
139.00000000 +5.0000000000000000e+00 +1.9999911068798975e+00 +1.8561231954418585e-03 +9.9995185414602994e-01 +1.0000000526343173e+00 +9.9999977484147939e-01 +9.9999878702722411e-01 +1.0000005578299600e+00 +1.3983063297337830e-05 +1.1178959345695117e-05 +8.2298649698644700e-06 +7.7906209549887153e-06 +7.7913137820828606e-06
139.50000000 +5.0000000000000000e+00 +1.9999888799039713e+00 +1.8558081560729920e-03 +9.9995364857758595e-01 +1.0000001275251664e+00 +9.9999979234358494e-01 +1.0000001670401011e+00 +9.9999934811062952e-01 +4.4617120586305130e-06 +9.4546575596446803e-06 +1.3356500404556808e-05 +7.2152494631964476e-06 +1.2428552115468067e-05
140.00000000 +5.0000000000000000e+00 +1.9999878330189163e+00 +1.8530515847516855e-03 +9.9996000180128575e-01 +1.0000003013251060e+00 +9.9999852260843403e-01 +9.9999919365049639e-01 +9.9999997790997164e-01 +7.7546760690808831e-06 +9.5496159638290331e-06 +8.4573363529580240e-06 +6.5136712848395346e-06 +9.7271818007976576e-06
140.50000000 +5.0000000000000000e+00 +1.9999869233940186e+00 +1.8545137836329106e-03 +9.9995637671309578e-01 +1.0000001591427357e+00 +9.9999975806622232e-01 +1.0000008961701978e+00 +9.9999832862882509e-01 +6.3854908955663023e-06 +9.5982169753559208e-06 +7.7890525525179398e-06 +8.3295984477007688e-06 +1.2379143428958976e-05
141.00000000 +5.0000000000000000e+00 +1.9999872939486636e+00 +1.8550179013270389e-03 +9.9995543556969224e-01 +1.0000003384815959e+00 +1.0000014150274981e+00 +9.9999847869642322e-01 +9.9999938605956784e-01 +1.0148791401085309e-05 +8.1924802432675052e-06 +1.1444932810048591e-05 +7.9313495183569152e-06 +7.2285789737044963e-06
141.50000000 +5.0000000000000000e+00 +1.9999862266042183e+00 +1.8552408588862238e-03 +9.9995505670275164e-01 +1.0000016713058237e+00 +1.0000021640719046e+00 +9.9999940596359416e-01 +9.9999798065723544e-01 +1.0635716225593137e-05 +1.0958691078560047e-05 +1.1261867737959819e-05 +3.5060897249085489e-06 +7.3590531482597277e-06
142.00000000 +5.0000000000000000e+00 +1.9999863163495826e+00 +1.8560506300219367e-03 +9.9995253597936351e-01 +9.9999994222140542e-01 +9.9999766932778755e-01 +1.0000011256156958e+00 +1.0000002202724940e+00 +1.1163588995735166e-05 +9.5261522562015294e-06 +1.0155222601325599e-05 +1.2280886210002928e-05 +5.3807459782596585e-06
142.50000000 +5.0000000000000000e+00 +1.9999882084668958e+00 +1.8577257489582257e-03 +9.9994887828357715e-01 +1.0000024517038268e+00 +1.0000008971165992e+00 +9.9999797609050789e-01 +9.9999890995227148e-01 +9.7647349062896743e-06 +9.6745992126477581e-06 +1.0063552057303588e-05 +9.4900090342612005e-06 +1.1893775751141729e-05
143.00000000 +5.0000000000000000e+00 +1.9999869164736954e+00 +1.8575402445533615e-03 +9.9994854407706024e-01 +9.9999975950476461e-01 +1.0000008126989484e+00 +1.0000015766373691e+00 +9.9999984747867976e-01 +1.3335158848316383e-05 +1.0718887025457188e-05 +6.9013932873685733e-06 +9.5918334687017804e-06 +8.9121567451810237e-06
143.50000000 +5.0000000000000000e+00 +1.9999853142444224e+00 +1.8547486061560236e-03 +9.9995605620844930e-01 +9.9999877522573077e-01 +9.9999930869516451e-01 +9.9999860381538230e-01 +9.9999930854467900e-01 +1.1642469492572850e-05 +1.1295485575967625e-05 +6.4392397451094898e-06 +1.0462731321028513e-05 +8.1076927661546366e-06
144.00000000 +5.0000000000000000e+00 +1.9999865983811789e+00 +1.8586992167912823e-03 +9.9994523962045623e-01 +9.9999974817126247e-01 +9.9999919054928299e-01 +9.9999967974142434e-01 +1.0000012321966743e+00 +1.4049533108569707e-05 +1.4251680993046755e-05 +1.1155861706783034e-05 +6.1468041286576981e-06 +9.3058593963954354e-06
144.50000000 +5.0000000000000000e+00 +1.9999898574031996e+00 +1.8518030931670413e-03 +9.9996255892332397e-01 +9.9999917526577964e-01 +9.9999875817389039e-01 +9.9999905219867702e-01 +1.0000004485142944e+00 +1.0088427875248586e-05 +7.1462518580007091e-06 +7.7175826042034442e-06 +6.1754645628005448e-06 +8.8792817987984947e-06
145.00000000 +5.0000000000000000e+00 +1.9999857037552775e+00 +1.8567155571749666e-03 +9.9994975557207910e-01 +9.9999958392583799e-01 +9.9999913275171370e-01 +9.9999967734767070e-01 +1.0000016318274096e+00 +8.7330640709332929e-06 +9.0769479985916865e-06 +1.0076952239913160e-05 +1.4934526932146386e-05 +7.3971807536650556e-06
145.50000000 +5.0000000000000000e+00 +1.9999885079331416e+00 +1.8542321109886253e-03 +9.9995756765734545e-01 +1.0000017064213698e+00 +9.9999980427202628e-01 +1.0000012002733050e+00 +9.9999997110889272e-01 +8.4027659186772076e-06 +1.1463222643746242e-05 +8.7024363863413174e-06 +7.5143497802021105e-06 +3.6674996229789038e-06
146.00000000 +5.0000000000000000e+00 +1.9999862867839966e+00 +1.8506781298949213e-03 +9.9996580609270258e-01 +1.0000008546841288e+00 +1.0000002732016802e+00 +9.9999779170607539e-01 +9.9999938550327450e-01 +1.0179456741446112e-05 +7.3609325901520720e-06 +5.1649729530115511e-06 +6.6658552929430213e-06 +6.5174508383527558e-06
146.50000000 +5.0000000000000000e+00 +1.9999863372109077e+00 +1.8531688949689818e-03 +9.9996037024309647e-01 +9.9999925884197105e-01 +9.9999845478963323e-01 +1.0000006620506274e+00 +9.9999836988141988e-01 +9.9306285748803916e-06 +9.3884332464178832e-06 +1.2831680759519626e-05 +3.7543621213532243e-06 +6.9790709805329735e-06
147.00000000 +5.0000000000000000e+00 +1.9999871230406632e+00 +1.8545592419526588e-03 +9.9995634705874581e-01 +1.0000007568299709e+00 +9.9999939781434644e-01 +1.0000006430362154e+00 +1.0000002503223551e+00 +1.1750445082481048e-05 +9.8716161356374959e-06 +5.9381920221954006e-06 +5.1986005719875550e-06 +9.8460619572534200e-06
147.50000000 +5.0000000000000000e+00 +1.9999859027781572e+00 +1.8512043440412570e-03 +9.9996498575422921e-01 +9.9999830435882364e-01 +1.0000008717292952e+00 +1.0000006542641968e+00 +1.0000004737535468e+00 +6.1151665621911084e-06 +9.4005216509353806e-06 +8.0661816434955773e-06 +5.7140648680375533e-06 +5.4143149445378786e-06
148.00000000 +5.0000000000000000e+00 +1.9999904132248001e+00 +1.8574522109983658e-03 +9.9994885039450010e-01 +1.0000013823741016e+00 +1.0000013324809913e+00 +1.0000018517453961e+00 +9.9999893184392286e-01 +1.0022970592212197e-05 +7.3425602030116437e-06 +7.8591474801689061e-06 +1.2375325367547620e-05 +1.0051156274169673e-05
148.50000000 +5.0000000000000000e+00 +1.9999903733670665e+00 +1.8556226282169393e-03 +9.9995400135698775e-01 +1.0000008267329328e+00 +1.0000010655458875e+00 +9.9999971869284399e-01 +9.9999898358314288e-01 +1.3140911155485349e-05 +8.8259789029323882e-06 +7.3942639981798214e-06 +8.8580430544470185e-06 +7.1849951340076116e-06
149.00000000 +5.0000000000000000e+00 +1.9999929038962909e+00 +1.8546786481316714e-03 +9.9995622102666315e-01 +1.0000020798452909e+00 +1.0000008189067702e+00 +1.0000005617963947e+00 +9.9999969244752784e-01 +8.3776522668550651e-06 +9.0776627764076880e-06 +7.1139491357125790e-06 +1.0375209326918737e-05 +5.6814043490093884e-06
149.50000000 +5.0000000000000000e+00 +1.9999879574816561e+00 +1.8540017015213968e-03 +9.9995841284252629e-01 +9.9999906896425750e-01 +9.9999656108312340e-01 +9.9999951627860739e-01 +9.9999864872176591e-01 +9.5224912996113517e-06 +1.1132526574518836e-05 +1.0623036706469918e-05 +7.7969410013615211e-06 +8.7172450304908008e-06
150.00000000 +5.0000000000000000e+00 +1.9999898631277444e+00 +1.8510668085417010e-03 +9.9996547425160498e-01 +1.0000022575804588e+00 +9.9999936722331451e-01 +9.9999804270984871e-01 +9.9999705735252586e-01 +8.5814993103641964e-06 +9.3422495334046862e-06 +8.4119973129819556e-06 +6.2601177807016661e-06 +5.2050565860745501e-06
150.50000000 +5.0000000000000000e+00 +1.9999906082380727e+00 +1.8503097288133045e-03 +9.9996707542507102e-01 +1.0000014645376387e+00 +1.0000013538717618e+00 +1.0000010109048842e+00 +1.0000000333737928e+00 +3.9759623984193608e-06 +5.3075384744299870e-06 +4.3652743251541493e-06 +7.5500403742987018e-06 +7.8631983060436044e-06
151.00000000 +5.0000000000000000e+00 +1.9999891261709564e+00 +1.8537311044807719e-03 +9.9995899942050614e-01 +9.9999969363200125e-01 +1.0000001161094227e+00 +9.9999616978476347e-01 +1.0000008990536042e+00 +6.8629983842859349e-06 +1.1460886801957768e-05 +1.2286213257273739e-05 +6.0488963945394203e-06 +7.4631249148397350e-06
151.50000000 +5.0000000000000000e+00 +1.9999870033051863e+00 +1.8599738059204207e-03 +9.9994256166993034e-01 +9.9999902414800734e-01 +9.9999947222535857e-01 +1.0000009773139555e+00 +9.9999931582384283e-01 +1.3961715428409705e-05 +1.1088152606673197e-05 +1.0442821455778304e-05 +1.5070406389259671e-05 +8.0858628524789347e-06
152.00000000 +5.0000000000000000e+00 +1.9999827692487973e+00 +1.8527261859386033e-03 +9.9996046394922533e-01 +9.9999964538116937e-01 +1.0000004611199311e+00 +1.0000002189647883e+00 +1.0000000449664663e+00 +8.3815307907609755e-06 +1.0308090944173672e-05 +8.5372409413634876e-06 +6.0527589151564504e-06 +5.8859470773113933e-06
152.50000000 +5.0000000000000000e+00 +1.9999870696177870e+00 +1.8541016562366901e-03 +9.9995815164070490e-01 +1.0000009789632061e+00 +9.9999857714347085e-01 +9.9999996638691380e-01 +1.0000004423741746e+00 +7.7564368850479715e-06 +1.0690634320553409e-05 +6.2347031959301333e-06 +1.1149594840996161e-05 +6.0520713730029361e-06
153.00000000 +5.0000000000000000e+00 +1.9999868674091961e+00 +1.8577346625314039e-03 +9.9994863430750780e-01 +1.0000004053359506e+00 +1.0000002718881515e+00 +1.0000005804976191e+00 +9.9999899778210577e-01 +8.2140121133322773e-06 +8.6887506183057865e-06 +1.1933970569139792e-05 +1.1276018865658085e-05 +1.0997561846905607e-05
153.50000000 +5.0000000000000000e+00 +1.9999864791754409e+00 +1.8531084105722422e-03 +9.9996029151000920e-01 +1.0000006415017195e+00 +9.9999990314697051e-01 +9.9999848403382319e-01 +9.9999823881812189e-01 +8.3187566460289342e-06 +1.1447653688636370e-05 +1.0475944230936006e-05 +6.2432966588982737e-06 +5.9553032763363492e-06
154.00000000 +5.0000000000000000e+00 +1.9999851548797993e+00 +1.8583828732667473e-03 +9.9994692159053022e-01 +9.9999731952955251e-01 +1.0000027509892842e+00 +9.9999866305760221e-01 +9.9999954633325439e-01 +1.3230178886344260e-05 +1.3310373281669709e-05 +1.0823471082280396e-05 +9.1201203772631916e-06 +8.3144079042854631e-06
154.50000000 +5.0000000000000000e+00 +1.9999843351867608e+00 +1.8533175591246467e-03 +9.9995972820682000e-01 +9.9999963146655579e-01 +9.9999878865260428e-01 +9.9999910012066051e-01 +9.9999855873244747e-01 +8.3580753083618367e-06 +6.2721313063717775e-06 +9.6642027185841585e-06 +1.1759601056778071e-05 +8.1388369750471991e-06
155.00000000 +5.0000000000000000e+00 +1.9999881843527434e+00 +1.8540003500552038e-03 +9.9995708783683956e-01 +1.0000018870221163e+00 +9.9999872047897376e-01 +1.0000000873326205e+00 +9.9999861473485030e-01 +6.1309977021809506e-06 +9.5991342311166944e-06 +7.7457750852117258e-06 +9.6257594143853159e-06 +1.0500915275271197e-05
155.50000000 +5.0000000000000000e+00 +1.9999902692913603e+00 +1.8535596531383375e-03 +9.9996001697357473e-01 +1.0000014587371713e+00 +9.9999661163104403e-01 +9.9999944389297679e-01 +9.9999901249357248e-01 +7.6014482544379386e-06 +9.8128089197081798e-06 +1.1589842113736705e-05 +6.8316972904835477e-06 +7.6204446355483041e-06
156.00000000 +5.0000000000000000e+00 +1.9999878621590295e+00 +1.8535249359060105e-03 +9.9995874209709690e-01 +9.9999942056424940e-01 +9.9999978959150371e-01 +9.9999950938560156e-01 +9.9999889950319409e-01 +9.9761329735771354e-06 +5.8659999016979244e-06 +1.0232155380343894e-05 +9.0620018473471542e-06 +8.5027608740849111e-06
156.50000000 +5.0000000000000000e+00 +1.9999862629007357e+00 +1.8577834347463056e-03 +9.9994836165484280e-01 +9.9999844499107804e-01 +1.0000007005471179e+00 +1.0000013366442344e+00 +9.9999915278067752e-01 +1.1410487447592523e-05 +8.4163003392230643e-06 +9.5429733795677451e-06 +1.4951279111158491e-05 +7.6823492588085809e-06
157.00000000 +5.0000000000000000e+00 +1.9999865723633472e+00 +1.8555120745022077e-03 +9.9995295307374299e-01 +9.9999888482100696e-01 +9.9999888993564934e-01 +9.9999856390295339e-01 +9.9999947393502497e-01 +1.2755175087569191e-05 +1.0548599951324682e-05 +8.5351169737042879e-06 +1.0339320561464853e-05 +9.0560901193257755e-06
157.50000000 +5.0000000000000000e+00 +1.9999858632238663e+00 +1.8541139757870684e-03 +9.9995715489902770e-01 +1.0000007559394395e+00 +9.9999885410774181e-01 +9.9999895762713442e-01 +9.9999896427466706e-01 +8.3108240703721841e-06 +9.6121583118507609e-06 +9.7055869976477202e-06 +5.0971481969723318e-06 +1.2587414330828203e-05
158.00000000 +5.0000000000000000e+00 +1.9999860904964304e+00 +1.8512477083246022e-03 +9.9996396009095789e-01 +1.0000029618026365e+00 +9.9999827839048827e-01 +9.9999981902114132e-01 +9.9999958425336810e-01 +9.2327571117660412e-06 +7.5986883631791797e-06 +8.8905177921726194e-06 +4.3503502101744730e-06 +5.3240780006363989e-06
158.50000000 +5.0000000000000000e+00 +1.9999839410304090e+00 +1.8566640214681763e-03 +9.9995126471052553e-01 +9.9999841367448394e-01 +9.9999911248779660e-01 +9.9999888010082916e-01 +9.9999873692525854e-01 +1.2681674154624365e-05 +1.2495596545776444e-05 +8.8223130394805961e-06 +1.1039624789003622e-05 +8.5530754719262966e-06
159.00000000 +5.0000000000000000e+00 +1.9999819464515760e+00 +1.8552155681993627e-03 +9.9995435286699319e-01 +9.9999942738109548e-01 +1.0000017714855443e+00 +9.9999899112760238e-01 +1.0000017766502300e+00 +3.9594328646326594e-06 +9.3463536061197862e-06 +8.1896409435153631e-06 +1.1877580542250833e-05 +1.0307473795723397e-05
159.50000000 +5.0000000000000000e+00 +1.9999890655405483e+00 +1.8554296270337101e-03 +9.9995434744496670e-01 +9.9999960710225877e-01 +1.0000020036931538e+00 +1.0000026680228471e+00 +9.9999947462726479e-01 +5.4522308729832166e-06 +9.7185232483450218e-06 +1.2587345919689880e-05 +6.9261895154709487e-06 +7.2149402469288680e-06
160.00000000 +5.0000000000000000e+00 +1.9999851279997340e+00 +1.8517553397330657e-03 +9.9996404835494279e-01 +1.0000020863224288e+00 +9.9999929865042714e-01 +9.9999934817629110e-01 +1.0000003127783574e+00 +8.1687601296258457e-06 +4.8260912558654318e-06 +6.4131928101766553e-06 +6.0276459021449802e-06 +9.4699800206925705e-06
160.50000000 +5.0000000000000000e+00 +1.9999807377845742e+00 +1.8541524475645327e-03 +9.9995629951794429e-01 +9.9999989623186525e-01 +9.9999586112011152e-01 +9.9999990306317821e-01 +1.0000007009255587e+00 +1.3015315951310665e-05 +7.2951446208628457e-06 +6.2772231361628343e-06 +1.1716801646826152e-05 +9.0346874967497424e-06
161.00000000 +5.0000000000000000e+00 +1.9999817884564410e+00 +1.8569205016326059e-03 +9.9995081088322646e-01 +9.9999881886089226e-01 +1.0000003159540287e+00 +9.9999886052499498e-01 +9.9999868555593785e-01 +9.5913559432502755e-06 +1.0096189484220741e-05 +1.6962556892668066e-05 +7.0169272054710909e-06 +8.8410544930644380e-06
161.50000000 +5.0000000000000000e+00 +1.9999862743370860e+00 +1.8579018467217497e-03 +9.9994753114682611e-01 +9.9999987983853122e-01 +1.0000004320230993e+00 +1.0000019589715707e+00 +1.0000004029240817e+00 +1.2717593351671362e-05 +5.5932045831578534e-06 +1.8121334894382006e-05 +4.2490453223194934e-06 +9.1141163579102331e-06
162.00000000 +5.0000000000000000e+00 +1.9999897021185216e+00 +1.8523800547703393e-03 +9.9996165994341590e-01 +9.9999972660029568e-01 +9.9999972842885410e-01 +1.0000005655326067e+00 +9.9999875273031502e-01 +1.0027642242714982e-05 +1.3076552760236410e-05 -8.5486058439294591e-07 +9.2311529034075632e-06 +8.0861994989949743e-06
162.50000000 +5.0000000000000000e+00 +1.9999856766249211e+00 +1.8570704189641944e-03 +9.9994931030248801e-01 +1.0000021815929727e+00 +9.9999679071814818e-01 +1.0000029414094300e+00 +1.0000016387406530e+00 +1.4617312200034099e-05 +9.7581046217599151e-06 +8.2779012410447298e-06 +7.1094816188989072e-06 +7.3742521031866872e-06
163.00000000 +5.0000000000000000e+00 +1.9999880451889256e+00 +1.8512473865627216e-03 +9.9996491451300595e-01 +9.9999819858375216e-01 +9.9999920671136644e-01 +9.9999787746949698e-01 +1.0000017665484868e+00 +6.2133640715984045e-06 +1.2098370750367601e-05 +6.6710750366158514e-06 +1.1109645321692262e-05 +1.9437417531835388e-06
163.50000000 +5.0000000000000000e+00 +1.9999861126717322e+00 +1.8514185173331328e-03 +9.9996485047819061e-01 +1.0000010063501819e+00 +1.0000021505268502e+00 +1.0000007351199787e+00 +1.0000014839538616e+00 +7.7272094884394847e-06 +8.9745999376717417e-06 +5.9226214515435333e-06 +8.7100496937087000e-06 -1.5609488093906258e-06
164.00000000 +5.0000000000000000e+00 +1.9999851299226266e+00 +1.8618929051691479e-03 +9.9993802673792576e-01 +9.9999736633180947e-01 +9.9999917069381472e-01 +9.9999570853380038e-01 +9.9999624395063902e-01 +1.9738517537421420e-05 +1.6267457287938536e-05 +1.0385437987409005e-05 +1.4696322305558915e-05 +1.2396165608782125e-05
164.50000000 +5.0000000000000000e+00 +1.9999826657858344e+00 +1.8552141725984661e-03 +9.9995476055935695e-01 +9.9999899276504067e-01 +9.9999752608659886e-01 +1.0000007768806400e+00 +9.9999960832647328e-01 +4.1939655166114450e-06 +1.3668391071551754e-05 +6.8984925728991787e-06 +1.4993520795585343e-05 +8.5809141818527334e-06
165.00000000 +5.0000000000000000e+00 +1.9999807636010836e+00 +1.8550252883526668e-03 +9.9995526219369157e-01 +9.9999854487492623e-01 +1.0000005541634791e+00 +9.9999835771572609e-01 +9.9999942703497213e-01 +1.1275847913756387e-05 +8.1193760074011925e-06 +8.0408171062701757e-06 +8.3592835319383137e-06 +1.2058526658294165e-05
165.50000000 +5.0000000000000000e+00 +1.9999860748926594e+00 +1.8556591821401970e-03 +9.9995375488729554e-01 +1.0000009012861311e+00 +9.9999986801126950e-01 +1.0000012143124830e+00 +9.9999852566117553e-01 +6.8821605171625496e-06 +9.3331105776255459e-06 +1.3355898207803745e-05 +9.4923045425225731e-06 +6.6724646149937931e-06
166.00000000 +5.0000000000000000e+00 +1.9999848981845514e+00 +1.8521295080526207e-03 +9.9996109579895798e-01 +9.9999990298709274e-01 +1.0000006023744998e+00 +9.9999942238508888e-01 +1.0000006434832738e+00 +1.0386638010973429e-05 +5.1282018955912579e-06 +1.0385161294538411e-05 +2.1921654552051489e-06 +1.0240756466022261e-05
166.50000000 +5.0000000000000000e+00 +1.9999836646893958e+00 +1.8536605193062768e-03 +9.9995789865953000e-01 +1.0000017897490974e+00 +1.0000032529830767e+00 +1.0000001295367387e+00 +1.0000032496036482e+00 +4.9445444386793013e-06 +1.1740177013123271e-06 +4.7906702712661233e-06 +9.6414798614221583e-06 +1.3128734809863068e-05
167.00000000 +5.0000000000000000e+00 +1.9999839652541911e+00 +1.8543315151554633e-03 +9.9995672885741660e-01 +1.0000023188550045e+00 +1.0000042547861743e+00 +1.0000014153431933e+00 +1.0000011656215795e+00 +1.8689789216792792e-06 +7.0527899031092172e-06 +6.0428596714678105e-06 +7.6420815689150515e-06 +1.1509957799000962e-05
167.50000000 +5.0000000000000000e+00 +1.9999831102159458e+00 +1.8572817302027552e-03 +9.9994833720515430e-01 +9.9999868431473227e-01 +1.0000009474341820e+00 +1.0000039554034974e+00 +9.9999948575829078e-01 +8.1380601652755994e-06 +8.7845110402205027e-06 +1.5584631368667039e-05 +8.5803788831404268e-06 +7.5023416333193999e-06
168.00000000 +5.0000000000000000e+00 +1.9999849700358268e+00 +1.8573176789751184e-03 +9.9994870126905411e-01 +1.0000004096531745e+00 +9.9999883319851146e-01 +9.9999924653269967e-01 +9.9999865362945484e-01 +9.0741926695661330e-06 +9.7490572635741071e-06 +9.4737963557363887e-06 +1.4449811704599621e-05 +1.1408760118763181e-05
168.50000000 +5.0000000000000000e+00 +1.9999830850549041e+00 +1.8560640703429096e-03 +9.9995281760644683e-01 +9.9999765595243584e-01 +1.0000019414715851e+00 +1.0000006785489284e+00 +9.9999915132565487e-01 +8.6490708543945050e-06 +1.1959659696611183e-05 +1.0977055190995808e-05 +6.8823868068059935e-06 +9.2869692282082023e-06
169.00000000 +5.0000000000000000e+00 +1.9999856575194666e+00 +1.8578931945766601e-03 +9.9994738167748387e-01 +1.0000013360927125e+00 +1.0000011462197989e+00 +1.0000004182176727e+00 +9.9999949674050770e-01 +4.1826043519542408e-06 +4.9404068908396955e-06 +1.7047094156881657e-05 +1.7238628642577488e-05 +6.8122547449855577e-06
169.50000000 +5.0000000000000000e+00 +1.9999824683094480e+00 +1.8493794967552690e-03 +9.9996999127760477e-01 +9.9999893707019960e-01 +9.9999854833566582e-01 +9.9999978406919443e-01 +1.0000012317767975e+00 +5.2856820426992604e-06 +3.8794910159571464e-06 +8.7196141653794241e-06 +6.4858282576201265e-06 +7.1368876957953556e-06
170.00000000 +5.0000000000000000e+00 +1.9999883884122773e+00 +1.8570012832102706e-03 +9.9995112885595361e-01 +9.9999913283646769e-01 +9.9999957190903188e-01 +9.9999918194549176e-01 +1.0000018512355366e+00 +5.1880620077107261e-06 +5.8703234958680806e-06 +8.6798525624873347e-06 +1.0861391313639134e-05 +1.8533605561676538e-05
170.50000000 +5.0000000000000000e+00 +1.9999821288549371e+00 +1.8543000413322774e-03 +9.9995564852923058e-01 +9.9999815035805661e-01 +9.9999958755509022e-01 +1.0000019006415537e+00 +1.0000021298527131e+00 +8.8913437071826696e-06 +1.2607949895359449e-05 +1.1182124966957603e-05 +1.4264941733452120e-06 +8.4751516988427958e-06
171.00000000 +5.0000000000000000e+00 +1.9999850396226269e+00 +1.8517052048335147e-03 +9.9996234775488080e-01 +1.0000009341005569e+00 +9.9999894147157253e-01 +1.0000019086690146e+00 +1.0000010205506111e+00 +7.3519851631203385e-06 +2.7848745732498025e-06 +1.2686770540304131e-05 +8.2674007924025932e-06 +3.7564319497163471e-06
171.50000000 +5.0000000000000000e+00 +1.9999805673873876e+00 +1.8604779011166634e-03 +9.9994131698291744e-01 +9.9999862012723306e-01 +9.9999994076271992e-01 +1.0000033336013752e+00 +9.9999525057520944e-01 +1.7271105785346941e-05 +1.2422157307396546e-05 +1.1245205906479856e-05 +1.3351918963614983e-05 +7.2474951138553339e-06
172.00000000 +5.0000000000000000e+00 +1.9999824645397457e+00 +1.8571007865497543e-03 +9.9995122445789897e-01 +1.0000011070911461e+00 +1.0000000370796007e+00 +9.9999866492515777e-01 +1.0000001733007333e+00 +1.3412987139569855e-05 +1.0213342152683207e-05 +1.1805272843794751e-05 +1.3034668837790271e-06 +1.2057966116325678e-05
172.50000000 +5.0000000000000000e+00 +1.9999858185326842e+00 +1.8517389321065663e-03 +9.9996373574011077e-01 +1.0000012463973076e+00 +9.9999935613808921e-01 +1.0000029669698851e+00 +9.9999955242337291e-01 +8.1679784841308766e-06 +1.5967806416457992e-06 +1.2061353682121173e-05 +3.0349374027448807e-06 +8.2812535149079587e-06
173.00000000 +5.0000000000000000e+00 +1.9999824653391902e+00 +1.8514231871521935e-03 +9.9996392276309709e-01 +9.9999954168958616e-01 +1.0000002185364802e+00 +1.0000040756187942e+00 +1.0000018464122062e+00 +4.0637027039726792e-06 +7.9390814083919529e-06 +6.7350574380224067e-06 +3.3696266445677912e-06 +8.2875194678922419e-06
173.50000000 +5.0000000000000000e+00 +1.9999787762307224e+00 +1.8657508868245222e-03 +9.9992790393870012e-01 +9.9999842467469802e-01 +1.0000007152520751e+00 +1.0000015033232057e+00 +1.0000014122690439e+00 +1.6393070702859722e-05 +1.4201743120774233e-05 +1.2072755643587630e-05 +1.3851856181520536e-05 +1.3521169148620740e-05
174.00000000 +5.0000000000000000e+00 +1.9999786327729538e+00 +1.8582402135258790e-03 +9.9994582080863270e-01 +9.9999601298548046e-01 +1.0000006852587195e+00 +1.0000000352214107e+00 +1.0000010362315614e+00 +1.5296466008075648e-05 +1.3317235721426980e-05 +7.6876587934895851e-06 +9.4942997400080716e-06 +1.0613940335294106e-05
174.50000000 +5.0000000000000000e+00 +1.9999819185757670e+00 +1.8593179962064755e-03 +9.9994337889974416e-01 +1.0000043351352979e+00 +9.9999854971939961e-01 +9.9999760917834535e-01 +9.9999997626871928e-01 +9.4202016882637900e-06 +2.0392052793464564e-05 +1.1338390123980013e-05 +4.4793245969081645e-06 +1.0520828607922262e-05
175.00000000 +5.0000000000000000e+00 +1.9999857578707496e+00 +1.8522478505746123e-03 +9.9996272843717549e-01 +9.9999675323230519e-01 +1.0000023571721457e+00 +1.0000005366406997e+00 +9.9999876928833564e-01 +7.7549554716872353e-06 +1.4642683048121376e-05 +1.6409041065479997e-06 +5.5852440793359822e-06 +9.2314767315939192e-06
175.50000000 +5.0000000000000000e+00 +1.9999842522623612e+00 +1.8498066492848829e-03 +9.9996802234494897e-01 +1.0000003594942004e+00 +1.0000008763827317e+00 +1.0000008198434982e+00 +1.0000007055017985e+00 +1.4451184965003202e-06 +1.2067907127987575e-05 +7.3600094170249913e-06 +5.5103913971930115e-06 +2.8330453830744040e-06
176.00000000 +5.0000000000000000e+00 +1.9999824113968383e+00 +1.8572495594152392e-03 +9.9994847454221469e-01 +9.9999940075982641e-01 +1.0000004037495107e+00 +9.9999628477535840e-01 +9.9999726950732115e-01 +1.3021523172029234e-05 +1.6607853653181426e-05 +7.3755709531329293e-06 +1.2482684628230067e-05 +8.6790459319770306e-06
176.50000000 +5.0000000000000000e+00 +1.9999883032318637e+00 +1.8516470331035220e-03 +9.9996462032584310e-01 +1.0000003047243242e+00 +1.0000000591390268e+00 +1.0000012593962193e+00 +9.9999878486378457e-01 +8.2269091537538377e-06 +1.7446144646857347e-06 +1.0207277445737455e-05 +6.4576754913500103e-06 +8.3350214649823598e-06
177.00000000 +5.0000000000000000e+00 +1.9999829627182750e+00 +1.8546148757286394e-03 +9.9995677352785783e-01 +1.0000010691700976e+00 +9.9999840783822802e-01 +9.9999924993125289e-01 +9.9999453946572670e-01 +6.2689214805848045e-06 +1.0367323508789441e-05 +6.5427051843264340e-06 +2.3209119263985394e-05 +3.5720829720305801e-06
177.50000000 +5.0000000000000000e+00 +1.9999844141049399e+00 +1.8596942312106579e-03 +9.9994373517708757e-01 +9.9999889632847605e-01 +9.9999560634508156e-01 +9.9999801707271341e-01 +1.0000028300417734e+00 +1.3496328246811975e-05 +1.5008953495070222e-05 +1.0526035844374891e-05 +1.2187851827677738e-05 +9.6959143073282017e-06
178.00000000 +5.0000000000000000e+00 +1.9999844320734617e+00 +1.8541728534208917e-03 +9.9995611027849984e-01 +1.0000007349114461e+00 +1.0000002867464439e+00 +9.9999937379414450e-01 +9.9999922183293333e-01 +1.1627429720171143e-05 +9.6583484006315001e-06 +6.0192928227274020e-07 +7.5305546888120500e-06 +1.4854080105590154e-05
178.50000000 +5.0000000000000000e+00 +1.9999785041649749e+00 +1.8591811270234769e-03 +9.9994213489503525e-01 +1.0000005918605064e+00 +9.9999885226168617e-01 +1.0000014229634540e+00 +9.9999724059612471e-01 +1.6203018863876187e-05 +1.4264903598721940e-05 +1.3050373564590227e-05 +7.7248281239477873e-06 +8.5142865414768289e-06
179.00000000 +5.0000000000000000e+00 +1.9999800100399938e+00 +1.8459375788469443e-03 +9.9997904745378985e-01 +9.9999812624016715e-01 +9.9999886221330103e-01 +9.9999821238048692e-01 +9.9999712258653384e-01 +5.8688740291060243e-06 -7.8146119748944731e-07 +1.2986095690097240e-05 +5.8583794395263346e-06 +4.6971492775494188e-06
179.50000000 +5.0000000000000000e+00 +1.9999849968683607e+00 +1.8471045124133923e-03 +9.9997535915809099e-01 +1.0000018030895261e+00 +1.0000004203952071e+00 +9.9999870200832852e-01 +9.9999840082355207e-01 +9.6491446651361785e-06 +3.3214973859461579e-06 -4.3087580582335582e-07 -1.4530495628550467e-07 +1.2920197036772979e-05
180.00000000 +5.0000000000000000e+00 +1.9999737948669611e+00 +1.8658321559676416e-03 +9.9992576396117927e-01 +1.0000005757548196e+00 +9.9999973672463915e-01 +9.9999964038262124e-01 +1.0000006785661890e+00 +1.6838926738423977e-05 +1.3502259816884775e-05 +1.4501009310803910e-05 +9.8839037935229912e-06 +1.8878551819763926e-05
180.50000000 +5.0000000000000000e+00 +1.9999808509958223e+00 +1.8519800682942655e-03 +9.9996335243143974e-01 +1.0000023302634060e+00 +1.0000006969553683e+00 +9.9999884161765340e-01 +1.0000023018434148e+00 +4.9196414750204898e-06 +2.5421668228217851e-06 +1.2509479179881697e-05 +1.2791078636797606e-05 -2.8546224656580690e-07
181.00000000 +5.0000000000000000e+00 +1.9999840458950751e+00 +1.8549491173374981e-03 +9.9995549621264668e-01 +9.9999879228633293e-01 +9.9999901067414121e-01 +1.0000009379700761e+00 +1.0000013160795149e+00 +1.2448805623366642e-05 +1.3675336678164698e-05 +5.5370278063153258e-06 +6.1873626054199217e-06 +6.5981954695105213e-06
181.50000000 +5.0000000000000000e+00 +1.9999828264514452e+00 +1.8560399830996096e-03 +9.9995416032086104e-01 +1.0000024250070665e+00 +1.0000015032556375e+00 +9.9999890620373788e-01 +1.0000008307937025e+00 +7.5292832276456241e-06 +3.4575022299720976e-06 +8.0395887809748913e-06 +1.2017113580465678e-05 +1.1131096908093989e-05
182.00000000 +5.0000000000000000e+00 +1.9999823870219899e+00 +1.8566504882714737e-03 +9.9995349245897225e-01 +1.0000024700255730e+00 +9.9999916270988320e-01 +9.9999917244948688e-01 +1.0000001232292155e+00 +1.1592450833751938e-05 +9.2418089949729863e-06 +1.0335491062912783e-05 +9.9726914984265164e-06 +4.4365930119026756e-06
182.50000000 +5.0000000000000000e+00 +1.9999793852201937e+00 +1.8525726500117788e-03 +9.9996097542679718e-01 +1.0000002381104522e+00 +9.9999865041140257e-01 +9.9999889475315529e-01 +1.0000038027225122e+00 +1.1207393715920194e-05 +4.5232422379139265e-06 +7.7431177353794277e-06 +7.8786239769165125e-06 +6.0861261766251909e-06
183.00000000 +5.0000000000000000e+00 +1.9999746073708766e+00 +1.8567302459171747e-03 +9.9995045086049039e-01 +9.9999993353221928e-01 +1.0000017610137475e+00 +9.9999935233020021e-01 +9.9999982537638010e-01 +9.6776931396317886e-06 +6.1840724522330029e-06 +9.6217906214211809e-06 +5.0373339390955534e-06 +1.8155905924210382e-05
183.50000000 +5.0000000000000000e+00 +1.9999735373060501e+00 +1.8553727686136162e-03 +9.9995388010741793e-01 +9.9999623095721757e-01 +9.9999730869224612e-01 +1.0000050041894932e+00 +1.0000007788456218e+00 +4.7378289078184216e-06 +6.8358152723041765e-06 +5.9242487041910437e-06 +1.2088695950299890e-05 +1.7210530574813708e-05
184.00000000 +5.0000000000000000e+00 +1.9999762734632591e+00 +1.8607955240540937e-03 +9.9993940009933802e-01 +9.9999871095276749e-01 +9.9999868292181116e-01 +9.9999750179348135e-01 +1.0000010352100484e+00 +1.3276026311607301e-05 +1.6066032802139248e-05 +1.6491359355154519e-05 +1.0950904519940512e-05 +7.8847084828826881e-06
184.50000000 +5.0000000000000000e+00 +1.9999749522350978e+00 +1.8501899676456959e-03 +9.9996879971045238e-01 +9.9999860753891967e-01 +9.9999682608169205e-01 +9.9999883567555214e-01 +9.9999991610053007e-01 +8.6765856441112816e-06 +9.8417828979358499e-06 +8.5228893193505540e-07 +6.3429748007016611e-06 +1.1301265626153909e-05
185.00000000 +5.0000000000000000e+00 +1.9999702276018687e+00 +1.8572139500725624e-03 +9.9994984465802450e-01 +9.9999803484229266e-01 +9.9999530071160381e-01 +1.0000000721543165e+00 +9.9999719515567942e-01 +1.0498165481486671e-05 +1.5077984063943630e-05 +1.6192573922370705e-05 +5.2466757372461322e-06 +1.2537089589702194e-05
185.50000000 +5.0000000000000000e+00 +1.9999779255973587e+00 +1.8491936544741572e-03 +9.9996915126674324e-01 +1.0000021394602225e+00 +1.0000047388548976e+00 +9.9999989917687115e-01 +9.9999932365059863e-01 +2.9835810262320808e-06 +6.5335216458094415e-06 +4.9764105005224227e-06 -2.4246651579410053e-06 +1.2678775081671701e-05
186.00000000 +5.0000000000000000e+00 +1.9999780879460980e+00 +1.8533936846413621e-03 +9.9995800354855791e-01 +1.0000000804725988e+00 +1.0000013302112354e+00 +9.9999835104831769e-01 +1.0000019116755094e+00 +1.2081484894097285e-05 -2.0503870424388182e-06 +9.3277384784176369e-06 +9.9467220646428196e-06 +1.1017396710716862e-05
186.50000000 +5.0000000000000000e+00 +1.9999768286127946e+00 +1.8562061274032913e-03 +9.9995251407896402e-01 +9.9999663558286422e-01 +1.0000034471336243e+00 +9.9999841990215754e-01 +1.0000007217032783e+00 +1.1488327659077277e-05 +1.3498285667924642e-05 +1.0863660273156007e-05 +3.4671462902637100e-06 +8.9442447936691755e-06
187.00000000 +5.0000000000000000e+00 +1.9999751326835775e+00 +1.8597422929410216e-03 +9.9994210239290837e-01 +1.0000034966180906e+00 +1.0000023548744779e+00 +9.9999971165140888e-01 +9.9999847862099667e-01 +1.7107527865214461e-05 +9.6366166215212457e-06 +2.1985680223311042e-06 +8.6885565378270187e-06 +1.6224625102562414e-05
187.50000000 +5.0000000000000000e+00 +1.9999721418255454e+00 +1.8615778317563579e-03 +9.9994013737780130e-01 +1.0000020648616132e+00 +1.0000019503247879e+00 +1.0000014565826738e+00 +9.9999583630700439e-01 +1.9660399377635314e-05 +1.3356966969971724e-05 +7.3400357942216804e-06 +7.8929502434329157e-06 +1.0304119179422477e-05
188.00000000 +5.0000000000000000e+00 +1.9999769411589383e+00 +1.8564839484302334e-03 +9.9994999943021778e-01 +9.9999986872967062e-01 +1.0000027149477932e+00 +9.9999740956829852e-01 +9.9999947524733845e-01 +1.1534142451389358e-05 +2.3229532657674936e-05 +9.9273756076038017e-06 +6.4809689319467968e-06 -6.3996515365844204e-07
188.50000000 +5.0000000000000000e+00 +1.9999796235444622e+00 +1.8576171829901157e-03 +9.9994868721570274e-01 +1.0000009594329060e+00 +9.9999780800466698e-01 +9.9999950184700059e-01 +9.9999806075166875e-01 +8.1478783746565387e-06 +1.4361104889872365e-05 +1.2139996807889466e-05 +1.0412382701935591e-05 +9.9212783823284031e-06
189.00000000 +5.0000000000000000e+00 +1.9999744181346781e+00 +1.8567261000694479e-03 +9.9995160748913114e-01 +9.9999820164636766e-01 +9.9999746684950208e-01 +9.9999848917624756e-01 +9.9999908269976567e-01 +1.6213609299305924e-05 +1.5311744077686139e-06 +1.3149485657232897e-05 +1.4840522198334935e-05 +9.4173390299996544e-06
189.50000000 +5.0000000000000000e+00 +1.9999676866029386e+00 +1.8555350592518178e-03 +9.9995536219922110e-01 +9.9999920479956683e-01 +1.0000002266916486e+00 +9.9999843930292720e-01 +9.9999834316107927e-01 +8.8103210810975975e-06 +6.3419431109393181e-06 +8.7162014555291749e-06 +1.6618366895960962e-05 +7.9369259436665014e-06
190.00000000 +5.0000000000000000e+00 +1.9999689711811759e+00 +1.8592810142432112e-03 +9.9994597657747852e-01 +9.9999664840038816e-01 +9.9999983964234118e-01 +9.9999680649195732e-01 +1.0000020058712884e+00 +1.5154370484736564e-05 +1.3814392662918497e-05 +1.1639159595727399e-05 +1.1662215815699795e-05 +6.4529419806183212e-06
190.50000000 +5.0000000000000000e+00 +1.9999787515608580e+00 +1.8481040525724069e-03 +9.9997289071012274e-01 +9.9999871666271545e-01 +9.9999869050243473e-01 +9.9999944945001107e-01 +9.9999698427264960e-01 +8.4874155273547716e-06 +7.3125582370437263e-07 -2.4013044865034393e-06 +1.2902054384846184e-05 +1.3548971550902429e-05
191.00000000 +5.0000000000000000e+00 +1.9999784705570702e+00 +1.8610662841654958e-03 +9.9993889698901584e-01 +1.0000029228239171e+00 +1.0000047456653154e+00 +1.0000000083985709e+00 +1.0000002653275093e+00 +1.0519354704684041e-05 +1.1672321722880718e-05 +1.7283300521297819e-05 +4.3800954990304463e-06 +9.3056819279280287e-06
191.50000000 +5.0000000000000000e+00 +1.9999806127896664e+00 +1.8468876408713941e-03 +9.9997666416147357e-01 +9.9999942078326731e-01 +9.9999862786061866e-01 +9.9999880474990444e-01 +1.0000016410665413e+00 +3.6201151430869385e-06 +7.1270434004275263e-09 +1.4172950702970525e-05 +2.5528326308408076e-06 +4.4883093751283404e-06
192.00000000 +5.0000000000000000e+00 +1.9999752538930824e+00 +1.8559950456487782e-03 +9.9995383538879090e-01 +1.0000013539441621e+00 +9.9999789226340829e-01 +9.9999462859530386e-01 +9.9999692039803167e-01 +1.1698761192907934e-05 +7.7067783119817352e-06 +1.5581914518787120e-05 +3.1724406101341070e-06 +1.7209584748772133e-05
192.50000000 +5.0000000000000000e+00 +1.9999697616709649e+00 +1.8596960600817331e-03 +9.9994328682576350e-01 +9.9999882314522859e-01 +9.9999977393138828e-01 +1.0000005077725946e+00 +9.9999944432141541e-01 -2.5585660524147311e-06 +7.5357879003379658e-06 +1.0939641076552762e-05 +2.4225309126261917e-05 +1.8021825029453059e-05
193.00000000 +5.0000000000000000e+00 +1.9999762392732603e+00 +1.8623461904684062e-03 +9.9993610489734785e-01 +1.0000040594672215e+00 +9.9999876083207395e-01 +1.0000024208214988e+00 +1.0000024089502282e+00 +1.3611336262556537e-05 +9.3057350574762308e-06 +6.7470390904534202e-06 +1.5240544750110722e-05 +1.1340451523647949e-05
193.50000000 +5.0000000000000000e+00 +1.9999776717959332e+00 +1.8516153966006586e-03 +9.9996287034575149e-01 +1.0000007163762747e+00 +1.0000012706813801e+00 +1.0000012332381141e+00 +1.0000016967582055e+00 +1.1948900833587872e-06 +1.0576461218663796e-05 +4.8903945994085301e-06 +1.1416843239215079e-05 +4.1340101264131168e-06
194.00000000 +5.0000000000000000e+00 +1.9999787249020644e+00 +1.8445940375157418e-03 +9.9998091044920512e-01 +1.0000024329904635e+00 +9.9999956614468233e-01 +9.9999932948157433e-01 +9.9999882557875730e-01 +9.5608184469350992e-06 +6.9607578503775028e-06 -4.2132996325541056e-06 +4.1151920559949525e-06 +2.5118079425445969e-06
194.50000000 +5.0000000000000000e+00 +1.9999808020886785e+00 +1.8475075631375663e-03 +9.9997518959496312e-01 +9.9999706506085850e-01 +9.9999831410454409e-01 +1.0000010866398907e+00 +1.0000050549367270e+00 +1.4745148280103382e-05 -1.8137357248699828e-06 +7.2381516254596312e-06 +1.4627170980748368e-06 +1.6573871190596482e-06
195.00000000 +5.0000000000000000e+00 +1.9999703654830396e+00 +1.8556415430959973e-03 +9.9995475919964882e-01 +1.0000033021538963e+00 +9.9999221669389504e-01 +9.9999592918796898e-01 +1.0000016417689619e+00 +1.4434037154068250e-05 -2.6324102721971912e-07 +1.4971675546059663e-05 +5.5359869299366409e-06 +1.7472639421161423e-05
195.50000000 +5.0000000000000000e+00 +1.9999780879999569e+00 +1.8531462172489610e-03 +9.9995963809243371e-01 +9.9999695185567417e-01 +1.0000014829633042e+00 +1.0000015272467917e+00 +1.0000008938620095e+00 +4.7142216425645399e-06 +6.7172020975104806e-06 +1.0023124404937380e-05 +6.2707677009794101e-06 +1.1780590768905298e-05
196.00000000 +5.0000000000000000e+00 +1.9999698764735709e+00 +1.8490056422678007e-03 +9.9997160946899921e-01 +1.0000010138152389e+00 +1.0000008038439159e+00 +1.0000032488214701e+00 +9.9999622169896663e-01 +7.0223537600569679e-06 +8.8835486455903963e-06 +4.1657715478003540e-06 +7.7858301648333701e-06 -7.5519053581631960e-07
196.50000000 +5.0000000000000000e+00 +1.9999783964771976e+00 +1.8517828793174866e-03 +9.9996473618454673e-01 +1.0000013571110922e+00 +9.9999668184445123e-01 +1.0000025280351850e+00 +9.9999939446360953e-01 +1.1166166915597701e-05 +5.9690781273721517e-06 +9.9953843936173359e-06 +4.8966614230733746e-06 +3.2751559219782719e-06
197.00000000 +5.0000000000000000e+00 +1.9999699977099534e+00 +1.8654957968005719e-03 +9.9992810601202076e-01 +9.9999974830204463e-01 +9.9999956504819887e-01 +1.0000050199445853e+00 +1.0000026757328953e+00 +1.4775321934721044e-05 +8.8715576467031710e-06 +1.7884997248876185e-07 +2.3446021665486051e-05 +1.7613162432491034e-05
197.50000000 +5.0000000000000000e+00 +1.9999694655249751e+00 +1.8546128346841305e-03 +9.9995544338023667e-01 +9.9999954414660785e-01 +9.9999830529937561e-01 +9.9999961591440689e-01 +1.0000011841528849e+00 +1.1871989468203105e-05 +9.3291190500058374e-06 +1.0581976393361124e-05 +3.9791948423217816e-06 +1.0144794785721572e-05
198.00000000 +5.0000000000000000e+00 +1.9999739558112488e+00 +1.8551499004721469e-03 +9.9995518073428391e-01 +1.0000009752787122e+00 +1.0000017973532125e+00 +9.9999825531608588e-01 +1.0000061105827036e+00 +8.8891539345010415e-06 +1.0989400895984074e-05 +4.8813742566657520e-06 -3.2787748982450509e-06 +1.6199580217606496e-05
198.50000000 +5.0000000000000000e+00 +1.9999817458712263e+00 +1.8523389127857079e-03 +9.9996317658265710e-01 +1.0000000034629586e+00 +9.9999795109337775e-01 +9.9999883765920183e-01 +9.9999514549246837e-01 +1.1828006110478244e-05 +6.1050912982472741e-06 +1.0667742651514451e-05 +4.8161385553237738e-06 +1.1468769476107055e-05
199.00000000 +5.0000000000000000e+00 +1.9999668580856851e+00 +1.8576751360340215e-03 +9.9994688650122254e-01 +1.0000034405792944e+00 +9.9999748955161283e-01 +1.0000021263487524e+00 +1.0000010197953018e+00 +7.3938413944148364e-06 +1.1992651145028506e-05 +1.1570125345802230e-05 +1.2148626822723775e-05 +5.9318649871276784e-06
199.50000000 +5.0000000000000000e+00 +1.9999719678652581e+00 +1.8520591308507080e-03 +9.9996454586623085e-01 +1.0000029121152909e+00 +9.9999259489694292e-01 +9.9999827028923549e-01 +1.0000005524146565e+00 +6.3464443758731635e-06 +7.2295809641625179e-06 +4.4352016516857169e-06 +1.2722697852583816e-05 +1.0390471103765006e-05
200.00000000 +5.0000000000000000e+00 +1.9999801554583037e+00 +1.8490534785034582e-03 +9.9996916129766422e-01 +9.9999697146529776e-01 +1.0000063126793992e+00 +1.0000012709703232e+00 +1.0000008318138160e+00 +4.1284109134396408e-06 +2.8787477953174996e-06 +1.1460333360533005e-06 +9.2822897375059417e-06 +8.0163587759838526e-06
200.50000000 +5.0000000000000000e+00 +1.9999727186823986e+00 +1.8619436568829211e-03 +9.9993778259133026e-01 +9.9999725498510472e-01 +1.0000020241931926e+00 +1.0000009101647447e+00 +1.0000048079936106e+00 -6.1761654238098845e-06 +1.7811684102037309e-05 +1.1764325588140234e-05 +1.3102339236190988e-05 +2.0717783320090265e-05
201.00000000 +5.0000000000000000e+00 +1.9999780282986137e+00 +1.8456592089034982e-03 +9.9997956647055519e-01 +9.9999905485868035e-01 +9.9999804295918937e-01 +9.9999894500001918e-01 +9.9999428748106023e-01 -8.7256130760933900e-06 +1.8971182259569052e-05 +2.7405261405550745e-06 +7.2534836518166162e-06 +9.8636614139990641e-06
201.50000000 +5.0000000000000000e+00 +1.9999685164599310e+00 +1.8581223335385083e-03 +9.9994617510039208e-01 +9.9999920616362836e-01 +9.9999795207102349e-01 +9.9999829226827375e-01 +1.0000001404468573e+00 +1.9107047181789422e-05 +4.3958512638672851e-06 +1.7816647876842080e-05 +9.5197670004539263e-06 +7.3945786335703524e-06
202.00000000 +5.0000000000000000e+00 +1.9999741051900490e+00 +1.8609221652321755e-03 +9.9993933327010487e-01 +1.0000009383662041e+00 +9.9999905514986887e-01 +1.0000046483630054e+00 +9.9999987863277684e-01 +7.5487897156371175e-06 +1.4999663087074545e-05 +4.7492174313109115e-06 +2.0209584118345980e-05 +8.6388256736454836e-06
202.50000000 +5.0000000000000000e+00 +1.9999713777928561e+00 +1.8592602400408758e-03 +9.9994388820927771e-01 +1.0000014247974334e+00 +1.0000034936292399e+00 +9.9999912567626825e-01 +9.9999632647453152e-01 +1.2722801486144303e-05 +1.3269799230277726e-05 +1.7992011033877279e-05 -1.3315779109388664e-06 +1.3088113283312112e-05
203.00000000 +5.0000000000000000e+00 +1.9999815386411250e+00 +1.8449588099487483e-03 +9.9998161413350539e-01 +9.9999619753036784e-01 +1.0000031176983928e+00 +9.9999985066882069e-01 +9.9999707992364362e-01 +2.9156554162162771e-06 +8.5399299675985653e-06 +1.3987401326929646e-06 +1.6302095197505612e-06 +7.6555408536303760e-06
203.50000000 +5.0000000000000000e+00 +1.9999660252467113e+00 +1.8601687730023318e-03 +9.9994344378844413e-01 +9.9999988079373392e-01 +1.0000021945097768e+00 +9.9999953129902197e-01 +9.9999159502067481e-01 +1.3609291162816808e-05 +4.8180071671279500e-06 +1.2633778383053160e-05 +9.6800286253483724e-06 +2.2613491664828979e-05
204.00000000 +5.0000000000000000e+00 +1.9999716355506001e+00 +1.8531575981539097e-03 +9.9996131053363779e-01 +9.9999704069342499e-01 +9.9999920703943945e-01 +1.0000011672358662e+00 +1.0000003053169471e+00 +1.1550948915118763e-05 +4.9585087245514760e-06 +1.9149790485872851e-05 -1.1133545716786803e-06 +6.4232879871755380e-06
204.50000000 +5.0000000000000000e+00 +1.9999725793134471e+00 +1.8528683641499805e-03 +9.9996014838152070e-01 +1.0000013201307798e+00 +1.0000027301231373e+00 +1.0000044690049932e+00 +1.0000002139395323e+00 +5.5834796116819113e-06 +7.4740569268891372e-06 +1.4937497911468373e-06 +1.5736226988055952e-05 +8.3089457953043436e-07
205.00000000 +5.0000000000000000e+00 +1.9999773762040305e+00 +1.8552587235479551e-03 +9.9995616038831947e-01 +9.9999818447231681e-01 +1.0000036937288521e+00 +1.0000001009399162e+00 +9.9999972230290934e-01 +1.1563033556138082e-05 +4.7531907443191414e-07 +1.3951640707537236e-05 +1.0707836329826093e-05 +5.4403251978481816e-06
205.50000000 +5.0000000000000000e+00 +1.9999669179719715e+00 +1.8652334755997109e-03 +9.9992734132271854e-01 +1.0000026268675717e+00 +1.0000021130249406e+00 +9.9999708035385826e-01 +9.9999627787655365e-01 +1.6019276304688263e-05 +9.8990712778713713e-06 +2.0911130789967147e-05 +2.3866643705328164e-05 +3.8644812465144268e-06
206.00000000 +5.0000000000000000e+00 +1.9999745198067753e+00 +1.8623953165336226e-03 +9.9993914216383906e-01 +9.9999563136314462e-01 +9.9999909390565378e-01 +1.0000008199166179e+00 +1.0000004228366997e+00 +1.4376565607015646e-05 +1.0992579645754817e-05 +1.8400793445563256e-05 +4.8831459214532422e-06 +1.6236823766956380e-05
206.50000000 +5.0000000000000000e+00 +1.9999568727896193e+00 +1.8570394562441553e-03 +9.9995029390205137e-01 +9.9999097732229691e-01 +1.0000016086242813e+00 +9.9999833920535675e-01 +9.9999730676189547e-01 +2.2989602501988967e-05 +6.4156262170622541e-06 +1.9788741668475361e-05 +6.1902984356557960e-06 +6.0899078000111752e-06
207.00000000 +5.0000000000000000e+00 +1.9999819347572105e+00 +1.8501176785396508e-03 +9.9996738456939871e-01 +1.0000014099586827e+00 +1.0000025704888258e+00 +9.9999665302528196e-01 +1.0000002371898717e+00 +4.6478576705472586e-06 +1.4190489183444493e-05 +1.2815586633268186e-05 -4.2526383608145086e-06 +4.3433687300598120e-06
207.50000000 +5.0000000000000000e+00 +1.9999632190302727e+00 +1.8606744897122591e-03 +9.9993906832455415e-01 +1.0000014593203173e+00 +1.0000014880038461e+00 +9.9999706107113817e-01 +1.0000021268493755e+00 +1.5989817369272454e-05 +1.0059124519302367e-05 -3.2078047719765715e-06 +1.7690051127727630e-05 +1.8265244506870970e-05
208.00000000 +5.0000000000000000e+00 +1.9999688860423719e+00 +1.8740054776383314e-03 +9.9990487965209218e-01 +9.9999918133658816e-01 +9.9999973783325524e-01 +1.0000007102386719e+00 +1.0000092371280853e+00 +1.4312686214258987e-05 +2.1575997050451776e-05 +1.8801430237274123e-05 +1.7321372354423481e-05 +1.4242305894964591e-05
208.50000000 +5.0000000000000000e+00 +1.9999705566676416e+00 +1.8522423112184122e-03 +9.9996230724623947e-01 +9.9999850724359463e-01 +1.0000034295478690e+00 +9.9999669217813503e-01 +9.9999959543221772e-01 +1.5235557493091497e-05 +1.2528135813547304e-05 -5.0274939712901875e-06 +5.3756232950866381e-06 +1.1356577960717472e-05
209.00000000 +5.0000000000000000e+00 +1.9999783654922072e+00 +1.8487104082021818e-03 +9.9997182398631990e-01 +1.0000009574015414e+00 +9.9999994596626463e-01 +1.0000040122062743e+00 +1.0000012500928885e+00 +5.7042352068777137e-06 +5.3613084137595147e-06 +2.6213136781458862e-06 +1.6858906108037594e-06 +6.6376606648413930e-06
209.50000000 +5.0000000000000000e+00 +1.9999648230965603e+00 +1.8600911291254214e-03 +9.9994231682792478e-01 +1.0000044327333220e+00 +1.0000000495651895e+00 +1.0000017523476075e+00 +9.9999833560066786e-01 -5.5136031197951456e-07 +1.8152406384046940e-05 +1.7514520361478799e-05 +3.2562674086641331e-06 +1.4741043419810113e-05
210.00000000 +5.0000000000000000e+00 +1.9999715139801515e+00 +1.8582847933968517e-03 +9.9994785087529658e-01 +9.9999557823815854e-01 +1.0000005011950002e+00 +1.0000022977430452e+00 +9.9999962255224495e-01 +1.6345904771589515e-05 +1.4894393730694349e-05 +1.8947483374438552e-05 -1.6346465468918720e-07 +4.1250500823397759e-06
210.50000000 +5.0000000000000000e+00 +1.9999741929520776e+00 +1.8540223063438466e-03 +9.9995924592709851e-01 +1.0000049327592688e+00 +1.0000017254766398e+00 +1.0000022220503284e+00 +1.0000009432525427e+00 +6.8115698716598097e-06 +6.9126668353683077e-06 -8.6708667513403891e-07 +7.1558875237147189e-06 +1.0917544863977923e-05
211.00000000 +5.0000000000000000e+00 +1.9999684262630610e+00 +1.8561473386336422e-03 +9.9995322399854614e-01 +1.0000000562617950e+00 +1.0000032469818636e+00 +9.9999496289781697e-01 +1.0000018355440827e+00 +1.1349520629266741e-05 +1.3910811341030192e-05 -4.2120229386056765e-06 +1.4410739891490599e-05 +1.1215221181615065e-05
211.50000000 +5.0000000000000000e+00 +1.9999747424505121e+00 +1.8471168559183002e-03 +9.9997636341357021e-01 +9.9999916165260028e-01 +9.9999379956182344e-01 +1.0000017064257976e+00 +9.9999747940046690e-01 +1.2866877450018148e-05 +1.0845557390002454e-05 +8.4939907813674834e-06 +3.3085092266954928e-06 -4.0253290388970823e-06
212.00000000 +5.0000000000000000e+00 +1.9999819292230097e+00 +1.8566430834863806e-03 +9.9995000427010661e-01 +1.0000008132310454e+00 +9.9999820538894857e-01 +1.0000049960207993e+00 +1.0000080587113744e+00 +1.0619525765148055e-05 +8.8464544820315712e-06 +1.6183740040666585e-05 +9.8416440127834613e-06 -7.5689232306893301e-06
212.50000000 +5.0000000000000000e+00 +1.9999719877627993e+00 +1.8623418184616301e-03 +9.9993538697066764e-01 +1.0000042026670768e+00 +9.9999599535623551e-01 +1.0000002161473436e+00 +1.0000018194301525e+00 +5.8566194237266499e-06 +1.1894929741846906e-05 +1.3516212150720610e-05 +1.5323501215214171e-05 +1.5788132788434039e-05
213.00000000 +5.0000000000000000e+00 +1.9999608774754076e+00 +1.8746803675986929e-03 +9.9990337024060172e-01 +9.9999876866472759e-01 +9.9999432106751240e-01 +9.9999965629569199e-01 +9.9999612487425205e-01 +2.7811502029286315e-05 +1.3280075512372691e-05 +2.0063903174437743e-05 +1.9590164154578704e-05 +2.7013099099381445e-05
213.50000000 +5.0000000000000000e+00 +1.9999702419678471e+00 +1.8583289196180814e-03 +9.9994498728856263e-01 +1.0000029334715737e+00 +1.0000048167676554e+00 +1.0000051395557066e+00 +1.0000065761561288e+00 +1.5262780154840582e-05 +1.4532819974877706e-05 +4.1892568040010218e-06 +5.7540682662082540e-07 +9.8651256431266320e-07
214.00000000 +5.0000000000000000e+00 +1.9999658837117698e+00 +1.8599188554467747e-03 +9.9994276703758278e-01 +1.0000006534997168e+00 +9.9999994777060952e-01 +9.9999914166126769e-01 +9.9999708012161947e-01 +1.6343396324947842e-05 +2.6288712642668973e-05 +7.3835770656280089e-06 +9.4525356711791026e-06 +9.4173817024251357e-07
214.50000000 +5.0000000000000000e+00 +1.9999755609641658e+00 +1.8453165842793539e-03 +9.9998159664474384e-01 +9.9999737653925402e-01 +9.9999889367347450e-01 +9.9999547768265373e-01 +1.0000042011762991e+00 -1.6624243121993179e-06 -1.3171551999608719e-06 -4.7143468284946426e-06 +2.0315195179950138e-05 +9.8329841475386298e-06
215.00000000 +5.0000000000000000e+00 +1.9999459861390396e+00 +1.8717423923965886e-03 +9.9991171330123430e-01 +1.0000025641605306e+00 +9.9999768688189916e-01 +9.9999269778161626e-01 +9.9999842904127889e-01 +3.3129274944858182e-05 +1.9195018611878394e-05 +1.8345391953899348e-05 +1.1505057586186525e-05 +1.4734113846530498e-05
215.50000000 +5.0000000000000000e+00 +1.9999801437931166e+00 +1.8411587541553424e-03 +9.9999130913246448e-01 +1.0000048000446762e+00 +1.0000075742516781e+00 +1.0000015239280788e+00 +9.9999659085669534e-01 +4.2702104144895360e-06 +1.2881085279267164e-05 -1.8640121411106159e-05 -6.0103305988008630e-06 +5.7009920957455804e-06
216.00000000 +5.0000000000000000e+00 +1.9999576978195823e+00 +1.8599983641124124e-03 +9.9993887280749927e-01 +9.9999816173387279e-01 +1.0000011390222030e+00 +1.0000058329939328e+00 +1.0000020378871941e+00 +2.0927326132283910e-05 +9.5583184650334197e-06 +8.5734236655190513e-06 +1.1346770133578023e-05 +3.5496909336447603e-06
216.50000000 +5.0000000000000000e+00 +1.9999636140222208e+00 +1.8462183428304450e-03 +9.9997580104234962e-01 +1.0000021797900394e+00 +9.9999562928641317e-01 +9.9999325528696670e-01 +1.0000013731458983e+00 +9.4285377760044819e-06 +5.7142354418388010e-06 +7.1120373465692015e-06 -4.1136721170169420e-06 +1.3620300445555016e-05
217.00000000 +5.0000000000000000e+00 +1.9999559821914066e+00 +1.8578810600412170e-03 +9.9994835252287595e-01 +9.9999415299785077e-01 +9.9999969266918032e-01 +9.9999475653319481e-01 +1.0000033375342656e+00 +2.0814993326769492e-05 +2.0193142355234186e-05 +1.3770046596470792e-05 +7.0895813550618521e-06 -2.1600571132659705e-06
217.50000000 +5.0000000000000000e+00 +1.9999636784573789e+00 +1.8520716280892851e-03 +9.9996319821546720e-01 +9.9999490324128637e-01 +9.9999261142524554e-01 +1.0000024029807197e+00 +1.0000011416245200e+00 +4.3850071300193875e-06 +1.2475190467843917e-05 +1.7395859146227375e-05 +9.7713625577976473e-06 +1.7151729781297711e-06
218.00000000 +5.0000000000000000e+00 +1.9999618444507745e+00 +1.8722597571188971e-03 +9.9991145827172245e-01 +9.9999989026882330e-01 +1.0000039327486150e+00 +9.9999828912721023e-01 +1.0000068001232083e+00 +1.3707081463332730e-05 +1.2005222259250353e-05 +2.3437496293671574e-05 +8.6341395346558471e-06 +2.1845552444878545e-05
218.50000000 +5.0000000000000000e+00 +1.9999673161585709e+00 +1.8620968553021324e-03 +9.9993500558091197e-01 +1.0000007800337378e+00 +1.0000036027109476e+00 +9.9999921139915238e-01 +9.9999750199945214e-01 +1.8468287544136544e-06 +3.0798399366844858e-06 +1.7376202580629627e-05 +1.8633490567871559e-05 +2.2961820381785450e-05
219.00000000 +5.0000000000000000e+00 +1.9999708042086328e+00 +1.8445351721767089e-03 +9.9998144318645543e-01 +9.9999929836917989e-01 +9.9999936829814240e-01 +9.9999599410076667e-01 +9.9999697394697529e-01 +1.7024306181778168e-05 -2.7014118491627783e-06 +3.3594191220428240e-06 -2.4953526374062797e-06 +1.1735110711981402e-05
219.50000000 +5.0000000000000000e+00 +1.9999653553913541e+00 +1.8635488674156994e-03 +9.9993174648863681e-01 +1.0000010004904567e+00 +1.0000055275125865e+00 +9.9999732066929858e-01 +9.9999962742909676e-01 +2.5844381235324795e-05 +1.5023805292154509e-06 +2.6295692188915307e-06 +1.3275282518617950e-05 +2.1525799892236660e-05
220.00000000 +5.0000000000000000e+00 +1.9999664166612536e+00 +1.8531424635618065e-03 +9.9995993297261898e-01 +1.0000039577412581e+00 +9.9999382137537918e-01 +1.0000025576571985e+00 +9.9999985697968174e-01 +8.5885837155213172e-06 -4.7599545899273899e-07 +1.3813266118257743e-05 +7.7155321767693828e-06 +1.0231941087625214e-05
220.50000000 +5.0000000000000000e+00 +1.9999631952927532e+00 +1.8639391047862517e-03 +9.9993548459037362e-01 +9.9999070689384717e-01 +1.0000026564459195e+00 +9.9999833535796345e-01 +9.9999649733979179e-01 +2.5227211114333806e-05 +3.3589443605173265e-05 +6.6631495533931405e-06 +1.1993102220889687e-05 -1.1534735697529250e-06
221.00000000 +5.0000000000000000e+00 +1.9999744750638104e+00 +1.8592145488915131e-03 +9.9994052902038411e-01 +1.0000020449439848e+00 +1.0000067728079896e+00 +9.9999945693727199e-01 +1.0000069701399477e+00 +8.4382122636762602e-06 +1.2736155992844811e-05 -6.2180444670089100e-06 +8.7534923693083690e-06 +2.0516436335955433e-05
221.50000000 +5.0000000000000000e+00 +1.9999775941348685e+00 +1.8583113696733066e-03 +9.9994410839822889e-01 +1.0000026078277742e+00 +1.0000010752338124e+00 +1.0000043661202760e+00 +9.9999295093892115e-01 +1.6032117527038349e-05 +1.0681662612030455e-05 +1.1830795303458166e-05 +1.2043121648212608e-05 +4.3038184011208499e-06
222.00000000 +5.0000000000000000e+00 +1.9999678286831950e+00 +1.8487246480548961e-03 +9.9997069217400558e-01 +9.9999598552601332e-01 +9.9999909892520777e-01 +9.9999989961600133e-01 +9.9999713438484272e-01 +1.8731980359229639e-05 -5.6838189231708083e-06 +1.4541118252266095e-05 +1.2203270694164738e-06 +8.3797991233987985e-06
222.50000000 +5.0000000000000000e+00 +1.9999670265239846e+00 +1.8630691923752320e-03 +9.9993536725049104e-01 +9.9999632804313621e-01 +9.9999982561730538e-01 +1.0000002978055200e+00 +1.0000002637866174e+00 +9.1041358840033694e-06 +2.8904266988028629e-05 +1.9973159520135948e-05 +2.1402599337167706e-06 +7.7957398354426217e-06
223.00000000 +5.0000000000000000e+00 +1.9999806496089083e+00 +1.8370904084338468e-03 +1.0000035612286031e+00 +1.0000043371008711e+00 +9.9999807890376780e-01 +1.0000015054997653e+00 +9.9999563113929091e-01 -6.1287898865247357e-06 -4.5589664925688333e-06 +3.3342081195948489e-06 +2.5010037523423744e-06 +1.7386040249192454e-06
223.50000000 +5.0000000000000000e+00 +1.9999564743961651e+00 +1.8603643481619819e-03 +9.9993890412014186e-01 +9.9999942291991006e-01 +9.9999800130699801e-01 +1.0000064848699235e+00 +9.9999634085429068e-01 +2.6980174913231854e-05 +9.8264648837224874e-06 +1.0880961326076063e-05 +1.5561268842820760e-05 -2.4029597915365590e-06
224.00000000 +5.0000000000000000e+00 +1.9999608322552107e+00 +1.8656670337263194e-03 +9.9992670531441152e-01 +1.0000010629322424e+00 +9.9999838131829688e-01 +1.0000002739661613e+00 +9.9999640328594852e-01 +2.4430329020623285e-05 +1.7252725811270617e-05 -9.9364295388645128e-07 +1.8907239213881373e-05 +1.7576498074534201e-05
224.50000000 +5.0000000000000000e+00 +1.9999702280214307e+00 +1.8537090396104792e-03 +9.9995689115067565e-01 +9.9999926263399075e-01 +9.9999656773429002e-01 +9.9999972108695079e-01 +1.0000032575556308e+00 +1.5992447902356458e-05 +6.1182698096897165e-06 +9.4526531516210981e-06 -4.1298932161490956e-06 +1.6866373433429335e-05
225.00000000 +5.0000000000000000e+00 +1.9999752818223289e+00 +1.8444636998804784e-03 +9.9997929321721246e-01 +9.9999478885493931e-01 +1.0000014187352491e+00 +1.0000042617176794e+00 +1.0000055301058730e+00 +7.8069874988004649e-06 -3.1802643040068258e-06 +2.6424656304797287e-06 -2.5645643259069445e-06 +1.0002751340954844e-05
225.50000000 +5.0000000000000000e+00 +1.9999668296747624e+00 +1.8552196948298935e-03 +9.9995637588134123e-01 +9.9999805586277080e-01 +9.9999780143283523e-01 +9.9999248672468322e-01 +1.0000016097968034e+00 +8.8836621314627579e-06 +7.5247584793967055e-06 +1.8229419657254945e-05 -2.3957075010364966e-07 +1.9272077870206219e-05
226.00000000 +5.0000000000000000e+00 +1.9999698090597566e+00 +1.8448011823720427e-03 +9.9997878493314940e-01 +1.0000000146822801e+00 +1.0000018997902267e+00 +1.0000050121070698e+00 +9.9999887271777599e-01 -8.4500904443779972e-06 +1.7847030976535285e-05 -4.6929941105421576e-06 -1.0553596980838035e-06 +1.1767151130451826e-05
226.50000000 +5.0000000000000000e+00 +1.9999599876193508e+00 +1.8510893982113560e-03 +9.9996305537297170e-01 +9.9999842746140555e-01 +1.0000018631342318e+00 +1.0000013899969709e+00 +9.9999960734350080e-01 +1.8759085007937946e-05 +2.1285087452292481e-06 -6.2495828285381863e-06 -8.1357520794325662e-07 +2.1832171545209472e-05
227.00000000 +5.0000000000000000e+00 +1.9999592854492050e+00 +1.8546550398436711e-03 +9.9995867275674799e-01 +1.0000023690824975e+00 +9.9999446144255677e-01 +9.9999568353525081e-01 +9.9999450877431473e-01 +1.6775591718320295e-05 +1.0380262450678507e-05 +5.7941797528122273e-06 +2.3840976216210857e-05 -2.4866814995888329e-06
227.50000000 +5.0000000000000000e+00 +1.9999520338252794e+00 +1.8616395458187149e-03 +9.9993869198797114e-01 +1.0000035578082551e+00 +1.0000035230760937e+00 +9.9999766406173984e-01 +9.9999646963513367e-01 +1.4726660329421997e-05 +7.8173469275702558e-06 +1.8680460868393609e-05 +5.3889741488939961e-06 +1.3480014599349210e-05
228.00000000 +5.0000000000000000e+00 +1.9999773878322602e+00 +1.8331787883337656e-03 +1.0000103205448467e+00 +1.0000062732086676e+00 +9.9999939946236882e-01 +1.0000072465925087e+00 +1.0000060940592768e+00 -9.2529214538798908e-06 -7.3302216348846057e-06 -3.3339649577277750e-06 -1.2100046048880417e-05 +2.6832803381357009e-06
228.50000000 +5.0000000000000000e+00 +1.9999667771675651e+00 +1.8497815107030979e-03 +9.9996918779700328e-01 +1.0000151529360293e+00 +1.0000025359654758e+00 +1.0000003521009873e+00 +9.9999716344270917e-01 -4.0947633023938070e-06 -6.6442581045227461e-06 +1.1043991406436766e-05 +5.2225957518912346e-06 +1.0080193936329163e-05
229.00000000 +5.0000000000000000e+00 +1.9999556639841407e+00 +1.8583320602590229e-03 +9.9994949575447811e-01 +9.9999459661874568e-01 +1.0000051054980403e+00 +1.0000019956695285e+00 +9.9999782699375772e-01 +1.7140791015756499e-05 +9.3239117738546080e-07 +6.0814061783024451e-06 -1.4990100607104460e-06 +2.8323904078495566e-05
229.50000000 +5.0000000000000000e+00 +1.9999719043953093e+00 +1.8501709726946810e-03 +9.9996546349737003e-01 +9.9999701159297583e-01 +9.9999845652919084e-01 +9.9999777208017493e-01 +9.9999514996215366e-01 -3.4208851434094470e-06 +4.0462560474287469e-06 +2.6170458361813327e-05 +5.2608640443584706e-06 +1.4089677663263871e-05
230.00000000 +5.0000000000000000e+00 +1.9999663262489944e+00 +1.8456913497369143e-03 +9.9998077025924936e-01 +9.9999871127165352e-01 +1.0000002556649925e+00 +9.9999637761172178e-01 +9.9999363997566382e-01 +1.7672875376820245e-05 +4.2718087587140107e-07 +4.8111842372023249e-06 +6.1476496328783248e-09 +7.3278376671699816e-06
230.50000000 +5.0000000000000000e+00 +1.9999616643383438e+00 +1.8533011265180934e-03 +9.9995780378796761e-01 +9.9999702280546388e-01 +9.9999202909491036e-01 +1.0000005665008482e+00 +1.0000003363174383e+00 +2.0461711315030158e-05 +4.0712433517199241e-06 +1.1969265468868119e-05 +4.4976065600160343e-06 +1.1241655023901365e-05
231.00000000 +5.0000000000000000e+00 +1.9999498184523761e+00 +1.8629761495641557e-03 +9.9993197381191179e-01 +9.9999673345659934e-01 +9.9999989549109514e-01 +1.0000004409428145e+00 +9.9999387753533930e-01 +3.2670563623623892e-05 +1.2971493273651328e-05 +1.8321394629397129e-05 +8.4771543042001295e-07 +1.2267603702294184e-05
231.50000000 +5.0000000000000000e+00 +1.9999576539369770e+00 +1.8637401041830782e-03 +9.9993427790309852e-01 +9.9999702749239772e-01 +9.9999782887709854e-01 +1.0000019193748180e+00 +9.9999179654693582e-01 +1.3202568661704614e-05 +1.1517342750415488e-05 +1.4240611104155927e-05 +1.4095403207677649e-05 +2.4093871285802666e-05
232.00000000 +5.0000000000000000e+00 +1.9999744833609880e+00 +1.8368075334296093e-03 +1.0000024517374271e+00 +1.0000046327119889e+00 +9.9999797617623509e-01 +1.0000019770408859e+00 +9.9999251862336402e-01 -1.6428146367662473e-05 +1.0524019120773210e-05 +1.5332552997944015e-05 +4.1746908781038735e-06 -1.3159420800641250e-05
232.50000000 +5.0000000000000000e+00 +1.9999560272239840e+00 +1.8521493438155587e-03 +9.9996356564555733e-01 +9.9999456856842206e-01 +1.0000051299314703e+00 +1.0000055708983704e+00 +1.0000009265089618e+00 +9.5482615593715016e-06 +1.4324611551763154e-05 +2.3805027541305862e-06 +1.3007863289035751e-05 -9.0227577524633062e-06
233.00000000 +5.0000000000000000e+00 +1.9999630086487912e+00 +1.8534078689487253e-03 +9.9995956084530602e-01 +1.0000005425582732e+00 +1.0000022730663307e+00 +9.9999896140656319e-01 +9.9999348363681151e-01 +2.4007149780005414e-05 +1.1724807802466001e-05 -3.5761737887022424e-06 +1.3297973822736891e-05 -2.7534698227974200e-07
233.50000000 +5.0000000000000000e+00 +1.9999685752907836e+00 +1.8479596701340699e-03 +9.9997408273715072e-01 +9.9999481252685640e-01 +9.9999766324226436e-01 +1.0000041067635517e+00 +9.9999464291042350e-01 +2.7541041473450396e-06 -4.6323178996924464e-06 +1.7184709548270305e-05 +2.5713081951439469e-06 +1.6813995789893224e-05
234.00000000 +5.0000000000000000e+00 +1.9999738948375838e+00 +1.8481855050655276e-03 +9.9997383494888925e-01 +9.9999500882037728e-01 +1.0000040521143208e+00 +9.9999920719340996e-01 +9.9999846149261051e-01 +5.5721867192231606e-06 -1.1221048723478264e-06 +2.5668868272127490e-06 +1.4418822199268858e-05 +7.9995874634820138e-06
234.50000000 +5.0000000000000000e+00 +1.9999609880635496e+00 +1.8655308415986348e-03 +9.9992521154617553e-01 +1.0000089282646849e+00 +9.9999956350389829e-01 +9.9999583352257282e-01 +9.9999633173010016e-01 +9.6892956146232139e-06 +3.0082728181159310e-05 +2.5103369563783897e-06 +1.2568672309147284e-05 +1.9280417999374997e-05
235.00000000 +5.0000000000000000e+00 +1.9999681978725397e+00 +1.8419907912261592e-03 +9.9999072376210518e-01 +1.0000038723513718e+00 +9.9999167060502292e-01 +9.9999465692811340e-01 +9.9999996827002102e-01 +1.2377390617109415e-05 +1.5688782743803275e-05 -1.1464955760350701e-06 -6.4615917643764802e-06 -1.3500270927111697e-06
235.50000000 +5.0000000000000000e+00 +1.9999518524085143e+00 +1.8553028240561719e-03 +9.9995505135739848e-01 +1.0000005728355850e+00 +1.0000027332542822e+00 +9.9999495641533764e-01 +9.9999259227332638e-01 +7.7214364899388259e-06 +3.6808807426243798e-06 +3.1310025040786397e-05 +1.0648078017219791e-05 +7.3346355272422553e-07
236.00000000 +5.0000000000000000e+00 +1.9999583089810693e+00 +1.8492235230752709e-03 +9.9997314757250677e-01 +1.0000029931911880e+00 +9.9998922031677406e-01 +9.9999566352135250e-01 +9.9999910778827916e-01 +1.8975254128851382e-05 +3.6367715123871009e-06 -9.3088209430117543e-06 +5.4229297673710024e-06 +2.1141442729411007e-05
236.50000000 +5.0000000000000000e+00 +1.9999593172452619e+00 +1.8445323759859141e-03 +9.9997845103017990e-01 +1.0000106559543678e+00 +9.9999610681394679e-01 +1.0000059045921514e+00 +9.9999456185111979e-01 +1.0143566305576097e-05 -1.0759064339567614e-05 +9.1328825473767591e-06 +5.5274651219062075e-06 +2.7494066610007523e-07
237.00000000 +5.0000000000000000e+00 +1.9999663480860475e+00 +1.8525233094288818e-03 +9.9996434046480964e-01 +9.9999977304900423e-01 +1.0000054314263453e+00 +9.9999058693459897e-01 +9.9998819787587334e-01 +2.6619944572896605e-05 +1.1991745219393435e-05 +4.7995541267865637e-06 +1.4249971053767278e-05 -5.9908926801262742e-06
237.50000000 +5.0000000000000000e+00 +1.9999550831440971e+00 +1.8450385377733242e-03 +9.9998163060055778e-01 +9.9999595885837467e-01 +9.9999572889322530e-01 +9.9999430971155134e-01 +1.0000035017599191e+00 +2.0405060448966981e-05 -1.2948395333370858e-05 +1.0538954573083695e-06 +5.8113685194667107e-06 +1.4548255780673582e-05
238.00000000 +5.0000000000000000e+00 +1.9999738986681457e+00 +1.8317489201794348e-03 +1.0000148291165416e+00 +1.0000059098353253e+00 +9.9999774035473155e-01 +9.9999810112597753e-01 +9.9998896851660635e-01 -7.4493404325890675e-06 +1.3424185670658620e-07 -2.5899354083561097e-06 -9.1569185418209483e-06 +1.3513035425113783e-05
238.50000000 +5.0000000000000000e+00 +1.9999639171830377e+00 +1.8601094200003975e-03 +9.9994195885331183e-01 +9.9999562830740785e-01 +9.9999548370554681e-01 +9.9999705364495439e-01 +1.0000018752247495e+00 +2.2099975996806123e-05 +2.1895618442860724e-05 -6.7247002931973810e-06 +1.9053564750816349e-05 +1.1675781350700745e-05
239.00000000 +5.0000000000000000e+00 +1.9999641033306490e+00 +1.8531577288218575e-03 +9.9995976092035510e-01 +1.0000031565245064e+00 +9.9999814974502432e-01 +9.9999811240892522e-01 +1.0000070389387581e+00 +5.1019447933810746e-06 -3.9861198474158571e-06 +1.8248862157528796e-05 +1.4856496930149907e-05 -4.3973995338072869e-07
239.50000000 +5.0000000000000000e+00 +1.9999643124379110e+00 +1.8408303367524043e-03 +9.9999314304344378e-01 +9.9999434014784339e-01 +9.9998753692634768e-01 +1.0000054638552542e+00 +9.9999728450231740e-01 -2.1921858931863876e-05 +1.1880997637098798e-05 +7.1314546172854512e-06 +4.1881166191391980e-06 +2.0952874298393857e-05
240.00000000 +5.0000000000000000e+00 +1.9999713297352526e+00 +1.8528287778005143e-03 +9.9996366801254288e-01 +1.0000002457480324e+00 +9.9999777981257254e-01 +9.9999649182652273e-01 +9.9999501167387816e-01 +2.2914935058941915e-05 -6.6706437531700757e-06 +6.3199152415780999e-06 +2.8692433477654232e-05 -4.4536967210187123e-06
240.50000000 +5.0000000000000000e+00 +1.9999877005660447e+00 +1.8361288806931851e-03 +1.0000039360808932e+00 +9.9999673502547715e-01 +9.9999489865432012e-01 +1.0000040160010055e+00 +1.0000005064998883e+00 +3.7375047541591548e-06 +1.0834877733039167e-05 +6.4287142238344507e-06 -1.3036581584940275e-05 -8.0567842119370642e-06
241.00000000 +5.0000000000000000e+00 +1.9999692578086461e+00 +1.8542599970885075e-03 +9.9995463129851303e-01 +9.9999868632429811e-01 +9.9999551208353710e-01 +1.0000044056298341e+00 +9.9999713641742727e-01 +7.7113451424336110e-07 +1.4876916003523103e-05 +1.5500331868912841e-05 +8.8515479506537777e-06 +9.6283842849649689e-06
241.50000000 +5.0000000000000000e+00 +1.9999806409308718e+00 +1.8486553115716435e-03 +9.9997251118004149e-01 +1.0000050591377998e+00 +9.9999683819024432e-01 +1.0000086640761705e+00 +9.9999892677922131e-01 +9.1334490739660581e-06 +4.6310058698109106e-06 -9.0107798653679387e-06 -1.6624491410293647e-05 +2.9871456083118977e-05
242.00000000 +5.0000000000000000e+00 +1.9999647137371490e+00 +1.8591110703158559e-03 +9.9993842406939981e-01 +1.0000038612928241e+00 +1.0000035129095672e+00 +1.0000009900576712e+00 +1.0000060239733619e+00 +1.4040640126665463e-05 +1.6915756291269316e-05 +1.0117503776328528e-05 +2.8116165558216752e-06 +3.3021709899060068e-06
242.50000000 +5.0000000000000000e+00 +1.9999473622843551e+00 +1.8628757724891054e-03 +9.9994165878396701e-01 +9.9999616745509956e-01 +9.9999193261441210e-01 +9.9999686695086676e-01 +9.9999375401467949e-01 +2.4483642606921115e-05 +1.2265949407717267e-05 +2.0013094104878925e-05 +1.9343417138956898e-05 +3.5140724238039253e-06
243.00000000 +5.0000000000000000e+00 +1.9999542884071104e+00 +1.8673371576527242e-03 +9.9991904561437661e-01 +1.0000005049840890e+00 +1.0000013796805745e+00 +1.0000003745059229e+00 +1.0000032168639517e+00 +1.8764980403009639e-05 +1.1014140224397132e-05 +7.9205317996979319e-06 +9.7024946610252499e-06 +2.8076199769173653e-05
243.50000000 +5.0000000000000000e+00 +1.9999735247052339e+00 +1.8420061758275196e-03 +9.9999143443652005e-01 +9.9999415524515844e-01 +1.0000051258758009e+00 +1.0000006617105468e+00 +1.0000020409760437e+00 -1.3431076949831807e-05 +3.8323672112869287e-06 +1.1249662609546033e-05 -2.0220214624210931e-06 +6.9527880546256641e-06
244.00000000 +5.0000000000000000e+00 +1.9999540292705029e+00 +1.8528999420089039e-03 +9.9996150749117318e-01 +1.0000022966657618e+00 +9.9999643628574586e-01 +1.0000028026968266e+00 +9.9999665982122654e-01 +1.2068987920015222e-06 +1.2979610244313468e-06 +2.6675876801170857e-05 +8.8657527444144918e-06 +2.2505206287070503e-06
244.50000000 +5.0000000000000000e+00 +1.9999496777878265e+00 +1.8494075569211958e-03 +9.9996987541620697e-01 +1.0000078449049479e+00 +1.0000011353230909e+00 +9.9999903064338891e-01 +9.9998872907426117e-01 +6.4914338996806406e-06 +7.9147377061514918e-06 -1.9942831581482170e-06 +2.0568314779019155e-05 +4.0442589571193518e-07
245.00000000 +5.0000000000000000e+00 +1.9999726782289882e+00 +1.8572285245890905e-03 +9.9995245973012514e-01 +9.9999221003513750e-01 +9.9999745195895606e-01 +1.0000117668438462e+00 +9.9999592916342361e-01 +2.8231072868060708e-05 +1.2426651219766517e-05 -7.9647960704230912e-06 +1.2424090487109061e-05 +5.0651990869111462e-06
245.50000000 +5.0000000000000000e+00 +1.9999574535267786e+00 +1.8605120237413025e-03 +9.9994235083204686e-01 +1.0000056500605672e+00 +9.9998899534796137e-01 +9.9999559665229676e-01 +1.0000074438654318e+00 +2.5347444387923191e-05 +1.0446369092539899e-05 +2.6274235976597312e-05 +9.3960969050484704e-06 -1.1500931517679685e-05
246.00000000 +5.0000000000000000e+00 +1.9999685626802994e+00 +1.8423344471454322e-03 +9.9999266874265125e-01 +9.9999064138904170e-01 +1.0000046397826978e+00 +9.9999699872987868e-01 +9.9998927433006768e-01 +2.0559700124560639e-05 -2.3829854849722123e-06 +7.4588425318495146e-06 -7.5397807682059399e-06 +7.6812216379800636e-06
246.50000000 +5.0000000000000000e+00 +1.9999802899232848e+00 +1.8480913093981536e-03 +9.9996872164919448e-01 +1.0000016035462400e+00 +1.0000168017268152e+00 +1.0000012937227698e+00 +1.0000075836864915e+00 +5.5305693441892894e-07 +7.5292439396545982e-06 -3.5222497167522180e-06 +1.1368888484657602e-06 -1.7012424993874007e-06
247.00000000 +5.0000000000000000e+00 +1.9999613120008495e+00 +1.8639845197454060e-03 +9.9993072341972433e-01 +9.9999515924002691e-01 +1.0000114979820238e+00 +1.0000017168436015e+00 +9.9999766930457890e-01 +9.5700366299607408e-06 +3.5997424340009468e-05 -6.7663126638287716e-06 +1.5584343862601345e-05 +8.8477012453950818e-06
247.50000000 +5.0000000000000000e+00 +1.9999301315326030e+00 +1.8851400285008102e-03 +9.9987925976643532e-01 +9.9999696730738452e-01 +1.0000089963625478e+00 +9.9999644096618012e-01 +1.0000055230793823e+00 +8.5462563897363214e-06 +2.1568887255082553e-05 +1.1423542608981178e-05 +3.4388383099766310e-05 +3.6885391937059464e-05
248.00000000 +5.0000000000000000e+00 +1.9999752467034198e+00 +1.8468278765255504e-03 +9.9997363628733738e-01 +1.0000028110981802e+00 +1.0000047173336575e+00 +1.0000050374191707e+00 +9.9999477916903723e-01 -7.8395612076941019e-06 -6.4462123726865327e-06 +9.9199913989533113e-06 +1.8391559934007862e-05 +4.9929498942854798e-06
248.50000000 +5.0000000000000000e+00 +1.9999604718686186e+00 +1.8476965121469679e-03 +9.9997275758006299e-01 +1.0000055639937633e+00 +1.0000027703604348e+00 +9.9999631090061469e-01 +9.9999477834458739e-01 +1.3614470395305184e-06 +6.7211232471100263e-06 +1.7468578032367051e-05 +3.7391257019597204e-06 -1.4714716643909963e-06
249.00000000 +5.0000000000000000e+00 +1.9999635693463707e+00 +1.8457724354486184e-03 +9.9997479195934569e-01 +1.0000093652262037e+00 +9.9999733815316638e-01 +1.0000032428739911e+00 +9.9999829193919865e-01 +1.5110888110241791e-05 +2.9294010150815797e-05 +4.5055853436408079e-06 -1.9045474182115006e-05 -1.2895120254279944e-05
249.50000000 +5.0000000000000000e+00 +1.9999576254368960e+00 +1.8632943855144879e-03 +9.9992918130245823e-01 +1.0000126124467443e+00 +9.9999390923120912e-01 +9.9998737788441416e-01 +9.9999358896269619e-01 +2.0860144382606931e-05 +3.4207068782014494e-05 +2.6679546758971584e-05 +4.5897512428029530e-06 -3.0062871449539953e-06
250.00000000 +5.0000000000000000e+00 +1.9999656724134094e+00 +1.8603128236277789e-03 +9.9993772383728119e-01 +1.0000024954726177e+00 +1.0000121169148588e+00 +1.0000096464814663e+00 +1.0000022289142163e+00 -6.3643523388003559e-08 +9.9488525972968423e-06 +1.0031886537122950e-05 +7.2785836578517013e-06 +8.5927538688331358e-06
250.50000000 +5.0000000000000000e+00 +1.9999625067127844e+00 +1.8627583349480005e-03 +9.9993051936198707e-01 +1.0000009353225439e+00 +9.9999355905940213e-01 +9.9999964509635242e-01 +9.9999391188307696e-01 +6.4222052884961299e-06 +2.5741427725137538e-05 +3.8610296101270095e-05 +4.4227336036109463e-06 +6.2326792242590020e-06
251.00000000 +5.0000000000000000e+00 +1.9999719936272284e+00 +1.8504353308397639e-03 +9.9996559951774755e-01 +9.9999483898154318e-01 +1.0000011268821321e+00 +9.9999649337316576e-01 +1.0000048711107252e+00 -1.7293253947820735e-06 +1.0293252105453124e-05 +6.2335269627003682e-06 +1.4083108884785091e-05 +8.1895479246936326e-06
251.50000000 +5.0000000000000000e+00 +1.9999729110535747e+00 +1.8613530244245299e-03 +9.9994047696889143e-01 +1.0000098424609727e+00 +1.0000101646689379e+00 +1.0000065240395548e+00 +9.9999027745359881e-01 +2.1294872308226282e-05 +7.8182171491776514e-07 -9.8124435618824400e-06 +1.8516990875755870e-05 +1.1933098686175321e-05
252.00000000 +5.0000000000000000e+00 +1.9999507973820705e+00 +1.8582788088675390e-03 +9.9994508164073848e-01 +9.9999776745164715e-01 +9.9999842969410657e-01 +9.9999671433184845e-01 +1.0000011403515712e+00 +2.2417735012792284e-05 +3.0928180917867722e-05 +1.2431047972332199e-05 -3.0130049885415680e-06 -1.8975216804431165e-06
252.50000000 +5.0000000000000000e+00 +1.9999579916646719e+00 +1.8700902601366165e-03 +9.9991784991710142e-01 +9.9999911665276808e-01 +9.9999988815232310e-01 +9.9999430170278347e-01 +1.0000083596296800e+00 -6.5614574052868208e-06 -4.4189789610019330e-07 +3.8319814973932337e-05 +2.1427482115622401e-05 +2.7740036166251081e-05
253.00000000 +5.0000000000000000e+00 +1.9999783413433487e+00 +1.8344677172370651e-03 +1.0000107997150276e+00 +9.9999560279901767e-01 +9.9999413918958246e-01 +9.9998985149445296e-01 +9.9999533030518095e-01 +7.1418973013090650e-06 -2.8381652054645540e-05 +7.0695400050126021e-06 +3.7785659175406599e-05 -9.3389583682306281e-06
253.50000000 +5.0000000000000000e+00 +1.9999735632015143e+00 +1.8502181353533158e-03 +9.9996440485071802e-01 +9.9998889725294149e-01 +9.9998427690960445e-01 +1.0000050971371617e+00 +1.0000000499887740e+00 +2.5170142888628282e-05 +1.0911240052713648e-05 +4.6294462263640114e-06 +1.1471244884532564e-05 +5.0917686195152416e-06
254.00000000 +5.0000000000000000e+00 +1.9999791810629415e+00 +1.8400610624225780e-03 +9.9999172632365052e-01 +9.9999663581635156e-01 +9.9999928778175162e-01 +9.9999765066644375e-01 +9.9999969034001457e-01 -2.2131615764051895e-05 +2.1680829699685163e-05 +1.1475092149410196e-05 +4.6918079640302003e-06 -7.0702566175406672e-07
254.50000000 +5.0000000000000000e+00 +1.9999740389355523e+00 +1.8443157799897163e-03 +9.9998200745855492e-01 +9.9999896088555129e-01 +1.0000065990801006e+00 +1.0000010420795207e+00 +1.0000005038011537e+00 +2.6862931053119808e-06 +1.5438061319514750e-05 -1.3917453199318404e-05 +2.1562139528422599e-06 +4.5236395196605401e-06
255.00000000 +5.0000000000000000e+00 +1.9999654011248571e+00 +1.8527710767749048e-03 +9.9995966914227963e-01 +9.9999760279970240e-01 +9.9999388778406462e-01 +9.9999926365042124e-01 +1.0000059107625250e+00 +2.2482239390004326e-05 +3.2884974983018473e-05 -7.2387585724924380e-06 +3.4851589949392755e-06 -7.9476963926276190e-06
255.50000000 +5.0000000000000000e+00 +1.9999733654857657e+00 +1.8376701644713916e-03 +1.0000015436458711e+00 +9.9999019986307291e-01 +1.0000098041903260e+00 +9.9999011725823939e-01 +9.9999679642747841e-01 +1.6049481140477644e-05 +1.1819167974023379e-05 -5.6391254241927278e-06 -1.0975488729502793e-05 +2.8454956739910208e-07
256.00000000 +5.0000000000000000e+00 +1.9999700218978322e+00 +1.8563741619736212e-03 +9.9995590737562168e-01 +1.0000001095405597e+00 +9.9999672509626603e-01 +1.0000022668584079e+00 +9.9999635891368133e-01 -1.3835590609598251e-05 +2.4148343962665133e-05 +8.6213322034799441e-06 +9.5852148837718978e-06 +2.0112931463722265e-05
256.50000000 +5.0000000000000000e+00 +1.9999479978536776e+00 +1.8570469045670653e-03 +9.9994508505678636e-01 +9.9999746597775596e-01 +1.0000055705139148e+00 +9.9999115362982138e-01 +1.0000027316235462e+00 +1.6353312325759450e-05 +2.0017540471829243e-05 +2.0178421655670651e-05 -1.0780854217541191e-05 +1.2224813774438567e-05
257.00000000 +5.0000000000000000e+00 +1.9999795535876101e+00 +1.8373064755912865e-03 +9.9999672619108648e-01 +9.9999253883558081e-01 +1.0000085161123804e+00 +1.0000040287034249e+00 +1.0000001838459440e+00 -2.7729353056292809e-06 -1.8498695734214179e-05 +1.1651137324016547e-05 +4.0914761993777609e-06 +3.5353391005195296e-06
257.50000000 +5.0000000000000000e+00 +1.9999597331726815e+00 +1.8547927234202350e-03 +9.9995787168607664e-01 +1.0000025124687415e+00 +9.9998009925143971e-01 +1.0000031303782839e+00 +9.9999698885179733e-01 +2.3348693493203548e-05 +3.1089203715683347e-05 +2.6516995328845861e-06 +1.5943961902798634e-06 +7.1333601980389305e-07
258.00000000 +5.0000000000000000e+00 +1.9999441532960525e+00 +1.8645529502487848e-03 +9.9993005527683521e-01 +9.9999717406654498e-01 +9.9999820079832991e-01 +9.9998858487829301e-01 +9.9999843633663510e-01 +2.5024161934231062e-05 +5.7430084827274128e-07 +3.0429990827383214e-05 -5.9826684400602638e-07 +3.2118427965432732e-05
258.50000000 +5.0000000000000000e+00 +1.9999817956136818e+00 +1.8243310068348508e-03 +1.0000388707462371e+00 +1.0000047851006539e+00 +9.9998338840555012e-01 +9.9999288897115579e-01 +1.0000106497823447e+00 +1.6231523537806457e-06 -9.3513033137845492e-06 -7.9666166372333230e-06 -6.0870681909904599e-06 -8.8011926239306247e-06
259.00000000 +5.0000000000000000e+00 +1.9999687892044407e+00 +1.8520500907352104e-03 +9.9996176330229414e-01 +9.9999875151252893e-01 +9.9999715219136820e-01 +1.0000001015656923e+00 +9.9999832347189821e-01 +1.6535157349903527e-05 +4.3251785462718972e-06 -3.4304822707180332e-07 +2.1027928838931701e-06 +2.1287906521855975e-05
259.50000000 +5.0000000000000000e+00 +1.9999552570756902e+00 +1.8750333319425521e-03 +9.9990046365653562e-01 +1.0000068714336012e+00 +9.9999903587977990e-01 +9.9999791942696425e-01 +9.9999657531582675e-01 +2.3061677508972364e-05 +2.7085406426562295e-05 +6.6376214170547682e-06 +1.9572766900989475e-05 +2.2776863091197297e-05
260.00000000 +5.0000000000000000e+00 +1.9999762376339312e+00 +1.8515565252228948e-03 +9.9996878604415240e-01 +1.0000083052857287e+00 +1.0000048457945396e+00 +9.9999899514184976e-01 +9.9999984123513308e-01 -2.2664421732373214e-05 +3.1956720635712010e-05 -2.1039011532346983e-05 +4.3008021388358778e-06 +2.6672465856498188e-05
260.50000000 +5.0000000000000000e+00 +1.9999545819429987e+00 +1.8575519922151874e-03 +9.9994813833496199e-01 +9.9999305533860949e-01 +1.0000051800005858e+00 +9.9999522733342627e-01 +1.0000007738590990e+00 -4.4889567311459374e-06 +2.9475967887145917e-05 +1.1896839136264221e-05 +7.0755086050601512e-06 +1.3665729635936973e-05
261.00000000 +5.0000000000000000e+00 +1.9999678145500717e+00 +1.8538838435891737e-03 +9.9996089918824616e-01 +1.0000011874683166e+00 +9.9999767538892481e-01 +1.0000055149957232e+00 +1.0000044493103195e+00 +1.5601896018591919e-05 -1.2295704658471585e-06 +1.4923521454066549e-05 +1.6795439514299832e-06 -7.0176024504424465e-07
261.50000000 +5.0000000000000000e+00 +1.9999651300325019e+00 +1.8626951383428035e-03 +9.9993877721412328e-01 +9.9999183780408485e-01 +1.0000054379439964e+00 +1.0000046658472823e+00 +1.0000020664344536e+00 +5.2362241073130365e-06 +9.4039887141291348e-06 +4.0648878363355099e-06 +2.5528400795736992e-05 +1.2981253748237332e-05
262.00000000 +5.0000000000000000e+00 +1.9999641249056950e+00 +1.8569090904306123e-03 +9.9995350258616111e-01 +1.0000058263100615e+00 +9.9999975763472360e-01 +1.0000074217512631e+00 +9.9999370433271073e-01 +1.0844597942726579e-05 +1.1540935367167924e-05 +7.3707325184055958e-06 +9.6895659929231192e-06 +3.4156686079564827e-07
262.50000000 +5.0000000000000000e+00 +1.9999428142425959e+00 +1.8649416260978291e-03 +9.9992571542792519e-01 +9.9999293391226129e-01 +1.0000098188837976e+00 +1.0000054542302157e+00 +9.9998702997676647e-01 +2.3470129644536606e-05 +1.0991425320019826e-05 +1.1533627095671324e-05 +1.8591265871690588e-05 +1.4461118438487758e-05
263.00000000 +5.0000000000000000e+00 +1.9999820997791162e+00 +1.8402292714761854e-03 +9.9999717318477332e-01 +9.9999257825824361e-01 +1.0000065244209138e+00 +9.9999838370615546e-01 +9.9999518867102588e-01 -8.6651171625630537e-08 -1.4670708256772207e-06 -1.4464606883771403e-06 -6.4823805058918942e-06 +1.9634270584150479e-05
263.50000000 +5.0000000000000000e+00 +1.9999502031632745e+00 +1.8434454654679834e-03 +9.9998251603386812e-01 +1.0000076362297410e+00 +9.9999962934907849e-01 +9.9999803666516562e-01 +9.9999774198363101e-01 +3.5592761303445205e-05 -8.9950165153696208e-06 -1.1215229435320172e-05 -5.3081947867410689e-06 +4.3654056182986947e-06
264.00000000 +5.0000000000000000e+00 +1.9999830678567361e+00 +1.8490128187619997e-03 +9.9997605959981961e-01 +9.9999849174634670e-01 +9.9999317604713045e-01 +1.0000112844828490e+00 +9.9999238618076813e-01 +2.1289171453803232e-06 +7.6011254534068365e-07 +1.2974818375576490e-05 -8.1017047859487105e-06 +2.0839823043302157e-05
264.50000000 +5.0000000000000000e+00 +1.9999522696613174e+00 +1.8615967713782381e-03 +9.9993391574934498e-01 +9.9999327577992281e-01 +9.9999923704485272e-01 +1.0000128518690383e+00 +9.9999570212259714e-01 +3.4144864753164113e-05 +2.1543634436114169e-05 -9.8417879202077956e-06 +6.4901258621649825e-06 +1.2680616773772489e-05
265.00000000 +5.0000000000000000e+00 +1.9999607639249373e+00 +1.8491031646072291e-03 +9.9996906403454910e-01 +1.0000007283580787e+00 +1.0000023337432027e+00 +1.0000067302413267e+00 +1.0000079936700297e+00 +1.5238067474292520e-05 +1.3859916379829436e-05 -2.7061276944157688e-06 -4.9662821431481676e-06 -8.2756682014619772e-06
265.50000000 +5.0000000000000000e+00 +1.9999428748089025e+00 +1.8857377235089708e-03 +9.9988017439370414e-01 +9.9998049319395099e-01 +1.0000078520935827e+00 +9.9998645144912501e-01 +9.9999882779897953e-01 +4.3395829064835054e-05 +3.8679742010171521e-05 +2.9162445942337703e-05 +2.0616302439913890e-05 +1.4346699154112518e-05
266.00000000 +5.0000000000000000e+00 +1.9999693976442219e+00 +1.8652910779502069e-03 +9.9992231877469817e-01 +9.9998751967866228e-01 +1.0000014284746890e+00 +1.0000037351473503e+00 +1.0000052455603707e+00 +3.9414999688756024e-05 +1.0219542068217531e-05 +1.6598436151826013e-05 +2.0783178973481628e-05 -7.2638148418199793e-06
266.50000000 +5.0000000000000000e+00 +1.9999535904695660e+00 +1.8566730202570685e-03 +9.9995532809799437e-01 +1.0000016272295664e+00 +9.9998915468015392e-01 +1.0000025376234090e+00 +9.9998998443254483e-01 +1.1934430115426203e-06 +2.9740705230037979e-05 +9.3008259064890096e-06 +2.5699897094077526e-05 -4.5668833402613016e-06
267.00000000 +5.0000000000000000e+00 +1.9999622220762676e+00 +1.8586645067457655e-03 +9.9994692857448719e-01 +9.9998852208680400e-01 +9.9999775755224118e-01 +9.9999625594587604e-01 +1.0000074032803545e+00 +8.9678057807967947e-06 +1.9474245572340630e-06 +9.5872277093599940e-06 +4.2848760281835576e-05 -2.1866367070781212e-07
267.50000000 +5.0000000000000000e+00 +1.9999509814958307e+00 +1.8775801545987693e-03 +9.9989552478409571e-01 +1.0000031765430255e+00 +1.0000141946229364e+00 +1.0000051576879476e+00 +9.9999501370186850e-01 +2.9956787816193998e-05 +7.6496618843177373e-06 +3.5275055601420969e-06 +3.8297140093293509e-05 +7.5015626411715502e-06
268.00000000 +5.0000000000000000e+00 +1.9999827268659409e+00 +1.8530564883137758e-03 +9.9995066262705001e-01 +9.9999430756156771e-01 +1.0000111039107755e+00 +1.0000038867171168e+00 +1.0000051687767393e+00 +5.9598970851091781e-06 +2.8261947356387987e-05 -1.0810079713327398e-05 +5.4465618949190607e-07 +1.0913983574723480e-05
268.50000000 +5.0000000000000000e+00 +1.9999503705128043e+00 +1.8638126709359891e-03 +9.9992759330961412e-01 +1.0000082467755420e+00 +1.0000041894287295e+00 +9.9999731339590969e-01 +1.0000215328880313e+00 -2.3854696837275347e-05 +4.3503330523384365e-05 +1.8184055010817128e-06 +3.2303739644463094e-05 -1.2646547829101943e-05
269.00000000 +5.0000000000000000e+00 +1.9999708345375944e+00 +1.8629390979680216e-03 +9.9993167503273450e-01 +9.9999225761386179e-01 +1.0000132881366144e+00 +1.0000068269932301e+00 +9.9999795077328146e-01 +4.2193750230034706e-06 +2.3818263843336818e-05 -3.5465157523513075e-07 +9.4665727425656585e-06 +2.0851947900809420e-05
269.50000000 +5.0000000000000000e+00 +1.9999485383365225e+00 +1.8631213420124250e-03 +9.9993688082730769e-01 +9.9998983258151641e-01 +9.9999126808191230e-01 +9.9999275560981093e-01 +9.9999946210264401e-01 +2.5858747693129316e-05 +3.6148427172461534e-05 +4.7601773545392639e-06 -2.2710703741778219e-06 +2.5304460702370510e-05
270.00000000 +5.0000000000000000e+00 +1.9999477872029430e+00 +1.8481852898411841e-03 +9.9997743954581819e-01 +9.9999461484876162e-01 +1.0000087678844110e+00 +9.9999468755883236e-01 +9.9998660965108854e-01 +3.1418021951683522e-06 +1.3529256083443429e-05 +9.0410060315673646e-06 +6.7572391716888811e-06 +5.4111976393123760e-06
270.50000000 +5.0000000000000000e+00 +1.9999536085387999e+00 +1.8596029649083647e-03 +9.9993832316359310e-01 +1.0000073579965592e+00 +1.0000113596734219e+00 +9.9999877431857098e-01 +9.9999144350593616e-01 +1.3381873511483053e-05 -3.1025866845381305e-05 +5.1678349334772530e-05 +8.9282832991368418e-06 +9.7787210444647600e-06
271.00000000 +5.0000000000000000e+00 +1.9999687532002803e+00 +1.8328410368272888e-03 +1.0000140843773051e+00 +9.9999382532490411e-01 +9.9998641609241279e-01 +1.0000028241145531e+00 +9.9998775892468161e-01 -3.1202234800693161e-05 +5.3365883815653301e-06 +3.4292398202230659e-05 +1.0868484823836837e-05 -4.2041069989323786e-06
271.50000000 +5.0000000000000000e+00 +1.9999545820054463e+00 +1.8533484401051013e-03 +9.9995055188347948e-01 +9.9999380658981141e-01 +1.0000009412894653e+00 +1.0000225871221200e+00 +9.9999538064226956e-01 +2.0609015382171985e-05 +2.3090862250760010e-05 -1.4994144739172432e-05 +2.8156657951615877e-06 +5.2110412597636735e-06
272.00000000 +5.0000000000000000e+00 +1.9999720414009443e+00 +1.8587885964386072e-03 +9.9993996750817615e-01 +9.9999541401083103e-01 +1.0000061741883624e+00 +9.9999882760499659e-01 +9.9999430354948660e-01 +8.3781532031327390e-07 +8.8968174414042754e-06 +2.5770265640134190e-05 +9.5750133392588821e-06 +2.0233219177358714e-05
272.50000000 +5.0000000000000000e+00 +1.9999749963266258e+00 +1.8448330022891070e-03 +9.9999076866020131e-01 +9.9999842444340614e-01 +9.9999845675769949e-01 +9.9998753539970198e-01 +1.0000086255801537e+00 -9.5879734185698705e-06 -5.5687927766808908e-06 +1.6297087624105745e-05 +1.1859625297003356e-05 +3.1892426119447450e-06
273.00000000 +5.0000000000000000e+00 +1.9999810149784301e+00 +1.8490668242007614e-03 +9.9997295212151571e-01 +9.9999864731599875e-01 +9.9999371235834622e-01 +1.0000048227607550e+00 +1.0000079062412339e+00 -8.0478086639852933e-06 +5.7069745463255327e-07 +1.0107397935146609e-05 -2.6937139340041158e-06 +2.2022668219030012e-05
273.50000000 +5.0000000000000000e+00 +1.9999370241685266e+00 +1.8941552426576483e-03 +9.9985798720951646e-01 +9.9999714860917510e-01 +9.9998782732027081e-01 +1.0000030742984569e+00 +1.0000014295769684e+00 +3.1836515817965467e-05 +3.2035607359044596e-05 +1.5553812800136646e-05 +2.3696948290856584e-05 +4.9410102155981234e-05
274.00000000 +5.0000000000000000e+00 +1.9999545519985054e+00 +1.8485430528735168e-03 +9.9997360995245443e-01 +1.0000115963754297e+00 +9.9999487746667981e-01 +9.9999282024843117e-01 +9.9999956524087275e-01 -2.0664376850495810e-05 +3.0536945030849847e-05 +3.3290764999130383e-05 -2.1673965531231767e-05 +6.0413119676373101e-06
274.50000000 +5.0000000000000000e+00 +1.9999488872486535e+00 +1.8626225646561389e-03 +9.9993450084111923e-01 +9.9999579496447377e-01 +1.0000009922916895e+00 +9.9999571168043155e-01 +1.0000122713693000e+00 -9.9900828878146231e-07 +2.0942011734002012e-05 -6.1700694224516116e-06 +4.1062922682946426e-05 +5.8930287085916387e-06
275.00000000 +5.0000000000000000e+00 +1.9999743795425085e+00 +1.8268016708681395e-03 +1.0000280239319992e+00 +9.9999337777168718e-01 +1.0000031872728046e+00 +9.9999741708750089e-01 +1.0000056765047867e+00 +5.6262765925514841e-06 -1.7198150438344020e-05 +2.5989112364705273e-07 -2.7612068682681225e-05 +1.1241522368461447e-05
275.50000000 +5.0000000000000000e+00 +1.9999820616451294e+00 +1.8209759182717168e-03 +1.0000420632008924e+00 +9.9999580354729467e-01 +9.9999431554119667e-01 +1.0000025375396142e+00 +9.9999905713509019e-01 +1.0977801881245136e-05 -1.6981469986513492e-05 +7.0071450015599331e-06 +2.0650828833604729e-05 -5.5431266015235947e-05
276.00000000 +5.0000000000000000e+00 +1.9999825867025345e+00 +1.8386876119071858e-03 +9.9999393163157746e-01 +9.9999651284739577e-01 +1.0000009030459989e+00 +1.0000060165755507e+00 +1.0000113240144479e+00 -1.7599285096878776e-06 -5.0197994875772556e-06 +4.5443645310695010e-06 -1.1818383013645957e-05 +5.3656212973256753e-06
276.50000000 +5.0000000000000000e+00 +1.9999335928800248e+00 +1.8661590800139170e-03 +9.9992769175140361e-01 +9.9999767553523788e-01 +9.9999401891410533e-01 +1.0000053937291891e+00 +1.0000077237901401e+00 +1.2482079140931396e-05 +2.5071119622272392e-05 +2.3972202574358736e-05 +2.8053963201860780e-05 -2.2083069868094409e-05
277.00000000 +5.0000000000000000e+00 +1.9999634872312444e+00 +1.8341541632448232e-03 +1.0000166054935373e+00 +1.0000061727810099e+00 +9.9999893777583659e-01 +9.9998960861703856e-01 +9.9999984301956923e-01 -1.2356731478309210e-05 -2.4097266111087091e-05 +2.3945891489266884e-05 -3.1089345071977331e-07 +1.6512771111868987e-06
277.50000000 +5.0000000000000000e+00 +1.9999493020565633e+00 +1.8521573172373045e-03 +9.9996621238730665e-01 +9.9999318274126703e-01 +1.0000136146837035e+00 +9.9998444669328312e-01 +1.0000079634963956e+00 +3.9453123433335760e-05 -1.4042525707520409e-05 -1.3678935652355290e-05 +1.0663487730233582e-05 +1.2184826994135941e-05
278.00000000 +5.0000000000000000e+00 +1.9999408480487928e+00 +1.8575216525972954e-03 +9.9993872777379744e-01 +9.9999936480426022e-01 +1.0000155202952108e+00 +1.0000295372162502e+00 +1.0000055959945784e+00 +7.8960405954858626e-06 +2.4635476069222578e-06 -2.0820410599385967e-05 -1.6897242664792640e-06 +2.3404464337689753e-05
278.50000000 +5.0000000000000000e+00 +1.9999340877701197e+00 +1.8443945331875521e-03 +9.9998257329400797e-01 +9.9999456245218055e-01 +1.0000136515404763e+00 +9.9999873297967057e-01 +1.0000038429309037e+00 +1.0285552999204697e-05 -6.1695657777907256e-06 -3.5960557792228782e-05 +5.2921097197615689e-06 +3.3189260636994711e-05
279.00000000 +5.0000000000000000e+00 +1.9999508845228633e+00 +1.8657635798323543e-03 +9.9991811822198307e-01 +9.9999809109290461e-01 +9.9999108010982130e-01 +1.0000143159771679e+00 +9.9999271766746156e-01 +1.9770676087688078e-05 +2.5157941269868237e-06 +2.7850480182191660e-05 +3.2921099435129163e-05 +2.6188703764976375e-06
279.50000000 +5.0000000000000000e+00 +1.9999493616668191e+00 +1.8382885420885381e-03 +9.9999915093726954e-01 +1.0000024496182851e+00 +1.0000062178925653e+00 +9.9999334419452757e-01 +1.0000054097094984e+00 -2.9336346793890125e-05 +1.8402826298743425e-05 +2.3689458057220504e-05 -1.3230070607167815e-05 -6.0981930681940427e-06
280.00000000 +5.0000000000000000e+00 +1.9999388557566671e+00 +1.8423714887473603e-03 +9.9998948847243230e-01 +9.9998905222302314e-01 +9.9999963396039981e-01 +1.0000073794910285e+00 +9.9999211590366677e-01 +2.9790210170088867e-05 -1.0508794145910318e-05 -1.0646462813709112e-05 +4.3522385059502056e-06 +9.3427133901831370e-06
280.50000000 +5.0000000000000000e+00 +1.9999434406491505e+00 +1.8701100821745410e-03 +9.9991269437757568e-01 +1.0000021400515466e+00 +9.9999334514856864e-01 +9.9998252983925850e-01 +1.0000199627174957e+00 -2.7408043812293683e-05 +1.6331018233619909e-05 +2.8680300022573002e-05 +4.3821478228711161e-05 +2.7903075538584956e-05
281.00000000 +5.0000000000000000e+00 +1.9999105724921526e+00 +1.8433170801444027e-03 +9.9998828479776058e-01 +9.9999567112858723e-01 +9.9998571423250560e-01 +9.9998649839730480e-01 +1.0000089739317701e+00 +8.5693108827963166e-06 -1.5950957177613192e-06 +3.5782562567957825e-05 +9.1333615640377508e-07 -8.8126265621830012e-06
281.50000000 +5.0000000000000000e+00 +1.9999636832459040e+00 +1.8587960176477669e-03 +9.9994540334972826e-01 +9.9999523837355586e-01 +9.9998571706531947e-01 +1.0000003326349818e+00 +1.0000015885661022e+00 +1.7963859311514144e-07 +2.5731851515966402e-05 -1.4933322366437485e-05 +5.8398901695641722e-05 +2.3429597743318758e-06
282.00000000 +5.0000000000000000e+00 +1.9999251664832025e+00 +1.8469235038917182e-03 +9.9997276163513715e-01 +1.0000065905701321e+00 +1.0000068121227754e+00 +1.0000003049619857e+00 +9.9999395859940732e-01 -1.7941966555149858e-05 +1.2396820680017895e-05 +1.6045420893737607e-05 -5.7136914046002912e-06 +1.4785516662062795e-05
282.50000000 +5.0000000000000000e+00 +1.9998909543292127e+00 +1.8912026545462430e-03 +9.9986190794965490e-01 +9.9998616421566711e-01 +1.0000071155208003e+00 +9.9999266084093308e-01 +9.9998385247670918e-01 +2.1947381635884599e-05 +3.1799721405447103e-05 +9.2695999792814743e-06 +4.4436324142399600e-05 +6.0845951611476214e-05
283.00000000 +5.0000000000000000e+00 +1.9999343576233137e+00 +1.8548167843089704e-03 +9.9995531546375260e-01 +9.9999496487668094e-01 +9.9999736109630888e-01 +9.9999711974135885e-01 +9.9998811693436895e-01 -5.1392119870424036e-06 +2.9521629898040758e-05 -1.0410256251907653e-05 +5.1229544528271628e-05 +1.9201673297020334e-06
283.50000000 +5.0000000000000000e+00 +1.9999063465596865e+00 +1.8639059825333595e-03 +9.9993010286833617e-01 +9.9998255215399989e-01 +1.0000059242058428e+00 +9.9998841173559472e-01 +1.0000142715904685e+00 +4.5506169752417127e-05 -2.8800874660222535e-06 +7.4747306376913346e-06 +7.9055226731284072e-06 +2.0731097202465713e-05
284.00000000 +5.0000000000000000e+00 +1.9999468423693547e+00 +1.8905958206008172e-03 +9.9985819917821050e-01 +9.9999402457324771e-01 +1.0000059559474259e+00 +1.0000038683851133e+00 +9.9999191662423159e-01 +3.5555783168293889e-05 +2.3287295346625160e-05 +4.4484056029613413e-05 +3.1630521103897894e-05 +1.1077649478980636e-05
284.50000000 +5.0000000000000000e+00 +1.9999584782705597e+00 +1.8333751739577726e-03 +1.0000011228699333e+00 +9.9999960313763081e-01 +1.0000037355337668e+00 +9.9999317541297417e-01 +9.9999595068386549e-01 +1.0614113484148633e-05 +2.1991114248760412e-05 +5.0992062077777511e-06 -3.7798056890396009e-06 -2.7512294020232057e-05
285.00000000 +5.0000000000000000e+00 +1.9999389033108399e+00 +1.8620329220348072e-03 +9.9992973630686033e-01 +1.0000080391365105e+00 +1.0000115978721533e+00 +1.0000168980130348e+00 +9.9998930558170451e-01 +2.4974562785308670e-05 +1.8579413424051789e-06 -1.6544510254882942e-05 +1.3495833301586576e-05 +2.0639265221018873e-05
285.50000000 +5.0000000000000000e+00 +1.9999935095472892e+00 +1.8297772360389558e-03 +1.0000270641686115e+00 +1.0000027190185943e+00 +1.0000000635475872e+00 +9.9999627835543325e-01 +1.0000031950249035e+00 +2.1848039509965217e-05 +7.0995108501224661e-07 -2.8797633509490328e-05 -8.0544078706402886e-06 -1.5026046039994506e-05
286.00000000 +5.0000000000000000e+00 +1.9999006014593870e+00 +1.8707761141423369e-03 +9.9991674398108021e-01 +1.0000060875615000e+00 +9.9999311826692416e-01 +9.9999423454498915e-01 +1.0000016010083199e+00 +1.7377328909493184e-05 +9.9969650684105790e-06 +3.0441101921097185e-05 -1.0992307568107776e-06 +3.1498494554061849e-05
286.50000000 +5.0000000000000000e+00 +1.9998898317133353e+00 +1.9019062538269218e-03 +9.9982601834754736e-01 +1.0000101163463380e+00 +9.9999920327587977e-01 +9.9998782669249242e-01 +9.9998864253449693e-01 +5.7147293950948327e-05 +3.5389258170755278e-05 +1.6781569209556985e-05 +3.4267963288622082e-05 +4.4606729872372941e-05
287.00000000 +5.0000000000000000e+00 +1.9999954192926876e+00 +1.8260704317895882e-03 +1.0000201493651222e+00 +1.0000121771186581e+00 +1.0000063702172290e+00 +1.0000083946443541e+00 +9.9999069425589204e-01 -1.5135835986337132e-05 -2.1376559216859417e-05 +8.4675202249074572e-06 -5.0904696428860916e-05 +4.1164024651094799e-05
287.50000000 +5.0000000000000000e+00 +1.9999019339756829e+00 +1.8921806314666353e-03 +9.9985943484570394e-01 +1.0000139975599578e+00 +1.0000002073255034e+00 +1.0000026631362504e+00 +1.0000112808835067e+00 -3.8990488797755453e-06 +3.3757429676398223e-05 +1.9707774003568577e-05 +3.2307831941810819e-05 +3.0542278545716305e-05
288.00000000 +5.0000000000000000e+00 +1.9999276495181433e+00 +1.8725045871391174e-03 +9.9991405381696952e-01 +1.0000016340714863e+00 +1.0000075787643057e+00 +1.0000197198098164e+00 +9.9998633404583204e-01 +2.2349367207023837e-05 +1.3302708437843198e-05 +2.5928170942908622e-05 +1.2218185126151343e-05 -3.1189093098222675e-06
288.50000000 +5.0000000000000000e+00 +1.9999435912937229e+00 +1.8764973771507516e-03 +9.9989774158793177e-01 +1.0000100622474697e+00 +1.0000115026633962e+00 +1.0000059361942668e+00 +9.9998689480646696e-01 -3.1655271191491383e-05 +1.6733163502341190e-05 +2.7657031757987546e-05 +4.0132478844048663e-05 +3.4995076736492567e-05
289.00000000 +5.0000000000000000e+00 +1.9998836292543132e+00 +1.8807792649638898e-03 +9.9988745612000551e-01 +1.0000046189822931e+00 +1.0000175212394826e+00 +9.9996902464673898e-01 +1.0000286920984240e+00 +1.9652178621038903e-05 +1.6755022886423786e-05 +3.6968252103363266e-05 +4.0379579965728492e-07 +1.8907660678336845e-05
289.50000000 +5.0000000000000000e+00 +1.9999457199747692e+00 +1.8566581672305551e-03 +9.9995106328268946e-01 +9.9999852813557089e-01 +1.0000060103138957e+00 +9.9998890826128728e-01 +1.0000122362617436e+00 +4.7108496540304936e-05 +1.8186586205848558e-06 +1.1686182539730162e-05 -1.2615790530353293e-05 -4.7438547137879557e-06
290.00000000 +5.0000000000000000e+00 +1.9999713143690623e+00 +1.8562750433617616e-03 +9.9994537980015274e-01 +9.9999142531856755e-01 +1.0000134241792709e+00 +9.9999743451389922e-01 +1.0000112065922955e+00 -1.0118254516860779e-06 +4.0539579318168909e-06 +3.7651728696054109e-05 +2.6085645852937420e-05 -2.5649943366595898e-05
290.50000000 +5.0000000000000000e+00 +1.9998987968473514e+00 +1.8491853424769790e-03 +9.9997037947304312e-01 +9.9998821384809711e-01 +1.0000006031883775e+00 +9.9998723894470787e-01 +9.9999184198035307e-01 +1.8885381355419787e-05 -1.3382242694753530e-06 +1.8923414849007514e-05 +4.2337655638439120e-05 -1.7085672228163518e-05
291.00000000 +5.0000000000000000e+00 +1.9999123539489152e+00 +1.8656174268365797e-03 +9.9993275272771021e-01 +9.9999691829241333e-01 +9.9997640265205201e-01 +1.0000025854914676e+00 +1.0000130048547973e+00 +1.7571797798915996e-05 +1.7486943014744575e-05 +1.0290365578845546e-05 -5.1048049832104663e-06 +3.8091730221435536e-05
291.50000000 +5.0000000000000000e+00 +1.9999164703771495e+00 +1.8393376580867445e-03 +9.9998202991477936e-01 +1.0000044340773737e+00 +9.9999383436115741e-01 +9.9999876628488304e-01 +1.0000157554746416e+00 +2.6288745809387270e-05 -2.8034208775544077e-05 +4.3520524792713922e-06 -2.3253437230298786e-06 +4.8986037749138184e-06
292.00000000 +5.0000000000000000e+00 +1.9999374875149589e+00 +1.8446711014321576e-03 +9.9998274144707977e-01 +9.9999204458273294e-01 +1.0000166260658345e+00 +1.0000133344976998e+00 +9.9997691190412319e-01 +1.5066777927890197e-05 -2.1508496513249306e-05 +2.4437095477163857e-05 -1.2827700664119116e-05 +1.3173877481200689e-05
292.50000000 +5.0000000000000000e+00 +1.9999466226234075e+00 +1.8493857361689787e-03 +9.9996850421431438e-01 +1.0000020785273529e+00 +9.9998347825376743e-01 +9.9999116233082630e-01 +1.0000179043975421e+00 +3.5514129907010604e-05 -3.1530819209245529e-05 +3.6706617082794731e-05 +5.2931428042251304e-06 -9.1108048024163526e-06
293.00000000 +5.0000000000000000e+00 +1.9999065609584747e+00 +1.8554832129595662e-03 +9.9995913143995818e-01 +1.0000000430815510e+00 +9.9998405360806819e-01 +9.9998550531827690e-01 +1.0000024441401412e+00 -5.5435821146429326e-06 -1.1438162178432264e-06 +3.8102978473997277e-05 +4.2833339635759690e-05 -5.4264879684162532e-06
293.50000000 +5.0000000000000000e+00 +1.9999280074332761e+00 +1.8692101192235031e-03 +9.9991671471845722e-01 +9.9999728797423326e-01 +1.0000030948674890e+00 +9.9998601404914045e-01 +1.0000034677650118e+00 +1.5789298173314880e-05 +1.5324846626548779e-05 +1.7634163221408863e-05 -2.5280432166672079e-05 +6.9952753448216466e-05
294.00000000 +5.0000000000000000e+00 +1.9999414118106189e+00 +1.8433966299829232e-03 +9.9998949698939410e-01 +1.0000092075253089e+00 +9.9999023961899214e-01 +9.9998842837593693e-01 +1.0000119294097989e+00 +6.6267041465397099e-06 -8.6682367051687314e-06 +4.0529126811429492e-05 +2.0296981376359758e-05 -4.8086484047072837e-05
294.50000000 +5.0000000000000000e+00 +1.9999395908230237e+00 +1.8498128049560293e-03 +9.9996382012130447e-01 +9.9999955744854496e-01 +1.0000156865496583e+00 +9.9999939138432548e-01 +1.0000220823019046e+00 +1.1072905378754073e-05 +4.7531768509872925e-06 -4.8377708815140657e-05 +1.4294334731997012e-05 +1.7719473825925775e-05
295.00000000 +5.0000000000000000e+00 +1.9998931310207602e+00 +1.8537225274269883e-03 +9.9995630952787584e-01 +1.0000011260129333e+00 +1.0000075644968613e+00 +1.0000053237538236e+00 +9.9999878801761810e-01 +2.7348336199952843e-05 -2.8059442606154949e-06 +1.9742622424430530e-05 +1.2490412192730042e-06 -1.4645898312034836e-05
295.50000000 +5.0000000000000000e+00 +1.9999253694637062e+00 +1.8856653505229483e-03 +9.9986765321297288e-01 +1.0000144270093576e+00 +1.0000131110136052e+00 +9.9998459001337103e-01 +1.0000157294320793e+00 +4.6844842879759235e-05 +1.2192110940282242e-05 -1.5200927093042889e-06 +1.3592366211504770e-05 +3.3380117973215929e-05
296.00000000 +5.0000000000000000e+00 +1.9999171471052362e+00 +1.8979144160780885e-03 +9.9984308074025419e-01 +1.0000074965386858e+00 +1.0000024779126453e+00 +1.0000371797718455e+00 +9.9999858369095096e-01 +3.2182565915661769e-05 +7.8562593487001312e-06 +5.1088404864230428e-06 +3.7754787810059265e-05 +2.8278884041515491e-05
296.50000000 +5.0000000000000000e+00 +1.9998773507891427e+00 +1.8835032632280924e-03 +9.9987756584485554e-01 +1.0000096462956509e+00 +1.0000136031600850e+00 +9.9999071528366490e-01 +9.9999227155553072e-01 +2.9166520871151781e-05 +7.9186198613747814e-06 +5.3316956765631025e-06 +3.1740215487896716e-05 +4.2040792676456995e-05
297.00000000 +5.0000000000000000e+00 +1.9999973254899861e+00 +1.8244170111553013e-03 +1.0000304694294078e+00 +1.0000081926465711e+00 +9.9999803844802460e-01 +1.0000057669608493e+00 +9.9999707502413449e-01 +9.7435179537772868e-06 -3.1211251692940886e-05 +1.8999350891459659e-05 -2.9040199134476439e-05 -8.0339199648803428e-06
297.50000000 +5.0000000000000000e+00 +1.9999148400364206e+00 +1.8810488975642857e-03 +9.9988404589952307e-01 +9.9999836522713892e-01 +1.0000120772683732e+00 +1.0000052506350781e+00 +1.0000018876870154e+00 +2.7028169919899602e-05 +4.1485553284322893e-06 -4.8508520127836163e-05 +7.4379554401735729e-05 +4.1325522051368648e-05
298.00000000 +5.0000000000000000e+00 +1.9999621289229956e+00 +1.8450311347879911e-03 +9.9997501566852987e-01 +1.0000034356886536e+00 +1.0000175805704348e+00 +9.9999625897100963e-01 +1.0000082351636406e+00 -3.8653574951137085e-05 +5.2577917281325839e-06 +1.0231530116641321e-05 -6.7596301438511152e-08 +2.2705784297896166e-05
298.50000000 +5.0000000000000000e+00 +1.9999490265569160e+00 +1.8419979695545024e-03 +9.9999607641068788e-01 +9.9998756685524093e-01 +1.0000189745523798e+00 +9.9999458076151593e-01 +9.9999773475883302e-01 -4.1436002070134050e-05 +1.4521394415541409e-05 +3.9848890191906576e-06 -1.0230089255402413e-05 +3.8226471110913887e-05
299.00000000 +5.0000000000000000e+00 +1.9999206950157356e+00 +1.8639975443620717e-03 +9.9993184455582518e-01 +1.0000037593181399e+00 +9.9999354285343889e-01 +9.9998684360564849e-01 +1.0000146656494941e+00 +1.8169518442708091e-05 +6.6875399591663170e-05 -1.4842209056659661e-05 -9.0179268214148897e-06 +8.1592793757574908e-06
299.50000000 +5.0000000000000000e+00 +1.9999822730681962e+00 +1.8429588948740451e-03 +9.9998855323239755e-01 +1.0000121575671097e+00 +1.0000201909580348e+00 +1.0000052337078413e+00 +9.9999073395324412e-01 +8.1654000755714272e-06 +7.3381145140308837e-05 -5.4693545123437715e-05 -2.5216260568202798e-05 -1.8506162367142177e-05
300.00000000 +5.0000000000000000e+00 +1.9999671871087317e+00 +1.8440939762302761e-03 +9.9999549035560020e-01 +9.9999768392971189e-01 +1.0000059137764457e+00 +9.9998729167453571e-01 +9.9999697328675063e-01 -7.3364931881228446e-06 +5.5826125239203879e-05 -1.2740852490011090e-05 +1.0557380921103444e-05 -2.9659180515903950e-05
300.50000000 +5.0000000000000000e+00 +1.9999354622325825e+00 +1.8358542673639852e-03 +1.0000228744241877e+00 +9.9999821709300996e-01 +9.9999463137505462e-01 +1.0000034345680593e+00 +1.0000096236661700e+00 -3.5826261797144617e-05 -1.7376388663170064e-06 -3.6527345258945814e-05 +2.3135438694773536e-05 +2.2174710682819602e-05
301.00000000 +5.0000000000000000e+00 +1.9999165535882026e+00 +1.8788590833625526e-03 +9.9989192100212665e-01 +1.0000191077739589e+00 +9.9999919210860111e-01 +1.0000106460515801e+00 +9.9998724151775997e-01 +4.4257900916814098e-05 -4.6978582024377210e-05 +3.3450048568723282e-05 +1.5705429622105289e-05 +4.5456778419150162e-05
301.50000000 +5.0000000000000000e+00 +1.9998753738775363e+00 +1.9076759945366444e-03 +9.9981784791257744e-01 +9.9999014615569337e-01 +9.9999043066704518e-01 +9.9998599605881966e-01 +9.9999700779243850e-01 +4.7171183840041043e-05 +7.6272970964791456e-05 +2.3537689347504116e-05 +5.4680283117252617e-06 +6.6121581899357935e-05
302.00000000 +5.0000000000000000e+00 +1.9998778462852866e+00 +1.8920680336964445e-03 +9.9985987643524299e-01 +9.9998033535553121e-01 +1.0000102165449296e+00 +1.0000040587581220e+00 +1.0000132594446549e+00 -3.1172951357401544e-06 +4.0574992895636845e-05 +5.7127089486768490e-05 +1.7573010535795851e-05 +2.0095651520064176e-05
302.50000000 +5.0000000000000000e+00 +1.9999898885443006e+00 +1.8227842431938479e-03 +1.0000395318564703e+00 +9.9999539281744143e-01 +1.0000168721576317e+00 +9.9999394623007920e-01 +9.9999671992987604e-01 -4.3975595046707922e-06 -3.5689253139000372e-05 +3.0081370741359353e-06 -1.9440272493590558e-05 +1.4055959647901563e-05
303.00000000 +5.0000000000000000e+00 +1.9999243338485115e+00 +1.8786531616306809e-03 +9.9988920571923745e-01 +1.0000182319730717e+00 +9.9999498739836024e-01 +9.9998191726844543e-01 +9.9997503834774115e-01 +5.4470374163649423e-05 -3.3312562439717179e-06 +5.1151376191514340e-05 +3.5235073941859001e-05 +3.0937449401097142e-06
303.50000000 +5.0000000000000000e+00 +1.9999087012076664e+00 +1.8480133765407928e-03 +9.9997090340782280e-01 +9.9999038442963029e-01 +1.0000008330265129e+00 +9.9998674483931493e-01 +1.0000027639136788e+00 +6.7561223096675381e-06 +3.8103469057775467e-05 -3.5148532904646846e-05 +1.7121358599447924e-05 +2.1537965289583828e-05
304.00000000 +5.0000000000000000e+00 +1.9999480193617400e+00 +1.8794630370346029e-03 +9.9988898490980638e-01 +1.0000081228987991e+00 +1.0000248776023202e+00 +1.0000113200005276e+00 +9.9999875844288166e-01 +4.2911057087639205e-05 +2.3611981915729974e-05 +3.4536227396200254e-05 -8.7837702851662812e-06 -2.4339334031993484e-05
304.50000000 +5.0000000000000000e+00 +1.9999975148370144e+00 +1.8046828968822004e-03 +1.0000880414432047e+00 +9.9998463697835049e-01 +1.0000112612082248e+00 +1.0000293803991436e+00 +1.0000124591659783e+00 -2.0490609222143834e-05 -4.2553680630494887e-05 -2.9491977588753088e-05 -6.3343974210669280e-06 -2.6908535395169168e-05
305.00000000 +5.0000000000000000e+00 +1.9999385838692207e+00 +1.8302463765390283e-03 +1.0000168536819112e+00 +9.9999318715842278e-01 +1.0000145236840454e+00 +9.9999742497767885e-01 +9.9998657682371406e-01 -2.8563047694198394e-05 -2.7343148705011957e-05 +1.6383878614303354e-05 +2.5933419304092743e-05 +5.0225439868243340e-06
305.50000000 +5.0000000000000000e+00 +1.9999084391613651e+00 +1.8461263852049840e-03 +9.9995995004678573e-01 +1.0000127129869019e+00 +1.0000234886158259e+00 +1.0000086024927606e+00 +9.9997662640848939e-01 +1.3128317043697905e-05 +3.8061460239622970e-05 -1.2957438126382658e-05 -5.7913957759366801e-06 -1.3821511522229288e-05
306.00000000 +5.0000000000000000e+00 +1.9998575799867484e+00 +1.8661206465424946e-03 +9.9993048401874018e-01 +1.0000100166213557e+00 +9.9998850903497261e-01 +9.9998927708428664e-01 +9.9998048657604499e-01 -7.2142517359667954e-06 +2.7525334408635381e-05 +8.1789001146609431e-06 +1.2211206400610166e-05 +6.0525464365570519e-05
306.50000000 +5.0000000000000000e+00 +1.9999233646624284e+00 +1.8660607593940079e-03 +9.9992245908327415e-01 +9.9998971630213906e-01 +9.9998937965534107e-01 +9.9997757661292441e-01 +1.0000175440151202e+00 +1.3435363758721931e-05 +5.3489138060767919e-05 +3.8452209581547569e-05 +2.4822833872905663e-05 -2.6875231698531542e-05
307.00000000 +5.0000000000000000e+00 +1.9999120202791241e+00 +1.8419602830772731e-03 +9.9997194930638134e-01 +1.0000052686404481e+00 +9.9999998812480229e-01 +9.9999841797876932e-01 +1.0000009480062597e+00 -1.2242924325313542e-05 +2.6402097266151201e-05 +5.4760126092129187e-05 -9.5179000117349782e-06 -3.5973457507780951e-05
307.50000000 +5.0000000000000000e+00 +1.9998618000209134e+00 +1.8592070402631599e-03 +9.9994502447299871e-01 +1.0000055893165534e+00 +9.9997856482046021e-01 +9.9999682181404592e-01 +1.0000033745257138e+00 -3.0910955939224602e-05 +2.8410545818066241e-05 +4.0320214256903562e-06 +2.8726320350970729e-05 +4.0367123137673115e-05
308.00000000 +5.0000000000000000e+00 +1.9998836702686933e+00 +1.8890224788579853e-03 +9.9987651349327045e-01 +9.9999404758019295e-01 +9.9999249024385739e-01 +1.0000184519968813e+00 +1.0000242446460439e+00 -7.6041940091941490e-06 +6.8142509823000347e-07 +4.3388707601328604e-06 +3.5049401606946154e-05 +6.1786561061450210e-05
308.50000000 +5.0000000000000000e+00 +1.9998919678996658e+00 +1.8587217828342306e-03 +9.9994703569060261e-01 +1.0000195763675859e+00 +9.9998851742196293e-01 +9.9999616385154000e-01 +1.0000057329163317e+00 -2.7734677677141409e-05 +3.9909500096140667e-05 +9.0562369322417447e-05 -5.9001743334746823e-05 -7.6168210537318730e-07
309.00000000 +5.0000000000000000e+00 +1.9999043447167419e+00 +1.8670410000120310e-03 +9.9992471608482403e-01 +9.9999954307651329e-01 +1.0000150989501029e+00 +1.0000105150004484e+00 +9.9997307568548865e-01 +3.7710029496705523e-05 +6.5374460331516433e-06 +1.6335122990281932e-05 +6.7226589102779075e-06 +9.7459312584101882e-06
309.50000000 +5.0000000000000000e+00 +1.9998911976499041e+00 +1.8847233319316864e-03 +9.9988793266312048e-01 +9.9998358286154398e-01 +9.9999393238330858e-01 +1.0000092156851683e+00 +1.0000243412969525e+00 +1.9827781788670760e-06 -8.4148588125173878e-06 +6.7696218497283550e-05 +3.5543164806576301e-06 +3.6176625548850377e-05
310.00000000 +5.0000000000000000e+00 +1.9999097759966256e+00 +1.8899070821686527e-03 +9.9986685806890230e-01 +1.0000171070477253e+00 +9.9998084929965558e-01 +9.9999441282789625e-01 +1.0000213629681465e+00 +4.9372908446879477e-05 +3.5823950990777208e-05 +6.6379098595761556e-05 -2.3654064499694757e-05 -8.5121157979314658e-06
310.50000000 +5.0000000000000000e+00 +1.9999485867736160e+00 +1.8484537870795158e-03 +9.9998334565510305e-01 +9.9998421921938818e-01 +9.9998676028130640e-01 +9.9996307895979375e-01 +9.9998219351658324e-01 +5.4212788697979141e-05 -1.4701927675801848e-05 +2.4922572921809979e-05 +7.8495896698826929e-06 +2.8119340657383913e-05
311.00000000 +5.0000000000000000e+00 +1.9999665167871139e+00 +1.8288264160591357e-03 +1.0000328970961296e+00 +9.9999618382811462e-01 +9.9998541549251252e-01 +1.0000240468642392e+00 +9.9999810916568521e-01 -5.6475594369302620e-05 -1.9273559637780013e-05 -4.7629281954927682e-05 +5.4785158913075344e-05 +3.1940824241843549e-05
311.50000000 +5.0000000000000000e+00 +1.9999724162547488e+00 +1.8172307118647013e-03 +1.0000575554831750e+00 +9.9998779940611415e-01 +9.9997479168012504e-01 +9.9999992890732448e-01 +1.0000331170115069e+00 -1.3647660124507982e-05 -1.8101741313159136e-06 -1.2061562007322413e-05 -2.7665857348292278e-05 +1.9927319215641045e-06
312.00000000 +5.0000000000000000e+00 +1.9999631837918366e+00 +1.8457361509311768e-03 +9.9997167458386582e-01 +1.0000289503191893e+00 +1.0000102821529941e+00 +9.9998981723930491e-01 +1.0000350208618358e+00 -3.7480441492536956e-06 +2.1965280466946811e-05 +1.2052372598141476e-05 +2.9522711946027969e-06 -6.8967034622411009e-05
312.50000000 +5.0000000000000000e+00 +1.9999544861941461e+00 +1.8251229106972674e-03 +1.0000345816819731e+00 +9.9998918216309518e-01 +9.9997076673510277e-01 +1.0000232750139655e+00 +1.0000040953697542e+00 +1.9929979725295427e-05 -2.7090381234991878e-05 +9.8178535150227434e-06 +1.6230889765519438e-06 -2.6181528389215481e-05
313.00000000 +5.0000000000000000e+00 +1.9999070038041176e+00 +1.8852056419692966e-03 +9.9987453118551484e-01 +9.9999488125525071e-01 +9.9999021469032734e-01 +9.9999258303818139e-01 +9.9998615892188869e-01 -1.9520393168909599e-05 +8.3756556562675411e-05 -4.3629851879305438e-06 +5.3727244050098180e-05 +4.8030494011640527e-05
313.50000000 +5.0000000000000000e+00 +1.9999534549982430e+00 +1.8526117338917678e-03 +9.9996056714510428e-01 +9.9995895298682269e-01 +9.9998835298757138e-01 +1.0000293416834316e+00 +9.9998377695589602e-01 +2.8597726426102262e-05 +2.7235293965555761e-05 -2.7795144349274217e-05 +3.5097989995891485e-05 +1.5872343055395282e-05
314.00000000 +5.0000000000000000e+00 +1.9999370997386337e+00 +1.8417952887461613e-03 +9.9998238957213414e-01 +1.0000048786369788e+00 +9.9998575416850355e-01 +9.9997825147192398e-01 +1.0000105790846696e+00 -9.1461155530048175e-06 +2.0957510216230270e-05 -1.7191444017123096e-07 +1.7863022784816295e-05 +8.6445518611232009e-06
314.50000000 +5.0000000000000000e+00 +1.9999166586501291e+00 +1.8618459153058064e-03 +9.9994965777145173e-01 +9.9997457041775817e-01 +1.0000069302367118e+00 +1.0000158057308368e+00 +9.9998592942783282e-01 +5.0016967855397637e-05 -2.5870549766381285e-05 +9.1307143518167123e-06 +4.6576500031739419e-05 -1.2747219604473151e-05
315.00000000 +5.0000000000000000e+00 +1.9998580628418214e+00 +1.8884661989251315e-03 +9.9987031464870868e-01 +9.9998401088513122e-01 +1.0000103018883049e+00 +9.9997934968881597e-01 +9.9998868083080072e-01 -2.2188705694974785e-05 +1.4205164956175647e-05 +4.2318568791606083e-05 +6.4833497127426268e-05 +6.8173524970993555e-05
315.50000000 +5.0000000000000000e+00 +1.9998816460867204e+00 +1.8651854931372232e-03 +9.9993042444664804e-01 +1.0000168682198465e+00 +1.0000197356576603e+00 +9.9997580616211768e-01 +9.9999843850377046e-01 -2.9399303371068641e-06 -9.7830231037778353e-06 -1.0076975097186860e-05 +7.5398307694994740e-05 +6.1286434440191418e-06
316.00000000 +5.0000000000000000e+00 +1.9999741156345074e+00 +1.8407568454006152e-03 +9.9998805946160407e-01 +9.9999259226614312e-01 +1.0000093758459090e+00 +1.0000039265423750e+00 +1.0000032842998239e+00 -5.3371072350602303e-05 +1.8710029839102376e-05 +1.9493446849600267e-06 -4.6329784957724220e-06 +4.0106289680177976e-05
316.50000000 +5.0000000000000000e+00 +1.9999066868042183e+00 +1.8585131836904522e-03 +9.9995075127107147e-01 +9.9999420249758830e-01 +1.0000038103776154e+00 +1.0000045443902830e+00 +9.9997998567114288e-01 -3.6714936461243424e-05 +3.0912112157858872e-05 +2.0213047189353903e-05 +8.6957413572117705e-06 +4.3599817612866286e-05
317.00000000 +5.0000000000000000e+00 +1.9998276482424036e+00 +1.9051478652167381e-03 +9.9982475405529236e-01 +1.0000013010935747e+00 +1.0000038077269460e+00 +9.9999421348895623e-01 +9.9999374804772012e-01 +1.2175756923003609e-05 +3.5943235241006123e-05 +6.4040647924269999e-05 +5.1104940378820031e-05 +1.8911020804330988e-05
317.50000000 +5.0000000000000000e+00 +1.9999054032169559e+00 +1.8226621983972321e-03 +1.0000482317887558e+00 +1.0000190468451142e+00 +9.9997816147037277e-01 +9.9996487636179388e-01 +1.0000073087489334e+00 -1.8223453749131725e-05 +8.3698001409358104e-06 +6.2397880923059038e-06 -4.5780062063020010e-06 -9.4333477333967606e-06
318.00000000 +5.0000000000000000e+00 +1.9999067802650483e+00 +1.8590955284557378e-03 +9.9996156815775061e-01 +9.9997989828199674e-01 +9.9998337539360582e-01 +9.9998466652894602e-01 +9.9998306146607252e-01 +6.7943561727521794e-05 +1.0244219495474087e-05 +2.0070988007027069e-05 -1.4280941199255766e-05 +2.3452346202093938e-05
318.50000000 +5.0000000000000000e+00 +1.9999205439471863e+00 +1.8640151203108103e-03 +9.9992415817530078e-01 +1.0000355844468056e+00 +1.0000393417999667e+00 +1.0000137770587572e+00 +1.0000171492146501e+00 -9.3368276644247299e-06 -1.6824104339574290e-05 +1.4284393909898663e-06 -6.3864534169038470e-06 +1.1082505201753023e-06
319.00000000 +5.0000000000000000e+00 +1.9999513942890035e+00 +1.8394197565609846e-03 +9.9997765797286275e-01 +1.0000138748481793e+00 +1.0000016157472362e+00 +9.9999618794822664e-01 +1.0000028328486164e+00 +4.7743103945104226e-05 -7.6745862623783139e-05 -3.4081492232589130e-06 +3.6805155522550351e-06 +3.6561029494695787e-05
319.50000000 +5.0000000000000000e+00 +1.9998703522686789e+00 +1.8908525265463334e-03 +9.9985951376996585e-01 +1.0000205670326139e+00 +9.9999821104012931e-01 +9.9998250461194260e-01 +1.0000158833616379e+00 -2.1241354966611974e-05 +6.0576544557629794e-05 +2.9496625221058492e-05 +2.3978841947921616e-05 +3.0509543572448150e-05
320.00000000 +5.0000000000000000e+00 +1.9999733256117753e+00 +1.8494868124680772e-03 +9.9994708132202137e-01 +1.0000200206807868e+00 +9.9997523120194953e-01 +1.0000348538469195e+00 +9.9999970276031602e-01 -3.0939444973026934e-05 -2.5193678338490743e-05 +1.5510261115162541e-05 +1.4412893168314560e-05 +4.9320154719503257e-05
320.50000000 +5.0000000000000000e+00 +1.9999164169321153e+00 +1.8860375578992194e-03 +9.9987729812820603e-01 +9.9999459364795551e-01 +9.9998628883214302e-01 +1.0000232294857250e+00 +9.9997363993131638e-01 +3.9419178409641258e-05 +4.5300251762263709e-05 -5.8418433015333631e-06 +1.2571697848950954e-05 +5.3500706185898786e-05
321.00000000 +5.0000000000000000e+00 +1.9999710116174001e+00 +1.8197052550278901e-03 +1.0000436675653892e+00 +9.9998869248375499e-01 +1.0000288531853552e+00 +1.0000519809521531e+00 +1.0000025728490958e+00 -7.7783945628001641e-05 -1.8025103593692131e-05 +5.1911079886097129e-06 +1.4994841611805909e-05 -4.0143959042260264e-05
321.50000000 +5.0000000000000000e+00 +1.9999660527423324e+00 +1.8228341571912762e-03 +1.0000567001333567e+00 +1.0000148558975122e+00 +1.0000215639819519e+00 +1.0000144152168495e+00 +9.9999095670993876e-01 -5.6521351870805659e-06 -4.1955090201940502e-05 -1.7799887789971200e-05 -2.3581529722859093e-05 -9.5032977940000173e-06
322.00000000 +5.0000000000000000e+00 +1.9998417612986845e+00 +1.9091101562540940e-03 +9.9981421956635008e-01 +1.0000284631340526e+00 +1.0000306866653754e+00 +1.0000090206850536e+00 +1.0000076556547737e+00 -2.6669154822952041e-05 +2.8323158199845266e-05 +1.1974193345584617e-05 +2.7528047448037877e-05 +6.8798048327296267e-05
322.50000000 +5.0000000000000000e+00 +1.9999526078931511e+00 +1.8409804581929292e-03 +1.0000075185252022e+00 +9.9999084489602752e-01 +1.0000090102491306e+00 +9.9996880066864469e-01 +9.9999588299051467e-01 +9.4455302660292420e-06 +2.7251195683794273e-05 +1.9709604692566426e-05 -4.9182166256040196e-05 +2.0718529221747806e-05
323.00000000 +5.0000000000000000e+00 +1.9999708198305222e+00 +1.8280047878947779e-03 +1.0000236916583116e+00 +9.9999996485250631e-01 +9.9999720302563433e-01 +1.0000122196894872e+00 +9.9999512054031381e-01 -2.5137443412898707e-05 +1.0352162985733334e-06 +2.8637194500046255e-06 +9.5443798963507838e-06 -1.6505602250301050e-05
323.50000000 +5.0000000000000000e+00 +1.9999165339313574e+00 +1.8754893104946124e-03 +9.9990208831079619e-01 +9.9999497644489788e-01 +1.0000046185004829e+00 +1.0000116015088578e+00 +9.9998159936180819e-01 -4.3815692747075569e-06 -3.5258777910747583e-06 +3.8389523417672467e-05 +3.0824975526287126e-05 +4.3808848481713090e-05
324.00000000 +5.0000000000000000e+00 +1.9999162651109084e+00 +1.8909896822008898e-03 +9.9985513269153992e-01 +1.0000059745086638e+00 +9.9997641821676664e-01 +9.9999710702570066e-01 +1.0000097619676938e+00 +3.1226424006848602e-05 +1.8613591343568726e-05 +3.5750595112644346e-05 +2.7387927035688262e-05 +4.2627052183142271e-05
324.50000000 +5.0000000000000000e+00 +1.9998929710910538e+00 +1.8790531459696347e-03 +9.9989310841942924e-01 +9.9998185346189727e-01 +1.0000084539325405e+00 +1.0000103966253762e+00 +9.9998881918110438e-01 +6.2733326038880746e-05 +3.0587789228017653e-05 +9.1333186625315195e-06 -3.4170912361744890e-06 +1.8331065629504951e-05
325.00000000 +5.0000000000000000e+00 +1.9999208530655297e+00 +1.8498171900695639e-03 +9.9996810972075667e-01 +9.9998525532815907e-01 +1.0000010242800046e+00 +9.9997859963923441e-01 +1.0000197926412833e+00 -2.0516093141696566e-05 -7.6837808048441076e-06 +3.2815915872061029e-05 +3.8365290364823029e-05 +4.2370670788729401e-06
325.50000000 +5.0000000000000000e+00 +2.0000746120712782e+00 +1.7700406669158202e-03 +1.0001582407680401e+00 +9.9998628111436139e-01 +1.0000140420470822e+00 +1.0000052566548705e+00 +1.0000086463928186e+00 -6.0440884829873512e-05 -2.6123208212710952e-05 -1.4293706579026256e-05 -1.8020666847799480e-05 -5.3588492983018756e-05
326.00000000 +5.0000000000000000e+00 +1.9999529001778968e+00 +1.8196924688541616e-03 +1.0000386357077504e+00 +1.0000090987249806e+00 +9.9998627295407017e-01 +1.0000115464214125e+00 +9.9999579597826194e-01 -6.6499818466142118e-06 -1.5114352279294699e-05 +2.6006929942554922e-05 -1.8339878576169578e-05 -2.7252502758588548e-05
326.50000000 +5.0000000000000000e+00 +1.9999667723334624e+00 +1.8153996818792461e-03 +1.0000588832371877e+00 +1.0000250736613010e+00 +9.9999893383661276e-01 +1.0000056282932115e+00 +1.0000138004756312e+00 -4.0216661058690090e-05 -5.2951458937233751e-05 -4.9892045765993733e-05 +1.8225056623383976e-05 +2.2515599081823338e-05
327.00000000 +5.0000000000000000e+00 +1.9999992219285418e+00 +1.8224279315933883e-03 +1.0000314745707657e+00 +9.9999397615338648e-01 +1.0000073856744671e+00 +9.9999531178788792e-01 +9.9999078654259022e-01 -3.4853590995949302e-05 +2.8433716345378520e-05 -4.5607873358272874e-05 +5.6875225195215455e-05 -2.3782197322090593e-05
327.50000000 +5.0000000000000000e+00 +1.9999661433653266e+00 +1.8444393630330038e-03 +9.9997193186455358e-01 +9.9997965823297263e-01 +1.0000189296779181e+00 +9.9998923366157888e-01 +1.0000077302674828e+00 +2.2853930651697714e-05 -5.6315488480833032e-05 +3.1871112936698954e-05 +1.5905999317105375e-05 +1.8200761902337050e-05
328.00000000 +5.0000000000000000e+00 +1.9999843355076377e+00 +1.8448506537535755e-03 +9.9998339710185513e-01 +9.9997707392198043e-01 +1.0000011171921759e+00 +9.9998959654424613e-01 +1.0000095584255697e+00 -1.3681254611431917e-05 +9.8450279900020277e-06 +6.1838971731339659e-06 +4.3925716078106937e-06 +3.2516595101796846e-05
328.50000000 +5.0000000000000000e+00 +1.9998487537429150e+00 +1.8807671043261887e-03 +9.9991071283664501e-01 +9.9996208552302590e-01 +1.0000118766081312e+00 +9.9998382080381798e-01 +9.9999471107320603e-01 +5.6586863708624217e-05 +2.7945679224699642e-05 +2.8034682583917177e-05 -2.1666457757196780e-06 +2.6392568046509113e-05
329.00000000 +5.0000000000000000e+00 +1.9998273403495939e+00 +1.8743447641699812e-03 +9.9989977558914256e-01 +9.9997641788188596e-01 +9.9999262000157541e-01 +9.9996489168539404e-01 +1.0000401813514814e+00 -1.3500459573725163e-05 +7.0234031868099419e-05 +2.9146703169191628e-05 -6.5778734193460303e-06 +4.6811074408663038e-05
329.50000000 +5.0000000000000000e+00 +1.9998883430568888e+00 +1.8951266811452650e-03 +9.9985239981639229e-01 +9.9997607887359141e-01 +1.0000228477402220e+00 +9.9998220592633102e-01 +1.0000349155755777e+00 +3.0482663844932256e-05 +2.0077994064764868e-05 +1.2222120411256826e-05 +5.4336690497070637e-05 +1.4432586199676785e-05
330.00000000 +5.0000000000000000e+00 +1.9999756989372335e+00 +1.7975999497570642e-03 +1.0001012310463315e+00 +9.9999712897779547e-01 +9.9999303063702716e-01 +9.9997154183044445e-01 +9.9999227037568361e-01 +1.6012338628684699e-05 -1.1250587633616094e-05 -9.5614688560676151e-05 +4.0703233749568909e-05 -5.0531589852462477e-06
330.50000000 +5.0000000000000000e+00 +2.0000132056807001e+00 +1.7760407031762336e-03 +1.0001657243592588e+00 +1.0000043061078259e+00 +9.9995521602036253e-01 +1.0000244882911198e+00 +1.0000152011017223e+00 -6.7578187326205934e-07 -2.5237414262053374e-05 -4.6118979069524389e-05 -9.6435064315545261e-05 +3.5313832264773599e-06
331.00000000 +5.0000000000000000e+00 +1.9999762923392388e+00 +1.8490080310237858e-03 +9.9996724935999781e-01 +9.9999929457233594e-01 +9.9998789302961633e-01 +9.9997151798620032e-01 +9.9999206330230972e-01 +3.3699555372436621e-05 +3.3634754746375237e-05 +2.7519800612811285e-05 +1.5449886258768441e-05 -2.8322243641758686e-05
331.50000000 +5.0000000000000000e+00 +1.9998556937531817e+00 +1.9060335799505172e-03 +9.9981241274531085e-01 +9.9999510669990255e-01 +1.0000094790717340e+00 +9.9997022845665928e-01 +9.9999579413112816e-01 +9.8346553133815142e-05 +7.3850419503580602e-05 +2.4133742242190525e-05 +6.5964235003808901e-05 -4.5316031709230461e-05
332.00000000 +5.0000000000000000e+00 +1.9998193083824094e+00 +1.9201848806162738e-03 +9.9978028174691214e-01 +9.9997739731801027e-01 +1.0000272247143294e+00 +1.0000010314064345e+00 +9.9997616637545184e-01 +1.9567247969778843e-05 +6.9023145953971937e-05 +8.3702038966629300e-05 +1.2066509459350992e-05 +5.3539468303031794e-05
332.50000000 +5.0000000000000000e+00 +1.9999890469062016e+00 +1.7928814948609611e-03 +1.0001303073632561e+00 +1.0000065282418287e+00 +9.9999294068856692e-01 +1.0000011478522948e+00 +1.0000263018657529e+00 +2.5169789466309575e-05 -6.1500247877112246e-05 -1.0193864322337461e-04 -1.2533860326774799e-05 -6.4230569303158635e-06
333.00000000 +5.0000000000000000e+00 +1.9998940620249654e+00 +1.8370816908367053e-03 +9.9999084799851057e-01 +9.9994743277490528e-01 +1.0000040646410893e+00 +1.0000326145097134e+00 +1.0000190973801917e+00 -6.8200526737378776e-05 +4.6406813779306002e-05 +7.6396621860497655e-06 -5.1453883467337522e-06 +2.5242122702548852e-05
333.50000000 +5.0000000000000000e+00 +1.9999201170580545e+00 +1.8585599789437751e-03 +9.9995456449085973e-01 +1.0000043847330273e+00 +9.9999198084342433e-01 +1.0000020270313847e+00 +9.9999015009522962e-01 -1.1940556800834769e-06 -2.2406259558425306e-05 -1.4272167568217616e-05 +8.6209576190667879e-05 +8.5557450362040244e-06
334.00000000 +5.0000000000000000e+00 +1.9999478431420203e+00 +1.8596027724704946e-03 +9.9993190406496923e-01 +9.9998365961767843e-01 +1.0000204100890737e+00 +1.0000413583695602e+00 +9.9999206296231724e-01 -5.6689405278838686e-05 -2.1031033027956871e-05 +1.1712066529631468e-05 +1.0057835576982465e-04 -3.9650884697364299e-06
334.50000000 +5.0000000000000000e+00 +1.9999216297638447e+00 +1.8315629647213953e-03 +1.0000116965154291e+00 +1.0000012411260257e+00 +1.0000211741852556e+00 +1.0000151824643833e+00 +1.0000058716292570e+00 -9.2822672903981952e-05 -3.9328078770765179e-05 +9.7257464000512468e-06 +6.9111495827392961e-05 -1.8524167520892864e-06
335.00000000 +5.0000000000000000e+00 +1.9999727236690594e+00 +1.8800210117430800e-03 +9.9988224680598548e-01 +1.0000204546568798e+00 +1.0000314401435149e+00 +9.9998843541884386e-01 +1.0000045176656964e+00 +8.9466084908153794e-06 -1.9107830329901609e-05 +2.3378052422089062e-05 +3.7654408361701417e-05 +2.2034095436619703e-05
335.50000000 +5.0000000000000000e+00 +1.9999175566545653e+00 +1.8065015457663070e-03 +1.0000654852232407e+00 +9.9999816042480538e-01 +9.9998495208675597e-01 +1.0000004735733077e+00 +1.0000118703813192e+00 -7.6993481864672648e-05 -4.4995460378053278e-05 +8.1830380937626611e-05 -5.0752992782188941e-05 +2.9969897006046376e-05
336.00000000 +5.0000000000000000e+00 +1.9999160847027395e+00 +1.8137836231882747e-03 +1.0000733732359803e+00 +1.0000083478501400e+00 +1.0000038741136250e+00 +1.0000128398504033e+00 +1.0000326057968356e+00 -1.6406168255361719e-05 -5.1653269915413183e-05 -5.9743411407826147e-06 -5.5760132900950520e-05 -1.2469454241274650e-06
336.50000000 +5.0000000000000000e+00 +1.9998725457605864e+00 +1.8279981569062343e-03 +1.0000293690473703e+00 +1.0000231396263546e+00 +9.9994840583307565e-01 +9.9997448881566009e-01 +1.0000241328484902e+00 +1.6982134950824334e-05 +4.1998195231542297e-05 -4.3710529124796353e-05 +2.5553168270443407e-05 -4.0359154200292899e-05
337.00000000 +5.0000000000000000e+00 +2.0000564175280702e+00 +1.8395637057372375e-03 +9.9998408694908558e-01 +1.0000283771711209e+00 +9.9999493813056395e-01 +1.0000041634932537e+00 +1.0000008775738394e+00 -2.8082654668073666e-06 +1.5826535597469840e-07 -4.0782785148124823e-05 -2.4881819162195168e-06 +3.3477627896784715e-05
337.50000000 +5.0000000000000000e+00 +2.0000229798864675e+00 +1.8435632899145361e-03 +9.9999725970370512e-01 +9.9996879481048373e-01 +1.0000158512204051e+00 +1.0000061818047297e+00 +1.0000286279775883e+00 +9.9153125343082807e-06 -1.9031607699242464e-05 -1.1533010855187379e-05 +3.2709997376548546e-05 -2.8776239239581759e-05
338.00000000 +5.0000000000000000e+00 +1.9998779146761125e+00 +1.8475264959904980e-03 +9.9999653986304526e-01 +1.0000348461054129e+00 +9.9998688617007037e-01 +9.9997922309877940e-01 +9.9997066395056400e-01 +2.4343567726681398e-05 +5.5049167320944210e-06 -2.1700560646660521e-06 +2.0135181632092917e-05 -1.5972811861805775e-05
338.50000000 +5.0000000000000000e+00 +1.9999084615931852e+00 +1.8534673959189655e-03 +9.9994757209338914e-01 +9.9997890640573994e-01 +1.0000084453332549e+00 +1.0000133904899644e+00 +9.9999884823557883e-01 +9.8661171708437653e-05 -4.8646062089373432e-07 +6.1988863241814839e-05 -8.5974599506446711e-05 -2.1351518208128727e-05
339.00000000 +5.0000000000000000e+00 +1.9998908709090299e+00 +1.8734795830456306e-03 +9.9990644994726896e-01 +1.0000275936473981e+00 +1.0000019852826820e+00 +9.9997909375312644e-01 +1.0000096274877674e+00 -9.7458897488322114e-07 -4.8276940812837077e-05 +4.2545111209752785e-05 +6.8092923484355946e-05 +1.3863403152828528e-05
339.50000000 +5.0000000000000000e+00 +1.9999467013082168e+00 +1.8272488703967419e-03 +1.0000210489019727e+00 +9.9996834422248293e-01 +9.9998477643100259e-01 +9.9999539251720393e-01 +1.0000075454075916e+00 +3.3232289651188215e-06 -2.1664683230771233e-05 +6.2176447638497988e-05 -1.6578338740713037e-05 -4.3641235021951261e-06
340.00000000 +5.0000000000000000e+00 +1.9999291439713227e+00 +1.8685056916085832e-03 +9.9994792545093791e-01 +1.0000533203199491e+00 +9.9998771954289922e-01 +9.9997613798972629e-01 +1.0000177590690467e+00 -7.5138262729305784e-05 +1.1332314754721171e-04 -2.4143664222897773e-05 -6.0400362000394339e-05 +6.3496756068587800e-05
340.50000000 +5.0000000000000000e+00 +1.9999911565995507e+00 +1.8259132484085619e-03 +1.0000223332199423e+00 +9.9998067135583613e-01 +1.0000220721379423e+00 +1.0000137668513305e+00 +1.0000162501448251e+00 -6.3032053102600973e-05 +7.3777279922353697e-06 -5.8164990845975168e-05 +1.8684369576647459e-05 +4.0041252855778591e-05
341.00000000 +5.0000000000000000e+00 +1.9999691399378807e+00 +1.7792167793492394e-03 +1.0001481757054407e+00 +9.9997805008023088e-01 +1.0000326329496798e+00 +1.0000133703686720e+00 +1.0000099983637594e+00 -5.9965263061396823e-05 -1.4964968792540484e-04 +2.2107378870923804e-05 -5.3979584918816012e-05 +5.9259703021198327e-05
341.50000000 +5.0000000000000000e+00 +1.9999190160307063e+00 +1.8323209692526002e-03 +1.0000129138246083e+00 +9.9998291040043785e-01 +1.0000198274684748e+00 +9.9996957308183043e-01 +1.0000189210819392e+00 +2.2755911327334097e-05 +1.5099627590087203e-05 -2.0128438579737358e-05 -4.0105853125097289e-05 +1.8232896973454907e-05
342.00000000 +5.0000000000000000e+00 +2.0000351678534298e+00 +1.8210771285590735e-03 +1.0000353447304986e+00 +1.0000327801245421e+00 +1.0000396029586140e+00 +1.0000104861771979e+00 +9.9997858490618530e-01 -7.1815972034194159e-05 +2.9305820796450004e-05 +1.6800729089014351e-06 -2.3510366613515310e-05 -3.2458427225085495e-05
342.50000000 +5.0000000000000000e+00 +1.9999895928390099e+00 +1.8038697325737725e-03 +1.0000937384391950e+00 +1.0000222085938502e+00 +9.9997403315669020e-01 +9.9997275768211014e-01 +9.9997944849319609e-01 +8.6650393549051060e-05 -5.2658436947624604e-05 -5.9353877896986727e-05 +3.1824069126802195e-05 -4.8648517862381252e-05
343.00000000 +5.0000000000000000e+00 +1.9998299035741403e+00 +1.9134522918694791e-03 +9.9981699864540263e-01 +1.0000183774316371e+00 +1.0000005732740744e+00 +9.9997208633553292e-01 +1.0000193213315285e+00 +6.8850402111499151e-06 +8.5183749412857685e-05 +2.1753230022137923e-05 +4.9416835005485067e-05 +9.4041120338214714e-06
343.50000000 +5.0000000000000000e+00 +1.9998188657382814e+00 +1.9236480400399781e-03 +9.9977324247591959e-01 +1.0000161549934110e+00 +9.9997750805369867e-01 +1.0000238117093407e+00 +9.9994695241976450e-01 +1.1641541451853647e-04 +1.4862940670568377e-05 +3.6137087712502012e-05 +1.0642355916278265e-04 -1.1508651098480761e-05
344.00000000 +5.0000000000000000e+00 +1.9998857982200835e+00 +1.9008915467126960e-03 +9.9982705875230016e-01 +1.0000165870813824e+00 +1.0000158890074273e+00 +9.9997778208384613e-01 +9.9995836994653475e-01 +3.5819288501244715e-05 +6.7453438065932304e-05 +2.6967270673298968e-05 +6.7212520716550085e-05 +6.8606298665630683e-06
344.50000000 +5.0000000000000000e+00 +1.9999087206862420e+00 +1.8471675578138461e-03 +9.9999616571499317e-01 +1.0000281103367445e+00 +1.0000012190900887e+00 +9.9999469687825615e-01 +1.0000022047536672e+00 -7.2693542125690277e-05 -3.3556763681241978e-05 +8.9092599806241181e-05 -1.8067132993671656e-05 +1.2828093701651508e-05
345.00000000 +5.0000000000000000e+00 +1.9998518095397231e+00 +1.8897669577939123e-03 +9.9989044281577111e-01 +9.9997892089319007e-01 +9.9999963190976715e-01 +1.0000084314965909e+00 +9.9995767834240445e-01 +3.0846089247397581e-05 -1.9430670738394427e-05 +6.6366824328274988e-06 +6.6172861199955576e-05 +8.0669563401635359e-05
345.50000000 +5.0000000000000000e+00 +1.9998671330944808e+00 +1.8835733260580407e-03 +9.9985186520583103e-01 +9.9997644771447547e-01 +9.9999071297761466e-01 +9.9996970623408477e-01 +9.9998984452319073e-01 +5.4125427546117353e-05 -5.9257724010644332e-06 +6.1067957472451547e-05 +5.4824471052780863e-05 +5.7331245539978754e-05
346.00000000 +5.0000000000000000e+00 +2.0000224033899032e+00 +1.8011604381479977e-03 +1.0000928783282605e+00 +9.9995036376182722e-01 +1.0000535873810230e+00 +1.0000166048464922e+00 +1.0000116066730191e+00 -7.2975341574383075e-05 -4.6654668842447516e-05 -5.7826515003023014e-05 -1.4742800686332104e-05 +6.7158324376014733e-05
346.50000000 +5.0000000000000000e+00 +1.9999942306103156e+00 +1.8122387074082944e-03 +1.0000596249048299e+00 +9.9995278144013899e-01 +1.0000410914132183e+00 +9.9997329165169602e-01 +9.9997792885604697e-01 +9.4214968567250661e-06 -3.1476039650395477e-05 +3.7669772024802493e-05 -6.8050588907814130e-05 +4.7717090883279361e-05
347.00000000 +5.0000000000000000e+00 +1.9999344889773780e+00 +1.7934899293829750e-03 +1.0001122710508714e+00 +9.9996964251236653e-01 +9.9998165118865590e-01 +1.0000063555605321e+00 +9.9999972019983518e-01 -4.2634677284504095e-06 -1.8251936178029780e-05 +2.2776507471793825e-05 -1.8069286489995649e-05 -5.1832325044878655e-05
347.50000000 +5.0000000000000000e+00 +1.9999058590265091e+00 +1.8258893382194475e-03 +1.0000255837187302e+00 +9.9997762596631157e-01 +9.9998424327785651e-01 +9.9999510786205126e-01 +9.9999277530265618e-01 +7.8929661526567035e-06 +2.1775641566677182e-05 -6.0185808046090916e-05 -1.5525256697150783e-06 +5.6733602651341096e-05
348.00000000 +5.0000000000000000e+00 +2.0000486003684266e+00 +1.8402686207412708e-03 +9.9998814995841201e-01 +9.9999256783853319e-01 +9.9999514726757921e-01 +9.9998986799929201e-01 +1.0000000109219487e+00 +3.4208169210530131e-05 +1.2823481143976067e-05 +4.4097400269246318e-05 -1.6341129151902255e-05 -4.0531911394525647e-05
348.50000000 +5.0000000000000000e+00 +1.9998646215434270e+00 +1.8711516812254124e-03 +9.9991837673445616e-01 +9.9999921769729117e-01 +9.9995430604220303e-01 +9.9997078003467854e-01 +9.9998929289224947e-01 -3.0322865107410827e-05 +3.1969636272463675e-06 +8.4036293021789185e-05 +5.4099390592235637e-05 +5.7016814640350238e-05
349.00000000 +5.0000000000000000e+00 +1.9998329847537857e+00 +1.8724174959017688e-03 +9.9993007429860914e-01 +9.9996401602932072e-01 +9.9999260523252265e-01 +9.9998890056456602e-01 +9.9999461851220417e-01 +2.7391557973770963e-05 -4.1823011474484485e-05 +1.3420500250205540e-05 +9.4289126677404045e-05 +3.6507177504095638e-05
349.50000000 +5.0000000000000000e+00 +1.9998979875881562e+00 +1.8635014529570870e-03 +9.9991321780800269e-01 +1.0000061384220513e+00 +1.0000201535607052e+00 +9.9997534706700864e-01 +9.9999948907664982e-01 +3.3757588811397022e-05 -4.0156823183758945e-06 +5.0286318183544548e-05 +6.9877886338305900e-05 -6.4252050434399815e-05
350.00000000 +5.0000000000000000e+00 +1.9998702046595194e+00 +1.9083996576722078e-03 +9.9982773065949848e-01 +9.9999159657940351e-01 +1.0000255224259518e+00 +9.9997490160919933e-01 +9.9997695760360250e-01 -9.4227586262094088e-06 +4.5944972808165138e-05 +7.5117817699167809e-05 +2.4844228824748644e-05 +6.6806887270203541e-05
350.50000000 +5.0000000000000000e+00 +1.9999674033778134e+00 +1.8425762033794004e-03 +1.0000094760815563e+00 +1.0000040527449265e+00 +9.9998703777380182e-01 +1.0000174098737316e+00 +9.9999066181221241e-01 -2.8660700206895958e-05 +7.2262261560676283e-05 -1.1580923872130407e-04 +5.8394855274414357e-05 +5.1745177633601435e-06
351.00000000 +5.0000000000000000e+00 +1.9999362636868159e+00 +1.8745256442600248e-03 +9.9985850382312647e-01 +1.0000169253823386e+00 +1.0000066572342605e+00 +1.0000591134493519e+00 +1.0000030624228848e+00 +1.0053179299164776e-05 +4.6268034669880476e-05 +2.2983921034514054e-05 -3.8223956365596196e-05 +1.4656511157311587e-05
351.50000000 +5.0000000000000000e+00 +1.9998451344952510e+00 +1.8752031612006622e-03 +9.9991029665342201e-01 +9.9998596314403443e-01 +9.9998568175096414e-01 +1.0000393666062422e+00 +1.0000096592536611e+00 +1.4286451566124593e-05 +4.3901429652817310e-05 +1.5927660586901256e-05 -1.6059536368119654e-05 +1.0976590284381893e-05
352.00000000 +5.0000000000000000e+00 +1.9998307993114108e+00 +1.9131731515833221e-03 +9.9980462316744734e-01 +1.0000381128522522e+00 +1.0000137326805139e+00 +9.9998917467245152e-01 +9.9994779006186241e-01 -5.8537275707654920e-05 +1.1487394823768630e-04 -2.5467995916153008e-05 +9.3502206665435308e-05 +8.2195665908336551e-05
352.50000000 +5.0000000000000000e+00 +1.9997864656192197e+00 +1.8933037042651350e-03 +9.9984644801555045e-01 +9.9999618433539872e-01 +9.9996957348861670e-01 +9.9995896231938075e-01 +9.9999702002694346e-01 +4.3330203245425373e-05 +1.1378959497895112e-04 -1.3266060938560111e-05 +1.5402875962492133e-05 +7.2555219866217408e-05
353.00000000 +5.0000000000000000e+00 +2.0000709596691206e+00 +1.7978264079362353e-03 +1.0000595445382590e+00 +1.0000214758544386e+00 +1.0000539253085927e+00 +1.0000421298489208e+00 +9.9996193901069763e-01 +4.3483811525179071e-05 -4.8991540529948091e-05 -5.0356948178859250e-05 +3.1823737654555897e-05 -1.1497364917419560e-04
353.50000000 +5.0000000000000000e+00 +1.9999309725971750e+00 +1.8625810926266016e-03 +9.9994437204245645e-01 +9.9997442646629875e-01 +1.0000313175146902e+00 +9.9998299319253892e-01 +9.9998666646461709e-01 +8.8504255973353087e-05 +5.0788423816031453e-05 -8.0288190267336677e-05 -4.8503204764517543e-05 +6.9723018406758956e-05
354.00000000 +5.0000000000000000e+00 +1.9999853806674750e+00 +1.8311880174278435e-03 +1.0000000222180230e+00 +9.9995698675859024e-01 +9.9998790888950018e-01 +9.9999152785229339e-01 +9.9999546074610601e-01 -1.3594728987116310e-05 +3.7519316893793447e-06 -1.3329223764316769e-05 +4.8368920361870932e-05 +4.2896658723966186e-05
354.50000000 +5.0000000000000000e+00 +1.9999092594393331e+00 +1.8347358715188231e-03 +1.0000075392744148e+00 +9.9999924429941123e-01 +9.9998953940007818e-01 +9.9999247015826398e-01 +1.0000195837854091e+00 -3.8373302647554330e-05 -8.9912207072016031e-05 +4.6490880061764441e-05 +1.8603845226496396e-05 +5.4813873185512670e-05
355.00000000 +5.0000000000000000e+00 +1.9998962337129524e+00 +1.8164567498464913e-03 +1.0000786967741246e+00 +9.9998311511454485e-01 +9.9994276771518154e-01 +1.0000069881293756e+00 +9.9999162249516194e-01 +2.1992523669402189e-05 -4.5621432940843937e-05 +9.8070150947856023e-05 +1.5849599464123418e-05 -9.3481094410622652e-05
355.50000000 +5.0000000000000000e+00 +1.9999377516915555e+00 +1.8495968481232626e-03 +9.9995671958965515e-01 +1.0000179227401214e+00 +1.0000376489378104e+00 +1.0000064503481956e+00 +9.9998835639518946e-01 +1.7481319712464965e-05 +1.0312893228181550e-05 -2.7200287220630869e-05 +1.8383283670454507e-05 -2.6075213540839891e-05
356.00000000 +5.0000000000000000e+00 +1.9999123843274274e+00 +1.8206643588573527e-03 +1.0000486450084982e+00 +9.9998408532795235e-01 +9.9999300503597777e-01 +9.9998622919365221e-01 +9.9997894900107054e-01 -6.0127803375405069e-05 +5.1161747703977062e-05 +4.3316695056672038e-05 -5.5877794398807031e-06 -1.9676428162770080e-05
356.50000000 +5.0000000000000000e+00 +1.9999113329316274e+00 +1.8843233318856906e-03 +9.9989197417982323e-01 +1.0000114637254560e+00 +9.9999565560008841e-01 +9.9998544358938835e-01 +1.0000420596026818e+00 +3.2076910201740837e-05 -1.5452411150248820e-05 -1.2744160017791254e-05 -2.5813755605287268e-05 +9.5336715104764856e-05
357.00000000 +5.0000000000000000e+00 +1.9998930687984948e+00 +1.8708393892050014e-03 +9.9991137876010083e-01 +9.9997904027793161e-01 +1.0000263831183460e+00 +9.9996096606710305e-01 +1.0000375451189594e+00 +2.6087895635864751e-05 +3.2089629975674637e-05 +3.5447368076487293e-05 +3.5819769875233141e-05 -4.4757996843785196e-05
357.50000000 +5.0000000000000000e+00 +1.9998500173984919e+00 +1.8936296812897683e-03 +9.9986679373948251e-01 +9.9999033282768601e-01 +1.0000001205568019e+00 +9.9998875481489757e-01 +9.9999095770475099e-01 +8.4164547208635842e-05 +2.5374188261700088e-05 +3.9696083729040256e-05 -2.1505442151704798e-05 +3.5310971107838423e-05
358.00000000 +5.0000000000000000e+00 +1.9998892825889629e+00 +1.9123752187338275e-03 +9.9978650680272119e-01 +9.9994928251431570e-01 +9.9997652843775187e-01 +1.0000308786447434e+00 +9.9994675588161319e-01 +1.2876289397194026e-05 +7.5550633941857037e-05 +1.1784356681215425e-04 +1.5490339863264104e-05 +8.8286870814795722e-05
358.50000000 +5.0000000000000000e+00 +1.9996513732372341e+00 +1.9260214997456966e-03 +9.9977636974252526e-01 +9.9998256556014975e-01 +1.0000062892334685e+00 +9.9998448817104324e-01 +1.0000185221609827e+00 +1.0811843173188200e-04 +8.1267261929140940e-05 -1.8368195937403087e-05 -2.7048315050613767e-05 +8.7795971708164055e-05
359.00000000 +5.0000000000000000e+00 +2.0000437917676286e+00 +1.8217983518113649e-03 +1.0000203463829822e+00 +1.0000077262291978e+00 +9.9998944938740475e-01 +1.0000176810303611e+00 +1.0000154491476834e+00 -6.6482584561754205e-05 -1.7217367054958749e-05 +3.1077784726245838e-05 -9.2554205916393645e-05 +9.4524214396054571e-05
359.50000000 +5.0000000000000000e+00 +1.9998798686000916e+00 +1.8516757583155554e-03 +9.9994845703567592e-01 +1.0000492181765228e+00 +1.0000323159237101e+00 +9.9999239909607973e-01 +9.9998345781476150e-01 -1.8139304803330061e-05 +2.0041789341621515e-05 +4.1031448199154583e-05 -7.9459457960216054e-06 -4.0836064214840571e-05
360.00000000 +5.0000000000000000e+00 +2.0000571819054298e+00 +1.7650717320670032e-03 +1.0001311467069165e+00 +1.0000078542448432e+00 +1.0000303339826822e+00 +9.9998984167060012e-01 +1.0000799499549626e+00 -6.9352722707135574e-05 -1.0813374947508169e-04 +1.7480337768223922e-05 -4.8737325874831647e-05 -3.0383115274877772e-05
360.50000000 +5.0000000000000000e+00 +1.9999582249415668e+00 +1.8108075480597066e-03 +1.0000958392200587e+00 +1.0000327960298754e+00 +1.0000180273883070e+00 +9.9994653202239359e-01 +9.9998025948480229e-01 -1.1598583143780051e-04 +3.3205434237878644e-05 -6.0654701965062201e-05 +5.4609526481447826e-05 +1.5371420464817693e-05
361.00000000 +5.0000000000000000e+00 +2.0000172298398238e+00 +1.7700647580057337e-03 +1.0001889006040581e+00 +9.9994819513720312e-01 +9.9996739218216812e-01 +9.9994649880631581e-01 +9.9996324524590230e-01 -4.5886806906212265e-05 +3.5462141361407809e-05 -4.1465935647601670e-05 -2.0952026685355743e-05 +5.8610663847061770e-05
361.50000000 +5.0000000000000000e+00 +1.9998572804079127e+00 +1.8817761960393689e-03 +9.9987644047360691e-01 +9.9998175389184429e-01 +1.0000129657689918e+00 +9.9997755439576341e-01 +9.9998801697493500e-01 -6.4685484373968843e-06 +9.4880966931342231e-05 -4.1140344411027512e-05 +7.9668375069245908e-05 +3.6328029564468564e-05
362.00000000 +5.0000000000000000e+00 +1.9998829285837600e+00 +1.8306342687057337e-03 +9.9998934245381910e-01 +1.0000203865454007e+00 +1.0000665007114429e+00 +1.0000566730070144e+00 +1.0000284243272590e+00 +5.9419674026829001e-05 +1.2387560168089903e-05 -4.5070758279492474e-05 -1.2180388634143282e-04 -6.6259635608445857e-05
362.50000000 +5.0000000000000000e+00 +1.9996963816984412e+00 +1.9289155588083356e-03 +9.9977947300224412e-01 +9.9997626624871760e-01 +9.9994961341917299e-01 +9.9998454251389235e-01 +1.0000288771966914e+00 +1.1257427426017190e-05 +5.6168535851088350e-05 +8.8932789877682313e-05 +3.5559024065050323e-05 +8.9309820014730484e-05
363.00000000 +5.0000000000000000e+00 +1.9999724722645704e+00 +1.8262170371411131e-03 +1.0000026876155561e+00 +1.0000551581292274e+00 +9.9995108917677844e-01 +1.0000248872988489e+00 +1.0000126708091013e+00 -6.5377515231822058e-05 +9.1055329236722156e-05 +4.0570609189388522e-05 -3.7579766938896892e-05 -7.5161672974031368e-05
363.50000000 +5.0000000000000000e+00 +1.9998807553288416e+00 +1.8625380564398278e-03 +9.9991249708320407e-01 +9.9997508713449779e-01 +9.9998352742043528e-01 +9.9999762642164025e-01 +1.0000235613862083e+00 -3.7030704247787232e-05 -4.7920995679991637e-05 +1.0233326290064324e-04 +4.9754072929694813e-05 +4.0564900924929128e-05
364.00000000 +5.0000000000000000e+00 +1.9999531097527228e+00 +1.8265488162021229e-03 +1.0000020465998158e+00 +1.0000461215124097e+00 +9.9998831729916771e-01 +9.9995786132658748e-01 +1.0000287111612243e+00 -2.0700465673978861e-05 +1.1342652775934199e-04 -1.3074915726342125e-05 -9.2485986769624609e-05 -1.0223046032717519e-05
364.50000000 +5.0000000000000000e+00 +1.9998217928902553e+00 +1.9060250526814883e-03 +9.9986333880022871e-01 +9.9999247436617178e-01 +9.9997670054489685e-01 +9.9995411007147239e-01 +9.9998510981591227e-01 -1.2803091737589739e-05 +4.5720881032533268e-05 +4.5677260960314295e-05 +8.9909300329287368e-05 +5.9762033644444559e-05
365.00000000 +5.0000000000000000e+00 +2.0000725640559076e+00 +1.7722606369052821e-03 +1.0001786467173255e+00 +1.0000751573680033e+00 +1.0000074803546941e+00 +1.0000182097867449e+00 +9.9998847770517019e-01 -2.2837792349466016e-05 -1.0522201039460528e-04 -8.3648560747486418e-05 -7.3212162569278680e-05 +1.6948582566790907e-05
365.50000000 +5.0000000000000000e+00 +1.9999110832254776e+00 +1.8501274177400468e-03 +9.9997278250048949e-01 +1.0000034749066562e+00 +1.0000231968617719e+00 +9.9995072363018800e-01 +9.9996745282459765e-01 +9.9973469876105306e-06 +1.2897756419897027e-06 -6.9544368061990740e-05 +7.6693685318753195e-05 +6.3932843434795378e-05
366.00000000 +5.0000000000000000e+00 +1.9999328061630288e+00 +1.8012741119951901e-03 +1.0000750296567162e+00 +1.0000426895302785e+00 +1.0000606849173452e+00 +1.0000059859545152e+00 +9.9997847433698150e-01 -1.1211620633662627e-04 -3.6532397956509002e-05 -9.9017860749369760e-05 +2.5262056854286798e-05 +5.9539996330714668e-05
366.50000000 +5.0000000000000000e+00 +1.9998772205608975e+00 +1.9098859464575361e-03 +9.9981010168907647e-01 +9.9993464925531128e-01 +9.9994335064932527e-01 +1.0000304175803707e+00 +9.9997583915529731e-01 +4.6605283485035337e-05 +8.8482591903118598e-05 -2.4271118474499129e-06 +1.6754980219739165e-04 +5.4311043693932152e-06
367.00000000 +5.0000000000000000e+00 +2.0001129271656515e+00 +1.7394091663815836e-03 +1.0002304944799369e+00 +1.0000417237504124e+00 +1.0000328529964742e+00 +1.0000279226051390e+00 +9.9994823984823999e-01 +1.5487104122724507e-05 +5.2361186993162994e-05 -1.3105932301831727e-04 -1.3615972105329399e-04 -8.1862905610829691e-05
367.50000000 +5.0000000000000000e+00 +1.9996407383609687e+00 +1.9460163672867553e-03 +9.9971683896922547e-01 +1.0000123859876917e+00 +9.9999993107482321e-01 +1.0000156514150085e+00 +1.0000340623722335e+00 +3.0666196620893226e-05 +2.4310010502883600e-05 +4.8458988741330891e-05 +8.8191870492636235e-05 +2.9503113894497608e-05
368.00000000 +5.0000000000000000e+00 +2.0000953314043723e+00 +1.7544728824445872e-03 +1.0002751333375259e+00 +9.9996532077739642e-01 +9.9995140790479231e-01 +9.9999909646292318e-01 +9.9988974591902857e-01 -8.3924743923877861e-06 -2.6539362477730921e-05 -1.0704844333939275e-05 -2.0802161767158901e-05 -1.4265579612757243e-05
368.50000000 +5.0000000000000000e+00 +1.9999686669242100e+00 +1.8213994249585428e-03 +9.9999345405646667e-01 +1.0000078262081298e+00 +9.9998368206701083e-01 +9.9996691811779392e-01 +1.0000447847290972e+00 -2.9878049816477794e-05 +9.5087461733024149e-05 -2.6770995689981283e-05 +6.2575052378281687e-05 -9.7678670394619086e-05
369.00000000 +5.0000000000000000e+00 +1.9999109176970706e+00 +1.8530058815507513e-03 +9.9999256219586630e-01 +9.9993358496044149e-01 +1.0000473075293697e+00 +1.0000028259687772e+00 +9.9994116651428566e-01 +2.4363969450138158e-05 -6.3094866367558301e-06 -8.9365135369856623e-05 +1.1649464648856040e-04 +3.7368862753951145e-05
369.50000000 +5.0000000000000000e+00 +1.9999798268696045e+00 +1.8052922967415172e-03 +1.0000733024234119e+00 +1.0000122133841267e+00 +1.0000456198102665e+00 +1.0000506623893393e+00 +9.9996961807733009e-01 -2.4890356411000279e-05 -6.4732985170521967e-06 -2.3850483950025982e-05 -6.6883070693896879e-05 -2.9318856677371683e-05
370.00000000 +5.0000000000000000e+00 +1.9999073144779429e+00 +1.8918133213178775e-03 +9.9984342685220184e-01 +1.0000641459731558e+00 +1.0000101064107345e+00 +9.9992940918862450e-01 +1.0000155918629223e+00 -1.6320086760791063e-05 +6.0369144166268175e-05 -6.0280465254889733e-06 +6.0678414679588218e-05 +3.8620291328195176e-05
370.50000000 +5.0000000000000000e+00 +1.9998721443355039e+00 +1.9194691959466769e-03 +9.9981866590612267e-01 +1.0000338715412767e+00 +9.9998545958608109e-01 +9.9995813518573806e-01 +1.0000066709517381e+00 +1.3399668183752340e-04 +5.0617326634337809e-05 -3.1225804023139801e-05 +1.8822113078275449e-05 +2.4986527638306386e-05
371.00000000 +5.0000000000000000e+00 +1.9998519201095986e+00 +1.8651565882539692e-03 +9.9994217156282861e-01 +9.9995053293374025e-01 +9.9993096784196056e-01 +1.0000253628088218e+00 +9.9995330965398777e-01 +3.9154797175998673e-05 +1.3725230257448796e-04 +9.9135650613332732e-05 -4.8679416924556131e-05 -2.9208140971545149e-05
371.50000000 +5.0000000000000000e+00 +1.9998086114531581e+00 +1.8980016577421373e-03 +9.9984014038593794e-01 +1.0000101735365663e+00 +1.0000067378647182e+00 +1.0000330231140766e+00 +1.0000069566312553e+00 +6.7185434123753342e-08 -6.1001715390978154e-05 +1.1585428776740958e-04 +1.1207021045941290e-05 +3.6841681187175353e-05
372.00000000 +5.0000000000000000e+00 +1.9997574645303235e+00 +1.9618074732475569e-03 +9.9966578653853100e-01 +1.0000265878965124e+00 +9.9999256875168940e-01 +9.9997610581659357e-01 +1.0000278505734579e+00 -1.6828359454532399e-05 +1.7924177471765795e-05 +9.8794810460944060e-05 +6.7687993269998510e-06 +2.0444097663602261e-04
372.50000000 +5.0000000000000000e+00 +1.9998474465115352e+00 +1.8568749153437709e-03 +9.9993322185830280e-01 +1.0000165109266110e+00 +1.0000164563070861e+00 +1.0000134103662055e+00 +1.0000365438438634e+00 +9.3320458036285408e-05 -6.0441613784747406e-05 -5.3852784263560952e-05 -7.8681018740317892e-05 +8.3511654009473335e-05
373.00000000 +5.0000000000000000e+00 +1.9998713046036953e+00 +1.8564446304612928e-03 +9.9994407499103011e-01 +1.0000264535213232e+00 +1.0000360394377212e+00 +9.9999785238055283e-01 +9.9997653129023323e-01 +1.3884799192316486e-04 +9.9074778954697803e-05 -5.3190893261205351e-05 -4.8194545437227332e-05 -1.1748896096111881e-04
373.50000000 +5.0000000000000000e+00 +2.0001559931973167e+00 +1.7795254512024945e-03 +1.0001185499178431e+00 +9.9999663235439795e-01 +9.9998417962501751e-01 +1.0000277513928986e+00 +1.0000301130197822e+00 -4.2131145472774276e-05 -7.0162696055821186e-05 +1.0771540633283336e-04 -1.3840687003127211e-04 -1.4240999972433104e-05
374.00000000 +5.0000000000000000e+00 +1.9998246687499828e+00 +1.8720011183489254e-03 +9.9987173055662837e-01 +9.9998839104881132e-01 +1.0000379264676724e+00 +9.9996635159830394e-01 +1.0000174819075398e+00 -6.9537016145906845e-06 +9.4490556879111914e-05 +6.9618605649831146e-06 -3.9943906198814047e-05 +6.3563626950015017e-05
374.50000000 +5.0000000000000000e+00 +2.0000259466847372e+00 +1.8312341377654884e-03 +1.0000012666180838e+00 +9.9998616217863379e-01 +9.9997897252198176e-01 +9.9996277587818638e-01 +1.0000257015711833e+00 -3.4686347467979783e-05 -2.5342728752332814e-05 -7.8933274815995398e-05 +7.0510863051583651e-05 +1.1357274221325470e-04
375.00000000 +5.0000000000000000e+00 +1.9996397081698827e+00 +1.9792278126670002e-03 +9.9968499952039069e-01 +9.9998181149361687e-01 +9.9994588145707064e-01 +9.9996295273758207e-01 +1.0000218790796116e+00 +1.5669585652659546e-04 +9.7358116771102660e-05 +1.1619105116328030e-04 +5.3867747955385898e-05 -2.1637061901905788e-05
375.50000000 +5.0000000000000000e+00 +1.9998147114226859e+00 +1.9335347687357994e-03 +9.9972087511120467e-01 +1.0000000945063066e+00 +1.0000151380147677e+00 +9.9999417223724496e-01 +1.0000361871881478e+00 +9.6349589112738662e-05 +1.1394802656880076e-04 -6.8316653763585912e-05 +9.3400310815505109e-05 -1.8483091621323080e-06
376.00000000 +5.0000000000000000e+00 +1.9998162872393737e+00 +1.8585826132752393e-03 +9.9992416465818967e-01 +1.0000153039722628e+00 +9.9998840196997885e-01 +1.0000090147171521e+00 +9.9998664915382252e-01 -7.6295973119579628e-06 -4.7979610118200647e-05 -3.6573237694642726e-06 +3.8599152905113051e-05 +9.7132933612147706e-05
376.50000000 +5.0000000000000000e+00 +2.0001106856337452e+00 +1.7207664597861630e-03 +1.0003119733188430e+00 +1.0000149000719345e+00 +1.0000173327143240e+00 +9.9997016247178361e-01 +9.9993129816742199e-01 -6.4820479564946096e-05 -1.6874727926545190e-04 -7.3568269218460050e-05 -1.4795375160713927e-06 +6.2948815606602337e-05
377.00000000 +5.0000000000000000e+00 +1.9999111323608798e+00 +1.8068117603345936e-03 +1.0001030276686866e+00 +1.0000053767507040e+00 +9.9998540609752562e-01 +9.9994873043834209e-01 +9.9994407292112641e-01 -1.1908229941178135e-04 -1.8663142970262447e-05 +1.8258697415868346e-05 +4.8354743204114121e-05 +8.4518107967089987e-05
377.50000000 +5.0000000000000000e+00 +1.9997676797134525e+00 +1.9390677679258924e-03 +9.9972936265511914e-01 +9.9993992539541832e-01 +9.9998460161208214e-01 +9.9998847422320458e-01 +1.0000553375269723e+00 +1.3541621465373721e-04 +1.1201629460708381e-06 -2.2377710652820268e-05 +4.8854194094365285e-05 +1.3928571309455753e-04
378.00000000 +5.0000000000000000e+00 +2.0000507807791998e+00 +1.8025474258102101e-03 +1.0000853940378753e+00 +9.9998907888671040e-01 +9.9998581162816580e-01 +9.9997245929467049e-01 +9.9997583292901526e-01 +3.6273072752297625e-05 +2.8261364652501407e-05 +1.2862331226637777e-05 -5.5327916272854086e-06 -8.0440745458141419e-05
378.50000000 +5.0000000000000000e+00 +1.9998597131118736e+00 +1.8707246821954651e-03 +9.9989743007745524e-01 +1.0000024055522392e+00 +9.9999391869920151e-01 +9.9995330598953169e-01 +1.0000389342228369e+00 -3.2311465342127017e-05 +4.0933280267750681e-05 +7.5037209420056478e-06 +5.2547489955214106e-05 +4.5332417444387291e-05
379.00000000 +5.0000000000000000e+00 +1.9998385542673354e+00 +1.8738278533993202e-03 +9.9992147796910147e-01 +1.0000098912481203e+00 +1.0000063609427281e+00 +9.9998270608859952e-01 +9.9993589909149017e-01 -5.6149030971388181e-05 +8.1168564052421828e-05 +1.1557576570231169e-04 +3.6283358090458271e-05 -3.3214024504439762e-05
379.50000000 +5.0000000000000000e+00 +1.9997885123688401e+00 +1.8837321030384293e-03 +9.9991597667304233e-01 +1.0000394870675005e+00 +1.0000093592987442e+00 +9.9998206902060871e-01 +1.0000400002030772e+00 -2.6070756047790687e-05 -3.3238541083386649e-05 +6.7430069527725804e-05 +7.3552848226738214e-05 -6.8565897047900864e-05
380.00000000 +5.0000000000000000e+00 +1.9998396898378272e+00 +1.8837673729799811e-03 +9.9991679511490472e-01 +1.0000173840779210e+00 +9.9999523979922555e-01 +9.9994473937762740e-01 +1.0000389126755402e+00 -1.2247142065930707e-05 -6.5619961542632052e-05 -6.2213945368857370e-05 +7.2045527057599149e-05 +1.5496447924484262e-04
380.50000000 +5.0000000000000000e+00 +1.9998293629220087e+00 +1.8833244267274527e-03 +9.9990445596244537e-01 +9.9996633447102623e-01 +9.9995504580815575e-01 +9.9994673794993671e-01 +1.0000024489513135e+00 -1.2731127326415272e-04 +3.7483026642632719e-06 +2.5536102108839623e-04 +3.7878425391656517e-05 +5.5300388520287735e-05
381.00000000 +5.0000000000000000e+00 +2.0001082331845885e+00 +1.7515605067354684e-03 +1.0002410893490963e+00 +1.0000028844666426e+00 +9.9998721958893022e-01 +9.9999108095008360e-01 +9.9999607329551843e-01 -4.3427146662985653e-05 -8.4736194641479634e-05 +5.9544241613957084e-05 -6.5305704113716604e-05 -8.4422831042047297e-05
381.50000000 +5.0000000000000000e+00 +1.9997788939641425e+00 +1.8880975301413651e-03 +9.9980964664881289e-01 +1.0000511767853006e+00 +9.9996843000437696e-01 +1.0000105308799820e+00 +9.9997861482157369e-01 +5.5604074453711478e-06 +5.8826751353935004e-05 +5.5379639085937545e-05 +6.0795798116504475e-05 +1.0382370682531498e-06
382.00000000 +5.0000000000000000e+00 +1.9997928814511996e+00 +1.9478962323653843e-03 +9.9972699487790440e-01 +9.9998064212837323e-01 +1.0001023846533899e+00 +1.0000049577778909e+00 +9.9995083510433869e-01 -2.4439811770531729e-05 +2.1792810724714695e-05 +7.5411271804827493e-05 +3.7696161583251207e-05 +1.2372500490039176e-04
382.50000000 +5.0000000000000000e+00 +1.9997583110055261e+00 +1.9019677763744214e-03 +9.9983937486551100e-01 +1.0000148963019198e+00 +1.0000102924714322e+00 +1.0000105397557673e+00 +9.9995906731927253e-01 +7.5292678279355423e-06 -5.3811344028220791e-05 +7.8314988418607943e-05 +1.0279121442378881e-04 +3.1005153693122945e-05
383.00000000 +5.0000000000000000e+00 +1.9999796345060941e+00 +1.8757934870336117e-03 +9.9989997866339020e-01 +1.0000561348975041e+00 +9.9992873037778807e-01 +9.9996745483033689e-01 +1.0000330742882513e+00 -4.5595624167037072e-05 +1.9477553557140667e-05 +9.7995606446339299e-05 -3.5101506381671256e-05 +7.7850889853092994e-05
383.50000000 +5.0000000000000000e+00 +1.9999049507230346e+00 +1.8900949265730107e-03 +9.9984085326860539e-01 +1.0000039079355618e+00 +1.0000165987998708e+00 +9.9999163113831890e-01 +1.0000178122093164e+00 +3.7063100258733506e-05 -4.5067581236558098e-06 +1.0365079696457079e-04 -1.8031997429422358e-05 +1.1021494886663899e-05
384.00000000 +5.0000000000000000e+00 +1.9998651214623564e+00 +1.8824840212723760e-03 +9.9987490035622273e-01 +9.9998689031765942e-01 +1.0000055973755206e+00 +1.0000087816975327e+00 +1.0000580797792633e+00 +1.7604454616053776e-04 -3.3230667689909843e-05 -2.0740753382532992e-05 +1.5203934005286599e-05 -7.1526608559340635e-05
384.50000000 +5.0000000000000000e+00 +1.9998583271548813e+00 +1.8375344265553941e-03 +1.0000420913090484e+00 +9.9997340186878125e-01 +9.9993687470805670e-01 +1.0000442091666537e+00 +1.0000467884066249e+00 +2.5244513631449839e-05 +2.0132946857787556e-05 -5.2329345863173852e-06 +8.4635614853840698e-06 -9.1973563690119222e-05
385.00000000 +5.0000000000000000e+00 +1.9999229009641786e+00 +1.8972931006767733e-03 +9.9983814962211781e-01 +1.0000029859136546e+00 +9.9998651212042078e-01 +1.0000598413656574e+00 +9.9997570843284878e-01 +2.9864504198383915e-05 -7.0269630021634122e-06 +8.4560076833919137e-06 +1.4529216641672073e-04 -3.9783171077693551e-05
385.50000000 +5.0000000000000000e+00 +1.9999182601516563e+00 +1.7948924310179964e-03 +1.0001177031366271e+00 +9.9998302770953384e-01 +9.9995690205929433e-01 +1.0000102137409770e+00 +1.0000098994478215e+00 +1.2048913240864268e-04 -1.6455037892782213e-04 -1.9651930795971392e-05 +6.2620268529525513e-05 -7.6653184455415094e-05
386.00000000 +5.0000000000000000e+00 +1.9999408244701671e+00 +1.7923104140285101e-03 +1.0001504818981057e+00 +9.9992904633375512e-01 +9.9997555115004844e-01 +9.9998771592601321e-01 +9.9997846415450509e-01 +6.9320774658392196e-05 -8.3627763255479914e-05 -4.2080773246437221e-05 +7.8893574709902313e-05 -4.3765274734804349e-05
386.50000000 +5.0000000000000000e+00 +2.0000851821862429e+00 +1.7183886875156717e-03 +1.0002205732663692e+00 +9.9999923987573369e-01 +1.0000363704688768e+00 +1.0000171769791666e+00 +9.9996340006847040e-01 -7.2621506682611349e-05 +1.1508942697365186e-04 -9.8088643753930059e-05 -2.7844970024667310e-05 -1.5329497570006233e-04
387.00000000 +5.0000000000000000e+00 +1.9999770938746755e+00 +1.8074626365847894e-03 +1.0000735044491817e+00 +1.0000018341043415e+00 +9.9997696999914154e-01 +1.0000182101522288e+00 +1.0000221654589021e+00 +3.6579845073161951e-05 -1.4735058408075750e-05 +3.9470004611621658e-05 -7.6747414471187815e-05 -7.7251545971821257e-05
387.50000000 +5.0000000000000000e+00 +1.9999514011511828e+00 +1.8101683977850948e-03 +1.0000324644103977e+00 +1.0000564406356363e+00 +1.0000222803847780e+00 +1.0001148042159747e+00 +1.0000802280506249e+00 +4.1861402921493355e-05 -8.9448221549988453e-05 -2.0675031223772914e-05 -7.5767812004863625e-05 -1.6218805730811763e-04
388.00000000 +5.0000000000000000e+00 +1.9998141675670540e+00 +1.9028475123691096e-03 +9.9987177702696528e-01 +1.0000124707975178e+00 +1.0000345077358137e+00 +9.9994328406502242e-01 +9.9997363893201185e-01 +5.6655362321328239e-05 -1.0692486982575657e-04 +5.3473605828588042e-05 +4.2524857166400435e-05 +1.1859248804208533e-04
388.50000000 +5.0000000000000000e+00 +2.0000528562857669e+00 +1.7592015724401228e-03 +1.0001452774076991e+00 +1.0000374056307517e+00 +1.0000264679146318e+00 +9.9999305371331582e-01 +1.0000757364319270e+00 +3.4661962354870488e-05 -1.4409365346234747e-04 -3.9130536313636120e-05 -1.0434578284080697e-04 -2.5033099977537970e-05
389.00000000 +5.0000000000000000e+00 +2.0002560714565831e+00 +1.7649129677969780e-03 +1.0001009527307565e+00 +1.0000324980375852e+00 +1.0000639824777953e+00 +1.0000801164182580e+00 +1.0000220106334892e+00 -7.2802234500414636e-05 +2.7203589668523649e-05 -1.8417522463028303e-04 -1.3866746543129320e-04 +6.8881048680377078e-05
389.50000000 +5.0000000000000000e+00 +2.0001924571447551e+00 +1.6979408248896551e-03 +1.0003586947181495e+00 +9.9994217856062395e-01 +1.0000399106061537e+00 +1.0000010635604579e+00 +1.0000237467630262e+00 -6.7739482876018098e-05 -1.2077611282084705e-04 -2.2980452597363748e-05 -7.0535395564387250e-05 -8.3562764685113743e-05
390.00000000 +5.0000000000000000e+00 +1.9998049710560784e+00 +1.8271663215312318e-03 +9.9998623686804600e-01 +9.9999555313952715e-01 +9.9996132353620582e-01 +9.9997372243652671e-01 +9.9998555544442991e-01 +5.6834290152703972e-05 -5.4229934619914188e-05 +3.6282194233264058e-05 +2.0313728609748127e-05 +3.8408292469786645e-05
390.50000000 +5.0000000000000000e+00 +1.9998217765829811e+00 +1.9317641715915169e-03 +9.9977302878240271e-01 +1.0000051603810360e+00 +9.9994446510940493e-01 +1.0000344587009091e+00 +9.9995332068932063e-01 +1.4809298755616749e-04 -3.9991037131665890e-05 +1.3782579469274228e-04 +9.8843869083613806e-05 -5.5205282663548808e-05
391.00000000 +5.0000000000000000e+00 +2.0000260589458931e+00 +1.7617376642158531e-03 +1.0002476452027504e+00 +9.9996908884998115e-01 +1.0000232240363347e+00 +1.0000184237063829e+00 +9.9999704329245653e-01 -4.8779933462833535e-05 -8.4788517021245493e-05 -1.9045383259252756e-05 -4.6583496086819896e-05 -5.6227737514088282e-05
391.50000000 +5.0000000000000000e+00 +1.9995831837941049e+00 +1.9262305546747023e-03 +9.9985294859623286e-01 +9.9993511011307634e-01 +9.9998330291657689e-01 +9.9991945650699321e-01 +9.9994121131337543e-01 +1.8340269279443645e-04 +6.2942012729335240e-05 +1.2359846435106424e-04 -1.1248065576317120e-04 +1.1050802658939034e-04
392.00000000 +5.0000000000000000e+00 +1.9999124489168225e+00 +1.8456970319798503e-03 +9.9995953964952788e-01 +9.9998635310535622e-01 +1.0000008770388582e+00 +9.9995679349403588e-01 +1.0000275008445558e+00 +2.0997881992364085e-04 -2.2249712680938803e-05 -8.3881791773617663e-05 -1.3878529596180657e-04 +1.0387384493915425e-04
392.50000000 +5.0000000000000000e+00 +1.9998777467977169e+00 +1.7820315084494322e-03 +1.0001805618537845e+00 +1.0000095632679948e+00 +9.9995138742245759e-01 +1.0000111023097644e+00 +9.9999165501484211e-01 -1.6743166046728094e-04 +6.7294531477019238e-05 -1.9189426265962187e-05 -6.3639961680720333e-05 +3.8696653832001321e-05
393.00000000 +5.0000000000000000e+00 +2.0001155742126273e+00 +1.7451547622526070e-03 +1.0002320936002556e+00 +9.9998109407186297e-01 +1.0000037019264338e+00 +1.0000117726408200e+00 +1.0000159435010467e+00 -2.0810391935392107e-04 -4.1809576402800441e-05 -2.4909063732900994e-05 +3.4417958791193963e-06 +2.6775048817462805e-05
393.50000000 +5.0000000000000000e+00 +1.9999380404628351e+00 +1.8087780605117647e-03 +1.0000503150401685e+00 +1.0000039718814360e+00 +9.9998405099071996e-01 +9.9994004302739725e-01 +1.0000092744431870e+00 +8.1400347706254875e-05 -2.2283481030825835e-05 +7.3062351099388548e-05 -5.4437023055167097e-05 -6.5397569525721923e-05
394.00000000 +5.0000000000000000e+00 +1.9998160122338007e+00 +1.9348572883810646e-03 +9.9971018477897677e-01 +1.0000678214427090e+00 +1.0000163823434760e+00 +9.9993386482410151e-01 +9.9991000918420103e-01 +9.0817630018198155e-05 +2.1134360958349258e-04 +1.5931574641182098e-04 -2.8361576259525800e-05 -7.1377960083634465e-05
394.50000000 +5.0000000000000000e+00 +1.9999523110374673e+00 +1.8473295915812447e-03 +9.9992150504417288e-01 +1.0000335044737760e+00 +1.0000760378892226e+00 +9.9993474998612264e-01 +9.9999268013195408e-01 -1.0920066923018751e-04 +8.6945338029525298e-05 +3.0296910966663465e-05 +6.3604504364936314e-05 -3.0123608405056071e-05
395.00000000 +5.0000000000000000e+00 +1.9997340170296787e+00 +1.8991796019537409e-03 +9.9986234262769225e-01 +9.9998686822797900e-01 +9.9998336750471839e-01 +1.0000149471857995e+00 +9.9990628826147232e-01 +2.9044665659154749e-05 +5.3975003978020323e-05 +1.3785559580940524e-04 +2.8699681430184880e-05 -3.3887338533356247e-06
395.50000000 +5.0000000000000000e+00 +1.9999364478191686e+00 +1.8573325548635659e-03 +9.9993639507660370e-01 +1.0000211021953127e+00 +1.0000026078234563e+00 +1.0000558850285466e+00 +9.9993840160729519e-01 -4.6510339102481670e-05 +5.7354358969526393e-05 +1.4030153116747598e-05 -8.0059754582835507e-05 +1.0079385403481281e-04
396.00000000 +5.0000000000000000e+00 +1.9999510230618502e+00 +1.8276003905182796e-03 +1.0000246731792402e+00 +1.0000371526951248e+00 +9.9998194152057396e-01 +9.9995082596851892e-01 +1.0000036048298033e+00 +2.4006909024309686e-04 -4.5189388320297634e-05 -1.2364607427319747e-04 -3.5765889076082504e-05 -3.3665935125429962e-05
396.50000000 +5.0000000000000000e+00 +2.0001058363919624e+00 +1.8091439949095105e-03 +1.0000645854929395e+00 +1.0000649574745462e+00 +1.0000349676320217e+00 +1.0000417754193849e+00 +1.0000353548484875e+00 -3.1656102464813222e-05 -1.1050458916368752e-04 -8.0611540066592919e-05 +1.7997205383595639e-05 -3.6865830295873315e-05
397.00000000 +5.0000000000000000e+00 +1.9997921948980795e+00 +1.8161646650980718e-03 +1.0000833935024749e+00 +9.9998843665098780e-01 +1.0000564955557163e+00 +9.9997713765194529e-01 +1.0000160560968652e+00 -1.1914063333905297e-04 +6.4554140205490498e-06 +4.2990145676589430e-05 +2.9067518581303873e-05 -8.0891900880204564e-05
397.50000000 +5.0000000000000000e+00 +1.9997854000115687e+00 +2.0097943684537233e-03 +9.9949595595030316e-01 +1.0000035010351551e+00 +1.0000698715439775e+00 +1.0000137437513190e+00 +1.0000112855169248e+00 +3.8859393122969841e-05 +2.5649668349698909e-04 +1.1606192727393495e-04 -3.5194187704559085e-05 +2.9418395252967005e-05
398.00000000 +5.0000000000000000e+00 +1.9996924863719818e+00 +1.8672338961656250e-03 +9.9997657190838163e-01 +9.9998332232819476e-01 +9.9999465070719229e-01 +1.0000212860757161e+00 +9.9992842236872848e-01 +1.0067494917614188e-04 +2.2491987304161446e-05 +2.0703678725430562e-06 -2.7613234074906655e-05 -1.8774290863685879e-06
398.50000000 +5.0000000000000000e+00 +1.9997229827530290e+00 +1.9064556129030196e-03 +9.9981958297977969e-01 +9.9990473137954872e-01 +9.9998454024070182e-01 +9.9996800181786549e-01 +9.9996640653516666e-01 +1.1123860330146931e-04 +2.8246902692756580e-05 +7.2439935663034494e-05 +8.1424683027519552e-05 +6.3386920091609204e-05
399.00000000 +5.0000000000000000e+00 +1.9998684765195835e+00 +1.8138612595973770e-03 +1.0000336808359089e+00 +9.9993308997171049e-01 +9.9997612924055723e-01 +9.9999122738049495e-01 +1.0000291925227844e+00 -4.5273758261515051e-05 -1.8060357360559123e-05 +4.2632705344537038e-05 +1.1411830234502305e-04 -5.6736853116126083e-05
399.50000000 +5.0000000000000000e+00 +1.9999089405656707e+00 +1.8158046875472421e-03 +1.0000344930861198e+00 +1.0000049788471388e+00 +1.0000716051779674e+00 +1.0000110299291398e+00 +1.0000161773905116e+00 +1.3356401322962098e-04 -1.3801037167208909e-04 +2.2819872481441281e-05 -6.5901438240067490e-05 -9.0756510008278431e-05
400.00000000 +5.0000000000000000e+00 +1.9998197808582692e+00 +1.8129583620703060e-03 +1.0000329122059963e+00 +1.0000263407794174e+00 +1.0000058950173389e+00 +1.0000230219312523e+00 +9.9997022525485613e-01 -5.7017921038463481e-05 +1.1171742410871546e-04 -1.8209239516677824e-05 +2.2928031676570497e-05 -1.1781348061267244e-04
400.50000000 +5.0000000000000000e+00 +1.9997634578073460e+00 +1.9625231883211944e-03 +9.9965884761036639e-01 +9.9996274869187396e-01 +1.0000164126546625e+00 +9.9999980237496289e-01 +1.0000108028916421e+00 +1.5865708012619020e-04 -2.4306372719115385e-05 +1.4698711295274745e-04 -6.4374835514651366e-05 +1.3442278128169969e-04
401.00000000 +5.0000000000000000e+00 +1.9998416926264260e+00 +1.8970876648727387e-03 +9.9982009538459027e-01 +1.0000081469077051e+00 +1.0000584343293508e+00 +9.9999055928838976e-01 +1.0000100014959248e+00 +2.1883058159778646e-05 +1.8417315236899840e-04 +1.5026623100225566e-06 +6.8276843400296820e-06 -1.0162398690358832e-04
401.50000000 +5.0000000000000000e+00 +2.0000150866785651e+00 +1.8071631248327833e-03 +1.0002013433947741e+00 +9.9992782151007376e-01 +9.9998311461729095e-01 +1.0000116985364274e+00 +1.0000335320289626e+00 -1.0662729320385038e-04 +5.7518450660520268e-05 -6.1322056501875546e-05 +1.0050449688599415e-04 -1.4758368381182058e-04
402.00000000 +5.0000000000000000e+00 +1.9999590714166944e+00 +1.8043425137032993e-03 +1.0001004728192819e+00 +1.0000669317824455e+00 +9.9997783891569447e-01 +9.9994273451823468e-01 +1.0000174443117840e+00 -5.2713300084786652e-05 -9.5880109400148469e-05 +3.1286168895851899e-05 +6.4226780715396714e-05 -5.2341882915432923e-05
402.50000000 +5.0000000000000000e+00 +1.9998192180100065e+00 +1.7821775149444068e-03 +1.0001400025869207e+00 +9.9996378890419957e-01 +9.9999568225687763e-01 +9.9997977913381686e-01 +9.9990610436182481e-01 +4.4044954139665301e-05 -2.1572719134915787e-05 -1.5303285635336817e-05 -6.4600197061511896e-06 +1.3933832130405075e-05
403.00000000 +5.0000000000000000e+00 +1.9999630764971819e+00 +1.8674001304261143e-03 +9.9996310692395352e-01 +1.0000011323616846e+00 +9.9991685761343707e-01 +9.9991794403155076e-01 +1.0000417025658654e+00 +4.6521465357806933e-05 +1.2447103604229661e-04 -1.1235445741557913e-05 +5.6103027726595882e-05 -5.6603563757718229e-05
403.50000000 +5.0000000000000000e+00 +1.9998514793201887e+00 +1.8320940531161109e-03 +9.9998851922556020e-01 +9.9995985557302625e-01 +1.0000446733303758e+00 +9.9998868480672032e-01 +1.0000028407066184e+00 +7.1509681024226374e-05 -7.1140400656432022e-05 +4.8032363618569367e-05 -5.0988845991320014e-05 +1.8013544140784943e-05
404.00000000 +5.0000000000000000e+00 +2.0001462082764352e+00 +1.6961293178008121e-03 +1.0003363567471175e+00 +9.9994831504077653e-01 +1.0000285861558316e+00 +1.0000193808108666e+00 +1.0000437268340472e+00 -1.6198865227490123e-04 -1.2626087332952142e-05 -1.7212401440120661e-04 +3.6048503430605480e-06 -3.3231663645441994e-05
404.50000000 +5.0000000000000000e+00 +2.0001137561887625e+00 +1.7392451730674876e-03 +1.0002525966761946e+00 +9.9998208955169043e-01 +1.0001177870096110e+00 +1.0000715267571301e+00 +1.0000472511695300e+00 -1.6360528750257022e-04 -1.6478646436917676e-04 -1.2604853800773349e-05 -6.2360299426629249e-05 -6.7894245887128527e-05
405.00000000 +5.0000000000000000e+00 +1.9998442679816559e+00 +1.8525872958742909e-03 +9.9997775433341130e-01 +1.0000985037253083e+00 +1.0000332610810736e+00 +1.0000415019757962e+00 +1.0000309792137589e+00 +2.2781306434959778e-05 -1.1517064565328753e-04 +2.1897933957255544e-04 -2.2175358780972466e-04 -8.6836723492146218e-05
405.50000000 +5.0000000000000000e+00 +2.0002655588177300e+00 +1.5641197129635837e-03 +1.0006613834445932e+00 +9.9988119803454367e-01 +1.0000020778543837e+00 +9.9994033119822345e-01 +1.0000531046510055e+00 -4.1019076663077560e-05 -1.5718468043253928e-05 -6.9408871577042916e-05 -2.4845716514692050e-04 -1.6349160696410093e-04
406.00000000 +5.0000000000000000e+00 +2.0000841474942086e+00 +1.7986456682387560e-03 +1.0001420202715852e+00 +1.0000357103552078e+00 +9.9991324922380898e-01 +9.9998096613434984e-01 +1.0000019245756873e+00 +1.2727663714064383e-04 -4.0163042549913993e-05 +5.3715023057159321e-05 -1.6051791936282453e-04 -5.4181257130076266e-05
406.50000000 +5.0000000000000000e+00 +1.9996679350095570e+00 +1.9079138655298767e-03 +9.9983584698060990e-01 +9.9997313126066045e-01 +9.9992980222171113e-01 +1.0000296029313658e+00 +9.9999166494994518e-01 +1.9030771428715399e-04 +3.9126410031138475e-05 +2.4921877174705588e-06 +8.3569985437820821e-05 -7.5544636171415630e-05
407.00000000 +5.0000000000000000e+00 +2.0000601108137075e+00 +1.7047813402889026e-03 +1.0003245250465438e+00 +1.0000186359443917e+00 +1.0000103724784417e+00 +9.9997906624641963e-01 +9.9993958901024993e-01 +1.0746812717961684e-05 -5.1508222179679523e-05 -5.0513767160737343e-05 -1.0968015911663669e-04 -7.1233389057888283e-05
407.50000000 +5.0000000000000000e+00 +1.9993953260115498e+00 +2.0985589970045231e-03 +9.9925576031933483e-01 +1.0000819336438274e+00 +1.0001113996548086e+00 +1.0000229259400597e+00 +1.0000313026183212e+00 +1.4000558190473269e-04 +8.6494245311861877e-05 +4.8537409238548918e-05 +8.2635310679772894e-05 +1.3900525975643711e-04
408.00000000 +5.0000000000000000e+00 +2.0001669620979090e+00 +1.7062759651704756e-03 +1.0003319748917348e+00 +9.9990753415228972e-01 +1.0000407349931650e+00 +1.0000547979108081e+00 +9.9996836115789889e-01 -4.1576414009760458e-05 -2.0905888381031937e-04 -8.3900982645454545e-06 -4.0666392057004706e-05 -3.7113075303625605e-06
408.50000000 +5.0000000000000000e+00 +1.9997830853742229e+00 +1.9194466138298266e-03 +9.9975218654216169e-01 +9.9994837295726480e-01 +1.0000645416285332e+00 +1.0000693610380080e+00 +1.0000630260853358e+00 +1.2466705110075949e-04 +9.6541293535844472e-05 -2.4517330707489486e-05 -1.0212061955923378e-05 -8.3967194518948262e-05
409.00000000 +5.0000000000000000e+00 +1.9997205947506860e+00 +1.8603448079841142e-03 +9.9993664510069813e-01 +1.0000219826648005e+00 +1.0000299825196564e+00 +9.9999603988360897e-01 +1.0000371072992480e+00 -7.3649317284295019e-06 +3.8874671303337863e-05 +1.2824501572921275e-04 -9.8660110779408793e-05 -8.2852110469674545e-05
409.50000000 +5.0000000000000000e+00 +1.9998778221997151e+00 +1.8439263595295403e-03 +9.9993771662099074e-01 +1.0000222355796256e+00 +1.0000157097560625e+00 +1.0000553906361518e+00 +9.9993076729212282e-01 +9.3640572228041577e-06 +8.7508307937847669e-05 -1.9980877456747847e-05 -2.2325801119358528e-05 -1.6385559526047988e-05
410.00000000 +5.0000000000000000e+00 +1.9998850299330515e+00 +1.8256138561697332e-03 +1.0000809181904839e+00 +9.9999454966283174e-01 +9.9993083038288177e-01 +1.0000022498919714e+00 +1.0000429122450449e+00 -7.8001556403714471e-05 +8.9377714074332645e-05 +3.4134602570374262e-05 +3.7686691175402216e-05 -1.3465783365107078e-04
410.50000000 +5.0000000000000000e+00 +2.0001651787696151e+00 +1.7374837043202772e-03 +1.0002884611389131e+00 +1.0000455996788766e+00 +9.9998025148366865e-01 +9.9990805771575264e-01 +1.0000308860946312e+00 -1.1029628072247657e-04 +3.3543876055074513e-05 +3.8526611532902718e-06 +7.5984836814006309e-05 -2.5634119332476412e-04
411.00000000 +5.0000000000000000e+00 +1.9999047416830498e+00 +1.7288980593250286e-03 +1.0002662383953513e+00 +9.9997201723297591e-01 +1.0000068082250071e+00 +9.9997006443197456e-01 +1.0000361319159519e+00 -1.4108833652152743e-04 +1.0957758667742688e-04 -8.8915108273435883e-05 -1.1672473908078395e-04 -1.4109611670745536e-05
411.50000000 +5.0000000000000000e+00 +2.0000558569138667e+00 +1.8418072859905355e-03 +9.9997755235335128e-01 +9.9994982055912507e-01 +9.9984002359172564e-01 +1.0000871095262516e+00 +1.0000290974832717e+00 +3.0257787463152928e-05 +5.7750032297294838e-05 +6.5730705122000647e-05 +1.1700548528557389e-04 -1.5434752058447981e-04
412.00000000 +5.0000000000000000e+00 +1.9996375499101302e+00 +1.9899339745134319e-03 +9.9956778060339169e-01 +9.9992091079894885e-01 +9.9987087993443102e-01 +1.0000316510834415e+00 +9.9996391696458986e-01 -7.2621297111129788e-05 +3.1502094732046209e-04 +1.1754747321858823e-04 +1.9920725517392731e-04 +8.5706236636688295e-05
412.50000000 +5.0000000000000000e+00 +2.0000711463910021e+00 +1.8998717399680625e-03 +9.9986580191782304e-01 +9.9993250339818340e-01 +1.0000352321604622e+00 +9.9992122027593522e-01 +1.0001435121028606e+00 -5.0187705751403667e-05 -4.8141115231943994e-05 -8.4133942546527849e-05 +1.0059674837571979e-04 +1.8359617470533736e-04
413.00000000 +5.0000000000000000e+00 +1.9996684572888144e+00 +1.8867072981050589e-03 +9.9989393449441322e-01 +9.9993944594450346e-01 +9.9996972164385867e-01 +9.9995833461082406e-01 +9.9999358484298373e-01 -4.1981378618507392e-05 +9.9313973180074357e-05 +2.1024384004288495e-05 +2.6627591009683922e-05 +1.3999387909446488e-04
413.50000000 +5.0000000000000000e+00 +2.0000183240854206e+00 +1.8659830303736182e-03 +9.9997664886464954e-01 +9.9991635981720373e-01 +1.0001047475474178e+00 +9.9995333967843225e-01 +1.0000382279349957e+00 -3.4949468933299323e-05 -3.4918667336475773e-05 +1.4105654265157596e-04 +5.6431669854897659e-06 -6.6155427748447102e-05
414.00000000 +5.0000000000000000e+00 +1.9996577109578013e+00 +1.8393547121754842e-03 +1.0000101503549799e+00 +9.9997189241324191e-01 +1.0000231590345157e+00 +9.9999084246045122e-01 +9.9988083519948445e-01 +5.5437870040386901e-05 -8.6720184207253614e-05 -2.9576785566630280e-05 +6.8580249460474464e-05 +1.1539938081107747e-04
414.50000000 +5.0000000000000000e+00 +1.9995781725808266e+00 +1.9170114587511212e-03 +9.9976256490317339e-01 +9.9998817535023155e-01 +1.0000062799239502e+00 +1.0000039068318041e+00 +1.0000589957499326e+00 +1.2008436561798584e-04 -1.2335591086323991e-04 +7.3606887539372318e-05 +8.6689266704383550e-05 +2.3052616917120388e-05
415.00000000 +5.0000000000000000e+00 +1.9995404673294492e+00 +1.8457543632747649e-03 +9.9999086937830017e-01 +9.9996162885612783e-01 +9.9992389680376337e-01 +9.9992906616307020e-01 +9.9998287043132816e-01 +9.1468822284526574e-05 -8.4245622051012416e-05 -2.5222517929684343e-05 +2.2725772524810950e-04 +2.4099710500713528e-06
415.50000000 +5.0000000000000000e+00 +1.9998217626678807e+00 +1.9417904214146802e-03 +9.9977595720313606e-01 +1.0000208247500271e+00 +9.9994997883384495e-01 +9.9992203566374405e-01 +1.0000665892197094e+00 +5.9501367446629871e-05 +9.2157284563084773e-08 -7.4802627434560653e-05 +1.4811140567221119e-04 +1.3171204080674048e-04
416.00000000 +5.0000000000000000e+00 +1.9998773724593550e+00 +1.8099535921316720e-03 +1.0000299818366556e+00 +1.0000875449119753e+00 +1.0000898060204577e+00 +1.0000512296501840e+00 +9.9987765916516214e-01 -9.3762801279204745e-05 +1.6657692968908417e-04 -1.7875730150540862e-04 +2.1313917345893793e-08 -3.0299710275716161e-05
416.50000000 +5.0000000000000000e+00 +2.0004830403747738e+00 +1.6159212799790391e-03 +1.0005594512105873e+00 +1.0000840074588435e+00 +1.0000306485018469e+00 +1.0000715240289029e+00 +1.0000257158068688e+00 -1.5173526245716728e-04 -3.1044906124692422e-04 -1.2454658419484409e-04 -9.5779700147952858e-05 -8.8836394407698410e-05
417.00000000 +5.0000000000000000e+00 +2.0000495455521046e+00 +1.7818553181262354e-03 +1.0002485651544095e+00 +1.0000184733760360e+00 +1.0000786089174891e+00 +9.9992574306194104e-01 +9.9990256166709068e-01 -3.5873321255913548e-05 -1.6145568537590720e-04 +3.5123750652910364e-05 -1.0027870628825984e-04 +8.8531794487719005e-05
417.50000000 +5.0000000000000000e+00 +1.9998412388438354e+00 +1.8383361720367970e-03 +1.0000717417492717e+00 +1.0000231968511617e+00 +9.9998822512561891e-01 +9.9994455240964186e-01 +9.9995456280392647e-01 +1.7105399606759256e-05 -8.8201149574194628e-05 +8.8277947686942344e-05 +6.2292248211457240e-05 -6.1753373525975602e-05
418.00000000 +5.0000000000000000e+00 +1.9994925487320214e+00 +2.0188236329209217e-03 +9.9950769697754593e-01 +1.0000991130275714e+00 +1.0000097665561440e+00 +1.0000139921630653e+00 +9.9995274776281340e-01 +1.1175528123721689e-04 +1.2638972795471628e-04 +1.5288894646216274e-04 -5.8955215537868485e-05 +8.4604769917929573e-05
418.50000000 +5.0000000000000000e+00 +2.0002000963579212e+00 +1.7302847275164448e-03 +1.0003168955013468e+00 +9.9992502277593709e-01 +9.9998993294795391e-01 +9.9993007630464770e-01 +9.9994738419101159e-01 +2.1849699171230078e-05 +1.1852037689928972e-04 -1.9593858327654096e-04 +5.1612885743462869e-05 -1.0535609675947314e-04
419.00000000 +5.0000000000000000e+00 +1.9996557540418387e+00 +1.8230077259697856e-03 +1.0000186879039004e+00 +1.0001101784536386e+00 +9.9989519213993749e-01 +9.9992064361120070e-01 +1.0000562221156697e+00 -6.2296468640771034e-05 -6.1342964182135848e-05 +1.6598674310941058e-05 +1.6270230648765544e-05 +8.9846287357125244e-05
419.50000000 +5.0000000000000000e+00 +2.0000537740653273e+00 +1.8168869443548079e-03 +9.9996977007667653e-01 +1.0000796565320380e+00 +9.9990059319645175e-01 +1.0001413795309553e+00 +9.9998052257361780e-01 +6.9679259252802773e-05 +2.1096844166379481e-06 +4.4221589385246238e-05 -2.1021404918543944e-05 -1.6691105642424654e-04
420.00000000 +5.0000000000000000e+00 +1.9998111384244779e+00 +1.8421786435595046e-03 +1.0001207432652037e+00 +9.9994343188201884e-01 +9.9995695410063012e-01 +9.9992027380001736e-01 +1.0000575976468149e+00 -1.4045750969692288e-06 +1.6241394858230699e-05 -4.2693960546301738e-05 +2.7427464237390964e-05 +1.4289859788900831e-06
420.50000000 +5.0000000000000000e+00 +2.0000088691376843e+00 +1.7160367842372012e-03 +1.0003119301298284e+00 +1.0000597650855363e+00 +9.9995363948465243e-01 +9.9999441597672878e-01 +9.9999715174481540e-01 -1.3062837964586147e-04 -5.7215300705409703e-05 +1.1340373262735173e-04 -1.9423408476799527e-04 -4.8228381967996227e-05
421.00000000 +5.0000000000000000e+00 +2.0000092755166596e+00 +1.7867361682327089e-03 +1.0002385202211295e+00 +1.0000289999254723e+00 +9.9997818791429083e-01 +9.9995398784586309e-01 +1.0000672500856316e+00 -2.0240764773167701e-04 -4.1192592066408766e-05 +6.1664239599177952e-05 +1.0714461044658241e-05 -9.5724426220506663e-05
421.50000000 +5.0000000000000000e+00 +1.9998696765582502e+00 +1.8430149977625805e-03 +9.9997336200736009e-01 +1.0000007676365248e+00 +9.9999013725746322e-01 +9.9995575590619368e-01 +9.9987552387428802e-01 +1.6244077167982485e-04 -1.0631627968037684e-04 -8.1793316706259885e-05 +1.9197506595145457e-04 +3.8147060071543699e-05
422.00000000 +5.0000000000000000e+00 +2.0004164531431829e+00 +1.6906045391566163e-03 +1.0003304742621555e+00 +1.0000229955903308e+00 +1.0000017055304782e+00 +1.0000959251814492e+00 +1.0000375588205723e+00 -1.2955364836858877e-04 -1.4478124720122568e-04 +3.6707650542296403e-05 -8.2055619793238894e-05 -1.6897652659293976e-04
422.50000000 +5.0000000000000000e+00 +1.9999205686412544e+00 +1.8219689416283718e-03 +1.0001243724147724e+00 +9.9996237937194565e-01 +9.9994902114521733e-01 +1.0001096344539429e+00 +9.9986700029922848e-01 +2.6533137120363032e-05 -7.9351008747426252e-05 -8.3414597050039668e-05 -4.4309656769749681e-05 +1.6813444548608177e-04
423.00000000 +5.0000000000000000e+00 +2.0003090650772206e+00 +1.7602996698850371e-03 +1.0002359939132219e+00 +1.0000596910144448e+00 +1.0001473389707369e+00 +1.0001008649037226e+00 +1.0000769690972469e+00 -2.2816584347993855e-05 -1.5868329345873619e-04 -1.4352681129454207e-04 -1.1085877996739566e-04 -1.8497243335929513e-04
423.50000000 +5.0000000000000000e+00 +2.0003649606158049e+00 +1.6879948104300034e-03 +1.0002951738763444e+00 +1.0000659475847957e+00 +1.0000154251747513e+00 +1.0000306651767994e+00 +1.0000969154173505e+00 -2.3960973551607210e-04 -1.0231736938640577e-04 -1.2726894338996162e-04 -1.9723217985330145e-04 +1.6230100427895485e-04
424.00000000 +5.0000000000000000e+00 +1.9998881068102898e+00 +1.7805601904108588e-03 +1.0001742298520055e+00 +9.9997051407044102e-01 +9.9991975338598837e-01 +1.0000005666888985e+00 +1.0000801789303748e+00 +2.6173847401085800e-05 +9.1618950072245732e-05 -3.2477039895641987e-05 -1.1519441835290175e-04 -1.1536425008710614e-04
424.50000000 +5.0000000000000000e+00 +1.9996114361435373e+00 +1.8246632112222791e-03 +9.9993771745862836e-01 +1.0000322174361980e+00 +1.0000243142606235e+00 +9.9993817591439493e-01 +9.9990617059961595e-01 +1.1059571757167763e-05 -7.2917781272504881e-05 +6.4099349079253849e-05 +7.2890750435135408e-05 +8.6272439442569806e-05
425.00000000 +5.0000000000000000e+00 +1.9997203635036849e+00 +1.7997302651055545e-03 +1.0001493847171696e+00 +9.9991427375634800e-01 +9.9990867650940263e-01 +9.9997773618723018e-01 +1.0000125829890745e+00 -6.4119655449886343e-05 -5.4184983668961222e-05 +4.4026448695327782e-05 -1.9356420581394484e-04 +3.0518821568780677e-04
425.50000000 +5.0000000000000000e+00 +1.9997783467926475e+00 +1.8743435641164360e-03 +9.9984301138923337e-01 +1.0000336339612499e+00 +9.9994843874209427e-01 +1.0000505181301140e+00 +1.0000357024432318e+00 +8.2579090289974875e-05 +2.0521790913043388e-04 -9.5620933871797909e-05 -3.4803689562262642e-05 -6.8677050556416048e-05
426.00000000 +5.0000000000000000e+00 +1.9996004070663063e+00 +1.9545964151444712e-03 +9.9975334969523144e-01 +9.9993782594002345e-01 +1.0000070460360517e+00 +9.9988802422619927e-01 +1.0001238569249491e+00 -1.1132348951902969e-04 +1.6098690394897292e-04 +6.0896249416824611e-05 +9.6031912585425321e-05 +8.3305587066874866e-05
426.50000000 +5.0000000000000000e+00 +1.9999755417406742e+00 +1.7373488446163201e-03 +1.0003293123648493e+00 +1.0000399952207575e+00 +9.9999245545426485e-01 +9.9996643022532317e-01 +1.0000337853584116e+00 +7.2973462531450404e-05 -1.7090527650270469e-04 -1.4848971145205200e-04 -1.5558778962871849e-05 -9.9998309603172960e-05
427.00000000 +5.0000000000000000e+00 +1.9998103089842769e+00 +1.8750720664117229e-03 +9.9994604882949978e-01 +9.9998646846501482e-01 +1.0000029526785694e+00 +9.9999490132712709e-01 +9.9993726630898683e-01 +4.5895580353539592e-05 -7.0969668704151789e-05 +1.8252167411869243e-05 -1.1154301161226201e-04 +2.5072730887305014e-04
427.50000000 +5.0000000000000000e+00 +1.9993392854210470e+00 +1.9817815547333991e-03 +9.9968817193165926e-01 +9.9998353065137746e-01 +1.0000728673632455e+00 +9.9991345157182654e-01 +1.0000684181494883e+00 +1.8706288562676072e-04 -6.3870748045384977e-05 +1.3814618541952041e-04 -1.1530956917197455e-05 +2.3752974974740003e-05
428.00000000 +5.0000000000000000e+00 +1.9991290504590025e+00 +2.0558215069090323e-03 +9.9958936063645165e-01 +9.9982200236635999e-01 +1.0000362503798748e+00 +9.9996306231300369e-01 +9.9989930371804758e-01 +1.4422422999306290e-04 +1.7633422813989673e-04 +1.0566729794377065e-04 +1.0663289755960069e-04 +1.5716191237833058e-04
428.50000000 +5.0000000000000000e+00 +2.0003740880500533e+00 +1.7244673119052054e-03 +1.0003233798648157e+00 +9.9992677465950919e-01 +9.9992883106667885e-01 +1.0000242038338190e+00 +9.9990585695223932e-01 -5.3176517996351589e-05 +7.4500017293288785e-05 +8.8206441439334511e-05 -1.4230381905732992e-04 -7.6272504329275855e-05
429.00000000 +5.0000000000000000e+00 +1.9999662848335980e+00 +1.8295787912736752e-03 +9.9999206845316413e-01 +9.9998811377123309e-01 +1.0000520064568845e+00 +9.9994121930799729e-01 +1.0000634567317723e+00 -1.6100692278209075e-04 -1.9696844777781098e-04 +1.7046900651788310e-04 +8.7462934110791983e-05 +6.3178687899168303e-05
429.50000000 +5.0000000000000000e+00 +2.0003240716781518e+00 +1.8279852745253196e-03 +9.9996199564996469e-01 +1.0000778813038902e+00 +1.0000246982974432e+00 +1.0000601354434282e+00 +1.0000698477616459e+00 +3.3206801879470307e-06 -2.3193730246527015e-04 -5.1440381601976047e-05 +3.0237100957801049e-04 -2.1687248340322330e-04
430.00000000 +5.0000000000000000e+00 +1.9998327370876432e+00 +1.9387349297248916e-03 +9.9984506817253682e-01 +1.0001258041720171e+00 +9.9990777792311303e-01 +9.9999672727029520e-01 +1.0000079021476977e+00 +1.5619870781410932e-04 +9.4779374539970864e-05 +1.8687722029913449e-04 -7.3340421985477132e-05 -2.4779457270795980e-04
430.50000000 +5.0000000000000000e+00 +1.9999049738912682e+00 +1.8020569865118239e-03 +1.0001257684463574e+00 +1.0000048310366647e+00 +9.9992297668867969e-01 +9.9996433558713693e-01 +9.9996295887634368e-01 +6.0091174781532823e-06 -1.1180654816176319e-04 +7.2524401038313315e-05 -1.1824496936754674e-04 +1.7064737670515219e-04
431.00000000 +5.0000000000000000e+00 +2.0000512463183933e+00 +1.8131679597000185e-03 +1.0002021226715310e+00 +1.0000380205012229e+00 +9.9998625282369946e-01 +1.0000336199785493e+00 +1.0000161058273920e+00 -3.0616942106815642e-05 -1.6765259526471638e-04 -3.2858981328860684e-05 +6.2188897950575232e-05 -1.0718216352231631e-04
431.50000000 +5.0000000000000000e+00 +1.9998678083179546e+00 +1.8168030363140263e-03 +1.0000586657471227e+00 +1.0000097855444550e+00 +9.9994912936125835e-01 +1.0000566324377280e+00 +9.9998618285597696e-01 -1.3076976213825318e-04 -2.1410764637989313e-04 +3.2304504696920825e-04 -5.7001539570461741e-05 +1.8437929760454309e-05
432.00000000 +5.0000000000000000e+00 +1.9996183158375023e+00 +1.7433187253104721e-03 +1.0003233873415953e+00 +1.0000297517654217e+00 +1.0000161593253643e+00 +1.0000490405938460e+00 +9.9984804905695013e-01 -9.2205910403927785e-05 -8.6631096879006476e-05 +6.6377569748450274e-05 -5.9019712573869693e-05 -9.4908939527350579e-05
432.50000000 +5.0000000000000000e+00 +1.9993101025721403e+00 +1.9249148718138694e-03 +9.9967318694490659e-01 +9.9999998223299924e-01 +1.0000645935312789e+00 +9.9999231076480555e-01 +1.0000536241296949e+00 +1.1825039298097336e-05 +4.7522977562780829e-05 -7.2294140293217266e-05 +3.1115185676627242e-04 -8.1903335281792569e-05
433.00000000 +5.0000000000000000e+00 +1.9999183159878644e+00 +1.7238494287302880e-03 +1.0001907142071611e+00 +1.0000435857817116e+00 +9.9999769253753434e-01 +1.0000702898996396e+00 +9.9990852245857520e-01 +9.9200494384120351e-05 -2.1645834515224524e-04 +6.7696407668228206e-05 +8.2497954395896331e-05 -2.4374140650756422e-04
433.50000000 +5.0000000000000000e+00 +1.9995207539880340e+00 +2.0392542349547947e-03 +9.9943796254182216e-01 +1.0001137517954422e+00 +1.0000321628077193e+00 +9.9997133035086294e-01 +9.9984081242006329e-01 +2.6867970699543693e-04 +2.0266568493716090e-05 +1.7514437891213717e-04 -1.1966973342804070e-05 +1.5185641922112878e-04
434.00000000 +5.0000000000000000e+00 +1.9999005017500384e+00 +1.8630981544527007e-03 +9.9990927931265361e-01 +9.9991039439017682e-01 +1.0000924634351784e+00 +1.0000380024710651e+00 +9.9997924019108142e-01 +6.0816805982926194e-05 +1.8002037578893364e-04 +3.4833606267668789e-05 +1.0986587917284509e-04 -3.1491645968841981e-04
434.50000000 +5.0000000000000000e+00 +1.9998775250572443e+00 +1.9183682690746139e-03 +9.9967396218656301e-01 +1.0000301108372567e+00 +1.0000481748682655e+00 +9.9990967246293017e-01 +1.0000300547553813e+00 +8.5042667756429798e-05 +3.5723269043886253e-05 +2.4539332535586886e-05 +1.2801242858425261e-04 +3.4707179448232368e-05
435.00000000 +5.0000000000000000e+00 +1.9996457213870322e+00 +1.8567781201140213e-03 +1.0000340511090946e+00 +9.9998382187597301e-01 +9.9992166665230597e-01 +1.0000756735137613e+00 +9.9998858843375904e-01 -1.6654727675802339e-04 +2.9440583447876624e-05 +1.9975303789896968e-04 -8.7890631173954641e-05 +2.1442700523447429e-05
435.50000000 +5.0000000000000000e+00 +2.0000965098921322e+00 +1.7957168515192903e-03 +1.0000657366762102e+00 +9.9992784476938967e-01 +9.9999802226523327e-01 +9.9999545066013740e-01 +9.9995450401518848e-01 +7.8666038706381764e-05 +8.2617325963742176e-05 -1.4018447795816126e-05 +3.6430838642558199e-05 -1.2525414597972735e-04
436.00000000 +5.0000000000000000e+00 +1.9999486973275968e+00 +1.7972422909500634e-03 +1.0000659191848380e+00 +9.9993507020963990e-01 +1.0000920376558255e+00 +9.9991981970129595e-01 +9.9993429497432684e-01 -1.3790908862221571e-04 -9.3457976971186022e-05 +2.7553893847972615e-04 +7.0148644385887999e-05 -6.1462225910481987e-05
436.50000000 +5.0000000000000000e+00 +2.0001683958674072e+00 +1.7954111429214336e-03 +1.0002293887238465e+00 +9.9996873397230945e-01 +9.9976590129859499e-01 +1.0000006459040247e+00 +1.0000610907484604e+00 +1.4608830305237242e-04 -1.4222342744394315e-05 +2.5392776033403007e-06 -1.5962618819318947e-04 -5.3969021352469749e-07
437.00000000 +5.0000000000000000e+00 +1.9997797827798454e+00 +1.8190961416588184e-03 +9.9999337936793642e-01 +1.0000000990935252e+00 +1.0000028734638049e+00 +1.0001063130035599e+00 +9.9989827559823197e-01 -2.1629454638147065e-04 +6.1931656430952171e-05 +1.0235832454904850e-05 +1.7884349818630731e-05 +1.2530219456165993e-04
437.50000000 +5.0000000000000000e+00 +2.0000399757261702e+00 +1.7626368451586390e-03 +1.0000869660031730e+00 +1.0000086598259477e+00 +1.0000454505108463e+00 +1.0000307362649850e+00 +9.9997886464777508e-01 +8.8360100383239252e-05 +1.9173592119994991e-04 -1.7133067623269099e-04 +6.1227061205712700e-05 -3.2066966679900689e-04
438.00000000 +5.0000000000000000e+00 +2.0001499623986216e+00 +1.7069535491446356e-03 +1.0001407592504508e+00 +1.0000156880677387e+00 +9.9997109682599006e-01 +9.9993178017202755e-01 +1.0000369947254906e+00 -2.0994223308803118e-04 +4.9150080587820809e-05 -1.3783482793989734e-04 +1.2766763721629257e-04 +7.4640319645514068e-05
438.50000000 +5.0000000000000000e+00 +1.9999775458097802e+00 +1.8705264521065353e-03 +9.9995342927853870e-01 +1.0000602227519713e+00 +9.9991677970768855e-01 +9.9989732601089820e-01 +9.9995108185239789e-01 +2.7737143294588080e-04 -1.7029883855624071e-04 -6.3349111064966095e-05 +1.6487665543576168e-04 +1.2560277590296215e-05
439.00000000 +5.0000000000000000e+00 +1.9997542640745922e+00 +1.8265663628546061e-03 +1.0000511340109062e+00 +9.9995307592574023e-01 +1.0000457177015287e+00 +1.0000828425578059e+00 +9.9999100184430023e-01 -2.3500503251999809e-06 -5.3129913622562647e-05 -1.9150949527020977e-04 +2.3896837918363145e-04 -1.1575097152670745e-04
439.50000000 +5.0000000000000000e+00 +2.0005034696038377e+00 +1.5962513317540139e-03 +1.0006779824928225e+00 +1.0000752784295011e+00 +9.9996547543300962e-01 +9.9990551331216071e-01 +9.9999756036637200e-01 -6.0420975701824281e-05 -3.7255283365099677e-04 -1.6371858330413951e-04 +1.1256255837140486e-04 -1.3768021055563553e-04
440.00000000 +5.0000000000000000e+00 +1.9996943787627965e+00 +1.9422264246572074e-03 +9.9961915060498141e-01 +1.0000905664244149e+00 +1.0000992785892917e+00 +9.9995144158178506e-01 +1.0001256157716307e+00 +4.3054792607678395e-05 +1.1998619622463155e-04 -1.6771034788545084e-04 +8.7284036675759231e-06 +1.0988797962153802e-04
440.50000000 +5.0000000000000000e+00 +1.9997004567548675e+00 +1.9086893938811095e-03 +9.9989431234568327e-01 +1.0000711606318260e+00 +1.0000193254268217e+00 +9.9997557655295377e-01 +9.9991046458128596e-01 +1.7634454754632525e-04 +1.5221574642539272e-04 -1.2363377964143873e-04 -3.4253668340293555e-05 -4.1512393907405417e-05
441.00000000 +5.0000000000000000e+00 +1.9997216958597412e+00 +1.7394908346040044e-03 +1.0002918756843668e+00 +1.0000401609638914e+00 +9.9991420755663762e-01 +9.9988648045931683e-01 +9.9995603711924896e-01 -1.7074706755807151e-04 -1.5882143056050364e-04 +1.1549445034560894e-04 -7.7820037772445603e-06 +1.3309425477567327e-04
441.50000000 +5.0000000000000000e+00 +2.0001051288246727e+00 +1.7036485453555466e-03 +1.0002852003262279e+00 +9.9995877299485336e-01 +9.9994073491918223e-01 +1.0000452857869433e+00 +1.0000078455277126e+00 +1.1350826862673938e-04 -2.4200333110473855e-05 -9.8564175626040864e-05 +1.8528884576665274e-04 -4.1387214915656635e-04
442.00000000 +5.0000000000000000e+00 +1.9995886889662875e+00 +1.8496298304969613e-03 +1.0000228905761677e+00 +9.9994994217972233e-01 +9.9996483985229223e-01 +9.9971379852302011e-01 +1.0000504104589953e+00 +3.5814573547403472e-05 +1.6998718241969060e-04 +1.1261312758963378e-04 -3.2606564755593933e-05 +1.2310096850361492e-05
442.50000000 +5.0000000000000000e+00 +1.9995448563161198e+00 +1.8493918952452732e-03 +9.9990845172880238e-01 +1.0000499758133119e+00 +1.0000618328238129e+00 +9.9993697399188186e-01 +9.9994117758173717e-01 +2.2345862253575819e-04 -4.3147506791902781e-05 -1.9862418136950365e-04 +1.3290655609000756e-04 -1.3005443640923712e-05
443.00000000 +5.0000000000000000e+00 +1.9993444716469335e+00 +2.0043061584009486e-03 +9.9955081866278872e-01 +9.9985558531909569e-01 +1.0000463109124222e+00 +1.0000936712586805e+00 +1.0000279740439846e+00 +4.9942886822576640e-05 +2.0164541673794799e-04 +9.7066505247875434e-05 +1.7413274236668586e-04 -9.7147743057931235e-05
443.50000000 +5.0000000000000000e+00 +2.0001183667627593e+00 +1.8418874747971384e-03 +9.9995078220982891e-01 +1.0000340298078016e+00 +9.9996839855408226e-01 +9.9988661591494554e-01 +1.0000332585339125e+00 -1.5159298000634542e-04 -1.1189253846233731e-04 +1.5808577534475859e-04 -1.3065156474469249e-04 +3.6296629909598452e-04
444.00000000 +5.0000000000000000e+00 +1.9997001916936943e+00 +1.9978907401394718e-03 +9.9980905229805461e-01 +9.9991366937812698e-01 +9.9986175387253573e-01 +9.9988297582287600e-01 +9.9980576123262110e-01 -5.4006809762660359e-05 +3.3989348254140383e-04 +1.2428201434338220e-04 +3.0967147492675628e-05 +2.8565157781284146e-04
444.50000000 +5.0000000000000000e+00 +2.0001478684133485e+00 +1.9423410432437313e-03 +9.9967512546732340e-01 +1.0000256865332193e+00 +1.0000730434268730e+00 +9.9991409251216956e-01 +1.0001294248226422e+00 +1.1937885937791988e-04 +8.8064921253801193e-05 -1.6200269026849393e-04 +4.9514525125143558e-05 +8.7671629918112891e-05
445.00000000 +5.0000000000000000e+00 +1.9991795516786746e+00 +2.0909667241561895e-03 +9.9946147323679835e-01 +1.0000736804158379e+00 +1.0000583267711427e+00 +9.9992820470073263e-01 +9.9996309170752651e-01 +3.3420246668453631e-04 -1.0933041664714525e-04 +1.8303903823781623e-04 -8.7511342962587051e-05 +1.9482343636469441e-04
445.50000000 +5.0000000000000000e+00 +2.0002182797292196e+00 +1.7773541010264668e-03 +1.0002964877955636e+00 +9.9993475606119908e-01 +1.0001150149728377e+00 +9.9998922308291438e-01 +9.9996064997478373e-01 -1.5342319217321151e-04 -2.1574018738051103e-04 -1.1323634697924419e-04 +8.7773568470597758e-06 +1.7749049763649967e-04
446.00000000 +5.0000000000000000e+00 +1.9999146240387033e+00 +1.8664319402236010e-03 +9.9999392150989619e-01 +1.0000672562482802e+00 +1.0000508146609621e+00 +1.0000125258752257e+00 +1.0000255098799191e+00 +1.0394090024194526e-05 -9.2718047313445224e-05 -8.7691999911133694e-05 +2.5003133927045887e-05 -5.0153281711778802e-06
446.50000000 +5.0000000000000000e+00 +1.9992168201861582e+00 +2.1884545810939918e-03 +9.9927904617539487e-01 +1.0000396110205549e+00 +9.9993958912491310e-01 +1.0000146739124185e+00 +9.9994538097753538e-01 +2.6365053508288196e-04 +6.9804912317935497e-05 -8.6997205294098501e-05 +3.6339931090844795e-04 +1.7184125304860697e-04
447.00000000 +5.0000000000000000e+00 +2.0000302228279114e+00 +1.6244249898786955e-03 +1.0005630303100690e+00 +9.9999134766719133e-01 +1.0000773275218677e+00 +1.0000322885778556e+00 +1.0000834562968670e+00 -4.5642140456207003e-04 -1.7833921029903314e-04 -8.3119179563872738e-05 +7.7184678359378895e-05 -1.0675524325459922e-04
447.50000000 +5.0000000000000000e+00 +1.9999334052570090e+00 +1.8589793858470247e-03 +9.9998533827457903e-01 +1.0000544638129876e+00 +9.9995673143277330e-01 +9.9992000167358341e-01 +9.9996978237711864e-01 +4.8927225893866324e-05 -3.3592906574009784e-05 -2.7309606749679869e-04 +2.5615801312313266e-04 +1.1528615800328977e-04
448.00000000 +5.0000000000000000e+00 +1.9997087868051635e+00 +1.8338787481234249e-03 +9.9988021134369076e-01 +9.9996602025876768e-01 +1.0000955531704419e+00 +9.9987144362422042e-01 +9.9985331521909171e-01 -7.7633353020633241e-05 +7.1575371968243646e-05 +1.7850007770971556e-04 +1.8283599975577451e-04 -2.1821719259940381e-05
448.50000000 +5.0000000000000000e+00 +2.0002812077245840e+00 +1.9330570976916804e-03 +9.9966745456182426e-01 +1.0001318833009805e+00 +1.0000757984731330e+00 +9.9983842938433154e-01 +9.9997912117267307e-01 -1.4422386680985105e-04 +4.5181140079904924e-05 -9.4489826640758607e-05 +1.0558891773325921e-04 +3.9525675535973252e-04
449.00000000 +5.0000000000000000e+00 +1.9993482366557467e+00 +1.9702790719444804e-03 +9.9981409534879861e-01 +9.9984786573526341e-01 +1.0000414108327329e+00 +1.0000058065704500e+00 +1.0000720978388471e+00 +7.3907855291109050e-05 +5.4825293599702972e-05 -2.4489932229479364e-04 +2.1411343120609110e-05 +3.1347851928910858e-04
449.50000000 +5.0000000000000000e+00 +2.0002656865216912e+00 +1.8097763323636385e-03 +1.0000374875076314e+00 +9.9991830045644958e-01 +1.0000539621770677e+00 +9.9998238171405263e-01 +9.9999363019527754e-01 -1.9523534656201846e-04 -2.6778450911044024e-04 +4.8755644085083115e-04 -2.2308329498764699e-05 +1.2009691766281952e-05
450.00000000 +5.0000000000000000e+00 +2.0004694247014636e+00 +1.5721037156208797e-03 +1.0008315152386478e+00 +1.0001530257519016e+00 +1.0000130909709291e+00 +1.0000507293544263e+00 +9.9991300973403396e-01 -1.2246991447086632e-04 -2.2033216007578848e-04 -1.4467510267395244e-04 -2.0932507066919717e-04 -2.6456880298237050e-04
450.50000000 +5.0000000000000000e+00 +1.9996108246633455e+00 +1.8556133405131852e-03 +9.9989919083621304e-01 +9.9990603175370407e-01 +9.9998255294212257e-01 +9.9987883776125219e-01 +9.9994645772230684e-01 +4.5100496105180162e-05 +2.2944245521518926e-06 +2.1233267457007555e-04 +4.5535335874781936e-05 +8.1666029964279417e-05
451.00000000 +5.0000000000000000e+00 +1.9997166528601389e+00 +1.9450229873608073e-03 +9.9960928816523320e-01 +1.0002055093488378e+00 +9.9993688912248757e-01 +1.0000632366772271e+00 +9.9998404458797663e-01 +1.4474122983022120e-04 +1.4718676302554070e-04 -1.1365554937529919e-05 +9.0158869429227682e-05 -1.6968919792051748e-04
451.50000000 +5.0000000000000000e+00 +2.0002793829526189e+00 +1.7183617641928720e-03 +1.0003238322518766e+00 +1.0000513272752065e+00 +1.0000437130227575e+00 +9.9991349852125666e-01 +9.9974388752364141e-01 -1.8019859036579329e-05 +2.3088262150167588e-04 -2.3859438667298344e-04 -4.2567277610148798e-05 -7.9596998704610349e-06
452.00000000 +5.0000000000000000e+00 +1.9998977534079472e+00 +1.9575214211065761e-03 +9.9970849958757213e-01 +1.0000261463423263e+00 +9.9997794914363192e-01 +1.0000790806437894e+00 +9.9993957479948092e-01 +7.1257819001328913e-05 -1.5111992331088607e-04 +9.1593170483690372e-05 -5.7784096079487961e-05 +3.1480252651599664e-04
452.50000000 +5.0000000000000000e+00 +2.0002071730348430e+00 +1.9756453479910317e-03 +9.9972573964079403e-01 +9.9989754546434262e-01 +1.0000329936359165e+00 +1.0000626547145712e+00 +1.0000207682203663e+00 +1.9321860670643744e-04 +5.3697678410171902e-05 -9.6203997413295050e-05 +6.9024765933803722e-05 +4.0561266132743190e-05
453.00000000 +5.0000000000000000e+00 +1.9994019489438912e+00 +2.0884513313567071e-03 +9.9940089570058843e-01 +9.9998232567271728e-01 +9.9988683511045418e-01 +9.9977561144910498e-01 +1.0000193864051872e+00 -6.5315956718292039e-05 +2.7072577462996128e-04 +2.0018482045390393e-04 +3.0399427697985027e-04 +2.2535676318892120e-04
453.50000000 +5.0000000000000000e+00 +2.0004917604389454e+00 +1.7548662063003231e-03 +1.0001870704889511e+00 +1.0001971903890678e+00 +1.0000461045569289e+00 +9.9989421178075211e-01 +1.0001504915251032e+00 -1.0198014914265325e-04 +7.7342645327554285e-05 -9.0642661764843272e-05 -1.4706134391653371e-04 -2.1272721571047399e-04
454.00000000 +5.0000000000000000e+00 +2.0006343210487256e+00 +1.7405529790581054e-03 +1.0003209103664925e+00 +1.0000159137653848e+00 +9.9995766773250150e-01 +9.9997740049945405e-01 +1.0001210908805691e+00 +4.2604449990898881e-04 -2.5975042352206068e-04 -3.2321706070935382e-04 -2.2958060522699638e-05 -2.1310218059081632e-04
454.50000000 +5.0000000000000000e+00 +1.9999852716740636e+00 +1.7399639960266797e-03 +1.0004591271047176e+00 +9.9995465393874172e-01 +9.9996645608657020e-01 +1.0000307598620977e+00 +9.9989611084828511e-01 -5.6462627191719773e-05 +1.3855148357085349e-04 -9.2956953125978556e-05 -1.0174682277678905e-04 -1.9449293524927662e-04
455.00000000 +5.0000000000000000e+00 +1.9996187138156853e+00 +1.7611433445488770e-03 +1.0001312259588644e+00 +1.0001187289935918e+00 +9.9997234149587289e-01 +9.9985151936025052e-01 +9.9975030948796184e-01 +1.3653817459726876e-04 +2.1757658468928901e-04 -2.5744109724040352e-04 +2.6771624741800528e-04 -1.8851520945980897e-04
455.50000000 +5.0000000000000000e+00 +1.9993593686357845e+00 +1.8692489917165045e-03 +9.9994123612166541e-01 +9.9983204445075580e-01 +9.9993954344575930e-01 +1.0001330501035139e+00 +1.0001008276966636e+00 +4.6897042816155239e-05 +4.7597104415052005e-04 +3.6107868001910811e-05 -4.2235020496043946e-04 -8.3327565461576919e-05
456.00000000 +5.0000000000000000e+00 +2.0002111412500927e+00 +1.9534016565344410e-03 +9.9957869945402900e-01 +1.0000553396455198e+00 +9.9999147897786733e-01 +1.0000033968795032e+00 +9.9998584361073062e-01 -3.7372073845714517e-05 +4.4297057432874303e-04 -9.8495928271078221e-05 +7.9397391664627365e-05 -1.2585414330954390e-06
456.50000000 +5.0000000000000000e+00 +1.9992753194793758e+00 +1.7985753903698768e-03 +1.0001490262788997e+00 +1.0000516148361194e+00 +1.0000137005811209e+00 +9.9994443390419463e-01 +1.0000310816572746e+00 -2.1290594248702413e-04 +2.5411614433452279e-05 +2.8299424602294830e-05 +6.5466112538538018e-06 -3.7208970774774796e-05
457.00000000 +5.0000000000000000e+00 +1.9991357975316824e+00 +2.2976262921598715e-03 +9.9860305466080623e-01 +1.0001142850390636e+00 +1.0000703015354928e+00 +1.0000739774996754e+00 +9.9980697553338627e-01 +3.5636098042971675e-04 +5.1504287532576918e-05 +2.5906351103530763e-04 +3.6339433125483716e-04 +3.0108262676829795e-04
457.50000000 +5.0000000000000000e+00 +2.0002575348994549e+00 +1.8085817717249741e-03 +1.0000061664462832e+00 +1.0000636291448950e+00 +1.0000777815702253e+00 +1.0000930602079001e+00 +9.9994214285071381e-01 +1.2012806483610494e-04 -3.0740283902425797e-04 -6.9609324771009447e-05 +4.1557193371675246e-04 -3.4146806492920843e-04
458.00000000 +5.0000000000000000e+00 +1.9997972568596269e+00 +1.7744968392861293e-03 +1.0002249417499636e+00 +1.0001077425060145e+00 +1.0001075020679517e+00 +9.9987007762520252e-01 +9.9985158591381051e-01 +1.0046822216493996e-04 -4.6408656444547883e-06 +7.8568593347518102e-05 -3.0863740265623453e-04 -2.7608389789481634e-05
458.50000000 +5.0000000000000000e+00 +1.9990164863945319e+00 +2.3094978440978352e-03 +9.9868275938916262e-01 +1.0001651030525482e+00 +1.0000322021495480e+00 +9.9998587539642780e-01 +1.0000861273186616e+00 +3.1727063923255586e-04 +1.4391261920112218e-04 +1.4426883261078812e-04 +1.9595475076284049e-04 +2.4652585805258964e-04
459.00000000 +5.0000000000000000e+00 +1.9999017986831382e+00 +1.8306302090589789e-03 +1.0001129551418027e+00 +9.9988042409138300e-01 +9.9992705878479538e-01 +9.9994680340521769e-01 +1.0001824088145133e+00 +4.0256499142591445e-05 -1.4017475342016530e-04 +5.6255134786149184e-05 -9.1900528142755899e-05 +8.5913407830264638e-05
459.50000000 +5.0000000000000000e+00 +2.0008599188095912e+00 +1.4115371740519792e-03 +1.0012504764704389e+00 +1.0000080618907046e+00 +1.0001022358985399e+00 +9.9995349764890507e-01 +9.9997474222147020e-01 -3.0697261323005959e-04 -4.2827091586233927e-04 -1.7885836011848535e-04 -1.9029732197197347e-04 -1.8461493406469369e-04
460.00000000 +5.0000000000000000e+00 +1.9999235634528412e+00 +1.5822169830676533e-03 +1.0003478389007119e+00 +1.0000085077304686e+00 +1.0002471660226346e+00 +1.0000955912400435e+00 +1.0000369059803744e+00 -2.8491410120904802e-04 +1.1887490623113987e-05 -3.6964616763381628e-04 -3.4374379133054575e-05 -5.8962725173719687e-05
460.50000000 +5.0000000000000000e+00 +1.9998283196008539e+00 +1.6403633457631821e-03 +1.0005181007911637e+00 +1.0000440139945261e+00 +1.0000244028235832e+00 +9.9982815658956037e-01 +9.9985641534396452e-01 -6.2115455721896564e-05 -2.7635083149914636e-04 +1.6441306742839723e-04 +1.2709355632053291e-04 -2.2412988912684707e-04
461.00000000 +5.0000000000000000e+00 +1.9994040231888812e+00 +1.9634000739183022e-03 +9.9963234599502193e-01 +1.0000634419934462e+00 +1.0002169028941357e+00 +9.9988195038775285e-01 +1.0000638060605158e+00 +4.7921170172190704e-04 +3.1597590621715105e-05 -1.3880164352836664e-04 +2.2935495858579169e-04 -4.5980993620009020e-04
461.50000000 +5.0000000000000000e+00 +2.0001867172525065e+00 +1.9836715063480353e-03 +9.9927883083117475e-01 +1.0001014688710406e+00 +1.0002162726016040e+00 +9.9992371723900908e-01 +1.0001415813250776e+00 +4.9536676334950623e-04 -1.9951234952852415e-04 +2.2941679136986091e-07 -1.1075508729530435e-04 +1.5280037589691060e-04
462.00000000 +5.0000000000000000e+00 +1.9998877685574108e+00 +1.9735989552072592e-03 +9.9985152108597475e-01 +9.9990542994158405e-01 +1.0001579929725217e+00 +9.9987252190617382e-01 +1.0000373352246834e+00 -1.8999092912185613e-04 +1.6023300249734599e-04 +8.1450088963441148e-05 -3.6202071068978559e-05 +1.5970877813310263e-04
462.50000000 +5.0000000000000000e+00 +1.9992360898878885e+00 +2.0621534922930255e-03 +9.9965317664327435e-01 +1.0000028980042981e+00 +9.9984396910904150e-01 +9.9989448590734831e-01 +1.0001231221910150e+00 +6.5738845033190611e-05 +2.0086774196694906e-04 +2.3031412925042879e-04 -1.0976478112931222e-04 +9.5192190236328771e-05
463.00000000 +5.0000000000000000e+00 +1.9996493983489765e+00 +1.8194678070879897e-03 +9.9969185986415321e-01 +9.9997247815719548e-01 +1.0000803490212937e+00 +1.0000531092305522e+00 +1.0000649248418545e+00 +7.6918516302968665e-05 -3.6351951057756818e-05 +1.1751040559083534e-04 +1.7934756620673436e-04 -2.0014564281111249e-04
463.50000000 +5.0000000000000000e+00 +1.9987741186647838e+00 +2.2313573648514739e-03 +9.9919654653710743e-01 +9.9997120822726671e-01 +9.9991211272104097e-01 +9.9985283064707253e-01 +9.9995238592222768e-01 +5.9242403972593384e-04 -2.3625663394325271e-05 -9.7820645200107759e-05 +2.7943576990499585e-04 +3.6450246148518969e-04
464.00000000 +5.0000000000000000e+00 +1.9995296437575536e+00 +1.7878104997639192e-03 +9.9994787645498062e-01 +9.9994921073791809e-01 +1.0001896820934351e+00 +1.0000721842006517e+00 +1.0002012412790722e+00 +2.9693897595005581e-04 -2.4322472312483524e-04 -9.5884638201484639e-05 +3.6886880349052960e-05 -3.5491125266684883e-04
464.50000000 +5.0000000000000000e+00 +1.9996565310905450e+00 +1.7943027767894435e-03 +9.9980398571035700e-01 +1.0000454148952704e+00 +1.0002677676950740e+00 +1.0000524147200729e+00 +1.0002210427704781e+00 +1.2266150718454933e-04 -3.1955219158055011e-04 -2.6040156906735552e-04 +1.5943451261880392e-04 -9.2768042158697462e-05
465.00000000 +5.0000000000000000e+00 +2.0003605056824858e+00 +1.5855096413397328e-03 +1.0005126690340382e+00 +1.0000115882161036e+00 +1.0000864850590463e+00 +9.9977022122103620e-01 +9.9992058228182434e-01 -5.0117168693698958e-05 -1.3372497597965440e-04 -2.9317874736975029e-04 +1.6023278847740428e-04 +1.5242316982189387e-05
465.50000000 +5.0000000000000000e+00 +1.9996228917994463e+00 +1.8539573647319903e-03 +9.9982699260472763e-01 +1.0001823191013264e+00 +1.0000187099794324e+00 +1.0001539222955329e+00 +9.9995765695603667e-01 +3.0935284260720714e-04 -7.2566128468586134e-05 +8.6099956135094049e-05 -2.3006278298691685e-04 -2.3242482198853468e-04
466.00000000 +5.0000000000000000e+00 +1.9989464660909837e+00 +2.2739210417102055e-03 +9.9915656897133776e-01 +9.9994454805277955e-01 +9.9987023494224725e-01 +9.9994732683865750e-01 +1.0000552406605168e+00 +1.1384439659174724e-04 +3.2231070616336511e-04 +3.5540322418049737e-04 +6.8398968511915325e-05 +1.6612323345499607e-04
466.50000000 +5.0000000000000000e+00 +1.9994415448290164e+00 +2.0657102394877423e-03 +9.9957180883663688e-01 +9.9991705435099498e-01 +1.0000466486365283e+00 +9.9993240177793974e-01 +9.9999316793922899e-01 +2.4162852179179017e-04 -2.5300076376060660e-04 +1.5470304571842957e-04 +2.9543563165676024e-04 +1.0015200911221077e-04
467.00000000 +5.0000000000000000e+00 +1.9998823820734020e+00 +1.8020799466864630e-03 +1.0001309921617716e+00 +1.0000792784342298e+00 +9.9986128517952211e-01 +9.9994621640514825e-01 +1.0000594587873950e+00 +1.9733940025144301e-04 -2.7335218249767266e-04 -9.5415610692681897e-05 +3.0234590548413446e-05 +6.3962843609081363e-05
467.50000000 +5.0000000000000000e+00 +1.9996190515651950e+00 +1.8218202710229437e-03 +1.0000191863261272e+00 +9.9991168267614927e-01 +9.9991874588925467e-01 +1.0000446105167824e+00 +9.9990646772745395e-01 -1.9400318917686195e-05 +7.7253476352821799e-05 -1.6165454485454360e-04 +2.7468516525961514e-05 +2.7563972721000076e-04
468.00000000 +5.0000000000000000e+00 +1.9991809634099358e+00 +1.9026158927112409e-03 +9.9993120397673252e-01 +9.9995381104524217e-01 +9.9993645364681805e-01 +9.9990561728071148e-01 +9.9994366416553793e-01 -2.5426631954946952e-04 +1.9938961744862756e-04 +7.8076279954652684e-05 +2.1560965520590151e-04 +9.0440636652725162e-05
468.50000000 +5.0000000000000000e+00 +1.9988632381792237e+00 +2.2990718957908449e-03 +9.9878139006644262e-01 +9.9981671599228039e-01 +1.0001273102090025e+00 +9.9992105149725485e-01 +1.0000154150728948e+00 +5.7866519236356140e-04 +6.5078929713366851e-04 +1.9817708672296253e-04 -7.0397252164040527e-05 -1.9117183002004284e-05
469.00000000 +5.0000000000000000e+00 +1.9999093696637891e+00 +1.6324956358986687e-03 +1.0005019949879723e+00 +1.0000212008538103e+00 +1.0002469659224895e+00 +9.9996166771641204e-01 +1.0000723274744847e+00 -1.1263570497769457e-04 -1.7175633574070635e-04 -3.2788124964816339e-04 +4.1298564065225216e-05 -2.3318223454575951e-04
469.50000000 +5.0000000000000000e+00 +1.9992879694481687e+00 +1.8653847250395632e-03 +9.9986017880956901e-01 +1.0000103730486056e+00 +9.9997429618863853e-01 +9.9996653316352346e-01 +9.9996633371527066e-01 +2.9029181966829872e-05 +3.7400153855436533e-04 -1.5968496064106390e-04 -3.0531324822551749e-04 +2.8425256596791509e-04
470.00000000 +5.0000000000000000e+00 +1.9999323948957310e+00 +1.9184116147357938e-03 +9.9981262956566364e-01 +9.9996647845346553e-01 +9.9979092428293748e-01 +1.0001067602114444e+00 +1.0000054533314353e+00 -8.1315036871846508e-05 +2.6994829262021262e-04 -9.2395961786085804e-05 -1.4249052704187702e-04 +3.6400740615751567e-04
470.50000000 +5.0000000000000000e+00 +2.0003505254832361e+00 +1.6008335519490063e-03 +1.0005639316028481e+00 +1.0000589158096203e+00 +1.0000507329752708e+00 +1.0001282206846813e+00 +1.0001682045509941e+00 -5.5510180462091949e-04 -3.0218657568596550e-04 +1.5871728499082616e-04 +2.0153522755241298e-04 -4.7296975222116801e-04
471.00000000 +5.0000000000000000e+00 +1.9998800107542927e+00 +1.7573733143236537e-03 +1.0000809782573956e+00 +9.9998801961841610e-01 +9.9992690023741160e-01 +9.9988839745167357e-01 +1.0000568061336064e+00 -4.3772231311667398e-05 +1.2792020926105478e-04 -1.2243362833801999e-05 +1.1827613229471117e-04 -1.3128242591560694e-04
471.50000000 +5.0000000000000000e+00 +1.9998244287211089e+00 +1.8183250631550346e-03 +1.0000349055241400e+00 +1.0000709969711745e+00 +1.0001288370222319e+00 +9.9997968299833351e-01 +9.9999038203404877e-01 -1.1455970339773154e-04 +1.5095793836131087e-04 -7.8509090956944386e-05 -7.6791033226590767e-05 -8.5902681945053668e-05
472.00000000 +5.0000000000000000e+00 +2.0003383618351083e+00 +1.7387696887540566e-03 +1.0002046346408686e+00 +1.0000437472611281e+00 +9.9992039308256009e-01 +9.9988478364730338e-01 +9.9988054272197413e-01 +2.5556793390666863e-04 -2.4185565014678241e-04 -7.0988941481061926e-05 -2.4513450246161681e-05 +1.4768875559129755e-04
472.50000000 +5.0000000000000000e+00 +1.9994891964422408e+00 +1.8459685249298658e-03 +1.0000731594686632e+00 +9.9984309970978424e-01 +9.9989785210749060e-01 +9.9994951890125805e-01 +1.0001141598500274e+00 -1.9436276845347602e-06 -1.2189974529702537e-04 +1.3218709655847586e-05 -6.9452239636709524e-06 +2.3977984359129168e-04
473.00000000 +5.0000000000000000e+00 +2.0003281984574151e+00 +1.6869805125290182e-03 +1.0004010086964503e+00 +1.0000370765500450e+00 +1.0000103495649497e+00 +1.0000613028058112e+00 +9.9999333883791330e-01 +1.4152307473218217e-04 -2.5892667117178057e-04 +5.4806962648930442e-05 -5.9436298114752060e-05 -3.8104349674207349e-04
473.50000000 +5.0000000000000000e+00 +1.9996212497529853e+00 +1.9819857211075854e-03 +9.9992196693483848e-01 +9.9980035244881338e-01 +1.0000371568608979e+00 +9.9989417908879985e-01 +1.0001150954614213e+00 -2.0910625903727251e-04 -4.6815809890499837e-05 +2.3858141046802047e-04 -6.9206897603585793e-05 +3.1779676115347197e-04
474.00000000 +5.0000000000000000e+00 +1.9993473339700594e+00 +2.0638824535895704e-03 +9.9960036303924638e-01 +9.9981046014493791e-01 +9.9992669248420674e-01 +1.0000066655221684e+00 +1.0000438871188715e+00 -1.0153558001135266e-04 +1.1485317636337600e-04 -9.0868448906581258e-05 +1.5732300913202910e-04 +5.3215953381926281e-04
474.50000000 +5.0000000000000000e+00 +1.9993756601225778e+00 +1.9202602392894492e-03 +9.9962878862460591e-01 +9.9994946559852171e-01 +1.0001193987998709e+00 +9.9973361901996327e-01 +9.9996748434921479e-01 +3.5469236230633048e-04 +1.5162403185013329e-04 +6.6042805982566511e-05 +2.2327872763814360e-04 -1.9439433468919953e-04
475.00000000 +5.0000000000000000e+00 +2.0000974576364325e+00 +2.0707233606994013e-03 +9.9924723392854886e-01 +1.0000641161328543e+00 +9.9996394625535934e-01 +1.0002094648398787e+00 +9.9964245394770901e-01 +3.7399322817636082e-04 -2.6379568797186556e-04 +2.7947703689355590e-04 +1.9836865435499319e-04 +2.8474165781837456e-04
475.50000000 +5.0000000000000000e+00 +2.0003542404310042e+00 +1.7010599233175825e-03 +1.0001086676362168e+00 +9.9989640587748907e-01 +9.9995016430875339e-01 +1.0000457489682553e+00 +9.9989457574126905e-01 -2.0673835253979552e-04 +8.5031610624992755e-05 -2.9664805197520517e-04 +4.6493599098704956e-04 +5.7856283487892554e-05
476.00000000 +5.0000000000000000e+00 +2.0002461772592861e+00 +1.6195952836333732e-03 +1.0006406769513698e+00 +1.0001428456893426e+00 +9.9988214345574788e-01 +1.0000902564613294e+00 +1.0000940215162588e+00 +1.0344055289117090e-05 -2.6499100876159687e-04 -4.7645423251117662e-05 -5.0858905624205772e-04 -3.9062620336283155e-05
476.50000000 +5.0000000000000000e+00 +1.9994487337340388e+00 +1.9123873557313200e-03 +9.9992063798418740e-01 +1.0000181026764348e+00 +1.0002240472876451e+00 +1.0002135473326608e+00 +9.9999451176128062e-01 +1.5834657918631880e-04 -3.3842131521388547e-04 +1.7828591627777393e-04 -2.1654327554115175e-04 -1.5251494192263898e-04
477.00000000 +5.0000000000000000e+00 +1.9994853742522445e+00 +1.8288300038111335e-03 +1.0000728769160481e+00 +9.9993538236498392e-01 +9.9983529185658726e-01 +9.9994399491131369e-01 +9.9986590207613502e-01 +3.3005819410612401e-04 +1.3014932996722214e-04 +9.3303133433175138e-05 -3.4004463617695580e-04 +1.3308583971656236e-04
477.50000000 +5.0000000000000000e+00 +2.0012879354832553e+00 +1.3379793268970001e-03 +1.0010277384375859e+00 +1.0001967496229376e+00 +1.0000065591561755e+00 +1.0002226449371794e+00 +9.9992549893761495e-01 -1.6667952543308016e-04 -3.5782518163650118e-04 +1.2601542109409887e-04 -5.0740897898419698e-04 -4.7329282631513686e-04
478.00000000 +5.0000000000000000e+00 +2.0000254469731211e+00 +1.7257772375859253e-03 +1.0003570144352212e+00 +1.0000015317954849e+00 +1.0000465913716308e+00 +9.9984484071076429e-01 +1.0001438008101888e+00 -8.1784111168940944e-05 +3.1350966874358026e-05 -1.3522022494987917e-04 +2.8902497893932557e-04 -4.9715075135416272e-04
478.50000000 +5.0000000000000000e+00 +1.9981379997421567e+00 +2.2770846242238336e-03 +9.9921044311623597e-01 +1.0000589092560077e+00 +9.9984750151355650e-01 +9.9968693696839928e-01 +9.9968985023709755e-01 +2.6388572684121325e-04 +2.6767582472888820e-04 +2.9347973201191921e-04 +1.4425195067478217e-04 +5.3706564935233686e-04
479.00000000 +5.0000000000000000e+00 +2.0006456997098829e+00 +1.5504520058335226e-03 +1.0006431377686849e+00 +1.0001153078402416e+00 +9.9992803933141494e-01 +1.0000986972390935e+00 +1.0000550529618750e+00 -1.5135781260260992e-04 -5.8272454151541556e-05 -4.9417208896696679e-04 -7.3002703366321163e-05 -6.3430098221662297e-05
479.50000000 +5.0000000000000000e+00 +2.0003226013437914e+00 +1.8559117700846499e-03 +9.9992015249475241e-01 +1.0000175891874061e+00 +1.0000645621926834e+00 +1.0001266088161962e+00 +9.9997628893081014e-01 -2.5727874058146757e-04 +3.8685771534488058e-05 +2.4372075437717331e-04 -1.3390193170228937e-04 +3.5725347790167502e-06
480.00000000 +5.0000000000000000e+00 +1.9997163349587721e+00 +1.9574096259540601e-03 +9.9971711259504537e-01 +9.9999152415875159e-01 +9.9993813963984823e-01 +9.9987622558386891e-01 +9.9994214203286524e-01 +1.7259030724732657e-04 +2.8239453245203032e-04 +1.0872746361850501e-05 -2.3163524100245608e-04 +3.0063363961454277e-04
480.50000000 +5.0000000000000000e+00 +2.0004648448620101e+00 +1.5422254639873814e-03 +1.0008063134798195e+00 +1.0001337108895529e+00 +9.9991952382043092e-01 +1.0001552695941709e+00 +1.0000051234456173e+00 -1.9925974601083000e-05 -2.6118459354434152e-04 -9.8791033809794614e-05 -3.8950656526793171e-04 -2.5053305508980430e-04
481.00000000 +5.0000000000000000e+00 +1.9999652799542629e+00 +1.8325558139262071e-03 +1.0002755106050452e+00 +9.9978286293581486e-01 +9.9992587168101255e-01 +1.0000454683856035e+00 +1.0001266683499388e+00 -4.5539311659370788e-05 -1.2082404418832761e-04 +2.5786792310735190e-04 -3.5747663100737056e-04 +1.0959009241151537e-04
481.50000000 +5.0000000000000000e+00 +1.9983035075402247e+00 +2.3143165815597234e-03 +9.9847373818237550e-01 +9.9993547955722650e-01 +9.9973916677765573e-01 +1.0002590433828726e+00 +9.9990355316120716e-01 +2.5539974889386512e-04 +4.8452531029368146e-04 +1.7001548460622925e-04 +8.1301593050607393e-04 -3.3937522984332805e-05
482.00000000 +5.0000000000000000e+00 +2.0005285698158883e+00 +1.8816092312539789e-03 +9.9984725793647911e-01 +1.0001275258354485e+00 +1.0000459748264621e+00 +9.9982117777743895e-01 +9.9986867150446135e-01 -1.9636328099274341e-04 +2.7969957211109738e-04 +4.9204939108281321e-04 +1.0904709046351885e-05 -2.9689827731229962e-04
482.50000000 +5.0000000000000000e+00 +1.9998440703287377e+00 +1.8144086587645037e-03 +9.9990104033054505e-01 +9.9974628698742041e-01 +9.9999547168342662e-01 +9.9994524000029272e-01 +1.0000269785833471e+00 +4.3106921147410882e-05 -1.8009116294626340e-04 +3.1819834212010363e-04 +7.6569201870793714e-05 +1.2719911506010119e-04
483.00000000 +5.0000000000000000e+00 +2.0003677459412432e+00 +1.6894893421116148e-03 +1.0002661857860935e+00 +9.9989139738099830e-01 +9.9987509080675063e-01 +1.0000981606761092e+00 +9.9999943414288894e-01 +1.8942697114420672e-05 -8.2032757073656471e-04 +3.7967318020276549e-04 -8.8001248039854999e-05 +3.7944414773600886e-04
483.50000000 +5.0000000000000000e+00 +2.0003826362607162e+00 +1.4866116767704453e-03 +1.0006555667956956e+00 +1.0000045217927462e+00 +1.0001241539612731e+00 +1.0002720227237556e+00 +1.0000877837324225e+00 +1.9113096552340357e-05 -1.3116223191964263e-04 -3.0950522909716020e-04 -4.0162300477276816e-04 -3.2087162308859908e-04
484.00000000 +5.0000000000000000e+00 +1.9998917463677417e+00 +1.8065227233273796e-03 +9.9988503680643570e-01 +1.0000369213684781e+00 +1.0002394755065889e+00 +1.0000606785518769e+00 +1.0001028177707256e+00 +1.4123332542970778e-04 -7.5074912052214693e-06 -2.0268472661813856e-04 -2.1664268929050129e-04 -3.9328433534851492e-05
484.50000000 +5.0000000000000000e+00 +2.0002785697903898e+00 +1.5425003438393795e-03 +1.0007181905563511e+00 +9.9988235252394508e-01 +9.9997441812246335e-01 +9.9996948551022591e-01 +9.9990264732981449e-01 -5.4796997503346286e-04 +1.5703071904397110e-04 -3.4637321392524479e-04 +1.5045826887194358e-04 +1.3976016011526710e-04
485.00000000 +5.0000000000000000e+00 +2.0007313681807646e+00 +1.5513988361588944e-03 +1.0010363947665968e+00 +9.9984802546338591e-01 +9.9972772412455302e-01 +9.9968469044441088e-01 +9.9996537132236996e-01 -2.6113641113023096e-04 -5.3662224136504403e-05 -3.5648166440787417e-04 +1.5011167539720838e-04 +2.5896250084417430e-04
485.50000000 +5.0000000000000000e+00 +1.9996913536032899e+00 +1.9110520059225069e-03 +1.0000445110138336e+00 +1.0001652551098770e+00 +9.9980225698411940e-01 +9.9986970764924898e-01 +9.9983165214461522e-01 -9.7874101790049105e-06 +1.4669176582189246e-04 -3.1958931228028670e-04 +2.9064741489142042e-04 +1.7865465589420837e-04
486.00000000 +5.0000000000000000e+00 +1.9993119842941054e+00 +1.6830764520341598e-03 +1.0002496654711257e+00 +9.9996106340532875e-01 +1.0003434820587667e+00 +9.9996107147095981e-01 +9.9990706949230301e-01 +9.1860667525407554e-05 -5.7369666336738224e-04 -6.8198752736118967e-06 -1.6099971240458901e-04 +2.2730368274299182e-04
486.50000000 +5.0000000000000000e+00 +1.9990285321926100e+00 +1.9851666096356670e-03 +9.9957375819645589e-01 +1.0001677570909386e+00 +9.9991583796051431e-01 +9.9991892645752356e-01 +9.9999944990336076e-01 +7.8401264260164895e-05 +8.0464714240803214e-05 +2.0407888614934648e-04 +1.3697697677237002e-05 +4.7627826730305616e-05
487.00000000 +5.0000000000000000e+00 +1.9984333780224213e+00 +2.5041756666000629e-03 +9.9845026477088583e-01 +1.0000231340093226e+00 +1.0001477478381766e+00 +1.0001482289986503e+00 +9.9982072938425670e-01 +1.0699521648679360e-03 +9.7438298177565319e-05 -1.9445492354627718e-04 +2.4739286710573089e-04 +1.8956658896910692e-04
487.50000000 +5.0000000000000000e+00 +2.0007973548225637e+00 +1.5865197251427078e-03 +1.0005738794993444e+00 +1.0003763817145999e+00 +9.9992514085786388e-01 +9.9991180547321590e-01 +9.9997355446746294e-01 -2.0737399449485654e-04 -4.8935159027632929e-04 -1.7237277249069029e-04 -1.1963481958103559e-04 +2.2797116833050409e-04
488.00000000 +5.0000000000000000e+00 +2.0007023636216279e+00 +1.8054703970386812e-03 +9.9965381666186626e-01 +1.0000925417992814e+00 +1.0001810948066452e+00 +1.0004102157579644e+00 +9.9997119179752603e-01 +2.2155998520989272e-04 +1.6760965232241894e-04 -4.9425008961417676e-04 -3.5644279675366158e-04 +1.5266242705840285e-04
488.50000000 +5.0000000000000000e+00 +2.0004786561396779e+00 +1.7556577243042280e-03 +1.0001434381316916e+00 +9.9996280971019125e-01 +9.9984287927679127e-01 +9.9992887540778086e-01 +1.0000132957640591e+00 +2.8115576944816767e-04 -2.1237942260680256e-04 +1.4062206525722849e-04 +1.1305268038325762e-04 -2.1374937315364324e-04
489.00000000 +5.0000000000000000e+00 +1.9996800110496364e+00 +1.6826296721659340e-03 +1.0003881866357320e+00 +9.9990702070107440e-01 +9.9984863874328611e-01 +9.9974169355033460e-01 +9.9996035323909405e-01 +3.0799298785601941e-04 -8.9893980958619877e-05 +4.8375612380874348e-04 -4.7335086809083081e-04 -7.4397128153255273e-05
489.50000000 +5.0000000000000000e+00 +1.9996400500556499e+00 +1.9639391661220467e-03 +9.9958032314759726e-01 +1.0000612867057677e+00 +1.0000305679508201e+00 +9.9988565987105815e-01 +1.0000990579145006e+00 +1.3309632427760770e-04 +1.1217177777171106e-04 -2.8762674711051053e-04 +5.1255992892182845e-04 -1.2709689870328680e-04
490.00000000 +5.0000000000000000e+00 +1.9983540377475462e+00 +2.0992370510871162e-03 +9.9954413767428085e-01 +1.0001901696118405e+00 +9.9962382592968324e-01 +1.0003495586441684e+00 +1.0000731353823697e+00 +2.4478040290496460e-04 -4.6016472623359360e-04 +2.6106470113008078e-04 -3.5944888945607575e-04 +5.3294126128751527e-04
490.50000000 +5.0000000000000000e+00 +2.0006930558771963e+00 +1.6069123035825775e-03 +1.0007087036216837e+00 +9.9988141732756142e-01 +1.0001441091998473e+00 +1.0001221972526901e+00 +1.0000061100392594e+00 -4.3492212119123769e-05 -7.2816534257649735e-04 -3.3257972515688333e-04 -1.1758757527090600e-04 +3.5928742018334891e-04
491.00000000 +5.0000000000000000e+00 +2.0007160460250364e+00 +1.6062557898978297e-03 +1.0006152914560031e+00 +9.9960849070275215e-01 +9.9998501627826863e-01 +9.9998603916392403e-01 +9.9991417503701263e-01 +3.3190896625772374e-04 -5.1525670864400108e-04 -1.0294094764953625e-04 +3.0542229358163580e-04 -1.2814625156530894e-04
491.50000000 +5.0000000000000000e+00 +2.0008778922038855e+00 +1.5602748484102355e-03 +1.0007535771581260e+00 +9.9991776699218315e-01 +9.9999860304390142e-01 +1.0001275114617054e+00 +9.9996791782191397e-01 -2.4863416857894021e-04 +3.4613937993692696e-05 -8.1592559450669269e-04 +4.3309118851117263e-05 +2.2126024131615166e-04
492.00000000 +5.0000000000000000e+00 +1.9982043063667094e+00 +2.1732816745602878e-03 +9.9950461059277673e-01 +9.9971399405724559e-01 +9.9983195703223993e-01 +1.0002627955978667e+00 +9.9982112111350185e-01 +6.0541324623612650e-04 +4.1996289968950892e-05 +4.9414637208372548e-04 -1.1698810897428128e-04 -1.5904621554210642e-04
492.50000000 +5.0000000000000000e+00 +2.0006969807404720e+00 +1.6087438165472768e-03 +1.0004230517409820e+00 +9.9998825207983721e-01 +9.9990857939543420e-01 +9.9969446596311107e-01 +9.9986213109396460e-01 +1.5088060859742822e-04 +1.2458924315727669e-04 -6.6200783757554255e-05 +2.3704407948404017e-04 -3.2279340914171604e-04
493.00000000 +5.0000000000000000e+00 +1.9999118412437040e+00 +1.8926259077438187e-03 +9.9997009613218146e-01 +9.9983180672741345e-01 +9.9991489088485186e-01 +1.0000630392715371e+00 +9.9992674134514004e-01 +3.7727847486856487e-04 +1.7953454338061670e-04 -5.5209351688463126e-04 +4.2885244530230633e-04 -1.4014630628764990e-04
493.50000000 +5.0000000000000000e+00 +2.0009850450602618e+00 +1.4452483922835729e-03 +1.0011005250728591e+00 +1.0001700493753778e+00 +9.9983988902086329e-01 +9.9978516263309025e-01 +1.0000441545369121e+00 -4.3512639893534920e-04 -4.3639456687730177e-04 +1.5006763318694815e-05 -7.1826329365996892e-05 -1.1440092028572097e-05
494.00000000 +5.0000000000000000e+00 +1.9986337140755221e+00 +2.0669273890915689e-03 +9.9945499846631380e-01 +1.0000254484337474e+00 +9.9967944421488553e-01 +9.9974545265010939e-01 +1.0001203535935563e+00 -7.7098572897442576e-07 +2.9716575940885254e-04 +6.8554883716609276e-04 -2.6036848485729263e-04 +2.5272752078955071e-04
494.50000000 +5.0000000000000000e+00 +1.9999472493105861e+00 +1.7686687498255998e-03 +1.0000539225876584e+00 +9.9989729067050548e-01 +1.0002012088400514e+00 +9.9993602524004088e-01 +9.9999240177972837e-01 +3.1760446171160821e-04 -1.0885007116873087e-05 -2.5744985336407990e-04 -8.1550174695780835e-05 -4.8568555013980006e-05
495.00000000 +5.0000000000000000e+00 +1.9997913253709740e+00 +1.8381026539901083e-03 +9.9988477975177059e-01 +9.9999238156227832e-01 +1.0000275376371164e+00 +1.0000352549118134e+00 +1.0002417379774107e+00 +3.6710110694925256e-04 +3.2985837537517676e-05 +2.1916221479920871e-04 -5.4222538560982773e-04 -2.5871562101753185e-04
495.50000000 +5.0000000000000000e+00 +2.0002095185821149e+00 +1.8902401896810385e-03 +1.0002804750088976e+00 +1.0001161823349840e+00 +9.9997877812897407e-01 +1.0001286024667244e+00 +9.9978734810641112e-01 -2.2620397994123744e-04 -1.5768649174359504e-04 +3.5348020443380076e-04 -2.4570523175661003e-04 -1.5270531005250788e-05
496.00000000 +5.0000000000000000e+00 +2.0009177350317358e+00 +1.5644563103881146e-03 +1.0001914861885810e+00 +1.0000677264063644e+00 +9.9993733674678242e-01 +9.9976852410208727e-01 +1.0000362455205134e+00 -6.1968457169576298e-05 -2.3940861079222608e-04 +1.5938997138436947e-04 +5.8091895888095856e-05 +8.2576247075433359e-05
496.50000000 +5.0000000000000000e+00 +2.0010265641917298e+00 +1.6834291113119149e-03 +1.0007048631973885e+00 +1.0002991429646289e+00 +9.9987544083388380e-01 +9.9988952143426824e-01 +1.0003513484740152e+00 -2.3226768349298127e-04 -1.4069021779501855e-04 -6.2465587799070130e-04 -1.7355540916828176e-04 +5.0852290258768105e-05
497.00000000 +5.0000000000000000e+00 +2.0001557336882381e+00 +1.8405400159473531e-03 +9.9989189977042292e-01 +1.0003143044868255e+00 +9.9996083153892079e-01 +1.0000505816783354e+00 +1.0001698795398168e+00 -7.4773348261692282e-05 +4.5894448995660798e-04 +7.2048084151785419e-05 -1.2948781063426814e-04 -7.1422842798329639e-04
497.50000000 +5.0000000000000000e+00 +2.0003222753537231e+00 +1.7379855046272621e-03 +9.9999240055443439e-01 +9.9987744058293315e-01 +9.9993208936032407e-01 +1.0003703966958628e+00 +1.0000628826201248e+00 -3.4489280059013224e-04 -1.9942437199405019e-04 -1.9541434761502678e-04 +1.9038341103246113e-04 +3.1413830132446429e-04
498.00000000 +5.0000000000000000e+00 +2.0007955104834143e+00 +1.7580449695231656e-03 +1.0001680912609912e+00 +1.0001370817512945e+00 +9.9977867955217881e-01 +9.9981215639139964e-01 +1.0000505917804083e+00 -3.4955148996256621e-04 -8.6175335969778738e-05 +1.7731451011504144e-04 +5.2324974476316763e-04 -2.1143815997464981e-04
498.50000000 +5.0000000000000000e+00 +1.9998898839241046e+00 +1.7356788672095364e-03 +1.0004319782417834e+00 +1.0001016030975238e+00 +1.0000733442071699e+00 +9.9990087991271659e-01 +9.9973635918763937e-01 +5.0421517588328105e-04 -2.5684991737064399e-04 -7.6236138485285729e-04 -4.1908278825778132e-05 +3.1273974955926668e-04
499.00000000 +5.0000000000000000e+00 +2.0008680083512616e+00 +1.5316334311203691e-03 +1.0006205991376793e+00 +9.9987681545476059e-01 +9.9973560895859193e-01 +9.9993237991857797e-01 +9.9995687722938387e-01 +5.0988577219588869e-06 -3.5539453144366634e-04 -1.0438947421022097e-04 +4.0243134729624512e-04 -7.0026877125331890e-05
499.50000000 +5.0000000000000000e+00 +2.0016060411992207e+00 +1.2348928569764926e-03 +1.0017232741463409e+00 +1.0001744632991245e+00 +9.9991450389781500e-01 +1.0001155989676034e+00 +1.0000198248987482e+00 -5.6541866447163292e-04 -4.9773398088729911e-04 -4.9411869333874643e-04 -4.5638711238411454e-04 +6.5993241229946856e-05
500.00000000 +5.0000000000000000e+00 +2.0020498867851950e+00 +1.1235011976333134e-03 +1.0019567443657924e+00 +1.0000219321095627e+00 +9.9994411320683074e-01 +9.9994104467034151e-01 +1.0000228974120227e+00 -2.7926036739730467e-04 -1.1571716837188655e-04 -5.3500639591837109e-04 -4.3072932732043739e-04 -5.2601850447496750e-04
