#PATCH_CHECK: SepMBpoisson v0.61 exact-bernoulli stratified-backward active
#discretizing the bath:
#     0 0.0000000000000000e+00 -6.3189999999999946e-01
#     1 2.4720661623652209e-03 -2.3519566192419195e-01
#     2 2.4720661623652209e-03 -2.1960775044883449e-01
#     3 2.4720661623652209e-03 -2.0345158372959637e-01
#     4 2.4720661623652209e-03 -1.8674648832214841e-01
#     5 2.4720661623652209e-03 -1.6950994289832341e-01
#     6 2.4720661623652209e-03 -1.5175785527961699e-01
#     7 2.4720661623652209e-03 -1.3350478457795567e-01
#     8 2.4720661623652209e-03 -1.1476412168670258e-01
#     9 2.4720661623652209e-03 -9.5548237656703006e-02
#sampling: jump_strength=6.1801654059130537e-03 jump_probability=6.1422055595976213e-03 log_scale=6.1611465034422594e-03 back_replicas=12 stratify_forward=1
#adaptive measurement: gap=1.7236545423824995e-02 period_steps=730 nmeas=130 nwf=400 tmax=2.0000000000000000e+02 forced_stride=0
  0.00000000 +5.0000000000000000e+00 +1.9999999999999998e+00 +1.8374661879283106e-03 +1.0000000000000000e+00 +1.0000000000000000e+00 +1.0000000000000000e+00 +1.0000000000000000e+00 +1.0000000000000000e+00 +0.0000000000000000e+00 +0.0000000000000000e+00 +0.0000000000000000e+00 +0.0000000000000000e+00 +0.0000000000000000e+00
  0.50000000 +5.0000000000000000e+00 +1.9999999999823699e+00 +1.8404791615150352e-03 +9.9999235079429638e-01 +1.0000000000040943e+00 +1.0000000000040943e+00 +1.0000000000040943e+00 +1.0000000000040943e+00 +1.5085751504147744e-06 +1.5091969868329169e-06 +1.5147935145962041e-06 +1.5800863385012124e-06 +1.5365577892312064e-06
  1.00000000 +5.0000000000000000e+00 +2.0000000023215834e+00 +1.8489469048575020e-03 +9.9997084105108858e-01 +9.9999999999322298e-01 +9.9999999999399625e-01 +9.9999999998703581e-01 +9.9999999999167610e-01 +5.8279519032041761e-06 +5.7841686833752538e-06 +5.7826845756080335e-06 +5.8641544963840623e-06 +5.9000397017772774e-06
  1.50000000 +5.0000000000000000e+00 +2.0000000033096037e+00 +1.8612493446285231e-03 +9.9993955190634221e-01 +9.9999999991044120e-01 +9.9999999992433430e-01 +9.9999999989947808e-01 +9.9999999990001243e-01 +1.2011850966367846e-05 +1.2117437185352362e-05 +1.2038060043013813e-05 +1.2194647149822639e-05 +1.2086500443019214e-05
  2.00000000 +5.0000000000000000e+00 +2.0000000024376261e+00 +1.8747449378725568e-03 +9.9990515268149227e-01 +9.9999999963626152e-01 +9.9999999968812481e-01 +9.9999999961093333e-01 +9.9999999963325159e-01 +1.9099575222121781e-05 +1.9154812896336680e-05 +1.8866065227576987e-05 +1.8976178848208029e-05 +1.8752158764674817e-05
  2.50000000 +5.0000000000000000e+00 +2.0000000069358452e+00 +1.8870084529502937e-03 +9.9987377131037780e-01 +9.9999999898602276e-01 +9.9999999916430149e-01 +9.9999999899208258e-01 +9.9999999896428327e-01 +2.5900493741619973e-05 +2.5606179879389807e-05 +2.5184135085588896e-05 +2.5066548308590009e-05 +2.4475189032883810e-05
  3.00000000 +5.0000000000000000e+00 +2.0000000154367688e+00 +1.8954854662507016e-03 +9.9985189093563331e-01 +9.9999999801395090e-01 +9.9999999818530705e-01 +9.9999999805671735e-01 +9.9999999798821693e-01 +3.1061394386677104e-05 +3.0408335873553661e-05 +2.9552108207541395e-05 +2.9059295098434337e-05 +2.8035786565805661e-05
  3.50000000 +5.0000000000000000e+00 +2.0000000154225490e+00 +1.8985280416923796e-03 +9.9984373341124599e-01 +9.9999999652306160e-01 +9.9999999679472407e-01 +9.9999999673543327e-01 +9.9999999653515315e-01 +3.3578362284754994e-05 +3.2411224809761693e-05 +3.1325464180453293e-05 +3.0167914601888468e-05 +2.8797093687922440e-05
  4.00000000 +5.0000000000000000e+00 +2.0000000075246147e+00 +1.8958092082300936e-03 +9.9985020533915703e-01 +9.9999999472018020e-01 +9.9999999467411071e-01 +9.9999999500456105e-01 +9.9999999471938272e-01 +3.3381563167899580e-05 +3.1757810035998836e-05 +2.9911203896088102e-05 +2.8238487402488584e-05 +2.6526415238207689e-05
  4.50000000 +5.0000000000000000e+00 +2.0000000166177156e+00 +1.8878209061599458e-03 +9.9987014950847775e-01 +9.9999999247240379e-01 +9.9999999265755346e-01 +9.9999999286665120e-01 +9.9999999230923209e-01 +3.0247810482821051e-05 +2.7911551466458399e-05 +2.5877062982863746e-05 +2.4213379074468609e-05 +2.1630356507575839e-05
  5.00000000 +5.0000000000000000e+00 +2.0000000070668555e+00 +1.8759119381782138e-03 +9.9990023279582185e-01 +9.9999999052923250e-01 +9.9999999047310373e-01 +9.9999999059170896e-01 +9.9999999034453702e-01 +2.4437394384778626e-05 +2.2151233135181240e-05 +2.0097690760562015e-05 +1.7947265154544435e-05 +1.5171738923681219e-05
  5.50000000 +5.0000000000000000e+00 +1.9999999303137814e+00 +1.8622855052226272e-03 +9.9993494667398530e-01 +9.9999998905423859e-01 +9.9999998854984407e-01 +9.9999998888333164e-01 +9.9999998854523964e-01 +1.7447772282809901e-05 +1.4874102536281315e-05 +1.2864794224404814e-05 +1.0801803676876749e-05 +9.1097478868546076e-06
  6.00000000 +5.0000000000000000e+00 +2.0000000214352971e+00 +1.8507015268544513e-03 +9.9996476414258328e-01 +9.9999998744585783e-01 +9.9999998762289488e-01 +9.9999998789023736e-01 +9.9999998706235016e-01 +1.0901966664717300e-05 +8.4844677563199313e-06 +6.6774357394190043e-06 +5.1312171106257368e-06 +4.0908486522974040e-06
  6.50000000 +5.0000000000000000e+00 +1.9999999620686788e+00 +1.8424912094173679e-03 +9.9998626803380897e-01 +9.9999998648099686e-01 +9.9999998567301540e-01 +9.9999998588850414e-01 +9.9999998653819977e-01 +5.1946746776872181e-06 +3.7114079868555169e-06 +2.4444429284527905e-06 +1.3277267346763586e-06 +1.1090766471412349e-06
  7.00000000 +5.0000000000000000e+00 +1.9999999002423070e+00 +1.8395794027469073e-03 +9.9999448253665535e-01 +9.9999998615706642e-01 +9.9999998643366717e-01 +9.9999998601095652e-01 +9.9999998675915058e-01 +1.6837712998796808e-06 +1.3868558333650106e-06 +1.0813831319056890e-06 +5.0213672262315678e-07 +9.1784319676257785e-07
  7.50000000 +5.0000000000000000e+00 +1.9999999950480825e+00 +1.8423131685179864e-03 +9.9998837778940364e-01 +9.9999998616373775e-01 +9.9999998676927626e-01 +9.9999998692679459e-01 +9.9999998663677059e-01 +5.2769760824459214e-07 +1.6548785164316474e-06 +2.3932039321941710e-06 +3.0506877879546334e-06 +4.0492610692482006e-06
  8.00000000 +5.0000000000000000e+00 +1.9999999087189124e+00 +1.8491468794214789e-03 +9.9997170006398328e-01 +9.9999998744838681e-01 +9.9999998602921270e-01 +9.9999998687259239e-01 +9.9999998671849755e-01 +3.2781076655418573e-06 +3.9614688032949374e-06 +5.2263590371073072e-06 +6.5846529515906546e-06 +9.3023080939728583e-06
  8.50000000 +5.0000000000000000e+00 +1.9999998211435972e+00 +1.8603250005110861e-03 +9.9994366795267775e-01 +9.9999998542989632e-01 +9.9999998409296220e-01 +9.9999998552356717e-01 +9.9999998643181998e-01 +7.5649975398182313e-06 +9.5773999790285865e-06 +1.1100239470137539e-05 +1.3104020068820266e-05 +1.5043840992988582e-05
  9.00000000 +5.0000000000000000e+00 +1.9999997865866095e+00 +1.8729389035683965e-03 +9.9991159743063140e-01 +9.9999998659760947e-01 +9.9999998515673461e-01 +9.9999998349249775e-01 +9.9999998244379296e-01 +1.4361988861612125e-05 +1.6860175150739203e-05 +1.7626478369560192e-05 +1.9614225362874543e-05 +2.0002047369660863e-05
  9.50000000 +5.0000000000000000e+00 +1.9999999002971329e+00 +1.8842177021073164e-03 +9.9988240263510919e-01 +9.9999998169869964e-01 +9.9999998318233263e-01 +9.9999998498516351e-01 +9.9999998343033303e-01 +2.0502919019825479e-05 +2.2904893067750515e-05 +2.4242597636443795e-05 +2.4488073176839025e-05 +2.5525511671485736e-05
 10.00000000 +5.0000000000000000e+00 +1.9999998309893936e+00 +1.8925825132838582e-03 +9.9986023818252312e-01 +9.9999998332767226e-01 +9.9999998139877955e-01 +9.9999997865334522e-01 +9.9999998138857515e-01 +2.7502773551433953e-05 +2.7112775208030215e-05 +2.8370607995236521e-05 +2.8499547297361398e-05 +2.8351236692872950e-05
 10.50000000 +5.0000000000000000e+00 +1.9999997594431331e+00 +1.8965672653470935e-03 +9.9984900641628838e-01 +9.9999997717772493e-01 +9.9999997319184419e-01 +9.9999997564954468e-01 +9.9999997439653987e-01 +3.1695223860609073e-05 +3.1296126516069464e-05 +3.0860646609707576e-05 +2.8796213010271050e-05 +2.8444903763947517e-05
 11.00000000 +5.0000000000000000e+00 +2.0000000312283017e+00 +1.8938387600133191e-03 +9.9985475453982564e-01 +9.9999997434834020e-01 +9.9999997261573625e-01 +9.9999997245477246e-01 +9.9999997138490315e-01 +3.1829307734581303e-05 +3.2733139895305199e-05 +2.9993728023634327e-05 +2.6365777754948629e-05 +2.4432685298760538e-05
 11.50000000 +5.0000000000000000e+00 +1.9999998254326425e+00 +1.8856334097639698e-03 +9.9987460348005153e-01 +9.9999997340525859e-01 +9.9999995740991610e-01 +9.9999996850738215e-01 +9.9999997147653141e-01 +3.2037587045174697e-05 +2.7076790454743391e-05 +2.5620686100651887e-05 +2.2967746382309120e-05 +1.7822981585629103e-05
 12.00000000 +5.0000000000000000e+00 +1.9999997374068550e+00 +1.8766128371962960e-03 +9.9989698548594841e-01 +9.9999996329287144e-01 +9.9999996103476840e-01 +9.9999996064823626e-01 +9.9999995986517920e-01 +2.8433120345395216e-05 +2.4108328579051195e-05 +2.1365324822185021e-05 +1.5980925059098522e-05 +1.3281971317342745e-05
 12.50000000 +5.0000000000000000e+00 +1.9999997024534732e+00 +1.8667079440794908e-03 +9.9992208958206985e-01 +9.9999995978752954e-01 +9.9999995807900133e-01 +9.9999995340634884e-01 +9.9999995823384924e-01 +2.3333993846191947e-05 +1.9287046476244731e-05 +1.5465259067719681e-05 +1.1423804986881453e-05 +8.5708386020016367e-06
 13.00000000 +5.0000000000000000e+00 +1.9999998769483414e+00 +1.8552641357611893e-03 +9.9995177607839714e-01 +9.9999996155653359e-01 +9.9999995119381857e-01 +9.9999995373601858e-01 +9.9999995406404951e-01 +1.5033619885976637e-05 +1.1972243099625814e-05 +9.2454509653755301e-06 +6.3195657148911138e-06 +5.8325302198673127e-06
 13.50000000 +5.0000000000000000e+00 +2.0000001797057703e+00 +1.8471090681841940e-03 +9.9997365901589863e-01 +9.9999995718719104e-01 +9.9999994908427436e-01 +9.9999995840273492e-01 +9.9999994957893323e-01 +1.0265641951089926e-05 +7.4827486848928002e-06 +4.1215795950544416e-06 +3.3649291042842828e-06 +1.2918602796392071e-06
 14.00000000 +5.0000000000000000e+00 +1.9999996760082581e+00 +1.8450662226042129e-03 +9.9998017236566661e-01 +9.9999995674457420e-01 +9.9999994174165519e-01 +9.9999995421194909e-01 +9.9999995094789873e-01 +7.1449336856065638e-06 +3.4826496705728178e-06 +1.6857779932322816e-06 +3.4310557940542114e-06 +4.2796246651984146e-06
 14.50000000 +5.0000000000000000e+00 +1.9999999565845175e+00 +1.8440967121478426e-03 +9.9998412559835936e-01 +9.9999995729752100e-01 +9.9999995098995687e-01 +9.9999995522191354e-01 +9.9999995180382306e-01 +1.1174656577831109e-06 +2.4650828408895319e-06 +2.5735071202790042e-06 +3.9720507923185249e-06 +5.9308831707236363e-06
 15.00000000 +5.0000000000000000e+00 +1.9999998764399967e+00 +1.8519212777337120e-03 +9.9996540868779038e-01 +9.9999995631543448e-01 +9.9999994685264448e-01 +9.9999995218751392e-01 +9.9999995684003751e-01 +2.1353721214325576e-06 +5.4569817757668715e-06 +6.5392764674157141e-06 +8.9592853630591190e-06 +1.1688153945843297e-05
 15.50000000 +5.0000000000000000e+00 +1.9999999354465317e+00 +1.8605593213489038e-03 +9.9994416353219207e-01 +9.9999995392164676e-01 +9.9999994120470748e-01 +9.9999994167682027e-01 +9.9999994388262237e-01 +5.7243591955421757e-06 +6.2065095855187392e-06 +1.1890190363535676e-05 +1.5066011532841942e-05 +1.7168761765934419e-05
 16.00000000 +5.0000000000000000e+00 +1.9999993686267750e+00 +1.8699349261767112e-03 +9.9992030810717192e-01 +9.9999997418779485e-01 +9.9999995179027734e-01 +9.9999995577018708e-01 +9.9999993593988734e-01 +9.2238213667592205e-06 +1.1885016554905750e-05 +1.6293231247251939e-05 +1.8655741260111059e-05 +2.3816376367048560e-05
 16.50000000 +5.0000000000000000e+00 +1.9999998106461325e+00 +1.8814329356862064e-03 +9.9989063914991505e-01 +9.9999995298715116e-01 +9.9999994818190763e-01 +9.9999995633128180e-01 +9.9999995413362619e-01 +1.6218211850025139e-05 +1.9879466125783737e-05 +2.2782449866122974e-05 +2.5080628389298604e-05 +2.5588556150371683e-05
 17.00000000 +5.0000000000000000e+00 +1.9999995801939914e+00 +1.8875899947714868e-03 +9.9987378341730060e-01 +9.9999995091598004e-01 +9.9999994050548535e-01 +9.9999994109225177e-01 +9.9999994353883515e-01 +2.3146702149609653e-05 +2.2758406609299790e-05 +2.5639244787705300e-05 +2.7212123532682872e-05 +2.7684117279808662e-05
 17.50000000 +5.0000000000000000e+00 +1.9999993680995338e+00 +1.8893656914716688e-03 +9.9986779997502506e-01 +9.9999993038128099e-01 +9.9999994534494385e-01 +9.9999992379125613e-01 +9.9999993861686487e-01 +2.6187985904830430e-05 +2.7799557818994994e-05 +2.8356168437599186e-05 +2.7029862594067743e-05 +2.3088342083788427e-05
 18.00000000 +5.0000000000000000e+00 +1.9999994270229342e+00 +1.8888052888145616e-03 +9.9986758078913218e-01 +9.9999994811047588e-01 +9.9999993099212237e-01 +9.9999992821451111e-01 +9.9999994444905116e-01 +2.7480359884189589e-05 +2.9807522500239850e-05 +3.0355755985237776e-05 +2.3650268345974634e-05 +2.1373513038504858e-05
 18.50000000 +5.0000000000000000e+00 +1.9999998202202092e+00 +1.8811381502565391e-03 +9.9988572862525671e-01 +9.9999994279464643e-01 +9.9999993079133465e-01 +9.9999991729747650e-01 +9.9999992870439658e-01 +3.1301215727091122e-05 +2.6009835032886571e-05 +2.3638895983875959e-05 +1.9322475861915582e-05 +1.4279416806162604e-05
 19.00000000 +5.0000000000000000e+00 +1.9999998854286096e+00 +1.8753547023937168e-03 +9.9989948942943596e-01 +9.9999993261872733e-01 +9.9999991611570460e-01 +9.9999991977565539e-01 +9.9999990000536210e-01 +2.9437997550535163e-05 +2.3621072410731724e-05 +2.1212094331041394e-05 +1.5466524289526081e-05 +1.1104460661026358e-05
 19.50000000 +5.0000000000000000e+00 +1.9999991783253068e+00 +1.8648542056734407e-03 +9.9992608097777846e-01 +9.9999993639504892e-01 +9.9999991790733356e-01 +9.9999991510726305e-01 +9.9999991000661959e-01 +2.4308790064583304e-05 +1.9016001761989465e-05 +1.4731925394724776e-05 +1.0154047600379028e-05 +6.0288145110999071e-06
 20.00000000 +5.0000000000000000e+00 +1.9999991882754118e+00 +1.8567792788060675e-03 +9.9994727457440125e-01 +9.9999992694543860e-01 +9.9999990792300031e-01 +9.9999990064172173e-01 +9.9999988111016314e-01 +1.7189630079949327e-05 +1.6821142267187377e-05 +9.3408114959291887e-06 +6.2035008395569989e-06 +3.5537332784468185e-06
 20.50000000 +5.0000000000000000e+00 +1.9999985402627851e+00 +1.8522364224017550e-03 +9.9995994324696380e-01 +9.9999992091004442e-01 +9.9999990249917248e-01 +9.9999989339996898e-01 +9.9999990344446110e-01 +1.5899601410488330e-05 +1.1151187021492306e-05 +7.5258028874700321e-06 +3.2367144409017489e-06 +2.6232140068492915e-06
 21.00000000 +5.0000000000000000e+00 +1.9999981975591137e+00 +1.8499345383093512e-03 +9.9996744339244736e-01 +9.9999990660965798e-01 +9.9999990047466292e-01 +9.9999990496006619e-01 +9.9999989858153671e-01 +8.9514590595608548e-06 +8.2162948647285699e-06 +6.1791784337092606e-06 +5.2559725222449427e-06 +4.3430884952902912e-06
 21.50000000 +5.0000000000000000e+00 +1.9999985502568836e+00 +1.8529195694747588e-03 +9.9996159122034811e-01 +9.9999993319958158e-01 +9.9999989713948645e-01 +9.9999987801971801e-01 +9.9999987215735442e-01 +9.8410023872748357e-06 +7.1883826013144749e-06 +6.1318513805478236e-06 +6.1772367574399431e-06 +9.4898674160495785e-06
 22.00000000 +5.0000000000000000e+00 +1.9999977819991750e+00 +1.8541968298147449e-03 +9.9995983369798125e-01 +9.9999995956335708e-01 +9.9999988700932474e-01 +9.9999988932412132e-01 +9.9999987843257787e-01 +3.3019075316275798e-06 +6.2199897153458527e-06 +5.6367159236899134e-06 +1.1509125793691518e-05 +1.3884140616234683e-05
 22.50000000 +5.0000000000000000e+00 +1.9999984002718356e+00 +1.8634920848231748e-03 +9.9993716001864708e-01 +9.9999991022594004e-01 +9.9999989393527389e-01 +9.9999989053565685e-01 +9.9999988270535045e-01 +5.4451999539261595e-06 +5.4125337747123015e-06 +1.3021238937663476e-05 +1.8230248732971801e-05 +2.1153342031826173e-05
 23.00000000 +5.0000000000000000e+00 +1.9999986163667480e+00 +1.8706370146572662e-03 +9.9991891521577092e-01 +9.9999992625885725e-01 +9.9999991505654984e-01 +9.9999991526533427e-01 +9.9999985191511398e-01 +5.6432676568316943e-06 +1.2944063087088803e-05 +1.7222842214258446e-05 +2.1502420765735105e-05 +2.4163631832047201e-05
 23.50000000 +5.0000000000000000e+00 +1.9999991596182074e+00 +1.8798597678180229e-03 +9.9989489393609154e-01 +9.9999994735447484e-01 +9.9999988432210418e-01 +9.9999989670549461e-01 +9.9999987767966159e-01 +9.9419477811893551e-06 +1.8004032075045130e-05 +2.3510947869928557e-05 +2.4686484196712598e-05 +2.9356613369981235e-05
 24.00000000 +5.0000000000000000e+00 +1.9999991844664360e+00 +1.8842519892774280e-03 +9.9988276419151012e-01 +9.9999991892573969e-01 +9.9999992136218063e-01 +9.9999990565637609e-01 +9.9999989374000398e-01 +1.7731179196910125e-05 +2.3470305484617542e-05 +2.4205073883055516e-05 +2.6386906162979693e-05 +2.5802608149929888e-05
 24.50000000 +5.0000000000000000e+00 +1.9999987333521816e+00 +1.8842026374497069e-03 +9.9988153239910271e-01 +9.9999995928724716e-01 +9.9999991769082974e-01 +9.9999988021133768e-01 +9.9999988724431910e-01 +2.2325163002824706e-05 +2.4939515397265427e-05 +2.9514906628996130e-05 +2.3603133294029186e-05 +1.8440398285654087e-05
 25.00000000 +5.0000000000000000e+00 +1.9999990311242395e+00 +1.8808557382138614e-03 +9.9988807311756778e-01 +9.9999994078814336e-01 +9.9999986873480595e-01 +9.9999992405889737e-01 +9.9999985404026837e-01 +2.3349641354406401e-05 +2.4156409079928769e-05 +2.7035853763853212e-05 +2.1581469830273613e-05 +1.6215921785317364e-05
 25.50000000 +5.0000000000000000e+00 +1.9999990307697579e+00 +1.8834027829986179e-03 +9.9987995299942467e-01 +9.9999986870036817e-01 +9.9999987249108957e-01 +9.9999987693913051e-01 +9.9999981916658631e-01 +3.4997613304482446e-05 +2.4183167503541621e-05 +2.5941605709831820e-05 +1.8814894350467561e-05 +1.6672409121725554e-05
 26.00000000 +5.0000000000000000e+00 +1.9999991495606895e+00 +1.8750635029671388e-03 +9.9990019900321880e-01 +9.9999990889075607e-01 +9.9999988391704242e-01 +9.9999990789762716e-01 +9.9999989573148185e-01 +2.6317744797681817e-05 +2.7671908504729143e-05 +2.2457168751163344e-05 +1.4932238234917915e-05 +8.8254880515474785e-06
 26.50000000 +5.0000000000000000e+00 +2.0000001815236410e+00 +1.8664057141874657e-03 +9.9992214900475751e-01 +9.9999983893885802e-01 +9.9999990106068937e-01 +9.9999982069635407e-01 +9.9999983916965796e-01 +2.4479676162559615e-05 +2.5470707267293162e-05 +1.3895903515751851e-05 +8.9996803658785225e-06 +5.6052126763557504e-06
 27.00000000 +5.0000000000000000e+00 +1.9999997788674082e+00 +1.8632478407727383e-03 +9.9993074891991662e-01 +9.9999987178332739e-01 +9.9999980813078271e-01 +9.9999989006838941e-01 +9.9999980447730696e-01 +2.6794686728067984e-05 +1.5991007784087051e-05 +1.3105622140970928e-05 +8.4185483870581601e-06 +5.5667435382939244e-06
 27.50000000 +5.0000000000000000e+00 +1.9999991320747534e+00 +1.8608853436513728e-03 +9.9993775201467261e-01 +9.9999985937558511e-01 +9.9999979516794291e-01 +9.9999997240602856e-01 +9.9999981657514636e-01 +2.1604621381619104e-05 +1.2314407975235896e-05 +1.1121282572722424e-05 +1.1391467857060637e-05 +6.3726323670005455e-06
 28.00000000 +5.0000000000000000e+00 +1.9999997429791574e+00 +1.8539107459403382e-03 +9.9995707568125525e-01 +9.9999983527910430e-01 +9.9999979190265609e-01 +9.9999983791934099e-01 +9.9999979779659265e-01 +1.4167269065545719e-05 +9.5886026266171905e-06 +6.6648244425953350e-06 +3.8683481598557461e-06 +9.3723619260606759e-06
 28.50000000 +5.0000000000000000e+00 +1.9999986662718108e+00 +1.8550390312828595e-03 +9.9995549729342748e-01 +9.9999983219199051e-01 +9.9999977996128719e-01 +9.9999978655889687e-01 +9.9999984553118326e-01 +1.2200044001486792e-05 +4.7543556899143080e-06 +8.8561019542363433e-06 +5.5980307810980121e-06 +1.3849943899804950e-05
 29.00000000 +5.0000000000000000e+00 +1.9999986161446146e+00 +1.8623576043924092e-03 +9.9993863160577978e-01 +9.9999987895479037e-01 +9.9999985642509714e-01 +9.9999989805752820e-01 +9.9999981327261611e-01 +9.8813673422027368e-06 +9.4499330742525457e-06 +1.1048769408115412e-05 +1.2108394337364984e-05 +1.9433183315115818e-05
 29.50000000 +5.0000000000000000e+00 +1.9999978263089355e+00 +1.8650182221433735e-03 +9.9993260665620720e-01 +9.9999993493553541e-01 +9.9999983499128997e-01 +9.9999984597140246e-01 +9.9999976744556884e-01 +3.9419093044856525e-06 +1.6637462987528666e-05 +1.4378007254838105e-05 +1.4013543944223064e-05 +1.9039063101861069e-05
 30.00000000 +5.0000000000000000e+00 +1.9999975886899870e+00 +1.8701694912691190e-03 +9.9991982585998207e-01 +9.9999989546538648e-01 +9.9999986757264803e-01 +9.9999972924814329e-01 +9.9999990062290456e-01 +1.2401951545028851e-05 +1.4557334879789773e-05 +1.5608294196622068e-05 +1.8718429836255957e-05 +1.9495235754692558e-05
 30.50000000 +5.0000000000000000e+00 +1.9999997922895631e+00 +1.8715730544307913e-03 +9.9991621553161636e-01 +9.9999986559358089e-01 +9.9999984731428615e-01 +9.9999979654679572e-01 +9.9999979451671783e-01 +1.0340194961993611e-05 +1.4689557574103914e-05 +2.0925485655181191e-05 +2.2311764375653627e-05 +1.6213541155526158e-05
 31.00000000 +5.0000000000000000e+00 +1.9999994774199943e+00 +1.8735736928232856e-03 +9.9990970760973619e-01 +9.9999986544575836e-01 +9.9999977474594759e-01 +9.9999993998004200e-01 +9.9999986130313301e-01 +1.4062085937652172e-05 +1.6765443954062456e-05 +2.3547631132253935e-05 +1.7494212861063532e-05 +1.8981573470110571e-05
 31.50000000 +5.0000000000000000e+00 +1.9999995295303097e+00 +1.8789807721153883e-03 +9.9989459326162677e-01 +9.9999977425928444e-01 +9.9999994791024671e-01 +9.9999983224039890e-01 +9.9999972747548549e-01 +1.6937950199714434e-05 +2.0085985482003180e-05 +2.1024761675553267e-05 +2.6181988348696232e-05 +2.1894169703819967e-05
 32.00000000 +5.0000000000000000e+00 +1.9999994631605844e+00 +1.8770114613021816e-03 +9.9989869959599542e-01 +9.9999986014831566e-01 +9.9999984260290620e-01 +9.9999985636729616e-01 +9.9999973929067509e-01 +2.8842249631190128e-05 +2.6087635407770395e-05 +2.6171720809475391e-05 +1.1748044781538578e-05 +9.1523921503905545e-06
 32.50000000 +5.0000000000000000e+00 +2.0000007035481819e+00 +1.8766115300486096e-03 +9.9989829055265389e-01 +9.9999994612417331e-01 +9.9999979497885028e-01 +9.9999986189270940e-01 +9.9999984294892652e-01 +2.4883953578721664e-05 +2.4468493109320568e-05 +1.7051827908901689e-05 +1.6798291300653532e-05 +1.9061011708752853e-05
 33.00000000 +5.0000000000000000e+00 +2.0000011313823589e+00 +1.8733132579564109e-03 +9.9990561253800780e-01 +9.9999992622658818e-01 +9.9999985093896548e-01 +9.9999969540318467e-01 +9.9999983685096605e-01 +2.5379192081683782e-05 +1.7468428105318996e-05 +2.3094879218364729e-05 +1.8503811055974306e-05 +1.0631707300186313e-05
 33.50000000 +5.0000000000000000e+00 +1.9999999230222238e+00 +1.8730138265968220e-03 +9.9990584264432525e-01 +9.9999993815919297e-01 +9.9999985922522028e-01 +9.9999986082613312e-01 +9.9999959360521440e-01 +3.0542110914910252e-05 +2.4996623353946852e-05 +1.1994194231613183e-05 +1.6350063541842721e-05 +1.1022539034613124e-05
 34.00000000 +5.0000000000000000e+00 +2.0000008163647656e+00 +1.8661086831192261e-03 +9.9992398039659935e-01 +9.9999990781273163e-01 +9.9999992417459693e-01 +9.9999973734606862e-01 +9.9999979311962162e-01 +2.8107241840880896e-05 +1.7315164817517066e-05 +1.8470244464922289e-05 +9.6573090552130662e-06 +3.1071491810885525e-06
 34.50000000 +5.0000000000000000e+00 +2.0000009139510673e+00 +1.8587523620520385e-03 +9.9994308268465715e-01 +9.9999978915170595e-01 +1.0000000462972731e+00 +9.9999989757418684e-01 +9.9999976208206498e-01 +2.3895970927881758e-05 +3.8804075890989559e-06 +9.2470536929111213e-06 +8.2792854613626810e-06 +1.2119480585934467e-05
 35.00000000 +5.0000000000000000e+00 +2.0000026385722851e+00 +1.8580071221480430e-03 +9.9994662376133381e-01 +9.9999998111203492e-01 +9.9999977443265076e-01 +9.9999981482696709e-01 +9.9999996661068236e-01 +1.3132550537592505e-05 +1.2399200297410994e-05 +6.3577415682676253e-06 +9.0015943477043861e-06 +1.2948096471459927e-05
 35.50000000 +5.0000000000000000e+00 +2.0000029086027555e+00 +1.8564535369357995e-03 +9.9995113379798239e-01 +9.9999981613003786e-01 +9.9999975352462689e-01 +9.9999976676418689e-01 +9.9999988304261211e-01 +1.3076742001163899e-05 +4.6663049901595711e-06 +1.0852039835026827e-05 +8.0068950997168614e-06 +1.3044722276329011e-05
 36.00000000 +5.0000000000000000e+00 +2.0000029067242613e+00 +1.8638340829193712e-03 +9.9993352390088230e-01 +9.9999978535596601e-01 +9.9999974645534817e-01 +9.9999991204868177e-01 +9.9999975151657849e-01 +1.4505113654867037e-05 +1.3352431079701541e-05 +1.3238012248168672e-05 +5.5480557372899209e-06 +2.0637100065372843e-05
 36.50000000 +5.0000000000000000e+00 +2.0000030156385828e+00 +1.8697669399411817e-03 +9.9992040632741064e-01 +9.9999993652153507e-01 +9.9999971435699719e-01 +9.9999979182473708e-01 +9.9999987489451247e-01 +2.0446775327686761e-05 +3.9566645874426663e-06 +1.3096380440724305e-05 +2.2288233217465746e-05 +2.0488000631083470e-05
 37.00000000 +5.0000000000000000e+00 +2.0000025663371934e+00 +1.8724993999091090e-03 +9.9991314133871012e-01 +9.9999994324879371e-01 +9.9999978395020983e-01 +9.9999978595687833e-01 +9.9999982700511914e-01 +1.1700735997419660e-05 +1.7446441835100406e-05 +1.3396686179110609e-05 +2.7438220543076332e-05 +1.7536360335427952e-05
 37.50000000 +5.0000000000000000e+00 +2.0000029748148052e+00 +1.8748469334543823e-03 +9.9990677720125798e-01 +1.0000000244520086e+00 +9.9999981667636295e-01 +9.9999976280039304e-01 +9.9999965678757030e-01 +1.0738375608843429e-05 +1.6433008827037764e-05 +2.1110837966997447e-05 +2.0584585589677160e-05 +2.5095248805512010e-05
 38.00000000 +5.0000000000000000e+00 +2.0000021592715544e+00 +1.8733428318231328e-03 +9.9990889710541853e-01 +9.9999990917436576e-01 +9.9999973661395747e-01 +9.9999970376765612e-01 +9.9999976257999712e-01 +1.2694346637078674e-05 +1.8098352602512450e-05 +2.4061267226418862e-05 +2.2517380096606108e-05 +1.4619446033247890e-05
 38.50000000 +5.0000000000000000e+00 +2.0000039820911053e+00 +1.8762257810102324e-03 +9.9990118718489862e-01 +9.9999961622028866e-01 +9.9999979238039449e-01 +9.9999974600221986e-01 +9.9999995649702222e-01 +1.8544759340062339e-05 +1.9832666504885594e-05 +2.3971098332542526e-05 +1.7471306231513908e-05 +1.9881869552131639e-05
 39.00000000 +5.0000000000000000e+00 +2.0000011786207925e+00 +1.8759434232928141e-03 +9.9990085757189506e-01 +9.9999982913957908e-01 +9.9999967231808340e-01 +9.9999944755944348e-01 +9.9999951643172158e-01 +1.1153786295211512e-05 +2.9708022666229907e-05 +1.9961785755116359e-05 +2.6779172807461851e-05 +1.3074238306337949e-05
 39.50000000 +5.0000000000000000e+00 +2.0000001729096653e+00 +1.8784582692611671e-03 +9.9989385537878150e-01 +9.9999992813919802e-01 +9.9999983802828196e-01 +9.9999958032227321e-01 +9.9999981397179272e-01 +1.6218469879955958e-05 +2.2507544890258090e-05 +3.3289174910620207e-05 +1.9199938124551265e-05 +1.5769058689606344e-05
 40.00000000 +5.0000000000000000e+00 +1.9999993292548846e+00 +1.8643947933657708e-03 +9.9992913044097120e-01 +1.0000000718719035e+00 +9.9999976182098338e-01 +9.9999980823220613e-01 +9.9999963484401577e-01 +1.1255033263932033e-05 +1.7348301385605407e-05 +1.8897322601801049e-05 +1.4209082583988736e-05 +9.8829917382813170e-06
 40.50000000 +5.0000000000000000e+00 +2.0000007826059414e+00 +1.8637878033822091e-03 +9.9993196532469775e-01 +1.0000000196354675e+00 +9.9999981564368190e-01 +9.9999961962428940e-01 +9.9999979939211858e-01 +2.3424621236151966e-05 +1.7823216409984119e-05 +9.3358577868732899e-06 +1.1812187843106322e-05 +6.3845033985537167e-06
 41.00000000 +5.0000000000000000e+00 +1.9999976762972416e+00 +1.8647511880611144e-03 +9.9992802891866528e-01 +9.9999951742238724e-01 +9.9999966083995850e-01 +9.9999959599489097e-01 +9.9999965055579798e-01 +2.2196599608201617e-05 +1.2956525275250024e-05 +1.4046440931438699e-05 +1.4501554628330815e-05 +9.8451491800985007e-06
 41.50000000 +5.0000000000000000e+00 +1.9999990304486741e+00 +1.8668751453003100e-03 +9.9992346046455427e-01 +9.9999976041629757e-01 +1.0000000205395858e+00 +1.0000001308986841e+00 +9.9999966578250621e-01 +2.4917572102572156e-05 +1.9149811560891314e-05 +2.0608428330519782e-05 +4.1417171879118601e-06 +8.1443686418072558e-06
 42.00000000 +5.0000000000000000e+00 +2.0000006951893985e+00 +1.8579299587362659e-03 +9.9994689408948778e-01 +9.9999986240738059e-01 +1.0000000770495148e+00 +9.9999956709576954e-01 +9.9999969908100717e-01 +1.0304829298916232e-05 +1.6520792881477977e-05 +9.9084386625073792e-06 +4.0841719697537755e-06 +1.3082021845684219e-05
 42.50000000 +5.0000000000000000e+00 +2.0000024431276553e+00 +1.8607818419292754e-03 +9.9994095088991430e-01 +1.0000000582529012e+00 +9.9999983024789030e-01 +9.9999967694530401e-01 +9.9999968755775082e-01 +1.3745021080480861e-05 +2.1073201766901526e-05 +2.6698848872296717e-06 +3.0179919793192213e-06 +1.9289952310106814e-05
 43.00000000 +5.0000000000000000e+00 +2.0000018982237258e+00 +1.8673174554284485e-03 +9.9992497966118743e-01 +9.9999999903304349e-01 +9.9999998476564023e-01 +9.9999969333462035e-01 +9.9999980019335077e-01 +1.9196468615392937e-05 +2.3152155052009370e-05 +4.2280891446274327e-06 +1.3927250570514569e-05 +1.5039098192337504e-05
 43.50000000 +5.0000000000000000e+00 +2.0000020821032853e+00 +1.8627067829339173e-03 +9.9993695687393636e-01 +9.9999979150043772e-01 +9.9999962732092484e-01 +9.9999940592579639e-01 +9.9999983924258973e-01 +9.0988255906805790e-06 +1.0584784273874058e-05 +1.5759591263945983e-05 +1.2149135590360461e-05 +1.6786804835590624e-05
 44.00000000 +5.0000000000000000e+00 +2.0000013000741590e+00 +1.8687526829700900e-03 +9.9992136072586102e-01 +9.9999968707145881e-01 +9.9999973504577611e-01 +9.9999957784416926e-01 +9.9999947050992222e-01 +9.9264366486876776e-06 +1.6904976505634247e-05 +1.3654127793696645e-05 +1.8135741405465689e-05 +2.1547500529756726e-05
 44.50000000 +5.0000000000000000e+00 +2.0000009867957593e+00 +1.8691207257716541e-03 +9.9992151090722581e-01 +9.9999978405899959e-01 +9.9999949506271180e-01 +9.9999967277672286e-01 +1.0000001016167710e+00 +1.5464375663245092e-05 +1.7821335902740723e-05 +9.9531639506805356e-06 +1.7263623605088369e-05 +1.8933129679414030e-05
 45.00000000 +5.0000000000000000e+00 +1.9999999233278627e+00 +1.8663818604773297e-03 +9.9992696794890590e-01 +1.0000000235368778e+00 +9.9999966964425635e-01 +9.9999984038585665e-01 +1.0000000709294616e+00 +1.5979503980054752e-05 +8.9365395466393921e-06 +1.7773645500418248e-05 +1.2844858972204925e-05 +1.7893008639274164e-05
 45.50000000 +5.0000000000000000e+00 +2.0000018742421197e+00 +1.8674789855547059e-03 +9.9992345729581678e-01 +1.0000001598804127e+00 +1.0000000477498130e+00 +9.9999958599853622e-01 +9.9999923838615412e-01 +4.4764959556842384e-06 +2.0993768751683886e-05 +1.7304522399493447e-05 +2.3845517641784979e-05 +1.0890360953768225e-05
 46.00000000 +5.0000000000000000e+00 +2.0000015806248235e+00 +1.8669541358674305e-03 +9.9992443195087322e-01 +9.9999991473087224e-01 +9.9999978300298586e-01 +9.9999950536709126e-01 +9.9999964669935393e-01 +1.9756318380946687e-05 +1.1701049999500812e-05 +2.4097512941128401e-05 +1.5547304379054583e-05 +5.6160546448669210e-06
 46.50000000 +5.0000000000000000e+00 +2.0000019034423349e+00 +1.8653221207139419e-03 +9.9992822400591508e-01 +9.9999996623330012e-01 +9.9999982473225790e-01 +9.9999953031474298e-01 +9.9999964428771038e-01 +1.7504582441729972e-05 +1.3352461816658030e-05 +2.0042693269479180e-05 +1.4880854510055681e-05 +7.0298171906449079e-06
 47.00000000 +5.0000000000000000e+00 +2.0000022262335868e+00 +1.8636902383124565e-03 +9.9993201575250190e-01 +1.0000000177315382e+00 +9.9999986645813499e-01 +9.9999955526036521e-01 +9.9999964187626278e-01 +1.5253029664083418e-05 +1.5003739304040532e-05 +1.5988203426530056e-05 +1.4214458851678150e-05 +8.4434647376065510e-06
 47.50000000 +5.0000000000000000e+00 +2.0000025489985833e+00 +1.8620584886467780e-03 +9.9993580719067154e-01 +1.0000000692255877e+00 +9.9999990818061835e-01 +9.9999958020395829e-01 +9.9999963946501136e-01 +1.3001660025659745e-05 +1.6654882478037717e-05 +1.1934043372039089e-05 +1.3548117397307836e-05 +9.8569972997826977e-06
 48.00000000 +5.0000000000000000e+00 +2.0000028717373279e+00 +1.8604268717007126e-03 +9.9993959832046186e-01 +1.0000001207154490e+00 +9.9999994989970842e-01 +9.9999960514552289e-01 +9.9999963705395623e-01 +1.0750473504115293e-05 +1.8305891355036309e-05 +7.8802130657708803e-06 +1.2881830140331651e-05 +1.1270414891201914e-05
 48.50000000 +5.0000000000000000e+00 +2.0000031944498229e+00 +1.8587953874580679e-03 +9.9994338914191017e-01 +1.0000001722011225e+00 +9.9999999161540509e-01 +9.9999963008505866e-01 +9.9999963464309694e-01 +8.4994700771100426e-06 +1.9956765951420359e-05 +3.8267124674965813e-06 +1.2215597074137581e-05 +1.2683717525890477e-05
 49.00000000 +5.0000000000000000e+00 +2.0000040818073996e+00 +1.8598039977728296e-03 +9.9994149539848487e-01 +1.0000000933076703e+00 +9.9999983834468664e-01 +9.9999958504214426e-01 +9.9999965348962161e-01 +1.0020488029364749e-05 +1.5903342268342822e-05 +7.7231524645059933e-06 +1.2717463253500143e-05 +1.2969933384951327e-05
 49.50000000 +5.0000000000000000e+00 +2.0000049690831587e+00 +1.8608125150886112e-03 +9.9993960182967256e-01 +1.0000000144214927e+00 +9.9999968508810022e-01 +9.9999954000338298e-01 +9.9999967233440867e-01 +1.1541365736060278e-05 +1.1850292331459524e-05 +1.1619233190012154e-05 +1.3219283158259010e-05 +1.3256122853460291e-05
 50.00000000 +5.0000000000000000e+00 +2.0000058562771095e+00 +1.8618209394182757e-03 +9.9993770843544905e-01 +9.9999993554258859e-01 +9.9999953184564472e-01 +9.9999949496877427e-01 +9.9999969117745813e-01 +1.3062103216592763e-05 +7.7976160890809068e-06 +1.5514954693702742e-05 +1.3721056794814014e-05 +1.3542285935067200e-05
 50.50000000 +5.0000000000000000e+00 +2.0000067433892639e+00 +1.8628292707746816e-03 +9.9993581521578978e-01 +9.9999985667095681e-01 +9.9999937861731736e-01 +9.9999944993831791e-01 +9.9999971001877030e-01 +1.4582700490354756e-05 +3.7453134895269448e-06 +1.9410317025256296e-05 +1.4222784169563809e-05 +1.3828422633421241e-05
 51.00000000 +5.0000000000000000e+00 +2.0000076304196339e+00 +1.8638375091706864e-03 +9.9993392217067101e-01 +9.9999977780659632e-01 +9.9999922540311648e-01 +9.9999940491201278e-01 +9.9999972885834565e-01 +1.6103157576735241e-05 -3.0661551887285546e-07 +2.3305320234342171e-05 +1.4724465288905871e-05 +1.4114532952170903e-05
 51.50000000 +5.0000000000000000e+00 +2.0000069417637438e+00 +1.8671991583615267e-03 +9.9992513522238280e-01 +9.9999985794352164e-01 +9.9999924353004810e-01 +9.9999951685794808e-01 +9.9999975293589671e-01 +1.8702967542858561e-05 +2.9832532758549530e-06 +2.3322847455609530e-05 +1.8075781225089230e-05 +1.3408677627907534e-05
 52.00000000 +5.0000000000000000e+00 +2.0000062531120752e+00 +1.8705607869513783e-03 +9.9991634832794352e-01 +9.9999993807995624e-01 +9.9999926165686914e-01 +9.9999962880319748e-01 +9.9999977701330056e-01 +2.1302761576725213e-05 +6.2731019094807041e-06 +2.3340374569465895e-05 +2.1427076623607771e-05 +1.2702826629294254e-05
 52.50000000 +5.0000000000000000e+00 +2.0000055644646269e+00 +1.8739223949404292e-03 +9.9990756148735171e-01 +1.0000000182158995e+00 +9.9999927978357905e-01 +9.9999974074776066e-01 +9.9999980109055675e-01 +2.3902539678481645e-05 +9.5629303821897225e-06 +2.3357901575912244e-05 +2.4778351484650276e-05 +1.1996979956291295e-05
 53.00000000 +5.0000000000000000e+00 +2.0000048758213977e+00 +1.8772839823288695e-03 +9.9989877470060784e-01 +1.0000000983513515e+00 +9.9999929791017761e-01 +9.9999985269163816e-01 +9.9999982516766528e-01 +2.6502301848274313e-05 +1.2852738694167333e-05 +2.3375428474949571e-05 +2.8129605808405530e-05 +1.1291137608858898e-05
 53.50000000 +5.0000000000000000e+00 +2.0000041871823893e+00 +1.8806455491168885e-03 +9.9988998796771089e-01 +1.0000001784863126e+00 +9.9999931603666503e-01 +9.9999996463482932e-01 +9.9999984924462637e-01 +2.9102048086249660e-05 +1.6142526845598861e-05 +2.3392955266578858e-05 +3.1480839595062321e-05 +1.0585299586957296e-05
 54.00000000 +5.0000000000000000e+00 +2.0000042524475110e+00 +1.8789752966118342e-03 +9.9989423983428916e-01 +1.0000000620816873e+00 +9.9999935387053684e-01 +1.0000000233523756e+00 +9.9999980108033149e-01 +2.7509533391151394e-05 +1.8652941721630944e-05 +1.6864088097344876e-05 +2.8923031310069396e-05 +1.4570222895943843e-05
 54.50000000 +5.0000000000000000e+00 +2.0000043177030347e+00 +1.8773052897549036e-03 +9.9989849107553519e-01 +9.9999994569418238e-01 +9.9999939169884455e-01 +1.0000000820612860e+00 +9.9999975292312060e-01 +2.5917252911086733e-05 +2.1162987384803424e-05 +1.0336181144583702e-05 +2.6365599208200727e-05 +1.8554560132506955e-05
 55.00000000 +5.0000000000000000e+00 +2.0000043829489607e+00 +1.8756355284919083e-03 +9.9990274169158633e-01 +9.9999982932379305e-01 +9.9999942952158893e-01 +1.0000001407615624e+00 +9.9999970477299172e-01 +2.4325206594389604e-05 +2.3672663916561860e-05 +3.8092341964788369e-06 +2.3808543206473149e-05 +2.2538311425929780e-05
 55.50000000 +5.0000000000000000e+00 +2.0000044481852930e+00 +1.8739660127686760e-03 +9.9990699168258113e-01 +9.9999971297051637e-01 +9.9999946733877154e-01 +1.0000001994532071e+00 +9.9999965662994317e-01 +2.2733394389409139e-05 +2.6181971398327877e-05 -2.7167529587239301e-06 +2.1251863221927909e-05 +2.6521476905457442e-05
 56.00000000 +5.0000000000000000e+00 +2.0000045134120326e+00 +1.8722967425310510e-03 +9.9991124104865725e-01 +9.9999959663434823e-01 +9.9999950515039338e-01 +1.0000002581362217e+00 +9.9999960849397374e-01 +2.1141816244509649e-05 +2.8690909911499132e-05 -9.2417805327165292e-06 +1.8695559171630663e-05 +3.0504056700297070e-05
 56.50000000 +5.0000000000000000e+00 +2.0000041998829148e+00 +1.8709271616104376e-03 +9.9991452599645203e-01 +9.9999967407729984e-01 +9.9999958009973766e-01 +1.0000001429998759e+00 +9.9999967182043314e-01 +2.1724004352424536e-05 +2.7295094527087365e-05 -5.4505552672586453e-06 +1.7175553019233933e-05 +2.5660924583794036e-05
 57.00000000 +5.0000000000000000e+00 +2.0000038863188174e+00 +1.8695574278874815e-03 +9.9991781131074453e-01 +9.9999975152889198e-01 +9.9999965505744426e-01 +1.0000000278506846e+00 +9.9999973515395779e-01 +2.2306257414301418e-05 +2.5899123413387783e-05 -1.6589070197809782e-06 +1.5655377281748637e-05 +2.0817252125406453e-05
 57.50000000 +5.0000000000000000e+00 +2.0000035727197334e+00 +1.8681875413366082e-03 +9.9992109699159526e-01 +9.9999982898912532e-01 +9.9999973002351394e-01 +9.9999991268864563e-01 +9.9999979849454868e-01 +2.2888575441011127e-05 +2.4502996544337160e-05 +2.1331642805077427e-06 +1.4135031930792607e-05 +1.5973039234701409e-05
 58.00000000 +5.0000000000000000e+00 +2.0000032590856573e+00 +1.8668175019322397e-03 +9.9992438303906606e-01 +9.9999990645800196e-01 +9.9999980499794849e-01 +9.9999979751375656e-01 +9.9999986184220735e-01 +2.3470958443426953e-05 +2.3106713893866455e-05 +5.9256587044145887e-06 +1.2614516937977352e-05 +1.1128285821225839e-05
 58.50000000 +5.0000000000000000e+00 +2.0000029454165840e+00 +1.8654473096487904e-03 +9.9992766945321843e-01 +9.9999998393552325e-01 +9.9999987998074924e-01 +9.9999968232601533e-01 +9.9999992519693459e-01 +2.4053406432424586e-05 +2.1710275435900827e-05 +9.7185763227624261e-06 +1.1093832274908044e-05 +6.2829917945064794e-06
 59.00000000 +5.0000000000000000e+00 +2.0000036404968329e+00 +1.8679602431999611e-03 +9.9992116633269357e-01 +1.0000001749209588e+00 +9.9999976860516060e-01 +9.9999970648267678e-01 +9.9999997197566681e-01 +2.2875334518622868e-05 +2.3502897343463715e-05 +1.2301795750234123e-05 +1.3850717965326031e-05 +6.6809140471138714e-06
 59.50000000 +5.0000000000000000e+00 +2.0000043355349559e+00 +1.8704730244564561e-03 +9.9991466360628634e-01 +1.0000003658948200e+00 +9.9999965723632167e-01 +9.9999973063787417e-01 +1.0000000187515639e+00 +2.1697334001090236e-05 +2.5295410610361651e-05 +1.4884858623401123e-05 +1.6607436576510324e-05 +7.0788121839063546e-06
 60.00000000 +5.0000000000000000e+00 +2.0000050305309580e+00 +1.8729856534321189e-03 +9.9990816127396009e-01 +1.0000005568571073e+00 +9.9999954587423201e-01 +9.9999975479160719e-01 +1.0000000655246259e+00 +2.0519404873336495e-05 +2.7087815246470466e-05 +1.7467764956494795e-05 +1.9363988123649053e-05 +7.4766862070761461e-06
 60.50000000 +5.0000000000000000e+00 +2.0000057254848436e+00 +1.8754981301407939e-03 +9.9990165933568020e-01 +1.0000007478078228e+00 +9.9999943451889139e-01 +9.9999977894387726e-01 +1.0000001122948539e+00 +1.9341547128872251e-05 +2.8880111261664837e-05 +2.0050514763744803e-05 +2.2120372621928527e-05 +7.8745361188152045e-06
 61.00000000 +5.0000000000000000e+00 +2.0000064203966148e+00 +1.8780104545963196e-03 +9.9989515779140947e-01 +1.0000009387469664e+00 +9.9999932317029805e-01 +9.9999980309468306e-01 +1.0000001590622472e+00 +1.8163760761208883e-05 +3.0672298665818179e-05 +2.2633108059379050e-05 +2.4876590086533161e-05 +8.2723619213152064e-06
 61.50000000 +5.0000000000000000e+00 +2.0000081383956987e+00 +1.8756288196412751e-03 +9.9990233996031352e-01 +1.0000008066197090e+00 +9.9999939427848461e-01 +9.9999994309844809e-01 +1.0000000697082880e+00 +2.0485863819091291e-05 +2.6965808748090175e-05 +1.6859227083235678e-05 +2.1942319594191339e-05 +1.1193111258064115e-05
 62.00000000 +5.0000000000000000e+00 +2.0000098563095317e+00 +1.8732473028677244e-03 +9.9990952177282366e-01 +1.0000006744990078e+00 +9.9999946538314244e-01 +1.0000000830952653e+00 +9.9999998035876259e-01 +2.2807851649570849e-05 +2.3259502753812681e-05 +1.1085632618626276e-05 +1.9008194706226062e-05 +1.4113715661383271e-05
 62.50000000 +5.0000000000000000e+00 +2.0000115741381208e+00 +1.8708659042668727e-03 +9.9991670322896697e-01 +1.0000005423848628e+00 +9.9999953648427220e-01 +1.0000002230851364e+00 +9.9999989101367071e-01 +2.5129724261224094e-05 +1.9553380669296070e-05 +5.3123246442254751e-06 +1.6074215411799857e-05 +1.7034175142060238e-05
 63.00000000 +5.0000000000000000e+00 +2.0000132918814724e+00 +1.8684846238299234e-03 +9.9992388432876944e-01 +1.0000004102772728e+00 +9.9999960758187378e-01 +1.0000003630680609e+00 +9.9999980167301206e-01 +2.7451481662626659e-05 +1.5847442480852064e-05 -4.6069686129000617e-07 +1.3140381700076278e-05 +1.9954489710881518e-05
 63.50000000 +5.0000000000000000e+00 +2.0000150095395921e+00 +1.8661034615480828e-03 +9.9993106507225826e-01 +1.0000002781762383e+00 +9.9999967867594775e-01 +1.0000005030440398e+00 +9.9999971233678653e-01 +2.9773123862353365e-05 +1.2141688174793744e-05 -6.2334319192413118e-06 +1.0206693560219984e-05 +2.2874659378632521e-05
 64.00000000 +5.0000000000000000e+00 +2.0000141432248717e+00 +1.8680252209517824e-03 +9.9992560713684786e-01 +1.0000002026497614e+00 +9.9999988184954902e-01 +1.0000003972229907e+00 +9.9999969828217905e-01 +2.7337249262908219e-05 +1.4008372769938822e-05 +2.9566806583317133e-06 +7.4545803587171039e-06 +2.2456009438265829e-05
 64.50000000 +5.0000000000000000e+00 +2.0000132769659986e+00 +1.8699468564688372e-03 +9.9992014955328445e-01 +1.0000001271281536e+00 +1.0000000850100523e+00 +1.0000002914087633e+00 +9.9999968422847751e-01 +2.4901531692657998e-05 +1.5874937028848520e-05 +1.2146200793264359e-05 +4.7026445728005893e-06 +2.2037386486260153e-05
 65.00000000 +5.0000000000000000e+00 +2.0000124107629684e+00 +1.8718683681112262e-03 +9.9991469232153407e-01 +1.0000000516114143e+00 +1.0000002881574597e+00 +1.0000001856013574e+00 +9.9999967017568225e-01 +2.2465971136418812e-05 +1.7741380963158716e-05 +2.1335128542842696e-05 +1.9508861853152923e-06 +2.1618790520005876e-05
 65.50000000 +5.0000000000000000e+00 +2.0000115446157731e+00 +1.8737897558909265e-03 +9.9990923544156274e-01 +9.9999997609954250e-01 +1.0000004912917717e+00 +1.0000000798007715e+00 +9.9999965612379260e-01 +2.0030567579008718e-05 +1.9607704584503789e-05 +3.0523463964345417e-05 -8.0069482089172661e-07 +2.1200221536893688e-05
 66.00000000 +5.0000000000000000e+00 +2.0000106785244092e+00 +1.8757110198199148e-03 +9.9990377891333626e-01 +9.9999990059253818e-01 +1.0000006944129898e+00 +9.9999997400700569e-01 +9.9999964207280867e-01 +1.7595321005247743e-05 +2.1473907904516612e-05 +3.9711207115043811e-05 -3.5520984629711923e-06 +2.0781679534314631e-05
 66.50000000 +5.0000000000000000e+00 +2.0000098261044417e+00 +1.8754293599861217e-03 +9.9990379899126136e-01 +9.9999972351492727e-01 +1.0000003609127084e+00 +9.9999983128045511e-01 +9.9999970661843407e-01 +2.0632899172007280e-05 +1.9464698923504550e-05 +3.4580952951593854e-05 -4.1158222712486744e-07 +2.2311724326217227e-05
 67.00000000 +5.0000000000000000e+00 +2.0000089735320969e+00 +1.8751476498031589e-03 +9.9990381907277581e-01 +9.9999954640566235e-01 +1.0000000273528109e+00 +9.9999968852839127e-01 +9.9999977117559791e-01 +2.3671020332551409e-05 +1.7455130778734797e-05 +2.9449781710139252e-05 +2.7294954035902856e-06 +2.3842042627068907e-05
 67.50000000 +5.0000000000000000e+00 +2.0000081208073341e+00 +1.8748658892575251e-03 +9.9990383915788028e-01 +9.9999936926473498e-01 +9.9999969373328135e-01 +9.9999954575080685e-01 +9.9999983574430285e-01 +2.6709684632490522e-05 +1.5445203373893242e-05 +2.4317693144754397e-05 +5.8711345797191223e-06 +2.5372634510214434e-05
 68.00000000 +5.0000000000000000e+00 +2.0000072679301115e+00 +1.8745840783357122e-03 +9.9990385924657565e-01 +9.9999919209213606e-01 +9.9999936005410350e-01 +9.9999940294769496e-01 +9.9999990032455177e-01 +2.9748892217487046e-05 +1.3434916612631302e-05 +1.9184687009425726e-05 +9.0133354518603251e-06 +2.6903500049024753e-05
 68.50000000 +5.0000000000000000e+00 +2.0000064149003887e+00 +1.8743022170242096e-03 +9.9990387933886293e-01 +9.9999901488785747e-01 +9.9999902631526161e-01 +9.9999926011904894e-01 +9.9999996491634824e-01 +3.2788643233255524e-05 +1.1424270398565968e-05 +1.4050763058051728e-05 +1.2156098170666434e-05 +2.8434639316897090e-05
 69.00000000 +5.0000000000000000e+00 +2.0000074684917091e+00 +1.8719291042753790e-03 +9.9990981965407078e-01 +9.9999934080826469e-01 +9.9999892399757129e-01 +9.9999924825063302e-01 +9.9999992032783103e-01 +3.1443224928324247e-05 +1.3305877478876331e-05 +1.0566480109143144e-05 +1.0664369053858383e-05 +2.6767006212106546e-05
 69.50000000 +5.0000000000000000e+00 +2.0000085218483949e+00 +1.8695565200190674e-03 +9.9991575864636995e-01 +9.9999966665608908e-01 +9.9999882170266707e-01 +9.9999923638486021e-01 +9.9999987574924343e-01 +3.0098106248225338e-05 +1.5187065525043958e-05 +7.0829731105027131e-06 +9.1729721453196289e-06 +2.5099744489426418e-05
 70.00000000 +5.0000000000000000e+00 +2.0000095749705249e+00 +1.8671844640787520e-03 +9.9992169631620165e-01 +9.9999999243135529e-01 +9.9999871943054142e-01 +9.9999922452172951e-01 +9.9999983118058267e-01 +2.8753287092880208e-05 +1.7067834677031709e-05 +3.6002418029529617e-06 +7.6819073340882945e-06 +2.3432854024810254e-05
 70.50000000 +5.0000000000000000e+00 +2.0000106278581757e+00 +1.8648129362779878e-03 +9.9992763266400830e-01 +1.0000003181340877e+00 +9.9999861718118677e-01 +9.9999921266124026e-01 +9.9999978662184497e-01 +2.7408767362254833e-05 +1.8948185074740102e-05 +1.1828592743181792e-07 +6.1911745092519049e-06 +2.1766334694266830e-05
 71.00000000 +5.0000000000000000e+00 +2.0000116805114270e+00 +1.8624419364404086e-03 +9.9993356769023067e-01 +1.0000006437643101e+00 +9.9999851495459535e-01 +9.9999920080339155e-01 +9.9999974207302733e-01 +2.6064546956359727e-05 +2.0828116858007382e-05 -3.3628947750074342e-06 +4.7007735599473761e-06 +2.0100186373860142e-05
 71.50000000 +5.0000000000000000e+00 +2.0000110743673418e+00 +1.8631431980795227e-03 +9.9993209627760182e-01 +1.0000003165401836e+00 +9.9999859099392741e-01 +9.9999937354906843e-01 +9.9999969724629278e-01 +2.5071700639877466e-05 +1.9873500689735434e-05 -1.8664389501352687e-06 +6.0007019476693419e-06 +2.0845940544052385e-05
 72.00000000 +5.0000000000000000e+00 +2.0000104681848234e+00 +1.8638445041838957e-03 +9.9993062477167449e-01 +9.9999998929530842e-01 +9.9999866703808060e-01 +9.9999954630569854e-01 +9.9999965241671629e-01 +2.4078791369476767e-05 +1.8918823991623777e-05 -3.6988823871683535e-07 +7.3007127606210123e-06 +2.1591742000663918e-05
 72.50000000 +5.0000000000000000e+00 +2.0000098619638664e+00 +1.8645458547577563e-03 +9.9992915317243958e-01 +9.9999966202968338e-01 +9.9999874308705594e-01 +9.9999971907328322e-01 +9.9999960758429696e-01 +2.3085819139169821e-05 +1.7964086757915149e-05 +1.1267573682729325e-06 +8.6008060066422041e-06 +2.2337590748192348e-05
 73.00000000 +5.0000000000000000e+00 +2.0000092557044686e+00 +1.8652472498053344e-03 +9.9992768147988842e-01 +9.9999933474330560e-01 +9.9999881914085365e-01 +9.9999989185182336e-01 +9.9999956274903468e-01 +2.2092783942968034e-05 +1.7009288982851574e-05 +2.6234978798602467e-06 +9.9009816935737269e-06 +2.3083486791135859e-05
 73.50000000 +5.0000000000000000e+00 +2.0000086494066256e+00 +1.8659486893308605e-03 +9.9992620969401202e-01 +9.9999900743617343e-01 +9.9999889519947416e-01 +1.0000000646413201e+00 +9.9999951791092934e-01 +2.1099685774882084e-05 +1.6054430660674337e-05 +4.1203333050724613e-06 +1.1201239829257392e-05 +2.3829430133993207e-05
 74.00000000 +5.0000000000000000e+00 +2.0000093632820155e+00 +1.8631872295837336e-03 +9.9993355586729193e-01 +9.9999917414894091e-01 +9.9999893342541679e-01 +9.9999995094352390e-01 +9.9999935071358448e-01 +1.6101010760201046e-05 +1.4764416347252862e-05 +6.8400893422054796e-06 +8.3431803920331351e-06 +2.2986203101485513e-05
 74.50000000 +5.0000000000000000e+00 +2.0000100771251734e+00 +1.8604258945229398e-03 +9.9994090170887551e-01 +9.9999934085418130e-01 +9.9999897164963358e-01 +9.9999983725086161e-01 +9.9999918352378925e-01 +1.1102561447327208e-05 +1.3474460280979084e-05 +9.5597225760254447e-06 +5.4852500028422399e-06 +2.2143014142640256e-05
 75.00000000 +5.0000000000000000e+00 +2.0000107909361007e+00 +1.8576646841400343e-03 +9.9994824721878472e-01 +9.9999950755189448e-01 +9.9999900987212476e-01 +9.9999972356333300e-01 +9.9999901634154309e-01 +6.1043378209744577e-06 +1.2184562457908095e-05 +1.2279233014849449e-05 +2.6274486529446703e-06 +2.1299863254878819e-05
 75.50000000 +5.0000000000000000e+00 +2.0000115047147982e+00 +1.8549035984265726e-03 +9.9995559239704168e-01 +9.9999967424208125e-01 +9.9999904809288975e-01 +9.9999960988093695e-01 +9.9999884916684478e-01 +1.1063398658580810e-06 +1.0894722874095344e-05 +1.4998620666993835e-05 -2.3022366639881669e-07 +2.0456750435622811e-05
 76.00000000 +5.0000000000000000e+00 +2.0000122184612699e+00 +1.8521426373741122e-03 +9.9996293724366947e-01 +9.9999984092474237e-01 +9.9999908631192946e-01 +9.9999949620367401e-01 +9.9999868199969466e-01 -3.8914324333052562e-06 +9.6049415255966499e-06 +1.7717885540774200e-05 -3.0877669639266710e-06 +1.9613675682294095e-05
 76.50000000 +5.0000000000000000e+00 +2.0000128305975164e+00 +1.8528673352578569e-03 +9.9996059428203909e-01 +9.9999966683176222e-01 +9.9999945436673388e-01 +9.9999979652939341e-01 +9.9999869296425059e-01 +1.5723951708329286e-06 +6.2827542442090298e-06 +1.6866301728023403e-05 -8.9287578851544888e-07 +1.7966437340555671e-05
 77.00000000 +5.0000000000000000e+00 +2.0000134428122025e+00 +1.8535921260054023e-03 +9.9995825102017855e-01 +9.9999949271647359e-01 +9.9999982246870156e-01 +1.0000000968935971e+00 +9.9999870393021173e-01 +7.0369229174822315e-06 +2.9601412530966319e-06 +1.6014608792131788e-05 +1.3022966433208519e-06 +1.6318987919392253e-05
 77.50000000 +5.0000000000000000e+00 +2.0000140551053440e+00 +1.8543170096345987e-03 +9.9995590745802987e-01 +9.9999931857887248e-01 +1.0000001906178415e+00 +1.0000003972962925e+00 +9.9999871489757786e-01 +1.2502150941227138e-05 -3.6289752957234586e-07 +1.5162806712123212e-05 +3.4977503856465810e-06 +1.4671327378229207e-05
 78.00000000 +5.0000000000000000e+00 +2.0000146674769561e+00 +1.8550419861633020e-03 +9.9995356359553533e-01 +9.9999914441895399e-01 +1.0000005588141625e+00 +1.0000006977374869e+00 +9.9999872586634986e-01 +1.7968079376686625e-05 -3.6863621856506843e-06 +1.4310895467016178e-05 +5.6934854925399514e-06 +1.3023455676481522e-05
 78.50000000 +5.0000000000000000e+00 +2.0000152799270530e+00 +1.8557670556093712e-03 +9.9995121943263732e-01 +9.9999897023671425e-01 +1.0000009270576737e+00 +1.0000009982171876e+00 +9.9999873683652762e-01 +2.3434708358514182e-05 -7.0102527970121374e-06 +1.3458875035823789e-05 +7.8895020180930287e-06 +1.1375372773553777e-05
 79.00000000 +5.0000000000000000e+00 +2.0000143815757321e+00 +1.8554185356609082e-03 +9.9995199614661390e-01 +9.9999934444069027e-01 +1.0000006873214571e+00 +1.0000010985845473e+00 +9.9999887995605041e-01 +2.1759631387694047e-05 +1.1597294693154507e-06 +8.3526275882618535e-06 +8.9280156708493007e-06 +7.7935339073168762e-06
 79.50000000 +5.0000000000000000e+00 +2.0000134834278218e+00 +1.8550700946266996e-03 +9.9995277268472216e-01 +9.9999971855993652e-01 +1.0000004476395234e+00 +1.0000011989291813e+00 +9.9999902304316735e-01 +2.0084933699179560e-05 +9.3278618327639463e-06 +3.2475363319310252e-06 +9.9662941762902450e-06 +4.2125060653655983e-06
 80.00000000 +5.0000000000000000e+00 +2.0000125854832538e+00 +1.8547217324799462e-03 +9.9995354904702116e-01 +1.0000000925944819e+00 +1.0000002080118542e+00 +1.0000012992510972e+00 +9.9999916609788941e-01 +1.8410615164165780e-05 +1.7494144921563586e-05 -1.8563991258132503e-06 +1.1004337614272298e-05 +6.3228897227468726e-07
 80.50000000 +5.0000000000000000e+00 +2.0000116877419578e+00 +1.8543734491938595e-03 +9.9995432523357064e-01 +1.0000004665443549e+00 +9.9999996843843042e-01 +1.0000013995503028e+00 +9.9999930912022716e-01 +1.6736675653906098e-05 +2.5658579363660180e-05 -6.9591791774377673e-06 +1.2042146064615743e-05 -2.9471176472564247e-06
 81.00000000 +5.0000000000000000e+00 +2.0000107902038660e+00 +1.8540252447416649e-03 +9.9995510124443032e-01 +1.0000008404095844e+00 +9.9999972891923428e-01 +1.0000014998268054e+00 +9.9999945211019192e-01 +1.5063115039712177e-05 +3.3821165786715255e-05 -1.2060804215231630e-05 +1.3079719607104724e-05 -6.5257140684036627e-06
 81.50000000 +5.0000000000000000e+00 +2.0000120496472857e+00 +1.8550511699558763e-03 +9.9995232647896715e-01 +1.0000007246149103e+00 +1.0000003508188782e+00 +1.0000013091124420e+00 +9.9999905086730645e-01 +1.3522728162344673e-05 +2.9380718946319385e-05 -6.3916579619253882e-06 +1.2873691290526384e-05 -3.1473773811125861e-06
 82.00000000 +5.0000000000000000e+00 +2.0000133093391108e+00 +1.8560772975171251e-03 +9.9994955116622664e-01 +1.0000006087973978e+00 +1.0000009728411818e+00 +1.0000011183604636e+00 +9.9999864954528228e-01 +1.1982037468757795e-05 +2.4939396300117078e-05 -7.2139356186844756e-07 +1.2667622338218710e-05 +2.3162562805851927e-07
 82.50000000 +5.0000000000000000e+00 +2.0000145692794127e+00 +1.8571036274852798e-03 +9.9994677530604670e-01 +1.0000004929570394e+00 +1.0000015949861809e+00 +1.0000009275708583e+00 +9.9999824814409566e-01 +1.0441042869058477e-05 +2.0497197588975113e-05 +4.9499893157761621e-06 +1.2461512738158395e-05 +3.6112951562607987e-06
 83.00000000 +5.0000000000000000e+00 +2.0000158294682677e+00 +1.8581301599202365e-03 +9.9994399889826568e-01 +1.0000003770938293e+00 +1.0000022172539125e+00 +1.0000007367436157e+00 +9.9999784666372427e-01 +8.8997442733181935e-06 +1.6054122553658074e-05 +1.0622491001975956e-05 +1.2255362478317427e-05 +6.9916314007231888e-06
 83.50000000 +5.0000000000000000e+00 +2.0000170899057474e+00 +1.8591568948819117e-03 +9.9994122194272150e-01 +1.0000002612077605e+00 +1.0000028396444125e+00 +1.0000005458787244e+00 +9.9999744510414379e-01 +7.3581415915729243e-06 +1.1610170934828225e-05 +1.6296111827829025e-05 +1.2049171546663020e-05 +1.0372634558752444e-05
 84.00000000 +5.0000000000000000e+00 +2.0000173346961181e+00 +1.8634416158706864e-03 +9.9993114250366177e-01 +1.0000006220832649e+00 +1.0000024784012078e+00 +1.0000001710862165e+00 +9.9999746238339737e-01 +9.4499523046898092e-06 +8.9179609512886039e-06 +2.0407117427927787e-05 +1.8627089933954896e-05 +1.0721428147436964e-05
 84.50000000 +5.0000000000000000e+00 +2.0000175794558532e+00 +1.8677258006105819e-03 +9.9992106432608230e-01 +1.0000009829136047e+00 +1.0000021172032141e+00 +9.9999979634061531e-01 +9.9999747966048869e-01 +1.1541501219861258e-05 +6.2260879079118605e-06 +2.4517608520278294e-05 +2.5204185070123592e-05 +1.1070178083297487e-05
 85.00000000 +5.0000000000000000e+00 +2.0000178241849569e+00 +1.8720094492022615e-03 +9.9991098740974516e-01 +1.0000013436987878e+00 +1.0000017560504229e+00 +9.9999942164191202e-01 +9.9999749693541784e-01 +1.3632788386231681e-05 +3.5345517414479696e-06 +2.8627585201463347e-05 +3.1780457109708860e-05 +1.1418884374528467e-05
 85.50000000 +5.0000000000000000e+00 +2.0000180688834357e+00 +1.8762925617463642e-03 +9.9990091175441420e-01 +1.0000017044388232e+00 +1.0000013949428257e+00 +9.9999904699009756e-01 +9.9999751420818506e-01 +1.5723813852933191e-05 +8.4335238866272898e-07 +3.2737047568041589e-05 +3.8355906207211818e-05 +1.1767547029322316e-05
 86.00000000 +5.0000000000000000e+00 +2.0000183135512954e+00 +1.8805751383435033e-03 +9.9989083735985229e-01 +1.0000020651337189e+00 +1.0000010338804137e+00 +9.9999867238516360e-01 +9.9999753147879100e-01 +1.7814577669085607e-05 -1.8475102136622283e-06 +3.6845995716547500e-05 +4.4930532517094872e-05 +1.2116166055869388e-05
 86.50000000 +5.0000000000000000e+00 +2.0000175680597883e+00 +1.8866194665479428e-03 +9.9987521509970512e-01 +1.0000014618234934e+00 +1.0000002114995827e+00 +9.9999873301910025e-01 +9.9999775589337137e-01 +1.4144781613290118e-05 +8.2623884167667268e-06 +4.0129626259140962e-05 +4.3922319660635537e-05 +2.0163552413257993e-05
 87.00000000 +5.0000000000000000e+00 +2.0000168227445054e+00 +1.8926623659472153e-03 +9.9985959653246903e-01 +1.0000008586558831e+00 +9.9999938931315235e-01 +9.9999879363870370e-01 +9.9999798025490294e-01 +1.0475853052340835e-05 +1.8369897190968183e-05 +4.3412480591686439e-05 +4.2914345133348600e-05 +2.8209036467062321e-05
 87.50000000 +5.0000000000000000e+00 +2.0000160776053857e+00 +1.8987038370478888e-03 +9.9984398165683452e-01 +1.0000002556308374e+00 +9.9999856732105374e-01 +9.9999885424397938e-01 +9.9999820456340438e-01 +6.8077916786763786e-06 +2.8475016956241110e-05 +4.6694558989381242e-05 +4.1906608850736905e-05 +3.6252618891724576e-05
 88.00000000 +5.0000000000000000e+00 +2.0000153326423655e+00 +1.9047438803562924e-03 +9.9982837047149298e-01 +9.9999965274830560e-01 +9.9999774552321830e-01 +9.9999891483493186e-01 +9.9999842881889456e-01 +3.1405971848807317e-06 +3.8577748559483998e-05 +4.9975861727292572e-05 +4.0899110728343232e-05 +4.4294300361368149e-05
 88.50000000 +5.0000000000000000e+00 +2.0000145878553828e+00 +1.9107824963785151e-03 +9.9981276297513633e-01 +9.9999905000823730e-01 +9.9999692391957662e-01 +9.9999897541156624e-01 +9.9999865302139213e-01 -5.2573073631682580e-07 +4.8678092847195065e-05 +5.3256389080357660e-05 +3.9891850681750263e-05 +5.2334081549797850e-05
 89.00000000 +5.0000000000000000e+00 +2.0000156381894274e+00 +1.9005953791894755e-03 +9.9983973804764048e-01 +9.9999962959484368e-01 +9.9999711257437573e-01 +9.9999921830187066e-01 +9.9999899017753502e-01 +4.2102806924036264e-06 +3.9437900145349455e-05 +4.7686832813344326e-05 +3.0185153652474265e-05 +4.3791151281905055e-05
 89.50000000 +5.0000000000000000e+00 +2.0000166885850534e+00 +1.8904076647255996e-03 +9.9986671470170385e-01 +1.0000002092154310e+00 +9.9999730124023534e-01 +9.9999946120641559e-01 +9.9999932735344521e-01 +8.9465697954058777e-06 +3.0197165687236811e-05 +4.2116950000975328e-05 +2.0477887515592242e-05 +3.5247720138526146e-05
 90.00000000 +5.0000000000000000e+00 +2.0000177390422667e+00 +1.8802193529343595e-03 +9.9989369293746644e-01 +1.0000007888700033e+00 +9.9999748991715742e-01 +9.9999970412520278e-01 +9.9999966454912503e-01 +1.3683136597110880e-05 +2.0955889425210686e-05 +3.6546740614531608e-05 +1.0770052221052232e-05 +2.6703788075610034e-05
 90.50000000 +5.0000000000000000e+00 +2.0000187895610724e+00 +1.8700304437632182e-03 +9.9992067275506635e-01 +1.0000013685585627e+00 +9.9999767860514199e-01 +9.9999994705823314e-01 +1.0000000017645760e+00 +1.8419981121942452e-05 +1.1714071311618975e-05 +3.0976204625290720e-05 +1.0616477187963613e-06 +1.8159355049100451e-05
 91.00000000 +5.0000000000000000e+00 +2.0000198401414759e+00 +1.8598409371596348e-03 +9.9994765415464315e-01 +1.0000019482811127e+00 +9.9999786730419027e-01 +1.0000001900055080e+00 +1.0000003389997996e+00 +2.3157103394327261e-05 +2.4717112988040402e-06 +2.5405342004526846e-05 -8.6473260412390802e-06 +9.6144210149359807e-06
 91.50000000 +5.0000000000000000e+00 +2.0000183370861317e+00 +1.8599378080696818e-03 +9.9994681793136320e-01 +1.0000012727550236e+00 +9.9999843844687664e-01 +1.0000003284872421e+00 +1.0000007610201622e+00 +1.9856854103917058e-05 +6.5108591375022136e-06 +2.1777001273993232e-05 -5.9295691450954591e-06 +1.0166213073507023e-05
 92.00000000 +5.0000000000000000e+00 +2.0000168337481954e+00 +1.8600346971926441e-03 +9.9994598155086289e-01 +1.0000005971019275e+00 +9.9999900969694511e-01 +1.0000004669950124e+00 +1.0000011831198701e+00 +1.6555984326292672e-05 +1.0550766385375140e-05 +1.8147978371043568e-05 -3.2113012774291056e-06 +1.0718108875731074e-05
 92.50000000 +5.0000000000000000e+00 +2.0000153301275860e+00 +1.8601316045336587e-03 +9.9994514501309817e-01 +9.9999992132178828e-01 +9.9999958105442543e-01 +1.0000006055288262e+00 +1.0000016052989447e+00 +1.3254493886448879e-05 +1.4591433256610265e-05 +1.4518273103274642e-05 -4.9252229412313384e-07 +1.1270108450868500e-05
 93.00000000 +5.0000000000000000e+00 +2.0000138262242246e+00 +1.8602285300978641e-03 +9.9994430831802450e-01 +9.9999924541457008e-01 +1.0000001525193480e+00 +1.0000007440886909e+00 +1.0000020275574093e+00 +9.9523826093146301e-06 +1.8632859965475597e-05 +1.0887885278210865e-05 +2.2267679489935487e-06 +1.1822211828190666e-05
 93.50000000 +5.0000000000000000e+00 +2.0000123220380313e+00 +1.8603254738904014e-03 +9.9994347146559737e-01 +9.9999856938023757e-01 +1.0000007240917435e+00 +1.0000008826746136e+00 +1.0000024498952862e+00 +6.6496503197530427e-06 +2.2675046726319722e-05 +7.2568147033042722e-06 +4.9465695961462534e-06 +1.2374419036979951e-05
 94.00000000 +5.0000000000000000e+00 +2.0000121045684409e+00 +1.8615267179729349e-03 +9.9994006064647800e-01 +9.9999918582648806e-01 +1.0000009710283770e+00 +1.0000006362935228e+00 +1.0000020126676383e+00 +7.5810043899224372e-06 +2.2185572974881014e-05 +8.7568785420980477e-06 +7.8575239840946198e-06 +1.0752564812860226e-05
 94.50000000 +5.0000000000000000e+00 +2.0000118871000145e+00 +1.8627279556305066e-03 +9.9993664984560204e-01 +9.9999980226944196e-01 +1.0000012179636901e+00 +1.0000003899137495e+00 +1.0000015754423293e+00 +8.5123534786608949e-06 +2.1696101841436648e-05 +1.0256934357665584e-05 +1.0768462802541859e-05 +9.1307192633735642e-06
 95.00000000 +5.0000000000000000e+00 +2.0000116696327503e+00 +1.8639291868631674e-03 +9.9993323906296872e-01 +1.0000004187090983e+00 +1.0000014648976823e+00 +1.0000001435352941e+00 +1.0000011382193581e+00 +9.4436975860083749e-06 +2.1206633325965618e-05 +1.1756982150071245e-05 +1.3679386051612872e-05 +7.5088823884503669e-06
 95.50000000 +5.0000000000000000e+00 +2.0000114521666501e+00 +1.8651304116709697e-03 +9.9992982829857813e-01 +1.0000010351454578e+00 +1.0000017118303537e+00 +9.9999989715815640e-01 +1.0000007009987260e+00 +1.0375036712004848e-05 +2.0717167428446932e-05 +1.3257021919379403e-05 +1.6590293731432581e-05 +5.8870541880210422e-06
 96.00000000 +5.0000000000000000e+00 +2.0000112347017125e+00 +1.8663316300539644e-03 +9.9992641755243039e-01 +1.0000016515785199e+00 +1.0000019587617042e+00 +9.9999965078233621e-01 +1.0000002637804322e+00 +1.1306370856690280e-05 +2.0227704148859580e-05 +1.4757053665654422e-05 +1.9501185842125890e-05 +4.2652346620159971e-06
 96.50000000 +5.0000000000000000e+00 +2.0000110172379379e+00 +1.8675328420122038e-03 +9.9992300682452517e-01 +1.0000022680082854e+00 +1.0000022056917341e+00 +9.9999940440783430e-01 +9.9999982656447695e-01 +1.2237700020104632e-05 +1.9738243487182561e-05 +1.6257077388960675e-05 +2.2412062383817708e-05 +2.6434238103656389e-06
 97.00000000 +5.0000000000000000e+00 +2.0000107997753274e+00 +1.8687340475457390e-03 +9.9991959611486203e-01 +1.0000028844347539e+00 +1.0000024526204436e+00 +9.9999915803464967e-01 +9.9999938935085997e-01 +1.3169024202287867e-05 +1.9248785443394867e-05 +1.7757093089362522e-05 +2.5322923356632944e-05 +1.0216216330003705e-06
 97.50000000 +5.0000000000000000e+00 +2.0000105823138798e+00 +1.8699352466546219e-03 +9.9991618542344152e-01 +1.0000035008579256e+00 +1.0000026995478322e+00 +9.9999891166278321e-01 +9.9999895213958190e-01 +1.4100343403279951e-05 +1.8759330017475503e-05 +1.9257100766924341e-05 +2.8233768760696505e-05 -6.0017187014939693e-07
 98.00000000 +5.0000000000000000e+00 +2.0000103648535945e+00 +1.8711364393389032e-03 +9.9991277475026286e-01 +1.0000041172778000e+00 +1.0000029464739002e+00 +9.9999866529223425e-01 +9.9999851493064185e-01 +1.5031657623120844e-05 +1.8269877209403458e-05 +2.0757100421710482e-05 +3.1144598596133292e-05 -2.2219566991532535e-06
 98.50000000 +5.0000000000000000e+00 +2.0000101473944727e+00 +1.8723376255986349e-03 +9.9990936409532583e-01 +1.0000047336943776e+00 +1.0000031933986471e+00 +9.9999841892300301e-01 +9.9999807772404015e-01 +1.5962966861850508e-05 +1.7780427019157731e-05 +2.2257092053785317e-05 +3.4055412863068194e-05 -3.8437328540807884e-06
 99.00000000 +5.0000000000000000e+00 +2.0000099299365139e+00 +1.8735388054338686e-03 +9.9990595345863087e-01 +1.0000053501076585e+00 +1.0000034403220737e+00 +9.9999817255508938e-01 +9.9999764051977702e-01 +1.6894271119508904e-05 +1.7290979446717330e-05 +2.3757075663213206e-05 +3.6966211561626133e-05 -5.4655003350015946e-06
 99.50000000 +5.0000000000000000e+00 +2.0000101303566642e+00 +1.8738243677020355e-03 +9.9990504903464428e-01 +1.0000048396507102e+00 +1.0000030531635036e+00 +9.9999832680373291e-01 +9.9999781886342953e-01 +1.8256792176338659e-05 +1.5881061132279844e-05 +2.2431035823761633e-05 +4.1241721124202250e-05 -6.8981255627483081e-06
100.00000000 +5.0000000000000000e+00 +2.0000103308050745e+00 +1.8741099702349313e-03 +9.9990414448313281e-01 +1.0000043291217868e+00 +1.0000026659503436e+00 +9.9999848107412603e-01 +9.9999799723222882e-01 +1.9619505350775982e-05 +1.4470944017147084e-05 +2.1104809010611411e-05 +4.5517833540337330e-05 -8.3309527929007156e-06
100.50000000 +5.0000000000000000e+00 +2.0000105312817507e+00 +1.8743956130410715e-03 +9.9990323980406903e-01 +1.0000038185208731e+00 +1.0000022786825820e+00 +9.9999863536627287e-01 +9.9999817562618032e-01 +2.0982410683457050e-05 +1.3060628059269274e-05 +1.9778395184214375e-05 +4.9794548937545299e-05 -9.7639820681858075e-06
101.00000000 +5.0000000000000000e+00 +2.0000107317866975e+00 +1.8746812961289751e-03 +9.9990233499742620e-01 +1.0000033078479535e+00 +1.0000018913602071e+00 +9.9999878968017819e-01 +9.9999835404528892e-01 +2.2345508215029519e-05 +1.1650113216584767e-05 +1.8451794305011200e-05 +5.4071867443376058e-05 -1.1197213431342634e-05
101.50000000 +5.0000000000000000e+00 +2.0000109323199231e+00 +1.8749670195071647e-03 +9.9990143006317744e-01 +1.0000027971030134e+00 +1.0000015039832082e+00 +9.9999894401584688e-01 +9.9999853248956039e-01 +2.3708797986152516e-05 +1.0239399447020067e-05 +1.7125006333431422e-05 +5.8349789185415497e-05 -1.2630646925122300e-05
102.00000000 +5.0000000000000000e+00 +2.0000111328814310e+00 +1.8752527831841627e-03 +9.9990052500129489e-01 +1.0000022862860367e+00 +1.0000011165515725e+00 +9.9999909837328271e-01 +9.9999871095899973e-01 +2.5072280037496606e-05 +8.8284867084897959e-06 +1.5798031229893377e-05 +6.2628314291285445e-05 -1.4064282592287959e-05
102.50000000 +5.0000000000000000e+00 +2.0000113334712291e+00 +1.8755385871684969e-03 +9.9989961981175290e-01 +1.0000017753970092e+00 +1.0000007290652897e+00 +9.9999925275249169e-01 +9.9999888945361282e-01 +2.6435954409743880e-05 +7.4173749588967143e-06 +1.4470868954804285e-05 +6.6907442888643851e-05 -1.5498120475614852e-05
103.00000000 +5.0000000000000000e+00 +2.0000115340893223e+00 +1.8758244314686947e-03 +9.9989871449452328e-01 +1.0000012644359144e+00 +1.0000003415243470e+00 +9.9999940715347702e-01 +9.9999906797340410e-01 +2.7799821143587848e-05 +6.0060641561316958e-06 +1.3143519468560147e-05 +7.1187175105184497e-05 -1.6932160617890258e-05
103.50000000 +5.0000000000000000e+00 +2.0000117347357165e+00 +1.8761103160932879e-03 +9.9989780904957970e-01 +1.0000007534027380e+00 +9.9999995392873353e-01 +9.9999956157624403e-01 +9.9999924651837946e-01 +2.9163880279733538e-05 +4.5945542580737434e-06 +1.1815982731545825e-05 +7.5467511068637376e-05 -1.8366403061913547e-05
104.00000000 +5.0000000000000000e+00 +2.0000119354104191e+00 +1.8763962410508102e-03 +9.9989690347689497e-01 +1.0000002422974645e+00 +9.9999956627843789e-01 +9.9999971602079718e-01 +9.9999942508854422e-01 +3.0528131858897454e-05 +3.1828452225899730e-06 +1.0488258704134988e-05 +7.9748450906768422e-05 -1.9800847850496164e-05
104.50000000 +5.0000000000000000e+00 +2.0000121361134342e+00 +1.8766822063497966e-03 +9.9989599777644167e-01 +9.9999973112007856e-01 +9.9999917857344800e-01 +9.9999987048714090e-01 +9.9999960368390362e-01 +3.1892575921807598e-05 +1.7709370075356034e-06 +9.1603473466901258e-06 +8.4029994747379620e-05 -2.1235495026461628e-05
105.00000000 +5.0000000000000000e+00 +2.0000132496360199e+00 +1.8734871734172730e-03 +9.9990520726640042e-01 +9.9999998811791602e-01 +9.9999939596724696e-01 +1.0000002296811321e+00 +9.9999947000890577e-01 +3.0742502251320819e-05 +2.9975261311003388e-06 +7.0928482786941495e-06 +7.5734198034395391e-05 -2.0858115449313069e-05
105.50000000 +5.0000000000000000e+00 +2.0000143631633120e+00 +1.8702921269783462e-03 +9.9991441679529025e-01 +1.0000002451168399e+00 +9.9999961336196475e-01 +1.0000005888766417e+00 +9.9999933633334259e-01 +2.9592423719113284e-05 +4.2241204398405566e-06 +5.0253404707336021e-06 +6.7438366252486374e-05 -2.0480734276863122e-05
106.00000000 +5.0000000000000000e+00 +2.0000154766953124e+00 +1.8670970670329316e-03 +9.9992362636311172e-01 +1.0000005021168503e+00 +9.9999983075760179e-01 +1.0000009480736696e+00 +9.9999920265721443e-01 +2.8442340325154163e-05 +5.4507199337891361e-06 +2.9578239227530699e-06 +5.9142499401430160e-05 -2.0103351509101673e-05
106.50000000 +5.0000000000000000e+00 +2.0000165902320193e+00 +1.8639019935809431e-03 +9.9993283596986493e-01 +1.0000007591179469e+00 +1.0000000481541576e+00 +1.0000013072722160e+00 +9.9999906898052127e-01 +2.7292252069412630e-05 +6.6773246129789587e-06 +8.9029863469712717e-07 +5.0846597481004417e-05 -1.9725967146018604e-05
107.00000000 +5.0000000000000000e+00 +2.0000177037734335e+00 +1.8607069066222952e-03 +9.9994204561555045e-01 +1.0000010161201300e+00 +1.0000002655516322e+00 +1.0000016664722806e+00 +9.9999893530326289e-01 +2.6142158951857856e-05 +7.9039344774428994e-06 -1.1772353934896417e-06 +4.2550660490986757e-05 -1.9348581187603796e-05
107.50000000 +5.0000000000000000e+00 +2.0000188173195554e+00 +1.8575118061569021e-03 +9.9995125530016837e-01 +1.0000012731233998e+00 +1.0000004829500264e+00 +1.0000020256738642e+00 +9.9999880162543930e-01 +2.4992060972459019e-05 +9.1305495272138443e-06 -3.2447781618626613e-06 +3.4254688431154810e-05 -1.8971193633847138e-05
108.00000000 +5.0000000000000000e+00 +2.0000199308703848e+00 +1.8543166921846784e-03 +9.9996046502371905e-01 +1.0000015301277558e+00 +1.0000007003493394e+00 +1.0000023848769659e+00 +9.9999866794705117e-01 +2.3841958131185286e-05 +1.0357169762324674e-05 -5.3123296704773549e-06 +2.5958681301286188e-05 -1.8593804484738517e-05
108.50000000 +5.0000000000000000e+00 +2.0000210444259205e+00 +1.8511215647055376e-03 +9.9996967478620202e-01 +1.0000017871331981e+00 +1.0000009177495710e+00 +1.0000027440815862e+00 +9.9999853426809726e-01 +2.2691850428005811e-05 +1.1583795182808259e-05 -7.3798899193891411e-06 +1.7662639101158505e-05 -1.8216413740267805e-05
109.00000000 +5.0000000000000000e+00 +2.0000221579861646e+00 +1.8479264237193959e-03 +9.9997888458761874e-01 +1.0000020441397273e+00 +1.0000011351507221e+00 +1.0000031032877250e+00 +9.9999840058857858e-01 +2.1541737862889796e-05 +1.2810425788697490e-05 -9.4474589086534463e-06 +9.3665618305493958e-06 -1.7839021400424896e-05
109.50000000 +5.0000000000000000e+00 +2.0000232715511164e+00 +1.8447312692261657e-03 +9.9998809442796865e-01 +1.0000023011473427e+00 +1.0000013525527922e+00 +1.0000034624953824e+00 +9.9999826690849469e-01 +2.0391620435806384e-05 +1.4037061580025245e-05 -1.1515036638325688e-05 +1.0704494892364721e-06 -1.7461627465199673e-05
110.00000000 +5.0000000000000000e+00 +2.0000243851207751e+00 +1.8415361012257625e-03 +9.9999730430725209e-01 +1.0000025581560446e+00 +1.0000015699557812e+00 +1.0000038217045579e+00 +9.9999813322784559e-01 +1.9241498146724758e-05 +1.5263702556824402e-05 -1.3582623108461297e-05 -7.2256979230026676e-06 -1.7084231934582015e-05
110.50000000 +5.0000000000000000e+00 +2.0000233185709289e+00 +1.8448024172635661e-03 +9.9998859810987339e-01 +1.0000023142052645e+00 +1.0000013558869871e+00 +1.0000033466002336e+00 +9.9999813676480687e-01 +2.3201208283106000e-05 +1.0225449425553650e-05 -8.8604229051137772e-06 -9.5698495888669608e-07 -1.7360818799783394e-05
111.00000000 +5.0000000000000000e+00 +2.0000222520219566e+00 +1.8480687306255956e-03 +9.9997989191962677e-01 +1.0000020702546846e+00 +1.0000011418183685e+00 +1.0000028714962985e+00 +9.9999814030176504e-01 +2.7160915175683284e-05 +5.1872004216318483e-06 -4.1382265702038961e-06 +5.3117228698847049e-06 -1.7637405438404160e-05
111.50000000 +5.0000000000000000e+00 +2.0000211854738588e+00 +1.8513350413118545e-03 +9.9997118573651245e-01 +1.0000018263043040e+00 +1.0000009277499256e+00 +1.0000023963927527e+00 +9.9999814383872054e-01 +3.1120618824460594e-05 +1.4895554505392616e-07 +5.8396589627309623e-07 +1.1580425563317844e-05 -1.7913991850444590e-05
112.00000000 +5.0000000000000000e+00 +2.0000201189266344e+00 +1.8546013493223466e-03 +9.9996247956053030e-01 +1.0000015823541237e+00 +1.0000007136816580e+00 +1.0000019212895961e+00 +9.9999814737567316e-01 +3.5080319229441915e-05 -4.8892852041851962e-06 +5.3061544943219619e-06 +1.7849123121419040e-05 -1.8190578035904956e-05
112.50000000 +5.0000000000000000e+00 +2.0000190523802837e+00 +1.8578676546570749e-03 +9.9995377339168023e-01 +1.0000013384041433e+00 +1.0000004996135656e+00 +1.0000014461868287e+00 +9.9999815091262290e-01 +3.9040016390631235e-05 -9.9275218260905847e-06 +1.0028339223947451e-05 +2.4117815544194595e-05 -1.8467163994785540e-05
113.00000000 +5.0000000000000000e+00 +2.0000179858348073e+00 +1.8611339573160425e-03 +9.9994506722996257e-01 +1.0000010944543629e+00 +1.0000002855456487e+00 +1.0000009710844506e+00 +9.9999815444957008e-01 +4.2999710308032539e-05 -1.4965754320667313e-05 +1.4750520085154316e-05 +3.0386502831650819e-05 -1.8743749727086623e-05
113.50000000 +5.0000000000000000e+00 +2.0000169192902031e+00 +1.8644002572992516e-03 +9.9993636107537620e-01 +1.0000008505047815e+00 +1.0000000714779069e+00 +1.0000004959824615e+00 +9.9999815798651359e-01 +4.6959400981649796e-05 -2.0003982687920448e-05 +1.9472697077947305e-05 +3.6655184983794017e-05 -1.9020335232808473e-05
114.00000000 +5.0000000000000000e+00 +2.0000158527464738e+00 +1.8676665546067076e-03 +9.9992765492792246e-01 +1.0000006065554008e+00 +9.9999985741034059e-01 +1.0000000208808617e+00 +9.9999816152345455e-01 +5.0919088411487019e-05 -2.5042206927855068e-05 +2.4194870202331186e-05 +4.2923862000630532e-05 -1.9296920511951382e-05
114.50000000 +5.0000000000000000e+00 +2.0000147862036179e+00 +1.8709328492384123e-03 +9.9991894878760079e-01 +1.0000003626062197e+00 +9.9999964334294966e-01 +9.9999954577965122e-01 +9.9999816506039296e-01 +5.4878772597548192e-05 -3.0080427040476250e-05 +2.8917039458310704e-05 +4.9192533882166638e-05 -1.9573505564515620e-05
115.00000000 +5.0000000000000000e+00 +2.0000137196616361e+00 +1.8741991411943694e-03 +9.9991024265441120e-01 +1.0000001186572385e+00 +9.9999942927573393e-01 +9.9999907067882987e-01 +9.9999816859732815e-01 +5.8838453539837273e-05 -3.5118643025789040e-05 +3.3639204845890604e-05 +5.5461200628408645e-05 -1.9850090390501471e-05
115.50000000 +5.0000000000000000e+00 +2.0000126531205273e+00 +1.8774654304745822e-03 +9.9990153652835334e-01 +9.9999987470845686e-01 +9.9999921520869384e-01 +9.9999859557839743e-01 +9.9999817213426023e-01 +6.2798131238358279e-05 -4.0156854883798530e-05 +3.8361366365075648e-05 +6.1729862239362881e-05 -2.0126674989909202e-05
116.00000000 +5.0000000000000000e+00 +2.0000114747199351e+00 +1.8776705387159361e-03 +9.9990012851627197e-01 +1.0000007729107652e+00 +9.9999901173326577e-01 +9.9999879502143418e-01 +9.9999826943132175e-01 +6.2776363102842441e-05 -3.5302371678299454e-05 +3.8188882544479772e-05 +5.5843339369457057e-05 -1.8483836584051954e-05
116.50000000 +5.0000000000000000e+00 +2.0000102963336963e+00 +1.8778756444588979e-03 +9.9989872052134143e-01 +1.0000016711021325e+00 +9.9999880826031651e-01 +9.9999899446204155e-01 +9.9999836672719800e-01 +6.2754595232480956e-05 -3.0447947604522331e-05 +3.8016400824883101e-05 +4.9956888202391458e-05 -1.6841018189359592e-05
117.00000000 +5.0000000000000000e+00 +2.0000091179618114e+00 +1.8780807477035133e-03 +9.9989731254356129e-01 +1.0000025692825596e+00 +9.9999860478984581e-01 +9.9999919390021963e-01 +9.9999846402188919e-01 +6.2732827627268972e-05 -2.5593582661386767e-05 +3.7843921206247226e-05 +4.4070508736855990e-05 -1.5198219805466479e-05
117.50000000 +5.0000000000000000e+00 +2.0000079396042802e+00 +1.8782858484498275e-03 +9.9989590458293143e-01 +1.0000034674520459e+00 +9.9999840132185336e-01 +9.9999939333596843e-01 +9.9999856131539533e-01 +6.2711060287201653e-05 -2.0739276847812371e-05 +3.7671443688533781e-05 +3.8184200971540576e-05 -1.3555441432007001e-05
118.00000000 +5.0000000000000000e+00 +2.0000067612611012e+00 +1.8784909466978857e-03 +9.9989449663945107e-01 +1.0000043656105917e+00 +9.9999819785633892e-01 +9.9999959276928763e-01 +9.9999865860771608e-01 +6.2689293212274145e-05 -1.5885030162718787e-05 +3.7498968271704365e-05 +3.2297964905135189e-05 -1.1912683068615543e-05
118.50000000 +5.0000000000000000e+00 +2.0000055829322760e+00 +1.8786960424477350e-03 +9.9989308871312044e-01 +1.0000052637581980e+00 +9.9999799439330328e-01 +9.9999979220017798e-01 +9.9999875589885223e-01 +6.2667526402481610e-05 -1.1030842605025705e-05 +3.7326494955720603e-05 +2.6411800536329844e-05 -1.0269944714926518e-05
119.00000000 +5.0000000000000000e+00 +2.0000044046178020e+00 +1.8789011356994197e-03 +9.9989168080393886e-01 +1.0000061618948639e+00 +9.9999779093274554e-01 +9.9999999162863884e-01 +9.9999885318880255e-01 +6.2645759857819197e-05 -6.1767141736528059e-06 +3.7154023740544114e-05 +2.0525707863814562e-05 -8.6272263705743196e-06
119.50000000 +5.0000000000000000e+00 +2.0000032263176819e+00 +1.8791062264529861e-03 +9.9989027291190635e-01 +1.0000070600205904e+00 +9.9999758747466638e-01 +1.0000001910546710e+00 +9.9999895047756859e-01 +6.2623993578282068e-05 -1.3226448675198303e-06 +3.6981554626136512e-05 +1.4639686886279416e-05 -6.9845280351933742e-06
120.00000000 +5.0000000000000000e+00 +2.0000020480319138e+00 +1.8793113147084800e-03 +9.9988886503702257e-01 +1.0000079581353776e+00 +9.9999738401906524e-01 +1.0000003904782739e+00 +9.9999904776514947e-01 +6.2602227563865397e-05 +3.5313653144534717e-06 +3.6809087612459421e-05 +8.7537376024144993e-06 -5.3418497084181054e-06
120.50000000 +5.0000000000000000e+00 +2.0000008697604965e+00 +1.8795164004659468e-03 +9.9988745717928695e-01 +1.0000088562392253e+00 +9.9999718056594233e-01 +1.0000005898994477e+00 +9.9999914505154530e-01 +6.2580461814564319e-05 +8.3853163733473199e-06 +3.6636622699474449e-05 +2.8678600109099481e-06 -3.6991913898829510e-06
121.00000000 +5.0000000000000000e+00 +1.9999996915034319e+00 +1.8797214837254317e-03 +9.9988604933869929e-01 +1.0000097543321340e+00 +9.9999697711529756e-01 +1.0000007893181926e+00 +9.9999924233675608e-01 +6.2558696330373983e-05 +1.3239208310241916e-05 +3.6464159887143213e-05 -3.0179458895440893e-06 -2.0565530792223505e-06
121.50000000 +5.0000000000000000e+00 +2.0000012610696833e+00 +1.8739681586916049e-03 +9.9990146228749854e-01 +1.0000087661592514e+00 +9.9999726047118642e-01 +1.0000005591628705e+00 +9.9999995537127717e-01 +5.3990379489843531e-05 +1.4599289332448954e-05 +3.3030818945945021e-05 -2.7757951669271828e-06 -6.8481390237652836e-06
122.00000000 +5.0000000000000000e+00 +2.0000028306494313e+00 +1.8682147841900887e-03 +9.9991687536881990e-01 +1.0000077779778727e+00 +9.9999754382951167e-01 +1.0000003290055692e+00 +1.0000006684119294e+00 +4.5421988978029906e-05 +1.5959382048774687e-05 +2.9597448484522802e-05 -2.5336423622730710e-06 -1.1639766166864666e-05
122.50000000 +5.0000000000000000e+00 +2.0000044002426733e+00 +1.8624613602202446e-03 +9.9993228858266514e-01 +1.0000067897879970e+00 +9.9999782719027297e-01 +1.0000000988462889e+00 +1.0000013814587119e+00 +3.6853524793982929e-05 +1.7319486459369932e-05 +2.6164048502495811e-05 -2.2914874755548985e-06 -1.6431434509051832e-05
123.00000000 +5.0000000000000000e+00 +2.0000059698494117e+00 +1.8567078867814356e-03 +9.9994770192903615e-01 +1.0000058015896249e+00 +9.9999811055347110e-01 +9.9999986868503021e-01 +1.0000020945116255e+00 +2.8284986936752452e-05 +1.8679602564385522e-05 +2.2730618999483324e-05 -2.0493305067458154e-06 -2.1223144050858163e-05
123.50000000 +5.0000000000000000e+00 +2.0000075394696459e+00 +1.8509543638730221e-03 +9.9996311540793403e-01 +1.0000048133827559e+00 +9.9999839391910539e-01 +9.9999963852179197e-01 +1.0000028075706702e+00 +1.9716375405388283e-05 +2.0039730363972269e-05 +1.9297159975104593e-05 -1.8071714558189667e-06 -2.6014894792814999e-05
124.00000000 +5.0000000000000000e+00 +2.0000091091033769e+00 +1.8452007914943681e-03 +9.9997852901936135e-01 +1.0000038251673906e+00 +9.9999867728717629e-01 +9.9999940835657497e-01 +1.0000035206358462e+00 +1.1147690198940229e-05 +2.1399869858281023e-05 +1.5863671428978883e-05 -1.5650103227474994e-06 -3.0806686735453723e-05
124.50000000 +5.0000000000000000e+00 +2.0000106787506025e+00 +1.8394471696448337e-03 +9.9999394276331910e-01 +1.0000028369435277e+00 +9.9999896065768346e-01 +9.9999917818937900e-01 +1.0000042337071529e+00 +2.5789313164580425e-06 +2.2760021047462596e-05 +1.2430153360725418e-05 -1.3228471075045578e-06 -3.5598519879305729e-05
125.00000000 +5.0000000000000000e+00 +2.0000122484113252e+00 +1.8336934983237813e-03 +1.0000093566398092e+00 +1.0000018487111679e+00 +9.9999924403062723e-01 +9.9999894802020384e-01 +1.0000049467845908e+00 -5.9899012430084953e-06 +2.4120183931667836e-05 +8.9966057699634488e-06 -1.0806818100632881e-06 -4.0390394224902388e-05
125.50000000 +5.0000000000000000e+00 +2.0000138180855447e+00 +1.8279397775305733e-03 +1.0000247706488334e+00 +1.0000008604703110e+00 +9.9999952740600750e-01 +9.9999871784904948e-01 +1.0000056598681604e+00 -1.4558807480409638e-05 +2.5480358511047563e-05 +5.5630286563122076e-06 -8.3851443039683508e-07 -4.5182309772775108e-05
126.00000000 +5.0000000000000000e+00 +2.0000153877732600e+00 +1.8221860072645715e-03 +1.0000401847903935e+00 +9.9999987222095665e-01 +9.9999981078382438e-01 +9.9999848767591626e-01 +1.0000063729578608e+00 -2.3127787396695636e-05 +2.6840544785752636e-05 +2.1294220193909225e-06 -5.9634496847834298e-07 -4.9974266523455303e-05
126.50000000 +5.0000000000000000e+00 +2.0000169574744731e+00 +1.8164321875251382e-03 +1.0000555990644913e+00 +9.9999888396310532e-01 +1.0000000941640781e+00 +9.9999825750080384e-01 +1.0000070860536934e+00 -3.1696840992816818e-05 +2.8200742755933897e-05 -1.3042141411811955e-06 -3.5417342428095536e-07 -5.4766264477474410e-05
127.00000000 +5.0000000000000000e+00 +2.0000135686503651e+00 +1.8218058248704882e-03 +1.0000419891180157e+00 +9.9999801427326984e-01 +9.9999993447681257e-01 +9.9999808080747332e-01 +1.0000063937715284e+00 -3.0730023850029040e-05 +2.5468531833961498e-05 +5.8416702013316635e-06 +2.3131895726391160e-06 -4.7305818638688341e-05
127.50000000 +5.0000000000000000e+00 +2.0000101800408627e+00 +1.8271791219159916e-03 +1.0000283800334262e+00 +9.9999714463851019e-01 +9.9999977479965974e-01 +9.9999790412533263e-01 +1.0000057015332042e+00 -2.9763267933502871e-05 +2.2736493936497288e-05 +1.2987102011752664e-05 +4.9803836517179670e-06 -3.9845845252435775e-05
128.00000000 +5.0000000000000000e+00 +2.0000067916459465e+00 +1.8325520786939727e-03 +1.0000147718106409e+00 +9.9999627505882061e-01 +9.9999961513261859e-01 +9.9999772745438043e-01 +1.0000050093387165e+00 -2.8796573237422499e-05 +2.0004629047105936e-05 +2.0132081333067129e-05 +7.6474088290008449e-06 -3.2386344273839151e-05
128.50000000 +5.0000000000000000e+00 +2.0000034034655956e+00 +1.8379246952367511e-03 +1.0000011644495772e+00 +9.9999540553419541e-01 +9.9999945547568792e-01 +9.9999755079461528e-01 +1.0000043171880608e+00 -2.7829939755972869e-05 +1.7272937149354172e-05 +2.7276608208254957e-05 +1.0314265120530965e-05 -2.4927315658026593e-05
129.00000000 +5.0000000000000000e+00 +2.0000000154997912e+00 +1.8432969715766446e-03 +9.9998755795015493e-01 +9.9999453606463073e-01 +9.9999929582886771e-01 +9.9999737414603718e-01 +1.0000036250812336e+00 -2.6863367483339694e-05 +1.4541418226810851e-05 +3.4420682680290606e-05 +1.2980952542349516e-05 -1.7468759360131954e-05
129.50000000 +5.0000000000000000e+00 +1.9999966277485104e+00 +1.8486689077459643e-03 +9.9997395231229080e-01 +9.9999366665012024e-01 +9.9999913619215552e-01 +9.9999719750864391e-01 +1.0000029330182303e+00 -2.5896856413709366e-05 +1.1810072263046863e-05 +4.1564304792143046e-05 +1.5647471110495644e-05 -1.0010675335294727e-05
130.00000000 +5.0000000000000000e+00 +1.9999932402117344e+00 +1.8540405037770192e-03 +9.9996034753590335e-01 +9.9999279729065926e-01 +9.9999897656555159e-01 +9.9999702088243536e-01 +1.0000022409990468e+00 -2.4930406541269057e-05 +9.0788992416352058e-06 +4.8707474586775877e-05 +1.8313820841006479e-05 -2.5530635386600786e-06
130.50000000 +5.0000000000000000e+00 +1.9999898528894411e+00 +1.8594117597021122e-03 +9.9994674362091052e-01 +9.9999192798624170e-01 +9.9999881694905413e-01 +9.9999684426740931e-01 +1.0000015490236784e+00 -2.3964017860206637e-05 +6.3478991461509420e-06 +5.5850192107147175e-05 +2.0980001749917098e-05 +4.9040760746211136e-06
131.00000000 +5.0000000000000000e+00 +1.9999864657816129e+00 +1.8647826755535451e-03 +9.9993314056723137e-01 +9.9999105873686356e-01 +9.9999865734266280e-01 +9.9999666766356587e-01 +1.0000008570921222e+00 -2.2997690364710762e-05 +3.6170719601712307e-06 +6.2992457396209676e-05 +2.3646013853260580e-05 +1.2360743549392306e-05
131.50000000 +5.0000000000000000e+00 +1.9999830788882274e+00 +1.8701532513636123e-03 +9.9991953837478309e-01 +9.9999018954251861e-01 +9.9999849774637661e-01 +9.9999649107090327e-01 +1.0000001652043728e+00 -2.2031424048970782e-05 +8.8641766727530130e-07 +7.0134270496910559e-05 +2.6311857167067928e-05 +1.9816938930491270e-05
132.00000000 +5.0000000000000000e+00 +1.9999796922092650e+00 +1.8755234871646062e-03 +9.9990593704348452e-01 +9.9998932040320221e-01 +9.9999833816019390e-01 +9.9999631448942072e-01 +9.9999947336042661e-01 -2.1065218907176798e-05 -1.8440637489555432e-06 +7.7275631452191691e-05 +2.8977531707368171e-05 +2.7272662262750122e-05
132.50000000 +5.0000000000000000e+00 +1.9999797249655729e+00 +1.8762761021744220e-03 +9.9990345395260372e-01 +9.9999159834386120e-01 +9.9999801502039098e-01 +9.9999558926007925e-01 +9.9999869761160920e-01 -1.9709019830183289e-05 -4.4464688013871054e-06 +7.7035343300310105e-05 +3.5306872964378455e-05 +2.4459084910676517e-05
133.00000000 +5.0000000000000000e+00 +1.9999797577240674e+00 +1.8770287674200166e-03 +9.9990097069598083e-01 +9.9999387643656901e-01 +9.9999769185901866e-01 +9.9999486398232951e-01 +9.9999792181101133e-01 -1.8352730229194945e-05 -7.0490475599548221e-06 +7.6795039109600743e-05 +4.1636636694213674e-05 +2.1645319757072874e-05
133.50000000 +5.0000000000000000e+00 +1.9999797904847481e+00 +1.8777814829064204e-03 +9.9989848727359920e-01 +9.9999615468134040e-01 +9.9999736867607536e-01 +9.9999413865616760e-01 +9.9999714595862865e-01 -1.6996350095147982e-05 -9.6518000420511604e-06 +7.6554718878457697e-05 +4.7966822939174292e-05 +1.8831366783135422e-05
134.00000000 +5.0000000000000000e+00 +1.9999798232476160e+00 +1.8785342486386638e-03 +9.9989600368544207e-01 +9.9999843307819125e-01 +9.9999704547155843e-01 +9.9999341328158786e-01 +9.9999637005445574e-01 -1.5639879418977392e-05 -1.2254726265070913e-05 +7.6314382605274870e-05 +5.4297431741566365e-05 +1.6017225970057871e-05
134.50000000 +5.0000000000000000e+00 +1.9999798560126705e+00 +1.8792870646217774e-03 +9.9989351993149322e-01 +1.0000007116271359e+00 +9.9999672224546599e-01 +9.9999268785858553e-01 +9.9999559409848704e-01 -1.4283318191616979e-05 -1.4857826246411185e-05 +7.6074030288445909e-05 +6.0628463143701616e-05 +1.3202897299031418e-05
135.00000000 +5.0000000000000000e+00 +1.9999798887799134e+00 +1.8800399308607947e-03 +9.9989103601173612e-01 +1.0000029903281908e+00 +9.9999639899779624e-01 +9.9999196238715649e-01 +9.9999481809071833e-01 -1.2926666403999321e-05 -1.7461100003471420e-05 +7.5833661926364351e-05 +6.6959917187897456e-05 +1.0388380751244762e-05
135.50000000 +5.0000000000000000e+00 +1.9999799215493428e+00 +1.8807928473607467e-03 +9.9988855192615345e-01 +1.0000052691813706e+00 +9.9999607572854654e-01 +9.9999123686729507e-01 +9.9999404203114339e-01 -1.1569924047055784e-05 -2.0064547553653361e-05 +7.5593277517423314e-05 +7.3291793916476872e-05 +7.5736763078840624e-06
136.00000000 +5.0000000000000000e+00 +1.9999799543209604e+00 +1.8815458141266674e-03 +9.9988606767472932e-01 +1.0000075481866899e+00 +9.9999575243771466e-01 +9.9999051129899674e-01 +9.9999326591975712e-01 -1.0213091111716530e-05 -2.2668168914361099e-05 +7.5352877060015915e-05 +7.9624093371768578e-05 +4.7587839501329923e-06
136.50000000 +5.0000000000000000e+00 +1.9999799870947659e+00 +1.8822988311635908e-03 +9.9988358325744686e-01 +1.0000098273441647e+00 +9.9999542912529849e-01 +9.9998978568225649e-01 +9.9999248975655497e-01 -8.8561675889105068e-06 -2.5271964103001039e-05 +7.5112460552534920e-05 +8.5956815596106875e-05 +1.9437036591727040e-06
137.00000000 +5.0000000000000000e+00 +1.9999800198707594e+00 +1.8830518984765507e-03 +9.9988109867428920e-01 +1.0000121066538101e+00 +9.9999510579129636e-01 +9.9998906001706978e-01 +9.9999171354153127e-01 -7.4991534695654570e-06 -2.7875933136981896e-05 +7.4872027993372944e-05 +9.2289960631831728e-05 -8.7156458381816025e-07
137.50000000 +5.0000000000000000e+00 +1.9999800526489420e+00 +1.8838050160705840e-03 +9.9987861392524036e-01 +1.0000143861156414e+00 +9.9999478243570561e-01 +9.9998833430343181e-01 +9.9999093727468125e-01 -6.1420487446079016e-06 -3.0480076033714748e-05 +7.4631579380922386e-05 +9.8623528521288848e-05 -3.6870207976634834e-06
138.00000000 +5.0000000000000000e+00 +1.9999819031423549e+00 +1.8779502917386798e-03 +9.9989371593131970e-01 +1.0000130224291179e+00 +9.9999629781607691e-01 +9.9999022421876782e-01 +9.9999245007437754e-01 -9.3631542718395268e-06 -2.5188705970862305e-05 +6.5345262408796846e-05 +9.1692633142681989e-05 -8.1964904283568887e-06
138.50000000 +5.0000000000000000e+00 +1.9999837534368201e+00 +1.8720961968509313e-03 +9.9990881631377504e-01 +1.0000116588892045e+00 +9.9999781303352853e-01 +9.9999211393091791e-01 +9.9999396271143182e-01 -1.2583913496506882e-05 -1.9897904785684234e-05 +5.6059943812959474e-05 +8.4762482907884307e-05 -1.2705475243857684e-05
139.00000000 +5.0000000000000000e+00 +1.9999856035323704e+00 +1.8662427313058368e-03 +9.9992391507286860e-01 +1.0000102954958787e+00 +9.9999932808808767e-01 +9.9999400343991562e-01 +9.9999547518587073e-01 -1.5804326474453699e-05 -1.4607672386445019e-05 +4.6775623432415073e-05 +7.7833077696736115e-05 -1.7213975322345737e-05
139.50000000 +5.0000000000000000e+00 +1.9999874534290376e+00 +1.8603898950019153e-03 +9.9993901220886250e-01 +1.0000089322491161e+00 +1.0000008429797802e+00 +9.9999589274579304e-01 +9.9999698749772048e-01 -1.9024393261511693e-05 -9.3180086814288443e-06 +3.7492301106203040e-05 +7.0904417389103570e-05 -2.1721990741984096e-05
140.00000000 +5.0000000000000000e+00 +1.9999893031268534e+00 +1.8545376878377072e-03 +9.9995410772201732e-01 +1.0000075691488928e+00 +1.0000023577086317e+00 +9.9999778184858268e-01 +9.9999849964700649e-01 -2.2244113913500573e-05 -4.0289135789396319e-06 +2.8209976673397383e-05 +6.3976501864878606e-05 -2.6229521580918998e-05
140.50000000 +5.0000000000000000e+00 +1.9999911526258498e+00 +1.8486861097117774e-03 +9.9996920161259550e-01 +1.0000062061951858e+00 +1.0000038722746691e+00 +9.9999967074831786e-01 +1.0000000116337562e+00 -2.5463488486228064e-05 +1.2596130126989946e-06 +1.8928649973106752e-05 +5.7049331003979070e-05 -3.0736567917279906e-05
141.00000000 +5.0000000000000000e+00 +1.9999930019260594e+00 +1.8428351605227101e-03 +9.9998429388085852e-01 +1.0000048433879714e+00 +1.0000053866779191e+00 +1.0000015594450311e+00 +1.0000015234579949e+00 -2.8682517035489876e-05 +6.5475711851437040e-06 +9.6483208444743065e-06 +5.0122904686348573e-05 -3.5243129829179465e-05
141.50000000 +5.0000000000000000e+00 +1.9999948510275141e+00 +1.8369848401691116e-03 +9.9999938452706782e-01 +1.0000034807272256e+00 +1.0000069009184069e+00 +1.0000034479387554e+00 +1.0000030351197493e+00 -3.1901199617069746e-05 +1.1834961030031461e-05 +3.6898912667784418e-07 +4.3197222791956521e-05 -3.9749207394713553e-05
142.00000000 +5.0000000000000000e+00 +1.9999966999302456e+00 +1.8311351485496112e-03 +1.0000144735514851e+00 +1.0000021182129248e+00 +1.0000084149961594e+00 +1.0000053362295227e+00 +1.0000045466190450e+00 -3.5119536286739396e-05 +1.7121782638979534e-05 -8.9093453410702957e-06 +3.6272285200798133e-05 -4.4254800691961227e-05
142.50000000 +5.0000000000000000e+00 +1.9999985486342859e+00 +1.8252860855628584e-03 +1.0000295609543712e+00 +1.0000007558450454e+00 +1.0000099289112026e+00 +1.0000072243173665e+00 +1.0000060579559087e+00 -3.8337527100258571e-05 +2.2408036103585483e-05 -1.8186682719523197e-05 +2.9348091792894433e-05 -4.8759909798984771e-05
143.00000000 +5.0000000000000000e+00 +2.0000003971396683e+00 +1.8194376511075265e-03 +1.0000446467359885e+00 +9.9999939362356471e-01 +1.0000114426635629e+00 +1.0000091122023196e+00 +1.0000075691303667e+00 -4.1555172113375063e-05 +2.7693721515427236e-05 -2.7463023169399445e-05 +2.2424642448292218e-05 -5.3264534793829755e-05
143.50000000 +5.0000000000000000e+00 +1.9999988380474223e+00 +1.8308948410839280e-03 +1.0000161350132071e+00 +9.9999855977647589e-01 +1.0000097661713201e+00 +1.0000070777141228e+00 +1.0000042187005274e+00 -4.0576562709884235e-05 +1.9822191962243851e-05 -1.2429331637414275e-05 +3.7643119867844544e-05 -4.0216802248146979e-05
144.00000000 +5.0000000000000000e+00 +1.9999972789463056e+00 +1.8423520962517423e-03 +9.9998762312819423e-01 +9.9999772592464264e-01 +1.0000080896695382e+00 +1.0000050432143504e+00 +1.0000008682516246e+00 -3.9597947738105816e-05 +1.1950617620056432e-05 +2.6044454362773894e-06 +5.2861683880535088e-05 -2.7168995460864582e-05
144.50000000 +5.0000000000000000e+00 +1.9999957198363172e+00 +1.8538094166115245e-03 +9.9995911108094759e-01 +9.9999689206806441e-01 +1.0000064131582169e+00 +1.0000030087030010e+00 +9.9999751778365709e-01 -3.8619327197992229e-05 +4.0789984884827019e-06 +1.7638308052405639e-05 +6.8080334487102904e-05 -1.4121114431348878e-05
145.00000000 +5.0000000000000000e+00 +1.9999941607174574e+00 +1.8652668021638316e-03 +9.9993059887146707e-01 +9.9999605820674187e-01 +1.0000047366373561e+00 +1.0000009741800755e+00 +9.9999416729662560e-01 -3.7640701089495993e-05 -3.7926654328596225e-06 +3.2672256211700600e-05 +8.3299071688287092e-05 -1.0731591589662147e-06
145.50000000 +5.0000000000000000e+00 +1.9999926015897265e+00 +1.8767242529092207e-03 +9.9990208649975032e-01 +9.9999522434067456e-01 +1.0000030601069561e+00 +9.9999893964557340e-01 +9.9999081679052970e-01 -3.6662069412569553e-05 -1.1664374144352815e-05 +4.7706289914892379e-05 +9.8517895484826745e-05 +1.1974870356917057e-05
146.00000000 +5.0000000000000000e+00 +1.9999910424531240e+00 +1.8881817688482481e-03 +9.9987357396579679e-01 +9.9999439046986249e-01 +1.0000013835670167e+00 +9.9999690509949490e-01 +9.9998746626536950e-01 -3.5683432167165414e-05 -1.9536127646379171e-05 +6.2740409162711104e-05 +1.1373680587746099e-04 +2.5022974116934640e-05
146.50000000 +5.0000000000000000e+00 +1.9999894833076493e+00 +1.8996393499814690e-03 +9.9984506126960415e-01 +9.9999355659430533e-01 +9.9999970701753693e-01 +9.9999487054183900e-01 +9.9998411572114376e-01 -3.4704789353235999e-05 -2.7407925939320986e-05 +7.7774613955886894e-05 +1.2895580286692885e-04 +3.8071152121720197e-05
147.00000000 +5.0000000000000000e+00 +1.9999879241533034e+00 +1.9110969963094409e-03 +9.9981654841117173e-01 +9.9999272271400363e-01 +9.9999803045851776e-01 +9.9999283597260669e-01 +9.9998076515785361e-01 -3.3726140970733827e-05 -3.5279769023560549e-05 +9.2808904295149921e-05 +1.4417488645396956e-04 +5.1119404371907422e-05
147.50000000 +5.0000000000000000e+00 +1.9999863649900860e+00 +1.9225547078327203e-03 +9.9978803539049788e-01 +9.9999188882895707e-01 +9.9999635388995900e-01 +9.9999080139179730e-01 +9.9997741457549838e-01 -3.2747487019611336e-05 -4.3151656899480172e-05 +1.0784328018123033e-04 +1.5939405663932212e-04 +6.4167730868130025e-05
148.00000000 +5.0000000000000000e+00 +1.9999848058179968e+00 +1.9340124845518638e-03 +9.9975952220758157e-01 +9.9999105493916551e-01 +9.9999467731186042e-01 +9.9998876679941129e-01 +9.9997406397407806e-01 -3.1768827499821037e-05 -5.1023589567462141e-05 +1.2287774161485825e-04 +1.7461331342372578e-04 +7.7216131611021696e-05
148.50000000 +5.0000000000000000e+00 +1.9999832466370346e+00 +1.9454703264674264e-03 +9.9973100886242050e-01 +9.9999022104462887e-01 +9.9999300072422137e-01 +9.9998673219544765e-01 +9.9997071335359200e-01 -3.0790162411315342e-05 -5.8895567027888779e-05 +1.3791228859676385e-04 +1.8983265680791957e-04 +9.0264606601216132e-05
149.00000000 +5.0000000000000000e+00 +1.9999816580014744e+00 +1.9399426081851549e-03 +9.9974326462812890e-01 +9.9999128936070425e-01 +9.9999190332289212e-01 +9.9998820394940824e-01 +9.9997397345736783e-01 -2.5703987554169724e-05 -5.0292279133207825e-05 +1.2772881641300466e-04 +1.7666061093068295e-04 +8.2972124256584573e-05
149.50000000 +5.0000000000000000e+00 +1.9999800695027030e+00 +1.9344153658641832e-03 +9.9975551933856077e-01 +9.9999235758479277e-01 +9.9999080601605395e-01 +9.9998967557664420e-01 +9.9997723328043420e-01 -2.0618250639457598e-05 -4.1689732020144221e-05 +1.1754622107180689e-04 +1.6348969922558697e-04 +7.5680269827342091e-05
150.00000000 +5.0000000000000000e+00 +1.9999784811407024e+00 +1.9288885994430409e-03 +9.9976777299385289e-01 +9.9999342571690641e-01 +9.9998970880369487e-01 +9.9999114707717196e-01 +9.9998049282282730e-01 -1.5532951610618216e-05 -3.3087925593025128e-05 +1.0736450245992534e-04 +1.5031992154615213e-04 +6.8389043232392681e-05
150.50000000 +5.0000000000000000e+00 +1.9999768929154551e+00 +1.9233623088602666e-03 +9.9978002559414136e-01 +9.9999449375705718e-01 +9.9998861168580255e-01 +9.9999261845100784e-01 +9.9998375208458334e-01 -1.0448090411100514e-05 -2.4486859756194249e-05 +9.7183660464134265e-05 +1.3715127774592385e-04 +6.1098444390654297e-05
151.00000000 +5.0000000000000000e+00 +1.9999753048269435e+00 +1.9178364940544111e-03 +9.9979227713956198e-01 +9.9999556170525661e-01 +9.9998751466236468e-01 +9.9999408969816839e-01 +9.9998701106573851e-01 -5.3636669843632201e-06 -1.5886534414011697e-05 +8.7003694971227397e-05 +1.2398376767847299e-04 +5.3808473221058860e-05
151.50000000 +5.0000000000000000e+00 +1.9999737168751495e+00 +1.9123111549640347e-03 +9.9980452763025118e-01 +9.9999662956151647e-01 +9.9998641773336905e-01 +9.9999556081866936e-01 +9.9999026976632899e-01 -2.7968127387476765e-07 -7.2869494708541012e-06 +7.6824605868018050e-05 +1.1081739119739556e-04 +4.6519129642552261e-05
152.00000000 +5.0000000000000000e+00 +1.9999721290600563e+00 +1.9067862915277097e-03 +9.9981677706634564e-01 +9.9999769732584920e-01 +9.9998532089880376e-01 +9.9999703181252775e-01 +9.9999352818639153e-01 +4.8038667768866771e-06 +1.3118951688854776e-06 +6.6646393041338921e-05 +9.7652148156312799e-05 +3.9230413574094339e-05
152.50000000 +5.0000000000000000e+00 +1.9999705413816455e+00 +1.9012619036840180e-03 +9.9982902544798080e-01 +9.9999876499826634e-01 +9.9998422415865651e-01 +9.9999850267975965e-01 +9.9999678632596178e-01 +9.8869772244332031e-06 +9.9099996007974987e-06 +5.6469056378042260e-05 +8.4488038408871063e-05 +3.1942324934658898e-05
153.00000000 +5.0000000000000000e+00 +1.9999689538399001e+00 +1.8957379913715510e-03 +9.9984127277529355e-01 +9.9999983257877989e-01 +9.9998312751291507e-01 +9.9999997342038149e-01 +1.0000000441850763e+00 +1.4969650125267177e-05 +1.8507363920455976e-05 +4.6292595764999776e-05 +7.1325061808742029e-05 +2.4654863643233668e-05
153.50000000 +5.0000000000000000e+00 +1.9999673664348014e+00 +1.8902145545289125e-03 +9.9985351904841935e-01 +1.0000009000674015e+00 +9.9998203096156690e-01 +1.0000014440344094e+00 +1.0000033017637706e+00 +2.0051885535881234e-05 +2.7103988223418452e-05 +3.6117011089102638e-05 +5.8163218209622455e-05 +1.7368029618820340e-05
154.00000000 +5.0000000000000000e+00 +1.9999657791663330e+00 +1.8846915930947161e-03 +9.9986576426749485e-01 +1.0000019674641432e+00 +9.9998093450460046e-01 +1.0000029145218601e+00 +1.0000065590620819e+00 +2.5133683512758303e-05 +3.5699872605226064e-05 +2.5942302237261504e-05 +4.5002507465234345e-05 +1.0081822780434537e-05
154.50000000 +5.0000000000000000e+00 +1.9999659865251596e+00 +1.8816510713201354e-03 +9.9987435780938050e-01 +1.0000010684771015e+00 +9.9998566208750339e-01 +1.0000050397310187e+00 +1.0000070832464585e+00 +2.2096189651977008e-05 +3.1239020275211486e-05 +2.2278381317223852e-05 +4.3188549309889859e-05 +7.9865155742949128e-06
155.00000000 +5.0000000000000000e+00 +1.9999661938669924e+00 +1.8786107987269398e-03 +9.9988295064699517e-01 +1.0000001695637348e+00 +9.9999038928296435e-01 +1.0000071647660089e+00 +1.0000076073878759e+00 +1.9058944724433211e-05 +2.6778533527635405e-05 +1.8614760668310483e-05 +4.1374739814755729e-05 +5.8913800859036322e-06
155.50000000 +5.0000000000000000e+00 +1.9999664011918323e+00 +1.8755707752844992e-03 +9.9989154278042569e-01 +9.9999927072403416e-01 +9.9999511609103109e-01 +1.0000092896268522e+00 +1.0000081314863400e+00 +1.6021948699526752e-05 +2.2318412317558516e-05 +1.4951440253610512e-05 +3.9561078961557863e-05 +3.7964162941522586e-06
156.00000000 +5.0000000000000000e+00 +1.9999666084996839e+00 +1.8725310009621882e-03 +9.9990013420975865e-01 +9.9999837195799057e-01 +9.9999984251175100e-01 +1.0000114143135701e+00 +1.0000086555418561e+00 +1.2985201546662472e-05 +1.7858656600048896e-05 +1.1288420036219090e-05 +3.7747566732025190e-05 +1.7016241779358101e-06
156.50000000 +5.0000000000000000e+00 +1.9999668157905481e+00 +1.8694914757293860e-03 +9.9990872493508065e-01 +9.9999747326559518e-01 +1.0000045685451722e+00 +1.0000135388261842e+00 +1.0000091795544295e+00 +9.9487032352502331e-06 +1.3399266330181972e-05 +7.6256999792374315e-06 +3.5934203107889596e-05 -3.9299628384723253e-07
157.00000000 +5.0000000000000000e+00 +1.9999670230644258e+00 +1.8664521995554759e-03 +9.9991731495647751e-01 +9.9999657464683833e-01 +1.0000092941913412e+00 +1.0000156631647148e+00 +1.0000097035240647e+00 +6.9124537347049038e-06 +8.9402414630405421e-06 +3.9632800457727890e-06 +3.4120988070885966e-05 -2.4874451122949308e-06
157.50000000 +5.0000000000000000e+00 +1.9999672303213210e+00 +1.8634131724098492e-03 +9.9992590427403671e-01 +9.9999567610171147e-01 +1.0000140194503069e+00 +1.0000177873291844e+00 +1.0000102274507676e+00 +3.8764530144463721e-06 +4.4815819537147616e-06 +3.0116019893846270e-07 +3.2307921602752217e-05 -4.5817223285018960e-06
158.00000000 +5.0000000000000000e+00 +1.9999674375612349e+00 +1.8603743942618991e-03 +9.9993449288784420e-01 +9.9999477763020550e-01 +1.0000187443221160e+00 +1.0000199113196142e+00 +1.0000107513345438e+00 +8.4070104389953388e-07 +2.3287757302144337e-08 -3.3606595981462013e-06 +3.0495003685229214e-05 -6.6758279535592710e-06
158.50000000 +5.0000000000000000e+00 +1.9999676447841690e+00 +1.8573358650810249e-03 +9.9994308079798633e-01 +9.9999387923231098e-01 +1.0000234688068164e+00 +1.0000220351360254e+00 +1.0000112751753980e+00 -2.1948022075057030e-06 -4.4346411710924344e-06 -7.0221793823558125e-06 +2.8682234300060830e-05 -8.7697620085547512e-06
159.00000000 +5.0000000000000000e+00 +1.9999678519901267e+00 +1.8542975848366318e-03 +9.9995166800455060e-01 +9.9999298090801969e-01 +1.0000281929044557e+00 +1.0000241587784395e+00 +1.0000117989733357e+00 -5.2300567703344203e-06 -8.8922048763567437e-06 -1.0683399190558941e-05 +2.6869613428993941e-05 -1.0863524514572574e-05
159.50000000 +5.0000000000000000e+00 +1.9999680591791094e+00 +1.8512595534981291e-03 +9.9996025450762216e-01 +9.9999208265732176e-01 +1.0000329166150816e+00 +1.0000262822468780e+00 +1.0000123227283624e+00 -8.2650626751467037e-06 -1.3349403403371209e-05 -1.4344319059618119e-05 +2.5057141053778396e-05 -1.2957115492693522e-05
160.00000000 +5.0000000000000000e+00 +1.9999651314673610e+00 +1.8623392532828896e-03 +9.9993110339345592e-01 +9.9999063694957058e-01 +1.0000304436854177e+00 +1.0000243753073275e+00 +1.0000107953076189e+00 -2.0418980120191958e-07 -4.3401007509637462e-06 -8.9432559553946513e-06 +2.4223280503778643e-05 +1.9096181036026237e-06
160.50000000 +5.0000000000000000e+00 +1.9999622041515173e+00 +1.8734174547989043e-03 +9.9990195622129185e-01 +9.9998919143731702e-01 +1.0000279710901592e+00 +1.0000224686256454e+00 +1.0000092680934234e+00 +7.8555930293189975e-06 +4.6679836052041576e-06 -3.5429232178958176e-06 +2.3389532713801676e-05 +1.6774341323920332e-05
161.00000000 +5.0000000000000000e+00 +1.9999592772314974e+00 +1.8844941583500616e-03 +9.9987281299033093e-01 +9.9998774612052199e-01 +1.0000254988292387e+00 +1.0000205622017801e+00 +1.0000077410857338e+00 +1.5914286037505189e-05 +1.3674849912234652e-05 +1.8566793010157344e-06 +2.2555897660976835e-05 +3.1637054576016113e-05
161.50000000 +5.0000000000000000e+00 +1.9999563507072204e+00 +1.8955693642401671e-03 +9.9984367369977323e-01 +9.9998630099914554e-01 +1.0000230269025878e+00 +1.0000186560356790e+00 +1.0000062142845079e+00 +2.3971889444386027e-05 +2.2680498417163078e-05 +7.2555517494373187e-06 +2.1722375322439634e-05 +4.6497758267536223e-05
162.00000000 +5.0000000000000000e+00 +1.9999534245786070e+00 +1.9066430727729437e-03 +9.9981453834882028e-01 +9.9998485607314824e-01 +1.0000205553101393e+00 +1.0000167501272894e+00 +1.0000046876897040e+00 +3.2028403470931089e-05 +3.1684929366957954e-05 +1.2653694275426182e-05 +2.0888965675331783e-05 +6.1356452806016681e-05
162.50000000 +5.0000000000000000e+00 +1.9999504988455770e+00 +1.9177152842520331e-03 +9.9978540693667262e-01 +9.9998341134249014e-01 +1.0000180840518249e+00 +1.0000148444765593e+00 +1.0000031613012805e+00 +4.0083828338050226e-05 +4.0688143008521035e-05 +1.8051107026999544e-05 +2.0055668696801155e-05 +7.6213138598883317e-05
163.00000000 +5.0000000000000000e+00 +1.9999475735080494e+00 +1.9287859989809948e-03 +9.9975627946253176e-01 +9.9998196680713181e-01 +1.0000156131275773e+00 +1.0000129390834367e+00 +1.0000016351191954e+00 +4.8138164266593579e-05 +4.9690139588687350e-05 +2.3447790152134631e-05 +1.9222484364001818e-05 +9.1067816053451837e-05
163.50000000 +5.0000000000000000e+00 +1.9999446485659444e+00 +1.9398552172633066e-03 +9.9972715592559958e-01 +9.9998052246703406e-01 +1.0000131425373284e+00 +1.0000110339478692e+00 +1.0000001091434065e+00 +5.6191411477351559e-05 +5.8690919354225156e-05 +2.8843743798768634e-05 +1.8389412654094017e-05 +1.0592048557692782e-04
164.00000000 +5.0000000000000000e+00 +1.9999417240191826e+00 +1.9509229394023627e-03 +9.9969803632507759e-01 +9.9997907832215682e-01 +1.0000106722810111e+00 +1.0000091290698048e+00 +9.9999858337387293e-01 +6.4243570191054882e-05 +6.7690482551836025e-05 +3.4238968114798763e-05 +1.7556453544244156e-05 +1.2077114757640670e-04
164.50000000 +5.0000000000000000e+00 +1.9999387998676830e+00 +1.9619891657014763e-03 +9.9966892066016755e-01 +9.9997763437246046e-01 +1.0000082023585570e+00 +1.0000072244491911e+00 +9.9999705781055181e-01 +7.2294640628374631e-05 +7.6688829428154842e-05 +3.9633463248082233e-05 +1.6723607011624818e-05 +1.3561980245887394e-04
165.00000000 +5.0000000000000000e+00 +1.9999358761113650e+00 +1.9730538964638799e-03 +9.9963980893007198e-01 +9.9997619061790577e-01 +1.0000057327698986e+00 +1.0000053200859755e+00 +9.9999553245340189e-01 +8.0344623009922218e-05 +8.5685960229749816e-05 +4.5027229346436347e-05 +1.5890873033414759e-05 +1.5046645063120505e-04
165.50000000 +5.0000000000000000e+00 +1.9999388145002255e+00 +1.9675792680057518e-03 +9.9965681338253098e-01 +9.9997604540341234e-01 +1.0000063621802602e+00 +1.0000052836301556e+00 +9.9999441916874954e-01 +8.1850741492213018e-05 +8.2536917202001196e-05 +3.4796538900823580e-05 +2.4642165755022283e-05 +1.3724986477888382e-04
166.00000000 +5.0000000000000000e+00 +1.9999417529623993e+00 +1.9621045029557275e-03 +9.9967381825925139e-01 +9.9997590018529625e-01 +1.0000069916063261e+00 +1.0000052471734269e+00 +9.9999330585632118e-01 +8.3356897552137017e-05 +7.9387795605677061e-05 +2.4565593199640121e-05 +3.3393676821249860e-05 +1.2403294917294699e-04
166.50000000 +5.0000000000000000e+00 +1.9999446914978878e+00 +1.9566296013086948e-03 +9.9969082356024797e-01 +9.9997575496355673e-01 +1.0000076210480959e+00 +1.0000052107157877e+00 +9.9999219251611471e-01 +8.4863091191100573e-05 +7.6238595437836852e-05 +1.4334392233332884e-05 +4.2145406240269109e-05 +1.1081570380105341e-04
167.00000000 +5.0000000000000000e+00 +1.9999476301066950e+00 +1.9511545630595411e-03 +9.9970782928553736e-01 +9.9997560973819377e-01 +1.0000082505055710e+00 +1.0000051742572393e+00 +9.9999107914813012e-01 +8.6369322410510073e-05 +7.3089316695540036e-05 +4.1029359923483400e-06 +5.0897354020252116e-05 +9.7598128650861214e-05
167.50000000 +5.0000000000000000e+00 +1.9999505687888228e+00 +1.9456793882031533e-03 +9.9972483543513491e-01 +9.9997546450920693e-01 +1.0000088799787512e+00 +1.0000051377977810e+00 +9.9998996575236587e-01 +8.7875591211772052e-05 +6.9939959375845811e-05 -6.1287755328674992e-06 +5.9649520169371306e-05 +8.4380223710028030e-05
168.00000000 +5.0000000000000000e+00 +1.9999535075442747e+00 +1.9402040767344199e-03 +9.9974184200905736e-01 +9.9997531927659711e-01 +1.0000095094676380e+00 +1.0000051013374132e+00 +9.9998885232882118e-01 +8.9381897596293072e-05 +6.6790523475813345e-05 -1.6360742351869117e-05 +6.8401904695799569e-05 +7.1161988966210850e-05
168.50000000 +5.0000000000000000e+00 +1.9999564463730526e+00 +1.9347286286482269e-03 +9.9975884900731959e-01 +9.9997517404036329e-01 +1.0000101389722311e+00 +1.0000050648761352e+00 +9.9998773887749459e-01 +9.0888241565479752e-05 +6.3641008992501496e-05 -2.6592964474211486e-05 +7.7154507607710179e-05 +5.7943424407066027e-05
169.00000000 +5.0000000000000000e+00 +1.9999593852751598e+00 +1.9292530439394614e-03 +9.9977585642993794e-01 +9.9997502880050515e-01 +1.0000107684925317e+00 +1.0000050284139479e+00 +9.9998662539838534e-01 +9.2394623120738842e-05 +6.0491415922969115e-05 -3.6825441909450040e-05 +8.5907328913276799e-05 +4.4724530020249302e-05
169.50000000 +5.0000000000000000e+00 +1.9999623242505999e+00 +1.9237773226030109e-03 +9.9979286427692871e-01 +9.9997488355702380e-01 +1.0000113980285406e+00 +1.0000049919508509e+00 +9.9998551189149287e-01 +9.3901042263477136e-05 +5.7341744264274870e-05 -4.7058174667140705e-05 +9.4660368620673595e-05 +3.1505305793415807e-05
170.00000000 +5.0000000000000000e+00 +1.9999652632993741e+00 +1.9183014646337597e-03 +9.9980987254830722e-01 +9.9997473830991779e-01 +1.0000120275802578e+00 +1.0000049554868440e+00 +9.9998439835681541e-01 +9.5407498995101427e-05 +5.4191994013477245e-05 -5.7291162756839843e-05 +1.0341362673807497e-04 +1.8285751714220068e-05
170.50000000 +5.0000000000000000e+00 +1.9999682024214855e+00 +1.9128254700265944e-03 +9.9982688124408914e-01 +9.9997459305918723e-01 +1.0000126571476835e+00 +1.0000049190219267e+00 +9.9998328479435195e-01 +9.6913993317018657e-05 +5.1042165167634605e-05 -6.7524406188104323e-05 +1.1216710327365585e-04 +5.0658677703159474e-06
171.00000000 +5.0000000000000000e+00 +1.9999631845038766e+00 +1.9206192667543677e-03 +9.9980688288935815e-01 +9.9997689281615276e-01 +1.0000102586850423e+00 +1.0000062761797994e+00 +9.9998265411615150e-01 +9.7714232264069421e-05 +4.0432729969888492e-05 -4.6670097254021201e-05 +1.2036461176620851e-04 +5.1938276778692333e-06
171.50000000 +5.0000000000000000e+00 +1.9999581666322475e+00 +1.9284129920659704e-03 +9.9978688471787636e-01 +9.9997919255204493e-01 +1.0000078602443789e+00 +1.0000076333252361e+00 +9.9998202344372999e-01 +9.8514463878365244e-05 +2.9823391988590938e-05 -2.5815979412283096e-05 +1.2856204514329577e-04 +5.3217864128994277e-06
172.00000000 +5.0000000000000000e+00 +1.9999531488065985e+00 +1.9362066459623832e-03 +9.9976688672964109e-01 +9.9998149226686450e-01 +1.0000054618256926e+00 +1.0000089904582370e+00 +9.9998139277708775e-01 +9.9314688160006916e-05 +1.9214151222405721e-05 -4.9620526602635409e-06 +1.3675940340595003e-04 +5.4497439754226462e-06
172.50000000 +5.0000000000000000e+00 +1.9999481310269283e+00 +1.9440002284445883e-03 +9.9974688892464991e-01 +9.9998379196061138e-01 +1.0000030634289836e+00 +1.0000103475788025e+00 +9.9998076211622411e-01 +1.0011490510909519e-04 +8.6050076699966295e-06 +1.5891683004663973e-05 +1.4495668655520379e-04 +5.5777003654550036e-06
173.00000000 +5.0000000000000000e+00 +1.9999431132932366e+00 +1.9517937395135674e-03 +9.9972689130290016e-01 +9.9998609163328611e-01 +1.0000006650542514e+00 +1.0000117046869326e+00 +9.9998013146113951e-01 +1.0091511472573090e-04 -2.0040386699724787e-06 +3.6745227585125863e-05 +1.5315389459208943e-04 +5.7056555830126163e-06
173.50000000 +5.0000000000000000e+00 +1.9999380956055219e+00 +1.9595871791703010e-03 +9.9970689386438927e-01 +9.9998839128488848e-01 +9.9999826670149505e-01 +1.0000130617826273e+00 +9.9997950081183340e-01 +1.0171531701001477e-04 -1.2612987798837751e-05 +5.7598581083748461e-05 +1.6135102751763924e-04 +5.8336096281115959e-06
174.00000000 +5.0000000000000000e+00 +1.9999330779637854e+00 +1.9673805474157728e-03 +9.9968689660911503e-01 +9.9999069091541970e-01 +9.9999586837071541e-01 +1.0000144188658873e+00 +9.9997887016830611e-01 +1.0251551196204766e-04 -2.3221839717935323e-05 +7.8451743503158154e-05 +1.6954808533288577e-04 +5.9615625007680638e-06
174.50000000 +5.0000000000000000e+00 +1.9999280603680247e+00 +1.9751738442509619e-03 +9.9966689953707477e-01 +9.9999299052487900e-01 +9.9999347006191119e-01 +1.0000157759367121e+00 +9.9997823953055720e-01 +1.0331569958193026e-04 -3.3830594428601271e-05 +9.9304714845981152e-05 +1.7774506803886121e-04 +6.0895142009981298e-06
175.00000000 +5.0000000000000000e+00 +1.9999230428182400e+00 +1.9829670696768511e-03 +9.9964690264826583e-01 +9.9999529011326749e-01 +9.9999107177508251e-01 +1.0000171329951022e+00 +9.9997760889858700e-01 +1.0411587986976338e-04 -4.4439251932171670e-05 +1.2015749511484373e-04 +1.8594197563659797e-04 +6.2174647288179079e-06
175.50000000 +5.0000000000000000e+00 +1.9999180253144297e+00 +1.9907602236944209e-03 +9.9962690594268566e-01 +9.9999758968058505e-01 +9.9998867351022902e-01 +1.0000184900410578e+00 +9.9997697827239473e-01 +1.0491605282564781e-04 -5.5047812229982528e-05 +1.4101008431237203e-04 +1.9413880812712832e-04 +6.3454140842435145e-06
176.00000000 +5.0000000000000000e+00 +1.9999130078565952e+00 +1.9985533063046545e-03 +9.9960690942033237e-01 +9.9999988922683214e-01 +9.9998627526735062e-01 +1.0000198470745791e+00 +9.9997634765198140e-01 +1.0571621844968431e-04 -6.5656275323369947e-05 +1.6186248244119225e-04 +2.0233556551148461e-04 +6.4733622672910627e-06
176.50000000 +5.0000000000000000e+00 +1.9999182868479766e+00 +1.9885484547622146e-03 +9.9963241275959491e-01 +9.9999664679256484e-01 +9.9998877361657279e-01 +1.0000212945116915e+00 +9.9997743120767868e-01 +1.1321998175107009e-04 -6.7371332325254029e-05 +1.4287991903916085e-04 +1.8746171067547909e-04 +7.2508267841034022e-06
177.00000000 +5.0000000000000000e+00 +1.9999235658658656e+00 +1.9785435529836386e-03 +9.9965791622691480e-01 +9.9999340434201667e-01 +9.9999127197833959e-01 +1.0000227419560721e+00 +9.9997851476881716e-01 +1.2072378273018433e-04 -6.9086397938743978e-05 +1.2389726032230664e-04 +1.7258778115520636e-04 +8.0282952047031862e-06
177.50000000 +5.0000000000000000e+00 +1.9999288449102612e+00 +1.9685386009685468e-03 +9.9968341982229225e-01 +9.9999016187518774e-01 +9.9999377035265125e-01 +1.0000241894077202e+00 +9.9997959833539618e-01 +1.2822762138731082e-04 -7.0801472163904643e-05 +1.0491450628991171e-04 +1.5771377695010386e-04 +8.8057675291198195e-06
178.00000000 +5.0000000000000000e+00 +1.9999341239811641e+00 +1.9585335987165613e-03 +9.9970892354572838e-01 +9.9998691939207729e-01 +9.9999626873950787e-01 +1.0000256368666363e+00 +9.9998068190741585e-01 +1.3573149772273333e-04 -7.2516555000800886e-05 +8.5931656941258162e-05 +1.4283969805960911e-04 +9.5832437573826999e-06
178.50000000 +5.0000000000000000e+00 +1.9999394030785747e+00 +1.9485285462273044e-03 +9.9973442739722440e-01 +9.9998367689268608e-01 +9.9999876713890923e-01 +1.0000270843328209e+00 +9.9998176548487649e-01 +1.4323541173673571e-04 -7.4231646449497585e-05 +6.6948712275628110e-05 +1.2796554448315953e-04 +1.0360723889521231e-05
179.00000000 +5.0000000000000000e+00 +1.9999446822024922e+00 +1.9385234435003969e-03 +9.9975993137678087e-01 +9.9998043437701334e-01 +1.0000012655508557e+00 +1.0000285318062732e+00 +9.9998284906777812e-01 +1.5073936342960167e-04 -7.5946746510059587e-05 +4.7965672292303627e-05 +1.1309131622019264e-04 +1.1138207925564821e-05
179.50000000 +5.0000000000000000e+00 +1.9999499613529177e+00 +1.9285182905354613e-03 +9.9978543548439902e-01 +9.9997719184505940e-01 +1.0000037639753474e+00 +1.0000299792869936e+00 +9.9998393265612084e-01 +1.5824335280161507e-04 -7.7661855182551781e-05 +2.8982536990566804e-05 +9.8217013270145926e-05 +1.1915695865542870e-05
180.00000000 +5.0000000000000000e+00 +1.9999552405298511e+00 +1.9185130873321178e-03 +9.9981093972007973e-01 +9.9997394929682359e-01 +1.0000062624123840e+00 +1.0000314267749819e+00 +9.9998501624990410e-01 +1.6574737985305959e-04 -7.9376972467038991e-05 +9.9993063696997007e-06 +8.3342635632456801e-05 +1.2693187709484782e-05
180.50000000 +5.0000000000000000e+00 +1.9999605197332930e+00 +1.9085078338899894e-03 +9.9983644408382388e-01 +9.9997070673230615e-01 +1.0000087608619663e+00 +1.0000328742702389e+00 +9.9998609984912878e-01 +1.7325144458421921e-04 -8.1092098363586118e-05 -8.9840195710156157e-06 +6.8468183306562782e-05 +1.3470683457419967e-05
181.00000000 +5.0000000000000000e+00 +1.9999657989632429e+00 +1.8985025302086969e-03 +9.9986194857563271e-01 +9.9996746415150684e-01 +1.0000112593240937e+00 +1.0000343217727639e+00 +9.9998718345379412e-01 +1.8075554699537751e-04 -8.2807232872257985e-05 -2.7967440832297060e-05 +5.3593656291901297e-05 +1.4248183109377817e-05
181.50000000 +5.0000000000000000e+00 +1.9999710782197013e+00 +1.8884971762878622e-03 +9.9988745319550687e-01 +9.9996422155442566e-01 +1.0000137577987669e+00 +1.0000357692825570e+00 +9.9998826706390076e-01 +1.8825968708681849e-04 -8.4522375993119494e-05 -4.6950957414862616e-05 +3.8719054587909788e-05 +1.5025686665387747e-05
182.00000000 +5.0000000000000000e+00 +1.9999753004060379e+00 +1.8729235760129499e-03 +9.9992666441698730e-01 +9.9996776539910348e-01 +1.0000105618568251e+00 +1.0000329583287735e+00 +9.9998588127298293e-01 +1.7012328696813751e-04 -7.8135770645734073e-05 -5.0644618913534739e-05 +4.3174638208654582e-05 -8.3488209362742330e-06
182.50000000 +5.0000000000000000e+00 +1.9999795228544139e+00 +1.8573490092017883e-03 +9.9996587807201331e-01 +9.9997130946372137e-01 +1.0000073657165351e+00 +1.0000301472005348e+00 +9.9998349533399744e-01 +1.5198576125949421e-04 -7.1748768929784596e-05 -5.4338509649998257e-05 +4.7630498353966936e-05 -3.1724779217837312e-05
183.00000000 +5.0000000000000000e+00 +1.9999837455648535e+00 +1.8417734757643963e-03 +1.0000050941608118e+00 +9.9997485374829953e-01 +1.0000041693778789e+00 +1.0000273358978256e+00 +9.9998110924692973e-01 +1.3384710985610003e-04 -6.5361370808370500e-05 -5.8032629645594428e-05 +5.2086635049590336e-05 -5.5102188314354868e-05
183.50000000 +5.0000000000000000e+00 +1.9999879685373814e+00 +1.8261969756107814e-03 +1.0000443126836089e+00 +9.9997839825285828e-01 +1.0000009728408377e+00 +1.0000245244206287e+00 +9.9997872301176649e-01 +1.1570733265315328e-04 -5.8973576244586613e-05 -6.1726978921667182e-05 +5.6543048321271488e-05 -7.8481048360897070e-05
184.00000000 +5.0000000000000000e+00 +1.9999921917720216e+00 +1.8106195086509398e-03 +1.0000835336406313e+00 +9.9998194297741816e-01 +9.9999777610539275e-01 +1.0000217127689286e+00 +9.9997633662849394e-01 +9.7566429545839348e-05 -5.2585385201523204e-05 -6.5421557499563030e-05 +6.0999738194760273e-05 -1.0186135949255079e-04
184.50000000 +5.0000000000000000e+00 +1.9999964152687986e+00 +1.7950410747948565e-03 +1.0001227570321054e+00 +9.9998548792200004e-01 +9.9999457917152579e-01 +1.0000189009427085e+00 +9.9997395009709755e-01 +7.9424400429330648e-05 -4.6196797642265981e-05 -6.9116365400631228e-05 +6.5456704695809767e-05 -1.2524312184441971e-04
185.00000000 +5.0000000000000000e+00 +2.0000006390277369e+00 +1.7794616739525066e-03 +1.0001619828582584e+00 +9.9998903308662379e-01 +9.9999138203921867e-01 +1.0000160889419527e+00 +9.9997156341756466e-01 +6.1281245198786471e-05 -3.9807813529896030e-05 -7.2811402646223632e-05 +6.9913947850176283e-05 -1.4862633555162434e-04
185.50000000 +5.0000000000000000e+00 +2.0000048630488614e+00 +1.7638813060338520e-03 +1.0002012111193173e+00 +9.9999257847131029e-01 +9.9998818470845230e-01 +1.0000132767666445e+00 +9.9996917658988071e-01 +4.3136963749353171e-05 -3.3418432827489891e-05 -7.6506669257694743e-05 +7.4371467683619313e-05 -1.7201100074930182e-04
186.00000000 +5.0000000000000000e+00 +2.0000090873321961e+00 +1.7482999709488450e-03 +1.0002404418155078e+00 +9.9999612407608018e-01 +9.9998498717920870e-01 +1.0000104644167678e+00 +9.9996678961403240e-01 +2.4991555976164075e-05 -2.7028655498119484e-05 -8.0202165256401745e-05 +7.8829264221901479e-05 -1.9539711757260623e-04
186.50000000 +5.0000000000000000e+00 +2.0000133118777654e+00 +1.7327176686074259e-03 +1.0002796749470573e+00 +9.9999966990095368e-01 +9.9998178945146954e-01 +1.0000076518923064e+00 +9.9996440249000540e-01 +6.8450217743394918e-06 -2.0638481504852179e-05 -8.3897890663704397e-05 +8.3287337490788710e-05 -2.1878468615670830e-04
187.00000000 +5.0000000000000000e+00 +2.0000175366855930e+00 +1.7171343989195232e-03 +1.0003189105141921e+00 +1.0000032159459509e+00 +9.9997859152521540e-01 +1.0000048391932439e+00 +9.9996201521778616e-01 -1.1302638961013349e-05 -1.4247910810750718e-05 -8.7593845500965193e-05 +8.7745687516050080e-05 -2.4217370663679561e-04
187.50000000 +5.0000000000000000e+00 +2.0000071932572188e+00 +1.7281593474221344e-03 +1.0002925024031004e+00 +1.0000005970811530e+00 +9.9997942799311612e-01 +1.0000032717872320e+00 +9.9996268441973524e-01 -9.2023056657246745e-06 -1.1837938182106879e-05 -7.6608924329348748e-05 +8.0611637540631566e-05 -2.2144617075348032e-04
188.00000000 +5.0000000000000000e+00 +1.9999968526438745e+00 +1.7391812954147352e-03 +1.0002661014791447e+00 +9.9999797892909603e-01 +9.9998026423336683e-01 +1.0000017048078003e+00 +9.9996335343955711e-01 -7.1025439895303167e-06 -9.4286214428756426e-06 -6.5626992774049558e-05 +7.3479529142387939e-05 -2.0072427600117769e-04
188.50000000 +5.0000000000000000e+00 +1.9999865148444109e+00 +1.7502002441220704e-03 +1.0002397077393912e+00 +9.9999536148948853e-01 +9.9998110024606035e-01 +1.0000001382547734e+00 +9.9996402227732539e-01 -5.0033536991073573e-06 -7.0199603253367114e-06 -5.4648049614768974e-05 +6.6349361528808109e-05 -1.8000802007729649e-04
189.00000000 +5.0000000000000000e+00 +1.9999761798576807e+00 +1.7612161947682195e-03 +1.0002133211809077e+00 +9.9999274476204070e-01 +9.9998193603128960e-01 +9.9999857212797827e-01 +9.9996469093311502e-01 -2.9047345612598411e-06 -4.6119545619154739e-06 -4.3672093631872381e-05 +5.9221133907812310e-05 -1.5929740068049839e-04
189.50000000 +5.0000000000000000e+00 +1.9999658476825344e+00 +1.7722291485765946e-03 +1.0001869418007636e+00 +9.9999012874646054e-01 +9.9998277158914728e-01 +9.9999700642724032e-01 +9.9996535940699971e-01 -8.0668634291869368e-07 -2.2046038851829066e-06 -3.2699123606388783e-05 +5.2094845487751662e-05 -1.3859241551069713e-04
190.00000000 +5.0000000000000000e+00 +1.9999555183178257e+00 +1.7832391067699430e-03 +1.0001605695960305e+00 +9.9998751344245895e-01 +9.9998360691972621e-01 +9.9999544115238614e-01 +9.9996602769905396e-01 +1.2907911888583622e-06 +2.0209197214453231e-07 -2.1729138320010283e-05 +4.4970495477408009e-05 -1.1789306226905779e-04
190.50000000 +5.0000000000000000e+00 +1.9999451917624080e+00 +1.7942460705703469e-03 +1.0001342045637807e+00 +9.9998489884974462e-01 +9.9998444202311931e-01 +9.9999387630324166e-01 +9.9996669580935205e-01 +3.3876982668869045e-06 +2.6081332772050018e-06 -1.0762136555091717e-05 +3.7848083085993544e-05 -9.7199338657996031e-05
191.00000000 +5.0000000000000000e+00 +1.9999348680151354e+00 +1.8052500411992237e-03 +1.0001078467010889e+00 +9.9998228496802821e-01 +9.9998527689941885e-01 +9.9999231187963356e-01 +9.9996736373796780e-01 +5.4840351238558861e-06 +5.0135202969913668e-06 +2.0188290534987210e-07 +3.0727607523150553e-05 -7.6511242381176856e-05
191.50000000 +5.0000000000000000e+00 +1.9999245470748630e+00 +1.8162510198773266e-03 +1.0000814960050310e+00 +9.9997967179701919e-01 +9.9998611154871808e-01 +9.9999074788138820e-01 +9.9996803148497593e-01 +7.5798019923277233e-06 +7.4182532983513039e-06 +1.1162921277635645e-05 +2.3609067998951146e-05 -5.5828771143514172e-05
192.00000000 +5.0000000000000000e+00 +1.9999142289404457e+00 +1.8272490078247458e-03 +1.0000551524726846e+00 +9.9997705933642822e-01 +9.9998694597110949e-01 +9.9998918430833206e-01 +9.9996869905044994e-01 +9.6749991047383839e-06 +9.8223325479873926e-06 +2.2120979777425392e-05 +1.6492463723896895e-05 -3.5151922651169722e-05
192.50000000 +5.0000000000000000e+00 +1.9999039136107397e+00 +1.8382440062609065e-03 +1.0000288161011281e+00 +9.9997444758596510e-01 +9.9998778016668477e-01 +9.9998762116029172e-01 +9.9996936643446399e-01 +1.1769626693397467e-05 +1.2225758312457235e-05 +3.3076059619718064e-05 +9.3777939089185697e-06 -1.4480694611552261e-05
193.00000000 +5.0000000000000000e+00 +1.9998936010846005e+00 +1.8492360164045721e-03 +1.0000024868874429e+00 +9.9997183654534061e-01 +9.9998861413553708e-01 +9.9998605843709387e-01 +9.9997003363709169e-01 +1.3863684990488308e-05 +1.4628530858173525e-05 +4.4028162018852130e-05 +2.2650577653758973e-06 +6.1849152666832337e-06
193.50000000 +5.0000000000000000e+00 +1.9998832913608868e+00 +1.8602250394738440e-03 +9.9997616482871110e-01 +9.9996922621426532e-01 +9.9998944787775845e-01 +9.9998449613856555e-01 +9.9997070065840776e-01 +1.5957174228068048e-05 +1.7030650451404182e-05 +5.4977288188506139e-05 -4.8457454949428113e-06 +2.6844909273636480e-05
194.00000000 +5.0000000000000000e+00 +1.9998729844384562e+00 +1.8712110766861618e-03 +9.9994984992201652e-01 +9.9996661659245034e-01 +9.9999028139344193e-01 +9.9998293426453355e-01 +9.9997136749848559e-01 +1.8050094638067705e-05 +1.9432117358272395e-05 +6.5923439341698966e-05 -1.1954616659820864e-05 +4.7499289698162629e-05
194.50000000 +5.0000000000000000e+00 +1.9998626803161659e+00 +1.8821941292583013e-03 +9.9992354216444468e-01 +9.9996400767960614e-01 +9.9999111468267898e-01 +9.9998137281482491e-01 +9.9997203415739899e-01 +2.0142446452292298e-05 +2.1832931844756784e-05 +7.6866616690790508e-05 -1.9061556516613560e-05 +6.8148058827873208e-05
195.00000000 +5.0000000000000000e+00 +1.9998523789928766e+00 +1.8931741984063804e-03 +9.9989724155308257e-01 +9.9996139947544427e-01 +9.9999194774556277e-01 +9.9997981178926676e-01 +9.9997270063522214e-01 +2.2234229902420910e-05 +2.4233094176691470e-05 +8.7806821447482009e-05 -2.6166565852248463e-05 +8.8791218949137057e-05
195.50000000 +5.0000000000000000e+00 +1.9998420804674464e+00 +1.9041512853458543e-03 +9.9987094808501864e-01 +9.9995879197967552e-01 +9.9999278058218444e-01 +9.9997825118768624e-01 +9.9997336693202832e-01 +2.4325445220006754e-05 +2.6632604619766141e-05 +9.8744054822816360e-05 -3.3269645453225606e-05 +1.0942877234708078e-04
196.00000000 +5.0000000000000000e+00 +1.9998317847387370e+00 +1.9151253912915187e-03 +9.9984466175734332e-01 +9.9995618519201201e-01 +9.9999361319263713e-01 +9.9997669100991038e-01 +9.9997403304789156e-01 +2.6416092636477298e-05 +2.9031463439526217e-05 +1.0967831802717895e-04 -4.0370796105617933e-05 +1.3006072130559014e-04
196.50000000 +5.0000000000000000e+00 +1.9998214918056083e+00 +1.9260965174575100e-03 +9.9981838256714806e-01 +9.9995357911216454e-01 +9.9999444557701223e-01 +9.9997513125576709e-01 +9.9997469898288560e-01 +2.8506172383134332e-05 +3.1429670901372875e-05 +1.2060961227029762e-04 -4.7470018595071417e-05 +1.5068706810731039e-04
197.00000000 +5.0000000000000000e+00 +1.9998112016669223e+00 +1.9370646650573049e-03 +9.9979211051152650e-01 +9.9995097373984554e-01 +9.9999527773540242e-01 +9.9997357192508340e-01 +9.9997536473708393e-01 +3.0595684691154035e-05 +3.3827227270563222e-05 +1.3153793876124348e-04 -5.4567313706805509e-05 +1.7130781503364752e-04
197.50000000 +5.0000000000000000e+00 +1.9998009143215414e+00 +1.9480298353037212e-03 +9.9976584558757398e-01 +9.9994836907476681e-01 +9.9999610966789942e-01 +9.9997201301768746e-01 +9.9997603031056048e-01 +3.2684629791587121e-05 +3.6224132812210351e-05 +1.4246329870843126e-04 -6.1662682225613371e-05 +1.9192296436476897e-04
198.00000000 +5.0000000000000000e+00 +1.9997906297683279e+00 +1.9589920294089186e-03 +9.9973958779238625e-01 +9.9994576511664035e-01 +9.9999694137459538e-01 +9.9997045453340649e-01 +9.9997669570338865e-01 +3.4773007915358833e-05 +3.8620387791283398e-05 +1.5338569331961962e-04 -6.8756124935862088e-05 +2.1253251837960417e-04
198.50000000 +5.0000000000000000e+00 +1.9998417814249545e+00 +1.9063636840600490e-03 +9.9986723068891459e-01 +9.9995850504941763e-01 +9.9999561999299413e-01 +9.9997627278859669e-01 +9.9998753119784900e-01 +2.0841599710906615e-05 +1.0044865244497276e-04 +1.1348101665482920e-04 -1.1505972029245191e-04 +9.5128739710418259e-05
199.00000000 +5.0000000000000000e+00 +1.9998929598032056e+00 +1.8537078456655090e-03 +9.9999494026608782e-01 +9.9997125163753575e-01 +9.9999429792110361e-01 +9.9998209408324368e-01 +9.9999837235277178e-01 +6.9029137393217289e-06 +1.6230921618183908e-04 +7.3555493788419519e-05 -1.6138750464554996e-04 -2.2336370688418469e-05
199.50000000 +5.0000000000000000e+00 +1.9999441649240237e+00 +1.8010244926761195e-03 +1.0001227165761697e+00 +9.9998400488621053e-01 +9.9999297515838192e-01 +9.9998791841972912e-01 +1.0000092191725929e+00 -7.0430557037437410e-06 +2.2420210431805463e-04 +3.3609108381040182e-05 -2.0773949695460461e-04 -1.3986286088900243e-04
200.00000000 +5.0000000000000000e+00 +1.9999953968083768e+00 +1.7483136035201774e-03 +1.0002505596714797e+00 +9.9999676480066424e-01 +9.9999165170428805e-01 +9.9999374580043809e-01 +1.0000200716617538e+00 -2.0996314328600708e-05 +2.8612734219625609e-04 -6.3581559237392978e-06 -2.5411571619888369e-04 -2.5745077901368201e-04
