#discretizing the bath
#     0 0.0000000000000000e+00 -6.3189999999999946e-01
#     1 2.1081851067789197e-03 -2.3519566192419195e-01
#     2 2.1081851067789197e-03 -2.1960775044883449e-01
#     3 2.1081851067789197e-03 -2.0345158372959637e-01
#     4 2.1081851067789197e-03 -1.8674648832214841e-01
#     5 2.1081851067789197e-03 -1.6950994289832341e-01
#     6 2.1081851067789197e-03 -1.5175785527961699e-01
#     7 2.1081851067789197e-03 -1.3350478457795567e-01
#     8 2.1081851067789197e-03 -1.1476412168670258e-01
#     9 2.1081851067789197e-03 -9.5548237656703006e-02
  0.00000000 +1.0000000000000000e+00 +1.9999999999999989e+00 +1.8374661879283099e-03 +1.0000000000000000e+00 +1.0000000000000000e+00 +1.0000000000000000e+00 +1.0000000000000000e+00 +1.0000000000000000e+00 +0.0000000000000000e+00 +0.0000000000000000e+00 +0.0000000000000000e+00 +0.0000000000000000e+00 +0.0000000000000000e+00
  0.50000000 +1.0000000000000018e+00 +1.9999999999953140e+00 +1.8396544775488757e-03 +9.9999444446296482e-01 +9.9999999999845868e-01 +9.9999999999845868e-01 +9.9999999999845868e-01 +9.9999999999845868e-01 +1.1111086419781904e-06 +1.1111086419781904e-06 +1.1111086419781904e-06 +1.1111086419781906e-06 +1.1111086419781902e-06
  1.00000000 +1.0000000000000029e+00 +1.9999999999446560e+00 +1.8457858827723467e-03 +9.9997886948261494e-01 +9.9999999997639921e-01 +9.9999999997641698e-01 +9.9999999997643574e-01 +9.9999999997645572e-01 +4.2434607073659716e-06 +4.2351934716210939e-06 +4.2265275649822183e-06 +4.2174564786381450e-06 +4.2079734691588310e-06
  1.50000000 +1.0000000000000053e+00 +1.9999999997454394e+00 +1.8546467533206300e-03 +9.9995633323823085e-01 +9.9999999988670096e-01 +9.9999999988687971e-01 +9.9999999988707156e-01 +9.9999999988727684e-01 +8.8307657226386605e-06 +8.7842254053809779e-06 +8.7355727990148764e-06 +8.6847901681889622e-06 +8.6318597717298283e-06
  2.00000000 +1.0000000000000064e+00 +1.9999999992492117e+00 +1.8644859407743856e-03 +9.9993125378008652e-01 +9.9999999966675546e-01 +9.9999999966765518e-01 +9.9999999966862219e-01 +9.9999999966965936e-01 +1.4044582243044283e-05 +1.3902884639491989e-05 +1.3755334993899121e-05 +1.3601958847116386e-05 +1.3442786529461912e-05
  2.50000000 +1.0000000000000075e+00 +1.9999999982907668e+00 +1.8733644142819377e-03 +9.9990853396784463e-01 +9.9999999925815175e-01 +9.9999999926122751e-01 +9.9999999926453487e-01 +9.9999999926808103e-01 +1.8945079993986870e-05 +1.8630565029460150e-05 +1.8304781256512154e-05 +1.7968008033793287e-05 +1.7620545885000926e-05
  3.00000000 +1.0000000000000089e+00 +1.9999999967204189e+00 +1.8795412963183932e-03 +9.9989259311328493e-01 +9.9999999862677258e-01 +9.9999999863492206e-01 +9.9999999864367861e-01 +9.9999999865305844e-01 +2.2651753020322276e-05 +2.2082976227940652e-05 +2.1497835314721273e-05 +2.0897314322640375e-05 +2.0282449442883199e-05
  3.50000000 +1.0000000000000109e+00 +1.9999999944331197e+00 +1.8818186863067308e-03 +9.9988649853751166e-01 +9.9999999777803550e-01 +9.9999999779598225e-01 +9.9999999781523918e-01 +9.9999999783583360e-01 +2.4502838838528956e-05 +2.3618761111336038e-05 +2.2717169472604030e-05 +2.1800439091462386e-05 +2.0871028939213375e-05
  4.00000000 +1.0000000000000118e+00 +1.9999999913886728e+00 +1.8797762829519755e-03 +9.9989136943565615e-01 +9.9999999676295859e-01 +9.9999999679719731e-01 +9.9999999683386687e-01 +9.9999999687300223e-01 +2.4174361143841414e-05 +2.2959506368354557e-05 +2.1734384138584053e-05 +2.0503522880517099e-05 +1.9271522849772828e-05
  4.50000000 +1.0000000000000135e+00 +1.9999999876191004e+00 +1.8738493995048924e-03 +9.9990617005955829e-01 +9.9999999567281883e-01 +9.9999999573089760e-01 +9.9999999579295884e-01 +9.9999999585902910e-01 +2.1737221724044905e-05 +2.0240529464859650e-05 +1.8753019155427795e-05 +1.7281879117733494e-05 +1.5834235345579123e-05
  5.00000000 +1.0000000000000160e+00 +1.9999999832218480e+00 +1.8652358175131386e-03 +9.9992793065346908e-01 +9.9999999462280265e-01 +9.9999999471186096e-01 +9.9999999480678126e-01 +9.9999999490754765e-01 +1.7642214400690200e-05 +1.5983123152978198e-05 +1.4366258023392563e-05 +1.2801277574273745e-05 +1.1297424462570110e-05
  5.50000000 +1.0000000000000160e+00 +1.9999999783402465e+00 +1.8556515028019097e-03 +9.9995234882400985e-01 +9.9999999372774440e-01 +9.9999999385244609e-01 +9.9999999398498296e-01 +9.9999999412525231e-01 +1.2636089052098804e-05 +1.0993956370512687e-05 +9.4381501590012729e-06 +7.9795039565556612e-06 +6.6277861064771342e-06
  6.00000000 +1.0000000000000158e+00 +1.9999999731351650e+00 +1.8469854587609877e-03 +9.9997464845399231e-01 +9.9999999307509757e-01 +9.9999999323531985e-01 +9.9999999340512058e-01 +9.9999999358426561e-01 +7.6244011976794892e-06 +6.2111757519096335e-06 +4.9322909535249172e-06 +3.7971660288530971e-06 +2.8132123653670510e-06
  6.50000000 +1.0000000000000180e+00 +1.9999999677535591e+00 +1.8409238030154878e-03 +9.9999052303849190e-01 +9.9999999270126549e-01 +9.9999999289009178e-01 +9.9999999308968446e-01 +9.9999999329966383e-01 +3.5065199005824194e-06 +2.5267747873243922e-06 +1.7221573193575261e-06 +1.0969997275690943e-06 +6.5252916740569673e-07
  7.00000000 +1.0000000000000218e+00 +1.9999999623001135e+00 +1.8386185981980638e-03 +9.9999697531681320e-01 +9.9999999257706518e-01 +9.9999999277969298e-01 +9.9999999299352793e-01 +9.9999999321809985e-01 +1.0130760123527855e-06 +6.1910032773327330e-07 +4.2068210523364561e-07 +4.1301493672592616e-07 +5.8724152221761285e-07
  7.50000000 +1.0000000000000235e+00 +1.9999999568174771e+00 +1.8404670921411035e-03 +9.9999288794638530e-01 +9.9999999260635697e-01 +9.9999999280045060e-01 +9.9999999300553211e-01 +9.9999999322120370e-01 +5.7544357882497148e-07 +8.2716540812417935e-07 +1.2625389715386803e-06 +1.8643367013873409e-06 +2.6109355248765787e-06
  8.00000000 +1.0000000000000249e+00 +1.9999999512788711e+00 +1.8460440102836824e-03 +9.9997921566667436e-01 +9.9999999263923034e-01 +9.9999999279700247e-01 +9.9999999296536213e-01 +9.9999999314429322e-01 +2.2507316618126221e-06 +3.0902074704690291e-06 +4.0618804826872005e-06 +5.1349584797996692e-06 +6.2750094646274596e-06
  8.50000000 +1.0000000000000266e+00 +1.9999999455943633e+00 +1.8541982290639382e-03 +9.9995876630292624e-01 +9.9999999249801219e-01 +9.9999999258995287e-01 +9.9999999269281470e-01 +9.9999999280742657e-01 +5.7153961949182514e-06 +6.9633019607609238e-06 +8.2531234271658662e-06 +9.5427223754956105e-06 +1.0788565037234613e-05
  9.00000000 +1.0000000000000271e+00 +1.9999999396293291e+00 +1.8632920075051440e-03 +9.9993562029661365e-01 +9.9999999201144452e-01 +9.9999999201120437e-01 +9.9999999202423018e-01 +9.9999999205278245e-01 +1.0327911442476949e-05 +1.1705273834574593e-05 +1.3005867840228406e-05 +1.4182430672266239e-05 +1.5190120068351165e-05
  9.50000000 +1.0000000000000273e+00 +1.9999999332313201e+00 +1.8715327113061010e-03 +9.9991430958339378e-01 +9.9999999105037296e-01 +9.9999999093992753e-01 +9.9999999084854929e-01 +9.9999999078057189e-01 +1.5248324041445253e-05 +1.6421452828941893e-05 +1.7390472428379224e-05 +1.8112895739724454e-05 +1.8553652290041215e-05
 10.00000000 +1.0000000000000300e+00 +1.9999999262599062e+00 +1.8773292728960264e-03 +9.9989892244998824e-01 +9.9999998955756875e-01 +9.9999998933156853e-01 +9.9999998913520394e-01 +9.9999998897546738e-01 +1.9592270439445372e-05 +2.0233604408188552e-05 +2.0561068062118728e-05 +2.0549044126528988e-05 +2.0184563316862342e-05
 10.50000000 +1.0000000000000313e+00 +1.9999999186136166e+00 +1.8796018955176844e-03 +9.9989231271373957e-01 +9.9999998756516184e-01 +9.9999998723335681e-01 +9.9999998694734338e-01 +9.9999998671717250e-01 +2.2591026930389790e-05 +2.2444550521037940e-05 +2.1919755476418320e-05 +2.1019631173868443e-05 +1.9763859283367104e-05
 11.00000000 +1.0000000000000320e+00 +1.9999999102487642e+00 +1.8779842346767239e-03 +9.9989556744332320e-01 +9.9999998519535782e-01 +9.9999998478222141e-01 +9.9999998443662097e-01 +9.9999998417175762e-01 +2.3728433203501588e-05 +2.2666427117025914e-05 +2.1229924128221842e-05 +1.9458709767016173e-05 +1.7410476667206744e-05
 11.50000000 +1.0000000000000355e+00 +1.9999999011866327e+00 +1.8728800318837302e-03 +9.9990783299959851e-01 +9.9999998264337830e-01 +9.9999998218453523e-01 +9.9999998181952610e-01 +9.9999998156440839e-01 +2.2830149764325300e-05 +2.0888852727249181e-05 +1.8657117817721184e-05 +1.6213053323366968e-05 +1.3649615096441701e-05
 12.00000000 +1.0000000000000364e+00 +1.9999998915078969e+00 +1.8653660948295876e-03 +9.9992652595026732e-01 +9.9999998014509273e-01 +9.9999997968077792e-01 +9.9999997933905449e-01 +9.9999997913816863e-01 +2.0089753912854062e-05 +1.7475022374444597e-05 +1.4730486456837849e-05 +1.1965260534928788e-05 +9.2952235416044488e-06
 12.50000000 +1.0000000000000375e+00 +1.9999998813356341e+00 +1.8569644178307709e-03 +9.9994787847899391e-01 +9.9999997793505091e-01 +9.9999997750149361e-01 +9.9999997721881062e-01 +9.9999997710651989e-01 +1.6027922658420400e-05 +1.3087586708531083e-05 +1.0233637614754183e-05 +7.5895917195741251e-06 +5.2730206186667879e-06
 13.00000000 +1.0000000000000391e+00 +1.9999998708105269e+00 +1.8493318543076453e-03 +9.9996770276762403e-01 +9.9999997620272618e-01 +9.9999997582290434e-01 +9.9999997561846676e-01 +9.9999997560925658e-01 +1.1393196866218808e-05 +8.5594515928463465e-06 +6.0474845299528073e-06 +3.9711254417250782e-06 +2.4227207870287028e-06
 13.50000000 +1.0000000000000413e+00 +1.9999998600632880e+00 +1.8439310407160534e-03 +9.9998221825291056e-01 +9.9999997505545690e-01 +9.9999997473100666e-01 +9.9999997459964984e-01 +9.9999997468091106e-01 +7.0233139211745271e-06 +4.7348137137018592e-06 +2.9767738537797852e-06 +1.8258417753116592e-06 +1.3219370079670527e-06
 14.00000000 +1.0000000000000424e+00 +1.9999998491897311e+00 +1.8417483952304066e-03 +9.9998877717309942e-01 +9.9999997449552680e-01 +9.9999997420155273e-01 +9.9999997410955443e-01 +9.9999997423874321e-01 +3.6929409900855915e-06 +2.3109426971601764e-06 +1.5946413407959096e-06 +1.5583945490766971e-06 +2.1688621589468675e-06
 14.50000000 +1.0000000000000440e+00 +1.9999998382333155e+00 +1.8431138799018265e-03 +9.9998634830982014e-01 +9.9999997441628974e-01 +9.9999997410047003e-01 +9.9999997398628637e-01 +9.9999997409360941e-01 +1.9756463674468098e-06 +1.7105260830249079e-06 +2.1353703948152314e-06 +3.1859407284057968e-06 +4.7476101684323380e-06
 15.00000000 +1.0000000000000453e+00 +1.9999998271782999e+00 +1.8476554162866784e-03 +9.9997567052843417e-01 +9.9999997461866119e-01 +9.9999997420531517e-01 +9.9999997398568596e-01 +9.9999997398243157e-01 +2.1448329740316144e-06 +3.0080498208462640e-06 +4.4554689870635505e-06 +6.3423208337988282e-06 +8.4820070826051300e-06
 15.50000000 +1.0000000000000471e+00 +1.9999998159545691e+00 +1.8543930660302522e-03 +9.9995905554431719e-01 +9.9999997484540659e-01 +9.9999997424429665e-01 +9.9999997382511174e-01 +9.9999997361657111e-01 +4.1307931023667323e-06 +5.9230094365738113e-06 +8.0693407783916963e-06 +1.0360141489469925e-05 +1.2564639725661412e-05
 16.00000000 +1.0000000000000484e+00 +1.9999998044528269e+00 +1.8619500936124080e-03 +9.9993988928245192e-01 +9.9999997482716307e-01 +9.9999997394583795e-01 +9.9999997323614087e-01 +9.9999997273702590e-01 +7.5404997642116740e-06 +9.8798546359217954e-06 +1.2251023397314741e-05 +1.4412405575423740e-05 +1.6132188248849903e-05
 16.50000000 +1.0000000000000502e+00 +1.9999997925468695e+00 +1.8688354589984004e-03 +9.9992193922360761e-01 +9.9999997433177379e-01 +9.9999997308946043e-01 +9.9999997201617385e-01 +9.9999997116568473e-01 +1.1735218184595837e-05 +1.4121962688227738e-05 +1.6180652934060451e-05 +1.7683529346586434e-05 +1.8448810398225763e-05
 17.00000000 +1.0000000000000517e+00 +1.9999997801184024e+00 +1.8737395172997559e-03 +9.9990861002501752e-01 +9.9999997320772416e-01 +9.9999997154828535e-01 +9.9999997006887076e-01 +9.9999996884238318e-01 +1.5950631958550446e-05 +1.7857006959649937e-05 +1.9105984409746343e-05 +1.9534226082721479e-05 +1.9058458566392574e-05
 17.50000000 +1.0000000000000531e+00 +1.9999997670794840e+00 +1.8757839879641758e-03 +9.9990229523805729e-01 +9.9999997141349095e-01 +9.9999996931494417e-01 +9.9999996742535946e-01 +9.9999996584009754e-01 +1.9436807356219359e-05 +2.0405667002845729e-05 +2.0487004324008513e-05 +1.9626786112050158e-05 +1.7874503520195928e-05
 18.00000000 +1.0000000000000544e+00 +1.9999997533883174e+00 +1.8746783462457481e-03 +9.9990394897777557e-01 +9.9999996902714183e-01 +9.9999996650566481e-01 +9.9999996424169846e-01 +9.9999996235472988e-01 +2.1592245845860182e-05 +2.1325644852006974e-05 +2.0095731391625408e-05 +1.7986154531962547e-05 +1.5189116640254629e-05
 18.50000000 +1.0000000000000564e+00 +1.9999997390555992e+00 +1.8707550578814236e-03 +9.9991295370380207e-01 +9.9999996623421639e-01 +9.9999996334147545e-01 +9.9999996077264242e-01 +9.9999995867094027e-01 +2.2067960884835682e-05 +2.0488278830636793e-05 +1.8052764731636688e-05 +1.4985916246303419e-05 +1.1602356511175255e-05
 19.00000000 +1.0000000000000577e+00 +1.9999997241404852e+00 +1.8648811345619040e-03 +9.9992729917838585e-01 +9.9999996329596086e-01 +9.9999996010974768e-01 +9.9999995732633729e-01 +9.9999995511019957e-01 +2.0823538416711874e-05 +1.8094542042363163e-05 +1.4795004893458880e-05 +1.1263906851228976e-05 +7.8879874530816597e-06
 19.50000000 +1.0000000000000586e+00 +1.9999997087373931e+00 +1.8582681324588184e-03 +9.9994402582183017e-01 +9.9999996050366191e-01 +9.9999995711309764e-01 +9.9999995420830867e-01 +9.9999995197084335e-01 +1.8126294473979776e-05 +1.4628971440075194e-05 +1.0982615756698650e-05 +7.5864204178519506e-06 +4.8260804621624828e-06
 20.00000000 +1.0000000000000608e+00 +1.9999996929565438e+00 +1.8522220206565159e-03 +9.9995983542526878e-01 +9.9999995812741371e-01 +9.9999995461507318e-01 +9.9999995166525601e-01 +9.9999994947160731e-01 +1.4495177607134436e-05 +1.0761805164960039e-05 +7.3649999524481664e-06 +4.6899857457418029e-06 +3.0387272146262302e-06
 20.50000000 +1.0000000000000615e+00 +1.9999996769022237e+00 +1.8478846437811642e-03 +9.9997174306309444e-01 +9.9999995636866956e-01 +9.9999995279269371e-01 +9.9999994983927953e-01 +9.9999994770957523e-01 +1.0601020650017158e-05 +7.2190850996078811e-06 +4.6330664925738984e-06 +3.1334870363336837e-06 +2.8635677171378742e-06
 21.00000000 +1.0000000000000639e+00 +1.9999996606531119e+00 +1.8460180824260545e-03 +9.9997764103473707e-01 +9.9999995532522834e-01 +9.9999995170467859e-01 +9.9999994874127351e-01 +9.9999994664081215e-01 +7.1423253471085023e-06 +4.6459705688444800e-06 +3.2870078113517187e-06 +3.1903976817012301e-06 +4.2908521797606027e-06
 21.50000000 +1.0000000000000646e+00 +1.9999996442483696e+00 +1.8468725914153395e-03 +9.9997666830689569e-01 +9.9999995497489691e-01 +9.9999995128119645e-01 +9.9999994824856075e-01 +9.9999994608756659e-01 +4.7196485405446752e-06 +3.4890768964855691e-06 +3.5449451219304299e-06 +4.8018817116766505e-06 +6.9755489368039851e-06
 22.00000000 +1.0000000000000664e+00 +1.9999996276818992e+00 +1.8501605176769762e-03 +9.9996932166608588e-01 +9.9999995518068874e-01 +9.9999995133701924e-01 +9.9999994812730542e-01 +9.9999994577087203e-01 +3.7312463622456986e-06 +3.9193303979628689e-06 +5.3090702913693915e-06 +7.5985157951793067e-06 +1.0319755514759692e-05
 22.50000000 +1.0000000000000677e+00 +1.9999996109055789e+00 +1.8551366485115395e-03 +9.9995729828957225e-01 +9.9999995571635958e-01 +9.9999995160552946e-01 +9.9999994807550630e-01 +9.9999994536241998e-01 +4.3081227047278754e-06 +5.8085796784877732e-06 +8.1941712389861051e-06 +1.0984178034017977e-05 +1.3605899294749217e-05
 23.00000000 +1.0000000000000697e+00 +1.9999995938404036e+00 +1.8607643675581671e-03 +9.9994311261549362e-01 +9.9999995630746419e-01 +9.9999995178724888e-01 +9.9999994777853585e-01 +9.9999994454590302e-01 +6.2989627841278637e-06 +8.7627009029313382e-06 +1.1611078754484077e-05 +1.4263186937654698e-05 +1.6151036323959298e-05
 23.50000000 +1.0000000000000722e+00 +1.9999995763930092e+00 +1.8659309739357630e-03 +9.9992957270596960e-01 +9.9999995668031849e-01 +9.9999995160387489e-01 +9.9999994696682126e-01 +9.9999994307615903e-01 +9.3061025836610231e-06 +1.2203238208599650e-05 +1.4887066150923736e-05 +1.6783556456835012e-05 +1.7449003817458206e-05
 24.00000000 +1.0000000000000726e+00 +1.9999995584741717e+00 +1.8696675213224388e-03 +9.9991922485523299e-01 +9.9999995660998209e-01 +9.9999995084793325e-01 +9.9999994546495841e-01 +9.9999994082492871e-01 +1.2764439162887652e-05 +1.5480759452225046e-05 +1.7398580375322229e-05 +1.8066812531212655e-05 +1.7270805805524505e-05
 24.50000000 +1.0000000000000742e+00 +1.9999995400156074e+00 +1.8713297813409894e-03 +9.9991387620430028e-01 +9.9999995595872759e-01 +9.9999994941908621e-01 +9.9999994322321362e-01 +9.9999993780460372e-01 +1.6047703552522865e-05 +1.7997699443699737e-05 +1.8690070758313734e-05 +1.7898504828471442e-05 +1.5703411856943331e-05
 25.00000000 +1.0000000000000757e+00 +1.9999995209818995e+00 +1.8707067387916543e-03 +9.9991428446135433e-01 +9.9999995469832315e-01 +9.9999994734067421e-01 +9.9999994032573036e-01 +9.9999993416556165e-01 +1.8582099885709586e-05 +1.9317417838258762e-05 +1.8556262937410306e-05 +1.6362390912615317e-05 +1.3120837159927086e-05
 25.50000000 +1.0000000000000773e+00 +1.9999995013755441e+00 +1.8680390106300434e-03 +9.9992006664323085e-01 +9.9999995291259136e-01 +9.9999994475387410e-01 +9.9999993697420775e-01 +9.9999993016779831e-01 +1.9946662295678134e-05 +1.9239569537068294e-05 +1.7073124169991198e-05 +1.3813288476781845e-05 +1.0095904203257303e-05
 26.00000000 +1.0000000000000775e+00 +1.9999994812344799e+00 +1.8639482488422370e-03 +9.9992983323312645e-01 +9.9999995078027115e-01 +9.9999994189090724e-01 +9.9999993345034732e-01 +9.9999992613235666e-01 +1.9942785604167223e-05 +1.7828885446650475e-05 +1.4573283715176414e-05 +1.0796218949582680e-05 +7.2733396650557853e-06
 26.50000000 +1.0000000000000793e+00 +1.9999994606229752e+00 +1.8592960802286220e-03 +9.9994150972467488e-01 +9.9999994854177643e-01 +9.9999993903257589e-01 +9.9999993006428844e-01 +9.9999992238188662e-01 +1.8621553414555268e-05 +1.5393643646444177e-05 +1.1572651658877828e-05 +7.9301001980713657e-06 +5.2323062775990959e-06
 27.00000000 +1.0000000000000813e+00 +1.9999994396179825e+00 +1.8550040284403327e-03 +9.9995277292125440e-01 +9.9999994645618018e-01 +9.9999993645809016e-01 +9.9999992709869812e-01 +9.9999991918157349e-01 +1.6265490806730399e-05 +1.2419665634930442e-05 +8.6642493827142764e-06 +5.7807845366386031e-06 +4.3676942500870502e-06
 27.50000000 +1.0000000000000824e+00 +1.9999994182938459e+00 +1.8518718319486367e-03 +9.9996151089892171e-01 +9.9999994475630949e-01 +9.9999993439638291e-01 +9.9999992475884014e-01 +9.9999991669147281e-01 +1.3329690941692968e-05 +9.4737837733916292e-06 +6.4010671571693564e-06 +4.7494927932257161e-06 +4.8144638202036647e-06
 28.00000000 +1.0000000000000842e+00 +1.9999993967083722e+00 +1.8504298037423216e-03 +9.9996621599223534e-01 +9.9999994360989297e-01 +9.9999993298757017e-01 +9.9999992313761288e-01 +9.9999991493898277e-01 +1.0354385433918805e-05 +7.0959180431065953e-06 +5.1910881682310363e-06 +4.9986036094446353e-06 +6.4293388721566935e-06
 28.50000000 +1.0000000000000862e+00 +1.9999993748928526e+00 +1.8508521553109694e-03 +9.9996623838696475e-01 +9.9999994309333018e-01 +9.9999993226115258e-01 +9.9999992220159695e-01 +9.9999991381623077e-01 +7.8657023105771852e-06 +5.7003036327499476e-06 +5.2243716779211043e-06 +6.4283544104004151e-06 +8.8315091241726479e-06
 29.00000000 +1.0000000000000870e+00 +1.9999993528477493e+00 +1.8529446579040618e-03 +9.9996185929902426e-01 +9.9999994318219232e-01 +9.9999993213433858e-01 +9.9999992180017483e-01 +9.9999991310243430e-01 +6.2828296930421842e-06 +5.5039058169891488e-06 +6.4450815337093598e-06 +8.7071748372110877e-06 +1.1491490389225306e-05
 29.50000000 +1.0000000000000882e+00 +1.9999993305445005e+00 +1.8562046112858687e-03 +9.9995418032960504e-01 +9.9999994375943524e-01 +9.9999993243015672e-01 +9.9999992169549912e-01 +9.9999991250659703e-01 +5.8479354689762553e-06 +6.4942685405284330e-06 +8.5720984740056682e-06 +1.1347408537546711e-05 +1.3847568127588124e-05
 30.00000000 +1.0000000000000902e+00 +1.9999993079327270e+00 +1.8599370052630256e-03 +9.9994486162780649e-01 +9.9999994463913688e-01 +9.9999993291146838e-01 +9.9999992160730278e-01 +9.9999991172219382e-01 +6.5904533230119881e-06 +8.4411876507883823e-06 +1.1162265093041822e-05 +1.3809324722808411e-05 +1.5424261752498443e-05
 30.50000000 +1.0000000000000910e+00 +1.9999992849511550e+00 +1.8634007121255849e-03 +9.9993576895134839e-01 +9.9999994560097227e-01 +9.9999993332431336e-01 +9.9999992126406478e-01 +9.9999991048348036e-01 +8.3307063607988045e-06 +1.0948239652165626e-05 +1.3702271632447611e-05 +1.5611295602563948e-05 +1.5927863028098535e-05
 31.00000000 +1.0000000000000926e+00 +1.9999992615398996e+00 +1.8659542880657784e-03 +9.9992860370454439e-01 +9.9999994642896528e-01 +9.9999993344258875e-01 +9.9999992045108643e-01 +9.9999990861298860e-01 +1.0720579078122975e-05 +1.3532924753867369e-05 +1.5710208635111795e-05 +1.6423686193123385e-05 +1.5299961630313085e-05
 31.50000000 +1.0000000000000946e+00 +1.9999992376516900e+00 +1.8671729746579779e-03 +9.9992458863206846e-01 +9.9999994694760808e-01 +9.9999993310612112e-01 +9.9999991904691421e-01 +9.9999990605166766e-01 +1.3312404286290054e-05 +1.5719320258012201e-05 +1.6826735848767700e-05 +1.6128240709794753e-05 +1.3719514991862635e-05
 32.00000000 +1.0000000000000955e+00 +1.9999992132599507e+00 +1.8669159808414495e-03 +9.9992426630728437e-01 +9.9999994704928263e-01 +9.9999993224571881e-01 +9.9999991704194613e-01 +9.9999990286660834e-01 +1.5642555300456331e-05 +1.7125498436438858e-05 +1.6878690713456442e-05 +1.4832499454200936e-05 +1.1555245733924466e-05
 32.50000000 +1.0000000000000973e+00 +1.9999991883624233e+00 +1.8653342525884421e-03 +9.9992744184576043e-01 +9.9999994670871606e-01 +9.9999993089135275e-01 +9.9999991453649539e-01 +9.9999989923555432e-01 +1.7314188929480100e-05 +1.7529711623673625e-05 +1.5904052817972031e-05 +1.2838314974323812e-05 +9.2805142633713902e-06
 33.00000000 +1.0000000000000986e+00 +1.9999991629799230e+00 +1.8628212561255268e-03 +9.9993327112451635e-01 +9.9999994598268693e-01 +9.9999992916275326e-01 +9.9999991171937253e-01 +9.9999989541172696e-01 +1.8064425358224112e-05 +1.6904009817582104e-05 +1.4135162229813846e-05 +1.0572840435689100e-05 +7.3701615971022510e-06
 33.50000000 +1.0000000000001006e+00 +1.9999991371508103e+00 +1.8599202893417241e-03 +9.9994046742363163e-01 +9.9999994499587352e-01 +9.9999992724489595e-01 +9.9999990883157308e-01 +9.9999989167602932e-01 +1.7804697027315160e-05 +1.5410528450107668e-05 +1.1945317762192725e-05 +8.4975567765420736e-06 +6.2017284846924391e-06
 34.00000000 +1.0000000000001021e+00 +1.9999991109225426e+00 +1.8572094073702253e-03 +9.9994757828566982e-01 +9.9999994391604374e-01 +9.9999992535333437e-01 +9.9999990612210188e-01 +9.9999988828576136e-01 +1.6628311263048865e-05 +1.3362847588354605e-05 +9.7707395842264550e-06 +7.0146228839505055e-06 +5.9815162812063333e-06
 34.50000000 +1.0000000000001035e+00 +1.9999990843421012e+00 +1.8551879383714779e-03 +9.9995327416199664e-01 +9.9999994292345873e-01 +9.9999992369593038e-01 +9.9999990380414927e-01 +9.9999988542934437e-01 +1.4785407886831198e-05 +1.1161208944725398e-05 +8.0240944223406888e-06 +6.3894794368785781e-06 +6.7097949466214111e-06
 35.00000000 +1.0000000000001052e+00 +1.9999990574472259e+00 +1.8541865308257892e-03 +9.9995659232775003e-01 +9.9999994218003274e-01 +9.9999992243780145e-01 +9.9999990201938371e-01 +9.9999988319507871e-01 +1.2631309853936994e-05 +9.2148237929083143e-06 +7.0166525958074123e-06 +6.7044732788040568e-06 +8.1905809575145338e-06
 35.50000000 +1.0000000000001072e+00 +1.9999990302600406e+00 +1.8543164688251384e-03 +9.9995709235612928e-01 +9.9999994180348706e-01 +9.9999992167539076e-01 +9.9999990081635803e-01 +9.9999988155911790e-01 +1.0558730154647953e-05 +7.8662721214725762e-06 +6.9036624082274416e-06 +7.8513193176719320e-06 +1.0081806051749321e-05
 36.00000000 +1.0000000000001086e+00 +1.9999990027841199e+00 +1.8554651478214226e-03 +9.9995489984106989e-01 +9.9999994185054186e-01 +9.9999992142366956e-01 +9.9999990014623263e-01 +9.9999988039411358e-01 +8.9266731506972985e-06 +7.3318787636254434e-06 +7.6623333707018312e-06 +9.5620229739516520e-06 +1.1973436657590239e-05
 36.50000000 +1.0000000000001095e+00 +1.9999989750052787e+00 +1.8573350646740542e-03 +9.9995063848015564e-01 +9.9999994231137390e-01 +9.9999992161795181e-01 +9.9999989987577520e-01 +9.9999987949615998e-01 +7.9988277529130052e-06 +7.6683044305241670e-06 +9.1050580895843343e-06 +1.1470168454016031e-05 +1.3475860404156888e-05
 37.00000000 +1.0000000000001108e+00 +1.9999989468956476e+00 +1.8595153813974153e-03 +9.9994527225283281e-01 +9.9999994311548179e-01 +9.9999992212918098e-01 +9.9999989981452420e-01 +9.9999987862441087e-01 +7.9019198466859839e-06 +8.7702155311184982e-06 +1.0923566195244269e-05 +1.3188775833977596e-05 +1.4299586717220145e-05
 37.50000000 +1.0000000000001124e+00 +1.9999989184200109e+00 +1.8615696169689401e-03 +9.9993989514697734e-01 +9.9999994414717674e-01 +9.9999992278927552e-01 +9.9999989975062864e-01 +9.9999987754567021e-01 +8.6104052643454016e-06 +1.0397887069980158e-05 +1.2753950038317684e-05 +1.4388296432685925e-05 +1.4310082027836346e-05
 38.00000000 +1.0000000000001144e+00 +1.9999988895430068e+00 +1.8631211781017989e-03 +9.9993551307370554e-01 +9.9999994526741465e-01 +9.9999992342159894e-01 +9.9999989948863843e-01 +9.9999987607570284e-01 +9.9588652329231928e-06 +1.2228102611175288e-05 +1.4248989432256759e-05 +1.4859128477816230e-05 +1.3547587757356322e-05
 38.50000000 +1.0000000000001155e+00 +1.9999988602357543e+00 +1.8639203342579384e-03 +9.9993286052764196e-01 +9.9999994633784639e-01 +9.9999992387101277e-01 +9.9999989888248730e-01 +9.9999987410994584e-01 +1.1678462528516278e-05 +1.3917742720329895e-05 +1.5143498735573067e-05 +1.4546952363156366e-05 +1.2209615297483480e-05
 39.00000000 +1.0000000000001170e+00 +1.9999988304807435e+00 +1.8638812014378106e-03 +9.9993228434658044e-01 +9.9999994724294028e-01 +9.9999992402842286e-01 +9.9999989785815435e-01 +9.9999987163858173e-01 +1.3449725454536486e-05 +1.5167660797832721e-05 +1.5300514536972087e-05 +1.3555253595725062e-05 +1.0601731521563226e-05
 39.50000000 +1.0000000000001183e+00 +1.9999988002741171e+00 +1.8630840951690997e-03 +9.9993371125927344e-01 +9.9999994790664959e-01 +9.9999992384598069e-01 +9.9999989642258058e-01 +9.9999986874398494e-01 +1.4961433712280189e-05 +1.5775052127437448e-05 +1.4730481867819941e-05 +1.2116282482334186e-05 +9.0685719336452346e-06
 40.00000000 +1.0000000000001201e+00 +1.9999987696252379e+00 +1.8617457522784287e-03 +9.9993669830281451e-01 +9.9999994830132100e-01 +9.9999992334097976e-01 +9.9999989465805239e-01 +9.9999986558185017e-01 +1.5964846660713836e-05 +1.5665286870234270e-05 +1.3581219373490172e-05 +1.0537960037628917e-05 +7.9205026427981556e-06
 40.50000000 +1.0000000000001217e+00 +1.9999987385537945e+00 +1.8601659652586469e-03 +9.9994054925369713e-01 +9.9999994844800766e-01 +9.9999992258853865e-01 +9.9999989270384948e-01 +9.9999986235018157e-01 +1.6313929845134146e-05 +1.4898468534596036e-05 +1.2102189554764758e-05 +9.1386497017312569e-06 +7.3714186986050290e-06
 41.00000000 +1.0000000000001228e+00 +1.9999987070852230e+00 +1.8586630222712690e-03 +9.9994446892925204e-01 +9.9999994840886630e-01 +9.9999992170508845e-01 +9.9999989072909845e-01 +9.9999985925231094e-01 +1.5985239678692024e-05 +1.3650913249092597e-05 +1.0591348710189688e-05 +8.1834860853652803e-06 +7.4999882761462398e-06
 41.50000000 +1.0000000000001250e+00 +1.9999986752454773e+00 +1.8575114296573503e-03 +9.9994772238837759e-01 +9.9999994827354788e-01 +9.9999992082608513e-01 +9.9999988890205860e-01 +9.9999985646085399e-01 +1.5075092915909532e-05 +1.2176367704042902e-05 +9.3357380425816677e-06 +7.8348743429346810e-06 +8.2410766969499313e-06
 42.00000000 +1.0000000000001257e+00 +1.9999986430561776e+00 +1.8568937404518995e-03 +9.9994976807249469e-01 +9.9999994814233051e-01 +9.9999992008211147e-01 +9.9999988736138790e-01 +9.9999985408898950e-01 +1.3775813318761981e-05 +1.0755252214570883e-05 +8.5575481863184750e-06 +8.1262241212545782e-06 +9.4074154766210401e-06
 42.50000000 +1.0000000000001281e+00 +1.9999986105310215e+00 +1.8568744911748737e-03 +9.9995034177796083e-01 +9.9999994810902959e-01 +9.9999991957751044e-01 +9.9999988619424873e-01 +9.9999985217379628e-01 +1.2336456500310731e-05 +9.6419505034100917e-06 +8.3756654272920478e-06 +8.9628158570447828e-06 +1.0735279806695400e-05
 43.00000000 +1.0000000000001295e+00 +1.9999985776740268e+00 +1.8573992093734390e-03 +9.9994947997670980e-01 +9.9999994824645366e-01 +9.9999991937492161e-01 +9.9999988542459051e-01 +9.9999985067392805e-01 +1.1015852506492112e-05 +9.0199467389490807e-06 +8.7891546916754712e-06 +1.0148047556788345e-05 +1.1943302550588067e-05
 43.50000000 +1.0000000000001303e+00 +1.9999985444797330e+00 +1.8583163016172603e-03 +9.9994748378166820e-01 +9.9999994859653785e-01 +9.9999991948787381e-01 +9.9999988501299297e-01 +9.9999984948126130e-01 +1.0036706838065496e-05 +8.9725881375065731e-06 +9.6845454893358481e-06 +1.1428342044037021e-05 +1.2791457810802060e-05
 44.00000000 +1.0000000000001323e+00 +1.9999985109351877e+00 +1.8594153927054670e-03 +9.9994483617890073e-01 +9.9999994916627810e-01 +9.9999991988204096e-01 +9.9999988486733715e-01 +9.9999984844363488e-01 +9.5487940679966585e-06 +9.4739097848727302e-06 +1.0864110223286859e-05 +1.2546667036182192e-05 +1.3127981358207226e-05
 44.50000000 +1.0000000000001332e+00 +1.9999984770230912e+00 +1.8604731116701188e-03 +9.9994209293978820e-01 +9.9999994992957097e-01 +9.9999992048427411e-01 +9.9999988486174585e-01 +9.9999984739401038e-01 +9.6071859371281597e-06 +1.0399996231456801e-05 +1.2088468172273978e-05 +1.3293504458480962e-05 +1.2915236478570987e-05
 45.00000000 +1.0000000000001354e+00 +1.9999984427254711e+00 +1.8612967575911059e-03 +9.9993977069666728e-01 +9.9999995083409710e-01 +9.9999992119730852e-01 +9.9999988486000480e-01 +9.9999984618052284e-01 +1.0168434585644032e-05 +1.1557544402637541e-05 +1.3124507972579753e-05 +1.3545292014749471e-05 +1.2230453102199325e-05
 45.50000000 +1.0000000000001368e+00 +1.9999984080270874e+00 +1.8617576440128137e-03 +9.9993825387109447e-01 +9.9999995181164025e-01 +9.9999992191723674e-01 +9.9999988473912749e-01 +9.9999984469204983e-01 +1.1104276677935358e-05 +1.2723331712185158e-05 +1.3789155764835435e-05 +1.3283470547322470e-05 +1.1242734834448960e-05
 46.00000000 +1.0000000000001374e+00 +1.9999983729179769e+00 +1.8618087557235633e-03 +9.9993773631513805e-01 +9.9999995278989495e-01 +9.9999992255067205e-01 +9.9999988440905618e-01 +9.9999984287508303e-01 +1.2229353985327864e-05 +1.3686678354831059e-05 +1.3980899544310120e-05 +1.2591562196011401e-05 +1.0172566764429635e-05
 46.50000000 +1.0000000000001392e+00 +1.9999983373947525e+00 +1.8614849499288557e-03 +9.9993820520644638e-01 +9.9999995370374117e-01 +9.9999992302878737e-01 +9.9999988382539673e-01 +9.9999984073946524e-01 +1.3337189545379193e-05 +1.4286938853007031e-05 +1.3693830728762997e-05 +1.1632242249022516e-05 +9.2432954842903945e-06
 47.00000000 +1.0000000000001412e+00 +1.9999983014605371e+00 +1.8608875082437564e-03 +9.9993946580848736e-01 +9.9999995450428325e-01 +9.9999992331620247e-01 +9.9999988299353049e-01 +9.9999983835269002e-01 +1.4237566186034322e-05 +1.4439476630790422e-05 +1.3012639886365611e-05 +1.0610226408833168e-05 +8.6351164017114249e-06
 47.50000000 +1.0000000000001423e+00 +1.9999982651236943e+00 +1.8601576936389576e-03 +9.9994119797941095e-01 +9.9999995516449203e-01 +9.9999992341371358e-01 +9.9999988196404166e-01 +9.9999983582451846e-01 +1.4788646158019297e-05 +1.4146110302239508e-05 +1.2090744488381299e-05 +9.7292448328846090e-06 +8.4509087544328093e-06
 48.00000000 +1.0000000000001441e+00 +1.9999982283957267e+00 +1.8594456012647235e-03 +9.9994303017482222e-01 +9.9999995568093702e-01 +9.9999992335495713e-01 +9.9999988082087587e-01 +9.9999983328523512e-01 +1.4918530020167849e-05 +1.3489130711280528e-05 +1.1116808249077074e-05 +9.1520147413152528e-06 +8.7002001720062862e-06
 48.50000000 +1.0000000000001457e+00 +1.9999981912888412e+00 +1.8588808195296441e-03 +9.9994461487415431e-01 +9.9999995607175285e-01 +9.9999992319806785e-01 +9.9999987966476955e-01 +9.9999983086176436e-01 +1.4633162180240404e-05 +1.2611061042571822e-05 +1.0276784122011021e-05 +8.9709440526181452e-06 +9.3033788227913196e-06
 49.00000000 +1.0000000000001470e+00 +1.9999981538136411e+00 +1.8585503440347601e-03 +9.9994569086674412e-01 +9.9999995637157457e-01 +9.9999992301414031e-01 +9.9999987859511774e-01 +9.9999982865597670e-01 +1.4010101256819637e-05 +1.1684803053352015e-05 +9.7189957693598491e-06 +9.1946550009671834e-06 +1.0113942102246302e-05
 49.50000000 +1.0000000000001479e+00 +1.9999981159774030e+00 +1.8584871657339494e-03 +9.9994612200514454e-01 +9.9999995662453400e-01 +9.9999992287463269e-01 +9.9999987769344101e-01 +9.9999982672880883e-01 +1.3180195461757154e-05 +1.0880264334390684e-05 +9.5286906786884830e-06 +9.7519349532306333e-06 +1.0952988752762419e-05
 50.00000000 +1.0000000000001503e+00 +1.9999980777831681e+00 +1.8586704901011170e-03 +9.9994590775736514e-01 +9.9999995687658894e-01 +9.9999992283983485e-01 +9.9999987701110749e-01 +9.9999982509255836e-01 +1.2301194880809223e-05 +1.0333794833938385e-05 +9.7162580677303966e-06 +1.0511153939243358e-05 +1.1648021574742807e-05
 50.50000000 +1.0000000000001512e+00 +1.9999980392297170e+00 +1.8590361731229666e-03 +9.9994516686924062e-01 +9.9999995716841061e-01 +9.9999992295014573e-01 +9.9999987656302769e-01 +9.9999982371211193e-01 +1.1528476519703049e-05 +1.0125815199005302e-05 +1.0220414835252792e-05 +1.1310253424788679e-05 +1.2067777843357655e-05
 51.00000000 +1.0000000000001521e+00 +1.9999980003123485e+00 +1.8594941410176788e-03 +9.9994410048000870e-01 +9.9999995752983117e-01 +9.9999992322130238e-01 +9.9999987632790133e-01 +9.9999982251426622e-01 +1.0988209494670352e-05 +1.0270149895318195e-05 +1.0924722087549284e-05 +1.1990651446533470e-05 +1.2146194529790517e-05
 51.50000000 +1.0000000000001545e+00 +1.9999979610241903e+00 +1.8599485900962704e-03 +9.9994294423889685e-01 +9.9999995797649111e-01 +9.9999992364394441e-01 +9.9999987625444609e-01 +9.9999982140292876e-01 +1.0757488536502168e-05 +1.0716193022421089e-05 +1.1683370710144148e-05 +1.2428095362250994e-05 +1.1891336434324212e-05
 52.00000000 +1.0000000000001563e+00 +1.9999979213577541e+00 +1.8603167340735442e-03 +9.9994191993185211e-01 +9.9999995850893186e-01 +9.9999992418717154e-01 +9.9999987627207676e-01 +9.9999982027713930e-01 +1.0854421944393318e-05 +1.1362609602348115e-05 +1.2350695682315371e-05 +1.2554586922790307e-05 +1.1378509458562680e-05
 52.50000000 +1.0000000000001579e+00 +1.9999978813063994e+00 +1.8605426723362038e-03 +9.9994119592264508e-01 +9.9999995911399842e-01 +9.9999992480516886e-01 +9.9999987630390541e-01 +9.9999981904860202e-01 +1.1239200572942500e-05 +1.2079259255464409e-05 +1.2808562076086622e-05 +1.2367687987953595e-05 +1.0730096578677095e-05
 53.00000000 +1.0000000000001594e+00 +1.9999978408654502e+00 +1.8606043334767333e-03 +9.9994086283983052e-01 +9.9999995976807632e-01 +9.9999992544555383e-01 +9.9999987627970910e-01 +9.9999981765573032e-01 +1.1825173748350008e-05 +1.2732764462668284e-05 +1.2986588957718220e-05 +1.1926276283282416e-05 +1.0087208446277149e-05
 53.50000000 +1.0000000000001605e+00 +1.9999978000327987e+00 +1.8605130591614132e-03 +9.9994092717096617e-01 +9.9999996044150075e-01 +9.9999992605797383e-01 +9.9999987614672969e-01 +9.9999981607206223e-01 +1.2497272919345173e-05 +1.3210810745917261e-05 +1.2871901308275546e-05 +1.1334567692974779e-05 +9.5795589057644151e-06
 54.00000000 +1.0000000000001616e+00 +1.9999977588089615e+00 +1.8603068851570047e-03 +9.9994132161381311e-01 +9.9999996110336420e-01 +9.9999992660159021e-01 +9.9999987587670669e-01 +9.9999981430802487e-01 +1.3134029296554415e-05 +1.3440855255074549e-05 +1.2507329573352567e-05 +1.0718408798234343e-05 +9.2998743880385251e-06
 54.50000000 +1.0000000000001643e+00 +1.9999977171966397e+00 +1.8600396669665037e-03 +9.9994192793977443e-01 +9.9999996172600591e-01 +9.9999992705038898e-01 +9.9999987546830982e-01 +9.9999981240627567e-01 +1.3629077870155359e-05 +1.3400257589828032e-05 +1.1979248303965957e-05 +1.0199076409955357e-05 +9.2877498938267233e-06
 55.00000000 +1.0000000000001654e+00 +1.9999976751999524e+00 +1.8597687207952478e-03 +9.9994260626860410e-01 +9.9999996228856902e-01 +9.9999992739569732e-01 +9.9999987494496634e-01 +9.9999981043190078e-01 +1.3908434820977818e-05 +1.3116631385538302e-05 +1.1398122300331241e-05 +9.8699248811375337e-06 +9.5255577024284614e-06
 55.50000000 +1.0000000000001670e+00 +1.9999976328235070e+00 +1.8595435756350149e-03 +9.9994322424281923e-01 +9.9999996277924841e-01 +9.9999992764581114e-01 +9.9999987434885096e-01 +9.9999980845959047e-01 +1.3940853071044462e-05 +1.2659086345361783e-05 +1.0875981640016399e-05 +9.7802603915758564e-06 +9.9463430670377934e-06
 56.00000000 +1.0000000000001683e+00 +1.9999975900715345e+00 +1.8593978530128241e-03 +9.9994368051625993e-01 +9.9999996319603601e-01 +9.9999992782304248e-01 +9.9999987373233978e-01 +9.9999980656017806e-01 +1.3739975238652755e-05 +1.2122638235274537e-05 +1.0505310261926604e-05 +9.9290652644427684e-06 +1.0451183986848470e-05
 56.50000000 +1.0000000000001699e+00 +1.9999975469472155e+00 +1.8593453911258356e-03 +9.9994391887072809e-01 +9.9999996354603082e-01 +9.9999992795891590e-01 +9.9999987314855754e-01 +9.9999980478892680e-01 +1.3358535149005315e-05 +1.1609134023018988e-05 +1.0343223588717222e-05 +1.0269053626492928e-05 +1.0931741304706431e-05
 57.00000000 +1.0000000000001719e+00 +1.9999975034522977e+00 +1.8593807341722131e-03 +9.9994393163608475e-01 +9.9999996384356160e-01 +9.9999992808842209e-01 +9.9999987264263324e-01 +9.9999980317739057e-01 +1.2876229443595303e-05 +1.1208415962767533e-05 +1.0403511879945261e-05 +1.0719466899034712e-05 +1.1292988582345442e-05
 57.50000000 +1.0000000000001734e+00 +1.9999974595870416e+00 +1.8594832296878394e-03 +9.9994375337645502e-01 +9.9999996410749570e-01 +9.9999992824429873e-01 +9.9999987224501619e-01 +9.9999980172994607e-01 +1.2383860884073048e-05 +1.0983116480888379e-05 +1.0657438337692125e-05 +1.1184419552315246e-05 +1.1471462401075247e-05
 58.00000000 +1.0000000000001739e+00 +1.9999974153504463e+00 +1.8596233775367778e-03 +9.9994344756969999e-01 +9.9999996435819438e-01 +9.9999992845220598e-01 +9.9999987196775908e-01 +9.9999980042519121e-01 +1.1966802551107405e-05 +1.0959551101426092e-05 +1.1042456166152314e-05 +1.1572762163809706e-05 +1.1445655837106868e-05
 58.50000000 +1.0000000000001756e+00 +1.9999973707406584e+00 +1.8597698356454574e-03 +9.9994308996827175e-01 +9.9999996461456375e-01 +9.9999992872745191e-01 +9.9999987180409644e-01 +9.9999979922157545e-01 +1.1690710345700081e-05 +1.1125875043842852e-05 +1.1476578111797325e-05 +1.1815448010459017e-05 +1.1237053408064427e-05
 59.00000000 +1.0000000000001765e+00 +1.9999973257554777e+00 +1.8598956059874187e-03 +9.9994275240903030e-01 +9.9999996489158638e-01 +9.9999992907358959e-01 +9.9999987173107752e-01 +9.9999979806593076e-01 +1.1591786479463865e-05 +1.1437258387450778e-05 +1.1875244443118225e-05 +1.1877199162736521e-05 +1.0902341196663533e-05
 59.50000000 +1.0000000000001785e+00 +1.9999972803928225e+00 +1.8599823230795705e-03 +9.9994249015085623e-01 +9.9999996519864676e-01 +9.9999992948294991e-01 +9.9999987171458127e-01 +9.9999979690324725e-01 +1.1672918890868660e-05 +1.1826581379751290e-05 +1.2167316339153127e-05 +1.1760645000859583e-05 +1.0519089001530596e-05
 60.00000000 +1.0000000000001796e+00 +1.9999972346510979e+00 +1.8600221227115337e-03 +9.9994233461667503e-01 +9.9999996553877701e-01 +9.9999992993880782e-01 +9.9999987171565574e-01 +9.9999979568591058e-01 +1.1905890854919805e-05 +1.2218271854509380e-05 +1.2307259089364430e-05 +1.1502732220950833e-05 +1.0168351053271774e-05
 60.50000000 +1.0000000000001821e+00 +1.9999971885294177e+00 +1.8600171425587815e-03 +9.9994229202467755e-01 +9.9999996590886797e-01 +9.9999993041872959e-01 +9.9999987169707338e-01 +9.9999979438092601e-01 +1.2238782321097474e-05 +1.2542531104265635e-05 +1.2281537026278010e-05 +1.1164739010020916e-05 +9.9179811747282114e-06
 61.00000000 +1.0000000000001839e+00 +1.9999971420276361e+00 +1.8599771769556791e-03 +9.9994234712743568e-01 +9.9999996630070653e-01 +9.9999993089845340e-01 +9.9999987162900961e-01 +9.9999979297405406e-01 +1.2606853162474019e-05 +1.2747350251935330e-05 +1.2108495387445820e-05 +1.0818371643127409e-05 +9.8100008130000097e-06
 61.50000000 +1.0000000000001852e+00 +1.9999970951462567e+00 +1.8599162934572857e-03 +9.9994247037986261e-01 +9.9999996670264202e-01 +9.9999993135570286e-01 +9.9999987149304503e-01 +9.9999979147048068e-01 +1.2944734408411175e-05 +1.2806333994535066e-05 +1.1832291124618546e-05 +1.0530985010198133e-05 +9.8542546542166768e-06
 62.00000000 +1.0000000000001863e+00 +1.9999970478862392e+00 +1.8598492883858374e-03 +9.9994262645613774e-01 +9.9999996710158567e-01 +9.9999993177333812e-01 +9.9999987128398005e-01 +9.9999978989217242e-01 +1.3197707476074244e-05 +1.2721272331049783e-05 +1.1512508191048095e-05 +1.0352886696815246e-05 +1.0029119023436789e-05
 62.50000000 +1.0000000000001878e+00 +1.9999970002487708e+00 +1.8597887323210651e-03 +9.9994278213632670e-01 +9.9999996748503761e-01 +9.9999993214145622e-01 +9.9999987100939869e-01 +9.9999978827268754e-01 +1.3330196466558264e-05 +1.2519439380394041e-05 +1.1211767404817875e-05 +1.0309027389601657e-05 +1.0288525392070967e-05
 63.00000000 +1.0000000000001896e+00 +1.9999969522350409e+00 +1.8597430932573789e-03 +9.9994291208247632e-01 +9.9999996784286271e-01 +9.9999993245821306e-01 +9.9999987068724538e-01 +9.9999978665051559e-01 +1.3330241339918842e-05 +1.2246552870475518e-05 +1.0983822471026469e-05 +1.0396326589823336e-05 +1.0573336364565900e-05
 63.50000000 +1.0000000000001907e+00 +1.9999969038460790e+00 +1.8597161041264197e-03 +9.9994300174935469e-01 +9.9999996816858050e-01 +9.9999993272937038e-01 +9.9999987034199467e-01 +9.9999978506219467e-01 +1.3209522461795059e-05 +1.1957031787037152e-05 +1.0864329718306783e-05 +1.0586673329252162e-05 +1.0824392163554661e-05
 64.00000000 +1.0000000000001927e+00 +1.9999968550826455e+00 +1.8597072419447096e-03 +9.9994304743255502e-01 +9.9999996846003547e-01 +9.9999993296675127e-01 +9.9999987000014223e-01 +9.9999978353637553e-01 +1.2999315567093067e-05 +1.1703536461637772e-05 +1.0865788712649236e-05 +1.0834528308324620e-05 +1.0994436053903186e-05
 64.50000000 +1.0000000000001938e+00 +1.9999968059452236e+00 +1.8597129701192973e-03 +9.9994305407571749e-01 +9.9999996871938890e-01 +9.9999993318593350e-01 +9.9999986968579946e-01 +9.9999978208971774e-01 +1.2743428810121217e-05 +1.1527732855508488e-05 +1.0977238104965344e-05 +1.1087247488136087e-05 +1.1056597152593504e-05
 65.00000000 +1.0000000000001952e+00 +1.9999967564340315e+00 +1.8597282971684484e-03 +9.9994303182608324e-01 +9.9999996895250798e-01 +9.9999993340360172e-01 +9.9999986941708074e-01 +9.9999978072515294e-01 +1.2489604617813449e-05 +1.1453832563623461e-05 +1.1168347760208390e-05 +1.1295879625319179e-05 +1.1008011983102329e-05
 65.50000000 +1.0000000000001967e+00 +1.9999967065490942e+00 +1.8597482263713854e-03 +9.9994299240403350e-01 +9.9999996916786660e-01 +9.9999993363497686e-01 +9.9999986920376926e-01 +9.9999977943255958e-01 +1.2281004471504638e-05 +1.1485823463386983e-05 +1.1396755306073747e-05 +1.1424295351877488e-05 +1.0868279183798928e-05
 66.00000000 +1.0000000000001987e+00 +1.9999966562903246e+00 +1.8597687863325628e-03 +9.9994294617013602e-01 +9.9999996937517099e-01 +9.9999993389171349e-01 +9.9999986904652505e-01 +9.9999977819154184e-01 +1.2149237003436455e-05 +1.1608560253351452e-05 +1.1616989173460641e-05 +1.1455020775037923e-05 +1.0673518700611103e-05
 66.50000000 +1.0000000000002003e+00 +1.9999966056575844e+00 +1.8597874992260335e-03 +9.9994290041847389e-01 +9.9999996958391768e-01 +9.9999993418051725e-01 +9.9999986893760040e-01 +9.9999977697563169e-01 +1.2109992495655291e-05 +1.1792174322721402e-05 +1.1789170968093598e-05 +1.1390936478011495e-05 +1.0467630596744398e-05
 67.00000000 +1.0000000000002016e+00 +1.9999965546507386e+00 +1.8598033134950569e-03 +9.9994285901013558e-01 +9.9999996980210715e-01 +9.9999993450264679e-01 +9.9999986886282222e-01 +9.9999977575711430e-01 +1.2161800719273024e-05 +1.1998713915973397e-05 +1.1885893782998615e-05 +1.1252884142117890e-05 +1.0292773622669465e-05
 67.50000000 +1.0000000000002029e+00 +1.9999965032696823e+00 +1.8598161596354334e-03 +9.9994282309455307e-01 +9.9999997003528018e-01 +9.9999993485427607e-01 +9.9999986880440106e-01 +9.9999977451160793e-01 +1.2287842612029774e-05 +1.2189623213361281e-05 +1.1896159555840870e-05 +1.1074016426700186e-05 +1.0181059090325135e-05
 68.00000000 +1.0000000000002045e+00 +1.9999964515143462e+00 +1.8598263553887627e-03 +9.9994279242996353e-01 +9.9999997028598964e-01 +9.9999993522759290e-01 +9.9999986874405233e-01 +9.9999977322166822e-01 +1.2460225307515691e-05 +1.2332645103018943e-05 +1.1825910427953741e-05 +1.0892283642384032e-05 +1.0149027274982910e-05
 68.50000000 +1.0000000000002067e+00 +1.9999963993846959e+00 +1.8598340835523800e-03 +9.9994276674539950e-01 +9.9999997055375378e-01 +9.9999993561239997e-01 +9.9999986866590984e-01 +9.9999977187893130e-01 +1.2645759143018530e-05 +1.2406965885618269e-05 +1.1695368384741127e-05 +1.0742685357525186e-05 +1.0195765869103115e-05
 69.00000000 +1.0000000000002081e+00 +1.9999963468807371e+00 +1.8598391032688347e-03 +9.9994274667712069e-01 +9.9999997083544601e-01 +9.9999993599792458e-01 +9.9999986855878698e-01 +9.9999977048455857e-01 +1.2812105129244550e-05 +1.2405844972247850e-05 +1.1533973869032878e-05 +1.0650810242288039e-05 +1.0304712992719671e-05
 69.50000000 +1.0000000000002087e+00 +1.9999962940025116e+00 +1.8598407587062753e-03 +9.9994273401621914e-01 +9.9999997112603867e-01 +9.9999993637455964e-01 +9.9999986841750477e-01 +9.9999976904810006e-01 +1.2933202887072473e-05 +1.2336494247177199e-05 +1.1374088697520831e-05 +1.0628795219586367e-05 +1.0448437572359577e-05
 70.00000000 +1.0000000000002107e+00 +1.9999962407501137e+00 +1.8598382474834959e-03 +9.9994273125306021e-01 +9.9999997141954933e-01 +9.9999993673525955e-01 +9.9999986824315379e-01 +9.9999976758509224e-01 +1.2993115237384367e-05 +1.2217486882849178e-05 +1.1244749916061867e-05 +1.0674258970382958e-05 +1.0595153933381506e-05
 70.50000000 +1.0000000000002123e+00 +1.9999961871237084e+00 +1.8598310324392014e-03 +9.9994274062749633e-01 +9.9999997171002797e-01 +9.9999993707641965e-01 +9.9999986804234664e-01 +9.9999976611390640e-01 +1.2987779820919035e-05 +1.2074391617669218e-05 +1.1166630263566917e-05 +1.0772134971906748e-05 +1.0715494191361819e-05
 71.00000000 +1.0000000000002147e+00 +1.9999961331235425e+00 +1.8598192428089689e-03 +9.9994276303532081e-01 +9.9999997199244950e-01 +9.9999993739815707e-01 +9.9999986782569084e-01 +9.9999976465245000e-01 +1.2924566744198106e-05 +1.1934580103517792e-05 +1.1149026182870956e-05 +1.0898773732048117e-05 +1.0788150242703182e-05
 71.50000000 +1.0000000000002158e+00 +1.9999960787499431e+00 +1.8598039204656698e-03 +9.9994279717175871e-01 +9.9999997226336779e-01 +9.9999993770399276e-01 +9.9999986760577186e-01 +9.9999976321525186e-01 +1.2819928252743096e-05 +1.1822212236830542e-05 +1.1189238085333210e-05 +1.1027304129823198e-05 +1.0803358232183244e-05
 72.00000000 +1.0000000000002169e+00 +1.9999960240033241e+00 +1.8597870168902597e-03 +9.9994283921390703e-01 +9.9999997252127548e-01 +9.9999993800005138e-01 +9.9999986739503166e-01 +9.9999976181139283e-01 +1.2695726840334938e-05 +1.1754275744801946e-05 +1.1274227087862020e-05 +1.1133097025745143e-05 +1.0763732729227857e-05
 72.50000000 +1.0000000000002194e+00 +1.9999959688841489e+00 +1.8597711205723070e-03 +9.9994288318494906e-01 +9.9999997276662766e-01 +9.9999993829393574e-01 +9.9999986720386935e-01 +9.9999976044351468e-01 +1.2574998365426900e-05 +1.1738282868944893e-05 +1.1384020110178638e-05 +1.1198266661434121e-05 +1.0682540194267995e-05
 73.00000000 +1.0000000000002196e+00 +1.9999959133928957e+00 +1.8597589714739471e-03 +9.9994292195086143e-01 +9.9999997300156551e-01 +9.9999993859347636e-01 +9.9999986703924193e-01 +9.9999975910797922e-01 +1.2477929894642149e-05 +1.1771872099556136e-05 +1.1496061656841001e-05 +1.1214435538369882e-05 +1.0580008785057917e-05
 73.50000000 +1.0000000000002214e+00 +1.9999958575300065e+00 +1.8597528788009106e-03 +9.9994294862667799e-01 +9.9999997322942336e-01 +9.9999993890558059e-01 +9.9999986690395926e-01 +9.9999975779603967e-01 +1.2418718535120838e-05 +1.1844198409075890e-05 +1.1589613432509782e-05 +1.1183400519080723e-05 +1.0478608531583321e-05
 74.00000000 +1.0000000000002232e+00 +1.9999958012958454e+00 +1.8597541861554193e-03 +9.9994295805758759e-01 +9.9999997345408731e-01 +9.9999993923530972e-01 +9.9999986679667874e-01 +9.9999975649571782e-01 +1.2403760545457871e-05 +1.1938687809190630e-05 +1.1649382933614446e-05 +1.1115779555863764e-05 +1.0398350891187169e-05
 74.50000000 +1.0000000000002256e+00 +1.9999957446906649e+00 +1.8597629185758151e-03 +9.9994294801555872e-01 +9.9999997367934890e-01 +9.9999993958534428e-01 +9.9999986671257435e-01 +9.9999975519403927e-01 +1.2431347297227213e-05 +1.2036530956592376e-05 +1.1667786773368119e-05 +1.1028100814085412e-05 +1.0353048420625422e-05
 75.00000000 +1.0000000000002274e+00 +1.9999956877145892e+00 +1.8597777029032163e-03 +9.9994291981712313e-01 +9.9999997390832718e-01 +9.9999993995585379e-01 +9.9999986664447837e-01 +9.9999975387920248e-01 +1.2492768860232849e-05 +1.2120221432741725e-05 +1.1645567296226901e-05 +1.0939050561331595e-05 +1.0348188000312276e-05
 75.50000000 +1.0000000000002283e+00 +1.9999956303676230e+00 +1.8597959881709583e-03 +9.9994287820333327e-01 +9.9999997414305375e-01 +9.9999994034476591e-01 +9.9999986658429296e-01 +9.9999975254235451e-01 +1.2574495012072929e-05 +1.2176506352850848e-05 +1.1590814723189470e-05 +1.0865686386159497e-05 +1.0380680865796586e-05
 76.00000000 +1.0000000000002289e+00 +1.9999955726496881e+00 +1.8598145226580512e-03 +9.9994283049366151e-01 +9.9999997438425925e-01 +9.9999994074834697e-01 +9.9999986652440431e-01 +9.9999975117871875e-01 +1.2660952627188995e-05 +1.2198285717805754e-05 +1.1516737231184084e-05 +1.0820347203041970e-05 +1.0440348975878646e-05
 76.50000000 +1.0000000000002309e+00 +1.9999955145606612e+00 +1.8598299856474574e-03 +9.9994278519038826e-01 +9.9999997463136803e-01 +9.9999994116197566e-01 +9.9999986645888950e-01 +9.9999974978794626e-01 +1.2737365523503135e-05 +1.2185231279742586e-05 +1.1438718301889187e-05 +1.0808782511171237e-05 +1.0512672971326003e-05
 77.00000000 +1.0000000000002323e+00 +1.9999954561004414e+00 +1.8598396380024151e-03 +9.9994275033095659e-01 +9.9999997488268000e-01 +9.9999994158096683e-01 +9.9999986638433525e-01 +9.9999974837372563e-01 +1.2792167004740876e-05 +1.2143146926791086e-05 +1.1371277209198675e-05 +1.0829734783338753e-05 +1.0582122574680698e-05
 77.50000000 +1.0000000000002343e+00 +1.9999953972689937e+00 +1.8598418532604179e-03 +9.9994273193699790e-01 +9.9999997513569872e-01 +9.9999994200132203e-01 +9.9999986630018833e-01 +9.9999974694278415e-01 +1.2818618923330437e-05 +1.2082313968619724e-05 +1.1325502801493511e-05 +1.0875904851735906e-05 +1.0635343635692212e-05
 78.00000000 +1.0000000000002356e+00 +1.9999953380663968e+00 +1.8598364193416384e-03 +9.9994273288154700e-01 +9.9999997538752428e-01 +9.9999994242028145e-01 +9.9999986620861581e-01 +9.9999974550349702e-01 +1.2815444594960783e-05 +1.2015219694711932e-05 +1.1307383971534989e-05 +1.0935971263067538e-05 +1.0663580189121862e-05
 78.50000000 +1.0000000000002374e+00 +1.9999952784928585e+00 +1.8598245525597978e-03 +9.9994275239968333e-01 +9.9999997563525955e-01 +9.9999994283663407e-01 +9.9999986611395408e-01 +9.9999974406437675e-01 +1.2786471271939132e-05 +1.1954135385473505e-05 +1.1317250259416634e-05 +1.0997166245465338e-05 +1.0663928116742365e-05
 79.00000000 +1.0000000000002389e+00 +1.9999952185487022e+00 +1.8598086280220351e-03 +9.9994278632655598e-01 +9.9999997587635658e-01 +9.9999994325073682e-01 +9.9999986602187196e-01 +9.9999974263269398e-01 +1.2739447190398843e-05 +1.1908987615012373e-05 +1.1350308594494554e-05 +1.1047856247957087e-05 +1.0639293331556682e-05
 79.50000000 +1.0000000000002407e+00 +1.9999951582343580e+00 +1.8597916896135023e-03 +9.9994282799313106e-01 +9.9999997610886648e-01 +9.9999994366429512e-01 +9.9999986593840673e-01 +9.9999974121344648e-01 +1.2684321379123535e-05 +1.1885867709744057e-05 +1.1398061384349091e-05 +1.1079632556279036e-05 +1.0597200028034264e-05
 80.00000000 +1.0000000000002420e+00 +1.9999950975503036e+00 +1.8597768459947088e-03 +9.9994286957754697e-01 +9.9999997633156890e-01 +9.9999994407994652e-01 +9.9999986586904022e-01 +9.9999973980879908e-01 +1.2631335214356527e-05 +1.1886374437282625e-05 +1.1450251481725857e-05 +1.1088564202662196e-05 +1.0547808973600660e-05
 80.50000000 +1.0000000000002436e+00 +1.9999950364970178e+00 +1.8597666779758312e-03 +9.9994290362565152e-01 +9.9999997654397277e-01 +9.9999994450074681e-01 +9.9999986581795897e-01 +9.9999973841804490e-01 +1.2589269364182705e-05 +1.1907816559895729e-05 +1.1496920408065840e-05 +1.1075463383138541e-05 +1.0501625128122937e-05
 81.00000000 +1.0000000000002447e+00 +1.9999949750749337e+00 +1.8597627745732383e-03 +9.9994292443326371e-01 +9.9999997674621066e-01 +9.9999994492963951e-01 +9.9999986578759259e-01 +9.9999973703803691e-01 +1.2564126316636313e-05 +1.1944146844129602e-05 +1.1530189903607320e-05 +1.1045219113939036e-05 +1.0467384303717118e-05
 81.50000000 +1.0000000000002467e+00 +1.9999949132843926e+00 +1.8597654832185873e-03 +9.9994292902572390e-01 +9.9999997693885678e-01 +9.9999994536899794e-01 +9.9999986577847866e-01 +9.9999973566396960e-01 +1.2558424286222200e-05 +1.1987383660092242e-05 +1.1545470054388427e-05 +1.1005427409928466e-05 +1.0450519796204419e-05
 82.00000000 +1.0000000000002476e+00 +1.9999948511256387e+00 +1.8597739120215985e-03 +9.9994291756469034e-01 +9.9999997712270172e-01 +9.9999994582030294e-01 +9.9999986578943489e-01 +9.9999973429035383e-01 +1.2571155278547389e-05 +1.2029216691640357e-05 +1.1541935083623302e-05 +1.0964656147788980e-05 +1.0452450553609620e-05
 82.50000000 +1.0000000000002498e+00 +1.9999947885988034e+00 +1.8597861695007587e-03 +9.9994289313533002e-01 +9.9999997729853285e-01 +9.9999994628399180e-01 +9.9999986581799483e-01 +9.9999973291200284e-01 +1.2598341553600717e-05 +1.2062494014596236e-05 +1.1522259967689126e-05 +1.0930715654705053e-05 +1.0470742206798811e-05
 83.00000000 +1.0000000000002516e+00 +1.9999947257039394e+00 +1.8597997809007890e-03 +9.9994286099200547e-01 +9.9999997746693581e-01 +9.9999994675947423e-01 +9.9999986586098355e-01 +9.9999973152486576e-01 +1.2634030448175190e-05 +1.2082342111954839e-05 +1.1491747623624711e-05 +1.0909264076700879e-05 +1.0500012733016687e-05
 83.50000000 +1.0000000000002529e+00 +1.9999946624410485e+00 +1.8598121891602369e-03 +9.9994282744188911e-01 +9.9999997762816284e-01 +9.9999994724530816e-01 +9.9999986591515533e-01 +9.9999973012659793e-01 +1.2671510928517833e-05 +1.2086762695652254e-05 +1.1457073956674241e-05 +1.0902976100009182e-05 +1.0533320470616960e-05
 84.00000000 +1.0000000000002540e+00 +1.9999945988101218e+00 +1.8598212380324657e-03 +9.9994279860470492e-01 +9.9999997778206018e-01 +9.9999994773947753e-01 +9.9999986597776724e-01 +9.9999972871679677e-01 +1.2704521817923085e-05 +1.2076659862866245e-05 +1.1424922861196193e-05 +1.0911370472833049e-05 +1.0563705449300181e-05
 84.50000000 +1.0000000000002560e+00 +1.9999945348111821e+00 +1.8598255454625417e-03 +9.9994277929442854e-01 +9.9999997792807060e-01 +9.9999994823971594e-01 +9.9999986604700752e-01 +9.9999972729689957e-01 +1.2728248841590999e-05 +1.2055356712570305e-05 +1.1400772958156329e-05 +1.0931255264012045e-05 +1.0585561381669330e-05
 85.00000000 +1.0000000000002580e+00 +1.9999944704443178e+00 +1.8598247033779262e-03 +9.9994277222738226e-01 +9.9999997806528329e-01 +9.9999994874382936e-01 +9.9999986612222602e-01 +9.9999972586979968e-01 +1.2739966239298754e-05 +1.2027743799093162e-05 +1.1388040534313565e-05 +1.0957636522600011e-05 +1.0595585672992572e-05
 85.50000000 +1.0000000000002596e+00 +1.9999944057096994e+00 +1.8598192786055184e-03 +9.9994277768287299e-01 +9.9999997819253650e-01 +9.9999994924996205e-01 +9.9999986620395787e-01 +9.9999972443927043e-01 +1.2739255165854879e-05 +1.1999250465068624e-05 +1.1387694721491671e-05 +1.0984865100479979e-05 +1.0593167245555089e-05
 86.00000000 +1.0000000000002605e+00 +1.9999943406075811e+00 +1.8598106301605216e-03 +9.9994279364561534e-01 +9.9999997830853671e-01 +9.9999994975676898e-01 +9.9999986629374771e-01 +9.9999972300931095e-01 +1.2727810365077044e-05 +1.1974839484526154e-05 +1.1398361270602113e-05 +1.1007776661427623e-05 +1.0580199540930432e-05
 86.50000000 +1.0000000000002618e+00 +1.9999942751382855e+00 +1.8598005924468533e-03 +9.9994281636442572e-01 +9.9999997841198651e-01 +9.9999995026349064e-01 +9.9999986639383709e-01 +9.9999972158353256e-01 +1.2708914844732692e-05 +1.1958198388388474e-05 +1.1416839999400572e-05 +1.1022609259169867e-05 +1.0560421545157722e-05
 87.00000000 +1.0000000000002633e+00 +1.9999942093021850e+00 +1.8597910956910553e-03 +9.9994284118737287e-01 +9.9999997850168809e-01 +9.9999995076991499e-01 +9.9999986650676587e-01 +9.9999972016466754e-01 +1.2686709150070196e-05 +1.1951246322804282e-05 +1.1438893974967181e-05 +1.1027550046832303e-05 +1.0538471413730942e-05
 87.50000000 +1.0000000000002651e+00 +1.9999941430996644e+00 +1.8597838009693324e-03 +9.9994286349266726e-01 +9.9999997857663048e-01 +9.9999995127626318e-01 +9.9999986663497376e-01 +9.9999971875428162e-01 +1.2665401831117081e-05 +1.1954006129387052e-05 +1.1460135266222938e-05 +1.1022850432396998e-05 +1.0518872850974321e-05
 88.00000000 +1.0000000000002669e+00 +1.9999940765310971e+00 +1.8597798176680817e-03 +9.9994287953202821e-01 +9.9999997863603907e-01 +9.9999995178301748e-01 +9.9999986678045816e-01 +9.9999971735270787e-01 +1.2648560548989541e-05 +1.1964821468279173e-05 +1.1476834853633993e-05 +1.1010538120555588e-05 +1.0505162092748073e-05
 88.50000000 +1.0000000000002678e+00 +1.9999940095968094e+00 +1.8597795493994860e-03 +9.9994288703621848e-01 +9.9999997867939194e-01 +9.9999995229072869e-01 +9.9999986694453658e-01 +9.9999971595918524e-01 +1.2638593357352737e-05 +1.1980840660574987e-05 +1.1486518301456092e-05 +1.0993827760353064e-05 +1.0499311199963054e-05
 89.00000000 +1.0000000000002693e+00 +1.9999939422970823e+00 +1.8597826856667466e-03 +9.9994288549120769e-01 +9.9999997870640955e-01 +9.9999995279983922e-01 +9.9999986712774314e-01 +9.9999971457216252e-01 +1.2636484779843715e-05 +1.1998651398034961e-05 +1.1488264156616048e-05 +1.0976377194265545e-05 +1.0501526456325115e-05
 89.50000000 +1.0000000000002709e+00 +1.9999938746321313e+00 +1.8597883271865435e-03 +9.9994287606424570e-01 +9.9999997871701141e-01 +9.9999995331053637e-01 +9.9999986732985646e-01 +9.9999971318969494e-01 +1.2641800776999699e-05 +1.2014937744353000e-05 +1.1482686049126165e-05 +1.0961548229400452e-05 +1.0510417209941348e-05
 90.00000000 +1.0000000000002729e+00 +1.9999938066021248e+00 +1.8597952085099138e-03 +9.9994286122716103e-01 +9.9999997871126878e-01 +9.9999995382267126e-01 +9.9999986755003667e-01 +9.9999971180985958e-01 +1.2652929791902512e-05 +1.2027042232781319e-05 +1.1471639354839707e-05 +1.0951811106447854e-05 +1.0523457879987444e-05
 90.50000000 +1.0000000000002738e+00 +1.9999937382071939e+00 +1.8598019666502754e-03 +9.9994284417662782e-01 +9.9999997868934165e-01 +9.9999995433572975e-01 +9.9999986778704542e-01 +9.9999971043112523e-01 +1.2667491299005621e-05 +1.2033346466558136e-05 +1.1457738548989449e-05 +1.0948387976247487e-05 +1.0537617208420792e-05
 91.00000000 +1.0000000000002749e+00 +1.9999936694474558e+00 +1.8598074007971565e-03 +9.9994282817942670e-01 +9.9999997865142654e-01 +9.9999995484886861e-01 +9.9999986803949514e-01 +9.9999970905261426e-01 +1.2682823376365813e-05 +1.2033425754054777e-05 +1.1443795483028463e-05 +1.0951173970988735e-05 +1.0550010959765475e-05
 91.50000000 +1.0000000000002764e+00 +1.9999936003230374e+00 +1.8598106754306673e-03 +9.9994281597184309e-01 +9.9999997859770762e-01 +9.9999995536098951e-01 +9.9999986830608745e-01 +9.9999970767422985e-01 +1.2696458234149134e-05 +1.2027978153290109e-05 +1.1432289893318172e-05 +1.0958917244169034e-05 +1.0558446999952897e-05
 92.00000000 +1.0000000000002778e+00 +1.9999935308340950e+00 +1.8598114347454131e-03 +9.9994280931894297e-01 +9.9999997852832068e-01 +9.9999995587084267e-01 +9.9999986858580625e-01 +9.9999970629664614e-01 +1.2706507700607815e-05 +1.2018567640609128e-05 +1.1424964091759833e-05 +1.0969592613468403e-05 +1.0561768784896501e-05
 92.50000000 +1.0000000000002798e+00 +1.9999934609808141e+00 +1.8598098163728940e-03 +9.9994280879847097e-01 +9.9999997844333977e-01 +9.9999995637713768e-01 +9.9999986887803483e-01 +9.9999970492116974e-01 +1.2711905274445985e-05 +1.2007248708161079e-05 +1.1422600026605272e-05 +1.0980874800282813e-05 +1.0559954437215849e-05
 93.00000000 +1.0000000000002811e+00 +1.9999933907634275e+00 +1.8598063726256962e-03 +9.9994281382526795e-01 +9.9999997834276932e-01 +9.9999995687864307e-01 +9.9999986918259309e-01 +9.9999970354952028e-01 +1.2712481929613732e-05 +1.1996152124102294e-05 +1.1424996673399420e-05 +1.0990609954903566e-05 +1.0553981931051496e-05
 93.50000000 +1.0000000000002831e+00 +1.9999933201822082e+00 +1.8598019239790750e-03 +9.9994282288554415e-01 +9.9999997822656117e-01 +9.9999995737426339e-01 +9.9999986949970077e-01 +9.9999970218356982e-01 +1.2708883508168783e-05 +1.1987108540315642e-05 +1.1431127168557441e-05 +1.0997196952354321e-05 +1.0545515607263855e-05
 94.00000000 +1.0000000000002842e+00 +1.9999932492374510e+00 +1.8597973795078085e-03 +9.9994283391460859e-01 +9.9999997809463503e-01 +9.9999995786308327e-01 +9.9999986982986699e-01 +9.9999970082508149e-01 +1.2702363078544009e-05 +1.1981370553623687e-05 +1.1439425063826483e-05 +1.0999817923460268e-05 +1.0536497525464912e-05
 94.50000000 +1.0000000000002858e+00 +1.9999931779294666e+00 +1.8597935613161275e-03 +9.9994284473241013e-01 +9.9999997794690909e-01 +9.9999995834438427e-01 +9.9999987017375935e-01 +9.9999969947551037e-01 +1.2694498398205660e-05 +1.1979469157025139e-05 +1.1448131983073799e-05 +1.0998493447185011e-05 +1.0528735470462101e-05
 95.00000000 +1.0000000000002875e+00 +1.9999931062585705e+00 +1.8597910650572575e-03 +9.9994285345017953e-01 +9.9999997778333294e-01 +9.9999995881762160e-01 +9.9999987053204364e-01 +9.9999969813585698e-01 +1.2686890873036787e-05 +1.1981212654245400e-05 +1.1455636306912791e-05 +1.0993973949693320e-05 +1.0523568618889640e-05
 95.50000000 +1.0000000000002887e+00 +1.9999930342250607e+00 +1.8597901782054828e-03 +9.9994285877680200e-01 +9.9999997760391701e-01 +9.9999995928238783e-01 +9.9999987090525488e-01 +9.9999969680663092e-01 +1.2680898416204071e-05 +1.1985810335605821e-05 +1.1460742968235427e-05 +1.0987508259980110e-05 +1.0521666471009330e-05
 96.00000000 +1.0000000000002904e+00 +1.9999929618292160e+00 +1.8597908644368839e-03 +9.9994286018043177e-01 +9.9999997740876179e-01 +9.9999995973836231e-01 +9.9999987129369461e-01 +9.9999969548788403e-01 +1.2677442339564123e-05 +1.1992083775103780e-05 +1.1462834454739586e-05 +1.0980548232080326e-05 +1.0522983515566935e-05
 96.50000000 +1.0000000000002918e+00 +1.9999928890712921e+00 +1.8597928091589914e-03 +9.9994285789288673e-01 +9.9999997719807299e-01 +9.9999996018525350e-01 +9.9999987169737448e-01 +9.9999969417931767e-01 +1.2676910973376718e-05 +1.1998718105786849e-05 +1.1461907829324496e-05 +1.0974452905848701e-05 +1.0526858738965920e-05
 97.00000000 +1.0000000000002933e+00 +1.9999928159515199e+00 +1.8597955104311724e-03 +9.9994285277493933e-01 +9.9999997697217358e-01 +9.9999996062275387e-01 +9.9999987211601082e-01 +9.9999969288043078e-01 +1.2679163693817575e-05 +1.2004504762185571e-05 +1.1458496900893841e-05 +1.0970247683077290e-05 +1.0532222118056280e-05
 97.50000000 +1.0000000000002942e+00 +1.9999927424701085e+00 +1.8597983929801332e-03 +9.9994284608408002e-01 +9.9999997673149921e-01 +9.9999996105050371e-01 +9.9999987254906320e-01 +9.9999969159068103e-01 +1.2683621838635513e-05 +1.2008534864515031e-05 +1.1453508234758864e-05 +1.0968476561888831e-05 +1.0537854146478697e-05
 98.00000000 +1.0000000000002964e+00 +1.9999926686272664e+00 +1.8598009214568488e-03 +9.9994283919924121e-01 +9.9999997647659367e-01 +9.9999996146807146e-01 +9.9999987299580229e-01 +9.9999969030963176e-01 +1.2689420262883272e-05 +1.2010316218489069e-05 +1.1448011542112182e-05 +1.0969163109604856e-05 +1.0542641007997370e-05
 98.50000000 +1.0000000000002978e+00 +1.9999925944231949e+00 +1.8598026921842318e-03 +9.9994283335811673e-01 +9.9999997620808512e-01 +9.9999996187495022e-01 +9.9999987345539798e-01 +9.9999968903706205e-01 +1.2695586587063822e-05 +1.2009803619859368e-05 +1.1443027974750978e-05 +1.0971873425481890e-05 +1.0545776270118554e-05
 99.00000000 +1.0000000000002995e+00 +1.9999925198581088e+00 +1.8598034892428016e-03 +9.9994282945340984e-01 +9.9999997592666989e-01 +9.9999996227057353e-01 +9.9999987392700340e-01 +9.9999968777302595e-01 +1.2701214860522468e-05 +1.2007348491054218e-05 +1.1439354581693271e-05 +1.0975856094882529e-05 +1.0546876786995686e-05
 99.50000000 +1.0000000000003011e+00 +1.9999924449322297e+00 +1.8598032991500126e-03 +9.9994282791761735e-01 +9.9999997563308551e-01 +9.9999996265433233e-01 +9.9999987440983185e-01 +9.9999968651785931e-01 +1.2705605628703305e-05 +1.2003587040268178e-05 +1.1437451689702176e-05 +1.0980222966151459e-05 +1.0546001453311662e-05
100.00000000 +1.0000000000003020e+00 +1.9999923696458037e+00 +1.8598022867940421e-03 +9.9994282870587681e-01 +9.9999997532809015e-01 +9.9999996302560923e-01 +9.9999987490320952e-01 +9.9999968527213734e-01 +1.2708353639959189e-05 +1.1999294244084757e-05 +1.1437405147862930e-05 +1.0984131671464508e-05 +1.0543581884356620e-05
100.50000000 +1.0000000000003035e+00 +1.9999922939990882e+00 +1.8598007421033506e-03 +9.9994283136717721e-01 +9.9999997501244309e-01 +9.9999996338380426e-01 +9.9999987540659774e-01 +9.9999968403659922e-01 +1.2709375585265559e-05 +1.1995233265750389e-05 +1.1438960349103429e-05 +1.0986935625939280e-05 +1.0540290069797376e-05
101.00000000 +1.0000000000003060e+00 +1.9999922179923588e+00 +1.8597990110944807e-03 +9.9994283517929627e-01 +9.9999997468689261e-01 +9.9999996372836319e-01 +9.9999987591959261e-01 +9.9999968281205276e-01 +1.2708881214436146e-05 +1.1992026796547436e-05 +1.1441612455898455e-05 +1.0988277848736507e-05 +1.0536877015979891e-05
101.50000000 +1.0000000000003080e+00 +1.9999921416258932e+00 +1.8597974260107909e-03 +9.9994283931443273e-01 +9.9999997435216603e-01 +9.9999996405879454e-01 +9.9999987644189525e-01 +9.9999968159927444e-01 +1.2707300113043597e-05 +1.1990069511608763e-05 +1.1444729234546134e-05 +1.0988118589389162e-05 +1.0534017525415001e-05
102.00000000 +1.0000000000003084e+00 +1.9999920648999778e+00 +1.8597962474550900e-03 +9.9994284300133296e-01 +9.9999997400897311e-01 +9.9999996437468552e-01 +9.9999987697327519e-01 +9.9999968039893405e-01 +1.2705182130099635e-05 +1.1989491187266247e-05 +1.1447680197855435e-05 +1.0986700442168101e-05 +1.0532190383895591e-05
102.50000000 +1.0000000000003098e+00 +1.9999919878148964e+00 +1.8597956274556417e-03 +9.9994284565497216e-01 +9.9999997365801241e-01 +9.9999996467570507e-01 +9.9999987751352371e-01 +9.9999967921153610e-01 +1.2703091398540156e-05 +1.1990170023129622e-05 +1.1449948146526581e-05 +1.0984465807022335e-05 +1.0531612424481710e-05
103.00000000 +1.0000000000003109e+00 +1.9999919103709280e+00 +1.8597955973224461e-03 +9.9994284695477709e-01 +9.9999997329997570e-01 +9.9999996496160015e-01 +9.9999987806240354e-01 +9.9999967803739631e-01 +1.2701512267958781e-05 +1.1991787132375629e-05 +1.1451205568420765e-05 +1.0981948446871300e-05 +1.0532231988037374e-05
103.50000000 +1.0000000000003133e+00 +1.9999918325683430e+00 +1.8597960790535249e-03 +9.9994284686440027e-01 +9.9999997293556386e-01 +9.9999996523218726e-01 +9.9999987861961559e-01 +9.9999967687664770e-01 +1.2700781025062487e-05 +1.1993907303281220e-05 +1.1451347016097111e-05 +1.0979662782281233e-05 +1.0533775023699652e-05
104.00000000 +1.0000000000003140e+00 +1.9999917544073995e+00 +1.8597969148937577e-03 +9.9994284559769397e-01 +9.9999997256549333e-01 +9.9999996548734038e-01 +9.9999987918477584e-01 +9.9999967572927284e-01 +1.2701051134854637e-05 +1.1996068640342562e-05 +1.1450477664087588e-05 +1.0978011779028765e-05 +1.0535827776668074e-05
104.50000000 +1.0000000000003155e+00 +1.9999916758883562e+00 +1.8597979070766556e-03 +9.9994284354469976e-01 +9.9999997219050951e-01 +9.9999996572697925e-01 +9.9999987975740712e-01 +9.9999967459515615e-01 +1.2702293148323382e-05 +1.1997864537783767e-05 +1.1448866055111997e-05 +1.0977227981151283e-05 +1.0537935104037427e-05
105.00000000 +1.0000000000003171e+00 +1.9999915970114661e+00 +1.8597988590480664e-03 +9.9994284117676180e-01 +9.9999997181138711e-01 +9.9999996595105578e-01 +9.9999988033694731e-01 +9.9999967347413676e-01 +1.2704324546898688e-05 +1.1999005018900160e-05 +1.1446874347296899e-05 +1.0977354084195743e-05 +1.0539693299003095e-05
105.50000000 +1.0000000000003193e+00 +1.9999915177769787e+00 +1.8597996104542736e-03 +9.9994283895093272e-01 +9.9999997142893438e-01 +9.9999996615954645e-01 +9.9999988092276804e-01 +9.9999967236606413e-01 +1.2706860508907301e-05 +1.1999349796408383e-05 +1.1444881562527298e-05 +1.0978261213188614e-05 +1.0540820268912997e-05
106.00000000 +1.0000000000003209e+00 +1.9999914381851469e+00 +1.8598000604445994e-03 +9.9994283723102662e-01 +9.9999997104398441e-01 +9.9999996635244159e-01 +9.9999988151419628e-01 +9.9999967127083667e-01 +1.2709574380924447e-05 +1.1998911311984440e-05 +1.1443214445731104e-05 +1.0979696317668660e-05 +1.0541192661563088e-05
106.50000000 +1.0000000000003220e+00 +1.9999913582362254e+00 +1.8598001767817615e-03 +9.9994283623709213e-01 +9.9999997065739055e-01 +9.9999996652974721e-01 +9.9999988211054824e-01 +9.9999967018842928e-01 +1.2712156594168755e-05 +1.1997831397610222e-05 +1.1442097162760834e-05 +1.0981345880014409e-05 +1.0540847367005199e-05
107.00000000 +1.0000000000003235e+00 +1.9999912779304809e+00 +1.8597999912246851e-03 +9.9994283602816769e-01 +9.9999997027001575e-01 +9.9999996669148461e-01 +9.9999988271115337e-01 +9.9999966911890015e-01 +1.2714362589390942e-05 +1.1996339210269951e-05 +1.1441626144681725e-05 +1.0982901888358991e-05 +1.0539952063955451e-05
107.50000000 +1.0000000000003253e+00 +1.9999911972681834e+00 +1.8597995840916293e-03 +9.9994283651640370e-01 +9.9999996988271633e-01 +9.9999996683768932e-01 +9.9999988331537082e-01 +9.9999966806237883e-01 +1.2716043439972686e-05 +1.1994700225885920e-05 +1.1441771026435844e-05 +1.0984117568938378e-05 +1.0538754805011157e-05
108.00000000 +1.0000000000003266e+00 +1.9999911162496058e+00 +1.8597990624509494e-03 +9.9994283750524804e-01 +9.9999996949633385e-01 +9.9999996696842197e-01 +9.9999988392260730e-01 +9.9999966701904508e-01 +1.2717156591400388e-05 +1.1993166233456101e-05 +1.1442397850905551e-05 +1.0984844025335242e-05 +1.0537525277416789e-05
108.50000000 +1.0000000000003277e+00 +1.9999910348750265e+00 +1.8597985368730024e-03 +9.9994283874111234e-01 +9.9999996911168054e-01 +9.9999996708376737e-01 +9.9999988453231625e-01 +9.9999966598909462e-01 +1.2717757763811785e-05 +1.1991934698401229e-05 +1.1443307289232529e-05 +1.0985043715230065e-05 +1.0536500200852355e-05
109.00000000 +1.0000000000003300e+00 +1.9999909531447337e+00 +1.8597981011795085e-03 +9.9994283996715416e-01 +9.9999996872953645e-01 +9.9999996718384743e-01 +9.9999988514400240e-01 +9.9999966497271564e-01 +1.2717978006806278e-05 +1.1991123080077977e-05 +1.1444278985337764e-05 +1.0984781557378267e-05 +1.0535842763326476e-05
109.50000000 +1.0000000000003308e+00 +1.9999908710590093e+00 +1.8597978183894808e-03 +9.9994284096916108e-01 +9.9999996835063676e-01 +9.9999996726881757e-01 +9.9999988575720233e-01 +9.9999966397004958e-01 +1.2717991763223948e-05 +1.1990760343300955e-05 +1.1445113308404580e-05 +1.0984198485668526e-05 +1.0535621886129424e-05
110.00000000 +1.0000000000003324e+00 +1.9999907886181343e+00 +1.8597977144275502e-03 +9.9994284160656510e-01 +9.9999996797567670e-01 +9.9999996733887686e-01 +9.9999988637148374e-01 +9.9999966298118037e-01 +1.2717982436022507e-05 +1.1990794652483783e-05 +1.1445663500694946e-05 +1.0983474823729185e-05 +1.0535812466567622e-05
110.50000000 +1.0000000000003342e+00 +1.9999907058223949e+00 +1.8597977794962183e-03 +9.9994284182535975e-01 +9.9999996760530718e-01 +9.9999996739426400e-01 +9.9999988698642495e-01 +9.9999966200611878e-01 +1.2718111430745362e-05 +1.1991113624578070e-05 +1.1445853916134945e-05 +1.0982791677260973e-05 +1.0536313548154333e-05
111.00000000 +1.0000000000003362e+00 +1.9999906226720707e+00 +1.8597979756312540e-03 +9.9994284165353542e-01 +9.9999996724013884e-01 +9.9999996743525876e-01 +9.9999988760160807e-01 +9.9999966104480253e-01 +1.2718495218196056e-05 +1.1991571899826422e-05 +1.1445683129502982e-05 +1.0982297728200725e-05 +1.0536978361034296e-05
111.50000000 +1.0000000000003371e+00 +1.9999905391674411e+00 +1.8597982480707828e-03 +9.9994284118267707e-01 +9.9999996688074466e-01 +9.9999996746217779e-01 +9.9999988821660923e-01 +9.9999966009710606e-01 +1.2719192994134903e-05 +1.1992020301055311e-05 +1.1445213551955882e-05 +1.0982086752381524e-05 +1.0537648770111061e-05
112.00000000 +1.0000000000003388e+00 +1.9999904553087842e+00 +1.8597985377588598e-03 +9.9994284054129590e-01 +9.9999996652766721e-01 +9.9999996747537712e-01 +9.9999988883099811e-01 +9.9999965916285771e-01 +1.2720205407599018e-05 +1.1992331412807196e-05 +1.1444551339817206e-05 +1.0982188434580969e-05 +1.0538186904063650e-05
112.50000000 +1.0000000000003402e+00 +1.9999903710963824e+00 +1.8597987925371739e-03 +9.9994283986602983e-01 +9.9999996618141507e-01 +9.9999996747523623e-01 +9.9999988944433182e-01 +9.9999965824185144e-01 +1.2721482953430583e-05 +1.1992417772331960e-05 +1.1443821549219273e-05 +1.0982572231273807e-05 +1.0538498330811979e-05
113.00000000 +1.0000000000003417e+00 +1.9999902865305124e+00 +1.8597989752225973e-03 +9.9994283927625027e-01 +9.9999996584247042e-01 +9.9999996746216324e-01 +9.9999989005616596e-01 +9.9999965733386931e-01 +1.2722941252924880e-05 +1.1992240675477228e-05 +1.1443143605767674e-05 +1.0983161666578143e-05 +1.0538543588423755e-05
113.50000000 +1.0000000000003431e+00 +1.9999902016114568e+00 +1.8597990676363992e-03 +9.9994283885602597e-01 +9.9999996551128534e-01 +9.9999996743658681e-01 +9.9999989066605599e-01 +9.9999965643869493e-01 +1.2724479730679993e-05 +1.1991809486005645e-05 +1.1442611359072116e-05 +1.0983854911618633e-05 +1.0538337578799536e-05
114.00000000 +1.0000000000003453e+00 +1.9999901163394984e+00 +1.8597990705455268e-03 +9.9994283864544609e-01 +9.9999996518828405e-01 +9.9999996739895014e-01 +9.9999989127356714e-01 +9.9999965555612325e-01 +1.2726000156716760e-05 +1.1991172963589139e-05 +1.1442280553852975e-05 +1.0984546953870120e-05 +1.0537938727072094e-05
114.50000000 +1.0000000000003464e+00 +1.9999900307149245e+00 +1.8597990002271832e-03 +9.9994283864123368e-01 +9.9999996487385467e-01 +9.9999996734970742e-01 +9.9999989187827976e-01 +9.9999965468596252e-01 +1.2727422067033166e-05 +1.1990405254112110e-05 +1.1442164822468496e-05 +1.0985149064938784e-05 +1.0537431485835246e-05
115.00000000 +1.0000000000003475e+00 +1.9999899447380258e+00 +1.8597988828606134e-03 +9.9994283880494927e-01 +9.9999996456835238e-01 +9.9999996728932317e-01 +9.9999989247980103e-01 +9.9999965382803835e-01 +1.2728693027101834e-05 +1.1989589697352696e-05 +1.1442239637695068e-05 +1.0985602408016449e-05 +1.0536906504212290e-05
115.50000000 +1.0000000000003497e+00 +1.9999898584090914e+00 +1.8597987481369347e-03 +9.9994283907598147e-01 +9.9999996427209192e-01 +9.9999996721827167e-01 +9.9999989307776593e-01 +9.9999965298218496e-01 +1.2729792844725600e-05 +1.1988803506323222e-05 +1.1442452346066791e-05 +1.0985884171700315e-05 +1.0536442584229301e-05
116.00000000 +1.0000000000003513e+00 +1.9999897717284143e+00 +1.8597986233773187e-03 +9.9994283938615391e-01 +9.9999996398534341e-01 +9.9999996713702921e-01 +9.9999989367184006e-01 +9.9999965214823616e-01 +1.2730731955526175e-05 +1.1988105768318194e-05 +1.1442735612916404e-05 +1.0986006227936167e-05 +1.0536093589309976e-05
116.50000000 +1.0000000000003531e+00 +1.9999896846962899e+00 +1.8597985291297886e-03 +9.9994283967305897e-01 +9.9999996370833200e-01 +9.9999996704608085e-01 +9.9999989426172353e-01 +9.9999965132602109e-01 +1.2731545117055972e-05 +1.1987530288567402e-05 +1.1443021410836022e-05 +1.0986007681424994e-05 +1.0535882050035445e-05
117.00000000 +1.0000000000003553e+00 +1.9999895973130144e+00 +1.8597984767733087e-03 +9.9994283988995158e-01 +9.9999996344123598e-01 +9.9999996694591686e-01 +9.9999989484714835e-01 +9.9999965051535189e-01 +1.2732282137542647e-05 +1.1987083750458485e-05 +1.1443253020009674e-05 +1.0985943589819616e-05 +1.0535799672761686e-05
117.50000000 +1.0000000000003559e+00 +1.9999895095788847e+00 +1.8597984681974732e-03 +9.9994284001105194e-01 +9.9999996318418216e-01 +9.9999996683703019e-01 +9.9999989542787326e-01 +9.9999964971601696e-01 +1.2732997584974924e-05 +1.1986748697469397e-05 +1.1443393241028899e-05 +1.0985872489641106e-05 +1.0535813610713346e-05
118.00000000 +1.0000000000003570e+00 +1.9999894214941969e+00 +1.8597984972358625e-03 +9.9994284003216671e-01 +9.9999996293725479e-01 +9.9999996671992231e-01 +9.9999989600368877e-01 +9.9999964892778370e-01 +1.2733741291982108e-05 +1.1986490104043688e-05 +1.1443427958826492e-05 +1.0985845181094294e-05 +1.0535876433388778e-05
118.50000000 +1.0000000000003590e+00 +1.9999893330592478e+00 +1.8597985522706331e-03 +9.9994283996735644e-01 +9.9999996270048974e-01 +9.9999996659509616e-01 +9.9999989657440513e-01 +9.9999964815039022e-01 +1.2734551066380403e-05 +1.1986263885772602e-05 +1.1443365143070804e-05 +1.0985896621214551e-05 +1.0535937341118004e-05
119.00000000 +1.0000000000003606e+00 +1.9999892442743379e+00 +1.8597986193199427e-03 +9.9994283984300136e-01 +9.9999996247387701e-01 +9.9999996646305578e-01 +9.9999989713985449e-01 +9.9999964738355107e-01 +1.2735448444671013e-05 +1.1986025625043967e-05 +1.1443230157213052e-05 +1.0986041924608961e-05 +1.0535952310059101e-05
119.50000000 +1.0000000000003613e+00 +1.9999891551397626e+00 +1.8597986849601003e-03 +9.9994283969081610e-01 +9.9999996225737042e-01 +9.9999996632430732e-01 +9.9999989769988851e-01 +9.9999964662696239e-01 +1.2736437705186357e-05 +1.1985738016726433e-05 +1.1443058761045409e-05 +1.0986276568506975e-05 +1.0535891411323499e-05
120.00000000 +1.0000000000003635e+00 +1.9999890656558275e+00 +1.8597987385862637e-03 +9.9994283954125818e-01 +9.9999996205088426e-01 +9.9999996617935494e-01 +9.9999989825437696e-01 +9.9999964588030610e-01 +1.2737507797503233e-05 +1.1985375984114121e-05 +1.1442889381954700e-05 +1.0986580117690181e-05 +1.0535742354821754e-05
120.50000000 +1.0000000000003655e+00 +1.9999889758228278e+00 +1.8597987737304831e-03 +9.9994283941843731e-01 +9.9999996185429774e-01 +9.9999996602869745e-01 +9.9999989880320794e-01 +9.9999964514325479e-01 +1.2738636426992609e-05 +1.1984928969162624e-05 +1.1442756114373097e-05 +1.0986922249659658e-05 +1.0535510171247658e-05
121.00000000 +1.0000000000003670e+00 +1.9999888856410704e+00 +1.8597987883818214e-03 +9.9994283933715655e-01 +9.9999996166745775e-01 +9.9999996587282525e-01 +9.9999989934628619e-01 +9.9999964441547773e-01 +1.2739795303813411e-05 +1.1984400452476303e-05 +1.1442683553128288e-05 +1.0987269631060702e-05 +1.0535213690989100e-05
121.50000000 +1.0000000000003684e+00 +1.9999887951108553e+00 +1.8597987844464526e-03 +9.9994283930218597e-01 +9.9999996149018244e-01 +9.9999996571221805e-01 +9.9999989988353877e-01 +9.9999964369664585e-01 +1.2740955532266848e-05 +1.1983805214666407e-05 +1.1442684073861437e-05 +1.0987592267267556e-05 +1.0534879982792117e-05
122.00000000 +1.0000000000003695e+00 +1.9999887042324900e+00 +1.8597987666159486e-03 +9.9994283930946481e-01 +9.9999996132226210e-01 +9.9999996554734483e-01 +9.9999990041491282e-01 +9.9999964298643285e-01 +1.2742092253941061e-05 +1.1983165149398184e-05 +1.1442757650736789e-05 +1.0987868258203638e-05 +1.0534538119374528e-05
122.50000000 +1.0000000000003710e+00 +1.9999886130062801e+00 +1.8597987409674078e-03 +9.9994283934862538e-01 +9.9999996116346190e-01 +9.9999996537865532e-01 +9.9999990094037849e-01 +9.9999964228451677e-01 +1.2743187917337298e-05 +1.1982504553955994e-05 +1.1442893844995609e-05 +1.0988086350290447e-05 +1.0534213549988795e-05
123.00000000 +1.0000000000003724e+00 +1.9999885214325368e+00 +1.8597987136036585e-03 +9.9994283940612172e-01 +9.9999996101352118e-01 +9.9999996520658574e-01 +9.9999990145992956e-01 +9.9999964159058008e-01 +1.2744233866431883e-05 +1.1981845764844653e-05 +1.1443075277269795e-05 +1.0988246170421283e-05 +1.0533924043690218e-05
123.50000000 +1.0000000000003735e+00 +1.9999884295115691e+00 +1.8597986895722899e-03 +9.9994283946826568e-01 +9.9999996087215737e-01 +9.9999996503154986e-01 +9.9999990197358424e-01 +9.9999964090430793e-01 +1.2745230259492292e-05 +1.1981205811131945e-05 +1.1443281746735343e-05 +1.0988356466240193e-05 +1.0533677718131678e-05
124.00000000 +1.0000000000003741e+00 +1.9999883372436840e+00 +1.8597986722022942e-03 +9.9994283952365426e-01 +9.9999996073906694e-01 +9.9999996485394160e-01 +9.9999990248138471e-01 +9.9999964022538690e-01 +1.2746184595917483e-05 +1.1980594481409031e-05 +1.1443494180328349e-05 +1.0988431986876696e-05 +1.0533473193457342e-05
124.50000000 +1.0000000000003764e+00 +1.9999882446291961e+00 +1.8597986628915645e-03 +9.9994283956466656e-01 +9.9999996061392693e-01 +9.9999996467413510e-01 +9.9999990298339836e-01 +9.9999963955350368e-01 +1.2747109308127250e-05 +1.1980013901082546e-05 +1.1443697754775432e-05 +1.0988489783580142e-05 +1.0533301503760239e-05
125.00000000 +1.0000000000003781e+00 +1.9999881516684208e+00 +1.8597986612882791e-03 +9.9994283958795993e-01 +9.9999996049639650e-01 +9.9999996449247941e-01 +9.9999990347971279e-01 +9.9999963888834154e-01 +1.2748018952521893e-05 +1.1979459449125502e-05 +1.1443883782898273e-05 +1.0988545690214915e-05 +1.0533149125987860e-05
125.50000000 +1.0000000000003795e+00 +1.9999880583616674e+00 +1.8597986657483019e-03 +9.9994283959409203e-01 +9.9999996038612027e-01 +9.9999996430930127e-01 +9.9999990397043881e-01 +9.9999963822958349e-01 +1.2748927512224594e-05 +1.1978921647339640e-05 +1.1444050235716021e-05 +1.0988611589288191e-05 +1.0533001378259618e-05
126.00000000 +1.0000000000003810e+00 +1.9999879647092536e+00 +1.8597986739245333e-03 +9.9994283958652908e-01 +9.9999996028273086e-01 +9.9999996412490544e-01 +9.9999990445570697e-01 +9.9999963757690891e-01 +1.2749846223965158e-05 +1.1978388552060467e-05 +1.1444201029272358e-05 +1.0988693829856076e-05 +1.0532845490270203e-05
126.50000000 +1.0000000000003826e+00 +1.9999878707114978e+00 +1.8597986833506488e-03 +9.9994283957034902e-01 +9.9999996018585202e-01 +9.9999996393957136e-01 +9.9999990493566615e-01 +9.9999963692999616e-01 +1.2750782191028453e-05 +1.1977848170376548e-05 +1.1444344398531487e-05 +1.0988792896553396e-05 +1.0532672822584927e-05
127.00000000 +1.0000000000003846e+00 +1.9999877763687106e+00 +1.8597986919127040e-03 +9.9994283955095653e-01 +9.9999996009510128e-01 +9.9999996375355493e-01 +9.9999990541048223e-01 +9.9999963628852473e-01 +1.2751737876050651e-05 +1.1977290496221696e-05 +1.1444490786713359e-05 +1.0988904187167647e-05 +1.0532479956243043e-05
127.50000000 +1.0000000000003857e+00 +1.9999876816812163e+00 +1.8597986981466169e-03 +9.9994283953303387e-01 +9.9999996001009295e-01 +9.9999996356708676e-01 +9.9999990588033627e-01 +9.9999963565217431e-01 +1.2752711411580877e-05 +1.1976708890653508e-05 +1.1444650692775455e-05 +1.0989019579444412e-05 +1.0532268631459552e-05
128.00000000 +1.0000000000003875e+00 +1.9999875866493311e+00 +1.8597987013461953e-03 +9.9994283951987606e-01 +9.9999995993044244e-01 +9.9999996338037056e-01 +9.9999990634542357e-01 +9.9999963502063027e-01 +1.2753697545834758e-05 +1.1976100684566052e-05 +1.1444832854852202e-05 +1.0989129377634297e-05 +1.0532044733633822e-05
128.50000000 +1.0000000000003892e+00 +1.9999874912733782e+00 +1.8597987015057445e-03 +9.9994283951313501e-01 +9.9999995985576662e-01 +9.9999996319358520e-01 +9.9999990680595152e-01 +9.9999963439358164e-01 +1.2754688969551344e-05 +1.1975467031138890e-05 +1.1445043027607696e-05 +1.0989224227860777e-05 +1.0531816671109959e-05
129.00000000 +1.0000000000003906e+00 +1.9999873955536782e+00 +1.8597986991472843e-03 +9.9994283951293206e-01 +9.9999995978568956e-01 +9.9999996300688199e-01 +9.9999990726214072e-01 +9.9999963377072620e-01 +1.2755677750782087e-05 +1.1974812155360619e-05 +1.1445283466534157e-05 +1.0989296664394023e-05 +1.0531593546606317e-05
129.50000000 +1.0000000000003924e+00 +1.9999872994905548e+00 +1.8597986950928942e-03 +9.9994283951822205e-01 +9.9999995971984457e-01 +9.9999996282038550e-01 +9.9999990771422331e-01 +9.9999963315177198e-01 +1.2756656632218206e-05 +1.1974142223697897e-05 +1.1445553091582912e-05 +1.0989342070871768e-05 +1.0531383496723435e-05
130.00000000 +1.0000000000003930e+00 +1.9999872030843318e+00 +1.8597986902390640e-03 +9.9994283952728336e-01 +9.9999995965787469e-01 +9.9999996263419111e-01 +9.9999990816243978e-01 +9.9999963253643320e-01 +1.2757620008090553e-05 +1.1973464083081303e-05 +1.1445848189890788e-05 +1.0989358981254142e-05 +1.0531192480678832e-05
130.50000000 +1.0000000000003955e+00 +1.9999871063353356e+00 +1.8597986853760063e-03 +9.9994283953820973e-01 +9.9999995959944066e-01 +9.9999996244837031e-01 +9.9999990860704546e-01 +9.9999963192444075e-01 +1.2758564478989967e-05 +1.1972784098723053e-05 +1.1446163447680951e-05 +1.0989348776263773e-05 +1.0531023668865854e-05
131.00000000 +1.0000000000003961e+00 +1.9999870092438909e+00 +1.8597986810756247e-03 +9.9994283954929553e-01 +9.9999995954421239e-01 +9.9999996226296206e-01 +9.9999990904829672e-01 +9.9999963131552860e-01 +1.2759488966974025e-05 +1.1972107265762744e-05 +1.1446493079626010e-05 +1.0989314930207974e-05 +1.0530877444760805e-05
131.50000000 +1.0000000000003986e+00 +1.9999869118103299e+00 +1.8597986776524534e-03 +9.9994283955929064e-01 +9.9999995949188414e-01 +9.9999996207798192e-01 +9.9999990948646489e-01 +9.9999963070944808e-01 +1.2760394446133933e-05 +1.1971436695262626e-05 +1.1446831845846869e-05 +1.0989262017812609e-05 +1.0530751916967709e-05
132.00000000 +1.0000000000003992e+00 +1.9999868140349764e+00 +1.8597986751860880e-03 +9.9994283956748309e-01 +9.9999995944216447e-01 +9.9999996189341667e-01 +9.9999990992182408e-01 +9.9999963010595760e-01 +1.2761283395615508e-05 +1.1970773496393835e-05 +1.1447175801174383e-05 +1.0989194698580022e-05 +1.0530643760320526e-05
132.50000000 +1.0000000000004015e+00 +1.9999867159181643e+00 +1.8597986735840566e-03 +9.9994283957365993e-01 +9.9999995939478781e-01 +9.9999996170922867e-01 +9.9999991035465585e-01 +9.9999962950482935e-01 +1.2762159108155339e-05 +1.1970117007569633e-05 +1.1447522693417497e-05 +1.0989116863665920e-05 +1.0530549174048123e-05
133.00000000 +1.0000000000004028e+00 +1.9999866174602241e+00 +1.8597986726609699e-03 +9.9994283957797014e-01 +9.9999995934950758e-01 +9.9999996152535175e-01 +9.9999991078524375e-01 +9.9999962890584249e-01 +1.2763024987684141e-05 +1.1969465279665465e-05 +1.1447872001701067e-05 +1.0989031070021970e-05 +1.0530464758933757e-05
133.50000000 +1.0000000000004041e+00 +1.9999865186614845e+00 +1.8597986722126696e-03 +9.9994283958076324e-01 +9.9999995930610441e-01 +9.9999996134170022e-01 +9.9999991121387610e-01 +9.9999962830879219e-01 +1.2763883948710677e-05 +1.1968815689271134e-05 +1.1448224669232684e-05 +1.0988938314108602e-05 +1.0530388163975316e-05
134.00000000 +1.0000000000004061e+00 +1.9999864195222872e+00 +1.8597986720705684e-03 +9.9994283958242813e-01 +9.9999995926438412e-01 +9.9999996115816214e-01 +9.9999991164084234e-01 +9.9999962771348205e-01 +1.2764737994978135e-05 +1.1968165559187222e-05 +1.1448582628059733e-05 +1.0988838127948920e-05 +1.0530318421298354e-05
134.50000000 +1.0000000000004068e+00 +1.9999863200429580e+00 +1.8597986721296811e-03 +9.9994283958328145e-01 +9.9999995922417817e-01 +9.9999996097460297e-01 +9.9999991206643080e-01 +9.9999962711972767e-01 +1.2765588013347363e-05 +1.1967512683065427e-05 +1.1448948232446838e-05 +1.0988728925674751e-05 +1.0530255959869067e-05
135.00000000 +1.0000000000004088e+00 +1.9999862202238374e+00 +1.8597986723513625e-03 +9.9994283958351315e-01 +9.9999995918534812e-01 +9.9999996079086984e-01 +9.9999991249092879e-01 +9.9999962652735963e-01 +1.2766433778706854e-05 +1.1966855684446692e-05 +1.1449323713267885e-05 +1.0988608496277097e-05 +1.0530202349862666e-05
135.50000000 +1.0000000000004097e+00 +1.9999861200652620e+00 +1.8597986727474506e-03 +9.9994283958317876e-01 +9.9999995914778350e-01 +9.9999996060678864e-01 +9.9999991291462131e-01 +9.9999962593622072e-01 +1.2767274133097021e-05 +1.1966194179606373e-05 +1.1449710742988471e-05 +1.0988474530038558e-05 +1.0530159870701090e-05
136.00000000 +1.0000000000004119e+00 +1.9999860195675732e+00 +1.8597986733551186e-03 +9.9994283958224028e-01 +9.9999995911140471e-01 +9.9999996042216777e-01 +9.9999991333778793e-01 +9.9999962534616715e-01 +1.2768107281059847e-05 +1.1965528751090099e-05 +1.1450110166539403e-05 +1.0988325079414344e-05 +1.0530131012556443e-05
136.50000000 +1.0000000000004128e+00 +1.9999859187311040e+00 +1.8597986742117621e-03 +9.9994283958061625e-01 +9.9999995907616002e-01 +9.9999996023679794e-01 +9.9999991376070219e-01 +9.9999962475707016e-01 +1.2768931134881254e-05 +1.1964860768708153e-05 +1.1450521915525389e-05 +1.0988158883850436e-05 +1.0530118014590958e-05
137.00000000 +1.0000000000004146e+00 +1.9999858175562000e+00 +1.8597986753369324e-03 +9.9994283957824281e-01 +9.9999995904203298e-01 +9.9999996005045533e-01 +9.9999991418363365e-01 +9.9999962416881638e-01 +1.2769743646988243e-05 +1.1964192113421482e-05 +1.1450945088908450e-05 +1.0987975524367766e-05 +1.0530122518616957e-05
137.50000000 +1.0000000000004157e+00 +1.9999857160431984e+00 +1.8597986767249206e-03 +9.9994283957510277e-01 +9.9999995900903238e-01 +9.9999995986290169e-01 +9.9999991460684057e-01 +9.9999962358130690e-01 +1.2770543079655759e-05 +1.1963524865861423e-05 +1.1451378157834075e-05 +1.0987775409878096e-05 +1.0530145381923860e-05
138.00000000 +1.0000000000004183e+00 +1.9999856141924468e+00 +1.8597986783479750e-03 +9.9994283957124475e-01 +9.9999995897720384e-01 +9.9999995967388744e-01 +9.9999991503057550e-01 +9.9999962299446077e-01 +1.2771328180704270e-05 +1.1962861016286150e-05 +1.1451819238469854e-05 +1.0987559626700107e-05 +1.0530186656039735e-05
138.50000000 +1.0000000000004199e+00 +1.9999855120042833e+00 +1.8597986801673189e-03 +9.9994283956676622e-01 +9.9999995894661764e-01 +9.9999995948315068e-01 +9.9999991545507816e-01 +9.9999962240821016e-01 +1.2772098254108021e-05 +1.1962202239367390e-05 +1.1452266374932204e-05 +1.0987329701501042e-05 +1.0530245706409695e-05
139.00000000 +1.0000000000004212e+00 +1.9999854094790559e+00 +1.8597986821474977e-03 +9.9994283956178920e-01 +9.9999995891737747e-01 +9.9999995929042129e-01 +9.9999991588057857e-01 +9.9999962182250424e-01 +1.2772853132880283e-05 +1.1961549759014770e-05 +1.1452717782793353e-05 +1.0987087334429524e-05 +1.0530321426382253e-05
139.50000000 +1.0000000000004226e+00 +1.9999853066171129e+00 +1.8597986842693566e-03 +9.9994283955642249e-01 +9.9999995888961601e-01 +9.9999995909542183e-01 +9.9999991630729546e-01 +9.9999962123730801e-01 +1.2773593075648899e-05 +1.1960904309315086e-05 +1.1453172019053605e-05 +1.0986834154508050e-05 +1.0530412489720055e-05
140.00000000 +1.0000000000004239e+00 +1.9999852034187988e+00 +1.8597986865380267e-03 +9.9994283955073238e-01 +9.9999995886349369e-01 +9.9999995889787086e-01 +9.9999991673543398e-01 +9.9999962065260317e-01 +1.2774318616536402e-05 +1.1960266180905795e-05 +1.1453628062966620e-05 +1.0986571536234426e-05 +1.0530517588610412e-05
140.50000000 +1.0000000000004259e+00 +1.9999850998844615e+00 +1.8597986889839465e-03 +9.9994283954472118e-01 +9.9999995883919857e-01 +9.9999995869748182e-01 +9.9999991716518544e-01 +9.9999962006838705e-01 +1.2775030400051419e-05 +1.1959635330052040e-05 +1.1454085310003239e-05 +1.0986300498625802e-05 +1.0530635616224029e-05
141.00000000 +1.0000000000004270e+00 +1.9999849960144533e+00 +1.8597986916570387e-03 +9.9994283953832364e-01 +9.9999995881694337e-01 +9.9999995849396506e-01 +9.9999991759672624e-01 +9.9999961948467009e-01 +1.2775729029430891e-05 +1.1959011521500532e-05 +1.1454543495578104e-05 +1.0986021689594405e-05 +1.0530765770368388e-05
141.50000000 +1.0000000000004277e+00 +1.9999848918091210e+00 +1.8597986946157542e-03 +9.9994283953142538e-01 +9.9999995879696602e-01 +9.9999995828703436e-01 +9.9999991803021737e-01 +9.9999961890148048e-01 +1.2776414949718682e-05 +1.1958394475819261e-05 +1.1455002574124817e-05 +1.0985735442946604e-05 +1.0530907573502546e-05
142.00000000 +1.0000000000004294e+00 +1.9999847872688199e+00 +1.8597986979138907e-03 +9.9994283952388596e-01 +9.9999995877952941e-01 +9.9999995807640396e-01 +9.9999991846580449e-01 +9.9999961831886308e-01 +1.2777088377641541e-05 +1.1957783996418871e-05 +1.1455462582118558e-05 +1.0985441884728811e-05 +1.0531060820636828e-05
142.50000000 +1.0000000000004308e+00 +1.9999846823939007e+00 +1.8597987015882718e-03 +9.9994283951557150e-01 +9.9999995876491432e-01 +9.9999995786179141e-01 +9.9999991890361395e-01 +9.9999961773687385e-01 +1.2777749280875543e-05 +1.1957180059187377e-05 +1.1455923511258166e-05 +1.0985141061083945e-05 +1.0531225477869509e-05
143.00000000 +1.0000000000004321e+00 +1.9999845771847184e+00 +1.8597987056499941e-03 +9.9994283950638607e-01 +9.9999995875342318e-01 +9.9999995764292093e-01 +9.9999991934375521e-01 +9.9999961715558727e-01 +1.2778397401118107e-05 +1.1956582856804396e-05 +1.1456385211608500e-05 +1.0984833060962634e-05 +1.0531401559338479e-05
143.50000000 +1.0000000000004337e+00 +1.9999844716416297e+00 +1.8597987100808875e-03 +9.9994283949629426e-01 +9.9999995874537440e-01 +9.9999995741952363e-01 +9.9999991978631975e-01 +9.9999961657509129e-01 +1.2779032309547294e-05 +1.1955992798587950e-05 +1.1456847335883206e-05 +1.0984518112712810e-05 +1.0531589009374670e-05
144.00000000 +1.0000000000004365e+00 +1.9999843657649894e+00 +1.8597987148355800e-03 +9.9994283948533180e-01 +9.9999995874110359e-01 +9.9999995719134194e-01 +9.9999992023138062e-01 +9.9999961599549037e-01 +1.2779653480255450e-05 +1.1955410473790987e-05 +1.1457309327085788e-05 +1.0984196641932465e-05 +1.0531787610904997e-05
144.50000000 +1.0000000000004376e+00 +1.9999842595551518e+00 +1.8597987198483627e-03 +9.9994283947360008e-01 +9.9999995874095604e-01 +9.9999995695812449e-01 +9.9999992067898658e-01 +9.9999961541689963e-01 +1.2780260367046609e-05 +1.1954836590763966e-05 +1.1457770444005955e-05 +1.0983869287047089e-05 +1.0531996932580845e-05
145.00000000 +1.0000000000004388e+00 +1.9999841530124793e+00 +1.8597987250431264e-03 +9.9994283946125506e-01 +9.9999995874529024e-01 +9.9999995671963737e-01 +9.9999992112917224e-01 +9.9999961483945232e-01 +1.2780852471107777e-05 +1.1954271906063357e-05 +1.1458229813680011e-05 +1.0983536877130868e-05 +1.0532216317796460e-05
145.50000000 +1.0000000000004408e+00 +1.9999840461373322e+00 +1.8597987303441861e-03 +9.9994283944848428e-01 +9.9999995875447434e-01 +9.9999995647566042e-01 +9.9999992158195006e-01 +9.9999961426329531e-01 +1.2781429390751142e-05 +1.1953717156659594e-05 +1.1458686497355162e-05 +1.0983200382288231e-05 +1.0532444910560027e-05
146.00000000 +1.0000000000004421e+00 +1.9999839389300689e+00 +1.8597987356858455e-03 +9.9994283943547657e-01 +9.9999995876887904e-01 +9.9999995622598747e-01 +9.9999992203731092e-01 +9.9999961368858692e-01 +1.2781990848812628e-05 +1.1953173005503985e-05 +1.1459139556673316e-05 +1.0982860849840362e-05 +1.0532681707392974e-05
146.50000000 +1.0000000000004439e+00 +1.9999838313910534e+00 +1.8597987410190605e-03 +9.9994283942240447e-01 +9.9999995878888193e-01 +9.9999995597043101e-01 +9.9999992249522551e-01 +9.9999961311550045e-01 +1.2782536697566067e-05 +1.1952640006685283e-05 +1.1459588109175720e-05 +1.0982519339624720e-05 +1.0532925621683803e-05
147.00000000 +1.0000000000004450e+00 +1.9999837235206439e+00 +1.8597987463142402e-03 +9.9994283940940176e-01 +9.9999995881485781e-01 +9.9999995570882150e-01 +9.9999992295564388e-01 +9.9999961254422065e-01 +1.2783066904525021e-05 +1.1952118592105271e-05 +1.1460031366017394e-05 +1.0982176869431530e-05 +1.0533175547158147e-05
147.50000000 +1.0000000000004463e+00 +1.9999836153192116e+00 +1.8597987515601392e-03 +9.9994283939655881e-01 +9.9999995884718373e-01 +9.9999995544101006e-01 +9.9999992341849497e-01 +9.9999961197494525e-01 +1.2783581524845772e-05 +1.1951609077781420e-05 +1.1460468649070328e-05 +1.0981834377802292e-05 +1.0533430409755146e-05
148.00000000 +1.0000000000004476e+00 +1.9999835067871159e+00 +1.8597987567594697e-03 +9.9994283938391992e-01 +9.9999995888622950e-01 +9.9999995516686901e-01 +9.9999992388368752e-01 +9.9999961140788385e-01 +1.2784080667065602e-05 +1.1951111685072551e-05 +1.1460899388567943e-05 +1.0981492707051059e-05 +1.0533689201297853e-05
148.50000000 +1.0000000000004481e+00 +1.9999833979247246e+00 +1.8597987619224721e-03 +9.9994283937149309e-01 +9.9999995893235849e-01 +9.9999995488629312e-01 +9.9999992435110818e-01 +9.9999961084325628e-01 +1.2784564458695840e-05 +1.1950626570594094e-05 +1.1461323105487943e-05 +1.0981152605311047e-05 +1.0533950992889289e-05
149.00000000 +1.0000000000004505e+00 +1.9999832887324069e+00 +1.8597987670598390e-03 +9.9994283935926798e-01 +9.9999995898592753e-01 +9.9999995459920221e-01 +9.9999992482062627e-01 +9.9999961028129503e-01 +1.2785033017001341e-05 +1.1950153858350103e-05 +1.1461739384643571e-05 +1.0980814743315538e-05 +1.0534214930041893e-05
149.50000000 +1.0000000000004523e+00 +1.9999831792105305e+00 +1.8597987721764146e-03 +9.9994283934722328e-01 +9.9999995904727779e-01 +9.9999995430553823e-01 +9.9999992529208659e-01 +9.9999960972223945e-01 +1.2785486428503661e-05 +1.1949693668460751e-05 +1.1462147844893291e-05 +1.0980479739855561e-05 +1.0534480214496963e-05
150.00000000 +1.0000000000004530e+00 +1.9999830693594651e+00 +1.8597987772666700e-03 +9.9994283933534911e-01 +9.9999995911673578e-01 +9.9999995400526842e-01 +9.9999992576531538e-01 +9.9999960916633956e-01 +1.2785924738736581e-05 +1.1949246138463364e-05 +1.1462548112158298e-05 +1.0980148189480579e-05 +1.0534746079183478e-05
150.50000000 +1.0000000000004556e+00 +1.9999829591795804e+00 +1.8597987823126031e-03 +9.9994283932365791e-01 +9.9999995919461582e-01 +9.9999995369838979e-01 +9.9999992624012191e-01 +9.9999960861385617e-01 +1.2786347951913339e-05 +1.1948811435114415e-05 +1.1462939799397219e-05 +1.0979820686828730e-05 +1.0535011762802737e-05
151.00000000 +1.0000000000004561e+00 +1.9999828486712485e+00 +1.8597987872841077e-03 +9.9994283931218697e-01 +9.9999995928120644e-01 +9.9999995338491987e-01 +9.9999992671629145e-01 +9.9999960806505361e-01 +1.2786756038697636e-05 +1.1948389756537857e-05 +1.1463322495738561e-05 +1.0979497843621502e-05 +1.0535276489371827e-05
151.50000000 +1.0000000000004574e+00 +1.9999827378348460e+00 +1.8597987921414412e-03 +9.9994283930100292e-01 +9.9999995937677966e-01 +9.9999995306490930e-01 +9.9999992719359421e-01 +9.9999960752020767e-01 +1.2787148949360131e-05 +1.1947981326147359e-05 +1.1463695765020437e-05 +1.0979180296388738e-05 +1.0535539456150110e-05
152.00000000 +1.0000000000004599e+00 +1.9999826266707423e+00 +1.8597987968390882e-03 +9.9994283929019712e-01 +9.9999995948158327e-01 +9.9999995273843467e-01 +9.9999992767178325e-01 +9.9999960697960133e-01 +1.2787526629282718e-05 +1.1947586380824514e-05 +1.1464059152361087e-05 +1.0978868704977973e-05 +1.0535799831198915e-05
152.50000000 +1.0000000000004614e+00 +1.9999825151793156e+00 +1.8597988013301680e-03 +9.9994283927987326e-01 +9.9999995959583576e-01 +9.9999995240559802e-01 +9.9999992815058991e-01 +9.9999960644351904e-01 +1.2787889033983182e-05 +1.1947205156291277e-05 +1.1464412196295192e-05 +1.0978563743504971e-05 +1.0536056759830877e-05
153.00000000 +1.0000000000004625e+00 +1.9999824033609408e+00 +1.8597988055705770e-03 +9.9994283927014294e-01 +9.9999995971973099e-01 +9.9999995206653158e-01 +9.9999992862973108e-01 +9.9999960591225445e-01 +1.2788236141440363e-05 +1.1946837872513088e-05 +1.1464754443540487e-05 +1.0978266086415668e-05 +1.0536309377721599e-05
153.50000000 +1.0000000000004639e+00 +1.9999822912159950e+00 +1.8597988095221747e-03 +9.9994283926111327e-01 +9.9999995985343237e-01 +9.9999995172139522e-01 +9.9999992910890811e-01 +9.9999960538610477e-01 +1.2788567960333407e-05 +1.1946484721430773e-05 +1.1465085463567736e-05 +1.0977976392686236e-05 +1.0536556827654873e-05
154.00000000 +1.0000000000004661e+00 +1.9999821787448584e+00 +1.8597988131546616e-03 +9.9994283925287886e-01 +9.9999995999707403e-01 +9.9999995137037745e-01 +9.9999992958780748e-01 +9.9999960486537132e-01 +1.2788884533698035e-05 +1.1946145858516129e-05 +1.1465404860707489e-05 +1.0977695290951932e-05 +1.0536798276769034e-05
154.50000000 +1.0000000000004672e+00 +1.9999820659479111e+00 +1.8597988164460195e-03 +9.9994283924551641e-01 +9.9999996015075343e-01 +9.9999995101369099e-01 +9.9999993006609833e-01 +9.9999960435035784e-01 +1.2789185938297881e-05 +1.1945821398755518e-05 +1.1465712282356760e-05 +1.0977423367681211e-05 +1.0537032931652352e-05
155.00000000 +1.0000000000004685e+00 +1.9999819528255309e+00 +1.8597988193816753e-03 +9.9994283923908367e-01 +9.9999996031453775e-01 +9.9999995065158043e-01 +9.9999993054344005e-01 +9.9999960384137121e-01 +1.2789472280606769e-05 +1.1945511416850386e-05 +1.1466007422760421e-05 +1.0977161159599412e-05 +1.0537260049500389e-05
155.50000000 +1.0000000000004707e+00 +1.9999818393781013e+00 +1.8597988219527717e-03 +9.9994283923362126e-01 +9.9999996048845807e-01 +9.9999995028431565e-01 +9.9999993101947848e-01 +9.9999960333872051e-01 +1.2789743690642330e-05 +1.1945215950797246e-05 +1.1466290022664613e-05 +1.0976909150621849e-05 +1.0537478944567578e-05
156.00000000 +1.0000000000004723e+00 +1.9999817256060060e+00 +1.8597988241539827e-03 +9.9994283922915217e-01 +9.9999996067250774e-01 +9.9999994991218966e-01 +9.9999993149384625e-01 +9.9999960284271361e-01 +1.2790000314979714e-05 +1.1944935007638752e-05 +1.1466559865754841e-05 +1.0976667772749236e-05 +1.0537688990104801e-05
156.50000000 +1.0000000000004732e+00 +1.9999816115096292e+00 +1.8597988259813295e-03 +9.9994283922568983e-01 +9.9999996086664422e-01 +9.9999994953552451e-01 +9.9999993196616677e-01 +9.9999960235365981e-01 +1.2790242310141210e-05 +1.1944668570070524e-05 +1.1466816773136133e-05 +1.0976437409822026e-05 +1.0537889616712508e-05
157.00000000 +1.0000000000004754e+00 +1.9999814970893532e+00 +1.8597988274304100e-03 +9.9994283922324434e-01 +9.9999996107078992e-01 +9.9999994915466806e-01 +9.9999993243605678e-01 +9.9999960187186954e-01 +1.2790469837266790e-05 +1.1944416602712197e-05 +1.1467060597180843e-05 +1.0976218402773685e-05 +1.0538080308464778e-05
157.50000000 +1.0000000000004761e+00 +1.9999813823455677e+00 +1.8597988284952565e-03 +9.9994283922182114e-01 +9.9999996128482405e-01 +9.9999994876998599e-01 +9.9999993290311928e-01 +9.9999960139764710e-01 +1.2790683058598457e-05 +1.1944179057140698e-05 +1.1467291215906021e-05 +1.0976011055051187e-05 +1.0538260598257342e-05
158.00000000 +1.0000000000004778e+00 +1.9999812672786594e+00 +1.8597988291679454e-03 +9.9994283922142990e-01 +9.9999996150859172e-01 +9.9999994838187245e-01 +9.9999993336695503e-01 +9.9999960093129892e-01 +1.2790882135928689e-05 +1.1943955875161046e-05 +1.1467508528716289e-05 +1.0975815637124310e-05 +1.0538430063648577e-05
158.50000000 +1.0000000000004790e+00 +1.9999811518890143e+00 +1.8597988294388949e-03 +9.9994283922208382e-01 +9.9999996174189842e-01 +9.9999994799074043e-01 +9.9999993382715702e-01 +9.9999960047312697e-01 +1.2791067230833644e-05 +1.1943746990176492e-05 +1.1467712453948284e-05 +1.0975632389395608e-05 +1.0538588324085080e-05
159.00000000 +1.0000000000004796e+00 +1.9999810361770263e+00 +1.8597988292976902e-03 +9.9994283922379756e-01 +9.9999996198451180e-01 +9.9999994759702293e-01 +9.9999993428331324e-01 +9.9999960002342847e-01 +1.2791238506273135e-05 +1.1943552326853169e-05 +1.1467902928258026e-05 +1.0975461523255925e-05 +1.0538735039938693e-05
159.50000000 +1.0000000000004812e+00 +1.9999809201430820e+00 +1.8597988287342361e-03 +9.9994283922659033e-01 +9.9999996223616228e-01 +9.9999994720117524e-01 +9.9999993473501059e-01 +9.9999959958249918e-01 +1.2791396129011886e-05 +1.1943371799511140e-05 +1.1468079907569386e-05 +1.0975303220422296e-05 +1.0538869913331151e-05
160.00000000 +1.0000000000004834e+00 +1.9999808037875779e+00 +1.8597988277399284e-03 +9.9994283923047877e-01 +9.9999996249654255e-01 +9.9999994680366566e-01 +9.9999993518183083e-01 +9.9999959915062664e-01 +1.2791540272297227e-05 +1.1943205309795382e-05 +1.1468243369087818e-05 +1.0975157630986671e-05 +1.0538992690363623e-05
160.50000000 +1.0000000000004852e+00 +1.9999806871109016e+00 +1.8597988263087206e-03 +9.9994283923547622e-01 +9.9999996276530834e-01 +9.9999994640498069e-01 +9.9999993562335598e-01 +9.9999959872809352e-01 +1.2791671118299072e-05 +1.1943052744189395e-05 +1.1468393313794652e-05 +1.0975024870764371e-05 +1.0539103164149012e-05
161.00000000 +1.0000000000004874e+00 +1.9999805701134505e+00 +1.8597988244378784e-03 +9.9994283924159255e-01 +9.9999996304208116e-01 +9.9999994600562214e-01 +9.9999993605916804e-01 +9.9999959831517626e-01 +1.2791788859950275e-05 +1.1942913971853302e-05 +1.1468529768861843e-05 +1.0974905018558589e-05 +1.0539201177976125e-05
161.50000000 +1.0000000000004878e+00 +1.9999804527956178e+00 +1.8597988221283294e-03 +9.9994283924882699e-01 +9.9999996332644514e-01 +9.9999994560610039e-01 +9.9999993648884944e-01 +9.9999959791214199e-01 +1.2791893701986142e-05 +1.1942788843125822e-05 +1.1468652789539889e-05 +1.0974798113873122e-05 +1.0539286628000216e-05
162.00000000 +1.0000000000004896e+00 +1.9999803351578012e+00 +1.8597988193846872e-03 +9.9994283925717498e-01 +9.9999996361795729e-01 +9.9999994520694346e-01 +9.9999993691198896e-01 +9.9999959751925394e-01 +1.2791985861142027e-05 +1.1942677188862025e-05 +1.1468762460235688e-05 +1.0974704155446375e-05 +1.0539359465014922e-05
162.50000000 +1.0000000000004912e+00 +1.9999802172003953e+00 +1.8597988162149298e-03 +9.9994283926661931e-01 +9.9999996391613777e-01 +9.9999994480868393e-01 +9.9999993732817560e-01 +9.9999959713676367e-01 +1.2792065565601968e-05 +1.1942578820617382e-05 +1.1468858894675675e-05 +1.0974623100788236e-05 +1.0539419695069792e-05
163.00000000 +1.0000000000004925e+00 +1.9999800989238035e+00 +1.8597988126298828e-03 +9.9994283927713545e-01 +9.9999996422047888e-01 +9.9999994441186302e-01 +9.9999993773700557e-01 +9.9999959676491490e-01 +1.2792133053884793e-05 +1.1942493531557363e-05 +1.1468942235209614e-05 +1.0974554866715939e-05 +1.0539467378907828e-05
163.50000000 +1.0000000000004945e+00 +1.9999799803284197e+00 +1.8597988086426064e-03 +9.9994283928869376e-01 +9.9999996453044548e-01 +9.9999994401702808e-01 +9.9999993813808052e-01 +9.9999959640394109e-01 +1.2792188573400763e-05 +1.1942421097885611e-05 +1.1469012651430538e-05 +1.0974499330737218e-05 +1.0539502630370978e-05
164.00000000 +1.0000000000004949e+00 +1.9999798614146465e+00 +1.8597988042677914e-03 +9.9994283930125427e-01 +9.9999996484547393e-01 +9.9999994362472977e-01 +9.9999993853101010e-01 +9.9999959605406408e-01 +1.2792232378913394e-05 +1.1942361280547574e-05 +1.1469070338352726e-05 +1.0974456333035804e-05 +1.0539525614035744e-05
164.50000000 +1.0000000000004969e+00 +1.9999797421828855e+00 +1.8597987995212935e-03 +9.9994283931477734e-01 +9.9999996516498135e-01 +9.9999994323552177e-01 +9.9999993891541361e-01 +9.9999959571549824e-01 +1.2792264731107785e-05 +1.1942313826975708e-05 +1.1469115514404558e-05 +1.0974425678781177e-05 +1.0539536542386685e-05
165.00000000 +1.0000000000004987e+00 +1.9999796226335418e+00 +1.8597987944197634e-03 +9.9994283932921757e-01 +9.9999996548835834e-01 +9.9999994284995686e-01 +9.9999993929091935e-01 +9.9999959538844319e-01 +1.2792285895408397e-05 +1.1942278472685903e-05 +1.1469148419462484e-05 +1.0974407140504281e-05 +1.0539535672819189e-05
165.50000000 +1.0000000000005007e+00 +1.9999795027670144e+00 +1.8597987889804968e-03 +9.9994283934452632e-01 +9.9999996581497808e-01 +9.9999994246858459e-01 +9.9999993965716594e-01 +9.9999959507308700e-01 +1.2792296141122615e-05 +1.1942254942599956e-05 +1.1469169313091592e-05 +1.0974400460340511e-05 +1.0539523304699729e-05
166.00000000 +1.0000000000005020e+00 +1.9999793825837104e+00 +1.8597987832214046e-03 +9.9994283936065487e-01 +9.9999996614419595e-01 +9.9999994209195286e-01 +9.9999994001380577e-01 +9.9999959476960676e-01 +1.2792295740920545e-05 +1.1942242952040219e-05 +1.1469178473083270e-05 +1.0974405352020843e-05 +1.0539499776623102e-05
166.50000000 +1.0000000000005029e+00 +1.9999792620840378e+00 +1.8597987771610969e-03 +9.9994283937755235e-01 +9.9999996647535438e-01 +9.9999994172060236e-01 +9.9999994036050277e-01 +9.9999959447816489e-01 +1.2792284970608191e-05 +1.1942242207406877e-05 +1.1469176194306146e-05 +1.0974421502575671e-05 +1.0539465463912409e-05
167.00000000 +1.0000000000005049e+00 +1.9999791412683994e+00 +1.8597987708190216e-03 +9.9994283939516770e-01 +9.9999996680778458e-01 +9.9999994135506753e-01 +9.9999994069693798e-01 +9.9999959419891393e-01 +1.2792264109115029e-05 +1.1942252406599402e-05 +1.1469162787825015e-05 +1.0974448573786811e-05 +1.0539420776327496e-05
167.50000000 +1.0000000000005067e+00 +1.9999790201372067e+00 +1.8597987642156070e-03 +9.9994283941344542e-01 +9.9999996714080552e-01 +9.9999994099587186e-01 +9.9999994102280387e-01 +9.9999959393198845e-01 +1.2792233438600045e-05 +1.1942273239272640e-05 +1.1469138580202050e-05 +1.0974486203472659e-05 +1.0539366155892212e-05
168.00000000 +1.0000000000005074e+00 +1.9999788986908669e+00 +1.8597987573723696e-03 +9.9994283943232942e-01 +9.9999996747373254e-01 +9.9999994064352837e-01 +9.9999994133781123e-01 +9.9999959367751168e-01 +1.2792193244581577e-05 +1.1942304387027827e-05 +1.1469103912875837e-05 +1.0974534006715529e-05 +1.0539302074724702e-05
168.50000000 +1.0000000000005096e+00 +1.9999787769297939e+00 +1.8597987503119332e-03 +9.9994283945176354e-01 +9.9999996780587808e-01 +9.9999994029853656e-01 +9.9999994164168760e-01 +9.9999959343559175e-01 +1.2792143816011533e-05 +1.1942345523630819e-05 +1.1469059141517687e-05 +1.0974591577139196e-05 +1.0539229032758034e-05
169.00000000 +1.0000000000005111e+00 +1.9999786548543905e+00 +1.8597987430580053e-03 +9.9994283947168516e-01 +9.9999996813655090e-01 +9.9999993996138037e-01 +9.9999994193417763e-01 +9.9999959320632259e-01 +1.2792085445238438e-05 +1.1942396315327503e-05 +1.1469004635283588e-05 +1.0974658488324450e-05 +1.0539147555263001e-05
169.50000000 +1.0000000000005127e+00 +1.9999785324650785e+00 +1.8597987356352274e-03 +9.9994283949203233e-01 +9.9999996846506434e-01 +9.9999993963252887e-01 +9.9999994221504496e-01 +9.9999959298978269e-01 +1.2792018427831669e-05 +1.1942456421299334e-05 +1.1468940775909890e-05 +1.0974734295418434e-05 +1.0539058190123137e-05
170.00000000 +1.0000000000005145e+00 +1.9999784097622642e+00 +1.8597987280690031e-03 +9.9994283951274088e-01 +9.9999996879073672e-01 +9.9999993931243136e-01 +9.9999994248407220e-01 +9.9999959278603534e-01 +1.2791943062265083e-05 +1.1942525494271893e-05 +1.1468867956632964e-05 +1.0974818536956904e-05 +1.0538961504853616e-05
170.50000000 +1.0000000000005156e+00 +1.9999782867463656e+00 +1.8597987203852644e-03 +9.9994283953374452e-01 +9.9999996911289246e-01 +9.9999993900151840e-01 +9.9999994274106163e-01 +9.9999959259513005e-01 +1.2791859649479343e-05 +1.1942603181264161e-05 +1.1468786580942383e-05 +1.0974910736885274e-05 +1.0538858083393580e-05
171.00000000 +1.0000000000005176e+00 +1.9999781634177984e+00 +1.8597987126102340e-03 +9.9994283955497698e-01 +9.9999996943086822e-01 +9.9999993870019821e-01 +9.9999994298583705e-01 +9.9999959241709979e-01 +1.2791768492356209e-05 +1.1942689124447961e-05 +1.1468697061199905e-05 +1.0975010406738557e-05 +1.0538748522729032e-05
171.50000000 +1.0000000000005187e+00 +1.9999780397769773e+00 +1.8597987047701838e-03 +9.9994283957636954e-01 +9.9999996974401262e-01 +9.9999993840885715e-01 +9.9999994321824059e-01 +9.9999959225196189e-01 +1.2791669895144068e-05 +1.1942782962076409e-05 +1.1468599817169296e-05 +1.0975117047925806e-05 +1.0538633429417796e-05
172.00000000 +1.0000000000005200e+00 +1.9999779158243212e+00 +1.8597986968912265e-03 +9.9994283959785635e-01 +9.9999997005169139e-01 +9.9999993812785803e-01 +9.9999994343813903e-01 +9.9999959209971900e-01 +1.2791564162872990e-05 +1.1942884329438777e-05 +1.1468495274505892e-05 +1.0975230154060218e-05 +1.0538513416090707e-05
172.50000000 +1.0000000000005216e+00 +1.9999777915602475e+00 +1.8597986889991290e-03 +9.9994283961937014e-01 +9.9999997035328858e-01 +9.9999993785753716e-01 +9.9999994364541889e-01 +9.9999959196035837e-01 +1.2791451600791175e-05 +1.1942992859803889e-05 +1.1468383863250498e-05 +1.0975349213281792e-05 +1.0538389097994323e-05
173.00000000 +1.0000000000005238e+00 +1.9999776669851781e+00 +1.8597986811191773e-03 +9.9994283964084607e-01 +9.9999997064820934e-01 +9.9999993759820693e-01 +9.9999994383998980e-01 +9.9999959183385145e-01 +1.2791332513844860e-05 +1.1943108185323871e-05 +1.1468266016361695e-05 +1.0975473710530875e-05 +1.0538261089625188e-05
173.50000000 +1.0000000000005238e+00 +1.9999775420995305e+00 +1.8597986732760599e-03 +9.9994283966221842e-01 +9.9999997093587911e-01 +9.9999993735014803e-01 +9.9999994402178061e-01 +9.9999959172015185e-01 +1.2791207206212903e-05 +1.1943229937881685e-05 +1.1468142168308346e-05 +1.0975603129746361e-05 +1.0538130001487958e-05
174.00000000 +1.0000000000005269e+00 +1.9999774169037299e+00 +1.8597986654937727e-03 +9.9994283968342823e-01 +9.9999997121575657e-01 +9.9999993711361990e-01 +9.9999994419074900e-01 +9.9999959161920404e-01 +1.2791075980896620e-05 +1.1943357749877664e-05 +1.1468012753730422e-05 +1.0975736955976749e-05 +1.0537996436992258e-05
174.50000000 +1.0000000000005280e+00 +1.9999772913981950e+00 +1.8597986577955576e-03 +9.9994283970441278e-01 +9.9999997148731878e-01 +9.9999993688884470e-01 +9.9999994434686656e-01 +9.9999959153092965e-01 +1.2790939139357994e-05 +1.1943491254959777e-05 +1.1467878206165282e-05 +1.0975874677404855e-05 +1.0537860989489976e-05
175.00000000 +1.0000000000005291e+00 +1.9999771655833547e+00 +1.8597986502038250e-03 +9.9994283972511544e-01 +9.9999997175008026e-01 +9.9999993667602161e-01 +9.9999994449013530e-01 +9.9999959145524031e-01 +1.2790796981193117e-05 +1.1943630088709185e-05 +1.1467738956829176e-05 +1.0976015787295400e-05 +1.0537724239446312e-05
175.50000000 +1.0000000000005309e+00 +1.9999770394596328e+00 +1.8597986427400929e-03 +9.9994283974548182e-01 +9.9999997200358370e-01 +9.9999993647531671e-01 +9.9999994462057551e-01 +9.9999959139203221e-01 +1.2790649803826574e-05 +1.1943773889295983e-05 +1.1467595433439344e-05 +1.0976159785878252e-05 +1.0537586751735012e-05
176.00000000 +1.0000000000005318e+00 +1.9999769130274494e+00 +1.8597986354249179e-03 +9.9994283976545861e-01 +9.9999997224740544e-01 +9.9999993628686645e-01 +9.9999994473823084e-01 +9.9999959134118499e-01 +1.2790497902212044e-05 +1.1943922298119913e-05 +1.1467448059062236e-05 +1.0976306182179687e-05 +1.0537449073050247e-05
176.50000000 +1.0000000000005334e+00 +1.9999767862872384e+00 +1.8597986282777987e-03 +9.9994283978499632e-01 +9.9999997248115802e-01 +9.9999993611077542e-01 +9.9999994484316734e-01 +9.9999959130256622e-01 +1.2790341568527581e-05 +1.1944074960448581e-05 +1.1467297250976351e-05 +1.0976454495810439e-05 +1.0537311729432380e-05
177.00000000 +1.0000000000005353e+00 +1.9999766592394264e+00 +1.8597986213171080e-03 +9.9994283980404874e-01 +9.9999997270449004e-01 +9.9999993594711745e-01 +9.9999994493547273e-01 +9.9999959127602789e-01 +1.2790181091857811e-05 +1.1944231526061535e-05 +1.1467143419542319e-05 +1.0976604258713739e-05 +1.0537175223911790e-05
177.50000000 +1.0000000000005371e+00 +1.9999765318844398e+00 +1.8597986145599964e-03 +9.9994283982257270e-01 +9.9999997291708687e-01 +9.9999993579593538e-01 +9.9999994501525558e-01 +9.9999959126140825e-01 +1.2790016757859270e-05 +1.1944391649903848e-05 +1.1466986967078560e-05 +1.0976755016870382e-05 +1.0537040034280903e-05
178.00000000 +1.0000000000005382e+00 +1.9999764042227137e+00 +1.8597986080223121e-03 +9.9994283984052734e-01 +9.9999997311867206e-01 +9.9999993565724055e-01 +9.9999994508264689e-01 +9.9999959125853299e-01 +1.2789848848409446e-05 +1.1944554992748379e-05 +1.1466828286745860e-05 +1.0976906331952737e-05 +1.0536906611010129e-05
178.50000000 +1.0000000000005393e+00 +1.9999762762546742e+00 +1.8597986017185072e-03 +9.9994283985787680e-01 +9.9999997330901058e-01 +9.9999993553101463e-01 +9.9999994513779789e-01 +9.9999959126721527e-01 +1.2789677641242958e-05 +1.1944721221862329e-05 +1.1466667761447754e-05 +1.0977057782915673e-05 +1.0536775375326198e-05
179.00000000 +1.0000000000005411e+00 +1.9999761479807558e+00 +1.8597985956615830e-03 +9.9994283987458854e-01 +9.9999997348790692e-01 +9.9999993541720733e-01 +9.9999994518088053e-01 +9.9999959128725546e-01 +1.2789503409580368e-05 +1.1944890011671390e-05 +1.1466505762756403e-05 +1.0977208967510310e-05 +1.0536646717471742e-05
179.50000000 +1.0000000000005416e+00 +1.9999760194013880e+00 +1.8597985898630197e-03 +9.9994283989063215e-01 +9.9999997365520255e-01 +9.9999993531573728e-01 +9.9999994521208346e-01 +9.9999959131843974e-01 +1.2789326421756106e-05 +1.1945061044413671e-05 +1.1466342649874200e-05 +1.0977359503706491e-05 +1.0536520995163580e-05
180.00000000 +1.0000000000005440e+00 +1.9999758905170111e+00 +1.8597985843327401e-03 +9.9994283990598565e-01 +9.9999997381078665e-01 +9.9999993522649766e-01 +9.9999994523161928e-01 +9.9999959136054850e-01 +1.2789146940851319e-05 +1.1945234010775945e-05 +1.1466178768640939e-05 +1.0977509031011442e-05 +1.0536398532263985e-05
180.50000000 +1.0000000000005456e+00 +1.9999757613280584e+00 +1.8597985790790774e-03 +9.9994283992062605e-01 +9.9999997395458073e-01 +9.9999993514934782e-01 +9.9999994523971358e-01 +9.9999959141334449e-01 +1.2788965224336964e-05 +1.1945408610505986e-05 +1.1466014450594508e-05 +1.0977657211674402e-05 +1.0536279617674960e-05
181.00000000 +1.0000000000005473e+00 +1.9999756318349626e+00 +1.8597985741087577e-03 +9.9994283993453881e-01 +9.9999997408655372e-01 +9.9999993508412233e-01 +9.9999994523661317e-01 +9.9999959147658435e-01 +1.2788781523730570e-05 +1.1945584552996404e-05 +1.1465850012091131e-05 +1.0977803731770147e-05 +1.0536164504461370e-05
181.50000000 +1.0000000000005487e+00 +1.9999755020381660e+00 +1.8597985694269016e-03 +9.9994283994770983e-01 +9.9999997420670983e-01 +9.9999993503062634e-01 +9.9999994522257762e-01 +9.9999959155001328e-01 +1.2788596084268434e-05 +1.1945761557837254e-05 +1.1465685753488692e-05 +1.0977948302157200e-05 +1.0536053409204729e-05
182.00000000 +1.0000000000005498e+00 +1.9999753719381035e+00 +1.8597985650370297e-03 +9.9994283996013100e-01 +9.9999997431509469e-01 +9.9999993498864004e-01 +9.9999994519788604e-01 +9.9999959163336805e-01 +1.2788409144593895e-05 +1.1945939355336702e-05 +1.1465521958394745e-05 +1.0978090659309054e-05 +1.0535946511586703e-05
182.50000000 +1.0000000000005520e+00 +1.9999752415352137e+00 +1.8597985609410828e-03 +9.9994283997180056e-01 +9.9999997441179433e-01 +9.9999993495792039e-01 +9.9999994516283042e-01 +9.9999959172637776e-01 +1.2788220936460597e-05 +1.1946117687010135e-05 +1.1465358892979093e-05 +1.0978230566018459e-05 +1.0535843954198859e-05
183.00000000 +1.0000000000005531e+00 +1.9999751108299433e+00 +1.8597985571394535e-03 +9.9994283998271594e-01 +9.9999997449692857e-01 +9.9999993493819539e-01 +9.9999994511771517e-01 +9.9999959182876019e-01 +1.2788031684449220e-05 +1.1946296306038982e-05 +1.1465196805350172e-05 +1.0978367811975883e-05 +1.0535745842574225e-05
183.50000000 +1.0000000000005542e+00 +1.9999749798227244e+00 +1.8597985536310071e-03 +9.9994283999288236e-01 +9.9999997457065715e-01 +9.9999993492917560e-01 +9.9999994506285894e-01 +9.9999959194022925e-01 +1.2787841605695880e-05 +1.1946474977701170e-05 +1.1465035924993819e-05 +1.0978502214223486e-05 +1.0535652245435854e-05
184.00000000 +1.0000000000005560e+00 +1.9999748485140072e+00 +1.8597985504131363e-03 +9.9994284000230804e-01 +9.9999997463317414e-01 +9.9999993493054928e-01 +9.9999994499859268e-01 +9.9999959206049316e-01 +1.2787650909630287e-05 +1.1946653479774452e-05 +1.1464876462273607e-05 +1.0978633617485940e-05 +1.0535563195157009e-05
184.50000000 +1.0000000000005576e+00 +1.9999747169042299e+00 +1.8597985474818072e-03 +9.9994284001100386e-01 +9.9999997468470592e-01 +9.9999993494198258e-01 +9.9999994492525501e-01 +9.9999959218925039e-01 +1.2787459797722340e-05 +1.1946831602914054e-05 +1.1464718607992043e-05 +1.0978761894378661e-05 +1.0535478688428568e-05
185.00000000 +1.0000000000005584e+00 +1.9999745849938411e+00 +1.8597985448316086e-03 +9.9994284001898448e-01 +9.9999997472551183e-01 +9.9999993496312634e-01 +9.9999994484319510e-01 +9.9999959232619628e-01 +1.2787268463236249e-05 +1.1947009151004711e-05 +1.1464562533012981e-05 +1.0978886945493837e-05 +1.0535398687128480e-05
185.50000000 +1.0000000000005604e+00 +1.9999744527832848e+00 +1.8597985424558166e-03 +9.9994284002627021e-01 +9.9999997475588276e-01 +9.9999993499361528e-01 +9.9999994475277176e-01 +9.9999959247102432e-01 +1.2787077090992167e-05 +1.1947185941487140e-05 +1.1464408387945940e-05 +1.0979008699363932e-05 +1.0535323119388342e-05
186.00000000 +1.0000000000005620e+00 +1.9999743202730049e+00 +1.8597985403464724e-03 +9.9994284003288170e-01 +9.9999997477613534e-01 +9.9999993503306650e-01 +9.9999994465434872e-01 +9.9999959262342042e-01 +1.2786885857135382e-05 +1.1947361805658154e-05 +1.1464256302893638e-05 +1.0979127112302462e-05 +1.0535251880851207e-05
186.50000000 +1.0000000000005638e+00 +1.9999741874634493e+00 +1.8597985384944395e-03 +9.9994284003884404e-01 +9.9999997478661373e-01 +9.9999993508108764e-01 +9.9999994454829566e-01 +9.9999959278306993e-01 +1.2786694928914087e-05 +1.1947536588942864e-05 +1.1464106387264384e-05 +1.0979242168121740e-05 +1.0535184836114191e-05
187.00000000 +1.0000000000005651e+00 +1.9999740543550699e+00 +1.8597985368895159e-03 +9.9994284004418410e-01 +9.9999997478768510e-01 +9.9999993513727259e-01 +9.9999994443498630e-01 +9.9999959294965546e-01 +1.2786504464466706e-05 +1.1947710151138145e-05 +1.1463958729650599e-05 +1.0979353877728261e-05 +1.0535121820347714e-05
187.50000000 +1.0000000000005664e+00 +1.9999739209483152e+00 +1.8597985355204977e-03 +9.9994284004893297e-01 +9.9999997477973901e-01 +9.9999993520120745e-01 +9.9999994431479922e-01 +9.9999959312285913e-01 +1.2786314612619764e-05 +1.1947882366625426e-05 +1.1463813397774948e-05 +1.0979462278596478e-05 +1.0535062641082175e-05
188.00000000 +1.0000000000005680e+00 +1.9999737872436334e+00 +1.8597985343752938e-03 +9.9994284005312273e-01 +9.9999997476318359e-01 +9.9999993527247077e-01 +9.9999994418811267e-01 +9.9999959330236177e-01 +1.2786125512697362e-05 +1.1948053124551953e-05 +1.1463670438504755e-05 +1.0979567434123036e-05 +1.0535007080151300e-05
188.50000000 +1.0000000000005700e+00 +1.9999736532414760e+00 +1.8597985334410244e-03 +9.9994284005678868e-01 +9.9999997473844371e-01 +9.9999993535063580e-01 +9.9999994405530801e-01 +9.9999959348784573e-01 +1.2785937294343030e-05 +1.1948222328979589e-05 +1.1463529877935019e-05 +1.0979669432864425e-05 +1.0534954895780221e-05
189.00000000 +1.0000000000005715e+00 +1.9999735189422985e+00 +1.8597985327041253e-03 +9.9994284005996570e-01 +9.9999997470595725e-01 +9.9999993543527055e-01 +9.9999994391676128e-01 +9.9999959367899249e-01 +1.2785750077354740e-05 +1.1948389899000400e-05 +1.1463391721539883e-05 +1.0979768387661605e-05 +1.0534905824805012e-05
189.50000000 +1.0000000000005733e+00 +1.9999733843465510e+00 +1.8597985321504580e-03 +9.9994284006269341e-01 +9.9999997466617441e-01 +9.9999993552594457e-01 +9.9999994377285262e-01 +9.9999959387548787e-01 +1.2785563971533066e-05 +1.1948555768819099e-05 +1.1463255954391637e-05 +1.0979864434655927e-05 +1.0534859585009815e-05
190.00000000 +1.0000000000005744e+00 +1.9999732494546898e+00 +1.8597985317654305e-03 +9.9994284006500866e-01 +9.9999997461955248e-01 +9.9999993562222500e-01 +9.9999994362395239e-01 +9.9999959407701788e-01 +1.2785379076542810e-05 +1.1948719887802301e-05 +1.1463122541446424e-05 +1.0979957732201621e-05 +1.0534815877566836e-05
190.50000000 +1.0000000000005766e+00 +1.9999731142671722e+00 +1.8597985315341084e-03 +9.9994284006695366e-01 +9.9999997456655765e-01 +9.9999993572368406e-01 +9.9999994347043319e-01 +9.9999959428327456e-01 +1.2785195481788018e-05 +1.1948882220494766e-05 +1.1462991427894948e-05 +1.0980048459679927e-05 +1.0534774389564171e-05
191.00000000 +1.0000000000005778e+00 +1.9999729787844471e+00 +1.8597985314413330e-03 +9.9994284006856726e-01 +9.9999997450765465e-01 +9.9999993582989488e-01 +9.9999994331265574e-01 +9.9999959449395193e-01 +1.2785013266300227e-05 +1.1949042746603143e-05 +1.1462862539577027e-05 +1.0980136816221065e-05 +1.0534734796606141e-05
191.50000000 +1.0000000000005793e+00 +1.9999728430069821e+00 +1.8597985314718344e-03 +9.9994284006989109e-01 +9.9999997444331223e-01 +9.9999993594043890e-01 +9.9999994315097684e-01 +9.9999959470875055e-01 +1.2784832498639777e-05 +1.1949201460947510e-05 +1.1462735783457756e-05 +1.0980223019339366e-05 +1.0534696765470547e-05
192.00000000 +1.0000000000005813e+00 +1.9999727069352289e+00 +1.8597985316103603e-03 +9.9994284007096557e-01 +9.9999997437399513e-01 +9.9999993605490578e-01 +9.9999994298574446e-01 +9.9999959492737633e-01 +1.2784653236810083e-05 +1.1949358373381328e-05 +1.1462611048164295e-05 +1.0980307303488417e-05 +1.0534659956807447e-05
192.50000000 +1.0000000000005824e+00 +1.9999725705696494e+00 +1.8597985318417806e-03 +9.9994284007183132e-01 +9.9999997430016241e-01 +9.9999993617289296e-01 +9.9999994281729676e-01 +9.9999959514954095e-01 +1.2784475528184853e-05 +1.1949513508679724e-05 +1.1462488204580808e-05 +1.0980389918541836e-05 +1.0534624027863486e-05
193.00000000 +1.0000000000005844e+00 +1.9999724339107021e+00 +1.8597985321512111e-03 +9.9994284007252854e-01 +9.9999997422226727e-01 +9.9999993629401185e-01 +9.9999994264596204e-01 +9.9999959537496530e-01 +1.2784299409448343e-05 +1.1949666906396830e-05 +1.1462367106500339e-05 +1.0980471128206756e-05 +1.0534588635216255e-05
193.50000000 +1.0000000000005855e+00 +1.9999722969588503e+00 +1.8597985325241268e-03 +9.9994284007309531e-01 +9.9999997414075048e-01 +9.9999993641788498e-01 +9.9999994247205581e-01 +9.9999959560337626e-01 +1.2784124906548510e-05 +1.1949818620692072e-05 +1.1462247591331289e-05 +1.0980551208376313e-05 +1.0534553437502708e-05
194.00000000 +1.0000000000005875e+00 +1.9999721597145561e+00 +1.8597985329464632e-03 +9.9994284007357070e-01 +9.9999997405604224e-01 +9.9999993654415198e-01 +9.9999994229588240e-01 +9.9999959583451070e-01 +1.2783952034663629e-05 +1.1949968720125960e-05 +1.1462129480856807e-05 +1.0980630445428437e-05 +1.0534518098125909e-05
194.50000000 +1.0000000000005889e+00 +1.9999720221782824e+00 +1.8597985334047385e-03 +9.9994284007398915e-01 +9.9999997396855467e-01 +9.9999993667246634e-01 +9.9999994211773013e-01 +9.9999959606811339e-01 +1.2783780798182043e-05 +1.1950117287425456e-05 +1.1462012582044439e-05 +1.0980709134478010e-05 +1.0534482287924169e-05
195.00000000 +1.0000000000005898e+00 +1.9999718843504932e+00 +1.8597985338861434e-03 +9.9994284007438705e-01 +9.9999997387868400e-01 +9.9999993680250165e-01 +9.9999994193787400e-01 +9.9999959630394064e-01 +1.2783611190695620e-05 +1.1950264419219475e-05 +1.1461896687904142e-05 +1.0980787577589957e-05 +1.0534445687787170e-05
195.50000000 +1.0000000000005917e+00 +1.9999717462316560e+00 +1.8597985343786459e-03 +9.9994284007479572e-01 +9.9999997378680694e-01 +9.9999993693395095e-01 +9.9999994175657347e-01 +9.9999959654175874e-01 +1.2783443195006650e-05 +1.1950410225744984e-05 +1.1461781578391602e-05 +1.0980866081961128e-05 +1.0534407991203446e-05
196.00000000 +1.0000000000005937e+00 +1.9999716078222338e+00 +1.8597985348710897e-03 +9.9994284007524648e-01 +9.9999997369327798e-01 +9.9999993706652734e-01 +9.9999994157407046e-01 +9.9999959678134609e-01 +1.2783276783148385e-05 +1.1950554830524273e-05 +1.1461667021354150e-05 +1.0980944958078674e-05 +1.0534368906724490e-05
196.50000000 +1.0000000000005951e+00 +1.9999714691226969e+00 +1.8597985353532634e-03 +9.9994284007576584e-01 +9.9999997359842641e-01 +9.9999993719996383e-01 +9.9999994139058956e-01 +9.9999959702249097e-01 +1.2783111916419159e-05 +1.1950698370014315e-05 +1.1461552773516548e-05 +1.0981024517863170e-05 +1.0534328160330747e-05
197.00000000 +1.0000000000005964e+00 +1.9999713301335109e+00 +1.8597985358160000e-03 +9.9994284007638012e-01 +9.9999997350255765e-01 +9.9999993733402082e-01 +9.9999994120633717e-01 +9.9999959726499632e-01 +1.2782948545429828e-05 +1.1950840993228715e-05 +1.1461438581503245e-05 +1.0981105072804301e-05 +1.0534285497685869e-05
197.50000000 +1.0000000000005975e+00 +1.9999711908551465e+00 +1.8597985362512391e-03 +9.9994284007711065e-01 +9.9999997340594893e-01 +9.9999993746847959e-01 +9.9999994102150069e-01 +9.9999959750867584e-01 +1.2782786610164721e-05 +1.1950982861333495e-05 +1.1461324182894092e-05 +1.0981186932097411e-05 +1.0534240686265864e-05
198.00000000 +1.0000000000005989e+00 +1.9999710512880748e+00 +1.8597985366520958e-03 +9.9994284007797785e-01 +9.9999997330884993e-01 +9.9999993760314676e-01 +9.9999994083624855e-01 +9.9999959775335900e-01 +1.2782626040055607e-05 +1.1951124147217276e-05 +1.1461209307310358e-05 +1.0981270400788651e-05 +1.0534193517350701e-05
198.50000000 +1.0000000000006004e+00 +1.9999709114327671e+00 +1.8597985370129146e-03 +9.9994284007899681e-01 +9.9999997321147926e-01 +9.9999993773785645e-01 +9.9999994065072895e-01 +9.9999959799888893e-01 +1.2782466754068762e-05 +1.1951265035037085e-05 +1.1461093677527784e-05 +1.0981355777936792e-05 +1.0534143807866973e-05
199.00000000 +1.0000000000006029e+00 +1.9999707712896913e+00 +1.8597985373293255e-03 +9.9994284008018153e-01 +9.9999997311402533e-01 +9.9999993787246888e-01 +9.9999994046506879e-01 +9.9999959824512163e-01 +1.2782308660804991e-05 +1.1951405719740452e-05 +1.1460977010613184e-05 +1.0981443354799408e-05 +1.0534091402070321e-05
199.50000000 +1.0000000000006042e+00 +1.9999706308593277e+00 +1.8597985375982777e-03 +9.9994284008153989e-01 +9.9999997301664245e-01 +9.9999993800686748e-01 +9.9999994027937267e-01 +9.9999959849192788e-01 +1.2782151658612508e-05 +1.1951546406564822e-05 +1.1460859019081691e-05 +1.0981533413051160e-05 +1.0534036173058050e-05
200.00000000 +1.0000000000006057e+00 +1.9999704901421449e+00 +1.8597985378180726e-03 +9.9994284008307832e-01 +9.9999997291945464e-01 +9.9999993814096844e-01 +9.9999994009372661e-01 +9.9999959873919519e-01 +1.2781995635712639e-05 +1.1951687310515323e-05 +1.1460739412070904e-05 +1.0981626223041691e-05 +1.0533978024102710e-05
#
#Timing:
#    proc        CPU Pre        CPU all       Wall Pre       Wall all
#       0           0.14         177.45           0.15         177.55
