#PATCH_CHECK: SepMBpoisson v0.61 exact-bernoulli stratified-backward active
#discretizing the bath:
#     0 0.0000000000000000e+00 -6.3189999999999946e-01
#     1 4.3461349368017661e-03 -2.3887059414175743e-01
#     2 4.3461349368017661e-03 -2.2257645869094916e-01
#     3 4.3461349368017661e-03 -2.0564704689784702e-01
#     4 4.3461349368017661e-03 -1.8810536043638598e-01
#     5 4.3461349368017661e-03 -1.6997206898338796e-01
#     6 4.3461349368017661e-03 -1.5126587962474453e-01
#     7 4.3461349368017661e-03 -1.3200382916273876e-01
#     8 4.3461349368017661e-03 -1.1220151886193480e-01
#     9 4.3461349368017661e-03 -9.1873305439137520e-02
#sampling: jump_strength=1.0865337342004417e-02 jump_probability=1.0748550712574651e-02 log_scale=1.0806733681108087e-02 back_replicas=8 stratify_forward=0
#adaptive measurement: gap=1.8133291452998024e-02 period_steps=693 nmeas=125 nwf=400 tmax=2.0000000000000000e+02 forced_stride=0
  0.00000000 +5.0000000000000000e+00 +1.9999999999999998e+00 +1.8374661879283106e-03 +1.0000000000000000e+00 +1.0000000000000000e+00 +1.0000000000000000e+00 +1.0000000000000000e+00 +1.0000000000000000e+00 +0.0000000000000000e+00 +0.0000000000000000e+00 +0.0000000000000000e+00 +0.0000000000000000e+00 +0.0000000000000000e+00
  0.50000000 +5.0000000000000000e+00 +1.9999999998933453e+00 +1.8468159325781604e-03 +9.9997626325073719e-01 +9.9999999998653000e-01 +9.9999999998653000e-01 +9.9999999998653000e-01 +9.9999999998653000e-01 +4.7392191894559870e-06 +4.7090138408934863e-06 +4.8136341845508741e-06 +4.7589899630605321e-06 +4.7158786928395090e-06
  1.00000000 +5.0000000000000000e+00 +2.0000000011378458e+00 +1.8728851597349400e-03 +9.9991004216190438e-01 +9.9999999988522048e-01 +9.9999999990572863e-01 +9.9999999989487132e-01 +9.9999999990271260e-01 +1.8049151883488648e-05 +1.8026897691647071e-05 +1.8120150999829017e-05 +1.7986683276319293e-05 +1.7775421922636825e-05
  1.50000000 +5.0000000000000000e+00 +1.9999999981818282e+00 +1.9107314974783273e-03 +9.9981378544582800e-01 +9.9999999900230785e-01 +9.9999999906383352e-01 +9.9999999899889125e-01 +9.9999999904895132e-01 +3.7572385185443029e-05 +3.7489869211017669e-05 +3.7427534998778968e-05 +3.7124289574787881e-05 +3.6604345991930592e-05
  2.00000000 +5.0000000000000000e+00 +1.9999999997089744e+00 +1.9526412114247674e-03 +9.9970695929056841e-01 +9.9999999629469882e-01 +9.9999999623825220e-01 +9.9999999624015579e-01 +9.9999999650532478e-01 +5.9741764813976625e-05 +5.9362101540065925e-05 +5.8808770822929042e-05 +5.8151244920915627e-05 +5.6991506080698951e-05
  2.50000000 +5.0000000000000000e+00 +1.9999999973920279e+00 +1.9903510911113143e-03 +9.9961045872467680e-01 +9.9999999041114940e-01 +9.9999999061966360e-01 +9.9999999028172970e-01 +9.9999999081768876e-01 +8.0577623092458188e-05 +7.9365633624235515e-05 +7.8301584937159386e-05 +7.6627982720736326e-05 +7.4706318692292851e-05
  3.00000000 +5.0000000000000000e+00 +1.9999999768134926e+00 +2.0164806481417271e-03 +9.9954302083512903e-01 +9.9999998083116959e-01 +9.9999998119728095e-01 +9.9999998087428021e-01 +9.9999998138498902e-01 +9.6464772468551069e-05 +9.3889873666138927e-05 +9.1720557480791777e-05 +8.8896236138735380e-05 +8.6083503001736938e-05
  3.50000000 +5.0000000000000000e+00 +1.9999999753330280e+00 +2.0258540920081256e-03 +9.9951788773098749e-01 +9.9999996662543222e-01 +9.9999996785902323e-01 +9.9999996747695585e-01 +9.9999996821502124e-01 +1.0443503726229065e-04 +1.0031186743144031e-04 +9.6895349713917953e-05 +9.2572141122161165e-05 +8.8027994760096401e-05
  4.00000000 +5.0000000000000000e+00 +1.9999999657666139e+00 +2.0171306114870561e-03 +9.9953870824830371e-01 +9.9999994869648601e-01 +9.9999995047403811e-01 +9.9999995087744920e-01 +9.9999995158059252e-01 +1.0312853835003426e-04 +9.7616243329393969e-05 +9.2568828601183000e-05 +8.6797389747387659e-05 +8.1379062930619044e-05
  4.50000000 +5.0000000000000000e+00 +1.9999999246448297e+00 +1.9917605906765203e-03 +9.9960208486185875e-01 +9.9999992845648999e-01 +9.9999993043712321e-01 +9.9999993115899788e-01 +9.9999993270676257e-01 +9.2784162527423321e-05 +8.6246106496907715e-05 +7.9665679069907311e-05 +7.3195013451423101e-05 +6.6301220431238557e-05
  5.00000000 +5.0000000000000000e+00 +1.9999998999945767e+00 +1.9549184263455460e-03 +9.9969517245497286e-01 +9.9999990808138839e-01 +9.9999991117528897e-01 +9.9999991239563812e-01 +9.9999991453346038e-01 +7.5917100110742746e-05 +6.7756122168292592e-05 +6.0840366821840976e-05 +5.3381001119130981e-05 +4.7286917449023173e-05
  5.50000000 +5.0000000000000000e+00 +1.9999998858696191e+00 +1.9139014430191064e-03 +9.9979968679783882e-01 +9.9999988708813559e-01 +9.9999989278487389e-01 +9.9999989265409450e-01 +9.9999989758934171e-01 +5.3920281310424051e-05 +4.6787486323945400e-05 +3.9553119890384803e-05 +3.2955259041408236e-05 +2.7526943370882463e-05
  6.00000000 +5.0000000000000000e+00 +1.9999997517925499e+00 +1.8775003551486046e-03 +9.9989339214903916e-01 +9.9999987195068518e-01 +9.9999987911112564e-01 +9.9999988342992741e-01 +9.9999988461722822e-01 +3.3429792604821363e-05 +2.5433863733819404e-05 +2.0407537334147778e-05 +1.5533074662103701e-05 +1.2284477320338151e-05
  6.50000000 +5.0000000000000000e+00 +1.9999997249394212e+00 +1.8519540003294704e-03 +9.9996031141735919e-01 +9.9999986368536020e-01 +9.9999987137598612e-01 +9.9999987294342541e-01 +9.9999987745571928e-01 +1.5123865394442315e-05 +1.0675944021443197e-05 +7.2657278016915059e-06 +4.5798240985908221e-06 +2.5576716595487658e-06
  7.00000000 +5.0000000000000000e+00 +1.9999996598420384e+00 +1.8420270986200691e-03 +9.9998806387603700e-01 +9.9999985757751442e-01 +9.9999986816677799e-01 +9.9999987185310535e-01 +9.9999987525321110e-01 +4.3213881218131866e-06 +2.3323221699410421e-06 +1.8965270408274220e-06 +1.7432243606132061e-06 +2.1698582646507529e-06
  7.50000000 +5.0000000000000000e+00 +1.9999996271240612e+00 +1.8517718156535433e-03 +9.9996589470233366e-01 +9.9999985285698667e-01 +9.9999986619340442e-01 +9.9999987068493346e-01 +9.9999987348892738e-01 +3.0414501435812481e-06 +4.4800019196587648e-06 +6.8968118343152209e-06 +8.7801668722713389e-06 +1.1443397174016524e-05
  8.00000000 +5.0000000000000000e+00 +1.9999995563818911e+00 +1.8753163412416659e-03 +9.9990816590505704e-01 +9.9999985779277667e-01 +9.9999986285650133e-01 +9.9999986581010847e-01 +9.9999986955968090e-01 +1.0012099884818409e-05 +1.3144831334206939e-05 +1.8394830263449091e-05 +2.3147302679681368e-05 +2.7679143946573066e-05
  8.50000000 +5.0000000000000000e+00 +1.9999995293700217e+00 +1.9105858388139168e-03 +9.9981965913075377e-01 +9.9999985785207790e-01 +9.9999986561838905e-01 +9.9999986302348876e-01 +9.9999987281079805e-01 +2.4051910539128441e-05 +2.9476202865603880e-05 +3.7003523169473710e-05 +4.2144155280202144e-05 +4.8205825061856397e-05
  9.00000000 +5.0000000000000000e+00 +1.9999995672105473e+00 +1.9487091633998020e-03 +9.9972259578285194e-01 +9.9999984512958651e-01 +9.9999986130488638e-01 +9.9999986337398805e-01 +9.9999986012913611e-01 +4.3024653486035806e-05 +5.0300924067110357e-05 +5.7567225564429588e-05 +6.1882613598237827e-05 +6.5198727872738653e-05
  9.50000000 +5.0000000000000000e+00 +1.9999995497141720e+00 +1.9812167633959784e-03 +9.9963834041744060e-01 +9.9999983602761688e-01 +9.9999984404956177e-01 +9.9999983919498703e-01 +9.9999983815644222e-01 +6.4130512945223525e-05 +6.7475905154482576e-05 +7.2794564252290990e-05 +7.7449823770655744e-05 +8.0451480091321630e-05
 10.00000000 +5.0000000000000000e+00 +1.9999993260523170e+00 +2.0077581738419375e-03 +9.9956805392943138e-01 +9.9999981538463856e-01 +9.9999981414062844e-01 +9.9999981129496207e-01 +9.9999981098253721e-01 +8.2928486238711461e-05 +8.6895620027121863e-05 +8.7966096422141177e-05 +8.9012927785775663e-05 +8.5891122682439126e-05
 10.50000000 +5.0000000000000000e+00 +1.9999994279612956e+00 +2.0158317814834062e-03 +9.9954391691604627e-01 +9.9999979364541935e-01 +9.9999978636787423e-01 +9.9999978466114803e-01 +9.9999976840696136e-01 +9.5704918226706385e-05 +9.4455650930385185e-05 +9.3281827434591496e-05 +9.0461221993678160e-05 +8.3046426667615847e-05
 11.00000000 +5.0000000000000000e+00 +1.9999996915633294e+00 +2.0075505313876300e-03 +9.9956146869528439e-01 +9.9999974567630168e-01 +9.9999972890846722e-01 +9.9999974577085315e-01 +9.9999973704623457e-01 +9.8802729749978592e-05 +9.5886010549928996e-05 +8.8649706757577278e-05 +8.3802845926346097e-05 +7.2432487865318091e-05
 11.50000000 +5.0000000000000000e+00 +1.9999996481766769e+00 +1.9850367183777665e-03 +9.9961566226098120e-01 +9.9999969568941083e-01 +9.9999968885789947e-01 +9.9999969499581132e-01 +9.9999968461948341e-01 +9.7234933530792637e-05 +8.8756665273569566e-05 +7.6287160103585374e-05 +6.6319395457875105e-05 +5.6975465964504465e-05
 12.00000000 +5.0000000000000000e+00 +1.9999994961457785e+00 +1.9538509343690947e-03 +9.9969327496545979e-01 +9.9999964757342996e-01 +9.9999964454855372e-01 +9.9999965522631840e-01 +9.9999961937438275e-01 +8.4855715544638854e-05 +7.3736365367451693e-05 +6.1082015502598685e-05 +4.9154394929535828e-05 +3.9329606492997577e-05
 12.50000000 +5.0000000000000000e+00 +1.9999993421707805e+00 +1.9206199762636350e-03 +9.9977787483235592e-01 +9.9999958051687743e-01 +9.9999960917341413e-01 +9.9999958465103966e-01 +9.9999958888953433e-01 +6.8832253747053135e-05 +5.6075989098651772e-05 +4.3604376591047983e-05 +3.2776940411190068e-05 +2.2472245232652342e-05
 13.00000000 +5.0000000000000000e+00 +1.9999991539724520e+00 +1.8871729529665651e-03 +9.9986475412982168e-01 +9.9999955793579420e-01 +9.9999957044857946e-01 +9.9999953521467400e-01 +9.9999956057140860e-01 +4.8213564977585841e-05 +3.6341896272169922e-05 +2.6708211514913971e-05 +1.3522110243682849e-05 +1.2235790888894561e-05
 13.50000000 +5.0000000000000000e+00 +1.9999990233427565e+00 +1.8653094731141853e-03 +9.9992383902870097e-01 +9.9999951788370023e-01 +9.9999954955580295e-01 +9.9999953560154420e-01 +9.9999952601073605e-01 +3.1587545359341780e-05 +2.0179501689272615e-05 +1.1668613642073582e-05 +9.8097455011702910e-06 +4.7864718270987600e-06
 14.00000000 +5.0000000000000000e+00 +1.9999992213263393e+00 +1.8562443987107003e-03 +9.9995116728529732e-01 +9.9999947445187365e-01 +9.9999954128682111e-01 +9.9999952925999358e-01 +9.9999949643117680e-01 +1.9224830950254596e-05 +9.4061071126150941e-06 +4.7336113197431079e-06 +8.3320268300590934e-06 +9.0947506352451503e-06
 14.50000000 +5.0000000000000000e+00 +1.9999994786266930e+00 +1.8631385090387286e-03 +9.9993797856028754e-01 +9.9999953390881824e-01 +9.9999951964074552e-01 +9.9999952056627150e-01 +9.9999950729413967e-01 +9.6754070831918776e-06 +7.8490761536783058e-06 +1.2715205569392339e-05 +1.4416689656082649e-05 +1.9283503312787625e-05
 15.00000000 +5.0000000000000000e+00 +1.9999996574984675e+00 +1.8809916640482910e-03 +9.9989606111767360e-01 +9.9999954183967366e-01 +9.9999951006553101e-01 +9.9999948147152473e-01 +9.9999948147759843e-01 +1.0362369882135701e-05 +1.4808471436108072e-05 +1.9664068543542075e-05 +2.6409272808325268e-05 +3.4679719131755248e-05
 15.50000000 +5.0000000000000000e+00 +1.9999992944455269e+00 +1.9117222123267977e-03 +9.9982000248175407e-01 +9.9999953306820122e-01 +9.9999954637018806e-01 +9.9999952871056186e-01 +9.9999955535817198e-01 +1.7056213992731545e-05 +2.4730584801258487e-05 +3.5997223277745076e-05 +4.6245539127377712e-05 +5.7804256863399526e-05
 16.00000000 +5.0000000000000000e+00 +1.9999992860887021e+00 +1.9424396137011277e-03 +9.9974195038248514e-01 +9.9999952549514148e-01 +9.9999950910701940e-01 +9.9999950418216221e-01 +9.9999948114065729e-01 +3.2450984063750581e-05 +3.9218363373565080e-05 +5.3092058928905557e-05 +6.2998952101824622e-05 +7.2269141949255514e-05
 16.50000000 +5.0000000000000000e+00 +1.9999992075715249e+00 +1.9711865747340700e-03 +9.9966684924043059e-01 +9.9999953159959010e-01 +9.9999949361734575e-01 +9.9999949830397228e-01 +9.9999947662186561e-01 +4.8916168922500354e-05 +5.6985257082345074e-05 +7.2096220896193693e-05 +7.7183176595074443e-05 +7.9969581547847848e-05
 17.00000000 +5.0000000000000000e+00 +1.9999992384980958e+00 +1.9950268295955832e-03 +9.9960253658283604e-01 +9.9999947842753045e-01 +9.9999948387922399e-01 +9.9999948186952559e-01 +9.9999945291480108e-01 +6.7877617981197208e-05 +7.9365803895189833e-05 +8.3953252082154210e-05 +8.5809591950669801e-05 +8.2560126247763527e-05
 17.50000000 +5.0000000000000000e+00 +1.9999986533722778e+00 +1.9997618846380855e-03 +9.9958568880684928e-01 +9.9999944524627804e-01 +9.9999947870151951e-01 +9.9999944907343385e-01 +9.9999942021967547e-01 +8.5495540638987145e-05 +8.2324534848820526e-05 +8.8396179189085213e-05 +8.5449258300069431e-05 +7.4852474287818933e-05
 18.00000000 +5.0000000000000000e+00 +1.9999990392354683e+00 +1.9939729824840725e-03 +9.9959546265729293e-01 +9.9999942633985939e-01 +9.9999934052901740e-01 +9.9999935033993803e-01 +9.9999932276748893e-01 +9.5679807187936408e-05 +9.0161311123783644e-05 +8.2935925259653473e-05 +7.6239259933921717e-05 +6.2081174475037720e-05
 18.50000000 +5.0000000000000000e+00 +1.9999996427013214e+00 +1.9812914044243387e-03 +9.9962419802992597e-01 +9.9999937841568343e-01 +9.9999932898785460e-01 +9.9999928697086593e-01 +9.9999919867955489e-01 +9.5224539076604111e-05 +9.2113218461292354e-05 +8.1744610477014557e-05 +6.0728820993573871e-05 +4.8797668061392170e-05
 19.00000000 +5.0000000000000000e+00 +1.9999993262534645e+00 +1.9529459107660155e-03 +9.9969384465803490e-01 +9.9999937083875590e-01 +9.9999934238191079e-01 +9.9999928882233136e-01 +9.9999925424746228e-01 +8.9856986716496380e-05 +7.8395014558572742e-05 +5.8945543810018371e-05 +4.7275389996562304e-05 +3.4426181135322655e-05
 19.50000000 +5.0000000000000000e+00 +1.9999985168259995e+00 +1.9272612443971620e-03 +9.9975867171564392e-01 +9.9999929234682816e-01 +9.9999923643114863e-01 +9.9999919964644624e-01 +9.9999925387172550e-01 +7.7883550620431655e-05 +6.5806679112724822e-05 +4.4250380482429402e-05 +3.0903983835709582e-05 +2.5501266748447985e-05
 20.00000000 +5.0000000000000000e+00 +1.9999980921333671e+00 +1.8968413025864084e-03 +9.9983787628490994e-01 +9.9999918297381341e-01 +9.9999912184126005e-01 +9.9999907454921977e-01 +9.9999909885946614e-01 +6.2622853417604812e-05 +4.8339660516527594e-05 +3.1110422000144239e-05 +1.1307975345205509e-05 +1.2264522349770051e-05
 20.50000000 +5.0000000000000000e+00 +1.9999994689040936e+00 +1.8779614667877632e-03 +9.9989008171232918e-01 +9.9999917860822229e-01 +9.9999907363336449e-01 +9.9999895167551001e-01 +9.9999910310059892e-01 +4.1783888626721377e-05 +2.8082631018737296e-05 +2.1890750475379722e-05 +1.5135820994063162e-05 +6.7182194748841021e-06
 21.00000000 +5.0000000000000000e+00 +1.9999995246726625e+00 +1.8804918686600163e-03 +9.9988866462512771e-01 +9.9999914297884274e-01 +9.9999916427766822e-01 +9.9999913149960007e-01 +9.9999910380625323e-01 +3.4128064754963506e-05 +2.5024162888802815e-05 +1.9363918732428162e-05 +1.3873620607638780e-05 +2.2402973511302045e-05
 21.50000000 +5.0000000000000000e+00 +1.9999996590152822e+00 +1.8773898293574099e-03 +9.9990150998887672e-01 +9.9999921825241855e-01 +9.9999930861983677e-01 +9.9999903710053950e-01 +9.9999892368813215e-01 +2.0324123049668013e-05 +1.2464284148230371e-05 +1.6938920739373839e-05 +1.6662006350884890e-05 +3.5612987806262660e-05
 22.00000000 +5.0000000000000000e+00 +1.9999993378131073e+00 +1.8958623100910571e-03 +9.9985853813910774e-01 +9.9999933103180283e-01 +9.9999898261166442e-01 +9.9999905964696123e-01 +9.9999894742920892e-01 +1.7912152163982573e-05 +1.7291696419675994e-05 +2.5263812465495575e-05 +3.4597307146792830e-05 +5.0076231702481115e-05
 22.50000000 +5.0000000000000000e+00 +1.9999988313731061e+00 +1.9127640154601774e-03 +9.9981789654454722e-01 +9.9999922794235552e-01 +9.9999919605152920e-01 +9.9999902723764245e-01 +9.9999889334724990e-01 +1.5195089516038195e-05 +2.9023201304770758e-05 +3.5330257038965093e-05 +4.3536478418246803e-05 +6.2673965459711988e-05
 23.00000000 +5.0000000000000000e+00 +1.9999991691832530e+00 +1.9364296283361398e-03 +9.9975805982126897e-01 +9.9999922470271707e-01 +9.9999920893848071e-01 +9.9999902105995153e-01 +9.9999904194425060e-01 +2.7452996613851545e-05 +4.0113728526831601e-05 +5.1908746160759209e-05 +6.0289382845526696e-05 +6.5678746815543302e-05
 23.50000000 +5.0000000000000000e+00 +1.9999997773550122e+00 +1.9582402598482028e-03 +9.9970057519538147e-01 +9.9999903464652595e-01 +9.9999915402827921e-01 +9.9999899678819815e-01 +9.9999900564998856e-01 +3.6340091083040735e-05 +5.0264702412436929e-05 +6.3708095551299112e-05 +7.7415399312493000e-05 +7.5505431883572297e-05
 24.00000000 +5.0000000000000000e+00 +1.9999983363277305e+00 +1.9745714917791084e-03 +9.9965545248994414e-01 +9.9999913542705732e-01 +9.9999923418730130e-01 +9.9999898153122457e-01 +9.9999901612904463e-01 +5.4314215989250867e-05 +6.5098460962021286e-05 +7.7139582070140440e-05 +7.5890365981467944e-05 +7.5737498228300722e-05
 24.50000000 +5.0000000000000000e+00 +1.9999985265636246e+00 +1.9838817605919335e-03 +9.9962720277399064e-01 +9.9999916601377503e-01 +9.9999913109320004e-01 +9.9999919046361430e-01 +9.9999880111790407e-01 +6.7732603611531480e-05 +8.8874652056960445e-05 +8.2471159864769389e-05 +7.0208167440893374e-05 +6.7222017758174422e-05
 25.00000000 +5.0000000000000000e+00 +1.9999987107857928e+00 +1.9804922517370604e-03 +9.9963077262380173e-01 +9.9999923289160531e-01 +9.9999890046586515e-01 +9.9999872926493782e-01 +9.9999899057636887e-01 +8.3144623531746054e-05 +8.6968377946026511e-05 +8.1273501657074651e-05 +6.7119287348847372e-05 +5.4868494340813629e-05
 25.50000000 +5.0000000000000000e+00 +1.9999982564885912e+00 +1.9631104097912180e-03 +9.9967115450845168e-01 +9.9999918843734326e-01 +9.9999889853795332e-01 +9.9999908301931761e-01 +9.9999866295763340e-01 +8.3843861531825769e-05 +8.7780596866422189e-05 +6.9586992651500692e-05 +5.0873329780309030e-05 +4.0927902950320637e-05
 26.00000000 +5.0000000000000000e+00 +1.9999967535932635e+00 +1.9495846185090461e-03 +9.9970277419482523e-01 +9.9999906217837164e-01 +9.9999910409492621e-01 +9.9999874798633126e-01 +9.9999842950922002e-01 +8.3689843276371642e-05 +7.5050875600703049e-05 +6.3710976314905370e-05 +4.4995460033431046e-05 +3.4434985727147187e-05
 26.50000000 +5.0000000000000000e+00 +1.9999977259309518e+00 +1.9265586997169483e-03 +9.9976171585042162e-01 +9.9999912883689146e-01 +9.9999901763824239e-01 +9.9999869544421882e-01 +9.9999864553927476e-01 +7.3347881095454058e-05 +7.1836863812343115e-05 +4.3948838878639208e-05 +2.5508414088699785e-05 +2.8154556635344322e-05
 27.00000000 +5.0000000000000000e+00 +1.9999970151953952e+00 +1.9061466117452209e-03 +9.9981417454997190e-01 +9.9999916727487959e-01 +9.9999893604523105e-01 +9.9999884482155132e-01 +9.9999871105937799e-01 +6.3576802108428697e-05 +5.1525676383537997e-05 +2.9216850467477864e-05 +2.6205100028220960e-05 +1.9641763672746704e-05
 27.50000000 +5.0000000000000000e+00 +1.9999957558469645e+00 +1.8946537635409347e-03 +9.9984715784795675e-01 +9.9999906064412025e-01 +9.9999882405387452e-01 +9.9999852514782894e-01 +9.9999869379074247e-01 +5.6399132945073143e-05 +3.9420720092025042e-05 +2.1173596000813303e-05 +2.7792408265642536e-05 +1.2952556225746481e-05
 28.00000000 +5.0000000000000000e+00 +1.9999976919717497e+00 +1.9038315915567013e-03 +9.9982924913406568e-01 +9.9999904522267180e-01 +9.9999873297012221e-01 +9.9999889361835759e-01 +9.9999829995868628e-01 +4.8080343391870752e-05 +3.6746208418036264e-05 +3.0318847378029182e-05 +2.4517797794592419e-05 +3.6115954029338658e-05
 28.50000000 +5.0000000000000000e+00 +1.9999970260439515e+00 +1.9006569428716223e-03 +9.9984047517922292e-01 +9.9999885446150583e-01 +9.9999846662814240e-01 +9.9999854753559947e-01 +9.9999868284569249e-01 +4.4042409549509570e-05 +3.6100673810109803e-05 +2.2329599154807619e-05 +2.4159185350247375e-05 +3.8341482576000208e-05
 29.00000000 +5.0000000000000000e+00 +1.9999969244521354e+00 +1.9028762661700716e-03 +9.9983920325018028e-01 +9.9999916882474771e-01 +9.9999912579340555e-01 +9.9999856138043286e-01 +9.9999843059780891e-01 +2.9238674670654925e-05 +1.8505158741912203e-05 +2.2772664913021769e-05 +4.0648347137193971e-05 +5.4345262353324133e-05
 29.50000000 +5.0000000000000000e+00 +1.9999978812806360e+00 +1.9191002670350692e-03 +9.9980094020701804e-01 +9.9999873849872722e-01 +9.9999911371016481e-01 +9.9999890737118180e-01 +9.9999863021948776e-01 +2.0477026334785627e-05 +2.3971010063086826e-05 +4.0563752865003600e-05 +5.4175855037490906e-05 +6.4482327264521361e-05
 30.00000000 +5.0000000000000000e+00 +1.9999965188675628e+00 +1.9359087136976553e-03 +9.9975780418166638e-01 +9.9999881010467695e-01 +9.9999879633618394e-01 +9.9999876596398896e-01 +9.9999799593109095e-01 +4.1817705755999042e-05 +4.5820119094016379e-05 +4.5106469358378591e-05 +5.0025763823392932e-05 +6.5057494027817608e-05
 30.50000000 +5.0000000000000000e+00 +1.9999953082572346e+00 +1.9479929925142001e-03 +9.9972519086872003e-01 +9.9999895698872010e-01 +9.9999878616331817e-01 +9.9999899369662282e-01 +9.9999856996360370e-01 +3.4338779422513952e-05 +4.4716611786960274e-05 +5.5512859676529711e-05 +7.5442293874745475e-05 +6.9491851388349852e-05
 31.00000000 +5.0000000000000000e+00 +1.9999964197180153e+00 +1.9579573077562816e-03 +9.9969761558445958e-01 +9.9999949662152099e-01 +9.9999880664368535e-01 +9.9999863539093214e-01 +9.9999829600597434e-01 +5.3641642992173987e-05 +4.2760182149697951e-05 +7.5072314440571090e-05 +7.6017271455218547e-05 +5.9658365000827018e-05
 31.50000000 +5.0000000000000000e+00 +1.9999959051455591e+00 +1.9679273132315643e-03 +9.9966773101090556e-01 +9.9999954191101481e-01 +9.9999827830522914e-01 +9.9999857958854488e-01 +9.9999854772328833e-01 +6.0652649153211926e-05 +7.2345269396404814e-05 +7.7848674591007896e-05 +7.4431537492830496e-05 +5.2043360562480524e-05
 32.00000000 +5.0000000000000000e+00 +1.9999998382384081e+00 +1.9679335270588387e-03 +9.9966545765362236e-01 +9.9999881555614045e-01 +9.9999850490503317e-01 +9.9999859663023638e-01 +9.9999835201410936e-01 +8.1883412140029992e-05 +7.7659533287824975e-05 +7.8544436226948104e-05 +6.8267241589632714e-05 +3.3918731486486274e-05
 32.50000000 +5.0000000000000000e+00 +1.9999991249269518e+00 +1.9445324907977196e-03 +9.9971944153545167e-01 +9.9999921342343090e-01 +9.9999879467340669e-01 +9.9999849416800968e-01 +9.9999810474795603e-01 +7.2891993209853328e-05 +7.4037372257173040e-05 +6.7342096140691172e-05 +4.5736405805081382e-05 +2.5943515645479212e-05
 33.00000000 +5.0000000000000000e+00 +2.0000000806148082e+00 +1.9448635940457868e-03 +9.9971852444123865e-01 +9.9999923126101742e-01 +9.9999884235635350e-01 +9.9999863199151318e-01 +9.9999790215636697e-01 +8.2302620623784704e-05 +7.4534211888448588e-05 +5.6282293873321796e-05 +4.3902658414929593e-05 +2.9845963461846277e-05
 33.50000000 +5.0000000000000000e+00 +1.9999988388825904e+00 +1.9405027299245956e-03 +9.9972748872491957e-01 +9.9999917518695258e-01 +9.9999859022120585e-01 +9.9999792719775882e-01 +9.9999782520352398e-01 +8.3548485151802582e-05 +6.7629662544053297e-05 +5.1094876460812648e-05 +4.8064287044784595e-05 +2.8656099172416015e-05
 34.00000000 +5.0000000000000000e+00 +2.0000025808073216e+00 +1.9265183579617318e-03 +9.9976622271407800e-01 +9.9999937230582492e-01 +9.9999839848681760e-01 +9.9999840958539443e-01 +9.9999860741019542e-01 +6.9288798051791485e-05 +6.3440845678562946e-05 +3.4446231394787468e-05 +4.0503012255765008e-05 +3.1310604957823233e-05
 34.50000000 +5.0000000000000000e+00 +2.0000022941209803e+00 +1.9138495241645367e-03 +9.9979915964969501e-01 +9.9999918402848531e-01 +9.9999840167223630e-01 +9.9999833435290564e-01 +9.9999777132071821e-01 +7.0681860159538170e-05 +5.6350514427606999e-05 +3.1636855285320506e-05 +2.4121852001797257e-05 +2.4357852351737277e-05
 35.00000000 +5.0000000000000000e+00 +2.0000037606426639e+00 +1.9108722111600093e-03 +9.9981106797001806e-01 +9.9999946038417953e-01 +9.9999862645798221e-01 +9.9999763232386707e-01 +9.9999818568895615e-01 +4.8970309550354879e-05 +5.0253881184622450e-05 +2.5274821141921331e-05 +2.8932895814449601e-05 +4.1595283017404154e-05
 35.50000000 +5.0000000000000000e+00 +2.0000012018201510e+00 +1.9163247662040230e-03 +9.9979851857077939e-01 +9.9999890697178984e-01 +9.9999911961158694e-01 +9.9999843007433109e-01 +9.9999778789044202e-01 +4.2305065077412672e-05 +4.4447776977438609e-05 +2.6772508080289152e-05 +4.2940082479030610e-05 +5.0771508377852956e-05
 36.00000000 +5.0000000000000000e+00 +2.0000034078616378e+00 +1.9173639050548018e-03 +9.9980011173593930e-01 +9.9999850287561154e-01 +9.9999887895622275e-01 +9.9999825736372494e-01 +9.9999738743186595e-01 +4.7370908666840816e-05 +1.8635020120361415e-05 +4.1256723066122330e-05 +4.7284474551314718e-05 +5.2314520321621300e-05
 36.50000000 +5.0000000000000000e+00 +2.0000037592802355e+00 +1.9272015685519973e-03 +9.9977884677277684e-01 +9.9999903439452276e-01 +9.9999875800714311e-01 +9.9999824308516938e-01 +9.9999775521600076e-01 +3.9801900816044873e-05 +2.3639471406815325e-05 +4.5015865735868731e-05 +4.4171329660839135e-05 +7.4733906185716001e-05
 37.00000000 +5.0000000000000000e+00 +2.0000027829237812e+00 +1.9379493700059632e-03 +9.9975126860399866e-01 +9.9999942363203520e-01 +9.9999801647607389e-01 +9.9999906335880995e-01 +9.9999760372694935e-01 +4.5874614610941908e-05 +2.8373991746226345e-05 +5.5848222798258471e-05 +6.3563466717977973e-05 +6.0963863858035207e-05
 37.50000000 +5.0000000000000000e+00 +2.0000021256352047e+00 +1.9416709017926889e-03 +9.9974038015401301e-01 +9.9999840777184879e-01 +9.9999818475641311e-01 +9.9999869151965781e-01 +9.9999780293678642e-01 +1.7404887680604090e-05 +5.7310039282874268e-05 +6.1253036856155895e-05 +6.0506572690012152e-05 +7.0058268789328603e-05
 38.00000000 +5.0000000000000000e+00 +1.9999991841348954e+00 +1.9398995856959099e-03 +9.9974073387313500e-01 +9.9999867883055205e-01 +9.9999864814874373e-01 +9.9999841758423835e-01 +9.9999792919559727e-01 +4.3703603453488126e-05 +6.0050446722804625e-05 +4.9803282936386353e-05 +6.4026195295865430e-05 +4.8008838041702770e-05
 38.50000000 +5.0000000000000000e+00 +2.0000007702263720e+00 +1.9402762654174704e-03 +9.9973976303302015e-01 +9.9999904563941988e-01 +9.9999882411697549e-01 +9.9999771229636081e-01 +9.9999762126681724e-01 +4.8395426627101451e-05 +6.7751006342807202e-05 +5.2958466908152979e-05 +5.8261411291484956e-05 +3.9667440177996468e-05
 39.00000000 +5.0000000000000000e+00 +2.0000012613988818e+00 +1.9542437336807585e-03 +9.9970090955555180e-01 +9.9999896767979291e-01 +9.9999940926945885e-01 +9.9999775767332166e-01 +9.9999826176506479e-01 +6.4872595108142952e-05 +6.6104133261497854e-05 +7.6775763208387977e-05 +5.5042721768264817e-05 +4.1898840545985107e-05
 39.50000000 +5.0000000000000000e+00 +1.9999985750755631e+00 +1.9298780184482118e-03 +9.9976006672239015e-01 +9.9999931665785791e-01 +9.9999872479771368e-01 +9.9999917768639457e-01 +9.9999810578818094e-01 +7.0453574168315009e-05 +6.3555784100243214e-05 +3.8743128844446334e-05 +4.8040495317741345e-05 +2.3815411279956101e-05
 40.00000000 +5.0000000000000000e+00 +1.9999938974256748e+00 +1.9337921695789450e-03 +9.9974645779695703e-01 +9.9999909597659309e-01 +9.9999952678280324e-01 +9.9999817629161691e-01 +9.9999796025193011e-01 +7.6269642403251889e-05 +7.2726038251253301e-05 +4.4893651763837493e-05 +3.8217692580268814e-05 +2.6675957910732748e-05
 40.50000000 +5.0000000000000000e+00 +1.9999964392734153e+00 +1.9224709132632924e-03 +9.9977663440635867e-01 +9.9999822387883697e-01 +9.9999830105173859e-01 +9.9999793973664564e-01 +9.9999795968371652e-01 +7.1007759211208556e-05 +5.6831126655888568e-05 +4.4219737505982999e-05 +3.4417475910876055e-05 +2.4465131334446838e-05
 41.00000000 +5.0000000000000000e+00 +1.9999962471326898e+00 +1.9082030251179008e-03 +9.9981485609850396e-01 +9.9999908861394782e-01 +9.9999981534835636e-01 +9.9999716967198060e-01 +9.9999712463527812e-01 +5.2872433427906038e-05 +5.5001238938372781e-05 +2.3367836820769842e-05 +2.6697838868689958e-05 +3.4006220266848949e-05
 41.50000000 +5.0000000000000000e+00 +1.9999932871785211e+00 +1.9238410954243250e-03 +9.9977484686967732e-01 +9.9999888774139267e-01 +9.9999903436798609e-01 +9.9999800582479159e-01 +9.9999748595015203e-01 +7.1640415644084267e-05 +6.3549167330844531e-05 +3.7430054853603660e-05 +2.8910508868017635e-05 +3.0209040135717885e-05
 42.00000000 +5.0000000000000000e+00 +1.9999973319196509e+00 +1.9235378824890891e-03 +9.9977922550433462e-01 +9.9999995969115474e-01 +9.9999862976102705e-01 +9.9999803535404663e-01 +9.9999719676974907e-01 +6.3938405372063333e-05 +5.3483248336118924e-05 +3.7224692093376269e-05 +3.3160616613395774e-05 +3.9145956856412997e-05
 42.50000000 +5.0000000000000000e+00 +1.9999925195923318e+00 +1.9197729863667710e-03 +9.9978964352891797e-01 +9.9999849140971875e-01 +9.9999893920048699e-01 +9.9999744907361732e-01 +9.9999752708617318e-01 +4.7696111439481631e-05 +3.6559097699259632e-05 +5.4222303019129960e-05 +2.4042144853129709e-05 +5.5430077760179280e-05
 43.00000000 +5.0000000000000000e+00 +1.9999939356657193e+00 +1.9154786182919718e-03 +9.9980153137001704e-01 +9.9999951924796526e-01 +9.9999823943142097e-01 +9.9999773680401571e-01 +9.9999805340728654e-01 +4.8530281160032665e-05 +2.2794619769038762e-05 +5.5533945765885521e-05 +3.4243516010914008e-05 +4.3817317593782447e-05
 43.50000000 +5.0000000000000000e+00 +1.9999954999099085e+00 +1.9089533472441017e-03 +9.9982062392497051e-01 +9.9999956177084914e-01 +9.9999716979297670e-01 +9.9999865880235794e-01 +9.9999700906655675e-01 +2.2344634284147684e-05 +1.7010628468839434e-05 +5.9016987801109340e-05 +5.7595652085628787e-05 +3.1008697161336485e-05
 44.00000000 +5.0000000000000000e+00 +1.9999950988703123e+00 +1.9155015204090037e-03 +9.9980295591540536e-01 +9.9999930723620545e-01 +9.9999736289544994e-01 +9.9999840591029066e-01 +9.9999720810122150e-01 +3.3073645087736301e-05 +2.5454327159786852e-05 +5.6762111531095025e-05 +5.8037814010212690e-05 +3.1431994532534551e-05
 44.50000000 +5.0000000000000000e+00 +1.9999946978490677e+00 +1.9220493939297240e-03 +9.9978528871432759e-01 +9.9999905271320910e-01 +9.9999755598908691e-01 +9.9999815302979522e-01 +9.9999740712677854e-01 +4.3802164932155666e-05 +3.3897639467369530e-05 +5.4507338444142095e-05 +5.8479955701481956e-05 +3.1855272533659302e-05
 45.00000000 +5.0000000000000000e+00 +1.9999942968461735e+00 +1.9285969678268314e-03 +9.9976762232168204e-01 +9.9999879820185977e-01 +9.9999774907388850e-01 +9.9999790016087198e-01 +9.9999760614322852e-01 +5.4530193851104448e-05 +4.2340565418108185e-05 +5.2252668533168224e-05 +5.8922077160825400e-05 +3.2278531166040295e-05
 45.50000000 +5.0000000000000000e+00 +1.9999938958616281e+00 +1.9351442421208888e-03 +9.9974995673741296e-01 +9.9999854370215613e-01 +9.9999794214985438e-01 +9.9999764730351903e-01 +9.9999780515057179e-01 +6.5257731878278172e-05 +5.0783105038521133e-05 +4.9998101791091735e-05 +5.9364178389631649e-05 +3.2701770431006919e-05
 46.00000000 +5.0000000000000000e+00 +1.9999934948954305e+00 +1.9416912168324610e-03 +9.9973229196146485e-01 +9.9999828921409761e-01 +9.9999813521698588e-01 +9.9999739445773606e-01 +9.9999800414880902e-01 +7.5984779047369322e-05 +5.9225258355124230e-05 +4.7743638210831622e-05 +5.9806259389289239e-05 +3.3124990329888472e-05
 46.50000000 +5.0000000000000000e+00 +1.9999940313065849e+00 +1.9407237497723717e-03 +9.9973466071016692e-01 +9.9999804563222350e-01 +9.9999824247591251e-01 +9.9999738500325808e-01 +9.9999764432992522e-01 +7.6313904379631662e-05 +5.5487937370811653e-05 +4.8840331596922568e-05 +5.7286238610167391e-05 +3.6093361355465937e-05
 47.00000000 +5.0000000000000000e+00 +1.9999945676195017e+00 +1.9397564598930700e-03 +9.9973702902505901e-01 +9.9999780209495837e-01 +9.9999834971519541e-01 +9.9999737555051127e-01 +9.9999728457693804e-01 +7.6642969436264936e-05 +5.1751300835100645e-05 +4.9936824135867227e-05 +5.4766679344708794e-05 +3.9061188757039476e-05
 47.50000000 +5.0000000000000000e+00 +1.9999951038342076e+00 +1.9387893471458876e-03 +9.9973939690626046e-01 +9.9999755860229067e-01 +9.9999845693484091e-01 +9.9999736609949574e-01 +9.9999692488982983e-01 +7.6971974233825793e-05 +4.8015348559984776e-05 +5.1033115882834894e-05 +5.2247581466143453e-05 +4.2028472683933408e-05
 48.00000000 +5.0000000000000000e+00 +1.9999956399507297e+00 +1.9378224114821737e-03 +9.9974176435389017e-01 +9.9999731515420753e-01 +9.9999856413485377e-01 +9.9999735665021061e-01 +9.9999656526858194e-01 +7.7300918788864931e-05 +4.4280080357526422e-05 +5.2129206892974719e-05 +4.9728944847747800e-05 +4.4995213285417389e-05
 48.50000000 +5.0000000000000000e+00 +1.9999961759690952e+00 +1.9368556528532956e-03 +9.9974413136806761e-01 +9.9999707175069708e-01 +9.9999867131523945e-01 +9.9999734720265565e-01 +9.9999620571317682e-01 +7.7629803117926869e-05 +4.0545496039856799e-05 +5.3225097221415583e-05 +4.7210769362844656e-05 +4.7961410710706374e-05
 49.00000000 +5.0000000000000000e+00 +1.9999950802328357e+00 +1.9342138503198874e-03 +9.9975197978916563e-01 +9.9999751362309419e-01 +9.9999880215210413e-01 +9.9999790902891850e-01 +9.9999647930326485e-01 +7.5207858959323604e-05 +4.0309730781857001e-05 +5.1076440443550477e-05 +4.4360787253392517e-05 +4.6361227827727806e-05
 49.50000000 +5.0000000000000000e+00 +1.9999939845661401e+00 +1.9315722155029268e-03 +9.9975982771200167e-01 +9.9999795546743875e-01 +9.9999893298066278e-01 +9.9999847081951321e-01 +9.9999675287598377e-01 +7.2786068559324224e-05 +4.0073980491558584e-05 +4.8927920074472998e-05 +4.1510986076794952e-05 +4.4761146533336714e-05
 50.00000000 +5.0000000000000000e+00 +1.9999928889690004e+00 +1.9289307483864417e-03 +9.9976767513662346e-01 +9.9999839728373319e-01 +9.9999906380091608e-01 +9.9999903257444367e-01 +9.9999702643133503e-01 +7.0364431903286999e-05 +3.9838245167536230e-05 +4.6779536101193576e-05 +3.8661365815822561e-05 +4.3161166817859299e-05
 50.50000000 +5.0000000000000000e+00 +1.9999917934414120e+00 +1.9262894489544646e-03 +9.9977552206307840e-01 +9.9999883907198084e-01 +9.9999919461286457e-01 +9.9999959429371310e-01 +9.9999729996932085e-01 +6.7942948976572082e-05 +3.9602524808364834e-05 +4.4631288510724277e-05 +3.5811926453248129e-05 +4.1561288671622980e-05
 51.00000000 +5.0000000000000000e+00 +1.9999906979833668e+00 +1.9236483171910280e-03 +9.9978336849141392e-01 +9.9999928083218392e-01 +9.9999932541650927e-01 +1.0000001559773248e+00 +9.9999757348994278e-01 +6.5521619764541444e-05 +3.9366819412619438e-05 +4.2483177290078810e-05 +3.2962667971846632e-05 +3.9961512084956388e-05
 51.50000000 +5.0000000000000000e+00 +1.9999901597322387e+00 +1.9292898963849622e-03 +9.9976835627663629e-01 +9.9999941894619071e-01 +9.9999885362328389e-01 +9.9999966135456586e-01 +9.9999708428968925e-01 +6.4766737394208408e-05 +4.4649253749374532e-05 +5.2012645885780111e-05 +3.8136423628142604e-05 +3.7060454336687210e-05
 52.00000000 +5.0000000000000000e+00 +1.9999896215289401e+00 +1.9349309742671857e-03 +9.9975334539584693e-01 +9.9999955704792487e-01 +9.9999838187198242e-01 +9.9999916677575895e-01 +9.9999659513290617e-01 +6.4011922102854435e-05 +4.9931218688093506e-05 +6.1541267691240593e-05 +4.3309719543608949e-05 +3.4159654376915342e-05
 52.50000000 +5.0000000000000000e+00 +1.9999890833734639e+00 +1.9405715509045155e-03 +9.9973833584886795e-01 +9.9999969513738762e-01 +9.9999791016259865e-01 +9.9999867224089900e-01 +9.9999610601958766e-01 +6.3257173881538909e-05 +5.5212714291339760e-05 +7.1069042819324130e-05 +4.8482555779521913e-05 +3.1259112171281588e-05
 53.00000000 +5.0000000000000000e+00 +1.9999885452658044e+00 +1.9462116263637569e-03 +9.9972332763552130e-01 +9.9999983321458108e-01 +9.9999743849512768e-01 +9.9999817774997923e-01 +9.9999561694972816e-01 +6.2502492721322854e-05 +6.0493740621665584e-05 +8.0595971382874538e-05 +5.3654932397146862e-05 +2.8358827685432899e-05
 53.50000000 +5.0000000000000000e+00 +1.9999880072059548e+00 +1.9518512007117026e-03 +9.9970832075562932e-01 +9.9999997127950646e-01 +9.9999696686956352e-01 +9.9999768330299443e-01 +9.9999512792332179e-01 +6.1747878613268868e-05 +6.5774297741612151e-05 +9.0122053494715590e-05 +5.8826849457738256e-05 +2.5458800885022312e-05
 54.00000000 +5.0000000000000000e+00 +1.9999887779047354e+00 +1.9480554952103209e-03 +9.9971826598005431e-01 +1.0000005647407537e+00 +9.9999730206469728e-01 +9.9999719657261565e-01 +9.9999578049246396e-01 +6.0124474781060132e-05 +6.5477125906366140e-05 +8.1062451150257076e-05 +5.6068149479480327e-05 +2.8157951264761394e-05
 54.50000000 +5.0000000000000000e+00 +1.9999895485154300e+00 +1.9442602235379412e-03 +9.9972821006779333e-01 +1.0000011581341715e+00 +9.9999763722152057e-01 +9.9999670989786782e-01 +9.9999643298702146e-01 +5.8501256495296900e-05 +6.5179988036284347e-05 +7.2003884270283239e-05 +5.3309764805994381e-05 +3.0856793145931708e-05
 55.00000000 +5.0000000000000000e+00 +1.9999903190380515e+00 +1.9404653856201905e-03 +9.9973815301904034e-01 +1.0000017514597712e+00 +9.9999797234003884e-01 +9.9999622327874071e-01 +9.9999708540700627e-01 +5.6878223724170476e-05 +6.4882884125544009e-05 +6.2946352677282022e-05 +5.0551695383226971e-05 +3.3555326581419839e-05
 55.50000000 +5.0000000000000000e+00 +1.9999910894726178e+00 +1.9366709813827144e-03 +9.9974809483399107e-01 +1.0000023447175652e+00 +9.9999830742025986e-01 +9.9999573671522590e-01 +9.9999773775243173e-01 +5.5255376435879537e-05 +6.4585814168323789e-05 +5.3889856193782050e-05 +4.7793941157137082e-05 +3.6253551624100320e-05
 56.00000000 +5.0000000000000000e+00 +1.9999918598191417e+00 +1.9328770107511738e-03 +9.9975803551283948e-01 +1.0000029379075641e+00 +9.9999864246218895e-01 +9.9999525020731250e-01 +9.9999839002331004e-01 +5.3632714598629941e-05 +6.4288778158803567e-05 +4.4834394642352405e-05 +4.5036502073695987e-05 +3.8951468326835558e-05
 56.50000000 +5.0000000000000000e+00 +1.9999896639287078e+00 +1.9279928114993472e-03 +9.9976931302711425e-01 +1.0000021238845045e+00 +9.9999882151003150e-01 +9.9999594550040805e-01 +9.9999811726267607e-01 +4.6841977800986630e-05 +6.2835796288446846e-05 +4.3428752192794310e-05 +4.5721220120997261e-05 +3.6851045764739088e-05
 57.00000000 +5.0000000000000000e+00 +1.9999874681418717e+00 +1.9231088426736283e-03 +9.9978059000933950e-01 +1.0000013098998484e+00 +9.9999900054942714e-01 +9.9999664076070105e-01 +9.9999784451491058e-01 +4.0051561375828073e-05 +6.1382882966677126e-05 +4.2023176058450270e-05 +4.6405905864760835e-05 +3.4750722296101149e-05
 57.50000000 +5.0000000000000000e+00 +1.9999852724586249e+00 +1.9182251042577112e-03 +9.9979186645955342e-01 +1.0000004959535933e+00 +9.9999917958037565e-01 +9.9999733598819385e-01 +9.9999757178001203e-01 +3.3261465300483059e-05 +5.9930038188643502e-05 +4.0617666234627445e-05 +4.7090559307272647e-05 +3.2650497913909370e-05
 58.00000000 +5.0000000000000000e+00 +1.9999830768789619e+00 +1.9133415962352919e-03 +9.9980314237779389e-01 +9.9999968204573741e-01 +9.9999935860287903e-01 +9.9999803118288899e-01 +9.9999729905798052e-01 +2.6471689552282540e-05 +5.8477261949495680e-05 +3.9212222716633516e-05 +4.7775180450818509e-05 +3.0550372611152074e-05
 58.50000000 +5.0000000000000000e+00 +1.9999808814028732e+00 +1.9084583185900658e-03 +9.9981441776409774e-01 +9.9999886817627648e-01 +9.9999953761693672e-01 +9.9999872634478859e-01 +9.9999702634881393e-01 +1.9682234108559580e-05 +5.7024554244383632e-05 +3.7806845499776525e-05 +4.8459769297683883e-05 +2.8450346380818190e-05
 59.00000000 +5.0000000000000000e+00 +1.9999822773893543e+00 +1.9127975507624850e-03 +9.9980442015755744e-01 +9.9999902490316517e-01 +9.9999846813941107e-01 +9.9999791842334074e-01 +9.9999733938935631e-01 +2.5825491864013248e-05 +5.5303267715521324e-05 +4.2538458164939952e-05 +4.7206529542624914e-05 +3.1955245760046531e-05
 59.50000000 +5.0000000000000000e+00 +1.9999836732317609e+00 +1.9171363351031276e-03 +9.9979442358282222e-01 +9.9999918161387802e-01 +9.9999739877226046e-01 +9.9999711058527418e-01 +9.9999765239759053e-01 +3.1968115602682242e-05 +5.3582158832558586e-05 +4.7269582502579481e-05 +4.5953419128555903e-05 +3.5459783415068671e-05
 60.00000000 +5.0000000000000000e+00 +1.9999850689301177e+00 +1.9214746716813196e-03 +9.9978442803973422e-01 +9.9999933830841892e-01 +9.9999632951546924e-01 +9.9999630283057706e-01 +9.9999796537352303e-01 +3.8110105422712368e-05 +5.1861227567995898e-05 +5.2000218588288248e-05 +4.4700438035454950e-05 +3.8963959401879535e-05
 60.50000000 +5.0000000000000000e+00 +1.9999864644844452e+00 +1.9258125605663696e-03 +9.9977443352813244e-01 +9.9999949498678964e-01 +9.9999526036901920e-01 +9.9999549515923547e-01 +9.9999827831715760e-01 +4.4251461422229121e-05 +5.0140473894339349e-05 +5.6730366497643696e-05 +4.3447586243304152e-05 +4.2467773776462451e-05
 61.00000000 +5.0000000000000000e+00 +1.9999878598947662e+00 +1.9301500018275742e-03 +9.9976444004785758e-01 +9.9999965164899274e-01 +9.9999419133289391e-01 +9.9999468757123711e-01 +9.9999859122849977e-01 +5.0392183699337786e-05 +4.8419897784100675e-05 +6.1460026306207725e-05 +4.2194863732089794e-05 +4.5971226594789187e-05
 61.50000000 +5.0000000000000000e+00 +1.9999887857015091e+00 +1.9289315528975633e-03 +9.9976811913402452e-01 +9.9999959015386497e-01 +9.9999546666823447e-01 +9.9999550301317142e-01 +9.9999720706446937e-01 +5.3771404526179214e-05 +4.9818150492300198e-05 +4.8835852804970775e-05 +4.3152481341840995e-05 +4.8536091316685249e-05
 62.00000000 +5.0000000000000000e+00 +1.9999897113685612e+00 +1.9277132878142411e-03 +9.9977179766506963e-01 +9.9999952866801578e-01 +9.9999674181114517e-01 +9.9999631833206726e-01 +9.9999582310929003e-01 +5.7150115476454008e-05 +5.1216192223967936e-05 +3.6213584112733165e-05 +4.4109954460656548e-05 +5.1100569036818088e-05
 62.50000000 +5.0000000000000000e+00 +1.9999906368959524e+00 +1.9264952065359993e-03 +9.9977547564111813e-01 +9.9999946719144317e-01 +9.9999801676166877e-01 +9.9999713352795205e-01 +9.9999443936291343e-01 +6.0528316665553128e-05 +5.2614023026850332e-05 +2.3593219798414318e-05 +4.5067283121236417e-05 +5.3664659842770700e-05
 63.00000000 +5.0000000000000000e+00 +1.9999915622837166e+00 +1.9252773090212454e-03 +9.9977915306229592e-01 +9.9999940572414514e-01 +9.9999929151984990e-01 +9.9999794860085389e-01 +9.9999305582529352e-01 +6.3906008208832859e-05 +5.4011642948679453e-05 +1.0974759431063817e-05 +4.6024467356270768e-05 +5.6228363822099703e-05
 63.50000000 +5.0000000000000000e+00 +1.9999924875318851e+00 +1.9240595952283975e-03 +9.9978282992872869e-01 +9.9999934426611969e-01 +1.0000005660857316e+00 +9.9999876355080086e-01 +9.9999167249638277e-01 +6.7283190221614569e-05 +5.5409052037172956e-05 -1.6417974201387942e-06 +4.6981507198439846e-05 +5.8791681062335285e-05
 64.00000000 +5.0000000000000000e+00 +1.9999929853843232e+00 +1.9234396687237323e-03 +9.9978365991169671e-01 +9.9999924743328272e-01 +1.0000005260349036e+00 +9.9999931071397574e-01 +9.9999213656865038e-01 +5.7831091152051967e-05 +4.6626832217803077e-05 +1.7754006930704925e-05 +4.6356707939600755e-05 +5.6550665376322249e-05
 64.50000000 +5.0000000000000000e+00 +1.9999934832055131e+00 +1.9228197811301175e-03 +9.9978448984256896e-01 +9.9999915060652345e-01 +1.0000004859865894e+00 +9.9999985784280687e-01 +9.9999260061178963e-01 +4.8379585364269662e-05 +3.7845163633769492e-05 +3.7148593861243273e-05 +4.5731947897660889e-05 +5.4309790352586042e-05
 65.00000000 +5.0000000000000000e+00 +1.9999939809954574e+00 +1.9221999324438891e-03 +9.9978531972135032e-01 +9.9999905378584197e-01 +1.0000004459407892e+00 +1.0000004049372972e+00 +9.9999306462580295e-01 +3.8928672802411484e-05 +2.9064046233174625e-05 +5.6541963486093730e-05 +4.5107227068928066e-05 +5.2069055977883623e-05
 65.50000000 +5.0000000000000000e+00 +1.9999944787541586e+00 +1.9215801226613849e-03 +9.9978614954804612e-01 +9.9999895697123709e-01 +1.0000004058975023e+00 +1.0000009519974502e+00 +9.9999352861069335e-01 +2.9478353410628200e-05 +2.0283479964127330e-05 +7.5934115919859468e-05 +4.4482545449710544e-05 +4.9828462238973577e-05
 66.00000000 +5.0000000000000000e+00 +1.9999949764816198e+00 +1.9209603517789419e-03 +9.9978697932266070e-01 +9.9999886016270867e-01 +1.0000003658567282e+00 +1.0000014990232688e+00 +9.9999399256646360e-01 +2.0028627133077659e-05 +1.1503464774743038e-05 +9.5325051277129108e-05 +4.3857903036317073e-05 +4.7588009122616195e-05
 66.50000000 +5.0000000000000000e+00 +1.9999967209143692e+00 +1.9258748924958480e-03 +9.9977467120808494e-01 +9.9999868686428961e-01 +1.0000008100643458e+00 +1.0000003438982299e+00 +9.9999470952333969e-01 +2.7949881811889733e-05 +1.9382805136828188e-05 +9.2085192033027145e-05 +4.6862304653844239e-05 +4.4498250134060342e-05
 67.00000000 +5.0000000000000000e+00 +1.9999984655308165e+00 +1.9307899507366463e-03 +9.9976236179740796e-01 +9.9999851354762170e-01 +1.0000012543187411e+00 +9.9999918865155113e-01 +9.9999542655571494e-01 +3.5871970635494549e-05 +2.7262975229934461e-05 +8.8844991616746389e-05 +4.9867022648772007e-05 +4.1408165779577566e-05
 67.50000000 +5.0000000000000000e+00 +2.0000002103309886e+00 +1.9357055265830866e-03 +9.9975005109042459e-01 +9.9999834021270151e-01 +1.0000016986199205e+00 +9.9999803328321324e-01 +9.9999614366360079e-01 +4.3794893735657978e-05 +3.5143975185130515e-05 +8.5604449974393496e-05 +5.2872057071076961e-05 +3.8317756007771331e-05
 68.00000000 +5.0000000000000000e+00 +2.0000019553149166e+00 +1.9406216201169381e-03 +9.9973773908693042e-01 +9.9999816685952692e-01 +1.0000021429678920e+00 +9.9999687779319679e-01 +9.9999686084700989e-01 +5.1718651244173709e-05 +4.3025805133512671e-05 +8.2363567052063736e-05 +5.5877407970746311e-05 +3.5227020767234314e-05
 68.50000000 +5.0000000000000000e+00 +2.0000037004826283e+00 +1.9455382314199844e-03 +9.9972542578672041e-01 +9.9999799348809437e-01 +1.0000025873626623e+00 +9.9999572218148269e-01 +9.9999757810595313e-01 +5.9643243292863135e-05 +5.0908465206204784e-05 +7.9122342795841035e-05 +5.8883075397777708e-05 +3.2135960006548319e-05
 69.00000000 +5.0000000000000000e+00 +2.0000029893537006e+00 +1.9454222488471649e-03 +9.9972507477997385e-01 +9.9999896009856593e-01 +1.0000008205611080e+00 +9.9999555781266669e-01 +9.9999613207305371e-01 +5.5679218515447151e-05 +6.5481185224878504e-05 +6.8872034058199309e-05 +5.7695541102150306e-05 +3.5726701949617644e-05
 69.50000000 +5.0000000000000000e+00 +2.0000022783292479e+00 +1.9453062833137513e-03 +9.9972472382479505e-01 +9.9999992656702963e-01 +9.9999905401912048e-01 +9.9999539346799904e-01 +9.9999468625259602e-01 +5.1715776106787739e-05 +8.0051764314240882e-05 +5.8623231229296558e-05 +5.6508181271343376e-05 +3.9316916364218326e-05
 70.00000000 +5.0000000000000000e+00 +2.0000015674092464e+00 +1.9451903348159890e-03 +9.9972437292117267e-01 +1.0000008928935167e+00 +9.9999728773664276e-01 +9.9999522914747396e-01 +9.9999324064453332e-01 +4.7752915938557550e-05 +9.4620202946054424e-05 +4.8375933977299665e-05 +5.5320995866912872e-05 +4.2906603366593422e-05
 70.50000000 +5.0000000000000000e+00 +2.0000008565936729e+00 +1.9450744033501239e-03 +9.9972402206909483e-01 +1.0000018590780577e+00 +9.9999552171361761e-01 +9.9999506485108580e-01 +9.9999179524881854e-01 +4.3790637882466946e-05 +1.0918650159194293e-04 +3.8130141970473005e-05 +5.4133984850426056e-05 +4.6495763072951785e-05
 71.00000000 +5.0000000000000000e+00 +2.0000001458825056e+00 +1.9449584889124039e-03 +9.9972367126855077e-01 +1.0000028251206849e+00 +9.9999375594998807e-01 +9.9999490057883011e-01 +9.9999035006540538e-01 +3.9828941810264039e-05 +1.2375066072339182e-04 +2.7885854877178410e-05 +5.2947148183461500e-05 +5.0084395599468220e-05
 71.50000000 +5.0000000000000000e+00 +2.0000019234362445e+00 +1.9295924470008993e-03 +9.9976320803692287e-01 +1.0000022519854732e+00 +9.9999466853652641e-01 +9.9999599392533833e-01 +9.9999271943941459e-01 +3.1334280383832819e-05 +1.0778344101177742e-04 +2.5616832267708425e-05 +4.3942972439027964e-05 +4.2480537317618208e-05
 72.00000000 +5.0000000000000000e+00 +2.0000037009099696e+00 +1.9142270967657262e-03 +9.9980274302561423e-01 +1.0000016788760602e+00 +9.9999558108198583e-01 +9.9999708722263136e-01 +9.9999508870677034e-01 +2.2840001330188003e-05 +9.1816940037495317e-05 +2.3347911794445405e-05 +3.4939202002304273e-05 +3.4877021310560879e-05
 72.50000000 +5.0000000000000000e+00 +2.0000054783036862e+00 +1.8988624381601857e-03 +9.9984227623474553e-01 +1.0000011057924443e+00 +9.9999649358636977e-01 +9.9999818047071243e-01 +9.9999745786748007e-01 +1.4346104623512400e-05 +7.5851157752017506e-05 +2.1079093450493291e-05 +2.5935836845924711e-05 +2.7273847555186395e-05
 73.00000000 +5.0000000000000000e+00 +2.0000072556174007e+00 +1.8834984711375801e-03 +9.9988180766443624e-01 +1.0000005327346235e+00 +9.9999740604968090e-01 +9.9999927366958530e-01 +9.9999982692155087e-01 +5.8525902379911096e-06 +5.9886094106820314e-05 +1.8810377228956613e-05 +1.6932876942525981e-05 +1.9671016028386966e-05
 73.50000000 +5.0000000000000000e+00 +2.0000090328511182e+00 +1.8681351956512167e-03 +9.9992133731480692e-01 +9.9999995970259625e-01 +9.9999831847192155e-01 +1.0000003668192530e+00 +1.0000021958689898e+00 -2.6405418521884290e-06 +4.3921749053384479e-05 +1.6541763122940544e-05 +7.9303222647472808e-06 +1.2068526707056900e-05
 74.00000000 +5.0000000000000000e+00 +2.0000078231056651e+00 +1.8761349348186481e-03 +9.9990057134071475e-01 +9.9999903648494504e-01 +1.0000011394058941e+00 +9.9999918001745403e-01 +1.0000025420600871e+00 +5.7218753098957572e-06 +3.9294892401016229e-05 +1.9759191927293677e-05 +1.9349253924523342e-05 +1.3405479558926240e-05
 74.50000000 +5.0000000000000000e+00 +2.0000066134899313e+00 +1.8841338161824611e-03 +9.9987980759333617e-01 +9.9999811336628897e-01 +1.0000039600373800e+00 +9.9999799334291439e-01 +1.0000028882140624e+00 +1.4083395778782313e-05 +3.4668531881620792e-05 +2.2976275730139846e-05 +3.0766961144266684e-05 +1.4742289050747329e-05
 75.00000000 +5.0000000000000000e+00 +2.0000054040038968e+00 +1.8921318398806221e-03 +9.9985904607231313e-01 +9.9999719034661305e-01 +1.0000067803664299e+00 +9.9999680679561442e-01 +1.0000032343309224e+00 +2.2444019698690718e-05 +3.0042667415402748e-05 +2.6193014586967317e-05 +4.2183444120909895e-05 +1.6078955205577461e-05
 75.50000000 +5.0000000000000000e+00 +2.0000041946475400e+00 +1.9001290060510641e-03 +9.9983828677728737e-01 +9.9999626742590075e-01 +1.0000096003930905e+00 +9.9999562037553236e-01 +1.0000035804106724e+00 +3.0803747213809506e-05 +2.5417298922583718e-05 +2.9409408553252423e-05 +5.3598703051343296e-05 +1.7415478046468969e-05
 76.00000000 +5.0000000000000000e+00 +2.0000029854208412e+00 +1.9081253148316949e-03 +9.9981752970790116e-01 +9.9999534460413664e-01 +1.0000124201174119e+00 +9.9999443408264888e-01 +1.0000039264533187e+00 +3.9162578468296317e-05 +2.0792426323402511e-05 +3.2625457684459634e-05 +6.5012738132415006e-05 +1.8751857596469253e-05
 76.50000000 +5.0000000000000000e+00 +1.9999997778898857e+00 +1.9040524591538641e-03 +9.9982849551333308e-01 +9.9999558656063670e-01 +1.0000126305917054e+00 +9.9999458320270307e-01 +1.0000029433938882e+00 +5.5423171893866126e-05 +1.4592881585795057e-05 +3.0937851745383281e-05 +5.7677763139409816e-05 +7.1290904082293274e-06
 77.00000000 +5.0000000000000000e+00 +1.9999965701185969e+00 +1.8999792983052841e-03 +9.9983946214041020e-01 +9.9999582853526614e-01 +1.0000128410817695e+00 +9.9999473233393044e-01 +1.0000019602607992e+00 +7.1684983692457324e-05 +8.3928723289750799e-06 +2.9250119357444131e-05 +5.0342238551724381e-05 -4.4945476501938356e-06
 77.50000000 +5.0000000000000000e+00 +1.9999933621069466e+00 +1.8959058322516548e-03 +9.9985042958922521e-01 +9.9999607052802686e-01 +1.0000130515876058e+00 +9.9999488147633220e-01 +1.0000009770540432e+00 +8.7948014001010318e-05 +2.1923985007324163e-06 +2.7562260506429835e-05 +4.3006164307586398e-05 -1.6119056676682681e-05
 78.00000000 +5.0000000000000000e+00 +1.9999901538549096e+00 +1.8918320609586719e-03 +9.9986139785987027e-01 +9.9999631253892118e-01 +1.0000132621092164e+00 +9.9999503062991002e-01 +9.9999999377361237e-01 +1.0421226295648615e-04 -4.0085399511509366e-06 +2.5874275178125895e-05 +3.5669540345214292e-05 -2.7744436769134343e-05
 78.50000000 +5.0000000000000000e+00 +1.9999869453624572e+00 +1.8877579843920237e-03 +9.9987236695243786e-01 +9.9999655456795067e-01 +1.0000134726466023e+00 +9.9999517979466479e-01 +9.9999901041949779e-01 +1.2047773069586618e-04 -1.0209943078900790e-05 +2.4186163358315683e-05 +2.8332366602817204e-05 -3.9370688025460597e-05
 79.00000000 +5.0000000000000000e+00 +1.9999864974308472e+00 +1.8935340645692704e-03 +9.9985682283476229e-01 +9.9999769935778648e-01 +1.0000091627164367e+00 +9.9999787423438113e-01 +9.9999487482720806e-01 +1.1494513483862324e-04 +7.7056462935156869e-06 +1.8412088105612191e-05 +3.2299445580654632e-05 -2.9796280626094666e-05
 79.50000000 +5.0000000000000000e+00 +1.9999860495277351e+00 +1.8993097772642073e-03 +9.9984127970602499e-01 +9.9999884407478890e-01 +1.0000048530604748e+00 +1.0000005685026734e+00 +9.9999073949802997e-01 +1.0941289097287615e-04 +2.5620095851048590e-05 +1.2638380207661871e-05 +3.6266272167372266e-05 -2.0222482363934793e-05
 80.00000000 +5.0000000000000000e+00 +1.9999856016531179e+00 +1.9050851225119040e-03 +9.9982573756613180e-01 +9.9999998871896534e-01 +1.0000005436786903e+00 +1.0000032625995581e+00 +9.9998660443193943e-01 +1.0388099906503476e-04 +4.3533405702469366e-05 +6.8650396294084122e-06 +4.0232846387055572e-05 -1.0649293180851593e-05
 80.50000000 +5.0000000000000000e+00 +1.9999851538069939e+00 +1.9108601003474236e-03 +9.9981019641498869e-01 +1.0000011332903225e+00 +9.9999623457105757e-01 +1.0000059565250514e+00 +9.9998246962891058e-01 +9.8349459081513083e-05 +6.1445575956535684e-05 +1.0920663357999456e-06 +4.4199168263786932e-05 -1.0767130187230549e-06
 81.00000000 +5.0000000000000000e+00 +1.9999847059893596e+00 +1.9166347108058261e-03 +9.9979465625250075e-01 +1.0000022777888673e+00 +9.9999192573755002e-01 +1.0000086502791699e+00 +9.9997833508891865e-01 +9.2818270988729467e-05 +7.9356606721991296e-05 -4.6805397082109205e-06 +4.8165237821645654e-05 +8.4952581805654133e-06
 81.50000000 +5.0000000000000000e+00 +1.9999835556214152e+00 +1.9270550004251519e-03 +9.9976704028533869e-01 +9.9999925619075580e-01 +9.9999272294600894e-01 +1.0000062654436737e+00 +9.9997939058413732e-01 +9.1375006856431125e-05 +8.1175210304674440e-05 +1.4063087017854215e-05 +4.8686191463406193e-05 +2.0025039443428635e-05
 82.00000000 +5.0000000000000000e+00 +1.9999824053724424e+00 +1.9374742123732731e-03 +9.9973942717423270e-01 +9.9999623490513923e-01 +9.9999352007202014e-01 +1.0000038808548180e+00 +9.9998044597019620e-01 +8.9931891987181373e-05 +8.2993625806528217e-05 +3.2804775269315609e-05 +4.9207091227898538e-05 +3.1553628290944954e-05
 82.50000000 +5.0000000000000000e+00 +1.9999812552424225e+00 +1.9478923468173608e-03 +9.9971181691874000e-01 +9.9999321393196938e-01 +9.9999431711559650e-01 +1.0000014965125652e+00 +9.9998150124711238e-01 +8.8488926357826125e-05 +8.4811853256728292e-05 +5.1544525346874618e-05 +4.9727937123480250e-05 +4.3081024908085024e-05
 83.00000000 +5.0000000000000000e+00 +1.9999801052313380e+00 +1.9583094039245532e-03 +9.9968420951841763e-01 +9.9999019327119787e-01 +9.9999511407675090e-01 +9.9999911241687656e-01 +9.9998255641490263e-01 +8.7046109945216159e-05 +8.6629892684444201e-05 +7.0282337551170462e-05 +5.0248729158507218e-05 +5.4607229479781275e-05
 83.50000000 +5.0000000000000000e+00 +1.9999789553391694e+00 +1.9687253838619498e-03 +9.9965660497282249e-01 +9.9998717292277584e-01 +9.9999591095549589e-01 +9.9999672856771404e-01 +9.9998361147358383e-01 +8.5603442726206851e-05 +8.8447744118839492e-05 +8.9018212182780075e-05 +5.0769467341333541e-05 +6.6132242190927832e-05
 84.00000000 +5.0000000000000000e+00 +1.9999811916170949e+00 +1.9613263250534518e-03 +9.9967691253528002e-01 +9.9998952133873353e-01 +9.9999988712757615e-01 +9.9999756285459540e-01 +9.9998350231998323e-01 +7.0141697301513465e-05 +7.6485418240986885e-05 +9.7300148988608404e-05 +3.8811651002281106e-05 +6.9874906994989939e-05
 84.50000000 +5.0000000000000000e+00 +1.9999834280295892e+00 +1.9539268210027575e-03 +9.9969722131975547e-01 +9.9999186989600830e-01 +1.0000038635389241e+00 +9.9999839719168016e-01 +9.9998339315981399e-01 +5.4679021458281383e-05 +6.4522372523979197e-05 +1.0558258416427325e-04 +2.6853115095437435e-05 +7.3617797015844920e-05
 85.00000000 +5.0000000000000000e+00 +1.9999856645766649e+00 +1.9465268716696779e-03 +9.9971753132635943e-01 +9.9999421859461313e-01 +1.0000078401895622e+00 +9.9999923157897330e-01 +9.9998328399307634e-01 +3.9215415112525520e-05 +5.2558606902839454e-05 +1.1386551775476053e-04 +1.4893859555850053e-05 +7.7360912273822299e-05
 85.50000000 +5.0000000000000000e+00 +1.9999879012583339e+00 +1.9391264770140162e-03 +9.9973784255520193e-01 +9.9999656743456034e-01 +1.0000118170795116e+00 +1.0000000660164790e+00 +9.9998317481976851e-01 +2.3750878180250566e-05 +4.0594121312582841e-05 +1.2214894980506143e-04 +2.9338843185586136e-06 +8.1104252789253859e-05
 86.00000000 +5.0000000000000000e+00 +1.9999901380746088e+00 +1.9317256369955744e-03 +9.9975815500639376e-01 +9.9999891641586325e-01 +1.0000157942087942e+00 +1.0000009005042021e+00 +9.9998306563989092e-01 +8.2854105774511806e-06 +2.8628915688216737e-05 +1.3043288036017272e-04 -9.0268106814049993e-06 +8.4847818582473977e-05
 86.50000000 +5.0000000000000000e+00 +1.9999841979625976e+00 +1.9186206136671353e-03 +9.9979025822267076e-01 +1.0000006183391255e+00 +1.0000113219696736e+00 +1.0000029662129162e+00 +9.9998386898144054e-01 +2.0594795635470122e-05 +3.8951436156443902e-05 +8.6847945867108152e-05 -3.5762275209064477e-06 +6.8148315584818625e-05
 87.00000000 +5.0000000000000000e+00 +1.9999782581396077e+00 +1.9055162279756315e-03 +9.9982235987693635e-01 +1.0000023201795789e+00 +1.0000068499481540e+00 +1.0000050318211215e+00 +9.9998467228390253e-01 +3.2903581769063736e-05 +4.9273454372965543e-05 +4.3265132039025696e-05 +1.8740904364668704e-06 +5.1449625116805414e-05
 87.50000000 +5.0000000000000000e+00 +1.9999723186056193e+00 +1.8924124798745275e-03 +9.9985445996930478e-01 +1.0000040219372301e+00 +1.0000023781442196e+00 +1.0000070973288253e+00 +9.9998547554728034e-01 +4.5211769021942797e-05 +5.9594970374437053e-05 -3.1556127884520651e-07 +7.3241432100700366e-06 +3.4751747119134225e-05
 88.00000000 +5.0000000000000000e+00 +1.9999663793606091e+00 +1.8793093693172907e-03 +9.9988655849988906e-01 +1.0000057236120843e+00 +9.9999790655785381e-01 +1.0000091627360344e+00 +9.9998627877157642e-01 +5.7519357437813799e-05 +6.9915984197510230e-05 -4.3894134241260100e-05 +1.2773930819256247e-05 +1.8054681532510677e-05
 88.50000000 +5.0000000000000000e+00 +1.9999604404045579e+00 +1.8662068962573954e-03 +9.9991865546880454e-01 +1.0000074252041484e+00 +9.9999343518904182e-01 +1.0000112280427569e+00 +9.9998708195679387e-01 +6.9826347060379017e-05 +8.0236495878833352e-05 -8.7470587002959452e-05 +1.8223453283376821e-05 +1.3584282976462349e-06
 89.00000000 +5.0000000000000000e+00 +1.9999595236800276e+00 +1.8736475216846646e-03 +9.9989946549586750e-01 +1.0000064322218642e+00 +9.9999460967630793e-01 +1.0000101969902715e+00 +9.9998920164125593e-01 +6.9915666560866653e-05 +7.0179352391611869e-05 -7.6596317791559123e-05 +2.7474151587517283e-05 +9.1211206147996197e-06
 89.50000000 +5.0000000000000000e+00 +1.9999586070521744e+00 +1.8810873624321462e-03 +9.9988027754668285e-01 +1.0000054393442985e+00 +9.9999578403971356e-01 +1.0000091660465198e+00 +9.9999132110217814e-01 +7.0004976641822647e-05 +6.0123269519158585e-05 -6.5723195368064656e-05 +3.6723874323669678e-05 +1.6882994287362420e-05
 90.00000000 +5.0000000000000000e+00 +1.9999576905209826e+00 +1.8885264186239616e-03 +9.9986109162093084e-01 +1.0000044465714353e+00 +9.9999695827927915e-01 +1.0000081352114845e+00 +9.9999344033959670e-01 +7.0094277304736990e-05 +5.0068247093705532e-05 -5.4851219551077290e-05 +4.5972621646149297e-05 +2.4644049444827799e-05
 90.50000000 +5.0000000000000000e+00 +1.9999567740864366e+00 +1.8959646903842046e-03 +9.9984190771829096e-01 +1.0000034539032576e+00 +9.9999813239502389e-01 +1.0000071044851484e+00 +9.9999555935354645e-01 +7.0183568551099337e-05 +4.0014284947520108e-05 -4.3980390159236389e-05 +5.5220393709238872e-05 +3.2404286216661567e-05
 91.00000000 +5.0000000000000000e+00 +1.9999558577485219e+00 +1.9034021778369433e-03 +9.9982272583844323e-01 +1.0000024613397491e+00 +9.9999930638696699e-01 +1.0000060738674943e+00 +9.9999767814406260e-01 +7.0272850382399041e-05 +2.9961382912905099e-05 -3.3110707011219629e-05 +6.4467190667188572e-05 +4.0163704732302274e-05
 91.50000000 +5.0000000000000000e+00 +1.9999549415072229e+00 +1.9108388811062201e-03 +9.9980354598106802e-01 +1.0000014688808931e+00 +1.0000004802551288e+00 +1.0000050433585053e+00 +9.9999979671118056e-01 +7.0362122800125146e-05 +1.9909540822198645e-05 -2.2242169925742919e-05 +7.3713012674216105e-05 +4.7922305121161159e-05
 92.00000000 +5.0000000000000000e+00 +1.9999540253625234e+00 +1.9182748003160508e-03 +9.9978436814584537e-01 +1.0000004765266732e+00 +1.0000016539995282e+00 +1.0000040129581635e+00 +1.0000019150549360e+00 +7.0451385805766356e-05 +9.8587585077742473e-06 -1.1374778721560403e-05 +8.2957859884506615e-05 +5.5680087512622144e-05
 92.50000000 +5.0000000000000000e+00 +1.9999531093144096e+00 +1.9257099355904251e-03 +9.9976519233245531e-01 +9.9999948427707264e-01 +1.0000028276201849e+00 +1.0000029826664523e+00 +1.0000040331753639e+00 +7.0540639400811119e-05 -1.9096419795925972e-07 -5.0853321746440443e-07 +9.2201732452212740e-05 +6.3437052036041934e-05
 93.00000000 +5.0000000000000000e+00 +1.9999521933628650e+00 +1.9331442870533073e-03 +9.9974601854057843e-01 +9.9999849213207492e-01 +1.0000040011171187e+00 +1.0000019524833546e+00 +1.0000061510724998e+00 +7.0629883586747488e-05 -1.0239627462557677e-05 +1.0356566767714495e-05 +1.0144463053145460e-04 +7.1193198820749924e-05
 93.50000000 +5.0000000000000000e+00 +1.9999512775078754e+00 +1.9405778548286338e-03 +9.9972684676989487e-01 +9.9999750009166366e-01 +1.0000051744903491e+00 +1.0000009224088526e+00 +1.0000082687463787e+00 +7.0719118365063287e-05 -2.0287231453541514e-05 +2.1220521415107559e-05 +1.1068655427631986e-04 +7.8948527996048227e-05
 94.00000000 +5.0000000000000000e+00 +1.9999532533810582e+00 +1.9486143536777021e-03 +9.9970815420702686e-01 +9.9999911585742485e-01 +1.0000071297443378e+00 +1.0000006990338492e+00 +1.0000068382934555e+00 +6.9423291710697457e-05 -1.7125006711909241e-06 +2.2253129215466095e-05 +1.1677862643499582e-04 +7.1320315205713677e-05
 94.50000000 +5.0000000000000000e+00 +1.9999552287607323e+00 +1.9566488452713898e-03 +9.9968946631295152e-01 +1.0000007312196202e+00 +1.0000090845099678e+00 +1.0000004757146372e+00 +1.0000054081978131e+00 +6.8127788711579032e-05 +1.6857590749045593e-05 +2.3285479104064627e-05 +1.2286917699268064e-04 +6.3694007694213692e-05
 95.00000000 +5.0000000000000000e+00 +1.9999572036470825e+00 +1.9646813303616254e-03 +9.9967078308592017e-01 +1.0000023461784016e+00 +1.0000110387874221e+00 +1.0000002524511968e+00 +1.0000039784593171e+00 +6.6832609246465357e-05 +3.5423044545093088e-05 +2.4317571177518014e-05 +1.2895820651937257e-04 +5.6069604747822641e-05
 95.50000000 +5.0000000000000000e+00 +1.9999591780402939e+00 +1.9727118096999579e-03 +9.9965210452418429e-01 +1.0000039607339193e+00 +1.0000129925768837e+00 +1.0000000292435061e+00 +1.0000025490778344e+00 +6.5537753194174313e-05 +5.3983862454008670e-05 +2.5349405532392857e-05 +1.3504571558478525e-04 +4.8447105653171269e-05
 96.00000000 +5.0000000000000000e+00 +1.9999611519405511e+00 +1.9807402840375651e-03 +9.9963343062599697e-01 +1.0000055748863252e+00 +1.0000149458785352e+00 +9.9999980609154426e-01 +1.0000011200532306e+00 +6.4243220433584338e-05 +7.2540046211982042e-05 +2.6380982265207552e-05 +1.4113170475834783e-04 +4.0826509697246593e-05
 96.50000000 +5.0000000000000000e+00 +1.9999631253480383e+00 +1.9887667541252456e-03 +9.9961476138961203e-01 +1.0000071886357693e+00 +1.0000168986925593e+00 +9.9999958299529090e-01 +9.9999969138537270e-01 +6.2949010843634323e-05 +9.1091597554336076e-05 +2.7412301472432289e-05 +1.4721617460920511e-04 +3.3207816167391594e-05
 97.00000000 +5.0000000000000000e+00 +1.9999650982629407e+00 +1.9967912207134262e-03 +9.9959609681328354e-01 +1.0000088019824032e+00 +1.0000188510191381e+00 +9.9999935995472489e-01 +9.9999826307412609e-01 +6.1655124303323540e-05 +1.0963851821552728e-04 +2.8443363250489098e-05 +1.5329912570621784e-04 +2.5591024351305046e-05
 97.50000000 +5.0000000000000000e+00 +1.9999670706854416e+00 +2.0048136845521578e-03 +9.9957743689526735e-01 +1.0000104149263773e+00 +1.0000208028584547e+00 +9.9999913696982567e-01 +9.9999683511935866e-01 +6.0361560691711749e-05 +1.2818080992914646e-04 +2.9474167695751890e-05 +1.5938055861796274e-04 +1.7976133537041266e-05
 98.00000000 +5.0000000000000000e+00 +1.9999690426157259e+00 +2.0128341463911182e-03 +9.9955878163381939e-01 +1.0000120274678421e+00 +1.0000227542106912e+00 +9.9999891404057162e-01 +9.9999540752093574e-01 +5.9068319887919014e-05 +1.4671847442791918e-04 +3.0504714904546469e-05 +1.6546047391273277e-04 +1.0363143013009918e-05
 98.50000000 +5.0000000000000000e+00 +1.9999710140539781e+00 +2.0208526069796090e-03 +9.9954013102719697e-01 +1.0000136396069490e+00 +1.0000247050760300e+00 +9.9999869116694273e-01 +9.9999398027872444e-01 +5.7775401771125749e-05 +1.6525151344370617e-04 +3.1535004973150576e-05 +1.7153887215853731e-04 +2.7520520679757618e-06
 99.00000000 +5.0000000000000000e+00 +1.9999690475185083e+00 +2.0122379267598642e-03 +9.9956241934486001e-01 +1.0000084459798388e+00 +1.0000217661398747e+00 +9.9999871158328679e-01 +9.9999617709161448e-01 +6.0267535346699511e-05 +1.3906779533183030e-04 +4.0558699727237517e-05 +1.6678467624593060e-04 +5.8011546099488933e-06
 99.50000000 +5.0000000000000000e+00 +1.9999670807663206e+00 +2.0036222971795215e-03 +9.9958471011875472e-01 +1.0000032517803774e+00 +1.0000188268798411e+00 +9.9999873200188050e-01 +9.9999837414659920e-01 +6.2759943562000139e-05 +1.1288119170480327e-04 +4.9583388916408921e-05 +1.6202995640833049e-04 +8.8505931711055737e-06
100.00000000 +5.0000000000000000e+00 +1.9999651137973811e+00 +1.9950057180816386e-03 +9.9960700334928765e-01 +9.9999805700847011e-01 +1.0000158872958753e+00 +9.9999875242272507e-01 +1.0000005714437186e+00 +6.5252626462429232e-05 +8.6691702085611722e-05 +5.8609072705057944e-05 +1.5727471255912547e-04 +1.1900367806994176e-05
100.50000000 +5.0000000000000000e+00 +1.9999631466116510e+00 +1.9863881893092388e-03 +9.9962929903686393e-01 +9.9999286166402179e-01 +1.0000129473879240e+00 +9.9999877284581995e-01 +1.0000027689830127e+00 +6.7745584093398278e-05 +6.0499325997137045e-05 +6.7635751257613910e-05 +1.5251894461168467e-04 +1.4950478573175307e-05
101.00000000 +5.0000000000000000e+00 +1.9999611792090966e+00 +1.9777697107053118e-03 +9.9965159718189045e-01 +9.9998766574693776e-01 +1.0000100071559335e+00 +9.9999879327116570e-01 +1.0000049667645212e+00 +7.0238816500328843e-05 +3.4304062962155504e-05 +7.6663424738542468e-05 +1.4776265247935823e-04 +1.8000925525221824e-05
101.50000000 +5.0000000000000000e+00 +1.9999592115896816e+00 +1.9691502821128121e-03 +9.9967389778477345e-01 +9.9998246925712408e-01 +1.0000070665998502e+00 +9.9999881369876331e-01 +1.0000071647882847e+00 +7.2732323728652508e-05 +8.1059125033381744e-06 +8.5692093312345486e-05 +1.4300583607547733e-04 +2.1051708718718849e-05
102.00000000 +5.0000000000000000e+00 +1.9999572437533697e+00 +1.9605299033746593e-03 +9.9969620084591937e-01 +9.9997727219448573e-01 +1.0000041257196204e+00 +9.9999883412861279e-01 +1.0000093630543432e+00 +7.5226105823810870e-05 -1.8095125856749134e-05 +9.4721757143561121e-05 +1.3824849531335383e-04 +2.4102828209263741e-05
102.50000000 +5.0000000000000000e+00 +1.9999552757001253e+00 +1.9519085743337379e-03 +9.9971850636573445e-01 +9.9997207455892767e-01 +1.0000011845151906e+00 +9.9999885456071391e-01 +1.0000115615627361e+00 +7.7720162831255527e-05 -4.4299052595645880e-05 +1.0375241639676375e-04 +1.3349063010628052e-04 +2.7154284052466130e-05
103.00000000 +5.0000000000000000e+00 +1.9999533074299121e+00 +1.9432862948328994e-03 +9.9974081434462536e-01 +9.9996687635035530e-01 +9.9999824298650708e-01 +9.9999887499506768e-01 +1.0000137603135040e+00 +8.0214494796448119e-05 -7.0505868190996773e-05 +1.1278407123656410e-04 +1.2873224036753116e-04 +3.0206076303947890e-05
103.50000000 +5.0000000000000000e+00 +1.9999513389426951e+00 +1.9346630647149594e-03 +9.9976312478299878e-01 +9.9996167756867393e-01 +9.9999530113351631e-01 +9.9999889543167442e-01 +1.0000159593066869e+00 +8.2709101764860289e-05 -9.6715573120551842e-05 +1.2181672182760915e-04 +1.2397332601036035e-04 +3.3258205019343176e-05
104.00000000 +5.0000000000000000e+00 +1.9999509799282500e+00 +1.9306355114290454e-03 +9.9977118995415248e-01 +9.9997019674417464e-01 +9.9999641436203679e-01 +9.9999613291385081e-01 +1.0000146090477557e+00 +8.6914559914838237e-05 -8.3928930391033909e-05 +9.3158537945797409e-05 +1.3421030476827123e-04 +2.1102510264388762e-05
104.50000000 +5.0000000000000000e+00 +1.9999506209931466e+00 +1.9266088482362516e-03 +9.9977925334289508e-01 +9.9997871403692906e-01 +9.9999752734453251e-01 +9.9999337100654584e-01 +1.0000132590872328e+00 +9.1119088654550260e-05 -7.1145113521765905e-05 +6.4506687549982018e-05 +1.4444502114410382e-04 +8.9495019295796087e-06
105.00000000 +5.0000000000000000e+00 +1.9999502621373604e+00 +1.9225830748415451e-03 +9.9978731494981854e-01 +9.9998722944756191e-01 +9.9999864008108519e-01 +9.9999060970955767e-01 +1.0000119094250197e+00 +9.5322688292063244e-05 -5.8364121576074720e-05 +3.5861168540835355e-05 +1.5467747588775830e-04 -3.2008208755380027e-06
105.50000000 +5.0000000000000000e+00 +1.9999499033608634e+00 +1.9185581909500209e-03 +9.9979537477551250e-01 +9.9999574297669658e-01 +9.9999975257177631e-01 +9.9998784902268401e-01 +1.0000105600610174e+00 +9.9525359135307776e-05 -4.5585953617700984e-05 +7.2219788199573615e-06 +1.6490766974880321e-04 -1.5348459041024308e-05
106.00000000 +5.0000000000000000e+00 +1.9999495446636308e+00 +1.9145341962669051e-03 +9.9980343282056783e-01 +1.0000042546249570e+00 +1.0000008648166878e+00 +9.9998508894572291e-01 +1.0000092109951271e+00 +1.0372710149207847e-04 -3.2810608710799118e-05 -2.1410883710124714e-05 +1.7513560347647605e-04 -2.7493413456546261e-05
106.50000000 +5.0000000000000000e+00 +1.9999491860456347e+00 +1.9105110904975538e-03 +9.9981148908557393e-01 +1.0000127643929657e+00 +1.0000019768159001e+00 +9.9998232947847143e-01 +1.0000078622272495e+00 +1.0792791567003391e-04 -2.0038085919936971e-05 -5.0037421145957025e-05 +1.8536127781968318e-04 -3.9635685011377743e-05
107.00000000 +5.0000000000000000e+00 +1.9999488275068507e+00 +1.9064888733474549e-03 +9.9981954357112124e-01 +1.0000212722813464e+00 +1.0000030885694957e+00 +9.9997957062072829e-01 +1.0000065137572864e+00 +1.1212780197669685e-04 -7.2683843100956442e-06 -7.8657635583159578e-05 +1.9558469352700032e-04 -5.1775274594399849e-05
107.50000000 +5.0000000000000000e+00 +1.9999484690472513e+00 +1.9024675445222235e-03 +9.9982759627779905e-01 +1.0000297782907215e+00 +1.0000042000775555e+00 +9.9997681237229163e-01 +1.0000051655851396e+00 +1.1632676071945416e-04 +5.4984970533307919e-06 -1.0727152911642670e-04 +2.0580585134667232e-04 -6.3912183094100991e-05
108.00000000 +5.0000000000000000e+00 +1.9999481106668100e+00 +1.8984471037276063e-03 +9.9983564720619600e-01 +1.0000382824217127e+00 +1.0000053113401604e+00 +9.9997405473295886e-01 +1.0000038177107091e+00 +1.2052479220555682e-04 +1.8262559104535424e-05 -1.3587910383952738e-04 +2.1602475202661361e-04 -7.6046411398577107e-05
108.50000000 +5.0000000000000000e+00 +1.9999477523655020e+00 +1.8944275506694813e-03 +9.9984369635690207e-01 +1.0000467846749432e+00 +1.0000064223573926e+00 +9.9997129770252924e-01 +1.0000024701338974e+00 +1.2472189674212042e-04 +3.1023802777298844e-05 -1.6448036184530640e-04 +2.2624139631440853e-04 -8.8177960395532137e-05
109.00000000 +5.0000000000000000e+00 +1.9999462825007497e+00 +1.8874939936816210e-03 +9.9986197929054066e-01 +1.0000482276959590e+00 +1.0000055056981563e+00 +9.9997305684704330e-01 +9.9999565334453921e-01 +1.2733823504530137e-04 +1.8936520156399073e-05 -1.4163495315735821e-04 +1.9414708039389817e-04 -8.3209759020251621e-05
109.50000000 +5.0000000000000000e+00 +1.9999448123228203e+00 +1.8805589593934569e-03 +9.9988026611963765e-01 +1.0000496710244320e+00 +1.0000045888436115e+00 +9.9997481636636987e-01 +9.9998883510275938e-01 +1.2995513079935156e-04 +6.8466621551688044e-06 -1.1878467690587053e-04 +1.6204592628878218e-04 -7.8240499093723391e-05
110.00000000 +5.0000000000000000e+00 +1.9999433418316130e+00 +1.8736224473327968e-03 +9.9989855684543827e-01 +1.0000511146604611e+00 +1.0000036717936964e+00 +9.9997657626062897e-01 +9.9998201540809439e-01 +1.3257258418245013e-04 -5.2457720495658726e-06 -9.5929531535014377e-05 +1.2993793181335803e-04 -7.3270180277600622e-05
110.50000000 +5.0000000000000000e+00 +1.9999418710270294e+00 +1.8666844570272472e-03 +9.9991685146918841e-01 +1.0000525586041449e+00 +1.0000027545483479e+00 +9.9997833652994050e-01 +9.9997519426007975e-01 +1.3519059537285216e-04 -1.7340783281329717e-05 -7.3069515488297652e-05 +9.7823094780991718e-05 -6.8298802233392268e-05
111.00000000 +5.0000000000000000e+00 +1.9999403999089675e+00 +1.8597449880042125e-03 +9.9993514999213373e-01 +1.0000540028555813e+00 +1.0000018371075041e+00 +9.9998009717442393e-01 +9.9996837165825037e-01 +1.3780916454888872e-04 -2.9438372363998551e-05 -5.0204627208564819e-05 +6.5701413004117017e-05 -6.3326364622462984e-05
111.50000000 +5.0000000000000000e+00 +1.9999389284773281e+00 +1.8528040397908965e-03 +9.9995345241552114e-01 +1.0000554474148684e+00 +1.0000009194711017e+00 +9.9998185819419982e-01 +9.9996154760214162e-01 +1.4042829188896686e-04 -4.1538540121799413e-05 -2.7334865137996415e-05 +3.3572884294235178e-05 -5.8352867106033107e-05
112.00000000 +5.0000000000000000e+00 +1.9999374567320105e+00 +1.8458616119143006e-03 +9.9997175874059796e-01 +1.0000568922821049e+00 +1.0000000016390787e+00 +9.9998361958938764e-01 +9.9995472209128844e-01 +1.4304797757156966e-04 -5.3641287379310741e-05 -4.4602277181088370e-06 +1.4375064619143677e-06 -5.3378309345178464e-05
112.50000000 +5.0000000000000000e+00 +1.9999359846729146e+00 +1.8389177039012260e-03 +9.9999006896861187e-01 +1.0000583374573895e+00 +9.9999908361137280e-01 +9.9998538136010773e-01 +9.9994789512522597e-01 +1.4566822177525645e-04 -6.5746614961462629e-05 +1.8419286610246086e-05 -3.0704722683210871e-05 -4.8402691000830423e-05
113.00000000 +5.0000000000000000e+00 +1.9999345122999397e+00 +1.8319723152782704e-03 +1.0000083831008115e+00 +1.0000597829408204e+00 +9.9999816538792097e-01 +9.9998714350647999e-01 +9.9994106670348859e-01 +1.4828902467866264e-04 -7.7854523693536890e-05 +4.1303679406881327e-05 -6.2853805332439979e-05 -4.3426011733775742e-05
113.50000000 +5.0000000000000000e+00 +1.9999330396129857e+00 +1.8250254455718304e-03 +1.0000267011384452e+00 +1.0000612287324968e+00 +9.9999724696866077e-01 +9.9998890602862511e-01 +9.9993423682561022e-01 +1.5091038646049975e-04 -8.9965014401167389e-05 +6.4192952232275247e-05 -9.5009743678007059e-05 -3.8448271204656492e-05
114.00000000 +5.0000000000000000e+00 +1.9999396149935806e+00 +1.8417335116800873e-03 +9.9998595962755588e-01 +1.0000535870050546e+00 +9.9999195423164766e-01 +9.9999313925449884e-01 +9.9993930844635026e-01 +1.5351607042077620e-04 -7.8482148770113468e-05 +7.4280994000486603e-05 -8.1297697178898235e-05 -3.1965780526018021e-05
114.50000000 +5.0000000000000000e+00 +1.9999461890963046e+00 +1.8584383307163768e-03 +9.9994522603443603e-01 +1.0000459467627176e+00 +9.9998666252323332e-01 +9.9999737165768088e-01 +9.9994437908146316e-01 +1.5612124798831470e-04 -6.7001514737309882e-05 +8.4367075242721058e-05 -6.7588315500571853e-05 -2.5484549664860745e-05
115.00000000 +5.0000000000000000e+00 +1.9999527619215316e+00 +1.8751399036271686e-03 +9.9990450035677791e-01 +1.0000383080050530e+00 +9.9998137184311797e-01 +1.0000016032384105e+00 +9.9994944873123637e-01 +1.5872591931072059e-04 -5.5523111652281350e-05 +9.4451196530440611e-05 -5.3881597866275219e-05 -1.9004578253967970e-05
115.50000000 +5.0000000000000000e+00 +1.9999593334696342e+00 +1.8918382313585652e-03 +9.9986378259227471e-01 +1.0000306707316284e+00 +9.9997608219100242e-01 +1.0000058339969284e+00 +9.9995451739595775e-01 +1.6133008453554201e-04 -4.4046938864805356e-05 +1.0453335843488526e-04 -4.0177543499557410e-05 -1.2525865926265704e-05
116.00000000 +5.0000000000000000e+00 +1.9999659037409834e+00 +1.9085333148563006e-03 +9.9982307273862003e-01 +1.0000230349420112e+00 +9.9997079356658625e-01 +1.0000100639334732e+00 +9.9995958507591387e-01 +1.6393374381026959e-04 -3.2572995724912048e-05 +1.1461356152707302e-04 -2.6476151624269247e-05 -6.0484123148225892e-06
116.50000000 +5.0000000000000000e+00 +1.9999724727359518e+00 +1.9252251550657411e-03 +9.9978237079350873e-01 +1.0000154006357684e+00 +9.9996550596957079e-01 +1.0000142930482854e+00 +9.9996465177139171e-01 +1.6653689728233676e-04 -2.1101281582884115e-05 +1.2469180637780000e-04 -1.2777421464563094e-05 +4.2778294715017230e-07
117.00000000 +5.0000000000000000e+00 +1.9999790404549111e+00 +1.9419137529318861e-03 +9.9974167675463632e-01 +1.0000077678124686e+00 +9.9996021939965551e-01 +1.0000185213416033e+00 +9.9996971748267771e-01 +1.6913954509911963e-04 -9.6317957892566448e-06 +1.3476809355764057e-04 +9.1864775510725173e-07 +6.9027202262988852e-06
117.50000000 +5.0000000000000000e+00 +1.9999856068982336e+00 +1.9585991093993686e-03 +9.9970099061969953e-01 +1.0000001364716793e+00 +9.9995493385654244e-01 +1.0000227488136668e+00 +9.9997478221005942e-01 +1.7174168740793715e-04 +1.8354623051829909e-06 +1.4484242363694755e-04 +1.4612056809986762e-05 +1.3376399889127420e-05
118.00000000 +5.0000000000000000e+00 +1.9999921720662903e+00 +1.9752812254124549e-03 +9.9966031238639597e-01 +9.9999250661296868e-01 +9.9994964933993191e-01 +1.0000269754647155e+00 +9.9997984595382305e-01 +1.7434332435605090e-04 +1.3300493349395216e-05 +1.5491479718585216e-04 +2.8302806475019241e-05 +1.9848822301997294e-05
118.50000000 +5.0000000000000000e+00 +1.9999987359594533e+00 +1.9919601019150420e-03 +9.9961964205242393e-01 +9.9998487823590521e-01 +9.9994436584952506e-01 +1.0000312012949881e+00 +9.9998490871425494e-01 +1.7694445609066540e-04 +2.4763297992088450e-05 +1.6498521477426414e-04 +4.1990897524847557e-05 +2.6319987831127728e-05
119.00000000 +5.0000000000000000e+00 +1.9999898083144494e+00 +1.9857707578615235e-03 +9.9963250726663500e-01 +9.9998225571066646e-01 +9.9994401731094285e-01 +1.0000308606752448e+00 +9.9998422708470924e-01 +1.6425638870510339e-04 +3.5924992304952241e-05 +1.2793669335813937e-04 +6.0662030232879076e-05 +3.7351848581287949e-05
119.50000000 +5.0000000000000000e+00 +1.9999808828153047e+00 +1.9795829014855886e-03 +9.9964536938854953e-01 +9.9997963381578159e-01 +9.9994366885613650e-01 +1.0000305201373738e+00 +9.9998354561900149e-01 +1.5157137103745280e-04 +4.7084003780624873e-05 +9.0897076965602288e-05 +7.9328675126800463e-05 +4.8381057701195740e-05
120.00000000 +5.0000000000000000e+00 +1.9999719594612448e+00 +1.9733965322509309e-03 +9.9965822841928087e-01 +9.9997701255102167e-01 +9.9994332048507450e-01 +1.0000301796813449e+00 +9.9998286431707128e-01 +1.3888940198829517e-04 +5.8240333386264617e-05 +5.3866362386406591e-05 +9.7990833824461139e-05 +5.9407616146759348e-05
120.50000000 +5.0000000000000000e+00 +1.9999630382514964e+00 +1.9672116496215028e-03 +9.9967108435994456e-01 +9.9997439191616078e-01 +9.9994297219772732e-01 +1.0000298393071283e+00 +9.9998218317886034e-01 +1.2621048045874077e-04 +6.9393982088565031e-05 +1.6844546411849066e-05 +1.1664850794293312e-04 +7.0431524873427670e-05
121.00000000 +5.0000000000000000e+00 +1.9999541191852872e+00 +1.9610282530615150e-03 +9.9968393721165372e-01 +9.9997177191097164e-01 +9.9994262399406475e-01 +1.0000294990146952e+00 +9.9998150220430959e-01 +1.1353460535042787e-04 +8.0544950853755087e-05 -2.0168374165231673e-05 +1.3530169909851126e-04 +8.1452784836190441e-05
121.50000000 +5.0000000000000000e+00 +1.9999452022618447e+00 +1.9548463420354348e-03 +9.9969678697552167e-01 +9.9996915253522711e-01 +9.9994227587405649e-01 +1.0000291588040160e+00 +9.9998082139335998e-01 +1.0086177556552240e-04 +9.1693240647599481e-05 -5.7172402550455969e-05 +1.5395040890671383e-04 +9.2471396989578529e-05
122.00000000 +5.0000000000000000e+00 +1.9999362874803961e+00 +1.9486659160079869e-03 +9.9970963365266086e-01 +9.9996653378870060e-01 +9.9994192783767255e-01 +1.0000288186750608e+00 +9.9998014074595232e-01 +8.8191990006717796e-05 +1.0283885243539893e-04 -9.4167541947904110e-05 +1.7259463898228292e-04 +1.0348736228766420e-04
122.50000000 +5.0000000000000000e+00 +1.9999273748401707e+00 +1.9424869744441532e-03 +9.9972247724418362e-01 +9.9996391567116527e-01 +9.9994157988488275e-01 +1.0000284786278006e+00 +9.9997946026202822e-01 +7.5525247577234571e-05 +1.1398178718199045e-04 -1.3115379556011720e-04 +1.9123439093918506e-04 +1.1450068168406144e-04
123.00000000 +5.0000000000000000e+00 +1.9999184643403967e+00 +1.9363095168091734e-03 +9.9973531775120139e-01 +9.9996129818239476e-01 +9.9994123201565710e-01 +1.0000281386622061e+00 +9.9997877994152862e-01 +6.2861547180820138e-05 +1.2512204585174769e-04 -1.6813116658809810e-04 +2.0986966639061140e-04 +1.2551135613192622e-04
123.50000000 +5.0000000000000000e+00 +1.9999095559803031e+00 +1.9301335425685419e-03 +9.9974815517482529e-01 +9.9995868132216237e-01 +9.9994088422996519e-01 +1.0000277987782473e+00 +9.9997809978439434e-01 +5.0200887721748264e-05 +1.3625962940858098e-04 -2.0509965823131235e-04 +2.2850046694897837e-04 +1.3651938658395659e-04
124.00000000 +5.0000000000000000e+00 +1.9999105698663104e+00 +1.9245959349431011e-03 +9.9976166177671144e-01 +9.9995924819786741e-01 +9.9994760827186391e-01 +1.0000150394014862e+00 +9.9997564542117023e-01 +6.7877321036036433e-05 +1.1151733016094293e-04 -1.7552355177930719e-04 +2.1458861771172835e-04 +1.2233721570548690e-04
124.50000000 +5.0000000000000000e+00 +1.9999115835590346e+00 +1.9190593829878410e-03 +9.9977516580374670e-01 +9.9995981496550523e-01 +9.9995433103191500e-01 +1.0000022824571282e+00 +9.9997319152583775e-01 +8.5550384576804598e-05 +8.6779747698832052e-05 -1.4595308361295479e-04 +2.0067942058083608e-04 +1.0815774846654857e-04
125.00000000 +5.0000000000000000e+00 +1.9999125970585299e+00 +1.9135238864009152e-03 +9.9978866725666626e-01 +9.9996038162510681e-01 +9.9996105251048473e-01 +9.9998952794447737e-01 +9.9997073809826231e-01 +1.0322007930756368e-04 +6.2046880673589645e-05 -1.1638825212011412e-04 +1.8677287479799127e-04 +9.3980984094096744e-05
125.50000000 +5.0000000000000000e+00 +1.9999136103648520e+00 +1.9079894448805949e-03 +9.9980216613620676e-01 +9.9996094817670311e-01 +9.9996777270793935e-01 +9.9997677586283928e-01 +9.9996828513831093e-01 +1.2088640619145738e-04 +3.7318727737071048e-05 -8.6829055689258806e-05 +1.7286897960517298e-04 +7.9806921815381190e-05
126.00000000 +5.0000000000000000e+00 +1.9999146234780563e+00 +1.9024560581252640e-03 +9.9981566244310360e-01 +9.9996151462032445e-01 +9.9997449162464536e-01 +9.9996402621151825e-01 +9.9996583264584926e-01 +1.3854936619126215e-04 +1.2595287541645525e-05 -5.7275492709476649e-05 +1.5896773424464887e-04 +6.5635560857946177e-05
126.50000000 +5.0000000000000000e+00 +1.9999156363981980e+00 +1.8969237258334227e-03 +9.9982915617809209e-01 +9.9996208095600236e-01 +9.9998120926096845e-01 +9.9995127898982006e-01 +9.9996338062074419e-01 +1.5620896026938765e-04 -1.2123441259804060e-05 -2.7727561570469479e-05 +1.4506913795897574e-04 +5.1466900449630472e-05
127.00000000 +5.0000000000000000e+00 +1.9999166491253315e+00 +1.8913924477036860e-03 +9.9984264734190775e-01 +9.9996264718376726e-01 +9.9998792561727512e-01 +9.9993853419704970e-01 +9.9996092906286160e-01 +1.7386518938787668e-04 -3.6837460013881465e-05 +1.8147393374472514e-06 +1.3117318999099874e-04 +3.7300939818567044e-05
127.50000000 +5.0000000000000000e+00 +1.9999176616595133e+00 +1.8858622234347838e-03 +9.9985613593528500e-01 +9.9996321330365057e-01 +9.9999464069393074e-01 +9.9992579183251384e-01 +9.9995847797206894e-01 +1.9151805450840558e-04 -6.1546770066677386e-05 +3.1351411623344701e-05 +1.1727988958385175e-04 +2.3137678193182977e-05
128.00000000 +5.0000000000000000e+00 +1.9999186740007975e+00 +1.8803330527255593e-03 +9.9986962195895834e-01 +9.9996377931568248e-01 +1.0000013544913011e+00 +9.9991305189551793e-01 +9.9995602734823152e-01 +2.0916755659228402e-04 -8.6251372763769462e-05 +6.0882456895680880e-05 +1.0338923598095694e-04 +8.9771148021994078e-06
128.50000000 +5.0000000000000000e+00 +1.9999196861492394e+00 +1.8748049352749730e-03 +9.9988310541366232e-01 +9.9996434521989408e-01 +1.0000080670097522e+00 +9.9990031438536875e-01 +9.9995357719121680e-01 +2.2681369660045568e-04 -1.1095126945022288e-04 +9.0407876762301097e-05 +8.9501228426024741e-05 -5.1807511253687482e-06
129.00000000 +5.0000000000000000e+00 +1.9999002114450526e+00 +1.8953721046880455e-03 +9.9982938784409892e-01 +9.9994762253056912e-01 +1.0000061160669966e+00 +9.9992118189510559e-01 +9.9994699052474922e-01 +2.2689848568397932e-04 -7.2146074343078362e-05 +8.5441804359925519e-05 +1.2209435184186662e-04 -1.3587428106237332e-05
129.50000000 +5.0000000000000000e+00 +1.9998807379276824e+00 +1.9159380207090643e-03 +9.9977567354815944e-01 +9.9993090086034842e-01 +1.0000041652431348e+00 +9.9994204813314769e-01 +9.9994040425968234e-01 +2.2698326960033771e-04 -3.3343244078767854e-05 +8.0476034596944023e-05 +1.5468548898720701e-04 -2.1993592772459364e-05
130.00000000 +5.0000000000000000e+00 +1.9998612655970185e+00 +1.9365026834526002e-03 +9.9972196252554435e-01 +9.9991418020913825e-01 +1.0000022145381549e+00 +9.9996291309961050e-01 +9.9993381839597972e-01 +2.2706804835000312e-04 +5.4572215588773496e-06 +7.5510567445692540e-05 +1.8727464004360950e-04 -3.0399245170865172e-05
130.50000000 +5.0000000000000000e+00 +1.9998417944529543e+00 +1.9570660930332121e-03 +9.9966825477595478e-01 +9.9989746057684625e-01 +1.0000002639520467e+00 +9.9998377679461092e-01 +9.9992723293360408e-01 +2.2715282193344787e-04 +4.4255322785999537e-05 +7.0545402878510375e-05 +2.1986180519261559e-04 -3.8804385348279371e-05
131.00000000 +5.0000000000000000e+00 +1.9998223244953797e+00 +1.9776282495654438e-03 +9.9961455029909141e-01 +9.9988074196337884e-01 +9.9999831348479895e-01 +1.0000046392182647e+00 +9.9992064787251922e-01 +2.2723759035114420e-04 +8.3051059818714667e-05 +6.5580540867740209e-05 +2.5244698461574460e-04 -4.7209013351520893e-05
131.50000000 +5.0000000000000000e+00 +1.9998028557241871e+00 +1.9981891531638232e-03 +9.9956084909465481e-01 +9.9986402436864275e-01 +9.9999636313640072e-01 +1.0000255003706877e+00 +9.9991406321268816e-01 +2.2732235360356417e-04 +1.2184443287311234e-04 +6.0615981385728096e-05 +2.8503017849449379e-04 -5.5613129227402912e-05
132.00000000 +5.0000000000000000e+00 +1.9997833881392670e+00 +2.0187488039428679e-03 +9.9950715116234590e-01 +9.9984730779254483e-01 +9.9999441290684121e-01 +1.0000463602519967e+00 +9.9990747895407406e-01 +2.2740711169117985e-04 +1.6063544216525589e-04 +5.5651724404823453e-05 +3.1761138701033825e-04 -6.4016733022732958e-05
132.50000000 +5.0000000000000000e+00 +1.9997639217405132e+00 +2.0393072020170799e-03 +9.9945345650186646e-01 +9.9983059223499271e-01 +9.9999246279610998e-01 +1.0000672188623083e+00 +9.9990089509664104e-01 +2.2749186461446349e-04 +1.9942408791118237e-04 +5.0687769897379110e-05 +3.5019061034473120e-04 -7.2419824784312841e-05
133.00000000 +5.0000000000000000e+00 +1.9997444565278157e+00 +2.0598643475009466e-03 +9.9939976511291673e-01 +9.9981387769589269e-01 +9.9999051280419615e-01 +1.0000880762017377e+00 +9.9989431164035159e-01 +2.2757661237388687e-04 +2.3821037032690229e-04 +4.5724117835751205e-05 +3.8276784867910334e-04 -8.0822404558938656e-05
133.50000000 +5.0000000000000000e+00 +1.9997249925010658e+00 +2.0804202405089412e-03 +9.9934607699519773e-01 +9.9979716417515152e-01 +9.9998856293108807e-01 +1.0001089322704013e+00 +9.9988772858516950e-01 +2.2766135496992199e-04 +2.7699428962839996e-04 +4.0760768192299258e-05 +4.1534310219486345e-04 -8.9224472393400762e-05
134.00000000 +5.0000000000000000e+00 +1.9997270783091983e+00 +2.0614746118169805e-03 +9.9939466395542620e-01 +9.9982528344663513e-01 +9.9999627616135256e-01 +1.0000882646482330e+00 +9.9987424622446786e-01 +2.0825136125703162e-04 +2.9918911471080639e-04 +3.7949084775283993e-05 +3.4611700491819178e-04 -7.0241002075566763e-05
134.50000000 +5.0000000000000000e+00 +1.9997291632390730e+00 +2.0425369604403078e-03 +9.9944323045745220e-01 +9.9985339087811564e-01 +1.0000039861438559e+00 +1.0000676057284483e+00 +9.9986076954069802e-01 +1.8884954038665322e-04 +3.2137459435948088e-04 +3.5138585255909323e-05 +2.7692005623369007e-04 -5.1265525006753476e-05
135.00000000 +5.0000000000000000e+00 +1.9997312472912447e+00 +2.0236072813415479e-03 +9.9949177651419507e-01 +9.9988148647707054e-01 +1.0000116928806497e+00 +1.0000469555055531e+00 +9.9984729853027543e-01 +1.6945588719794315e-04 +3.4355073447571476e-04 +3.2329268886588283e-05 +2.0775223773511527e-04 -3.2298036139523836e-05
135.50000000 +5.0000000000000000e+00 +1.9997333304662670e+00 +2.0046855694875647e-03 +9.9954030213856182e-01 +9.9990957025096894e-01 +1.0000193963737825e+00 +1.0000263139740555e+00 +9.9983383318961794e-01 +1.5007039653440192e-04 +3.6571754095583123e-04 +2.9521134920363185e-05 +1.3861353103171783e-04 -1.3338530430689531e-05
136.00000000 +5.0000000000000000e+00 +1.9997354127646934e+00 +1.9857718198494603e-03 +9.9958880734344990e-01 +9.9993764220727588e-01 +1.0000270966253018e+00 +1.0000056811284708e+00 +9.9982037351514697e-01 +1.3069306324386994e-04 +3.8787501969119164e-04 +2.6714182610904990e-05 +6.9503917748226253e-05 +5.6129971586933934e-06
136.50000000 +5.0000000000000000e+00 +1.9997374941870774e+00 +1.9668660274025662e-03 +9.9963729214174502e-01 +9.9996570235344828e-01 +1.0000347936372536e+00 +9.9998505696331674e-01 +9.9980691950328693e-01 +1.1132388217852258e-04 +4.1002317656820008e-04 +2.3908411212512635e-05 +4.2337952483003060e-07 +2.4556551663329052e-05
137.00000000 +5.0000000000000000e+00 +1.9997395747339723e+00 +1.9479681871264411e-03 +9.9968575654632230e-01 +9.9999375069693763e-01 +1.0000424874116813e+00 +9.9996444147311692e-01 +9.9979347115046513e-01 +9.1962848194865863e-05 +4.3216201746830863e-04 +2.1103819980112372e-05 -6.8628101982836246e-05 +4.3492138113686147e-05
137.50000000 +5.0000000000000000e+00 +1.9997416544059292e+00 +1.9290782940048668e-03 +9.9973420057004614e-01 +1.0000217872451893e+00 +1.0000501779506275e+00 +9.9994383465239922e-01 +9.9978002845311142e-01 +7.2609956153731734e-05 +4.5429154826802289e-04 +1.8300408169257092e-05 -1.3765054510370917e-04 +6.2419761536002457e-05
138.00000000 +5.0000000000000000e+00 +1.9997437332035006e+00 +1.9101963430258422e-03 +9.9978262422576980e-01 +1.0000498120056418e+00 +1.0000578652561325e+00 +9.9992323649569581e-01 +9.9976659140765944e-01 +5.3265200920273704e-05 +4.7641177483890668e-04 +1.5498175036125710e-05 -2.0664396815131260e-04 +8.1339426952289158e-05
138.50000000 +5.0000000000000000e+00 +1.9997458111272377e+00 +1.8913223291815819e-03 +9.9983102752633646e-01 +1.0000778249857281e+00 +1.0000655493302353e+00 +9.9990264699754405e-01 +9.9975316001054548e-01 +3.3928577363962179e-05 +4.9852270304758797e-04 +1.2697119837522464e-05 -2.7560838942377431e-04 +1.0025113938033551e-04
139.00000000 +5.0000000000000000e+00 +1.9997312909563636e+00 +1.9653884386210156e-03 +9.9965234895266053e-01 +1.0000769085132624e+00 +1.0000544023014972e+00 +9.9989816599301706e-01 +9.9977362844549955e-01 +7.7177756367119771e-05 +4.8923894065646518e-04 +3.7705878748008041e-05 -2.2860205248911633e-04 +1.6902527135595802e-04
139.50000000 +5.0000000000000000e+00 +1.9997167737851396e+00 +2.0394392471060245e-03 +9.9947370729131491e-01 +1.0000759922301261e+00 +1.0000432575755693e+00 +9.9989368591419847e-01 +9.9979409265197938e-01 +1.2041800073442563e-04 +4.7995709615229889e-04 +6.2709471221601207e-05 -1.8160542636314677e-04 +2.3778519562083590e-04
140.00000000 +5.0000000000000000e+00 +1.9997022596126377e+00 +2.1134747593775445e-03 +9.9929510253086284e-01 +1.0000750761362605e+00 +1.0000321151517377e+00 +9.9988920676080206e-01 +9.9981455263129648e-01 +1.6364931323423781e-04 +4.7067716894084045e-04 +8.7707898859099923e-05 -1.3461850803701396e-04 +3.0653091657716639e-04
140.50000000 +5.0000000000000000e+00 +1.9996877484379276e+00 +2.1874949801745504e-03 +9.9911653465987160e-01 +1.0000741602316074e+00 +1.0000209750292894e+00 +9.9988472853254085e-01 +9.9983500838475903e-01 +2.0687169663377065e-04 +4.6139915842808638e-04 +1.1270116326064088e-04 -8.7641294503109030e-05 +3.7526243862532840e-04
141.00000000 +5.0000000000000000e+00 +1.9996732402600821e+00 +2.2614999142340601e-03 +9.9893800366691388e-01 +1.0000732445161080e+00 +1.0000098372075117e+00 +9.9988025122912827e-01 +9.9985545991367752e-01 +2.5008515369909565e-04 +4.5212306402027868e-04 +1.3768926602569984e-04 -4.0673782755065479e-05 +4.4397976616388293e-04
141.50000000 +5.0000000000000000e+00 +1.9996587350781723e+00 +2.3354895662911360e-03 +9.9875950954056647e-01 +1.0000723289897036e+00 +9.9999870168569160e-01 +9.9987577485027790e-01 +9.9987590721935959e-01 +2.9328968719514185e-04 +4.4284888512390432e-04 +1.6267220875309198e-04 +6.2840302122417078e-06 +5.1268290358957478e-04
142.00000000 +5.0000000000000000e+00 +1.9996442328912689e+00 +2.4094639410788842e-03 +9.9858105226941096e-01 +1.0000714136523354e+00 +9.9998756846311654e-01 +9.9987129939570318e-01 +9.9989635030311330e-01 +3.3648529988569633e-04 +4.3357662114569545e-04 +1.8764999304097220e-04 +5.3232147402696414e-05 +5.8137185529733276e-04
142.50000000 +5.0000000000000000e+00 +1.9996297336984465e+00 +2.4834230433284574e-03 +9.9840263184203437e-01 +1.0000704985039455e+00 +9.9997643753907539e-01 +9.9986682486511813e-01 +9.9991678916624660e-01 +3.7967199453340538e-04 +4.2430627149262954e-04 +2.1262262048683564e-04 +1.0017057181894237e-04 +6.5004662568027131e-04
143.00000000 +5.0000000000000000e+00 +1.9996152374987768e+00 +2.5573668777690533e-03 +9.9822424824702749e-01 +1.0000695835444751e+00 +9.9996530891285529e-01 +9.9986235125823675e-01 +9.9993722381006622e-01 +4.2284977389977433e-04 +4.1503783557192848e-04 +2.3759009268751769e-04 +1.4709930646238334e-04 +7.1870721912969059e-04
143.50000000 +5.0000000000000000e+00 +1.9996007442913337e+00 +2.6312954491279194e-03 +9.9804590147298633e-01 +1.0000686687738654e+00 +9.9995418258374580e-01 +9.9985787857477271e-01 +9.9995765423587835e-01 +4.6601864074516852e-04 +4.0577131279105898e-04 +2.6255241123919465e-04 +1.9401835433318420e-04 +7.8735364003507840e-04
144.00000000 +5.0000000000000000e+00 +1.9996377709872342e+00 +2.5610866691499409e-03 +9.9822725636575804e-01 +1.0000770640627039e+00 +9.9995178230619586e-01 +9.9988489513199486e-01 +9.9995755470380365e-01 +3.9515942182127302e-04 +3.2709366783057462e-04 +2.7790545468175796e-04 +1.5372606531289572e-04 +7.4756282017717098e-04
144.50000000 +5.0000000000000000e+00 +1.9996748073310526e+00 +2.4908595951133642e-03 +9.9840865851354621e-01 +1.0000854615390740e+00 +9.9994938140321421e-01 +9.9991191872882801e-01 +9.9995745514579437e-01 +3.2428173935615572e-04 +2.4839552210867872e-04 +2.9326249861366888e-04 +1.1342327747042790e-04 +7.0776163216316719e-04
145.00000000 +5.0000000000000000e+00 +1.9997118533265601e+00 +2.4206142198670267e-03 +9.9859010793482239e-01 +1.0000938612038304e+00 +9.9994697987455594e-01 +9.9993894936802352e-01 +9.9995735556184029e-01 +2.5338558613240478e-04 +1.6967686761160865e-04 +3.0862354459872159e-04 +7.3109986701783437e-05 +6.6795007194014649e-04
145.50000000 +5.0000000000000000e+00 +1.9997489089775311e+00 +2.3503505362560419e-03 +9.9877160464806869e-01 +1.0001022630578289e+00 +9.9994457771997669e-01 +9.9996598705233519e-01 +9.9995725595193108e-01 +1.8247095492884610e-04 +9.0937696321424349e-05 +3.2398859420152554e-04 +3.2786188900825809e-05 +6.2812813545307686e-04
146.00000000 +5.0000000000000000e+00 +1.9997859742877393e+00 +2.2800685371217903e-03 +9.9895314867177609e-01 +1.0001106671019253e+00 +9.9994217493923154e-01 +9.9999303178451682e-01 +9.9995715631605708e-01 +1.1153783852054113e-04 +1.2178000216005871e-05 +3.3935764898750570e-04 -7.5481200407222672e-06 +5.8829581864481163e-04
146.50000000 +5.0000000000000000e+00 +1.9998230492609621e+00 +2.2097682153019195e-03 +9.9913474002444513e-01 +1.0001190733369758e+00 +9.9993977153207536e-01 +1.0000200835673252e+00 +9.9995705665420698e-01 +4.0586229678784076e-05 -6.6602228730949556e-05 +3.5473071052290330e-04 -4.7892944233280101e-05 +5.4845311745608887e-04
147.00000000 +5.0000000000000000e+00 +1.9998601339009807e+00 +2.1394495636303450e-03 +9.9931637872458756e-01 +1.0001274817638381e+00 +9.9993736749826390e-01 +1.0000471424035173e+00 +9.9995695696637221e-01 -3.0383878828900369e-05 -1.4540299854993028e-04 +3.7010778037477646e-04 -8.8248287789410466e-05 +5.0860002782553008e-04
147.50000000 +5.0000000000000000e+00 +1.9998972282115739e+00 +2.0691125749372420e-03 +9.9949806479072234e-01 +1.0001358923833690e+00 +9.9993496283755146e-01 +1.0000742082958527e+00 +9.9995685725254146e-01 -1.0137249423875973e-04 -2.2422431727561287e-04 +3.8548886011100051e-04 -1.2861415482382109e-04 +4.6873654568963804e-04
148.00000000 +5.0000000000000000e+00 +1.9999343321965262e+00 +1.9987572420490478e-03 +9.9967979824137998e-01 +1.0001443051964263e+00 +9.9993255754969301e-01 +1.0001012812470913e+00 +9.9995675751270474e-01 -1.7237962379081562e-04 -3.0306619294686454e-04 +4.0087395130026853e-04 -1.6899054945336575e-04 +4.2886266698279632e-04
148.50000000 +5.0000000000000000e+00 +1.9999714458596227e+00 +1.9283835577884564e-03 +9.9986157909510009e-01 +1.0001527202038680e+00 +9.9993015163444310e-01 +1.0001283612599952e+00 +9.9995665774685227e-01 -2.4340527472886705e-04 -3.8192863360674663e-04 +4.1626305551209204e-04 -2.0937747579704614e-04 +3.8897838763726794e-04
149.00000000 +5.0000000000000000e+00 +1.9999584250818216e+00 +1.9523262143812063e-03 +9.9978322062578917e-01 +1.0001389019743607e+00 +9.9991928380118911e-01 +1.0001242349561466e+00 +9.9993312487471808e-01 -1.1054600044015966e-04 -3.7464016488843979e-04 +3.9382872629659701e-04 -1.6213891182230647e-04 +3.5473011803159555e-04
149.50000000 +5.0000000000000000e+00 +1.9999454020533241e+00 +1.9762730095630576e-03 +9.9970484861188680e-01 +1.0001250813563145e+00 +9.9990841408938447e-01 +1.0001201079390494e+00 +9.9990958793482798e-01 +2.2336239134060262e-05 -3.6735043632759700e-04 +3.7139051921274488e-04 -1.1489218246269103e-04 +3.2047592846817840e-04
150.00000000 +5.0000000000000000e+00 +1.9999323767735464e+00 +2.0002239444071612e-03 +9.9962646304988045e-01 +1.0001112583491092e+00 +9.9989754249854179e-01 +1.0001159802085180e+00 +9.9988604692612681e-01 +1.5524144994877702e-04 -3.6005944759753605e-04 +3.4894843325498979e-04 -6.7637285600884999e-05 +2.8621581741194904e-04
150.50000000 +5.0000000000000000e+00 +1.9999193492419052e+00 +2.0241790199870412e-03 +9.9954806393625684e-01 +1.0000974329521259e+00 +9.9988666902817391e-01 +1.0001118517643675e+00 +9.9986250184755932e-01 +2.8816963796103395e-04 -3.5276719837146230e-04 +3.2650246741743841e-04 -2.0374219118841556e-05 +2.5194978332730976e-04
151.00000000 +5.0000000000000000e+00 +1.9999063194578162e+00 +2.0481382373765899e-03 +9.9946965126750142e-01 +1.0000836051647448e+00 +9.9987579367779345e-01 +1.0001077226064128e+00 +9.9983895269807066e-01 +4.2112080912993404e-04 -3.4547368832246798e-04 +3.0405262069384948e-04 +2.6897019102218607e-05 +2.1767782467813172e-04
151.50000000 +5.0000000000000000e+00 +1.9998932874206949e+00 +2.0721015976500738e-03 +9.9939122504009836e-01 +1.0000697749863459e+00 +9.9986491644691267e-01 +1.0001035927344692e+00 +9.9981539947660414e-01 +5.5409496941664167e-04 -3.3817891712353208e-04 +2.8159889207763375e-04 +7.4176431181807506e-05 +1.8339993992775458e-04
152.00000000 +5.0000000000000000e+00 +1.9998802531299575e+00 +2.0960691018821294e-03 +9.9931278525053091e-01 +1.0000559424163089e+00 +9.9985403733504408e-01 +1.0000994621483514e+00 +9.9979184218210460e-01 +6.8709212478438252e-04 -3.3088288444752076e-04 +2.5914128056185392e-04 +1.2146401924017026e-04 +1.4911612753898683e-04
152.50000000 +5.0000000000000000e+00 +1.9998672165850193e+00 +2.1200407511477648e-03 +9.9923433189528033e-01 +1.0000421074540129e+00 +9.9984315634169929e-01 +1.0000953308478737e+00 +9.9976828081351410e-01 +8.2011228119844507e-04 -3.2358558996718669e-04 +2.3667978513922401e-04 +1.6875978539828532e-04 +1.1482638597410500e-04
153.00000000 +5.0000000000000000e+00 +1.9998541777852947e+00 +2.1440165465223602e-03 +9.9915586497082720e-01 +1.0000282700988377e+00 +9.9983227346639014e-01 +1.0000911988328507e+00 +9.9974471536977627e-01 +9.5315544462618083e-04 -3.1628703335516954e-04 +2.1421440480211021e-04 +2.1606373177786466e-04 +8.0530713694853978e-05
153.50000000 +5.0000000000000000e+00 +1.9998411367301996e+00 +2.1679964890816694e-03 +9.9907738447365158e-01 +1.0000144303501628e+00 +9.9982138870862902e-01 +1.0000870661030978e+00 +9.9972114584983418e-01 +1.0862216210370064e-03 -3.0898721428399597e-04 +1.9174513854252974e-04 +2.6337586050135462e-04 +4.6229109162446342e-05
154.00000000 +5.0000000000000000e+00 +1.9998362349554046e+00 +2.1376743403370632e-03 +9.9914856543621633e-01 +1.0000576644745847e+00 +9.9982493149707374e-01 +1.0000451211402535e+00 +9.9975532548648616e-01 +1.0180469501605549e-03 -2.5633156541111891e-04 +1.7976652694507128e-04 +2.2406442295099801e-04 +2.8456310823480761e-06
154.50000000 +5.0000000000000000e+00 +1.9998313324507124e+00 +2.1073476764798390e-03 +9.9921975699796617e-01 +1.0001009050367742e+00 +9.9982847481305659e-01 +1.0000031699316043e+00 +9.9978951021264928e-01 +9.4986212775034003e-04 -2.0366807586089838e-04 +1.6778613167519457e-04 +1.8474713174003059e-04 -4.0544307004624085e-05
155.00000000 +5.0000000000000000e+00 +1.9998264292159591e+00 +2.0770164965014377e-03 +9.9929095916126842e-01 +1.0001441520381689e+00 +9.9983201865669558e-01 +9.9996121247575487e-01 +9.9982370002946053e-01 +8.8166715153877571e-04 -1.5099674388193240e-04 +1.5580395233447396e-04 +1.4542398556089802e-04 -8.3940706541466324e-05
155.50000000 +5.0000000000000000e+00 +1.9998215252509823e+00 +2.0466807993930018e-03 +9.9936217192849164e-01 +1.0001874054802080e+00 +9.9983556302810817e-01 +9.9991924877130955e-01 +9.9985789493805655e-01 +8.1346201925760011e-04 -9.8317567722297654e-05 +1.4381998852436509e-04 +1.0609498310565647e-04 -1.2734356897160472e-04
156.00000000 +5.0000000000000000e+00 +1.9998166205556183e+00 +2.0163405841453728e-03 +9.9943339530200437e-01 +1.0002306653643291e+00 +9.9983910792741248e-01 +9.9987727881687227e-01 +9.9989209493957498e-01 +7.4524672863787505e-04 -4.5630545629548747e-05 +1.3183423984620491e-04 +6.6760123065972551e-05 -1.7075289573889509e-04
156.50000000 +5.0000000000000000e+00 +1.9998117151297046e+00 +1.9859958497490909e-03 +9.9950462928417694e-01 +1.0002739316919729e+00 +9.9984265335472666e-01 +9.9983530261104714e-01 +9.9992630003515404e-01 +6.7702127740998765e-04 +7.0643241492816424e-06 +1.1984670590121162e-04 +2.7419404133123121e-05 -2.1416868828762363e-04
157.00000000 +5.0000000000000000e+00 +1.9998068089730767e+00 +1.9556465951943956e-03 +9.9957587387737890e-01 +1.0003172044645781e+00 +9.9984619931016805e-01 +9.9979332015243672e-01 +9.9996051022593146e-01 +6.0878566330364761e-04 +5.9767043367683121e-05 +1.0785738629048458e-04 -1.1927175002004884e-05 -2.5759094806250668e-04
157.50000000 +5.0000000000000000e+00 +1.9998019020855731e+00 +1.9252928194712273e-03 +9.9964712908398223e-01 +1.0003604836835855e+00 +9.9984974579385555e-01 +9.9975133143964423e-01 +9.9999472551304669e-01 +5.4053988404788918e-04 +1.1247761377966782e-04 +9.5866280615004344e-05 -5.1279615648914615e-05 -3.0101967650869116e-04
158.00000000 +5.0000000000000000e+00 +1.9997969944670293e+00 +1.8949345215692232e-03 +9.9971839490635850e-01 +1.0004037693504357e+00 +9.9985329280590651e-01 +9.9970933647127191e-01 +1.0000289458976377e+00 +4.7228393737106964e-04 +1.6519603713977029e-04 +8.3873388475632550e-05 -9.0637919117499238e-05 -3.4445487507175438e-04
158.50000000 +5.0000000000000000e+00 +1.9997920861172820e+00 +1.8645717004777201e-03 +9.9978967134687979e-01 +1.0004470614665693e+00 +9.9985684034643929e-01 +9.9966733524592144e-01 +1.0000631713808441e+00 +4.0401782100086907e-04 +2.1792231520304808e-04 +7.1878709473111870e-05 -1.3000208671804241e-04 -3.8789654519770441e-04
159.00000000 +5.0000000000000000e+00 +1.9997956259479350e+00 +1.9474171120760450e-03 +9.9957631049839679e-01 +1.0004101803334158e+00 +9.9986850094250412e-01 +9.9970007709019570e-01 +1.0000915144554783e+00 +4.5115192321272096e-04 +2.2347440104374282e-04 +4.2564855050553874e-05 -2.6061542069367993e-05 -3.3771295688272913e-04
159.50000000 +5.0000000000000000e+00 +1.9997991672327888e+00 +2.0302965574443624e-03 +9.9936286199902424e-01 +1.0003732840491035e+00 +9.9988016632886545e-01 +9.9973283238516586e-01 +1.0001198691737470e+00 +4.9830538861153162e-04 +2.2902876773993498e-04 +1.3238958187023704e-05 +7.7921702452735060e-05 -2.8750875261969938e-04
160.00000000 +5.0000000000000000e+00 +1.9998027099727382e+00 +2.1132100575591280e-03 +9.9914932579473847e-01 +1.0003363726042940e+00 +9.9989183650847502e-01 +9.9976560113912161e-01 +1.0001482355428264e+00 +5.4547822913165480e-04 +2.3458541669741254e-04 -1.6098988539746138e-05 +1.8194767316601098e-04 -2.3728391970213118e-04
160.50000000 +5.0000000000000000e+00 +1.9998062541686807e+00 +2.1961576334140419e-03 +9.9893570183147307e-01 +1.0002994459896410e+00 +9.9990351148428813e-01 +9.9979838336035987e-01 +1.0001766135698993e+00 +5.9267045671725419e-04 +2.4014434932311909e-04 -4.5448992558123903e-05 +2.8601639640983616e-04 -1.8703844541309670e-04
161.00000000 +5.0000000000000000e+00 +1.9998097998215139e+00 +2.2791393060200599e-03 +9.9872199005511542e-01 +1.0002625041957911e+00 +9.9991519125926154e-01 +9.9983117905718444e-01 +1.0002050032621532e+00 +6.3988208332231263e-04 +2.4570556702515478e-04 -7.4811061302584888e-05 +3.9012789854524107e-04 -1.3677231702521298e-04
161.50000000 +5.0000000000000000e+00 +1.9998133469321371e+00 +2.3621550964054200e-03 +9.9850819041150973e-01 +1.0002255472133830e+00 +9.9992687583635553e-01 +9.9986398823790679e-01 +1.0002334046267829e+00 +6.8711312091064309e-04 +2.5126907121277784e-04 -1.0418520221371784e-04 +4.9428220595493309e-04 -8.6485521800631522e-05
162.00000000 +5.0000000000000000e+00 +1.9998168955014481e+00 +2.4452050256156504e-03 +9.9829430284645448e-01 +1.0001885750330473e+00 +9.9993856521853219e-01 +9.9989681091084359e-01 +1.0002618176709885e+00 +7.3436358145589789e-04 +2.5683486329640534e-04 -1.3357142273823098e-04 +5.9847934504331831e-04 -3.6178046991027211e-05
162.50000000 +5.0000000000000000e+00 +1.9998204455303481e+00 +2.5282891147135958e-03 +9.9808032730570506e-01 +1.0001515876454077e+00 +9.9995025940875604e-01 +9.9992964708431964e-01 +1.0002902424019759e+00 +7.8163347694158020e-04 +2.6240294468761482e-04 -1.6296973032895864e-04 +7.0271934223652436e-04 +1.4150120162412184e-05
163.00000000 +5.0000000000000000e+00 +1.9998239970197380e+00 +2.6114073847794293e-03 +9.9786626373497078e-01 +1.0001145850410798e+00 +9.9996195840999447e-01 +9.9996249676666604e-01 +1.0003186788269574e+00 +8.2892281936105237e-04 +2.6797331679914509e-04 -1.9238013244486716e-04 +8.0700222398242161e-04 +6.4498992428996843e-05
163.50000000 +5.0000000000000000e+00 +1.9998275499705176e+00 +2.6945598569106731e-03 +9.9765211207991722e-01 +1.0000775672106705e+00 +9.9997366222521622e-01 +9.9999535996622091e-01 +1.0003471269531496e+00 +8.7623162071754702e-04 +2.7354598104489765e-04 -2.2180263655106159e-04 +9.1132801675064675e-04 +1.1486858258854583e-04
164.00000000 +5.0000000000000000e+00 +1.9998415304624093e+00 +2.5682559403917113e-03 +9.9800967198577273e-01 +1.0000765750825500e+00 +9.9994043717476722e-01 +1.0000220331584306e+00 +1.0002840480322523e+00 +7.7875269236626281e-04 +2.6082950564090476e-04 -1.7427008273542661e-04 +7.1191207522077003e-04 +9.0010375461652817e-05
164.50000000 +5.0000000000000000e+00 +1.9998554971033184e+00 +2.4420771577674562e-03 +9.9836687764399423e-01 +1.0000755839373667e+00 +9.9990724504158701e-01 +1.0000486799245367e+00 +1.0002210316059417e+00 +6.8137033994304641e-04 +2.4812562891269419e-04 -1.2678462115373219e-04 +5.1269370233419432e-04 +6.5176796266806181e-05
165.00000000 +5.0000000000000000e+00 +1.9998694499138181e+00 +2.3160233231679147e-03 +9.9872372958076960e-01 +1.0000745937736608e+00 +9.9987408577678116e-01 +1.0000753003037912e+00 +1.0001580775813899e+00 +5.8408441999702014e-04 +2.3543433214658475e-04 -7.9346181856639511e-05 +3.1367260462860557e-04 +4.0367808422442062e-05
165.50000000 +5.0000000000000000e+00 +1.9998833889144416e+00 +2.1900942510910261e-03 +9.9908022832124610e-01 +1.0000736045899750e+00 +9.9984095933155215e-01 +1.0001018943353692e+00 +1.0000951858659530e+00 +4.8689478936126817e-04 +2.2275559666593966e-04 -3.1954695033275270e-05 +1.1484848922260101e-04 +1.5583375419410250e-05
166.00000000 +5.0000000000000000e+00 +1.9998973141256819e+00 +2.0642897564017511e-03 +9.9943637438953192e-01 +1.0000726163848559e+00 +9.9980786565719959e-01 +1.0001284620583679e+00 +1.0000323563671716e+00 +3.8980130515213604e-04 +2.1008940383107424e-04 +1.5389908989110627e-05 -8.3778936185745987e-05 -9.1765391792049151e-06
166.50000000 +5.0000000000000000e+00 +1.9999112255679901e+00 +1.9386096543311645e-03 +9.9979216830869766e-01 +1.0000716291568514e+00 +9.9977480470511793e-01 +1.0001550035118074e+00 +9.9996958899276744e-01 +2.9280382476852833e-04 +1.9743573503916477e-04 +6.2687699745486751e-05 -2.8220996332031973e-04 -3.3911971738263126e-05
167.00000000 +5.0000000000000000e+00 +1.9999251232617781e+00 +1.8130537604755513e-03 +1.0001476106007812e+00 +1.0000706429045125e+00 +9.9974177642679907e-01 +1.0001815187346299e+00 +9.9990688365064484e-01 +1.9590220589121252e-04 +1.8479457172415747e-04 +1.0993874663338034e-04 -4.8044488332838929e-04 -5.8622958550746097e-05
167.50000000 +5.0000000000000000e+00 +1.9999390072274170e+00 +1.6876218907955053e-03 +1.0005027017867882e+00 +1.0000696576263948e+00 +9.9970878077383052e-01 +1.0002080077657021e+00 +9.9984424024889107e-01 +9.9096306482121855e-05 +1.7216589535667780e-04 +1.5714311891321700e-04 -6.7848398678203327e-04 -8.3309535837935151e-05
168.00000000 +5.0000000000000000e+00 +1.9999528774852391e+00 +1.5623138616150298e-03 +1.0008574423866969e+00 +1.0000686733210551e+00 +9.9967581769789504e-01 +1.0002344706438133e+00 +9.9978165869577473e-01 +2.3859847836617276e-06 +1.5954968744393973e-04 +2.0430088570865860e-04 -8.7632756367955896e-04 -1.0797173974958807e-04
168.50000000 +5.0000000000000000e+00 +1.9999667340555325e+00 +1.4371294896206382e-03 +1.0012118329194573e+00 +1.0000676899870524e+00 +9.9964288715077032e-01 +1.0002609074076754e+00 +9.9971913889974395e-01 -9.4228900681982548e-05 +1.4694592952965536e-04 +2.5141211600694115e-04 -1.0739759034469173e-03 -1.3260960636411561e-04
169.00000000 +5.0000000000000000e+00 +1.9998557518594204e+00 +1.6741119545849912e-03 +1.0005919110522961e+00 +1.0000683716502572e+00 +9.9965053687062921e-01 +1.0001585093630341e+00 +9.9976700402076701e-01 +1.0333310688066143e-04 +3.0782199848496643e-04 +2.8946815398426027e-04 -8.2574027547545250e-04 -1.1121594106924241e-04
169.50000000 +5.0000000000000000e+00 +1.9997450313593157e+00 +1.9105356149210061e-03 +9.9997345096083434e-01 +1.0000690517061004e+00 +9.9965816855244938e-01 +1.0000563527729716e+00 +9.9981475627583993e-01 +3.0042926324952039e-04 +4.6831872168600578e-04 +3.2743445582789061e-04 -5.7808998708955446e-04 -8.9872722034963620e-05
170.00000000 +5.0000000000000000e+00 +1.9996345716306898e+00 +2.1464024447930287e-03 +9.9935644748086094e-01 +1.0000697301602601e+00 +9.9966578225995639e-01 +9.9995443678446905e-01 +9.9986239606369876e-01 +4.9706121419982707e-04 +6.2843743929859330e-04 +3.6531133856075333e-04 -3.3102297038126161e-04 -6.8579771042982522e-05
170.50000000 +5.0000000000000000e+00 +1.9995243717533622e+00 +2.3817144090771472e-03 +9.9874089547246059e-01 +1.0000704070183883e+00 +9.9967337805657563e-01 +9.9985276054852024e-01 +9.9990992378120458e-01 +6.9323059776359641e-04 +7.8817948518319458e-04 +4.0309911771420673e-04 -8.4537167171924084e-05 -4.7336910713502694e-05
171.00000000 +5.0000000000000000e+00 +1.9994144308114807e+00 +2.6164734634157561e-03 +9.9812678981987357e-01 +1.0000710822861107e+00 +9.9968095600543494e-01 +9.9975132322010951e-01 +9.9995733982335322e-01 +8.8893904427511249e-04 +9.4754618693196119e-04 +4.4079810733680796e-04 +1.6136947104494813e-04 -2.6143964500302488e-05
171.50000000 +5.0000000000000000e+00 +1.9993047478934878e+00 +2.8506815542717286e-03 +9.9751412543135187e-01 +1.0000717559690260e+00 +9.9968851616936505e-01 +9.9965012395818764e-01 +1.0000046445832860e+00 +1.0841881764160923e-03 +1.1065388659055081e-03 +4.7840862000301300e-04 +4.0669898316043543e-04 -5.0007566858440725e-06
172.00000000 +5.0000000000000000e+00 +1.9991953220921022e+00 +3.0843406189822176e-03 +9.9690289723901993e-01 +1.0000724280727062e+00 +9.9969605861090294e-01 +9.9954916192564802e-01 +1.0000518384523016e+00 +1.2789796092605335e-03 +1.2651588372694334e-03 +5.1593096682181570e-04 +6.5145339850655867e-04 +1.6092887623582946e-05
172.50000000 +5.0000000000000000e+00 +1.9990861525042907e+00 +3.3174525858120710e-03 +9.9629310019873452e-01 +1.0000730986026984e+00 +9.9970358339229259e-01 +9.9944843628930413e-01 +1.0000989218198664e+00 +1.4733149503192479e-03 +1.4234074100305818e-03 +5.5336545744532608e-04 +8.9563473691223509e-04 +3.7137142502683943e-05
173.00000000 +5.0000000000000000e+00 +1.9989772382312432e+00 +3.5500193740068756e-03 +9.9568472928994556e-01 +1.0000737675645230e+00 +9.9971109057548635e-01 +9.9934794621986678e-01 +1.0001458950736242e+00 +1.6671957995840791e-03 +1.5812858870730521e-03 +5.9071240007728810e-04 +1.1392450087588382e-03 +5.8132181211947654e-05
173.50000000 +5.0000000000000000e+00 +1.9988685783783500e+00 +3.7820428938456310e-03 +9.9507777951555842e-01 +1.0000744349636750e+00 +9.9971858022214721e-01 +9.9924769089192156e-01 +1.0001927585994084e+00 +1.8606237495718159e-03 +1.7387955651939559e-03 +6.2797210148153799e-04 +1.3822862150353733e-03 +7.9078176202401307e-05
174.00000000 +5.0000000000000000e+00 +1.9988993913177660e+00 +3.7166270872379774e-03 +9.9523367946853181e-01 +1.0000594112398238e+00 +9.9973713341699821e-01 +9.9929674789692846e-01 +1.0001685560604230e+00 +1.8803862338081386e-03 +1.5903891759795783e-03 +6.1573960352229412e-04 +1.3529801284545226e-03 +6.4976775721065964e-05
174.50000000 +5.0000000000000000e+00 +1.9989302542027088e+00 +3.6511052463804941e-03 +9.9538983212395471e-01 +1.0000443631636124e+00 +9.9975571668522456e-01 +9.9934588441976147e-01 +1.0001443142908881e+00 +1.9001807515895549e-03 +1.4417422308358858e-03 +6.0348727757633105e-04 +1.3236265388454711e-03 +5.0852517898376386e-05
175.00000000 +5.0000000000000000e+00 +1.9989611671547138e+00 +3.5854771132533898e-03 +9.9554623809674347e-01 +1.0000292906757826e+00 +9.9977433010000549e-01 +9.9939510065391568e-01 +1.0001200331953406e+00 +1.9200073808652986e-03 +1.2928541444030498e-03 +5.9121507539496466e-04 +1.2942253306161210e-03 +3.6705347114130355e-05
175.50000000 +5.0000000000000000e+00 +1.9989921302957114e+00 +3.5197424289990548e-03 +9.9570289800381206e-01 +1.0000141937168836e+00 +9.9979297373475806e-01 +9.9944439679351593e-01 +1.0000957126780092e+00 +1.9398661998377145e-03 +1.1437243294205096e-03 +5.7892294857284261e-04 +1.2647763877990340e-03 +2.2535207567520389e-05
176.00000000 +5.0000000000000000e+00 +1.9990231437480279e+00 +3.4539009339186548e-03 +9.9585981246407862e-01 +9.9999907222727236e-01 +9.9981164766313790e-01 +9.9949377303331688e-01 +1.0000713526428102e+00 +1.9597572869632851e-03 +9.9435219671925091e-04 +5.6661084854730669e-04 +1.2352795940499053e-03 +8.3420432764000238e-06
176.50000000 +5.0000000000000000e+00 +1.9990542076343878e+00 +3.3879523674687126e-03 +9.9601698209847400e-01 +9.9998392614711074e-01 +9.9983035195904058e-01 +9.9954322956870645e-01 +1.0000469529933476e+00 +1.9796807209536654e-03 +8.4473715521404737e-04 +5.5427872659775338e-04 +1.2057348326460326e-03 -5.8742019234534514e-06
177.00000000 +5.0000000000000000e+00 +1.9990853220779148e+00 +3.3218964682576674e-03 +9.9617440752995079e-01 +9.9996875541636587e-01 +9.9984908669660111e-01 +9.9959276659570895e-01 +1.0000225136329122e+00 +1.9996365807767205e-03 +6.9487861189566425e-04 +5.4192653384499173e-04 +1.1761419864847757e-03 -2.0113584379079753e-05
177.50000000 +5.0000000000000000e+00 +1.9991164872021336e+00 +3.2557329740424278e-03 +9.9633208938349083e-01 +9.9995355997481039e-01 +9.9986785195019756e-01 +9.9964238431098795e-01 +9.9999803446447877e-01 +2.0196249456575677e-03 +5.4477597182302293e-04 +5.2955422125059695e-04 +1.1465009380820096e-03 -3.4376160621080161e-05
178.00000000 +5.0000000000000000e+00 +1.9991477031309728e+00 +3.1894616217248957e-03 +9.9649002828611355e-01 +9.9993833976201940e-01 +9.9988664779444936e-01 +9.9969208291184697e-01 +9.9997351539070678e-01 +2.0396458950796273e-03 +3.9442863811532859e-04 +5.1716173961626226e-04 +1.1168115695705705e-03 -4.8661987364365493e-05
178.50000000 +5.0000000000000000e+00 +1.9991789699887630e+00 +3.1230821473484812e-03 +9.9664822486688409e-01 +9.9992309471737151e-01 +9.9990547430421950e-01 +9.9974186259623377e-01 +9.9994895631393754e-01 +2.0596995087856732e-03 +2.4383601194415756e-04 +5.0474903958314587e-04 +1.0870737626986920e-03 -6.2971121508907906e-05
179.00000000 +5.0000000000000000e+00 +1.9992102879002427e+00 +3.0565942860945987e-03 +9.9680667975692239e-01 +9.9990782478004681e-01 +9.9992433155461546e-01 +9.9979172356274282e-01 +9.9992435713619265e-01 +2.0797858667788945e-03 +9.2997492525507565e-05 +4.9231607163121574e-04 +1.0572873988284358e-03 -7.7303620140496397e-05
179.50000000 +5.0000000000000000e+00 +1.9992416569905580e+00 +2.9899977722791450e-03 +9.9696539358941072e-01 +9.9989252988902733e-01 +9.9994321962099120e-01 +9.9984166601061752e-01 +9.9989971775917530e-01 +2.0999050493239581e-03 -5.8087522888190884e-05 +4.7986278607859263e-04 +1.0274523589341156e-03 -9.1659540531495849e-05
180.00000000 +5.0000000000000000e+00 +1.9992730773852636e+00 +2.9232923393489600e-03 +9.9712436699960294e-01 +9.9987720998309515e-01 +9.9996213857894578e-01 +9.9989169013975288e-01 +9.9987503808426559e-01 +2.1200571369480777e-03 -2.0941963901610565e-04 +4.6738913308088590e-04 +9.9756852360070826e-04 -1.0603894014161001e-04
180.50000000 +5.0000000000000000e+00 +1.9993045492103254e+00 +2.8564777198782695e-03 +9.9728360062483168e-01 +9.9986186500083118e-01 +9.9998108850432621e-01 +9.9994179615069867e-01 +9.9985031801252156e-01 +2.1402422104420870e-03 -3.6099946255706717e-04 +4.5489506263053013e-04 +9.6763577302226361e-04 -1.2044187661864786e-04
181.00000000 +5.0000000000000000e+00 +1.9993360725921234e+00 +2.7895536455651137e-03 +9.9744309510451890e-01 +9.9984649488061694e-01 +1.0000000694732289e+00 +9.9999198424466118e-01 +9.9982555744467705e-01 +2.1604603508615233e-03 -5.1282760219767995e-04 +4.4238052455611646e-04 +9.3765398700030309e-04 -1.3486840779929440e-04
181.50000000 +5.0000000000000000e+00 +1.9993676476574496e+00 +2.7225198472277537e-03 +9.9760285108018243e-01 +9.9983109956063021e-01 +1.0000190815619987e+00 +1.0000422546235068e+00 +9.9980075628113996e-01 +2.1807116395277087e-03 -6.6490466862046728e-04 +4.2984546852172103e-04 +9.0762304494220868e-04 -1.4931859170988444e-04
182.00000000 +5.0000000000000000e+00 +1.9993992745335134e+00 +2.6553760548010640e-03 +9.9776286919544543e-01 +9.9981567897884660e-01 +1.0000381248472310e+00 +1.0000926074897647e+00 +9.9977591442199132e-01 +2.2009961580288402e-03 -8.1723127451206062e-04 +4.1728984402622982e-04 +8.7754282585960827e-04 -1.6379248656718070e-04
182.50000000 +5.0000000000000000e+00 +1.9994309533479426e+00 +2.5881219973329047e-03 +9.9792315009604571e-01 +9.9980023307303778e-01 +1.0000571994057734e+00 +1.0001430430466285e+00 +9.9975103176698488e-01 +2.2213139882210882e-03 -9.6980803457142608e-04 +4.0471360040266082e-04 +8.4741320836675006e-04 -1.7829015077915574e-04
183.00000000 +5.0000000000000000e+00 +1.9994626842287837e+00 +2.5207574029804769e-03 +9.9808369442984290e-01 +9.9978476178077103e-01 +1.0000763053147255e+00 +1.0001935614979602e+00 +9.9972610821554397e-01 +2.2416652122296972e-03 -1.1226355655181344e-03 +3.9211668681748236e-04 +8.1723407067886967e-04 -1.9281164294577749e-04
183.50000000 +5.0000000000000000e+00 +1.9994944673045041e+00 +2.4532819990066615e-03 +9.9824450284682786e-01 +9.9976926503940788e-01 +1.0000954426514415e+00 +1.0002441630482928e+00 +9.9970114366676122e-01 +2.2620499124500876e-03 -1.2757144861006691e-03 +3.7949905226992823e-04 +7.8700529061054975e-04 -2.0735702185979883e-04
184.00000000 +5.0000000000000000e+00 +1.9995263027039947e+00 +2.3856955117763355e-03 +9.9840557599913227e-01 +9.9975374278610418e-01 +1.0001146114935284e+00 +1.0002948479028313e+00 +9.9967613801939670e-01 +2.2824681715489740e-03 -1.4290454171047783e-03 +3.6686064559130919e-04 +7.5672674557406981e-04 -2.2192634650755101e-04
184.50000000 +5.0000000000000000e+00 +1.9995014668535036e+00 +2.4106803806630411e-03 +9.9832899060237268e-01 +9.9976489916153044e-01 +1.0000836196572656e+00 +1.0002992436472014e+00 +9.9965411024679895e-01 +2.1379406930331179e-03 -1.2787721182704688e-03 +4.0777475283831785e-04 +8.9484383360094238e-04 -2.9265047627921473e-04
185.00000000 +5.0000000000000000e+00 +1.9994766521097664e+00 +2.4356440161520778e-03 +9.9825247029173303e-01 +9.9977604605570813e-01 +1.0000526541594226e+00 +1.0003036356558466e+00 +9.9963210119450929e-01 +1.9935360412344813e-03 -1.1286265292403518e-03 +4.4865408922007099e-04 +1.0328435427827073e-03 -3.6331450112981180e-04
185.50000000 +5.0000000000000000e+00 +1.9994518584458889e+00 +2.4605864452997605e-03 +9.9817601498427910e-01 +9.9978718348071816e-01 +1.0000217149664394e+00 +1.0003080239335276e+00 +9.9961011083867468e-01 +1.8492540596430919e-03 -9.7860848728225898e-04 +4.8949869904278622e-04 +1.1707260226874758e-03 -4.3391849764707371e-04
186.00000000 +5.0000000000000000e+00 +1.9994270858350218e+00 +2.4855076951164567e-03 +9.9809962459721668e-01 +9.9979831144862175e-01 +9.9999080204481094e-01 +1.0003124084849964e+00 +9.9958813915548062e-01 +1.7050945920147700e-03 -8.2871782994038126e-04 +5.3030862653743701e-04 +1.3084914226293527e-03 -5.0446254228866613e-04
186.50000000 +5.0000000000000000e+00 +1.9994023342503611e+00 +2.5104077925666851e-03 +9.9802329904789200e-01 +9.9980942997145927e-01 +9.9995991536109019e-01 +1.0003167893149969e+00 +9.9956618612115478e-01 +1.5610574823705660e-03 -6.7895439503468623e-04 +5.7108391585991396e-04 +1.4461398916689769e-03 -5.7494671138246542e-04
187.00000000 +5.0000000000000000e+00 +1.9993776036651483e+00 +2.5352867645692064e-03 +9.9794703825379172e-01 +9.9982053906125012e-01 +9.9992905488188577e-01 +1.0003211664282650e+00 +9.9954425171196382e-01 +1.4171425749961973e-03 -5.2931802066032976e-04 +6.1182461109118218e-04 +1.5836715786140584e-03 -6.4537108112683263e-04
187.50000000 +5.0000000000000000e+00 +1.9993528940526708e+00 +2.5601446379971277e-03 +9.9787084213254273e-01 +9.9983163872999437e-01 +9.9989822057386446e-01 +1.0003255398295292e+00 +9.9952233590421546e-01 +1.2733497144414891e-03 -3.7980854518707493e-04 +6.5253075623744258e-04 +1.7210866320199159e-03 -7.1573572759088999e-04
188.00000000 +5.0000000000000000e+00 +1.9993282053862613e+00 +2.5849814396779938e-03 +9.9779471060191094e-01 +9.9984272898967086e-01 +9.9986741240374799e-01 +1.0003299095235083e+00 +9.9950043867425709e-01 +1.1296787455198128e-03 -2.3042580725870813e-04 +6.9320239523028748e-04 +1.8583852001900099e-03 -7.8604072671479327e-04
188.50000000 +5.0000000000000000e+00 +1.9993035376392976e+00 +2.6097971963938895e-03 +9.9771864357980256e-01 +9.9985380985223882e-01 +9.9983663033831593e-01 +1.0003342755149156e+00 +9.9947855999847701e-01 +9.8612951330752873e-04 -8.1169645792460830e-05 +7.3383957192686136e-04 +1.9955674311764779e-03 -8.5628615431000612e-04
189.00000000 +5.0000000000000000e+00 +1.9992788907852015e+00 +2.6345919348815272e-03 +9.9764264098426192e-01 +9.9986488132963636e-01 +9.9980587434440271e-01 +1.0003386378084540e+00 +9.9945669985330221e-01 +8.4270186314342810e-04 +6.7960100021571002e-05 +7.7444233011001601e-04 +2.1326334727806628e-03 -9.2647208605957084e-04
189.50000000 +5.0000000000000000e+00 +1.9992542647974425e+00 +2.6593656818323522e-03 +9.9756670273347292e-01 +9.9987594343378261e-01 +9.9977514438890058e-01 +1.0003429964088206e+00 +9.9943485821520106e-01 +6.9939564062817964e-04 +2.1696359072100496e-04 +8.1501071348847026e-04 +2.2695834725536524e-03 -9.9659859751838266e-04
190.00000000 +5.0000000000000000e+00 +1.9992296596495311e+00 +2.6841184638926319e-03 +9.9749082874575667e-01 +9.9988699617657473e-01 +9.9974444043875565e-01 +1.0003473513207020e+00 +9.9941303506068024e-01 +5.5621069162377281e-04 +3.6584098657174529e-04 +8.5554476569696424e-04 +2.4064175777967949e-03 -1.0666657641134577e-03
190.50000000 +5.0000000000000000e+00 +1.9992050753150270e+00 +2.7088503076635557e-03 +9.9741501893957418e-01 +9.9989803956989209e-01 +9.9971376246097221e-01 +1.0003517025487800e+00 +9.9939123036628785e-01 +4.1314686225296768e-04 +5.1459244756856220e-04 +8.9604453029641857e-04 +2.5431359355622433e-03 -1.1366736611442077e-03
191.00000000 +5.0000000000000000e+00 +1.9991805117675301e+00 +2.7335612397013254e-03 +9.9733927323352312e-01 +9.9990907362559167e-01 +9.9968311042260838e-01 +1.0003560500977251e+00 +9.9936944410860984e-01 +2.7020399889874226e-04 +6.6321813343565936e-04 +9.3651005077408740e-04 +2.6797386926534668e-03 -1.2066223637827043e-03
191.50000000 +5.0000000000000000e+00 +1.9991559689806890e+00 +2.7582512865172572e-03 +9.9726359154633915e-01 +9.9992009835551232e-01 +9.9965248429078002e-01 +1.0003603939722030e+00 +9.9934767626427357e-01 +1.2738194820374301e-04 +8.1171820362725179e-04 +9.7694137054371707e-04 +2.8162259956257905e-03 -1.2765119470739543e-03
192.00000000 +5.0000000000000000e+00 +1.9991314469281942e+00 +2.7829204745778682e-03 +9.9718797379689494e-01 +9.9993111377147104e-01 +9.9962188403265606e-01 +1.0003647341768689e+00 +9.9932592680994414e-01 -1.5319442930262814e-05 +9.6009281732812961e-04 +1.0173385329456991e-03 +2.9525979907869056e-03 -1.3463424859361613e-03
192.50000000 +5.0000000000000000e+00 +1.9991069455837820e+00 +2.8075688303049796e-03 +9.9711241990420107e-01 +9.9994211988526638e-01 +9.9959130961546316e-01 +1.0003690707163726e+00 +9.9930419572232720e-01 -1.5790032734293619e-04 +1.1083421334542329e-03 +1.0577015812472262e-03 +3.0888548241974037e-03 -1.4161140551610001e-03
193.00000000 +5.0000000000000000e+00 +1.9990824649212318e+00 +2.8321963800758028e-03 +9.9703692978740388e-01 +9.9995311670867659e-01 +9.9956076100648217e-01 +1.0003734035953538e+00 +9.9928248297816780e-01 -3.0036085761590934e-04 +1.2564663106532142e-03 +1.0980305586424464e-03 +3.2249966416712929e-03 -1.4858267294138782e-03
193.50000000 +5.0000000000000000e+00 +1.9990580049143682e+00 +2.8568031502230391e-03 +9.9696150336578648e-01 +9.9996410425345961e-01 +9.9953023817304942e-01 +1.0003777328184458e+00 +9.9926078855424949e-01 -4.4270118607333278e-04 +1.4044655073050080e-03 +1.1383255082526168e-03 +3.3610235887765170e-03 -1.5554805832342061e-03
194.00000000 +5.0000000000000000e+00 +1.9990335655370604e+00 +2.8813891670349729e-03 +9.9688614055876823e-01 +9.9997508253135381e-01 +9.9949974108255646e-01 +1.0003820583902736e+00 +9.9923911242739527e-01 -5.8492146478241532e-04 +1.5523398815223922e-03 +1.1785864731262581e-03 +3.4969358108354769e-03 -1.6250756910356598e-03
194.50000000 +5.0000000000000000e+00 +1.9990091467632198e+00 +2.9059544567555618e-03 +9.9681084128590425e-01 +9.9998605155407794e-01 +9.9946926970244909e-01 +1.0003863803154547e+00 +9.9921745457446742e-01 -7.2702184555396843e-04 +1.7000895911515545e-03 +1.2188134962393073e-03 +3.6327334529255473e-03 -1.6946121271064485e-03
195.00000000 +5.0000000000000000e+00 +1.9990033333320929e+00 +2.9917215454065005e-03 +9.9658681770092639e-01 +9.9985744683129918e-01 +9.9952684468738184e-01 +1.0003722899097724e+00 +9.9910633934248061e-01 -3.6854658288964202e-04 +1.5953378264925724e-03 +1.3477254871272842e-03 +3.4103559697058645e-03 -1.4346111723016861e-03
195.50000000 +5.0000000000000000e+00 +1.9989975181359692e+00 +3.0775146735139126e-03 +9.9636272610090304e-01 +9.9972880306327427e-01 +9.9958443715246115e-01 +1.0003581952261493e+00 +9.9899519037517304e-01 -9.9624847600318803e-06 +1.4905542585036719e-03 +1.4766766165499666e-03 +3.1879109712086278e-03 -1.1745312794840740e-03
196.00000000 +5.0000000000000000e+00 +1.9989917011740461e+00 +3.1633338529382291e-03 +9.9613856645485621e-01 +9.9960012023221956e-01 +9.9964204710565008e-01 +1.0003440962626382e+00 +9.9888400765717944e-01 +3.4873049840713973e-04 +1.3857388726991025e-03 +1.6056669023341394e-03 +2.9653984266820427e-03 -9.1437241269899964e-04
196.50000000 +5.0000000000000000e+00 +1.9989858824455178e+00 +3.2491790955470777e-03 +9.9591433873178603e-01 +9.9947139832033882e-01 +9.9969967455491382e-01 +1.0003299930172875e+00 +9.9877279117312356e-01 +7.0753241621426116e-04 +1.2808916545843127e-03 +1.7346963623174130e-03 +2.7428183053556298e-03 -6.5413453597000916e-04
197.00000000 +5.0000000000000000e+00 +1.9989800619495810e+00 +3.3350504132153031e-03 +9.9569004290067642e-01 +9.9934263730982720e-01 +9.9975731950822477e-01 +1.0003158854881475e+00 +9.9866154090762238e-01 +1.0664433182938533e-03 +1.1760125896559486e-03 +1.8637650143482369e-03 +2.5201705764402249e-03 -3.9381761329879540e-04
197.50000000 +5.0000000000000000e+00 +1.9989742396854284e+00 +3.4209478178249589e-03 +9.9546567893049109e-01 +9.9921383718286705e-01 +9.9981498197355889e-01 +1.0003017736732656e+00 +9.9855025684528076e-01 +1.4254632543085927e-03 +1.0711016634018411e-03 +1.9928728762859020e-03 +2.2974552091279510e-03 -1.3342160866517864e-04
198.00000000 +5.0000000000000000e+00 +1.9989684156522556e+00 +3.5068713212653229e-03 +9.9524124679017523e-01 +9.9908499792163152e-01 +9.9987266195889779e-01 +1.0002876575706887e+00 +9.9843893897069680e-01 +1.7845922739513354e-03 +9.6615886130100507e-04 +2.1220199660005544e-03 +2.0746721725922127e-03 +1.2705351397290991e-04
198.50000000 +5.0000000000000000e+00 +1.9989625898492551e+00 +3.5928209354328974e-03 +9.9501674644865523e-01 +9.9895611950828145e-01 +9.9993035947222686e-01 +1.0002735371784626e+00 +9.9832758726845705e-01 +2.1438304269451383e-03 +8.6118416882362877e-04 +2.2512063013731994e-03 +1.8518214359876772e-03 +3.8760779067944319e-04
199.00000000 +5.0000000000000000e+00 +1.9989567622756212e+00 +3.6787966722314166e-03 +9.9479217787483887e-01 +9.9882720192496888e-01 +9.9998807452153793e-01 +1.0002594124946314e+00 +9.9821620172314063e-01 +2.5031777630432840e-03 +7.5617757143106893e-04 +2.3804319002957127e-03 +1.6289029684502649e-03 +6.4824125754031679e-04
199.50000000 +5.0000000000000000e+00 +1.9989509329305462e+00 +3.7647985435718513e-03 +9.9456754103761436e-01 +9.9869824515383243e-01 +1.0000458071148264e+00 +1.0002452835172384e+00 +9.9810478231931588e-01 +2.8626343320293005e-03 +6.5113905457584288e-04 +2.5096967806708470e-03 +1.4059167390971302e-03 +9.0895395066336411e-04
200.00000000 +5.0000000000000000e+00 +1.9989451018132220e+00 +3.8508265613724146e-03 +9.9434283590585149e-01 +9.9856924917700207e-01 +1.0001035572600927e+00 +1.0002311502443257e+00 +9.9799332904154192e-01 +3.2222001837169897e-03 +5.4606860370162269e-04 +2.6390009604122396e-03 +1.1828627170266499e-03 +1.1697459061783746e-03
