#PATCH_CHECK: SepMBpoisson v0.61 exact-bernoulli stratified-backward active
#discretizing the bath:
#     0 0.0000000000000000e+00 -6.3189999999999946e-01
#     1 2.0711242250419349e-03 -2.3212845324744524e-01
#     2 2.0711242250419349e-03 -2.1713980069725378e-01
#     3 2.0711242250419349e-03 -2.0163544983493140e-01
#     4 2.0711242250419349e-03 -1.8563201577329844e-01
#     5 2.0711242250419349e-03 -1.6914460373938003e-01
#     6 2.0711242250419349e-03 -1.5218702484115806e-01
#     7 2.0711242250419349e-03 -1.3477197097639926e-01
#     8 2.0711242250419349e-03 -1.1691115832563259e-01
#     9 2.0711242250419349e-03 -9.8615446333449652e-02
#sampling: jump_strength=5.1778105626048383e-03 jump_probability=5.1511389409867525e-03 log_scale=5.1644517944321846e-03 back_replicas=12 stratify_forward=1
#adaptive measurement: gap=1.6487412033918403e-02 period_steps=763 nmeas=134 nwf=400 tmax=2.0000000000000000e+02 forced_stride=0
  0.00000000 +5.0000000000000000e+00 +1.9999999999999998e+00 +1.8374661879283106e-03 +1.0000000000000000e+00 +1.0000000000000000e+00 +1.0000000000000000e+00 +1.0000000000000000e+00 +1.0000000000000000e+00 +0.0000000000000000e+00 +0.0000000000000000e+00 +0.0000000000000000e+00 +0.0000000000000000e+00 +0.0000000000000000e+00
  0.50000000 +5.0000000000000000e+00 +2.0000000000080926e+00 +1.8395977313159745e-03 +9.9999458854112000e-01 +1.0000000000131601e+00 +1.0000000000131601e+00 +1.0000000000131601e+00 +1.0000000000131601e+00 +1.0659512121991117e-06 +1.0623078242667895e-06 +1.1237249351259177e-06 +1.0789633119574011e-06 +1.0805247639283956e-06
  1.00000000 +5.0000000000000000e+00 +2.0000000032194363e+00 +1.8455878344962970e-03 +9.9997937252639579e-01 +1.0000000000175842e+00 +1.0000000000132496e+00 +1.0000000000121660e+00 +1.0000000000192097e+00 +4.0770863462759063e-06 +4.0514171193038780e-06 +4.2218431185257151e-06 +4.1460182063597349e-06 +4.1311507816344052e-06
  1.50000000 +5.0000000000000000e+00 +1.9999999966638196e+00 +1.8542547066476248e-03 +9.9995732992256137e-01 +9.9999999994267474e-01 +9.9999999995152500e-01 +9.9999999994244126e-01 +9.9999999996288458e-01 +8.4446550449543569e-06 +8.3448516895248596e-06 +8.7287428400834128e-06 +8.6069630316509950e-06 +8.5450593397850663e-06
  2.00000000 +5.0000000000000000e+00 +2.0000000111918457e+00 +1.8638038902506872e-03 +9.9993298956391585e-01 +9.9999999979086052e-01 +9.9999999982006504e-01 +9.9999999981775789e-01 +9.9999999983817167e-01 +1.3567887952534396e-05 +1.3206995509776270e-05 +1.3611545220793884e-05 +1.3431120578780504e-05 +1.3193659074862415e-05
  2.50000000 +5.0000000000000000e+00 +1.9999999939055655e+00 +1.8724434424028083e-03 +9.9991088200507916e-01 +9.9999999949462892e-01 +9.9999999950522289e-01 +9.9999999953284413e-01 +9.9999999959815089e-01 +1.8346048813678597e-05 +1.7728706961322955e-05 +1.8021930504285181e-05 +1.7671241234517748e-05 +1.7351920691294749e-05
  3.00000000 +5.0000000000000000e+00 +1.9999999957986603e+00 +1.8784286334776186e-03 +9.9989543356852839e-01 +9.9999999899594016e-01 +9.9999999900923831e-01 +9.9999999914688742e-01 +9.9999999912589022e-01 +2.1955935370261588e-05 +2.1185037164755809e-05 +2.1020144493953215e-05 +2.0453873583021692e-05 +1.9955282609986582e-05
  3.50000000 +5.0000000000000000e+00 +2.0000000315435655e+00 +1.8805998859098138e-03 +9.9988961534507304e-01 +9.9999999828494801e-01 +9.9999999829520558e-01 +9.9999999855510957e-01 +9.9999999842930920e-01 +2.3694162888111816e-05 +2.2686462110653745e-05 +2.2233378983466051e-05 +2.1335502636580735e-05 +2.0441662869416410e-05
  4.00000000 +5.0000000000000000e+00 +2.0000000355548160e+00 +1.8787815287530515e-03 +9.9989392613726313e-01 +9.9999999741507339e-01 +9.9999999737674272e-01 +9.9999999773589254e-01 +9.9999999762535674e-01 +2.3372989492528515e-05 +2.2213241216917923e-05 +2.1245154956519320e-05 +2.0149552783232877e-05 +1.9102775737089546e-05
  4.50000000 +5.0000000000000000e+00 +2.0000000551128299e+00 +1.8730108555817492e-03 +9.9990833637776300e-01 +9.9999999648717186e-01 +9.9999999636350489e-01 +9.9999999663678141e-01 +9.9999999665374217e-01 +2.1068589041941894e-05 +1.9846922314960563e-05 +1.8155371940691362e-05 +1.6867270661530091e-05 +1.5739284852474165e-05
  5.00000000 +5.0000000000000000e+00 +2.0000000358222354e+00 +1.8647832553301557e-03 +9.9992911674899598e-01 +9.9999999547277685e-01 +9.9999999535717510e-01 +9.9999999563366326e-01 +9.9999999570546960e-01 +1.6967582701156578e-05 +1.5970914493749340e-05 +1.4195383768184634e-05 +1.2585977104601157e-05 +1.1181283816127240e-05
  5.50000000 +5.0000000000000000e+00 +2.0000000293016660e+00 +1.8554374848740631e-03 +9.9995292419640014e-01 +9.9999999476554358e-01 +9.9999999441353760e-01 +9.9999999500388714e-01 +9.9999999482178847e-01 +1.2368228411760244e-05 +1.1070584241013579e-05 +9.3897153182009018e-06 +7.8763349712871656e-06 +6.3918989893854866e-06
  6.00000000 +5.0000000000000000e+00 +2.0000000243031910e+00 +1.8468957252451418e-03 +9.9997489918889337e-01 +9.9999999372010384e-01 +9.9999999416274732e-01 +9.9999999405456008e-01 +9.9999999400397321e-01 +7.2018745834122300e-06 +6.4527808253116299e-06 +4.9944618574219810e-06 +3.7086261412354703e-06 +2.7671645139273794e-06
  6.50000000 +5.0000000000000000e+00 +2.0000001490715369e+00 +1.8407876210467752e-03 +9.9999087503919915e-01 +9.9999999264056516e-01 +9.9999999352496238e-01 +9.9999999402743900e-01 +9.9999999414172802e-01 +3.1477162861573571e-06 +2.9556507356040798e-06 +1.7469362273248123e-06 +9.6203015990863711e-07 +3.3829455211626876e-07
  7.00000000 +5.0000000000000000e+00 +2.0000001961623317e+00 +1.8385859243043793e-03 +9.9999705393633564e-01 +9.9999999225969283e-01 +9.9999999284274965e-01 +9.9999999390065164e-01 +9.9999999360737490e-01 +9.6132602196779005e-07 +3.6176204067647828e-07 +2.6888203349186316e-07 +9.4165155239755251e-07 +4.3983637105734230e-07
  7.50000000 +5.0000000000000000e+00 +2.0000000882496516e+00 +1.8401669972445481e-03 +9.9999361840448331e-01 +9.9999999235487713e-01 +9.9999999336077827e-01 +9.9999999358898717e-01 +9.9999999400548811e-01 +3.2177539084793305e-07 +1.1022139402832272e-06 +9.0722025616773113e-07 +2.0106258671843743e-06 +2.0664296622686480e-06
  8.00000000 +5.0000000000000000e+00 +2.0000001354976700e+00 +1.8457677498676247e-03 +9.9997989732747072e-01 +9.9999999194584210e-01 +9.9999999317825405e-01 +9.9999999365855852e-01 +9.9999999320927557e-01 +2.5844526089786433e-06 +2.5599715930326805e-06 +4.2139959426197712e-06 +4.7524521747484783e-06 +6.0197896765469154e-06
  8.50000000 +5.0000000000000000e+00 +2.0000001036886745e+00 +1.8533604496380454e-03 +9.9996084456336554e-01 +9.9999999211241686e-01 +9.9999999347215618e-01 +9.9999999417755936e-01 +9.9999999397143780e-01 +4.8848915644147454e-06 +6.2271484893539523e-06 +8.6599884836483088e-06 +9.4034542893008656e-06 +1.0006223868275677e-05
  9.00000000 +5.0000000000000000e+00 +2.0000001405734982e+00 +1.8623504526305724e-03 +9.9993798743388396e-01 +9.9999999239998072e-01 +9.9999999293249897e-01 +9.9999999335308420e-01 +9.9999999508688286e-01 +9.6997080118415171e-06 +1.0738158867031165e-05 +1.3339078538918906e-05 +1.3202487044714409e-05 +1.5059249529400377e-05
  9.50000000 +5.0000000000000000e+00 +2.0000002101420993e+00 +1.8708809092129607e-03 +9.9991594920664706e-01 +9.9999999183566290e-01 +9.9999999141565543e-01 +9.9999998956867253e-01 +9.9999999270385331e-01 +1.5598870453744950e-05 +1.5664443112021936e-05 +1.7120000850393336e-05 +1.7162565566776747e-05 +1.8539368239660095e-05
 10.00000000 +5.0000000000000000e+00 +2.0000005885385073e+00 +1.8761259025749310e-03 +9.9990200725895484e-01 +9.9999998974743065e-01 +9.9999999097363346e-01 +9.9999999046763177e-01 +9.9999999256958627e-01 +1.8624189868407031e-05 +1.9127553525228310e-05 +2.0959170404039526e-05 +1.9633979642255676e-05 +1.9684053993784680e-05
 10.50000000 +5.0000000000000000e+00 +2.0000006088773152e+00 +1.8799048505877844e-03 +9.9989157602846457e-01 +9.9999998828692849e-01 +9.9999998944051405e-01 +9.9999998827318393e-01 +9.9999998776016696e-01 +2.1935105996366367e-05 +2.1548557293571931e-05 +2.2808693194171039e-05 +2.1533428597347502e-05 +2.0644461849713534e-05
 11.00000000 +5.0000000000000000e+00 +2.0000007401869451e+00 +1.8776526913929360e-03 +9.9989644584985304e-01 +9.9999998628896836e-01 +9.9999998946146929e-01 +9.9999998714233196e-01 +9.9999998706136450e-01 +2.3579828220494691e-05 +2.1892481666418444e-05 +2.1509958814457355e-05 +1.9141174408272728e-05 +1.7480736651899621e-05
 11.50000000 +5.0000000000000000e+00 +2.0000009906494856e+00 +1.8721627853576235e-03 +9.9990968997193064e-01 +9.9999998408450141e-01 +9.9999998600750895e-01 +9.9999998442934313e-01 +9.9999998437472692e-01 +2.1966975464939159e-05 +2.0928632538642003e-05 +1.7971302851674485e-05 +1.5457614888336274e-05 +1.4046638373880906e-05
 12.00000000 +5.0000000000000000e+00 +2.0000007482849944e+00 +1.8650743325332175e-03 +9.9992730464321389e-01 +9.9999997958908748e-01 +9.9999998371020249e-01 +9.9999998073175766e-01 +9.9999998365844645e-01 +1.9401237268281231e-05 +1.6744762736773614e-05 +1.4316739975142594e-05 +1.1924383334806329e-05 +1.0380544241676257e-05
 12.50000000 +5.0000000000000000e+00 +2.0000008496224444e+00 +1.8570844005065734e-03 +9.9994756697457421e-01 +9.9999997752072156e-01 +9.9999998012483371e-01 +9.9999997820310693e-01 +9.9999998147752556e-01 +1.5600975105512147e-05 +1.3463916998859790e-05 +1.0159213593070850e-05 +7.1782311486729389e-06 +6.1133587999733187e-06
 13.00000000 +5.0000000000000000e+00 +2.0000003166502331e+00 +1.8491005515506871e-03 +9.9996823683151148e-01 +9.9999997722816836e-01 +9.9999997588227152e-01 +9.9999997809396568e-01 +9.9999998012615154e-01 +1.0836542052056921e-05 +8.5728714164573294e-06 +6.7333338416122259e-06 +3.2047340295414422e-06 +2.5043399568831436e-06
 13.50000000 +5.0000000000000000e+00 +2.0000000478843738e+00 +1.8439902776661882e-03 +9.9998209536994376e-01 +9.9999997234139215e-01 +9.9999998096796816e-01 +9.9999997676252905e-01 +9.9999998190683703e-01 +6.3591365297624072e-06 +5.2288132115909202e-06 +3.0985043138839690e-06 +2.4026589547977821e-06 +9.0354372685496628e-07
 14.00000000 +5.0000000000000000e+00 +2.0000001846789282e+00 +1.8422752453778508e-03 +9.9998741729325347e-01 +9.9999997620281034e-01 +9.9999998101022225e-01 +9.9999997316852762e-01 +9.9999998274439217e-01 +4.3077937733069349e-06 +2.0566505461396411e-06 +2.4586471869431902e-06 +2.1750423746532129e-06 +1.6713796241533998e-06
 14.50000000 +5.0000000000000000e+00 +2.0000003994357121e+00 +1.8434395772387877e-03 +9.9998554153532604e-01 +9.9999996898628796e-01 +9.9999997724715350e-01 +9.9999997075460600e-01 +9.9999997346115299e-01 +2.1746025090884485e-06 +2.6194338182798808e-06 +1.7915889681894956e-06 +3.4617031217771290e-06 +4.5207217317692058e-06
 15.00000000 +5.0000000000000000e+00 +2.0000001041418312e+00 +1.8467266504058827e-03 +9.9997798808143867e-01 +9.9999997482347613e-01 +9.9999997991066758e-01 +9.9999997693270604e-01 +9.9999997433305676e-01 +1.5131135785261554e-06 +2.9396473509210346e-06 +5.0540511131632500e-06 +5.0697916848541438e-06 +7.5293307062569918e-06
 15.50000000 +5.0000000000000000e+00 +2.0000004019277360e+00 +1.8524836502763094e-03 +9.9996387946895482e-01 +9.9999997789277262e-01 +9.9999996822948511e-01 +9.9999998161339787e-01 +9.9999997977399135e-01 +5.0223048757948483e-06 +4.0593966334317467e-06 +6.4688051536475128e-06 +9.9610465412281671e-06 +1.0701414656888110e-05
 16.00000000 +5.0000000000000000e+00 +2.0000002275024746e+00 +1.8614005127806502e-03 +9.9994121485672305e-01 +9.9999997516955552e-01 +9.9999996852151252e-01 +9.9999998503403298e-01 +9.9999998387338196e-01 +6.1888685797428824e-06 +1.0078629014462864e-05 +1.2317032942101848e-05 +1.3773292540373727e-05 +1.6514719223011630e-05
 16.50000000 +5.0000000000000000e+00 +1.9999998457324992e+00 +1.8682884402208102e-03 +9.9992332814377549e-01 +9.9999997101476601e-01 +9.9999998136614454e-01 +9.9999998362730080e-01 +9.9999997456666090e-01 +1.1936950584809024e-05 +1.3799991473908895e-05 +1.5722949876647820e-05 +1.7641547812569612e-05 +1.7659893008480959e-05
 17.00000000 +5.0000000000000000e+00 +1.9999995641110955e+00 +1.8741496672720227e-03 +9.9990759873268653e-01 +9.9999997731631873e-01 +9.9999997348444492e-01 +9.9999998288252390e-01 +9.9999997724950074e-01 +1.5793787824940955e-05 +1.8172981783555175e-05 +1.9469616075580992e-05 +1.9787270003469773e-05 +1.9266767047569963e-05
 17.50000000 +5.0000000000000000e+00 +1.9999992542131428e+00 +1.8755516540407636e-03 +9.9990297866857125e-01 +9.9999997161574261e-01 +9.9999998134443280e-01 +9.9999998183421313e-01 +9.9999997261634921e-01 +1.8035998706559021e-05 +1.9956130538709535e-05 +2.0639363124355990e-05 +1.9273242751870658e-05 +1.9209085774528754e-05
 18.00000000 +5.0000000000000000e+00 +1.9999996190720035e+00 +1.8726782241225669e-03 +9.9990914822555066e-01 +9.9999997872555946e-01 +9.9999996209779551e-01 +9.9999996955830928e-01 +9.9999997042350985e-01 +1.9483918938061651e-05 +2.0491992647776918e-05 +2.1491780846248024e-05 +1.4982705691551203e-05 +1.4520556177337075e-05
 18.50000000 +5.0000000000000000e+00 +1.9999990704416943e+00 +1.8714161379741908e-03 +9.9991146363334726e-01 +9.9999996843658123e-01 +9.9999996543239900e-01 +9.9999996777450784e-01 +9.9999996399515934e-01 +2.1759451025581428e-05 +2.1818757940099697e-05 +2.0003265870090200e-05 +1.4466686540216841e-05 +1.0622553075800843e-05
 19.00000000 +5.0000000000000000e+00 +1.9999989710244424e+00 +1.8673560247878538e-03 +9.9992103504851937e-01 +9.9999997196274826e-01 +9.9999995405183684e-01 +9.9999996924903856e-01 +9.9999996472660013e-01 +2.2351178402524036e-05 +2.0598959774012387e-05 +1.5136586258768648e-05 +1.2222883973999354e-05 +8.7954035666355162e-06
 19.50000000 +5.0000000000000000e+00 +1.9999991298854465e+00 +1.8581654207572625e-03 +9.9994446672153214e-01 +9.9999996020770154e-01 +9.9999996843747241e-01 +9.9999996006915726e-01 +9.9999995523890151e-01 +1.7502079684974293e-05 +1.4283983313882068e-05 +1.1813529887242693e-05 +7.8481531292269940e-06 +4.2415352137581924e-06
 20.00000000 +5.0000000000000000e+00 +1.9999992944239526e+00 +1.8514215890094883e-03 +9.9996193616395590e-01 +9.9999995325472257e-01 +9.9999994650360657e-01 +9.9999995454989787e-01 +9.9999995060316971e-01 +1.3886855299693241e-05 +1.0549174301473342e-05 +6.7434075503073130e-06 +5.0330847729319721e-06 +2.0463364508314722e-06
 20.50000000 +5.0000000000000000e+00 +1.9999992914972278e+00 +1.8475507586705876e-03 +9.9997259079954914e-01 +9.9999995016543142e-01 +9.9999995670560426e-01 +9.9999995521696361e-01 +9.9999993506477314e-01 +9.7275941483545343e-06 +8.3435859511555987e-06 +6.6858543875083659e-06 +1.2702352314360970e-06 +1.5847621728590297e-06
 21.00000000 +5.0000000000000000e+00 +1.9999994641802012e+00 +1.8475342136309136e-03 +9.9997377706726864e-01 +9.9999996292078208e-01 +9.9999994679019877e-01 +9.9999995199513392e-01 +9.9999995063928415e-01 +8.1134739312158764e-06 +6.6631618298841113e-06 +4.6849929467596696e-06 +2.1398861371297820e-06 +4.8090547805507757e-06
 21.50000000 +5.0000000000000000e+00 +1.9999990718413121e+00 +1.8471465174056457e-03 +9.9997603434468507e-01 +9.9999995122208085e-01 +9.9999995844626022e-01 +9.9999995330996816e-01 +9.9999995125552099e-01 +6.6078278992311292e-06 +4.1256861390485798e-06 +7.1085418511229315e-07 +5.3962842163687251e-06 +7.3107956755428118e-06
 22.00000000 +5.0000000000000000e+00 +1.9999983992367076e+00 +1.8507270362247874e-03 +9.9996795642658987e-01 +9.9999993609799953e-01 +9.9999998114104938e-01 +9.9999996213215325e-01 +9.9999995422373333e-01 +3.6805679168962448e-06 +7.9478915563420489e-06 +2.6210226506891204e-06 +6.2409656291227230e-06 +1.1719476369732004e-05
 22.50000000 +5.0000000000000000e+00 +1.9999991560314772e+00 +1.8548820548482232e-03 +9.9995797517540053e-01 +9.9999994591340846e-01 +9.9999996895189558e-01 +9.9999994962782668e-01 +9.9999994700192318e-01 +2.9172799543338080e-06 +8.9855440661308769e-06 +7.3106220378545183e-06 +9.3744528478381623e-06 +1.3625429524572609e-05
 23.00000000 +5.0000000000000000e+00 +1.9999993264484031e+00 +1.8595783085693990e-03 +9.9994604954083099e-01 +9.9999995599138614e-01 +9.9999996852532580e-01 +9.9999995541583453e-01 +9.9999994364326483e-01 +6.5247187772259590e-06 +9.6466920859354279e-06 +8.7953571216802465e-06 +1.4110132628681982e-05 +1.5050025008684597e-05
 23.50000000 +5.0000000000000000e+00 +1.9999990102092391e+00 +1.8668536173313179e-03 +9.9992721541304741e-01 +9.9999994381477408e-01 +9.9999993990923097e-01 +9.9999995548853482e-01 +9.9999997221572035e-01 +1.0632392491199273e-05 +1.2526096612074277e-05 +1.6107151731323388e-05 +1.7112367441359699e-05 +1.6595213183424384e-05
 24.00000000 +5.0000000000000000e+00 +1.9999989975028336e+00 +1.8714056779608821e-03 +9.9991480243225128e-01 +9.9999996893622256e-01 +9.9999996907125321e-01 +9.9999997229893045e-01 +9.9999993611155968e-01 +1.6489486591844147e-05 +1.2534168898385003e-05 +2.0177412998172940e-05 +2.0732942273660036e-05 +1.5417151458606007e-05
 24.50000000 +5.0000000000000000e+00 +1.9999992675217362e+00 +1.8711071566838041e-03 +9.9991449271611144e-01 +9.9999992931645687e-01 +9.9999996903762189e-01 +9.9999992610034294e-01 +9.9999993981263380e-01 +1.6159043293488625e-05 +1.5250512922486158e-05 +2.0290849090737459e-05 +1.7538684306329253e-05 +1.6503869449506211e-05
 25.00000000 +5.0000000000000000e+00 +1.9999990990543208e+00 +1.8708929848031016e-03 +9.9991399348538146e-01 +9.9999992921846592e-01 +9.9999996662013213e-01 +9.9999993263748754e-01 +9.9999992691240802e-01 +1.9003275418856745e-05 +1.7645935606250065e-05 +1.9333184761736153e-05 +1.7324276921587155e-05 +1.2944440986255430e-05
 25.50000000 +5.0000000000000000e+00 +1.9999988420132753e+00 +1.8670723945292732e-03 +9.9992257856433975e-01 +9.9999994992500174e-01 +9.9999993598419512e-01 +9.9999996954358239e-01 +9.9999992144223626e-01 +1.6281379565556227e-05 +1.7957715853071147e-05 +1.7980840194707289e-05 +1.4196489718600103e-05 +1.1228139758592076e-05
 26.00000000 +5.0000000000000000e+00 +1.9999986329318977e+00 +1.8611963415082950e-03 +9.9993670625773190e-01 +9.9999992071689714e-01 +9.9999991293216728e-01 +9.9999992237487578e-01 +9.9999991278533173e-01 +1.9761158834688463e-05 +1.5923408737450854e-05 +1.4150509046498486e-05 +9.5705686858736621e-06 +4.2192645846287499e-06
 26.50000000 +5.0000000000000000e+00 +1.9999995313500869e+00 +1.8577793791169001e-03 +9.9994552317090990e-01 +9.9999993117904029e-01 +9.9999996922501744e-01 +9.9999990678823547e-01 +9.9999988752443048e-01 +2.1323333879983620e-05 +1.2538318882402210e-05 +9.8317280345015893e-06 +8.2446789770583651e-06 +2.8440755351287917e-06
 27.00000000 +5.0000000000000000e+00 +1.9999995392873500e+00 +1.8525720952862251e-03 +9.9995915738227537e-01 +9.9999996505751187e-01 +9.9999992741438737e-01 +9.9999995928567365e-01 +9.9999993909209284e-01 +1.4171439883686805e-05 +1.0694157740189816e-05 +7.2045883149273353e-06 +2.4208195574312243e-06 +6.5608500092087957e-06
 27.50000000 +5.0000000000000000e+00 +1.9999996472594066e+00 +1.8518321683360646e-03 +9.9996180631318410e-01 +9.9999992510626234e-01 +9.9999994784317103e-01 +9.9999990255429239e-01 +9.9999994349875354e-01 +1.3297659812905999e-05 +8.4065821042340932e-06 +5.2383977632814650e-06 +5.4180894626628617e-06 +6.1139959135128278e-06
 28.00000000 +5.0000000000000000e+00 +1.9999997108295857e+00 +1.8466236401285211e-03 +9.9997573242314541e-01 +9.9999991089111628e-01 +9.9999995574527134e-01 +9.9999991029605040e-01 +9.9999993124099906e-01 +5.7304008639689257e-06 +6.4990022166424376e-06 +7.8510086285491758e-06 +4.0937982761454794e-06 +3.8521920613593633e-07
 28.50000000 +5.0000000000000000e+00 +1.9999993338947810e+00 +1.8533867991847202e-03 +9.9995961617522799e-01 +9.9999989518721022e-01 +9.9999997208476021e-01 +9.9999992986679975e-01 +9.9999988179549970e-01 +7.5462155252135007e-06 +9.4650719692021754e-06 +4.9232681166744194e-06 +8.5822607885705364e-06 +1.0188051701653849e-05
 29.00000000 +5.0000000000000000e+00 +1.9999993738173458e+00 +1.8505248489076012e-03 +9.9996802232160342e-01 +9.9999992275797245e-01 +9.9999993393610087e-01 +9.9999991894904605e-01 +9.9999990727370025e-01 +6.5345722239218325e-06 +1.3379865926720483e-07 +7.4534345057382720e-06 +7.7976844348688643e-06 +1.0375286327101145e-05
 29.50000000 +5.0000000000000000e+00 +1.9999999220123126e+00 +1.8572049120142199e-03 +9.9995184800302961e-01 +9.9999996385777246e-01 +9.9999992727803677e-01 +9.9999994311149321e-01 +9.9999991689975021e-01 +8.1276803140182752e-06 +5.0689050676536000e-06 +8.8838930279983952e-06 +1.2062477490546282e-05 +1.4257945311619711e-05
 30.00000000 +5.0000000000000000e+00 +1.9999989162082252e+00 +1.8612093666656887e-03 +9.9994181205847776e-01 +9.9999993242241758e-01 +9.9999995183028323e-01 +9.9999989648779397e-01 +9.9999996264794278e-01 +7.7968427538566730e-06 +5.6711254628066515e-06 +7.7710644703173639e-06 +1.7489499019774797e-05 +1.9715984363816546e-05
 30.50000000 +5.0000000000000000e+00 +1.9999999181644699e+00 +1.8599820940838276e-03 +9.9994465270517041e-01 +1.0000000185815512e+00 +9.9999994778911450e-01 +9.9999992201248167e-01 +9.9999990359226332e-01 +2.0608385333138839e-06 +7.6245531164352669e-06 +1.5334340048435122e-05 +1.4772743331608941e-05 +1.5762820126617618e-05
 31.00000000 +5.0000000000000000e+00 +1.9999983369337135e+00 +1.8640553922654004e-03 +9.9993312259032618e-01 +9.9999990184597476e-01 +9.9999996587220519e-01 +9.9999991130630261e-01 +9.9999990499901958e-01 +1.1916161778308824e-05 +7.1893528203952278e-06 +2.0863931525634837e-05 +1.3492485422636036e-05 +1.3731504565371902e-05
 31.50000000 +5.0000000000000000e+00 +1.9999989203818234e+00 +1.8646657932865360e-03 +9.9993075495332717e-01 +9.9999997341525848e-01 +9.9999992719528852e-01 +9.9999993874778592e-01 +9.9999992357127065e-01 +1.2130383525096830e-05 +1.1693205380837638e-05 +1.8532185327896646e-05 +1.2951992869062425e-05 +1.4174374710280459e-05
 32.00000000 +5.0000000000000000e+00 +1.9999992108688180e+00 +1.8663158534066827e-03 +9.9992599626887479e-01 +9.9999988363283643e-01 +1.0000000152498218e+00 +9.9999994476881593e-01 +9.9999989073778106e-01 +1.4992651094454081e-05 +1.6882338816895749e-05 +1.6174132104810457e-05 +1.0179670843400755e-05 +1.6040523915915384e-05
 32.50000000 +5.0000000000000000e+00 +2.0000001873836739e+00 +1.8648850121696355e-03 +9.9992843509302176e-01 +9.9999989013284851e-01 +9.9999991918987308e-01 +9.9999981870777166e-01 +9.9999992390158399e-01 +1.9981056944952952e-05 +1.3793388196875136e-05 +1.8710301721453979e-05 +5.8676285677746586e-06 +1.3660636181353797e-05
 33.00000000 +5.0000000000000000e+00 +1.9999990378176569e+00 +1.8642890131753593e-03 +9.9992925953444367e-01 +9.9999998151502478e-01 +9.9999991824078738e-01 +9.9999991162562174e-01 +9.9999988275112273e-01 +1.5652690482423735e-05 +1.4856416012961694e-05 +2.0110658997147442e-05 +1.2533111758298610e-05 +7.8934942678882101e-06
 33.50000000 +5.0000000000000000e+00 +1.9999997685759161e+00 +1.8590072824977270e-03 +9.9994294120239913e-01 +9.9999992279042804e-01 +1.0000000174376744e+00 +9.9999992278676464e-01 +9.9999979878202871e-01 +1.8832150400045525e-05 +1.7568890846923412e-05 +1.2115495570239657e-05 +4.3646421324509168e-06 +4.5158041685800803e-06
 34.00000000 +5.0000000000000000e+00 +1.9999996968109441e+00 +1.8561608809017564e-03 +9.9994983702937412e-01 +9.9999990974332564e-01 +9.9999988575859999e-01 +9.9999991789849374e-01 +9.9999991264550891e-01 +1.6972609248807697e-05 +1.5418302565639701e-05 +7.8427056713096950e-06 +5.4031079263618450e-06 +4.9002133159162586e-06
 34.50000000 +5.0000000000000000e+00 +2.0000010307982348e+00 +1.8522059029094080e-03 +9.9996136887824505e-01 +1.0000000278521839e+00 +9.9999992932748971e-01 +9.9999993416860644e-01 +9.9999994348357468e-01 +1.2466957874208338e-05 +8.2211441339755810e-06 +9.9977988241266088e-06 +2.4463310555102288e-06 +5.6640757238541301e-06
 35.00000000 +5.0000000000000000e+00 +1.9999998873594700e+00 +1.8513634655399219e-03 +9.9996370068447882e-01 +9.9999994491858768e-01 +9.9999996778400835e-01 +9.9999987471222451e-01 +9.9999988283949204e-01 +9.3629964197672033e-06 +2.8595613372535097e-06 +9.1475724519293743e-06 +8.6472509218151391e-06 +6.6116541597560616e-06
 35.50000000 +5.0000000000000000e+00 +1.9999994726259693e+00 +1.8527460276594806e-03 +9.9996091477481108e-01 +9.9999991857378012e-01 +9.9999994445879681e-01 +9.9999996344730413e-01 +9.9999987198655438e-01 +8.5093475431438620e-06 +3.1973788377673850e-06 +9.3918899150703289e-06 +8.6493307337923815e-06 +9.6387956216334867e-06
 36.00000000 +5.0000000000000000e+00 +1.9999997906453379e+00 +1.8537073313747959e-03 +9.9995956985765311e-01 +1.0000000056435387e+00 +9.9999978544570944e-01 +9.9999990404041450e-01 +9.9999991196422877e-01 +7.4374483150200782e-06 +7.0654728518434714e-06 +6.5073498541824739e-06 +1.0539442701832621e-05 +9.2732764885877596e-06
 36.50000000 +5.0000000000000000e+00 +1.9999979238782817e+00 +1.8552627087360686e-03 +9.9995558320361388e-01 +9.9999988644579629e-01 +9.9999994805188719e-01 +9.9999990136305184e-01 +9.9999972329460740e-01 +8.1418985655652697e-06 +5.4878335608362527e-06 +6.6622099315282251e-06 +1.1651922937712930e-05 +1.3013728040477567e-05
 37.00000000 +5.0000000000000000e+00 +1.9999985586177840e+00 +1.8613479063322566e-03 +9.9994065986747960e-01 +9.9999994657012037e-01 +1.0000000231466886e+00 +9.9999991140035083e-01 +9.9999986174227007e-01 +1.2322599507523787e-05 +6.4010887490570428e-06 +1.2709218817504433e-05 +1.1393582756321935e-05 +1.6770716466255539e-05
 37.50000000 +5.0000000000000000e+00 +1.9999972279878455e+00 +1.8623712546142215e-03 +9.9993787298099324e-01 +9.9999988741330892e-01 +9.9999986321485523e-01 +9.9999991108558206e-01 +1.0000000146271544e+00 +7.1181867206367883e-06 +1.0815608291760528e-05 +1.5941338439017986e-05 +1.4426475511300700e-05 +1.4149070429989704e-05
 38.00000000 +5.0000000000000000e+00 +1.9999990018741884e+00 +1.8674838738037733e-03 +9.9992440190542065e-01 +9.9999991982565950e-01 +9.9999992351648692e-01 +9.9999995658995289e-01 +9.9999979967216557e-01 +1.2742940604197382e-05 +1.4940652334129767e-05 +1.9776280783528716e-05 +1.7293211684693614e-05 +1.1245400341135055e-05
 38.50000000 +5.0000000000000000e+00 +1.9999990796442899e+00 +1.8574928904056564e-03 +9.9994932048465590e-01 +9.9999993830159262e-01 +9.9999998236989196e-01 +9.9999990562764640e-01 +9.9999989830293712e-01 +7.7853937584786283e-06 +1.1061873667550797e-05 +1.4369848821948018e-05 +7.2726353820203757e-06 +1.0465160808562730e-05
 39.00000000 +5.0000000000000000e+00 +1.9999991943118833e+00 +1.8620224882179048e-03 +9.9993717047961439e-01 +1.0000000189310527e+00 +9.9999996838695360e-01 +9.9999987062822215e-01 +9.9999986534654295e-01 +1.0374810072377173e-05 +1.3084927621262515e-05 +1.3829225852277938e-05 +1.5424800178158864e-05 +1.0392449421143482e-05
 39.50000000 +5.0000000000000000e+00 +1.9999990577961755e+00 +1.8588931763889030e-03 +9.9994402897824219e-01 +9.9999982367781659e-01 +9.9999982501580109e-01 +9.9999984771046957e-01 +9.9999988113916871e-01 +9.5449543721433817e-06 +1.1530405921041458e-05 +1.2465572985797640e-05 +1.0315182811125943e-05 +1.2737370734842689e-05
 40.00000000 +5.0000000000000000e+00 +1.9999991884034589e+00 +1.8562964657213756e-03 +9.9995007017975412e-01 +9.9999996658379831e-01 +1.0000000146011321e+00 +9.9999993852576019e-01 +9.9999984503958206e-01 +9.3189733181170752e-06 +1.2594051575002341e-05 +9.5624762832283457e-06 +1.2002436450676216e-05 +6.6871381001207027e-06
 40.50000000 +5.0000000000000000e+00 +1.9999990553144020e+00 +1.8577577019530664e-03 +9.9994592230162571e-01 +9.9999988166159193e-01 +9.9999992177074393e-01 +9.9999993226760386e-01 +9.9999999122336247e-01 +1.2724767006614591e-05 +1.3392179443030677e-05 +1.1780457748535668e-05 +4.0989837446155477e-06 +1.2354379201120800e-05
 41.00000000 +5.0000000000000000e+00 +1.9999992611699189e+00 +1.8576071551565587e-03 +9.9994678435064976e-01 +9.9999990126897242e-01 +1.0000000050109974e+00 +1.0000000060771996e+00 +9.9999973701002087e-01 +1.3105435475038905e-05 +1.6920531021107437e-05 +9.9228899285064539e-06 +4.4207729060155234e-06 +9.1966038819379342e-06
 41.50000000 +5.0000000000000000e+00 +1.9999981816324541e+00 +1.8561886530947653e-03 +9.9995107429066299e-01 +9.9999995154885568e-01 +1.0000000047696089e+00 +9.9999989006991297e-01 +9.9999980721353399e-01 +1.3028731195929679e-05 +1.1838826278531584e-05 +8.5966572829076094e-06 +9.2677475248289965e-06 +6.5401773569643463e-06
 42.00000000 +5.0000000000000000e+00 +1.9999994836530210e+00 +1.8521822411127421e-03 +9.9996077272951045e-01 +9.9999985447841122e-01 +1.0000000206024557e+00 +9.9999995376943973e-01 +9.9999979850184562e-01 +1.6104723918582350e-05 +1.0842464085845578e-05 +5.9036045879898439e-06 +4.1093560025289097e-06 +2.6397819717418933e-06
 42.50000000 +5.0000000000000000e+00 +2.0000010811054367e+00 +1.8574335947519724e-03 +9.9995032941918771e-01 +9.9999983085934696e-01 +9.9999996046414863e-01 +9.9999995834243227e-01 +9.9999984854956192e-01 +1.3002379785797443e-05 +8.6496006722397409e-06 +9.4751311375365682e-06 +7.4654814735700777e-06 +1.1479760553470939e-05
 43.00000000 +5.0000000000000000e+00 +2.0000000897201691e+00 +1.8501328608651975e-03 +9.9996794263144984e-01 +9.9999995376376027e-01 +1.0000000220221630e+00 +9.9999984448062595e-01 +9.9999987230821596e-01 +6.7810920734077063e-06 +8.5820742825478237e-06 +2.1439160688151601e-07 +5.9146763584720941e-06 +1.0872560614831020e-05
 43.50000000 +5.0000000000000000e+00 +2.0000019728823970e+00 +1.8577245451359622e-03 +9.9994873141668117e-01 +9.9999991482792450e-01 +9.9999992222579470e-01 +9.9999988515840710e-01 +9.9999978670184042e-01 +6.6103472852165299e-06 +5.0956104349904995e-06 +5.5342540424702757e-06 +1.7826529804288130e-05 +1.6692863747448628e-05
 44.00000000 +5.0000000000000000e+00 +2.0000005714205167e+00 +1.8673563054825684e-03 +9.9992488522603906e-01 +9.9999975902154314e-01 +9.9999980101858010e-01 +9.9999984331801106e-01 +9.9999970991951426e-01 +8.3735631123609832e-06 +1.6137241611979208e-05 +1.7018108833308609e-05 +2.0043136870374075e-05 +1.4429516896512384e-05
 44.50000000 +5.0000000000000000e+00 +2.0000004875724477e+00 +1.8589780791060768e-03 +9.9994630672483165e-01 +9.9999983895731270e-01 +9.9999982900276896e-01 +9.9999992382489233e-01 +9.9999977790311778e-01 +6.6760910514251955e-06 +8.9462769287621488e-06 +8.0293474327379669e-06 +1.6011213935687352e-05 +1.4660594291282847e-05
 45.00000000 +5.0000000000000000e+00 +1.9999994660222880e+00 +1.8574341137151660e-03 +9.9994885471936146e-01 +1.0000000369301774e+00 +1.0000001106176464e+00 +9.9999980056524584e-01 +9.9999976222300557e-01 +6.3067461411139620e-06 +1.9053675003186704e-06 +1.0346692851091013e-05 +1.5441371832018436e-05 +1.7434724967224961e-05
 45.50000000 +5.0000000000000000e+00 +1.9999995524962639e+00 +1.8608268321367912e-03 +9.9994114851449012e-01 +9.9999987004509938e-01 +9.9999984637977124e-01 +9.9999989543220535e-01 +9.9999961425215633e-01 +7.2293561663693362e-06 +1.4709446987360107e-05 +2.2534227095477905e-05 +1.1464283451829549e-05 +3.6880834403655078e-06
 46.00000000 +5.0000000000000000e+00 +1.9999976181692902e+00 +1.8647803860434955e-03 +9.9993129075228426e-01 +1.0000000875304578e+00 +9.9999986784064931e-01 +9.9999994742539566e-01 +9.9999985119877988e-01 +1.0902648471868984e-05 +1.3241338909937375e-05 +1.7428132413140707e-05 +1.2847352303206320e-05 +1.4535780479641311e-05
 46.50000000 +5.0000000000000000e+00 +1.9999958211169138e+00 +1.8593428911698167e-03 +9.9994297930887954e-01 +1.0000000242687281e+00 +9.9999993855703451e-01 +9.9999977625005976e-01 +9.9999995896262739e-01 +8.6964661810436100e-06 +2.2349998841909800e-05 +1.0280507592217634e-05 +9.7096228456532927e-06 +6.2859957591827940e-06
 47.00000000 +5.0000000000000000e+00 +1.9999977798144934e+00 +1.8559144333738240e-03 +9.9995154298564204e-01 +9.9999997662515971e-01 +9.9999994176517015e-01 +9.9999974332850783e-01 +9.9999977729100320e-01 +1.4913378415255349e-05 +1.9029965032007959e-05 +4.7803180261447255e-06 +2.6082953032466341e-06 +7.6861043243561121e-06
 47.50000000 +5.0000000000000000e+00 +1.9999973355840410e+00 +1.8599453106544262e-03 +9.9994177318432709e-01 +9.9999983295018269e-01 +9.9999992604705967e-01 +9.9999990388584670e-01 +9.9999975346140635e-01 +1.3502871067038173e-05 +2.2328902558397598e-05 +9.0519936113748152e-06 +5.0801843728749094e-06 +8.8465176051940825e-06
 48.00000000 +5.0000000000000000e+00 +1.9999960192825650e+00 +1.8536835275246237e-03 +9.9995768115597938e-01 +1.0000000544729575e+00 +9.9999994759451039e-01 +9.9999980132194732e-01 +1.0000000139672232e+00 +9.6834132125200566e-06 +1.4295176621668664e-05 +1.2418021697757639e-05 +1.4619325590995829e-06 +4.6429744171467198e-06
 48.50000000 +5.0000000000000000e+00 +1.9999957183033981e+00 +1.8533659244780521e-03 +9.9995890952134325e-01 +1.0000000366899249e+00 +9.9999999182665045e-01 +9.9999984349643156e-01 +9.9999997500761428e-01 +8.6230839017149267e-06 +1.3366256284602941e-05 +1.0226363477931457e-05 +3.0632204873368252e-06 +5.9645478434448221e-06
 49.00000000 +5.0000000000000000e+00 +1.9999954173273595e+00 +1.8530483247319867e-03 +9.9996013787394222e-01 +1.0000000189070775e+00 +1.0000000360583308e+00 +9.9999988567047793e-01 +9.9999993604841053e-01 +7.5627656097671610e-06 +1.2437345600803045e-05 +8.0347280336421542e-06 +4.6644917751180344e-06 +7.2861075360576150e-06
 49.50000000 +5.0000000000000000e+00 +1.9999951163544485e+00 +1.8527307282863751e-03 +9.9996136621377607e-01 +1.0000000011244150e+00 +1.0000000802895517e+00 +9.9999992784408565e-01 +9.9999989708961168e-01 +6.5024583365050007e-06 +1.1508444570118497e-05 +5.8431153645347008e-06 +6.2657464227025944e-06 +8.6076534951991732e-06
 50.00000000 +5.0000000000000000e+00 +1.9999948153846652e+00 +1.8524131351411663e-03 +9.9996259454084568e-01 +9.9999998334193718e-01 +1.0000001245203129e+00 +9.9999997001725549e-01 +9.9999985813121772e-01 +5.4421620817566869e-06 +1.0579553192398827e-05 +3.6515254702540832e-06 +7.8669844303498922e-06 +9.9291857210835784e-06
 50.50000000 +5.0000000000000000e+00 +1.9999945144180096e+00 +1.8520955452963083e-03 +9.9996382285515040e-01 +9.9999996555964410e-01 +1.0000001687506144e+00 +1.0000000121899868e+00 +9.9999981917322833e-01 +4.3818768453504676e-06 +9.6506714674935700e-06 +1.4599583504452991e-06 +9.4682057983193021e-06 +1.1250704213924888e-05
 51.00000000 +5.0000000000000000e+00 +1.9999943457014886e+00 +1.8521671474885791e-03 +9.9996349794965644e-01 +9.9999996698906457e-01 +1.0000001098805109e+00 +9.9999995379746776e-01 +9.9999987443013494e-01 +4.2269090554297884e-06 +1.0597716077040415e-05 +3.2132605244658026e-06 +9.2802224559933142e-06 +9.2787977657470799e-06
 51.50000000 +5.0000000000000000e+00 +1.9999941769834650e+00 +1.8522387503183257e-03 +9.9996317304126947e-01 +9.9999996841849748e-01 +1.0000000510098830e+00 +9.9999989540442857e-01 +9.9999992968753304e-01 +4.0719398858275077e-06 +1.1544769118145984e-05 +4.9665783081736389e-06 +9.0922374400475450e-06 +7.3068737616433354e-06
 52.00000000 +5.0000000000000000e+00 +1.9999940082639400e+00 +1.8523103537855566e-03 +9.9996284812999003e-01 +9.9999996984794326e-01 +9.9999999213873125e-01 +9.9999983701086959e-01 +9.9999998494542330e-01 +3.9169693365252033e-06 +1.2491830590922881e-05 +6.7199117017772711e-06 +8.9042507504596482e-06 +5.3349322013792054e-06
 52.50000000 +5.0000000000000000e+00 +1.9999938395429124e+00 +1.8523819578902805e-03 +9.9996252321581791e-01 +9.9999997127740137e-01 +9.9999993326705505e-01 +9.9999977861679057e-01 +1.0000000402038052e+00 +3.7619974075044481e-06 +1.3438900495483706e-05 +8.4732607054851626e-06 +8.7162623872072689e-06 +3.3629730847202300e-06
 53.00000000 +5.0000000000000000e+00 +1.9999936708203829e+00 +1.8524535626325057e-03 +9.9996219829875299e-01 +9.9999997270687269e-01 +9.9999987439485505e-01 +9.9999972022219197e-01 +1.0000000954626795e+00 +3.6070240987468191e-06 +1.4385978831941065e-05 +1.0226625319505784e-05 +8.5282723502680605e-06 +1.3909964114319524e-06
 53.50000000 +5.0000000000000000e+00 +1.9999934694410511e+00 +1.8540444304191047e-03 +9.9995791544328405e-01 +9.9999987617425679e-01 +9.9999991874567495e-01 +9.9999971386626541e-01 +1.0000000177343487e+00 +4.2288280787496695e-06 +1.5315146226666387e-05 +9.8665803100476181e-06 +8.7286733074463150e-06 +4.4187951192146133e-06
 54.00000000 +5.0000000000000000e+00 +1.9999932680786034e+00 +1.8556351648236471e-03 +9.9995363294689998e-01 +9.9999977964973441e-01 +9.9999996309277639e-01 +9.9999970751087142e-01 +9.9999994001253467e-01 +4.8505799252601430e-06 +1.6244235717835525e-05 +9.5065654876007289e-06 +8.9290574625420645e-06 +7.4463399693091092e-06
 54.50000000 +5.0000000000000000e+00 +1.9999930667330377e+00 +1.8572257658629073e-03 +9.9994935080955527e-01 +9.9999968313330467e-01 +1.0000000074361601e+00 +9.9999970115601078e-01 +9.9999986229723681e-01 +5.4722796448344532e-06 +1.7173247315245492e-05 +9.1465808483688555e-06 +9.1294248176683123e-06 +1.0473630993640130e-05
 55.00000000 +5.0000000000000000e+00 +1.9999928654043517e+00 +1.8588162335536559e-03 +9.9994506903120484e-01 +9.9999958662496646e-01 +1.0000000517758258e+00 +9.9999969480168260e-01 +9.9999978458845440e-01 +6.0939272440277153e-06 +1.8102181028691658e-05 +8.7866263885563620e-06 +9.3297753749376992e-06 +1.3500668224127014e-05
 55.50000000 +5.0000000000000000e+00 +1.9999926640925441e+00 +1.8604065679126609e-03 +9.9994078761180349e-01 +9.9999949012471856e-01 +1.0000000961117750e+00 +9.9999968844788722e-01 +9.9999970688618656e-01 +6.7155227293939475e-06 +1.9031036867967753e-05 +8.4267021043682647e-06 +9.5301091364625204e-06 +1.6527451692683747e-05
 56.00000000 +5.0000000000000000e+00 +1.9999920401882205e+00 +1.8583959273793605e-03 +9.9994576404150282e-01 +9.9999953959164922e-01 +1.0000001353545553e+00 +9.9999973410529142e-01 +9.9999972397548387e-01 +4.3695699578848663e-06 +1.6745809914361969e-05 +8.0618409893855846e-06 +1.0025356029669032e-05 +1.5900349217330614e-05
 56.50000000 +5.0000000000000000e+00 +1.9999914163378019e+00 +1.8563854605611559e-03 +9.9995074004124962e-01 +9.9999958905430619e-01 +1.0000001745939455e+00 +9.9999977975875121e-01 +9.9999974106330525e-01 +2.0238198717398445e-06 +1.4460780399537863e-05 +7.6970113976325404e-06 +1.0520560134590094e-05 +1.5273300922306720e-05
 57.00000000 +5.0000000000000000e+00 +1.9999907925412803e+00 +1.8543751674355350e-03 +9.9995571561109908e-01 +9.9999963851269025e-01 +1.0000002138299457e+00 +9.9999982540826726e-01 +9.9999975814965025e-01 -3.2172755530736584e-07 +1.2175948297909083e-05 +7.3322133250239929e-06 +1.1015721456770690e-05 +1.4646306800590760e-05
 57.50000000 +5.0000000000000000e+00 +1.9999901687986483e+00 +1.8523650479799880e-03 +9.9996069075110672e-01 +9.9999968796680117e-01 +1.0000002530625562e+00 +9.9999987105383892e-01 +9.9999977523451899e-01 -2.6670723495184750e-06 +9.8913135838937107e-06 +6.9674467674755136e-06 +1.1510840001754845e-05 +1.4019366845162645e-05
 58.00000000 +5.0000000000000000e+00 +1.9999895451098995e+00 +1.8503551021720119e-03 +9.9996566546132848e-01 +9.9999973741663983e-01 +1.0000002922917777e+00 +9.9999991669546762e-01 +9.9999979231791181e-01 -5.0122145371506496e-06 +7.6068762319142584e-06 +6.6027117209033781e-06 +1.2005915775085631e-05 +1.3392481049003515e-05
 58.50000000 +5.0000000000000000e+00 +1.9999904695771675e+00 +1.8506517321263173e-03 +9.9996502211229277e-01 +9.9999977171782850e-01 +1.0000002500153138e+00 +9.9999998590041705e-01 +9.9999970034436925e-01 -2.3487642022624813e-06 +6.5934975348890155e-06 +8.5454131489290293e-06 +9.9614610908426939e-06 +1.2518268040109515e-05
 59.00000000 +5.0000000000000000e+00 +1.9999913940006644e+00 +1.8509483480358140e-03 +9.9996437879371813e-01 +9.9999980601739313e-01 +1.0000002077408516e+00 +1.0000000551020900e+00 +9.9999960837518176e-01 +3.1456002381388882e-07 +5.5801668192290398e-06 +1.0488022594098623e-05 +7.9171032072600233e-06 +1.1644096423376042e-05
 59.50000000 +5.0000000000000000e+00 +1.9999923183803927e+00 +1.8512449499014996e-03 +9.9996373550560269e-01 +9.9999984031533395e-01 +1.0000001654683914e+00 +1.0000001243004863e+00 +9.9999951641034868e-01 +2.9777581500347302e-06 +4.5668840815266847e-06 +1.2430540062944801e-05 +5.8728421174628223e-06 +1.0769966195863415e-05
 60.00000000 +5.0000000000000000e+00 +1.9999932427163551e+00 +1.8515415377243704e-03 +9.9996309224794422e-01 +9.9999987461165074e-01 +1.0000001231979319e+00 +1.0000001934956064e+00 +9.9999942444986956e-01 +5.6408301853554675e-06 +3.5536493183746242e-06 +1.4372965561999578e-05 +3.8286778145769350e-06 +9.8958773546322307e-06
 60.50000000 +5.0000000000000000e+00 +1.9999941670085555e+00 +1.8518381115054244e-03 +9.9996244902074016e-01 +9.9999990890634349e-01 +1.0000000809294740e+00 +1.0000002626874505e+00 +9.9999933249374429e-01 +8.3037761387306740e-06 +2.5404625263658614e-06 +1.6315299097794362e-05 +1.7846102917288661e-06 +9.0218298967433694e-06
 61.00000000 +5.0000000000000000e+00 +1.9999937036324218e+00 +1.8539406233274382e-03 +9.9995682829214450e-01 +9.9999985387001067e-01 +1.0000000744411723e+00 +1.0000000788512002e+00 +9.9999943866287078e-01 +9.2504006437639122e-06 +5.4893986277568592e-06 +1.6273523531040244e-05 +4.5035495695035296e-06 +8.2090333771757406e-06
 61.50000000 +5.0000000000000000e+00 +1.9999932403132823e+00 +1.8560428765446199e-03 +9.9995120825488759e-01 +9.9999979884044687e-01 +1.0000000679536691e+00 +9.9999989503756181e-01 +9.9999954481893860e-01 +1.0196908715838863e-05 +8.4379720157886920e-06 +1.6231753102598943e-05 +7.2221544230774286e-06 +7.3963368299865548e-06
 62.00000000 +5.0000000000000000e+00 +1.9999927770511265e+00 +1.8581448712046780e-03 +9.9994558890884166e-01 +9.9999974381765144e-01 +1.0000000614669633e+00 +9.9999971124653053e-01 +9.9999965096195031e-01 +1.1143300376435739e-05 +1.1386182757376785e-05 +1.6189987811522501e-05 +9.9404249141470484e-06 +6.5837402367323362e-06
 62.50000000 +5.0000000000000000e+00 +1.9999923138459439e+00 +1.8602466073553098e-03 +9.9993997025387904e-01 +9.9999968880162260e-01 +1.0000000549810555e+00 +9.9999952747810228e-01 +9.9999975709190791e-01 +1.2089575647029478e-05 +1.4334030919420121e-05 +1.6148227656863215e-05 +1.2658361104393703e-05 +5.7712435789741449e-06
 63.00000000 +5.0000000000000000e+00 +1.9999918506977243e+00 +1.8623480850442011e-03 +9.9993435228987271e-01 +9.9999963379235945e-01 +1.0000000484959450e+00 +9.9999934373227306e-01 +9.9999986320881429e-01 +1.3035734549089729e-05 +1.7281516568801216e-05 +1.6106472637673602e-05 +1.5375963055483533e-05 +4.9588468382775783e-06
 63.50000000 +5.0000000000000000e+00 +1.9999920133467699e+00 +1.8597373377397331e-03 +9.9994161862433406e-01 +9.9999967264718048e-01 +9.9999996252730661e-01 +9.9999947465244199e-01 +9.9999970956166118e-01 +9.9185315565235008e-06 +1.3270639928231092e-05 +1.4512308906939901e-05 +1.4829132327633770e-05 +7.0314139973063074e-06
 64.00000000 +5.0000000000000000e+00 +1.9999921759946688e+00 +1.8571266088339504e-03 +9.9994888490758749e-01 +9.9999971150172762e-01 +9.9999987655927380e-01 +9.9999960557168788e-01 +9.9999955591559031e-01 +6.8013505317821138e-06 +9.2597915534606953e-06 +1.2918156410735899e-05 +1.4282305453457207e-05 +9.1039665503589611e-06
 64.50000000 +5.0000000000000000e+00 +1.9999923386414216e+00 +1.8545158983266602e-03 +9.9995615113963354e-01 +9.9999975035600119e-01 +9.9999979059184696e-01 +9.9999973649001128e-01 +9.9999940227060258e-01 +3.6841914746333545e-06 +5.2489714441912425e-06 +1.1324015148942847e-05 +1.3735482432913117e-05 +1.1176504497589940e-05
 65.00000000 +5.0000000000000000e+00 +1.9999925012870279e+00 +1.8519052062176665e-03 +9.9996341732047267e-01 +9.9999978921000066e-01 +9.9999970462502574e-01 +9.9999986740741209e-01 +9.9999924862669753e-01 +5.6705438484500034e-07 +1.2381796001239315e-06 +9.7298851214419754e-06 +1.3188663265960754e-05 +1.3249027839153637e-05
 65.50000000 +5.0000000000000000e+00 +1.9999926639314882e+00 +1.8492945325067755e-03 +9.9997068345010531e-01 +9.9999982806372645e-01 +9.9999961865881037e-01 +9.9999999832389030e-01 +9.9999909498387507e-01 -2.5500607378151546e-06 -2.7725839790400151e-06 +8.1357663281145391e-06 +1.2641847952559392e-05 +1.5321536575204446e-05
 66.00000000 +5.0000000000000000e+00 +1.9999923646506235e+00 +1.8501531735962556e-03 +9.9996849245714192e-01 +9.9999971168516066e-01 +9.9999968183557897e-01 +9.9999986382633854e-01 +9.9999928755590373e-01 +2.4378378916350762e-06 -8.7218124171663330e-08 +8.4218542355692874e-06 +1.1098425577886270e-05 +1.1091734535468097e-05
 66.50000000 +5.0000000000000000e+00 +1.9999920653995444e+00 +1.8510117292300820e-03 +9.9996630168223566e-01 +9.9999959531817717e-01 +9.9999974500605993e-01 +9.9999972934217263e-01 +9.9999948010876671e-01 +7.4252401039665747e-06 +2.5978804715401886e-06 +8.7079136703253563e-06 +9.5551568112443340e-06 +6.8623534638181839e-06
 67.00000000 +5.0000000000000000e+00 +1.9999917661782469e+00 +1.8518701994210127e-03 +9.9996411112535388e-01 +9.9999947896277463e-01 +9.9999980817025436e-01 +9.9999959487139078e-01 +9.9999967264246714e-01 +1.2412145973284002e-05 +5.2827118479917254e-06 +8.9939446366331234e-06 +8.0120416297031286e-06 +2.6333932974130050e-06
 67.50000000 +5.0000000000000000e+00 +1.9999914669867256e+00 +1.8527285841818003e-03 +9.9996192078646384e-01 +9.9999936261895095e-01 +9.9999987132816259e-01 +9.9999946041399024e-01 +9.9999986515700734e-01 +1.7398555573677272e-05 +7.9672760450711908e-06 +9.2799471387421122e-06 +6.4690800103367563e-06 -1.5951460265766417e-06
 68.00000000 +5.0000000000000000e+00 +1.9999911678249767e+00 +1.8535868835251974e-03 +9.9995973066553334e-01 +9.9999924628670478e-01 +9.9999993447978630e-01 +9.9999932596996954e-01 +1.0000000576523906e+00 +2.2384468979221544e-05 +1.0651573102658892e-05 +9.5659211809010164e-06 +4.9262719302238922e-06 -5.8232645709674427e-06
 68.50000000 +5.0000000000000000e+00 +1.9999910978017630e+00 +1.8524209933554016e-03 +9.9996250162579325e-01 +9.9999940710386059e-01 +9.9999979448411602e-01 +9.9999939585576370e-01 +9.9999978829973069e-01 +2.0984393671499294e-05 +8.2293634700833838e-06 +1.0745205493643929e-05 +2.9454959253701483e-06 -3.7918033013452640e-06
 69.00000000 +5.0000000000000000e+00 +1.9999910277816400e+00 +1.8512551546493305e-03 +9.9996527246373978e-01 +9.9999956791391764e-01 +9.9999965449462502e-01 +9.9999946573847309e-01 +9.9999951895896022e-01 +1.9584380164701569e-05 +5.8072607566099279e-06 +1.1924437751429220e-05 +9.6480735423351645e-07 -1.7604317027457239e-06
 69.50000000 +5.0000000000000000e+00 +1.9999909577646076e+00 +1.8500893674035764e-03 +9.9996804317938082e-01 +9.9999972871687637e-01 +9.9999951451131297e-01 +9.9999953561809751e-01 +9.9999924963007825e-01 +1.8184428454736521e-05 +3.3852649551593786e-06 +1.3103617957703451e-05 -1.0157937889750105e-06 +2.7085023076831892e-07
 70.00000000 +5.0000000000000000e+00 +1.9999908877506667e+00 +1.8489236316147335e-03 +9.9997081377272523e-01 +9.9999988951273777e-01 +9.9999937453418009e-01 +9.9999960549463807e-01 +9.9999898031308476e-01 +1.6784538537512664e-05 +9.6337605865322517e-07 +1.4282746115912907e-05 -2.9963075100439321e-06 +2.3020425051334815e-06
 70.50000000 +5.0000000000000000e+00 +1.9999908177398151e+00 +1.8477579472793934e-03 +9.9997358424378002e-01 +1.0000000503015016e+00 +9.9999923456322537e-01 +9.9999967536809387e-01 +9.9999871100797788e-01 +1.5384710408938850e-05 -1.4584059399864251e-06 +1.5461822229503531e-05 -4.9767338147612321e-06 +4.3331451262858555e-06
 71.00000000 +5.0000000000000000e+00 +1.9999913970168397e+00 +1.8476544870814169e-03 +9.9997349002953861e-01 +9.9999993446424462e-01 +9.9999935148989638e-01 +9.9999985817944537e-01 +9.9999900308903389e-01 +9.2791118783541901e-06 -7.8492918699931199e-07 +1.4721729420245465e-05 +7.2010273547592078e-07 +4.4267599420681051e-06
 71.50000000 +5.0000000000000000e+00 +1.9999919762424923e+00 +1.8475510360585956e-03 +9.9997339582365252e-01 +9.9999981863726040e-01 +9.9999946840619813e-01 +1.0000000409745842e+00 +9.9999929514418728e-01 +3.1740548102425898e-06 -1.1151215991562936e-07 +1.3981702244599037e-05 +6.4164340734571923e-06 +4.5203664558125739e-06
 72.00000000 +5.0000000000000000e+00 +1.9999925554167797e+00 +1.8474475942097091e-03 +9.9997330162612008e-01 +9.9999970282054762e-01 +9.9999958531213196e-01 +1.0000002237535133e+00 +9.9999958717344151e-01 -2.9304608674204779e-06 +5.6184514920927352e-07 +1.3241740693833767e-05 +1.2112260266385165e-05 +4.6139646686235886e-06
 72.50000000 +5.0000000000000000e+00 +1.9999931345397088e+00 +1.8473441615335373e-03 +9.9997320743694107e-01 +9.9999958701410485e-01 +9.9999970220769896e-01 +1.0000004065162342e+00 +9.9999987917680000e-01 -9.0344352266467875e-06 +1.2351427483186401e-06 +1.2501844759220714e-05 +1.7807581381450524e-05 +4.7075545816052770e-06
 73.00000000 +5.0000000000000000e+00 +1.9999937136112864e+00 +1.8472407380288600e-03 +9.9997311325611371e-01 +9.9999947121793087e-01 +9.9999981909290070e-01 +1.0000005892627493e+00 +1.0000001711542663e+00 -1.5137868339435325e-05 +1.9083806453543031e-06 +1.1762014432032491e-05 +2.3502397485832002e-05 +4.8011361958615720e-06
 73.50000000 +5.0000000000000000e+00 +1.9999945387826406e+00 +1.8480105282180235e-03 +9.9997188461347464e-01 +9.9999963135443781e-01 +9.9999986684723208e-01 +1.0000005469127466e+00 +9.9999998179639449e-01 -1.0585707707301268e-05 +3.5822253435450948e-06 +1.1669384941672709e-05 +1.7741060952597084e-05 +5.6815509527459030e-06
 74.00000000 +5.0000000000000000e+00 +1.9999953640393155e+00 +1.8487803980020579e-03 +9.9997065584379563e-01 +9.9999979150750207e-01 +9.9999991460650084e-01 +1.0000005045583649e+00 +9.9999979241894321e-01 -6.0330763902391183e-06 +5.2562431141590856e-06 +1.1576745873596204e-05 +1.1979128707898746e-05 +6.5620567428757654e-06
 74.50000000 +5.0000000000000000e+00 +1.9999961893813252e+00 +1.8495503473933098e-03 +9.9996942694705815e-01 +9.9999995167712730e-01 +9.9999996237070821e-01 +1.0000004621996037e+00 +9.9999960302190993e-01 -1.4799743152431909e-06 +6.9304339840407154e-06 +1.1484097226317425e-05 +6.2166006593390451e-06 +7.4426535803708942e-06
 75.00000000 +5.0000000000000000e+00 +1.9999970148086827e+00 +1.8503203764041263e-03 +9.9996819792324154e-01 +1.0000001118633153e+00 +1.0000000101398550e+00 +1.0000004198364623e+00 +9.9999941360529132e-01 +3.0735985907073113e-06 +8.6047979800399741e-06 +1.1391438998350507e-05 +4.5347671450089812e-07 +8.3233414793539418e-06
 75.50000000 +5.0000000000000000e+00 +1.9999978403214009e+00 +1.8510904850468591e-03 +9.9996696877232671e-01 +1.0000002720660690e+00 +1.0000000579139416e+00 +1.0000003774689399e+00 +9.9999922416908438e-01 +7.6276424006482768e-06 +1.0279335129012397e-05 +1.1298771188209284e-05 -5.3102432190518704e-06 +9.2041204539504795e-06
 76.00000000 +5.0000000000000000e+00 +1.9999970828076861e+00 +1.8548528690758583e-03 +9.9995681633303846e-01 +1.0000001789478992e+00 +1.0000001608474680e+00 +1.0000001699375451e+00 +9.9999922544307984e-01 +1.1003784672347390e-05 +1.4136798068032388e-05 +1.1608303576008342e-05 -1.6943118659158944e-06 +8.3939287875810372e-06
 76.50000000 +5.0000000000000000e+00 +1.9999963252351414e+00 +1.8586155452957381e-03 +9.9994666310530034e-01 +1.0000000858224973e+00 +1.0000002637889880e+00 +9.9999996239003319e-01 +9.9999922671717401e-01 +1.4380189138968017e-05 +1.7994560581866220e-05 +1.1917860002433021e-05 +1.9219003044253584e-06 +7.5836742008358220e-06
 77.00000000 +5.0000000000000000e+00 +1.9999955676037611e+00 +1.8623785137405384e-03 +9.9993650908902099e-01 +9.9999999268986328e-01 +1.0000003667385031e+00 +9.9999975482640269e-01 +9.9999922799136742e-01 +1.7756855831054873e-05 +2.1852622705413218e-05 +1.2227440470283736e-05 +5.5383933246860163e-06 +6.7733566863848605e-06
 77.50000000 +5.0000000000000000e+00 +1.9999948099135376e+00 +1.8661417744443038e-03 +9.9992635428410803e-01 +9.9999989954999591e-01 +1.0000004696960143e+00 +9.9999954724665108e-01 +9.9999922926565954e-01 +2.1133784779157399e-05 +2.5710984473578124e-05 +1.2537044982361327e-05 +9.1551672275852945e-06 +5.9629762368970258e-06
 78.00000000 +5.0000000000000000e+00 +1.9999940521644641e+00 +1.8699053274410830e-03 +9.9991619869047021e-01 +9.9999980640289421e-01 +1.0000005726615220e+00 +9.9999933965077659e-01 +9.9999923054005080e-01 +2.4510976013829799e-05 +2.9569645921271098e-05 +1.2846673541467073e-05 +1.2772222045847482e-05 +5.1525328450400594e-06
 78.50000000 +5.0000000000000000e+00 +1.9999945137080812e+00 +1.8673789872623791e-03 +9.9992312533264982e-01 +9.9999982002647958e-01 +1.0000003625932676e+00 +9.9999955293026821e-01 +9.9999946976550191e-01 +2.7243790118079460e-05 +2.4385974738456472e-05 +1.0254414997721941e-05 +9.0508146020580421e-06 +6.7343617290619493e-06
 79.00000000 +5.0000000000000000e+00 +1.9999949753176549e+00 +1.8648522860613154e-03 +9.9993005296466941e-01 +9.9999983365201162e-01 +1.0000001524949944e+00 +9.9999976624023845e-01 +9.9999970902513957e-01 +2.9976994750494994e-05 +1.9201562791900791e-05 +7.6617860116649956e-06 +5.3288753568477858e-06 +8.3164166616583969e-06
 79.50000000 +5.0000000000000000e+00 +1.9999954369931985e+00 +1.8623252237604999e-03 +9.9993698158674138e-01 +9.9999984727949132e-01 +9.9999994236669520e-01 +9.9999997958069353e-01 +9.9999994831897021e-01 +3.2710589994794018e-05 +1.4016409922806329e-05 +5.0687865038844154e-06 +1.6064041962143020e-06 +9.8986976912874923e-06
 80.00000000 +5.0000000000000000e+00 +1.9999958987347262e+00 +1.8597978002825174e-03 +9.9994391119907755e-01 +9.9999986090891835e-01 +9.9999973220836358e-01 +1.0000001929516398e+00 +1.0000001876470017e+00 +3.5444575934718090e-05 +8.8305159723299612e-06 +2.4754163949456784e-06 -2.1165989938774201e-06 +1.1481204866421186e-05
 80.50000000 +5.0000000000000000e+00 +1.9999963605422535e+00 +1.8572700155499323e-03 +9.9995084180189098e-01 +9.9999987454029382e-01 +9.9999952201999331e-01 +1.0000004063530845e+00 +1.0000004270092417e+00 +3.8178952654032740e-05 +3.6438807815831729e-06 -1.1832439460843809e-07 -5.8401343274949788e-06 +1.3063938235545281e-05
 81.00000000 +5.0000000000000000e+00 +1.9999963122693931e+00 +1.8589922321292410e-03 +9.9994631367107056e-01 +9.9999958382972665e-01 +9.9999976601190688e-01 +1.0000002825361174e+00 +1.0000002772729852e+00 +3.5992473176572506e-05 +5.0952519727731183e-06 +1.5615994438957081e-06 -1.8749161324427821e-06 +1.3002306258020800e-05
 81.50000000 +5.0000000000000000e+00 +1.9999962639957594e+00 +1.8607144762818253e-03 +9.9994178546775347e-01 +9.9999929311450464e-01 +1.0000000100077262e+00 +1.0000001587171674e+00 +1.0000001275343311e+00 +3.3805958692829278e-05 +6.5466464009113938e-06 +3.2415501785541073e-06 +2.0903655471066156e-06 +1.2940673293747313e-05
 82.00000000 +5.0000000000000000e+00 +1.9999962157213533e+00 +1.8624367480083472e-03 +9.9993725719193749e-01 +9.9999900239462858e-01 +1.0000002540074526e+00 +1.0000000348962355e+00 +9.9999997779327965e-01 +3.1619409201962357e-05 +7.9980640665560547e-06 +4.9215278100126895e-06 +6.0557107126778375e-06 +1.2879039342701124e-05
 82.50000000 +5.0000000000000000e+00 +1.9999961674461744e+00 +1.8641590473094695e-03 +9.9993272884362150e-01 +9.9999871167009802e-01 +1.0000004980110857e+00 +9.9999991107332109e-01 +9.9999982804983101e-01 +2.9432824703131024e-05 +9.4495049702651695e-06 +6.6015323389174091e-06 +1.0021119365795561e-05 +1.2817404404858540e-05
 83.00000000 +5.0000000000000000e+00 +1.9999961191702222e+00 +1.8658813741858533e-03 +9.9992820042280306e-01 +9.9999842094091240e-01 +1.0000007420186250e+00 +9.9999978724842398e-01 +9.9999967830398484e-01 +2.7246205195494507e-05 +1.0900969112596825e-05 +8.2815637659142308e-06 +1.3986591507984503e-05 +1.2755768480195853e-05
 83.50000000 +5.0000000000000000e+00 +1.9999945830738621e+00 +1.8676446367117932e-03 +9.9992359995946334e-01 +9.9999925038932458e-01 +1.0000005678348123e+00 +9.9999984959502897e-01 +9.9999970620790046e-01 +2.4113612076966508e-05 +1.2973795528390398e-05 +1.1169123275021597e-05 +1.0053443186225694e-05 +1.8716060911728588e-05
 84.00000000 +5.0000000000000000e+00 +1.9999930469338607e+00 +1.8694079493329564e-03 +9.9991899936542217e-01 +1.0000000798613020e+00 +1.0000003936460511e+00 +9.9999991194340510e-01 +9.9999973411260878e-01 +2.0980929959807632e-05 +1.5046680834281115e-05 +1.4056764821225121e-05 +6.1201831216383642e-06 +2.4676522678328464e-05
 84.50000000 +5.0000000000000000e+00 +1.9999915107502162e+00 +1.8711713120514769e-03 +9.9991439864067355e-01 +1.0000009093568452e+00 +1.0000002194523410e+00 +9.9999997429355270e-01 +9.9999976201810992e-01 +1.7848158840225081e-05 +1.7119625032778653e-05 +1.6944488408020928e-05 +2.1868113094604325e-06 +3.0637153787211920e-05
 85.00000000 +5.0000000000000000e+00 +1.9999899745229268e+00 +1.8729347248694907e-03 +9.9990979778521261e-01 +1.0000017388759559e+00 +1.0000000452536817e+00 +1.0000000366454718e+00 +9.9999978992440397e-01 +1.4715298714425830e-05 +1.9192628126392850e-05 +1.9832294038905348e-05 -1.7466722550704479e-06 +3.6597954245595839e-05
 85.50000000 +5.0000000000000000e+00 +1.9999884382519904e+00 +1.8746981877891323e-03 +9.9990519679903289e-01 +1.0000025684186342e+00 +9.9999987105007326e-01 +1.0000000989991624e+00 +9.9999981783149083e-01 +1.1582349578616649e-05 +2.1265690117633660e-05 +2.2720181717374894e-05 -5.6802675767168929e-06 +4.2558924060697462e-05
 86.00000000 +5.0000000000000000e+00 +1.9999887084562853e+00 +1.8704888711150922e-03 +9.9991568170303202e-01 +1.0000020115895545e+00 +9.9999974815338255e-01 +1.0000001099153524e+00 +9.9999991419296830e-01 +1.1158149595624019e-05 +2.0251640463572910e-05 +1.8304912566471133e-05 -4.7639210115200261e-06 +3.7583648021981293e-05
 86.50000000 +5.0000000000000000e+00 +1.9999889786158724e+00 +1.8662802509065361e-03 +9.9992616487221875e-01 +1.0000014548526059e+00 +9.9999962527702579e-01 +1.0000001208297360e+00 +1.0000000105385021e+00 +1.0734019799949070e-05 +1.9237758592228021e-05 +1.3890373957554566e-05 -3.8477260632728452e-06 +3.2609195182920660e-05
 87.00000000 +5.0000000000000000e+00 +1.9999892487307636e+00 +1.8620723269906255e-03 +9.9993664630702395e-01 +1.0000008982077668e+00 +9.9999950242099833e-01 +1.0000001317423139e+00 +1.0000001068680959e+00 +1.0309960174173654e-05 +1.8224044461960928e-05 +9.4765657093290859e-06 -2.9316826943490885e-06 +2.7635565339224929e-05
 87.50000000 +5.0000000000000000e+00 +1.9999895188009689e+00 +1.8578650991945770e-03 +9.9994712600787805e-01 +1.0000003416550138e+00 +9.9999937958529517e-01 +1.0000001426530867e+00 +1.0000002031817539e+00 +9.8859707008853890e-06 +1.7210498031147341e-05 +5.0634876405585445e-06 -2.0157908671349398e-06 +2.2662758286671024e-05
 88.00000000 +5.0000000000000000e+00 +1.9999897888265006e+00 +1.8536585673456663e-03 +9.9995760397521083e-01 +9.9999978519432409e-01 +9.9999925676991119e-01 +1.0000001535620546e+00 +1.0000002994794799e+00 +9.4620513626776475e-06 +1.6197119258176740e-05 +6.5113957006677020e-07 -1.1000505440290323e-06 +1.7690773821103442e-05
 88.50000000 +5.0000000000000000e+00 +1.9999894024779812e+00 +1.8574870762218397e-03 +9.9994806556916993e-01 +1.0000000132626037e+00 +9.9999947191743754e-01 +1.0000004078309657e+00 +1.0000000122458896e+00 +1.2482001606376468e-05 +1.6366935847515336e-05 +3.2684027923633283e-06 +1.7255741323547381e-06 +1.8186277543416670e-05
 89.00000000 +5.0000000000000000e+00 +1.9999890161658624e+00 +1.8613152243832801e-03 +9.9993852806181893e-01 +1.0000002413093947e+00 +9.9999968704469278e-01 +1.0000006620759192e+00 +9.9999972503936163e-01 +1.5501667316179653e-05 +1.6536736437061939e-05 +5.8854194211598449e-06 +4.5509325838235609e-06 +1.8681734580323496e-05
 89.50000000 +5.0000000000000000e+00 +1.9999886298901399e+00 +1.8651430118809640e-03 +9.9992899145303127e-01 +1.0000004693347011e+00 +9.9999990215168044e-01 +1.0000009162969201e+00 +9.9999943785989287e-01 +1.8521048532297661e-05 +1.6706521029077656e-05 +8.5021894913050265e-06 +7.3760248480004622e-06 +1.9177144938421538e-05
 90.00000000 +5.0000000000000000e+00 +1.9999882436508083e+00 +1.8689704387658589e-03 +9.9991945574268015e-01 +1.0000006973385254e+00 +1.0000001172384030e+00 +1.0000011704939709e+00 +9.9999915070747902e-01 +2.1540145294933379e-05 +1.6876289625823157e-05 +1.1118713037641014e-05 +1.0200850962501382e-05 +1.9672508624307152e-05
 90.50000000 +5.0000000000000000e+00 +1.9999878574478616e+00 +1.8727975050889208e-03 +9.9990992093063780e-01 +1.0000009253208704e+00 +1.0000003323048632e+00 +1.0000014246670750e+00 +9.9999886358211587e-01 +2.4558957644282108e-05 +1.7046042229558686e-05 +1.3734990095003377e-05 +1.3025410964935159e-05 +2.0167825644575449e-05
 91.00000000 +5.0000000000000000e+00 +1.9999874852647825e+00 +1.8698903464923254e-03 +9.9991720333159739e-01 +1.0000009621118346e+00 +1.0000006429274046e+00 +1.0000010808151680e+00 +9.9999885429798419e-01 +2.2901907478072156e-05 +1.4671140116060831e-05 +1.2282350548977047e-05 +1.3921442507382934e-05 +1.7479703950292839e-05
 91.50000000 +5.0000000000000000e+00 +1.9999871130026974e+00 +1.8669825707721124e-03 +9.9992448727844507e-01 +1.0000009989106091e+00 +1.0000009536158845e+00 +1.0000007368902690e+00 +9.9999884501188185e-01 +2.1244505557818298e-05 +1.2295733864885471e-05 +1.0829402640630090e-05 +1.4817664256937856e-05 +1.4791011628943074e-05
 92.00000000 +5.0000000000000000e+00 +1.9999867406615821e+00 +1.8640741777317604e-03 +9.9993177277167367e-01 +1.0000010357171962e+00 +1.0000012643703236e+00 +1.0000003928923553e+00 +9.9999883572380821e-01 +1.9586751771504584e-05 +9.9198233154901376e-06 +9.3761462717646299e-06 +1.5714076274171331e-05 +1.2101748498810165e-05
 92.50000000 +5.0000000000000000e+00 +1.9999863682414090e+00 +1.8611651671746605e-03 +9.9993905981177411e-01 +1.0000010725315978e+00 +1.0000015751907423e+00 +1.0000000488214027e+00 +9.9999882643376203e-01 +1.7928646007067476e-05 +7.5434083072641703e-06 +7.9225813441410795e-06 +1.6610678619680448e-05 +9.4119143781009256e-06
 93.00000000 +5.0000000000000000e+00 +1.9999859957421553e+00 +1.8582555389041254e-03 +9.9994634839924079e-01 +1.0000011093538168e+00 +1.0000018860771624e+00 +9.9999970467738886e-01 +9.9999881714174343e-01 +1.6270188152395863e-05 +5.1664886795287202e-06 +6.4687077594781487e-06 +1.7507471354088072e-05 +6.7215090849450087e-06
 93.50000000 +5.0000000000000000e+00 +1.9999849257997637e+00 +1.8591180601888820e-03 +9.9994384169259642e-01 +1.0000008850294302e+00 +1.0000012222364749e+00 +1.0000001546777275e+00 +9.9999904096576719e-01 +1.5527923568433759e-05 +3.8825306981071224e-06 +9.9217832564762407e-06 +1.4301548748224900e-05 +1.1221623692445962e-05
 94.00000000 +5.0000000000000000e+00 +1.9999838558848764e+00 +1.8599805593019375e-03 +9.9994133505038896e-01 +1.0000006607108103e+00 +1.0000005584128517e+00 +1.0000006046664989e+00 +9.9999926478403744e-01 +1.4785678064891939e-05 +2.5986057217061641e-06 +1.3374769989800054e-05 +1.1095708552801404e-05 +1.5721622621414096e-05
 94.50000000 +5.0000000000000000e+00 +1.9999827859974919e+00 +1.8608430362441468e-03 +9.9993882847261595e-01 +1.0000004363979564e+00 +9.9999989460629257e-01 +1.0000010546437033e+00 +9.9999948859655452e-01 +1.4043451641034703e-05 +1.3147137490532372e-06 +1.6827667962872144e-05 +7.8899507646400015e-06 +2.0221505876309733e-05
 95.00000000 +5.0000000000000000e+00 +1.9999817161376086e+00 +1.8617054910163645e-03 +9.9993632195927418e-01 +1.0000002120908686e+00 +9.9999923081679643e-01 +1.0000015046093409e+00 +9.9999971240331831e-01 +1.3301244296126380e-05 +3.0854778875796515e-08 +2.0280477179114892e-05 +4.6842753805632687e-06 +2.4721273461593003e-05
 95.50000000 +5.0000000000000000e+00 +1.9999806463052257e+00 +1.8625679236194453e-03 +9.9993381551036165e-01 +9.9999998778954646e-01 +9.9999856704436274e-01 +1.0000019545634122e+00 +9.9999993620432948e-01 +1.2559056029431348e-05 -1.2529711900986338e-06 +2.3733197641950489e-05 +1.4786823973939486e-06 +2.9220925381723761e-05
 96.00000000 +5.0000000000000000e+00 +1.9999804350646460e+00 +1.8594267987473068e-03 +9.9994193373512918e-01 +1.0000001219643322e+00 +9.9999845354205708e-01 +1.0000014286520738e+00 +9.9999979757018520e-01 +1.1207715891921225e-05 -2.8208224719906203e-06 +2.2053728027127486e-05 +5.0810863549235509e-07 +2.7315806941681056e-05
 96.50000000 +5.0000000000000000e+00 +1.9999802238053606e+00 +1.8562853957059628e-03 +9.9995005267882409e-01 +1.0000002561510006e+00 +9.9999834002970023e-01 +1.0000009026941625e+00 +9.9999965892376408e-01 +9.8562560835200833e-06 -4.3888125983930948e-06 +2.0374109683187614e-05 -4.6255107769838132e-07 +2.5410519789694636e-05
 97.00000000 +5.0000000000000000e+00 +1.9999800125273652e+00 +1.8531437144584609e-03 +9.9995817234154150e-01 +1.0000003903495525e+00 +9.9999822650729031e-01 +1.0000003766896715e+00 +9.9999952026506411e-01 +8.5046765883306362e-06 -5.9569415877503931e-06 +1.8694342590373436e-05 -1.4332967535961732e-06 +2.3505063903352522e-05
 97.50000000 +5.0000000000000000e+00 +1.9999798012306578e+00 +1.8500017549678424e-03 +9.9996629272337711e-01 +1.0000005245599894e+00 +9.9999811297482633e-01 +9.9999985063859487e-01 +9.9999938159408375e-01 +7.1529773904527877e-06 -7.5252094585101186e-06 +1.7014426728924030e-05 -2.4041284036209575e-06 +2.1599439260238766e-05
 98.00000000 +5.0000000000000000e+00 +1.9999795899152366e+00 +1.8468595171971410e-03 +9.9997441382442653e-01 +1.0000006587823138e+00 +9.9999799943230705e-01 +9.9999932454092655e-01 +9.9999924291082176e-01 +5.8011584739836247e-06 -9.0936162291231467e-06 +1.5334362079074980e-05 -3.3750460391946919e-06 +1.9693645837933452e-05
 98.50000000 +5.0000000000000000e+00 +1.9999793785810980e+00 +1.8437170011093857e-03 +9.9998253564478523e-01 +1.0000007930165262e+00 +9.9999788587973104e-01 +9.9999879839666028e-01 +9.9999910421527616e-01 +4.4492198230174177e-06 -1.0662161918043613e-05 +1.3654148621058353e-05 -4.3460496717413561e-06 +1.7787683614012692e-05
 99.00000000 +5.0000000000000000e+00 +1.9999791672282408e+00 +1.8405742066675971e-03 +9.9999065818454913e-01 +1.0000009272626291e+00 +9.9999777231709663e-01 +9.9999827220578985e-01 +9.9999896550744527e-01 +3.0971614216456143e-06 -1.2230846543728933e-05 +1.1973786335102724e-05 -5.3171393126869604e-06 +1.5881552566048621e-05
 99.50000000 +5.0000000000000000e+00 +1.9999789558566614e+00 +1.8374311338347903e-03 +9.9999878144381349e-01 +1.0000010615206232e+00 +9.9999765874440327e-01 +9.9999774596830926e-01 +9.9999882678732765e-01 +1.7449832539568488e-06 -1.3799670124639786e-05 +1.0293275201433159e-05 -6.2883149734595327e-06 +1.3975252671609405e-05
100.00000000 +5.0000000000000000e+00 +1.9999787444663579e+00 +1.8342877825739726e-03 +1.0000069054226737e+00 +1.0000011957905106e+00 +9.9999754516164863e-01 +9.9999721968421162e-01 +9.9999868805492131e-01 +3.9268530403693595e-07 -1.5368632679240116e-05 +8.6126152002712221e-06 -7.2595766654891245e-06 +1.2068783908259237e-05
100.50000000 +5.0000000000000000e+00 +1.9999785330573274e+00 +1.8311441528481472e-03 +1.0000150301212256e+00 +1.0000013300722927e+00 +9.9999743156883203e-01 +9.9999669335349151e-01 +9.9999854931022514e-01 -9.5973244403112831e-07 -1.6937734225997150e-05 +6.9318063118349839e-06 -8.2309244002078194e-06 +1.0162146253558333e-05
101.00000000 +5.0000000000000000e+00 +1.9999783216295677e+00 +1.8280002446203081e-03 +1.0000231555395649e+00 +1.0000014643659711e+00 +9.9999731796595182e-01 +9.9999616697614235e-01 +9.9999841055323690e-01 -2.3122700061671744e-06 -1.8506974783381375e-05 +5.2508485163389911e-06 -9.2023581890497175e-06 +8.2553396850629280e-06
101.50000000 +5.0000000000000000e+00 +1.9999776794253159e+00 +1.8322173650278479e-03 +1.0000120669090902e+00 +1.0000015879652733e+00 +9.9999753746954601e-01 +9.9999666169064017e-01 +9.9999853806852179e-01 -8.1712774348326282e-07 -1.5827603324756341e-05 +8.2594778164935588e-06 -7.7283013184362441e-06 +9.7214390195287679e-06
102.00000000 +5.0000000000000000e+00 +1.9999770371677708e+00 +1.8364348353887684e-03 +1.0000009773584371e+00 +1.0000017115748319e+00 +9.9999775699135507e-01 +9.9999715644619092e-01 +9.9999866559438788e-01 +6.7813859203692199e-07 -1.3148009521258444e-05 +1.1268356784642859e-05 -6.2541221247359778e-06 +1.1187660016733482e-05
102.50000000 +5.0000000000000000e+00 +1.9999763948569269e+00 +1.8406526557466327e-03 +9.9998988688749058e-01 +1.0000018351946485e+00 +9.9999797653138223e-01 +9.9999765124280060e-01 +9.9999879313083728e-01 +2.1735290158381051e-06 -1.0468193345209951e-05 +1.4277485451865844e-05 -4.7798205927220046e-06 +1.2654002691821785e-05
103.00000000 +5.0000000000000000e+00 +1.9999757524927768e+00 +1.8448708261450100e-03 +9.9997879549613666e-01 +1.0000019588247244e+00 +9.9999819608962859e-01 +9.9999814608047366e-01 +9.9999892067787099e-01 +3.6690435433675759e-06 -7.7881547689285307e-06 +1.7286863849246621e-05 -3.3053967071648819e-06 +1.4120467059940903e-05
103.50000000 +5.0000000000000000e+00 +1.9999751100753145e+00 +1.8490893466274780e-03 +9.9996770318426054e-01 +1.0000020824650608e+00 +9.9999841566609760e-01 +9.9999864095921542e-01 +9.9999904823549046e-01 +5.1646821900751876e-06 -5.1078937647272579e-06 +2.0296492007874461e-05 -1.8308504528326412e-06 +1.5587053136240581e-05
104.00000000 +5.0000000000000000e+00 +1.9999744676045323e+00 +1.8533082172376204e-03 +9.9995660995174707e-01 +1.0000022061156593e+00 +9.9999863526079047e-01 +9.9999913587903089e-01 +9.9999917580369668e-01 +6.6604449714133525e-06 -2.4274103049146058e-06 +2.3306369958843786e-05 -3.5618181449078621e-07 +1.7053760935873066e-05
104.50000000 +5.0000000000000000e+00 +1.9999738250804251e+00 +1.8575274380190293e-03 +9.9994551579848268e-01 +1.0000023297765208e+00 +9.9999885487371032e-01 +9.9999963083992560e-01 +9.9999930338249166e-01 +8.1563319028370617e-06 +2.5329563820554438e-07 +2.6316497733254206e-05 +1.1186092230977146e-06 +1.8520590473993142e-05
105.00000000 +5.0000000000000000e+00 +1.9999731825029847e+00 +1.8617470090153032e-03 +9.9993442072435212e-01 +1.0000024534476468e+00 +9.9999907450485892e-01 +1.0000001258419042e+00 +9.9999943097187605e-01 +9.6523429998038560e-06 +2.9342240923339084e-06 +2.9326875362210455e-05 +2.5935226751724140e-06 +1.9987541765758086e-05
105.50000000 +5.0000000000000000e+00 +1.9999725398722052e+00 +1.8659669302700484e-03 +9.9992332472924050e-01 +1.0000025771290384e+00 +9.9999929415423872e-01 +1.0000006208849717e+00 +9.9999955857185130e-01 +1.1148478277773855e-05 +5.6153750851758032e-06 +3.2337502876822458e-05 +4.0685585569754003e-06 +2.1454614826327709e-05
106.00000000 +5.0000000000000000e+00 +1.9999718971880811e+00 +1.8701872018268776e-03 +9.9991222781303402e-01 +1.0000027008206973e+00 +9.9999951382185193e-01 +1.0000011159691338e+00 +9.9999968618241897e-01 +1.2644737752209734e-05 +8.2967486444411428e-06 +3.5348380308205298e-05 +5.5437168837512881e-06 +2.2921809670864330e-05
106.50000000 +5.0000000000000000e+00 +1.9999712544506030e+00 +1.8744078237294109e-03 +9.9990112997561675e-01 +1.0000028245226238e+00 +9.9999973350770055e-01 +1.0000016110943950e+00 +9.9999981380357994e-01 +1.4141121438576741e-05 +1.0978344797844445e-05 +3.8359507687479218e-05 +7.0189976707472265e-06 +2.4389126314532781e-05
107.00000000 +5.0000000000000000e+00 +1.9999725114392883e+00 +1.8720024402725454e-03 +9.9990797086150029e-01 +1.0000026948393546e+00 +1.0000000386156085e+00 +1.0000014353996480e+00 +1.0000000741792805e+00 +1.2652422651641284e-05 +1.1653799038481624e-05 +3.4287270767374368e-05 +5.3571903479208002e-06 +2.3835424696409389e-05
107.50000000 +5.0000000000000000e+00 +1.9999737685398449e+00 +1.8695968427375291e-03 +9.9991481235621993e-01 +1.0000025651445434e+00 +1.0000003437506710e+00 +1.0000012596892638e+00 +1.0000003345781547e+00 +1.1163591371118180e-05 +1.2329313394271995e-05 +3.0214671419836920e-05 +3.6952351249173182e-06 +2.3281673799066783e-05
108.00000000 +5.0000000000000000e+00 +1.9999750257522872e+00 +1.8671910310957803e-03 +9.9992165445985670e-01 +1.0000024354381889e+00 +1.0000006489128912e+00 +1.0000010839632407e+00 +1.0000005950002047e+00 +9.6746275793188307e-06 +1.3004887873241240e-05 +2.6141709596480861e-05 +2.0331319819913160e-06 +2.2727873615925912e-05
108.50000000 +5.0000000000000000e+00 +1.9999762830766314e+00 +1.8647850053187143e-03 +9.9992849717249221e-01 +1.0000023057202894e+00 +1.0000009541022734e+00 +1.0000009082215766e+00 +1.0000008554454345e+00 +8.1855312585514925e-06 +1.3680522483416496e-05 +2.2068385248911595e-05 +3.7088089939381900e-07 +2.2174024140406581e-05
109.00000000 +5.0000000000000000e+00 +1.9999775405128926e+00 +1.8623787653777406e-03 +9.9993534049420796e-01 +1.0000021759908437e+00 +1.0000012593188210e+00 +1.0000007324642699e+00 +1.0000011159138469e+00 +6.6963023911212642e-06 +1.4356217232826309e-05 +1.7994698328725901e-05 -1.2915181426276679e-06 +2.1620125365927410e-05
109.50000000 +5.0000000000000000e+00 +1.9999787980610837e+00 +1.8599723112442627e-03 +9.9994218442508465e-01 +1.0000020462498502e+00 +1.0000015645625373e+00 +1.0000005566913177e+00 +1.0000013764054452e+00 +5.2069409593300965e-06 +1.5031972129500658e-05 +1.3920648787511932e-05 -2.9540651638291510e-06 +2.1066177285905836e-05
110.00000000 +5.0000000000000000e+00 +1.9999800557212222e+00 +1.8575656428896806e-03 +9.9994902896520443e-01 +1.0000019164973073e+00 +1.0000018698334265e+00 +1.0000003809027187e+00 +1.0000016369202323e+00 +3.7174469454767886e-06 +1.5707787181470961e-05 +9.8462365768492246e-06 -4.6167601839701624e-06 +2.0512179893758147e-05
110.50000000 +5.0000000000000000e+00 +1.9999813134933213e+00 +1.8551587602853867e-03 +9.9995587411464770e-01 +1.0000017867332129e+00 +1.0000021751314920e+00 +1.0000002050984700e+00 +1.0000018974582110e+00 +2.2278203318569892e-06 +1.6383662396770043e-05 +5.7714616483087041e-06 -6.2796032228137412e-06 +1.9958133182899429e-05
111.00000000 +5.0000000000000000e+00 +1.9999825713773960e+00 +1.8527516634027712e-03 +9.9996271987349628e-01 +1.0000016569575663e+00 +1.0000024804567371e+00 +1.0000000292785700e+00 +1.0000021580193847e+00 +7.3806110076319468e-07 +1.7059597783432184e-05 +1.6963239534526647e-06 -7.9425943001264578e-06 +1.9404037146743617e-05
111.50000000 +5.0000000000000000e+00 +1.9999838293734622e+00 +1.8503443522132172e-03 +9.9996956624183186e-01 +1.0000015271703655e+00 +1.0000027858091658e+00 +9.9999985344301645e-01 +1.0000024186037568e+00 -7.5183076551525062e-07 +1.7735593349493086e-05 -2.3791765561652177e-06 -9.6057334356783866e-06 +1.8849891778703480e-05
112.00000000 +5.0000000000000000e+00 +1.9999850874815348e+00 +1.8479368266881041e-03 +9.9997641321973563e-01 +1.0000013973716093e+00 +1.0000030911887816e+00 +9.9999967759180786e-01 +1.0000026792113299e+00 -2.2418552846921603e-06 +1.8411649102989881e-05 -6.4550399289999097e-06 -1.1269020649243142e-05 +1.8295697072190599e-05
112.50000000 +5.0000000000000000e+00 +1.9999843041462848e+00 +1.8464362486367957e-03 +9.9997964554392238e-01 +1.0000010700906488e+00 +1.0000022797040558e+00 +9.9999976781942690e-01 +1.0000018044297532e+00 -2.4811450574578574e-06 +1.7474746935593806e-05 -4.4612140159235804e-06 -9.3395311352761481e-06 +1.4239566588976901e-05
113.00000000 +5.0000000000000000e+00 +1.9999835209292891e+00 +1.8449358971160579e-03 +9.9998287738015079e-01 +1.0000007428590953e+00 +1.0000014683418335e+00 +9.9999985803342550e-01 +1.0000009297802352e+00 -2.7203987065120285e-06 +1.6537986205013993e-05 -2.4676890952017696e-06 -7.4103329012990609e-06 +1.0184048428161249e-05
113.50000000 +5.0000000000000000e+00 +1.9999827378305202e+00 +1.8434357720745966e-03 +9.9998610872853011e-01 +1.0000004156769375e+00 +1.0000006571020867e+00 +9.9999994823380578e-01 +1.0000000552627464e+00 -2.9596162400340283e-06 +1.5601366879225427e-05 -4.7446509868191774e-07 -5.4814258813584448e-06 +6.1291424510977953e-06
114.00000000 +5.0000000000000000e+00 +1.9999819548499518e+00 +1.8419358734611366e-03 +9.9998933958917191e-01 +1.0000000885441647e+00 +9.9999984598478775e-01 +1.0000000384205716e+00 +9.9999918087725659e-01 -3.1987976662007447e-06 +1.4664888926212784e-05 +1.5184580417679634e-06 -3.5528100095207909e-06 +2.0748485191825516e-06
114.50000000 +5.0000000000000000e+00 +1.9999811719875578e+00 +1.8404362012244160e-03 +9.9999256996218677e-01 +9.9999976146076530e-01 +9.9999903498990961e-01 +1.0000001285937259e+00 +9.9999830662373645e-01 -3.4379429931865943e-06 +1.3728552313970390e-05 +3.5110803942592907e-06 -1.6244852198724837e-06 -1.9788335061466322e-06
115.00000000 +5.0000000000000000e+00 +1.9999803892433099e+00 +1.8389367553131883e-03 +9.9999579984768383e-01 +9.9999943442672812e-01 +9.9999822411742390e-01 +1.0000002187532711e+00 +9.9999743250215534e-01 -3.6770522291635266e-06 +1.2792357010502233e-05 +5.5034020268829252e-06 +3.0354855348019360e-07 -6.0319037634100791e-06
115.50000000 +5.0000000000000000e+00 +1.9999796066171829e+00 +1.8374375356762234e-03 +9.9999902924577477e-01 +9.9999910744204223e-01 +9.9999741336730330e-01 +1.0000003088992109e+00 +9.9999655851248404e-01 -3.9161253823010283e-06 +1.1856302983821961e-05 +7.4954230077091838e-06 +2.2312913764110767e-06 -1.0084362391086320e-05
116.00000000 +5.0000000000000000e+00 +1.9999788241091494e+00 +1.8359385422623059e-03 +1.0000022581565693e+00 +9.9999878050669633e-01 +9.9999660273951974e-01 +1.0000003990315482e+00 +9.9999568465469235e-01 -4.1551624607661161e-06 +1.0920390201952865e-05 +9.4871434047878284e-06 +4.1587433147741118e-06 -1.4136209527612079e-05
116.50000000 +5.0000000000000000e+00 +1.9999780417191821e+00 +1.8344397750202363e-03 +1.0000054865801775e+00 +9.9999845362067907e-01 +9.9999579223404567e-01 +1.0000004891502861e+00 +9.9999481092875020e-01 -4.3941634727233465e-06 +9.9846186329279025e-06 +1.1478563286148093e-05 +6.0859044344033785e-06 -1.8187445311382309e-05
117.00000000 +5.0000000000000000e+00 +1.9999772594472549e+00 +1.8329412338988302e-03 +1.0000087145167100e+00 +9.9999812678397970e-01 +9.9999498185085345e-01 +1.0000005792554278e+00 +9.9999393733462827e-01 -4.6331284263348069e-06 +9.0489882447896636e-06 +1.3469682719798683e-05 +8.0127748011130901e-06 -2.2238069880750203e-05
117.50000000 +5.0000000000000000e+00 +1.9999764772933415e+00 +1.8314429188469193e-03 +1.0000119419662770e+00 +9.9999779999658656e-01 +9.9999417158991544e-01 +1.0000006693469763e+00 +9.9999306387229658e-01 -4.8720573297601265e-06 +8.1134990055903854e-06 +1.5460501773727790e-05 +9.9393544806976054e-06 -2.6288083374027219e-05
118.00000000 +5.0000000000000000e+00 +1.9999753038822556e+00 +1.8375617584668327e-03 +9.9999663386005733e-01 +9.9999808422111680e-01 +9.9999468037852646e-01 +1.0000007847277668e+00 +9.9999356206763013e-01 -3.0490621809684468e-06 +1.0757021211071921e-05 +1.5773785312990458e-05 +1.2211739014526536e-05 -1.9438751906275326e-05
118.50000000 +5.0000000000000000e+00 +1.9999741305542147e+00 +1.8436801650455270e-03 +9.9998132683722030e-01 +9.9999836842553214e-01 +9.9999518913113006e-01 +1.0000009001003920e+00 +9.9999406022770554e-01 -1.2261960488026987e-06 +1.3400356329760744e-05 +1.6087046680616949e-05 +1.4483962727639316e-05 -1.2589905177957016e-05
119.00000000 +5.0000000000000000e+00 +1.9999729573092087e+00 +1.8497981386289711e-03 +9.9996602089765019e-01 +9.9999865260983456e-01 +9.9999569784772946e-01 +1.0000010154648520e+00 +9.9999455835252649e-01 +5.9654108043274010e-07 +1.6043504381516847e-05 +1.6400285878960863e-05 +1.6756025637107688e-05 -5.7415431376153009e-06
119.50000000 +5.0000000000000000e+00 +1.9999717841472291e+00 +1.8559156792631267e-03 +9.9995071604123176e-01 +9.9999893677402618e-01 +9.9999620652832832e-01 +1.0000011308211483e+00 +9.9999505644209674e-01 +2.4191492204315528e-06 +1.8686465386197417e-05 +1.6713502910375478e-05 +1.9027927760000995e-05 +1.1063342661995420e-06
120.00000000 +5.0000000000000000e+00 +1.9999706110682685e+00 +1.8620327869939507e-03 +9.9993541226785088e-01 +9.9999922091810922e-01 +9.9999671517293109e-01 +1.0000012461692813e+00 +9.9999555449642019e-01 +4.2416283848854838e-06 +2.1329239363656834e-05 +1.7026697777213732e-05 +2.1299669113386155e-05 +7.9537270849299272e-06
120.50000000 +5.0000000000000000e+00 +1.9999694380723165e+00 +1.8681494618673921e-03 +9.9992010957739197e-01 +9.9999950504208557e-01 +9.9999722378154121e-01 +1.0000013615092525e+00 +9.9999605251550028e-01 +6.0639785874843379e-06 +2.3971826333746659e-05 +1.7339870481828239e-05 +2.3571249714327661e-05 +1.4800635370011013e-05
121.00000000 +5.0000000000000000e+00 +1.9999682651593649e+00 +1.8742657039293941e-03 +9.9990480796974002e-01 +9.9999978914595733e-01 +9.9999773235416245e-01 +1.0000014768410617e+00 +9.9999655049934089e-01 +7.8861998419159888e-06 +2.6614226316315646e-05 +1.7653021026571264e-05 +2.5842669579887610e-05 +2.1647059172870672e-05
121.50000000 +5.0000000000000000e+00 +1.9999670923294046e+00 +1.8803815132258934e-03 +9.9988950744478067e-01 +1.0000000732297274e+00 +9.9999824089079892e-01 +1.0000015921647107e+00 +9.9999704844794590e-01 +9.7082921618663696e-06 +2.9256439331209761e-05 +1.7966149413794753e-05 +2.8113928727125681e-05 +2.8492998544929493e-05
122.00000000 +5.0000000000000000e+00 +1.9999659195824273e+00 +1.8864968898028196e-03 +9.9987420800239857e-01 +1.0000003572933966e+00 +9.9999874939145417e-01 +1.0000017074802001e+00 +9.9999754636131888e-01 +1.1530255561019475e-05 +3.1898465398272124e-05 +1.8279255645850310e-05 +3.0385027173099116e-05 +3.5338453537600785e-05
122.50000000 +5.0000000000000000e+00 +1.9999647469184239e+00 +1.8926118337060963e-03 +9.9985890964247859e-01 +1.0000006413369684e+00 +9.9999925785613186e-01 +1.0000018227875307e+00 +9.9999804423946359e-01 +1.3352090053057359e-05 +3.4540304537343075e-05 +1.8592339725089214e-05 +3.2655964934862771e-05 +4.2183424202290583e-05
123.00000000 +5.0000000000000000e+00 +1.9999635743373858e+00 +1.8987263449816410e-03 +9.9984361236490671e-01 +1.0000009253604440e+00 +9.9999976628483644e-01 +1.0000019380867036e+00 +9.9999854208238370e-01 +1.5173795651660156e-05 +3.7181956768260141e-05 +1.8905401653862411e-05 +3.4926742029469083e-05 +4.9027910590397691e-05
123.50000000 +5.0000000000000000e+00 +1.9999630652077411e+00 +1.8975737038759031e-03 +9.9984635395972110e-01 +1.0000009918679913e+00 +1.0000003723615667e+00 +1.0000017196735556e+00 +9.9999847847678280e-01 +1.6301993433216280e-05 +3.5738954282227785e-05 +2.4156313145281804e-05 +3.2968703742164756e-05 +4.2917681854006284e-05
124.00000000 +5.0000000000000000e+00 +1.9999625560460048e+00 +1.8964209901156431e-03 +9.9984909572734693e-01 +1.0000010583797312e+00 +1.0000009784765005e+00 +1.0000015012466406e+00 +9.9999841486717256e-01 +1.7430262328557234e-05 +3.4295860839299416e-05 +2.9407555617843033e-05 +3.1010542033669830e-05 +3.6807067971057509e-05
124.50000000 +5.0000000000000000e+00 +1.9999620468521737e+00 +1.8952682036939899e-03 +9.9985183766779984e-01 +1.0000011248956633e+00 +1.0000015846296404e+00 +1.0000012828059570e+00 +9.9999835125355274e-01 +1.8558602344407002e-05 +3.2852676430874824e-05 +3.4659129102841205e-05 +2.9052256892314491e-05 +3.0696068905134750e-05
125.00000000 +5.0000000000000000e+00 +1.9999615376262443e+00 +1.8941153446040738e-03 +9.9985457978109682e-01 +1.0000011914157882e+00 +1.0000021908209902e+00 +1.0000010643515034e+00 +9.9999828763592280e-01 +1.9687013487490435e-05 +3.1409401048352714e-05 +3.9911033631575414e-05 +2.7093848306427477e-05 +2.4584684619816801e-05
125.50000000 +5.0000000000000000e+00 +1.9999610283682134e+00 +1.8929624128390227e-03 +9.9985732206725397e-01 +1.0000012579401065e+00 +1.0000027970505536e+00 +1.0000008458832785e+00 +9.9999822401428240e-01 +2.0815495764533219e-05 +2.9966034683130704e-05 +4.5163269235348670e-05 +2.5135316264336045e-05 +1.8472915078677870e-05
126.00000000 +5.0000000000000000e+00 +1.9999605190780783e+00 +1.8918094083919649e-03 +9.9986006452628773e-01 +1.0000013244686190e+00 +1.0000034033183347e+00 +1.0000006274012814e+00 +9.9999816038863154e-01 +2.1944049182261889e-05 +2.8522577326605338e-05 +5.0415835945467962e-05 +2.3176660754366000e-05 +1.2360760245287578e-05
126.50000000 +5.0000000000000000e+00 +1.9999600097558361e+00 +1.8906563312560275e-03 +9.9986280715821430e-01 +1.0000013910013252e+00 +1.0000040096243368e+00 +1.0000004089055103e+00 +9.9999809675896911e-01 +2.3072673747403837e-05 +2.7079028970172052e-05 +5.5668733793244175e-05 +2.1217881764841644e-05 +6.2482200832109373e-06
127.00000000 +5.0000000000000000e+00 +1.9999595004014841e+00 +1.8895031814243357e-03 +9.9986554996305010e-01 +1.0000014575382261e+00 +1.0000046159685632e+00 +1.0000001903959643e+00 +9.9999803312529534e-01 +2.4201369466687290e-05 +2.5635389605225219e-05 +6.0921962809992190e-05 +1.9258979284085834e-05 +1.3529455600837522e-07
127.50000000 +5.0000000000000000e+00 +1.9999589910150186e+00 +1.8883499588900157e-03 +9.9986829294081159e-01 +1.0000015240793223e+00 +1.0000052223510181e+00 +9.9999997187264245e-01 +9.9999796948760977e-01 +2.5330136346841339e-05 +2.4191659223158127e-05 +6.6175523027030820e-05 +1.7299953300419942e-05 -5.9780163727642735e-06
128.00000000 +5.0000000000000000e+00 +1.9999584815964371e+00 +1.8871966636461908e-03 +9.9987103609151495e-01 +1.0000015906246136e+00 +1.0000058287717044e+00 +9.9999975333554236e-01 +9.9999790584591186e-01 +2.6458974394595896e-05 +2.2747837815362962e-05 +7.1429414475682803e-05 +1.5340803802163869e-05 -1.2091712739555767e-05
128.50000000 +5.0000000000000000e+00 +1.9999579721457357e+00 +1.8860432956859846e-03 +9.9987377941517663e-01 +1.0000016571741004e+00 +1.0000064352306264e+00 +9.9999953478466330e-01 +9.9999784220020127e-01 +2.7587883616681759e-05 +2.1303925373230827e-05 +7.6683637187274878e-05 +1.3381530777636039e-05 -1.8205794580819475e-05
129.00000000 +5.0000000000000000e+00 +1.9999596277167644e+00 +1.8800613534997899e-03 +9.9988912927279139e-01 +1.0000014835597111e+00 +1.0000058106433893e+00 +9.9999947247914212e-01 +9.9999789399183181e-01 +2.1613082807923287e-05 +1.5342912507855898e-05 +6.9971556975023772e-05 +1.1854737091045135e-05 -1.2572245650636089e-05
129.50000000 +5.0000000000000000e+00 +1.9999612833622074e+00 +1.8740791424347550e-03 +9.9990447982035779e-01 +1.0000013099375178e+00 +1.0000051860280779e+00 +9.9999941017082017e-01 +9.9999794578579027e-01 +1.5638013441319240e-05 +9.3816317043816416e-06 +6.3259175065384117e-05 +1.0327874777493057e-05 -6.9384435013392897e-06
130.00000000 +5.0000000000000000e+00 +1.9999629390820717e+00 +1.8680966624727527e-03 +9.9991983105792237e-01 +1.0000011363075203e+00 +1.0000045613846904e+00 +9.9999934785969746e-01 +9.9999799758207686e-01 +9.6626754987623505e-06 +3.4200829447425718e-06 +5.6546491438014222e-05 +8.8009438323527008e-06 -1.3043881158560047e-06
130.50000000 +5.0000000000000000e+00 +1.9999645948763609e+00 +1.8621139135956521e-03 +9.9993518298553219e-01 +1.0000009626697184e+00 +1.0000039367132252e+00 +9.9999928554577422e-01 +9.9999804938069203e-01 +3.6870689621436997e-06 -2.5417337891284392e-06 +4.9833506072570591e-05 +7.2739442509965285e-06 +4.3299205228883922e-06
131.00000000 +5.0000000000000000e+00 +1.9999662507450804e+00 +1.8561308957853197e-03 +9.9995053560323310e-01 +1.0000007890241112e+00 +1.0000033120136798e+00 +9.9999922322904933e-01 +9.9999810118163501e-01 -2.2888061866472524e-06 -8.5038185153001327e-06 +4.3120218948707845e-05 +5.7468760287965971e-06 +9.9644824319700437e-06
131.50000000 +5.0000000000000000e+00 +1.9999679066882352e+00 +1.8501476090236231e-03 +9.9996588891107197e-01 +1.0000006153706980e+00 +1.0000026872860526e+00 +9.9999916090952357e-01 +9.9999815298490702e-01 -8.2649499657226616e-06 -1.4466171251842876e-05 +3.6406630046078850e-05 +4.2197391611245457e-06 +1.5599297628466636e-05
132.00000000 +5.0000000000000000e+00 +1.9999695627058305e+00 +1.8441640532924264e-03 +9.9998124290909551e-01 +1.0000004417094783e+00 +1.0000020625303421e+00 +9.9999909858719627e-01 +9.9999820479050794e-01 -1.4241362393196341e-05 -2.0428792016828672e-05 +2.9692739344334575e-05 +2.6925336433515943e-06 +2.1234366129457407e-05
132.50000000 +5.0000000000000000e+00 +1.9999712187978711e+00 +1.8381802285735926e-03 +9.9999659759734982e-01 +1.0000002680404521e+00 +1.0000014377465456e+00 +9.9999903626206710e-01 +9.9999825659843722e-01 -2.0218043487183698e-05 -2.6391680828331136e-05 +2.2978546823124188e-05 +1.1652594708485479e-06 +2.6869687952023093e-05
133.00000000 +5.0000000000000000e+00 +1.9999728749643626e+00 +1.8321961348489830e-03 +1.0000119529758820e+00 +1.0000000943636185e+00 +1.0000008129346618e+00 +9.9999897393413661e-01 +9.9999830840869586e-01 -2.6194993265801798e-05 -3.2354837704425510e-05 +1.6264052462095038e-05 -3.6208336101420298e-07 +3.2505263113246002e-05
133.50000000 +5.0000000000000000e+00 +1.9999745312053092e+00 +1.8262117721004568e-03 +1.0000273090447378e+00 +9.9999992067897692e-01 +1.0000001880946885e+00 +9.9999891160340348e-01 +9.9999836022128352e-01 -3.2172211747169301e-05 -3.8318262663188659e-05 +9.5492562408926294e-06 -1.8894948568666827e-06 +3.8141091630209957e-05
134.00000000 +5.0000000000000000e+00 +1.9999761875207163e+00 +1.8202271403098724e-03 +1.0000426658039645e+00 +9.9999974698652683e-01 +9.9999956322662420e-01 +9.9999884926986826e-01 +9.9999841203620077e-01 -3.8149698949406541e-05 -4.4281955722699079e-05 +2.8341581391606294e-06 -3.4169750213393392e-06 +4.3777173520000327e-05
134.50000000 +5.0000000000000000e+00 +1.9999734421415427e+00 +1.8260236722226293e-03 +1.0000271837577086e+00 +1.0000000391211843e+00 +9.9999909009771915e-01 +9.9999883004953305e-01 +9.9999910273271564e-01 -3.4966041711257756e-05 -3.7651803033288475e-05 +6.7586976570541335e-06 -1.9773102501396916e-07 +4.1811142769463491e-05
135.00000000 +5.0000000000000000e+00 +1.9999706970333477e+00 +1.8318196319981111e-03 +1.0000117032395832e+00 +1.0000003312270072e+00 +9.9999861701551340e-01 +9.9999881083109510e-01 +9.9999979336105649e-01 -3.1782698710829667e-05 -3.1022304762338503e-05 +1.0682849809643955e-05 +3.0211952210574961e-06 +3.9845306072801058e-05
135.50000000 +5.0000000000000000e+00 +1.9999679521960905e+00 +1.8376150197210218e-03 +9.9999622424936185e-01 +1.0000006233039997e+00 +9.9999814398000031e-01 +9.9999879161455407e-01 +1.0000004839212333e+00 -2.8599669901600092e-05 -2.4393460812963985e-05 +1.4606614654278657e-05 +6.2398037639172674e-06 +3.7879663401283805e-05
136.00000000 +5.0000000000000000e+00 +1.9999652076297316e+00 +1.8434098354760484e-03 +9.9998074678681825e-01 +1.0000009153521661e+00 +9.9999767099117298e-01 +9.9999877239990931e-01 +1.0000011744132564e+00 -2.5416955237056008e-05 -1.7765271088298849e-05 +1.8529992248295486e-05 +9.4580946505982805e-06 +3.5914214726188147e-05
136.50000000 +5.0000000000000000e+00 +1.9999624633342301e+00 +1.8492040793478609e-03 +9.9996527085172637e-01 +1.0000012073715105e+00 +9.9999719804902387e-01 +9.9999875318716080e-01 +1.0000018648371354e+00 -2.2234554670693593e-05 -1.1137735491496157e-05 +2.2452982649020365e-05 +1.2676067928124168e-05 +3.3948960018796197e-05
137.00000000 +5.0000000000000000e+00 +1.9999597193095466e+00 +1.8549977514211130e-03 +9.9994979644385995e-01 +1.0000014993620376e+00 +9.9999672515354676e-01 +9.9999873397630856e-01 +1.0000025551928811e+00 -1.9052468156018207e-05 -4.5108539257280806e-06 +2.6375585913767920e-05 +1.5893723643509300e-05 +3.1983899250395714e-05
137.50000000 +5.0000000000000000e+00 +1.9999569755556410e+00 +1.8607908517804409e-03 +9.9993432356299317e-01 +1.0000017913237511e+00 +9.9999625230473455e-01 +9.9999871476735192e-01 +1.0000032454805028e+00 -1.5870695646544362e-05 +2.1153737058141006e-06 +3.0297802099841442e-05 +1.9111061843758762e-05 +3.0019032392280124e-05
138.00000000 +5.0000000000000000e+00 +1.9999542320724730e+00 +1.8665833805104656e-03 +9.9991885220889987e-01 +1.0000020832566556e+00 +9.9999577950258045e-01 +9.9999869556029064e-01 +1.0000039357000112e+00 -1.2689237095795770e-05 +8.7409474999200058e-06 +3.4219631264532935e-05 +2.2328082575868364e-05 +2.8054359415748536e-05
138.50000000 +5.0000000000000000e+00 +1.9999514888600023e+00 +1.8723753376957899e-03 +9.9990338238135390e-01 +1.0000023751607552e+00 +9.9999530674707726e-01 +9.9999867635512463e-01 +1.0000046258514161e+00 -9.5080924573053017e-06 +1.5365867553360147e-05 +3.8141073465123077e-05 +2.5544785886824636e-05 +2.6089880292105713e-05
139.00000000 +5.0000000000000000e+00 +1.9999487459181888e+00 +1.8781667234210003e-03 +9.9988791408012967e-01 +1.0000026670360542e+00 +9.9999483403821809e-01 +9.9999865715185332e-01 +1.0000053159347275e+00 -6.3272616846150034e-06 +2.1990133962885924e-05 +4.2062128758881241e-05 +2.8761171823604831e-05 +2.4125594992662077e-05
139.50000000 +5.0000000000000000e+00 +1.9999460032469933e+00 +1.8839575377706673e-03 +9.9987244730500124e-01 +1.0000029588825572e+00 +9.9999436137599629e-01 +9.9999863795047672e-01 +1.0000060059499556e+00 -3.1467447312760777e-06 +2.8613746825229698e-05 +4.5982797203065546e-05 +3.1977240433176964e-05 +2.2161503488733707e-05
140.00000000 +5.0000000000000000e+00 +1.9999477508091270e+00 +1.8814313915930883e-03 +9.9987983798075641e-01 +1.0000031021122198e+00 +9.9999509393493169e-01 +9.9999888169988316e-01 +1.0000048644114488e+00 -9.3913142408875497e-07 +2.2377717445506124e-05 +4.6872997648325335e-05 +3.4037047839864976e-05 +1.5871236527903171e-05
140.50000000 +5.0000000000000000e+00 +1.9999494984559014e+00 +1.8789051230649852e-03 +9.9988722901446891e-01 +1.0000032453488192e+00 +9.9999582652934760e-01 +9.9999912546109526e-01 +1.0000037228176530e+00 +1.2685888059077033e-06 +1.6141386032008355e-05 +4.7763241209257581e-05 +3.6096955010580269e-05 +9.5806649063734543e-06
141.00000000 +5.0000000000000000e+00 +1.9999512461873228e+00 +1.8763787321774688e-03 +9.9989462040616539e-01 +1.0000033885923565e+00 +9.9999655915924679e-01 +9.9999936923411403e-01 +1.0000025811685647e+00 +3.4764159664814802e-06 +9.9047525627929602e-06 +4.8653527888994768e-05 +3.8156961952570922e-05 +3.2897886020102878e-06
141.50000000 +5.0000000000000000e+00 +1.9999529940033973e+00 +1.8738522189216487e-03 +9.9990201215587116e-01 +1.0000035318428317e+00 +9.9999729182463126e-01 +9.9999961301893980e-01 +1.0000014394641790e+00 +5.6843500654015137e-06 +3.6678170159143664e-06 +4.9543857690669616e-05 +4.0217068673085723e-05 -3.0013924073227711e-06
142.00000000 +5.0000000000000000e+00 +1.9999547419041313e+00 +1.8713255832886349e-03 +9.9990940426361241e-01 +1.0000036751002457e+00 +9.9999802452550413e-01 +9.9999985681557435e-01 +1.0000002977044928e+00 +7.8923911104374902e-06 -2.5694206305751045e-06 +5.0434230617415212e-05 +4.2277275179374156e-05 -9.2928781437642986e-06
142.50000000 +5.0000000000000000e+00 +1.9999564898895310e+00 +1.8687988252695355e-03 +9.9991679672941558e-01 +1.0000038183645990e+00 +9.9999875726186815e-01 +1.0000001006240180e+00 +9.9999915588950161e-01 +1.0100539109359854e-05 -8.8069603986252715e-06 +5.1324646672364920e-05 +4.4337581478686422e-05 -1.5584668629455014e-05
143.00000000 +5.0000000000000000e+00 +1.9999582379596019e+00 +1.8662719448554585e-03 +9.9992418955330609e-01 +1.0000039616358920e+00 +9.9999949003372546e-01 +1.0000003444442713e+00 +9.9999801401920119e-01 +1.2308794069939800e-05 -1.5044802310188079e-05 +5.2215105858652370e-05 +4.6397987578273394e-05 -2.1876763886537797e-05
143.50000000 +5.0000000000000000e+00 +1.9999599861143507e+00 +1.8637449420375091e-03 +9.9993158273531013e-01 +1.0000041049141248e+00 +1.0000002228410787e+00 +1.0000005882763354e+00 +9.9999687209358779e-01 +1.4517155999949271e-05 -2.1282946387217586e-05 +5.3105608179411557e-05 +4.8458493485386665e-05 -2.8169163937157636e-05
144.00000000 +5.0000000000000000e+00 +1.9999617343537828e+00 +1.8612178168067939e-03 +9.9993897627545369e-01 +1.0000042481992983e+00 +1.0000009556839300e+00 +1.0000008321202112e+00 +9.9999573011265730e-01 +1.6725624907160970e-05 -2.7521392651669991e-05 +5.3996153637776752e-05 +5.0519099207278536e-05 -3.4461868803461710e-05
144.50000000 +5.0000000000000000e+00 +1.9999634826779062e+00 +1.8586905691544192e-03 +9.9994637017376353e-01 +1.0000043914914134e+00 +1.0000016885622831e+00 +1.0000010759758999e+00 +9.9999458807640607e-01 +1.8934200799348356e-05 -3.3760141125503626e-05 +5.4886742236882541e-05 +5.2579804751202030e-05 -4.0754878507599312e-05
145.00000000 +5.0000000000000000e+00 +1.9999652310867246e+00 +1.8561631990714868e-03 +9.9995376443026429e-01 +1.0000045347904698e+00 +1.0000024214761398e+00 +1.0000013198434017e+00 +9.9999344598482953e-01 +2.1142883684285626e-05 -3.9999191830678920e-05 +5.5777373979863772e-05 +5.4640610124410804e-05 -4.7048193071721894e-05
145.50000000 +5.0000000000000000e+00 +1.9999661662230408e+00 +1.8516379809736818e-03 +9.9996532805344063e-01 +1.0000047200659008e+00 +1.0000025038773941e+00 +1.0000010526161016e+00 +9.9999427399115270e-01 +2.3762890109957296e-05 -3.8950151412114026e-05 +4.2121211999848705e-05 +5.2414717704297194e-05 -4.7227264935550549e-05
146.00000000 +5.0000000000000000e+00 +1.9999671013890084e+00 +1.8471126193840290e-03 +9.9997689204329165e-01 +1.0000049053472062e+00 +1.0000025862812609e+00 +1.0000007853803274e+00 +9.9999510202373121e-01 +2.6382979614400584e-05 -3.7901077729130934e-05 +2.8464616991444349e-05 +5.0188754702521541e-05 -4.7406342477636426e-05
146.50000000 +5.0000000000000000e+00 +1.9999680365846304e+00 +1.8425871142957043e-03 +9.9998845639983547e-01 +1.0000050906343871e+00 +1.0000026686877410e+00 +1.0000005181360794e+00 +9.9999593008256660e-01 +2.9003152201567118e-05 -3.6851970780147462e-05 +1.4807588934053816e-05 +4.7962721115726661e-05 -4.7585425698249654e-05
147.00000000 +5.0000000000000000e+00 +1.9999689718099076e+00 +1.8380614657018824e-03 +1.0000000211230897e+00 +1.0000052759274436e+00 +1.0000027510968343e+00 +1.0000002508833572e+00 +9.9999675816765998e-01 +3.1623407875408787e-05 -3.5802830563581290e-05 +1.1501278070788702e-06 +4.5736616940555152e-05 -4.7764514597660320e-05
147.50000000 +5.0000000000000000e+00 +1.9999699070648418e+00 +1.8335356735957361e-03 +1.0000115862130712e+00 +1.0000054612263758e+00 +1.0000028335085405e+00 +9.9999998362215980e-01 +9.9999758627901247e-01 +3.4243746639877702e-05 -3.4753657077849980e-05 -1.2507766410080013e-05 +4.3510442173649368e-05 -4.7943609176138527e-05
148.00000000 +5.0000000000000000e+00 +1.9999708423494347e+00 +1.8290097379704403e-03 +1.0000231516697982e+00 +1.0000056465311842e+00 +1.0000029159228605e+00 +9.9999971635248774e-01 +9.9999841441662618e-01 +3.6864168498926263e-05 -3.3704450321371048e-05 -2.6166093738023664e-05 +4.1284196811651482e-05 -4.8122709433954444e-05
148.50000000 +5.0000000000000000e+00 +1.9999717776636869e+00 +1.8244836588191676e-03 +1.0000347174932875e+00 +1.0000058318418690e+00 +1.0000029983397938e+00 +9.9999944907433980e-01 +9.9999924258050121e-01 +3.9484673456507083e-05 -3.2655210292561859e-05 -3.9824854197354251e-05 +3.9057880851203408e-05 -4.8301815371378214e-05
149.00000000 +5.0000000000000000e+00 +1.9999727130075999e+00 +1.8199574361350902e-03 +1.0000462836835566e+00 +1.0000060171584304e+00 +1.0000030807593407e+00 +9.9999918178771552e-01 +1.0000000707706391e+00 +4.2105261516573043e-05 -3.1605936989839687e-05 -5.3484047808675189e-05 +3.6831494288946904e-05 -4.8480926988679980e-05
149.50000000 +5.0000000000000000e+00 +1.9999736483811761e+00 +1.8154310699113807e-03 +1.0000578502406232e+00 +1.0000062024808687e+00 +1.0000031631815016e+00 +9.9999891449261513e-01 +1.0000008989870417e+00 +4.4725932683077278e-05 -3.0556630411621739e-05 -6.7143674592591292e-05 +3.4605037121523471e-05 -4.8660044286129964e-05
150.00000000 +5.0000000000000000e+00 +1.9999745837844149e+00 +1.8109045601412104e-03 +1.0000694171645046e+00 +1.0000063878091840e+00 +1.0000032456062760e+00 +9.9999864718903764e-01 +1.0000017272297097e+00 +4.7346686959973163e-05 -2.9507290556325060e-05 -8.0803734569708519e-05 +3.2378509345574433e-05 -4.8839167263998345e-05
150.50000000 +5.0000000000000000e+00 +1.9999755192173208e+00 +1.8063779068177523e-03 +1.0000809844552188e+00 +1.0000065731433774e+00 +1.0000033280336651e+00 +9.9999837987698337e-01 +1.0000025554986449e+00 +4.9967524351214363e-05 -2.8457917422366674e-05 -9.4464227760634377e-05 +3.0151910957740878e-05 -4.9018295922555392e-05
151.00000000 +5.0000000000000000e+00 +1.9999728879572216e+00 +1.8109531562494473e-03 +1.0000685380268686e+00 +1.0000054559230860e+00 +1.0000023399099669e+00 +9.9999833112884207e-01 +1.0000021829100967e+00 +5.0495974927441983e-05 -2.7797861569001589e-05 -8.3266384316425687e-05 +2.9451417605632972e-05 -4.5731042674216326e-05
151.50000000 +5.0000000000000000e+00 +1.9999702571016558e+00 +1.8155277022781273e-03 +1.0000560935120446e+00 +1.0000043388745579e+00 +1.0000013519381847e+00 +9.9999828238819555e-01 +1.0000018103788311e+00 +5.1024344259196607e-05 -2.7137907193224745e-05 -7.2070262438869782e-05 +2.8751031948011202e-05 -4.2444294811186479e-05
152.00000000 +5.0000000000000000e+00 +1.9999676266505282e+00 +1.8201015450659912e-03 +1.0000436509103037e+00 +1.0000032219977522e+00 +1.0000003641182820e+00 +9.9999823365504170e-01 +1.0000014379048339e+00 +5.1552632365212634e-05 -2.6478054271636040e-05 -6.0875861730984274e-05 +2.8050753960041888e-05 -3.9158052216927193e-05
152.50000000 +5.0000000000000000e+00 +1.9999649966037467e+00 +1.8246746847751902e-03 +1.0000312102212063e+00 +1.0000021052926296e+00 +9.9999937645022430e-01 +9.9999818492937920e-01 +1.0000010654880924e+00 +5.2080839264218814e-05 -2.5818302780842586e-05 -4.9683181795908926e-05 +2.7350583616899010e-05 -3.5872314774935655e-05
153.00000000 +5.0000000000000000e+00 +1.9999623669612174e+00 +1.8292471215678242e-03 +1.0000187714443105e+00 +1.0000009887591510e+00 +9.9999838893397652e-01 +9.9999813621120592e-01 +1.0000006931285939e+00 +5.2608964974938052e-05 -2.5158652697458684e-05 -3.8492222236905436e-05 +2.6650520893764171e-05 -3.2587082368744886e-05
153.50000000 +5.0000000000000000e+00 +1.9999597377228480e+00 +1.8338188556059442e-03 +1.0000063345791756e+00 +9.9999987239727639e-01 +9.9999740156950367e-01 +9.9999808750052022e-01 +1.0000003208263242e+00 +5.3137009516087553e-05 -2.4499103998105812e-05 -2.7302982657357510e-05 +2.5950565765826600e-05 -2.9302354881923674e-05
154.00000000 +5.0000000000000000e+00 +1.9999571088885451e+00 +1.8383898870515522e-03 +9.9999389962536156e-01 +9.9999875620696643e-01 +9.9999641435677122e-01 +9.9999803879732097e-01 +9.9999994858127084e-01 +5.3664972906378758e-05 -2.3839656659412667e-05 -1.6115462660770698e-05 +2.5250718208283163e-05 -2.6018132198076624e-05
154.50000000 +5.0000000000000000e+00 +1.9999544804582146e+00 +1.8429602160665972e-03 +9.9998146658242693e-01 +9.9999764018818127e-01 +9.9999542729574342e-01 +9.9999799010160528e-01 +9.9999957639342019e-01 +5.4192855164517330e-05 -2.3180310658015075e-05 -4.9296618507724482e-06 +2.4550978196338326e-05 -2.2734414200844080e-05
155.00000000 +5.0000000000000000e+00 +1.9999518524317645e+00 +1.8475298428129825e-03 +9.9996903544993188e-01 +9.9999652434088204e-01 +9.9999444038638619e-01 +9.9999794141337273e-01 +9.9999920426275968e-01 +5.4720656309203237e-05 -2.2521065970556092e-05 +6.2544201688879829e-06 +2.3851345705204205e-05 -1.9451200773902187e-05
155.50000000 +5.0000000000000000e+00 +1.9999492248091006e+00 +1.8520987674525583e-03 +9.9995660622743565e-01 +9.9999540866502812e-01 +9.9999345362866321e-01 +9.9999789273262052e-01 +9.9999883218927510e-01 +5.5248376359130598e-05 -2.1861922573685920e-05 +1.7436783794339569e-05 +2.3151820710100499e-05 -1.6168491800962803e-05
156.00000000 +5.0000000000000000e+00 +1.9999465975901312e+00 +1.8566669901471271e-03 +9.9994417891449838e-01 +9.9999429316058108e-01 +9.9999246702254097e-01 +9.9999784405934733e-01 +9.9999846017295435e-01 +5.5776015332987934e-05 -2.1202880444061954e-05 +2.8617429421589600e-05 +2.2452403186254560e-05 -1.2886287165773528e-05
156.50000000 +5.0000000000000000e+00 +1.9999478821766079e+00 +1.8565757343214648e-03 +9.9994654591998156e-01 +9.9999556815649471e-01 +9.9999282206924034e-01 +9.9999761436670420e-01 +9.9999871347645819e-01 +5.7200826992720128e-05 -2.7525067017503080e-05 +2.7929887909526472e-05 +2.4317920549734951e-05 -1.3187547149319863e-05
157.00000000 +5.0000000000000000e+00 +1.9999491667494365e+00 +1.8564844794653566e-03 +9.9994891290031607e-01 +9.9999684313886195e-01 +9.9999317711216751e-01 +9.9999738467650112e-01 +9.9999896677727063e-01 +5.8625623514427510e-05 -3.3847186420370111e-05 +2.7242353702302820e-05 +2.6183418092877728e-05 -1.3488803932105540e-05
157.50000000 +5.0000000000000000e+00 +1.9999504513086170e+00 +1.8563932255787883e-03 +9.9995127985550281e-01 +9.9999811810768302e-01 +9.9999353215132247e-01 +9.9999715498873853e-01 +9.9999922007539177e-01 +6.0050404898351341e-05 -4.0169238653733529e-05 +2.6554826799802231e-05 +2.8048895815998780e-05 -1.3790057514181570e-05
158.00000000 +5.0000000000000000e+00 +1.9999517358541496e+00 +1.8563019726617436e-03 +9.9995364678554166e-01 +9.9999939306295837e-01 +9.9999388718670523e-01 +9.9999692530341611e-01 +9.9999947337082196e-01 +6.1475171144732856e-05 -4.6491223718663799e-05 +2.5867307201908289e-05 +2.9914353719413957e-05 -1.4091307895598961e-05
158.50000000 +5.0000000000000000e+00 +1.9999530203860350e+00 +1.8562107207142073e-03 +9.9995601369043352e-01 +1.0000006680046880e+00 +9.9999424221831634e-01 +9.9999669562053428e-01 +9.9999972666356118e-01 +6.2899922253813339e-05 -5.2813141616231366e-05 +2.5179794908504594e-05 +3.1779791803439142e-05 -1.4392555076408727e-05
159.00000000 +5.0000000000000000e+00 +1.9999543049042734e+00 +1.8561194697361647e-03 +9.9995838057017850e-01 +1.0000019429328726e+00 +9.9999459724615525e-01 +9.9999646594009273e-01 +9.9999997995360923e-01 +6.4324658225833989e-05 -5.9134992347506637e-05 +2.4492289919474735e-05 +3.3645210068390167e-05 -1.4693799056661870e-05
159.50000000 +5.0000000000000000e+00 +1.9999555894088648e+00 +1.8560282197275992e-03 +9.9996074742477703e-01 +1.0000032178475118e+00 +9.9999495227022239e-01 +9.9999623626209144e-01 +1.0000002332409661e+00 +6.5749379061036042e-05 -6.5456775913560011e-05 +2.3804792234702297e-05 +3.5510608514582884e-05 -1.4995039836409394e-05
160.00000000 +5.0000000000000000e+00 +1.9999568738998086e+00 +1.8559369706884954e-03 +9.9996311425422957e-01 +1.0000044927486056e+00 +9.9999530729051733e-01 +9.9999600658652976e-01 +1.0000004865256320e+00 +6.7174084759660707e-05 -7.1778492315461824e-05 +2.3117301854070875e-05 +3.7375987142333120e-05 -1.5296277415702302e-05
160.50000000 +5.0000000000000000e+00 +1.9999581583771056e+00 +1.8558457226188381e-03 +9.9996548105853633e-01 +1.0000057676361549e+00 +9.9999566230704062e-01 +9.9999577691340857e-01 +1.0000007398076070e+00 +6.8598775321949217e-05 -7.8100141554282484e-05 +2.2429818777464077e-05 +3.9241345951956731e-05 -1.5597511794591597e-05
161.00000000 +5.0000000000000000e+00 +1.9999594428407566e+00 +1.8557544755186126e-03 +9.9996784783769799e-01 +1.0000070425101597e+00 +9.9999601731979237e-01 +9.9999554724272754e-01 +1.0000009930868914e+00 +7.0023450748142807e-05 -8.4421723631092273e-05 +2.1742343004765507e-05 +4.1106684943769524e-05 -1.5898742973128288e-05
161.50000000 +5.0000000000000000e+00 +1.9999607272907611e+00 +1.8556632293878022e-03 +9.9997021459171465e-01 +1.0000083173706200e+00 +9.9999637232877203e-01 +9.9999531757448623e-01 +1.0000012463634844e+00 +7.1448111038482673e-05 -9.0743238546961462e-05 +2.1054874535858761e-05 +4.2972004118087322e-05 -1.6199970951363373e-05
162.00000000 +5.0000000000000000e+00 +1.9999579473807836e+00 +1.8587739123478012e-03 +9.9996053437827270e-01 +1.0000061926325556e+00 +9.9999628928446482e-01 +9.9999594068001341e-01 +1.0000002686105658e+00 +6.9889966004776043e-05 -7.6149669071727064e-05 +1.9654274289992187e-05 +4.1897846763923961e-05 -1.4517995713613490e-05
162.50000000 +5.0000000000000000e+00 +1.9999551670720526e+00 +1.8618850415069083e-03 +9.9995085277629192e-01 +1.0000040675897168e+00 +9.9999620622824548e-01 +9.9999656387491886e-01 +9.9999929071739679e-01 +6.8331597469370575e-05 -6.1554006282007047e-05 +1.8253473140790195e-05 +4.0823535331681672e-05 -1.2835779211851015e-05
163.00000000 +5.0000000000000000e+00 +1.9999523863644837e+00 +1.8649966169611372e-03 +9.9994116978547432e-01 +1.0000019422420385e+00 +9.9999612316011177e-01 +9.9999718715922237e-01 +9.9999831268394823e-01 +6.6773005384173948e-05 -4.6956249727368873e-05 +1.6852471045023063e-05 +3.9749069788206452e-05 -1.1153321394161550e-05
163.50000000 +5.0000000000000000e+00 +1.9999496052579906e+00 +1.8681086388065257e-03 +9.9993148540552068e-01 +9.9999981658945425e-01 +9.9999604008006082e-01 +9.9999781053294357e-01 +9.9999733451018957e-01 +6.5214189701079934e-05 -3.2356398957250645e-05 +1.5451267959448658e-05 +3.8674450100334773e-05 -9.4706222086157875e-06
164.00000000 +5.0000000000000000e+00 +1.9999468237524864e+00 +1.8712211071391408e-03 +9.9992179963613181e-01 +9.9999769063189903e-01 +9.9999595698808996e-01 +9.9999843399610067e-01 +9.9999635619609006e-01 +6.3655150371968539e-05 -1.7754453520961223e-05 +1.4049863840812438e-05 +3.7599676234893545e-05 -7.7876816032695245e-06
164.50000000 +5.0000000000000000e+00 +1.9999440418478869e+00 +1.8743340220550783e-03 +9.9991211247700940e-01 +9.9999556436930748e-01 +9.9999587388419775e-01 +9.9999905754871421e-01 +9.9999537774162106e-01 +6.2095887348706091e-05 -3.1504129676801438e-06 +1.2648258645847461e-05 +3.6524748158700260e-05 -6.1044995261636552e-06
165.00000000 +5.0000000000000000e+00 +1.9999412595441051e+00 +1.8774473836504577e-03 +9.9990242392785345e-01 +9.9999343780161287e-01 +9.9999579076837997e-01 +9.9999968119080229e-01 +9.9999439914675059e-01 +6.0536400583144866e-05 +1.1455723153542490e-05 +1.1246452331274342e-05 +3.5449665838562772e-05 -4.4210759253241482e-06
165.50000000 +5.0000000000000000e+00 +1.9999384768410553e+00 +1.8805611920214304e-03 +9.9989273398836531e-01 +9.9999131092875060e-01 +9.9999570764063506e-01 +1.0000003049223849e+00 +9.9999342041144945e-01 +5.8976690027123533e-05 +2.6063955293785924e-05 +9.8444448538013001e-06 +3.4374429241279497e-05 -2.7374107487620733e-06
166.00000000 +5.0000000000000000e+00 +1.9999356937386514e+00 +1.8836754472641730e-03 +9.9988304265824568e-01 +9.9998918375065460e-01 +9.9999562450096047e-01 +1.0000009287434810e+00 +9.9999244153568712e-01 +5.7416755632466836e-05 +4.0674283904258925e-05 +8.4422361701241182e-06 +3.3299038333639269e-05 -1.0535039444735664e-06
166.50000000 +5.0000000000000000e+00 +1.9999329102368075e+00 +1.8867901494748897e-03 +9.9987334993719468e-01 +9.9998705626725870e-01 +9.9999554134935309e-01 +1.0000015526541097e+00 +9.9999146251943305e-01 +5.5856597350985681e-05 +5.5286709436299744e-05 +7.0398262369261473e-06 +3.2223493082421410e-05 +6.3064453956015648e-07
167.00000000 +5.0000000000000000e+00 +1.9999301263354385e+00 +1.8899052987498136e-03 +9.9986365582491354e-01 +9.9998492847849807e-01 +9.9999545818581070e-01 +1.0000021766542908e+00 +9.9999048336265772e-01 +5.4296215134477212e-05 +6.9901232341376262e-05 +5.6372150108783080e-06 +3.1147793454395711e-05 +2.3150347553728210e-06
167.50000000 +5.0000000000000000e+00 +1.9999340340982912e+00 +1.8797731432193285e-03 +9.9988901172208888e-01 +9.9998587760675406e-01 +9.9999610256564930e-01 +1.0000026583485948e+00 +9.9999196266961576e-01 +3.9618285838033865e-05 +6.4935883981111158e-05 -4.8350228080468968e-07 +3.1826382735991354e-05 -1.5099666803883892e-06
168.00000000 +5.0000000000000000e+00 +1.9999379414165934e+00 +1.8696421403329082e-03 +9.9991436473475237e-01 +9.9998682662703664e-01 +9.9999674687218276e-01 +1.0000031399881011e+00 +9.9999344180828686e-01 +2.4942026317389117e-05 +5.9971100483801624e-05 -6.6035232736162796e-06 +3.2504894820597108e-05 -5.3345329801915202e-06
168.50000000 +5.0000000000000000e+00 +1.9999418482904199e+00 +1.8595122898938754e-03 +9.9993971486339561e-01 +9.9998777553936335e-01 +9.9999739110542318e-01 +1.0000036215728183e+00 +9.9999492077869878e-01 +1.0267436287626149e-05 +5.5006881753064025e-05 -1.2722848086367172e-05 +3.3183329721385209e-05 -9.1586642182845892e-06
169.00000000 +5.0000000000000000e+00 +1.9999457547198476e+00 +1.8493835917055973e-03 +9.9996506210851144e-01 +9.9998872434375330e-01 +9.9999803526538356e-01 +1.0000041031027562e+00 +9.9999639958088082e-01 -4.4054845361070474e-06 +5.0043227692536756e-05 -1.8841476837841068e-05 +3.3861687451524945e-05 -1.2982360468898739e-05
169.50000000 +5.0000000000000000e+00 +1.9999496607049509e+00 +1.8392560455714846e-03 +9.9999040647059112e-01 +9.9998967304022435e-01 +9.9999867935207576e-01 +1.0000045845779240e+00 +9.9999787821486119e-01 -1.9076736438597660e-05 +4.5080138205880072e-05 -2.4959409646794621e-05 +3.4539968024182571e-05 -1.6805621806248207e-05
170.00000000 +5.0000000000000000e+00 +1.9999535662458072e+00 +1.8291296512949955e-03 +1.0000157479501270e+00 +9.9999062162879604e-01 +9.9999932336551289e-01 +1.0000050659983315e+00 +9.9999935668066942e-01 -3.3746319704568109e-05 +4.0117613196776195e-05 -3.1076646631957498e-05 +3.5218171452521370e-05 -2.0628448304530366e-05
170.50000000 +5.0000000000000000e+00 +1.9999574713424915e+00 +1.8190044086796302e-03 +1.0000410865476110e+00 +9.9999157010948547e-01 +9.9999996730570728e-01 +1.0000055473639877e+00 +1.0000008349783338e+00 -4.8414234618676105e-05 +3.5155652568929183e-05 -3.7193187912032337e-05 +3.5896297749701613e-05 -2.4450840037925703e-05
171.00000000 +5.0000000000000000e+00 +1.9999613759950805e+00 +1.8088803175289351e-03 +1.0000664222635345e+00 +9.9999251848231208e-01 +1.0000006111726718e+00 +1.0000060286749020e+00 +1.0000023131078830e+00 -6.3080481465514537e-05 +3.0194256226065063e-05 -4.3309033605694807e-05 +3.6574346928880601e-05 -2.8272797080597841e-05
171.50000000 +5.0000000000000000e+00 +1.9999652802036478e+00 +1.7987573776464991e-03 +1.0000917550983883e+00 +9.9999346674729339e-01 +1.0000012549664179e+00 +1.0000065099310835e+00 +1.0000037910693453e+00 -7.7745060529611537e-05 +2.5233424071931705e-05 -4.9424183831593536e-05 +3.7252319003212587e-05 -3.2094319506693511e-05
172.00000000 +5.0000000000000000e+00 +1.9999691839682714e+00 +1.7886355888359596e-03 +1.0001170850526651e+00 +9.9999441490444840e-01 +1.0000018986869590e+00 +1.0000069911325418e+00 +1.0000052688627497e+00 -9.2407972095430679e-05 +2.0273156010298922e-05 -5.5538638708350209e-05 +3.7930213985848915e-05 -3.5915407390342609e-05
172.50000000 +5.0000000000000000e+00 +1.9999730872890258e+00 +1.7785149509009955e-03 +1.0001424121268552e+00 +9.9999536295379532e-01 +1.0000025423343071e+00 +1.0000074722792860e+00 +1.0000067464881250e+00 -1.0706921644737073e-04 +1.5313451944958360e-05 -6.1652398354559542e-05 +3.8608031889937875e-05 -3.9736060805658171e-05
173.00000000 +5.0000000000000000e+00 +1.9999769917796797e+00 +1.7826846603865201e-03 +1.0001328389334592e+00 +9.9999601346062073e-01 +1.0000028506699099e+00 +1.0000083549594363e+00 +1.0000059931219549e+00 -9.8052807149318427e-05 +1.4294329408583888e-05 -5.4948520635849370e-05 +3.2917346342340519e-05 -4.0261502547369278e-05
173.50000000 +5.0000000000000000e+00 +1.9999808960542853e+00 +1.7868541391485768e-03 +1.0001232662697785e+00 +9.9999666393145159e-01 +1.0000031589884515e+00 +1.0000092375907452e+00 +1.0000052397974712e+00 -8.9036896758259358e-05 +1.3275263263544769e-05 -4.8245013864305100e-05 +2.7226975678719945e-05 -4.0786915214694922e-05
174.00000000 +5.0000000000000000e+00 +1.9999848001128606e+00 +1.7910233872063151e-03 +1.0001136941357696e+00 +9.9999731436629047e-01 +1.0000034672899332e+00 +1.0000101201732163e+00 +1.0000044865146698e+00 -8.0021485232785483e-05 +1.2256253505160653e-05 -4.1541878009139027e-05 +2.1536919872941567e-05 -4.1312298810048191e-05
174.50000000 +5.0000000000000000e+00 +1.9999887039554238e+00 +1.7951924045788818e-03 +1.0001041225313883e+00 +9.9999796476514080e-01 +1.0000037755743565e+00 +1.0000110027068538e+00 +1.0000037332735476e+00 -7.1006572531493329e-05 +1.1237300128751720e-05 -3.4839113039566853e-05 +1.5847178898873660e-05 -4.1837653335841922e-05
175.00000000 +5.0000000000000000e+00 +1.9999926075819932e+00 +1.7993611912854228e-03 +1.0000945514565909e+00 +9.9999861512800559e-01 +1.0000040838417230e+00 +1.0000118851916624e+00 +1.0000029800741015e+00 -6.1992158612984020e-05 +1.0218403129638665e-05 -2.8136718924807709e-05 +1.0157752730387435e-05 -4.2362978794488702e-05
175.50000000 +5.0000000000000000e+00 +1.9999965109925864e+00 +1.8035297473450811e-03 +1.0000849809113335e+00 +9.9999926545488804e-01 +1.0000043920920338e+00 +1.0000127676276456e+00 +1.0000022269163278e+00 -5.2978243435863264e-05 +9.1995625031427022e-06 -2.1434695634084110e-05 +4.4686413413569691e-06 -4.2888275188400821e-05
176.00000000 +5.0000000000000000e+00 +2.0000004141872210e+00 +1.8076980727769977e-03 +1.0000754108955716e+00 +9.9999991574579017e-01 +1.0000047003252905e+00 +1.0000136500148076e+00 +1.0000014738002230e+00 -4.3964826958741286e-05 +8.1807782445855555e-06 -1.4733043136621964e-05 -1.2201552943407823e-06 -4.3413542519990316e-05
176.50000000 +5.0000000000000000e+00 +2.0000043171659145e+00 +1.8118661676003113e-03 +1.0000658414092620e+00 +1.0000005660007161e+00 +1.0000050085414949e+00 +1.0000145323531522e+00 +1.0000007207257835e+00 -3.4951909140232963e-05 +7.1620503492894724e-06 -8.0317614016506026e-06 -6.9086372028259497e-06 -4.3938780791668941e-05
177.00000000 +5.0000000000000000e+00 +2.0000082199286857e+00 +1.8160340318341586e-03 +1.0000562724523603e+00 +1.0000012162196679e+00 +1.0000053167406475e+00 +1.0000154146426836e+00 +9.9999996769300581e-01 -2.5939489938957717e-05 +6.1433788125772175e-06 -1.3308503984027636e-06 -1.2596804410215775e-05 -4.4463990005848206e-05
177.50000000 +5.0000000000000000e+00 +2.0000121224755523e+00 +1.8202016654976741e-03 +1.0000467040248222e+00 +1.0000018664026489e+00 +1.0000056249227502e+00 +1.0000162968834057e+00 +9.9999921470188646e-01 -1.6927569313539581e-05 +5.1247636297720753e-06 +5.3696899038854085e-06 -1.8284656942624614e-05 -4.4989170164939342e-05
178.00000000 +5.0000000000000000e+00 +2.0000160248065324e+00 +1.8243690686099913e-03 +1.0000371361266049e+00 +1.0000025165496624e+00 +1.0000059330878046e+00 +1.0000171790753232e+00 +9.9999846175242268e-01 -7.9161472226071167e-06 +4.1062047961978421e-06 +1.2069859535974391e-05 -2.3972194826163964e-05 -4.5514321271353337e-05
178.50000000 +5.0000000000000000e+00 +2.0000143207268861e+00 +1.8234458857214377e-03 +1.0000397982538822e+00 +1.0000025915025481e+00 +1.0000043867657016e+00 +1.0000155850780201e+00 +9.9999908571521612e-01 -2.0035305090905262e-06 +2.4636676175156211e-06 +9.4142363570909494e-06 -2.7370836136774341e-05 -4.3950862094946311e-05
179.00000000 +5.0000000000000000e+00 +2.0000126167577470e+00 +1.8225227626998864e-03 +1.0000424602085252e+00 +1.0000026664505737e+00 +1.0000028405438754e+00 +1.0000139911840855e+00 +9.9999970963754659e-01 +3.9087027802545019e-06 +8.2123695486302152e-07 +6.7587853913183324e-06 -3.0769257050681857e-05 -4.2387504306481143e-05
179.50000000 +5.0000000000000000e+00 +2.0000109128991035e+00 +1.8215996995395126e-03 +1.0000451219905495e+00 +1.0000027413937385e+00 +1.0000012944223158e+00 +1.0000123973935091e+00 +1.0000003335194176e+00 +9.8205526827234607e-06 -8.2108720212072254e-07 +4.1035066219054468e-06 -3.4167457589324390e-05 -4.0824247896095836e-05
180.00000000 +5.0000000000000000e+00 +2.0000092091509454e+00 +1.8206766962344943e-03 +1.0000477835999724e+00 +1.0000028163320438e+00 +9.9999974840101324e-01 +1.0000108037062805e+00 +1.0000009573608335e+00 +1.5732019235607018e-05 -2.4633048637950359e-06 +1.4484000321033711e-06 -3.7565437774137047e-05 -3.9261092853929741e-05
180.50000000 +5.0000000000000000e+00 +2.0000075055132629e+00 +1.8197537527790109e-03 +1.0000504450368111e+00 +1.0000028912654899e+00 +9.9999820247995819e-01 +1.0000092101223903e+00 +1.0000015811617984e+00 +2.1643102476190998e-05 -4.1054160405179973e-06 -1.2065343948346409e-06 -4.0963197626552182e-05 -3.7698039170123441e-05
181.00000000 +5.0000000000000000e+00 +2.0000058019860441e+00 +1.8188308691672408e-03 +1.0000531063010820e+00 +1.0000029661940777e+00 +9.9999665665914084e-01 +1.0000076166418286e+00 +1.0000022049223161e+00 +2.7553802441756399e-05 -5.7474207426463432e-06 -3.8612966756531646e-06 -4.4360737167999327e-05 -3.6135086834818821e-05
181.50000000 +5.0000000000000000e+00 +2.0000040985692782e+00 +1.8179080453933631e-03 +1.0000557673928019e+00 +1.0000030411178071e+00 +9.9999511093855131e-01 +1.0000060232645844e+00 +1.0000028286423903e+00 +3.3464119169579366e-05 -7.3893189805354700e-06 -6.5158868270946114e-06 -4.7758056419905259e-05 -3.4572235838159020e-05
182.00000000 +5.0000000000000000e+00 +2.0000023952629546e+00 +1.8169852814515597e-03 +1.0000584283119875e+00 +1.0000031160366787e+00 +9.9999356531817996e-01 +1.0000044299906483e+00 +1.0000034523220249e+00 +3.9374052696931243e-05 -9.0311107645394256e-06 -9.1703048658992122e-06 -5.1155155403693969e-05 -3.3009486170288498e-05
182.50000000 +5.0000000000000000e+00 +2.0000006920670632e+00 +1.8160625773360102e-03 +1.0000610890586559e+00 +1.0000031909506930e+00 +9.9999201979801666e-01 +1.0000028368200102e+00 +1.0000040759612241e+00 +4.5283603061078492e-05 -1.0672796105010918e-05 -1.1824550808805027e-05 -5.4552034140786663e-05 -3.1446837821352934e-05
183.00000000 +5.0000000000000000e+00 +1.9999989889815928e+00 +1.8151399330408979e-03 +1.0000637496328235e+00 +1.0000032658598506e+00 +9.9999047437805233e-01 +1.0000012437526600e+00 +1.0000046995599916e+00 +5.1192770299282782e-05 -1.2314375012301314e-05 -1.4478624672547953e-05 -5.7948692652601801e-05 -2.9884290781499333e-05
183.50000000 +5.0000000000000000e+00 +1.9999972860065327e+00 +1.8142173485604055e-03 +1.0000664100345076e+00 +1.0000033407641518e+00 +9.9998892905827674e-01 +9.9999965078858755e-01 +1.0000053231183317e+00 +5.7101554448800952e-05 -1.3955847496760639e-05 -1.7132526473861717e-05 -6.1345130960555025e-05 -2.8321845040875967e-05
184.00000000 +5.0000000000000000e+00 +1.9999927967276911e+00 +1.8185064096378257e-03 +1.0000554345510868e+00 +1.0000019015543287e+00 +9.9998865352576272e-01 +9.9999828389449630e-01 +1.0000072987987114e+00 +5.4716085059124758e-05 -9.1175879925077749e-07 -1.3730954105559645e-05 -6.2623645307215514e-05 -2.9022079224787898e-05
184.50000000 +5.0000000000000000e+00 +1.9999883076494633e+00 +1.8227952790496459e-03 +1.0000444595581290e+00 +1.0000004624088201e+00 +9.9998837800556184e-01 +9.9999691706148774e-01 +1.0000092743908042e+00 +5.2330722269102059e-05 +1.2131746996067561e-05 -1.0329533743582752e-05 -6.3902102520807408e-05 -2.9722282117281197e-05
185.00000000 +5.0000000000000000e+00 +1.9999838187718337e+00 +1.8270839568087110e-03 +1.0000334850556003e+00 +9.9999902332762125e-01 +9.9998810249767234e-01 +9.9999555028955722e-01 +1.0000112498946150e+00 +4.9945466071587530e-05 +2.5174669928265792e-05 -6.9282653777421740e-06 -6.5180502605160246e-05 -3.0422453720453265e-05
185.50000000 +5.0000000000000000e+00 +1.9999793300947901e+00 +1.8313724429278682e-03 +1.0000225110434680e+00 +9.9999758431072772e-01 +9.9998782700209399e-01 +9.9999418357870118e-01 +1.0000132253101504e+00 +4.7560316459436556e-05 +3.8217010036411843e-05 -3.5271489978499779e-06 -6.6458845564103280e-05 -3.1122594036401366e-05
186.00000000 +5.0000000000000000e+00 +1.9999748416183194e+00 +1.8356607374199630e-03 +1.0000115375216994e+00 +9.9999614535813530e-01 +9.9998755151882590e-01 +9.9999281692891562e-01 +1.0000152006374161e+00 +4.5175273425505145e-05 +5.1258767359570163e-05 -1.2618459371913589e-07 -6.7737131401465425e-05 -3.1822703067222558e-05
186.50000000 +5.0000000000000000e+00 +1.9999703533424071e+00 +1.8399488402978379e-03 +1.0000005644902614e+00 +9.9999470646983979e-01 +9.9998727604786730e-01 +9.9999145034019588e-01 +1.0000171758764178e+00 +4.2790336962649903e-05 +6.4299941936801658e-05 +3.2746278448364689e-06 -6.9015360121075215e-05 -3.2522780815013718e-05
187.00000000 +5.0000000000000000e+00 +1.9999658652670402e+00 +1.8442367515743359e-03 +9.9998959194912129e-01 +9.9999326764583663e-01 +9.9998700058921752e-01 +9.9999008381253807e-01 +1.0000191510271621e+00 +4.0405507063728120e-05 +7.7340533807163838e-05 +6.6752883280020510e-06 -7.0293531726760861e-05 -3.3222827281871528e-05
187.50000000 +5.0000000000000000e+00 +1.9999613773922060e+00 +1.8485244712622992e-03 +9.9997861989824655e-01 +9.9999182888612204e-01 +9.9998672514287523e-01 +9.9998871734593830e-01 +1.0000211260896545e+00 +3.8020783721597709e-05 +9.0380543009710641e-05 +1.0075796865961904e-05 -7.1571646222350245e-05 -3.3922842469892498e-05
188.00000000 +5.0000000000000000e+00 +1.9999568897178905e+00 +1.8528119993745675e-03 +9.9996764833760410e-01 +9.9999039019069114e-01 +9.9998644970884021e-01 +9.9998735094039271e-01 +1.0000231010639009e+00 +3.5636166929117226e-05 +1.0341996958349255e-04 +1.3476153468899416e-05 -7.2849703611670887e-05 -3.4622826381172939e-05
188.50000000 +5.0000000000000000e+00 +1.9999524022440802e+00 +1.8570993359239799e-03 +9.9995667726716075e-01 +9.9998895155954004e-01 +9.9998617428711134e-01 +9.9998598459589683e-01 +1.0000250759499076e+00 +3.3251656679145845e-05 +1.1645881356755652e-04 +1.6876358146997061e-05 -7.4127703898549952e-05 -3.5322779017808958e-05
189.00000000 +5.0000000000000000e+00 +1.9999479149707611e+00 +1.8613864809233739e-03 +9.9994570668688387e-01 +9.9998751299266386e-01 +9.9998589887768752e-01 +9.9998461831244612e-01 +1.0000270507476796e+00 +3.0867252964543390e-05 +1.2949707500094606e-04 +2.0276410910436415e-05 -7.5405647086814308e-05 -3.6022700381896503e-05
189.50000000 +5.0000000000000000e+00 +1.9999475215459677e+00 +1.8577283223579608e-03 +9.9995516553039376e-01 +9.9999044892889388e-01 +9.9998636705727928e-01 +9.9998693001289252e-01 +1.0000256628083275e+00 +2.3415860998805599e-05 +1.1839979309947200e-04 +1.3881384963277271e-05 -7.1334711181981339e-05 -2.8936657224887924e-05
190.00000000 +5.0000000000000000e+00 +1.9999471281143824e+00 +1.8540701006407932e-03 +9.9996462453719404e-01 +9.9999338491580769e-01 +9.9998683524495358e-01 +9.9998924175324622e-01 +1.0000242748450150e+00 +1.5964340397726596e-05 +1.0730231962269891e-04 +7.4862486171016000e-06 -6.7263704999510074e-05 -2.1850491739650798e-05
190.50000000 +5.0000000000000000e+00 +1.9999467346760051e+00 +1.8504118157702356e-03 +9.9997408370728924e-01 +9.9999632095340663e-01 +9.9998730344071007e-01 +9.9999155353350888e-01 +1.0000228868577419e+00 +8.5126911579753540e-06 +9.6204654565665941e-05 +1.0910018690506044e-06 -6.3192628537580721e-05 -1.4764203923017427e-05
191.00000000 +5.0000000000000000e+00 +1.9999463412308356e+00 +1.8467534677446529e-03 +9.9998354304068315e-01 +9.9999925704169179e-01 +9.9998777164454922e-01 +9.9999386535368062e-01 +1.0000214988465068e+00 +1.0609132762207234e-06 +8.5106797923412031e-05 -5.3043552837346097e-06 -5.9121481794373323e-05 -7.6777937718199863e-06
191.50000000 +5.0000000000000000e+00 +1.9999459477788739e+00 +1.8430950565624105e-03 +9.9999300253738044e-01 +1.0000021931806653e+00 +9.9998823985647167e-01 +9.9999617721376344e-01 +1.0000201108113096e+00 -6.3909932508685469e-06 +7.4008749690976033e-05 -1.1699822844113038e-05 -5.5050264768067940e-05 -5.9126128289057034e-07
192.00000000 +5.0000000000000000e+00 +1.9999455543201197e+00 +1.8394365822218713e-03 +1.0000024621973851e+00 +1.0000051293703274e+00 +9.9998870807647700e-01 +9.9999848911375744e-01 +1.0000187227521498e+00 -1.3843028426623820e-05 +6.2910509863396490e-05 -1.8095400814943761e-05 -5.0978977456844508e-05 +6.4953935469388621e-06
192.50000000 +5.0000000000000000e+00 +1.9999451608545729e+00 +1.8357780447214006e-03 +1.0000119220207013e+00 +1.0000080656106800e+00 +9.9998917630456596e-01 +1.0000008010536643e+00 +1.0000173346690260e+00 -2.1295192254376609e-05 +5.1812078435711916e-05 -2.4491089199085983e-05 -4.6907619858882928e-05 +1.3582170720836458e-05
193.00000000 +5.0000000000000000e+00 +1.9999447673822330e+00 +1.8321194440593630e-03 +1.0000213820073338e+00 +1.0000110019017245e+00 +9.9998964454073824e-01 +1.0000031130334848e+00 +1.0000159465619385e+00 -2.8747484737458497e-05 +4.0713455402960549e-05 -3.0886887999398991e-05 -4.2836191972363063e-05 +2.0669070241970462e-05
193.50000000 +5.0000000000000000e+00 +1.9999443739031006e+00 +1.8284607802341228e-03 +1.0000308421572861e+00 +1.0000139382434619e+00 +9.9999011278499428e-01 +1.0000054250532200e+00 +1.0000145584308864e+00 -3.6199905879201211e-05 +2.9614640760180512e-05 -3.7282797218742173e-05 -3.8764693795464673e-05 +2.7756092113509240e-05
194.00000000 +5.0000000000000000e+00 +1.9999439804171746e+00 +1.8248020532440437e-03 +1.0000403024705626e+00 +1.0000168746358937e+00 +9.9999058103733462e-01 +1.0000077371128711e+00 +1.0000131702758688e+00 -4.3652455682936563e-05 +1.8515634502409752e-05 -4.3678816859975004e-05 -3.4693125326367470e-05 +3.4843236338621245e-05
194.50000000 +5.0000000000000000e+00 +1.9999435869244553e+00 +1.8211432630874903e-03 +1.0000497629471679e+00 +1.0000198110790210e+00 +9.9999104929775884e-01 +1.0000100492124389e+00 +1.0000117820968852e+00 -5.1105134151996531e-05 +7.4164366246860049e-06 -5.0074946925957082e-05 -3.0621486563251099e-05 +4.1930502920475074e-05
195.00000000 +5.0000000000000000e+00 +1.9999441715832085e+00 +1.8240695100141353e-03 +1.0000398109303466e+00 +1.0000160407598797e+00 +9.9999159703145801e-01 +1.0000105468377318e+00 +1.0000119373599758e+00 -4.3072308767845774e-05 +8.6580525914410736e-06 -4.0931641285674077e-05 -3.8439263627351742e-05 +4.3852245043663596e-05
195.50000000 +5.0000000000000000e+00 +1.9999447562805814e+00 +1.8269959502346207e-03 +1.0000298582561433e+00 +1.0000122701916894e+00 +9.9999214480133802e-01 +1.0000110444958958e+00 +1.0000120926333231e+00 -3.5038952773770367e-05 +9.8997505733929240e-06 -3.1787731682465835e-05 -4.6257557096316284e-05 +4.5774114107921353e-05
196.00000000 +5.0000000000000000e+00 +1.9999453410165779e+00 +1.8299225837680978e-03 +1.0000199049244918e+00 +1.0000084993744249e+00 +9.9999269260740231e-01 +1.0000115421869336e+00 +1.0000122479169269e+00 -2.7005066117194212e-05 +1.1141530578668121e-05 -2.2643218056488014e-05 -5.4076367021313218e-05 +4.7696110125826439e-05
196.50000000 +5.0000000000000000e+00 +1.9999459257912020e+00 +1.8328494106337222e-03 +1.0000099509353277e+00 +1.0000047283080620e+00 +9.9999324044965421e-01 +1.0000120399108487e+00 +1.0000124032107887e+00 -1.8970648745534326e-05 +1.2383392615394300e-05 -1.3498100347888392e-05 -6.1895693453517878e-05 +4.9618233109958601e-05
197.00000000 +5.0000000000000000e+00 +1.9999465106044567e+00 +1.8357764308506521e-03 +9.9999999628858549e-01 +1.0000009569925756e+00 +9.9999378832809749e-01 +1.0000125376676441e+00 +1.0000125585149096e+00 -1.0935700606200753e-05 +1.3625336691700173e-05 -4.3523784968068480e-06 -6.9715536444112295e-05 +5.1540483072899246e-05
197.50000000 +5.0000000000000000e+00 +1.9999470954563474e+00 +1.8387036444380480e-03 +9.9999004098420041e-01 +9.9999718542794147e-01 +9.9999433624273604e-01 +1.0000130354573233e+00 +1.0000127138292902e+00 -2.9002216465966065e-06 +1.4867362815715531e-05 +4.7939475566246598e-06 -7.7535896044285301e-05 +5.3462860027231489e-05
198.00000000 +5.0000000000000000e+00 +1.9999476803468770e+00 +1.8416310514150730e-03 +9.9998008502210733e-01 +9.9999341361413496e-01 +9.9999488419357319e-01 +1.0000135332798898e+00 +1.0000128691539321e+00 +5.1357881858819881e-06 +1.6109470995571234e-05 +1.3940877872282109e-05 -8.5356772305232475e-05 +5.5385363985540051e-05
198.50000000 +5.0000000000000000e+00 +1.9999482652760483e+00 +1.8445586518008911e-03 +9.9997012840224031e-01 +9.9998964155113079e-01 +9.9999543218061249e-01 +1.0000140311353465e+00 +1.0000130244888359e+00 +1.3172328943845810e-05 +1.7351661239399207e-05 +2.3088412510049336e-05 -9.3178165278156146e-05 +5.7307994960411320e-05
199.00000000 +5.0000000000000000e+00 +1.9999488502438667e+00 +1.8474864456146710e-03 +9.9996017112453472e-01 +9.9998586923890465e-01 +9.9999598020385705e-01 +1.0000145290236966e+00 +1.0000131798340028e+00 +2.1209400679912619e-05 +1.8593933555332464e-05 +3.2236551529818128e-05 -1.0100007501426544e-04 +5.9230752964433385e-05
199.50000000 +5.0000000000000000e+00 +1.9999494352503355e+00 +1.8504144328755833e-03 +9.9995021318892541e-01 +9.9998209667743176e-01 +9.9999652826331153e-01 +1.0000150269449435e+00 +1.0000133351894336e+00 +2.9247003446707109e-05 +1.9836287951505089e-05 +4.1385294991488171e-05 -1.0882250156477624e-04 +6.1153638010195973e-05
200.00000000 +5.0000000000000000e+00 +1.9999500202954590e+00 +1.8533426136028014e-03 +9.9994025459534708e-01 +9.9997832386668783e-01 +9.9999707635897883e-01 +1.0000155248990907e+00 +1.0000134905551299e+00 +3.7285137296860966e-05 +2.1078724436052254e-05 +5.0534642954967100e-05 -1.1664544498091120e-04 +6.3076650110290488e-05
