#PATCH_CHECK: SepMBpoisson v0.61 exact-bernoulli stratified-backward active
#discretizing the bath:
#     0 0.0000000000000000e+00 -6.3189999999999946e-01
#     1 1.6666666666666668e-03 -2.4254552635932292e-01
#     2 1.6666666666666668e-03 -2.2555832272152676e-01
#     3 1.6666666666666668e-03 -2.0786424702739756e-01
#     4 1.6666666666666668e-03 -1.8949048725521767e-01
#     5 1.6666666666666668e-03 -1.7046131522216260e-01
#     6 1.6666666666666668e-03 -1.5079857355583692e-01
#     7 1.6666666666666668e-03 -1.3052205585952234e-01
#     8 1.6666666666666668e-03 -1.0964980843413819e-01
#     9 1.6666666666666668e-03 -8.8198373221571980e-02
#sampling: jump_strength=4.1666666666666675e-03 jump_probability=4.1493775933609967e-03 log_scale=4.1580101486636926e-03 back_replicas=12 stratify_forward=1
#adaptive measurement: gap=1.9029172033055070e-02 period_steps=661 nmeas=121 nwf=400 tmax=2.0000000000000000e+02 forced_stride=0
  0.00000000 +5.0000000000000000e+00 +1.9999999999999998e+00 +1.8374661879283106e-03 +1.0000000000000000e+00 +1.0000000000000000e+00 +1.0000000000000000e+00 +1.0000000000000000e+00 +1.0000000000000000e+00 +0.0000000000000000e+00 +0.0000000000000000e+00 +0.0000000000000000e+00 +0.0000000000000000e+00 +0.0000000000000000e+00
  0.50000000 +5.0000000000000000e+00 +2.0000000000150271e+00 +1.8388446666018818e-03 +9.9999650039018129e-01 +1.0000000000134206e+00 +1.0000000000134206e+00 +1.0000000000134206e+00 +1.0000000000134206e+00 +7.1548968438683733e-07 +7.1339760928629092e-07 +6.9498734840148342e-07 +6.9624259346181107e-07 +6.7950599265744076e-07
  1.00000000 +5.0000000000000000e+00 +1.9999999993242030e+00 +1.8426793489701048e-03 +9.9998675950151372e-01 +9.9999999999366851e-01 +9.9999999999296829e-01 +9.9999999999436884e-01 +9.9999999999261813e-01 +2.6702062498968020e-06 +2.6682787263861564e-06 +2.6351627285676570e-06 +2.6456014119222917e-06 +2.6212545953362415e-06
  1.50000000 +5.0000000000000000e+00 +2.0000000024389664e+00 +1.8482175636423573e-03 +9.9997267380175170e-01 +9.9999999997362010e-01 +9.9999999998250211e-01 +9.9999999997760824e-01 +9.9999999997035549e-01 +5.5672237999128875e-06 +5.5654217583518368e-06 +5.4224646797922744e-06 +5.3621176283224391e-06 +5.4090499993998029e-06
  2.00000000 +5.0000000000000000e+00 +2.0000000193782554e+00 +1.8543205074389884e-03 +9.9995711744090710e-01 +9.9999999990344457e-01 +9.9999999991759447e-01 +9.9999999991629884e-01 +9.9999999990162713e-01 +8.8434204885504982e-06 +8.8081628250780337e-06 +8.4977726287958048e-06 +8.4049169394806119e-06 +8.3286077168340825e-06
  2.50000000 +5.0000000000000000e+00 +2.0000000519917078e+00 +1.8597693666636066e-03 +9.9994317263652044e-01 +9.9999999982531373e-01 +9.9999999980191456e-01 +9.9999999980991150e-01 +9.9999999980361842e-01 +1.1970101766323047e-05 +1.1657552200001523e-05 +1.1256962458175659e-05 +1.1042169544106192e-05 +1.0901397183573587e-05
  3.00000000 +5.0000000000000000e+00 +2.0000000822614075e+00 +1.8635969034472399e-03 +9.9993329450565871e-01 +9.9999999961180341e-01 +9.9999999956225294e-01 +9.9999999961595420e-01 +9.9999999960360531e-01 +1.4318994515833671e-05 +1.3892439214937551e-05 +1.3244482125997629e-05 +1.2794017467330022e-05 +1.2457127125241118e-05
  3.50000000 +5.0000000000000000e+00 +2.0000000707834591e+00 +1.8648749135401997e-03 +9.9992985515116672e-01 +9.9999999932305939e-01 +9.9999999925190330e-01 +9.9999999937643635e-01 +9.9999999933812778e-01 +1.5438737220151503e-05 +1.4730789620430053e-05 +1.3901098171589894e-05 +1.3380386187460673e-05 +1.2696548219487176e-05
  4.00000000 +5.0000000000000000e+00 +2.0000000658055379e+00 +1.8636620380717036e-03 +9.9993273961733931e-01 +9.9999999892239644e-01 +9.9999999880324209e-01 +9.9999999903311854e-01 +9.9999999902903591e-01 +1.5371014674581587e-05 +1.4339998934041894e-05 +1.3398985821112401e-05 +1.2506826333142229e-05 +1.1647785898225079e-05
  4.50000000 +5.0000000000000000e+00 +2.0000000885300464e+00 +1.8598427459518144e-03 +9.9994228304586086e-01 +9.9999999851367705e-01 +9.9999999824306318e-01 +9.9999999875430767e-01 +9.9999999855186206e-01 +1.3580917211919760e-05 +1.2635766257290986e-05 +1.1441583875163820e-05 +1.0442557928694911e-05 +9.6221710491635183e-06
  5.00000000 +5.0000000000000000e+00 +2.0000001241701080e+00 +1.8544924829964288e-03 +9.9995580430899356e-01 +9.9999999809165907e-01 +9.9999999773686232e-01 +9.9999999830738828e-01 +9.9999999823411745e-01 +1.1106492312072302e-05 +9.8978057565206928e-06 +9.0422449992108306e-06 +7.5114138758137168e-06 +6.6453439216011801e-06
  5.50000000 +5.0000000000000000e+00 +2.0000001481384269e+00 +1.8486003043974306e-03 +9.9997082086397227e-01 +9.9999999771655357e-01 +9.9999999754353475e-01 +9.9999999808511497e-01 +9.9999999779969906e-01 +7.8098766857831688e-06 +6.8813844700623354e-06 +5.8641468583758360e-06 +4.8359149676342578e-06 +3.7967423699271219e-06
  6.00000000 +5.0000000000000000e+00 +2.0000001924426463e+00 +1.8431775256213057e-03 +9.9998477781760764e-01 +9.9999999740284429e-01 +9.9999999717557719e-01 +9.9999999779872084e-01 +9.9999999750991186e-01 +4.8758675280126209e-06 +3.6194067241799312e-06 +3.1382165358846016e-06 +2.1062900369041047e-06 +1.4925541625127682e-06
  6.50000000 +5.0000000000000000e+00 +2.0000001397059295e+00 +1.8396694298270962e-03 +9.9999398668741823e-01 +9.9999999720854293e-01 +9.9999999707436271e-01 +9.9999999746083679e-01 +9.9999999735936052e-01 +2.3503852098385131e-06 +1.5877325992236093e-06 +1.0378321456082345e-06 +7.7418228142416247e-07 +2.7407077950438021e-07
  7.00000000 +5.0000000000000000e+00 +2.0000000545532171e+00 +1.8383799016122944e-03 +9.9999761826688915e-01 +9.9999999679922780e-01 +9.9999999687355734e-01 +9.9999999741377366e-01 +9.9999999697062825e-01 +5.1359995220032105e-07 +5.1144799058724001e-07 +2.5928803147500125e-07 +5.0574409226485507e-07 +6.0352240745063136e-07
  7.50000000 +5.0000000000000000e+00 +2.0000001879607079e+00 +1.8395742449399493e-03 +9.9999496531913445e-01 +9.9999999689592012e-01 +9.9999999669228501e-01 +9.9999999750309643e-01 +9.9999999714555565e-01 +5.0441132087738402e-07 +5.9795781990427598e-07 +1.1826564016696471e-06 +1.0953934932070046e-06 +1.6660267773781494e-06
  8.00000000 +5.0000000000000000e+00 +2.0000002313891212e+00 +1.8427982475082171e-03 +9.9998708178282458e-01 +9.9999999758430647e-01 +9.9999999699650333e-01 +9.9999999752402380e-01 +9.9999999706181819e-01 +1.1270651038009062e-06 +1.8995060434431149e-06 +2.3681616895421332e-06 +3.3516662471759636e-06 +4.1827070023966481e-06
  8.50000000 +5.0000000000000000e+00 +2.0000002080366812e+00 +1.8474159689739022e-03 +9.9997549892249860e-01 +9.9999999778391790e-01 +9.9999999668912742e-01 +9.9999999797473782e-01 +9.9999999767763126e-01 +3.3516233303877297e-06 +3.7390452736085190e-06 +4.6967848936542497e-06 +5.7420778240762224e-06 +6.9814954606432843e-06
  9.00000000 +5.0000000000000000e+00 +2.0000001717250329e+00 +1.8538280072074931e-03 +9.9995917981334415e-01 +9.9999999657543592e-01 +9.9999999658320704e-01 +9.9999999757569469e-01 +9.9999999683915264e-01 +6.5356478424844193e-06 +7.2544859690884328e-06 +8.1040886111990285e-06 +9.2084862347711378e-06 +9.7298481172929950e-06
  9.50000000 +5.0000000000000000e+00 +2.0000001304107728e+00 +1.8585137832801599e-03 +9.9994703364280280e-01 +9.9999999705318710e-01 +9.9999999621709901e-01 +9.9999999751399304e-01 +9.9999999623858338e-01 +9.0978658528193095e-06 +1.0656181387733339e-05 +1.1120754964513138e-05 +1.0825361619459516e-05 +1.1279059933071105e-05
 10.00000000 +5.0000000000000000e+00 +2.0000000894675352e+00 +1.8619321920231213e-03 +9.9993794077233777e-01 +9.9999999663322192e-01 +9.9999999581918786e-01 +9.9999999718280030e-01 +9.9999999580468435e-01 +1.2345527533381569e-05 +1.2403382534428184e-05 +1.2594691951841237e-05 +1.2606617829392897e-05 +1.2123508967598164e-05
 10.50000000 +5.0000000000000000e+00 +2.0000001492480610e+00 +1.8633965417711130e-03 +9.9993369024238088e-01 +9.9999999599594258e-01 +9.9999999535246853e-01 +9.9999999532343675e-01 +9.9999999533882367e-01 +1.4684699207904826e-05 +1.4215866485045024e-05 +1.3308441983314951e-05 +1.2649449070058858e-05 +1.1469272247354999e-05
 11.00000000 +5.0000000000000000e+00 +2.0000001896875883e+00 +1.8628654956247012e-03 +9.9993453671757360e-01 +9.9999999424032915e-01 +9.9999999505553971e-01 +9.9999999529368522e-01 +9.9999999432001196e-01 +1.5576045048420050e-05 +1.4087512051040120e-05 +1.3158019966128736e-05 +1.1838219073836224e-05 +1.0824573476178703e-05
 11.50000000 +5.0000000000000000e+00 +2.0000004637932913e+00 +1.8600411945475612e-03 +9.9994125514565402e-01 +9.9999999411383067e-01 +9.9999999455242528e-01 +9.9999999268779505e-01 +9.9999999385354765e-01 +1.5080442066969991e-05 +1.3547608376301825e-05 +1.1942680498823112e-05 +9.6159096290677362e-06 +8.5830215553364044e-06
 12.00000000 +5.0000000000000000e+00 +2.0000001909463583e+00 +1.8543130090268791e-03 +9.9995557856083372e-01 +9.9999999166882381e-01 +9.9999999321954836e-01 +9.9999999340396051e-01 +9.9999999263346251e-01 +1.3244076964190257e-05 +1.0910861326854740e-05 +9.4065942623686631e-06 +6.4958938288079601e-06 +4.3931045156886173e-06
 12.50000000 +5.0000000000000000e+00 +2.0000001645233798e+00 +1.8492739893961898e-03 +9.9996845151943115e-01 +9.9999999284282748e-01 +9.9999999134551998e-01 +9.9999999208997326e-01 +9.9999999092324365e-01 +1.0407901815490491e-05 +8.8074705740143853e-06 +6.3703795749141246e-06 +3.2079017841158995e-06 +2.7877183625210154e-06
 13.00000000 +5.0000000000000000e+00 +2.0000003819276930e+00 +1.8446695848262520e-03 +9.9998041199386933e-01 +9.9999999286164287e-01 +9.9999999017367724e-01 +9.9999999073115631e-01 +9.9999999147217733e-01 +7.1460566476499208e-06 +4.6815512333912308e-06 +3.7236681129390122e-06 +2.8439437994868827e-06 +1.2275180690812471e-06
 13.50000000 +5.0000000000000000e+00 +2.0000004407347300e+00 +1.8404894893342607e-03 +9.9999150861383268e-01 +9.9999999042207399e-01 +9.9999998980934701e-01 +9.9999999019382790e-01 +9.9999998597592088e-01 +4.5122393177282933e-06 +2.2202207532210512e-06 +2.1671705025693655e-06 +7.9720577591071545e-08 -4.4436123792304476e-07
 14.00000000 +5.0000000000000000e+00 +2.0000002346708881e+00 +1.8395153145117900e-03 +9.9999460933946649e-01 +9.9999999213530666e-01 +9.9999999004301365e-01 +9.9999998787999611e-01 +9.9999998902936160e-01 +2.2002759593660009e-06 +1.4152254640931447e-06 +3.9174721387056119e-07 +8.1665107938120415e-07 +6.0770574709449257e-07
 14.50000000 +5.0000000000000000e+00 +2.0000002556146947e+00 +1.8410946194712145e-03 +9.9999120140614517e-01 +9.9999998693699255e-01 +9.9999998936810530e-01 +9.9999998933196788e-01 +9.9999998883006691e-01 +8.4733440442751340e-07 +4.4576019205677550e-07 +2.1219680822773399e-07 +3.3799881329008771e-06 +3.9589018706804306e-06
 15.00000000 +5.0000000000000000e+00 +2.0000001398330798e+00 +1.8446075000660121e-03 +9.9998282448536679e-01 +9.9999999132883000e-01 +9.9999998967354498e-01 +9.9999998742712770e-01 +9.9999998656091516e-01 +2.5098634548568997e-06 +2.1497592059924108e-06 +2.9186568530214356e-06 +4.9511731105302682e-06 +4.6910140546488391e-06
 15.50000000 +5.0000000000000000e+00 +2.0000001009712105e+00 +1.8484871729702443e-03 +9.9997325054056174e-01 +9.9999998718472560e-01 +9.9999999039578658e-01 +9.9999999195006928e-01 +9.9999998977827032e-01 +2.8642186817339633e-06 +3.6320434185113151e-06 +5.0438128712403639e-06 +7.1132011073939438e-06 +8.1368046197706286e-06
 16.00000000 +5.0000000000000000e+00 +1.9999998935439369e+00 +1.8530737668624587e-03 +9.9996162229079200e-01 +9.9999999454915445e-01 +9.9999999009493412e-01 +9.9999999264804340e-01 +9.9999998737911078e-01 +5.0487797911733316e-06 +6.3942869960891000e-06 +7.7040767615205961e-06 +9.8123327164682412e-06 +9.4536195258751629e-06
 16.50000000 +5.0000000000000000e+00 +2.0000000806613900e+00 +1.8581483285531719e-03 +9.9994838975161005e-01 +9.9999999432215159e-01 +9.9999999245728710e-01 +9.9999998708715943e-01 +9.9999999100468195e-01 +7.3671479222210707e-06 +9.1043668197512924e-06 +1.0394753133053960e-05 +1.2105771542436743e-05 +1.2673361861732131e-05
 17.00000000 +5.0000000000000000e+00 +1.9999998868929856e+00 +1.8598954506558090e-03 +9.9994336353078506e-01 +9.9999999117215643e-01 +9.9999998970719894e-01 +9.9999998961206438e-01 +9.9999998424760905e-01 +1.1264073023549277e-05 +1.0422349428353885e-05 +1.1743361780609499e-05 +1.1634799949425886e-05 +1.1617145127350650e-05
 17.50000000 +5.0000000000000000e+00 +2.0000001977980086e+00 +1.8613817799659996e-03 +9.9993890468545765e-01 +9.9999999147307506e-01 +9.9999998696276915e-01 +9.9999999243013205e-01 +9.9999998394481293e-01 +1.1197796615731359e-05 +1.2837890437272337e-05 +1.3018799699440033e-05 +1.2521167186806960e-05 +1.1564831883100557e-05
 18.00000000 +5.0000000000000000e+00 +2.0000001468361663e+00 +1.8608778644025237e-03 +9.9993947249335702e-01 +9.9999998600615247e-01 +9.9999998773808629e-01 +9.9999998791286371e-01 +9.9999998272101676e-01 +1.4642685894266740e-05 +1.4235536126952444e-05 +1.3284319649323717e-05 +9.6967574425174207e-06 +8.7238142968823064e-06
 18.50000000 +5.0000000000000000e+00 +2.0000004842654198e+00 +1.8583523124227083e-03 +9.9994529380563513e-01 +9.9999998471413620e-01 +9.9999998624968223e-01 +9.9999998653827060e-01 +9.9999998268629986e-01 +1.4704500233528692e-05 +1.3739811965258823e-05 +1.0945613702501037e-05 +9.3449510767964849e-06 +6.0311156096392379e-06
 19.00000000 +5.0000000000000000e+00 +2.0000001669068355e+00 +1.8542077288448457e-03 +9.9995551750856637e-01 +9.9999998844727578e-01 +9.9999998230687259e-01 +9.9999998848280458e-01 +9.9999999138848139e-01 +1.3130467707109720e-05 +1.1526280958298162e-05 +8.7274848774518590e-06 +6.7569616147621634e-06 +4.3906000794212192e-06
 19.50000000 +5.0000000000000000e+00 +2.0000003492244347e+00 +1.8514466615884473e-03 +9.9996259366447748e-01 +9.9999999077689372e-01 +9.9999998047481631e-01 +9.9999997763012971e-01 +9.9999998806956159e-01 +1.1891184993681036e-05 +1.0079143556494506e-05 +7.1633825093785745e-06 +5.5022976212702310e-06 +2.8333238444304953e-06
 20.00000000 +5.0000000000000000e+00 +1.9999998298714814e+00 +1.8492907988828641e-03 +9.9996824328747058e-01 +9.9999998673586765e-01 +9.9999998384847033e-01 +9.9999999365011272e-01 +9.9999998002268686e-01 +1.0119520949765613e-05 +7.4586577220024564e-06 +7.1972465525260470e-06 +4.5446175271336222e-06 +2.4924695928597982e-06
 20.50000000 +5.0000000000000000e+00 +1.9999999329120346e+00 +1.8432278056582472e-03 +9.9998427483807784e-01 +9.9999998124259037e-01 +9.9999998122582234e-01 +9.9999998302404181e-01 +9.9999998643954524e-01 +5.6739214753967088e-06 +4.7793647492663371e-06 +2.7795428538349565e-06 +1.2791574785860071e-06 +1.2812582903805829e-06
 21.00000000 +5.0000000000000000e+00 +1.9999995944686011e+00 +1.8439446289075729e-03 +9.9998319678392167e-01 +9.9999998041914429e-01 +9.9999998189826667e-01 +9.9999997495173099e-01 +9.9999998210406460e-01 +4.6401240519841836e-06 +4.3472756298232765e-06 +1.9105936674381583e-06 +1.6504500088434541e-06 +4.3353846092668166e-06
 21.50000000 +5.0000000000000000e+00 +1.9999998695127197e+00 +1.8448210603674165e-03 +9.9998182719107664e-01 +9.9999998185269856e-01 +9.9999998384188615e-01 +9.9999997785115058e-01 +9.9999997192969470e-01 +3.7711684270914981e-06 +2.3503473249630683e-06 +1.5635071347463067e-06 +4.1369268450932499e-06 +6.4353210537302653e-06
 22.00000000 +5.0000000000000000e+00 +1.9999996344047906e+00 +1.8459669420770701e-03 +9.9997934119158804e-01 +9.9999998601171525e-01 +9.9999997964263909e-01 +9.9999997950328867e-01 +9.9999998378727062e-01 +3.1369223483940750e-06 +1.7718914593207665e-06 +3.3281749734124867e-06 +5.3073027117763415e-06 +7.1855885806083864e-06
 22.50000000 +5.0000000000000000e+00 +1.9999999086524864e+00 +1.8471389171735646e-03 +9.9997684156182010e-01 +9.9999998164215642e-01 +9.9999999768745407e-01 +9.9999997477322078e-01 +9.9999997851662625e-01 +1.5827560734857000e-06 +3.9843759908765892e-06 +3.1459460661804018e-06 +7.3154286933885078e-06 +7.1973192416114904e-06
 23.00000000 +5.0000000000000000e+00 +1.9999995510882265e+00 +1.8513727165200434e-03 +9.9996591078008212e-01 +9.9999998846601013e-01 +9.9999998090355335e-01 +9.9999998203233165e-01 +9.9999997747864577e-01 +2.7731939946072434e-06 +4.8176179912250041e-06 +6.1721599522811382e-06 +8.6985414971520160e-06 +1.1698766027543518e-05
 23.50000000 +5.0000000000000000e+00 +1.9999996236573603e+00 +1.8552402781334869e-03 +9.9995594612449923e-01 +9.9999997662180640e-01 +9.9999998399795387e-01 +9.9999997445990108e-01 +9.9999996983188022e-01 +8.0949380320678051e-06 +8.0362922100295419e-06 +7.0779197637963476e-06 +9.5732676479822359e-06 +1.1366605492520568e-05
 24.00000000 +5.0000000000000000e+00 +1.9999991891640112e+00 +1.8578137045828840e-03 +9.9994882029052734e-01 +9.9999997990885336e-01 +9.9999997442597710e-01 +9.9999997140470565e-01 +9.9999996272587166e-01 +8.7777933673484044e-06 +1.0061927515667780e-05 +1.1368447971628470e-05 +1.0883973703513703e-05 +1.0199044140247716e-05
 24.50000000 +5.0000000000000000e+00 +1.9999998535756185e+00 +1.8566012000494475e-03 +9.9995135188870732e-01 +9.9999998428475245e-01 +9.9999997786136163e-01 +9.9999997579437894e-01 +9.9999997710953847e-01 +8.2070471390060922e-06 +9.9988872681805223e-06 +1.1458425192795174e-05 +9.7237415894465369e-06 +9.3449724668621120e-06
 25.00000000 +5.0000000000000000e+00 +2.0000001865090895e+00 +1.8572913530616676e-03 +9.9994891502474714e-01 +9.9999997794940565e-01 +9.9999997118747275e-01 +9.9999996345060471e-01 +9.9999997171992749e-01 +1.1259848604653690e-05 +1.0189562786477021e-05 +1.0959894626243406e-05 +9.1910839811447336e-06 +9.6003212480473841e-06
 25.50000000 +5.0000000000000000e+00 +2.0000003750780699e+00 +1.8562794159511192e-03 +9.9995097528507559e-01 +9.9999999219699576e-01 +9.9999997594534606e-01 +9.9999997003689745e-01 +9.9999997710467114e-01 +1.5282035448297242e-05 +1.0104511819818390e-05 +9.5141791317508050e-06 +6.8680411036915633e-06 +7.3406350832675734e-06
 26.00000000 +5.0000000000000000e+00 +1.9999995071512311e+00 +1.8531872201713998e-03 +9.9995812346831459e-01 +9.9999998050982031e-01 +9.9999998095920650e-01 +9.9999996261416402e-01 +9.9999996022933446e-01 +1.2929430226527212e-05 +1.1629729212947773e-05 +8.0068599291425431e-06 +5.3148930644168859e-06 +4.1112941150960593e-06
 26.50000000 +5.0000000000000000e+00 +1.9999996600810350e+00 +1.8494342200274089e-03 +9.9996769003930752e-01 +9.9999997785638806e-01 +9.9999999146576690e-01 +9.9999996192496832e-01 +9.9999997414042086e-01 +8.3282817220432452e-06 +8.7084242327758840e-06 +7.1307590554690096e-06 +4.8309136441832384e-06 +3.4061935639587106e-06
 27.00000000 +5.0000000000000000e+00 +2.0000000767754491e+00 +1.8501286939894882e-03 +9.9996622519200773e-01 +9.9999997450096478e-01 +9.9999997006006036e-01 +9.9999997287294717e-01 +9.9999997862504142e-01 +9.9945341618755622e-06 +9.5632536139930214e-06 +7.0411475897645463e-06 +3.7329288826869105e-06 +3.5468942653331623e-06
 27.50000000 +5.0000000000000000e+00 +2.0000002507923771e+00 +1.8456784115889642e-03 +9.9997795279136303e-01 +9.9999998695504000e-01 +9.9999996262525348e-01 +9.9999996422681714e-01 +9.9999995920938345e-01 +8.3097033541516065e-06 +4.6286609388131201e-06 +4.2240758001113097e-06 +7.0431279909321738e-07 +4.3074417682145801e-06
 28.00000000 +5.0000000000000000e+00 +2.0000000009975185e+00 +1.8435827222943145e-03 +9.9998384219551262e-01 +9.9999998283379510e-01 +9.9999996762748644e-01 +9.9999994872132414e-01 +9.9999996867566432e-01 +5.0419941840422740e-06 +4.2939360109153915e-06 +2.0947840472134363e-06 +2.6210797213911533e-06 +2.2381648598796426e-06
 28.50000000 +5.0000000000000000e+00 +1.9999997763692732e+00 +1.8451949969040390e-03 +9.9998037045596122e-01 +9.9999998195675910e-01 +9.9999994987555196e-01 +9.9999998069708629e-01 +9.9999998141953550e-01 +4.4299536482933897e-06 +4.1916307392626298e-06 +1.9870275991189612e-06 +2.8500795606801861e-06 +6.2768511891073003e-06
 29.00000000 +5.0000000000000000e+00 +2.0000000249350043e+00 +1.8485509716696812e-03 +9.9997234390532730e-01 +9.9999997677341179e-01 +9.9999993901792694e-01 +9.9999995921785523e-01 +9.9999996511693112e-01 +5.9951411146158627e-06 +2.9503097190219137e-06 +6.1137808963949570e-06 +5.0044068261073732e-06 +7.7523584412859312e-06
 29.50000000 +5.0000000000000000e+00 +1.9999999174073466e+00 +1.8506239665896549e-03 +9.9996755543867388e-01 +1.0000000111827663e+00 +9.9999996370757382e-01 +9.9999995986455115e-01 +9.9999995136288089e-01 +4.9623151075346817e-06 +5.2635914875362591e-06 +6.1704662878163092e-06 +9.1727475477428725e-06 +6.9892816608080789e-06
 30.00000000 +5.0000000000000000e+00 +1.9999996586568196e+00 +1.8539647063266153e-03 +9.9995911797409620e-01 +9.9999995972458733e-01 +9.9999994568294748e-01 +9.9999997131220342e-01 +9.9999995598857494e-01 +4.9918031222259294e-06 +6.2180785184901661e-06 +8.1225643759925320e-06 +1.0051627310791568e-05 +1.1665154492349755e-05
 30.50000000 +5.0000000000000000e+00 +2.0000001374320076e+00 +1.8566160815070224e-03 +9.9995219575215433e-01 +9.9999998394472833e-01 +9.9999997951143904e-01 +9.9999996033156879e-01 +9.9999997090588721e-01 +7.4447947938576136e-06 +7.3368931068834318e-06 +1.0938626340550316e-05 +1.1128237615820648e-05 +1.1060972895294208e-05
 31.00000000 +5.0000000000000000e+00 +1.9999989700887604e+00 +1.8532057351323542e-03 +9.9996031462509238e-01 +9.9999998187879691e-01 +9.9999994181676033e-01 +9.9999995408735398e-01 +9.9999998866075879e-01 +5.4679497971820671e-06 +4.6659492433290034e-06 +1.2512270224901512e-05 +8.5209225758567470e-06 +8.6518914064858933e-06
 31.50000000 +5.0000000000000000e+00 +2.0000002197161932e+00 +1.8546426492137274e-03 +9.9995629052493373e-01 +1.0000000060261238e+00 +9.9999998616656549e-01 +9.9999998671891943e-01 +9.9999998785576683e-01 +6.5669963868651580e-06 +8.4619820227963828e-06 +1.2736696831386482e-05 +9.1581372873721438e-06 +6.8188956863670413e-06
 32.00000000 +5.0000000000000000e+00 +2.0000003983934320e+00 +1.8562806485033125e-03 +9.9995149582965548e-01 +9.9999998637767806e-01 +9.9999997321230871e-01 +9.9999997366467330e-01 +9.9999993468308856e-01 +1.1508573108829103e-05 +1.1795703478711744e-05 +8.9958197856448830e-06 +9.6260497322679430e-06 +6.7099973175745531e-06
 32.50000000 +5.0000000000000000e+00 +2.0000011338369346e+00 +1.8552778976097678e-03 +9.9995343051568419e-01 +9.9999998793966349e-01 +9.9999995011903231e-01 +9.9999997019706810e-01 +9.9999992586002595e-01 +1.3013418684663774e-05 +8.7054614013343256e-06 +8.1829285540645042e-06 +1.0053015678626344e-05 +6.7805573719025454e-06
 33.00000000 +5.0000000000000000e+00 +2.0000016899993249e+00 +1.8540895970098402e-03 +9.9995638387408314e-01 +1.0000000145097085e+00 +9.9999996452838980e-01 +9.9999997505508653e-01 +9.9999997930246443e-01 +1.2746268007106104e-05 +1.1144978687553151e-05 +5.9917014349216308e-06 +6.0562640786322782e-06 +7.7435584862447589e-06
 33.50000000 +5.0000000000000000e+00 +2.0000018901362315e+00 +1.8549136012125226e-03 +9.9995422183921234e-01 +9.9999996078689701e-01 +9.9999993709870194e-01 +9.9999994957172456e-01 +9.9999995030053923e-01 +1.5882273917481990e-05 +7.9691622973656707e-06 +1.0286467170935594e-05 +7.8338072501121566e-06 +4.0087426782350384e-06
 34.00000000 +5.0000000000000000e+00 +2.0000029244513122e+00 +1.8493963091630284e-03 +9.9996857477174561e-01 +9.9999998224834519e-01 +9.9999994748692889e-01 +9.9999997516549177e-01 +9.9999995508302708e-01 +8.0367833618716866e-06 +6.2732837534502281e-06 +5.5903381368166329e-06 +5.4622808742905374e-06 +6.2026003804814491e-06
 34.50000000 +5.0000000000000000e+00 +2.0000023349006582e+00 +1.8476167515247622e-03 +9.9997316774721856e-01 +9.9999999239940118e-01 +9.9999995967158073e-01 +9.9999992306152963e-01 +9.9999995240236095e-01 +1.0824958144131708e-05 +6.0083088969230218e-06 +5.4112231852994902e-06 +1.3958004630758142e-06 +3.3644388438968011e-06
 35.00000000 +5.0000000000000000e+00 +2.0000022578375556e+00 +1.8492962077652894e-03 +9.9996951314639038e-01 +9.9999996057083151e-01 +9.9999995325777769e-01 +9.9999999341462853e-01 +9.9999992424939999e-01 +1.0261497056429340e-05 +4.9091435770238018e-06 +6.8872386904462723e-06 +7.8250739732524283e-07 +7.8150218972924820e-06
 35.50000000 +5.0000000000000000e+00 +2.0000025390603873e+00 +1.8475300371020565e-03 +9.9997438599857924e-01 +9.9999997536787821e-01 +9.9999996930068213e-01 +9.9999995801321140e-01 +9.9999996564919613e-01 +9.6957499613361811e-06 +2.3766507095198956e-06 +2.9978115592828252e-06 +4.2899669009835351e-06 +6.3855318763154276e-06
 36.00000000 +5.0000000000000000e+00 +2.0000021382231665e+00 +1.8467037059245288e-03 +9.9997647873300377e-01 +9.9999998417951708e-01 +9.9999992218859846e-01 +9.9999993905794871e-01 +9.9999995266751207e-01 +5.5582422583839568e-06 +4.6653769927284668e-06 +3.2162907082808348e-06 +6.1269500692102031e-06 +4.1563290748080522e-06
 36.50000000 +5.0000000000000000e+00 +2.0000015796602435e+00 +1.8499891149033189e-03 +9.9996850431579620e-01 +9.9999999797186467e-01 +9.9999998071855889e-01 +9.9999991416777878e-01 +9.9999995637008521e-01 +6.3707496765793452e-06 +2.0791586049423154e-06 +7.1936356495670827e-06 +9.8332036691482483e-06 +6.1697587304044487e-06
 37.00000000 +5.0000000000000000e+00 +2.0000009356957764e+00 +1.8539287673878815e-03 +9.9995846830178658e-01 +1.0000000160767970e+00 +9.9999994452535024e-01 +9.9999997762551818e-01 +9.9999996198789010e-01 +3.7189886329233131e-06 +1.0198954034464171e-05 +6.7797539989113084e-06 +1.1133032447631777e-05 +9.8007503309003472e-06
 37.50000000 +5.0000000000000000e+00 +1.9999999963215140e+00 +1.8448627157834616e-03 +9.9998151439294769e-01 +9.9999997327772316e-01 +9.9999995461064606e-01 +9.9999995859529023e-01 +9.9999991760510620e-01 +3.1176986252420923e-07 +5.7718611763263503e-06 +2.2688516528559034e-06 +4.8843529165197166e-06 +5.4446507115907201e-06
 38.00000000 +5.0000000000000000e+00 +1.9999999117362726e+00 +1.8527175824461822e-03 +9.9996124207054204e-01 +1.0000000156478086e+00 +9.9999998905027632e-01 +9.9999994335722164e-01 +9.9999993232344575e-01 +8.7409193961181832e-06 +3.7486127343735316e-06 +9.7393537242230887e-06 +1.5084999736937723e-05 +1.5636816395610964e-06
 38.50000000 +5.0000000000000000e+00 +1.9999995616594592e+00 +1.8531544139793665e-03 +9.9995970698321379e-01 +9.9999998183759231e-01 +9.9999999787983351e-01 +9.9999993630535422e-01 +9.9999996681132508e-01 +8.2155596484393889e-06 +8.3981748097895752e-06 +6.8948547967138020e-06 +8.4742515600049305e-06 +8.4273722715806926e-06
 39.00000000 +5.0000000000000000e+00 +1.9999999693716060e+00 +1.8542127155123822e-03 +9.9995683791927148e-01 +1.0000000031845269e+00 +9.9999994387489877e-01 +9.9999997556362674e-01 +9.9999998820018599e-01 +1.0645839896806828e-05 +7.0146110093169404e-06 +1.0926049997659211e-05 +1.0898421977946563e-05 +3.7662891586785103e-06
 39.50000000 +5.0000000000000000e+00 +2.0000003147549013e+00 +1.8543627710949069e-03 +9.9995625128283872e-01 +9.9999999539105822e-01 +1.0000000560314590e+00 +9.9999999993482580e-01 +9.9999998235861143e-01 +1.2896494889449872e-05 +1.0489996410624521e-05 +7.5123499151784605e-06 +7.6962635088340383e-06 +5.1199137746612491e-06
 40.00000000 +5.0000000000000000e+00 +2.0000003526346912e+00 +1.8489677006204935e-03 +9.9996996304043628e-01 +1.0000000079646041e+00 +9.9999996825860071e-01 +9.9999991293495061e-01 +9.9999989971554004e-01 +1.0114885078522503e-05 +7.6570874778580106e-06 +3.7666880373952844e-06 +1.9650553813070235e-06 +6.7443030718618973e-06
 40.50000000 +5.0000000000000000e+00 +2.0000002608596512e+00 +1.8517132148944525e-03 +9.9996282164141881e-01 +1.0000000103115536e+00 +9.9999991377078867e-01 +9.9999995290089494e-01 +9.9999993399914833e-01 +8.7974140265554822e-06 +9.2822011957071980e-06 +5.1939687297978577e-06 +7.5574982238155124e-06 +6.5363033443445059e-06
 41.00000000 +5.0000000000000000e+00 +2.0000006604436686e+00 +1.8537389060283001e-03 +9.9995763902653334e-01 +1.0000000225830583e+00 +9.9999995245771989e-01 +9.9999991314636494e-01 +1.0000000221077887e+00 +1.2283988262025898e-05 +1.0673240370803263e-05 +4.9592829861908543e-06 +8.9818624261401774e-06 +5.5523335370924115e-06
 41.50000000 +5.0000000000000000e+00 +2.0000014842815781e+00 +1.8516467782902905e-03 +9.9996370215785313e-01 +9.9999993962586264e-01 +9.9999997148431607e-01 +9.9999986041517364e-01 +9.9999997664176121e-01 +1.2304067237663207e-05 +8.9669268746117182e-06 +8.1240399265339609e-06 +6.5226237204911246e-06 +6.3201458504318048e-07
 42.00000000 +5.0000000000000000e+00 +2.0000010829290202e+00 +1.8516864986875001e-03 +9.9996363280050882e-01 +9.9999995689970278e-01 +9.9999996233850874e-01 +9.9999989147679025e-01 +9.9999997091009418e-01 +1.1761777568360395e-05 +8.5970413443255978e-06 +7.4335515289478203e-06 +6.4936258332761818e-06 +2.2995898794580189e-06
 42.50000000 +5.0000000000000000e+00 +2.0000006815951319e+00 +1.8517262172371564e-03 +9.9996356344639103e-01 +9.9999997417273978e-01 +9.9999995319312707e-01 +9.9999992253696279e-01 +9.9999996517869416e-01 +1.1219513123109732e-05 +8.2271730188885375e-06 +6.7430952487268724e-06 +6.4646292948684575e-06 +3.9670876083049247e-06
 43.00000000 +5.0000000000000000e+00 +2.0000002802799104e+00 +1.8517659339393879e-03 +9.9996349409549912e-01 +9.9999999144497353e-01 +9.9999994404817072e-01 +9.9999995359569049e-01 +9.9999995944756048e-01 +1.0677273900151352e-05 +7.8573218971001577e-06 +6.0526710836303034e-06 +6.4356341051738427e-06 +5.6345077769955952e-06
 43.50000000 +5.0000000000000000e+00 +1.9999998789833544e+00 +1.8518056487943227e-03 +9.9996342474783262e-01 +1.0000000087164034e+00 +9.9999993490363981e-01 +9.9999998465297346e-01 +9.9999995371669348e-01 +1.0135059897725543e-05 +7.4874879777602000e-06 +5.3622790314175154e-06 +6.4066402640982424e-06 +7.3018503909412291e-06
 44.00000000 +5.0000000000000000e+00 +1.9999994777054637e+00 +1.8518453618020911e-03 +9.9996335540339176e-01 +1.0000000259870303e+00 +9.9999992575953411e-01 +1.0000000157088120e+00 +9.9999994798609315e-01 +9.5928711140727814e-06 +7.1176712596685204e-06 +4.6719190898481199e-06 +6.3776477715475690e-06 +8.9691154555525180e-06
 44.50000000 +5.0000000000000000e+00 +1.9999991637707311e+00 +1.8522650703058144e-03 +9.9996222112813837e-01 +1.0000000320270002e+00 +9.9999993523670905e-01 +1.0000000055190894e+00 +9.9999994388020841e-01 +1.0398373402823509e-05 +7.9220380494615711e-06 +5.3361261342244338e-06 +5.9368669624877327e-06 +8.2688591120189850e-06
 45.00000000 +5.0000000000000000e+00 +1.9999988498294008e+00 +1.8526847876305845e-03 +9.9996108682904639e-01 +1.0000000380670975e+00 +9.9999994471408382e-01 +9.9999999532915262e-01 +9.9999993977423796e-01 +1.1203892620877206e-05 +8.7264217446927231e-06 +6.0003471382907996e-06 +5.4960768895040576e-06 +7.5685880511445417e-06
 45.50000000 +5.0000000000000000e+00 +1.9999985358814718e+00 +1.8531045137766772e-03 +9.9995995250611391e-01 +1.0000000441073211e+00 +9.9999995419165721e-01 +9.9999998513900168e-01 +9.9999993566818068e-01 +1.2009428768767571e-05 +9.5308223458949220e-06 +6.6645821024873042e-06 +5.0552775523044834e-06 +6.8683022724652012e-06
 46.00000000 +5.0000000000000000e+00 +1.9999982219269448e+00 +1.8535242487443722e-03 +9.9995881815934118e-01 +1.0000000501476722e+00 +9.9999996366943011e-01 +9.9999997494863668e-01 +9.9999993156203726e-01 +1.2814981847028353e-05 +1.0335239853601163e-05 +7.3288310272540625e-06 +4.6144689505969505e-06 +6.1680017755169707e-06
 46.50000000 +5.0000000000000000e+00 +1.9999979079658188e+00 +1.8539439925339470e-03 +9.9995768378872685e-01 +1.0000000561881499e+00 +9.9999997314740208e-01 +9.9999996475805730e-01 +9.9999992745580746e-01 +1.3620551856193299e-05 +1.1139674268344447e-05 +7.9930939130312022e-06 +4.1736510840893759e-06 +5.4676865598358320e-06
 47.00000000 +5.0000000000000000e+00 +1.9999983484970196e+00 +1.8537913772209039e-03 +9.9995807985097440e-01 +1.0000000371804401e+00 +9.9999994312884810e-01 +9.9999995966815236e-01 +9.9999993946515220e-01 +1.2857630864134811e-05 +1.0481077269899074e-05 +7.2663420485476926e-06 +4.9915886581853849e-06 +6.4440768687792976e-06
 47.50000000 +5.0000000000000000e+00 +1.9999987890585857e+00 +1.8536387513881148e-03 +9.9995847594052234e-01 +1.0000000181714201e+00 +9.9999991310822489e-01 +9.9999995457789659e-01 +9.9999995147532483e-01 +1.2094657284070710e-05 +9.8224348744820450e-06 +6.5395400891899733e-06 +5.8095826125700280e-06 +7.4205344801296740e-06
 48.00000000 +5.0000000000000000e+00 +1.9999992296505213e+00 +1.8534861150344922e-03 +9.9995887205737388e-01 +9.9999999916109006e-01 +9.9999988308553256e-01 +9.9999994948728987e-01 +9.9999996348632547e-01 +1.1331631110563487e-05 +9.1637470773993943e-06 +5.8126880297783207e-06 +6.6276329530729341e-06 +8.3970594008459154e-06
 48.50000000 +5.0000000000000000e+00 +1.9999996702728289e+00 +1.8533334681589489e-03 +9.9995926820153158e-01 +9.9999998014944935e-01 +9.9999985306077055e-01 +9.9999994439633255e-01 +9.9999997549815411e-01 +1.0568552338174883e-05 +8.5050138739565040e-06 +5.0857858651322951e-06 +7.4457396855245315e-06 +9.3736516378879365e-06
 49.00000000 +5.0000000000000000e+00 +2.0000001109255114e+00 +1.8531808107603951e-03 +9.9995966437299799e-01 +9.9999996113649814e-01 +9.9999982303393864e-01 +9.9999993930502407e-01 +9.9999998751081065e-01 +9.8054209614658811e-06 +7.8462352594581047e-06 +4.3588335900707431e-06 +8.2639028157560484e-06 +1.0350311198216604e-05
 49.50000000 +5.0000000000000000e+00 +1.9999998953987583e+00 +1.8528639754058838e-03 +9.9996046304739294e-01 +9.9999995030722377e-01 +9.9999982850416635e-01 +9.9999993344809435e-01 +9.9999998479616836e-01 +9.7837966944261807e-06 +5.9054216341266557e-06 +5.5920951812812094e-06 +8.4380705015915655e-06 +1.0120554969665002e-05
 50.00000000 +5.0000000000000000e+00 +1.9999996798623105e+00 +1.8525471257995522e-03 +9.9996126175771394e-01 +9.9999993947746268e-01 +9.9999983397464043e-01 +9.9999992759090106e-01 +9.9999998208140417e-01 +9.7621714546883061e-06 +3.9645207075299273e-06 +6.8254122468020026e-06 +8.6122460218008471e-06 +9.8907884062676445e-06
 50.50000000 +5.0000000000000000e+00 +1.9999994643161674e+00 +1.8522302619404382e-03 +9.9996206050396275e-01 +9.9999992864721410e-01 +9.9999983944536008e-01 +9.9999992173344454e-01 +9.9999997936651741e-01 +9.7405452421866223e-06 +2.0235324737773380e-06 +8.0587847903762037e-06 +8.7864293769125096e-06 +9.6610115073271951e-06
 51.00000000 +5.0000000000000000e+00 +1.9999992487603284e+00 +1.8519133838275810e-03 +9.9996285928614270e-01 +9.9999991781647868e-01 +9.9999984491632632e-01 +9.9999991587572457e-01 +9.9999997665150897e-01 +9.7189180568554928e-06 +8.2456926977772924e-08 +9.2922128157472348e-06 +8.9606205674552184e-06 +9.4312242721462576e-06
 51.50000000 +5.0000000000000000e+00 +1.9999990331947923e+00 +1.8515964914600175e-03 +9.9996365810425547e-01 +9.9999990698525565e-01 +9.9999985038753836e-01 +9.9999991001774069e-01 +9.9999997393637796e-01 +9.6972898986292725e-06 -1.8587059387604088e-06 +1.0525696326658851e-05 +9.1348195939576847e-06 +9.2014267000273680e-06
 52.00000000 +5.0000000000000000e+00 +1.9999985474881050e+00 +1.8514241970337274e-03 +9.9996386524196434e-01 +9.9999991526980492e-01 +9.9999988800782169e-01 +9.9999993573430201e-01 +9.9999996923920853e-01 +8.8294955167904869e-06 +2.6452008368368013e-07 +1.0445439879607019e-05 +8.1101510236905358e-06 +8.7768706860857608e-06
 52.50000000 +5.0000000000000000e+00 +1.9999980617891577e+00 +1.8512519053529865e-03 +9.9996407237637264e-01 +9.9999992355422207e-01 +9.9999992562750539e-01 +9.9999996145045367e-01 +9.9999996454211404e-01 +7.9617149634447411e-06 +2.3877122720572976e-06 +1.0365184711459205e-05 +7.0854987817408869e-06 +8.3523214375369767e-06
 53.00000000 +5.0000000000000000e+00 +1.9999975760979507e+00 +1.8510796164177301e-03 +9.9996427950748057e-01 +9.9999993183850777e-01 +9.9999996324659013e-01 +9.9999998716619576e-01 +9.9999995984509493e-01 +7.0939482382614984e-06 +4.5108706271691666e-06 +1.0284930822184838e-05 +6.0608628677184499e-06 +7.9277789542193089e-06
 53.50000000 +5.0000000000000000e+00 +1.9999970904144817e+00 +1.8509073302278905e-03 +9.9996448663528714e-01 +9.9999994012266058e-01 +1.0000000008650747e+00 +1.0000000128815274e+00 +9.9999995514814966e-01 +6.2261953409102244e-06 +6.6339951498279828e-06 +1.0204678211753343e-05 +5.0362432812329391e-06 +7.5032432359710435e-06
 54.00000000 +5.0000000000000000e+00 +1.9999966047387532e+00 +1.8507350467834045e-03 +9.9996469375979380e-01 +9.9999994840668216e-01 +1.0000000384829604e+00 +1.0000000385964500e+00 +9.9999995045128010e-01 +5.3584562710604120e-06 +8.7570858408424241e-06 +1.0124426880134165e-05 +4.0116400218941001e-06 +7.0787142826304877e-06
 54.50000000 +5.0000000000000000e+00 +1.9999966966251899e+00 +1.8526419600225278e-03 +9.9996003018345880e-01 +9.9999996803141589e-01 +1.0000000382317942e+00 +1.0000000507403191e+00 +9.9999993501468187e-01 +6.4740970678744074e-06 +1.0435584342169605e-05 +1.0568246342553821e-05 +5.6327060099152330e-06 +6.8671866966622545e-06
 55.00000000 +5.0000000000000000e+00 +1.9999967885111309e+00 +1.8545488629647445e-03 +9.9995536663230655e-01 +9.9999998765604392e-01 +1.0000000379806295e+00 +1.0000000628841230e+00 +9.9999991957816758e-01 +7.5897318404766007e-06 +1.2114073779978750e-05 +1.1012063408447239e-05 +7.2537632445411075e-06 +6.6556602528958711e-06
 55.50000000 +5.0000000000000000e+00 +1.9999968803965753e+00 +1.8564557556101375e-03 +9.9995070310633605e-01 +1.0000000072805657e+00 +1.0000000377294660e+00 +1.0000000750278606e+00 +9.9999990414173601e-01 +8.7053605889157776e-06 +1.3792554154343259e-05 +1.1455878077833820e-05 +8.8748117258426176e-06 +6.4441349513220827e-06
 56.00000000 +5.0000000000000000e+00 +1.9999969722815238e+00 +1.8583626379587914e-03 +9.9994603960554773e-01 +1.0000000269049818e+00 +1.0000000374783040e+00 +1.0000000871715333e+00 +9.9999988870538847e-01 +9.8209833132407390e-06 +1.5471025465336557e-05 +1.1899690350732991e-05 +1.0495851453890668e-05 +6.2326107919316432e-06
 56.50000000 +5.0000000000000000e+00 +1.9999970641659759e+00 +1.8602695100107881e-03 +9.9994137612994083e-01 +1.0000000465292918e+00 +1.0000000372271434e+00 +1.0000000993151403e+00 +9.9999987326912387e-01 +1.0936600013500273e-05 +1.7149487713032044e-05 +1.2343500227164146e-05 +1.2116882428756152e-05 +6.0210877747152979e-06
 57.00000000 +5.0000000000000000e+00 +1.9999971493052973e+00 +1.8569867775158912e-03 +9.9994985967749972e-01 +1.0000000142995200e+00 +1.0000000623152545e+00 +1.0000000926604362e+00 +9.9999994100733802e-01 +9.8976208038100075e-06 +1.3850023519590760e-05 +1.0132712855135866e-05 +1.0575434797554944e-05 +5.5742709820760882e-06
 57.50000000 +5.0000000000000000e+00 +1.9999972344479331e+00 +1.8537039172444778e-03 +9.9995834355527102e-01 +9.9999998206849394e-01 +1.0000000874043422e+00 +1.0000000860054730e+00 +1.0000000087481886e+00 +8.8586011530710572e-06 +1.0550430898370717e-05 +7.9218394307988251e-06 +9.0339271673103308e-06 +5.1274367976166228e-06
 58.00000000 +5.0000000000000000e+00 +1.9999973195938827e+00 +1.8504209291890863e-03 +9.9996682776327350e-01 +9.9999994983621310e-01 +1.0000001124944065e+00 +1.0000000793502506e+00 +1.0000000764916761e+00 +7.8195410589221926e-06 +7.2507098418734099e-06 +5.7108799491287048e-06 +7.4923595345191562e-06 +4.6805852203214472e-06
 58.50000000 +5.0000000000000000e+00 +1.9999974047431464e+00 +1.8471378133422566e-03 +9.9997531230152670e-01 +9.9999991760267781e-01 +1.0000001375854473e+00 +1.0000000726947691e+00 +1.0000001442378004e+00 +6.7804405190020079e-06 +3.9508603425997621e-06 +3.4998344051007826e-06 +5.9507318956779887e-06 +4.2337162491750298e-06
 59.00000000 +5.0000000000000000e+00 +1.9999974898957249e+00 +1.8438545696965265e-03 +9.9998379717004993e-01 +9.9999988536788753e-01 +1.0000001626774648e+00 +1.0000000660390285e+00 +1.0000002119865616e+00 +5.7412995309489066e-06 +6.5088239305011043e-07 +1.2887027936899540e-06 +4.4090442472831298e-06 +3.7868298831617562e-06
 59.50000000 +5.0000000000000000e+00 +1.9999972791806711e+00 +1.8469091884991838e-03 +9.9997592193453888e-01 +9.9999991332994098e-01 +1.0000001466469737e+00 +1.0000000172167873e+00 +1.0000001255468982e+00 +7.7111910721438395e-06 +2.4622894473893383e-06 +4.4205248499871162e-06 +4.4768274710111286e-06 +4.8044803662416751e-06
 60.00000000 +5.0000000000000000e+00 +1.9999970684653254e+00 +1.8499638115411826e-03 +9.9996804668809858e-01 +9.9999994129203351e-01 +1.0000001306164603e+00 +9.9999996839447813e-01 +1.0000000391071149e+00 +9.6810853472456123e-06 +4.2736990156832851e-06 +7.5523512527721744e-06 +4.5446107888118288e-06 +5.8221322616641295e-06
 60.50000000 +5.0000000000000000e+00 +1.9999968577496872e+00 +1.8530184388225320e-03 +9.9996017143072824e-01 +9.9999996925416457e-01 +1.0000001145859250e+00 +9.9999991957210155e-01 +9.9999995266721187e-01 +1.1650982356259916e-05 +6.0851110979371838e-06 +1.0684182002054174e-05 +4.6123942006854269e-06 +6.8397855694320620e-06
 61.00000000 +5.0000000000000000e+00 +1.9999966470337562e+00 +1.8560730703432407e-03 +9.9995229616242842e-01 +9.9999999721633459e-01 +1.0000000985553668e+00 +9.9999987074965679e-01 +9.9999986622718839e-01 +1.3620882099192440e-05 +7.8965256941562648e-06 +1.3816017097842168e-05 +4.6801777066321169e-06 +7.8574402895484109e-06
 61.50000000 +5.0000000000000000e+00 +1.9999964363175331e+00 +1.8591277061033174e-03 +9.9994442088319901e-01 +1.0000000251785435e+00 +1.0000000825247868e+00 +9.9999982192714454e-01 +9.9999977978704535e-01 +1.5590784576048879e-05 +9.7079428043457687e-06 +1.6947856540145200e-05 +4.7479613066520978e-06 +8.8750964220161155e-06
 62.00000000 +5.0000000000000000e+00 +1.9999964486764301e+00 +1.8591180600311188e-03 +9.9994424324765607e-01 +1.0000000139813197e+00 +1.0000000273949488e+00 +9.9999984971489009e-01 +9.9999980269989341e-01 +1.5305655732175715e-05 +8.3535216939194174e-06 +1.8100672640402778e-05 +4.5020877799293166e-06 +9.8009885242770214e-06
 62.50000000 +5.0000000000000000e+00 +1.9999964610349521e+00 +1.8591084142511505e-03 +9.9994406561749472e-01 +1.0000000027844351e+00 +9.9999997226678106e-01 +9.9999987750179398e-01 +9.9999982561204748e-01 +1.5020535526348036e-05 +6.9991416159996330e-06 +1.9253453815825058e-05 +4.2562217020029428e-06 +1.0726852576418602e-05
 63.00000000 +5.0000000000000000e+00 +1.9999964733931006e+00 +1.8590987687633991e-03 +9.9994388799271472e-01 +9.9999999158788999e-01 +9.9999991714028358e-01 +9.9999990528785632e-01 +9.9999984852350732e-01 +1.4735423958173312e-05 +5.6448025687218065e-06 +2.0406200067999112e-05 +4.0103630725344850e-06 +1.1652688579715519e-05
 63.50000000 +5.0000000000000000e+00 +1.9999964857508743e+00 +1.8590891235678514e-03 +9.9994371037331586e-01 +9.9999998039168381e-01 +9.9999986201545599e-01 +9.9999993307307666e-01 +9.9999987143427327e-01 +1.4450321027259035e-05 +4.2905045502214428e-06 +2.1558911398511890e-05 +3.7645118911854745e-06 +1.2578496535442349e-05
 64.00000000 +5.0000000000000000e+00 +1.9999964981082732e+00 +1.8590794786644931e-03 +9.9994353275929748e-01 +9.9999996919581691e-01 +9.9999980689229817e-01 +9.9999996085745502e-01 +9.9999989434434478e-01 +1.4165226733212716e-05 +2.9362475586341650e-06 +2.2711587808950264e-05 +3.5186681576174619e-06 +1.3504276444873596e-05
 64.50000000 +5.0000000000000000e+00 +1.9999966764424078e+00 +1.8581151051632718e-03 +9.9994609227465436e-01 +9.9999996714641326e-01 +9.9999992583239261e-01 +9.9999996003254676e-01 +9.9999990607940570e-01 +1.2947247470446555e-05 +3.4161763836156396e-06 +2.1016887238019870e-05 +3.5979429773648474e-06 +1.3170437251407134e-05
 65.00000000 +5.0000000000000000e+00 +1.9999968547787617e+00 +1.8571507196591440e-03 +9.9994865182186776e-01 +9.9999996509698386e-01 +1.0000000447739674e+00 +9.9999995920762796e-01 +9.9999991781461262e-01 +1.1729253048314496e-05 +3.8961111819473044e-06 +1.9322165574295193e-05 +3.6772187837924126e-06 +1.2836593902869533e-05
 65.50000000 +5.0000000000000000e+00 +1.9999970331173353e+00 +1.8561863221518856e-03 +9.9995121140093812e-01 +9.9999996304752881e-01 +1.0000001637170222e+00 +9.9999995838269884e-01 +9.9999992954996519e-01 +1.0511243466533526e-05 +4.3760519537406786e-06 +1.7627422817382427e-05 +3.7564955769185788e-06 +1.2502746399183215e-05
 66.00000000 +5.0000000000000000e+00 +1.9999972114581288e+00 +1.8552219126412737e-03 +9.9995377101186622e-01 +9.9999996099804866e-01 +1.0000002826615579e+00 +9.9999995755775950e-01 +9.9999994128546421e-01 +9.2932187248206148e-06 +4.8559986991072880e-06 +1.5932658966887783e-05 +3.8357733567617690e-06 +1.2168894740270612e-05
 66.50000000 +5.0000000000000000e+00 +1.9999973898011418e+00 +1.8542574911270830e-03 +9.9995633065465284e-01 +9.9999995894854277e-01 +1.0000004016075739e+00 +9.9999995673281017e-01 +9.9999995302110933e-01 +8.0751788228927319e-06 +5.3359514181586543e-06 +1.4237874022417439e-05 +3.9150521233404031e-06 +1.1835038926054143e-05
 67.00000000 +5.0000000000000000e+00 +1.9999980555683035e+00 +1.8529937066029821e-03 +9.9995980802299600e-01 +9.9999993522690478e-01 +1.0000003271100926e+00 +9.9999992515835945e-01 +9.9999985464656138e-01 +8.5709912470994958e-06 +5.0067928661071465e-06 +1.1909629814376284e-05 +3.5331588207333323e-06 +1.1129312208796444e-05
 67.50000000 +5.0000000000000000e+00 +1.9999987213233676e+00 +1.8517299450419081e-03 +9.9996328532815493e-01 +9.9999991150569767e-01 +1.0000002526139646e+00 +9.9999989358448238e-01 +9.9999975627380033e-01 +9.0667946623699557e-06 +4.6776402948828283e-06 +9.5814279106476898e-06 +3.1512724571464822e-06 +1.0423598314628146e-05
 68.00000000 +5.0000000000000000e+00 +1.9999993870663355e+00 +1.8504662064432363e-03 +9.9996676257013162e-01 +9.9999988778492177e-01 +1.0000001781191905e+00 +9.9999986201117885e-01 +9.9999965790282697e-01 +9.5625890689496513e-06 +4.3484937043226975e-06 +7.2532683100786632e-06 +2.7693930323907310e-06 +9.7178972431997617e-06
 68.50000000 +5.0000000000000000e+00 +2.0000000527972071e+00 +1.8492024908063403e-03 +9.9997023974892807e-01 +9.9999986406457686e-01 +1.0000001036257702e+00 +9.9999983043844942e-01 +9.9999955953364128e-01 +1.0058374467084112e-05 +4.0193530942637511e-06 +4.9251510115162439e-06 +2.3875205462769643e-06 +9.0122089941618097e-06
 69.00000000 +5.0000000000000000e+00 +2.0000007185159823e+00 +1.8479387981305934e-03 +9.9997371686454528e-01 +9.9999984034466249e-01 +1.0000000291337030e+00 +9.9999979886629298e-01 +9.9999946116624239e-01 +1.0554150857018852e-05 +3.6902184645429946e-06 +2.5970760138075220e-06 +2.0056549986160730e-06 +8.3065335671648211e-06
 69.50000000 +5.0000000000000000e+00 +1.9999999764354015e+00 +1.8499373265930552e-03 +9.9996865818263836e-01 +9.9999991052466586e-01 +9.9999997400956742e-01 +9.9999983518068014e-01 +9.9999954978663974e-01 +1.0593974351756338e-05 +5.7733389286694263e-06 +4.2987407168980226e-06 +2.3806483893436186e-06 +9.0256166248984646e-06
 70.00000000 +5.0000000000000000e+00 +1.9999992343462698e+00 +1.8519358780839153e-03 +9.9996359944244162e-01 +9.9999998070547769e-01 +9.9999991888479678e-01 +9.9999987149548564e-01 +9.9999963840805806e-01 +1.0633798305367105e-05 +7.8564833959210688e-06 +6.0004250277220350e-06 +2.7556461009990528e-06 +9.7447079683942466e-06
 70.50000000 +5.0000000000000000e+00 +1.9999984922485867e+00 +1.8539344526035725e-03 +9.9995854064395406e-01 +1.0000000508870979e+00 +9.9999986375939065e-01 +9.9999990781070947e-01 +9.9999972703049778e-01 +1.0673622717859089e-05 +9.9396518667127905e-06 +7.7021289466184604e-06 +3.1306481336570597e-06 +1.0463807597795373e-05
 71.00000000 +5.0000000000000000e+00 +1.9999977501423531e+00 +1.8559330501524249e-03 +9.9995348178717536e-01 +1.0000001210695273e+00 +9.9999980863334959e-01 +9.9999994412635174e-01 +9.9999981565395846e-01 +1.0713447589240221e-05 +1.2022844341459477e-05 +9.4038524739262082e-06 +3.5056544873923253e-06 +1.1182915513245069e-05
 71.50000000 +5.0000000000000000e+00 +1.9999970080275682e+00 +1.8579316707308701e-03 +9.9994842287210395e-01 +1.0000001912527652e+00 +9.9999975350667336e-01 +9.9999998044241256e-01 +9.9999990427844054e-01 +1.0753272919518433e-05 +1.4106060820576023e-05 +1.1105595609984201e-05 +3.8806651622795357e-06 +1.1902031714886551e-05
 72.00000000 +5.0000000000000000e+00 +1.9999971689190343e+00 +1.8562963042219585e-03 +9.9995246945908378e-01 +1.0000001726922578e+00 +9.9999988573140852e-01 +9.9999998709551141e-01 +9.9999993078372118e-01 +9.9492428291989424e-06 +1.2736423807843775e-05 +1.0663519466856811e-05 +3.3079321692957871e-06 +1.0897101661968051e-05
 72.50000000 +5.0000000000000000e+00 +1.9999973298101299e+00 +1.8546609414745111e-03 +9.9995651603675584e-01 +1.0000001541317927e+00 +1.0000000179558395e+00 +9.9999999374859472e-01 +9.9999995728894064e-01 +9.1452145882084896e-06 +1.1366789945378579e-05 +1.0221444340537445e-05 +2.7352004936405442e-06 +9.8921739204634543e-06
 73.00000000 +5.0000000000000000e+00 +1.9999974907008553e+00 +1.8530255824885157e-03 +9.9996056260512078e-01 +1.0000001355713704e+00 +1.0000001501799662e+00 +1.0000000004016629e+00 +9.9999998379409938e-01 +8.3411881965407050e-06 +9.9971592331695756e-06 +9.7793702310226048e-06 +2.1624701353092634e-06 +8.8872484903647948e-06
 73.50000000 +5.0000000000000000e+00 +1.9999976515912112e+00 +1.8513902272639592e-03 +9.9996460916417840e-01 +1.0000001170109909e+00 +1.0000002824037895e+00 +1.0000000070547159e+00 +1.0000000102991971e+00 +7.5371636541892002e-06 +8.6275316712058919e-06 +9.3372971383087722e-06 +1.5897410942973990e-06 +7.8823253716640922e-06
 74.00000000 +5.0000000000000000e+00 +1.9999978124811970e+00 +1.8497548758008285e-03 +9.9996865571392846e-01 +1.0000000984506541e+00 +1.0000004146273080e+00 +1.0000000137077536e+00 +1.0000000368042339e+00 +6.7331409611475978e-06 +7.2579072594766565e-06 +8.8952250623924478e-06 +1.0170133706004061e-06 +6.8774045643533750e-06
 74.50000000 +5.0000000000000000e+00 +1.9999979760141275e+00 +1.8509222508283911e-03 +9.9996565002832472e-01 +1.0000000280378973e+00 +1.0000003221751697e+00 +9.9999996744467201e-01 +9.9999998569962190e-01 +5.0158198307989245e-06 +7.4863827590981955e-06 +1.1342403928545264e-05 +8.4230370163092514e-07 +9.3596902908855870e-06
 75.00000000 +5.0000000000000000e+00 +1.9999981395584439e+00 +1.8520897071381862e-03 +9.9996264413344027e-01 +9.9999995762023741e-01 +1.0000002297165935e+00 +9.9999992117836900e-01 +9.9999993459145120e-01 +3.2983791264550137e-06 +7.7148741670596578e-06 +1.3789753187380560e-05 +6.6758186794003234e-07 +1.1842148854528106e-05
 75.50000000 +5.0000000000000000e+00 +1.9999983031141486e+00 +1.8532572447387044e-03 +9.9995963802925381e-01 +9.9999988719767485e-01 +1.0000001372515801e+00 +9.9999987490884468e-01 +9.9999988347972224e-01 +1.5808188356268503e-06 +7.9433814850226112e-06 +1.6237272856695172e-05 +4.9284786825717240e-07 +1.4324780273333069e-05
 76.00000000 +5.0000000000000000e+00 +1.9999984666812416e+00 +1.8544248636384356e-03 +9.9995663171574278e-01 +9.9999981677020799e-01 +1.0000000447801274e+00 +9.9999982863609826e-01 +9.9999983236443390e-01 -1.3686105417632821e-07 +8.1719047146488412e-06 +1.8684962954288383e-05 +3.1810170131161193e-07 +1.6807584565355120e-05
 76.50000000 +5.0000000000000000e+00 +1.9999986302597255e+00 +1.8555925638458722e-03 +9.9995362519288600e-01 +9.9999974633783750e-01 +9.9999995230223604e-01 +9.9999978236012976e-01 +9.9999978124558642e-01 -1.8546605554470180e-06 +8.4004438576003789e-06 +2.1132823497961994e-05 +1.4334336583244152e-07 +1.9290561748651434e-05
 77.00000000 +5.0000000000000000e+00 +1.9999987706289135e+00 +1.8553025150389814e-03 +9.9995448686658039e-01 +9.9999978889485841e-01 +9.9999996010875380e-01 +9.9999988330596234e-01 +9.9999983741202336e-01 +2.7367898367718725e-06 +7.4549218992128445e-06 +1.8332393024416343e-05 +2.5168766590509542e-06 +1.5002393320488651e-05
 77.50000000 +5.0000000000000000e+00 +1.9999989110017107e+00 +1.8550124587765619e-03 +9.9995534856242385e-01 +9.9999983145297355e-01 +9.9999996791547252e-01 +9.9999998425438985e-01 +9.9999989357990449e-01 +7.3283582494379563e-06 +6.5093756367569197e-06 +1.5531890567504091e-05 +4.8904709625030024e-06 +1.0714114667557602e-05
 78.00000000 +5.0000000000000000e+00 +1.9999990513781150e+00 +1.8547223950583260e-03 +9.9995621028041670e-01 +9.9999987401218227e-01 +9.9999997572239163e-01 +1.0000000852054118e+00 +9.9999994974922901e-01 +1.1920044687101756e-05 +5.5638050692955023e-06 +1.2731316124449765e-05 +7.2641262785409596e-06 +6.4257257856083247e-06
 78.50000000 +5.0000000000000000e+00 +1.9999991917581286e+00 +1.8544323238839869e-03 +9.9995707202056039e-01 +9.9999991657248555e-01 +9.9999998352951180e-01 +1.0000001861590293e+00 +1.0000000059199978e+00 +1.6511849154314035e-05 +4.6182101958914581e-06 +9.9306696924777590e-06 +9.6378426095173306e-06 +2.1372266703906652e-06
 79.00000000 +5.0000000000000000e+00 +1.9999993321417500e+00 +1.8541422452532563e-03 +9.9995793378285502e-01 +9.9999995913388218e-01 +9.9999999133683237e-01 +1.0000002871152411e+00 +1.0000000620922098e+00 +2.1103771655625775e-05 +3.6725910156075915e-06 +7.1299512688123141e-06 +1.2011619957784723e-05 -2.1513826823457622e-06
 79.50000000 +5.0000000000000000e+00 +1.9999985021614677e+00 +1.8535088611889019e-03 +9.9995933268194692e-01 +9.9999988520737748e-01 +9.9999996708931460e-01 +1.0000003197814293e+00 +1.0000000239814146e+00 +2.0376297233052203e-05 +4.5055849615894685e-06 +5.7222722125892984e-06 +8.9399742917350264e-06 +9.2713950343431045e-07
 80.00000000 +5.0000000000000000e+00 +1.9999976721656274e+00 +1.8528754652513519e-03 +9.9996073160726251e-01 +9.9999981127948701e-01 +9.9999994284134230e-01 +1.0000003524482299e+00 +9.9999998586990491e-01 +1.9648809173498171e-05 +5.3385945225838008e-06 +4.3145667685082434e-06 +5.8682710456926240e-06 +4.0057193981119141e-06
 80.50000000 +5.0000000000000000e+00 +1.9999968421542276e+00 +1.8522420574402728e-03 +9.9996213055880190e-01 +9.9999973735021064e-01 +9.9999991859291559e-01 +1.0000003851156427e+00 +9.9999994775768097e-01 +1.8921307476580218e-05 +6.1716196990296622e-06 +2.9068349358271561e-06 +2.7965102180384454e-06 +7.0843570033097484e-06
 81.00000000 +5.0000000000000000e+00 +1.9999960121272684e+00 +1.8516086377553299e-03 +9.9996352953656598e-01 +9.9999966341954827e-01 +9.9999989434403413e-01 +1.0000004177836681e+00 +9.9999990964474239e-01 +1.8193792141914871e-05 +7.0046604913661418e-06 +1.4990767138040135e-06 -2.7530819284665194e-07 +1.0163052320650575e-05
 81.50000000 +5.0000000000000000e+00 +1.9999951820847499e+00 +1.8509752061961903e-03 +9.9996492854055552e-01 +9.9999958948750012e-01 +9.9999987009469826e-01 +1.0000004504523059e+00 +9.9999987153108960e-01 +1.7466263169118657e-05 +7.8377169000323493e-06 +9.1292101696768525e-08 -3.3471841885818618e-06 +1.3241805351757219e-05
 82.00000000 +5.0000000000000000e+00 +1.9999949746753032e+00 +1.8480382912533782e-03 +9.9997233749617775e-01 +9.9999965943783986e-01 +9.9999985818326986e-01 +1.0000003243365312e+00 +9.9999989425548419e-01 +1.2978886670933859e-05 +6.6390518541575775e-06 +8.2544673963795504e-07 -3.7498614782187392e-06 +1.1232771334907247e-05
 82.50000000 +5.0000000000000000e+00 +1.9999947672341905e+00 +1.8451009279290686e-03 +9.9997974758293162e-01 +9.9999972939885895e-01 +9.9999984627002292e-01 +1.0000001982015023e+00 +9.9999991698334800e-01 +8.4908250808640706e-06 +5.4402038069910528e-06 +1.5597134616409501e-06 -4.1526002449666885e-06 +9.2234305969915987e-06
 83.00000000 +5.0000000000000000e+00 +1.9999945597614053e+00 +1.8421631161205712e-03 +9.9998715880107691e-01 +9.9999979937055972e-01 +9.9999983435495698e-01 +1.0000000720472149e+00 +9.9999993971468204e-01 +4.0020782420069048e-06 +4.2411727166211122e-06 +2.2940922933756778e-06 -4.5554005029054341e-06 +7.2137830677638331e-06
 83.50000000 +5.0000000000000000e+00 +1.9999943522569403e+00 +1.8392248557251652e-03 +9.9999457115087231e-01 +9.9999986935294483e-01 +9.9999982243807184e-01 +9.9999994587366425e-01 +9.9999996244948697e-01 -4.8735400258794261e-07 +3.0419585411232955e-06 +3.0285832605199028e-06 -4.9582622661190028e-06 +5.2038286769560532e-06
 84.00000000 +5.0000000000000000e+00 +1.9999941447207878e+00 +1.8362861466400971e-03 +1.0000019846325772e+00 +9.9999993934601672e-01 +9.9999981051936682e-01 +9.9999981968084639e-01 +9.9999998518776367e-01 -4.9774718099187045e-06 +1.8425612385603376e-06 +3.7631863887592299e-06 -5.3611855486957191e-06 +3.1935673542789078e-06
 84.50000000 +5.0000000000000000e+00 +1.9999940070043145e+00 +1.8382806669115567e-03 +9.9999702435743743e-01 +9.9999991033880742e-01 +9.9999979798596594e-01 +9.9999983463590392e-01 +9.9999992994717990e-01 -2.6342616957714611e-06 +2.7951468442651080e-06 +4.9273291762047543e-06 -4.3402658493711799e-06 +2.7548104868975246e-06
 85.00000000 +5.0000000000000000e+00 +1.9999938692922039e+00 +1.8402751240039778e-03 +9.9999206423942111e-01 +9.9999988133251738e-01 +9.9999978545296231e-01 +9.9999984959048793e-01 +9.9999987470834617e-01 -2.9112580586938161e-07 +3.7477022755748855e-06 +6.0914350879048486e-06 -3.3193784890134290e-06 +2.3160675177137878e-06
 85.50000000 +5.0000000000000000e+00 +1.9999937315844556e+00 +1.8422695179203625e-03 +9.9998710427852056e-01 +9.9999985232714594e-01 +9.9999977292035547e-01 +9.9999986454459833e-01 +9.9999981947126215e-01 +2.0519358633142060e-06 +4.7002275339233677e-06 +7.2555041256116169e-06 -2.2985234660859187e-06 +1.8773384460673409e-06
 86.00000000 +5.0000000000000000e+00 +1.9999935938810687e+00 +1.8442638486637123e-03 +9.9998214447472777e-01 +9.9999982332269310e-01 +9.9999976038814553e-01 +9.9999987949823466e-01 +9.9999976423592751e-01 +4.3949233153057442e-06 +5.6527226207441587e-06 +8.4195362910770462e-06 -1.2777007790522035e-06 +1.4386232712978707e-06
 86.50000000 +5.0000000000000000e+00 +1.9999934561820440e+00 +1.8462581162370293e-03 +9.9997718482803644e-01 +9.9999979431915920e-01 +9.9999974785633283e-01 +9.9999989445139781e-01 +9.9999970900234281e-01 +6.7378365536314597e-06 +6.6051875374707783e-06 +9.5835315860530266e-06 -2.5691042637593350e-07 +9.9992199274510809e-07
 87.00000000 +5.0000000000000000e+00 +1.9999933184873799e+00 +1.8482523206433134e-03 +9.9997222533843777e-01 +9.9999976531654367e-01 +9.9999973532491671e-01 +9.9999990940408690e-01 +9.9999965377050715e-01 +9.0806755818173440e-06 +7.5576222855366476e-06 +1.0747490012291320e-05 +7.6384759347914351e-07 +5.6123460974882180e-07
 87.50000000 +5.0000000000000000e+00 +1.9999931807970786e+00 +1.8502464618855674e-03 +9.9996726600592556e-01 +9.9999973631484707e-01 +9.9999972279389782e-01 +9.9999992435630292e-01 +9.9999959854042120e-01 +1.1423440403389183e-05 +8.5100268663751048e-06 +1.1911411571543595e-05 +1.7845732820491822e-06 +1.2256112164882464e-07
 88.00000000 +5.0000000000000000e+00 +1.9999930431111372e+00 +1.8522405399667916e-03 +9.9996230683049148e-01 +9.9999970731406895e-01 +9.9999971026327583e-01 +9.9999993930804476e-01 +9.9999954331208474e-01 +1.3766131021872520e-05 +9.4624012814193907e-06 +1.3075296265561394e-05 +2.8052666408702414e-06 -3.1609847221502958e-07
 88.50000000 +5.0000000000000000e+00 +1.9999929054295575e+00 +1.8542345548899861e-03 +9.9995734781212831e-01 +9.9999967831420933e-01 +9.9999969773305042e-01 +9.9999995425931343e-01 +9.9999948808549721e-01 +1.6108747440792692e-05 +1.0414745532102657e-05 +1.4239144096096155e-05 +3.8259276714782807e-06 -7.5474417250284374e-07
 89.00000000 +5.0000000000000000e+00 +1.9999927677523379e+00 +1.8562285066581518e-03 +9.9995238895082883e-01 +9.9999964931526819e-01 +9.9999968520322213e-01 +9.9999996921010836e-01 +9.9999943286065873e-01 +1.8451289663674794e-05 +1.1367059619857968e-05 +1.5402955064899205e-05 +4.8465563754091620e-06 -1.1933759798746808e-06
 89.50000000 +5.0000000000000000e+00 +1.9999924608412742e+00 +1.8547400017890504e-03 +9.9995583848702141e-01 +9.9999965997354490e-01 +9.9999975191606505e-01 +9.9999991536682453e-01 +9.9999942962216759e-01 +1.7384026718542744e-05 +1.0555797488271236e-05 +1.3942641792049467e-05 +4.5997171619653542e-06 -1.0775272941351989e-06
 90.00000000 +5.0000000000000000e+00 +1.9999921539213519e+00 +1.8532514539524648e-03 +9.9995928812278934e-01 +9.9999967063212980e-01 +9.9999981863083409e-01 +9.9999986152198650e-01 +9.9999942638358330e-01 +1.6316732965580955e-05 +9.7445119386264346e-06 +1.2482286365499102e-05 +4.3528708232104919e-06 -9.6167526428393846e-07
 90.50000000 +5.0000000000000000e+00 +1.9999918469925695e+00 +1.8517628631465328e-03 +9.9996273785813627e-01 +9.9999968129102168e-01 +9.9999988534752848e-01 +9.9999980767559404e-01 +9.9999942314490498e-01 +1.5249408403455442e-05 +8.9332029699095571e-06 +1.1021888783422851e-05 +4.1060173588360476e-06 -8.4581989017609874e-07
 91.00000000 +5.0000000000000000e+00 +1.9999915400549271e+00 +1.8502742293693953e-03 +9.9996618769306711e-01 +9.9999969195022187e-01 +9.9999995206614933e-01 +9.9999975382764739e-01 +9.9999941990613361e-01 +1.4182053030832156e-05 +8.1218705811065508e-06 +9.5614490439953626e-06 +3.8591567685334810e-06 -7.2996117166687197e-07
 91.50000000 +5.0000000000000000e+00 +1.9999912331084242e+00 +1.8487855526191908e-03 +9.9996963762758562e-01 +9.9999970260972937e-01 +1.0000000187866958e+00 +9.9999969997814608e-01 +9.9999941666726855e-01 +1.3114666846376963e-05 +7.3105147712032956e-06 +8.1009671453911714e-06 +3.6122890519942290e-06 -6.1409910861144145e-07
 92.00000000 +5.0000000000000000e+00 +1.9999909261530602e+00 +1.8472968328940586e-03 +9.9997308766169646e-01 +9.9999971326954473e-01 +1.0000000855091684e+00 +9.9999964612709025e-01 +9.9999941342830989e-01 +1.2047249848755656e-05 +6.4991355391856150e-06 +6.6404430857847077e-06 +3.3654142089097120e-06 -4.9823370086498233e-07
 92.50000000 +5.0000000000000000e+00 +1.9999906191888348e+00 +1.8458080701921379e-03 +9.9997653779540407e-01 +9.9999972392966774e-01 +1.0000001522335673e+00 +9.9999959227447999e-01 +9.9999941018925798e-01 +1.0979802036633955e-05 +5.6877328840392770e-06 +5.1798768633503004e-06 +3.1185322389713356e-06 -3.8236494828266156e-07
 93.00000000 +5.0000000000000000e+00 +1.9999903122157481e+00 +1.8443192645115677e-03 +9.9997998802871246e-01 +9.9999973459009872e-01 +1.0000002189598922e+00 +9.9999953842031508e-01 +9.9999940695011236e-01 +9.9123234086774893e-06 +4.8763068047499849e-06 +3.7192684762621666e-06 +2.8716431418704821e-06 -2.6649285071963704e-07
 93.50000000 +5.0000000000000000e+00 +1.9999900052337993e+00 +1.8428304158504872e-03 +9.9998343836162606e-01 +9.9999974525083724e-01 +1.0000002856881438e+00 +9.9999948456459531e-01 +9.9999940371087337e-01 +8.8448139635518254e-06 +4.0648573003033889e-06 +2.2586179226944258e-06 +2.6247469172985227e-06 -1.5061740803105940e-07
 94.00000000 +5.0000000000000000e+00 +1.9999896982429879e+00 +1.8413415242070346e-03 +9.9998688879414899e-01 +9.9999975591188350e-01 +1.0000003524183214e+00 +9.9999943070732089e-01 +9.9999940047154079e-01 +7.7772736999224473e-06 +3.2533843696850807e-06 +7.9792520082108468e-07 +2.3778435649468041e-06 -3.4738620072069946e-08
 94.50000000 +5.0000000000000000e+00 +1.9999900535360506e+00 +1.8425535864169552e-03 +9.9998420067105642e-01 +9.9999992118647230e-01 +1.0000004079532772e+00 +9.9999952388437741e-01 +9.9999951006613175e-01 +8.6902299597900896e-06 +2.2714482227987103e-06 +2.4182910502817576e-06 +1.6197325936484364e-06 +1.4365269826545832e-06
 95.00000000 +5.0000000000000000e+00 +1.9999904088151614e+00 +1.8437656010327496e-03 +9.9998151265351842e-01 +1.0000000864545711e+00 +1.0000004634860518e+00 +9.9999961705777529e-01 +9.9999961965641937e-01 +9.6031503705446049e-06 +1.2895506336632004e-06 +4.0385932727307098e-06 +8.6165139114313005e-07 +2.9077348130986498e-06
 95.50000000 +5.0000000000000000e+00 +1.9999907640803218e+00 +1.8449775680572211e-03 +9.9997882474152855e-01 +1.0000002517161803e+00 +1.0000005190166459e+00 +9.9999971022751410e-01 +9.9999972924240343e-01 +1.0516034934297484e-05 +3.0769160000752055e-07 +5.6588318719155359e-06 +1.0359995567751924e-07 +4.3788848746628851e-06
 96.00000000 +5.0000000000000000e+00 +1.9999911193315334e+00 +1.8461894874931739e-03 +9.9997613693508158e-01 +1.0000004169713008e+00 +1.0000005745450600e+00 +9.9999980339359529e-01 +9.9999983882408516e-01 +1.1428883653160057e-05 -6.7412888043917999e-07 +7.2790068515835427e-06 -6.5442171450162311e-07 +5.8499771707497790e-06
 96.50000000 +5.0000000000000000e+00 +1.9999914745687954e+00 +1.8474013593434090e-03 +9.9997344923417053e-01 +1.0000005822199325e+00 +1.0000006300712934e+00 +9.9999989655601795e-01 +9.9999994840146389e-01 +1.2341696529243480e-05 -1.6559108099475745e-06 +8.8991182154817294e-06 -1.4124136211473871e-06 +7.3210117047615495e-06
 97.00000000 +5.0000000000000000e+00 +1.9999918297921091e+00 +1.8486131836107297e-03 +9.9997076163878906e-01 +1.0000007474620758e+00 +1.0000006855953467e+00 +9.9999998971478266e-01 +1.0000000579745401e+00 +1.3254473564658750e-05 -2.6376541907881589e-06 +1.0519165967356812e-05 -2.1703757660127250e-06 +8.7919884801001502e-06
 97.50000000 +5.0000000000000000e+00 +1.9999921850014764e+00 +1.8498249602979390e-03 +9.9996807414893130e-01 +1.0000009126977309e+00 +1.0000007411172200e+00 +1.0000000828698896e+00 +1.0000001675433139e+00 +1.4167214761516698e-05 -3.6193590252312492e-06 +1.2139150110955209e-05 -2.9283081508504508e-06 +1.0262907500167269e-05
 98.00000000 +5.0000000000000000e+00 +1.9999925401968968e+00 +1.8510366894078380e-03 +9.9996538676459090e-01 +1.0000010779268986e+00 +1.0000007966369133e+00 +1.0000001760213393e+00 +1.0000002771077861e+00 +1.5079920121927990e-05 -4.6010253155469852e-06 +1.3759070650023048e-05 -3.6862107774132428e-06 +1.1733768768364325e-05
 98.50000000 +5.0000000000000000e+00 +1.9999928953783717e+00 +1.8522483709432296e-03 +9.9996269948576166e-01 +1.0000012431495793e+00 +1.0000008521544268e+00 +1.0000002691691314e+00 +1.0000003866679565e+00 +1.5992589648003115e-05 -5.5826530640053235e-06 +1.5378927588306151e-05 -4.4440836474536395e-06 +1.3204572288092471e-05
 99.00000000 +5.0000000000000000e+00 +1.9999932505459019e+00 +1.8534600049069155e-03 +9.9996001231243770e-01 +1.0000014083657731e+00 +1.0000009076697607e+00 +1.0000003623132667e+00 +1.0000004962238256e+00 +1.6905223341852416e-05 -6.5642422728760512e-06 +1.6998720929550062e-05 -5.2019267627240425e-06 +1.4675318062752593e-05
 99.50000000 +5.0000000000000000e+00 +1.9999927498329673e+00 +1.8529269340411972e-03 +9.9996122286597111e-01 +1.0000013307476141e+00 +1.0000009103167453e+00 +1.0000004512491121e+00 +1.0000005109226691e+00 +1.8116164868476013e-05 -8.0745752090728617e-06 +1.5421013338716687e-05 -3.8667676595873408e-06 +1.3978041481138325e-05
100.00000000 +5.0000000000000000e+00 +1.9999922490939583e+00 +1.8523938354160253e-03 +9.9996243348254388e-01 +1.0000012531254134e+00 +1.0000009129638678e+00 +1.0000005401895891e+00 +1.0000005256222779e+00 +1.9327169454399446e-05 -9.5849867952584418e-06 +1.3843223589386119e-05 -2.5315390285697689e-06 +1.3280728589122560e-05
100.50000000 +5.0000000000000000e+00 +1.9999917483288723e+00 +1.8518607090292304e-03 +9.9996364416216033e-01 +1.0000011754991702e+00 +1.0000009156111278e+00 +1.0000006291346970e+00 +1.0000005403226522e+00 +2.0538237104548511e-05 -1.1095477037576449e-05 +1.2265351675140632e-05 -1.1962408642402267e-06 +1.2583379383868943e-05
101.00000000 +5.0000000000000000e+00 +1.9999912475377084e+00 +1.8513275548786450e-03 +9.9996485490482589e-01 +1.0000010978688845e+00 +1.0000009182585261e+00 +1.0000007180844377e+00 +1.0000005550237918e+00 +2.1749367823849546e-05 -1.2606045942171185e-05 +1.0687397589561837e-05 +1.3912683883294594e-07 +1.1885993862540835e-05
101.50000000 +5.0000000000000000e+00 +1.9999907467204638e+00 +1.8507943729620994e-03 +9.9996606571054525e-01 +1.0000010202345557e+00 +1.0000009209060619e+00 +1.0000008070388102e+00 +1.0000005697256973e+00 +2.2960561617229377e-05 -1.4116693515187589e-05 +9.1093613262306751e-06 +1.4745640860819773e-06 +1.1188572022301293e-05
102.00000000 +5.0000000000000000e+00 +1.9999902458771368e+00 +1.8502611632774254e-03 +9.9996727657932361e-01 +1.0000009425961842e+00 +1.0000009235537359e+00 +1.0000008959978159e+00 +1.0000005844283686e+00 +2.4171818489615361e-05 -1.5627419762771242e-05 +7.5312428787274148e-06 +2.8100708829396615e-06 +1.0491113860313088e-05
102.50000000 +5.0000000000000000e+00 +1.9999897450077249e+00 +1.8497279258224528e-03 +9.9996848751116540e-01 +1.0000008649537688e+00 +1.0000009262015477e+00 +1.0000009849614546e+00 +1.0000005991318055e+00 +2.5383138445935357e-05 -1.7138224691068364e-05 +5.9530422406316574e-06 +4.1456472348393586e-06 +9.7936193737386860e-06
103.00000000 +5.0000000000000000e+00 +1.9999892441122264e+00 +1.8491946605950123e-03 +9.9996969850607587e-01 +1.0000007873073096e+00 +1.0000009288494973e+00 +1.0000010739297265e+00 +1.0000006138360080e+00 +2.6594521491117741e-05 -1.8649108306225822e-05 +4.3747594055223339e-06 +5.4812931472149949e-06 +9.0960885597402574e-06
103.50000000 +5.0000000000000000e+00 +1.9999887431906394e+00 +1.8486613675929350e-03 +9.9997090956406032e-01 +1.0000007096568067e+00 +1.0000009314975851e+00 +1.0000011629026329e+00 +1.0000006285409766e+00 +2.7805967630091408e-05 -2.0160070614391111e-05 +2.7963943669777146e-06 +6.8170086255010619e-06 +8.3985214154796879e-06
104.00000000 +5.0000000000000000e+00 +1.9999882422429616e+00 +1.8481280468140495e-03 +9.9997212068512287e-01 +1.0000006320022587e+00 +1.0000009341458105e+00 +1.0000012518801729e+00 +1.0000006432467110e+00 +2.9017476867785751e-05 -2.1671111621712368e-05 +1.2179471185753900e-06 +8.1527936751326150e-06 +7.7009179381185549e-06
104.50000000 +5.0000000000000000e+00 +1.9999877875971173e+00 +1.8484113620597152e-03 +9.9997139950220126e-01 +1.0000004652013157e+00 +1.0000008000635336e+00 +1.0000012342100495e+00 +1.0000005451311780e+00 +2.7127436611984173e-05 -1.9935700791268092e-05 +5.5478023030380958e-07 +9.3012626727281691e-06 +8.5081017365859751e-06
105.00000000 +5.0000000000000000e+00 +1.9999873329700109e+00 +1.8486946656284798e-03 +9.9997067834900288e-01 +1.0000002984072467e+00 +1.0000006659867828e+00 +1.0000012165406540e+00 +1.0000004470196884e+00 +2.5237474254609426e-05 -1.8200361486164717e-05 -1.0835932539791019e-07 +1.0449684335920172e-05 +9.3152522667947488e-06
105.50000000 +5.0000000000000000e+00 +1.9999868783616415e+00 +1.8489779575210656e-03 +9.9996995722552651e-01 +1.0000001316200524e+00 +1.0000005319155578e+00 +1.0000011988719868e+00 +1.0000003489122422e+00 +2.3347589790845731e-05 -1.6465093701980439e-05 -7.7147155021951142e-07 +1.1598058667634915e-05 +1.0122369530801575e-05
106.00000000 +5.0000000000000000e+00 +1.9999864237720086e+00 +1.8492612377381957e-03 +9.9996923613177058e-01 +9.9999996483973219e-01 +1.0000003978498588e+00 +1.0000011812040481e+00 +1.0000002508088399e+00 +2.1457783215877670e-05 -1.4729897434293820e-05 -1.4345564458505965e-06 +1.2746385670798442e-05 +1.0929453530662983e-05
106.50000000 +5.0000000000000000e+00 +1.9999859692011106e+00 +1.8495445062805902e-03 +9.9996851506773254e-01 +9.9999979806628514e-01 +1.0000002637896848e+00 +1.0000011635368375e+00 +1.0000001527094806e+00 +1.9568054524890238e-05 -1.2994772678683773e-05 -2.0976140139806290e-06 +1.3894665348336557e-05 +1.1736504268435327e-05
107.00000000 +5.0000000000000000e+00 +1.9999855146489456e+00 +1.8498277631489710e-03 +9.9996779403341063e-01 +9.9999963129971103e-01 +1.0000001297350354e+00 +1.0000011458703546e+00 +1.0000000546141639e+00 +1.7678403713068817e-05 -1.1259719430729581e-05 -2.7606442562989327e-06 +1.5042897703174816e-05 +1.2543521746174790e-05
107.50000000 +5.0000000000000000e+00 +1.9999850601155138e+00 +1.8501110083440611e-03 +9.9996707302880372e-01 +9.9999946454000987e-01 +9.9999999568591080e-01 +1.0000011282046004e+00 +9.9999995652289009e-01 +1.5788830775599209e-05 -9.5247376860109032e-06 -3.4236471744946943e-06 +1.6191082738238550e-05 +1.3350505965937397e-05
108.00000000 +5.0000000000000000e+00 +1.9999846056008130e+00 +1.8503942418665799e-03 +9.9996635205390905e-01 +9.9999929778718066e-01 +9.9999986164231003e-01 +1.0000011105395734e+00 +9.9999985843565808e-01 +1.3899335707667576e-05 -7.7898274401077434e-06 -4.0866227702569570e-06 +1.7339220456452838e-05 +1.4157456929778990e-05
108.50000000 +5.0000000000000000e+00 +1.9999841511048426e+00 +1.8506774637172515e-03 +9.9996563110872549e-01 +9.9999913104122329e-01 +9.9999972760423361e-01 +1.0000010928752749e+00 +9.9999976035246874e-01 +1.2009918504460513e-05 -6.0549886886004889e-06 -4.7495710452746302e-06 +1.8487310860742520e-05 +1.4964374639755253e-05
109.00000000 +5.0000000000000000e+00 +1.9999836966276014e+00 +1.8509606738967954e-03 +9.9996491019325118e-01 +9.9999896430213731e-01 +9.9999959357168045e-01 +1.0000010752117046e+00 +9.9999966227332115e-01 +1.0120579161164991e-05 -4.3202214270698790e-06 -5.4124920012364801e-06 +1.9635353954032192e-05 +1.5771259097921692e-05
109.50000000 +5.0000000000000000e+00 +1.9999835298163431e+00 +1.8505025643611092e-03 +9.9996579719161760e-01 +9.9999908744737975e-01 +9.9999972262178938e-01 +1.0000009784005872e+00 +9.9999976521792766e-01 +9.8206187617522400e-06 -3.2448057339062463e-06 -5.6049827006591441e-06 +1.9155001449045655e-05 +1.4523314055470618e-05
110.00000000 +5.0000000000000000e+00 +1.9999833630067692e+00 +1.8500444594507777e-03 +9.9996668418102874e-01 +9.9999921059137886e-01 +9.9999985167059535e-01 +1.0000008815904475e+00 +9.9999986816149489e-01 +9.5206613909235574e-06 -2.1694008987986750e-06 -5.7974714565777110e-06 +1.8674653793992460e-05 +1.3275381613037676e-05
110.50000000 +5.0000000000000000e+00 +1.9999831961988790e+00 +1.8495863591657302e-03 +9.9996757116148371e-01 +9.9999933373413430e-01 +9.9999998071809826e-01 +1.0000007847812851e+00 +9.9999997110402272e-01 +9.2207070486330714e-06 -1.0940069215827212e-06 -5.9899582690216141e-06 +1.8194310988799154e-05 +1.2027461770432037e-05
111.00000000 +5.0000000000000000e+00 +1.9999830293926735e+00 +1.8491282635058981e-03 +9.9996845813298385e-01 +9.9999945687564673e-01 +1.0000001097642985e+00 +1.0000006879731003e+00 +1.0000000740455113e+00 +8.9207557348349203e-06 -1.8623802093945306e-08 -6.1824431380202905e-06 +1.7713973033392298e-05 +1.0779554527462887e-05
111.50000000 +5.0000000000000000e+00 +1.9999828625881522e+00 +1.8486701724712107e-03 +9.9996934509552859e-01 +9.9999958001591605e-01 +1.0000002388091955e+00 +1.0000005911658927e+00 +1.0000001769859603e+00 +8.6208074494832356e-06 +1.0567484598320903e-06 -6.3749260636031679e-06 +1.7233639927698433e-05 +9.5316598839394027e-06
112.00000000 +5.0000000000000000e+00 +1.9999826957853146e+00 +1.8482120860615972e-03 +9.9997023204911817e-01 +9.9999970315494202e-01 +1.0000003678527900e+00 +1.0000004943596628e+00 +1.0000002799253702e+00 +8.3208621925321521e-06 +2.1321098643598188e-06 -6.5674070457996830e-06 +1.6753311671644114e-05 +8.2837778396707713e-06
112.50000000 +5.0000000000000000e+00 +1.9999825289841611e+00 +1.8477540042769881e-03 +9.9997111899375257e-01 +9.9999982629272444e-01 +1.0000004968950811e+00 +1.0000003975544098e+00 +1.0000003828637405e+00 +8.0209199639358065e-06 +3.2074604116536700e-06 -6.7598860846392627e-06 +1.6272988265155890e-05 +7.0359083944661811e-06
113.00000000 +5.0000000000000000e+00 +1.9999823621846917e+00 +1.8472959271173138e-03 +9.9997200592943225e-01 +9.9999994942926373e-01 +1.0000006259360699e+00 +1.0000003007501346e+00 +1.0000004858010716e+00 +7.7209807636483386e-06 +4.2828001018780726e-06 -6.9523631801513432e-06 +1.5792669708160327e-05 +5.7880515481348287e-06
113.50000000 +5.0000000000000000e+00 +1.9999821953869068e+00 +1.8468378545825035e-03 +9.9997289285615709e-01 +1.0000000725645599e+00 +1.0000007549757557e+00 +1.0000002039468368e+00 +1.0000005887373635e+00 +7.4210445916238815e-06 +5.3581289351974493e-06 -7.1448383323653527e-06 +1.5312356000583981e-05 +4.5402073004859123e-06
114.00000000 +5.0000000000000000e+00 +1.9999820285908056e+00 +1.8463797866724880e-03 +9.9997377977392754e-01 +1.0000001956986129e+00 +1.0000008840141386e+00 +1.0000001071445161e+00 +1.0000006916726163e+00 +7.1211114478165796e-06 +6.4334469117762190e-06 -7.3373115413107208e-06 +1.4832047142353406e-05 +3.2923756513286322e-06
114.50000000 +5.0000000000000000e+00 +1.9999821150871075e+00 +1.8445724882907189e-03 +9.9997909406380781e-01 +1.0000001660855760e+00 +1.0000008041624431e+00 +1.0000000617900346e+00 +1.0000007486612399e+00 +5.6828430081943367e-06 +3.5795814952480535e-06 -8.2127071790959663e-06 +1.4895184640142784e-05 +3.1803092079794609e-06
115.00000000 +5.0000000000000000e+00 +1.9999822015849618e+00 +1.8427651574775764e-03 +9.9998440844905179e-01 +1.0000001364720079e+00 +1.0000007243093152e+00 +1.0000000164347396e+00 +1.0000008056508867e+00 +4.2445487593185294e-06 +7.2566486704468504e-07 -9.0881185255676938e-06 +1.4958323270913778e-05 +3.0682407536348648e-06
115.50000000 +5.0000000000000000e+00 +1.9999822880843678e+00 +1.8409577942321855e-03 +9.9998972292966115e-01 +1.0000001068579083e+00 +1.0000006444547542e+00 +9.9999997107863059e-01 +1.0000008626415560e+00 +2.8062287004944354e-06 -2.1283029742123647e-06 -9.9635455811487327e-06 +1.5021463034696872e-05 +2.9561702882407119e-06
116.00000000 +5.0000000000000000e+00 +1.9999823745853267e+00 +1.8391503985536748e-03 +9.9999503750563901e-01 +1.0000000772432773e+00 +1.0000005645987602e+00 +9.9999992572170759e-01 +1.0000009196332478e+00 +1.3678828310273214e-06 -4.9823220299016250e-06 -1.0838988346261932e-05 +1.5084603931522571e-05 +2.8440978117428706e-06
116.50000000 +5.0000000000000000e+00 +1.9999824610878374e+00 +1.8373429704411706e-03 +1.0000003521769876e+00 +1.0000000476281150e+00 +1.0000004847413331e+00 +9.9999988036397069e-01 +1.0000009766259625e+00 -7.0488849777579169e-08 -7.8363923014016681e-06 -1.1714446821330158e-05 +1.5147745961421369e-05 +2.7320233240872065e-06
117.00000000 +5.0000000000000000e+00 +1.9999825475919006e+00 +1.8355355098938003e-03 +1.0000056669437096e+00 +1.0000000180124209e+00 +1.0000004048824731e+00 +9.9999983500541978e-01 +1.0000010336197001e+00 -1.5088863426150542e-06 -1.0690513790091121e-05 -1.2589921006776293e-05 +1.5210889124423772e-05 +2.6199468252195836e-06
117.50000000 +5.0000000000000000e+00 +1.9999826340975160e+00 +1.8337280169106896e-03 +1.0000109818058076e+00 +9.9999998839619553e-01 +1.0000003250221796e+00 +9.9999978964605474e-01 +1.0000010906144601e+00 -2.9473096481799170e-06 -1.3544686497348659e-05 -1.3465410903023225e-05 +1.5274033420560274e-05 +2.5078683150858626e-06
118.00000000 +5.0000000000000000e+00 +1.9999827206046841e+00 +1.8319204914909672e-03 +1.0000162967632846e+00 +9.9999995877943881e-01 +1.0000002451604535e+00 +9.9999974428587612e-01 +1.0000011476102431e+00 -4.3857587671670099e-06 -1.6398910424553015e-05 -1.4340916510493876e-05 +1.5337178849861389e-05 +2.3957877936319040e-06
118.50000000 +5.0000000000000000e+00 +1.9999828071134043e+00 +1.8301129336337587e-03 +1.0000216118161422e+00 +9.9999992916215041e-01 +1.0000001652972939e+00 +9.9999969892488316e-01 +1.0000012046070490e+00 -5.8242337002711911e-06 -1.9253185573082946e-05 -1.5216437829611162e-05 +1.5400325412357608e-05 +2.2837052608035660e-06
119.00000000 +5.0000000000000000e+00 +1.9999828936236772e+00 +1.8283053433381913e-03 +1.0000269269643840e+00 +9.9999989954433055e-01 +1.0000000854327011e+00 +9.9999965356307619e-01 +1.0000012616048777e+00 -7.2627344481873522e-06 -2.2107511944317292e-05 -1.6091974860798029e-05 +1.5463473108079440e-05 +2.1716207165467046e-06
119.50000000 +5.0000000000000000e+00 +1.9999823794063996e+00 +1.8293792067281662e-03 +1.0000239330762979e+00 +1.0000000581281701e+00 +1.0000000695302012e+00 +9.9999973825156463e-01 +1.0000012193785801e+00 -6.2499634216976778e-06 -2.0426720249390617e-05 -1.3959512969875303e-05 +1.3154927019933288e-05 +2.4628912238218212e-06
120.00000000 +5.0000000000000000e+00 +1.9999818652082546e+00 +1.8304530301617432e-03 +1.0000209392996087e+00 +1.0000002167061086e+00 +1.0000000536282925e+00 +9.9999982293690182e-01 +1.0000011771538535e+00 -5.2372300784761050e-06 -1.8745991093500320e-05 -1.1827130423770957e-05 +1.0846466828360886e-05 +2.7541508934798157e-06
120.50000000 +5.0000000000000000e+00 +1.9999813510292419e+00 +1.8315268136411521e-03 +1.0000179456343101e+00 +1.0000003752781470e+00 +1.0000000377269755e+00 +9.9999990761908797e-01 +1.0000011349306981e+00 -4.2245344164194934e-06 -1.7065324473156023e-05 -9.6948272180566718e-06 +8.5380925285682545e-06 +3.0453997261255487e-06
121.00000000 +5.0000000000000000e+00 +1.9999808368693597e+00 +1.8326005571686235e-03 +1.0000149520803956e+00 +1.0000005338442854e+00 +1.0000000218262504e+00 +9.9999999229812342e-01 +1.0000010927091134e+00 -3.2118764334248544e-06 -1.5384720384867624e-05 -7.5626033483044534e-06 +6.2298041157617713e-06 +3.3366377223638335e-06
121.50000000 +5.0000000000000000e+00 +1.9999803227286073e+00 +1.8336742607463861e-03 +1.0000119586378595e+00 +1.0000006924045242e+00 +1.0000000059261167e+00 +1.0000000769740083e+00 +1.0000010504890999e+00 -2.1992561273893570e-06 -1.3704178825145263e-05 -5.4304588100866432e-06 +3.9216015851481672e-06 +3.6278648827994393e-06
122.00000000 +5.0000000000000000e+00 +1.9999798086069844e+00 +1.8347479243766701e-03 +1.0000089653066957e+00 +1.0000008509588640e+00 +9.9999999002657458e-01 +1.0000001616467431e+00 +1.0000010082706570e+00 -1.1866734962103265e-06 -1.2023699790499356e-05 -3.2983935989759102e-06 +1.6134849319345320e-06 +3.9190812080370923e-06
122.50000000 +5.0000000000000000e+00 +1.9999792945044890e+00 +1.8358215480617052e-03 +1.0000059720868972e+00 +1.0000010095073046e+00 +9.9999997412762398e-01 +1.0000002463163273e+00 +1.0000009660537852e+00 -1.7412853778524478e-07 -1.0343283277440566e-05 -1.1664077105452501e-06 -6.9454584867169052e-07 +4.2102866986814685e-06
123.00000000 +5.0000000000000000e+00 +1.9999787804211200e+00 +1.8368951318037197e-03 +1.0000029789784586e+00 +1.0000011680498471e+00 +9.9999995822926524e-01 +1.0000003309827616e+00 +1.0000009238384839e+00 +8.3837874998825196e-07 -8.6629292824798186e-06 +9.6549885963201353e-07 -3.0024907614627001e-06 +4.5014813553372049e-06
123.50000000 +5.0000000000000000e+00 +1.9999782663568766e+00 +1.8379686756049428e-03 +9.9999998598137307e-01 +1.0000013265864907e+00 +9.9999994233149736e-01 +1.0000004156460462e+00 +1.0000008816247528e+00 +1.8508483692123651e-06 -6.9826378021282988e-06 +3.0973261159822181e-06 -5.3103498112303305e-06 +4.7926651786088883e-06
124.00000000 +5.0000000000000000e+00 +1.9999777523117579e+00 +1.8390421794676039e-03 +9.9999699309563472e-01 +1.0000014851172365e+00 +9.9999992643432145e-01 +1.0000005003061809e+00 +1.0000008394125925e+00 +2.8632803219891463e-06 -5.3024088328974561e-06 +5.2290740629313819e-06 -7.6181230027660729e-06 +5.0838381691010640e-06
124.50000000 +5.0000000000000000e+00 +1.9999777008605277e+00 +1.8404080892529960e-03 +9.9999327581300290e-01 +1.0000014209021069e+00 +9.9999998378194754e-01 +1.0000004929658259e+00 +1.0000008150337529e+00 +3.1094303549317685e-06 -3.8599193861478156e-06 +6.0134781333663166e-06 -5.2438031602904392e-06 +3.9923441750441674e-06
125.00000000 +5.0000000000000000e+00 +1.9999776494060213e+00 +1.8417740860316532e-03 +9.9998955829362157e-01 +1.0000013566828876e+00 +1.0000000411332262e+00 +1.0000004856250031e+00 +1.0000007906533606e+00 +3.3555960648943434e-06 -2.4173380688606538e-06 +6.7979321616181010e-06 -2.8693321000428698e-06 +2.9007806649570761e-06
125.50000000 +5.0000000000000000e+00 +1.9999775979482377e+00 +1.8431401698118862e-03 +9.9998584053746797e-01 +1.0000012924595783e+00 +1.0000000984881574e+00 +1.0000004782837133e+00 +1.0000007662714157e+00 +3.6017774533745959e-06 -9.7466487225899135e-07 +7.5824361524595208e-06 -4.9470980757656824e-07 +1.8091476321984807e-06
126.00000000 +5.0000000000000000e+00 +1.9999775464871763e+00 +1.8445063406020063e-03 +9.9998212254451968e-01 +1.0000012282321782e+00 +1.0000001558467415e+00 +1.0000004709419554e+00 +1.0000007418879173e+00 +3.8479745218704412e-06 +4.6810021243526513e-07 +8.3669901106639726e-06 +1.8800637315571010e-06 +7.1744507012622656e-07
126.50000000 +5.0000000000000000e+00 +1.9999774950228371e+00 +1.8458725984103275e-03 +9.9997840431475371e-01 +1.0000011640006872e+00 +1.0000002132089794e+00 +1.0000004635997302e+00 +1.0000007175028662e+00 +4.0941872718799882e-06 +1.9109571940013289e-06 +9.1515940410054588e-06 +4.2549885318086140e-06 -3.7432702790268614e-07
127.00000000 +5.0000000000000000e+00 +1.9999774435552200e+00 +1.8472389432451640e-03 +9.9997468584814797e-01 +1.0000010997651050e+00 +1.0000002705748710e+00 +1.0000004562570370e+00 +1.0000006931162619e+00 +4.3404157049015346e-06 +3.3539060812195316e-06 +9.9362479482585955e-06 +6.6300646076302885e-06 -1.4661686685321053e-06
127.50000000 +5.0000000000000000e+00 +1.9999773920843245e+00 +1.8486053751148308e-03 +9.9997096714467959e-01 +1.0000010355254310e+00 +1.0000003279444167e+00 +1.0000004489138765e+00 +1.0000006687281040e+00 +4.5866598224335689e-06 +4.7969468828713252e-06 +1.0720951837198604e-05 +9.0052919734762879e-06 -2.5580798584067250e-06
128.00000000 +5.0000000000000000e+00 +1.9999773406101498e+00 +1.8499718940276442e-03 +9.9996724820432570e-01 +1.0000009712816647e+00 +1.0000003853176169e+00 +1.0000004415702479e+00 +1.0000006443383926e+00 +4.8329196259747692e-06 +6.2400796077392777e-06 +1.1505705712601306e-05 +1.1380670643802607e-05 -3.6500606041720851e-06
128.50000000 +5.0000000000000000e+00 +1.9999772891326966e+00 +1.8513384999919217e-03 +9.9996352902706387e-01 +1.0000009070338061e+00 +1.0000004426944722e+00 +1.0000004342261517e+00 +1.0000006199471276e+00 +5.0791951170240095e-06 +7.6833042646070744e-06 +1.2290509579243147e-05 +1.3756200633067091e-05 -4.7421109124745710e-06
129.00000000 +5.0000000000000000e+00 +1.9999772376519636e+00 +1.8527051930159815e-03 +9.9995980961287145e-01 +1.0000008427818543e+00 +1.0000005000749823e+00 +1.0000004268815874e+00 +1.0000005955543088e+00 +5.3254862970803485e-06 +9.1266208622595280e-06 +1.3075363441901167e-05 +1.6131881955729421e-05 -5.8342307899614169e-06
129.50000000 +5.0000000000000000e+00 +1.9999763496717364e+00 +1.8494824609317918e-03 +9.9996770716945027e-01 +1.0000007178177459e+00 +1.0000004766417545e+00 +1.0000004571143144e+00 +1.0000003426239352e+00 +4.8312670004645895e-06 +6.6002726020795454e-06 +1.0137334478406743e-05 +1.2319975141384567e-05 -3.5901884308454580e-06
130.00000000 +5.0000000000000000e+00 +1.9999754616995919e+00 +1.8462597581810067e-03 +9.9997560465414537e-01 +1.0000005928547748e+00 +1.0000004532087401e+00 +1.0000004873467661e+00 +1.0000000896958638e+00 +4.3370522022478024e-06 +4.0739473367977702e-06 +7.1993322569407249e-06 +8.5081030231307238e-06 -1.3461664970708645e-06
130.50000000 +5.0000000000000000e+00 +1.9999745737355299e+00 +1.8430370847632262e-03 +9.9998350206695752e-01 +1.0000004678929413e+00 +1.0000004297759391e+00 +1.0000005175789424e+00 +9.9999983677009452e-01 +3.8428419023685724e-06 +1.5476450661002525e-06 +4.2613567771380077e-06 +4.6962656004941929e-06 +8.9783501164123259e-07
131.00000000 +5.0000000000000000e+00 +1.9999736857795496e+00 +1.8398144406780496e-03 +9.9999139940788784e-01 +1.0000003429322450e+00 +1.0000004063433510e+00 +1.0000005478108438e+00 +9.9999958384662735e-01 +3.3486361007654816e-06 -9.7863421032695349e-07 +1.3234080386334873e-06 +8.8446287300127114e-07 +3.1418160955696946e-06
131.50000000 +5.0000000000000000e+00 +1.9999727978316513e+00 +1.8365918259250762e-03 +9.9999929667693743e-01 +1.0000002179726866e+00 +1.0000003829109765e+00 +1.0000005780424699e+00 +9.9999933092546234e-01 +2.8544347973771173e-06 -3.5048904927977804e-06 -1.6145139589379282e-06 -2.9273051598217233e-06 +5.3857767549933769e-06
132.00000000 +5.0000000000000000e+00 +1.9999719098918356e+00 +1.8333692405039059e-03 +1.0000071938741073e+00 +1.0000000930142652e+00 +1.0000003594788152e+00 +1.0000006082738211e+00 +9.9999907800659937e-01 +2.3602379921420657e-06 -6.0311237816261635e-06 -4.5524092159413305e-06 -6.7390384984484742e-06 +7.6297169901911338e-06
132.50000000 +5.0000000000000000e+00 +1.9999710219601017e+00 +1.8301466844141382e-03 +1.0000150909993979e+00 +9.9999996805698110e-01 +1.0000003360468672e+00 +1.0000006385048967e+00 +9.9999882509003846e-01 +1.8660456849989148e-06 -8.5573340771260275e-06 -7.4902777327418012e-06 -1.0550737143352652e-05 +9.8736368014418088e-06
133.00000000 +5.0000000000000000e+00 +1.9999701340364489e+00 +1.8269241576553720e-03 +1.0000229880528109e+00 +9.9999984310083434e-01 +1.0000003126151322e+00 +1.0000006687356975e+00 +9.9999857217577948e-01 +1.3718578758862528e-06 -1.1083521379611297e-05 -1.0428119509704415e-05 -1.4362401095007917e-05 +1.2117536189024247e-05
133.50000000 +5.0000000000000000e+00 +1.9999692461208782e+00 +1.8237016602272076e-03 +1.0000308850343467e+00 +9.9999971814582489e-01 +1.0000002891836108e+00 +1.0000006989662231e+00 +9.9999831926382254e-01 +8.7767456474267132e-07 -1.3609685689395881e-05 -1.3365934547194241e-05 -1.8174030353887927e-05 +1.4361415153217281e-05
134.00000000 +5.0000000000000000e+00 +1.9999683582133891e+00 +1.8204791921292444e-03 +1.0000387819440069e+00 +9.9999959319195297e-01 +1.0000002657523026e+00 +1.0000007291964736e+00 +9.9999806635416755e-01 +3.8349575150676076e-07 -1.6135827006793688e-05 -1.6303722845576340e-05 -2.1985624920466317e-05 +1.6605273694299745e-05
134.50000000 +5.0000000000000000e+00 +1.9999688218159393e+00 +1.8251211742773060e-03 +1.0000275545515436e+00 +9.9999944578468225e-01 +1.0000000221930314e+00 +1.0000004359380545e+00 +9.9999820310076992e-01 +3.5979924253450000e-06 -1.3373322289053042e-05 -1.2519887821162323e-05 -1.5935630505079796e-05 +1.2569312985689499e-05
135.00000000 +5.0000000000000000e+00 +1.9999692854613897e+00 +1.8297635859752430e-03 +1.0000163261201440e+00 +9.9999929836377099e-01 +9.9999977861122202e-01 +1.0000001426524985e+00 +9.9999833986002618e-01 +6.8127865554427609e-06 -1.0610561940523619e-05 -8.7357026562668522e-06 -9.8850762481717095e-06 +8.5329788059272287e-06
135.50000000 +5.0000000000000000e+00 +1.9999697491497455e+00 +1.8344064272826815e-03 +1.0000050966496634e+00 +9.9999915092921732e-01 +9.9999953500687144e-01 +9.9999984933980135e-01 +9.9999847663193786e-01 +1.0027878183090018e-05 -7.8475459257212463e-06 -4.9511673022868446e-06 -3.8339620720303311e-06 +4.4962711031713145e-06
136.00000000 +5.0000000000000000e+00 +1.9999702128810131e+00 +1.8390496982592587e-03 +9.9999386613995800e-01 +9.9999900348101967e-01 +9.9999929137997678e-01 +9.9999955599996015e-01 +9.9999861341650742e-01 +1.3243267349584384e-05 -5.0842742091551939e-06 -1.1662817106102236e-06 +2.2177121010704534e-06 +4.5918982557054252e-07
136.50000000 +5.0000000000000000e+00 +1.9999706766551986e+00 +1.8436933989646224e-03 +9.9998263459088310e-01 +9.9999885601917571e-01 +9.9999904773053483e-01 +9.9999926263297068e-01 +9.9999875021373619e-01 +1.6458954096231119e-05 -2.3207467553281532e-06 +2.6189541673840881e-06 +8.2699463488711490e-06 -3.5782650787358949e-06
137.00000000 +5.0000000000000000e+00 +1.9999711404723075e+00 +1.8483375294584318e-03 +9.9997140200229495e-01 +9.9999870854368356e-01 +9.9999880405854225e-01 +9.9999896923882925e-01 +9.9999888702362572e-01 +1.9674938464343131e-05 +4.4303647126375387e-07 +6.4045403803261659e-06 +1.4322740749126647e-05 -7.6160936616184090e-06
137.50000000 +5.0000000000000000e+00 +1.9999716043323463e+00 +1.8529820898003566e-03 +9.9996016837404855e-01 +9.9999856105454177e-01 +9.9999856036399626e-01 +9.9999867581753199e-01 +9.9999902384617811e-01 +2.2891220495240964e-05 +3.2070755061309768e-06 +1.0190476976855086e-05 +2.0376095379606234e-05 -1.1654295974957015e-05
138.00000000 +5.0000000000000000e+00 +1.9999720682353206e+00 +1.8576270800500783e-03 +9.9994893370599991e-01 +9.9999841355174801e-01 +9.9999831664689320e-01 +9.9999838236907512e-01 +9.9999916068139505e-01 +2.6107800230252833e-05 +5.9713703847905429e-06 +1.3976764005618933e-05 +2.6430010318093601e-05 -1.5692872070641332e-05
138.50000000 +5.0000000000000000e+00 +1.9999725321812365e+00 +1.8622725002672886e-03 +9.9993769799800469e-01 +9.9999826603530062e-01 +9.9999807290723042e-01 +9.9999808889345509e-01 +9.9999929752927819e-01 +2.9324677710714579e-05 +8.7359211427660442e-06 +1.7763401515274800e-05 +3.2484485642386822e-05 -1.9731822000570571e-05
139.00000000 +5.0000000000000000e+00 +1.9999729961701000e+00 +1.8669183505116915e-03 +9.9992646124991835e-01 +9.9999811850519749e-01 +9.9999782914500468e-01 +9.9999779539066791e-01 +9.9999943438982952e-01 +3.2541852977969716e-05 +1.1500727815587658e-05 +2.1550389554488770e-05 +3.8539521430298392e-05 -2.3771145816653579e-05
139.50000000 +5.0000000000000000e+00 +1.9999746617915897e+00 +1.8646093784320354e-03 +9.9993229572476361e-01 +9.9999824929902559e-01 +9.9999798735468193e-01 +9.9999807288525622e-01 +9.9999981077508615e-01 +2.9295656865547337e-05 +8.3004803982619117e-06 +2.2333676782029166e-05 +3.5496608015508635e-05 -2.1842433145789427e-05
140.00000000 +5.0000000000000000e+00 +1.9999763273920466e+00 +1.8623004355098516e-03 +9.9993813012593180e-01 +9.9999838009120212e-01 +9.9999814556236155e-01 +9.9999835037634044e-01 +1.0000001871555899e+00 +2.6049501745769868e-05 +5.1002733933454764e-06 +2.3116954118295568e-05 +3.2453733026329898e-05 -1.9913744830519002e-05
140.50000000 +5.0000000000000000e+00 +1.9999779929714696e+00 +1.8599915217445873e-03 +9.9994396445342404e-01 +9.9999851088172675e-01 +9.9999830376804311e-01 +9.9999862786392069e-01 +1.0000005635313407e+00 +2.2803387617860825e-05 +1.9001068000728653e-06 +2.3900221563475339e-05 +2.9410896462034317e-05 -1.7985080870380950e-05
141.00000000 +5.0000000000000000e+00 +1.9999796585298606e+00 +1.8576826371356904e-03 +9.9994979870724188e-01 +9.9999864167059982e-01 +9.9999846197172670e-01 +9.9999890534799651e-01 +1.0000009399023386e+00 +1.9557314481043768e-05 -1.3000193823213804e-06 +2.4683479117755826e-05 +2.6368098321894076e-05 -1.6056441264913948e-05
141.50000000 +5.0000000000000000e+00 +1.9999813240672193e+00 +1.8553737816826088e-03 +9.9995563288738687e-01 +9.9999877245782143e-01 +9.9999862017341290e-01 +9.9999918282856859e-01 +1.0000013162685841e+00 +1.6311282334542261e-05 -4.5001051546027014e-06 +2.5466726781324382e-05 +2.3325338605181364e-05 -1.4127826013656697e-05
142.00000000 +5.0000000000000000e+00 +1.9999829895835466e+00 +1.8530649553847906e-03 +9.9996146699386024e-01 +9.9999890324339169e-01 +9.9999877837310136e-01 +9.9999946030563680e-01 +1.0000016926300770e+00 +1.3065291177579889e-05 -7.7001505175365221e-06 +2.6249964554368352e-05 +2.0282617311168390e-05 -1.2199235116147883e-05
142.50000000 +5.0000000000000000e+00 +1.9999846550788425e+00 +1.8507561582416831e-03 +9.9996730102666342e-01 +9.9999903402731027e-01 +9.9999893657079197e-01 +9.9999973777920104e-01 +1.0000020689868172e+00 +9.8193410093802612e-06 -1.0900155471888251e-05 +2.7033192437075068e-05 +1.7239934439127369e-05 -1.0270668571926216e-05
143.00000000 +5.0000000000000000e+00 +1.9999863205531072e+00 +1.8484473902527334e-03 +9.9997313498579754e-01 +9.9999916480957740e-01 +9.9999909476648496e-01 +1.0000000152492616e+00 +1.0000024453388048e+00 +6.5734318291669982e-06 -1.4100120018423269e-05 +2.7816410429631873e-05 +1.4197289988330550e-05 -8.3421263805304143e-06
143.50000000 +5.0000000000000000e+00 +1.9999879860063416e+00 +1.8461386514173907e-03 +9.9997896887126458e-01 +9.9999929559019307e-01 +9.9999925296018055e-01 +1.0000002927158183e+00 +1.0000028216860404e+00 +3.3275636361637547e-06 -1.7300044157906932e-05 +2.8599618532226087e-05 +1.1154683958050200e-05 -6.4136085414992195e-06
144.00000000 +5.0000000000000000e+00 +1.9999896514385460e+00 +1.8438299417351022e-03 +9.9998480268306555e-01 +9.9999942636915751e-01 +9.9999941115187851e-01 +1.0000005701788715e+00 +1.0000031980285238e+00 +8.1736429594192427e-08 -2.0499927891104604e-05 +2.9382816745045050e-05 +8.1121163475586012e-06 -4.4851150543713717e-06
144.50000000 +5.0000000000000000e+00 +1.9999896217639432e+00 +1.8434911944511629e-03 +9.9998596182555943e-01 +9.9999980242129283e-01 +9.9999984483753079e-01 +1.0000004255887636e+00 +1.0000026217579423e+00 -2.5755285146667768e-06 -1.7493524021548315e-05 +2.5535970407610725e-05 +9.9735896568595295e-06 -4.0969028638152959e-06
145.00000000 +5.0000000000000000e+00 +1.9999895920916027e+00 +1.8431524729897433e-03 +9.9998712087969233e-01 +1.0000001784447621e+00 +1.0000002784901236e+00 +1.0000002810096775e+00 +1.0000020455312899e+00 -5.2325908970765760e-06 -1.4487349328512233e-05 +2.1689417313165576e-05 +1.1834921067069719e-05 -3.7087202664618627e-06
145.50000000 +5.0000000000000000e+00 +1.9999895624215238e+00 +1.8428137773478918e-03 +9.9998827984547489e-01 +1.0000005544395687e+00 +1.0000007121096606e+00 +1.0000001364416127e+00 +1.0000014693485613e+00 -7.8894507407960958e-06 -1.1481403785792351e-05 +1.7843157428180248e-05 +1.3696110594413893e-05 -3.3205672589273889e-06
146.00000000 +5.0000000000000000e+00 +1.9999895327537063e+00 +1.8424751075226549e-03 +9.9998943872291657e-01 +1.0000009304057151e+00 +1.0000011456961455e+00 +9.9999999188456701e-01 +1.0000008932097513e+00 -1.0546108068982682e-05 -8.4756873671886559e-06 +1.3997190719130499e-05 +1.5557158255114288e-05 -2.9324438378287076e-06
146.50000000 +5.0000000000000000e+00 +1.9999895030881505e+00 +1.8421364635110816e-03 +9.9999059751202790e-01 +1.0000013063432054e+00 +1.0000015792495820e+00 +9.9999984733853953e-01 +1.0000003171148548e+00 -1.3202562904790166e-05 -5.4702000465051418e-06 +1.0151517152497204e-05 +1.7418064065390683e-05 -2.5443499997831702e-06
147.00000000 +5.0000000000000000e+00 +1.9999894734248553e+00 +1.8417978453102210e-03 +9.9999175621281866e-01 +1.0000016822520423e+00 +1.0000020127699740e+00 +9.9999970280352901e-01 +9.9999974106386724e-01 -1.5858815271368844e-05 -2.4649417975497864e-06 +6.3061366947663403e-06 +1.9278828041460364e-05 -2.1562857414086424e-06
147.50000000 +5.0000000000000000e+00 +1.9999894437638213e+00 +1.8414592529171223e-03 +9.9999291482529939e-01 +1.0000020581322298e+00 +1.0000024462573256e+00 +9.9999955827953446e-01 +9.9999916505678343e-01 -1.8514865191865477e-05 +5.4008740586543873e-07 +2.4610493124289989e-06 +2.1139450199538167e-05 -1.7682510593235053e-06
148.00000000 +5.0000000000000000e+00 +1.9999894141050474e+00 +1.8411206863288344e-03 +9.9999407334947943e-01 +1.0000024339837701e+00 +1.0000028797116398e+00 +9.9999941376655410e-01 +9.9999858909359807e-01 -2.1170712689423307e-05 +3.5448875899245728e-06 -1.3837450280186269e-06 +2.2999930555836439e-05 -1.3802459501466546e-06
148.50000000 +5.0000000000000000e+00 +1.9999893844485341e+00 +1.8407821455424086e-03 +9.9999523178537009e-01 +1.0000028098066676e+00 +1.0000033131329213e+00 +9.9999926926458738e-01 +9.9999801317430670e-01 -2.3826357787182045e-05 +6.5494587808076558e-06 -5.2282463600752265e-06 +2.4860269126565074e-05 -9.9227041049750441e-07
149.00000000 +5.0000000000000000e+00 +1.9999893547942806e+00 +1.8404436305548945e-03 +9.9999639013298014e-01 +1.0000031856009246e+00 +1.0000037465211731e+00 +9.9999912477363206e-01 +9.9999743729890367e-01 -2.6481800508277873e-05 +9.5538010046907424e-06 -9.0724547172343951e-06 +2.6720465927931465e-05 -6.0432443699598051e-07
149.50000000 +5.0000000000000000e+00 +1.9999888343712573e+00 +1.8413470107501992e-03 +9.9999394046174284e-01 +1.0000029177958898e+00 +1.0000032831168144e+00 +9.9999930690587124e-01 +9.9999778119333416e-01 -1.8215279485617430e-05 +8.1611250557063692e-06 -9.8260269160840895e-06 +2.4000414376569256e-05 -1.3496892112860846e-06
150.00000000 +5.0000000000000000e+00 +1.9999883139759032e+00 +1.8422503429154898e-03 +9.9999149092074668e-01 +1.0000026500050931e+00 +1.0000028197370936e+00 +9.9999948902842684e-01 +9.9999812506948060e-01 -9.9491979690698761e-06 +6.7685231511224338e-06 -1.0579559049761628e-05 +2.1280507442184483e-05 -2.0950143567681638e-06
150.50000000 +5.0000000000000000e+00 +1.9999877936082162e+00 +1.8431536270545972e-03 +9.9998904150998214e-01 +1.0000023822285340e+00 +1.0000023563820084e+00 +9.9999967114129984e-01 +9.9999846892734479e-01 -1.6835559235853198e-06 +5.3759952850340207e-06 -1.1333051121462142e-05 +1.8560745113244175e-05 -2.8402998766025527e-06
151.00000000 +5.0000000000000000e+00 +1.9999872732681940e+00 +1.8440568631713512e-03 +9.9998659222943864e-01 +1.0000021144662108e+00 +1.0000018930515575e+00 +9.9999985324449092e-01 +9.9999881276692815e-01 +6.5816466858824208e-06 +3.9835414515368348e-06 -1.2086503134380427e-05 +1.5841127378216593e-05 -3.5855457739492475e-06
151.50000000 +5.0000000000000000e+00 +1.9999867529558351e+00 +1.8449600512695811e-03 +9.9998414307910544e-01 +1.0000018467181226e+00 +1.0000014297457385e+00 +1.0000000353380010e+00 +9.9999915658823191e-01 +1.4846409894375786e-05 +2.5911616447272113e-06 -1.2839915091710937e-05 +1.3121654225571216e-05 -4.3307520519679096e-06
152.00000000 +5.0000000000000000e+00 +1.9999862326711357e+00 +1.8458631913531157e-03 +9.9998169405897219e-01 +1.0000015789842680e+00 +1.0000009664645491e+00 +1.0000002174218305e+00 +9.9999950039125751e-01 +2.3110733736933493e-05 +1.1988558587021114e-06 -1.3593286996647778e-05 +1.0402325643778751e-05 -5.0759187138178632e-06
152.50000000 +5.0000000000000000e+00 +1.9999857124140954e+00 +1.8467662834257847e-03 +9.9997924516902903e-01 +1.0000013112646466e+00 +1.0000005032079882e+00 +1.0000003994959807e+00 +9.9999984417600685e-01 +3.1374618248590548e-05 -1.9337591244087212e-07 -1.4346618852384732e-05 +7.6831416213111417e-06 -5.8210457626580993e-06
153.00000000 +5.0000000000000000e+00 +1.9999851921847109e+00 +1.8476693274914154e-03 +9.9997679640926507e-01 +1.0000010435592566e+00 +1.0000000399760527e+00 +1.0000005815604520e+00 +1.0000001879424809e+00 +3.9638063464378225e-05 -1.5855336746035261e-06 -1.5099910662115233e-05 +4.9641021466415364e-06 -6.5661332016472714e-06
153.50000000 +5.0000000000000000e+00 +1.9999846719829801e+00 +1.8485723235538360e-03 +9.9997434777967009e-01 +1.0000007758680969e+00 +9.9999957676874163e-01 +1.0000007636152450e+00 +1.0000005316906813e+00 +4.7901069419324043e-05 -2.9776174336870002e-06 -1.5853162429032364e-05 +2.2452072082443309e-06 -7.3111810339436935e-06
154.00000000 +5.0000000000000000e+00 +1.9999841518089012e+00 +1.8494752716168743e-03 +9.9997189928023367e-01 +1.0000005081911667e+00 +9.9999911358605265e-01 +1.0000009456603614e+00 +1.0000008754206098e+00 +5.6163636148451852e-05 -4.3696271955918246e-06 -1.6606374156328898e-05 -4.7354320540486668e-07 -8.0561892627053517e-06
154.50000000 +5.0000000000000000e+00 +1.9999848387728951e+00 +1.8484853048657847e-03 +9.9997417501102270e-01 +1.0000002858143344e+00 +9.9999961786436953e-01 +1.0000010549130895e+00 +1.0000007443425509e+00 +5.0259929237038520e-05 -2.7829124889436172e-06 -1.5896894623164701e-05 +1.3104593568846759e-06 -8.7684902319929155e-06
155.00000000 +5.0000000000000000e+00 +1.9999855257048711e+00 +1.8474953842545778e-03 +9.9997645063574558e-01 +1.0000000634478663e+00 +1.0000001221191832e+00 +1.0000011641607254e+00 +1.0000006132706012e+00 +4.4356497482690222e-05 -1.1962717351132364e-06 -1.5187448157073276e-05 +3.0943787712611506e-06 -9.4807580027076044e-06
155.50000000 +5.0000000000000000e+00 +1.9999862126048318e+00 +1.8465055097800279e-03 +9.9997872615440953e-01 +9.9999984109176199e-01 +1.0000006263504952e+00 +1.0000012734032699e+00 +1.0000004822047601e+00 +3.8453340866170826e-05 +3.9029507106933130e-07 -1.4478034755742906e-05 +4.8782150435373964e-06 -1.0192992577170317e-05
156.00000000 +5.0000000000000000e+00 +1.9999868994727792e+00 +1.8455156814389106e-03 +9.9998100156702219e-01 +9.9999961874602061e-01 +1.0000011305583074e+00 +1.0000013826407232e+00 +1.0000003511450277e+00 +3.2550459368245996e-05 +1.9767879347736197e-06 -1.3768654416862110e-05 +6.6619681795257142e-06 -1.0905193957701740e-05
156.50000000 +5.0000000000000000e+00 +1.9999875863087158e+00 +1.8445258992279994e-03 +9.9998327687359123e-01 +9.9999939641064128e-01 +1.0000016347426213e+00 +1.0000014918730851e+00 +1.0000002200914029e+00 +2.6647852969683181e-05 +3.5632068611686763e-06 -1.3059307138119606e-05 +8.4456381850378556e-06 -1.1617362146622338e-05
157.00000000 +5.0000000000000000e+00 +1.9999882731126439e+00 +1.8435361631440714e-03 +9.9998555207412365e-01 +9.9999917408562411e-01 +1.0000021389034390e+00 +1.0000016011003572e+00 +1.0000000890438860e+00 +2.0745521651251650e-05 +5.1495518554230728e-06 -1.2349992917204343e-05 +1.0229225065885042e-05 -1.2329497146252367e-05
157.50000000 +5.0000000000000000e+00 +1.9999889598845653e+00 +1.8425464731839007e-03 +9.9998782716862711e-01 +9.9999895177096731e-01 +1.0000026430407616e+00 +1.0000017103225387e+00 +9.9999995800247599e-01 +1.4843465393722427e-05 +6.7358229227048956e-06 -1.1640711751805462e-05 +1.2012728827877942e-05 -1.3041598958911858e-05
158.00000000 +5.0000000000000000e+00 +1.9999896466244820e+00 +1.8415568293442637e-03 +9.9999010215710837e-01 +9.9999872946667034e-01 +1.0000031471545907e+00 +1.0000018195396301e+00 +9.9999982696717227e-01 +8.9416841778683443e-06 +8.3220200681817517e-06 -1.0931463639612340e-05 +1.3796149476826687e-05 -1.3753667586920623e-05
158.50000000 +5.0000000000000000e+00 +1.9999903333323970e+00 +1.8405672316219367e-03 +9.9999237703957589e-01 +9.9999850717273331e-01 +1.0000036512449282e+00 +1.0000019287516322e+00 +9.9999969593797522e-01 +3.0401779844640431e-06 +9.9081432970207598e-06 -1.0222248578314565e-05 +1.5579487018540867e-05 -1.4465703032598279e-05
159.00000000 +5.0000000000000000e+00 +1.9999910200083122e+00 +1.8395776800136960e-03 +9.9999465181603664e-01 +9.9999828488915454e-01 +1.0000041553117758e+00 +1.0000020379585450e+00 +9.9999956491488395e-01 -2.8610532057140674e-06 +1.1494192614388566e-05 -9.5130665656019365e-06 +1.7362741458829536e-05 -1.5177705298264203e-05
159.50000000 +5.0000000000000000e+00 +1.9999909817946635e+00 +1.8393675586428737e-03 +9.9999501109196931e-01 +9.9999828681157743e-01 +1.0000040520354989e+00 +1.0000025504518575e+00 +9.9999975317626966e-01 -2.6452983758908089e-06 +7.6031525048732317e-06 -4.0242987653829133e-06 +1.5017674402997991e-05 -1.5604794682581098e-05
160.00000000 +5.0000000000000000e+00 +1.9999909435843239e+00 +1.8391574554679196e-03 +9.9999537033678954e-01 +9.9999828873383390e-01 +1.0000039487681651e+00 +1.0000030629007899e+00 +9.9999994142135251e-01 -2.4295622297760784e-06 +3.7124493475333663e-06 +1.4639937243281562e-06 +1.2672810422802741e-05 -1.6031847082263264e-05
160.50000000 +5.0000000000000000e+00 +1.9999909053772931e+00 +1.8389473704864699e-03 +9.9999572955050187e-01 +9.9999829065592361e-01 +1.0000038455097735e+00 +1.0000035753053471e+00 +1.0000001296501346e+00 -2.2138447649430522e-06 -1.7791690139768337e-07 +6.9518109652692556e-06 +1.0328149491866326e-05 -1.6458862502114628e-05
161.00000000 +5.0000000000000000e+00 +1.9999908671735702e+00 +1.8387373036961620e-03 +9.9999608873310986e-01 +9.9999829257784689e-01 +1.0000037422603230e+00 +1.0000040876655358e+00 +1.0000003178626180e+00 -1.9981459789653284e-06 -4.0679462856789788e-06 +1.2439153019167674e-05 +7.9836915838158697e-06 -1.6885840946938281e-05
161.50000000 +5.0000000000000000e+00 +1.9999908289731556e+00 +1.8385272550946335e-03 +9.9999644788461806e-01 +9.9999829449960376e-01 +1.0000036390198126e+00 +1.0000045999813614e+00 +1.0000005060588049e+00 -1.7824658694169245e-06 -7.9576388490620118e-06 +1.7926019947740014e-05 +5.6394366722830562e-06 -1.7312782421536492e-05
162.00000000 +5.0000000000000000e+00 +1.9999907907760486e+00 +1.8383172246795216e-03 +9.9999680700502991e-01 +9.9999829642119442e-01 +1.0000035357882411e+00 +1.0000051122528300e+00 +1.0000006942386974e+00 -1.5668044338722780e-06 -1.1846994635290694e-05 +2.3412411812692185e-05 +3.2953847309041320e-06 -1.7739686930710689e-05
162.50000000 +5.0000000000000000e+00 +1.9999907525822485e+00 +1.8381072124484647e-03 +9.9999716609435008e-01 +9.9999829834261877e-01 +1.0000034325656069e+00 +1.0000056244799465e+00 +1.0000008824022979e+00 -1.3511616699062463e-06 -1.5736013688101369e-05 +2.8898328675719423e-05 +9.5153573331991136e-07 -1.8166554479261474e-05
163.00000000 +5.0000000000000000e+00 +1.9999907143917546e+00 +1.8378972183991011e-03 +9.9999752515258200e-01 +9.9999830026387659e-01 +1.0000033293519091e+00 +1.0000061366627175e+00 +1.0000010705496074e+00 -1.1355375750941064e-06 -1.9624696051222797e-05 +3.4383770598506263e-05 -1.3921103468242275e-06 -1.8593385071988608e-05
163.50000000 +5.0000000000000000e+00 +1.9999906762045674e+00 +1.8376872425290706e-03 +9.9999788417973001e-01 +9.9999830218496821e-01 +1.0000032261471468e+00 +1.0000066488011483e+00 +1.0000012586806295e+00 -9.1993214701155693e-07 -2.3513041768376182e-05 +3.9868737642726575e-05 -3.7355535358783401e-06 -1.9020178713691040e-05
164.00000000 +5.0000000000000000e+00 +1.9999906380206858e+00 +1.8374772848360121e-03 +9.9999824317579833e-01 +9.9999830410589341e-01 +1.0000031229513184e+00 +1.0000071608952452e+00 +1.0000014467953657e+00 -7.0434538323471416e-07 -2.7401050883275140e-05 +4.5353229870043564e-05 -6.0787938601879239e-06 -1.9446935409166866e-05
164.50000000 +5.0000000000000000e+00 +1.9999879635615181e+00 +1.8384263221242318e-03 +9.9999477363449030e-01 +9.9999841422743174e-01 +1.0000030367516586e+00 +1.0000069703977563e+00 +1.0000013163787567e+00 -3.1965010649925149e-06 -2.6151599524855397e-05 +3.9952684451054081e-05 -2.5837578287990350e-06 -1.2532190338926882e-05
165.00000000 +5.0000000000000000e+00 +1.9999852893432040e+00 +1.8393752739452927e-03 +9.9999130440563766e-01 +9.9999852433905323e-01 +1.0000029505597614e+00 +1.0000067799174230e+00 +1.0000011859738924e+00 -5.6884323114536323e-06 -2.4902260687891829e-05 +3.4552625387320120e-05 +9.1096345120639622e-07 -5.6180679877540402e-06
165.50000000 +5.0000000000000000e+00 +1.9999826153657096e+00 +1.8403241403107395e-03 +9.9998783548919778e-01 +9.9999863444075843e-01 +1.0000028643756262e+00 +1.0000065894542429e+00 +1.0000010555807715e+00 -8.1801391529345496e-06 -2.3653034357185149e-05 +2.9153052613145293e-05 +4.4053700223446561e-06 +1.2954317284678902e-06
166.00000000 +5.0000000000000000e+00 +1.9999799416290029e+00 +1.8412729212321155e-03 +9.9998436688512937e-01 +9.9999874453254955e-01 +1.0000027781992518e+00 +1.0000063990082140e+00 +1.0000009251993922e+00 -1.0671621619746298e-05 -2.2403920517538817e-05 +2.3753966062845088e-05 +7.8994619271243808e-06 +8.2083088938400058e-06
166.50000000 +5.0000000000000000e+00 +1.9999772681330523e+00 +1.8422216167209608e-03 +9.9998089859338979e-01 +9.9999885461442728e-01 +1.0000026920306371e+00 +1.0000062085793333e+00 +1.0000007948297529e+00 -1.3162879742194436e-05 -2.1154919153759026e-05 +1.8355365670746808e-05 +1.1393239208046540e-05 +1.5120563592448255e-05
167.00000000 +5.0000000000000000e+00 +1.9999745948778243e+00 +1.8431702267888140e-03 +9.9997743061393674e-01 +9.9999896468639315e-01 +1.0000026058697811e+00 +1.0000060181675994e+00 +1.0000006644718524e+00 -1.5653913550579078e-05 -1.9906030250654706e-05 +1.2957251371189573e-05 +1.4886701907604458e-05 +2.2032195908363440e-05
167.50000000 +5.0000000000000000e+00 +1.9999719218632863e+00 +1.8441187514472116e-03 +9.9997396294672802e-01 +9.9999907474844885e-01 +1.0000025197166824e+00 +1.0000058277730093e+00 +1.0000005341256888e+00 -1.8144723075194878e-05 -1.8657253793037524e-05 +7.5596230985243347e-06 +1.8379850068283805e-05 +2.8943205925641221e-05
168.00000000 +5.0000000000000000e+00 +1.9999692490894065e+00 +1.8450671907076883e-03 +9.9997049559172180e-01 +9.9999918480059491e-01 +1.0000024335713407e+00 +1.0000056373955608e+00 +1.0000004037912607e+00 -2.0635308346331037e-05 -1.7408589765721875e-05 +2.1624807871138602e-06 +2.1872683732562609e-05 +3.5853593728322146e-05
168.50000000 +5.0000000000000000e+00 +1.9999665765561516e+00 +1.8460155445817763e-03 +9.9996702854887576e-01 +9.9999929484283356e-01 +1.0000023474337543e+00 +1.0000054470352515e+00 +1.0000002734685660e+00 -2.3125669394271292e-05 -1.6160038153524893e-05 -3.2341756286672455e-06 +2.5365202942911230e-05 +4.2763359400431586e-05
169.00000000 +5.0000000000000000e+00 +1.9999639042634900e+00 +1.8469638130810056e-03 +9.9996356181814738e-01 +9.9999940487516548e-01 +1.0000022613039223e+00 +1.0000052566920796e+00 +1.0000001431576040e+00 -2.5615806249293935e-05 -1.4911598941266451e-05 -8.6303462144325860e-06 +2.8857407741792395e-05 +4.9672503025979826e-05
169.50000000 +5.0000000000000000e+00 +1.9999649304601865e+00 +1.8490650890895161e-03 +9.9995917009522750e-01 +9.9999983990044794e-01 +1.0000021246031900e+00 +1.0000047609704543e+00 +9.9999999954865637e-01 -2.2816015314123270e-05 -1.1341653582159327e-05 -6.1276765034159760e-06 +2.6686827936593648e-05 +4.7703405724701632e-05
170.00000000 +5.0000000000000000e+00 +1.9999659566530654e+00 +1.8511663572807859e-03 +9.9995477838864621e-01 +1.0000002749241121e+00 +1.0000019879029667e+00 +1.0000042652506733e+00 +9.9999985594024343e-01 -2.0016234794833813e-05 -7.7717215040891203e-06 -3.6250161029196899e-06 +2.4516256206462632e-05 +4.5734315748928827e-05
170.50000000 +5.0000000000000000e+00 +1.9999669828421278e+00 +1.8532676176548583e-03 +9.9995038669840297e-01 +1.0000007099461583e+00 +1.0000018512032522e+00 +1.0000037695327368e+00 +9.9999971233236506e-01 -1.7216464691367440e-05 -4.2018027069817150e-06 -1.1223650128917704e-06 +2.2345692551354264e-05 +4.3765233098620530e-05
171.00000000 +5.0000000000000000e+00 +1.9999680090273713e+00 +1.8553688702117759e-03 +9.9994599502449766e-01 +1.0000011449665855e+00 +1.0000017145040456e+00 +1.0000032738166444e+00 +9.9999956872502060e-01 -1.4416705003666008e-05 -6.3189719076299363e-07 +1.3802767667197420e-06 +2.0175136971223489e-05 +4.1796157773735846e-05
171.50000000 +5.0000000000000000e+00 +1.9999690352087973e+00 +1.8574701149515836e-03 +9.9994160336693039e-01 +1.0000015799853947e+00 +1.0000015778053477e+00 +1.0000027781023959e+00 +9.9999942511821016e-01 -1.1616955731671411e-05 +2.9379950446411513e-06 +3.8829092359667978e-06 +1.8004589466025242e-05 +3.9827089774233915e-05
172.00000000 +5.0000000000000000e+00 +1.9999700613864062e+00 +1.8595713518743241e-03 +9.9993721172570105e-01 +1.0000020150025855e+00 +1.0000014411071585e+00 +1.0000022823899919e+00 +9.9999928151193440e-01 -8.8172168753255177e-06 +6.5078739993048321e-06 +6.3855323949013545e-06 +1.5834050035714465e-05 +3.7858029100073848e-05
172.50000000 +5.0000000000000000e+00 +1.9999710875601973e+00 +1.8616725809800416e-03 +9.9993282010080942e-01 +1.0000024500181579e+00 +1.0000013044094780e+00 +1.0000017866794317e+00 +9.9999913790619266e-01 -6.0174884345702155e-06 +1.0077739673302156e-05 +8.8881462435753656e-06 +1.3663518680246103e-05 +3.5888975751214777e-05
173.00000000 +5.0000000000000000e+00 +1.9999721137301707e+00 +1.8637738022687796e-03 +9.9992842849225572e-01 +1.0000028850321123e+00 +1.0000011677123057e+00 +1.0000012909707159e+00 +9.9999899430098516e-01 -3.2177704093473716e-06 +1.3647592066707242e-05 +1.1390750782040790e-05 +1.1492995399575087e-05 +3.3919929727615816e-05
173.50000000 +5.0000000000000000e+00 +1.9999731398963265e+00 +1.8658750157405819e-03 +9.9992403690003939e-01 +1.0000033200444480e+00 +1.0000010310156422e+00 +1.0000007952638443e+00 +9.9999885069631211e-01 -4.1806279959887301e-07 +1.7217431179594190e-05 +1.3893346010349571e-05 +9.3224801936563698e-06 +3.1950891029236103e-05
174.00000000 +5.0000000000000000e+00 +1.9999741660586643e+00 +1.8679762213954913e-03 +9.9991964532416033e-01 +1.0000037550551653e+00 +1.0000008943194869e+00 +1.0000002995588164e+00 +9.9999870709217287e-01 +2.3816343947334067e-06 +2.0787257012037106e-05 +1.6395931928553666e-05 +7.1519730624448712e-06 +2.9981859656034729e-05
174.50000000 +5.0000000000000000e+00 +1.9999751922171856e+00 +1.8700774192335523e-03 +9.9991525376461921e-01 +1.0000041900642640e+00 +1.0000007576238403e+00 +9.9999980385563303e-01 +9.9999856348856797e-01 +5.1813211737075888e-06 +2.4357069564110115e-05 +1.8898508536705030e-05 +4.9814740058955494e-06 +2.8012835607970850e-05
175.00000000 +5.0000000000000000e+00 +1.9999762183718890e+00 +1.8721786092548087e-03 +9.9991086222141501e-01 +1.0000046250717451e+00 +1.0000006209287025e+00 +9.9999930815429361e-01 +9.9999841988549765e-01 +7.9809975373817850e-06 +2.7926868835887306e-05 +2.1401075834855611e-05 +2.8109830239633469e-06 +2.6043818885003583e-05
175.50000000 +5.0000000000000000e+00 +1.9999772445227753e+00 +1.8742797914593032e-03 +9.9990647069454863e-01 +1.0000050600776078e+00 +1.0000004842340731e+00 +9.9999881245479849e-01 +9.9999827628296156e-01 +1.0780663485814136e-05 +3.1496654827442803e-05 +2.3903633823057378e-05 +6.4050011660319254e-07 +2.4074809487092046e-05
176.00000000 +5.0000000000000000e+00 +1.9999782706698437e+00 +1.8763809658470798e-03 +9.9990207918401852e-01 +1.0000054950818518e+00 +1.0000003475399519e+00 +9.9999831675714701e-01 +9.9999813268095916e-01 +1.3580319019062732e-05 +3.5066427538850690e-05 +2.6406182501362253e-05 -1.5299747162299579e-06 +2.2105807414195364e-05
176.50000000 +5.0000000000000000e+00 +1.9999792968130943e+00 +1.8784821324181827e-03 +9.9989768768982612e-01 +1.0000059300844777e+00 +1.0000002108463397e+00 +9.9999782106133983e-01 +9.9999798907949156e-01 +1.6379964137185714e-05 +3.8636186970185096e-05 +2.8908721869822210e-05 -3.7004414745811735e-06 +2.0136812666272660e-05
177.00000000 +5.0000000000000000e+00 +1.9999803229525288e+00 +1.8805832911726549e-03 +9.9989329621197076e-01 +1.0000063650854856e+00 +1.0000000741532360e+00 +9.9999732536737707e-01 +9.9999784547855808e-01 +1.9179598840241200e-05 +4.2205933121520143e-05 +3.1411251928489207e-05 -5.8709001584955066e-06 +1.8167825243283066e-05
177.50000000 +5.0000000000000000e+00 +1.9999813490881446e+00 +1.8826844421105395e-03 +9.9988890475045178e-01 +1.0000068000848750e+00 +9.9999993746064020e-01 +9.9999682967525783e-01 +9.9999770187815840e-01 +2.1979223128287288e-05 +4.5775665992929867e-05 +3.3913772677415152e-05 -8.0413507680180078e-06 +1.6198845145185701e-05
178.00000000 +5.0000000000000000e+00 +1.9999823752199435e+00 +1.8847855852318809e-03 +9.9988451330526995e-01 +1.0000072350826461e+00 +9.9999980076855333e-01 +9.9999633398498278e-01 +9.9999755827829306e-01 +2.4778837001382123e-05 +4.9345385584488440e-05 +3.6416284116652051e-05 -1.0211793303193746e-05 +1.4229872371939691e-05
178.50000000 +5.0000000000000000e+00 +1.9999834013479254e+00 +1.8868867205367229e-03 +9.9988012187642472e-01 +1.0000076700787990e+00 +9.9999966407697516e-01 +9.9999583829655170e-01 +9.9999741467896230e-01 +2.7578440459583797e-05 +5.2915091896269929e-05 +3.8918786246251810e-05 -1.2382227764067770e-05 +1.2260906923504174e-05
179.00000000 +5.0000000000000000e+00 +1.9999844274720897e+00 +1.8889878480251089e-03 +9.9987573046391609e-01 +1.0000081050733336e+00 +9.9999952738590525e-01 +9.9999534260996470e-01 +9.9999727108016545e-01 +3.0378033502950447e-05 +5.6484784928348471e-05 +4.1421279066266401e-05 -1.4552654150685138e-05 +1.0291948799838257e-05
179.50000000 +5.0000000000000000e+00 +1.9999853271026291e+00 +1.8847158921725094e-03 +9.9988575970519789e-01 +1.0000075322583191e+00 +9.9999960530374377e-01 +9.9999525835635039e-01 +9.9999738289450846e-01 +2.7764229941050874e-05 +5.0789316279831424e-05 +4.0155595371450028e-05 -1.4063539133388026e-05 +9.8158855821975670e-06
180.00000000 +5.0000000000000000e+00 +1.9999862266754500e+00 +1.8804442104042478e-03 +9.9989578830301462e-01 +1.0000069594800562e+00 +9.9999968321658395e-01 +9.9999517410814254e-01 +9.9999749470167798e-01 +2.5150594078125934e-05 +4.5094213046782621e-05 +3.8889992881610547e-05 -1.3574455497212315e-05 +9.3398529082881022e-06
180.50000000 +5.0000000000000000e+00 +1.9999871261905562e+00 +1.8761728026939458e-03 +9.9990581625742658e-01 +1.0000063867385405e+00 +9.9999976112442490e-01 +9.9999508986533892e-01 +9.9999760650167391e-01 +2.2537125898037029e-05 +3.9399475194036078e-05 +3.7624471588933131e-05 -1.3085403239138013e-05 +8.8638507751704618e-06
181.00000000 +5.0000000000000000e+00 +1.9999880256479543e+00 +1.8719016690152311e-03 +9.9991584356849683e-01 +1.0000058140337691e+00 +9.9999983902726775e-01 +9.9999500562794041e-01 +9.9999771829449724e-01 +1.9923825384647672e-05 +3.3705102686430468e-05 +3.6359031485604036e-05 -1.2596382356145546e-05 +8.3878791799056448e-06
181.50000000 +5.0000000000000000e+00 +1.9999889250476495e+00 +1.8676308093417335e-03 +9.9992587023628676e-01 +1.0000052413657385e+00 +9.9999991692511314e-01 +9.9999492139594570e-01 +9.9999783008014909e-01 +1.7310692521823424e-05 +2.8011095488808894e-05 +3.5093672563810448e-05 -1.2107392845215716e-05 +7.9119381195550178e-06
182.00000000 +5.0000000000000000e+00 +1.9999898243896483e+00 +1.8633602236470866e-03 +9.9993589626085844e-01 +1.0000046687344448e+00 +9.9999999481796109e-01 +9.9999483716935456e-01 +9.9999794185862967e-01 +1.4697727293431920e-05 +2.2317453566018999e-05 +3.3828394815740589e-05 -1.1618434703329701e-05 +7.4360275911803175e-06
182.50000000 +5.0000000000000000e+00 +1.9999907236739549e+00 +1.8590899119049274e-03 +9.9994592164227369e-01 +1.0000040961398846e+00 +1.0000000727058123e+00 +9.9999475294816664e-01 +9.9999805362993965e-01 +1.2084929683342869e-05 +1.6624176882912924e-05 +3.2563198233583668e-05 -1.1129507927469083e-05 +6.9601475918436702e-06
183.00000000 +5.0000000000000000e+00 +1.9999916229005756e+00 +1.8548198740888967e-03 +9.9995594638059471e-01 +1.0000035235820546e+00 +1.0000001505886675e+00 +9.9999466873238096e-01 +9.9999816539408015e-01 +9.4722996754280359e-06 +1.0931265404347324e-05 +3.1298082809529928e-05 -1.0640612514615825e-05 +6.4842981186075717e-06
183.50000000 +5.0000000000000000e+00 +1.9999925220695156e+00 +1.8505501101726374e-03 +9.9996597047588287e-01 +1.0000029510609509e+00 +1.0000002284665268e+00 +9.9999458452199752e-01 +9.9999827715105138e-01 +6.8598372535612774e-06 +5.2387190951833706e-06 +3.0033048535770569e-05 -1.0151748461752272e-05 +6.0084791685348962e-06
184.00000000 +5.0000000000000000e+00 +1.9999934211807804e+00 +1.8462806201297967e-03 +9.9997599392820058e-01 +1.0000023785765704e+00 +1.0000003063393910e+00 +9.9999450031701531e-01 +9.9999838890085435e-01 +4.2475424016184996e-06 -4.5346207971327698e-07 +2.8768095404497815e-05 -9.6629157658611663e-06 +5.5326907386888932e-06
184.50000000 +5.0000000000000000e+00 +1.9999943202343764e+00 +1.8420114039340255e-03 +9.9998601673760923e-01 +1.0000018061289093e+00 +1.0000003842072600e+00 +9.9999441611743412e-01 +9.9999850064348972e-01 +1.6354151034776828e-06 -6.1452781554724351e-06 +2.7503223407904902e-05 -9.1741144239256286e-06 +5.0569328261331935e-06
185.00000000 +5.0000000000000000e+00 +1.9999952192303085e+00 +1.8377424615589773e-03 +9.9999603890417099e-01 +1.0000012337179638e+00 +1.0000004620701350e+00 +9.9999433192325371e-01 +9.9999861237895804e-01 -9.7654465698111878e-07 -1.1836729167219412e-05 +2.6238432538186060e-05 -8.6853444329291730e-06 +4.5812054279318004e-06
185.50000000 +5.0000000000000000e+00 +1.9999961181685817e+00 +1.8334737929783091e-03 +1.0000060604279473e+00 +1.0000006613437307e+00 +1.0000005399280161e+00 +9.9999424773447265e-01 +9.9999872410725987e-01 -3.5883368958757945e-06 -1.7527815150075027e-05 +2.4973722787536494e-05 -8.1966057898556898e-06 +4.1055085411490925e-06
186.00000000 +5.0000000000000000e+00 +1.9999970170492027e+00 +1.8292053981656820e-03 +1.0000160813090004e+00 +1.0000000890062064e+00 +1.0000006177809038e+00 +9.9999416355109150e-01 +9.9999883582839633e-01 -6.1999616293221541e-06 -2.3218536139155573e-05 +2.3709094148152459e-05 -7.7078984916894722e-06 +3.6298421628498318e-06
186.50000000 +5.0000000000000000e+00 +1.9999979158721766e+00 +1.8249372770947597e-03 +1.0000261015473921e+00 +9.9999951670538767e-01 +1.0000006956287988e+00 +9.9999407937310891e-01 +9.9999894754236773e-01 -8.8114188734339538e-06 -2.8908892169572871e-05 +2.2444546612231163e-05 -7.2192225354151888e-06 +3.1542062900991490e-06
187.00000000 +5.0000000000000000e+00 +1.9999988146375081e+00 +1.8206694297392091e-03 +1.0000361211431841e+00 +9.9999894444127047e-01 +1.0000007734717011e+00 +9.9999399520052457e-01 +9.9999905924917487e-01 -1.1422708644322866e-05 -3.4598883276434209e-05 +2.1180080171970842e-05 -6.7305779180178937e-06 +2.6786009199625548e-06
187.50000000 +5.0000000000000000e+00 +1.9999997133452041e+00 +1.8164018560727017e-03 +1.0000461400964382e+00 +9.9999837221385168e-01 +1.0000008513096117e+00 +9.9999391103333835e-01 +9.9999917094881852e-01 -1.4033830958098509e-05 -4.0288509494842364e-05 +1.9915694819570743e-05 -6.2419646364830398e-06 +2.2030260495059390e-06
188.00000000 +5.0000000000000000e+00 +2.0000006119952691e+00 +1.8121345560689112e-03 +1.0000561584072161e+00 +9.9999780002312733e-01 +1.0000009291425305e+00 +9.9999382687154892e-01 +9.9999928264129911e-01 -1.6644785830868437e-05 -4.5977770859895647e-05 +1.8651390547231075e-05 -5.7533826877964501e-06 +1.7274816757955612e-06
188.50000000 +5.0000000000000000e+00 +2.0000015105877091e+00 +1.8078675297015152e-03 +1.0000661760755798e+00 +9.9999722786909417e-01 +1.0000010069704586e+00 +9.9999374271515684e-01 +9.9999939432661789e-01 -1.9255573278738125e-05 -5.1666667406687848e-05 +1.7387167347153091e-05 -5.2648320689443501e-06 +1.2519677958980637e-06
189.00000000 +5.0000000000000000e+00 +2.0000024091225299e+00 +1.8036007769441946e-03 +1.0000761931015911e+00 +9.9999665575174890e-01 +1.0000010847933964e+00 +9.9999365856416089e-01 +9.9999950600477505e-01 -2.1866193317811002e-05 -5.7355199170308259e-05 +1.6123025211539011e-05 -4.7763127769133405e-06 +7.7648440688046001e-07
189.50000000 +5.0000000000000000e+00 +2.0000009689031186e+00 +1.8058623577393929e-03 +1.0000707279827070e+00 +9.9999719969029777e-01 +1.0000013712098439e+00 +9.9999437466732066e-01 +9.9999917077281797e-01 -1.9451408634638331e-05 -5.4600939479372294e-05 +1.5503671473937983e-05 -2.4409686423273680e-06 -1.8546584663033529e-06
190.00000000 +5.0000000000000000e+00 +1.9999995286380514e+00 +1.8081240102282943e-03 +1.0000652626905746e+00 +9.9999774364608951e-01 +1.0000016576353710e+00 +9.9999509079318083e-01 +9.9999883553023350e-01 -1.7036547401090935e-05 -5.1846592476464805e-05 +1.4884298102387380e-05 -1.0555047568799099e-07 -4.4858847485688595e-06
190.50000000 +5.0000000000000000e+00 +1.9999980883273263e+00 +1.8103857344143092e-03 +1.0000597972251863e+00 +9.9999828761912590e-01 +1.0000019440699783e+00 +9.9999580694174384e-01 +9.9999850027702197e-01 -1.4621609613528695e-05 -4.9092158157433991e-05 +1.4264905095953578e-05 +2.2299417265251515e-06 -7.1171944438823141e-06
191.00000000 +5.0000000000000000e+00 +1.9999966479709408e+00 +1.8126475303008459e-03 +1.0000543315865331e+00 +9.9999883160940706e-01 +1.0000022305136658e+00 +9.9999652311300946e-01 +9.9999816501318217e-01 -1.2206595268311275e-05 -4.6337636518127723e-05 +1.3645492453702876e-05 +4.5655079678326397e-06 -9.7485875562102237e-06
191.50000000 +5.0000000000000000e+00 +1.9999952075688925e+00 +1.8149093978913145e-03 +1.0000488657746072e+00 +9.9999937561693353e-01 +1.0000025169664344e+00 +9.9999723930697959e-01 +9.9999782973871376e-01 -9.7915043617981060e-06 -4.3583027554393621e-05 +1.3026060174701532e-05 +6.9011482517552778e-06 -1.2380064089519336e-05
192.00000000 +5.0000000000000000e+00 +1.9999937671211796e+00 +1.8171713371891245e-03 +1.0000433997894000e+00 +9.9999991964170687e-01 +1.0000028034282840e+00 +9.9999795552365489e-01 +9.9999749445361596e-01 -7.3763368903483819e-06 -4.0828331262079077e-05 +1.2406608258015742e-05 +9.2368625818140962e-06 -1.5011624047776666e-05
192.50000000 +5.0000000000000000e+00 +1.9999923266278004e+00 +1.8194333481976863e-03 +1.0000379336309038e+00 +1.0000004636837274e+00 +1.0000030898992158e+00 +9.9999867176303647e-01 +9.9999715915788878e-01 -4.9610928503210779e-06 -3.8073547637031182e-05 +1.1787136702711633e-05 +1.1572650961530340e-05 -1.7643267434949468e-05
193.00000000 +5.0000000000000000e+00 +1.9999908860887519e+00 +1.8216954309204097e-03 +1.0000324672991099e+00 +1.0000010077429962e+00 +1.0000033763792298e+00 +9.9999938802512567e-01 +9.9999682385153155e-01 -2.5457722380749215e-06 -3.5318676675096777e-05 +1.1167645507855281e-05 +1.3908513394425489e-05 -2.0274994255005261e-05
193.50000000 +5.0000000000000000e+00 +1.9999894455040323e+00 +1.8239575853607056e-03 +1.0000270007940102e+00 +1.0000015518195140e+00 +1.0000036628683262e+00 +1.0000001043099234e+00 +9.9999648853454348e-01 -1.3037504996842941e-07 -3.2563718372122428e-05 +1.0548134672512701e-05 +1.6244449884021240e-05 -2.2906804511911788e-05
194.00000000 +5.0000000000000000e+00 +1.9999880048736387e+00 +1.8262198115219844e-03 +1.0000215341155965e+00 +1.0000020959132812e+00 +1.0000039493665056e+00 +1.0000008206174305e+00 +9.9999615320692437e-01 +2.2850987176401302e-06 -2.9808672723954477e-05 +9.9286041957498522e-06 +1.8580460433839511e-05 -2.5538698209637081e-05
194.50000000 +5.0000000000000000e+00 +1.9999865641975703e+00 +1.8284821094076570e-03 +1.0000160672638605e+00 +1.0000026400242994e+00 +1.0000042358737684e+00 +1.0000015369476485e+00 +9.9999581786867375e-01 +4.7006490683927125e-06 -2.7053539726438960e-05 +9.3090540766326254e-06 +2.0916545047402449e-05 -2.8170675352149404e-05
195.00000000 +5.0000000000000000e+00 +1.9999851234758244e+00 +1.8307444790211351e-03 +1.0000106002387941e+00 +1.0000031841525692e+00 +1.0000045223901157e+00 +1.0000022533005783e+00 +9.9999548251979098e-01 +7.1162760059314991e-06 -2.4298319375421678e-05 +8.6894843142268634e-06 +2.3252703728232426e-05 -3.0802735943417265e-05
195.50000000 +5.0000000000000000e+00 +1.9999836827083979e+00 +1.8330069203658288e-03 +1.0000051330403885e+00 +1.0000037282980907e+00 +1.0000048089155467e+00 +1.0000029696762207e+00 +9.9999514716027527e-01 +9.5319795338989160e-06 -2.1543011666748121e-05 +8.0698949075983363e-06 +2.5588936479852022e-05 -3.3434879987409431e-05
196.00000000 +5.0000000000000000e+00 +1.9999822418952895e+00 +1.8352694334451505e-03 +9.9999966566863607e-01 +1.0000042724608655e+00 +1.0000050954500630e+00 +1.0000036860745771e+00 +9.9999481179012661e-01 +1.1947759655937600e-05 -1.8787616596263592e-05 +7.4502858558127735e-06 +2.7925243305784057e-05 -3.6067107488094928e-05
196.50000000 +5.0000000000000000e+00 +1.9999808010364979e+00 +1.8375320182625124e-03 +9.9999419812352885e-01 +1.0000048166408946e+00 +1.0000053819936643e+00 +1.0000044024956489e+00 +9.9999447640934436e-01 +1.4363616375690449e-05 -1.6032134159813062e-05 +6.8306571579358266e-06 +3.0261624209551581e-05 -3.8699418449443034e-05
197.00000000 +5.0000000000000000e+00 +1.9999793601320186e+00 +1.8397946748213252e-03 +9.9998873040505754e-01 +1.0000053608381780e+00 +1.0000056685463510e+00 +1.0000051189394366e+00 +9.9999414101792772e-01 +1.6779549696800556e-05 -1.3276564353241266e-05 +6.2110088130330961e-06 +3.2598079194677822e-05 -4.1331812875423258e-05
197.50000000 +5.0000000000000000e+00 +1.9999779191818514e+00 +1.8420574031250022e-03 +9.9998326251321468e-01 +1.0000059050527170e+00 +1.0000059551081240e+00 +1.0000058354059411e+00 +9.9999380561587659e-01 +1.9195559622911266e-05 -1.0520907172392691e-05 +5.5913408201701287e-06 +3.4934608264686294e-05 -4.3964290770005371e-05
198.00000000 +5.0000000000000000e+00 +1.9999764781859937e+00 +1.8443202031769555e-03 +9.9997779444799217e-01 +1.0000064492845127e+00 +1.0000062416789837e+00 +1.0000065518951644e+00 +9.9999347020319029e-01 +2.1611646157666168e-05 -7.7651626131115284e-06 +4.9716531784124012e-06 +3.7271211423100709e-05 -4.6596852137159445e-05
198.50000000 +5.0000000000000000e+00 +1.9999750371444425e+00 +1.8465830749805974e-03 +9.9997232620938115e-01 +1.0000069935335651e+00 +1.0000065282589301e+00 +1.0000072684071066e+00 +9.9999313477986829e-01 +2.4027809304709036e-05 -5.0093306712417309e-06 +4.3519458868253375e-06 +3.9607888673444967e-05 -4.9229496980855706e-05
199.00000000 +5.0000000000000000e+00 +1.9999735960571967e+00 +1.8488460185393410e-03 +9.9996685779737349e-01 +1.0000075377998756e+00 +1.0000068148479639e+00 +1.0000079849417696e+00 +9.9999279934591012e-01 +2.6444049067683933e-05 -2.2534113426269684e-06 +3.7322189444742992e-06 +4.1944640019243261e-05 -5.1862225305064704e-05
199.50000000 +5.0000000000000000e+00 +1.9999455120354019e+00 +1.8517131211228570e-03 +9.9996298440591835e-01 +1.0000036297290138e+00 +1.0000039121523094e+00 +1.0000034900960704e+00 +9.9998964893462272e-01 +3.2922266873805777e-05 +1.7152465694490973e-05 +3.7318510094703687e-07 +3.9611065827250075e-05 -5.3724318813485874e-05
200.00000000 +5.0000000000000000e+00 +1.9999174324529085e+00 +1.8545797704973743e-03 +9.9995911162673867e-01 +9.9999972227590939e-01 +1.0000010099154906e+00 +9.9999899596088115e-01 +9.9998649902132764e-01 +3.9399460654271218e-05 +3.6555275203383450e-05 -2.9853177729618145e-06 +3.7277860508288840e-05 -5.5586117976828786e-05
