# time_au orbital_0 orbital_1 orbital_2 orbital_3 orbital_4 orbital_5 orbital_6 orbital_7 orbital_8 orbital_9
0.000000000000000000e+00 1.000000000000037526e+00 1.000000000000037526e+00 1.000000000000037526e+00 1.000000000000037526e+00 1.000000000000037526e+00 0.000000000000000000e+00 0.000000000000000000e+00 0.000000000000000000e+00 0.000000000000000000e+00 0.000000000000000000e+00
2.000000000000000000e+00 9.999994900368529560e-01 1.000000000000018652e+00 1.000000000000018652e+00 1.000000000000018652e+00 1.000000000000018652e+00 1.036092555120939350e-07 1.028234425868016178e-07 1.020150855307488144e-07 1.011842930207927187e-07 1.003311833476451011e-07
4.000000000000000000e+00 9.999991768828777605e-01 9.999999999998540057e-01 9.999999999998555600e-01 9.999999999998571143e-01 9.999999999998586686e-01 1.775313576621167358e-07 1.711090853294639910e-07 1.646491453731666158e-07 1.581636116488152247e-07 1.516646846247122298e-07
6.000000000000000000e+00 9.999997938700241340e-01 9.999999999996449507e-01 9.999999999996518341e-01 9.999999999996591615e-01 9.999999999996666000e-01 5.506777878913735448e-08 4.763913846813075604e-08 4.070584667212755678e-08 3.429375120758454080e-08 2.842502728236543101e-08
8.000000000000000000e+00 9.999998658106626914e-01 9.999999999996100897e-01 9.999999999996174171e-01 9.999999999996251887e-01 9.999999999996332933e-01 1.720715437037586581e-08 2.155914709404808502e-08 2.641433560124710903e-08 3.169487214704894882e-08 3.731553088837779388e-08
1.000000000000000000e+01 9.999992521120151245e-01 9.999999999994035882e-01 9.999999999993965938e-01 9.999999999993910427e-01 9.999999999993867128e-01 1.452586476788868559e-07 1.485978922461323130e-07 1.507931232412882292e-07 1.517689406713024972e-07 1.514719922957770152e-07
1.200000000000000000e+01 9.999994100817528597e-01 9.999999999988310462e-01 9.999999999988190558e-01 9.999999999988116173e-01 9.999999999988082866e-01 1.461752098647513288e-07 1.324775942218270893e-07 1.182416157264415951e-07 1.037451649238386056e-07 8.928358280005352189e-08
1.400000000000000000e+01 9.999999200578847391e-01 9.999999999984818810e-01 9.999999999984821031e-01 9.999999999984889865e-01 9.999999999985028643e-01 2.574021072758574240e-08 1.839266650213258335e-08 1.348917927039120411e-08 1.110328071227715895e-08 1.122301529478159104e-08
1.600000000000000000e+01 9.999995918269414252e-01 9.999999999984343635e-01 9.999999999984118260e-01 9.999999999983959498e-01 9.999999999983879562e-01 5.735365151020172935e-08 6.954330457584588000e-08 8.199955915963433868e-08 9.409266847594366485e-08 1.051904348777773352e-07
1.800000000000000000e+01 9.999992510275822477e-01 9.999999999979632959e-01 9.999999999978789189e-01 9.999999999978070875e-01 9.999999999977494669e-01 1.593642309558213433e-07 1.580796890289035238e-07 1.532108719983652994e-07 1.448862146448640233e-07 1.334402040208738908e-07
2.000000000000000000e+01 9.999996627376980252e-01 9.999999999972005726e-01 9.999999999970901055e-01 9.999999999970037301e-01 9.999999999969452213e-01 1.036404077029985028e-07 8.403997854312801086e-08 6.543194006662081611e-08 4.886740797737905982e-08 3.529452112918897765e-08
2.200000000000000000e+01 9.999998156263465443e-01 9.999999999969321207e-01 9.999999999968136599e-01 9.999999999967241759e-01 9.999999999966678876e-01 2.686173164049307483e-08 2.762714196874847995e-08 3.298627905663140654e-08 4.230678045302010581e-08 5.460477615395024291e-08
2.400000000000000000e+01 9.999994080038085986e-01 9.999999999968338660e-01 9.999999999966271425e-01 9.999999999964482855e-01 9.999999999963048447e-01 9.625896130636052042e-08 1.105748628608105054e-07 1.222794075895848003e-07 1.300358017677112300e-07 1.328611372168255932e-07
2.600000000000000000e+01 9.999994188109839754e-01 9.999999999962027042e-01 9.999999999958669727e-01 9.999999999955727636e-01 9.999999999953342877e-01 1.455853530548574533e-07 1.347153097414123938e-07 1.192867565467261671e-07 1.007283433944457476e-07 8.089046815410714486e-08
2.800000000000000000e+01 9.999997559706719219e-01 9.999999999955460073e-01 9.999999999951483254e-01 9.999999999948115947e-01 9.999999999945546891e-01 7.286408882917694822e-08 5.559248071082366342e-08 4.300366307294725257e-08 3.637116567024071843e-08 3.621806133457799767e-08
3.000000000000000000e+01 9.999996332093273876e-01 9.999999999954370944e-01 9.999999999949730212e-01 9.999999999945684559e-01 9.999999999942471574e-01 4.907213337002301145e-08 5.861123785462815337e-08 7.195299073397709003e-08 8.676352092027006393e-08 1.004117588346717538e-07
3.200000000000000000e+01 9.999994004187412466e-01 9.999999999952875473e-01 9.999999999946473928e-01 9.999999999940601958e-01 9.999999999935625938e-01 1.165910961796399840e-07 1.246827768275243626e-07 1.265919917724083322e-07 1.215914477169375806e-07 1.101465846157352750e-07
3.400000000000000000e+01 9.999995755629479399e-01 9.999999999947194462e-01 9.999999999938903317e-01 9.999999999931311612e-01 9.999999999924947813e-01 1.197277564752475155e-07 1.027518022835334287e-07 8.380629491555655999e-08 6.596730022031154974e-08 5.220985918699854431e-08
3.600000000000000000e+01 9.999997018901586321e-01 9.999999999943439688e-01 9.999999999934056083e-01 9.999999999925490712e-01 9.999999999918379734e-01 6.310885517686373809e-08 5.447784942640755063e-08 5.301199467675402295e-08 5.846449905455294871e-08 6.907470366221194246e-08
3.800000000000000000e+01 9.999995250690973947e-01 9.999999999943703921e-01 9.999999999932885908e-01 9.999999999922667415e-01 9.999999999913826709e-01 7.430777188816167346e-08 8.631136241425494987e-08 9.827031959884402019e-08 1.068034089996192801e-07 1.092669321903891571e-07
4.000000000000000000e+01 9.999994848067698117e-01 9.999999999942458251e-01 9.999999999929197747e-01 9.999999999916319160e-01 9.999999999904891634e-01 1.173922816520310439e-07 1.162718961851374112e-07 1.082251569866716769e-07 9.468963079942320131e-08 7.864517826118206430e-08
4.200000000000000000e+01 9.999996307414492636e-01 9.999999999939105377e-01 9.999999999923635530e-01 9.999999999908555370e-01 9.999999999895231584e-01 9.820798952496927725e-08 8.238334133513240725e-08 6.879548919155471627e-08 6.056350505758303675e-08 5.934177471189125293e-08
4.400000000000000000e+01 9.999996152435813856e-01 9.999999999938207207e-01 9.999999999921218574e-01 9.999999999904422010e-01 9.999999999889391811e-01 6.866583975131993073e-08 6.815600855285052417e-08 7.368723804583913986e-08 8.272915239717134814e-08 9.155305750364823321e-08
4.600000000000000000e+01 9.999995133581547346e-01 9.999999999939415130e-01 9.999999999920439198e-01 9.999999999901073577e-01 9.999999999883198987e-01 9.050432876564034663e-08 9.855603402647669166e-08 1.029287181986768759e-07 1.012950627997522114e-07 9.339349093070792936e-08
4.800000000000000000e+01 9.999995553431397788e-01 9.999999999939241935e-01 9.999999999917641436e-01 9.999999999895125002e-01 9.999999999874038537e-01 1.083264535831341437e-07 1.012635073331438660e-07 8.988767711075802510e-08 7.745700573315226093e-08 6.775981607880905732e-08
5.000000000000000000e+01 9.999996149557405234e-01 9.999999999938481432e-01 9.999999999914721549e-01 9.999999999889648272e-01 9.999999999866004963e-01 8.762337790271913744e-08 7.731816691187822739e-08 7.164091155892588117e-08 7.181066624635292819e-08 7.669045769589467199e-08
5.200000000000000000e+01 9.999995681758958588e-01 9.999999999939531703e-01 9.999999999914109816e-01 9.999999999886654001e-01 9.999999999860225142e-01 7.878256830758939318e-08 8.164458276273669814e-08 8.714220065365231903e-08 9.181232305265002836e-08 9.248258444456505188e-08
5.400000000000000000e+01 9.999995408616609849e-01 9.999999999941381335e-01 9.999999999913924409e-01 9.999999999883385504e-01 9.999999999853274035e-01 9.618415196469780257e-08 9.838649901742644749e-08 9.601833725427300235e-08 8.901806351548649081e-08 7.957230048657644446e-08
5.600000000000000000e+01 9.999995801791045080e-01 9.999999999942382756e-01 9.999999999912666526e-01 9.999999999878892432e-01 9.999999999845113896e-01 9.894009438332296834e-08 9.085116880487968890e-08 8.188841294271784954e-08 7.522033702939565586e-08 7.296318566870917777e-08
5.800000000000000000e+01 9.999995872594259483e-01 9.999999999943397500e-01 9.999999999911929338e-01 9.999999999875437418e-01 9.999999999838407039e-01 8.565199971172990400e-08 8.056115433688087705e-08 7.963578599448380759e-08 8.198964942770356155e-08 8.494527962012108279e-08
6.000000000000000000e+01 9.999995597041687612e-01 9.999999999945330398e-01 9.999999999912455584e-01 9.999999999873260270e-01 9.999999999832589470e-01 8.646060304671270066e-08 8.859937242321639658e-08 9.049948106486410862e-08 8.965375467407090820e-08 8.512646904029606848e-08
6.200000000000000000e+01 9.999995626288564754e-01 9.999999999947436491e-01 9.999999999912977389e-01 9.999999999870686773e-01 9.999999999825867070e-01 9.577690024666977755e-08 9.394069001999881286e-08 8.893756846751886246e-08 8.225480011657787920e-08 7.650570219743849759e-08
6.400000000000000000e+01 9.999995791565912118e-01 9.999999999949098495e-01 9.999999999913102844e-01 9.999999999867826839e-01 9.999999999819032537e-01 9.330794343559148002e-08 8.695720113099175627e-08 8.172128060768535604e-08 7.929529710080523393e-08 7.960699679397012304e-08
6.600000000000000000e+01 9.999995730574534614e-01 9.999999999950783813e-01 9.999999999913684601e-01 9.999999999865804012e-01 9.999999999813218299e-01 8.730447775362750929e-08 8.492170349164320683e-08 8.486254697459461803e-08 8.542591656828381411e-08 8.447376955952194841e-08
6.800000000000000000e+01 9.999995646273134309e-01 9.999999999952776664e-01 9.999999999914813698e-01 9.999999999864328526e-01 9.999999999807638318e-01 9.019382898358305418e-08 9.022628384738116808e-08 8.896054386831006572e-08 8.548707978543902594e-08 8.055121188152591778e-08
7.000000000000000000e+01 9.999995703303579120e-01 9.999999999954701790e-01 9.999999999915859528e-01 9.999999999862646538e-01 9.999999999801661987e-01 9.373086055103657153e-08 9.036912500443470409e-08 8.568309213168817581e-08 8.128382560378495263e-08 7.864947116950448094e-08
7.200000000000000000e+01 9.999995738268602219e-01 9.999999999956357133e-01 9.999999999916775462e-01 9.999999999861035604e-01 9.999999999795938788e-01 9.110887819322357395e-08 8.675737542833354769e-08 8.381193406521570877e-08 8.256589011912002774e-08 8.197627196998426221e-08
7.400000000000000000e+01 9.999995697785891702e-01 9.999999999957930319e-01 9.999999999917908999e-01 9.999999999859905397e-01 9.999999999790758487e-01 8.924080264149854436e-08 8.748478744238058605e-08 8.650184104056775119e-08 8.497172868409514259e-08 8.206981906691762602e-08
7.600000000000000000e+01 9.999995687753385765e-01 9.999999999959525709e-01 9.999999999919224614e-01 9.999999999858992794e-01 9.999999999785637028e-01 9.131513665596089392e-08 8.970533481085124885e-08 8.702324761900422042e-08 8.338730767048214387e-08 7.984151755713086806e-08
7.800000000000000000e+01 9.999995711691742617e-01 9.999999999960983432e-01 9.999999999920443639e-01 9.999999999858009136e-01 9.999999999780430082e-01 9.216169263384627814e-08 8.874168438096654776e-08 8.513129970685543570e-08 8.229619003837806911e-08 8.054819196360821809e-08
8.000000000000000000e+01 9.999995711853576497e-01 9.999999999962260189e-01 9.999999999921599381e-01 9.999999999857149824e-01 9.999999999775485149e-01 9.067471582290425567e-08 8.751745575126499172e-08 8.528095042034633212e-08 8.364404147573330950e-08 8.174605241473716202e-08
8.200000000000000000e+01 9.999995699761857759e-01 9.999999999963429254e-01 9.999999999922812854e-01 9.999999999856509225e-01 9.999999999770785575e-01 9.039285108698342436e-08 8.839314004018606975e-08 8.645029122441946692e-08 8.394365745913541375e-08 8.089274557402042097e-08
8.400000000000000000e+01 9.999995701970110229e-01 9.999999999964530595e-01 9.999999999924035210e-01 9.999999999855934130e-01 9.999999999766109315e-01 9.138033721224176680e-08 8.898301234313651511e-08 8.606402317231911189e-08 8.300552915490248134e-08 8.041925110081354137e-08
8.600000000000000000e+01 9.999995707192060879e-01 9.999999999965527575e-01 9.999999999925184291e-01 9.999999999855344601e-01 9.999999999761463032e-01 9.139359333481852881e-08 8.831527682258873015e-08 8.542817802779174612e-08 8.308623674076039804e-08 8.110698206626929071e-08
8.800000000000000000e+01 9.999995705415390956e-01 9.999999999966417974e-01 9.999999999926280081e-01 9.999999999854816135e-01 9.999999999756961078e-01 9.078267458240952636e-08 8.808542373489491393e-08 8.581960585815116128e-08 8.364268706530044941e-08 8.117784767258222523e-08
9.000000000000000000e+01 9.999995703499237054e-01 9.999999999967242870e-01 9.999999999927372540e-01 9.999999999854374266e-01 9.999999999752564595e-01 9.087238920744993901e-08 8.853861014778601822e-08 8.611482265259500229e-08 8.343897191455278660e-08 8.073535450437195079e-08
9.200000000000000000e+01 9.999995704334222468e-01 9.999999999968026687e-01 9.999999999928451677e-01 9.999999999853945720e-01 9.999999999748176993e-01 9.122848936807468819e-08 8.858968393934524751e-08 8.580917352233008310e-08 8.315820402292580178e-08 8.083139643913562699e-08
9.400000000000000000e+01 9.999995704956845533e-01 9.999999999968763875e-01 9.999999999929485295e-01 9.999999999853508292e-01 9.999999999743809376e-01 9.112194432892170910e-08 8.830906649174720235e-08 8.570229269155623400e-08 8.335526315038398514e-08 8.106642100653277930e-08
9.600000000000000000e+01 9.999995704780214600e-01 9.999999999969467757e-01 9.999999999930505590e-01 9.999999999853099730e-01 9.999999999739501710e-01 9.092799542199353525e-08 8.833085343688763789e-08 8.590663703830147628e-08 8.346913530850860772e-08 8.093833075175095137e-08
9.800000000000000000e+01 9.999995704539669239e-01 9.999999999970152764e-01 9.999999999931534767e-01 9.999999999852720034e-01 9.999999999735210698e-01 9.101895210237744504e-08 8.849084098472447583e-08 8.592375186124112327e-08 8.332427906792619765e-08 8.083947922935482082e-08
1.000000000000000000e+02 9.999995704428288334e-01 9.999999999970834441e-01 9.999999999932572825e-01 9.999999999852354771e-01 9.999999999730910805e-01 9.111918730026722434e-08 8.844964141439643940e-08 8.580152659089186888e-08 8.329541112888114618e-08 8.094297118372897653e-08
1.020000000000000000e+02 9.999995704599048407e-01 9.999999999971509457e-01 9.999999999933626427e-01 9.999999999851997279e-01 9.999999999726603139e-01 9.105424030886934629e-08 8.836507471186986292e-08 8.581736964934437298e-08 8.338559628351622770e-08 8.096967518056630352e-08
1.040000000000000000e+02 9.999995704764057525e-01 9.999999999972181142e-01 9.999999999934708894e-01 9.999999999851675314e-01 9.999999999722298805e-01 9.100678531085237303e-08 8.840257232702987538e-08 8.588301527452710082e-08 8.337975301962149194e-08 8.090361934491885909e-08
1.060000000000000000e+02 9.999995704603049651e-01 9.999999999972841724e-01 9.999999999935833550e-01 9.999999999851384436e-01 9.999999999717967825e-01 9.104992126464652670e-08 8.844354179319946090e-08 8.586053837406354886e-08 8.333072256759073384e-08 8.090740561015861972e-08
1.080000000000000000e+02 9.999995704480180159e-01 9.999999999973496756e-01 9.999999999937010386e-01 9.999999999851137966e-01 9.999999999713616861e-01 9.107149078319908790e-08 8.841595842704172773e-08 8.582843196527000611e-08 8.334570296374744510e-08 8.094311113404095674e-08
1.100000000000000000e+02 9.999995704620020520e-01 9.999999999974130693e-01 9.999999999938234962e-01 9.999999999850941457e-01 9.999999999709241472e-01 9.104586157322098953e-08 8.839765934325197797e-08 8.584683362793723863e-08 8.336918512894687589e-08 8.093144420878028848e-08
1.120000000000000000e+02 9.999995704686042153e-01 9.999999999974732434e-01 9.999999999939520601e-01 9.999999999850808230e-01 9.999999999704841658e-01 9.103774810307165093e-08 8.841524909861998440e-08 8.586057455397427154e-08 8.335578255751359063e-08 8.091529301318419789e-08
1.140000000000000000e+02 9.999995704580958433e-01 9.999999999975289766e-01 9.999999999940863971e-01 9.999999999850751609e-01 9.999999999700417419e-01 9.105299204870264636e-08 8.842226837291806253e-08 8.584799027266674051e-08 8.334628343445958829e-08 8.092588046154597090e-08
1.160000000000000000e+02 9.999995704555887377e-01 9.999999999975794918e-01 9.999999999942273954e-01 9.999999999850784915e-01 9.999999999695977637e-01 9.105619742844460874e-08 8.841173829220339140e-08 8.584285978687292304e-08 8.335558786984940043e-08 8.093179133338577153e-08
1.180000000000000000e+02 9.999995704625253001e-01 9.999999999976222353e-01 9.999999999943731677e-01 9.999999999850911481e-01 9.999999999691516761e-01 9.104838982612805898e-08 8.840937256442321736e-08 8.585027624723369694e-08 8.335867020369980975e-08 8.092477621784400948e-08
1.200000000000000000e+02 9.999995704628900084e-01 9.999999999976554310e-01 9.999999999945232698e-01 9.999999999851136856e-01 9.999999999687042562e-01 9.104803466460375564e-08 8.841501752570677353e-08 8.585156089941364878e-08 8.335326875241111979e-08 8.092347933586790629e-08
1.220000000000000000e+02 9.999995704588036105e-01 9.999999999976787457e-01 9.999999999946775908e-01 9.999999999851483246e-01 9.999999999682565033e-01 9.105259780275428211e-08 8.841533901035456763e-08 8.584744162598570972e-08 8.335287690669753001e-08 8.092742916619834802e-08
1.240000000000000000e+02 9.999995704592521406e-01 9.999999999976901810e-01 9.999999999948345764e-01 9.999999999851950649e-01 9.999999999678090834e-01 9.105285525175397277e-08 8.841228435840157917e-08 8.584739001911687149e-08 8.335577969031794326e-08 8.092715999780978988e-08
1.260000000000000000e+02 9.999995704614411673e-01 9.999999999976890708e-01 9.999999999949931162e-01 9.999999999852552390e-01 9.999999999673633289e-01 9.105102421886928376e-08 8.841237137807640549e-08 8.584940458602715582e-08 8.335546959315296790e-08 8.092524179664391585e-08
1.280000000000000000e+02 9.999995704608728442e-01 9.999999999976735277e-01 9.999999999951508789e-01 9.999999999853282917e-01 9.999999999669190176e-01 9.105153531693110940e-08 8.841376098090759286e-08 8.584905026121249305e-08 8.335413854505989554e-08 8.092582399889167359e-08
1.300000000000000000e+02 9.999995704598090285e-01 9.999999999976446619e-01 9.999999999953073093e-01 9.999999999854155552e-01 9.999999999664784811e-01 9.105287633691210772e-08 8.841343977313640654e-08 8.584804618872186253e-08 8.335459272712301586e-08 8.092664723012128638e-08
1.320000000000000000e+02 9.999995704602572255e-01 9.999999999976003640e-01 9.999999999954591878e-01 9.999999999855153643e-01 9.999999999660416083e-01 9.105299787584816489e-08 8.841268493655275339e-08 8.584830476650563726e-08 8.335520531261639218e-08 8.092618988152340446e-08
1.340000000000000000e+02 9.999995704607351765e-01 9.999999999975425213e-01 9.999999999956065144e-01 9.999999999856294952e-01 9.999999999656103977e-01 9.105281166115583268e-08 8.841281392720863474e-08 8.584869040406875971e-08 8.335491764796688800e-08 8.092590131932553594e-08
1.360000000000000000e+02 9.999995704604501823e-01 9.999999999974705789e-01 9.999999999957460695e-01 9.999999999857560606e-01 9.999999999651849603e-01 9.105323549761365218e-08 8.841305744171592341e-08 8.584844848988407200e-08 8.335471397683076611e-08 8.092619561839086768e-08
1.380000000000000000e+02 9.999995704602554492e-01 9.999999999973862019e-01 9.999999999958775199e-01 9.999999999858958377e-01 9.999999999647676274e-01 9.105376471413267727e-08 8.841286919259669743e-08 8.584823105862135665e-08 8.335492408693330405e-08 8.092628976278163293e-08
1.400000000000000000e+02 9.999995704604145441e-01 9.999999999972902787e-01 9.999999999959983121e-01 9.999999999860468280e-01 9.999999999643578441e-01 9.105400212504502215e-08 8.841266975952961573e-08 8.584830290359744930e-08 8.335502570203157961e-08 8.092615368921173562e-08
1.420000000000000000e+02 9.999995704604843771e-01 9.999999999971844744e-01 9.999999999961075581e-01 9.999999999862089206e-01 9.999999999639577197e-01 9.105421169753004424e-08 8.841267066360346895e-08 8.584832231230384576e-08 8.335495582551864441e-08 8.092615965941618232e-08
1.440000000000000000e+02 9.999995704604000002e-01 9.999999999970707876e-01 9.999999999962041475e-01 9.999999999863807831e-01 9.999999999635675874e-01 9.105456128011494653e-08 8.841265466635936496e-08 8.584821189331402010e-08 8.335496887890525917e-08 8.092624471604270783e-08
1.460000000000000000e+02 9.999995704603739100e-01 9.999999999969512166e-01 9.999999999962874142e-01 9.999999999865616385e-01 9.999999999631883352e-01 9.105492004381049425e-08 8.841254338312967359e-08 8.584813900459908796e-08 8.335505382801704565e-08 8.092624863962981552e-08
1.480000000000000000e+02 9.999995704604091040e-01 9.999999999968273157e-01 9.999999999963558039e-01 9.999999999867489331e-01 9.999999999628202962e-01 9.105521913678707677e-08 8.841244102529425285e-08 8.584811908337343684e-08 8.335509787744533644e-08 8.092622905087918105e-08
1.500000000000000000e+02 9.999995704604113245e-01 9.999999999967018605e-01 9.999999999964098718e-01 9.999999999869424450e-01 9.999999999624641367e-01 9.105552097717745268e-08 8.841237261967551078e-08 8.584807611353920784e-08 8.335512407783791478e-08 8.092624510207548538e-08
1.520000000000000000e+02 9.999995704603898972e-01 9.999999999965767383e-01 9.999999999964491737e-01 9.999999999871405088e-01 9.999999999621204116e-01 9.105585317794199588e-08 8.841228840836667758e-08 8.584801325616519276e-08 8.335517968114033530e-08 8.092625812159269365e-08
1.540000000000000000e+02 9.999995704603847901e-01 9.999999999964543917e-01 9.999999999964738207e-01 9.999999999873416812e-01 9.999999999617891211e-01 9.105618676218900994e-08 8.841217994304889505e-08 8.584796524136916624e-08 8.335524772154974456e-08 8.092624690537705164e-08
1.560000000000000000e+02 9.999995704603880098e-01 9.999999999963364861e-01 9.999999999964844788e-01 9.999999999875442969e-01 9.999999999614709312e-01 9.105651039692474974e-08 8.841206852450415511e-08 8.584792871012673973e-08 8.335530951721191332e-08 8.092623024805900509e-08
1.580000000000000000e+02 9.999995704603839020e-01 9.999999999962245756e-01 9.999999999964815922e-01 9.999999999877475787e-01 9.999999999611651758e-01 9.105683648411657898e-08 8.841195550429801248e-08 8.584789074241938890e-08 8.335537411632971932e-08 8.092621267547562957e-08
1.600000000000000000e+02 9.999995704603782398e-01 9.999999999961212138e-01 9.999999999964669373e-01 9.999999999879501944e-01 9.999999999608725210e-01 9.105716886336749455e-08 8.841183099127449546e-08 8.584785582522906745e-08 8.335544714944644450e-08 8.092618433712300267e-08
1.620000000000000000e+02 9.999995704603755753e-01 9.999999999960259567e-01 9.999999999964400699e-01 9.999999999881499235e-01 9.999999999605914125e-01 9.105750143076715201e-08 8.841169450766488193e-08 8.584783082265161432e-08 8.335552252009290240e-08 8.092614431704668118e-08
1.640000000000000000e+02 9.999995704603743540e-01 9.999999999959405805e-01 9.999999999964032105e-01 9.999999999883467661e-01 9.999999999603227385e-01 9.105783186875379981e-08 8.841154995689942330e-08 8.584781498659813165e-08 8.335559673770846842e-08 8.092609686168335848e-08
1.660000000000000000e+02 9.999995704603720226e-01 9.999999999958649743e-01 9.999999999963568031e-01 9.999999999885391677e-01 9.999999999600649447e-01 9.105816183541223313e-08 8.841139727701761977e-08 8.584780715280461484e-08 8.335567063071138938e-08 8.092604223645043803e-08
1.680000000000000000e+02 9.999995704603708013e-01 9.999999999958005814e-01 9.999999999963038455e-01 9.999999999887271285e-01 9.999999999598188083e-01 9.105849126984492558e-08 8.841123500922919373e-08 8.584780920162758794e-08 8.335574324314685873e-08 8.092597972821222033e-08
1.700000000000000000e+02 9.999995704603702462e-01 9.999999999957458474e-01 9.999999999962441155e-01 9.999999999889092051e-01 9.999999999595821087e-01 9.105881844405224136e-08 8.841106359622870206e-08 8.584782276250505950e-08 8.335581191862773022e-08 8.092591093388804706e-08
1.720000000000000000e+02 9.999995704603700242e-01 9.999999999957008834e-01 9.999999999961791675e-01 9.999999999890852864e-01 9.999999999593548461e-01 9.105914229385086408e-08 8.841088417349877712e-08 8.584784803240310646e-08 8.335587485166019722e-08 8.092583801101452609e-08
1.740000000000000000e+02 9.999995704603710234e-01 9.999999999956660224e-01 9.999999999961116659e-01 9.999999999892559277e-01 9.999999999591367983e-01 9.105946238184262800e-08 8.841069728447229242e-08 8.584788516447959260e-08 8.335593085214372530e-08 8.092576253373978884e-08
1.760000000000000000e+02 9.999995704603722446e-01 9.999999999956393770e-01 9.999999999960420549e-01 9.999999999894202407e-01 9.999999999589266331e-01 9.105977797874836505e-08 8.841050340438597685e-08 8.584793461611172918e-08 8.335597842491776559e-08 8.092568626641542531e-08
1.780000000000000000e+02 9.999995704603737989e-01 9.999999999956199481e-01 9.999999999959706676e-01 9.999999999895782254e-01 9.999999999587227961e-01 9.106008809411668724e-08 8.841030341790032377e-08 8.584799655681643170e-08 8.335601602705069918e-08 8.092561141670492376e-08
1.800000000000000000e+02 9.999995704603760194e-01 9.999999999956071806e-01 9.999999999958995023e-01 9.999999999897308811e-01 9.999999999585258426e-01 9.106039184910061922e-08 8.841009838356654222e-08 8.584807075645961295e-08 8.335604247238698143e-08 8.092554019115075085e-08
1.820000000000000000e+02 9.999995704603781288e-01 9.999999999955997421e-01 9.999999999958286701e-01 9.999999999898779857e-01 9.999999999583337740e-01 9.106068847852613213e-08 8.840988933664393074e-08 8.584815681657276792e-08 8.335605685581082917e-08 8.092547463658001857e-08
1.840000000000000000e+02 9.999995704603807933e-01 9.999999999955967445e-01 9.999999999957590591e-01 9.999999999900207603e-01 9.999999999581464794e-01 9.106097719929702547e-08 8.840967736435072115e-08 8.584825420267004685e-08 8.335605845571514143e-08 8.092541671399349765e-08
1.860000000000000000e+02 9.999995704603829028e-01 9.999999999955963004e-01 9.999999999956900032e-01 9.999999999901587611e-01 9.999999999579624044e-01 9.106125721928069983e-08 8.840946365841351289e-08 8.584836216269445397e-08 8.335604681226111008e-08 8.092536823815395716e-08
1.880000000000000000e+02 9.999995704603843460e-01 9.999999999955977437e-01 9.999999999956220575e-01 9.999999999902926540e-01 9.999999999577807719e-01 9.106152779803957212e-08 8.840924946333588725e-08 8.584847973305946885e-08 8.335602178833718260e-08 8.092533075152244949e-08
1.900000000000000000e+02 9.999995704603862334e-01 9.999999999956014074e-01 9.999999999955557772e-01 9.999999999904247705e-01 9.999999999576018039e-01 9.106178825501034339e-08 8.840903603370495568e-08 8.584860578954319303e-08 8.335598355366951810e-08 8.092530546736274998e-08
1.920000000000000000e+02 9.999995704603873437e-01 9.999999999956057373e-01 9.999999999954898300e-01 9.999999999905543335e-01 9.999999999574242793e-01 9.106203795661471166e-08 8.840882462964354729e-08 8.584873906919058394e-08 8.335593256840765344e-08 8.092529324526815305e-08
1.940000000000000000e+02 9.999995704603882318e-01 9.999999999956109553e-01 9.999999999954244378e-01 9.999999999906827863e-01 9.999999999572477538e-01 9.106227632146514381e-08 8.840861650851495049e-08 8.584887818151174655e-08 8.335586958256940550e-08 8.092529455605337270e-08
1.960000000000000000e+02 9.999995704603887869e-01 9.999999999956170615e-01 9.999999999953590457e-01 9.999999999908111281e-01 9.999999999570723386e-01 9.106250283294749704e-08 8.840841290285765180e-08 8.584902163466523059e-08 8.335579562248827786e-08 8.092530945608945741e-08
1.980000000000000000e+02 9.999995704603888980e-01 9.999999999956241670e-01 9.999999999952928764e-01 9.999999999909392479e-01 9.999999999568972564e-01 9.106271704458355801e-08 8.840821500018219710e-08 8.584916786832559559e-08 8.335571196080884062e-08 8.092533758626532779e-08
2.000000000000000000e+02 9.999995704603884539e-01 9.999999999956322716e-01 9.999999999952250418e-01 9.999999999910682558e-01 9.999999999567223963e-01 9.106291858150919474e-08 8.840802392862983863e-08 8.584931528333990044e-08 8.335562008164195228e-08 8.092537818749886885e-08
2.020000000000000000e+02 9.999995704603873437e-01 9.999999999956419305e-01 9.999999999951545426e-01 9.999999999911984849e-01 9.999999999565477582e-01 9.106310714335224369e-08 8.840784074328082971e-08 8.584946227045532879e-08 8.335552164280090748e-08 8.092543012770094016e-08
2.040000000000000000e+02 9.999995704603862334e-01 9.999999999956545871e-01 9.999999999950811569e-01 9.999999999913306015e-01 9.999999999563734532e-01 9.106328250750904496e-08 8.840766641195325563e-08 8.584960724064460960e-08 8.335541843249601733e-08 8.092549194222626796e-08
2.060000000000000000e+02 9.999995704603849012e-01 9.999999999956705743e-01 9.999999999950042184e-01 9.999999999914647164e-01 9.999999999561998143e-01 9.106344453089701961e-08 8.840750180258200452e-08 8.584974865526839727e-08 8.335531232171678615e-08 8.092556188741445077e-08
2.080000000000000000e+02 9.999995704603837909e-01 9.999999999956912244e-01 9.999999999949233942e-01 9.999999999916013849e-01 9.999999999560275077e-01 9.106359315041643502e-08 8.840734767287633623e-08 8.584988505431460886e-08 8.335520521508925686e-08 8.092563800381934096e-08
2.100000000000000000e+02 9.999995704603821256e-01 9.999999999957167596e-01 9.999999999948373519e-01 9.999999999917397187e-01 9.999999999558557562e-01 9.106372838279223465e-08 8.840720466177202289e-08 8.585001508246362640e-08 8.335509900170246616e-08 8.092571818618296597e-08
2.120000000000000000e+02 9.999995704603803492e-01 9.999999999957479568e-01 9.999999999947457585e-01 9.999999999918794957e-01 9.999999999556853369e-01 9.106385032376406284e-08 8.840707328259886350e-08 8.585013751278945663e-08 8.335499550694509231e-08 8.092580025776215321e-08
2.140000000000000000e+02 9.999995704603799052e-01 9.999999999957873698e-01 9.999999999946505014e-01 9.999999999920220484e-01 9.999999999555186925e-01 9.106395914641113802e-08 8.840695391825582548e-08 8.585025126747255856e-08 8.335489644679683096e-08 8.092588204615163729e-08
2.160000000000000000e+02 9.999995704603787949e-01 9.999999999958329999e-01 9.999999999945486939e-01 9.999999999921646010e-01 9.999999999553540464e-01 9.106405509862980184e-08 8.840684681852806777e-08 8.585035543496087653e-08 8.335480338606967082e-08 8.092596145747287005e-08
2.180000000000000000e+02 9.999995704603784619e-01 9.999999999958868457e-01 9.999999999944426676e-01 9.999999999923078198e-01 9.999999999551931751e-01 9.106413849987348786e-08 8.840675209950557183e-08 8.585044928326396941e-08 8.335471770181229842e-08 8.092603654600709040e-08
2.200000000000000000e+02 9.999995704603785729e-01 9.999999999959487962e-01 9.999999999943322004e-01 9.999999999924509275e-01 9.999999999550369667e-01 9.106420973720595831e-08 8.840666974505916275e-08 8.585053226917222305e-08 8.335464055287050005e-08 8.092610557665770435e-08
2.220000000000000000e+02 9.999995704603790170e-01 9.999999999960185182e-01 9.999999999942176254e-01 9.999999999925922589e-01 9.999999999548856433e-01 9.106426926068373045e-08 8.840659961034972704e-08 8.585060404323308946e-08 8.335457285642924603e-08 8.092616707791921244e-08
2.240000000000000000e+02 9.999995704603803492e-01 9.999999999960957897e-01 9.999999999941004969e-01 9.999999999927319250e-01 9.999999999547404261e-01 9.106431757811266470e-08 8.840654142730821138e-08 8.585066445039773029e-08 8.335451527216410875e-08 8.092621988341406435e-08
2.260000000000000000e+02 9.999995704603819036e-01 9.999999999961801667e-01 9.999999999939813700e-01 9.999999999928680383e-01 9.999999999546020923e-01 9.106435524924839618e-08 8.840649481197652629e-08 8.585071352638032359e-08 8.335446819437750134e-08 8.092626316056162720e-08
2.280000000000000000e+02 9.999995704603841240e-01 9.999999999962703168e-01 9.999999999938613549e-01 9.999999999929995997e-01 9.999999999544714191e-01 9.106438287950605636e-08 8.840645927356440627e-08 8.585075148987732511e-08 8.335443175221669610e-08 8.092629642550853091e-08
2.300000000000000000e+02 9.999995704603868996e-01 9.999999999963651298e-01 9.999999999937417838e-01 9.999999999931257211e-01 9.999999999543486284e-01 9.106440111324001948e-08 8.840643422506499573e-08 8.585077873087175643e-08 8.335440581782323432e-08 8.092631954402219530e-08
2.320000000000000000e+02 9.999995704603900082e-01 9.999999999964639397e-01 9.999999999936243222e-01 9.999999999932456252e-01 9.999999999542352747e-01 9.106441062666343505e-08 8.840641899524700916e-08 8.585079579533410911e-08 8.335439002203314516e-08 8.092633271861796750e-08
2.340000000000000000e+02 9.999995704603942270e-01 9.999999999965648589e-01 9.999999999935107464e-01 9.999999999933583128e-01 9.999999999541321349e-01 9.106441212048624096e-08 8.840641284181741133e-08 8.585080336672423040e-08 8.335438377700467649e-08 8.092633646276469227e-08
2.360000000000000000e+02 9.999995704603990010e-01 9.999999999966667774e-01 9.999999999934020556e-01 9.999999999934630068e-01 9.999999999540397644e-01 9.106440631234549479e-08 8.840641496552848635e-08 8.585080224476531282e-08 8.335438630492503555e-08 8.092633156353705737e-08
2.380000000000000000e+02 9.999995704604038860e-01 9.999999999967666975e-01 9.999999999932993600e-01 9.999999999935575978e-01 9.999999999539576079e-01 9.106439392910527516e-08 8.840642452499476004e-08 8.585079332201311001e-08 8.335439667177719857e-08 8.092631903454406686e-08
2.400000000000000000e+02 9.999995704604091040e-01 9.999999999968638420e-01 9.999999999932041028e-01 9.999999999936426409e-01 9.999999999538872197e-01 9.106437569910553620e-08 8.840644065197220372e-08 8.585077755879851834e-08 8.335441382500485865e-08 8.092630006133539860e-08
2.420000000000000000e+02 9.999995704604142110e-01 9.999999999969558795e-01 9.999999999931175054e-01 9.999999999937165818e-01 9.999999999538282669e-01 9.106435234443954933e-08 8.840646246684942125e-08 8.585075595715492343e-08 8.335443663378770423e-08 8.092627594177264056e-08
2.440000000000000000e+02 9.999995704604192071e-01 9.999999999970412556e-01 9.999999999930403449e-01 9.999999999937789763e-01 9.999999999537809714e-01 9.106432457333611248e-08 8.840648909409623302e-08 8.585072953435612327e-08 8.335446393057207973e-08 8.092624802402867613e-08
2.460000000000000000e+02 9.999995704604244251e-01 9.999999999971189713e-01 9.999999999929739536e-01 9.999999999938298245e-01 9.999999999537457773e-01 9.106429307272406985e-08 8.840651967741458070e-08 8.585069929669543069e-08 8.335449455248586746e-08 8.092621764493628507e-08
2.480000000000000000e+02 9.999995704604293101e-01 9.999999999971873610e-01 9.999999999929186645e-01 9.999999999938689044e-01 9.999999999537225737e-01 9.106425850105511060e-08 8.840655339434795300e-08 8.585066621413458610e-08 8.335452738127914830e-08 8.092618607134949530e-08
2.500000000000000000e+02 9.999995704604346392e-01 9.999999999972458697e-01 9.999999999928753658e-01 9.999999999938961048e-01 9.999999999537114714e-01 9.106422148145329726e-08 8.840658947011504837e-08 8.585063119641658129e-08 8.335456138048977075e-08 8.092615444701195887e-08
2.520000000000000000e+02 9.999995704604390800e-01 9.999999999972932763e-01 9.999999999928438355e-01 9.999999999939113149e-01 9.999999999537116935e-01 9.106418259526120403e-08 8.840662719044408439e-08 8.585059507120192592e-08 8.335459562863994857e-08 8.092612374715918889e-08
2.540000000000000000e+02 9.999995704604431879e-01 9.999999999973289144e-01 9.999999999928238514e-01 9.999999999939148676e-01 9.999999999537230178e-01 9.106414237604803221e-08 8.840666591319913227e-08 8.585055856473866743e-08 8.335462934741392346e-08 8.092609474271020195e-08
2.560000000000000000e+02 9.999995704604469626e-01 9.999999999973530063e-01 9.999999999928153027e-01 9.999999999939070960e-01 9.999999999537450002e-01 9.106410130413442892e-08 8.840670507861795267e-08 8.585052228551417872e-08 8.335466192393678452e-08 8.092606797545910104e-08
2.580000000000000000e+02 9.999995704604500713e-01 9.999999999973653297e-01 9.999999999928178562e-01 9.999999999938885553e-01 9.999999999537768636e-01 9.106405980168982070e-08 8.840674421800152137e-08 8.585048671125796694e-08 8.335469292647161660e-08 8.092604374518451783e-08
2.600000000000000000e+02 9.999995704604530689e-01 9.999999999973669951e-01 9.999999999928311789e-01 9.999999999938604667e-01 9.999999999538187190e-01 9.106401822845135019e-08 8.840678296071442573e-08 8.585045217958974158e-08 8.335472211308168276e-08 8.092602210905888661e-08
2.620000000000000000e+02 9.999995704604556224e-01 9.999999999973581133e-01 9.999999999928537164e-01 9.999999999938231632e-01 9.999999999538693451e-01 9.106397687810478225e-08 8.840682103938791016e-08 8.585041888251989421e-08 8.335474943303860330e-08 8.092600289318562865e-08
2.640000000000000000e+02 9.999995704604580649e-01 9.999999999973397946e-01 9.999999999928852468e-01 9.999999999937776440e-01 9.999999999539280759e-01 9.106393597535856101e-08 8.840685829325116403e-08 8.585038686491141900e-08 8.335477502099368383e-08 8.092598571555764927e-08
2.660000000000000000e+02 9.999995704604597302e-01 9.999999999973128162e-01 9.999999999929235495e-01 9.999999999937244644e-01 9.999999999539935791e-01 9.106389567374296682e-08 8.840689466954390796e-08 8.585035602692006905e-08 8.335479918417556815e-08 8.092597001923176714e-08
2.680000000000000000e+02 9.999995704604616176e-01 9.999999999972791764e-01 9.999999999929689576e-01 9.999999999936656225e-01 9.999999999540660767e-01 9.106385605415442393e-08 8.840693022298662763e-08 8.585032613033920231e-08 8.335482238310710966e-08 8.092595511406008196e-08
2.700000000000000000e+02 9.999995704604635050e-01 9.999999999972396525e-01 9.999999999930193617e-01 9.999999999936012296e-01 9.999999999541442364e-01 9.106381712415476605e-08 8.840696511332690463e-08 8.585029680867826922e-08 8.335484520654845596e-08 8.092594022494153725e-08
2.720000000000000000e+02 9.999995704604651703e-01 9.999999999971955766e-01 9.999999999930737626e-01 9.999999999935327288e-01 9.999999999542270590e-01 9.106377881803104478e-08 8.840699960101114426e-08 8.585026758071536636e-08 8.335486834156023105e-08 8.092592454427839280e-08
2.740000000000000000e+02 9.999995704604668356e-01 9.999999999971482811e-01 9.999999999931310501e-01 9.999999999934607864e-01 9.999999999543138784e-01 9.106374099761782656e-08 8.840703404105529955e-08 8.585023786718248852e-08 8.335489253974903417e-08 8.092590728613535252e-08
2.760000000000000000e+02 9.999995704604689450e-01 9.999999999970993203e-01 9.999999999931902250e-01 9.999999999933865125e-01 9.999999999544040286e-01 9.106370345386826675e-08 8.840706887521831331e-08 8.585020701017021965e-08 8.335491858088267630e-08 8.092588773952275430e-08
2.780000000000000000e+02 9.999995704604706104e-01 9.999999999970491382e-01 9.999999999932498440e-01 9.999999999933103512e-01 9.999999999544963991e-01 9.106366590915492903e-08 8.840710462261384315e-08 8.585017429477133057e-08 8.335494723514181276e-08 8.092586531826771266e-08
2.800000000000000000e+02 9.999995704604733859e-01 9.999999999969994002e-01 9.999999999933104622e-01 9.999999999932337458e-01 9.999999999545912122e-01 9.106362802028056402e-08 8.840714186891980289e-08 8.585013897242789215e-08 8.335497922533123590e-08 8.092583960508297986e-08
2.820000000000000000e+02 9.999995704604762725e-01 9.999999999969506614e-01 9.999999999933705253e-01 9.999999999931570294e-01 9.999999999546872465e-01 9.106358938216630247e-08 8.840718125436642953e-08 8.585010028540827757e-08 8.335501519037861810e-08 8.092581038769766563e-08
2.840000000000000000e+02 9.999995704604788260e-01 9.999999999969022557e-01 9.999999999934291450e-01 9.999999999930796468e-01 9.999999999547833918e-01 9.106354953217422326e-08 8.840722346070186231e-08 8.585005749181293812e-08 8.335505565139927493e-08 8.092577768526244376e-08
2.860000000000000000e+02 9.999995704604820457e-01 9.999999999968556263e-01 9.999999999934870987e-01 9.999999999930030414e-01 9.999999999548805363e-01 9.106350795502377078e-08 8.840726919735374193e-08 8.585000989049448308e-08 8.335510098152466630e-08 8.092574176366769294e-08
2.880000000000000000e+02 9.999995704604855984e-01 9.999999999968105513e-01 9.999999999935440531e-01 9.999999999929271022e-01 9.999999999549779028e-01 9.106346408825536898e-08 8.840731918702090221e-08 8.584995684527451049e-08 8.335515138058734777e-08 8.092570313889439884e-08
2.900000000000000000e+02 9.999995704604891511e-01 9.999999999967659203e-01 9.999999999936001194e-01 9.999999999928510519e-01 9.999999999550749363e-01 9.106341732817839253e-08 8.840737415093436150e-08 8.584989780785723806e-08 8.335520685558532025e-08 8.092566256805057350e-08
2.920000000000000000e+02 9.999995704604931479e-01 9.999999999967221775e-01 9.999999999936558526e-01 9.999999999927756678e-01 9.999999999551723029e-01 9.106336703624248253e-08 8.840743479403202267e-08 8.584983233887422203e-08 8.335526720765527211e-08 8.092562102829558009e-08
2.940000000000000000e+02 9.999995704604971447e-01 9.999999999966783237e-01 9.999999999937113637e-01 9.999999999926999505e-01 9.999999999552695584e-01 9.106331254577699061e-08 8.840750179029346228e-08 8.584976012653217127e-08 8.335533202608890022e-08 8.092557968437714518e-08
2.960000000000000000e+02 9.999995704605013636e-01 9.999999999966336928e-01 9.999999999937682071e-01 9.999999999926239003e-01 9.999999999553674801e-01 9.106325316902628900e-08 8.840757576848770129e-08 8.584968100238484642e-08 8.335540068970037844e-08 8.092553984602483391e-08
2.980000000000000000e+02 9.999995704605052493e-01 9.999999999965868414e-01 9.999999999938261608e-01 9.999999999925461847e-01 9.999999999554657348e-01 9.106318820440088871e-08 8.840765729857086174e-08 8.584959495382503557e-08 8.335547237559201042e-08 8.092550291691709575e-08
3.000000000000000000e+02 9.999995704605095792e-01 9.999999999965377695e-01 9.999999999938866679e-01 9.999999999924666927e-01 9.999999999555653218e-01 9.106311694387984577e-08 8.840774687895774976e-08 8.584950213297399297e-08 8.335554607513081951e-08 8.092547033731065095e-08
3.020000000000000000e+02 9.999995704605126878e-01 9.999999999964843678e-01 9.999999999939497286e-01 9.999999999923836480e-01 9.999999999556656860e-01 9.106303868049720898e-08 8.840784492488543603e-08 8.584940286171391329e-08 8.335562061673054539e-08 8.092544352271907714e-08
3.040000000000000000e+02 9.999995704605167957e-01 9.999999999964276354e-01 9.999999999940180073e-01 9.999999999922978278e-01 9.999999999557693808e-01 9.106295271582433837e-08 8.840795175807741564e-08 8.584929763269842866e-08 8.335569469479150413e-08 8.092542380125135003e-08
3.060000000000000000e+02 9.999995704605200153e-01 9.999999999963657960e-01 9.999999999940909490e-01 9.999999999922066785e-01 9.999999999558756292e-01 9.106285836737016741e-08 8.840806759787812454e-08 8.584918710628986987e-08 8.335576690392912336e-08 8.092541235231163228e-08
3.080000000000000000e+02 9.999995704605232349e-01 9.999999999962986275e-01 9.999999999941694417e-01 9.999999999921102001e-01 9.999999999559855413e-01 9.106275497583974593e-08 8.840819255400735351e-08 8.584907210345640543e-08 8.335583577747001485e-08 8.092541014931157653e-08
3.100000000000000000e+02 9.999995704605265656e-01 9.999999999962266850e-01 9.999999999942549289e-01 9.999999999920073934e-01 9.999999999561008934e-01 9.106264191217682940e-08 8.840832662107286433e-08 8.584895359474167414e-08 8.335589982905156241e-08 8.092541790893445479e-08
3.120000000000000000e+02 9.999995704605293412e-01 9.999999999961486363e-01 9.999999999943466333e-01 9.999999999918967042e-01 9.999999999562210196e-01 9.106251858430299217e-08 8.840846967494871515e-08 8.584883268552653090e-08 8.335595759601766978e-08 8.092543604926285227e-08
3.140000000000000000e+02 9.999995704605317837e-01 9.999999999960659247e-01 9.999999999944452211e-01 9.999999999917776883e-01 9.999999999563475850e-01 9.106238444349529589e-08 8.840862147107747556e-08 8.584871059790708122e-08 8.335600768324527759e-08 8.092546465870744749e-08
3.160000000000000000e+02 9.999995704605344482e-01 9.999999999959793273e-01 9.999999999945510254e-01 9.999999999916499016e-01 9.999999999564819220e-01 9.106223899035055285e-08 8.840878164473468616e-08 8.584858864956519289e-08 8.335604880603677513e-08 8.092550347724171204e-08
3.180000000000000000e+02 9.999995704605373348e-01 9.999999999958897323e-01 9.999999999946636020e-01 9.999999999915125670e-01 9.999999999566246967e-01 9.106208178026472924e-08 8.840894971328100008e-08 8.584846823007697118e-08 8.335607983070921033e-08 8.092555189099132875e-08
3.200000000000000000e+02 9.999995704605407765e-01 9.999999999957983610e-01 9.999999999947828400e-01 9.999999999913659066e-01 9.999999999567770192e-01 9.106191242836198862e-08 8.840912508037454399e-08 8.584835077519920766e-08 8.335609981154717415e-08 8.092560894066269898e-08
3.220000000000000000e+02 9.999995704605439961e-01 9.999999999957063235e-01 9.999999999949069629e-01 9.999999999912084769e-01 9.999999999569390008e-01 9.106173061384097684e-08 8.840930704207322135e-08 8.584823773970962604e-08 8.335610802292896031e-08 8.092567334369734077e-08
3.240000000000000000e+02 9.999995704605481039e-01 9.999999999956162844e-01 9.999999999950363039e-01 9.999999999910411663e-01 9.999999999571121956e-01 9.106153608369937149e-08 8.840949479475159855e-08 8.584813056939210127e-08 8.335610398557888241e-08 8.092574352950593161e-08
3.260000000000000000e+02 9.999995704605530999e-01 9.999999999955291319e-01 9.999999999951685314e-01 9.999999999908636417e-01 9.999999999572968257e-01 9.106132865577986528e-08 8.840968744472746079e-08 8.584803067279795747e-08 8.335608748603764971e-08 8.092581768659592459e-08
3.280000000000000000e+02 9.999995704605592062e-01 9.999999999954477525e-01 9.999999999953034235e-01 9.999999999906766801e-01 9.999999999574942233e-01 9.106110822111166955e-08 8.840988401943960298e-08 8.584793939344571138e-08 8.335605858866057563e-08 8.092589381986475108e-08
3.300000000000000000e+02 9.999995704605665336e-01 9.999999999953732566e-01 9.999999999954384267e-01 9.999999999904805037e-01 9.999999999577041665e-01 9.106087474553843217e-08 8.841008348000150649e-08 8.584785798308245239e-08 8.335601763971582749e-08 8.092596981590819177e-08
3.320000000000000000e+02 9.999995704605743052e-01 9.999999999953073093e-01 9.999999999955717644e-01 9.999999999902753345e-01 9.999999999579268772e-01 9.106062827061022939e-08 8.841028473495273382e-08 8.584778757660548664e-08 8.335596526337001978e-08 8.092604351387546357e-08
3.340000000000000000e+02 9.999995704605849633e-01 9.999999999952529084e-01 9.999999999957027708e-01 9.999999999900635039e-01 9.999999999581636878e-01 9.106036891371729121e-08 8.841048665499247109e-08 8.584772916924169445e-08 8.335590234958084432e-08 8.092611277912212254e-08
3.360000000000000000e+02 9.999995704605965097e-01 9.999999999952106089e-01 9.999999999958288921e-01 9.999999999898449010e-01 9.999999999584137100e-01 9.106009686747693476e-08 8.841068808845070398e-08 8.584768359651840398e-08 8.335583003420865725e-08 8.092617557676321536e-08
3.380000000000000000e+02 9.999995704606107205e-01 9.999999999951824092e-01 9.999999999959484631e-01 9.999999999896215241e-01 9.999999999586777211e-01 9.105981239838721871e-08 8.841088787725670780e-08 8.584765151747726284e-08 8.335574967190050589e-08 8.092623004223976626e-08
3.400000000000000000e+02 9.999995704606261526e-01 9.999999999951680874e-01 9.999999999960591524e-01 9.999999999893938174e-01 9.999999999589549438e-01 9.105951584474684209e-08 8.841108487315917261e-08 8.584763340153053670e-08 8.335566280249738447e-08 8.092627454610864479e-08
3.420000000000000000e+02 9.999995704606435831e-01 9.999999999951689755e-01 9.999999999961597386e-01 9.999999999891636682e-01 9.999999999592448230e-01 9.105920761386450162e-08 8.841127795392881852e-08 8.584762951928972767e-08 8.335557111193813135e-08 8.092630775045060582e-08
3.440000000000000000e+02 9.999995704606631231e-01 9.999999999951851848e-01 9.999999999962486674e-01 9.999999999889327418e-01 9.999999999595475808e-01 9.105888817859737241e-08 8.841146603927356240e-08 8.584763993757906490e-08 8.335547638883226163e-08 8.092632865464060157e-08
3.460000000000000000e+02 9.999995704606844393e-01 9.999999999952159380e-01 9.999999999963246067e-01 9.999999999887020374e-01 9.999999999598616629e-01 9.105855807324892744e-08 8.841164810621588494e-08 8.584766451875388130e-08 8.335538047798806032e-08 8.092633662865036428e-08
3.480000000000000000e+02 9.999995704607079761e-01 9.999999999952615681e-01 9.999999999963867792e-01 9.999999999884737756e-01 9.999999999601874023e-01 9.105821788886085052e-08 8.841182320367626301e-08 8.584770292437010579e-08 8.335528523228206596e-08 8.092633143252985955e-08
3.500000000000000000e+02 9.999995704607339553e-01 9.999999999953207430e-01 9.999999999964344077e-01 9.999999999882497326e-01 9.999999999605236889e-01 9.105786826795959230e-08 8.841199046601031793e-08 8.584775462312883685e-08 8.335519246433471601e-08 8.092631322127104218e-08
3.520000000000000000e+02 9.999995704607614888e-01 9.999999999953911312e-01 9.999999999964661601e-01 9.999999999880300194e-01 9.999999999608686352e-01 9.105750989881095909e-08 8.841214912527450102e-08 8.584781890291294533e-08 8.335510389946022096e-08 8.092628253487106123e-08
3.540000000000000000e+02 9.999995704607906877e-01 9.999999999954719554e-01 9.999999999964823694e-01 9.999999999878167456e-01 9.999999999612219082e-01 9.105714350923249744e-08 8.841229852201090092e-08 8.584789488665752056e-08 8.335502113131294134e-08 8.092624027399307263e-08
3.560000000000000000e+02 9.999995704608219960e-01 9.999999999955608843e-01 9.999999999964834796e-01 9.999999999876113543e-01 9.999999999615825086e-01 9.105676986003638714e-08 8.841243811435365508e-08 8.584798155169982183e-08 8.335494558158751889e-08 8.092618766220703246e-08
3.580000000000000000e+02 9.999995704608549696e-01 9.999999999956559193e-01 9.999999999964694908e-01 9.999999999874144008e-01 9.999999999619486601e-01 9.105638973817806957e-08 8.841256748529134409e-08 8.584807775215071556e-08 8.335487846500527411e-08 8.092612619636439235e-08
3.600000000000000000e+02 9.999995704608898306e-01 9.999999999957547292e-01 9.999999999964414021e-01 9.999999999872272172e-01 9.999999999623195857e-01 9.105600394967023485e-08 8.841268634795361547e-08 8.584818224377407113e-08 8.335482076064460272e-08 8.092605758713441458e-08
3.620000000000000000e+02 9.999995704609268010e-01 9.999999999958552044e-01 9.999999999964001018e-01 9.999999999870503586e-01 9.999999999626941749e-01 9.105561331233562110e-08 8.841279454880431258e-08 8.584829371080553131e-08 8.335477319048604135e-08 8.092598369212246383e-08
3.640000000000000000e+02 9.999995704609662139e-01 9.999999999959553465e-01 9.999999999963473662e-01 9.999999999868844913e-01 9.999999999630714287e-01 9.105521864849087329e-08 8.841289206866195081e-08 8.584841079406754743e-08 8.335473620581925489e-08 8.092590644432002234e-08
3.660000000000000000e+02 9.999995704610068481e-01 9.999999999960516028e-01 9.999999999962830843e-01 9.999999999867285050e-01 9.999999999634486825e-01 9.105482077763312842e-08 8.841297902150990099e-08 8.584853211970530307e-08 8.335470998189080731e-08 8.092582777882158315e-08
3.680000000000000000e+02 9.999995704610501468e-01 9.999999999961434183e-01 9.999999999962101427e-01 9.999999999865836209e-01 9.999999999638261583e-01 9.105442050919318538e-08 8.841305565108522889e-08 8.584865632787499198e-08 8.335469442092256362e-08 8.092574956079284906e-08
3.700000000000000000e+02 9.999995704610957770e-01 9.999999999962286834e-01 9.999999999961290964e-01 9.999999999864486178e-01 9.999999999642020798e-01 9.105401863544272907e-08 8.841312232525769192e-08 8.584878210068351755e-08 8.335468916336789742e-08 8.092567351763404771e-08
3.720000000000000000e+02 9.999995704611447378e-01 9.999999999963063990e-01 9.999999999960431651e-01 9.999999999863239397e-01 9.999999999645760029e-01 9.105361592464369990e-08 8.841317952826316172e-08 8.584890818868018933e-08 8.335469360698623764e-08 8.092560117811619386e-08
3.740000000000000000e+02 9.999995704611965852e-01 9.999999999963751218e-01 9.999999999959521269e-01 9.999999999862076994e-01 9.999999999649465954e-01 9.105321311449531608e-08 8.841322785088929161e-08 8.584903343525522920e-08 8.335470693306151754e-08 8.092553382093725797e-08
3.760000000000000000e+02 9.999995704612527625e-01 9.999999999964349628e-01 9.999999999958586461e-01 9.999999999860995636e-01 9.999999999653136351e-01 9.105281090594068781e-08 8.841326797872454908e-08 8.584915679833551442e-08 8.335472813887192547e-08 8.092547243474561251e-08
3.780000000000000000e+02 9.999995704613133807e-01 9.999999999964848119e-01 9.999999999957633889e-01 9.999999999859978672e-01 9.999999999656756788e-01 9.105240995741670764e-08 8.841330067861869858e-08 8.584927736880015919e-08 8.335475607529631482e-08 8.092541769121003554e-08
3.800000000000000000e+02 9.999995704613791059e-01 9.999999999965252240e-01 9.999999999956672436e-01 9.999999999859009447e-01 9.999999999660326155e-01 9.105201087960486821e-08 8.841332678354695800e-08 8.584939438512132032e-08 8.335478948824658242e-08 8.092536993212908679e-08
3.820000000000000000e+02 9.999995704614516034e-01 9.999999999965569764e-01 9.999999999955715424e-01 9.999999999858080191e-01 9.999999999663845562e-01 9.105161423071409602e-08 8.841334717607758313e-08 8.584950724383408029e-08 8.335482706250206030e-08 8.092532917094479535e-08
3.840000000000000000e+02 9.999995704615315395e-01 9.999999999965811792e-01 9.999999999954766183e-01 9.999999999857174249e-01 9.999999999667312789e-01 9.105122051234464989e-08 8.841336277066075285e-08 8.584961550550788400e-08 8.335486746643364939e-08 8.092529510842153058e-08
3.860000000000000000e+02 9.999995704616204684e-01 9.999999999965983877e-01 9.999999999953826935e-01 9.999999999856269417e-01 9.999999999670727835e-01 9.105083016597906195e-08 8.841337449498232993e-08 8.584971889598613174e-08 8.335490939603284362e-08 8.092526716162510368e-08
3.880000000000000000e+02 9.999995704617191672e-01 9.999999999966098230e-01 9.999999999952886576e-01 9.999999999855350152e-01 9.999999999674091811e-01 9.105044357011122534e-08 8.841338327064493211e-08 8.584981730278474071e-08 8.335495161667581432e-08 8.092524450471276415e-08
3.900000000000000000e+02 9.999995704618297454e-01 9.999999999966165953e-01 9.999999999951942886e-01 9.999999999854397581e-01 9.999999999677412488e-01 9.105006103800934053e-08 8.841338999343330848e-08 8.584991076664733239e-08 8.335499300112643011e-08 8.092522611952168676e-08
3.920000000000000000e+02 9.999995704619544235e-01 9.999999999966205921e-01 9.999999999950990315e-01 9.999999999853402821e-01 9.999999999680696527e-01 9.104968281611404363e-08 8.841339551342525151e-08 8.584999946834717547e-08 8.335503256237069508e-08 8.092521085350802359e-08
3.940000000000000000e+02 9.999995704620947556e-01 9.999999999966220354e-01 9.999999999950004437e-01 9.999999999852344779e-01 9.999999999683950591e-01 9.104930908305367767e-08 8.841340061521546885e-08 8.585008371094230878e-08 8.335506948001374966e-08 8.092519748221272513e-08
3.960000000000000000e+02 9.999995704622528514e-01 9.999999999966217024e-01 9.999999999948964158e-01 9.999999999851206800e-01 9.999999999687179120e-01 9.104893994921951880e-08 8.841340599850983350e-08 8.585016389780472429e-08 8.335510311918506371e-08 8.092518477319116672e-08
3.980000000000000000e+02 9.999995704624320414e-01 9.999999999966199260e-01 9.999999999947852825e-01 9.999999999849982224e-01 9.999999999690400987e-01 9.104857545682758324e-08 8.841341225933000062e-08 8.585024050683140347e-08 8.335513304112879681e-08 8.092517154825332802e-08
4.000000000000000000e+02 9.999995704626347681e-01 9.999999999966163733e-01 9.999999999946640461e-01 9.999999999848655508e-01 9.999999999693620634e-01 9.104821558038407185e-08 8.841341987204842112e-08 8.585031406133323745e-08 8.335515900490069640e-08 8.092515674090040896e-08
4.020000000000000000e+02 9.999995704628651394e-01 9.999999999966110442e-01 9.999999999945304863e-01 9.999999999847227761e-01 9.999999999696861375e-01 9.104786022743204297e-08 8.841342917245441922e-08 8.585038509817966644e-08 8.335518095987752076e-08 8.092513944598870076e-08
4.040000000000000000e+02 9.999995704631267079e-01 9.999999999966019404e-01 9.999999999943810503e-01 9.999999999845685661e-01 9.999999999700128761e-01 9.104750923942011080e-08 8.841344034202771554e-08 8.585045413384625068e-08 8.335519902910051987e-08 8.092511895896322562e-08
4.060000000000000000e+02 9.999995704634234706e-01 9.999999999965863973e-01 9.999999999942121853e-01 9.999999999844024767e-01 9.999999999703431675e-01 9.104716239249976819e-08 8.841345339355208866e-08 8.585052162906157995e-08 8.335521348376763383e-08 8.092509480243966877e-08
4.080000000000000000e+02 9.999995704637605343e-01 9.999999999965621944e-01 9.999999999940205608e-01 9.999999999842247300e-01 9.999999999706785658e-01 9.104681939803364604e-08 8.841346815816299729e-08 8.585058795278234022e-08 8.335522470947360504e-08 8.092506673843845916e-08
4.100000000000000000e+02 9.999995704641440053e-01 9.999999999965257791e-01 9.999999999938036233e-01 9.999999999840357701e-01 9.999999999710209586e-01 9.104647990254911182e-08 8.841348427389667416e-08 8.585065334625170727e-08 8.335523316509686508e-08 8.092503476517307194e-08
4.120000000000000000e+02 9.999995704645792127e-01 9.999999999964721553e-01 9.999999999935573758e-01 9.999999999838351528e-01 9.999999999713704568e-01 9.104614348681880205e-08 8.841350117576341608e-08 8.585071788790483936e-08 8.335523933550275018e-08 8.092499909799124457e-08
4.140000000000000000e+02 9.999995704650751494e-01 9.999999999963975483e-01 9.999999999932794870e-01 9.999999999836248765e-01 9.999999999717288368e-01 9.104580966371659661e-08 8.841351808731241958e-08 8.585078145987069620e-08 8.335524367944932060e-08 8.092496013479101859e-08
4.160000000000000000e+02 9.999995704656381434e-01 9.999999999962955188e-01 9.999999999929666261e-01 9.999999999834043862e-01 9.999999999720963206e-01 9.104547787446722161e-08 8.841353401362843302e-08 8.585084371679069150e-08 8.335524657427268132e-08 8.092491840692469832e-08
4.180000000000000000e+02 9.999995704662769658e-01 9.999999999961591834e-01 9.999999999926154626e-01 9.999999999831744590e-01 9.999999999724726862e-01 9.104514748285914815e-08 8.841354773567975731e-08 8.585090405765180344e-08 8.335524825910285944e-08 8.092487451730631221e-08
4.200000000000000000e+02 9.999995704670026075e-01 9.999999999959837682e-01 9.999999999922246641e-01 9.999999999829368713e-01 9.999999999728590439e-01 9.104481776695753968e-08 8.841355780589055310e-08 8.585096160127575729e-08 8.335524877846093900e-08 8.092482906809956310e-08
4.220000000000000000e+02 9.999995704678257269e-01 9.999999999957618346e-01 9.999999999917924542e-01 9.999999999826920671e-01 9.999999999732550604e-01 9.104448790786771139e-08 8.841356254480190320e-08 8.585101516604594033e-08 8.335524792811517971e-08 8.092478258090707522e-08
4.240000000000000000e+02 9.999995704687577591e-01 9.999999999954868324e-01 9.999999999913166127e-01 9.999999999824411567e-01 9.999999999736596257e-01 9.104415697510607716e-08 8.841356003871663739e-08 8.585106325440914737e-08 8.335524520509601461e-08 8.092473541281954262e-08
4.260000000000000000e+02 9.999995704698128041e-01 9.999999999951530993e-01 9.999999999907971393e-01 9.999999999821855834e-01 9.999999999740724066e-01 9.104382390815651001e-08 8.841354813822672595e-08 8.585110404263188193e-08 8.335523976374126044e-08 8.092468767204706545e-08
4.280000000000000000e+02 9.999995704710040734e-01 9.999999999947538631e-01 9.999999999902332570e-01 9.999999999819253471e-01 9.999999999744919599e-01 9.104348749391119458e-08 8.841352445757359776e-08 8.585113537621442719e-08 8.335523037950187045e-08 8.092463913703642377e-08
4.300000000000000000e+02 9.999995704723466661e-01 9.999999999942841278e-01 9.999999999896247438e-01 9.999999999816614471e-01 9.999999999749156210e-01 9.104314633984668178e-08 8.841348637491706002e-08 8.585115477134419576e-08 8.335521542209294873e-08 8.092458918297597426e-08
4.320000000000000000e+02 9.999995704738570135e-01 9.999999999937405626e-01 9.999999999889735980e-01 9.999999999813955487e-01 9.999999999753423907e-01 9.104279884296685675e-08 8.841343103370796802e-08 8.585115942275888206e-08 8.335519283944712129e-08 8.092453671950695164e-08
4.340000000000000000e+02 9.999995704755503256e-01 9.999999999931188377e-01 9.999999999882801527e-01 9.999999999811266527e-01 9.999999999757687164e-01 9.104244315485929604e-08 8.841335534550119520e-08 8.585114621833054328e-08 8.335516015367232281e-08 8.092448014320783197e-08
4.360000000000000000e+02 9.999995704774430338e-01 9.999999999924169547e-01 9.999999999875467394e-01 9.999999999808548701e-01 9.999999999761911562e-01 9.104207714366818669e-08 8.841325599482432547e-08 8.585111176070566331e-08 8.335511446993228853e-08 8.092441730793277414e-08
4.380000000000000000e+02 9.999995704795519025e-01 9.999999999916361348e-01 9.999999999867769107e-01 9.999999999805814221e-01 9.999999999766069347e-01 9.104169835425025369e-08 8.841312944701491830e-08 8.585105239642668804e-08 8.335505249898702749e-08 8.092434551556978890e-08
4.400000000000000000e+02 9.999995704818920306e-01 9.999999999907774884e-01 9.999999999859744415e-01 9.999999999803060868e-01 9.999999999770121661e-01 9.104130396837949780e-08 8.841297196019113561e-08 8.585096425296413385e-08 8.335497059386670210e-08 8.092426152918164776e-08
4.420000000000000000e+02 9.999995704844788502e-01 9.999999999898449010e-01 9.999999999851436616e-01 9.999999999800284201e-01 9.999999999774024095e-01 9.104089076770001257e-08 8.841277960291846678e-08 8.585084328412476650e-08 8.335486480079150352e-08 8.092416160966774533e-08
4.440000000000000000e+02 9.999995704873241298e-01 9.999999999888439239e-01 9.999999999842896781e-01 9.999999999797485328e-01 9.999999999777733350e-01 9.104045510297473117e-08 8.841254827961452316e-08 8.585068532448666326e-08 8.335473092424450778e-08 8.092404157627450515e-08
4.460000000000000000e+02 9.999995704904385274e-01 9.999999999877829948e-01 9.999999999834191522e-01 9.999999999794663141e-01 9.999999999781207238e-01 9.103999287398173462e-08 8.841227376604109498e-08 8.585048615359611783e-08 8.335456460593390036e-08 8.092389689055774566e-08
4.480000000000000000e+02 9.999995704938291485e-01 9.999999999866728828e-01 9.999999999825396335e-01 9.999999999791825411e-01 9.999999999784410232e-01 9.103949952539730111e-08 8.841195175753890575e-08 8.585024157061436445e-08 8.335436141700987663e-08 8.092372276250358672e-08
4.500000000000000000e+02 9.999995704975004340e-01 9.999999999855275767e-01 9.999999999816603369e-01 9.999999999788988791e-01 9.999999999787304583e-01 9.103897006496752880e-08 8.841157793306874259e-08 8.584994748021213172e-08 8.335411696265603199e-08 8.092351427664424396e-08
4.520000000000000000e+02 9.999995705014504965e-01 9.999999999843609544e-01 9.999999999807902551e-01 9.999999999786162164e-01 9.999999999789858096e-01 9.103839911083616942e-08 8.841114803824381969e-08 8.584959999056434017e-08 8.335382699808601085e-08 8.092326653539539259e-08
4.540000000000000000e+02 9.999995705056742290e-01 9.999999999831916675e-01 9.999999999799410455e-01 9.999999999783379945e-01 9.999999999792055227e-01 9.103778097519717859e-08 8.841065799029219529e-08 8.584919552399871758e-08 8.335348755465080421e-08 8.092297481618647006e-08
4.560000000000000000e+02 9.999995705101585308e-01 9.999999999820378127e-01 9.999999999791233662e-01 9.999999999780664339e-01 9.999999999793877103e-01 9.103710979150150183e-08 8.841010400759195858e-08 8.584873094053378088e-08 8.335309507436932651e-08 8.092263473824879556e-08
4.580000000000000000e+02 9.999995705148856384e-01 9.999999999809199291e-01 9.999999999783504290e-01 9.999999999778061976e-01 9.999999999795319283e-01 9.103637969166001995e-08 8.840948276577188445e-08 8.584820367423427940e-08 8.335264655104361506e-08 8.092224243458153566e-08
4.600000000000000000e+02 9.999995705198306828e-01 9.999999999798590000e-01 9.999999999776352233e-01 9.999999999775627257e-01 9.999999999796398420e-01 9.103558503786691109e-08 8.840879158095332679e-08 8.584761188152381843e-08 8.335213967577656242e-08 8.092179472438639686e-08
4.620000000000000000e+02 9.999995705249623557e-01 9.999999999788755645e-01 9.999999999769906278e-01 9.999999999773421244e-01 9.999999999797134498e-01 9.103472071111738969e-08 8.840802861887562543e-08 8.584695459945925197e-08 8.335157298405558785e-08 8.092128928086829350e-08
4.640000000000000000e+02 9.999995705302432425e-01 9.999999999779900506e-01 9.999999999764305203e-01 9.999999999771522763e-01 9.999999999797575256e-01 9.103378245484663060e-08 8.840719312651101866e-08 8.584623191088799910e-08 8.335094600110476162e-08 8.092072478920537779e-08
4.660000000000000000e+02 9.999995705356286013e-01 9.999999999772214432e-01 9.999999999759672242e-01 9.999999999770002868e-01 9.999999999797772876e-01 9.103276726696393386e-08 8.840628567981221153e-08 8.584544511195225033e-08 8.335025938171322889e-08 8.092010108966620147e-08
4.680000000000000000e+02 9.999995705410691382e-01 9.999999999765853964e-01 9.999999999756122859e-01 9.999999999768948156e-01 9.999999999797795081e-01 9.103167382739605915e-08 8.840530843765617536e-08 8.584459687542918650e-08 8.334951503981461443e-08 8.091941930077987366e-08
4.700000000000000000e+02 9.999995705465108964e-01 9.999999999760947889e-01 9.999999999753751423e-01 9.999999999768439674e-01 9.999999999797725136e-01 9.103050294154229913e-08 8.840426538851186809e-08 8.584369140153775705e-08 8.334871626223614909e-08 8.091868191751666883e-08
4.720000000000000000e+02 9.999995705518965883e-01 9.999999999757590574e-01 9.999999999752636759e-01 9.999999999768561798e-01 9.999999999797652972e-01 9.102925797269209146e-08 8.840316257272609805e-08 8.584273454609416933e-08 8.334786780041465621e-08 8.091789287983480340e-08
4.740000000000000000e+02 9.999995705571672611e-01 9.999999999755825320e-01 9.999999999752821056e-01 9.999999999769378922e-01 9.999999999797676287e-01 9.102794522918959112e-08 8.840200825968603672e-08 8.584173391396425286e-08 8.334697593298650276e-08 8.091705760715311488e-08
4.760000000000000000e+02 9.999995705622634068e-01 9.999999999755643243e-01 9.999999999754310975e-01 9.999999999770948778e-01 9.999999999797892780e-01 9.102657426632866692e-08 8.840081305648672992e-08 8.584069890429189525e-08 8.334604849136090045e-08 8.091618299445666916e-08
4.780000000000000000e+02 9.999995705671268498e-01 9.999999999756982172e-01 9.999999999757074320e-01 9.999999999773294679e-01 9.999999999798385719e-01 9.102515805937006150e-08 8.839958992364437954e-08 8.583964069348140912e-08 8.334509484021170462e-08 8.091527736631021680e-08
4.800000000000000000e+02 9.999995705717020789e-01 9.999999999759731084e-01 9.999999999761031155e-01 9.999999999776421067e-01 9.999999999799235040e-01 9.102371300351235397e-08 8.839835407390655836e-08 8.583857214213561043e-08 8.334412580488568483e-08 8.091435038560419694e-08
4.820000000000000000e+02 9.999995705759401332e-01 9.999999999763743430e-01 9.999999999766077119e-01 9.999999999780312399e-01 9.999999999800511796e-01 9.102225870066435917e-08 8.839712273319022348e-08 8.583750761354242823e-08 8.334315353817157438e-08 8.091341291435527509e-08
4.840000000000000000e+02 9.999995705797967149e-01 9.999999999768819370e-01 9.999999999772056780e-01 9.999999999784909832e-01 9.999999999802257067e-01 9.102081750242221442e-08 8.839591474885527602e-08 8.583646269453978944e-08 8.334219132038438641e-08 8.091247682491204297e-08
4.860000000000000000e+02 9.999995705832336323e-01 9.999999999774715764e-01 9.999999999778761417e-01 9.999999999790097904e-01 9.999999999804459749e-01 9.101941379380927989e-08 8.839475003968751513e-08 8.583545381444253683e-08 8.334125328907080797e-08 8.091155476122013229e-08
4.880000000000000000e+02 9.999995705862242401e-01 9.999999999781201687e-01 9.999999999785983418e-01 9.999999999795766703e-01 9.999999999807117623e-01 9.101807302308894182e-08 8.839364889399422491e-08 8.583449776409738626e-08 8.334035409769093445e-08 8.091065985118336521e-08
4.900000000000000000e+02 9.999995705887488873e-01 9.999999999788014016e-01 9.999999999793477423e-01 9.999999999801746364e-01 9.999999999810159634e-01 9.101682050865070550e-08 8.839263113701611668e-08 8.583361112532488185e-08 8.333950850689621897e-08 8.090980537322048632e-08
4.920000000000000000e+02 9.999995705907994692e-01 9.999999999794909611e-01 9.999999999801001405e-01 9.999999999807854811e-01 9.999999999813502516e-01 9.101568008241176927e-08 8.839171520519747708e-08 8.583280963038281099e-08 8.333873091723226121e-08 8.090900438265715409e-08
4.940000000000000000e+02 9.999995705923769851e-01 9.999999999801665318e-01 9.999999999808307782e-01 9.999999999813897755e-01 9.999999999817020813e-01 9.101467265745778804e-08 8.839091718103842029e-08 8.583210748069731367e-08 8.333803485764174949e-08 8.090826930620458956e-08
4.960000000000000000e+02 9.999995705934936474e-01 9.999999999808082407e-01 9.999999999815181173e-01 9.999999999819669805e-01 9.999999999820573526e-01 9.101381483241659686e-08 8.839024985671458943e-08 8.583151666344762362e-08 8.333743245013249127e-08 8.090761151594108646e-08
4.980000000000000000e+02 9.999995705941705504e-01 9.999999999813998786e-01 9.999999999821418406e-01 9.999999999824972230e-01 9.999999999823986352e-01 9.101311766213254695e-08 8.838972190511532633e-08 8.583104631243508154e-08 8.333693387685186423e-08 8.090704089766183762e-08
5.000000000000000000e+02 9.999995705944397795e-01 9.999999999819313423e-01 9.999999999826874042e-01 9.999999999829634056e-01 9.999999999827099417e-01 9.101258572936504845e-08 8.838933724092600474e-08 8.583070216439510617e-08 8.333654688045896633e-08 8.090656543141981523e-08
5.020000000000000000e+02 9.999995705943419688e-01 9.999999999823955266e-01 9.999999999831440389e-01 9.999999999833506514e-01 9.999999999829745079e-01 9.101221664231589415e-08 8.838909465011574188e-08 8.583048616262910597e-08 8.333627633179386440e-08 8.090619080480127186e-08
5.040000000000000000e+02 9.999995705939243029e-01 9.999999999827886565e-01 9.999999999835049724e-01 9.999999999836475251e-01 9.999999999831766795e-01 9.101200105591139906e-08 8.838898775245024807e-08 8.583039625562733257e-08 8.333612389984613518e-08 8.090592008168368610e-08
5.060000000000000000e+02 9.999995705932414047e-01 9.999999999831121755e-01 9.999999999837693165e-01 9.999999999838474762e-01 9.999999999833035780e-01 9.101192327096542283e-08 8.838900533787554305e-08 8.583042642815483109e-08 8.333608785673646126e-08 8.090575344979445387e-08
5.080000000000000000e+02 9.999995705923534484e-01 9.999999999833698583e-01 9.999999999839407350e-01 9.999999999839495057e-01 9.999999999833469877e-01 9.101196240750546222e-08 8.838913208496952839e-08 8.583056698627336823e-08 8.333616304467030238e-08 8.090568806938956419e-08
5.100000000000000000e+02 9.999995705913208299e-01 9.999999999835655906e-01 9.999999999840250009e-01 9.999999999839541687e-01 9.999999999833005804e-01 9.101209408233105139e-08 8.838934963085295392e-08 8.583080509702381590e-08 8.333634102286776414e-08 8.090571804288533711e-08
5.120000000000000000e+02 9.999995705902056109e-01 9.999999999837051456e-01 9.999999999840312181e-01 9.999999999838689035e-01 9.999999999831630237e-01 9.101229245417539536e-08 8.838963792078633552e-08 8.583112555920903376e-08 8.333661040008866907e-08 8.090583452031714917e-08
5.140000000000000000e+02 9.999995705890671882e-01 9.999999999837946296e-01 9.999999999839706000e-01 9.999999999837031472e-01 9.999999999829378705e-01 9.101253244225337725e-08 8.838997672726952120e-08 8.583151175623140924e-08 8.333695734333113675e-08 8.090602594825312772e-08
5.160000000000000000e+02 9.999995705879591856e-01 9.999999999838381504e-01 9.999999999838533604e-01 9.999999999834674469e-01 9.999999999826312269e-01 9.101279188547247235e-08 8.839034719868503846e-08 8.583194671865932034e-08 8.333736623733054986e-08 8.090627846118412071e-08
5.180000000000000000e+02 9.999995705869277884e-01 9.999999999838389275e-01 9.999999999836889364e-01 9.999999999831743480e-01 9.999999999822514196e-01 9.101305339864114367e-08 8.839073328177286662e-08 8.583241420626181704e-08 8.333782045393978983e-08 8.090657640430073213e-08
5.200000000000000000e+02 9.999995705860093009e-01 9.999999999838006248e-01 9.999999999834873199e-01 9.999999999828366182e-01 9.999999999818108831e-01 9.101330570382395235e-08 8.839112286456564884e-08 8.583289970955303064e-08 8.333830317700014933e-08 8.090690296557404322e-08
5.220000000000000000e+02 9.999995705852287031e-01 9.999999999837244635e-01 9.999999999832555053e-01 9.999999999824656927e-01 9.999999999813218299e-01 9.101354427018098155e-08 8.839150850900912728e-08 8.583339127214394414e-08 8.333879821927866960e-08 8.090724088493974444e-08
5.240000000000000000e+02 9.999995705845983185e-01 9.999999999836122200e-01 9.999999999829994879e-01 9.999999999820714525e-01 9.999999999807959172e-01 9.101377117927722324e-08 8.839188768456530667e-08 8.583388004874063257e-08 8.333929076506274575e-08 8.090757319995349446e-08
5.260000000000000000e+02 9.999995705841177029e-01 9.999999999834654485e-01 9.999999999827228203e-01 9.999999999816615581e-01 9.999999999802443584e-01 9.101399423443984849e-08 8.839226247154816425e-08 8.583436053888095331e-08 8.333976797590958489e-08 8.090788398126007270e-08
5.280000000000000000e+02 9.999995705837768645e-01 9.999999999832861475e-01 9.999999999824292773e-01 9.999999999812415608e-01 9.999999999796762573e-01 9.101422543730616257e-08 8.839263876863667297e-08 8.583483047127481772e-08 8.334021940838501500e-08 8.090815900918397459e-08
5.300000000000000000e+02 9.999995705835563742e-01 9.999999999830773145e-01 9.999999999821203023e-01 9.999999999808153461e-01 9.999999999790984972e-01 9.101447904531114151e-08 8.839302510374940047e-08 8.583529035411684787e-08 8.334063721079490729e-08 8.090838634535970753e-08
5.320000000000000000e+02 9.999995705834300308e-01 9.999999999828427244e-01 9.999999999817985596e-01 9.999999999803844686e-01 9.999999999785155191e-01 9.101476948449890898e-08 8.839343120123012472e-08 8.583574274769435814e-08 8.334101608903294013e-08 8.090855676033257797e-08
5.340000000000000000e+02 9.999995705833698567e-01 9.999999999825869290e-01 9.999999999814660478e-01 9.999999999799503714e-01 9.999999999779299875e-01 9.101510941066004515e-08 8.839386649181608288e-08 8.583619135098778840e-08 8.334135305713291657e-08 8.090866398940614455e-08
5.360000000000000000e+02 9.999995705833488735e-01 9.999999999823161456e-01 9.999999999811263196e-01 9.999999999795144978e-01 9.999999999773435677e-01 9.101550818322052010e-08 8.839433875852954425e-08 8.583664001811564650e-08 8.334164701267702206e-08 8.090870480385472646e-08
5.380000000000000000e+02 9.999995705833429893e-01 9.999999999820369245e-01 9.999999999807828166e-01 9.999999999790777361e-01 9.999999999767565928e-01 9.101597094410622799e-08 8.839485308926856528e-08 8.583709182929241342e-08 8.334189819740654070e-08 8.090867890114899222e-08
5.400000000000000000e+02 9.999995705833327753e-01 9.999999999817552609e-01 9.999999999804395356e-01 9.999999999786408633e-01 9.999999999761682856e-01 9.101649839000088120e-08 8.839541125819202752e-08 8.583754833233671760e-08 8.334210761617322789e-08 8.090858863425742497e-08
5.420000000000000000e+02 9.999995705833063520e-01 9.999999999814774831e-01 9.999999999801011397e-01 9.999999999782064330e-01 9.999999999755786462e-01 9.101708720948287961e-08 8.839601159037318265e-08 8.583800904515984975e-08 8.334227649046102256e-08 8.090843861443572755e-08
5.440000000000000000e+02 9.999995705832578352e-01 9.999999999812083651e-01 9.999999999797711814e-01 9.999999999777766657e-01 9.999999999749875634e-01 9.101773104821199545e-08 8.839664928898926296e-08 8.583847127075596625e-08 8.334240581530137863e-08 8.090823523219942261e-08
5.460000000000000000e+02 9.999995705831877801e-01 9.999999999809530138e-01 9.999999999794542127e-01 9.999999999773538928e-01 9.999999999743959256e-01 9.101842178616238697e-08 8.839731713476961809e-08 8.583893023021646389e-08 8.334249607148245249e-08 8.090798614602985764e-08
5.480000000000000000e+02 9.999995705830999615e-01 9.999999999807136497e-01 9.999999999791522320e-01 9.999999999769404457e-01 9.999999999738040657e-01 9.101915087550781676e-08 8.839800641574579711e-08 8.583937947347052320e-08 8.334254712078162262e-08 8.090769978708869585e-08
5.500000000000000000e+02 9.999995705830035941e-01 9.999999999804950468e-01 9.999999999788697913e-01 9.999999999765408765e-01 9.999999999732160916e-01 9.101991050163204391e-08 8.839870792040813474e-08 8.583981148929351430e-08 8.334255828405679223e-08 8.090738492090547102e-08
5.520000000000000000e+02 9.999995705829043402e-01 9.999999999802959838e-01 9.999999999786065574e-01 9.999999999761548519e-01 9.999999999726314481e-01 9.102069438800030933e-08 8.839941283308493045e-08 8.584021841222130553e-08 8.334252857505698325e-08 8.090705029492731055e-08
5.540000000000000000e+02 9.999995705828115256e-01 9.999999999801190143e-01 9.999999999783643068e-01 9.999999999757858138e-01 9.999999999720537991e-01 9.102149815404110557e-08 8.840011340443950205e-08 8.584059271808820500e-08 8.334245704107152534e-08 8.090670438578415625e-08
5.560000000000000000e+02 9.999995705827294801e-01 9.999999999799634720e-01 9.999999999781430393e-01 9.999999999754337621e-01 9.999999999714842547e-01 9.102231923338262912e-08 8.840080332429078447e-08 8.584092781204521316e-08 8.334234314817065911e-08 8.090635524431442526e-08
5.580000000000000000e+02 9.999995705826608683e-01 9.999999999798288020e-01 9.999999999779418669e-01 9.999999999750988078e-01 9.999999999709238141e-01 9.102315644608561750e-08 8.840147778663258466e-08 8.584121844021694995e-08 8.334218714591635030e-08 8.090601042247114882e-08
5.600000000000000000e+02 9.999995705826062453e-01 9.999999999797136718e-01 9.999999999777596793e-01 9.999999999747801738e-01 9.999999999703731435e-01 9.102400937521038438e-08 8.840213329476516852e-08 8.584146089293267856e-08 8.334199035432244106e-08 8.090567695636958726e-08
5.620000000000000000e+02 9.999995705825652781e-01 9.999999999796177486e-01 9.999999999775959214e-01 9.999999999744783041e-01 9.999999999698331310e-01 9.102487771547196192e-08 8.840276729641760765e-08 8.584165300601380874e-08 8.334175533235325972e-08 8.090536137504784031e-08
5.640000000000000000e+02 9.999995705825350800e-01 9.999999999795392558e-01 9.999999999774491499e-01 9.999999999741913115e-01 9.999999999693032215e-01 9.102576074006776077e-08 8.840337775736937991e-08 8.584179399940882642e-08 8.334148590895191998e-08 8.090506970559691535e-08
5.660000000000000000e+02 9.999995705825130976e-01 9.999999999794766392e-01 9.999999999773175885e-01 9.999999999739180856e-01 9.999999999687821939e-01 9.102665698039159584e-08 8.840396277588981274e-08 8.584188421398304634e-08 8.334118708058714640e-08 8.090480745180579601e-08
5.680000000000000000e+02 9.999995705824963332e-01 9.999999999794284555e-01 9.999999999772003489e-01 9.999999999736582934e-01 9.999999999682703811e-01 9.102756414810222146e-08 8.840452031353521009e-08 8.584192481437277054e-08 8.334086479931205196e-08 8.090457953355128488e-08
5.700000000000000000e+02 9.999995705824828995e-01 9.999999999793927064e-01 9.999999999770959880e-01 9.999999999734097145e-01 9.999999999677662288e-01 9.102847926752941730e-08 8.840504807890823139e-08 8.584191751854994263e-08 8.334052568877818423e-08 8.090439018570583894e-08
5.720000000000000000e+02 9.999995705824712422e-01 9.999999999793682814e-01 9.999999999770030623e-01 9.999999999731723488e-01 9.999999999672694040e-01 9.102939894311462270e-08 8.840554356024690190e-08 8.584186439650180532e-08 8.334017673095831197e-08 8.090424282640142042e-08
5.740000000000000000e+02 9.999995705824602510e-01 9.999999999793527383e-01 9.999999999769201287e-01 9.999999999729436428e-01 9.999999999667777972e-01 9.103031966945910165e-08 8.840600416983670246e-08 8.584176775666682418e-08 8.333982496360569843e-08 8.090413991290422035e-08
5.760000000000000000e+02 9.999995705824500369e-01 9.999999999793456329e-01 9.999999999768461878e-01 9.999999999727239297e-01 9.999999999662918526e-01 9.103123810082583177e-08 8.840642744480469274e-08 8.584163011525417485e-08 8.333947721905554397e-08 8.090408280751351407e-08
5.780000000000000000e+02 9.999995705824402670e-01 9.999999999793457439e-01 9.999999999767803516e-01 9.999999999725115440e-01 9.999999999658099048e-01 9.103215122574375262e-08 8.840681124690983423e-08 8.584145422542776037e-08 8.333913992170312743e-08 8.090407167567859281e-08
5.800000000000000000e+02 9.999995705824304970e-01 9.999999999793519612e-01 9.999999999767211767e-01 9.999999999723055977e-01 9.999999999653312877e-01 9.103305642938443658e-08 8.840715391610240061e-08 8.584124313392316388e-08 8.333881894780766403e-08 8.090410543440993086e-08
5.820000000000000000e+02 9.999995705824201719e-01 9.999999999793633965e-01 9.999999999766679970e-01 9.999999999721045363e-01 9.999999999648544469e-01 9.103395146004592160e-08 8.840745435340314731e-08 8.584100023267793313e-08 8.333851953996474164e-08 8.090418176188415539e-08
5.840000000000000000e+02 9.999995705824101799e-01 9.999999999793812711e-01 9.999999999766209235e-01 9.999999999719090260e-01 9.999999999643794935e-01 9.103483433787918041e-08 8.840771203116637293e-08 8.584072928070653722e-08 8.333824626152336191e-08 8.090429717070600392e-08
5.860000000000000000e+02 9.999995705823990777e-01 9.999999999794041416e-01 9.999999999765792902e-01 9.999999999717171795e-01 9.999999999639046511e-01 9.103570325015667884e-08 8.840792694676006818e-08 8.584043438353003912e-08 8.333800297420957969e-08 8.090444713951339509e-08
5.880000000000000000e+02 9.999995705823883085e-01 9.999999999794334515e-01 9.999999999765442071e-01 9.999999999715296628e-01 9.999999999634300307e-01 9.103655646937293216e-08 8.840809954530767015e-08 8.584011993026154563e-08 8.333779282472341107e-08 8.090462629151561558e-08
5.900000000000000000e+02 9.999995705823760961e-01 9.999999999794690897e-01 9.999999999765148972e-01 9.999999999713456988e-01 9.999999999629539671e-01 9.103739231385248353e-08 8.840823063768877465e-08 8.583979049857743539e-08 8.333761823145228771e-08 8.090482860491831382e-08
5.920000000000000000e+02 9.999995705823646608e-01 9.999999999795127215e-01 9.999999999764933589e-01 9.999999999711668419e-01 9.999999999624776814e-01 9.103820915231837616e-08 8.840832133329177447e-08 8.583945074319117775e-08 8.333748086875932369e-08 8.090504763947013803e-08
5.940000000000000000e+02 9.999995705823513381e-01 9.999999999795632366e-01 9.999999999764783709e-01 9.999999999709908716e-01 9.999999999619978430e-01 9.103900543987783193e-08 8.840837299654381082e-08 8.583910528380087940e-08 8.333738165179380447e-08 8.090527676494909280e-08
5.960000000000000000e+02 9.999995705823389036e-01 9.999999999796231887e-01 9.999999999764721537e-01 9.999999999708203413e-01 9.999999999615164503e-01 9.103977976641260840e-08 8.840838722603426995e-08 8.583875860492941184e-08 8.333732072816436336e-08 8.090550938025976062e-08
5.980000000000000000e+02 9.999995705823268022e-01 9.999999999796919115e-01 9.999999999764750402e-01 9.999999999706551401e-01 9.999999999610325041e-01 9.104053089964952567e-08 8.840836584805836715e-08 8.583841497440163270e-08 8.333729748363566187e-08 8.090573911526801823e-08
6.000000000000000000e+02 9.999995705823148118e-01 9.999999999797698491e-01 9.999999999764876968e-01 9.999999999704953790e-01 9.999999999605454493e-01 9.104125781181369479e-08 8.840831091378619057e-08 8.583807838140708675e-08 8.333731056750783944e-08 8.090596001072367251e-08
6.020000000000000000e+02 9.999995705823035985e-01 9.999999999798577788e-01 9.999999999765111225e-01 9.999999999703423903e-01 9.999999999600556189e-01 9.104195968707973426e-08 8.840822469073841314e-08 8.583775249093700515e-08 8.333735794040715782e-08 8.090616667381819359e-08
6.040000000000000000e+02 9.999995705822937175e-01 9.999999999799552564e-01 9.999999999765464276e-01 9.999999999701971731e-01 9.999999999595635680e-01 9.104263591384849712e-08 8.840810964338361321e-08 8.583744060960566574e-08 8.333743694394830681e-08 8.090635440810306506e-08
6.060000000000000000e+02 9.999995705822843917e-01 9.999999999800617267e-01 9.999999999765933900e-01 9.999999999700601716e-01 9.999999999590686306e-01 9.104328606930924702e-08 8.840796840232410269e-08 8.583714565816974582e-08 8.333754438894082869e-08 8.090651931694742041e-08
6.080000000000000000e+02 9.999995705822776193e-01 9.999999999801778561e-01 9.999999999766533421e-01 9.999999999699333841e-01 9.999999999585729160e-01 9.104390990358412785e-08 8.840780372503297207e-08 8.583687014778385781e-08 8.333767665702575302e-08 8.090665837957170417e-08
6.100000000000000000e+02 9.999995705822721792e-01 9.999999999803017570e-01 9.999999999767267278e-01 9.999999999698172548e-01 9.999999999580755361e-01 9.104450732807670939e-08 8.840761845276322156e-08 8.583661615934179949e-08 8.333782981013578505e-08 8.090676949842698912e-08
6.120000000000000000e+02 9.999995705822686265e-01 9.999999999804327633e-01 9.999999999768129921e-01 9.999999999697130049e-01 9.999999999575778231e-01 9.104507840918027957e-08 8.840741546803908172e-08 8.583638532711398178e-08 8.333799970272866678e-08 8.090685151683361692e-08
6.140000000000000000e+02 9.999995705822668501e-01 9.999999999805692097e-01 9.999999999769123571e-01 9.999999999696214115e-01 9.999999999570802212e-01 9.104562336575362003e-08 8.840719765556679294e-08 8.583617882870916189e-08 8.333818209272190415e-08 8.090690420635745578e-08
6.160000000000000000e+02 9.999995705822670722e-01 9.999999999807095419e-01 9.999999999770246006e-01 9.999999999695433628e-01 9.999999999565843956e-01 9.104614256754114417e-08 8.840696786750736631e-08 8.583599738330429004e-08 8.333837274813244165e-08 8.090692822430881797e-08
6.180000000000000000e+02 9.999995705822691816e-01 9.999999999808517614e-01 9.999999999771490566e-01 9.999999999694795250e-01 9.999999999560902353e-01 9.104663653196644064e-08 8.840672889267213937e-08 8.583584125939918877e-08 8.333856754740304294e-08 8.090692504307026586e-08
6.200000000000000000e+02 9.999995705822729564e-01 9.999999999809939810e-01 9.999999999772846149e-01 9.999999999694312303e-01 9.999999999555992947e-01 9.104710591788484950e-08 8.840648342853183124e-08 8.583571029225117759e-08 8.333876257193043632e-08 8.090689685436909075e-08
6.220000000000000000e+02 9.999995705822783965e-01 9.999999999811342022e-01 9.999999999774303872e-01 9.999999999693979236e-01 9.999999999551124619e-01 9.104755151622855244e-08 8.840623405496013592e-08 8.583560391013694580e-08 8.333895418936371262e-08 8.090684645274843595e-08
6.240000000000000000e+02 9.999995705822846137e-01 9.999999999812694274e-01 9.999999999775848192e-01 9.999999999693799380e-01 9.999999999546302920e-01 9.104797423842640153e-08 8.840598320923129486e-08 8.583552116809208495e-08 8.333913912623927978e-08 8.090677710338521140e-08
6.260000000000000000e+02 9.999995705822920522e-01 9.999999999813984353e-01 9.999999999777462456e-01 9.999999999693779396e-01 9.999999999541538953e-01 9.104837510375532177e-08 8.840573316248920413e-08 8.583546078764130157e-08 8.333931452856885166e-08 8.090669239999481095e-08
6.280000000000000000e+02 9.999995705823007119e-01 9.999999999815194496e-01 9.999999999779140003e-01 9.999999999693919284e-01 9.999999999536849371e-01 9.104875522653051280e-08 8.840548599829449180e-08 8.583542120106592074e-08 8.333947800901345247e-08 8.090659611866706736e-08
6.300000000000000000e+02 9.999995705823094827e-01 9.999999999816298057e-01 9.999999999780849747e-01 9.999999999694206831e-01 9.999999999532230843e-01 9.104911580356422605e-08 8.840524359396034546e-08 8.583540059900307462e-08 8.333962767948514583e-08 8.090649207326438741e-08
6.320000000000000000e+02 9.999995705823193637e-01 9.999999999817290597e-01 9.999999999782589466e-01 9.999999999694652031e-01 9.999999999527706684e-01 9.104945810188079597e-08 8.840500760531028673e-08 8.583539698047737104e-08 8.333976216856283947e-08 8.090638397769944889e-08
6.340000000000000000e+02 9.999995705823282455e-01 9.999999999818146579e-01 9.999999999784326965e-01 9.999999999695232678e-01 9.999999999523269123e-01 9.104978344643889746e-08 8.840477945519213976e-08 8.583540820451929309e-08 8.333988062366660560e-08 8.090627531987130037e-08
6.360000000000000000e+02 9.999995705823369052e-01 9.999999999818861562e-01 9.999999999786050031e-01 9.999999999695952102e-01 9.999999999518932592e-01 9.105009320762716902e-08 8.840456032576031702e-08 8.583543204245484581e-08 8.333998269838219016e-08 8.090616925131605280e-08
6.380000000000000000e+02 9.999995705823447878e-01 9.999999999819428886e-01 9.999999999787738680e-01 9.999999999696794761e-01 9.999999999514701532e-01 9.105038878845392472e-08 8.840435115439507923e-08 8.583546622994957661e-08 8.334006852585139342e-08 8.090606849592841221e-08
6.400000000000000000e+02 9.999995705823522263e-01 9.999999999819849661e-01 9.999999999789380700e-01 9.999999999697753994e-01 9.999999999510580384e-01 9.105067161151741838e-08 8.840415263310081115e-08 8.583550851783874445e-08 8.334013867964485201e-08 8.090597528037674509e-08
6.420000000000000000e+02 9.999995705823586656e-01 9.999999999820120555e-01 9.999999999790961658e-01 9.999999999698817588e-01 9.999999999506574699e-01 9.105094310596701549e-08 8.840396521119373646e-08 8.583555672065468445e-08 8.334019412377323812e-08 8.090589128789736503e-08
6.440000000000000000e+02 9.999995705823642167e-01 9.999999999820250451e-01 9.999999999792467120e-01 9.999999999699973330e-01 9.999999999502684478e-01 9.105120469469269330e-08 8.840378910112399880e-08 8.583560876183244013e-08 8.334023615366270826e-08 8.090581763620604423e-08
6.460000000000000000e+02 9.999995705823682135e-01 9.999999999820236019e-01 9.999999999793884875e-01 9.999999999701205677e-01 9.999999999498907499e-01 9.105145778191062164e-08 8.840362428733856445e-08 8.583566271474659064e-08 8.334026633018492004e-08 8.090575487941151388e-08
6.480000000000000000e+02 9.999995705823715442e-01 9.999999999820097241e-01 9.999999999795209371e-01 9.999999999702504638e-01 9.999999999495250425e-01 9.105170374125196053e-08 8.840347053805584068e-08 8.583571683880958473e-08 8.334028640895783908e-08 8.090570303287911044e-08
6.500000000000000000e+02 9.999995705823735426e-01 9.999999999819843000e-01 9.999999999796431727e-01 9.999999999703856890e-01 9.999999999491708813e-01 9.105194390444676479e-08 8.840332741974411569e-08 8.583576960996754737e-08 8.334029826710539405e-08 8.090566161903159417e-08
6.520000000000000000e+02 9.999995705823749859e-01 9.999999999819488838e-01 9.999999999797553052e-01 9.999999999705253551e-01 9.999999999488281555e-01 9.105217955064595574e-08 8.840319431406567191e-08 8.583581974516464269e-08 8.334030382972096143e-08 8.090562973135768190e-08
6.540000000000000000e+02 9.999995705823752079e-01 9.999999999819052521e-01 9.999999999798571126e-01 9.999999999706679077e-01 9.999999999484964208e-01 9.105241189639921424e-08 8.840307043700047387e-08 8.583586622047912138e-08 8.334030499831513080e-08 8.090560611331906882e-08
6.560000000000000000e+02 9.999995705823739867e-01 9.999999999818537377e-01 9.999999999799479289e-01 9.999999999708116816e-01 9.999999999481744561e-01 9.105264208637022892e-08 8.840295485980096916e-08 8.583590828267867653e-08 8.334030358333853236e-08 8.090558924825859514e-08
6.580000000000000000e+02 9.999995705823728764e-01 9.999999999817977825e-01 9.999999999800294193e-01 9.999999999709568987e-01 9.999999999478630386e-01 9.105287118490052608e-08 8.840284653142899862e-08 8.583594545412692165e-08 8.334030124268012463e-08 8.090557745607883961e-08
6.600000000000000000e+02 9.999995705823703229e-01 9.999999999817369423e-01 9.999999999801008066e-01 9.999999999711015608e-01 9.999999999475605028e-01 9.105310016845312838e-08 8.840274430212751890e-08 8.583597753116950178e-08 8.334029942789332101e-08 8.090556899242484696e-08
6.620000000000000000e+02 9.999995705823683245e-01 9.999999999816746588e-01 9.999999999801639783e-01 9.999999999712462229e-01 9.999999999472672929e-01 9.105332991897208126e-08 8.840264694775277528e-08 8.583600457617203670e-08 8.334029933960411230e-08 8.090556214608996543e-08
6.640000000000000000e+02 9.999995705823659931e-01 9.999999999816108209e-01 9.999999999802190453e-01 9.999999999713891086e-01 9.999999999469815215e-01 9.105356121825508370e-08 8.840255319450919899e-08 8.583602690349985951e-08 8.334030189316987615e-08 8.090555533047662480e-08
6.660000000000000000e+02 9.999995705823629955e-01 9.999999999815464280e-01 9.999999999802667849e-01 9.999999999715303289e-01 9.999999999467026335e-01 9.105379474337831913e-08 8.840246174374323947e-08 8.583604505995895391e-08 8.334030769538414454e-08 8.090554716539553889e-08
6.680000000000000000e+02 9.999995705823602199e-01 9.999999999814828122e-01 9.999999999803083073e-01 9.999999999716692178e-01 9.999999999464299627e-01 9.105403106312666157e-08 8.840237129642155776e-08 8.583605980028215892e-08 8.334031703268877718e-08 8.090553654601962707e-08
6.700000000000000000e+02 9.999995705823577774e-01 9.999999999814206397e-01 9.999999999803450557e-01 9.999999999718065524e-01 9.999999999461629541e-01 9.105427063545948536e-08 8.840228057693639782e-08 8.583607205826286838e-08 8.334032987092177062e-08 8.090552269631073646e-08
6.720000000000000000e+02 9.999995705823550018e-01 9.999999999813593554e-01 9.999999999803765860e-01 9.999999999719411115e-01 9.999999999459000533e-01 9.105451380607989424e-08 8.840218835593309793e-08 8.583608291430392819e-08 8.334034586630158157e-08 8.090550520497267013e-08
6.740000000000000000e+02 9.999995705823526704e-01 9.999999999812997364e-01 9.999999999804050077e-01 9.999999999720741162e-01 9.999999999456410382e-01 9.105476080805587254e-08 8.840209347183952421e-08 8.583609356025001949e-08 8.334036438706699225e-08 8.090548404285645678e-08
6.760000000000000000e+02 9.999995705823505610e-01 9.999999999812416718e-01 9.999999999804305428e-01 9.999999999722058996e-01 9.999999999453854649e-01 9.105501176243254448e-08 8.840199485077149044e-08 8.583610526230063870e-08 8.334038454481320018e-08 8.090545956146370976e-08
6.780000000000000000e+02 9.999995705823490066e-01 9.999999999811849394e-01 9.999999999804541906e-01 9.999999999723365729e-01 9.999999999451326671e-01 9.105526667988320017e-08 8.840189152458481687e-08 8.583611932285156764e-08 8.334040523427281315e-08 8.090543247294029114e-08
6.800000000000000000e+02 9.999995705823472303e-01 9.999999999811285400e-01 9.999999999804760620e-01 9.999999999724665800e-01 9.999999999448809795e-01 9.105552546338790497e-08 8.840178264686724611e-08 8.583613704221936047e-08 8.334042518012768098e-08 8.090540381283218042e-08
6.820000000000000000e+02 9.999995705823453429e-01 9.999999999810719187e-01 9.999999999804959350e-01 9.999999999725963651e-01 9.999999999446306242e-01 9.105578791182220604e-08 8.840166750662870577e-08 8.583615968110846677e-08 8.334044298920809491e-08 8.090537488756785680e-08
6.840000000000000000e+02 9.999995705823440106e-01 9.999999999810152973e-01 9.999999999805150308e-01 9.999999999727274824e-01 9.999999999443813792e-01 9.105605372441826958e-08 8.840154553952858461e-08 8.583618842459728321e-08 8.334045720624937994e-08 8.090534720913625654e-08
6.860000000000000000e+02 9.999995705823426784e-01 9.999999999809571216e-01 9.999999999805325723e-01 9.999999999728598210e-01 9.999999999441328002e-01 9.105632250611525706e-08 8.840141633657490645e-08 8.583622434847568779e-08 8.334046637136836097e-08 8.090532241999804328e-08
6.880000000000000000e+02 9.999995705823409020e-01 9.999999999808970585e-01 9.999999999805483375e-01 9.999999999729942690e-01 9.999999999438845544e-01 9.105659377369638337e-08 8.840127965018876849e-08 8.583626838869875539e-08 8.334046907740610367e-08 8.090530221169396075e-08
6.900000000000000000e+02 9.999995705823393477e-01 9.999999999808351081e-01 9.999999999805621043e-01 9.999999999731319367e-01 9.999999999436367526e-01 9.105686696259290745e-08 8.840113539754380836e-08 8.583632131453889701e-08 8.334046402523882185e-08 8.090528824072397899e-08
6.920000000000000000e+02 9.999995705823370162e-01 9.999999999807697160e-01 9.999999999805727624e-01 9.999999999732722689e-01 9.999999999433885067e-01 9.105714143434051044e-08 8.840098366123389112e-08 8.583638370598557820e-08 8.334045007529608891e-08 8.090528204534684793e-08
6.940000000000000000e+02 9.999995705823342407e-01 9.999999999807015483e-01 9.999999999805797568e-01 9.999999999734167089e-01 9.999999999431411490e-01 9.105741648463228930e-08 8.840082468733157736e-08 8.583645593590000242e-08 8.334042629372243936e-08 8.090528496696180783e-08
6.960000000000000000e+02 9.999995705823312431e-01 9.999999999806307160e-01 9.999999999805827544e-01 9.999999999735658118e-01 9.999999999428939024e-01 9.105769135182298089e-08 8.840065888084953539e-08 8.583653815723285449e-08 8.334039199172922259e-08 8.090529807943630279e-08
6.980000000000000000e+02 9.999995705823275793e-01 9.999999999805573303e-01 9.999999999805806450e-01 9.999999999737196887e-01 9.999999999426479880e-01 9.105796522580274380e-08 8.840048679872536146e-08 8.583663029548769258e-08 8.334034675690968881e-08 8.090532212932909214e-08
7.000000000000000000e+02 9.999995705823234715e-01 9.999999999804816131e-01 9.999999999805723183e-01 9.999999999738784506e-01 9.999999999424032948e-01 9.105823725720592852e-08 8.840030914054326021e-08 8.583673204657566522e-08 8.334029047563771656e-08 8.090535748956609793e-08
7.020000000000000000e+02 9.999995705823191416e-01 9.999999999804050077e-01 9.999999999805574413e-01 9.999999999740424306e-01 9.999999999421608221e-01 9.105850656683588065e-08 8.840012673713752081e-08 8.583684288004755079e-08 8.334022334591451000e-08 8.090540412852973755e-08
7.040000000000000000e+02 9.999995705823134795e-01 9.999999999803272921e-01 9.999999999805340156e-01 9.999999999742107404e-01 9.999999999419200147e-01 9.105877225518383106e-08 8.839994053724286742e-08 8.583696204751851930e-08 8.334014588027948050e-08 8.090546159579417413e-08
7.060000000000000000e+02 9.999995705823078174e-01 9.999999999802505757e-01 9.999999999805025963e-01 9.999999999743840462e-01 9.999999999416830931e-01 9.105903341198477741e-08 8.839975159248222958e-08 8.583708859605026028e-08 8.334005889878578925e-08 8.090552902510599905e-08
7.080000000000000000e+02 9.999995705823020442e-01 9.999999999801761907e-01 9.999999999804620732e-01 9.999999999745617929e-01 9.999999999414500573e-01 9.105928912573196708e-08 8.839956104096930926e-08 8.583722138615747395e-08 8.333996351235595127e-08 8.090560515451476405e-08
7.100000000000000000e+02 9.999995705822956049e-01 9.999999999801045814e-01 9.999999999804111139e-01 9.999999999747427593e-01 9.999999999412213514e-01 9.105953849302620859e-08 8.839937008974135585e-08 8.583735911394751245e-08 8.333986109705433461e-08 8.090568836278600113e-08
7.120000000000000000e+02 9.999995705822886105e-01 9.999999999800377459e-01 9.999999999803501627e-01 9.999999999749267232e-01 9.999999999409979745e-01 9.105978062768318309e-08 8.839917999631674419e-08 8.583750033684598807e-08 8.333975326012440821e-08 8.090577672060306723e-08
7.140000000000000000e+02 9.999995705822822822e-01 9.999999999799777939e-01 9.999999999802794415e-01 9.999999999751131297e-01 9.999999999407812590e-01 9.106001466953522839e-08 8.839899204972774965e-08 8.583764350231823117e-08 8.333964179892334051e-08 8.090586805450685563e-08
7.160000000000000000e+02 9.999995705822758429e-01 9.999999999799257244e-01 9.999999999801987283e-01 9.999999999753008684e-01 9.999999999405717599e-01 9.106023979283309853e-08 8.839880755130287930e-08 8.583778697889885982e-08 8.333952865404020814e-08 8.090596002096727869e-08
7.180000000000000000e+02 9.999995705822690706e-01 9.999999999798819816e-01 9.999999999801073569e-01 9.999999999754880520e-01 9.999999999403691442e-01 9.106045521416314094e-08 8.839862779546380120e-08 8.583792908879409125e-08 8.333941585804418957e-08 8.090605018759838824e-08
7.200000000000000000e+02 9.999995705822632974e-01 9.999999999798492301e-01 9.999999999800074368e-01 9.999999999756750135e-01 9.999999999401760764e-01 9.106066019983076362e-08 8.839845405086881608e-08 8.583806814133344192e-08 8.333930548147227837e-08 8.090613611830285538e-08
7.220000000000000000e+02 9.999995705822580794e-01 9.999999999798276917e-01 9.999999999798988570e-01 9.999999999758600877e-01 9.999999999399923345e-01 9.106085407264158233e-08 8.839828754221090011e-08 8.583820246651587186e-08 8.333919957771458312e-08 8.090621545895459411e-08
7.240000000000000000e+02 9.999995705822534164e-01 9.999999999798178107e-01 9.999999999797825057e-01 9.999999999760414982e-01 9.999999999398183625e-01 9.106103621800903109e-08 8.839812943290603231e-08 8.583833044788961844e-08 8.333910012844943108e-08 8.090628602023696889e-08
7.260000000000000000e+02 9.999995705822494196e-01 9.999999999798206973e-01 9.999999999796600481e-01 9.999999999762189118e-01 9.999999999396552708e-01 9.106120608934883709e-08 8.839798080891961661e-08 8.583845055404784599e-08 8.333900899126924320e-08 8.090634585442956068e-08
7.280000000000000000e+02 9.999995705822467551e-01 9.999999999798365735e-01 9.999999999795324834e-01 9.999999999763907743e-01 9.999999999395033923e-01 9.106136321272692868e-08 8.839784266400468275e-08 8.583856136806629644e-08 8.333892785105521810e-08 8.090639332317502456e-08
7.300000000000000000e+02 9.999995705822440906e-01 9.999999999798636630e-01 9.999999999794003669e-01 9.999999999765554204e-01 9.999999999393620609e-01 9.106150719070976925e-08 8.839771588655810555e-08 8.583866161424606505e-08 8.333885817651883765e-08 8.090642715363726833e-08
7.320000000000000000e+02 9.999995705822432024e-01 9.999999999799040751e-01 9.999999999792669181e-01 9.999999999767136272e-01 9.999999999392338301e-01 9.106163770538544580e-08 8.839760124824259651e-08 8.583875018159780060e-08 8.333880118315553107e-08 8.090644648098798986e-08
7.340000000000000000e+02 9.999995705822434244e-01 9.999999999799553674e-01 9.999999999791326921e-01 9.999999999768631742e-01 9.999999999391171457e-01 9.106175452055573723e-08 8.839749939454357034e-08 8.583882614358759189e-08 8.333875780364201161e-08 8.090645087569075971e-08
7.360000000000000000e+02 9.999995705822438685e-01 9.999999999800165407e-01 9.999999999789986882e-01 9.999999999770026182e-01 9.999999999390118965e-01 9.106185748308302917e-08 8.839741083741194904e-08 8.583888877375792289e-08 8.333872866648675817e-08 8.090644035466449190e-08
7.380000000000000000e+02 9.999995705822457559e-01 9.999999999800864847e-01 9.999999999788671268e-01 9.999999999771327364e-01 9.999999999389190819e-01 9.106194652337121684e-08 8.839733595005592842e-08 8.583893755692597765e-08 8.333871408347698705e-08 8.090641537609330245e-08
7.400000000000000000e+02 9.999995705822481984e-01 9.999999999801642003e-01 9.999999999787392291e-01 9.999999999772524184e-01 9.999999999388379246e-01 9.106202165499495613e-08 8.839727496391401319e-08 8.583897219575844245e-08 8.333871404616997676e-08 8.090637681828233035e-08
7.420000000000000000e+02 9.999995705822515291e-01 9.999999999802473560e-01 9.999999999786164384e-01 9.999999999773614423e-01 9.999999999387682026e-01 9.106208297351016464e-08 8.839722796786089712e-08 8.583899261264066924e-08 8.333872823141716543e-08 8.090632594356272546e-08
7.440000000000000000e+02 9.999995705822549708e-01 9.999999999803343975e-01 9.999999999784995319e-01 9.999999999774594750e-01 9.999999999387094718e-01 9.106213065444669917e-08 8.839719490963965014e-08 8.583899894687233487e-08 8.333875601565188936e-08 8.090626434886875844e-08
7.460000000000000000e+02 9.999995705822588565e-01 9.999999999804236595e-01 9.999999999783895088e-01 9.999999999775461834e-01 9.999999999386612881e-01 9.106216495049985917e-08 8.839717559943366956e-08 8.583899154730144403e-08 8.333879649737329027e-08 8.090619390511033896e-08
7.480000000000000000e+02 9.999995705822636305e-01 9.999999999805141426e-01 9.999999999782878124e-01 9.999999999776232329e-01 9.999999999386235405e-01 9.106218618798094812e-08 8.839716971549869474e-08 8.583897096061304000e-08 8.333884852701423222e-08 8.090611668784336905e-08
7.500000000000000000e+02 9.999995705822680714e-01 9.999999999806032935e-01 9.999999999781943316e-01 9.999999999776890691e-01 9.999999999385946747e-01 9.106219476257617953e-08 8.839717681177554218e-08 8.583893791561551258e-08 8.333891074320748052e-08 8.090603490207966064e-08
7.520000000000000000e+02 9.999995705822727343e-01 9.999999999806902240e-01 9.999999999781098436e-01 9.999999999777455795e-01 9.999999999385749128e-01 9.106219113443391237e-08 8.839719632732056008e-08 8.583889330393298503e-08 8.333898161425831415e-08 8.090595080428143476e-08
7.540000000000000000e+02 9.999995705822775083e-01 9.999999999807737128e-01 9.999999999780344595e-01 9.999999999777930970e-01 9.999999999385630334e-01 9.106217582264069920e-08 8.839722759735473642e-08 8.583883815756547900e-08 8.333905948345886941e-08 8.090586662461089680e-08
7.560000000000000000e+02 9.999995705822818381e-01 9.999999999808523166e-01 9.999999999779674020e-01 9.999999999778318438e-01 9.999999999385580374e-01 9.106214939917441061e-08 8.839726986576448904e-08 8.583877362387534335e-08 8.333914261681814205e-08 8.090578449245076174e-08
7.580000000000000000e+02 9.999995705822859460e-01 9.999999999809254803e-01 9.999999999779086712e-01 9.999999999778630411e-01 9.999999999385589255e-01 9.106211248238569463e-08 8.839732229885492647e-08 8.583870093862254263e-08 8.333922925173918409e-08 8.090570636805474370e-08
7.600000000000000000e+02 9.999995705822893877e-01 9.999999999809926488e-01 9.999999999778577120e-01 9.999999999778873550e-01 9.999999999385649208e-01 9.106206573005368305e-08 8.839738400008655355e-08 8.583862139767306845e-08 8.333931764512473860e-08 8.090563398287395246e-08
7.620000000000000000e+02 9.999995705822920522e-01 9.999999999810536000e-01 9.999999999778137472e-01 9.999999999779055626e-01 9.999999999385751348e-01 9.106200983211073272e-08 8.839745402554406507e-08 8.583853632802674658e-08 8.333940611943789878e-08 8.090556879068123950e-08
7.640000000000000000e+02 9.999995705822942726e-01 9.999999999811084450e-01 9.999999999777759996e-01 9.999999999779189963e-01 9.999999999385889016e-01 9.106194550313103007e-08 8.839753139991758107e-08 8.583844705885784223e-08 8.333949310536852066e-08 8.090551193116398813e-08
7.660000000000000000e+02 9.999995705822962710e-01 9.999999999811578499e-01 9.999999999777439141e-01 9.999999999779287663e-01 9.999999999386053329e-01 9.106187347462862637e-08 8.839761513272307634e-08 8.583835489324084886e-08 8.333957717986206436e-08 8.090546420712713499e-08
7.680000000000000000e+02 9.999995705822970482e-01 9.999999999812015927e-01 9.999999999777156034e-01 9.999999999779352056e-01 9.999999999386236516e-01 9.106179448723665021e-08 8.839770423446764685e-08 8.583826108117540042e-08 8.333965709840245486e-08 8.090542607583568595e-08
7.700000000000000000e+02 9.999995705822982694e-01 9.999999999812416718e-01 9.999999999776915116e-01 9.999999999779403126e-01 9.999999999386437466e-01 9.106170928288081568e-08 8.839779773251684563e-08 8.583816679451248148e-08 8.333973182066244994e-08 8.090539765442581404e-08
7.720000000000000000e+02 9.999995705822989356e-01 9.999999999812781981e-01 9.999999999776694182e-01 9.999999999779439763e-01 9.999999999386645078e-01 9.106161859702279757e-08 8.839789468643791695e-08 8.583807310436524970e-08 8.333980052888511531e-08 8.090537873877423892e-08
7.740000000000000000e+02 9.999995705822989356e-01 9.999999999813121709e-01 9.999999999776487680e-01 9.999999999779466409e-01 9.999999999386852689e-01 9.106152315101734723e-08 8.839799420254291531e-08 8.583798096148559848e-08 8.333986263855733981e-08 8.090536883465078838e-08
7.760000000000000000e+02 9.999995705822988246e-01 9.999999999813443674e-01 9.999999999776292281e-01 9.999999999779493054e-01 9.999999999387060301e-01 9.106142364467117427e-08 8.839809544739030472e-08 8.583789117999520845e-08 8.333991780118151245e-08 8.090536719944600747e-08
7.780000000000000000e+02 9.999995705822980474e-01 9.999999999813757867e-01 9.999999999776086890e-01 9.999999999779520810e-01 9.999999999387257921e-01 9.106132074911058507e-08 8.839819766006746583e-08 8.583780442482668253e-08 8.333996589924764072e-08 8.090537289239074927e-08
7.800000000000000000e+02 9.999995705822980474e-01 9.999999999814082052e-01 9.999999999775890380e-01 9.999999999779561888e-01 9.999999999387462202e-01 9.106121510000232075e-08 8.839830016306708867e-08 8.583772120314114348e-08 8.334000703375373626e-08 8.090538483089000690e-08
7.820000000000000000e+02 9.999995705822970482e-01 9.999999999814405127e-01 9.999999999775677217e-01 9.999999999779595194e-01 9.999999999387650940e-01 9.106110729116834486e-08 8.839840237155653213e-08 8.583764185984777369e-08 8.334004150481208233e-08 8.090540185032069998e-08
7.840000000000000000e+02 9.999995705822967151e-01 9.999999999814744855e-01 9.999999999775459614e-01 9.999999999779640714e-01 9.999999999387839678e-01 9.106099786868747654e-08 8.839850380090896592e-08 8.583756657726324174e-08 8.334006978612086511e-08 8.090542276454830086e-08
7.860000000000000000e+02 9.999995705822963821e-01 9.999999999815100127e-01 9.999999999775235349e-01 9.999999999779684012e-01 9.999999999388026195e-01 9.106088732556051231e-08 8.839860407241942686e-08 8.583749537890104989e-08 8.334009249430634563e-08 8.090544642449087791e-08
7.880000000000000000e+02 9.999995705822961600e-01 9.999999999815470941e-01 9.999999999775008863e-01 9.999999999779726201e-01 9.999999999388217153e-01 9.106077609694798183e-08 8.839870291710504545e-08 8.583742813725408605e-08 8.334011035425333798e-08 8.090547177214952728e-08
7.900000000000000000e+02 9.999995705822962710e-01 9.999999999815853968e-01 9.999999999774789039e-01 9.999999999779759507e-01 9.999999999388414773e-01 9.106066455601719835e-08 8.839880017751327586e-08 8.583736458530475595e-08 8.334012416164820802e-08 8.090549788773823897e-08
7.920000000000000000e+02 9.999995705822962710e-01 9.999999999816239216e-01 9.999999999774578097e-01 9.999999999779770610e-01 9.999999999388623495e-01 9.106055301048162613e-08 8.839889580754653369e-08 8.583730433144979633e-08 8.334013474407663533e-08 8.090552402793549448e-08
7.940000000000000000e+02 9.999995705822966041e-01 9.999999999816625573e-01 9.999999999774390469e-01 9.999999999779759507e-01 9.999999999388859973e-01 9.106044169986058331e-08 8.839898987033888289e-08 8.583724687747320234e-08 8.334014292205066119e-08 8.090554965369745386e-08
7.960000000000000000e+02 9.999995705822967151e-01 9.999999999816993057e-01 9.999999999774235038e-01 9.999999999779709547e-01 9.999999999389123095e-01 9.106033079343565582e-08 8.839908253420113022e-08 8.583719163908914559e-08 8.334014947129856998e-08 8.090557444651587969e-08
7.980000000000000000e+02 9.999995705822972702e-01 9.999999999817339447e-01 9.999999999774126236e-01 9.999999999779610738e-01 9.999999999389427296e-01 9.106022038893616838e-08 8.839917406669339453e-08 8.583713796850114815e-08 8.334015508760854851e-08 8.090559831256089575e-08
8.000000000000000000e+02 9.999995705822978254e-01 9.999999999817639207e-01 9.999999999774074055e-01 9.999999999779451976e-01 9.999999999389779237e-01 9.106011051201029186e-08 8.839926482696693635e-08 8.583708517842649134e-08 8.334016035543801552e-08 8.090562137471085702e-08
8.020000000000000000e+02 9.999995705822977143e-01 9.999999999817879015e-01 9.999999999774085158e-01 9.999999999779217719e-01 9.999999999390184469e-01 9.106000111645629653e-08 8.839935525652302843e-08 8.583703256701457504e-08 8.334016572136553130e-08 8.090564395298751646e-08
8.040000000000000000e+02 9.999995705822981584e-01 9.999999999818056651e-01 9.999999999774195070e-01 9.999999999778907966e-01 9.999999999390670746e-01 9.105989208515951604e-08 8.839944586850549309e-08 8.583697944301250478e-08 8.334017147328229507e-08 8.090566653445165352e-08
8.060000000000000000e+02 9.999995705822977143e-01 9.999999999818137697e-01 9.999999999774393800e-01 9.999999999778501625e-01 9.999999999391232519e-01 9.105978323176488018e-08 8.839953723570218942e-08 8.583692515052473831e-08 8.334017772601507102e-08 8.090568973408669560e-08
8.080000000000000000e+02 9.999995705822968262e-01 9.999999999818116603e-01 9.999999999774699111e-01 9.999999999777986481e-01 9.999999999391877559e-01 9.105967430310883908e-08 8.839962997750969233e-08 8.583686909279675165e-08 8.334018441387547471e-08 8.090571424857643447e-08
8.100000000000000000e+02 9.999995705822958270e-01 9.999999999817983376e-01 9.999999999775123216e-01 9.999999999777358095e-01 9.999999999392630290e-01 9.105956498232301111e-08 8.839972474607353070e-08 8.583681075446155216e-08 8.334019129041752313e-08 8.090574080523424680e-08
8.120000000000000000e+02 9.999995705822941616e-01 9.999999999817729135e-01 9.999999999775671666e-01 9.999999999776612025e-01 9.999999999393491823e-01 9.105945489253862845e-08 8.839982221177822179e-08 8.583674972164151733e-08 8.334019793539390602e-08 8.090577010855765774e-08
8.140000000000000000e+02 9.999995705822919412e-01 9.999999999817336116e-01 9.999999999776348902e-01 9.999999999775733839e-01 9.999999999394471040e-01 9.105934360122976478e-08 8.839992304835125724e-08 8.583668569940137635e-08 8.334020376865995228e-08 8.090580278694332460e-08
8.160000000000000000e+02 9.999995705822891656e-01 9.999999999816808760e-01 9.999999999777157145e-01 9.999999999774725756e-01 9.999999999395579042e-01 9.105923062516560599e-08 8.840002791788937365e-08 8.583661852618873218e-08 8.334020807060792925e-08 8.090583934214001491e-08
8.180000000000000000e+02 9.999995705822859460e-01 9.999999999816154839e-01 9.999999999778098614e-01 9.999999999773583337e-01 9.999999999396823602e-01 9.105911543582899939e-08 8.840013745600810638e-08 8.583654818488515483e-08 8.334021000847044653e-08 8.090588010393796849e-08
8.200000000000000000e+02 9.999995705822819492e-01 9.999999999815361029e-01 9.999999999779162208e-01 9.999999999772303250e-01 9.999999999398206940e-01 9.105899746525019459e-08 8.840025225730784224e-08 8.583647481011600955e-08 8.334020866755790607e-08 8.090592519228959736e-08
8.220000000000000000e+02 9.999995705822776193e-01 9.999999999814447316e-01 9.999999999780343485e-01 9.999999999770889936e-01 9.999999999399731276e-01 9.105887611228763253e-08 8.840037286146630622e-08 8.583639869167256251e-08 8.334020308640397708e-08 8.090597448875522417e-08
8.240000000000000000e+02 9.999995705822727343e-01 9.999999999813425910e-01 9.999999999781639115e-01 9.999999999769345616e-01 9.999999999401405493e-01 9.105875074925886348e-08 8.840049974022079001e-08 8.583632027400259644e-08 8.334019229470712660e-08 8.090602761884900981e-08
8.260000000000000000e+02 9.999995705822676273e-01 9.999999999812313467e-01 9.999999999783025784e-01 9.999999999767682501e-01 9.999999999403230699e-01 9.105862072876265627e-08 8.840063328537387431e-08 8.583624015169313094e-08 8.334017535275203582e-08 8.090608394631395030e-08
8.280000000000000000e+02 9.999995705822622982e-01 9.999999999811131079e-01 9.999999999784494609e-01 9.999999999765907255e-01 9.999999999405208007e-01 9.105848539067804480e-08 8.840077379801325375e-08 8.583615906100677663e-08 8.334015139094785396e-08 8.090614257980359038e-08
8.300000000000000000e+02 9.999995705822570802e-01 9.999999999809897622e-01 9.999999999786027827e-01 9.999999999764025427e-01 9.999999999407331863e-01 9.105834406934215137e-08 8.840092147920648437e-08 8.583607786772264337e-08 8.334011964820715525e-08 8.090620239199933209e-08
8.320000000000000000e+02 9.999995705822515291e-01 9.999999999808629747e-01 9.999999999787603233e-01 9.999999999762051450e-01 9.999999999409594498e-01 9.105819610076206345e-08 8.840107642231781250e-08 8.583599755154954439e-08 8.334007950786189613e-08 8.090626205061550673e-08
8.340000000000000000e+02 9.999995705822467551e-01 9.999999999807365203e-01 9.999999999789203065e-01 9.999999999760004199e-01 9.999999999412001461e-01 9.105804082972493411e-08 8.840123860700183761e-08 8.583591918740406671e-08 8.334003052983399126e-08 8.090632006016989143e-08
8.360000000000000000e+02 9.999995705822423142e-01 9.999999999806121753e-01 9.999999999790800675e-01 9.999999999757893665e-01 9.999999999414532770e-01 9.105787761681362505e-08 8.840140789499713350e-08 8.583584392398867121e-08 8.333997247796202580e-08 8.090637481297707781e-08
8.380000000000000000e+02 9.999995705822379843e-01 9.999999999804930484e-01 9.999999999792371641e-01 9.999999999755743163e-01 9.999999999417189533e-01 9.105770584530675608e-08 8.840158402786367769e-08 8.583577296018835189e-08 8.333990534151984950e-08 8.090642464737355650e-08
8.400000000000000000e+02 9.999995705822347647e-01 9.999999999803811379e-01 9.999999999793908190e-01 9.999999999753567126e-01 9.999999999419961760e-01 9.105752492780374691e-08 8.840176662668744867e-08 8.583570751983340834e-08 8.333982935013101368e-08 8.090646791084550772e-08
8.420000000000000000e+02 9.999995705822321002e-01 9.999999999802783313e-01 9.999999999795381456e-01 9.999999999751381097e-01 9.999999999422839458e-01 9.105733431246013099e-08 8.840195519368686362e-08 8.583564882537796308e-08 8.333974498151257147e-08 8.090650302555298045e-08
8.440000000000000000e+02 9.999995705822306569e-01 9.999999999801870709e-01 9.999999999796774786e-01 9.999999999749205060e-01 9.999999999425804864e-01 9.105713348887665802e-08 8.840214911572887835e-08 8.583559807106370784e-08 8.333965296164114920e-08 8.090652855349897952e-08
8.460000000000000000e+02 9.999995705822297687e-01 9.999999999801079120e-01 9.999999999798063754e-01 9.999999999747053447e-01 9.999999999428846875e-01 9.105692199361748860e-08 8.840234766980365237e-08 8.583555639625369173e-08 8.333955425722020298e-08 8.090654325858272871e-08
8.480000000000000000e+02 9.999995705822305458e-01 9.999999999800434081e-01 9.999999999799256134e-01 9.999999999744956236e-01 9.999999999431958830e-01 9.105669941517179557e-08 8.840255003032590673e-08 8.583552485960123100e-08 8.333945006067420799e-08 8.090654616305532995e-08
8.500000000000000000e+02 9.999995705822317671e-01 9.999999999799926709e-01 9.999999999800320838e-01 9.999999999742910095e-01 9.999999999435115194e-01 9.105646539828969921e-08 8.840275527803281988e-08 8.583550441453066093e-08 8.333934176795010873e-08 8.090653659591137757e-08
8.520000000000000000e+02 9.999995705822340986e-01 9.999999999799557004e-01 9.999999999801251205e-01 9.999999999740933898e-01 9.999999999438301534e-01 9.105621964781368845e-08 8.840296241045138285e-08 8.583549588659049394e-08 8.333923094961266375e-08 8.090651423092276262e-08
8.540000000000000000e+02 9.999995705822372072e-01 9.999999999799329409e-01 9.999999999802057227e-01 9.999999999739040968e-01 9.999999999441512299e-01 9.105596193193657424e-08 8.840317035388711833e-08 8.583549995339393236e-08 8.333911931622418420e-08 8.090647911278483292e-08
8.560000000000000000e+02 9.999995705822408709e-01 9.999999999799230599e-01 9.999999999802731132e-01 9.999999999737241296e-01 9.999999999444728616e-01 9.105569208466664663e-08 8.840337797656700122e-08 8.583551712754044750e-08 8.333900867902079100e-08 8.090643167022148832e-08
8.580000000000000000e+02 9.999995705822457559e-01 9.999999999799251693e-01 9.999999999803278472e-01 9.999999999735544876e-01 9.999999999447938270e-01 9.105541000757743308e-08 8.840358410266866677e-08 8.583554774272885980e-08 8.333890090677485325e-08 8.090637271500935899e-08
8.600000000000000000e+02 9.999995705822504188e-01 9.999999999799372707e-01 9.999999999803711459e-01 9.999999999733948375e-01 9.999999999451131272e-01 9.105511567099837530e-08 8.840378752725700288e-08 8.583559194359515368e-08 8.333879788023699032e-08 8.090630342683543720e-08
8.620000000000000000e+02 9.999995705822557479e-01 9.999999999799576988e-01 9.999999999804038975e-01 9.999999999732464007e-01 9.999999999454292077e-01 9.105480911445195118e-08 8.840398703185601697e-08 8.583564967964912451e-08 8.333870144574399789e-08 8.090622532469593777e-08
8.640000000000000000e+02 9.999995705822607439e-01 9.999999999799840111e-01 9.999999999804268791e-01 9.999999999731076228e-01 9.999999999457406252e-01 9.105449044621059721e-08 8.840418140015143720e-08 8.583572070316955471e-08 8.333861336909337763e-08 8.090614022549835691e-08
8.660000000000000000e+02 9.999995705822656289e-01 9.999999999800142092e-01 9.999999999804429773e-01 9.999999999729787259e-01 9.999999999460472688e-01 9.105415984222751461e-08 8.840436943372994780e-08 8.583580457112537711e-08 8.333853529096270946e-08 8.090605019116376167e-08
8.680000000000000000e+02 9.999995705822700698e-01 9.999999999800455175e-01 9.999999999804528583e-01 9.999999999728588218e-01 9.999999999463475842e-01 9.105381754447715974e-08 8.840454996780996735e-08 8.583590065141256382e-08 8.333846868558327132e-08 8.090595746657990612e-08
8.700000000000000000e+02 9.999995705822731784e-01 9.999999999800757156e-01 9.999999999804589645e-01 9.999999999727462452e-01 9.999999999466410161e-01 9.105346385845183827e-08 8.840472188644945033e-08 8.583600813311034526e-08 8.333841482382200233e-08 8.090586441065761979e-08
8.720000000000000000e+02 9.999995705822760650e-01 9.999999999801030270e-01 9.999999999804636275e-01 9.999999999726408850e-01 9.999999999469277867e-01 9.105309914992377610e-08 8.840488413688468591e-08 8.583612604027479762e-08 8.333837474143780489e-08 8.090577342268764569e-08
8.740000000000000000e+02 9.999995705822777303e-01 9.999999999801258976e-01 9.999999999804688455e-01 9.999999999725404098e-01 9.999999999472077850e-01 9.105272384124723826e-08 8.840503574308117067e-08 8.583625324926001808e-08 8.333834921373655864e-08 8.090568686707169123e-08
8.760000000000000000e+02 9.999995705822779524e-01 9.999999999801424400e-01 9.999999999804760620e-01 9.999999999724425992e-01 9.999999999474804557e-01 9.105233840705357654e-08 8.840517581823474294e-08 8.583638850929332279e-08 8.333833873758641401e-08 8.090560699953079713e-08
8.780000000000000000e+02 9.999995705822775083e-01 9.999999999801528761e-01 9.999999999804881634e-01 9.999999999723470090e-01 9.999999999477470203e-01 9.105194336922138908e-08 8.840530357572107179e-08 8.583653046548410273e-08 8.333834352093893587e-08 8.090553589717462825e-08
8.800000000000000000e+02 9.999995705822760650e-01 9.999999999801565398e-01 9.999999999805064821e-01 9.999999999722510857e-01 9.999999999480081447e-01 9.105153929142056941e-08 8.840541833848394521e-08 8.583667768379280651e-08 8.333836348013281238e-08 8.090547539505284272e-08
8.820000000000000000e+02 9.999995705822729564e-01 9.999999999801530981e-01 9.999999999805317952e-01 9.999999999721521649e-01 9.999999999482637181e-01 9.105112677334508404e-08 8.840551954691553534e-08 8.583682867770668138e-08 8.333839824540265284e-08 8.090542703197146636e-08
8.840000000000000000e+02 9.999995705822695147e-01 9.999999999801441053e-01 9.999999999805655460e-01 9.999999999720491362e-01 9.999999999485160718e-01 9.105070644443545253e-08 8.840560676484641683e-08 8.583698193581633368e-08 8.333844717421811552e-08 8.090539200737292027e-08
8.860000000000000000e+02 9.999995705822641856e-01 9.999999999801294503e-01 9.999999999806068463e-01 9.999999999719383359e-01 9.999999999487648727e-01 9.105027895720770125e-08 8.840567968345040206e-08 8.583713594944623478e-08 8.333850937172028482e-08 8.090537115053542793e-08
8.880000000000000000e+02 9.999995705822581904e-01 9.999999999801125750e-01 9.999999999806571394e-01 9.999999999718194310e-01 9.999999999490132296e-01 9.104984498047949534e-08 8.840573812326683225e-08 8.583728923997474965e-08 8.333858371786713165e-08 8.090536490344090032e-08
8.900000000000000000e+02 9.999995705822514180e-01 9.999999999800949224e-01 9.999999999807149820e-01 9.999999999716896459e-01 9.999999999492616976e-01 9.104940519243681670e-08 8.840578203428011917e-08 8.583744038529229630e-08 8.333866890052296146e-08 8.090537331788661978e-08
8.920000000000000000e+02 9.999995705822442016e-01 9.999999999800796013e-01 9.999999999807800410e-01 9.999999999715478705e-01 9.999999999495127190e-01 9.104896027346308888e-08 8.840581149381361094e-08 8.583758804450777480e-08 8.333876345310308622e-08 8.090539606638791721e-08
8.940000000000000000e+02 9.999995705822367631e-01 9.999999999800696093e-01 9.999999999808500961e-01 9.999999999713926613e-01 9.999999999497684033e-01 9.104851089897981647e-08 8.840582670238197609e-08 8.583773098038050112e-08 8.333886579559559038e-08 8.090543246627011844e-08
8.960000000000000000e+02 9.999995705822289915e-01 9.999999999800680550e-01 9.999999999809234819e-01 9.999999999712229082e-01 9.999999999500308601e-01 9.104805773244800177e-08 8.840582797773042095e-08 8.583786807919043541e-08 8.333897427791226537e-08 8.090548151600865319e-08
8.980000000000000000e+02 9.999995705822226633e-01 9.999999999800794903e-01 9.999999999809990880e-01 9.999999999710390552e-01 9.999999999503034198e-01 9.104760141842833773e-08 8.840581574699015873e-08 8.583799836745567422e-08 8.333908722404274302e-08 8.090554194193037540e-08
9.000000000000000000e+02 9.999995705822157799e-01 9.999999999801053585e-01 9.999999999810718077e-01 9.999999999708392151e-01 9.999999999505868598e-01 9.104714257577483495e-08 8.840579053699299802e-08 8.583812102497560648e-08 8.333920297544085991e-08 8.090561225302298744e-08
9.020000000000000000e+02 9.999995705822094516e-01 9.999999999801489903e-01 9.999999999811395313e-01 9.999999999706237208e-01 9.999999999508842885e-01 9.104668179118372615e-08 8.840575296306431604e-08 8.583823539407118264e-08 8.333931993246734568e-08 8.090569080165589385e-08
9.040000000000000000e+02 9.999995705822043446e-01 9.999999999802138273e-01 9.999999999811988172e-01 9.999999999703941267e-01 9.999999999511985926e-01 9.104621961312143105e-08 8.840570371648073742e-08 8.583834098486812392e-08 8.333943659264970572e-08 8.090577584758849605e-08
9.060000000000000000e+02 9.999995705822011249e-01 9.999999999803020900e-01 9.999999999812465568e-01 9.999999999701516540e-01 9.999999999515324367e-01 9.104575654608990512e-08 8.840564355065440476e-08 8.583843747635634872e-08 8.333955158438100344e-08 8.090586562231886172e-08
9.080000000000000000e+02 9.999995705821992376e-01 9.999999999804152218e-01 9.999999999812789753e-01 9.999999999698971909e-01 9.999999999518883742e-01 9.104529304536411648e-08 8.840557326630656687e-08 8.583852471322815747e-08 8.333966369504115561e-08 8.090595839111414459e-08
9.100000000000000000e+02 9.999995705821983494e-01 9.999999999805531115e-01 9.999999999812910767e-01 9.999999999696322917e-01 9.999999999522677374e-01 9.104482951232764727e-08 8.840549369596901989e-08 8.583860269870054158e-08 8.333977189282718163e-08 8.090605251024679763e-08
9.120000000000000000e+02 9.999995705821994596e-01 9.999999999807168694e-01 9.999999999812807516e-01 9.999999999693601760e-01 9.999999999526735239e-01 9.104436629039291970e-08 8.840540568800371900e-08 8.583867158344991565e-08 8.333987534157129057e-08 8.090614647695374100e-08
9.140000000000000000e+02 9.999995705822009029e-01 9.999999999809039419e-01 9.999999999812430040e-01 9.999999999690820651e-01 9.999999999531066219e-01 9.104390366152607138e-08 8.840531009035418510e-08 8.583873165087208979e-08 8.333997340805466652e-08 8.090623897004792576e-08
9.160000000000000000e+02 9.999995705822050107e-01 9.999999999811147733e-01 9.999999999811769458e-01 9.999999999688035102e-01 9.999999999535708062e-01 9.104344184348433084e-08 8.840520773436037280e-08 8.583878329909794694e-08 8.334006566174128855e-08 8.090632887969997260e-08
9.180000000000000000e+02 9.999995705822095626e-01 9.999999999813449225e-01 9.999999999810780249e-01 9.999999999685259544e-01 9.999999999540660767e-01 9.104298098781911095e-08 8.840509941893658465e-08 8.583882702024212835e-08 8.334015186704850353e-08 8.090641532528047093e-08
9.200000000000000000e+02 9.999995705822155578e-01 9.999999999815915031e-01 9.999999999809456863e-01 9.999999999682542828e-01 9.999999999545943208e-01 9.104252117864184216e-08 8.840498589533996583e-08 8.583886337735273916e-08 8.334023196842525704e-08 8.090649766063774846e-08
9.220000000000000000e+02 9.999995705822218861e-01 9.999999999818497409e-01 9.999999999807771545e-01 9.999999999679918261e-01 9.999999999551565377e-01 9.104206243218236396e-08 8.840486785279440957e-08 8.583889297964646088e-08 8.334030606883725796e-08 8.090657546689327370e-08
9.240000000000000000e+02 9.999995705822288805e-01 9.999999999821147512e-01 9.999999999805723183e-01 9.999999999677431362e-01 9.999999999557530606e-01 9.104160469718714945e-08 8.840474590525868485e-08 8.583891645669175473e-08 8.334037440252964145e-08 8.090664853339882005e-08
9.260000000000000000e+02 9.999995705822364300e-01 9.999999999823808716e-01 9.999999999803311779e-01 9.999999999675127649e-01 9.999999999563849995e-01 9.104114785617302002e-08 8.840462057958148796e-08 8.583893443219763890e-08 8.334043730307730966e-08 8.090671682798186595e-08
9.280000000000000000e+02 9.999995705822435355e-01 9.999999999826414410e-01 9.999999999800543993e-01 9.999999999673045981e-01 9.999999999570519105e-01 9.104069172752956050e-08 8.840449230525370710e-08 8.583894749808145717e-08 8.334049516790330395e-08 8.090678045816703688e-08
9.300000000000000000e+02 9.999995705822511960e-01 9.999999999828906860e-01 9.999999999797442030e-01 9.999999999671234097e-01 9.999999999577541265e-01 9.104023606846140726e-08 8.840436140596153180e-08 8.583895618951469279e-08 8.334054842062848151e-08 8.090683962553029396e-08
9.320000000000000000e+02 9.999995705822583014e-01 9.999999999831213904e-01 9.999999999794021432e-01 9.999999999669734185e-01 9.999999999584903154e-01 9.103978057875737270e-08 8.840422809311726533e-08 8.583896096162719333e-08 8.334059747270968439e-08 8.090689457565677002e-08
9.340000000000000000e+02 9.999995705822642966e-01 9.999999999833270037e-01 9.999999999790314398e-01 9.999999999668579553e-01 9.999999999592593669e-01 9.103932490537117304e-08 8.840409246151890285e-08 8.583896216851724425e-08 8.334064268584587618e-08 8.090694554642219518e-08
9.360000000000000000e+02 9.999995705822697367e-01 9.999999999835013087e-01 9.999999999786364224e-01 9.999999999667815720e-01 9.999999999600601708e-01 9.103886864777749552e-08 8.840395448724678980e-08 8.583896004517710348e-08 8.334068433663493787e-08 8.090699271745058647e-08
9.380000000000000000e+02 9.999995705822740666e-01 9.999999999836380882e-01 9.999999999782210880e-01 9.999999999667468220e-01 9.999999999608906176e-01 9.103841136403679402e-08 8.840381402786714802e-08 8.583895469288033306e-08 8.334072258493566383e-08 8.090703616358756181e-08
9.400000000000000000e+02 9.999995705822778413e-01 9.999999999837331233e-01 9.999999999777914317e-01 9.999999999667578132e-01 9.999999999617492641e-01 9.103795257751321327e-08 8.840367082497939500e-08 8.583894606849621384e-08 8.334075744728413566e-08 8.090707581509626337e-08
9.420000000000000000e+02 9.999995705822805059e-01 9.999999999837808629e-01 9.999999999773526715e-01 9.999999999668162110e-01 9.999999999626325575e-01 9.103749178421002650e-08 8.840352450912192048e-08 8.583893397812044153e-08 8.334078877653826316e-08 8.090711142699624722e-08
9.440000000000000000e+02 9.999995705822820602e-01 9.999999999837784204e-01 9.999999999769108028e-01 9.999999999669242357e-01 9.999999999635379444e-01 9.103702846065109172e-08 8.840337460701019475e-08 8.583891807532397869e-08 8.334081624874734427e-08 8.090714255958265190e-08
9.460000000000000000e+02 9.999995705822836145e-01 9.999999999837236864e-01 9.999999999764732639e-01 9.999999999670839967e-01 9.999999999644629822e-01 9.103656207219980053e-08 8.840322055101762163e-08 8.583889786419688092e-08 8.334083935803913597e-08 8.090716857170446266e-08
9.480000000000000000e+02 9.999995705822842806e-01 9.999999999836147735e-01 9.999999999760456060e-01 9.999999999672952722e-01 9.999999999654031191e-01 9.103609208175158170e-08 8.840306169079057046e-08 8.583887270724015574e-08 8.334085742001648290e-08 8.090718862777258414e-08
9.500000000000000000e+02 9.999995705822851688e-01 9.999999999834525699e-01 9.999999999756352675e-01 9.999999999675591722e-01 9.999999999663554684e-01 9.103561795875979158e-08 8.840289730688667853e-08 8.583884183808024327e-08 8.334086958386811500e-08 8.090720171882386886e-08
9.520000000000000000e+02 9.999995705822865011e-01 9.999999999832384079e-01 9.999999999752486879e-01 9.999999999678753637e-01 9.999999999673161444e-01 9.103513918849267254e-08 8.840272662626074420e-08 8.583880437886529952e-08 8.334087485315263903e-08 8.090720669735983389e-08
9.540000000000000000e+02 9.999995705822887215e-01 9.999999999829748409e-01 9.999999999748924173e-01 9.999999999682425145e-01 9.999999999682805951e-01 9.103465528139583307e-08 8.840254883936253690e-08 8.583875936203301666e-08 8.334087211487974727e-08 8.090720232498362169e-08
9.560000000000000000e+02 9.999995705822924963e-01 9.999999999826658659e-01 9.999999999745723400e-01 9.999999999686591812e-01 9.999999999692450459e-01 9.103416578251854659e-08 8.840236311862943223e-08 8.583870575605178230e-08 8.334086017618060310e-08 8.090718733116068739e-08
9.580000000000000000e+02 9.999995705822979364e-01 9.999999999823164787e-01 9.999999999742942292e-01 9.999999999691226993e-01 9.999999999702049447e-01 9.103367028094678683e-08 8.840216863814579515e-08 8.583864249468811618e-08 8.334083780763529680e-08 8.090716048090243552e-08
9.600000000000000000e+02 9.999995705823067071e-01 9.999999999819334517e-01 9.999999999740631917e-01 9.999999999696310704e-01 9.999999999711564058e-01 9.103316841910395399e-08 8.840196459415641073e-08 8.583856850920019558e-08 8.334080379207316652e-08 8.090712064867050640e-08
9.620000000000000000e+02 9.999995705823190306e-01 9.999999999815240015e-01 9.999999999738840017e-01 9.999999999701807418e-01 9.999999999720953214e-01 9.103265990181406108e-08 8.840175022610916478e-08 8.583848276273411626e-08 8.334075697736202234e-08 8.090706689529466013e-08
9.640000000000000000e+02 9.999995705823347958e-01 9.999999999810952334e-01 9.999999999737592127e-01 9.999999999707671616e-01 9.999999999730165845e-01 9.103214450509701965e-08 8.840152483794745370e-08 8.583838428621232111e-08 8.334069633155310135e-08 8.090699854445037562e-08
9.660000000000000000e+02 9.999995705823547798e-01 9.999999999806560291e-01 9.999999999736917111e-01 9.999999999713858889e-01 9.999999999739163092e-01 9.103162208459739848e-08 8.840128781932704957e-08 8.583827221494101417e-08 8.334062099865805488e-08 8.090691525514852574e-08
9.680000000000000000e+02 9.999995705823792047e-01 9.999999999802144934e-01 9.999999999736829404e-01 9.999999999720317057e-01 9.999999999747898327e-01 9.103109258350423459e-08 8.840103866637675852e-08 8.583814582504100797e-08 8.334053035317023584e-08 8.090681708659394740e-08
9.700000000000000000e+02 9.999995705824090697e-01 9.999999999797803962e-01 9.999999999737344547e-01 9.999999999727005040e-01 9.999999999756343794e-01 9.103055603989963959e-08 8.840077700168319706e-08 8.583800456882944122e-08 8.334042405140302157e-08 8.090670455190829451e-08
9.720000000000000000e+02 9.999995705824438197e-01 9.999999999793615091e-01 9.999999999738450329e-01 9.999999999733860667e-01 9.999999999764449532e-01 9.103001259349114992e-08 8.840050259319646150e-08 8.583784810833635629e-08 8.334030207781145165e-08 8.090657865760456584e-08
9.740000000000000000e+02 9.999995705824841208e-01 9.999999999789671579e-01 9.999999999740141199e-01 9.999999999740831758e-01 9.999999999772190007e-01 9.102946249161200237e-08 8.840021537170196924e-08 8.583767634607797538e-08 8.334016478450655317e-08 8.090644092608838970e-08
9.760000000000000000e+02 9.999995705825295289e-01 9.999999999786040039e-01 9.999999999742390511e-01 9.999999999747853918e-01 9.999999999779524140e-01 9.102890609439702154e-08 8.839991544653646687e-08 8.583748945222732041e-08 8.334001292226916087e-08 8.090629339897795636e-08
9.780000000000000000e+02 9.999995705825801551e-01 9.999999999782802629e-01 9.999999999745170509e-01 9.999999999754872748e-01 9.999999999786428617e-01 9.102834387910205111e-08 8.839960311929196451e-08 8.583728788745505202e-08 8.333984766162489099e-08 8.090613861981442121e-08
9.800000000000000000e+02 9.999995705826365544e-01 9.999999999780021520e-01 9.999999999748445667e-01 9.999999999761837177e-01 9.999999999792876793e-01 9.102777644351142184e-08 8.839927889523211198e-08 8.583707242075715732e-08 8.333967060278657432e-08 8.090597959549558146e-08
9.820000000000000000e+02 9.999995705826967285e-01 9.999999999777736681e-01 9.999999999752160473e-01 9.999999999768676151e-01 9.999999999798840911e-01 9.102720450835314687e-08 8.839894349215499575e-08 8.583684414161210939e-08 8.333948377350448652e-08 8.090581973651857524e-08
9.840000000000000000e+02 9.999995705827606773e-01 9.999999999775995851e-01 9.999999999756261637e-01 9.999999999775340820e-01 9.999999999804300987e-01 9.102662891868560729e-08 8.839859784651878856e-08 8.583660446597358563e-08 8.333928961423207490e-08 8.090566277704400592e-08
9.860000000000000000e+02 9.999995705828280679e-01 9.999999999774823456e-01 9.999999999760696978e-01 9.999999999781783444e-01 9.999999999809244811e-01 9.102605064423819177e-08 8.839824311666580825e-08 8.583635513574087368e-08 8.333909095038749545e-08 8.090551267667431918e-08
9.880000000000000000e+02 9.999995705828974568e-01 9.999999999774232817e-01 9.999999999765394332e-01 9.999999999787946292e-01 9.999999999813652396e-01 9.102547077866675459e-08 8.839788068297906007e-08 8.583609821140385934e-08 8.333889095181309403e-08 8.090537350656942918e-08
9.900000000000000000e+02 9.999995705829691772e-01 9.999999999774235038e-01 9.999999999770303738e-01 9.999999999793799388e-01 9.999999999817534846e-01 9.102489053770169719e-08 8.839751214488605613e-08 8.583583605772193614e-08 8.333869307993799399e-08 8.090524932329691056e-08
9.920000000000000000e+02 9.999995705830408976e-01 9.999999999774804582e-01 9.999999999775337489e-01 9.999999999799285000e-01 9.999999999820865515e-01 9.102431125618985121e-08 8.839713931468043799e-08 8.583557132248526296e-08 8.333850102355973745e-08 8.090514403450809755e-08
9.940000000000000000e+02 9.999995705831126180e-01 9.999999999775928128e-01 9.999999999780442295e-01 9.999999999804384254e-01 9.999999999823658836e-01 9.102373438402775419e-08 8.839676420812679307e-08 8.583530690849656852e-08 8.333831862447173527e-08 8.090506126095198317e-08
9.960000000000000000e+02 9.999995705831823400e-01 9.999999999777560156e-01 9.999999999785539329e-01 9.999999999809049411e-01 9.999999999825905928e-01 9.102316148099223397e-08 8.839638903187354655e-08 8.583504593904205180e-08 8.333814979451119967e-08 8.090500419969076700e-08
9.980000000000000000e+02 9.999995705832500636e-01 9.999999999779665139e-01 9.999999999790571970e-01 9.999999999813272700e-01 9.999999999827625663e-01 9.102259421049647881e-08 8.839601616778271946e-08 8.583479171732134940e-08 8.333799842594884211e-08 8.090497549362988804e-08
1.000000000000000000e+03 9.999995705833141235e-01 9.999999999782185345e-01 9.999999999795473604e-01 9.999999999817026364e-01 9.999999999828819153e-01 9.102203433230113365e-08 8.839564815429909494e-08 8.583454768041955335e-08 8.333786829735800918e-08 8.090497711240023131e-08
1.002000000000000000e+03 9.999995705833737425e-01 9.999999999785061933e-01 9.999999999800193162e-01 9.999999999820300411e-01 9.999999999829505271e-01 9.102148369420699799e-08 8.839528766499757360e-08 8.583431734849080626e-08 8.333776297728890470e-08 8.090501024939080428e-08
1.004000000000000000e+03 9.999995705834281434e-01 9.999999999788226068e-01 9.999999999804669581e-01 9.999999999823088181e-01 9.999999999829699560e-01 9.102094422278567960e-08 8.839493748453208321e-08 8.583410426997538658e-08 8.333768572827030920e-08 8.090507523942617390e-08
1.006000000000000000e+03 9.999995705834764381e-01 9.999999999791611138e-01 9.999999999808860673e-01 9.999999999825383012e-01 9.999999999829417563e-01 9.102041791321738299e-08 8.839460048225430088e-08 8.583391196379006736e-08 8.333763941371515324e-08 8.090517150097385852e-08
1.008000000000000000e+03 9.999995705835175164e-01 9.999999999795142758e-01 9.999999999812725360e-01 9.999999999827189345e-01 9.999999999828680375e-01 9.101990681828985720e-08 8.839427958377397918e-08 8.583374385948542377e-08 8.333762641028364327e-08 8.090529750597478782e-08
1.010000000000000000e+03 9.999995705835509341e-01 9.999999999798749872e-01 9.999999999816225893e-01 9.999999999828517172e-01 9.999999999827509090e-01 9.101941303661710718e-08 8.839397774076298921e-08 8.583360323642145596e-08 8.333764852823656822e-08 8.090545077958666508e-08
1.012000000000000000e+03 9.999995705835775794e-01 9.999999999802373640e-01 9.999999999819353391e-01 9.999999999829386477e-01 9.999999999825941455e-01 9.101893870017862595e-08 8.839369789936333423e-08 8.583349316308663843e-08 8.333770694217407723e-08 8.090562793114986377e-08
1.014000000000000000e+03 9.999995705835953430e-01 9.999999999805935236e-01 9.999999999822070107e-01 9.999999999829802810e-01 9.999999999823990793e-01 9.101848596128392812e-08 8.839344296759325569e-08 8.583341643771634436e-08 8.333780213431467415e-08 8.090582471654473592e-08
1.016000000000000000e+03 9.999995705836060012e-01 9.999999999809391360e-01 9.999999999824384922e-01 9.999999999829801700e-01 9.999999999821695962e-01 9.101805697902281526e-08 8.839321578212682604e-08 8.583337553134798524e-08 8.333793385223581737e-08 8.090603613105996025e-08
1.018000000000000000e+03 9.999995705836081106e-01 9.999999999812676510e-01 9.999999999826282293e-01 9.999999999829398689e-01 9.999999999819075835e-01 9.101765390528937202e-08 8.839301907483433410e-08 8.583337253442176428e-08 8.333810108267615691e-08 8.090625653082359582e-08
1.020000000000000000e+03 9.999995705836022264e-01 9.999999999815745166e-01 9.999999999827763331e-01 9.999999999828617092e-01 9.999999999816159280e-01 9.101727887053014706e-08 8.839285543952577310e-08 8.583340910801794250e-08 8.333830204258133740e-08 8.090647977970409871e-08
1.022000000000000000e+03 9.999995705835889037e-01 9.999999999818559582e-01 9.999999999828841357e-01 9.999999999827492436e-01 9.999999999812974050e-01 9.101693396932446274e-08 8.839272729934768228e-08 8.583348644077831798e-08 8.333853418818818817e-08 8.090669941763116080e-08
1.024000000000000000e+03 9.999995705835690307e-01 9.999999999821092000e-01 9.999999999829533026e-01 9.999999999826055808e-01 9.999999999809553453e-01 9.101662124584845615e-08 8.839263687521532746e-08 8.583360521243129316e-08 8.333879424251266295e-08 8.090690884548427482e-08
1.026000000000000000e+03 9.999995705835426074e-01 9.999999999823321328e-01 9.999999999829858321e-01 9.999999999824337182e-01 9.999999999805923023e-01 9.101634267935460514e-08 8.839258615567582457e-08 8.583376556472360982e-08 8.333907824108403389e-08 8.090710152090610529e-08
1.028000000000000000e+03 9.999995705835100779e-01 9.999999999825226471e-01 9.999999999829835007e-01 9.999999999822365426e-01 9.999999999802102746e-01 9.101610016984301455e-08 8.839257686866072916e-08 8.583396708050162642e-08 8.333938159530835586e-08 8.090727115885083988e-08
1.030000000000000000e+03 9.999995705834738846e-01 9.999999999826816310e-01 9.999999999829503050e-01 9.999999999820182728e-01 9.999999999798132588e-01 9.101589552399509738e-08 8.839261045551950015e-08 8.583420877154241926e-08 8.333969917243332651e-08 8.090741193043523225e-08
1.032000000000000000e+03 9.999995705834332504e-01 9.999999999828081965e-01 9.999999999828879105e-01 9.999999999817811291e-01 9.999999999794024763e-01 9.101573044142616389e-08 8.839268804762908211e-08 8.583448907550918872e-08 8.334002539057819641e-08 8.090751865350448486e-08
1.034000000000000000e+03 9.999995705833898407e-01 9.999999999829036756e-01 9.999999999828004249e-01 9.999999999815285534e-01 9.999999999789810357e-01 9.101560650143442498e-08 8.839281044593326852e-08 8.583480586228167910e-08 8.334035432684501778e-08 8.090758696837599478e-08
1.036000000000000000e+03 9.999995705833440995e-01 9.999999999829691788e-01 9.999999999826900687e-01 9.999999999812632101e-01 9.999999999785500471e-01 9.101552515039322433e-08 8.839297810377861143e-08 8.583515644981327066e-08 8.334067983623378527e-08 8.090761349265302133e-08
1.038000000000000000e+03 9.999995705832964710e-01 9.999999999830060382e-01 9.999999999825598396e-01 9.999999999809868756e-01 9.999999999781111759e-01 9.101548768980381080e-08 8.839319111326619280e-08 8.583553762942653336e-08 8.334099567874998673e-08 8.090759594958849255e-08
1.040000000000000000e+03 9.999995705832489534e-01 9.999999999830174735e-01 9.999999999824137342e-01 9.999999999807033246e-01 9.999999999776673087e-01 9.101549526510292296e-08 8.839344919528944503e-08 8.583594570023553408e-08 8.334129565175473205e-08 8.090753326514220936e-08
1.042000000000000000e+03 9.999995705832021020e-01 9.999999999830059272e-01 9.999999999822547503e-01 9.999999999804144446e-01 9.999999999772197778e-01 9.101554885540929648e-08 8.839375169350522188e-08 8.583637651230254910e-08 8.334157372447046176e-08 8.090742562985621846e-08
1.044000000000000000e+03 9.999995705831554726e-01 9.999999999829722874e-01 9.999999999820841090e-01 9.999999999801210127e-01 9.999999999767684722e-01 9.101564926427256874e-08 8.839409757239811648e-08 8.583682551799144822e-08 8.334182417150929869e-08 8.090727452286484803e-08
1.046000000000000000e+03 9.999995705831102866e-01 9.999999999829209951e-01 9.999999999819051411e-01 9.999999999798256933e-01 9.999999999763152791e-01 9.101579711142397211e-08 8.839448541943896591e-08 8.583728783072041463e-08 8.334204170217985368e-08 8.090708269648855480e-08
1.048000000000000000e+03 9.999995705830678761e-01 9.999999999828544928e-01 9.999999999817208440e-01 9.999999999795298189e-01 9.999999999758617530e-01 9.101599282565808072e-08 8.839491345137481202e-08 8.583775829019176690e-08 8.334222158234824095e-08 8.090685412108322506e-08
1.050000000000000000e+03 9.999995705830274639e-01 9.999999999827745567e-01 9.999999999815318841e-01 9.999999999792342775e-01 9.999999999754076718e-01 9.101623663897131606e-08 8.839537952470841955e-08 8.583823153314369456e-08 8.334235974586821378e-08 8.090659389124519887e-08
1.052000000000000000e+03 9.999995705829892723e-01 9.999999999826829633e-01 9.999999999813394824e-01 9.999999999789391802e-01 9.999999999749529245e-01 9.101652858193566478e-08 8.839588115025918271e-08 8.583870206850407700e-08 8.334245289279918751e-08 8.090630809578038355e-08
1.054000000000000000e+03 9.999995705829537451e-01 9.999999999825827102e-01 9.999999999811458595e-01 9.999999999786458593e-01 9.999999999744987322e-01 9.101686848032563464e-08 8.839641551162121725e-08 8.583916435565701592e-08 8.334249857181718516e-08 8.090600365494897727e-08
1.056000000000000000e+03 9.999995705829211046e-01 9.999999999824751296e-01 9.999999999809516815e-01 9.999999999783546478e-01 9.999999999740449841e-01 9.101725595312621832e-08 8.839697948740926465e-08 8.583961288454472952e-08 8.334249524464115604e-08 8.090568812967915914e-08
1.058000000000000000e+03 9.999995705828912396e-01 9.999999999823615537e-01 9.999999999807576145e-01 9.999999999780656568e-01 9.999999999735915690e-01 9.101769041193544404e-08 8.839756967710322903e-08 8.584004225633044708e-08 8.334244233079927583e-08 8.090536950854231322e-08
1.060000000000000000e+03 9.999995705828634840e-01 9.999999999822429819e-01 9.999999999805635476e-01 9.999999999777783311e-01 9.999999999731380429e-01 9.101817106169687376e-08 8.839818243014562508e-08 8.584044726321899553e-08 8.334234023141989178e-08 8.090505597896471778e-08
1.062000000000000000e+03 9.999995705828375048e-01 9.999999999821198582e-01 9.999999999803700357e-01 9.999999999774927817e-01 9.999999999726840727e-01 9.101869690281629881e-08 8.839881387799240474e-08 8.584082296603608383e-08 8.334219033119767156e-08 8.090475568967466711e-08
1.064000000000000000e+03 9.999995705828135240e-01 9.999999999819938479e-01 9.999999999801775230e-01 9.999999999772088977e-01 9.999999999722294364e-01 9.101926673471448723e-08 8.839945996884022284e-08 8.584116476829319479e-08 8.334199497834655677e-08 8.090447651190428283e-08
1.066000000000000000e+03 9.999995705827905423e-01 9.999999999818639518e-01 9.999999999799850103e-01 9.999999999769257908e-01 9.999999999717734678e-01 9.101987916072736204e-08 8.840011650460216480e-08 8.584146848547797710e-08 8.334175744285796613e-08 8.090422580695381315e-08
1.068000000000000000e+03 9.999995705827688930e-01 9.999999999817316132e-01 9.999999999797934969e-01 9.999999999766439052e-01 9.999999999713158338e-01 9.102053259430276191e-08 8.840077917967149484e-08 8.584173040830856147e-08 8.334148185379460226e-08 8.090401020741343847e-08
1.070000000000000000e+03 9.999995705827472436e-01 9.999999999815962770e-01 9.999999999796018724e-01 9.999999999763621306e-01 9.999999999708558684e-01 9.102122526653981524e-08 8.840144362111004734e-08 8.584194735886740023e-08 8.334117311696632690e-08 8.090383541905602928e-08
1.072000000000000000e+03 9.999995705827253722e-01 9.999999999814580542e-01 9.999999999794102479e-01 9.999999999760800229e-01 9.999999999703924614e-01 9.102195523501111922e-08 8.840210542981200313e-08 8.584211673867493985e-08 8.334083681489260529e-08 8.090370604989675212e-08
1.074000000000000000e+03 9.999995705827040560e-01 9.999999999813180551e-01 9.999999999792197336e-01 9.999999999757986924e-01 9.999999999699266118e-01 9.102272039373362782e-08 8.840276022208886618e-08 8.584223656782387984e-08 8.334047909126441952e-08 8.090362547187986846e-08
1.076000000000000000e+03 9.999995705826822956e-01 9.999999999811758356e-01 9.999999999790292193e-01 9.999999999755169178e-01 9.999999999694569874e-01 9.102351848426079976e-08 8.840340367123403207e-08 8.584230551446961743e-08 8.334010652250837163e-08 8.090359571959064077e-08
1.078000000000000000e+03 9.999995705826593140e-01 9.999999999810315066e-01 9.999999999788391492e-01 9.999999999752345881e-01 9.999999999689828112e-01 9.102434710788068019e-08 8.840403154866207969e-08 8.584232291420603361e-08 8.333972597950912404e-08 8.090361742938866987e-08
1.080000000000000000e+03 9.999995705826356662e-01 9.999999999808858453e-01 9.999999999786497451e-01 9.999999999749514812e-01 9.999999999685037499e-01 9.102520373878072510e-08 8.840463976407592071e-08 8.584228877895510386e-08 8.333934448270417780e-08 8.090368982098592097e-08
1.082000000000000000e+03 9.999995705826106862e-01 9.999999999807397399e-01 9.999999999784616733e-01 9.999999999746685964e-01 9.999999999680200258e-01 9.102608573805764673e-08 8.840522440414339590e-08 8.584220379516782669e-08 8.333896905387806779e-08 8.090381072195912923e-08
1.084000000000000000e+03 9.999995705825848180e-01 9.999999999805939677e-01 9.999999999782760440e-01 9.999999999743857115e-01 9.999999999675313056e-01 9.102699036850985150e-08 8.840578176932103996e-08 8.584206931143046403e-08 8.333860656819948439e-08 8.090397663440737517e-08
1.086000000000000000e+03 9.999995705825578396e-01 9.999999999804493056e-01 9.999999999780928572e-01 9.999999999741032708e-01 9.999999999670369233e-01 9.102791481010865551e-08 8.840630840842824586e-08 8.584188731572743724e-08 8.333826360998625327e-08 8.090418284165757640e-08
1.088000000000000000e+03 9.999995705825299730e-01 9.999999999803073081e-01 9.999999999779136672e-01 9.999999999738221623e-01 9.999999999665376560e-01 9.102885617605043247e-08 8.840680115050971938e-08 8.584166040265985511e-08 8.333794633543784941e-08 8.090442355153160057e-08
1.090000000000000000e+03 9.999995705825017733e-01 9.999999999801696404e-01 9.999999999777399173e-01 9.999999999735430523e-01 9.999999999660332817e-01 9.102981152930402429e-08 8.840725713360055925e-08 8.584139173114812948e-08 8.333766034560000294e-08 8.090469207152715785e-08
1.092000000000000000e+03 9.999995705824730186e-01 9.999999999800377459e-01 9.999999999775719406e-01 9.999999999732663847e-01 9.999999999655240224e-01 9.103077789943485367e-08 8.840767383004595123e-08 8.584108497348860806e-08 8.333741057270662867e-08 8.090498101019874594e-08
1.094000000000000000e+03 9.999995705824445968e-01 9.999999999799134009e-01 9.999999999774121795e-01 9.999999999729940470e-01 9.999999999650104332e-01 9.103175229950000200e-08 8.840804906813591162e-08 8.584074425676946701e-08 8.333720118232318175e-08 8.090528249810454002e-08
1.096000000000000000e+03 9.999995705824160641e-01 9.999999999797976047e-01 9.999999999772607451e-01 9.999999999727261502e-01 9.999999999644926252e-01 9.103273174312010555e-08 8.840838104998878655e-08 8.584037409751837363e-08 8.333703549318721817e-08 8.090558842136888546e-08
1.098000000000000000e+03 9.999995705823883085e-01 9.999999999796926886e-01 9.999999999771200798e-01 9.999999999724641375e-01 9.999999999639712644e-01 9.103371326181878158e-08 8.840866836538738952e-08 8.583997933043628407e-08 8.333691591681581924e-08 8.090589066067837467e-08
1.100000000000000000e+03 9.999995705823624403e-01 9.999999999796006511e-01 9.999999999769914050e-01 9.999999999722100075e-01 9.999999999634475722e-01 9.103469392210045371e-08 8.840891000094571114e-08 8.583956503263205349e-08 8.333684391867642327e-08 8.090618132767749296e-08
1.102000000000000000e+03 9.999995705823377934e-01 9.999999999795220473e-01 9.999999999768754977e-01 9.999999999719637600e-01 9.999999999629216596e-01 9.103567084162823125e-08 8.840910534468602043e-08 8.583913644534760524e-08 8.333682000120205481e-08 8.090645299069016704e-08
1.104000000000000000e+03 9.999995705823158110e-01 9.999999999794592087e-01 9.999999999767743564e-01 9.999999999717275045e-01 9.999999999623949698e-01 9.103664120498310273e-08 8.840925418700997490e-08 8.583869889436681089e-08 8.333684370783259823e-08 8.090669888357600082e-08
1.106000000000000000e+03 9.999995705822956049e-01 9.999999999794121353e-01 9.999999999766879810e-01 9.999999999715016852e-01 9.999999999618673918e-01 9.103760228005639248e-08 8.840935671791515112e-08 8.583825770905303703e-08 8.333691364836329097e-08 8.090691309247225431e-08
1.108000000000000000e+03 9.999995705822788405e-01 9.999999999793822703e-01 9.999999999766180370e-01 9.999999999712880783e-01 9.999999999613409241e-01 9.103855143423892932e-08 8.840941351851931548e-08 8.583781814142991736e-08 8.333702754673830615e-08 8.090709071313480617e-08
1.110000000000000000e+03 9.999995705822648517e-01 9.999999999793697247e-01 9.999999999765646352e-01 9.999999999710872389e-01 9.999999999608158996e-01 9.103948614782470765e-08 8.840942554691071226e-08 8.583738528950758617e-08 8.333718230909398124e-08 8.090722797198121322e-08
1.112000000000000000e+03 9.999995705822550818e-01 9.999999999793754979e-01 9.999999999765289971e-01 9.999999999709008325e-01 9.999999999602943168e-01 9.104040402505335161e-08 8.840939412225919468e-08 8.583696402657439285e-08 8.333737410623191474e-08 8.090732231055089350e-08
1.114000000000000000e+03 9.999995705822480874e-01 9.999999999793981464e-01 9.999999999765102343e-01 9.999999999707284148e-01 9.999999999597759537e-01 9.104130280759949854e-08 8.840932090844197948e-08 8.583655893224143195e-08 8.333759846926766036e-08 8.090737243569943844e-08
1.116000000000000000e+03 9.999995705822443126e-01 9.999999999794365602e-01 9.999999999765082359e-01 9.999999999705708742e-01 9.999999999592618094e-01 9.104218039099562965e-08 8.840920789066139510e-08 8.583617422469985239e-08 8.333785040358273115e-08 8.090737832889835967e-08
1.118000000000000000e+03 9.999995705822446457e-01 9.999999999794916272e-01 9.999999999765234460e-01 9.999999999704295428e-01 9.999999999587536603e-01 9.104303483475680044e-08 8.840905734189901527e-08 8.583581370523056441e-08 8.333812451705112049e-08 8.090734120666294054e-08
1.120000000000000000e+03 9.999995705822485315e-01 9.999999999795614603e-01 9.999999999765553094e-01 9.999999999703045317e-01 9.999999999582523946e-01 9.104386436234169037e-08 8.840887179145060851e-08 8.583548072041516166e-08 8.333841514468305907e-08 8.090726344478491400e-08
1.122000000000000000e+03 9.999995705822555259e-01 9.999999999796436168e-01 9.999999999766020498e-01 9.999999999701951747e-01 9.999999999577580123e-01 9.104466736706333115e-08 8.840865400489599267e-08 8.583517812459110637e-08 8.333871646750680364e-08 8.090714848530263551e-08
1.124000000000000000e+03 9.999995705822654068e-01 9.999999999797369865e-01 9.999999999766627790e-01 9.999999999701016939e-01 9.999999999572716236e-01 9.104544243542988046e-08 8.840840695565856700e-08 8.583490823218954280e-08 8.333902265011257344e-08 8.090700071004959894e-08
1.126000000000000000e+03 9.999995705822782854e-01 9.999999999798397932e-01 9.999999999767367198e-01 9.999999999700243114e-01 9.999999999567938946e-01 9.104618836074188303e-08 8.840813376804426551e-08 8.583467279267463631e-08 8.333932799313691688e-08 8.090682525684542830e-08
1.128000000000000000e+03 9.999995705822936065e-01 9.999999999799501493e-01 9.999999999768225400e-01 9.999999999699622499e-01 9.999999999563259356e-01 9.104690411867159606e-08 8.840783766575209169e-08 8.583447301213619021e-08 8.333962704636295786e-08 8.090662782243616398e-08
1.130000000000000000e+03 9.999995705823103709e-01 9.999999999800647243e-01 9.999999999769174641e-01 9.999999999699143993e-01 9.999999999558667474e-01 9.104758884797333591e-08 8.840752196985514935e-08 8.583430956468348299e-08 8.333991467877573803e-08 8.090641451053230357e-08
1.132000000000000000e+03 9.999995705823290226e-01 9.999999999801825190e-01 9.999999999770211589e-01 9.999999999698808706e-01 9.999999999554177732e-01 9.104824189823829565e-08 8.840719009257322985e-08 8.583418254430952411e-08 8.334018619666050009e-08 8.090619165957119011e-08
1.134000000000000000e+03 9.999995705823494507e-01 9.999999999803018680e-01 9.999999999771321813e-01 9.999999999698611086e-01 9.999999999549797902e-01 9.104886287985857017e-08 8.840684543979704147e-08 8.583409145595046242e-08 8.334043751033151495e-08 8.090596556643548462e-08
1.136000000000000000e+03 9.999995705823703229e-01 9.999999999804199957e-01 9.999999999772479775e-01 9.999999999698528930e-01 9.999999999545516882e-01 9.104945158978993294e-08 8.840649130816033900e-08 8.583403534220293271e-08 8.334066517807170412e-08 8.090574224860331022e-08
1.138000000000000000e+03 9.999995705823914172e-01 9.999999999805354589e-01 9.999999999773673265e-01 9.999999999698558906e-01 9.999999999541336893e-01 9.105000790402543697e-08 8.840613094606259931e-08 8.583401287360432121e-08 8.334086632109009504e-08 8.090552740432440252e-08
1.140000000000000000e+03 9.999995705824129555e-01 9.999999999806468143e-01 9.999999999774888959e-01 9.999999999698688802e-01 9.999999999537262374e-01 9.105053188193094810e-08 8.840576764734538604e-08 8.583402221720487034e-08 8.334103871225011049e-08 8.090532632143719817e-08
1.142000000000000000e+03 9.999995705824340497e-01 9.999999999807528406e-01 9.999999999776109094e-01 9.999999999698909736e-01 9.999999999533285555e-01 9.105102396651835615e-08 8.840540456193430935e-08 8.583406097802335541e-08 8.334118104066621037e-08 8.090514348900751075e-08
1.144000000000000000e+03 9.999995705824546999e-01 9.999999999808527607e-01 9.999999999777324788e-01 9.999999999699207276e-01 9.999999999529404215e-01 9.105148482413873984e-08 8.840504442374169569e-08 8.583412655269938083e-08 8.334129281387918309e-08 8.090498239096543065e-08
1.146000000000000000e+03 9.999995705824746839e-01 9.999999999809457973e-01 9.999999999778524939e-01 9.999999999699569209e-01 9.999999999525611694e-01 9.105191495018965482e-08 8.840468977240124482e-08 8.583421638585328818e-08 8.334137391337530209e-08 8.090484587626720656e-08
1.148000000000000000e+03 9.999995705824942238e-01 9.999999999810318396e-01 9.999999999779702886e-01 9.999999999699993314e-01 9.999999999521907990e-01 9.105231486417661732e-08 8.840434336898370056e-08 8.583432751726381163e-08 8.334142474767424327e-08 8.090473623133814858e-08
1.150000000000000000e+03 9.999995705825133196e-01 9.999999999811109985e-01 9.999999999780856408e-01 9.999999999700464048e-01 9.999999999518287552e-01 9.105268580011429376e-08 8.840400777820858308e-08 8.583445629273107862e-08 8.334144692704150382e-08 8.090465437959891156e-08
1.152000000000000000e+03 9.999995705825307502e-01 9.999999999811828300e-01 9.999999999781967741e-01 9.999999999700968090e-01 9.999999999514737059e-01 9.105302944751060169e-08 8.840368456706414698e-08 8.583459930501491181e-08 8.334144283022174562e-08 8.090459979771672706e-08
1.154000000000000000e+03 9.999995705825477366e-01 9.999999999812476670e-01 9.999999999783044657e-01 9.999999999701498776e-01 9.999999999511247628e-01 9.105334670738820961e-08 8.840337491858419696e-08 8.583475406076044766e-08 8.334141431394738646e-08 8.090457191841054867e-08
1.156000000000000000e+03 9.999995705825650560e-01 9.999999999813071749e-01 9.999999999784093818e-01 9.999999999702062770e-01 9.999999999507824811e-01 9.105363794170831722e-08 8.840308098074380798e-08 8.583491755340289201e-08 8.334136334684723168e-08 8.090457018417489750e-08
1.158000000000000000e+03 9.999995705825805992e-01 9.999999999813603546e-01 9.999999999785099680e-01 9.999999999702635645e-01 9.999999999504445292e-01 9.105390507547485961e-08 8.840280485595898503e-08 8.583508532434550341e-08 8.334129390395484085e-08 8.090459187284455000e-08
1.160000000000000000e+03 9.999995705825960313e-01 9.999999999814094265e-01 9.999999999786080007e-01 9.999999999703222953e-01 9.999999999501113512e-01 9.105415138333726172e-08 8.840254628398234907e-08 8.583525402886521084e-08 8.334121047317065580e-08 8.090463262103280170e-08
1.162000000000000000e+03 9.999995705826119075e-01 9.999999999814541685e-01 9.999999999787031468e-01 9.999999999703826914e-01 9.999999999497810599e-01 9.105437792169479246e-08 8.840230425996561224e-08 8.583542307112162418e-08 8.334111478114562412e-08 8.090469027062628149e-08
1.164000000000000000e+03 9.999995705826285608e-01 9.999999999814958018e-01 9.999999999787962945e-01 9.999999999704439757e-01 9.999999999494539882e-01 9.105458349975195334e-08 8.840208089914238648e-08 8.583559044166723507e-08 8.334100836354316030e-08 8.090476368657659372e-08
1.166000000000000000e+03 9.999995705826453252e-01 9.999999999815345486e-01 9.999999999788876659e-01 9.999999999705062592e-01 9.999999999491288039e-01 9.105477052654511760e-08 8.840187880094738732e-08 8.583575034363146777e-08 8.334089739836867610e-08 8.090484705201967783e-08
1.168000000000000000e+03 9.999995705826622006e-01 9.999999999815710749e-01 9.999999999789782601e-01 9.999999999705698750e-01 9.999999999488048408e-01 9.105494550000773372e-08 8.840169473806750695e-08 8.583590020745648373e-08 8.334078762506129293e-08 8.090493330294461981e-08
1.170000000000000000e+03 9.999995705826801862e-01 9.999999999816058249e-01 9.999999999790686322e-01 9.999999999706353782e-01 9.999999999484818769e-01 9.105510948299081468e-08 8.840152405150220406e-08 8.583604419172646605e-08 8.334067689615022486e-08 8.090502308897369031e-08
1.172000000000000000e+03 9.999995705827006143e-01 9.999999999816390206e-01 9.999999999791594485e-01 9.999999999707033238e-01 9.999999999481593571e-01 9.105525664107409948e-08 8.840137082564439002e-08 8.583618173100842217e-08 8.334056424061385505e-08 8.090511775081390519e-08
1.174000000000000000e+03 9.999995705827234849e-01 9.999999999816695517e-01 9.999999999792502647e-01 9.999999999707731568e-01 9.999999999478362822e-01 9.105538942968255453e-08 8.840124055755400694e-08 8.583630287185168638e-08 8.334046033503380214e-08 8.090520684918598755e-08
1.176000000000000000e+03 9.999995705827476877e-01 9.999999999816981955e-01 9.999999999793421912e-01 9.999999999708464316e-01 9.999999999475129853e-01 9.105552167984038387e-08 8.840112417887020908e-08 8.583640684270961716e-08 8.334037120911575835e-08 8.090528244434816312e-08
1.178000000000000000e+03 9.999995705827698922e-01 9.999999999817240637e-01 9.999999999794354499e-01 9.999999999709238141e-01 9.999999999471889112e-01 9.105565461475112242e-08 8.840101052177026576e-08 8.583650768094807819e-08 8.334028409750336713e-08 8.090535573807322248e-08
1.180000000000000000e+03 9.999995705827963155e-01 9.999999999817463792e-01 9.999999999795293748e-01 9.999999999710054155e-01 9.999999999468640599e-01 9.105577105540633886e-08 8.840091101247711959e-08 8.583660465354274522e-08 8.334019551259430618e-08 8.090543084340435764e-08
1.182000000000000000e+03 9.999995705828332859e-01 9.999999999817645868e-01 9.999999999796248540e-01 9.999999999710927900e-01 9.999999999465386535e-01 9.105587272284184055e-08 8.840083856176688170e-08 8.583667669337323521e-08 8.334012850114518201e-08 8.090548545421022913e-08
1.184000000000000000e+03 9.999995705828692572e-01 9.999999999817779095e-01 9.999999999797212213e-01 9.999999999711860488e-01 9.999999999462130251e-01 9.105599009643505344e-08 8.840077046597199973e-08 8.583672847689716057e-08 8.334008566670392861e-08 8.090551650041628002e-08
1.186000000000000000e+03 9.999995705828942372e-01 9.999999999817845708e-01 9.999999999798171446e-01 9.999999999712855248e-01 9.999999999458868416e-01 9.105612504134843779e-08 8.840068427967363346e-08 8.583679315174034733e-08 8.334003130279914829e-08 8.090555786646068458e-08
1.188000000000000000e+03 9.999995705829296533e-01 9.999999999817839047e-01 9.999999999799125128e-01 9.999999999713917731e-01 9.999999999455606581e-01 9.105623507308029244e-08 8.840061219705637264e-08 8.583686216144330709e-08 8.333996732154175679e-08 8.090560565455866599e-08
1.190000000000000000e+03 9.999995705829913817e-01 9.999999999817748009e-01 9.999999999800063266e-01 9.999999999715059040e-01 9.999999999452348076e-01 9.105632042432384259e-08 8.840058072759566071e-08 8.583689082130992078e-08 8.333994542270767908e-08 8.090561195238246003e-08
1.192000000000000000e+03 9.999995705830411197e-01 9.999999999817560381e-01 9.999999999800974759e-01 9.999999999716270294e-01 9.999999999449095123e-01 9.105644761507254958e-08 8.840053374386770782e-08 8.583690182948028168e-08 8.333994931838388649e-08 8.090559929825191886e-08
1.194000000000000000e+03 9.999995705830591053e-01 9.999999999817272833e-01 9.999999999801845174e-01 9.999999999717559263e-01 9.999999999445857712e-01 9.105661898327750532e-08 8.840043291878594486e-08 8.583696087245158884e-08 8.333990160149984278e-08 8.090563614559914005e-08
1.196000000000000000e+03 9.999995705831099535e-01 9.999999999816872043e-01 9.999999999802666739e-01 9.999999999718923727e-01 9.999999999442638066e-01 9.105673938056627726e-08 8.840036238236529732e-08 8.583702911015716642e-08 8.333983887068508346e-08 8.090567330814338806e-08
1.198000000000000000e+03 9.999995705832136483e-01 9.999999999816361340e-01 9.999999999803422801e-01 9.999999999720363686e-01 9.999999999439446174e-01 9.105680894484359811e-08 8.840036437829756120e-08 8.583702369200402111e-08 8.333986248324551095e-08 8.090563052902925475e-08
1.200000000000000000e+03 9.999995705832723791e-01 9.999999999815738505e-01 9.999999999804104478e-01 9.999999999721879140e-01 9.999999999436290921e-01 9.105696718620984916e-08 8.840030456137345658e-08 8.583701855552788399e-08 8.333989152424254019e-08 8.090560965770655934e-08
1.202000000000000000e+03 9.999995705832733783e-01 9.999999999814993545e-01 9.999999999804691786e-01 9.999999999723455657e-01 9.999999999433170084e-01 9.105721235323930882e-08 8.840013576127222204e-08 8.583712040926386197e-08 8.333979299544945513e-08 8.090569877604232153e-08
1.204000000000000000e+03 9.999995705833623072e-01 9.999999999814146445e-01 9.999999999805178064e-01 9.999999999725095456e-01 9.999999999430100317e-01 9.105734737889597652e-08 8.840005856864782285e-08 8.583721028532865695e-08 8.333970992663474157e-08 8.090572653134107650e-08
1.206000000000000000e+03 9.999995705835266202e-01 9.999999999813193874e-01 9.999999999805547768e-01 9.999999999726780775e-01 9.999999999427082731e-01 9.105738183968251285e-08 8.840010791942383904e-08 8.583716971631720210e-08 8.333979393692803184e-08 8.090562786795131945e-08
1.208000000000000000e+03 9.999995705835746929e-01 9.999999999812143603e-01 9.999999999805788686e-01 9.999999999728504951e-01 9.999999999424118435e-01 9.105759169073826156e-08 8.839998454440414797e-08 8.583718847010415590e-08 8.333980256478351707e-08 8.090567120385583731e-08
1.210000000000000000e+03 9.999995705835693638e-01 9.999999999811005624e-01 9.999999999805888606e-01 9.999999999730253553e-01 9.999999999421215202e-01 9.105795353733081713e-08 8.839968600463960638e-08 8.583738598305362382e-08 8.333958003688434311e-08 8.090585620725721333e-08
1.212000000000000000e+03 9.999995705837424476e-01 9.999999999809806583e-01 9.999999999805850859e-01 9.999999999732021028e-01 9.999999999418386354e-01 9.105808888895740755e-08 8.839964113652312154e-08 8.583748508606901825e-08 8.333950022119405472e-08 8.090580550773746651e-08
1.214000000000000000e+03 9.999995705839516136e-01 9.999999999808549811e-01 9.999999999805658790e-01 9.999999999733779621e-01 9.999999999415618568e-01 9.105804554877768941e-08 8.839977545643642422e-08 8.583739889000385917e-08 8.333968231556464081e-08 8.090565439369696877e-08
1.216000000000000000e+03 9.999995705839723747e-01 9.999999999807257511e-01 9.999999999805321282e-01 9.999999999735529332e-01 9.999999999412929608e-01 9.105833235549487783e-08 8.839949239092119758e-08 8.583750929350236543e-08 8.333958590779193797e-08 8.090587581778129293e-08
1.218000000000000000e+03 9.999995705840520888e-01 9.999999999805944118e-01 9.999999999804821682e-01 9.999999999737240186e-01 9.999999999410303930e-01 9.105886111253693668e-08 8.839901121641514109e-08 8.583782341476992927e-08 8.333919002644958682e-08 8.090610335138345198e-08
1.220000000000000000e+03 9.999995705843410798e-01 9.999999999804627393e-01 9.999999999804168871e-01 9.999999999738902190e-01 9.999999999407748197e-01 9.105895863115266579e-08 8.839912950292131364e-08 8.583785646570633555e-08 8.333922446543642000e-08 8.090581873452727657e-08
1.222000000000000000e+03 9.999995705844887395e-01 9.999999999803320661e-01 9.999999999803369510e-01 9.999999999740495360e-01 9.999999999405256856e-01 9.105877074861122052e-08 8.839938079377679462e-08 8.583774681585461326e-08 8.333952950198961857e-08 8.090571449014738552e-08
1.224000000000000000e+03 9.999995705845623473e-01 9.999999999802040573e-01 9.999999999802418049e-01 9.999999999741998602e-01 9.999999999402821027e-01 9.105916915313971801e-08 8.839875109302760997e-08 8.583804523337723925e-08 8.333919625393017980e-08 8.090622449616651790e-08
1.226000000000000000e+03 9.999995705849566985e-01 9.999999999800790462e-01 9.999999999801320039e-01 9.999999999743394152e-01 9.999999999400429607e-01 9.105992476591348703e-08 8.839810278824690983e-08 8.583838687744029323e-08 8.333867402197855745e-08 8.090623657283529866e-08
1.228000000000000000e+03 9.999995705852182670e-01 9.999999999799595862e-01 9.999999999800093242e-01 9.999999999744673129e-01 9.999999999398083705e-01 9.105992241698798480e-08 8.839865222551103885e-08 8.583823801140432638e-08 8.333901079541299843e-08 8.090559138830632844e-08
1.230000000000000000e+03 9.999995705850971417e-01 9.999999999798452333e-01 9.999999999798732109e-01 9.999999999745812218e-01 9.999999999395756678e-01 9.105949543889019171e-08 8.839895255647099447e-08 8.583825317856891374e-08 8.333937265691456472e-08 8.090583285193791260e-08
1.232000000000000000e+03 9.999995705856540296e-01 9.999999999797359873e-01 9.999999999797245520e-01 9.999999999746784773e-01 9.999999999393435202e-01 9.106004873530624247e-08 8.839766858743270989e-08 8.583878446562916756e-08 8.333867858481237777e-08 8.090656190293187429e-08
1.234000000000000000e+03 9.999995705866477902e-01 9.999999999796316263e-01 9.999999999795637917e-01 9.999999999747580803e-01 9.999999999391100403e-01 9.106111571649728626e-08 8.839707134252099962e-08 8.583885838146454982e-08 8.333823310822600817e-08 8.090588773514488153e-08
1.236000000000000000e+03 9.999995705862587680e-01 9.999999999795328165e-01 9.999999999793924843e-01 9.999999999748190316e-01 9.999999999388738958e-01 9.106093150117505996e-08 8.839844689184088270e-08 8.583853393080096400e-08 8.333901944358957169e-08 8.090507119443044575e-08
1.238000000000000000e+03 9.999995705858277795e-01 9.999999999794371153e-01 9.999999999792100747e-01 9.999999999748587776e-01 9.999999999386317562e-01 9.106011626843213272e-08 8.839844854955115697e-08 8.583901501010042457e-08 8.333925413017180917e-08 8.090608186310402034e-08
1.240000000000000000e+03 9.999995705879739516e-01 9.999999999793437455e-01 9.999999999790167848e-01 9.999999999748756530e-01 9.999999999383809568e-01 9.106088321472500580e-08 8.839615223177709459e-08 8.583952341342625636e-08 8.333821726226971773e-08 8.090651535143069952e-08
1.242000000000000000e+03 9.999995705894209053e-01 9.999999999792504868e-01 9.999999999788127258e-01 9.999999999748681034e-01 9.999999999381187221e-01 9.106242199329772667e-08 8.839623046961649995e-08 8.583886825479231761e-08 8.333811951654219437e-08 8.090477284632956808e-08
1.244000000000000000e+03 9.999995705870576845e-01 9.999999999791554517e-01 9.999999999785971205e-01 9.999999999748343527e-01 9.999999999378417215e-01 9.106192783799141149e-08 8.839877992301566921e-08 8.583884236880216979e-08 8.333930879126916340e-08 8.090454100752130659e-08
1.246000000000000000e+03 9.999995705872062324e-01 9.999999999790551986e-01 9.999999999783686366e-01 9.999999999747724022e-01 9.999999999375456250e-01 9.106045060486295925e-08 8.839764336984720599e-08 8.584012319911480352e-08 8.333928592322776049e-08 8.090643457763267184e-08
1.248000000000000000e+03 9.999995705927161582e-01 9.999999999789487282e-01 9.999999999781274962e-01 9.999999999746818080e-01 9.999999999372288784e-01 9.106158208964985217e-08 8.839421872748032218e-08 8.583969681310303291e-08 8.333809312878349288e-08 8.090559719959065211e-08
1.250000000000000000e+03 9.999995705930462275e-01 9.999999999788306004e-01 9.999999999778702575e-01 9.999999999745585733e-01 9.999999999368857084e-01 9.106391440572386472e-08 8.839615708443773002e-08 8.583815708529231797e-08 8.333838067257195693e-08 8.090309170154429758e-08
1.252000000000000000e+03 9.999995705871198570e-01 9.999999999786982618e-01 9.999999999775954773e-01 9.999999999744020318e-01 9.999999999365127845e-01 9.106278711067980451e-08 8.839973450153760356e-08 8.583965493051317463e-08 8.333986080769813895e-08 8.090452666110329599e-08
1.254000000000000000e+03 9.999995705908042432e-01 9.999999999785489369e-01 9.999999999773010462e-01 9.999999999742101853e-01 9.999999999361068870e-01 9.106018860164016021e-08 8.839608455745529867e-08 8.584131589398607331e-08 8.333976507244497933e-08 8.090656899649042095e-08
1.256000000000000000e+03 9.999995706011085561e-01 9.999999999783782956e-01 9.999999999769834114e-01 9.999999999739809242e-01 9.999999999356636859e-01 9.106218468739001808e-08 8.839222932904590818e-08 8.583840292480366759e-08 8.333834305265962972e-08 8.090362020474827718e-08
1.258000000000000000e+03 9.999995705962789749e-01 9.999999999781835625e-01 9.999999999766401304e-01 9.999999999737128054e-01 9.999999999351805169e-01 9.106578020012646175e-08 8.839759528141582603e-08 8.583715271047765559e-08 8.333871027647930587e-08 8.090166315612086497e-08
1.260000000000000000e+03 9.999995705866497886e-01 9.999999999779608517e-01 9.999999999762668734e-01 9.999999999734037193e-01 9.999999999346541601e-01 9.106314019938549868e-08 8.840088759532667688e-08 8.584165927189147724e-08 8.334093948051265431e-08 8.090533753829078834e-08
1.262000000000000000e+03 9.999995705995533557e-01 9.999999999777066106e-01 9.999999999758603098e-01 9.999999999730517786e-01 9.999999999340818402e-01 9.105896299758998589e-08 8.839327764536444954e-08 8.584145357179842830e-08 8.334092793533129285e-08 8.090602449325258140e-08
1.264000000000000000e+03 9.999995706132889239e-01 9.999999999774178416e-01 9.999999999754167757e-01 9.999999999726559841e-01 9.999999999334625578e-01 9.106311439527213634e-08 8.839115012247753834e-08 8.583507743906261398e-08 8.333823778174165018e-08 8.090108017476983330e-08
1.266000000000000000e+03 9.999995705968387494e-01 9.999999999770922132e-01 9.999999999749326074e-01 9.999999999722153365e-01 9.999999999327958689e-01 9.106814151803224854e-08 8.840103873569839815e-08 8.583745338178028016e-08 8.333897484551150501e-08 8.090142027509814878e-08
1.268000000000000000e+03 9.999995705878520491e-01 9.999999999767260617e-01 9.999999999744039192e-01 9.999999999717288368e-01 9.999999999320812183e-01 9.106215464035619463e-08 8.840107023750523369e-08 8.584475632877013463e-08 8.334332454746932096e-08 8.090680389279710296e-08
1.270000000000000000e+03 9.999995706170936582e-01 9.999999999763200531e-01 9.999999999738297118e-01 9.999999999711987053e-01 9.999999999313228249e-01 9.105675730949299909e-08 8.838921764069636113e-08 8.583855209856456012e-08 8.334197358590428414e-08 8.090464141531426009e-08
1.272000000000000000e+03 9.999995706265836226e-01 9.999999999758694136e-01 9.999999999732054334e-01 9.999999999706232767e-01 9.999999999305221321e-01 9.106533159546423948e-08 8.839253464212210475e-08 8.583087946703359256e-08 8.333655537715588631e-08 8.089880025816586614e-08
1.274000000000000000e+03 9.999995705924518141e-01 9.999999999753760305e-01 9.999999999725319721e-01 9.999999999700074360e-01 9.999999999296863562e-01 9.107049174649976006e-08 8.840597548578618640e-08 8.584118354404575108e-08 8.334036805055566636e-08 8.090283553880629045e-08
1.276000000000000000e+03 9.999995705961972625e-01 9.999999999748382384e-01 9.999999999718077737e-01 9.999999999693530706e-01 9.999999999288211594e-01 9.105868218531203470e-08 8.839860432657142446e-08 8.584674972322508323e-08 8.334726077751195245e-08 8.090859320631322386e-08
1.278000000000000000e+03 9.999995706451950683e-01 9.999999999742580359e-01 9.999999999710351695e-01 9.999999999686655094e-01 9.999999999279369778e-01 9.105465563387865087e-08 8.838512254308523216e-08 8.583137926929741766e-08 8.334033272351089069e-08 8.090232778423191328e-08
1.280000000000000000e+03 9.999995706339284141e-01 9.999999999736368661e-01 9.999999999702170461e-01 9.999999999679514140e-01 9.999999999270442474e-01 9.106983815952128038e-08 8.839781898237034631e-08 8.582954437320995125e-08 8.333366329892920858e-08 8.089726540502697009e-08
1.282000000000000000e+03 9.999995705837854132e-01 9.999999999729788369e-01 9.999999999693586217e-01 9.999999999672193329e-01 9.999999999261565131e-01 9.107104671810021597e-08 8.841019805229386778e-08 8.584855969685186664e-08 8.334533661751958706e-08 8.090627043620719442e-08
1.284000000000000000e+03 9.999995706199960033e-01 9.999999999722873900e-01 9.999999999684661134e-01 9.999999999664777039e-01 9.999999999252867644e-01 9.105231050009312237e-08 8.839239882430994127e-08 8.584355502653055226e-08 8.335013853589517980e-08 8.090999332841589148e-08
1.286000000000000000e+03 9.999995706784881033e-01 9.999999999715692978e-01 9.999999999675494022e-01 9.999999999657381844e-01 9.999999999244509885e-01 9.105520747719950299e-08 8.838374969146885668e-08 8.582225486096720242e-08 8.333366190493591911e-08 8.089824121502516505e-08
1.288000000000000000e+03 9.999995706250988103e-01 9.999999999708316656e-01 9.999999999666188133e-01 9.999999999650130977e-01 9.999999999236647286e-01 9.107620311713058421e-08 8.840681813685305561e-08 8.583546789519767648e-08 8.333373217686266734e-08 8.089746402843975528e-08
1.290000000000000000e+03 9.999995705791659972e-01 9.999999999700834863e-01 9.999999999656877803e-01 9.999999999643148785e-01 9.999999999229430836e-01 9.106708618649362470e-08 8.841010997940668109e-08 8.585529351337814699e-08 8.335414150054534719e-08 8.091208790135309219e-08
1.292000000000000000e+03 9.999995706646834792e-01 9.999999999693343078e-01 9.999999999647698479e-01 9.999999999636565162e-01 9.999999999223005975e-01 9.104505601104682864e-08 8.838370776832880483e-08 8.583264489600786689e-08 8.334634621543435496e-08 8.090841541451393835e-08
1.294000000000000000e+03 9.999995706992833577e-01 9.999999999685962315e-01 9.999999999638811143e-01 9.999999999630513337e-01 9.999999999217503710e-01 9.106110235778278287e-08 8.838832950536250064e-08 8.581797529353050294e-08 8.332474199039683393e-08 8.089220343705961975e-08
1.296000000000000000e+03 9.999995705954697334e-01 9.999999999678813589e-01 9.999999999630377889e-01 9.999999999625115432e-01 9.999999999213026181e-01 9.108111196842309091e-08 8.841625293556842087e-08 8.584870488896850450e-08 8.334226713861995459e-08 8.090237521904740781e-08
1.298000000000000000e+03 9.999995705958381054e-01 9.999999999672033457e-01 9.999999999622566360e-01 9.999999999620472479e-01 9.999999999209643331e-01 9.105726151478063395e-08 8.840291685363977835e-08 8.585381468804219883e-08 8.336062007016070428e-08 8.091799463391992271e-08
1.300000000000000000e+03 9.999995707202874451e-01 9.999999999665738493e-01 9.999999999615518664e-01 9.999999999616662194e-01 9.999999999207388468e-01 9.104178898396126353e-08 8.837712134679009849e-08 8.581789394234479053e-08 8.333309539961979119e-08 8.090020034294140642e-08
1.302000000000000000e+03 9.999995706830696607e-01 9.999999999660066363e-01 9.999999999609381351e-01 9.999999999613737867e-01 9.999999999206257151e-01 9.107198694316495182e-08 8.839975466607010711e-08 8.582536177154635220e-08 8.332302501984285431e-08 8.088877713491473513e-08
1.304000000000000000e+03 9.999995705604477481e-01 9.999999999655125871e-01 9.999999999604269885e-01 9.999999999611702828e-01 9.999999999206196089e-01 9.107935607315799626e-08 8.842023381413809697e-08 8.586144532463648435e-08 8.335791926769492453e-08 8.091378896678730349e-08
1.306000000000000000e+03 9.999995706473682189e-01 9.999999999651008054e-01 9.999999999600256428e-01 9.999999999610538204e-01 9.999999999207110912e-01 9.104464766926187664e-08 8.839003088813012791e-08 8.584014856184347928e-08 8.335503402565781766e-08 8.091680181708785961e-08
1.308000000000000000e+03 9.999995707538187339e-01 9.999999999647787297e-01 9.999999999597394273e-01 9.999999999610174051e-01 9.999999999208877277e-01 9.104720021428257251e-08 8.837859114442370882e-08 8.580975661055646303e-08 8.331789792706771627e-08 8.088723698085896227e-08
1.310000000000000000e+03 9.999995706231579184e-01 9.999999999645498017e-01 9.999999999595675648e-01 9.999999999610500456e-01 9.999999999211338642e-01 9.108228535769500851e-08 8.841379113021941384e-08 8.584331372516217137e-08 8.333604300019040678e-08 8.089603273602289585e-08
1.312000000000000000e+03 9.999995705563039516e-01 9.999999999644152426e-01 9.999999999595073907e-01 9.999999999611387524e-01 9.999999999214328472e-01 9.106834238174312652e-08 8.841412940318654954e-08 8.586235423114322623e-08 8.336834082147678367e-08 8.092496528635516831e-08
1.314000000000000000e+03 9.999995707191210448e-01 9.999999999643688353e-01 9.999999999595474698e-01 9.999999999612650958e-01 9.999999999217644708e-01 9.103666905472739451e-08 8.837841794081343375e-08 8.582079229766566617e-08 8.333592504676244421e-08 8.090305842152764542e-08
1.316000000000000000e+03 9.999995707288896751e-01 9.999999999644049176e-01 9.999999999596774769e-01 9.999999999614131996e-01 9.999999999221144131e-01 9.106055444966535417e-08 8.839023994907423163e-08 8.581698402908968059e-08 8.331547278055414228e-08 8.088118103149465985e-08
1.318000000000000000e+03 9.999995705549313829e-01 9.999999999645112769e-01 9.999999999598807587e-01 9.999999999615641899e-01 9.999999999224661318e-01 9.108408749453695179e-08 8.842207324163512310e-08 8.586018198764558870e-08 8.335730658376747883e-08 8.091392922471581563e-08
1.320000000000000000e+03 9.999995706081739044e-01 9.999999999646731474e-01 9.999999999601398848e-01 9.999999999617010804e-01 9.999999999228068592e-01 9.105249208011917722e-08 8.839974363546696534e-08 8.584769458034208659e-08 8.336083518527686161e-08 8.092267285909516369e-08
1.322000000000000000e+03 9.999995707628522856e-01 9.999999999648732096e-01 9.999999999604352041e-01 9.999999999618087720e-01 9.999999999231280468e-01 9.103957395586893805e-08 8.837646359927174251e-08 8.580989125890611602e-08 8.331716004968070806e-08 8.088474528081349858e-08
1.324000000000000000e+03 9.999995706488942204e-01 9.999999999650943661e-01 9.999999999607499523e-01 9.999999999618767177e-01 9.999999999234261416e-01 9.107397907748518638e-08 8.840636443264674885e-08 8.583640097074141793e-08 8.333173230959327054e-08 8.089241342193196281e-08
1.326000000000000000e+03 9.999995705372115573e-01 9.999999999653178540e-01 9.999999999610669210e-01 9.999999999618970348e-01 9.999999999236995896e-01 9.107441641287322577e-08 8.841848311481641099e-08 8.586278259574975360e-08 8.336861562891472713e-08 8.092744202874936621e-08
1.328000000000000000e+03 9.999995706902113923e-01 9.999999999655269090e-01 9.999999999613716772e-01 9.999999999618671698e-01 9.999999999239505000e-01 9.104140824595122191e-08 8.838603186304950790e-08 8.582746130811989076e-08 8.333898486443264267e-08 8.090412186846259948e-08
1.330000000000000000e+03 9.999995707377835608e-01 9.999999999657060989e-01 9.999999999616522306e-01 9.999999999617865676e-01 9.999999999241834248e-01 9.105179893275879152e-08 8.838630206501994818e-08 8.581611843827736956e-08 8.331582869448411455e-08 8.087977356622812232e-08
1.332000000000000000e+03 9.999995705716189232e-01 9.999999999658462091e-01 9.999999999619041402e-01 9.999999999616622226e-01 9.999999999244061355e-01 9.107831603726317452e-08 8.841659929111391288e-08 8.585351068018662573e-08 8.335366784831635060e-08 8.091340400500585990e-08
1.334000000000000000e+03 9.999995705907677168e-01 9.999999999659388017e-01 9.999999999621226321e-01 9.999999999615003521e-01 9.999999999246246274e-01 9.105932589467521140e-08 8.840570605133217843e-08 8.584965086003894499e-08 8.335953089524161806e-08 8.092176820077233241e-08
1.336000000000000000e+03 9.999995707380491261e-01 9.999999999659826555e-01 9.999999999623087055e-01 9.999999999613113921e-01 9.999999999248454507e-01 9.104154957626157500e-08 8.838220050671817858e-08 8.581700118592548927e-08 8.332184851580476421e-08 8.088584137267142118e-08
1.338000000000000000e+03 9.999995706618052260e-01 9.999999999659791028e-01 9.999999999624658020e-01 9.999999999611057788e-01 9.999999999250737126e-01 9.106426397972161316e-08 8.840070917011873421e-08 8.583318037626688754e-08 8.333227810849683133e-08 8.089407987916583527e-08
1.340000000000000000e+03 9.999995705573795357e-01 9.999999999659331396e-01 9.999999999625979186e-01 9.999999999608926160e-01 9.999999999253122995e-01 9.107162651292265713e-08 8.841514283811719776e-08 8.585617378633967843e-08 8.336210435104315247e-08 8.092377874667018974e-08
1.342000000000000000e+03 9.999995706677705654e-01 9.999999999658547578e-01 9.999999999627117164e-01 9.999999999606815626e-01 9.999999999255620997e-01 9.104883068926293842e-08 8.839372845295315480e-08 8.583294454565871103e-08 8.334012705207602361e-08 8.090273330615840855e-08
1.344000000000000000e+03 9.999995707168463088e-01 9.999999999657528393e-01 9.999999999628120806e-01 9.999999999604786138e-01 9.999999999258221139e-01 9.105010117563349307e-08 8.838917633507120051e-08 8.582189338322505667e-08 8.332286393476069594e-08 8.088519858628402174e-08
1.346000000000000000e+03 9.999995705999896733e-01 9.999999999656391525e-01 9.999999999629042291e-01 9.999999999602890988e-01 9.999999999260898997e-01 9.106869354491522531e-08 8.840955306350533106e-08 8.584637330140516291e-08 8.334941478961555537e-08 8.091199863916692895e-08
1.348000000000000000e+03 9.999995706043752763e-01 9.999999999655240224e-01 9.999999999629911596e-01 9.999999999601155709e-01 9.999999999263625705e-01 9.106062867892260720e-08 8.840612681816271411e-08 8.584629107713286829e-08 8.335313889574596060e-08 8.091539244437897403e-08
1.350000000000000000e+03 9.999995707032615089e-01 9.999999999654158866e-01 9.999999999630740932e-01 9.999999999599585854e-01 9.999999999266355744e-01 9.104759325487318168e-08 8.839041175660431335e-08 8.582559143921909039e-08 8.332870371289511487e-08 8.089030032410005255e-08
1.352000000000000000e+03 9.999995706596251921e-01 9.999999999653226279e-01 9.999999999631542513e-01 9.999999999598182532e-01 9.999999999269058026e-01 9.105847990609704204e-08 8.839936289037354453e-08 8.583381920087636952e-08 8.333579976886404654e-08 8.089866003062462127e-08
1.354000000000000000e+03 9.999995705942582580e-01 9.999999999652473548e-01 9.999999999632297465e-01 9.999999999596931310e-01 9.999999999271701467e-01 9.106478748543195835e-08 8.840925916250597838e-08 8.584777942360380524e-08 8.335322506340268019e-08 8.091629990616976422e-08
1.356000000000000000e+03 9.999995706570046217e-01 9.999999999651920657e-01 9.999999999632988024e-01 9.999999999595805544e-01 9.999999999274250539e-01 9.105333410652518821e-08 8.839851180453347539e-08 8.583555938575863353e-08 8.333987345474882141e-08 8.090116974722605772e-08
1.358000000000000000e+03 9.999995706850693944e-01 9.999999999651568716e-01 9.999999999633603087e-01 9.999999999594801903e-01 9.999999999276699691e-01 9.105199950342214396e-08 8.839483200666741104e-08 8.582909351703601847e-08 8.333112096478726119e-08 8.089316861937704925e-08
1.360000000000000000e+03 9.999995706227446934e-01 9.999999999651393301e-01 9.999999999634126002e-01 9.999999999593899291e-01 9.999999999279034490e-01 9.106105229390952778e-08 8.840509149297354826e-08 8.584149789039494325e-08 8.334554118675995190e-08 8.090917977013441353e-08
1.362000000000000000e+03 9.999995706256200600e-01 9.999999999651356664e-01 9.999999999634543446e-01 9.999999999593081057e-01 9.999999999281249385e-01 9.105837274099874900e-08 8.840443895501292180e-08 8.584177767529959175e-08 8.334634890276716173e-08 8.090837052348736957e-08
1.364000000000000000e+03 9.999995706736826140e-01 9.999999999651432159e-01 9.999999999634873182e-01 9.999999999592347200e-01 9.999999999283351038e-01 9.105192169975918805e-08 8.839699836187965959e-08 8.583200386324430573e-08 8.333445810322399177e-08 8.089568880928557747e-08
1.366000000000000000e+03 9.999995706517513794e-01 9.999999999651570937e-01 9.999999999635122983e-01 9.999999999591677735e-01 9.999999999285333896e-01 9.105582092468086823e-08 8.840064338465526437e-08 8.583573860876463489e-08 8.333872683488013015e-08 8.090190205717130333e-08
1.368000000000000000e+03 9.999995706235597082e-01 9.999999999651735250e-01 9.999999999635317272e-01 9.999999999591066002e-01 9.999999999287207952e-01 9.105876778736762566e-08 8.840527788515464654e-08 8.584184906990462675e-08 8.334601860415029598e-08 8.090894795765857995e-08
1.370000000000000000e+03 9.999995706517753602e-01 9.999999999651892901e-01 9.999999999635489356e-01 9.999999999590499788e-01 9.999999999288980979e-01 9.105430796186859654e-08 8.840112538843824731e-08 8.583670772142607302e-08 8.333956166782167301e-08 8.090079103376670424e-08
1.372000000000000000e+03 9.999995706614515090e-01 9.999999999652010585e-01 9.999999999635668102e-01 9.999999999589962441e-01 9.999999999290656305e-01 9.105325455583781299e-08 8.839960368757437593e-08 8.583429639443549120e-08 8.333665671564724143e-08 8.089886488211260334e-08
1.374000000000000000e+03 9.999995706364687154e-01 9.999999999652054994e-01 9.999999999635883485e-01 9.999999999589425093e-01 9.999999999292245034e-01 9.105634368648337606e-08 8.840359892910376906e-08 8.583920931818006082e-08 8.334261455745284037e-08 8.090576226535097114e-08
1.376000000000000000e+03 9.999995706395500283e-01 9.999999999652003924e-01 9.999999999636173253e-01 9.999999999588861099e-01 9.999999999293756048e-01 9.105543499877493239e-08 8.840355594653793341e-08 8.583919469026583062e-08 8.334217598040297554e-08 8.090396791312857631e-08
1.378000000000000000e+03 9.999995706564197562e-01 9.999999999651827398e-01 9.999999999636569603e-01 9.999999999588253807e-01 9.999999999295207109e-01 9.105302224130739331e-08 8.840106716485087911e-08 8.583583096248312160e-08 8.333793952890456962e-08 8.089949475110982166e-08
1.380000000000000000e+03 9.999995706472961654e-01 9.999999999651512095e-01 9.999999999637101400e-01 9.999999999587573241e-01 9.999999999296611541e-01 9.105396108183434789e-08 8.840240708703472028e-08 8.583737916396623049e-08 8.333998505876418358e-08 8.090265492875102866e-08
1.382000000000000000e+03 9.999995706390428785e-01 9.999999999651031368e-01 9.999999999637785297e-01 9.999999999586780541e-01 9.999999999297988218e-01 9.105469758504749940e-08 8.840400783485403055e-08 8.583936835247029154e-08 8.334212649422246939e-08 8.090436285673384086e-08
1.384000000000000000e+03 9.999995706487738723e-01 9.999999999650371896e-01 9.999999999638637949e-01 9.999999999585851285e-01 9.999999999299351572e-01 9.105318294457440264e-08 8.840282839064665765e-08 8.583774125097499298e-08 8.333978404311224435e-08 8.090123189323905292e-08
1.386000000000000000e+03 9.999995706504855031e-01 9.999999999649533677e-01 9.999999999639685999e-01 9.999999999584765487e-01 9.999999999300742681e-01 9.105261220002402158e-08 8.840252600088929394e-08 8.583726812704453517e-08 8.333928757750057653e-08 8.090131410540715408e-08
1.388000000000000000e+03 9.999995706431089593e-01 9.999999999648506721e-01 9.999999999640923898e-01 9.999999999583493171e-01 9.999999999302172649e-01 9.105318803042455840e-08 8.840377530088610718e-08 8.583883678771380644e-08 8.334115186027118229e-08 8.090339643200578233e-08
1.390000000000000000e+03 9.999995706449199551e-01 9.999999999647301019e-01 9.999999999642358306e-01 9.999999999582009913e-01 9.999999999303674780e-01 9.105269827220359764e-08 8.840382858534624761e-08 8.583882164320867391e-08 8.334078318004816738e-08 8.090238101062463645e-08
1.392000000000000000e+03 9.999995706490611980e-01 9.999999999645934334e-01 9.999999999643987003e-01 9.999999999580302390e-01 9.999999999305275722e-01 9.105182727434539021e-08 8.840329045184531256e-08 8.583807681953369356e-08 8.333977386002844528e-08 8.090138782161545246e-08
1.394000000000000000e+03 9.999995706461487499e-01 9.999999999644432203e-01 9.999999999645805548e-01 9.999999999578356169e-01 9.999999999307009890e-01 9.105176657418214000e-08 8.840374727298256980e-08 8.583868087770611045e-08 8.334055129152833631e-08 8.090251485628121411e-08
1.396000000000000000e+03 9.999995706445938826e-01 9.999999999642819049e-01 9.999999999647788407e-01 9.999999999576159038e-01 9.999999999308906151e-01 9.105163570307260374e-08 8.840419055849970007e-08 8.583923424823140310e-08 8.334102933403406444e-08 8.090272079450505597e-08
1.398000000000000000e+03 9.999995706470479195e-01 9.999999999641133730e-01 9.999999999649916704e-01 9.999999999573699894e-01 9.999999999310983378e-01 9.105100020836308972e-08 8.840397896599901749e-08 8.583893715377389661e-08 8.334048325756859326e-08 8.090195104686058872e-08
1.400000000000000000e+03 9.999995706469970713e-01 9.999999999639428427e-01 9.999999999652157134e-01 9.999999999570976517e-01 9.999999999313279320e-01 9.105057432625293996e-08 8.840400062423436591e-08 8.583900794556116051e-08 8.334057264226993287e-08 8.090223440677259821e-08
1.402000000000000000e+03 9.999995706454349875e-01 9.999999999637756432e-01 9.999999999654484162e-01 9.999999999568005560e-01 9.999999999315827282e-01 9.105036676468059470e-08 8.840431880790742752e-08 8.583946772511293581e-08 8.334106691463056330e-08 8.090271098344322276e-08
1.404000000000000000e+03 9.999995706460486078e-01 9.999999999636167702e-01 9.999999999656848937e-01 9.999999999564785913e-01 9.999999999318647248e-01 9.104993656297709085e-08 8.840435401628880328e-08 8.583953839338666268e-08 8.334100435202621086e-08 8.090244875526148283e-08
1.406000000000000000e+03 9.999995706467110779e-01 9.999999999634708869e-01 9.999999999659199279e-01 9.999999999561323127e-01 9.999999999321760313e-01 9.104944023870344495e-08 8.840428637359503232e-08 8.583951197619261335e-08 8.334092591353056336e-08 8.090239837200532290e-08
1.408000000000000000e+03 9.999995706460337308e-01 9.999999999633459868e-01 9.999999999661506322e-01 9.999999999557657171e-01 9.999999999325208666e-01 9.104908575900925776e-08 8.840439863825641516e-08 8.583974762929792862e-08 8.334120007479358085e-08 8.090272714453237729e-08
1.410000000000000000e+03 9.999995706458695288e-01 9.999999999632458447e-01 9.999999999663707895e-01 9.999999999553802477e-01 9.999999999329001188e-01 9.104870595658696987e-08 8.840447461367955342e-08 8.583992382594737722e-08 8.334133942171863676e-08 8.090276818784608517e-08
1.412000000000000000e+03 9.999995706462962985e-01 9.999999999631755676e-01 9.999999999665739603e-01 9.999999999549780139e-01 9.999999999333150091e-01 9.104824089202203633e-08 8.840442748538910947e-08 8.583994906779211649e-08 8.334131779793146979e-08 8.090270274149143520e-08
1.414000000000000000e+03 9.999995706461904943e-01 9.999999999631411507e-01 9.999999999667575912e-01 9.999999999545643448e-01 9.999999999337694234e-01 9.104780968967508822e-08 8.840441605168586007e-08 8.584004683274138499e-08 8.334143344339165242e-08 8.090285192909743860e-08
1.416000000000000000e+03 9.999995706459610112e-01 9.999999999631454806e-01 9.999999999669142436e-01 9.999999999541420159e-01 9.999999999342634727e-01 9.104740469665669105e-08 8.840443074187211291e-08 8.584018108400199230e-08 8.334157628514778188e-08 8.090296527163917675e-08
1.418000000000000000e+03 9.999995706460907963e-01 9.999999999631915548e-01 9.999999999670395878e-01 9.999999999537148021e-01 9.999999999347977120e-01 9.104696274340549627e-08 8.840438449645476396e-08 8.584023500797472107e-08 8.334161393328859379e-08 8.090295603533071610e-08
1.420000000000000000e+03 9.999995706461527467e-01 9.999999999632808168e-01 9.999999999671285167e-01 9.999999999532868111e-01 9.999999999353720304e-01 9.104651177534612122e-08 8.840431541931924656e-08 8.584027281579799890e-08 8.334166043948054684e-08 8.090300349706629413e-08
1.422000000000000000e+03 9.999995706460491629e-01 9.999999999634163750e-01 9.999999999671784767e-01 9.999999999528649264e-01 9.999999999359889813e-01 9.104607759741839418e-08 8.840425835662080077e-08 8.584033417194869444e-08 8.334174237128734668e-08 8.090307853104471054e-08
1.424000000000000000e+03 9.999995706460543810e-01 9.999999999635960091e-01 9.999999999671844719e-01 9.999999999524525895e-01 9.999999999366471215e-01 9.104563701083811766e-08 8.840418022384856657e-08 8.584036728061332099e-08 8.334178282292355343e-08 8.090308890321037741e-08
1.426000000000000000e+03 9.999995706461135558e-01 9.999999999638191639e-01 9.999999999671436157e-01 9.999999999520544636e-01 9.999999999373452297e-01 9.104518548500643511e-08 8.840407522884197430e-08 8.584036972657176776e-08 8.334179617649697710e-08 8.090308779842298820e-08
1.428000000000000000e+03 9.999995706460996781e-01 9.999999999640831749e-01 9.999999999670546869e-01 9.999999999516765437e-01 9.999999999380834170e-01 9.104473789784745087e-08 8.840396433989939655e-08 8.584037033299758157e-08 8.334181761160758154e-08 8.090310299239150965e-08
1.430000000000000000e+03 9.999995706460924616e-01 9.999999999643842674e-01 9.999999999669161310e-01 9.999999999513238258e-01 9.999999999388602401e-01 9.104429238216389331e-08 8.840384424466361916e-08 8.584035965079926099e-08 8.334182471489399719e-08 8.090309337608849140e-08
1.432000000000000000e+03 9.999995706461265454e-01 9.999999999647180005e-01 9.999999999667280592e-01 9.999999999510009729e-01 9.999999999396744776e-01 9.104384286089035377e-08 8.840370660629089167e-08 8.584032658026808419e-08 8.334180740409199061e-08 8.090306119945351110e-08
1.434000000000000000e+03 9.999995706461475287e-01 9.999999999650784899e-01 9.999999999664908046e-01 9.999999999507129811e-01 9.999999999405234652e-01 9.104339325703818254e-08 8.840355766157644311e-08 8.584028106891955700e-08 8.334178178360535242e-08 8.090302841789319615e-08
1.436000000000000000e+03 9.999995706461567435e-01 9.999999999654580751e-01 9.999999999662050332e-01 9.999999999504636250e-01 9.999999999414039831e-01 9.104294605065241741e-08 8.840340100060077102e-08 8.584022622050029738e-08 8.334174758133617003e-08 8.090298639662476118e-08
1.438000000000000000e+03 9.999995706461820566e-01 9.999999999658509831e-01 9.999999999658746308e-01 9.999999999502580117e-01 9.999999999423150321e-01 9.104249915079739387e-08 8.840323384709501794e-08 8.584015718322511816e-08 8.334169782460895977e-08 8.090292928508434424e-08
1.440000000000000000e+03 9.999995706462100342e-01 9.999999999662479988e-01 9.999999999655018179e-01 9.999999999500986947e-01 9.999999999432525044e-01 9.104205267750719641e-08 8.840305707444734952e-08 8.584007575302523428e-08 8.334163690017183304e-08 8.090286637190053264e-08
1.442000000000000000e+03 9.999995706462319056e-01 9.999999999666409067e-01 9.999999999650910354e-01 9.999999999499891157e-01 9.999999999442127363e-01 9.104160812133389264e-08 8.840287339059777239e-08 8.583998537306089633e-08 8.334156844868836122e-08 8.090279968282416756e-08
1.444000000000000000e+03 9.999995706462565526e-01 9.999999999670217132e-01 9.999999999646471682e-01 9.999999999499318282e-01 9.999999999451928412e-01 9.104116534364498975e-08 8.840268304525758158e-08 8.583988571361007709e-08 8.334149096946713501e-08 8.090272675609294090e-08
1.446000000000000000e+03 9.999995706462837530e-01 9.999999999673817586e-01 9.999999999641756565e-01 9.999999999499287195e-01 9.999999999461881561e-01 9.104072401231488541e-08 8.840248622833906805e-08 8.583977710569666694e-08 8.334140547014435857e-08 8.090265065784936354e-08
1.448000000000000000e+03 9.999995706463090661e-01 9.999999999677138263e-01 9.999999999636829395e-01 9.999999999499818992e-01 9.999999999471956835e-01 9.104028452198201341e-08 8.840228424386402570e-08 8.583966147143751565e-08 8.334131458155278972e-08 8.090257444050083063e-08
1.450000000000000000e+03 9.999995706463333800e-01 9.999999999680101448e-01 9.999999999631757897e-01 9.999999999500917003e-01 9.999999999482110935e-01 9.103984700865810689e-08 8.840207793715939803e-08 8.583953981764842305e-08 8.334121913112973168e-08 8.090249836715883077e-08
1.452000000000000000e+03 9.999995706463575829e-01 9.999999999682637197e-01 9.999999999626606462e-01 9.999999999502576786e-01 9.999999999492292790e-01 9.103941126147019761e-08 8.840186768374877187e-08 8.583941267703420654e-08 8.334111981266977334e-08 8.090242361202977512e-08
1.454000000000000000e+03 9.999995706463811196e-01 9.999999999684697771e-01 9.999999999621452806e-01 9.999999999504806114e-01 9.999999999502471315e-01 9.103897720150146994e-08 8.840165410060963575e-08 8.583928107601877722e-08 8.334101810410780450e-08 8.090235203989657378e-08
1.456000000000000000e+03 9.999995706464018808e-01 9.999999999686220997e-01 9.999999999616356883e-01 9.999999999507575010e-01 9.999999999512589888e-01 9.103854476313596076e-08 8.840143778903580291e-08 8.583914594715136990e-08 8.334091509165734357e-08 8.090228449505554290e-08
1.458000000000000000e+03 9.999995706464224199e-01 9.999999999687188001e-01 9.999999999611407508e-01 9.999999999510885695e-01 9.999999999522619643e-01 9.103811372586664169e-08 8.840121909442259969e-08 8.583900787420770061e-08 8.334081144878948262e-08 8.090222154051774317e-08
1.460000000000000000e+03 9.999995706464416267e-01 9.999999999687571028e-01 9.999999999606662415e-01 9.999999999514702642e-01 9.999999999532512840e-01 9.103768382736154593e-08 8.840099829592560251e-08 8.583886742458757245e-08 8.334070794540440323e-08 8.090216394063065812e-08
1.462000000000000000e+03 9.999995706464588352e-01 9.999999999687356755e-01 9.999999999602188216e-01 9.999999999518993654e-01 9.999999999542225071e-01 9.103725480532134388e-08 8.840077564296385354e-08 8.583872512801396892e-08 8.334060524884352443e-08 8.090211214573481252e-08
1.464000000000000000e+03 9.999995706464751555e-01 9.999999999686556285e-01 9.999999999598049305e-01 9.999999999523733196e-01 9.999999999551721919e-01 9.103682634349269246e-08 8.840055126122094852e-08 8.583858133061096911e-08 8.334050376585954523e-08 8.090206630058486803e-08
1.466000000000000000e+03 9.999995706464904766e-01 9.999999999685184049e-01 9.999999999594301192e-01 9.999999999528880190e-01 9.999999999560964525e-01 9.103639808066938951e-08 8.840032517276993080e-08 8.583843625398823976e-08 8.334040379286464424e-08 8.090202651157869779e-08
1.468000000000000000e+03 9.999995706465041323e-01 9.999999999683261143e-01 9.999999999590980515e-01 9.999999999534376904e-01 9.999999999569906262e-01 9.103596964022340986e-08 8.840009733627281322e-08 8.583829004240503414e-08 8.334030554696000978e-08 8.090199279906618897e-08
1.470000000000000000e+03 9.999995706465174550e-01 9.999999999680841967e-01 9.999999999588141675e-01 9.999999999540194473e-01 9.999999999578529364e-01 9.103554062794335671e-08 8.839986763618796226e-08 8.583814273449684109e-08 8.334020912000067396e-08 8.090196506840752979e-08
1.472000000000000000e+03 9.999995706465301115e-01 9.999999999677968709e-01 9.999999999585809096e-01 9.999999999546271834e-01 9.999999999586793864e-01 9.103511063266730106e-08 8.839963588416336135e-08 8.583799427299912471e-08 8.334011452099074260e-08 8.090194321527580296e-08
1.474000000000000000e+03 9.999995706465427681e-01 9.999999999674709095e-01 9.999999999584018306e-01 9.999999999552564578e-01 9.999999999594679778e-01 9.103467923957624916e-08 8.839940184030117451e-08 8.583784453866563375e-08 8.334002172714001340e-08 8.090192717482738059e-08
1.476000000000000000e+03 9.999995706465559797e-01 9.999999999671131956e-01 9.999999999582774857e-01 9.999999999559020525e-01 9.999999999602159351e-01 9.103424603900593216e-08 8.839916522582393290e-08 8.583769336606868959e-08 8.333993070201280826e-08 8.090191693347806443e-08
1.478000000000000000e+03 9.999995706465689693e-01 9.999999999667301687e-01 9.999999999582084298e-01 9.999999999565579722e-01 9.999999999609208157e-01 9.103381063224543482e-08 8.839892573321567651e-08 8.583754056066381629e-08 8.333984142614421741e-08 8.090191257062280696e-08
1.480000000000000000e+03 9.999995706465832912e-01 9.999999999663307104e-01 9.999999999581951071e-01 9.999999999572196652e-01 9.999999999615813984e-01 9.103337264044525573e-08 8.839868304275071686e-08 8.583738592648770481e-08 8.333975393834656104e-08 8.090191429341578417e-08
1.482000000000000000e+03 9.999995706465981682e-01 9.999999999659219263e-01 9.999999999582357413e-01 9.999999999578810250e-01 9.999999999621956848e-01 9.103293171398948864e-08 8.839843683973049278e-08 8.583722929268246739e-08 8.333966836777720967e-08 8.090192244730219148e-08
1.484000000000000000e+03 9.999995706466143774e-01 9.999999999655115879e-01 9.999999999583287780e-01 9.999999999585382771e-01 9.999999999627631198e-01 9.103248754065965838e-08 8.839818683038979035e-08 8.583707053803193211e-08 8.333958496194820344e-08 8.090193752021026272e-08
1.486000000000000000e+03 9.999995706466312528e-01 9.999999999651071336e-01 9.999999999584713306e-01 9.999999999591855371e-01 9.999999999632827041e-01 9.103203985397124559e-08 8.839793275882811098e-08 8.583690961711011905e-08 8.333950411412153434e-08 8.090196013850164533e-08
1.488000000000000000e+03 9.999995706466497936e-01 9.999999999647160021e-01 9.999999999586600685e-01 9.999999999598184752e-01 9.999999999637538828e-01 9.103158844176094640e-08 8.839767442452152172e-08 8.583674658598765793e-08 8.333942638458739472e-08 8.090199104719405452e-08
1.490000000000000000e+03 9.999995706466696666e-01 9.999999999643449655e-01 9.999999999588915500e-01 9.999999999604334278e-01 9.999999999641770998e-01 9.103113315432530915e-08 8.839741169918180050e-08 8.583658162560272416e-08 8.333935251431756752e-08 8.090203107758770053e-08
1.492000000000000000e+03 9.999995706466909828e-01 9.999999999639995751e-01 9.999999999591611122e-01 9.999999999610260648e-01 9.999999999645522442e-01 9.103067391212354612e-08 8.839714454298945203e-08 8.583641506290509877e-08 8.333928343172690648e-08 8.090208110482417338e-08
1.494000000000000000e+03 9.999995706467135204e-01 9.999999999636851600e-01 9.999999999594642031e-01 9.999999999615938329e-01 9.999999999648804261e-01 9.103021071317890740e-08 8.839687302014483561e-08 8.583624738927450279e-08 8.333922025136752898e-08 8.090214199526720773e-08
1.496000000000000000e+03 9.999995706467366130e-01 9.999999999634054948e-01 9.999999999597952716e-01 9.999999999621322910e-01 9.999999999651619786e-01 9.102974364000633838e-08 8.839659731327147075e-08 8.583607927528996668e-08 8.333916426366109586e-08 8.090221454572032649e-08
1.498000000000000000e+03 9.999995706467604828e-01 9.999999999631640213e-01 9.999999999601497658e-01 9.999999999626402181e-01 9.999999999653979010e-01 9.102927286590744336e-08 8.839631773634854942e-08 8.583591158130830565e-08 8.333911691583700997e-08 8.090229941758129204e-08
1.500000000000000000e+03 9.999995706467850187e-01 9.999999999629630709e-01 9.999999999605222456e-01 9.999999999631149494e-01 9.999999999655901917e-01 9.102879866061402780e-08 8.839603474596964507e-08 8.583574536344227972e-08 8.333907978419882368e-08 8.090239706868901479e-08
1.502000000000000000e+03 9.999995706468097767e-01 9.999999999628043090e-01 9.999999999609080481e-01 9.999999999635558190e-01 9.999999999657400718e-01 9.102832139523773538e-08 8.839574895067595688e-08 8.583558187455481183e-08 8.333905453799780720e-08 8.090250768598083392e-08
1.504000000000000000e+03 9.999995706468346457e-01 9.999999999626877356e-01 9.999999999613016222e-01 9.999999999639611614e-01 9.999999999658497618e-01 9.102784154639492638e-08 8.839546111810976773e-08 8.583542255998382732e-08 8.333904289576047250e-08 8.090263112245378441e-08
1.506000000000000000e+03 9.999995706468588486e-01 9.999999999626131286e-01 9.999999999616985269e-01 9.999999999643298665e-01 9.999999999659205940e-01 9.102735969948117473e-08 8.839517217984296874e-08 8.583526904786425396e-08 8.333904657517343219e-08 8.090276684177905806e-08
1.508000000000000000e+03 9.999995706468821632e-01 9.999999999625787117e-01 9.999999999620938773e-01 9.999999999646621562e-01 9.999999999659545669e-01 9.102687655116804316e-08 8.839488323379749562e-08 8.583512313404282840e-08 8.333906723762303060e-08 8.090291387363593135e-08
1.510000000000000000e+03 9.999995706469044787e-01 9.999999999625828195e-01 9.999999999624837876e-01 9.999999999649581417e-01 9.999999999659540117e-01 9.102639291088884524e-08 8.839459554393855715e-08 8.583498676146811695e-08 8.333910642873541755e-08 8.090307078280873442e-08
1.512000000000000000e+03 9.999995706469253509e-01 9.999999999626231206e-01 9.999999999628648162e-01 9.999999999652184890e-01 9.999999999659209271e-01 9.102590970096371500e-08 8.839431053689543698e-08 8.583486199416264896e-08 8.333916551699091926e-08 8.090323565503001888e-08
1.514000000000000000e+03 9.999995706469451129e-01 9.999999999626965064e-01 9.999999999632340764e-01 9.999999999654444194e-01 9.999999999658585326e-01 9.102542795590350473e-08 8.839402979606406637e-08 8.583475098685011528e-08 8.333924563281384615e-08 8.090340610122812364e-08
1.516000000000000000e+03 9.999995706469623213e-01 9.999999999627992020e-01 9.999999999635877934e-01 9.999999999656360439e-01 9.999999999657673833e-01 9.102494882175864161e-08 8.839375505395433306e-08 8.583465595092060504e-08 8.333934760908465432e-08 8.090357928015012792e-08
1.518000000000000000e+03 9.999995706469778645e-01 9.999999999629278769e-01 9.999999999639244130e-01 9.999999999657955829e-01 9.999999999656504768e-01 9.102447355394316625e-08 8.839348818102249441e-08 8.583457911500590714e-08 8.333947192341600006e-08 8.090375194109828977e-08
1.520000000000000000e+03 9.999995706469908541e-01 9.999999999630780900e-01 9.999999999642417148e-01 9.999999999659238137e-01 9.999999999655097005e-01 9.102400351090416727e-08 8.839323116878749471e-08 8.583452268037771982e-08 8.333961864716944305e-08 8.090392049024884803e-08
1.522000000000000000e+03 9.999995706470022894e-01 9.999999999632478431e-01 9.999999999645391435e-01 9.999999999660236227e-01 9.999999999653479410e-01 9.102354014772669574e-08 8.839298611238775098e-08 8.583448877856774684e-08 8.333978740753445621e-08 8.090408107535420535e-08
1.524000000000000000e+03 9.999995706470109491e-01 9.999999999634313630e-01 9.999999999648150339e-01 9.999999999660956762e-01 9.999999999651657534e-01 9.102308501742883893e-08 8.839275519921385170e-08 8.583447943279389647e-08 8.333997735522239061e-08 8.090422967742746843e-08
1.526000000000000000e+03 9.999995706470173884e-01 9.999999999636259851e-01 9.999999999650688309e-01 9.999999999661419725e-01 9.999999999649652471e-01 9.102263976937374520e-08 8.839254068978756890e-08 8.583449650547437456e-08 8.334018712814754233e-08 8.090436222069408761e-08
1.528000000000000000e+03 9.999995706470213852e-01 9.999999999638282677e-01 9.999999999653006455e-01 9.999999999661639549e-01 9.999999999647480875e-01 9.102220612257620132e-08 8.839234487315420469e-08 8.583454163237614045e-08 8.334041483975110768e-08 8.090447472038374050e-08
1.530000000000000000e+03 9.999995706470238277e-01 9.999999999640359905e-01 9.999999999655108107e-01 9.999999999661643990e-01 9.999999999645164950e-01 9.102178584129503391e-08 8.839217003568497819e-08 8.583461619546552896e-08 8.334065811885401720e-08 8.090456342005320589e-08
1.532000000000000000e+03 9.999995706470244938e-01 9.999999999642458226e-01 9.999999999656998817e-01 9.999999999661446370e-01 9.999999999642712467e-01 9.102138077518502552e-08 8.839201849164058148e-08 8.583472133112387441e-08 8.334091412223149710e-08 8.090462486372785557e-08
1.534000000000000000e+03 9.999995706470236057e-01 9.999999999644558768e-01 9.999999999658683025e-01 9.999999999661063343e-01 9.999999999640138970e-01 9.102099289350103148e-08 8.839189257014941131e-08 8.583485783753263703e-08 8.334117946610047845e-08 8.090465603197830456e-08
1.536000000000000000e+03 9.999995706470216073e-01 9.999999999646640436e-01 9.999999999660165173e-01 9.999999999660507122e-01 9.999999999637451120e-01 9.102062414443645934e-08 8.839179443506229586e-08 8.583502601095358093e-08 8.334145030009562992e-08 8.090465463181021109e-08
1.538000000000000000e+03 9.999995706470191648e-01 9.999999999648693239e-01 9.999999999661464134e-01 9.999999999659801020e-01 9.999999999634662240e-01 9.102027632203559934e-08 8.839172602452210708e-08 8.583522577081657483e-08 8.334172261724302358e-08 8.090461915226089873e-08
1.540000000000000000e+03 9.999995706470151680e-01 9.999999999650692750e-01 9.999999999662573247e-01 9.999999999658941707e-01 9.999999999631772329e-01 9.101995138696571621e-08 8.839168941697253377e-08 8.583545694614504046e-08 8.334199219074217499e-08 8.090454855295976774e-08
1.542000000000000000e+03 9.999995706470099499e-01 9.999999999652635641e-01 9.999999999663508055e-01 9.999999999657948058e-01 9.999999999628791381e-01 9.101965176874535306e-08 8.839168685605178431e-08 8.583571881129285319e-08 8.334225403802435556e-08 8.090444261825937659e-08
1.544000000000000000e+03 9.999995706470052870e-01 9.999999999654521909e-01 9.999999999664279660e-01 9.999999999656833394e-01 9.999999999625723834e-01 9.101937950365289857e-08 8.839171971240362620e-08 8.583600935468447995e-08 8.334250300078485971e-08 8.090430295701914779e-08
1.546000000000000000e+03 9.999995706470007351e-01 9.999999999656329353e-01 9.999999999664891392e-01 9.999999999655595495e-01 9.999999999622569691e-01 9.101913543499810050e-08 8.839178841209816534e-08 8.583632652309368659e-08 8.334273527700968342e-08 8.090413200725918826e-08
1.548000000000000000e+03 9.999995706469952950e-01 9.999999999658060190e-01 9.999999999665347694e-01 9.999999999654237692e-01 9.999999999619327840e-01 9.101892133700729862e-08 8.839189493977220331e-08 8.583666980126965630e-08 8.334294692917040372e-08 8.090393101181556257e-08
1.550000000000000000e+03 9.999995706469876344e-01 9.999999999659714423e-01 9.999999999665656336e-01 9.999999999652774418e-01 9.999999999616003832e-01 9.101874177891219135e-08 8.839204264817082195e-08 8.583703683908916903e-08 8.334313087618113999e-08 8.090370321331639594e-08
1.552000000000000000e+03 9.999995706469799739e-01 9.999999999661280947e-01 9.999999999665821759e-01 9.999999999651202343e-01 9.999999999612595447e-01 9.101859879069648172e-08 8.839223005786335066e-08 8.583742028415373699e-08 8.334328178117107407e-08 8.090345756389985964e-08
1.554000000000000000e+03 9.999995706469787526e-01 9.999999999662764205e-01 9.999999999665850625e-01 9.999999999649528126e-01 9.999999999609107126e-01 9.101848756282473450e-08 8.839245204034973808e-08 8.583781669166433906e-08 8.334340234121000058e-08 8.090319938839832928e-08
1.556000000000000000e+03 9.999995706469755330e-01 9.999999999664144212e-01 9.999999999665730721e-01 9.999999999647742888e-01 9.999999999605523326e-01 9.101840949184093329e-08 8.839271449523873461e-08 8.583823230320911371e-08 8.334349006256362491e-08 8.090292466452682998e-08
1.558000000000000000e+03 9.999995706469585466e-01 9.999999999665433181e-01 9.999999999665474260e-01 9.999999999645857729e-01 9.999999999601856260e-01 9.101838145323408907e-08 8.839302931041736759e-08 8.583866064987168485e-08 8.334352668738116923e-08 8.090264401717315517e-08
1.560000000000000000e+03 9.999995706469408940e-01 9.999999999666615569e-01 9.999999999665080130e-01 9.999999999643870430e-01 9.999999999598098155e-01 9.101840423893781469e-08 8.839338048282040497e-08 8.583907430817556937e-08 8.334351302599691220e-08 8.090238624560228795e-08
1.562000000000000000e+03 9.999995706469553269e-01 9.999999999667679162e-01 9.999999999664539452e-01 9.999999999641773218e-01 9.999999999594241240e-01 9.101844366309801602e-08 8.839374143769526660e-08 8.583947936855542634e-08 8.334348278719766176e-08 8.090214029092297869e-08
1.564000000000000000e+03 9.999995706469690937e-01 9.999999999668626183e-01 9.999999999663862216e-01 9.999999999639574977e-01 9.999999999590293287e-01 9.101850537997579747e-08 8.839415035721447216e-08 8.583992106859361249e-08 8.334341777315494320e-08 8.090187006329235026e-08
1.566000000000000000e+03 9.999995706469023693e-01 9.999999999669441086e-01 9.999999999663039540e-01 9.999999999637273485e-01 9.999999999586246524e-01 9.101867014459921456e-08 8.839465682437992585e-08 8.584035783644612499e-08 8.334324490149420671e-08 8.090164040809005463e-08
1.568000000000000000e+03 9.999995706468366441e-01 9.999999999670108330e-01 9.999999999662068095e-01 9.999999999634862080e-01 9.999999999582093180e-01 9.101892003974472175e-08 8.839516113588038363e-08 8.584068221153102557e-08 8.334302961113217360e-08 8.090152967679703727e-08
1.570000000000000000e+03 9.999995706469525514e-01 9.999999999670622364e-01 9.999999999660951211e-01 9.999999999632348535e-01 9.999999999577837695e-01 9.101908069571863909e-08 8.839556585059142848e-08 8.584099810016389615e-08 8.334291493587586367e-08 8.090138377278458411e-08
1.572000000000000000e+03 9.999995706470387047e-01 9.999999999670982076e-01 9.999999999659697769e-01 9.999999999629740621e-01 9.999999999573487841e-01 9.101921516368092632e-08 8.839610187805729117e-08 8.584149677424455411e-08 8.334271353223131118e-08 8.090111656506198044e-08
1.574000000000000000e+03 9.999995706467071921e-01 9.999999999671175255e-01 9.999999999658303329e-01 9.999999999627037228e-01 9.999999999569035847e-01 9.101969620920903769e-08 8.839692565979751859e-08 8.584188276596520141e-08 8.334219000163141899e-08 8.090111775749691120e-08
1.576000000000000000e+03 9.999995706464973599e-01 9.999999999671197459e-01 9.999999999656778993e-01 9.999999999624250568e-01 9.999999999564489483e-01 9.102033748686014711e-08 8.839749747232714126e-08 8.584181323904802895e-08 8.334184475519850465e-08 8.090141591485217631e-08
1.578000000000000000e+03 9.999995706471855872e-01 9.999999999671030926e-01 9.999999999655120320e-01 9.999999999621377311e-01 9.999999999559843200e-01 9.102037174085768453e-08 8.839759139476258415e-08 8.584200380815913077e-08 8.334201015585565311e-08 8.090117778744945794e-08
1.580000000000000000e+03 9.999995706474282819e-01 9.999999999670684536e-01 9.999999999653343963e-01 9.999999999618426338e-01 9.999999999555101438e-01 9.102030933086266263e-08 8.839838620192315774e-08 8.584295077439561080e-08 8.334152317577570439e-08 8.090072333350809772e-08
1.582000000000000000e+03 9.999995706458127964e-01 9.999999999670162731e-01 9.999999999651461025e-01 9.999999999615419854e-01 9.999999999550280849e-01 9.102167058370194485e-08 8.840006865271188220e-08 8.584299618519157303e-08 8.334014997454396530e-08 8.090164802897457420e-08
1.584000000000000000e+03 9.999995706455450106e-01 9.999999999669462181e-01 9.999999999649485938e-01 9.999999999612360080e-01 9.999999999545378104e-01 9.102314496890048762e-08 8.840014453630939627e-08 8.584161954714556743e-08 8.334040529104343620e-08 8.090255278260519536e-08
1.586000000000000000e+03 9.999995706488459257e-01 9.999999999668588435e-01 9.999999999647423143e-01 9.999999999609255896e-01 9.999999999540396534e-01 9.102184595123319303e-08 8.839882882968705691e-08 8.584236983235876036e-08 8.334180706467984030e-08 8.090081661492386892e-08
1.588000000000000000e+03 9.999995706484798852e-01 9.999999999667555928e-01 9.999999999645298177e-01 9.999999999606125067e-01 9.999999999535351680e-01 9.102094473255521384e-08 8.840110618173385630e-08 8.584514916060366382e-08 8.333947641579849027e-08 8.090049225267941871e-08
1.590000000000000000e+03 9.999995706418014496e-01 9.999999999666373540e-01 9.999999999643126580e-01 9.999999999602984246e-01 9.999999999530246875e-01 9.102563412634468486e-08 8.840525287501333478e-08 8.584287160294424870e-08 8.333635883356053176e-08 8.090489094088904859e-08
1.592000000000000000e+03 9.999995706441356935e-01 9.999999999665057926e-01 9.999999999640923898e-01 9.999999999599838985e-01 9.999999999525090999e-01 9.102861938368612077e-08 8.840181857005079251e-08 8.583809237206910222e-08 8.334095805380114868e-08 8.090436806223400464e-08
1.594000000000000000e+03 9.999995706563926667e-01 9.999999999663632400e-01 9.999999999638712334e-01 9.999999999596713707e-01 9.999999999519899596e-01 9.102114613464233745e-08 8.839670536045842689e-08 8.584385545607565353e-08 8.334402205715616411e-08 8.089706744713956531e-08
1.596000000000000000e+03 9.999995706483649771e-01 9.999999999662112504e-01 9.999999999636511872e-01 9.999999999593617295e-01 9.999999999514675997e-01 9.101916897042676470e-08 8.840664708822084597e-08 8.585071531073754799e-08 8.333289645236547854e-08 8.090260109818270087e-08
1.598000000000000000e+03 9.999995706273562268e-01 9.999999999660524885e-01 9.999999999634344716e-01 9.999999999590568622e-01 9.999999999509434634e-01 9.103617032366689636e-08 8.841562353599336791e-08 8.583689294845779229e-08 8.333069511652359509e-08 8.091486225357546855e-08
1.600000000000000000e+03 9.999995706482711633e-01 9.999999999658888417e-01 9.999999999632221970e-01 9.999999999587578792e-01 9.999999999504185499e-01 9.103889047898219955e-08 8.839632916443137787e-08 8.582805274994363138e-08 8.335170489754348311e-08 8.089955298300273171e-08
1.602000000000000000e+03 9.999995706803356255e-01 9.999999999657235294e-01 9.999999999630173608e-01 9.999999999584666677e-01 9.999999999498943026e-01 9.100926552371475345e-08 8.838678102538481869e-08 8.585601635601574618e-08 8.334632612771989144e-08 8.088526535546781312e-08
1.604000000000000000e+03 9.999995706328377310e-01 9.999999999655579952e-01 9.999999999628204073e-01 9.999999999581835608e-01 9.999999999493707215e-01 9.101331065819836873e-08 8.842668452568362250e-08 8.586148092243919297e-08 8.330938953722468116e-08 8.092145487577384016e-08
1.606000000000000000e+03 9.999995705905725396e-01 9.999999999653952365e-01 9.999999999626336677e-01 9.999999999579102239e-01 9.999999999488495828e-01 9.106911559302947160e-08 8.843415594854598412e-08 8.580752974748546156e-08 8.333454122603649985e-08 8.093038728242684248e-08
1.608000000000000000e+03 9.999995706863351597e-01 9.999999999652381399e-01 9.999999999624586966e-01 9.999999999576482113e-01 9.999999999483319968e-01 9.105204870906785261e-08 8.836151088254025410e-08 8.581594932590580555e-08 8.339008090432294043e-08 8.086149210595022608e-08
1.610000000000000000e+03 9.999995707283343416e-01 9.999999999650877047e-01 9.999999999622963820e-01 9.999999999573979670e-01 9.999999999478188517e-01 9.095930887733963357e-08 8.837104139283206405e-08 8.590781542527530575e-08 8.332115176013094089e-08 8.088084068298743783e-08
1.612000000000000000e+03 9.999995705537019219e-01 9.999999999649474836e-01 9.999999999621486113e-01 9.999999999571614895e-01 9.999999999473119239e-01 9.101400939038830349e-08 8.849751303360589621e-08 8.585786829729690244e-08 8.325335903259421465e-08 8.099307503845738374e-08
1.614000000000000000e+03 9.999995705402553448e-01 9.999999999648163662e-01 9.999999999620139413e-01 9.999999999569363363e-01 9.999999999468088818e-01 9.116574313411016209e-08 8.844347676870177496e-08 8.571472378498539955e-08 8.340365831488498826e-08 8.090266289835966112e-08
1.616000000000000000e+03 9.999995708282058970e-01 9.999999999646977944e-01 9.999999999618939261e-01 9.999999999567247277e-01 9.999999999463129452e-01 9.103749571269804036e-08 8.824268691217248473e-08 8.585311088768947974e-08 8.345467314820145728e-08 8.075529657456870537e-08
1.618000000000000000e+03 9.999995707561922798e-01 9.999999999645925453e-01 9.999999999617896762e-01 9.999999999565281072e-01 9.999999999458264455e-01 9.081288308008596565e-08 8.839821702901144907e-08 8.604388963323267987e-08 8.317591013692027616e-08 8.098526822852956822e-08
1.620000000000000000e+03 9.999995703286459481e-01 9.999999999645019511e-01 9.999999999617019686e-01 9.999999999563470299e-01 9.999999999453481614e-01 9.108861205329850065e-08 8.868909754877302126e-08 8.573613731147925519e-08 8.321508601876642719e-08 8.111562199648443127e-08
1.622000000000000000e+03 9.999995705780427846e-01 9.999999999644229032e-01 9.999999999616256963e-01 9.999999999561758335e-01 9.999999999448728749e-01 9.139706630470583122e-08 8.833725036393568555e-08 8.553387929311810848e-08 8.366401854171240372e-08 8.066374688790920084e-08
1.624000000000000000e+03 9.999995711412232868e-01 9.999999999643571780e-01 9.999999999615626356e-01 9.999999999560174047e-01 9.999999999444081356e-01 9.086505785917586104e-08 8.796963366531606243e-08 8.611918363569880315e-08 8.339729256051067506e-08 8.068236788944669467e-08
1.626000000000000000e+03 9.999995705920023958e-01 9.999999999643079951e-01 9.999999999615166724e-01 9.999999999558771835e-01 9.999999999439589393e-01 9.050197543658463095e-08 8.866399436197574197e-08 8.622122105711336293e-08 8.278548249617028588e-08 8.141076697704612385e-08
1.628000000000000000e+03 9.999995699534363069e-01 9.999999999642725790e-01 9.999999999614851420e-01 9.999999999557505070e-01 9.999999999435147391e-01 9.146071302760202976e-08 8.903185637024637952e-08 8.523368498489081450e-08 8.349673444653905189e-08 8.099965913730064388e-08
1.630000000000000000e+03 9.999995709299812630e-01 9.999999999642420478e-01 9.999999999614567203e-01 9.999999999556247188e-01 9.999999999430666531e-01 9.178927790610445708e-08 8.780018294719120894e-08 8.545732258031182668e-08 8.415055723241593243e-08 8.004939426650857133e-08
1.632000000000000000e+03 9.999995715102413252e-01 9.999999999642229520e-01 9.999999999614377355e-01 9.999999999555113650e-01 9.999999999426368857e-01 9.018710308251081803e-08 8.762616630966469723e-08 8.692996595432300116e-08 8.272619467056944645e-08 8.119762716808014291e-08
1.634000000000000000e+03 9.999995700213514249e-01 9.999999999642229520e-01 9.999999999614396229e-01 9.999999999554233243e-01 9.999999999422310992e-01 9.011071365421196818e-08 8.961077620002067851e-08 8.599462700648966897e-08 8.236119853066325199e-08 8.207912528105868088e-08
1.636000000000000000e+03 9.999995696916951227e-01 9.999999999642302795e-01 9.999999999614491708e-01 9.999999999553393915e-01 9.999999999418138774e-01 9.261346604048737402e-08 8.921301423375625555e-08 8.408819721516304942e-08 8.473468313709745630e-08 7.983722121201365343e-08
1.638000000000000000e+03 9.999995716807793533e-01 9.999999999642302795e-01 9.999999999614477275e-01 9.999999999552410257e-01 9.999999999413834439e-01 9.204137289947113863e-08 8.630988547115092289e-08 8.628188541066264048e-08 8.419334407707790251e-08 7.967153986483697988e-08
1.640000000000000000e+03 9.999995715766616389e-01 9.999999999642393833e-01 9.999999999614543889e-01 9.999999999551613117e-01 9.999999999409926454e-01 8.841566914843260390e-08 8.789736751330023629e-08 8.828455959703642825e-08 8.085448664222887079e-08 8.315051819965485047e-08
1.642000000000000000e+03 9.999995692180795315e-01 9.999999999642744664e-01 9.999999999614922475e-01 9.999999999551196783e-01 9.999999999406310458e-01 9.029199621054492582e-08 9.169913131974209130e-08 8.419363111667054734e-08 8.322114569916701225e-08 8.155561143358008292e-08
1.644000000000000000e+03 9.999995698108904429e-01 9.999999999643085502e-01 9.999999999615278856e-01 9.999999999550615026e-01 9.999999999402195971e-01 9.513019674245782461e-08 8.804444018085092977e-08 8.288435928627812577e-08 8.705792069119317738e-08 7.725219105946805291e-08
1.646000000000000000e+03 9.999995723605640263e-01 9.999999999643153226e-01 9.999999999615292179e-01 9.999999999549652463e-01 9.999999999397912731e-01 9.101000343468137700e-08 8.373883415219101502e-08 8.940207723050256986e-08 8.180113379258152534e-08 8.186790215525011867e-08
1.648000000000000000e+03 9.999995714730395280e-01 9.999999999643348625e-01 9.999999999615475366e-01 9.999999999549132879e-01 9.999999999394519890e-01 8.518903600982226777e-08 9.051634193933498202e-08 8.864629843416396317e-08 7.871099321982799608e-08 8.564515964999711385e-08
1.650000000000000000e+03 9.999995687497142960e-01 9.999999999643985893e-01 9.999999999616193680e-01 9.999999999549182839e-01 9.999999999391255834e-01 9.276268488735755220e-08 9.432401621673111091e-08 7.962729299738546706e-08 8.768217298934671721e-08 7.703517377527852991e-08
1.652000000000000000e+03 9.999995694774679311e-01 9.999999999644481052e-01 9.999999999616682178e-01 9.999999999548601082e-01 9.999999999386773863e-01 9.881203145321070081e-08 8.340598865150265273e-08 8.437904330607188914e-08 8.784604836294586888e-08 7.626088524990906745e-08
1.654000000000000000e+03 9.999995728427768515e-01 9.999999999644428872e-01 9.999999999616512314e-01 9.999999999547426466e-01 9.999999999382465088e-01 8.645858288596489687e-08 8.188984070360662120e-08 9.505574749385129342e-08 7.521733177433323512e-08 8.871775760564591421e-08
1.656000000000000000e+03 9.999995727513492083e-01 9.999999999644680893e-01 9.999999999616820956e-01 9.999999999547320995e-01 9.999999999379866056e-01 8.169387892546705764e-08 9.752533704047110155e-08 8.411078590781673848e-08 8.092092117403258554e-08 8.317998114865606062e-08
1.658000000000000000e+03 9.999995674929598177e-01 9.999999999645724502e-01 9.999999999618039981e-01 9.999999999547917184e-01 9.999999999376645299e-01 9.999138654964320901e-08 9.411287593794095710e-08 7.399069599018035993e-08 9.551766925664881161e-08 6.907670350612985852e-08
1.660000000000000000e+03 9.999995670245628299e-01 9.999999999646360660e-01 9.999999999618564006e-01 9.999999999546993479e-01 9.999999999371245174e-01 1.010636502860684490e-07 7.416128548905199476e-08 9.294559326401123270e-08 8.094914836418988893e-08 8.403856789298220156e-08
1.662000000000000000e+03 9.999995762097553254e-01 9.999999999646054238e-01 9.999999999618043312e-01 9.999999999545494678e-01 9.999999999367210624e-01 7.627645949418159846e-08 8.574596274302390566e-08 9.870484559339999853e-08 6.826588861974221862e-08 9.498053227022048227e-08
1.664000000000000000e+03 9.999995757872773838e-01 9.999999999646479454e-01 9.999999999618711666e-01 9.999999999546229645e-01 9.999999999365756231e-01 8.217937882764669799e-08 1.080463561784487666e-07 7.127801373962695162e-08 9.347835062924245685e-08 6.941403078254535612e-08
1.666000000000000000e+03 9.999995604563414187e-01 9.999999999648180316e-01 9.999999999620693414e-01 9.999999999547394269e-01 9.999999999361848246e-01 1.128429523895777275e-07 8.503553671202540364e-08 7.500001630505140024e-08 9.824347630230528581e-08 6.860499236748337340e-08
1.668000000000000000e+03 9.999995653063026291e-01 9.999999999648927496e-01 9.999999999621072000e-01 9.999999999545656770e-01 9.999999999355121405e-01 9.612486038695476351e-08 6.432508509966675965e-08 1.089272509993588263e-07 6.342310667658193864e-08 1.020774442742587374e-07
1.670000000000000000e+03 9.999995878617594647e-01 9.999999999648288007e-01 9.999999999620158286e-01 9.999999999544084694e-01 9.999999999352251479e-01 6.189689479672715852e-08 1.010399386597949480e-07 9.026897794788153216e-08 7.361223954913845211e-08 8.550484039872797399e-08
1.672000000000000000e+03 9.999995729332248340e-01 9.999999999649142879e-01 9.999999999621653757e-01 9.999999999546341778e-01 9.999999999352026103e-01 9.319033547428889929e-08 1.142556600631009089e-07 5.504004782961808910e-08 1.128504267790326706e-07 5.191451781283759873e-08
1.674000000000000000e+03 9.999995450026127886e-01 9.999999999651697502e-01 9.999999999624550329e-01 9.999999999547775076e-01 9.999999999346226298e-01 1.266503718094844879e-07 6.372917939254143357e-08 9.275368583280302546e-08 8.183793957546642714e-08 9.021031762559972501e-08
1.676000000000000000e+03 9.999995765732404562e-01 9.999999999652368077e-01 9.999999999624423763e-01 9.999999999544764151e-01 9.999999999338446965e-01 7.805410879179677734e-08 6.520946722753062401e-08 1.208642870424370372e-07 4.780127838426279794e-08 1.116827506454520905e-07
1.678000000000000000e+03 9.999996036067594352e-01 9.999999999651356664e-01 9.999999999623285785e-01 9.999999999543920381e-01 9.999999999338107237e-01 5.164273451241548238e-08 1.263812114910240959e-07 6.335867950615521026e-08 1.014595511894598520e-07 5.373652950293655795e-08
1.680000000000000000e+03 9.999995504807025481e-01 9.999999999652892102e-01 9.999999999626133507e-01 9.999999999548268015e-01 9.999999999338340384e-01 1.181535003946308633e-07 1.030899295136981119e-07 5.282174823688940047e-08 1.177045098730277265e-07 5.793418030149296578e-08
1.682000000000000000e+03 9.999995351884548578e-01 9.999999999656177252e-01 9.999999999629680669e-01 9.999999999549119556e-01 9.999999999329380884e-01 1.299308692388315292e-07 3.826198779091197987e-08 1.257249998811431151e-07 4.617154629093962349e-08 1.249068413417393340e-07
1.684000000000000000e+03 9.999996098325668603e-01 9.999999999656443705e-01 9.999999999628650382e-01 9.999999999544805229e-01 9.999999999322081168e-01 4.796854118741788500e-08 8.844969960930934682e-08 1.086336827678119969e-07 5.993968593556597065e-08 8.536176233150387077e-08
1.686000000000000000e+03 9.999996000021714737e-01 9.999999999655126981e-01 9.999999999627746661e-01 9.999999999545989837e-01 9.999999999325369648e-01 5.849737507826478693e-08 1.465174016829717311e-07 3.050862698307635679e-08 1.370479608082927419e-07 2.761217859021715001e-08
1.688000000000000000e+03 9.999995114850179778e-01 9.999999999657320782e-01 9.999999999632125380e-01 9.999999999552241503e-01 9.999999999324067357e-01 1.498937406590026066e-07 6.840055724755441752e-08 8.167860969938427589e-08 8.589498870311590722e-08 1.028316476800034438e-07
1.690000000000000000e+03 9.999995581429440561e-01 9.999999999660859062e-01 9.999999999635605930e-01 9.999999999551364427e-01 9.999999999311696142e-01 1.109410739235313389e-07 2.937654743050777783e-08 1.501868129969733164e-07 2.132733077693892175e-08 1.302104761053718835e-07
1.692000000000000000e+03 9.999996449171172364e-01 9.999999999660468264e-01 9.999999999633545356e-01 9.999999999546611562e-01 9.999999999307550569e-01 1.940791292280468906e-08 1.309325105252616688e-07 6.511514298263217208e-08 1.082984846559886928e-07 3.151515309208491598e-08
1.694000000000000000e+03 9.999995565844715939e-01 9.999999999658895078e-01 9.999999999633387704e-01 9.999999999550926999e-01 9.999999999314006516e-01 8.965166002882757373e-08 1.393047333174755454e-07 2.271861305937550963e-08 1.408644321936853218e-07 5.106150683039772203e-08
1.696000000000000000e+03 9.999994921612862520e-01 9.999999999661356442e-01 9.999999999638848891e-01 9.999999999557793728e-01 9.999999999308657461e-01 1.699100847076086286e-07 2.458505581676837645e-08 1.332403587664987708e-07 3.041431834370916072e-08 1.498733727347890190e-07
1.698000000000000000e+03 9.999996161746921297e-01 9.999999999664603845e-01 9.999999999641457915e-01 9.999999999554547436e-01 9.999999999294743036e-01 7.004841920961496969e-08 5.483238410743632981e-08 1.356729652752429910e-07 4.453343034669592945e-08 7.892371638295714928e-08
1.700000000000000000e+03 9.999996386075908905e-01 9.999999999663523598e-01 9.999999999638664594e-01 9.999999999551015817e-01 9.999999999296167452e-01 1.267321336854210021e-08 1.679528658132054244e-07 1.577604947137491795e-08 1.570845995023178360e-07 8.091887383236133809e-09
1.702000000000000000e+03 9.999994963403748827e-01 9.999999999661584038e-01 9.999999999639418435e-01 9.999999999558416564e-01 9.999999999303122999e-01 1.355056874701978610e-07 9.728167205202384894e-08 6.020599565020923635e-08 9.200703603217272951e-08 1.188441236545221956e-07
1.704000000000000000e+03 9.999995276043872616e-01 9.999999999663768957e-01 9.999999999645011739e-01 9.999999999564002096e-01 9.999999999292493724e-01 1.604734027714157877e-07 2.256731973874311546e-09 1.689545618999112178e-07 2.447697202008610909e-09 1.384478357687560455e-07
1.706000000000000000e+03 9.999996630904264272e-01 9.999999999666483452e-01 9.999999999646351778e-01 9.999999999558960573e-01 9.999999999280763108e-01 2.561707670491712220e-08 1.077625602763084759e-07 8.052690123865011866e-08 1.095436420573360471e-07 1.364528175553725992e-08
1.708000000000000000e+03 9.999995794240141844e-01 9.999999999664761496e-01 9.999999999643275350e-01 9.999999999558112362e-01 9.999999999287888519e-01 3.842458709088537032e-08 1.700297257663367300e-07 2.935531899508226113e-09 1.546634848024264671e-07 5.470839835367468669e-08
1.710000000000000000e+03 9.999994760596605525e-01 9.999999999662253503e-01 9.999999999644595405e-01 9.999999999567119602e-01 9.999999999291621089e-01 1.717951084231068063e-07 4.206781906390972951e-08 1.225931585631791392e-07 2.620262248766341863e-08 1.614662178713884444e-07
1.712000000000000000e+03 9.999995971166940611e-01 9.999999999663982120e-01 9.999999999649517024e-01 9.999999999570142739e-01 9.999999999277336959e-01 1.212948420956011258e-07 2.199393126217851104e-08 1.547822203929049609e-07 3.655386452040206151e-08 6.844349665639575371e-08
1.714000000000000000e+03 9.999996507732226148e-01 9.999999999666190353e-01 9.999999999649665794e-01 9.999999999564846975e-01 9.999999999271247386e-01 3.056807877846458830e-09 1.556532054006773420e-07 2.375721876491636104e-08 1.596263932290804302e-07 7.319104417580315482e-09
1.716000000000000000e+03 9.999995167339794655e-01 9.999999999663811145e-01 9.999999999646558280e-01 9.999999999566928643e-01 9.999999999281220520e-01 8.559038946938507693e-08 1.315255449175641064e-07 4.165866738981073548e-08 9.676256673955040037e-08 1.279141494646297068e-07
1.718000000000000000e+03 9.999995171107057823e-01 9.999999999660837968e-01 9.999999999647986026e-01 9.999999999575497345e-01 9.999999999279495233e-01 1.774300066171868147e-07 9.718255735161671237e-09 1.620529724502095056e-07 4.119510332610700710e-09 1.297533180140016128e-07
1.720000000000000000e+03 9.999996381005794577e-01 9.999999999662348982e-01 9.999999999651891791e-01 9.999999999575972520e-01 9.999999999265415385e-01 7.299962476671918021e-08 7.228929395090397264e-08 9.998077806600847268e-08 1.035886824032442752e-07 1.322662959610397366e-08
1.722000000000000000e+03 9.999995932942767896e-01 9.999999999664048733e-01 9.999999999651079108e-01 9.999999999571861364e-01 9.999999999265731798e-01 1.447468917858494652e-08 1.676500981167862365e-07 8.837927088637024277e-09 1.496269508378652691e-07 6.630193799330347048e-08
1.724000000000000000e+03 9.999995049484399212e-01 9.999999999661109973e-01 9.999999999648057081e-01 9.999999999575878151e-01 9.999999999274460372e-01 1.282256803190935141e-07 7.856358566860837321e-08 1.005485967661965030e-07 3.719120970075586538e-08 1.507076909205961861e-07
1.726000000000000000e+03 9.999995749436904058e-01 9.999999999658224503e-01 9.999999999649412663e-01 9.999999999582568355e-01 9.999999999268072148e-01 1.518150956939176737e-07 1.845091936919589163e-08 1.514824450082808380e-07 4.113733913468783249e-08 6.235583741379012364e-08
1.728000000000000000e+03 9.999996226220272399e-01 9.999999999659781036e-01 9.999999999652264826e-01 9.999999999581440369e-01 9.999999999257735972e-01 4.133378466172855065e-08 1.189502052422859450e-07 4.901409164926425093e-08 1.424902744796355716e-07 2.577564831404137837e-08
1.730000000000000000e+03 9.999995491140418746e-01 9.999999999660863503e-01 9.999999999650727167e-01 9.999999999579094467e-01 9.999999999262213501e-01 4.925308072529957907e-08 1.420085828464795472e-07 3.978482399568113655e-08 9.751344198129645011e-08 1.225118949591547164e-07
1.732000000000000000e+03 9.999995380788071486e-01 9.999999999657799288e-01 9.999999999648049309e-01 9.999999999583671917e-01 9.999999999267028539e-01 1.460553719756183611e-07 4.492020960374601830e-08 1.347946243446363943e-07 2.503417489382540331e-08 1.113023144027318606e-07
1.734000000000000000e+03 9.999995979738327545e-01 9.999999999655625471e-01 9.999999999649371585e-01 9.999999999588110589e-01 9.999999999258853967e-01 1.138371076905880198e-07 5.432703308653021372e-08 1.092934801965398792e-07 9.399262113239857014e-08 3.076188618134419320e-08
1.736000000000000000e+03 9.999995846939726540e-01 9.999999999657188665e-01 9.999999999651200122e-01 9.999999999586453026e-01 9.999999999253404992e-01 3.748117449205876929e-08 1.363858407229488307e-07 3.515063468702452984e-08 1.298638682642792046e-07 7.661084098932533596e-08
1.738000000000000000e+03 9.999995468608186000e-01 9.999999999657653849e-01 9.999999999649308302e-01 9.999999999585691413e-01 9.999999999258699646e-01 8.486156061713112030e-08 1.034928266083979611e-07 8.304207689309514930e-08 5.602916787658070755e-08 1.258995723502921611e-07
1.740000000000000000e+03 9.999995696410339807e-01 9.999999999655032612e-01 9.999999999647330995e-01 9.999999999589840316e-01 9.999999999259466810e-01 1.381371884540195678e-07 4.317988611310500784e-08 1.298764154679377808e-07 5.435939316904358963e-08 6.499207303384737438e-08
1.742000000000000000e+03 9.999995858805378335e-01 9.999999999653776950e-01 9.999999999648592208e-01 9.999999999592406041e-01 9.999999999252225935e-01 8.474362218435804409e-08 8.884177015658920271e-08 7.336361147791625089e-08 1.174092302526384720e-07 4.994768774041233204e-08
1.744000000000000000e+03 9.999995656370639363e-01 9.999999999655099225e-01 9.999999999649535898e-01 9.999999999590990507e-01 9.999999999250479554e-01 5.347936255627165783e-08 1.258364738426067877e-07 5.341252907973018097e-08 9.446512268167488249e-08 1.073560014492668333e-07
1.746000000000000000e+03 9.999995644745012235e-01 9.999999999655121430e-01 9.999999999647780635e-01 9.999999999591367983e-01 9.999999999254256533e-01 1.052527568674384585e-07 7.737604877593336519e-08 1.067989400053377598e-07 5.116498552357571509e-08 9.511907805980679742e-08
1.748000000000000000e+03 9.999995757902588878e-01 9.999999999653239602e-01 9.999999999646651538e-01 9.999999999594684219e-01 9.999999999252475735e-01 1.182152075629171061e-07 6.109992657929183540e-08 1.053125342219386746e-07 8.631902944828114236e-08 5.344950335123470125e-08
1.750000000000000000e+03 9.999995703316686413e-01 9.999999999652610105e-01 9.999999999647682936e-01 9.999999999596050904e-01 9.999999999247326521e-01 7.330937521311048053e-08 1.048523676025024227e-07 6.270321019105322762e-08 1.080705366814649652e-07 8.091964061077547726e-08
1.752000000000000000e+03 9.999995686377687321e-01 9.999999999653446103e-01 9.999999999647999349e-01 9.999999999595304834e-01 9.999999999247258797e-01 7.361542035861998820e-08 1.055274534494293205e-07 7.780059281077012869e-08 7.191745459429303349e-08 1.026880765370274222e-07
1.754000000000000000e+03 9.999995737856595124e-01 9.999999999653205185e-01 9.999999999646718152e-01 9.999999999596408395e-01 9.999999999248864180e-01 1.089775959832687452e-07 7.081496570254070161e-08 1.065454270376270755e-07 6.807621445645936071e-08 7.198678518991460272e-08
1.756000000000000000e+03 9.999995689206895300e-01 9.999999999651897342e-01 9.999999999646210780e-01 9.999999999598913059e-01 9.999999999246143023e-01 1.005543178224710698e-07 7.984283598327293530e-08 8.557560955911091987e-08 9.768418276449619227e-08 6.760921576938186933e-08
1.758000000000000000e+03 9.999995677602034894e-01 9.999999999651452143e-01 9.999999999646874693e-01 9.999999999599803457e-01 9.999999999242884519e-01 7.520470462623751976e-08 1.041609044942748114e-07 7.003700547046659538e-08 8.995194298992627894e-08 9.307230890446268779e-08
1.760000000000000000e+03 9.999995749207856166e-01 9.999999999651727478e-01 9.999999999646835835e-01 9.999999999599898937e-01 9.999999999242989990e-01 8.734596211104661616e-08 9.073788724985117656e-08 9.089099317461838730e-08 7.013575353030063765e-08 8.615564531022056600e-08
1.762000000000000000e+03 9.999995716172864757e-01 9.999999999651258964e-01 9.999999999645989845e-01 9.999999999601404399e-01 9.999999999242858983e-01 1.037577752648920307e-07 7.596680189619423725e-08 9.615605680189220127e-08 8.297679834087947369e-08 6.971230256722297781e-08
1.764000000000000000e+03 9.999995656187731230e-01 9.999999999650202032e-01 9.999999999645701187e-01 9.999999999603381706e-01 9.999999999240187787e-01 9.110541694952309458e-08 8.984788055621462687e-08 7.899857739965765225e-08 9.325677455710787629e-08 8.135980523570660050e-08
1.766000000000000000e+03 9.999995718331931016e-01 9.999999999649632487e-01 9.999999999645893256e-01 9.999999999604334278e-01 9.999999999238086135e-01 8.174595805181585361e-08 9.714128487793757364e-08 8.030328240315493155e-08 8.023225166960239880e-08 8.893141120306139158e-08
1.768000000000000000e+03 9.999995749331694883e-01 9.999999999649397120e-01 9.999999999645575732e-01 9.999999999605200252e-01 9.999999999237723092e-01 9.296282710139084084e-08 8.516012821305744375e-08 9.241913517435900773e-08 7.719793332672994550e-08 7.751419359601838660e-08
1.770000000000000000e+03 9.999995679700239837e-01 9.999999999648709892e-01 9.999999999644851867e-01 9.999999999606921097e-01 9.999999999236621750e-01 9.735228220665853041e-08 8.292488036760292669e-08 8.790497821316047828e-08 8.761193785160434475e-08 7.642336602078033840e-08
1.772000000000000000e+03 9.999995678675664967e-01 9.999999999647708471e-01 9.999999999644378912e-01 9.999999999608684131e-01 9.999999999234366888e-01 8.845227688684632688e-08 9.201822147265886831e-08 8.058593232113566343e-08 8.629098816415417558e-08 8.497268026574740866e-08
1.774000000000000000e+03 9.999995738494773523e-01 9.999999999646992377e-01 9.999999999644040294e-01 9.999999999609952006e-01 9.999999999232837000e-01 8.717104798230914342e-08 9.136345595376040064e-08 8.587143470508939056e-08 7.938937397196404703e-08 8.254300896464086728e-08
1.776000000000000000e+03 9.999995718543798207e-01 9.999999999646455029e-01 9.999999999643346404e-01 9.999999999611345336e-01 9.999999999232017656e-01 9.362862725315637096e-08 8.518581639373757471e-08 8.947102351745650215e-08 8.256385306414529569e-08 7.748416510109103688e-08
1.778000000000000000e+03 9.999995677150136375e-01 9.999999999645688975e-01 9.999999999642398274e-01 9.999999999613143897e-01 9.999999999230614334e-01 9.324026924090603302e-08 8.710778815342891445e-08 8.482118066633245073e-08 8.629564359488327860e-08 8.100810226500760421e-08
1.780000000000000000e+03 9.999995706271812557e-01 9.999999999644835214e-01 9.999999999641514536e-01 9.999999999614870294e-01 9.999999999228869063e-01 8.891618317401605244e-08 9.086594193708837738e-08 8.365276436407475096e-08 8.294426879175831427e-08 8.318183599456945736e-08
1.782000000000000000e+03 9.999995728663568784e-01 9.999999999644193505e-01 9.999999999640594162e-01 9.999999999616380197e-01 9.999999999227653369e-01 8.999999013158633213e-08 8.870330119295658388e-08 8.710377786156433549e-08 8.148374740333286867e-08 8.003112683635631291e-08
1.784000000000000000e+03 9.999995699988446507e-01 9.999999999643716109e-01 9.999999999639443971e-01 9.999999999617996682e-01 9.999999999226704128e-01 9.267877446788983612e-08 8.669073651057151602e-08 8.695560668193550694e-08 8.417035933278562356e-08 7.969407834832921407e-08
1.786000000000000000e+03 9.999995692298812022e-01 9.999999999643203186e-01 9.999999999638115034e-01 9.999999999619725299e-01 9.999999999225486214e-01 9.147412182440453279e-08 8.856563871796093931e-08 8.472058795866605852e-08 8.431035231478040402e-08 8.188795282686466566e-08
1.788000000000000000e+03 9.999995715086302805e-01 9.999999999642762427e-01 9.999999999636766113e-01 9.999999999621350666e-01 9.999999999224287173e-01 8.994519173734426548e-08 8.946501696057529768e-08 8.539942793653404476e-08 8.251739745803815619e-08 8.135300729328941916e-08
1.790000000000000000e+03 9.999995713878412351e-01 9.999999999642552595e-01 9.999999999635372783e-01 9.999999999622852798e-01 9.999999999223452285e-01 9.099088721088986692e-08 8.806249995758907216e-08 8.666537017005022295e-08 8.296139898481804847e-08 8.012077208851054903e-08
1.792000000000000000e+03 9.999995698552262002e-01 9.999999999642502635e-01 9.999999999633820691e-01 9.999999999624329394e-01 9.999999999222731750e-01 9.178490483466938321e-08 8.778714990196761486e-08 8.591253570347080583e-08 8.397402898158602722e-08 8.087500532784932292e-08
1.794000000000000000e+03 9.999995703633662858e-01 9.999999999642571469e-01 9.999999999632200876e-01 9.999999999625762692e-01 9.999999999222003444e-01 9.099160602777132373e-08 8.872882108664419047e-08 8.530141859183711212e-08 8.340112550199924803e-08 8.140259947153993860e-08
1.796000000000000000e+03 9.999995712397700132e-01 9.999999999642807946e-01 9.999999999630584391e-01 9.999999999627061653e-01 9.999999999221446112e-01 9.062777291547682524e-08 8.870794014797428357e-08 8.592003605633465518e-08 8.293318414314353681e-08 8.076030085766758443e-08
1.798000000000000000e+03 9.999995706740316681e-01 9.999999999643260917e-01 9.999999999628964575e-01 9.999999999628217395e-01 9.999999999221143021e-01 9.117574581383295826e-08 8.813165053052483146e-08 8.614780566597328111e-08 8.341801703183322701e-08 8.064178835292333200e-08
1.800000000000000000e+03 9.999995702628766692e-01 9.999999999643884863e-01 9.999999999627314784e-01 9.999999999629242131e-01 9.999999999220975377e-01 9.131097126181377146e-08 8.825811580747062126e-08 8.571632424999120841e-08 8.356936421768910425e-08 8.107140226551110737e-08
1.802000000000000000e+03 9.999995707248010568e-01 9.999999999644666460e-01 9.999999999625698299e-01 9.999999999630129199e-01 9.999999999220936520e-01 9.095942531762410104e-08 8.858163597291574611e-08 8.567890116015476024e-08 8.323560167367068768e-08 8.100868952276937682e-08
1.804000000000000000e+03 9.999995708610990297e-01 9.999999999645601267e-01 9.999999999624157310e-01 9.999999999630833081e-01 9.999999999221094171e-01 9.093156515548987142e-08 8.844525366863996039e-08 8.594468972513575069e-08 8.323467897894034303e-08 8.077174245658283405e-08
1.806000000000000000e+03 9.999995705464104212e-01 9.999999999646690396e-01 9.999999999622708469e-01 9.999999999631358216e-01 9.999999999221474978e-01 9.114301391734641460e-08 8.827982219670113749e-08 8.590696561293876430e-08 8.343190204931905330e-08 8.088086197351890170e-08
1.808000000000000000e+03 9.999995705425802628e-01 9.999999999647902760e-01 9.999999999621353997e-01 9.999999999631697944e-01 9.999999999222026759e-01 9.112883828135722969e-08 8.838974598208757371e-08 8.575981414706024093e-08 8.338121216223910128e-08 8.098671159608296553e-08
1.810000000000000000e+03 9.999995707284137225e-01 9.999999999649201721e-01 9.999999999620137192e-01 9.999999999631853376e-01 9.999999999222755065e-01 9.100847145372274517e-08 8.846614642767054132e-08 8.581313986059445114e-08 8.328007411234868231e-08 8.089256318375434635e-08
1.812000000000000000e+03 9.999995706861998235e-01 9.999999999650558413e-01 9.999999999619065827e-01 9.999999999631801195e-01 9.999999999223669889e-01 9.103265518216344610e-08 8.839042469588848298e-08 8.588575715169287816e-08 8.333424201944982333e-08 8.085941296204424082e-08
1.814000000000000000e+03 9.999995705904612953e-01 9.999999999651950633e-01 9.999999999618166546e-01 9.999999999631556946e-01 9.999999999224773450e-01 9.109726171758737929e-08 8.836038085897805119e-08 8.584037584362789148e-08 8.337794382780790555e-08 8.092213201252455076e-08
1.816000000000000000e+03 9.999995706363614678e-01 9.999999999653353955e-01 9.999999999617451563e-01 9.999999999631131731e-01 9.999999999226054648e-01 9.107520274251150831e-08 8.840803684644684495e-08 8.580882180369128726e-08 8.333691575683559476e-08 8.092306511434001169e-08
1.818000000000000000e+03 9.999995706785845817e-01 9.999999999654715088e-01 9.999999999616926427e-01 9.999999999630525549e-01 9.999999999227493497e-01 9.104189486696319726e-08 8.841733036615234140e-08 8.584008103200851056e-08 8.332228454905575063e-08 8.088806259458024599e-08
1.820000000000000000e+03 9.999995706441371368e-01 9.999999999656009608e-01 9.999999999616595581e-01 9.999999999629750613e-01 9.999999999229089997e-01 9.105765770327981637e-08 8.839012586838240228e-08 8.585117093754699407e-08 8.334797268987514637e-08 8.089699626437379112e-08
1.822000000000000000e+03 9.999995706293428599e-01 9.999999999657211980e-01 9.999999999616462354e-01 9.999999999628815806e-01 9.999999999230829717e-01 9.107353837618008080e-08 8.838959541722901355e-08 8.583204666120975285e-08 8.334985165519735290e-08 8.091349958398028931e-08
1.824000000000000000e+03 9.999995706507555093e-01 9.999999999658293337e-01 9.999999999616525637e-01 9.999999999627747771e-01 9.999999999232699333e-01 9.106296322140143991e-08 8.840459574673663933e-08 8.582960359270819211e-08 8.333547815843724638e-08 8.090428755233786641e-08
1.826000000000000000e+03 9.999995706537138096e-01 9.999999999659218153e-01 9.999999999616754343e-01 9.999999999626550951e-01 9.999999999234671089e-01 9.105532891619733232e-08 8.840304150216074718e-08 8.584015877070930690e-08 8.333745548172049795e-08 8.089779145474960627e-08
1.828000000000000000e+03 9.999995706421672681e-01 9.999999999659979766e-01 9.999999999617155133e-01 9.999999999625255320e-01 9.999999999236738324e-01 9.106130548039373536e-08 8.839571491266035960e-08 8.583955970857558652e-08 8.334440538039034213e-08 8.090414397201792309e-08
1.830000000000000000e+03 9.999995706432147635e-01 9.999999999660572625e-01 9.999999999617710245e-01 9.999999999623891966e-01 9.999999999238883275e-01 9.106429091428457781e-08 8.839783929084764215e-08 8.583419346427040327e-08 8.334175821646902549e-08 8.090581038558368695e-08
1.832000000000000000e+03 9.999995706487200264e-01 9.999999999660974526e-01 9.999999999618380819e-01 9.999999999622464220e-01 9.999999999241070414e-01 9.106054507442038206e-08 8.840163153508783666e-08 8.583543796721854247e-08 8.333858425550874825e-08 8.090200317958559917e-08
1.834000000000000000e+03 9.999995706470260481e-01 9.999999999661199901e-01 9.999999999619156865e-01 9.999999999621019819e-01 9.999999999243296411e-01 9.105897965180316700e-08 8.840036227383409229e-08 8.583801223153805220e-08 8.334043725160849082e-08 8.090192695695760254e-08
1.836000000000000000e+03 9.999995706447543098e-01 9.999999999661254302e-01 9.999999999620011737e-01 9.999999999619577640e-01 9.999999999245542393e-01 9.106060533896632684e-08 8.839889519113050890e-08 8.583703932362101976e-08 8.334155434427890007e-08 8.090372777895645602e-08
1.838000000000000000e+03 9.999995706460670375e-01 9.999999999661146610e-01 9.999999999620906577e-01 9.999999999618152113e-01 9.999999999247770610e-01 9.106084716446260187e-08 8.839997466255688309e-08 8.583598705442789630e-08 8.334031651156421041e-08 8.090322560462403129e-08
1.840000000000000000e+03 9.999995706468534085e-01 9.999999999660899030e-01 9.999999999621820290e-01 9.999999999616782098e-01 9.999999999249975513e-01 9.105962395822131290e-08 8.840083205525378357e-08 8.583671606829518631e-08 8.333991400543584340e-08 8.090233116904853445e-08
1.842000000000000000e+03 9.999995706460711453e-01 9.999999999660528216e-01 9.999999999622707358e-01 9.999999999615468704e-01 9.999999999252117133e-01 9.105919667787405333e-08 8.840045541236788578e-08 8.583722213082426607e-08 8.334052415980058609e-08 8.090266418259090079e-08
1.844000000000000000e+03 9.999995706458869593e-01 9.999999999660080796e-01 9.999999999623561120e-01 9.999999999614257451e-01 9.999999999254198801e-01 9.105941691447600867e-08 8.840031381687584263e-08 8.583690450289981790e-08 8.334055765892649020e-08 8.090292819195125488e-08
1.846000000000000000e+03 9.999995706462874168e-01 9.999999999659572314e-01 9.999999999624334945e-01 9.999999999613145008e-01 9.999999999256191652e-01 9.105920716503585126e-08 8.840072781475507690e-08 8.583681778482855574e-08 8.334022227899744770e-08 8.090262961234035116e-08
1.848000000000000000e+03 9.999995706462770917e-01 9.999999999659049399e-01 9.999999999625021063e-01 9.999999999612168011e-01 9.999999999258087913e-01 9.105872070582134340e-08 8.840096107287487939e-08 8.583709408060508443e-08 8.334023832502923333e-08 8.090249497724157571e-08
1.850000000000000000e+03 9.999995706460936828e-01 9.999999999658540917e-01 9.999999999625586167e-01 9.999999999611320911e-01 9.999999999259862049e-01 9.105845672569737705e-08 8.840094036992233597e-08 8.583721456780026273e-08 8.334037940987880861e-08 8.090260354469197051e-08
1.852000000000000000e+03 9.999995706461384248e-01 9.999999999658087946e-01 9.999999999626029146e-01 9.999999999610625911e-01 9.999999999261516281e-01 9.105831076400076257e-08 8.840101827038944488e-08 8.583718640056320690e-08 8.334034559260304140e-08 8.090259821531997475e-08
1.854000000000000000e+03 9.999995706462064815e-01 9.999999999657716021e-01 9.999999999626320024e-01 9.999999999610077461e-01 9.999999999263032846e-01 9.105805894841889251e-08 8.840119526398073422e-08 8.583724755814445830e-08 8.334028998357072093e-08 8.090251344807189276e-08
1.856000000000000000e+03 9.999995706461641820e-01 9.999999999657447347e-01 9.999999999626455471e-01 9.999999999609668899e-01 9.999999999264396200e-01 9.105776293891874131e-08 8.840131056067672871e-08 8.583736335551266790e-08 8.334032354999552352e-08 8.090250485876646515e-08
1.858000000000000000e+03 9.999995706461369815e-01 9.999999999657308569e-01 9.999999999626436598e-01 9.999999999609405776e-01 9.999999999265608563e-01 9.105752138662017175e-08 8.840137914860617043e-08 8.583742909839715467e-08 8.334035756523424603e-08 8.090252522607790188e-08
1.860000000000000000e+03 9.999995706461581868e-01 9.999999999657327443e-01 9.999999999626282277e-01 9.999999999609281431e-01 9.999999999266677708e-01 9.105730187561617931e-08 8.840147308405820685e-08 8.583747209303723322e-08 8.334035405627548349e-08 8.090251175410810543e-08
1.862000000000000000e+03 9.999995706461617395e-01 9.999999999657506189e-01 9.999999999625988067e-01 9.999999999609279211e-01 9.999999999267598083e-01 9.105706218279152910e-08 8.840158104584344989e-08 8.583753543903236832e-08 8.334035665786873013e-08 8.090249524012477569e-08
1.864000000000000000e+03 9.999995706461478617e-01 9.999999999657850358e-01 9.999999999625575064e-01 9.999999999609378021e-01 9.999999999268370798e-01 9.105681840210113244e-08 8.840167325260013206e-08 8.583760227189903482e-08 8.334037458280869287e-08 8.090249623828122535e-08
1.866000000000000000e+03 9.999995706461470846e-01 9.999999999658354399e-01 9.999999999625066582e-01 9.999999999609557877e-01 9.999999999269008066e-01 9.105658823304186568e-08 8.840175785988997272e-08 8.583765567224122338e-08 8.334038650611691752e-08 8.090249628431635430e-08
1.868000000000000000e+03 9.999995706461525247e-01 9.999999999659004990e-01 9.999999999624485936e-01 9.999999999609794354e-01 9.999999999269518769e-01 9.105636389494021569e-08 8.840184825158108478e-08 8.583770497242257197e-08 8.334039058876623803e-08 8.090248840229806220e-08
1.870000000000000000e+03 9.999995706461526357e-01 9.999999999659794359e-01 9.999999999623878644e-01 9.999999999610068580e-01 9.999999999269933992e-01 9.105613770286826940e-08 8.840194110778566794e-08 8.583775707919437380e-08 8.334039578185437805e-08 8.090248074329567034e-08
1.872000000000000000e+03 9.999995706461515255e-01 9.999999999660676986e-01 9.999999999623265801e-01 9.999999999610338364e-01 9.999999999270247075e-01 9.105591269095655532e-08 8.840203187467149306e-08 8.583780815076480620e-08 8.334040164840637068e-08 8.090247443029336352e-08
1.874000000000000000e+03 9.999995706461545231e-01 9.999999999661625116e-01 9.999999999622692926e-01 9.999999999610574841e-01 9.999999999270492435e-01 9.105569145527624761e-08 8.840212301192373168e-08 8.583785651277365356e-08 8.334040469207036089e-08 8.090246571048853434e-08
1.876000000000000000e+03 9.999995706461584088e-01 9.999999999662602113e-01 9.999999999622197766e-01 9.999999999610744705e-01 9.999999999270688944e-01 9.105547203186203964e-08 8.840221699350336923e-08 8.583790490420904754e-08 8.334040599532940163e-08 8.090245490108772912e-08
1.878000000000000000e+03 9.999995706461607403e-01 9.999999999663558015e-01 9.999999999621823621e-01 9.999999999610812429e-01 9.999999999270865469e-01 9.105525263256402436e-08 8.840231326401544176e-08 8.583795488273880983e-08 8.334040763580207897e-08 8.090244408930492166e-08
1.880000000000000000e+03 9.999995706461629608e-01 9.999999999664447303e-01 9.999999999621607127e-01 9.999999999610740264e-01 9.999999999271045326e-01 9.105503325160627086e-08 8.840241125770783702e-08 8.583800633566349947e-08 8.334040993254271512e-08 8.090243376964252585e-08
1.882000000000000000e+03 9.999995706461651812e-01 9.999999999665217798e-01 9.999999999621582703e-01 9.999999999610490464e-01 9.999999999271255158e-01 9.105481372295143528e-08 8.840251148121438651e-08 8.583805975658980625e-08 8.334041317125647610e-08 8.090242422154233582e-08
1.884000000000000000e+03 9.999995706461665135e-01 9.999999999665818429e-01 9.999999999621790314e-01 9.999999999610033052e-01 9.999999999271529383e-01 9.105459310588200002e-08 8.840261424072067913e-08 8.583811623182935881e-08 8.334041847719048787e-08 8.090241660584139319e-08
1.886000000000000000e+03 9.999995706461667355e-01 9.999999999666213668e-01 9.999999999622262159e-01 9.999999999609335832e-01 9.999999999271903528e-01 9.105437047572096185e-08 8.840271925271548330e-08 8.583817649405514800e-08 8.334042697963235588e-08 8.090241218799674355e-08
1.888000000000000000e+03 9.999995706461660694e-01 9.999999999666354666e-01 9.999999999623024882e-01 9.999999999608372159e-01 9.999999999272408679e-01 9.105414517527170945e-08 8.840282615730605379e-08 8.583824095410104961e-08 8.334043948953585750e-08 8.090241192147282391e-08
1.890000000000000000e+03 9.999995706461629608e-01 9.999999999666194794e-01 9.999999999624092917e-01 9.999999999607108725e-01 9.999999999273070372e-01 9.105391651661393331e-08 8.840293465477665113e-08 8.583831003632098815e-08 8.334045679667844353e-08 8.090241671600422191e-08
1.892000000000000000e+03 9.999995706461588529e-01 9.999999999665725170e-01 9.999999999625491798e-01 9.999999999605536649e-01 9.999999999273937457e-01 9.105368369336292382e-08 8.840304430524517223e-08 8.583838411714592127e-08 8.334047970860515283e-08 8.090242747761880315e-08
1.894000000000000000e+03 9.999995706461526357e-01 9.999999999664905825e-01 9.999999999627220415e-01 9.999999999603625955e-01 9.999999999275028806e-01 9.105344590588163432e-08 8.840315448563546488e-08 8.583846337368080324e-08 8.334050887629882923e-08 8.090244491576660176e-08
1.896000000000000000e+03 9.999995706461439759e-01 9.999999999663726769e-01 9.999999999629274328e-01 9.999999999601363321e-01 9.999999999276377727e-01 9.105320240768514296e-08 8.840326447467288852e-08 8.583854779355308997e-08 8.334054474145769383e-08 8.090246947278909423e-08
1.898000000000000000e+03 9.999995706461339839e-01 9.999999999662201322e-01 9.999999999631660197e-01 9.999999999598754297e-01 9.999999999278026408e-01 9.105295247006471864e-08 8.840337347856025194e-08 8.583863721608010198e-08 8.334058756107520891e-08 8.090250133898436854e-08
1.900000000000000000e+03 9.999995706461214384e-01 9.999999999660319494e-01 9.999999999634342496e-01 9.999999999595784450e-01 9.999999999279991503e-01 9.105269537467579306e-08 8.840348061181565159e-08 8.583873131704899373e-08 8.334063738830524623e-08 8.090254042662817374e-08
1.902000000000000000e+03 9.999995706461068945e-01 9.999999999658110150e-01 9.999999999637305681e-01 9.999999999592461553e-01 9.999999999282304097e-01 9.105243043672485237e-08 8.840358490277585640e-08 8.583882958984458170e-08 8.334069403684781920e-08 8.090258633300392282e-08
1.904000000000000000e+03 9.999995706460910183e-01 9.999999999655608818e-01 9.999999999640518666e-01 9.999999999588797817e-01 9.999999999284995278e-01 9.105215701814041567e-08 8.840368531743781034e-08 8.583893135329245910e-08 8.334075707264770996e-08 8.090263833802243756e-08
1.906000000000000000e+03 9.999995706460733658e-01 9.999999999652845473e-01 9.999999999643934823e-01 9.999999999584805455e-01 9.999999999288076147e-01 9.105187452874084204e-08 8.840378077593097479e-08 8.583903576580849605e-08 8.334082582059839108e-08 8.090269542189030134e-08
1.908000000000000000e+03 9.999995706460549361e-01 9.999999999649883398e-01 9.999999999647518623e-01 9.999999999580510002e-01 9.999999999291576680e-01 9.105158242997497354e-08 8.840387016367706697e-08 8.583914183534280783e-08 8.334089937152751951e-08 8.090275628783360915e-08
1.910000000000000000e+03 9.999995706460358402e-01 9.999999999646776994e-01 9.999999999651206783e-01 9.999999999575939214e-01 9.999999999295510200e-01 9.105128024230917577e-08 8.840395234618263019e-08 8.583924843241446693e-08 8.334097659476382176e-08 8.090281939586804613e-08
1.912000000000000000e+03 9.999995706460165223e-01 9.999999999643587323e-01 9.999999999654947125e-01 9.999999999571119735e-01 9.999999999299881148e-01 9.105096755107449894e-08 8.840402618646141624e-08 8.583935430942962473e-08 8.334105616081683787e-08 8.090288301105045039e-08
1.914000000000000000e+03 9.999995706459969824e-01 9.999999999640387660e-01 9.999999999658673033e-01 9.999999999566089315e-01 9.999999999304701737e-01 9.105064401013713631e-08 8.840409056158986938e-08 8.583945812320554690e-08 8.334113657141661395e-08 8.090294526167902906e-08
1.916000000000000000e+03 9.999995706459785527e-01 9.999999999637256831e-01 9.999999999662331218e-01 9.999999999560896802e-01 9.999999999309979737e-01 9.105030934507052290e-08 8.840414437836895078e-08 8.583955845898665766e-08 8.334121619454489380e-08 8.090300420384580544e-08
1.918000000000000000e+03 9.999995706459620104e-01 9.999999999634273662e-01 9.999999999665856176e-01 9.999999999555584385e-01 9.999999999315719590e-01 9.104996335609862938e-08 8.840418658895408020e-08 8.583965385629321926e-08 8.334129330416504048e-08 8.090305789090557615e-08
1.920000000000000000e+03 9.999995706459466893e-01 9.999999999631500325e-01 9.999999999669177964e-01 9.999999999550195362e-01 9.999999999321909083e-01 9.104960592027017652e-08 8.840421620615648176e-08 8.583974283651328461e-08 8.334136612392955843e-08 8.090310444554241395e-08
1.922000000000000000e+03 9.999995706459336997e-01 9.999999999629016756e-01 9.999999999672237738e-01 9.999999999544787466e-01 9.999999999328543776e-01 9.104923699268198904e-08 8.840423231782724598e-08 8.583982393136071475e-08 8.334143287343825676e-08 8.090314213123455222e-08
1.924000000000000000e+03 9.999995706459241518e-01 9.999999999626891789e-01 9.999999999674979989e-01 9.999999999539417317e-01 9.999999999335619227e-01 9.104885660686556021e-08 8.840423410010043847e-08 8.583989571131296001e-08 8.334149181552434001e-08 8.090316942018159656e-08
1.926000000000000000e+03 9.999995706459170464e-01 9.999999999625173164e-01 9.999999999677340323e-01 9.999999999534125994e-01 9.999999999343107682e-01 9.104846487446605289e-08 8.840422082939044808e-08 8.583995681350719021e-08 8.334154130308907006e-08 8.090318505509305045e-08
1.928000000000000000e+03 9.999995706459147149e-01 9.999999999623936375e-01 9.999999999679287654e-01 9.999999999528986772e-01 9.999999999351009139e-01 9.104806198420390325e-08 8.840419189298807795e-08 8.584000596865717530e-08 8.334157982422524932e-08 8.090318810240002349e-08
1.930000000000000000e+03 9.999995706459159361e-01 9.999999999623198077e-01 9.999999999680760920e-01 9.999999999524038508e-01 9.999999999359288072e-01 9.104764820001306890e-08 8.840414679807510688e-08 8.584004202629783177e-08 8.334160604440750840e-08 8.090317799472371636e-08
1.932000000000000000e+03 9.999995706459215983e-01 9.999999999623000457e-01 9.999999999681736806e-01 9.999999999519337823e-01 9.999999999367921166e-01 9.104722385840950919e-08 8.840408517898988646e-08 8.584006397768977446e-08 8.334161884431105660e-08 8.090315456083353356e-08
1.934000000000000000e+03 9.999995706459313682e-01 9.999999999623354618e-01 9.999999999682178675e-01 9.999999999514931348e-01 9.999999999376878446e-01 9.104678936523448921e-08 8.840400680265270624e-08 8.584007097603437984e-08 8.334161735209479425e-08 8.090311804185720292e-08
1.936000000000000000e+03 9.999995706459454681e-01 9.999999999624266112e-01 9.999999999682073204e-01 9.999999999510874593e-01 9.999999999386129934e-01 9.104634519173351859e-08 8.840391157210486940e-08 8.584006235360072603e-08 8.334160096942272070e-08 8.090306909307565166e-08
1.938000000000000000e+03 9.999995706459642308e-01 9.999999999625730496e-01 9.999999999681414842e-01 9.999999999507205306e-01 9.999999999395645656e-01 9.104589186993827503e-08 8.840379952809248559e-08 8.584003763523382282e-08 8.334156939040086461e-08 8.090300877114194092e-08
1.940000000000000000e+03 9.999995706459868794e-01 9.999999999627720015e-01 9.999999999680195817e-01 9.999999999503964565e-01 9.999999999405385642e-01 9.104542998753015673e-08 8.840367084867406967e-08 8.583999654803052044e-08 8.334152261269926334e-08 8.090293850711823508e-08
1.942000000000000000e+03 9.999995706460134137e-01 9.999999999630204695e-01 9.999999999678427232e-01 9.999999999501182346e-01 9.999999999415307705e-01 9.104496018226141902e-08 8.840352584689851997e-08 8.583993902713508108e-08 8.334146094073975820e-08 8.090286006634858204e-08
1.944000000000000000e+03 9.999995706460438338e-01 9.999999999633137904e-01 9.999999999676134621e-01 9.999999999498897507e-01 9.999999999425380759e-01 9.104448313584371257e-08 8.840336496658333405e-08 8.583986521740141484e-08 8.334138498098109139e-08 8.090277549667209967e-08
1.946000000000000000e+03 9.999995706460779177e-01 9.999999999636468573e-01 9.999999999673344631e-01 9.999999999497132253e-01 9.999999999435564835e-01 9.104399956743567050e-08 8.840318877625220861e-08 8.583977547084272972e-08 8.334129562923254950e-08 8.090268706685606838e-08
1.948000000000000000e+03 9.999995706461137779e-01 9.999999999640120096e-01 9.999999999670080575e-01 9.999999999495894354e-01 9.999999999445808863e-01 9.104351022693761034e-08 8.840299796138791732e-08 8.583967034016546739e-08 8.334119405046587286e-08 8.090259719756453266e-08
1.950000000000000000e+03 9.999995706461526357e-01 9.999999999644032522e-01 9.999999999666400186e-01 9.999999999495207126e-01 9.999999999456080646e-01 9.104301588802606447e-08 8.840279331512602603e-08 8.583955056852805282e-08 8.334108165199131028e-08 8.090250838749939713e-08
1.952000000000000000e+03 9.999995706461932699e-01 9.999999999648129245e-01 9.999999999662344541e-01 9.999999999495075009e-01 9.999999999466341327e-01 9.104251734092276567e-08 8.840257572748692022e-08 8.583941707558519265e-08 8.334096005064815520e-08 8.090242313740681424e-08
1.954000000000000000e+03 9.999995706462350142e-01 9.999999999652319227e-01 9.999999999657974703e-01 9.999999999495494674e-01 9.999999999476544277e-01 9.104201538517055464e-08 8.840234617338204349e-08 8.583927094030192083e-08 8.334083103489737430e-08 8.090234387470108549e-08
1.956000000000000000e+03 9.999995706462774248e-01 9.999999999656531413e-01 9.999999999653345073e-01 9.999999999496462788e-01 9.999999999486655078e-01 9.104151082249017906e-08 8.840210569964780836e-08 8.583911338110376530e-08 8.334069652323471179e-08 8.090227288153614559e-08
1.958000000000000000e+03 9.999995706463203904e-01 9.999999999660688088e-01 9.999999999648524485e-01 9.999999999497973802e-01 9.999999999496639314e-01 9.104100444959454255e-08 8.840185541123130944e-08 8.583894573362360427e-08 8.334055852016371676e-08 8.090221222890160812e-08
1.960000000000000000e+03 9.999995706463625789e-01 9.999999999664697103e-01 9.999999999643567339e-01 9.999999999499996628e-01 9.999999999506449244e-01 9.104049705113123937e-08 8.840159645674250897e-08 8.583876942652410337e-08 8.334041907078236287e-08 8.090216371893013386e-08
1.962000000000000000e+03 9.999995706464043232e-01 9.999999999668499617e-01 9.999999999638549131e-01 9.999999999502522385e-01 9.999999999516060445e-01 9.103998939299872332e-08 8.840133001373706577e-08 8.583858595620896468e-08 8.334028021549140258e-08 8.090212883741595341e-08
1.964000000000000000e+03 9.999995706464438472e-01 9.999999999672012363e-01 9.999999999633524261e-01 9.999999999505508885e-01 9.999999999525430727e-01 9.103948221594521357e-08 8.840105727393218254e-08 8.583839686095709482e-08 8.334014394631630587e-08 8.090210871813994378e-08
1.966000000000000000e+03 9.999995706464828160e-01 9.999999999675195372e-01 9.999999999628568226e-01 9.999999999508943915e-01 9.999999999534546768e-01 9.103897622942227953e-08 8.840077942848298941e-08 8.583820369486559514e-08 8.334001216583900017e-08 8.090210411988822162e-08
1.968000000000000000e+03 9.999995706465187872e-01 9.999999999677979812e-01 9.999999999623726543e-01 9.999999999512776405e-01 9.999999999543364160e-01 9.103847210596336103e-08 8.840049765366531814e-08 8.583800800235273326e-08 8.333988664985357737e-08 8.090211541660568966e-08
1.970000000000000000e+03 9.999995706465528711e-01 9.999999999680336815e-01 9.999999999619068047e-01 9.999999999516979710e-01 9.999999999551867358e-01 9.103797047616103510e-08 8.840021309728504523e-08 8.583781129394829881e-08 8.333976901502701263e-08 8.090214260077875536e-08
1.972000000000000000e+03 9.999995706465845124e-01 9.999999999682231966e-01 9.999999999614643809e-01 9.999999999521512750e-01 9.999999999560041930e-01 9.103747192410582288e-08 8.839992686589203693e-08 8.583761502371272420e-08 8.333966069229957701e-08 8.090218529940878417e-08
1.974000000000000000e+03 9.999995706466128231e-01 9.999999999683638618e-01 9.999999999610489354e-01 9.999999999526322236e-01 9.999999999567852349e-01 9.103697698340354659e-08 8.839964001298922561e-08 8.583742056874325474e-08 8.333956290646047756e-08 8.090224280135695677e-08
1.976000000000000000e+03 9.999995706466391354e-01 9.999999999684557883e-01 9.999999999606657974e-01 9.999999999531381523e-01 9.999999999575301945e-01 9.103648613396614673e-08 8.839935352859066558e-08 8.583722921142508799e-08 8.333947666252302801e-08 8.090231409463973857e-08
1.978000000000000000e+03 9.999995706466625611e-01 9.999999999684984209e-01 9.999999999603177425e-01 9.999999999536636208e-01 9.999999999582361854e-01 9.103599979949948821e-08 8.839906833025677450e-08 8.583704212476579230e-08 8.333940273918858513e-08 8.090239791184093649e-08
1.980000000000000000e+03 9.999995706466832113e-01 9.999999999684930918e-01 9.999999999600076572e-01 9.999999999542048545e-01 9.999999999589035404e-01 9.103551834563304541e-08 8.839878525561421199e-08 8.583686036094425522e-08 8.333934168912673144e-08 8.090249278130717765e-08
1.982000000000000000e+03 9.999995706467013079e-01 9.999999999684413554e-01 9.999999999597372069e-01 9.999999999547570795e-01 9.999999999595310385e-01 9.103504207884876286e-08 8.839850505658454118e-08 8.583668484340506027e-08 8.333929384582546880e-08 8.090259708175796312e-08
1.984000000000000000e+03 9.999995706467172951e-01 9.999999999683466534e-01 9.999999999595083899e-01 9.999999999553170760e-01 9.999999999601185685e-01 9.103457124624280078e-08 8.839822839551213674e-08 8.583651636272664699e-08 8.333925933671305585e-08 8.090270909798253111e-08
1.986000000000000000e+03 9.999995706467311729e-01 9.999999999682120944e-01 9.999999999593214284e-01 9.999999999558801811e-01 9.999999999606664636e-01 9.103410603601289662e-08 8.839795584312034728e-08 8.583635557616499844e-08 8.333923810174457103e-08 8.090282707514533624e-08
1.988000000000000000e+03 9.999995706467426082e-01 9.999999999680413421e-01 9.999999999591762112e-01 9.999999999564425091e-01 9.999999999611737245e-01 9.103364657870380791e-08 8.839768787828631697e-08 8.583620301078958211e-08 8.333922991645044674e-08 8.090294926934455939e-08
1.990000000000000000e+03 9.999995706467526002e-01 9.999999999678393925e-01 9.999999999590727384e-01 9.999999999570010623e-01 9.999999999616417945e-01 9.103319294927937985e-08 8.839742488977156645e-08 8.583605907017571758e-08 8.333923441857063947e-08 8.090307399245973619e-08
1.992000000000000000e+03 9.999995706467617040e-01 9.999999999676113527e-01 9.999999999590101218e-01 9.999999999575528431e-01 9.999999999620716729e-01 9.103274516994223859e-08 8.839716717986841680e-08 8.583592404438157909e-08 8.333925113718853981e-08 8.090319964961935946e-08
1.994000000000000000e+03 9.999995706467692536e-01 9.999999999673617745e-01 9.999999999589863631e-01 9.999999999580949650e-01 9.999999999624634706e-01 9.103230321364601330e-08 8.839691496977196506e-08 8.583579812280921286e-08 8.333927952300033010e-08 8.090332476792309146e-08
1.996000000000000000e+03 9.999995706467764700e-01 9.999999999670955431e-01 9.999999999590001298e-01 9.999999999586246524e-01 9.999999999628186309e-01 9.103186700833395528e-08 8.839666840662373235e-08 8.583568140959900367e-08 8.333931897848666855e-08 8.090344801556549146e-08
1.998000000000000000e+03 9.999995706467827983e-01 9.999999999668174322e-01 9.999999999590480915e-01 9.999999999591394628e-01 9.999999999631381531e-01 9.103143644185299954e-08 8.839642757220455118e-08 8.583557394111381124e-08 8.333936888688713206e-08 8.090356821107317474e-08
2.000000000000000000e+03 9.999995706467889045e-01 9.999999999665321049e-01 9.999999999591284716e-01 9.999999999596380640e-01 9.999999999634231473e-01 9.103101136743918992e-08 8.839619249305037563e-08 8.583547570493466349e-08 8.333942863874857135e-08 8.090368432284149874e-08
2.002000000000000000e+03 9.999995706467944556e-01 9.999999999662437800e-01 9.999999999592382727e-01 9.999999999601181244e-01 9.999999999636746129e-01 9.103059160976516344e-08 8.839596315173282780e-08 8.583538665980110326e-08 8.333949765486572782e-08 8.090379545959233994e-08
2.004000000000000000e+03 9.999995706468003398e-01 9.999999999659571204e-01 9.999999999593751632e-01 9.999999999605792000e-01 9.999999999638949921e-01 9.103017697152236390e-08 8.839573949918590959e-08 8.583530675592289277e-08 8.333957540475032368e-08 8.090390085287558424e-08
2.006000000000000000e+03 9.999995706468058909e-01 9.999999999656750127e-01 9.999999999595353684e-01 9.999999999610195145e-01 9.999999999640847292e-01 9.102976724040390214e-08 8.839552146790452293e-08 8.583523595502369841e-08 8.333966141993526294e-08 8.090399983323270669e-08
2.008000000000000000e+03 9.999995706468117751e-01 9.999999999654007876e-01 9.999999999597167788e-01 9.999999999614390678e-01 9.999999999642456006e-01 9.102936219641398712e-08 8.839530898567517830e-08 8.583517424948641757e-08 8.333975530143613136e-08 8.090409180190968262e-08
2.010000000000000000e+03 9.999995706468184364e-01 9.999999999651378868e-01 9.999999999599166189e-01 9.999999999618375268e-01 9.999999999643794935e-01 9.102896161950124125e-08 8.839510198956335419e-08 8.583512168001692584e-08 8.333985672097228709e-08 8.090417620016885168e-08
2.012000000000000000e+03 9.999995706468253198e-01 9.999999999648876425e-01 9.999999999601317802e-01 9.999999999622143365e-01 9.999999999644872961e-01 9.102856529740871060e-08 8.839490043999237582e-08 8.583507835124486214e-08 8.333996541596338413e-08 8.090425247851744166e-08
2.014000000000000000e+03 9.999995706468334244e-01 9.999999999646531634e-01 9.999999999603607082e-01 9.999999999625702740e-01 9.999999999645713400e-01 9.102817303358512615e-08 8.839470433463012326e-08 8.583504444470995410e-08 8.334008117843804499e-08 8.090432006824209991e-08
2.016000000000000000e+03 9.999995706468417511e-01 9.999999999644347826e-01 9.999999999606001833e-01 9.999999999629047842e-01 9.999999999646316251e-01 9.102778465512873610e-08 8.839451372172605487e-08 8.583502022877636660e-08 8.334020383809939565e-08 8.090437835738609922e-08
2.018000000000000000e+03 9.999995706468507439e-01 9.999999999642334991e-01 9.999999999608480961e-01 9.999999999632177561e-01 9.999999999646699278e-01 9.102740002073340138e-08 8.839432871267469116e-08 8.583500606508415473e-08 8.334033324021861738e-08 8.090442667315523270e-08
2.020000000000000000e+03 9.999995706468602918e-01 9.999999999640500903e-01 9.999999999611026702e-01 9.999999999635100778e-01 9.999999999646870252e-01 9.102701902846938735e-08 8.839414949361152229e-08 8.583500241119953722e-08 8.334046921931404642e-08 8.090446427260284685e-08
2.022000000000000000e+03 9.999995706468709500e-01 9.999999999638856663e-01 9.999999999613627955e-01 9.999999999637827486e-01 9.999999999646846938e-01 9.102664162327969801e-08 8.839397633572936643e-08 8.583500981922086549e-08 8.334061156953719481e-08 8.090449034289031747e-08
2.024000000000000000e+03 9.999995706468823853e-01 9.999999999637400050e-01 9.999999999616261404e-01 9.999999999640355464e-01 9.999999999646632665e-01 9.102626780420243481e-08 8.839380960405780014e-08 8.583502893023864437e-08 8.334076001289183605e-08 8.090450401187224827e-08
2.026000000000000000e+03 9.999995706468949308e-01 9.999999999636132175e-01 9.999999999618922608e-01 9.999999999642692483e-01 9.999999999646236315e-01 9.102589763122625778e-08 8.839364976456116204e-08 8.583506046462830953e-08 8.334091416675434136e-08 8.090450436942419148e-08
2.028000000000000000e+03 9.999995706469078094e-01 9.999999999635045267e-01 9.999999999621587143e-01 9.999999999644835214e-01 9.999999999645658999e-01 9.102553123160386474e-08 8.839349738935867135e-08 8.583510520821562512e-08 8.334107351210822371e-08 8.090449049930953603e-08
2.030000000000000000e+03 9.999995706469224643e-01 9.999999999634157088e-01 9.999999999624261671e-01 9.999999999646801419e-01 9.999999999644919590e-01 9.102516880559131447e-08 8.839335315985634541e-08 8.583516399451118679e-08 8.334123736378789678e-08 8.090446152063651607e-08
2.032000000000000000e+03 9.999995706469375634e-01 9.999999999633448766e-01 9.999999999626922875e-01 9.999999999648582216e-01 9.999999999644006987e-01 9.102481063160992491e-08 8.839321786770254549e-08 8.583523768335661520e-08 8.334140484422982542e-08 8.090441663755227083e-08
2.034000000000000000e+03 9.999995706469544388e-01 9.999999999632926961e-01 9.999999999629572978e-01 9.999999999650192040e-01 9.999999999642937842e-01 9.102445707068506994e-08 8.839309241348539894e-08 8.583532713634340845e-08 8.334157486222164689e-08 8.090435519535129966e-08
2.036000000000000000e+03 9.999995706469720913e-01 9.999999999632587233e-01 9.999999999632196435e-01 9.999999999651618676e-01 9.999999999641705495e-01 9.102410857006295708e-08 8.839297780306302897e-08 8.583543318944258112e-08 8.334174609778689438e-08 8.090427674053962707e-08
2.038000000000000000e+03 9.999995706469905210e-01 9.999999999632429581e-01 9.999999999634785475e-01 9.999999999652872118e-01 9.999999999640312165e-01 9.102376566604681145e-08 8.839287514151810840e-08 8.583555662349197182e-08 8.334191699424827185e-08 8.090418108210393838e-08
2.040000000000000000e+03 9.999995706470109491e-01 9.999999999632451786e-01 9.999999999637338988e-01 9.999999999653952365e-01 9.999999999638764514e-01 9.102342898598674148e-08 8.839278562479108002e-08 8.583569813321279698e-08 8.334208575853382995e-08 8.090406835108450541e-08
2.042000000000000000e+03 9.999995706470317103e-01 9.999999999632649406e-01 9.999999999639835879e-01 9.999999999654847205e-01 9.999999999637046999e-01 9.102309924928592135e-08 8.839271052899226836e-08 8.583585829536184739e-08 8.334225037038169952e-08 8.090393905527934027e-08
2.044000000000000000e+03 9.999995706470544699e-01 9.999999999633029102e-01 9.999999999642281701e-01 9.999999999655573291e-01 9.999999999635178494e-01 9.102277726745775253e-08 8.839265119746092357e-08 8.583603753680252824e-08 8.334240860068351653e-08 8.090379412591446671e-08
2.046000000000000000e+03 9.999995706470784507e-01 9.999999999633583103e-01 9.999999999644656468e-01 9.999999999656112859e-01 9.999999999633147896e-01 9.102246394327625003e-08 8.839260902576070771e-08 8.583623610338664216e-08 8.334255803917496143e-08 8.090363495335190423e-08
2.048000000000000000e+03 9.999995706471040968e-01 9.999999999634315850e-01 9.999999999646961291e-01 9.999999999656479233e-01 9.999999999630959646e-01 9.102216026888966026e-08 8.839258544476690853e-08 8.583645403035766837e-08 8.334269613140252691e-08 8.090346340910994395e-08
2.050000000000000000e+03 9.999995706471300760e-01 9.999999999635210690e-01 9.999999999649165083e-01 9.999999999656652427e-01 9.999999999628602643e-01 9.102186732287084093e-08 8.839258190196692981e-08 8.583669111499272345e-08 8.334282022429036995e-08 8.090328185186325204e-08
2.052000000000000000e+03 9.999995706471574985e-01 9.999999999636266512e-01 9.999999999651271176e-01 9.999999999656635774e-01 9.999999999626082436e-01 9.102158626634003385e-08 8.839259984123221816e-08 8.583694689239356561e-08 8.334292761945365084e-08 8.090309311568208194e-08
2.054000000000000000e+03 9.999995706471859203e-01 9.999999999637481096e-01 9.999999999653260696e-01 9.999999999656428162e-01 9.999999999623396807e-01 9.102131833813071555e-08 8.839264068139065877e-08 8.583722061516569193e-08 8.334301563335613654e-08 8.090290047935084845e-08
2.056000000000000000e+03 9.999995706472153412e-01 9.999999999638841119e-01 9.999999999655121430e-01 9.999999999656027372e-01 9.999999999620551305e-01 9.102106484888876877e-08 8.839270579382169369e-08 8.583751123751293900e-08 8.334308166287326394e-08 8.090270761632519620e-08
2.058000000000000000e+03 9.999995706472448731e-01 9.999999999640331039e-01 9.999999999656835614e-01 9.999999999655425631e-01 9.999999999617531499e-01 9.102082717423300901e-08 8.839279647931153040e-08 8.583781740440411682e-08 8.334312325447423084e-08 8.090251852569227641e-08
2.060000000000000000e+03 9.999995706472751822e-01 9.999999999641937531e-01 9.999999999658395478e-01 9.999999999654625160e-01 9.999999999614349599e-01 9.102060674711163861e-08 8.839291394458285141e-08 8.583813744643375544e-08 8.334313817536524610e-08 8.090233744521807678e-08
2.062000000000000000e+03 9.999995706473064905e-01 9.999999999643656157e-01 9.999999999659788807e-01 9.999999999653634841e-01 9.999999999611011159e-01 9.102040504926506790e-08 8.839305927887902519e-08 8.583846938068595953e-08 8.334312448472669453e-08 8.090216874836769682e-08
2.064000000000000000e+03 9.999995706473373547e-01 9.999999999645448057e-01 9.999999999661000061e-01 9.999999999652441351e-01 9.999999999607508405e-01 9.102022360180021193e-08 8.839323343082489984e-08 8.583881091783382822e-08 8.334308060280889671e-08 8.090201682801002711e-08
2.066000000000000000e+03 9.999995706473689960e-01 9.999999999647309901e-01 9.999999999662019246e-01 9.999999999651061344e-01 9.999999999603854661e-01 9.102006395510002521e-08 8.839343718590878954e-08 8.583915947572194606e-08 8.334300537579304805e-08 8.090188597011768560e-08
2.068000000000000000e+03 9.999995706473999713e-01 9.999999999649201721e-01 9.999999999662831929e-01 9.999999999649485938e-01 9.999999999600044376e-01 9.101992767813263567e-08 8.839367114508814279e-08 8.583951219951220138e-08 8.334289813445997657e-08 8.090178022124138089e-08
2.070000000000000000e+03 9.999995706474318347e-01 9.999999999651114635e-01 9.999999999663439221e-01 9.999999999647732896e-01 9.999999999596093092e-01 9.101981634706882325e-08 8.839393570479437684e-08 8.583986598827127706e-08 8.334275874469055158e-08 8.090170325415129619e-08
2.072000000000000000e+03 9.999995706474624768e-01 9.999999999653004235e-01 9.999999999663821137e-01 9.999999999645791116e-01 9.999999999591990818e-01 9.101973153338115407e-08 8.839423103848079427e-08 8.584021752761543258e-08 8.334258764792881815e-08 8.090165823657195675e-08
2.074000000000000000e+03 9.999995706474933410e-01 9.999999999654852756e-01 9.999999999663979899e-01 9.999999999643682802e-01 9.999999999587759758e-01 9.101967479167749035e-08 8.839455708027680591e-08 8.584056332805339598e-08 8.334238588969414520e-08 8.090164770748707042e-08
2.076000000000000000e+03 9.999995706475238721e-01 9.999999999656634664e-01 9.999999999663916617e-01 9.999999999641415727e-01 9.999999999583399912e-01 9.101964764710608690e-08 8.839491351119638157e-08 8.584089976902459937e-08 8.334215513496110713e-08 8.090167346518825503e-08
2.078000000000000000e+03 9.999995706475546253e-01 9.999999999658319982e-01 9.999999999663631289e-01 9.999999999639000992e-01 9.999999999578925713e-01 9.101965158239065342e-08 8.839529974752391806e-08 8.584122314762828294e-08 8.334189767018708219e-08 8.090173647299771706e-08
2.080000000000000000e+03 9.999995706475862667e-01 9.999999999659888728e-01 9.999999999663126138e-01 9.999999999636450809e-01 9.999999999574346043e-01 9.101968802519041267e-08 8.839571493186186859e-08 8.584152973019289898e-08 8.334161638984286686e-08 8.090183678706377502e-08
2.082000000000000000e+03 9.999995706476183521e-01 9.999999999661309813e-01 9.999999999662404493e-01 9.999999999633777392e-01 9.999999999569669784e-01 9.101975833533045674e-08 8.839615792841343097e-08 8.584181580781734598e-08 8.334131476596865741e-08 8.090197350566641409e-08
2.084000000000000000e+03 9.999995706476519919e-01 9.999999999662568806e-01 9.999999999661479677e-01 9.999999999630997394e-01 9.999999999564904707e-01 9.101986379105784342e-08 8.839662732079973048e-08 8.584207775617203738e-08 8.334099680578240667e-08 8.090214474633134255e-08
2.086000000000000000e+03 9.999995706476868529e-01 9.999999999663637951e-01 9.999999999660356131e-01 9.999999999628119696e-01 9.999999999560060804e-01 9.102000557690115235e-08 8.839712141077322977e-08 8.584231209222947580e-08 8.334066699597460961e-08 8.090234766022679910e-08
2.088000000000000000e+03 9.999995706477246005e-01 9.999999999664508366e-01 9.999999999659048289e-01 9.999999999625163172e-01 9.999999999555148067e-01 9.102018477338540071e-08 8.839763822431922481e-08 8.584251552952924858e-08 8.334033022337904888e-08 8.090257846829644306e-08
2.090000000000000000e+03 9.999995706477661228e-01 9.999999999665168948e-01 9.999999999657575023e-01 9.999999999622147806e-01 9.999999999550187590e-01 9.102040234194575112e-08 8.839817552389131523e-08 8.584268504473546804e-08 8.333999168879457747e-08 8.090283251677639521e-08
2.092000000000000000e+03 9.999995706478117530e-01 9.999999999665603045e-01 9.999999999655940774e-01 9.999999999619078039e-01 9.999999999545173823e-01 9.102065911099743285e-08 8.839873081188570846e-08 8.584281793474522828e-08 8.333965682877319332e-08 8.090310439551655544e-08
2.094000000000000000e+03 9.999995706478638224e-01 9.999999999665815098e-01 9.999999999654175520e-01 9.999999999615979407e-01 9.999999999540133411e-01 9.102095577561660884e-08 8.839930134193272480e-08 8.584291184657935239e-08 8.333933119613611598e-08 8.090338807820612636e-08
2.096000000000000000e+03 9.999995706479229973e-01 9.999999999665795114e-01 9.999999999652287030e-01 9.999999999612858570e-01 9.999999999535066353e-01 9.102129288471983067e-08 8.839988415946683008e-08 8.584296484342577629e-08 8.333902031850309810e-08 8.090367701074053723e-08
2.098000000000000000e+03 9.999995706479908320e-01 9.999999999665549755e-01 9.999999999650296401e-01 9.999999999609732182e-01 9.999999999529981531e-01 9.102167080764648438e-08 8.840047611189366477e-08 8.584297548743851489e-08 8.333872964504858290e-08 8.090396430851523007e-08
2.100000000000000000e+03 9.999995706480699909e-01 9.999999999665084571e-01 9.999999999648222504e-01 9.999999999606614676e-01 9.999999999524896710e-01 9.102208975334112216e-08 8.840107383011147762e-08 8.584294279839295161e-08 8.333846444074011160e-08 8.090424306393205078e-08
2.102000000000000000e+03 9.999995706481614732e-01 9.999999999664401784e-01 9.999999999646073112e-01 9.999999999603509382e-01 9.999999999519807448e-01 9.102254979867051490e-08 8.840167382004797780e-08 8.584286625970722357e-08 8.333822951305989832e-08 8.090450636204247866e-08
2.104000000000000000e+03 9.999995706482679436e-01 9.999999999663510275e-01 9.999999999643865989e-01 9.999999999600422962e-01 9.999999999514721516e-01 9.102305078427016490e-08 8.840227253486890099e-08 8.584274604688106495e-08 8.333802922006878230e-08 8.090474737237515637e-08
2.106000000000000000e+03 9.999995706483918445e-01 9.999999999662420036e-01 9.999999999641614457e-01 9.999999999597366518e-01 9.999999999509647797e-01 9.102359230506474987e-08 8.840286622236203501e-08 8.584258291416671622e-08 8.333786761422311819e-08 8.090496006219075644e-08
2.108000000000000000e+03 9.999995706485365066e-01 9.999999999661147720e-01 9.999999999639334058e-01 9.999999999594348932e-01 9.999999999504589621e-01 9.102417394143573593e-08 8.840345102589591054e-08 8.584237783799388782e-08 8.333774784849886709e-08 8.090513913867947352e-08
2.110000000000000000e+03 9.999995706487045943e-01 9.999999999659694438e-01 9.999999999637020354e-01 9.999999999591359101e-01 9.999999999499545877e-01 9.102479507145684456e-08 8.840402337568057190e-08 8.584213261919393325e-08 8.333767199661470332e-08 8.090527930241917925e-08
2.112000000000000000e+03 9.999995706488991054e-01 9.999999999658067962e-01 9.999999999634683334e-01 9.999999999588400357e-01 9.999999999494513236e-01 9.102545447354695304e-08 8.840457956367943385e-08 8.584185015486191588e-08 8.333764217374742144e-08 8.090537680271169312e-08
2.114000000000000000e+03 9.999995706491237035e-01 9.999999999656288274e-01 9.999999999632325220e-01 9.999999999585476029e-01 9.999999999489500579e-01 9.102615106663519765e-08 8.840511540010160779e-08 8.584153282719303187e-08 8.333765962400386044e-08 8.090543026232550185e-08
2.116000000000000000e+03 9.999995706493833847e-01 9.999999999654339833e-01 9.999999999629933800e-01 9.999999999582561694e-01 9.999999999484484592e-01 9.102688421244360675e-08 8.840562759198608701e-08 8.584118320661989304e-08 8.333772290041821677e-08 8.090543711184604782e-08
2.118000000000000000e+03 9.999995706496835890e-01 9.999999999652240401e-01 9.999999999627517955e-01 9.999999999579667342e-01 9.999999999479477486e-01 9.102765182765224198e-08 8.840611344709097941e-08 8.584080682400145161e-08 8.333783127247735417e-08 8.090539550614562193e-08
2.120000000000000000e+03 9.999995706500248716e-01 9.999999999649983318e-01 9.999999999625054370e-01 9.999999999576768550e-01 9.999999999474461498e-01 9.102845119334448938e-08 8.840656831815608355e-08 8.584040819532459729e-08 8.333798547234285412e-08 8.090531033607099749e-08
2.122000000000000000e+03 9.999995706504167803e-01 9.999999999647554150e-01 9.999999999622529723e-01 9.999999999573850884e-01 9.999999999469421086e-01 9.102928243586768765e-08 8.840698855164413160e-08 8.583998810533136852e-08 8.333817996805810235e-08 8.090518400087098936e-08
2.124000000000000000e+03 9.999995706508707505e-01 9.999999999644947346e-01 9.999999999619930691e-01 9.999999999570901021e-01 9.999999999464351808e-01 9.103014416330335453e-08 8.840737453088253081e-08 8.583955390599346760e-08 8.333840820717107618e-08 8.090501230089611897e-08
2.126000000000000000e+03 9.999995706513784555e-01 9.999999999642145143e-01 9.999999999617227298e-01 9.999999999567887876e-01 9.999999999459230349e-01 9.103102941349922606e-08 8.840772213176832706e-08 8.583911647327776915e-08 8.333867394314455254e-08 8.090480647993850941e-08
2.128000000000000000e+03 9.999995706519531069e-01 9.999999999639138659e-01 9.999999999614408441e-01 9.999999999564803677e-01 9.999999999454050048e-01 9.103193775812864761e-08 8.840802360168245312e-08 8.583867153200975035e-08 8.333897134473570278e-08 8.090458187658914050e-08
2.130000000000000000e+03 9.999995706526252359e-01 9.999999999635890147e-01 9.999999999611433044e-01 9.999999999561610675e-01 9.999999999448773158e-01 9.103287477657362143e-08 8.840828439674482386e-08 8.583822037635306509e-08 8.333927962118579531e-08 8.090432395530427342e-08
2.132000000000000000e+03 9.999995706533744144e-01 9.999999999632381842e-01 9.999999999608281120e-01 9.999999999558288888e-01 9.999999999443394127e-01 9.103382797854987448e-08 8.840850801078880067e-08 8.583779011775748161e-08 8.333960671201330535e-08 8.090403874443305064e-08
2.134000000000000000e+03 9.999995706541879859e-01 9.999999999628583769e-01 9.999999999604917145e-01 9.999999999554807228e-01 9.999999999437880760e-01 9.103478508644584848e-08 8.840867449941576387e-08 8.583737721005063892e-08 8.333996408642121544e-08 8.090377454145777312e-08
2.136000000000000000e+03 9.999995706551527697e-01 9.999999999624458180e-01 9.999999999601303369e-01 9.999999999551127949e-01 9.999999999432198639e-01 9.103576851378694620e-08 8.840878721120911066e-08 8.583695182220217363e-08 8.334030451031796966e-08 8.090350772807028602e-08
2.138000000000000000e+03 9.999995706562537778e-01 9.999999999619987312e-01 9.999999999597418698e-01 9.999999999547231067e-01 9.999999999426332220e-01 9.103677592127541247e-08 8.840887868410066926e-08 8.583656140473515779e-08 8.334062006824956351e-08 8.090319602246528858e-08
2.140000000000000000e+03 9.999995706573755472e-01 9.999999999615134527e-01 9.999999999593223166e-01 9.999999999543077722e-01 9.999999999420245977e-01 9.103775528622629872e-08 8.840891641522633132e-08 8.583624404636031035e-08 8.334098009596683300e-08 8.090294410905319099e-08
2.142000000000000000e+03 9.999995706586820576e-01 9.999999999609878731e-01 9.999999999588690125e-01 9.999999999538645712e-01 9.999999999413909935e-01 9.103873392638979290e-08 8.840886217195086145e-08 8.583590148993051385e-08 8.334132214629384795e-08 8.090277187080836437e-08
2.144000000000000000e+03 9.999995706602893275e-01 9.999999999604192169e-01 9.999999999583790711e-01 9.999999999533895068e-01 9.999999999407289675e-01 9.103977815592763702e-08 8.840880474354026291e-08 8.583555057547170675e-08 8.334154670367349473e-08 8.090250260093509476e-08
2.146000000000000000e+03 9.999995706618349800e-01 9.999999999598057077e-01 9.999999999578499388e-01 9.999999999528796923e-01 9.999999999400350781e-01 9.104078375322375195e-08 8.840875388367778798e-08 8.583536810082432903e-08 8.334181801862268869e-08 8.090226079525506289e-08
2.148000000000000000e+03 9.999995706634360326e-01 9.999999999591471234e-01 9.999999999572803944e-01 9.999999999523332406e-01 9.999999999393058836e-01 9.104168632519019057e-08 8.840854576786155684e-08 8.583521190899136760e-08 8.334216859484562278e-08 8.090227599277424058e-08
2.150000000000000000e+03 9.999995706656803485e-01 9.999999999584437971e-01 9.999999999566685505e-01 9.999999999517470428e-01 9.999999999385384974e-01 9.104269821944445835e-08 8.840828039644615083e-08 8.583488342257437422e-08 8.334227383928893904e-08 8.090217698159941254e-08
2.152000000000000000e+03 9.999995706679197793e-01 9.999999999576977272e-01 9.999999999560148511e-01 9.999999999511198778e-01 9.999999999377303661e-01 9.104378742402874272e-08 8.840818498802798604e-08 8.583477035340616705e-08 8.334229916030013042e-08 8.090186658279413297e-08
2.154000000000000000e+03 9.999995706696387376e-01 9.999999999569118003e-01 9.999999999553202956e-01 9.999999999504515236e-01 9.999999999368789361e-01 9.104459700054529027e-08 8.840794175965045190e-08 8.583495150327729959e-08 8.334265949999006347e-08 8.090204129255168892e-08
2.156000000000000000e+03 9.999995706723679989e-01 9.999999999560909014e-01 9.999999999545875484e-01 9.999999999497414249e-01 9.999999999359820979e-01 9.104538556854860406e-08 8.840737837432481041e-08 8.583473099775747128e-08 8.334277736804077102e-08 8.090235232643978626e-08
2.158000000000000000e+03 9.999995706758373348e-01 9.999999999552411367e-01 9.999999999538193851e-01 9.999999999489902480e-01 9.999999999350382973e-01 9.104658220095930826e-08 8.840715264914920369e-08 8.583444141744967737e-08 8.334237165728024450e-08 8.090192186345205564e-08
2.160000000000000000e+03 9.999995706776277915e-01 9.999999999543706108e-01 9.999999999530201356e-01 9.999999999481995472e-01 9.999999999340465351e-01 9.104749559440472577e-08 8.840714182910272957e-08 8.583499564396149229e-08 8.334256689276837994e-08 8.090193053013682819e-08
2.162000000000000000e+03 9.999995706799243989e-01 9.999999999534897599e-01 9.999999999521976823e-01 9.999999999473735413e-01 9.999999999330074774e-01 9.104782205854449393e-08 8.840635189159563553e-08 8.583526881137647997e-08 8.334304285434510548e-08 8.090291655531589169e-08
2.164000000000000000e+03 9.999995706851138033e-01 9.999999999526099081e-01 9.999999999513600191e-01 9.999999999465176703e-01 9.999999999319236776e-01 9.104883387173601458e-08 8.840560935690213866e-08 8.583453096571223207e-08 8.334224881745403304e-08 8.090264873023397292e-08
2.166000000000000000e+03 9.999995706878760382e-01 9.999999999517444893e-01 9.999999999505168047e-01 9.999999999456373745e-01 9.999999999307969123e-01 9.105027486914966509e-08 8.840600921274685384e-08 8.583499338454558795e-08 8.334172242104360411e-08 8.090182772685871836e-08
2.168000000000000000e+03 9.999995706879744040e-01 9.999999999509068260e-01 9.999999999496782532e-01 9.999999999447406474e-01 9.999999999296314002e-01 9.105029680376175275e-08 8.840559670125842606e-08 8.583639702272626385e-08 8.334283601947218358e-08 8.090334164587541983e-08
2.170000000000000000e+03 9.999995706939318607e-01 9.999999999501119063e-01 9.999999999488582425e-01 9.999999999438375919e-01 9.999999999284329144e-01 9.105031537629004828e-08 8.840384098090567472e-08 8.583553077366612067e-08 8.334237891567825836e-08 8.090416231640247356e-08
2.172000000000000000e+03 9.999995707002684586e-01 9.999999999493750513e-01 9.999999999480699842e-01 9.999999999429391995e-01 9.999999999272100037e-01 9.105235030209230156e-08 8.840406562849872437e-08 8.583472671481888564e-08 8.334037838118258604e-08 8.090201956341035221e-08
2.174000000000000000e+03 9.999995706972860665e-01 9.999999999487099167e-01 9.999999999473269119e-01 9.999999999420573493e-01 9.999999999259703287e-01 9.105317794025724285e-08 8.840515844084198389e-08 8.583733374378351531e-08 8.334156568073785697e-08 8.090281785771123135e-08
2.176000000000000000e+03 9.999995706995293832e-01 9.999999999481306023e-01 9.999999999466436806e-01 9.999999999412066964e-01 9.999999999247255467e-01 9.105154063574434977e-08 8.840279282412240085e-08 8.583794581176478803e-08 8.334294441288809207e-08 8.090594727422554320e-08
2.178000000000000000e+03 9.999995707121385191e-01 9.999999999476484325e-01 9.999999999460345013e-01 9.999999999404008966e-01 9.999999999234883141e-01 9.105280753408420012e-08 8.840105541812365268e-08 8.583488385229265103e-08 8.333958697359377552e-08 8.090336750957470451e-08
2.180000000000000000e+03 9.999995707100985953e-01 9.999999999472705126e-01 9.999999999455094768e-01 9.999999999396530503e-01 9.999999999222691782e-01 9.105597773229522824e-08 8.840397887302572981e-08 8.583681610867219352e-08 8.333878020620461105e-08 8.090105660539029843e-08
2.182000000000000000e+03 9.999995707012686585e-01 9.999999999470037260e-01 9.999999999450811528e-01 9.999999999389780347e-01 9.999999999210844592e-01 9.105394104144781059e-08 8.840348104363758766e-08 8.584114584250484551e-08 8.334303222161233111e-08 8.090639375953347058e-08
2.184000000000000000e+03 9.999995707168953807e-01 9.999999999468507372e-01 9.999999999447580779e-01 9.999999999383905047e-01 9.999999999199492562e-01 9.105174267182492737e-08 8.839821866217990983e-08 8.583728287156035475e-08 8.334077395069248404e-08 8.090655237951340378e-08
2.186000000000000000e+03 9.999995707268273248e-01 9.999999999468079936e-01 9.999999999445433607e-01 9.999999999378988980e-01 9.999999999188757815e-01 9.105669556415845756e-08 8.840022740598565807e-08 8.583467987355687169e-08 8.333542414256555888e-08 8.089943462330462748e-08
2.188000000000000000e+03 9.999995707048445759e-01 9.999999999468693890e-01 9.999999999444387777e-01 9.999999999375139836e-01 9.999999999178781351e-01 9.105826561035201231e-08 8.840502388261598798e-08 8.584248184815090480e-08 8.334060943977357969e-08 8.090348930338987089e-08
2.190000000000000000e+03 9.999995707080844287e-01 9.999999999470248202e-01 9.999999999444428855e-01 9.999999999372412018e-01 9.999999999169691955e-01 9.105177526412037571e-08 8.839851264227842844e-08 8.584306716188106036e-08 8.334393090668532784e-08 8.091036948218027129e-08
2.192000000000000000e+03 9.999995707396039935e-01 9.999999999472595213e-01 9.999999999445469134e-01 9.999999999370821069e-01 9.999999999161577335e-01 9.105356321192166679e-08 8.839396104076300539e-08 8.583378507495074313e-08 8.333451846911848748e-08 8.090093996819864928e-08
2.194000000000000000e+03 9.999995707203663819e-01 9.999999999475580603e-01 9.999999999447415355e-01 9.999999999370362547e-01 9.999999999154518537e-01 9.106196790177598302e-08 8.840341391471902269e-08 8.583903300887380087e-08 8.333460605433917352e-08 8.089724576105497553e-08
2.196000000000000000e+03 9.999995706904029058e-01 9.999999999478997870e-01 9.999999999450120969e-01 9.999999999370963177e-01 9.999999999148547758e-01 9.105654027628309409e-08 8.840343227381166502e-08 8.584948215253915066e-08 8.334581386999388687e-08 8.091088642391800605e-08
2.198000000000000000e+03 9.999995707319425664e-01 9.999999999482663826e-01 9.999999999453423882e-01 9.999999999372545245e-01 9.999999999143680540e-01 9.104899349030539009e-08 8.838992303816104249e-08 8.583885603555181144e-08 8.333905523342988281e-08 8.090742327488471417e-08
2.200000000000000000e+03 9.999995707485215268e-01 9.999999999486373081e-01 9.999999999457117594e-01 9.999999999374949988e-01 9.999999999139874696e-01 9.105988758458043359e-08 8.839491757799348048e-08 8.583224457061706807e-08 8.332804636948136818e-08 8.089197603295646342e-08
2.202000000000000000e+03 9.999995706861022349e-01 9.999999999489953550e-01 9.999999999461018918e-01 9.999999999378026416e-01 9.999999999137059170e-01 9.106518231487046944e-08 8.840827551057566964e-08 8.584971012799269821e-08 8.334146564424924715e-08 8.090408342564803637e-08
2.204000000000000000e+03 9.999995706954403207e-01 9.999999999493254244e-01 9.999999999464943556e-01 9.999999999381591342e-01 9.999999999135137374e-01 9.105022603250991591e-08 8.839474010167636749e-08 8.585049236946170535e-08 8.334740576022920790e-08 8.091562985377753869e-08
2.206000000000000000e+03 9.999995707663437150e-01 9.999999999496148595e-01 9.999999999468703882e-01 9.999999999385432714e-01 9.999999999133960538e-01 9.105093624568195131e-08 8.838326287826956575e-08 8.583013866010199316e-08 8.332783423155809200e-08 8.089448504339452562e-08
2.208000000000000000e+03 9.999995707179284432e-01 9.999999999498574432e-01 9.999999999472171108e-01 9.999999999389372896e-01 9.999999999133393214e-01 9.106929993143574953e-08 8.840360784374130359e-08 8.583965509140965053e-08 8.333012747821959829e-08 8.089145632580330138e-08
2.210000000000000000e+03 9.999995706535054207e-01 9.999999999500489567e-01 9.999999999475228663e-01 9.999999999393227590e-01 9.999999999133248885e-01 9.106153372192891902e-08 8.840741431479418168e-08 8.586006310548796731e-08 8.335151559938931766e-08 8.091717650659953899e-08
2.212000000000000000e+03 9.999995707400053391e-01 9.999999999501896220e-01 9.999999999477805490e-01 9.999999999396830264e-01 9.999999999133347695e-01 9.104392529786328877e-08 8.838080560457323014e-08 8.584050801216054383e-08 8.333814676501640307e-08 8.090704844664849331e-08
2.214000000000000000e+03 9.999995707734249395e-01 9.999999999502841019e-01 9.999999999479878277e-01 9.999999999400071005e-01 9.999999999133530881e-01 9.106069529817390392e-08 8.838685492388129094e-08 8.582644037468309028e-08 8.331984924006193785e-08 8.088253028223181423e-08
2.216000000000000000e+03 9.999995706555417918e-01 9.999999999503395021e-01 9.999999999481473667e-01 9.999999999402874318e-01 9.999999999133649675e-01 9.107470845984219575e-08 8.841439864236141286e-08 8.585531436451619286e-08 8.334340524451636980e-08 8.090592180473764210e-08
2.218000000000000000e+03 9.999995706694452258e-01 9.999999999503631498e-01 9.999999999482622748e-01 9.999999999405189133e-01 9.999999999133559747e-01 9.105071027685969960e-08 8.839566580450033459e-08 8.585890164758193996e-08 8.335271286554951713e-08 8.092149289260519765e-08
2.220000000000000000e+03 9.999995707961157887e-01 9.999999999503651482e-01 9.999999999483416557e-01 9.999999999407046536e-01 9.999999999133183382e-01 9.104472778133154761e-08 8.837188113238646914e-08 8.582553537847599731e-08 8.332238063549606260e-08 8.088806193930991993e-08
2.222000000000000000e+03 9.999995707238042986e-01 9.999999999503529358e-01 9.999999999483927260e-01 9.999999999408474283e-01 9.999999999132443973e-01 9.107375302872074597e-08 8.840212599085309655e-08 8.583569965669185427e-08 8.332602065766763535e-08 8.088719007825521933e-08
2.224000000000000000e+03 9.999995706142889018e-01 9.999999999503356163e-01 9.999999999484261437e-01 9.999999999409563411e-01 9.999999999131328199e-01 9.106942526444893995e-08 8.841645200389111143e-08 8.586754156119745822e-08 8.335719966542012713e-08 8.092367489703164697e-08
2.226000000000000000e+03 9.999995707401569955e-01 9.999999999503185188e-01 9.999999999484493474e-01 9.999999999410397189e-01 9.999999999129834949e-01 9.103963494705085814e-08 8.837808856160007644e-08 8.584339137288086922e-08 8.333972851043503393e-08 8.090764263700194030e-08
2.228000000000000000e+03 9.999995708056392818e-01 9.999999999503057513e-01 9.999999999484704416e-01 9.999999999411087748e-01 9.999999999128018624e-01 9.105498176873643866e-08 8.837756729830610785e-08 8.581901532375896543e-08 8.331471514497989342e-08 8.087683094919129702e-08
2.230000000000000000e+03 9.999995706438948861e-01 9.999999999502995340e-01 9.999999999484935342e-01 9.999999999411723905e-01 9.999999999125929184e-01 9.108061961863901091e-08 8.841901967595339686e-08 8.585354858107551783e-08 8.334395867741330410e-08 8.090783752247370820e-08
2.232000000000000000e+03 9.999995706407911467e-01 9.999999999503003112e-01 9.999999999485219560e-01 9.999999999412383378e-01 9.999999999123641015e-01 9.105513016805799272e-08 8.840466960771533566e-08 8.586484182230518408e-08 8.335771150944900662e-08 8.092586818282045842e-08
2.234000000000000000e+03 9.999995708111877324e-01 9.999999999503086379e-01 9.999999999485574831e-01 9.999999999413130558e-01 9.999999999121248484e-01 9.103717083258566655e-08 8.836713828852381117e-08 8.582457392742938594e-08 8.332256525727145586e-08 8.088650002200689639e-08
2.236000000000000000e+03 9.999995707472322248e-01 9.999999999503231818e-01 9.999999999485996716e-01 9.999999999413997642e-01 9.999999999118822647e-01 9.106899198571999447e-08 8.839582383088267532e-08 8.582780684733951067e-08 8.332354146862292505e-08 8.088584189586794965e-08
2.238000000000000000e+03 9.999995705982617222e-01 9.999999999503419446e-01 9.999999999486465230e-01 9.999999999414979079e-01 9.999999999116425675e-01 9.107597852454450266e-08 8.842440988087092044e-08 8.586649126371525476e-08 8.335854539981510481e-08 8.092562849329954111e-08
2.240000000000000000e+03 9.999995707197660844e-01 9.999999999503637049e-01 9.999999999486967051e-01 9.999999999416060437e-01 9.999999999114105309e-01 9.104152756849678388e-08 8.838592492871125942e-08 8.584869049867756213e-08 8.334398370830792892e-08 8.090947485392677534e-08
2.242000000000000000e+03 9.999995708226738778e-01 9.999999999503873527e-01 9.999999999487492186e-01 9.999999999417223950e-01 9.999999999111894855e-01 9.104569155379932351e-08 8.837080347375989163e-08 8.581673572928820585e-08 8.331590840209502381e-08 8.087758313678029721e-08
2.244000000000000000e+03 9.999995706647933913e-01 9.999999999504133319e-01 9.999999999488043967e-01 9.999999999418426322e-01 9.999999999109810966e-01 9.107788635737321934e-08 8.841409577721763363e-08 8.584501370092989475e-08 8.334104769303829769e-08 8.090656790237601745e-08
2.246000000000000000e+03 9.999995706217527092e-01 9.999999999504403103e-01 9.999999999488613511e-01 9.999999999419642016e-01 9.999999999107840321e-01 9.106354093868724545e-08 8.841476527908541408e-08 8.586567606772249306e-08 8.335840855747199005e-08 8.092525638326683836e-08
2.248000000000000000e+03 9.999995707891921048e-01 9.999999999504669557e-01 9.999999999489196378e-01 9.999999999420836616e-01 9.999999999105952941e-01 9.103717846412690615e-08 8.837279605592801827e-08 8.583159466908120506e-08 8.332830198007033426e-08 8.089032276285194938e-08
2.250000000000000000e+03 9.999995707713574822e-01 9.999999999504934900e-01 9.999999999489812552e-01 9.999999999422012342e-01 9.999999999104124404e-01 9.105890876834355215e-08 8.838557154843031531e-08 8.582350779620512037e-08 8.332324154028818274e-08 8.088677922030503151e-08
2.252000000000000000e+03 9.999995706196486145e-01 9.999999999505179149e-01 9.999999999490460922e-01 9.999999999423163644e-01 9.999999999102308079e-01 9.107712007122316316e-08 8.842135770585787935e-08 8.585788606238160453e-08 8.335278915386742021e-08 8.092054252928102425e-08
2.254000000000000000e+03 9.999995706876120272e-01 9.999999999505393422e-01 9.999999999491144820e-01 9.999999999424318275e-01 9.999999999100467329e-01 9.105160574461997714e-08 8.839843818023238107e-08 8.585423933812279654e-08 8.334673665272465492e-08 8.091069214236615792e-08
2.256000000000000000e+03 9.999995708048030618e-01 9.999999999505564396e-01 9.999999999491860914e-01 9.999999999425498443e-01 9.999999999098572179e-01 9.104238174565810646e-08 8.837220378610470335e-08 8.582407359049755929e-08 8.332203529648516028e-08 8.088380924063248506e-08
2.258000000000000000e+03 9.999995707046075433e-01 9.999999999505677639e-01 9.999999999492604763e-01 9.999999999426750774e-01 9.999999999096605974e-01 9.106825804593612018e-08 8.840107431673590276e-08 8.583680148276236091e-08 8.333577433910187156e-08 8.090277786459529359e-08
2.260000000000000000e+03 9.999995706311480825e-01 9.999999999505714277e-01 9.999999999493353053e-01 9.999999999428099695e-01 9.999999999094550951e-01 9.106927763030338675e-08 8.841661214286769621e-08 8.585990966287725433e-08 8.335271596590767243e-08 8.091962335136129199e-08
2.262000000000000000e+03 9.999995707436661885e-01 9.999999999505655435e-01 9.999999999494085801e-01 9.999999999429566300e-01 9.999999999092411551e-01 9.104593845934789319e-08 8.838630408278033052e-08 8.584174171320801044e-08 8.333486219469131747e-08 8.089677518953551097e-08
2.264000000000000000e+03 9.999995707737912021e-01 9.999999999505493342e-01 9.999999999494776359e-01 9.999999999431171682e-01 9.999999999090204428e-01 9.105137128850247412e-08 8.838104029107051286e-08 8.582683241266683281e-08 8.332589615567351963e-08 8.089036518321619666e-08
2.266000000000000000e+03 9.999995706665799622e-01 9.999999999505204684e-01 9.999999999495400305e-01 9.999999999432916953e-01 9.999999999087947344e-01 9.107029714572749184e-08 8.840931016549380741e-08 8.584686916497000521e-08 8.334390350709035636e-08 8.091235396876444630e-08
2.268000000000000000e+03 9.999995706724545963e-01 9.999999999504789461e-01 9.999999999495932101e-01 9.999999999434802112e-01 9.999999999085672497e-01 9.106066482068428942e-08 8.840638417003951593e-08 8.585399889389328653e-08 8.334569518310619864e-08 8.091014477005489159e-08
2.270000000000000000e+03 9.999995707622946206e-01 9.999999999504233239e-01 9.999999999496350656e-01 9.999999999436798293e-01 9.999999999083408753e-01 9.104699302178936243e-08 8.838275811021930232e-08 8.583494844114903669e-08 8.333001782728628109e-08 8.089237006949676318e-08
2.272000000000000000e+03 9.999995707317184124e-01 9.999999999503540460e-01 9.999999999496650416e-01 9.999999999438902165e-01 9.999999999081193858e-01 9.105869931763002473e-08 8.839137993841443393e-08 8.583405376499699224e-08 8.333329917130486491e-08 8.090028390992667621e-08
2.274000000000000000e+03 9.999995706651439997e-01 9.999999999502710013e-01 9.999999999496810288e-01 9.999999999441081533e-01 9.999999999079058899e-01 9.106742490676600876e-08 8.840921564074216927e-08 8.585015540169170118e-08 8.334519663405616666e-08 8.091236326548951714e-08
2.276000000000000000e+03 9.999995707085564955e-01 9.999999999501730796e-01 9.999999999496814729e-01 9.999999999443309751e-01 9.999999999077016088e-01 9.105576418006007597e-08 8.839749754244206694e-08 8.584670041792128965e-08 8.333913067895752079e-08 8.090192968663313636e-08
2.278000000000000000e+03 9.999995707513400500e-01 9.999999999500620573e-01 9.999999999496657077e-01 9.999999999445566834e-01 9.999999999075086521e-01 9.105156801319286398e-08 8.838541021624142206e-08 8.583436337674588789e-08 8.333143503968886354e-08 8.089555493697467291e-08
2.280000000000000000e+03 9.999995707049330607e-01 9.999999999499393777e-01 9.999999999496326231e-01 9.999999999447842791e-01 9.999999999073293511e-01 9.106229950725465150e-08 8.839782718577621877e-08 8.584019357030534284e-08 8.333853217588670819e-08 8.090599231176296411e-08
2.282000000000000000e+03 9.999995706824437169e-01 9.999999999498081493e-01 9.999999999495829961e-01 9.999999999450126520e-01 9.999999999071648160e-01 9.106350685877336195e-08 8.840469492195064726e-08 8.584867694203344212e-08 8.334276155280621999e-08 8.090781359036981020e-08
2.284000000000000000e+03 9.999995707247769650e-01 9.999999999496694825e-01 9.999999999495149394e-01 9.999999999452394706e-01 9.999999999070151580e-01 9.105491872242735718e-08 8.839297114122675967e-08 8.584199418953847155e-08 8.333626374657580623e-08 8.089910458638138335e-08
2.286000000000000000e+03 9.999995707320488147e-01 9.999999999495269298e-01 9.999999999494285641e-01 9.999999999454631805e-01 9.999999999068813761e-01 9.105610401880321652e-08 8.838995333828586213e-08 8.583677848507307600e-08 8.333487359432695466e-08 8.090041260277413776e-08
2.288000000000000000e+03 9.999995706974085241e-01 9.999999999493830449e-01 9.999999999493230929e-01 9.999999999456816724e-01 9.999999999067631373e-01 9.106285846835584413e-08 8.839981709778816245e-08 8.584309791997928334e-08 8.334031823536446861e-08 8.090681897034221636e-08
2.290000000000000000e+03 9.999995706998179301e-01 9.999999999492426017e-01 9.999999999492006353e-01 9.999999999458941691e-01 9.999999999066625511e-01 9.106078003200607292e-08 8.840002375295016704e-08 8.584565066285897446e-08 8.334014632031962140e-08 8.090405394556864874e-08
2.292000000000000000e+03 9.999995707256014166e-01 9.999999999491078206e-01 9.999999999490613023e-01 9.999999999460971178e-01 9.999999999065792844e-01 9.105624309485428275e-08 8.839223081601695871e-08 8.584010542789460504e-08 8.333627898140289419e-08 8.090016714093860629e-08
2.294000000000000000e+03 9.999995707181045246e-01 9.999999999489834757e-01 9.999999999489074254e-01 9.999999999462888534e-01 9.999999999065147804e-01 9.105897627600028663e-08 8.839360394351994575e-08 8.583913507350188478e-08 8.333745658074175008e-08 8.090350155435963570e-08
2.296000000000000000e+03 9.999995707004702972e-01 9.999999999488725644e-01 9.999999999487421132e-01 9.999999999464678213e-01 9.999999999064709266e-01 9.106211228941740145e-08 8.839928595439491381e-08 8.584331319000094518e-08 8.334011907275730985e-08 8.090562203990168589e-08
2.298000000000000000e+03 9.999995707096425157e-01 9.999999999487768632e-01 9.999999999485666979e-01 9.999999999466302469e-01 9.999999999064470568e-01 9.105969172686943898e-08 8.839716101089421590e-08 8.584297985765279461e-08 8.333877905945937863e-08 8.090280147269519264e-08
2.300000000000000000e+03 9.999995707206578155e-01 9.999999999486997027e-01 9.999999999483852875e-01 9.999999999467749090e-01 9.999999999064446143e-01 9.105802944209794771e-08 8.839330963262826059e-08 8.583967265235950498e-08 8.333726572962293987e-08 8.090223827018422216e-08
2.302000000000000000e+03 9.999995707118443100e-01 9.999999999486423041e-01 9.999999999482004354e-01 9.999999999469001422e-01 9.999999999064634881e-01 9.106032675728988671e-08 8.839564192455522993e-08 8.584024431812315978e-08 8.333860093365913338e-08 8.090461423253281658e-08
2.304000000000000000e+03 9.999995707055865379e-01 9.999999999486066660e-01 9.999999999480160273e-01 9.999999999470045031e-01 9.999999999065042333e-01 9.106133528963184683e-08 8.839814710165988754e-08 8.584225324484002168e-08 8.333943051466804565e-08 8.090459715747949479e-08
2.306000000000000000e+03 9.999995707129527567e-01 9.999999999485934543e-01 9.999999999478345059e-01 9.999999999470873258e-01 9.999999999065658507e-01 9.105968166281928586e-08 8.839610144539557486e-08 8.584116767252940766e-08 8.333836850687781642e-08 8.090313018490709550e-08
2.308000000000000000e+03 9.999995707160251879e-01 9.999999999486018920e-01 9.999999999476588686e-01 9.999999999471478329e-01 9.999999999066470080e-01 9.105939991264618378e-08 8.839474237762885635e-08 8.583957752586860692e-08 8.333799906131750704e-08 8.090368357433371661e-08
2.310000000000000000e+03 9.999995707103489506e-01 9.999999999486322011e-01 9.999999999474926682e-01 9.999999999471864687e-01 9.999999999067470391e-01 9.106076638341125901e-08 8.839658243667364796e-08 8.584027995239657924e-08 8.333874738233601947e-08 8.090470026204996359e-08
2.312000000000000000e+03 9.999995707091356989e-01 9.999999999486827162e-01 9.999999999473382362e-01 9.999999999472034551e-01 9.999999999068647227e-01 9.106086642744725003e-08 8.839743703241929043e-08 8.584095892418698211e-08 8.333879676559261253e-08 8.090419973190616296e-08
2.314000000000000000e+03 9.999995707131952294e-01 9.999999999487523272e-01 9.999999999471985701e-01 9.999999999472000134e-01 9.999999999069982826e-01 9.105998563241427486e-08 8.839620458335053702e-08 8.584002633023869884e-08 8.333819800941272488e-08 8.090372602577218813e-08
2.316000000000000000e+03 9.999995707134038403e-01 9.999999999488379254e-01 9.999999999470754464e-01 9.999999999471766987e-01 9.999999999071458312e-01 9.106011151450705745e-08 8.839601516642377058e-08 8.583936260550642058e-08 8.333813549966940904e-08 8.090422145858557194e-08
2.318000000000000000e+03 9.999995707106473786e-01 9.999999999489368463e-01 9.999999999469708634e-01 9.999999999471351764e-01 9.999999999073058143e-01 9.106073407721823515e-08 8.839715544141094509e-08 8.583978418346155637e-08 8.333838047597261879e-08 8.090443753599252753e-08
2.320000000000000000e+03 9.999995707108927379e-01 9.999999999490450930e-01 9.999999999468860423e-01 9.999999999470768897e-01 9.999999999074757895e-01 9.106056543022449239e-08 8.839740747054355897e-08 8.583987433164427509e-08 8.333821144325913009e-08 8.090405404025907071e-08
2.322000000000000000e+03 9.999995707126959621e-01 9.999999999491590019e-01 9.999999999468209833e-01 9.999999999470035039e-01 9.999999999076533141e-01 9.106014260778287481e-08 8.839689370794247730e-08 8.583928259662721339e-08 8.333788457934919229e-08 8.090395198807453608e-08
2.324000000000000000e+03 9.999995707123301436e-01 9.999999999492750202e-01 9.999999999467773515e-01 9.999999999469182388e-01 9.999999999078371671e-01 9.106025806067957983e-08 8.839710978515376829e-08 8.583902559051010767e-08 8.333782169308276427e-08 8.090413693601723720e-08
2.326000000000000000e+03 9.999995707112168120e-01 9.999999999493892622e-01 9.999999999467537037e-01 9.999999999468229817e-01 9.999999999080245727e-01 9.106044127489789357e-08 8.839776743036418942e-08 8.583920622467972249e-08 8.333781335183633509e-08 8.090405583128285470e-08
2.328000000000000000e+03 9.999995707115947319e-01 9.999999999494966207e-01 9.999999999467485967e-01 9.999999999467196199e-01 9.999999999082124225e-01 9.106022834104601335e-08 8.839789678816470182e-08 8.583913228614619982e-08 8.333762880313446096e-08 8.090383002372107806e-08
2.330000000000000000e+03 9.999995707122923960e-01 9.999999999495959857e-01 9.999999999467626965e-01 9.999999999466135936e-01 9.999999999084004942e-01 9.105998956273857674e-08 8.839781017780082575e-08 8.583882491450842765e-08 8.333742509731922202e-08 8.090377694751734171e-08
2.332000000000000000e+03 9.999995707120031829e-01 9.999999999496823611e-01 9.999999999467920064e-01 9.999999999465057909e-01 9.999999999085836810e-01 9.105998155608608330e-08 8.839810854419372402e-08 8.583874188351950561e-08 8.333733178913375539e-08 8.090376107357550621e-08
2.334000000000000000e+03 9.999995707116051680e-01 9.999999999497537484e-01 9.999999999468350831e-01 9.999999999464003198e-01 9.999999999087614277e-01 9.105993265295550508e-08 8.839851395005776639e-08 8.583881778118358995e-08 8.333724805253708624e-08 8.090362624057828231e-08
2.336000000000000000e+03 9.999995707118377597e-01 9.999999999498079273e-01 9.999999999468879297e-01 9.999999999462991784e-01 9.999999999089306257e-01 9.105970963715316417e-08 8.839866385884656020e-08 8.583876223704950453e-08 8.333710719299073104e-08 8.090348907037261587e-08
2.338000000000000000e+03 9.999995707120853394e-01 9.999999999498436765e-01 9.999999999469482148e-01 9.999999999462053646e-01 9.999999999090898317e-01 9.105950172613648977e-08 8.839877440831774827e-08 8.583864949991454662e-08 8.333697695435807599e-08 8.090342201811822210e-08
2.340000000000000000e+03 9.999995707119342381e-01 9.999999999498603298e-01 9.999999999470119416e-01 9.999999999461222089e-01 9.999999999092362701e-01 9.105937355021168953e-08 8.839905294109307053e-08 8.583865910059625238e-08 8.333689788532439246e-08 8.090334981699997994e-08
2.342000000000000000e+03 9.999995707117985688e-01 9.999999999498582204e-01 9.999999999470758905e-01 9.999999999460517097e-01 9.999999999093687197e-01 9.105920007739278419e-08 8.839933873634959515e-08 8.583872537090410761e-08 8.333683123188419901e-08 8.090325132939109261e-08
2.344000000000000000e+03 9.999995707119052613e-01 9.999999999498381253e-01 9.999999999471358425e-01 9.999999999459951994e-01 9.999999999094846270e-01 9.105895449918227112e-08 8.839951351771249743e-08 8.583873951654938257e-08 8.333675566055809967e-08 8.090317617393107856e-08
2.346000000000000000e+03 9.999995707119846422e-01 9.999999999498028203e-01 9.999999999471895773e-01 9.999999999459560085e-01 9.999999999095843251e-01 9.105871814396505930e-08 8.839968617445432013e-08 8.583875165282393800e-08 8.333669686582091501e-08 8.090313023780467363e-08
2.348000000000000000e+03 9.999995707119115895e-01 9.999999999497539704e-01 9.999999999472324319e-01 9.999999999459344702e-01 9.999999999096658154e-01 9.105850129511011502e-08 8.839991855227688128e-08 8.583882414277721234e-08 8.333666949638809857e-08 8.090308951158538609e-08
2.350000000000000000e+03 9.999995707118591870e-01 9.999999999496959058e-01 9.999999999472624079e-01 9.999999999459321387e-01 9.999999999097289871e-01 9.105825461727558001e-08 8.840013623177129715e-08 8.583891863838989800e-08 8.333665854345605165e-08 8.090305761124571074e-08
2.352000000000000000e+03 9.999995707118954913e-01 9.999999999496306247e-01 9.999999999472755086e-01 9.999999999459484590e-01 9.999999999097726189e-01 9.105797737221576746e-08 8.840030513445888892e-08 8.583899729339144169e-08 8.333665487382153147e-08 8.090304713844617699e-08
2.354000000000000000e+03 9.999995707119118116e-01 9.999999999495640113e-01 9.999999999472705126e-01 9.999999999459846522e-01 9.999999999097975989e-01 9.105770082245764038e-08 8.840047131895545633e-08 8.583908411948897137e-08 8.333666761908262690e-08 8.090305459705236581e-08
2.356000000000000000e+03 9.999995707118711774e-01 9.999999999494993963e-01 9.999999999472449774e-01 9.999999999460396083e-01 9.999999999098033721e-01 9.105742455606023772e-08 8.840065075406618393e-08 8.583919793565549502e-08 8.333670181409793825e-08 8.090307458943021386e-08
2.358000000000000000e+03 9.999995707118416455e-01 9.999999999494412206e-01 9.999999999471973489e-01 9.999999999461118838e-01 9.999999999097900494e-01 9.105713154657818950e-08 8.840081361227282456e-08 8.583932010547685848e-08 8.333675013482689962e-08 8.090310860428209378e-08
2.360000000000000000e+03 9.999995707118448651e-01 9.999999999493957015e-01 9.999999999471291812e-01 9.999999999462015898e-01 9.999999999097607395e-01 9.105682475581004276e-08 8.840095126080037859e-08 8.583943761940038878e-08 8.333680743495479504e-08 8.090315674315106967e-08
2.362000000000000000e+03 9.999995707118378707e-01 9.999999999493651703e-01 9.999999999470385870e-01 9.999999999463051736e-01 9.999999999097146652e-01 9.105651558265475425e-08 8.840108114198502402e-08 8.583955961527154572e-08 8.333687621141169502e-08 8.090321608489624215e-08
2.364000000000000000e+03 9.999995707118115584e-01 9.999999999493546232e-01 9.999999999469281198e-01 9.999999999464211919e-01 9.999999999096544911e-01 9.105620320986556824e-08 8.840120700067934201e-08 8.583969054802829870e-08 8.333695712339421450e-08 8.090328461831763140e-08
2.366000000000000000e+03 9.999995707117905752e-01 9.999999999493660585e-01 9.999999999467974465e-01 9.999999999465454259e-01 9.999999999095808834e-01 9.105588263197997760e-08 8.840131833422772706e-08 8.583982208593784115e-08 8.333704567460654457e-08 8.090336065292523810e-08
2.368000000000000000e+03 9.999995707117826926e-01 9.999999999494034730e-01 9.999999999466510081e-01 9.999999999466766543e-01 9.999999999094976166e-01 9.105555608655866313e-08 8.840141352446710559e-08 8.583994950645048195e-08 8.333713855626737947e-08 8.090344171373905646e-08
2.370000000000000000e+03 9.999995707117719235e-01 9.999999999494681990e-01 9.999999999464910250e-01 9.999999999468103251e-01 9.999999999094068004e-01 9.105522778780770873e-08 8.840149899609755595e-08 8.584007559450665780e-08 8.333723568252990352e-08 8.090352566885384122e-08
2.372000000000000000e+03 9.999995707117560473e-01 9.999999999495611247e-01 9.999999999463210498e-01 9.999999999469427747e-01 9.999999999093110992e-01 9.105489766763936356e-08 8.840157599098975014e-08 8.584020090573581518e-08 8.333733613112479143e-08 8.090361071160595381e-08
2.374000000000000000e+03 9.999995707117442789e-01 9.999999999496816949e-01 9.999999999461448574e-01 9.999999999470700063e-01 9.999999999092132885e-01 9.105456465224772578e-08 8.840164158423088488e-08 8.584032201205387088e-08 8.333743709916902669e-08 8.090369466234940005e-08
2.376000000000000000e+03 9.999995707117383947e-01 9.999999999498292436e-01 9.999999999459671107e-01 9.999999999471881340e-01 9.999999999091166991e-01 9.105423003442462646e-08 8.840169610060293243e-08 8.584043721747524934e-08 8.333753658473431832e-08 8.090377557549870741e-08
2.378000000000000000e+03 9.999995707117328436e-01 9.999999999500013281e-01 9.999999999457928057e-01 9.999999999472922729e-01 9.999999999090244396e-01 9.105389549369276177e-08 8.840174227032114541e-08 8.584054733763370409e-08 8.333763397799577544e-08 8.090385220330952009e-08
2.380000000000000000e+03 9.999995707117274035e-01 9.999999999501952841e-01 9.999999999456271604e-01 9.999999999473792034e-01 9.999999999089403957e-01 9.105356128232530434e-08 8.840178109508029478e-08 8.584065242727867874e-08 8.333772842998752164e-08 8.090392345169221032e-08
2.382000000000000000e+03 9.999995707117254051e-01 9.999999999504068926e-01 9.999999999454755040e-01 9.999999999474448176e-01 9.999999999088680092e-01 9.105322737210577352e-08 8.840181239791329414e-08 8.584075145948217173e-08 8.333781861512870983e-08 8.090398824670908321e-08
2.384000000000000000e+03 9.999995707117260713e-01 9.999999999506304915e-01 9.999999999453417221e-01 9.999999999474843415e-01 9.999999999088106106e-01 9.105289441243200271e-08 8.840183705749685196e-08 8.584084416820517653e-08 8.333790376018057812e-08 8.090404600490575259e-08
2.386000000000000000e+03 9.999995707117282917e-01 9.999999999508618620e-01 9.999999999452322541e-01 9.999999999474951107e-01 9.999999999087723079e-01 9.105256307337848188e-08 8.840185663803487996e-08 8.584093116033822363e-08 8.333798374977580972e-08 8.090409664098827709e-08
2.388000000000000000e+03 9.999995707117312893e-01 9.999999999510938986e-01 9.999999999451503196e-01 9.999999999474727952e-01 9.999999999087557656e-01 9.105223353434893332e-08 8.840187215435902132e-08 8.584101287303409069e-08 8.333805851094475291e-08 8.090414022820487637e-08
2.390000000000000000e+03 9.999995707117360633e-01 9.999999999513206062e-01 9.999999999451010257e-01 9.999999999474151746e-01 9.999999999087648694e-01 9.105190584564753204e-08 8.840188425797934491e-08 8.584108951122844205e-08 8.333812796747414920e-08 8.090417700795866984e-08
2.392000000000000000e+03 9.999995707117421695e-01 9.999999999515349902e-01 9.999999999450880361e-01 9.999999999473196954e-01 9.999999999088030611e-01 9.105158019721575192e-08 8.840189386966268517e-08 8.584116158793377023e-08 8.333819237340871417e-08 8.090420754344197002e-08
2.394000000000000000e+03 9.999995707117481647e-01 9.999999999517308336e-01 9.999999999451139043e-01 9.999999999471839152e-01 9.999999999088732272e-01 9.105125672285957293e-08 8.840190205114187895e-08 8.584122991340020649e-08 8.333825228555106141e-08 8.090423260957721533e-08
2.396000000000000000e+03 9.999995707117547150e-01 9.999999999519016969e-01 9.999999999451817390e-01 9.999999999470065015e-01 9.999999999089784763e-01 9.105093536040698850e-08 8.840190964564590148e-08 8.584129526496854770e-08 8.333830832592133127e-08 8.090425301883449123e-08
2.398000000000000000e+03 9.999995707117608212e-01 9.999999999520416960e-01 9.999999999452927613e-01 9.999999999467865663e-01 9.999999999091214731e-01 9.105061595845771498e-08 8.840191732061170125e-08 8.584135835488021185e-08 8.333836115077471090e-08 8.090426960862543009e-08
2.400000000000000000e+03 9.999995707117662613e-01 9.999999999521449467e-01 9.999999999454479704e-01 9.999999999465238876e-01 9.999999999093047709e-01 9.105029835377696261e-08 8.840192573360835909e-08 8.584141996289824537e-08 8.333841152230858336e-08 8.090428324193564035e-08
2.402000000000000000e+03 9.999995707117708132e-01 9.999999999522075633e-01 9.999999999456467004e-01 9.999999999462185762e-01 9.999999999095303682e-01 9.104998232079907668e-08 8.840193549243458365e-08 8.584148090923967059e-08 8.333846025718179731e-08 8.090429471212812944e-08
2.404000000000000000e+03 9.999995707117735888e-01 9.999999999522248828e-01 9.999999999458878408e-01 9.999999999458712985e-01 9.999999999097994863e-01 9.104966753704162057e-08 8.840194705256010769e-08 8.584154194246564596e-08 8.333850812196183026e-08 8.090430465795567064e-08
2.406000000000000000e+03 9.999995707117752541e-01 9.999999999521960170e-01 9.999999999461712807e-01 9.999999999454847188e-01 9.999999999101153447e-01 9.104935361569422725e-08 8.840196072182365049e-08 8.584160371231019755e-08 8.333855579854143907e-08 8.090431354294034193e-08
2.408000000000000000e+03 9.999995707117750321e-01 9.999999999521178573e-01 9.999999999464923572e-01 9.999999999450592814e-01 9.999999999104771664e-01 9.104904013180318023e-08 8.840197670161575234e-08 8.584166678890406855e-08 8.333860387878423389e-08 8.090432163619329861e-08
2.410000000000000000e+03 9.999995707117729227e-01 9.999999999519910698e-01 9.999999999468484058e-01 9.999999999445983168e-01 9.999999999108863946e-01 9.104872661506303085e-08 8.840199507802849789e-08 8.584173164208316021e-08 8.333865282639445770e-08 8.090432897490333694e-08
2.412000000000000000e+03 9.999995707117685928e-01 9.999999999518162097e-01 9.999999999472349854e-01 9.999999999441049336e-01 9.999999999113432514e-01 9.104841254573973603e-08 8.840201579662560750e-08 8.584179860117502062e-08 8.333870293164754867e-08 8.090433534778113225e-08
2.414000000000000000e+03 9.999995707117620425e-01 9.999999999515956084e-01 9.999999999476468782e-01 9.999999999435827958e-01 9.999999999118481808e-01 9.104809736782645640e-08 8.840203866419673508e-08 8.584186783929830819e-08 8.333875429164801238e-08 8.090434030704175083e-08
2.416000000000000000e+03 9.999995707117538268e-01 9.999999999513325966e-01 9.999999999480788659e-01 9.999999999430361219e-01 9.999999999123999617e-01 9.104778050202593763e-08 8.840206336273123533e-08 8.584193937276605691e-08 8.333880680354050570e-08 8.090434318773570202e-08
2.418000000000000000e+03 9.999995707117442789e-01 9.999999999510325033e-01 9.999999999485253976e-01 9.999999999424696862e-01 9.999999999129988160e-01 9.104746135112023608e-08 8.840208945476626363e-08 8.584201305494237142e-08 8.333886015665744431e-08 8.090434313284111136e-08
2.420000000000000000e+03 9.999995707117326216e-01 9.999999999506992143e-01 9.999999999489791458e-01 9.999999999418871521e-01 9.999999999136421902e-01 9.104713930482536903e-08 8.840211638527929906e-08 8.584208856949698743e-08 8.333891383043223115e-08 8.090433913332968928e-08
2.422000000000000000e+03 9.999995707117191879e-01 9.999999999503396131e-01 9.999999999494337821e-01 9.999999999412939600e-01 9.999999999143288631e-01 9.104681374748032245e-08 8.840214348870280808e-08 8.584216543190351426e-08 8.333896710296518155e-08 8.090433007960690959e-08
2.424000000000000000e+03 9.999995707117065313e-01 9.999999999499624703e-01 9.999999999498844216e-01 9.999999999406971041e-01 9.999999999150585017e-01 9.104648406690463333e-08 8.840217000053680151e-08 8.584224299645702333e-08 8.333901906746615318e-08 8.090431481816388914e-08
2.426000000000000000e+03 9.999995707116926535e-01 9.999999999495731151e-01 9.999999999503220716e-01 9.999999999400992490e-01 9.999999999158272201e-01 9.104614966364800268e-08 8.840219507183591701e-08 8.584232046676021022e-08 8.333906865731113069e-08 8.090429221416204500e-08
2.428000000000000000e+03 9.999995707116794419e-01 9.999999999491806513e-01 9.999999999507417359e-01 9.999999999395070560e-01 9.999999999166331310e-01 9.104580995877959735e-08 8.840221778408859828e-08 8.584239691163744964e-08 8.333911467903470157e-08 8.090426121677424833e-08
2.430000000000000000e+03 9.999995707116662302e-01 9.999999999487921842e-01 9.999999999511365312e-01 9.999999999389256322e-01 9.999999999174732368e-01 9.104546439830794726e-08 8.840223716064589893e-08 8.584247128354476539e-08 8.333915584615734923e-08 8.090422091993128775e-08
2.432000000000000000e+03 9.999995707116544619e-01 9.999999999484165958e-01 9.999999999515013505e-01 9.999999999383604177e-01 9.999999999183447619e-01 9.104511245824252321e-08 8.840225217831377684e-08 8.584254243626555302e-08 8.333919081426863126e-08 8.090417061981794963e-08
2.434000000000000000e+03 9.999995707116434707e-01 9.999999999480602142e-01 9.999999999518305316e-01 9.999999999378154092e-01 9.999999999192440425e-01 9.104475365512534744e-08 8.840226178749899194e-08 8.584260914766818458e-08 8.333921822740490670e-08 8.090410987238119506e-08
2.436000000000000000e+03 9.999995707116349219e-01 9.999999999477311441e-01 9.999999999521194116e-01 9.999999999372960469e-01 9.999999999201681922e-01 9.104438755613094836e-08 8.840226493590858519e-08 8.584267015132889844e-08 8.333923677160360299e-08 8.090403853981490453e-08
2.438000000000000000e+03 9.999995707116284827e-01 9.999999999474353807e-01 9.999999999523643268e-01 9.999999999368067716e-01 9.999999999211135471e-01 9.104401377953904461e-08 8.840226058078583855e-08 8.584272416647710069e-08 8.333924521630465111e-08 8.090395681663865911e-08
2.440000000000000000e+03 9.999995707116245969e-01 9.999999999471790302e-01 9.999999999525619465e-01 9.999999999363514691e-01 9.999999999220768876e-01 9.104363199263226225e-08 8.840224769449694701e-08 8.584276991850299888e-08 8.333924244601801676e-08 8.090386524790102119e-08
2.442000000000000000e+03 9.999995707116235977e-01 9.999999999469662004e-01 9.999999999527098282e-01 9.999999999359330261e-01 9.999999999230535508e-01 9.104324192219688159e-08 8.840222528636390156e-08 8.584280616375270491e-08 8.333922750811484768e-08 8.090376474573487279e-08
2.444000000000000000e+03 9.999995707116257071e-01 9.999999999468009992e-01 9.999999999528065286e-01 9.999999999355553282e-01 9.999999999240404280e-01 9.104284336996742421e-08 8.840219243559728905e-08 8.584283172983308017e-08 8.333919966985247131e-08 8.090365658406326114e-08
2.446000000000000000e+03 9.999995707116311472e-01 9.999999999466860912e-01 9.999999999528509376e-01 9.999999999352210400e-01 9.999999999250341887e-01 9.104243620908463910e-08 8.840214830034837443e-08 8.584284555002897385e-08 8.333915844242887315e-08 8.090354236436056671e-08
2.448000000000000000e+03 9.999995707116394739e-01 9.999999999466228084e-01 9.999999999528431660e-01 9.999999999349313828e-01 9.999999999260303918e-01 9.104202036836093924e-08 8.840209210695104121e-08 8.584284667199941901e-08 8.333910358041306714e-08 8.090342397467024343e-08
2.450000000000000000e+03 9.999995707116516863e-01 9.999999999466120393e-01 9.999999999527847683e-01 9.999999999346895763e-01 9.999999999270265949e-01 9.104159584039681684e-08 8.840202316889645440e-08 8.584283427166987292e-08 8.333903511535331154e-08 8.090330355755457424e-08
2.452000000000000000e+03 9.999995707116667853e-01 9.999999999466525624e-01 9.999999999526761885e-01 9.999999999344953983e-01 9.999999999280186902e-01 9.104116270969942557e-08 8.840194093286755422e-08 8.584280769971532054e-08 8.333895340519801393e-08 8.090318346472343074e-08
2.454000000000000000e+03 9.999995707116853261e-01 9.999999999467431566e-01 9.999999999525207572e-01 9.999999999343501811e-01 9.999999999290034580e-01 9.104072114795231178e-08 8.840184498412429305e-08 8.584276651141631980e-08 8.333885911773716349e-08 8.090306615509671666e-08
2.456000000000000000e+03 9.999995707117051991e-01 9.999999999468800471e-01 9.999999999523199179e-01 9.999999999342525925e-01 9.999999999299769016e-01 9.104027137384204476e-08 8.840173500623664203e-08 8.584271044665275837e-08 8.333875317712477354e-08 8.090295409535552660e-08
2.458000000000000000e+03 9.999995707117285137e-01 9.999999999470606804e-01 9.999999999520784444e-01 9.999999999342040757e-01 9.999999999309375776e-01 9.103981365299564213e-08 8.840161078478432507e-08 8.584263942807091406e-08 8.333863677653389786e-08 8.090284976096125896e-08
2.460000000000000000e+03 9.999995707117538268e-01 9.999999999472805046e-01 9.999999999517995564e-01 9.999999999342025214e-01 9.999999999318816002e-01 9.103934835236590845e-08 8.840147228225065152e-08 8.584255360605797941e-08 8.333851142432541885e-08 8.090275556021978725e-08
2.462000000000000000e+03 9.999995707117812493e-01 9.999999999475349677e-01 9.999999999514882498e-01 9.999999999342474855e-01 9.999999999328075262e-01 9.103887594343819603e-08 8.840131965465518597e-08 8.584245337891601745e-08 8.333837889015074544e-08 8.090267360928159686e-08
2.464000000000000000e+03 9.999995707118096711e-01 9.999999999478179635e-01 9.999999999511479665e-01 9.999999999343366364e-01 9.999999999337123580e-01 9.103839692001333726e-08 8.840115313866825124e-08 8.584233935684552520e-08 8.333824106374404902e-08 8.090260576719284228e-08
2.466000000000000000e+03 9.999995707118394250e-01 9.999999999481246071e-01 9.999999999507845905e-01 9.999999999344686419e-01 9.999999999345944302e-01 9.103791177621412966e-08 8.840097302907815794e-08 8.584221230341065277e-08 8.333809994787516107e-08 8.090255371887690172e-08
2.468000000000000000e+03 9.999995707118698451e-01 9.999999999484483482e-01 9.999999999504018966e-01 9.999999999346405044e-01 9.999999999354515223e-01 9.103742111185150972e-08 8.840077985729471597e-08 8.584207316274018416e-08 8.333795780084891691e-08 8.090251861423125396e-08
2.470000000000000000e+03 9.999995707119004873e-01 9.999999999487837465e-01 9.999999999500057690e-01 9.999999999348502255e-01 9.999999999362827463e-01 9.103692566409252073e-08 8.840057437627447009e-08 8.584192318707332166e-08 8.333781699239934780e-08 8.090250113299349966e-08
2.472000000000000000e+03 9.999995707119306854e-01 9.999999999491246960e-01 9.999999999495999825e-01 9.999999999350948077e-01 9.999999999370862147e-01 9.103642614831352901e-08 8.840035730050523584e-08 8.584176379714935972e-08 8.333767966161253996e-08 8.090250181181609298e-08
2.474000000000000000e+03 9.999995707119606614e-01 9.999999999494657565e-01 9.999999999491894220e-01 9.999999999353715863e-01 9.999999999378611504e-01 9.103592319234354747e-08 8.840012940234985040e-08 8.584159630088183807e-08 8.333754795120705391e-08 8.090252035430893108e-08
2.476000000000000000e+03 9.999995707119904154e-01 9.999999999498022651e-01 9.999999999487789726e-01 9.999999999356775637e-01 9.999999999386071092e-01 9.103541754414674838e-08 8.839989173411485184e-08 8.584142226656620813e-08 8.333742425280216115e-08 8.090255594022169264e-08
2.478000000000000000e+03 9.999995707120178379e-01 9.999999999501283376e-01 9.999999999483716318e-01 9.999999999360095204e-01 9.999999999393227590e-01 9.103491014469708857e-08 8.839964540401307030e-08 8.584124371698334885e-08 8.333731057434972160e-08 8.090260822458382509e-08
2.480000000000000000e+03 9.999995707120434840e-01 9.999999999504400883e-01 9.999999999479712853e-01 9.999999999363642367e-01 9.999999999400079886e-01 9.103440183783953474e-08 8.839939156309688752e-08 8.584106224079039109e-08 8.333720852090325346e-08 8.090267531233915639e-08
2.482000000000000000e+03 9.999995707120702404e-01 9.999999999507349635e-01 9.999999999475830403e-01 9.999999999367404913e-01 9.999999999406641304e-01 9.103389327687637161e-08 8.839913146332815544e-08 8.584087930817935091e-08 8.333711994017874702e-08 8.090275436005631612e-08
2.484000000000000000e+03 9.999995707120936661e-01 9.999999999510081894e-01 9.999999999472075629e-01 9.999999999371333992e-01 9.999999999412889640e-01 9.103338524670211676e-08 8.839886605850790081e-08 8.584069732355822822e-08 8.333704617903335232e-08 8.090284533092301418e-08
2.486000000000000000e+03 9.999995707121145383e-01 9.999999999512578785e-01 9.999999999468484058e-01 9.999999999375410731e-01 9.999999999418840435e-01 9.103287876160782108e-08 8.839859674452095678e-08 8.584051796730250931e-08 8.333698812619558402e-08 8.090294556068784014e-08
2.488000000000000000e+03 9.999995707121360766e-01 9.999999999514820326e-01 9.999999999465080114e-01 9.999999999379608484e-01 9.999999999424494801e-01 9.103237476119805381e-08 8.839832564920667813e-08 8.584034217131344875e-08 8.333694723176655134e-08 8.090304865338023356e-08
2.490000000000000000e+03 9.999995707121540622e-01 9.999999999516789861e-01 9.999999999461873790e-01 9.999999999383900606e-01 9.999999999429853847e-01 9.103187385460459464e-08 8.839805320469579740e-08 8.584017289320087007e-08 8.333692344188833932e-08 8.090315653236336056e-08
2.492000000000000000e+03 9.999995707121683841e-01 9.999999999518480731e-01 9.999999999458885069e-01 9.999999999388266003e-01 9.999999999434927567e-01 9.103137651551441981e-08 8.839777969230318971e-08 8.584001165294344043e-08 8.333691599397774141e-08 8.090326878632384530e-08
2.494000000000000000e+03 9.999995707121871469e-01 9.999999999519886273e-01 9.999999999456119504e-01 9.999999999392683581e-01 9.999999999439717069e-01 9.103088383265287098e-08 8.839750894155100846e-08 8.583985738408640547e-08 8.333692725637275944e-08 8.090337207012244909e-08
2.496000000000000000e+03 9.999995707122009136e-01 9.999999999521013150e-01 9.999999999453594857e-01 9.999999999397142236e-01 9.999999999444239007e-01 9.103039718186181125e-08 8.839724198251058125e-08 8.583971455546998048e-08 8.333695625004534324e-08 8.090347095991508674e-08
2.498000000000000000e+03 9.999995707122051325e-01 9.999999999521852478e-01 9.999999999451302246e-01 9.999999999401608664e-01 9.999999999448485610e-01 9.102991641652334468e-08 8.839697574472339378e-08 8.583958598460970260e-08 8.333699779128866618e-08 8.090357467618728612e-08
2.500000000000000000e+03 9.999995707122244504e-01 9.999999999522423133e-01 9.999999999449257215e-01 9.999999999406086193e-01 9.999999999452483523e-01 9.102944127742201661e-08 8.839671547722281521e-08 8.583946474517838106e-08 8.333705644416990798e-08 8.090365683266974727e-08
2.502000000000000000e+03 9.999995707122399935e-01 9.999999999522721783e-01 9.999999999447447552e-01 9.999999999410549290e-01 9.999999999456222755e-01 9.102897433986622518e-08 8.839646558779312605e-08 8.583935655869565238e-08 8.333713398198688824e-08 8.090372079315246460e-08
2.504000000000000000e+03 9.999995707122274480e-01 9.999999999522761751e-01 9.999999999445875476e-01 9.999999999414985741e-01 9.999999999459715516e-01 9.102851653539981679e-08 8.839621706648541523e-08 8.583927213478059650e-08 8.333721635953125052e-08 8.090380167278720610e-08
2.506000000000000000e+03 9.999995707122446564e-01 9.999999999522561911e-01 9.999999999444550980e-01 9.999999999419396657e-01 9.999999999462977351e-01 9.102806482842880175e-08 8.839597497149115553e-08 8.583919342781080217e-08 8.333730924761424952e-08 8.090385233138205315e-08
2.508000000000000000e+03 9.999995707122776301e-01 9.999999999522125593e-01 9.999999999443452969e-01 9.999999999423763164e-01 9.999999999466000489e-01 9.102762167655770781e-08 8.839575277419234226e-08 8.583912032586940747e-08 8.333742572981509530e-08 8.090385662124701249e-08
2.510000000000000000e+03 9.999995707122432131e-01 9.999999999521472782e-01 9.999999999442589216e-01 9.999999999428081932e-01 9.999999999468799361e-01 9.102719149423127377e-08 8.839553138860657876e-08 8.583908574099782509e-08 8.333753750898771242e-08 8.090390723256638319e-08
2.512000000000000000e+03 9.999995707122441013e-01 9.999999999520609029e-01 9.999999999441953058e-01 9.999999999432341857e-01 9.999999999471376189e-01 9.102676780309205459e-08 8.839530940907736865e-08 8.583906006535052202e-08 8.333764439195535819e-08 8.090393785717640914e-08
2.514000000000000000e+03 9.999995707123200406e-01 9.999999999519548766e-01 9.999999999441536724e-01 9.999999999436538500e-01 9.999999999473730972e-01 9.102635061129071746e-08 8.839512348080381449e-08 8.583901474259478051e-08 8.333778757907429587e-08 8.090385938325016754e-08
2.516000000000000000e+03 9.999995707122645294e-01 9.999999999518305316e-01 9.999999999441341325e-01 9.999999999440665199e-01 9.999999999475875923e-01 9.102595201991306485e-08 8.839494255315779753e-08 8.583902495698234974e-08 8.333792040263785512e-08 8.090386765898790238e-08
2.518000000000000000e+03 9.999995707122107946e-01 9.999999999516900884e-01 9.999999999441364640e-01 9.999999999444720844e-01 9.999999999477812151e-01 9.102556083425961363e-08 8.839473474081320877e-08 8.583906890837600013e-08 8.333801418189864396e-08 8.090392318433083979e-08
2.520000000000000000e+03 9.999995707123658928e-01 9.999999999515339910e-01 9.999999999441605558e-01 9.999999999448697663e-01 9.999999999479541879e-01 9.102516698555781671e-08 8.839458339615142106e-08 8.583904129964574848e-08 8.333816823809175212e-08 8.090375025788644750e-08
2.522000000000000000e+03 9.999995707123240374e-01 9.999999999513642379e-01 9.999999999442057419e-01 9.999999999452590105e-01 9.999999999481062884e-01 9.102480105951390029e-08 8.839446767370211099e-08 8.583907001770109042e-08 8.333832834598515265e-08 8.090367104606488633e-08
2.524000000000000000e+03 9.999995707121293043e-01 9.999999999511811621e-01 9.999999999442706899e-01 9.999999999456382627e-01 9.999999999482369617e-01 9.102445307642453745e-08 8.839426861773060340e-08 8.583921007438215790e-08 8.333837845958166373e-08 8.090383041024288479e-08
2.526000000000000000e+03 9.999995707123831012e-01 9.999999999509868731e-01 9.999999999443556220e-01 9.999999999460076339e-01 9.999999999483468738e-01 9.102407680185737748e-08 8.839412376066363147e-08 8.583920599739514676e-08 8.333851129227614551e-08 8.090359841189557064e-08
2.528000000000000000e+03 9.999995707124750277e-01 9.999999999507834803e-01 9.999999999444617593e-01 9.999999999463667910e-01 9.999999999484364688e-01 9.102373038552452631e-08 8.839410749470577620e-08 8.583918928634532698e-08 8.333873131444102969e-08 8.090331699168844126e-08
2.530000000000000000e+03 9.999995707120125088e-01 9.999999999505720938e-01 9.999999999445867704e-01 9.999999999467137357e-01 9.999999999485046365e-01 9.102344571042064797e-08 8.839393856047070701e-08 8.583944800679633009e-08 8.333872286550976669e-08 8.090365485459962154e-08
2.532000000000000000e+03 9.999995707122791844e-01 9.999999999503547121e-01 9.999999999447304333e-01 9.999999999470485790e-01 9.999999999485515989e-01 9.102309548114533398e-08 8.839373301314433820e-08 8.583953088329153799e-08 8.333875972112429414e-08 8.090351715300717390e-08
2.534000000000000000e+03 9.999995707127675715e-01 9.999999999501330006e-01 9.999999999448926369e-01 9.999999999473696555e-01 9.999999999485770230e-01 9.102272765682681149e-08 8.839383192967420612e-08 8.583936536103820421e-08 8.333909155748302116e-08 8.090284403115945342e-08
2.536000000000000000e+03 9.999995707119704313e-01 9.999999999499092906e-01 9.999999999450722710e-01 9.999999999476762991e-01 9.999999999485811308e-01 9.102251719196568617e-08 8.839378101630397169e-08 8.583970161587002638e-08 8.333907355710094401e-08 8.090331787901817365e-08
2.538000000000000000e+03 9.999995707119042621e-01 9.999999999496860248e-01 9.999999999452687804e-01 9.999999999479680657e-01 9.999999999485634783e-01 9.102224845280916823e-08 8.839342499219159629e-08 8.584003999295564310e-08 8.333887562244294135e-08 8.090362222445923081e-08
2.540000000000000000e+03 9.999995707131419387e-01 9.999999999494655345e-01 9.999999999454807220e-01 9.999999999482430679e-01 9.999999999485239544e-01 9.102180108238203946e-08 8.839356897964738864e-08 8.583964847128217029e-08 8.333933217930928071e-08 8.090239659351009588e-08
2.542000000000000000e+03 9.999995707122646404e-01 9.999999999492501512e-01 9.999999999457072075e-01 9.999999999485009727e-01 9.999999999484628921e-01 9.102161152177091689e-08 8.839381520289015377e-08 8.583984695476429204e-08 8.333948808002457529e-08 8.090265669280978346e-08
2.544000000000000000e+03 9.999995707111730692e-01 9.999999999490423175e-01 9.999999999459466826e-01 9.999999999487402258e-01 9.999999999483794033e-01 9.102154558555503773e-08 8.839328268216937272e-08 8.584068927673629576e-08 8.333888852462555912e-08 8.090391824614158191e-08
2.546000000000000000e+03 9.999995707132784961e-01 9.999999999488442537e-01 9.999999999461970379e-01 9.999999999489599389e-01 9.999999999482735991e-01 9.102101746049152678e-08 8.839322398298761596e-08 8.584020427444110207e-08 8.333931117805055328e-08 8.090229628201844898e-08
2.548000000000000000e+03 9.999995707132317557e-01 9.999999999486587354e-01 9.999999999464573852e-01 9.999999999491595570e-01 9.999999999481463675e-01 9.102065872909454972e-08 8.839397267552518169e-08 8.583980153376829288e-08 8.333999009329695412e-08 8.090153175745862890e-08
2.550000000000000000e+03 9.999995707103243037e-01 9.999999999484883162e-01 9.999999999467252820e-01 9.999999999493377478e-01 9.999999999479971535e-01 9.102091529905815168e-08 8.839348288102009555e-08 8.584125409799083532e-08 8.333896285127646036e-08 8.090412287391442479e-08
2.552000000000000000e+03 9.999995707125458599e-01 9.999999999483337731e-01 9.999999999469978418e-01 9.999999999494928460e-01 9.999999999478255130e-01 9.102051527580673154e-08 8.839277981260551330e-08 8.584126017514706178e-08 8.333886045263346715e-08 8.090299716279493707e-08
2.554000000000000000e+03 9.999995707149355040e-01 9.999999999481992141e-01 9.999999999472745094e-01 9.999999999496264058e-01 9.999999999476332224e-01 9.101967411747273537e-08 8.839400813238434751e-08 8.583971986764200610e-08 8.334043144139775495e-08 8.090010855412357857e-08
2.556000000000000000e+03 9.999995707102042886e-01 9.999999999480860824e-01 9.999999999475527312e-01 9.999999999497364289e-01 9.999999999474205037e-01 9.102013278107212872e-08 8.839420642789050885e-08 8.584129568283409396e-08 8.333941138983300212e-08 8.090356845479324690e-08
2.558000000000000000e+03 9.999995707103328524e-01 9.999999999479940449e-01 9.999999999478290658e-01 9.999999999498229153e-01 9.999999999471871348e-01 9.102039781014782679e-08 8.839248653633582703e-08 8.584284189310508301e-08 8.333796378131625304e-08 8.090476042008909884e-08
2.560000000000000000e+03 9.999995707165739711e-01 9.999999999479256552e-01 9.999999999481009594e-01 9.999999999498848657e-01 9.999999999469333378e-01 9.101893091270743520e-08 8.839353069267768958e-08 8.584018195070443426e-08 8.334035485863612486e-08 8.089919844266626621e-08
2.562000000000000000e+03 9.999995707121347444e-01 9.999999999478818014e-01 9.999999999483678570e-01 9.999999999499238346e-01 9.999999999466618883e-01 9.101889471504541658e-08 8.839535086293559791e-08 8.584042355413701965e-08 8.334051187906424386e-08 8.090146861836359962e-08
2.564000000000000000e+03 9.999995707069533335e-01 9.999999999478612622e-01 9.999999999486253177e-01 9.999999999499384895e-01 9.999999999463708988e-01 9.102043961029006555e-08 8.839297388257405016e-08 8.584435844022864468e-08 8.333705115163123258e-08 8.090704629563046573e-08
2.566000000000000000e+03 9.999995707161645209e-01 9.999999999478659252e-01 9.999999999488731195e-01 9.999999999499304959e-01 9.999999999460637001e-01 9.101900242450583120e-08 8.839235545789519077e-08 8.584203714312781300e-08 8.333908233442298961e-08 8.090024689626576667e-08
2.568000000000000000e+03 9.999995707168113368e-01 9.999999999478935697e-01 9.999999999491072655e-01 9.999999999498985215e-01 9.999999999457390709e-01 9.101723581373559817e-08 8.839619058720946246e-08 8.583894173943496369e-08 8.334204606785378533e-08 8.089775588679055507e-08
2.570000000000000000e+03 9.999995707046672733e-01 9.999999999479438628e-01 9.999999999493274228e-01 9.999999999498451198e-01 9.999999999454003419e-01 9.101982521853504722e-08 8.839493262596431941e-08 8.584447074482818684e-08 8.333713428008712413e-08 8.090807391733691917e-08
2.572000000000000000e+03 9.999995707115308941e-01 9.999999999480159163e-01 9.999999999495315928e-01 9.999999999497706238e-01 9.999999999450469579e-01 9.102028537147538340e-08 8.839113268062657786e-08 8.584557232408810249e-08 8.333628615598064518e-08 8.090444847954282429e-08
2.574000000000000000e+03 9.999995707224247354e-01 9.999999999481071766e-01 9.999999999497181102e-01 9.999999999496759218e-01 9.999999999446810284e-01 9.101613170087746309e-08 8.839550019824041715e-08 8.583843182880840391e-08 8.334282077789884877e-08 8.089412913294898218e-08
2.576000000000000000e+03 9.999995707072704132e-01 9.999999999482174218e-01 9.999999999498867531e-01 9.999999999495627900e-01 9.999999999443045517e-01 9.101755436551270122e-08 8.839819141275542281e-08 8.584191553343685706e-08 8.333929729176838144e-08 8.090542346733567971e-08
2.578000000000000000e+03 9.999995707030373548e-01 9.999999999483414337e-01 9.999999999500351899e-01 9.999999999494317837e-01 9.999999999439173060e-01 9.102196431859206176e-08 8.839161925585943996e-08 8.584931509132414875e-08 8.333291844874735123e-08 8.091104320244726636e-08
2.580000000000000000e+03 9.999995707238942266e-01 9.999999999484798785e-01 9.999999999501643089e-01 9.999999999492854563e-01 9.999999999435215114e-01 9.101739196513838000e-08 8.839265963008426124e-08 8.584121623734359181e-08 8.334089597043006482e-08 8.089411775872977295e-08
2.582000000000000000e+03 9.999995707168473080e-01 9.999999999486269830e-01 9.999999999502726666e-01 9.999999999491242519e-01 9.999999999431176123e-01 9.101393294592919395e-08 8.840082943786518564e-08 8.583733512244962448e-08 8.334336604838459795e-08 8.089817461457928355e-08
2.584000000000000000e+03 9.999995706960821407e-01 9.999999999487826363e-01 9.999999999503607073e-01 9.999999999489499469e-01 9.999999999427077180e-01 9.102151857017884334e-08 8.839561487710349925e-08 8.584988153905958572e-08 8.333159377619727658e-08 8.091613593365855159e-08
2.586000000000000000e+03 9.999995707159783365e-01 9.999999999489433966e-01 9.999999999504296522e-01 9.999999999487648727e-01 9.999999999422929386e-01 9.102182276047079461e-08 8.838929555533324598e-08 8.584803108065796675e-08 8.333516660475036089e-08 8.090090539007261229e-08
2.588000000000000000e+03 9.999995707291648994e-01 9.999999999491062663e-01 9.999999999504789461e-01 9.999999999485699176e-01 9.999999999418738295e-01 9.101200700561183833e-08 8.839982018521728625e-08 8.583452129007938660e-08 8.334666705005314376e-08 8.088942218617140908e-08
2.590000000000000000e+03 9.999995706991146038e-01 9.999999999492694691e-01 9.999999999505099213e-01 9.999999999483671909e-01 9.999999999414523888e-01 9.101661642103365828e-08 8.840253735420210214e-08 8.584442225831161076e-08 8.333515254704057898e-08 8.091419122012153289e-08
2.592000000000000000e+03 9.999995706999850187e-01 9.999999999494294523e-01 9.999999999505233550e-01 9.999999999481576918e-01 9.999999999410287277e-01 9.102654130486521112e-08 8.838949590530796090e-08 8.585536764850424477e-08 8.332764821194475320e-08 8.091345608962429585e-08
2.594000000000000000e+03 9.999995707333665385e-01 9.999999999495852165e-01 9.999999999505205794e-01 9.999999999479430857e-01 9.999999999406040674e-01 9.101610041020961710e-08 8.839402986645667328e-08 8.583845851234660337e-08 8.334481552335287234e-08 8.088620893052268260e-08
2.596000000000000000e+03 9.999995707153533919e-01 9.999999999497358738e-01 9.999999999505038151e-01 9.999999999477258150e-01 9.999999999401801842e-01 9.100922430556932921e-08 8.840787231824245984e-08 8.583481439394822195e-08 8.334341476293207844e-08 8.090281044867801635e-08
2.598000000000000000e+03 9.999995706874940105e-01 9.999999999498780934e-01 9.999999999504732839e-01 9.999999999475058798e-01 9.999999999397564121e-01 9.102532009740111823e-08 8.839666031170042670e-08 8.585618358108268076e-08 8.332394887556491675e-08 8.092441434599359317e-08
2.600000000000000000e+03 9.999995707207325335e-01 9.999999999500122083e-01 9.999999999504309844e-01 9.999999999472847234e-01 9.999999999393340833e-01 9.102633807488792243e-08 8.838743782220034299e-08 8.584983289888789782e-08 8.333555783834537400e-08 8.089467415790989669e-08
2.602000000000000000e+03 9.999995707348352525e-01 9.999999999501376635e-01 9.999999999503784709e-01 9.999999999470637890e-01 9.999999999389137528e-01 9.100717437505115235e-08 8.840578216448197395e-08 8.582902548100363874e-08 8.335090706648066119e-08 8.088741881040443271e-08
2.604000000000000000e+03 9.999995706927311545e-01 9.999999999502530157e-01 9.999999999503168535e-01 9.999999999468432987e-01 9.999999999384959759e-01 9.101502870108504815e-08 8.840847756830664760e-08 8.584610956452609647e-08 8.332950365543203271e-08 8.092387726271230551e-08
2.606000000000000000e+03 9.999995706971033238e-01 9.999999999503587089e-01 9.999999999502482417e-01 9.999999999466243628e-01 9.999999999380803084e-01 9.103435812248880723e-08 8.838788911085699019e-08 8.586095454928340509e-08 8.332312925525912507e-08 8.091289223245487474e-08
2.608000000000000000e+03 9.999995707390136879e-01 9.999999999504547432e-01 9.999999999501731907e-01 9.999999999464073142e-01 9.999999999376676385e-01 9.101752736790421404e-08 8.839569210956621377e-08 8.583521399460991515e-08 8.334958171180762199e-08 8.087990778370156476e-08
2.610000000000000000e+03 9.999995707161668523e-01 9.999999999505418957e-01 9.999999999500933656e-01 9.999999999461928191e-01 9.999999999372577442e-01 9.100327076373291916e-08 8.841593710878142271e-08 8.583061484496016379e-08 8.334316835435462663e-08 8.090839851615842592e-08
2.612000000000000000e+03 9.999995706831756870e-01 9.999999999506198334e-01 9.999999999500089887e-01 9.999999999459803224e-01 9.999999999368499592e-01 9.102898505573795677e-08 8.839955386141764846e-08 8.586012128318759028e-08 8.331757166167508388e-08 8.092877628359171724e-08
2.614000000000000000e+03 9.999995707198300332e-01 9.999999999506897774e-01 9.999999999499212811e-01 9.999999999457699351e-01 9.999999999364445058e-01 9.103527250779829162e-08 8.838622136006873198e-08 8.585166663144375196e-08 8.333666058864304318e-08 8.088916753317791264e-08
2.616000000000000000e+03 9.999995707378095400e-01 9.999999999507525050e-01 9.999999999498307979e-01 9.999999999455624344e-01 9.999999999360416059e-01 9.100509238352860687e-08 8.841082868200727321e-08 8.582357058647292373e-08 8.335487611365732382e-08 8.088728269369592825e-08
2.618000000000000000e+03 9.999995706947274465e-01 9.999999999508079052e-01 9.999999999497374281e-01 9.999999999453560440e-01 9.999999999356395941e-01 9.101099983326844001e-08 8.841566129289282643e-08 8.584389025921599295e-08 8.332641404097195719e-08 8.092841359309573646e-08
2.620000000000000000e+03 9.999995706936556372e-01 9.999999999508564219e-01 9.999999999496412828e-01 9.999999999451506527e-01 9.999999999352382485e-01 9.104268683665122428e-08 8.838897462308746462e-08 8.586415367350014889e-08 8.332051343761721875e-08 8.091077457361277963e-08
2.622000000000000000e+03 9.999995707352953289e-01 9.999999999509004978e-01 9.999999999495433611e-01 9.999999999449470378e-01 9.999999999348384572e-01 9.102549210823628617e-08 8.839626595474633006e-08 8.583408778468365681e-08 8.335296683511391098e-08 8.087731026964981839e-08
2.624000000000000000e+03 9.999995707214652807e-01 9.999999999509392445e-01 9.999999999494433300e-01 9.999999999447440890e-01 9.999999999344383328e-01 9.099913338200784820e-08 8.842209300072737875e-08 8.582461835659690684e-08 8.334514588873749396e-08 8.090962922159263882e-08
2.626000000000000000e+03 9.999995706873310297e-01 9.999999999509725512e-01 9.999999999493404124e-01 9.999999999445412513e-01 9.999999999340375423e-01 9.102819093171653581e-08 8.840538375261723147e-08 8.585831351837232920e-08 8.331578458313726533e-08 8.092775626673889075e-08
2.628000000000000000e+03 9.999995707113105148e-01 9.999999999510009729e-01 9.999999999492341640e-01 9.999999999443376364e-01 9.999999999336355305e-01 9.104698003353136244e-08 8.838690099449809169e-08 8.585394344773964464e-08 8.333668760085776651e-08 8.088762316132104954e-08
2.630000000000000000e+03 9.999995707347353324e-01 9.999999999510245097e-01 9.999999999491244740e-01 9.999999999441331333e-01 9.999999999332312983e-01 9.101166502469770433e-08 8.841206989764422133e-08 8.582075480347556735e-08 8.335816826104153694e-08 8.088674894642063083e-08
2.632000000000000000e+03 9.999995707061738459e-01 9.999999999510421622e-01 9.999999999490107871e-01 9.999999999439268539e-01 9.999999999328244016e-01 9.100575319880356118e-08 8.842188974807364163e-08 8.583671482178550015e-08 8.332909941399785457e-08 8.092522162015003654e-08
2.634000000000000000e+03 9.999995706936204432e-01 9.999999999510533755e-01 9.999999999488918823e-01 9.999999999437181319e-01 9.999999999324141742e-01 9.104539008139255154e-08 8.839421962847951198e-08 8.586285760123232730e-08 8.332010622178007423e-08 8.090938408449794556e-08
2.636000000000000000e+03 9.999995707218697349e-01 9.999999999510583715e-01 9.999999999487683144e-01 9.999999999435080777e-01 9.999999999320003941e-01 9.104022053009165849e-08 8.839586494675442984e-08 8.583656312161458771e-08 8.335313493243775900e-08 8.087866822975006947e-08
2.638000000000000000e+03 9.999995707255145971e-01 9.999999999510561510e-01 9.999999999486403057e-01 9.999999999432952480e-01 9.999999999315825061e-01 9.100382401352359135e-08 8.842303765052962720e-08 8.581935863158877776e-08 8.334992176679725489e-08 8.090542680765443086e-08
2.640000000000000000e+03 9.999995707007384160e-01 9.999999999510459370e-01 9.999999999485067459e-01 9.999999999430806419e-01 9.999999999311602883e-01 9.102195712881807648e-08 8.841231452258185917e-08 8.585014600061641964e-08 8.331964696532899356e-08 8.092306346495576689e-08
2.642000000000000000e+03 9.999995707029296632e-01 9.999999999510259530e-01 9.999999999483674129e-01 9.999999999428631492e-01 9.999999999307327414e-01 9.105416124042134634e-08 8.839090017631518380e-08 8.585512018611292008e-08 8.333491639254673666e-08 8.089064288725567447e-08
2.644000000000000000e+03 9.999995707228561681e-01 9.999999999509968651e-01 9.999999999482234170e-01 9.999999999426444353e-01 9.999999999303004206e-01 9.102896134929972954e-08 8.840929294533656845e-08 8.582276881833200920e-08 8.335932719260714666e-08 8.088629043621947333e-08
2.646000000000000000e+03 9.999995707177965487e-01 9.999999999509562310e-01 9.999999999480742030e-01 9.999999999424233899e-01 9.999999999298625486e-01 9.100702725000910081e-08 8.842341327766281288e-08 8.582810532545148865e-08 8.333649295270301785e-08 8.091750919703139379e-08
2.648000000000000000e+03 9.999995707024775804e-01 9.999999999509051607e-01 9.999999999479214363e-01 9.999999999422023444e-01 9.999999999294206798e-01 9.103917667893446982e-08 8.840178914068271157e-08 8.585629908124610064e-08 8.332200077076289445e-08 8.090947115504553098e-08
2.650000000000000000e+03 9.999995707079852858e-01 9.999999999508421000e-01 9.999999999477646728e-01 9.999999999419807439e-01 9.999999999289732600e-01 9.105327484553706337e-08 8.839659967664392723e-08 8.584105280197541100e-08 8.334956986692969841e-08 8.088362141675752110e-08
2.652000000000000000e+03 9.999995707197220085e-01 9.999999999507678261e-01 9.999999999476061330e-01 9.999999999417601426e-01 9.999999999285213992e-01 9.102156415522503382e-08 8.841833982227051167e-08 8.581874622414507538e-08 8.335430183033397044e-08 8.090033780969244742e-08
2.654000000000000000e+03 9.999995707150975965e-01 9.999999999506821169e-01 9.999999999474462609e-01 9.999999999415414287e-01 9.999999999280655416e-01 9.101866120948632612e-08 8.841567214676350989e-08 8.583966397764415864e-08 8.332709368460061087e-08 8.091774637054883210e-08
2.656000000000000000e+03 9.999995707053878080e-01 9.999999999505845283e-01 9.999999999472856116e-01 9.999999999413249352e-01 9.999999999276055762e-01 9.105054070548075647e-08 8.839711029408115326e-08 8.585311779975116659e-08 8.333236329926661474e-08 8.089634949233448002e-08
2.658000000000000000e+03 9.999995707084858854e-01 9.999999999504768367e-01 9.999999999471267387e-01 9.999999999411126606e-01 9.999999999271422801e-01 9.104772416556004123e-08 8.840574685380724818e-08 8.582887154790600391e-08 8.335649139177322880e-08 8.088849118059039934e-08
2.660000000000000000e+03 9.999995707174526016e-01 9.999999999503604853e-01 9.999999999469719736e-01 9.999999999409062701e-01 9.999999999266770967e-01 9.102196219829528390e-08 8.841890360342683876e-08 8.582379479225857764e-08 8.334370404593400777e-08 8.091093878895477247e-08
2.662000000000000000e+03 9.999995707156020819e-01 9.999999999502360293e-01 9.999999999468213163e-01 9.999999999407066520e-01 9.999999999262109140e-01 9.103229197613109255e-08 8.840648560051594921e-08 8.584740040454620081e-08 8.332557992172424235e-08 8.091033903899125600e-08
2.664000000000000000e+03 9.999995707061640760e-01 9.999999999501055781e-01 9.999999999466777645e-01 9.999999999405151385e-01 9.999999999257439542e-01 9.105477741783566400e-08 8.839901704211664050e-08 8.584435846339998534e-08 8.334351189045987119e-08 8.089080479134877291e-08
2.666000000000000000e+03 9.999995707072624196e-01 9.999999999499707970e-01 9.999999999465422063e-01 9.999999999403327289e-01 9.999999999252772165e-01 9.104343971320671230e-08 8.841184572784347840e-08 8.582371572439451426e-08 8.335434820118420662e-08 8.089894207773343452e-08
2.668000000000000000e+03 9.999995707176925208e-01 9.999999999498339065e-01 9.999999999464164180e-01 9.999999999401613104e-01 9.999999999248121441e-01 9.102858391067030441e-08 8.841298360812631536e-08 8.583301031106017904e-08 8.333402661947393151e-08 8.091415704741605029e-08
2.670000000000000000e+03 9.999995707163439329e-01 9.999999999496967940e-01 9.999999999463022871e-01 9.999999999400011053e-01 9.999999999243497362e-01 9.104291650042778296e-08 8.840088336660002628e-08 8.584886009002438054e-08 8.333037931114581790e-08 8.090194456855143779e-08
2.672000000000000000e+03 9.999995707046271942e-01 9.999999999495631231e-01 9.999999999462019229e-01 9.999999999398552220e-01 9.999999999238918802e-01 9.105483067950736237e-08 8.840368634384614398e-08 8.583570812398599749e-08 8.334986981399149215e-08 8.089344743322392320e-08
2.674000000000000000e+03 9.999995707070116202e-01 9.999999999494334491e-01 9.999999999461145483e-01 9.999999999397222172e-01 9.999999999234380210e-01 9.104327337680750453e-08 8.841205913557496869e-08 8.582595501397377973e-08 8.334640722079948440e-08 8.090826688425359761e-08
2.676000000000000000e+03 9.999995707195967753e-01 9.999999999493109915e-01 9.999999999460423838e-01 9.999999999396039785e-01 9.999999999229904901e-01 9.103738011876963494e-08 8.840530309206942789e-08 8.584125285816368324e-08 8.332913478188810745e-08 8.091106640350802371e-08
2.678000000000000000e+03 9.999995707153166435e-01 9.999999999491978597e-01 9.999999999459859845e-01 9.999999999395007277e-01 9.999999999225500646e-01 9.104919009651217602e-08 8.839970223616483119e-08 8.584565201693420839e-08 8.333723881010054074e-08 8.089734707702979940e-08
2.680000000000000000e+03 9.999995707024526004e-01 9.999999999490960523e-01 9.999999999459461275e-01 9.999999999394137973e-01 9.999999999221179658e-01 9.105427883433719910e-08 8.840686271281539644e-08 8.583121341840169279e-08 8.334964278976920572e-08 8.090065832721660413e-08
2.682000000000000000e+03 9.999995707089727182e-01 9.999999999490070124e-01 9.999999999459225908e-01 9.999999999393431871e-01 9.999999999216951929e-01 9.104663968784294695e-08 8.840764283614272899e-08 8.583256630573687219e-08 8.333754062278023378e-08 8.091235450287472959e-08
2.684000000000000000e+03 9.999995707211282170e-01 9.999999999489317393e-01 9.999999999459150413e-01 9.999999999392877870e-01 9.999999999212820789e-01 9.104510893770525703e-08 8.839947506233719010e-08 8.584576942753250403e-08 8.332940474142419216e-08 8.090538189529725636e-08
2.686000000000000000e+03 9.999995707123073840e-01 9.999999999488715652e-01 9.999999999459232569e-01 9.999999999392484851e-01 9.999999999208801782e-01 9.105238053669685956e-08 8.840084158906890853e-08 8.584120404081963577e-08 8.334214000166478806e-08 8.089788914897771172e-08
2.688000000000000000e+03 9.999995707017697022e-01 9.999999999488273783e-01 9.999999999459466826e-01 9.999999999392247263e-01 9.999999999204901568e-01 9.105499757284284288e-08 8.840663866172160944e-08 8.583175948091624016e-08 8.334459925471232056e-08 8.090743528521039373e-08
2.690000000000000000e+03 9.999995707124428312e-01 9.999999999487978464e-01 9.999999999459832090e-01 9.999999999392149563e-01 9.999999999201112377e-01 9.105141645461498333e-08 8.840163152900555776e-08 8.583973039068705782e-08 8.333154958293831795e-08 8.091081024126216919e-08
2.692000000000000000e+03 9.999995707205793227e-01 9.999999999487838576e-01 9.999999999460326139e-01 9.999999999392195082e-01 9.999999999197450862e-01 9.105057326790321888e-08 8.839651850020913218e-08 8.584661929092060795e-08 8.333268126787029510e-08 8.090093725572849867e-08
2.694000000000000000e+03 9.999995707088299435e-01 9.999999999487840796e-01 9.999999999460925659e-01 9.999999999392363836e-01 9.999999999193917022e-01 9.105429641438758034e-08 8.840182898262654841e-08 8.583832584845488243e-08 8.334327757555230284e-08 8.090162651746341110e-08
2.696000000000000000e+03 9.999995707035681525e-01 9.999999999487985125e-01 9.999999999461631761e-01 9.999999999392661376e-01 9.999999999190518629e-01 9.105699561553500574e-08 8.840360718318921095e-08 8.583568320782721315e-08 8.333826575153184523e-08 8.091029545070261741e-08
2.698000000000000000e+03 9.999995707154809566e-01 9.999999999488243807e-01 9.999999999462404476e-01 9.999999999393048844e-01 9.999999999187235700e-01 9.105578110445021806e-08 8.839650428053292617e-08 8.584487983209669572e-08 8.332971713195022161e-08 8.090623953722947228e-08
2.700000000000000000e+03 9.999995707178698234e-01 9.999999999488606850e-01 9.999999999463236033e-01 9.999999999393526240e-01 9.999999999184080446e-01 9.105406557846753277e-08 8.839560485765647325e-08 8.584546242635351167e-08 8.333623347209876043e-08 8.089951744330031582e-08
2.702000000000000000e+03 9.999995707067922401e-01 9.999999999489044278e-01 9.999999999464097566e-01 9.999999999394072470e-01 9.999999999181038435e-01 9.105601884194631986e-08 8.840143040568359454e-08 8.583797053966200304e-08 8.334138257782967807e-08 8.090527759021954018e-08
2.704000000000000000e+03 9.999995707070140627e-01 9.999999999489550540e-01 9.999999999464983524e-01 9.999999999394678651e-01 9.999999999178115218e-01 9.105940142719437714e-08 8.839949847086226985e-08 8.584046613579449836e-08 8.333367106787822399e-08 8.090891463550362685e-08
2.706000000000000000e+03 9.999995707165634240e-01 9.999999999490097879e-01 9.999999999465869482e-01 9.999999999395325911e-01 9.999999999175298582e-01 9.105890493200928188e-08 8.839327513283434826e-08 8.584730917318134903e-08 8.333107839599323510e-08 8.090190880325741356e-08
2.708000000000000000e+03 9.999995707144162527e-01 9.999999999490672975e-01 9.999999999466749889e-01 9.999999999396005368e-01 9.999999999172586307e-01 9.105632642446803201e-08 8.839547926193954795e-08 8.584399496481309266e-08 8.333842683963562159e-08 8.090045710814209256e-08
2.710000000000000000e+03 9.999995707069502249e-01 9.999999999491244740e-01 9.999999999467593659e-01 9.999999999396691486e-01 9.999999999169955078e-01 9.105775986619110515e-08 8.839977162652103580e-08 8.583946210652920322e-08 8.333850851052763337e-08 8.090670094737303412e-08
2.712000000000000000e+03 9.999995707103518372e-01 9.999999999491810954e-01 9.999999999468409673e-01 9.999999999397386485e-01 9.999999999167415998e-01 9.106138814728775526e-08 8.839585078628037407e-08 8.584419444246192712e-08 8.333202187638666700e-08 8.090539670272347024e-08
2.714000000000000000e+03 9.999995707156433822e-01 9.999999999492339420e-01 9.999999999469166845e-01 9.999999999398059281e-01 9.999999999164933540e-01 9.106074754118873185e-08 8.839181306515262115e-08 8.584759778937509301e-08 8.333379750345767147e-08 8.089965673520252176e-08
2.716000000000000000e+03 9.999995707117945720e-01 9.999999999492836800e-01 9.999999999469878498e-01 9.999999999398713202e-01 9.999999999162515474e-01 9.105789814093947415e-08 8.839536110437815387e-08 8.584306848089104933e-08 8.333913424382863701e-08 8.090205800899550715e-08
2.718000000000000000e+03 9.999995707086110075e-01 9.999999999493280889e-01 9.999999999470530199e-01 9.999999999399333817e-01 9.999999999160130715e-01 9.105928329739999362e-08 8.839764969335469336e-08 8.584149203156754699e-08 8.333643730332684897e-08 8.090590835768027576e-08
2.720000000000000000e+03 9.999995707123345845e-01 9.999999999493673908e-01 9.999999999471125278e-01 9.999999999399918904e-01 9.999999999157781483e-01 9.106255324428695492e-08 8.839344179463314764e-08 8.584610253364764381e-08 8.333282365703277892e-08 8.090220388107010658e-08
2.722000000000000000e+03 9.999995707137783185e-01 9.999999999494019187e-01 9.999999999471670398e-01 9.999999999400462913e-01 9.999999999155448904e-01 9.106159818783141818e-08 8.839154700369586896e-08 8.584669864330968223e-08 8.333641637247289131e-08 8.089951221418159121e-08
2.724000000000000000e+03 9.999995707106447140e-01 9.999999999494317837e-01 9.999999999472168888e-01 9.999999999400960293e-01 9.999999999153118546e-01 9.105899781750430406e-08 8.839508583593254976e-08 8.584269604240553206e-08 8.333906250451954719e-08 8.090316760913491985e-08
2.726000000000000000e+03 9.999995707105201470e-01 9.999999999494580960e-01 9.999999999472639622e-01 9.999999999401423256e-01 9.999999999150789298e-01 9.106031992986064823e-08 8.839584031439087134e-08 8.584300911621104368e-08 8.333583601159029584e-08 8.090424516603540797e-08
2.728000000000000000e+03 9.999995707128337408e-01 9.999999999494816327e-01 9.999999999473082601e-01 9.999999999401849582e-01 9.999999999148431185e-01 9.106287651215455376e-08 8.839236633312637757e-08 8.584634227905535823e-08 8.333482293726151824e-08 8.090065533918790842e-08
2.730000000000000000e+03 9.999995707120924449e-01 9.999999999495033931e-01 9.999999999473514478e-01 9.999999999402237050e-01 9.999999999146040874e-01 9.106176396168800095e-08 8.839195684184137730e-08 8.584535303114330584e-08 8.333827905630043486e-08 8.090058634011711796e-08
2.732000000000000000e+03 9.999995707106442699e-01 9.999999999495259306e-01 9.999999999473957457e-01 9.999999999402610085e-01 9.999999999143622809e-01 9.105965535786849729e-08 8.839483020027930967e-08 8.584251710974081244e-08 8.333889039705709733e-08 8.090363514734318822e-08
2.734000000000000000e+03 9.999995707118238819e-01 9.999999999495501335e-01 9.999999999474417089e-01 9.999999999402964246e-01 9.999999999141147011e-01 9.106075886280588481e-08 8.839476468678718717e-08 8.584358137850002062e-08 8.333638011714509463e-08 8.090300581264512832e-08
2.736000000000000000e+03 9.999995707124565980e-01 9.999999999495788883e-01 9.999999999474924461e-01 9.999999999403327289e-01 9.999999999138620144e-01 9.106253828336724046e-08 8.839235236296369762e-08 8.584548619613386855e-08 8.333687362917795549e-08 8.090074786785358590e-08
2.738000000000000000e+03 9.999995707111257737e-01 9.999999999496121950e-01 9.999999999475475132e-01 9.999999999403692552e-01 9.999999999136025552e-01 9.106146916196439044e-08 8.839272282387848127e-08 8.584396211887653994e-08 8.333931086881254882e-08 8.090199771922796523e-08
2.740000000000000000e+03 9.999995707111219989e-01 9.999999999496528291e-01 9.999999999476095747e-01 9.999999999404094453e-01 9.999999999133373230e-01 9.105987297342522670e-08 8.839480475929532456e-08 8.584222708199494481e-08 8.333886507948202745e-08 8.090381978455538637e-08
2.742000000000000000e+03 9.999995707123547906e-01 9.999999999497013459e-01 9.999999999476798518e-01 9.999999999404538542e-01 9.999999999130650963e-01 9.106065549536871994e-08 8.839447795595977007e-08 8.584330837109391095e-08 8.333734370702320588e-08 8.090267993453561322e-08
2.744000000000000000e+03 9.999995707118856103e-01 9.999999999497601877e-01 9.999999999477600099e-01 9.999999999405052575e-01 9.999999999127866523e-01 9.106177296850277100e-08 8.839302582691876108e-08 8.584414222360986544e-08 8.333831735981168153e-08 8.090176704828779382e-08
2.746000000000000000e+03 9.999995707108461085e-01 9.999999999498285774e-01 9.999999999478497159e-01 9.999999999405635442e-01 9.999999999125021022e-01 9.106087255741645721e-08 8.839367253486691395e-08 8.584270645097667500e-08 8.333966238857736571e-08 8.090321980658677353e-08
2.748000000000000000e+03 9.999995707115881816e-01 9.999999999499066261e-01 9.999999999479499690e-01 9.999999999406318230e-01 9.999999999122115568e-01 9.105970629232990504e-08 8.839509225110857642e-08 8.584175124913372975e-08 8.333888744723073897e-08 8.090399866325112382e-08
2.750000000000000000e+03 9.999995707123755517e-01 9.999999999499953329e-01 9.999999999480608803e-01 9.999999999407113149e-01 9.999999999119156824e-01 9.106016519632807496e-08 8.839480223070772852e-08 8.584255489855869587e-08 8.333811663518997947e-08 8.090302765292879470e-08
2.752000000000000000e+03 9.999995707115102439e-01 9.999999999500922554e-01 9.999999999481820057e-01 9.999999999408026863e-01 9.999999999116151450e-01 9.106079837694077129e-08 8.839404375697191875e-08 8.584277708780540220e-08 8.333897220140355716e-08 8.090293086483664418e-08
2.754000000000000000e+03 9.999995707109778920e-01 9.999999999501975045e-01 9.999999999483130120e-01 9.999999999409076024e-01 9.999999999113116100e-01 9.106010808349880475e-08 8.839468822378558674e-08 8.584168297394904860e-08 8.333951727073417503e-08 8.090402091428653026e-08
2.756000000000000000e+03 9.999995707118711774e-01 9.999999999503095260e-01 9.999999999484533442e-01 9.999999999410280616e-01 9.999999999110061877e-01 9.105927220884130912e-08 8.839563035665620660e-08 8.584120166101733416e-08 8.333878302314139969e-08 8.090417258203216121e-08
2.758000000000000000e+03 9.999995707122149025e-01 9.999999999504246562e-01 9.999999999486000046e-01 9.999999999411637308e-01 9.999999999106997661e-01 9.105947615833804052e-08 8.839546867185305606e-08 8.584171160003053557e-08 8.333842894842950674e-08 8.090354024411045508e-08
2.760000000000000000e+03 9.999995707114116561e-01 9.999999999505410075e-01 9.999999999487524383e-01 9.999999999413149432e-01 9.999999999103941217e-01 9.105979561036081816e-08 8.839513377012813710e-08 8.584167967476571138e-08 8.333897067162160860e-08 8.090373527462466409e-08
2.762000000000000000e+03 9.999995707112616650e-01 9.999999999506563597e-01 9.999999999489079805e-01 9.999999999414831420e-01 9.999999999100911419e-01 9.105930561143302552e-08 8.839565592075418066e-08 8.584096063677892978e-08 8.333906249079689876e-08 8.090434600394356586e-08
2.764000000000000000e+03 9.999995707119960775e-01 9.999999999507658277e-01 9.999999999490639668e-01 9.999999999416657737e-01 9.999999999097913816e-01 9.105872067916857822e-08 8.839626993937543620e-08 8.584074806296659618e-08 8.333849539837220513e-08 8.090421116719906820e-08
2.766000000000000000e+03 9.999995707120725719e-01 9.999999999508687454e-01 9.999999999492188429e-01 9.999999999418653918e-01 9.999999999094989489e-01 9.105876542761033227e-08 8.839621605404325200e-08 8.584105568718210227e-08 8.333832818439074807e-08 8.090384116266825705e-08
2.768000000000000000e+03 9.999995707115008070e-01 9.999999999509601167e-01 9.999999999493686120e-01 9.999999999420789987e-01 9.999999999092136216e-01 9.105890759132243728e-08 8.839609689040324146e-08 8.584097735602634766e-08 8.333859535907274052e-08 8.090403103826967747e-08
2.770000000000000000e+03 9.999995707115401089e-01 9.999999999510372772e-01 9.999999999495109426e-01 9.999999999423064834e-01 9.999999999089381753e-01 9.105858874124834847e-08 8.839646349429590154e-08 8.584056902279646813e-08 8.333850208816727178e-08 8.090427365636157453e-08
2.772000000000000000e+03 9.999995707120366006e-01 9.999999999510990056e-01 9.999999999496439473e-01 9.999999999425471797e-01 9.999999999086750524e-01 9.105820052779690146e-08 8.839684724609407546e-08 8.584050640199905962e-08 8.333811912690035502e-08 8.090405859300151256e-08
2.774000000000000000e+03 9.999995707120017396e-01 9.999999999511405280e-01 9.999999999497627412e-01 9.999999999427974240e-01 9.999999999084251412e-01 9.105817586045994814e-08 8.839684431146139707e-08 8.584070396262762833e-08 8.333803726602290304e-08 8.090384462758191514e-08
2.776000000000000000e+03 9.999995707116549060e-01 9.999999999511611781e-01 9.999999999498662140e-01 9.999999999430567721e-01 9.999999999081907731e-01 9.105823885937482306e-08 8.839680600908407605e-08 8.584066334716668660e-08 8.333814916848019949e-08 8.090394813796408225e-08
2.778000000000000000e+03 9.999995707117442789e-01 9.999999999511595128e-01 9.999999999499518122e-01 9.999999999433226705e-01 9.999999999079735025e-01 9.105806040033674182e-08 8.839702449822815620e-08 8.584047152953946286e-08 8.333803552466077987e-08 8.090399453997835462e-08
2.780000000000000000e+03 9.999995707120341581e-01 9.999999999511338666e-01 9.999999999500160941e-01 9.999999999435915665e-01 9.999999999077739954e-01 9.105783207401763650e-08 8.839723939249148397e-08 8.584048674953059669e-08 8.333781860459954767e-08 8.090381066603666409e-08
2.782000000000000000e+03 9.999995707119737620e-01 9.999999999510849058e-01 9.999999999500590597e-01 9.999999999438621279e-01 9.999999999075951385e-01 9.105780501333955252e-08 8.839723743525871285e-08 8.584062628854874900e-08 8.333779678748544847e-08 8.090369797356936661e-08
2.784000000000000000e+03 9.999995707117810273e-01 9.999999999510130744e-01 9.999999999500785997e-01 9.999999999441314680e-01 9.999999999074379309e-01 9.105785306483314914e-08 8.839720655673630698e-08 8.584062945127097560e-08 8.333785931914080520e-08 8.090374967612599488e-08
2.786000000000000000e+03 9.999995707118521926e-01 9.999999999509192605e-01 9.999999999500737147e-01 9.999999999443958121e-01 9.999999999073020396e-01 9.105778833621279347e-08 8.839730235562763426e-08 8.584056065608034057e-08 8.333780167033061913e-08 8.090374351751630088e-08
2.788000000000000000e+03 9.999995707119992971e-01 9.999999999508064619e-01 9.999999999500452930e-01 9.999999999446539389e-01 9.999999999071900181e-01 9.105769121748425690e-08 8.839739274299686659e-08 8.584060071808459442e-08 8.333771916441374179e-08 8.090364377442856169e-08
2.790000000000000000e+03 9.999995707119432309e-01 9.999999999506756776e-01 9.999999999499921133e-01 9.999999999449015187e-01 9.999999999071014223e-01 9.105770124732597859e-08 8.839736569769787014e-08 8.584069460952332983e-08 8.333775081813965543e-08 8.090361623715926372e-08
2.792000000000000000e+03 9.999995707118379817e-01 9.999999999505311266e-01 9.999999999499160630e-01 9.999999999451368859e-01 9.999999999070369183e-01 9.105777012036050320e-08 8.839731428020403928e-08 8.584071060620459367e-08 8.333781885971034685e-08 8.090367086466220600e-08
2.794000000000000000e+03 9.999995707118749522e-01 9.999999999503760284e-01 9.999999999498184744e-01 9.999999999453571542e-01 9.999999999069967282e-01 9.105779509023924201e-08 8.839732203740094901e-08 8.584068542732734403e-08 8.333782785803737032e-08 8.090369140753145162e-08
2.796000000000000000e+03 9.999995707119363475e-01 9.999999999502148240e-01 9.999999999497010128e-01 9.999999999455606581e-01 9.999999999069805190e-01 9.105780173506603094e-08 8.839732839024292110e-08 8.584070715666135426e-08 8.333783494663563909e-08 8.090368261683610574e-08
2.798000000000000000e+03 9.999995707118927157e-01 9.999999999500512882e-01 9.999999999495661207e-01 9.999999999457442890e-01 9.999999999069871803e-01 9.105786296875505877e-08 8.839727539150228007e-08 8.584074570965535587e-08 8.333790044202748807e-08 8.090372401663937899e-08
2.800000000000000000e+03 9.999995707118335408e-01 9.999999999498893066e-01 9.999999999494159075e-01 9.999999999459066036e-01 9.999999999070161572e-01 9.105796566020422608e-08 8.839720575109770104e-08 8.584073655694409727e-08 8.333797788690467817e-08 8.090380302685091244e-08
2.802000000000000000e+03 9.999995707118451982e-01 9.999999999497337644e-01 9.999999999492544811e-01 9.999999999460470468e-01 9.999999999070670054e-01 9.105805654315996857e-08 8.839716441449415002e-08 8.584069760124376571e-08 8.333802320168772206e-08 8.090386273710723157e-08
2.804000000000000000e+03 9.999995707118634058e-01 9.999999999495884362e-01 9.999999999490846170e-01 9.999999999461637312e-01 9.999999999071376156e-01 9.105813800963141791e-08 8.839712717944595960e-08 8.584067108235711126e-08 8.333806543148027648e-08 8.090391238762774666e-08
2.806000000000000000e+03 9.999995707118337629e-01 9.999999999494576519e-01 9.999999999489112001e-01 9.999999999462568789e-01 9.999999999072272105e-01 9.105824477967371641e-08 8.839706518976250335e-08 8.584064338999158078e-08 8.333812909300159011e-08 8.090398544221714087e-08
2.808000000000000000e+03 9.999995707118016774e-01 9.999999999493441871e-01 9.999999999487367841e-01 9.999999999463259348e-01 9.999999999073330148e-01 9.105837638861871083e-08 8.839699666058915638e-08 8.584058434150231718e-08 8.333818902247752694e-08 8.090406802300078549e-08
2.810000000000000000e+03 9.999995707118044530e-01 9.999999999492504843e-01 9.999999999485654767e-01 9.999999999463712319e-01 9.999999999074540291e-01 9.105850675762757710e-08 8.839694559928735733e-08 8.584050202518608884e-08 8.333822472922779699e-08 8.090413301023521568e-08
2.812000000000000000e+03 9.999995707118106703e-01 9.999999999491786529e-01 9.999999999484008306e-01 9.999999999463932143e-01 9.999999999075869228e-01 9.105863085385374904e-08 8.839690446245848569e-08 8.584041698424626942e-08 8.333824945422495647e-08 8.090418605106068869e-08
2.814000000000000000e+03 9.999995707117984578e-01 9.999999999491304692e-01 9.999999999482465096e-01 9.999999999463941025e-01 9.999999999077305857e-01 9.105876305739539806e-08 8.839685968412339044e-08 8.584032485805630393e-08 8.333827307250750180e-08 8.090423980949959499e-08
2.816000000000000000e+03 9.999995707117892429e-01 9.999999999491057112e-01 9.999999999481059554e-01 9.999999999463743405e-01 9.999999999078815760e-01 9.105890575226958231e-08 8.839681826136259941e-08 8.584021286030269225e-08 8.333828354205817451e-08 8.090428512888737469e-08
2.818000000000000000e+03 9.999995707117979027e-01 9.999999999491042679e-01 9.999999999479814994e-01 9.999999999463364819e-01 9.999999999080370072e-01 9.105904695272773318e-08 8.839679245137460035e-08 8.584008511132296971e-08 8.333827201254734609e-08 8.090431003902793699e-08
2.820000000000000000e+03 9.999995707118103372e-01 9.999999999491252511e-01 9.999999999478762502e-01 9.999999999462833022e-01 9.999999999081956581e-01 9.105918086951697308e-08 8.839678098970491708e-08 8.583995245390387751e-08 8.333824491835942111e-08 8.090431793828815384e-08
2.822000000000000000e+03 9.999995707118164434e-01 9.999999999491658853e-01 9.999999999477904300e-01 9.999999999462165778e-01 9.999999999083526436e-01 9.105931190349389856e-08 8.839677779130895824e-08 8.583981535407132299e-08 8.333820734622287556e-08 8.090431434020196408e-08
2.824000000000000000e+03 9.999995707118258803e-01 9.999999999492235059e-01 9.999999999477260371e-01 9.999999999461391953e-01 9.999999999085062985e-01 9.105944159102218212e-08 8.839678502581553432e-08 8.583966988379555036e-08 8.333815514561284631e-08 8.090429561697940009e-08
2.826000000000000000e+03 9.999995707118448651e-01 9.999999999492957814e-01 9.999999999476845147e-01 9.999999999460554845e-01 9.999999999086544022e-01 9.105956433523880850e-08 8.839680853094904951e-08 8.583951905930543059e-08 8.333808580576737364e-08 8.090425807010289904e-08
2.828000000000000000e+03 9.999995707118656263e-01 9.999999999493776048e-01 9.999999999476647528e-01 9.999999999459679989e-01 9.999999999087936242e-01 9.105967541353499280e-08 8.839684886258813680e-08 8.583936939312828692e-08 8.333800354900492009e-08 8.090420502677817590e-08
2.830000000000000000e+03 9.999995707118847221e-01 9.999999999494652014e-01 9.999999999476660850e-01 9.999999999458800692e-01 9.999999999089219660e-01 9.105977491360684861e-08 8.839690342535977569e-08 8.583922325179166767e-08 8.333791225937763495e-08 8.090414066923282974e-08
2.832000000000000000e+03 9.999995707119064825e-01 9.999999999495541303e-01 9.999999999476876233e-01 9.999999999457956923e-01 9.999999999090370961e-01 9.105986318559611757e-08 8.839697245150989184e-08 8.583908047197275784e-08 8.333781212995361571e-08 8.090406539120526886e-08
2.834000000000000000e+03 9.999995707119325727e-01 9.999999999496400616e-01 9.999999999477270363e-01 9.999999999457180877e-01 9.999999999091367942e-01 9.105993773534107110e-08 8.839705814229759709e-08 8.583894333200374563e-08 8.333770394764390072e-08 8.090398006081588163e-08
2.836000000000000000e+03 9.999995707119592181e-01 9.999999999497170000e-01 9.999999999477813262e-01 9.999999999456493649e-01 9.999999999092178404e-01 9.105999570523984813e-08 8.839716066091534281e-08 8.583881582449032588e-08 8.333759126795933627e-08 8.090388874055979247e-08
2.838000000000000000e+03 9.999995707119863075e-01 9.999999999497828362e-01 9.999999999478484947e-01 9.999999999455947419e-01 9.999999999092807901e-01 9.106003622670031592e-08 8.839727824083356584e-08 8.583870024956532962e-08 8.333747798106659073e-08 8.090379543808896597e-08
2.840000000000000000e+03 9.999995707120132860e-01 9.999999999498317971e-01 9.999999999479232127e-01 9.999999999455547739e-01 9.999999999093220904e-01 9.106005924366832217e-08 8.839740967045844278e-08 8.583859749943329621e-08 8.333736645772636545e-08 8.090370291535558961e-08
2.842000000000000000e+03 9.999995707120408195e-01 9.999999999498611070e-01 9.999999999480024826e-01 9.999999999455329025e-01 9.999999999093412972e-01 9.106006370670183544e-08 8.839755458888560637e-08 8.583850934661800274e-08 8.333725878657938185e-08 8.090361437343546243e-08
2.844000000000000000e+03 9.999995707120680200e-01 9.999999999498695447e-01 9.999999999480827517e-01 9.999999999455325694e-01 9.999999999093392988e-01 9.106004776837085816e-08 8.839771223103789389e-08 8.583843819766910576e-08 8.333715861894644751e-08 8.090353312960181902e-08
2.846000000000000000e+03 9.999995707120921118e-01 9.999999999498535574e-01 9.999999999481584689e-01 9.999999999455537747e-01 9.999999999093134306e-01 9.106001006347196988e-08 8.839788091226408939e-08 8.583838587361217714e-08 8.333706978830027748e-08 8.090346294272789896e-08
2.848000000000000000e+03 9.999995707121135391e-01 9.999999999498137004e-01 9.999999999482270807e-01 9.999999999455996269e-01 9.999999999092658021e-01 9.105994999215520443e-08 8.839805871814605204e-08 8.583835369192517470e-08 8.333699440066846642e-08 8.090340759686045663e-08
2.850000000000000000e+03 9.999995707121321908e-01 9.999999999497490855e-01 9.999999999482823698e-01 9.999999999456685718e-01 9.999999999091945257e-01 9.105986676387256251e-08 8.839824468864521771e-08 8.583834233983188218e-08 8.333693478083778485e-08 8.090336805107562821e-08
2.852000000000000000e+03 9.999995707121481781e-01 9.999999999496615999e-01 9.999999999483214497e-01 9.999999999457627187e-01 9.999999999091018221e-01 9.105975909044462506e-08 8.839843834503230243e-08 8.583835255003514836e-08 8.333689366917534733e-08 8.090334593188892036e-08
2.854000000000000000e+03 9.999995707121578370e-01 9.999999999495525760e-01 9.999999999483403235e-01 9.999999999458808464e-01 9.999999999089876912e-01 9.105962603101068619e-08 8.839863806922016117e-08 8.583838588087434646e-08 8.333687201308542748e-08 8.090334534179345178e-08
2.856000000000000000e+03 9.999995707121641653e-01 9.999999999494253444e-01 9.999999999483355495e-01 9.999999999460222888e-01 9.999999999088534652e-01 9.105946752877242224e-08 8.839884196085204854e-08 8.583844186830092783e-08 8.333687135064287641e-08 8.090336477079078719e-08
2.858000000000000000e+03 9.999995707121696054e-01 9.999999999492833469e-01 9.999999999483046853e-01 9.999999999461858247e-01 9.999999999087006985e-01 9.105928446869083796e-08 8.839904905351920971e-08 8.583851805788094140e-08 8.333689280767157009e-08 8.090340166483932874e-08
2.860000000000000000e+03 9.999995707121699384e-01 9.999999999491310243e-01 9.999999999482450663e-01 9.999999999463691225e-01 9.999999999085310565e-01 9.105907772106441397e-08 8.839925803777813847e-08 8.583861486230150486e-08 8.333693356117741522e-08 8.090345985569840265e-08
2.862000000000000000e+03 9.999995707121676070e-01 9.999999999489739277e-01 9.999999999481561375e-01 9.999999999465704059e-01 9.999999999083482027e-01 9.105884660281119884e-08 8.839946719739730568e-08 8.583873228497721978e-08 8.333699464534397851e-08 8.090353581190864992e-08
2.864000000000000000e+03 9.999995707121666078e-01 9.999999999488172753e-01 9.999999999480365664e-01 9.999999999467864553e-01 9.999999999081539137e-01 9.105859139157669452e-08 8.839967404807149486e-08 8.583886584658276765e-08 8.333707904630998694e-08 8.090362291285861686e-08
2.866000000000000000e+03 9.999995707121668298e-01 9.999999999486665070e-01 9.999999999478867974e-01 9.999999999470144951e-01 9.999999999079515201e-01 9.105831597481886389e-08 8.839987452355973719e-08 8.583901366301889022e-08 8.333717862819789332e-08 8.090372579840032830e-08
2.868000000000000000e+03 9.999995707121706046e-01 9.999999999485279512e-01 9.999999999477074963e-01 9.999999999472504175e-01 9.999999999077441304e-01 9.105802135822210898e-08 8.840006837754899412e-08 8.583917570018562924e-08 8.333729074285733802e-08 8.090383803725965819e-08
2.870000000000000000e+03 9.999995707121775990e-01 9.999999999484081581e-01 9.999999999475015500e-01 9.999999999474910028e-01 9.999999999075361856e-01 9.105770272213829468e-08 8.840025744100230746e-08 8.583934870245565659e-08 8.333742569956560322e-08 8.090394944533169601e-08
2.872000000000000000e+03 9.999995707121833721e-01 9.999999999483110136e-01 9.999999999472694023e-01 9.999999999477310331e-01 9.999999999073296841e-01 9.105736057434845274e-08 8.840043374779834557e-08 8.583953311696529049e-08 8.333757434662997421e-08 8.090407258959310276e-08
2.874000000000000000e+03 9.999995707122073529e-01 9.999999999482424018e-01 9.999999999470154943e-01 9.999999999479659563e-01 9.999999999071287338e-01 9.105700171014066678e-08 8.840059179906658046e-08 8.583972603565553928e-08 8.333772399815712719e-08 8.090419627305256239e-08
2.876000000000000000e+03 9.999995707122487643e-01 9.999999999482064306e-01 9.999999999467431566e-01 9.999999999481915536e-01 9.999999999069364431e-01 9.105662510805090652e-08 8.840074373600634948e-08 8.583991852782896493e-08 8.333789021369763740e-08 8.090429740825364112e-08
2.878000000000000000e+03 9.999995707122643074e-01 9.999999999482060975e-01 9.999999999464567191e-01 9.999999999484022739e-01 9.999999999067556988e-01 9.105622339359407508e-08 8.840089025449766309e-08 8.584012172810622124e-08 8.333807066891621611e-08 8.090440991826274934e-08
2.880000000000000000e+03 9.999995707122856237e-01 9.999999999482448443e-01 9.999999999461616218e-01 9.999999999485948976e-01 9.999999999065908307e-01 9.105579644530941975e-08 8.840101308393467133e-08 8.584034182261330424e-08 8.333824556358435993e-08 8.090452944214633556e-08
2.882000000000000000e+03 9.999995707123703337e-01 9.999999999483234481e-01 9.999999999458624167e-01 9.999999999487633184e-01 9.999999999064440592e-01 9.105535462151780095e-08 8.840111862689447401e-08 8.584054626941082138e-08 8.333842844403303335e-08 8.090459376594276568e-08
2.884000000000000000e+03 9.999995707124293975e-01 9.999999999484423530e-01 9.999999999455652100e-01 9.999999999489040947e-01 9.999999999063193812e-01 9.105490803425953220e-08 8.840122654801132267e-08 8.584074020039726581e-08 8.333861475887810449e-08 8.090465593164526673e-08
2.886000000000000000e+03 9.999995707124099686e-01 9.999999999486008928e-01 9.999999999452761079e-01 9.999999999490137848e-01 9.999999999062200162e-01 9.105444373530638474e-08 8.840132718617140332e-08 8.584096953933016442e-08 8.333878630576876326e-08 8.090475893237129613e-08
2.888000000000000000e+03 9.999995707124628153e-01 9.999999999487972913e-01 9.999999999450004395e-01 9.999999999490880587e-01 9.999999999061496281e-01 9.105394260826361456e-08 8.840140675430731315e-08 8.584119403526870142e-08 8.333897719046692412e-08 8.090478563176407301e-08
2.890000000000000000e+03 9.999995707125991506e-01 9.999999999490293279e-01 9.999999999447458654e-01 9.999999999491258063e-01 9.999999999061132128e-01 9.105344036358129191e-08 8.840146722105291322e-08 8.584136419046025947e-08 8.333915979689642892e-08 8.090476222267942212e-08
2.892000000000000000e+03 9.999995707126190236e-01 9.999999999492928948e-01 9.999999999445168264e-01 9.999999999491235858e-01 9.999999999061134348e-01 9.105297674573635030e-08 8.840152156324416276e-08 8.584155266929254435e-08 8.333927617635100030e-08 8.090481792706357819e-08
2.894000000000000000e+03 9.999995707125662880e-01 9.999999999495815528e-01 9.999999999443176524e-01 9.999999999490780667e-01 9.999999999061522926e-01 9.105248639430167504e-08 8.840159483695233803e-08 8.584177837968618205e-08 8.333943496547539272e-08 8.090482024368387909e-08
2.896000000000000000e+03 9.999995707126676514e-01 9.999999999498901948e-01 9.999999999441534504e-01 9.999999999489880276e-01 9.999999999062332279e-01 9.105192452153434799e-08 8.840164903022112676e-08 8.584194796812341582e-08 8.333964290762273815e-08 8.090471282160682775e-08
2.898000000000000000e+03 9.999995707128767064e-01 9.999999999502127146e-01 9.999999999440287723e-01 9.999999999488520253e-01 9.999999999063586831e-01 9.105140815458347006e-08 8.840161953797542109e-08 8.584207722236010820e-08 8.333969269532348160e-08 8.090468455438516902e-08
2.900000000000000000e+03 9.999995707129354372e-01 9.999999999505407855e-01 9.999999999439458387e-01 9.999999999486686164e-01 9.999999999065294354e-01 9.105097759079480855e-08 8.840161549850532560e-08 8.584223275023446193e-08 8.333971882910746685e-08 8.090464578037871183e-08
2.902000000000000000e+03 9.999995707128450650e-01 9.999999999508681903e-01 9.999999999439082021e-01 9.999999999484380231e-01 9.999999999067468170e-01 9.105046352916076213e-08 8.840172016157362894e-08 8.584238953691141157e-08 8.333995155007519809e-08 8.090448240075199581e-08
2.904000000000000000e+03 9.999995707130330258e-01 9.999999999511864912e-01 9.999999999439165288e-01 9.999999999481594681e-01 9.999999999070100509e-01 9.104984435614335515e-08 8.840169869820817590e-08 8.584253470398013374e-08 8.334003963504704354e-08 8.090439262981420693e-08
2.906000000000000000e+03 9.999995707135863610e-01 9.999999999514883608e-01 9.999999999439725951e-01 9.999999999478336177e-01 9.999999999073189150e-01 9.104933083728753164e-08 8.840151375813794457e-08 8.584262224780549908e-08 8.333987522805041297e-08 8.090427556728526771e-08
2.908000000000000000e+03 9.999995707136964951e-01 9.999999999517665827e-01 9.999999999440757348e-01 9.999999999474620260e-01 9.999999999076721879e-01 9.104893022369532101e-08 8.840155431082385844e-08 8.584264523155270109e-08 8.333999639220725320e-08 8.090401876756681107e-08
2.910000000000000000e+03 9.999995707133348954e-01 9.999999999520144955e-01 9.999999999442263920e-01 9.999999999470468026e-01 9.999999999080694257e-01 9.104840132834486533e-08 8.840172051198661965e-08 8.584281732412265738e-08 8.334023546855224527e-08 8.090395136458748024e-08
2.912000000000000000e+03 9.999995707139399670e-01 9.999999999522268812e-01 9.999999999444233456e-01 9.999999999465916112e-01 9.999999999085100733e-01 9.104771144259159565e-08 8.840150995722254228e-08 8.584304119471605266e-08 8.334003554098534373e-08 8.090383020502746133e-08
2.914000000000000000e+03 9.999995707151242419e-01 9.999999999523984107e-01 9.999999999446644861e-01 9.999999999460996714e-01 9.999999999089921321e-01 9.104714488021772698e-08 8.840125082726602281e-08 8.584291425500440607e-08 8.333989107225998912e-08 8.090334249122973307e-08
2.916000000000000000e+03 9.999995707147042445e-01 9.999999999525244210e-01 9.999999999449470378e-01 9.999999999455749800e-01 9.999999999095151582e-01 9.104682845543493101e-08 8.840147331084118025e-08 8.584285097400025613e-08 8.334015071724018820e-08 8.090325496070445260e-08
2.918000000000000000e+03 9.999995707139845980e-01 9.999999999526013594e-01 9.999999999452665600e-01 9.999999999450209787e-01 9.999999999100770420e-01 9.104636678139052527e-08 8.840161725802403674e-08 8.584333208248704270e-08 8.334015188851545508e-08 8.090340344192685317e-08
2.920000000000000000e+03 9.999995707157125491e-01 9.999999999526281158e-01 9.999999999456201660e-01 9.999999999444442178e-01 9.999999999106782278e-01 9.104548120339045470e-08 8.840123691784590193e-08 8.584344663813561685e-08 8.333990017381069594e-08 8.090267527702318968e-08
2.922000000000000000e+03 9.999995707171360770e-01 9.999999999526029137e-01 9.999999999460018607e-01 9.999999999438480280e-01 9.999999999113164950e-01 9.104483102569649283e-08 8.840105011468592642e-08 8.584293086578398757e-08 8.333991238902901323e-08 8.090219431517327787e-08
2.924000000000000000e+03 9.999995707153889191e-01 9.999999999525253092e-01 9.999999999464062039e-01 9.999999999432371833e-01 9.999999999119906224e-01 9.104485683190356181e-08 8.840140770898912180e-08 8.584323036872482096e-08 8.333996133752660993e-08 8.090282083198457523e-08
2.926000000000000000e+03 9.999995707149755830e-01 9.999999999523957461e-01 9.999999999468265344e-01 9.999999999426150143e-01 9.999999999126979455e-01 9.104443955135220357e-08 8.840156995616725100e-08 8.584401416239341681e-08 8.333997000438458748e-08 8.090231991531546062e-08
2.928000000000000000e+03 9.999995707182759430e-01 9.999999999522172223e-01 9.999999999472571899e-01 9.999999999419870722e-01 9.999999999134369100e-01 9.104308835075949829e-08 8.840113714881899634e-08 8.584352283127359232e-08 8.333993886339323369e-08 8.090096570833401169e-08
2.930000000000000000e+03 9.999995707190008076e-01 9.999999999519914029e-01 9.999999999476906209e-01 9.999999999413557994e-01 9.999999999142032969e-01 9.104257982565912781e-08 8.840082923305877322e-08 8.584298932710093299e-08 8.333952682234183585e-08 8.090166174884725033e-08
2.932000000000000000e+03 9.999995707158420011e-01 9.999999999517219518e-01 9.999999999481204993e-01 9.999999999407248596e-01 9.999999999149936647e-01 9.104322590043423103e-08 8.840139850117544507e-08 8.584402672965937929e-08 8.333954635636568483e-08 8.090222954967834087e-08
2.934000000000000000e+03 9.999995707167427250e-01 9.999999999514139759e-01 9.999999999485401636e-01 9.999999999400974726e-01 9.999999999158037944e-01 9.104249123461689981e-08 8.840192709583651014e-08 8.584444105945687809e-08 8.334020719824902774e-08 8.090016691503436339e-08
2.936000000000000000e+03 9.999995707215565410e-01 9.999999999510714721e-01 9.999999999489432856e-01 9.999999999394758587e-01 9.999999999166284681e-01 9.104055073490106793e-08 8.840099033011791129e-08 8.584331204638372602e-08 8.333953900244076425e-08 8.089976309676549755e-08
2.938000000000000000e+03 9.999995707208886309e-01 9.999999999507017678e-01 9.999999999493250913e-01 9.999999999388645699e-01 9.999999999174636889e-01 9.104063497853319457e-08 8.840027665538588594e-08 8.584350574397070505e-08 8.333845134006117246e-08 8.090172165090256013e-08
2.940000000000000000e+03 9.999995707167275150e-01 9.999999999503098591e-01 9.999999999496791414e-01 9.999999999382648275e-01 9.999999999183029065e-01 9.104178353832590924e-08 8.840193345626026091e-08 8.584481438920388264e-08 8.333972129379881486e-08 8.090029887670427202e-08
2.942000000000000000e+03 9.999995707198896522e-01 9.999999999499011860e-01 9.999999999500002179e-01 9.999999999376786297e-01 9.999999999191404587e-01 9.104028589079888964e-08 8.840261634226049471e-08 8.584424503136888544e-08 8.334028168276733566e-08 8.089779506006862360e-08
2.944000000000000000e+03 9.999995707260925792e-01 9.999999999494834091e-01 9.999999999502852122e-01 9.999999999371093073e-01 9.999999999199723488e-01 9.103803617211703786e-08 8.839993345580320496e-08 8.584325343504501659e-08 8.333773618655896370e-08 8.089993373317148130e-08
2.946000000000000000e+03 9.999995707232660624e-01 9.999999999490615243e-01 9.999999999505297943e-01 9.999999999365581926e-01 9.999999999207929147e-01 9.103889769978363696e-08 8.839976669176067316e-08 8.584431116009313213e-08 8.333770185899926179e-08 8.090095259263459760e-08
2.948000000000000000e+03 9.999995707188024108e-01 9.999999999486406388e-01 9.999999999507296344e-01 9.999999999360259517e-01 9.999999999215963831e-01 9.104008661158220056e-08 8.840356030688933503e-08 8.584490281926677110e-08 8.334041074592125667e-08 8.089708434900235000e-08
2.950000000000000000e+03 9.999995707255489030e-01 9.999999999482255264e-01 9.999999999508821791e-01 9.999999999355135838e-01 9.999999999223780911e-01 9.103785373641241017e-08 8.840242412685149792e-08 8.584358814462912738e-08 8.333845575693823255e-08 8.089697097868564712e-08
2.952000000000000000e+03 9.999995707321609473e-01 9.999999999478201840e-01 9.999999999509846527e-01 9.999999999350210889e-01 9.999999999231331538e-01 9.103559345075987357e-08 8.839760730421546864e-08 8.584351254959887719e-08 8.333533657503825291e-08 8.090067186007380228e-08
2.954000000000000000e+03 9.999995707262583355e-01 9.999999999474282752e-01 9.999999999510341686e-01 9.999999999345486890e-01 9.999999999238575743e-01 9.103683439054704283e-08 8.840058683757397712e-08 8.584474715628948438e-08 8.333821549288493886e-08 8.089833249452390814e-08
2.956000000000000000e+03 9.999995707236392084e-01 9.999999999470513545e-01 9.999999999510288395e-01 9.999999999340946077e-01 9.999999999245463567e-01 9.103795797338067029e-08 8.840550346442644581e-08 8.584397278399381911e-08 8.333942584557891841e-08 8.089462392218244456e-08
2.958000000000000000e+03 9.999995707343887208e-01 9.999999999466910872e-01 9.999999999509664450e-01 9.999999999336572909e-01 9.999999999251956151e-01 9.103545993818829540e-08 8.839978928972109451e-08 8.584266956461891468e-08 8.333470687621511530e-08 8.089832028143058476e-08
2.960000000000000000e+03 9.999995707388525945e-01 9.999999999463484723e-01 9.999999999508455417e-01 9.999999999332352951e-01 9.999999999258016858e-01 9.103279752671696623e-08 8.839532800341897281e-08 8.584385090956151112e-08 8.333451612381894801e-08 8.090027257015212795e-08
2.962000000000000000e+03 9.999995707311875037e-01 9.999999999460219557e-01 9.999999999506637982e-01 9.999999999328238465e-01 9.999999999263594619e-01 9.103394025819741420e-08 8.840329771655451597e-08 8.584425614460766157e-08 8.333812851615002430e-08 8.089516968727025311e-08
2.964000000000000000e+03 9.999995707329886185e-01 9.999999999457117594e-01 9.999999999504207704e-01 9.999999999324210576e-01 9.999999999268667228e-01 9.103577891996129031e-08 8.840542905963454495e-08 8.584174649631342367e-08 8.333537281214977226e-08 8.089511607242462043e-08
2.966000000000000000e+03 9.999995707448409155e-01 9.999999999454144417e-01 9.999999999501141268e-01 9.999999999320217103e-01 9.999999999273184725e-01 9.103311113190765763e-08 8.839482177633412894e-08 8.584162511564687560e-08 8.333218749305937222e-08 8.090039780381229765e-08
2.968000000000000000e+03 9.999995707462143724e-01 9.999999999451280042e-01 9.999999999497432013e-01 9.999999999316228072e-01 9.999999999277122686e-01 9.102883024015159461e-08 8.839505748369113686e-08 8.584419407856245135e-08 8.333479959356906820e-08 8.089855187420295953e-08
2.970000000000000000e+03 9.999995707410213042e-01 9.999999999448487831e-01 9.999999999493076608e-01 9.999999999312197962e-01 9.999999999280452245e-01 9.103029191623810526e-08 8.840616862719146669e-08 8.584198109807576705e-08 8.333449195297142875e-08 8.089447888711319284e-08
2.972000000000000000e+03 9.999995707457143279e-01 9.999999999445727816e-01 9.999999999488065061e-01 9.999999999308083476e-01 9.999999999283153418e-01 9.103422584258623804e-08 8.840160301207100259e-08 8.583802006732196408e-08 8.333155177027666832e-08 8.089823853461408654e-08
2.974000000000000000e+03 9.999995707547999491e-01 9.999999999442961141e-01 9.999999999482394042e-01 9.999999999303847975e-01 9.999999999285207331e-01 9.103017877979492830e-08 8.838971781508961940e-08 8.584144711600024997e-08 8.333288659608301797e-08 8.090138674249305568e-08
2.976000000000000000e+03 9.999995707575590753e-01 9.999999999440143394e-01 9.999999999476067991e-01 9.999999999299462594e-01 9.999999999286618424e-01 9.102294824768426957e-08 8.839694264114903819e-08 8.584398803662453377e-08 8.333209379438078488e-08 8.089810102220429038e-08
2.978000000000000000e+03 9.999995707565114689e-01 9.999999999437209075e-01 9.999999999469074696e-01 9.999999999294886255e-01 9.999999999287380037e-01 9.102685442300127729e-08 8.840644815739771518e-08 8.583654023612529870e-08 8.332932414136275989e-08 8.089732801425130126e-08
2.980000000000000000e+03 9.999995707575297654e-01 9.999999999434129316e-01 9.999999999461438582e-01 9.999999999290114516e-01 9.999999999287524366e-01 9.103379374917641864e-08 8.839493994594284615e-08 8.583437247821071351e-08 8.333306352363910257e-08 8.090084402530850489e-08
2.982000000000000000e+03 9.999995707658838606e-01 9.999999999430847497e-01 9.999999999453162980e-01 9.999999999285134056e-01 9.999999999287079167e-01 9.102529491267453699e-08 8.838645000092208733e-08 8.584343567130213138e-08 8.333285082585102988e-08 8.090232687825074038e-08
2.984000000000000000e+03 9.999995707764990360e-01 9.999999999427331421e-01 9.999999999444278975e-01 9.999999999279961527e-01 9.999999999286102170e-01 9.101521405649113537e-08 8.839897552329588109e-08 8.584090624673357451e-08 8.332528142365223738e-08 8.090122319810538181e-08
2.986000000000000000e+03 9.999995707728083216e-01 9.999999999423540009e-01 9.999999999434812104e-01 9.999999999274610252e-01 9.999999999284664431e-01 9.102561428916792935e-08 8.840336890324039835e-08 8.582835911337784612e-08 8.333026821795548567e-08 8.089968720335993752e-08
2.988000000000000000e+03 9.999995707657594046e-01 9.999999999419453278e-01 9.999999999424808994e-01 9.999999999269126860e-01 9.999999999282850327e-01 9.103399760472018936e-08 8.838790327937623107e-08 8.583468866187509901e-08 8.333836466475317598e-08 8.090153321899812399e-08
2.990000000000000000e+03 9.999995707835394043e-01 9.999999999415044583e-01 9.999999999414328489e-01 9.999999999263561312e-01 9.999999999280764218e-01 9.101665869510652761e-08 8.838483263230663391e-08 8.584630588417556153e-08 8.332641542444439600e-08 8.090674994059778208e-08
2.992000000000000000e+03 9.999995708009642437e-01 9.999999999410322804e-01 9.999999999403439421e-01 9.999999999257999095e-01 9.999999999278531559e-01 9.100770017014387907e-08 8.839977977245683452e-08 8.583252961558835163e-08 8.332190815999987205e-08 8.090396193697930828e-08
2.994000000000000000e+03 9.999995707818680746e-01 9.999999999405296824e-01 9.999999999392229499e-01 9.999999999252526806e-01 9.999999999276285578e-01 9.102882603726404141e-08 8.839871756770277828e-08 8.582226084614312853e-08 8.334073339415393346e-08 8.089683383867043192e-08
2.996000000000000000e+03 9.999995707734948835e-01 9.999999999399994399e-01 9.999999999380801974e-01 9.999999999247264348e-01 9.999999999274166163e-01 9.103220872307134726e-08 8.838161049544389595e-08 8.584133862995467126e-08 8.333789429460143477e-08 8.090510383894662671e-08
2.998000000000000000e+03 9.999995708114310933e-01 9.999999999394464378e-01 9.999999999369284520e-01 9.999999999242329407e-01 9.999999999272320972e-01 9.100369951813275920e-08 8.838403948913815592e-08 8.584522980666700547e-08 8.331651565783665568e-08 8.091311829544052188e-08
3.000000000000000000e+03 9.999995708206921297e-01 9.999999999388767824e-01 9.999999999357810365e-01 9.999999999237857429e-01 9.999999999270887674e-01 9.100516329242741369e-08 8.840060534248485009e-08 8.582087530741859872e-08 8.333126786959013207e-08 8.089773661966833625e-08
3.002000000000000000e+03 9.999995707787528998e-01 9.999999999383000215e-01 9.999999999346538271e-01 9.999999999233997183e-01 9.999999999270007267e-01 9.103629963863767747e-08 8.839378493581392600e-08 8.582486659237572713e-08 8.335119732329786761e-08 8.089361970833789702e-08
3.004000000000000000e+03 9.999995707888151841e-01 9.999999999377243709e-01 9.999999999335608125e-01 9.999999999230865244e-01 9.999999999269778561e-01 9.102392808285174543e-08 8.837549365204593357e-08 8.585037092354073163e-08 8.332587644645146695e-08 8.091604125768580375e-08
3.006000000000000000e+03 9.999995708446058895e-01 9.999999999371618209e-01 9.999999999325196454e-01 9.999999999228594838e-01 9.999999999270297035e-01 9.098997807688840573e-08 8.838545201995481790e-08 8.583635435652565905e-08 8.331563753844555326e-08 8.091027747263478946e-08
3.008000000000000000e+03 9.999995708209530321e-01 9.999999999366241399e-01 9.999999999315457577e-01 9.999999999227294767e-01 9.999999999271608209e-01 9.101253757750502237e-08 8.840289424850926281e-08 8.581360934206397333e-08 8.335006546887001844e-08 8.088375725996876160e-08
3.010000000000000000e+03 9.999995707684425916e-01 9.999999999361233183e-01 9.999999999306535825e-01 9.999999999227039416e-01 9.999999999273728735e-01 9.104243409625176999e-08 8.838699785224226438e-08 8.583715714357628336e-08 8.334709526228454521e-08 8.090289627510489263e-08
3.012000000000000000e+03 9.999995708189716170e-01 9.999999999356725677e-01 9.999999999298574416e-01 9.999999999227882075e-01 9.999999999276633078e-01 9.100671923720783340e-08 8.837041361660906145e-08 8.585295944778833976e-08 8.331166662481043024e-08 8.092516740178630857e-08
3.014000000000000000e+03 9.999995708659105143e-01 9.999999999352814362e-01 9.999999999291668829e-01 9.999999999229824965e-01 9.999999999280242413e-01 9.098379604064135926e-08 8.839178742928141618e-08 8.582285965866795223e-08 8.333133982457683897e-08 8.089073109849038033e-08
3.016000000000000000e+03 9.999995707941981005e-01 9.999999999349611368e-01 9.999999999285907881e-01 9.999999999232850323e-01 9.999999999284456820e-01 9.102897881901002718e-08 8.840413145814741644e-08 8.581784850301326768e-08 8.336089866870777755e-08 8.088054476321090593e-08
3.018000000000000000e+03 9.999995707688887903e-01 9.999999999347169988e-01 9.999999999281315999e-01 9.999999999236869330e-01 9.999999999289121977e-01 9.103796952925367865e-08 8.837652235462168337e-08 8.585069194176009245e-08 8.332788818935319046e-08 8.092447526227131770e-08
3.020000000000000000e+03 9.999995708591689070e-01 9.999999999345534629e-01 9.999999999277890961e-01 9.999999999241765414e-01 9.999999999294070241e-01 9.098562731886261664e-08 8.837049555149224524e-08 8.584422121539172220e-08 8.331240626739419525e-08 8.091403898193645494e-08
3.022000000000000000e+03 9.999995708532376515e-01 9.999999999344709734e-01 9.999999999275598350e-01 9.999999999247387583e-01 9.999999999299120645e-01 9.099265824019895927e-08 8.840217839618558932e-08 8.581447705945952899e-08 8.335302240094765701e-08 8.086962948975455571e-08
3.024000000000000000e+03 9.999995707560855873e-01 9.999999999344665325e-01 9.999999999274350460e-01 9.999999999253570415e-01 9.999999999304090004e-01 9.104435341533639973e-08 8.839865476666851118e-08 8.583182030781695392e-08 8.335091596817389116e-08 8.090239032141165860e-08
3.026000000000000000e+03 9.999995707988847959e-01 9.999999999345308144e-01 9.999999999274011842e-01 9.999999999260100747e-01 9.999999999308787357e-01 9.101832698040239374e-08 8.836532494481175214e-08 8.585436243112380750e-08 8.331213274586185061e-08 8.093403444748117271e-08
3.028000000000000000e+03 9.999995708844092723e-01 9.999999999346537161e-01 9.999999999274445939e-01 9.999999999266786510e-01 9.999999999313071708e-01 9.097292970148208514e-08 8.837945146295325064e-08 8.583027142916174835e-08 8.333160613506532752e-08 8.088313537293498507e-08
3.030000000000000000e+03 9.999995708030157138e-01 9.999999999348210267e-01 9.999999999275490659e-01 9.999999999273446738e-01 9.999999999316824262e-01 9.101457859265025481e-08 8.840975507040093848e-08 8.581832379455152862e-08 8.336022226534516539e-08 8.087459724363238622e-08
3.032000000000000000e+03 9.999995707440795245e-01 9.999999999350153157e-01 9.999999999276965035e-01 9.999999999279903795e-01 9.999999999319955091e-01 9.104515014583677984e-08 8.838456409483239295e-08 8.584465534308882052e-08 8.332930119121616376e-08 8.093144357231494088e-08
3.034000000000000000e+03 9.999995708508230274e-01 9.999999999352179314e-01 9.999999999278706975e-01 9.999999999286015573e-01 9.999999999322426447e-01 9.099110475325711311e-08 8.836110777943882862e-08 8.584624264051410315e-08 8.331710292491973471e-08 8.091157817629543693e-08
3.036000000000000000e+03 9.999995708656832516e-01 9.999999999354112212e-01 9.999999999280564378e-01 9.999999999291682151e-01 9.999999999324238331e-01 9.097868992683677219e-08 8.839461754972362053e-08 8.582322086657356483e-08 8.335117554012821672e-08 8.086344417009465495e-08
3.038000000000000000e+03 9.999995707488520402e-01 9.999999999355787539e-01 9.999999999282428442e-01 9.999999999296852460e-01 9.999999999325429600e-01 9.103621471237105780e-08 8.840693097313771986e-08 8.583023824721120916e-08 8.334640089047002015e-08 8.090720366247949593e-08
3.040000000000000000e+03 9.999995707814116619e-01 9.999999999357076508e-01 9.999999999284222563e-01 9.999999999301516507e-01 9.999999999326076860e-01 9.102680671337560449e-08 8.836843497908946036e-08 8.584702050109168910e-08 8.331879377944107797e-08 8.093253881146296906e-08
3.042000000000000000e+03 9.999995708839561903e-01 9.999999999357847003e-01 9.999999999285880126e-01 9.999999999305667631e-01 9.999999999326238953e-01 9.097227192454807484e-08 8.836881205321045921e-08 8.583623198622713473e-08 8.333671562278368649e-08 8.087634520525217329e-08
3.044000000000000000e+03 9.999995708073732281e-01 9.999999999358054614e-01 9.999999999287408903e-01 9.999999999309369114e-01 9.999999999326013578e-01 9.100031934707967787e-08 8.840695599355366038e-08 8.582765270664152525e-08 8.335141198142283571e-08 8.088010204475664493e-08
3.046000000000000000e+03 9.999995707379102372e-01 9.999999999357660485e-01 9.999999999288822217e-01 9.999999999312666477e-01 9.999999999325466238e-01 9.104281021040413787e-08 8.839354062672032905e-08 8.583858685671462543e-08 8.332846246805963194e-08 8.093212747451531870e-08
3.048000000000000000e+03 9.999995708421520746e-01 9.999999999356705693e-01 9.999999999290168917e-01 9.999999999315644095e-01 9.999999999324681310e-01 9.099921241371043394e-08 8.836021688710198092e-08 8.584125735697735051e-08 8.332889339008422900e-08 8.090144893094377796e-08
3.050000000000000000e+03 9.999995708656814752e-01 9.999999999355246860e-01 9.999999999291515618e-01 9.999999999318355259e-01 9.999999999323705424e-01 9.097257772214959008e-08 8.838437157115798405e-08 8.583454940709793686e-08 8.334795575628837053e-08 8.086788467925125419e-08
3.052000000000000000e+03 9.999995707549489410e-01 9.999999999353368363e-01 9.999999999292925601e-01 9.999999999320858812e-01 9.999999999322566335e-01 9.102359964881168285e-08 8.840901034429622595e-08 8.583561085126541527e-08 8.333542249690534738e-08 8.091434034453465649e-08
3.054000000000000000e+03 9.999995707785334087e-01 9.999999999351183444e-01 9.999999999294447717e-01 9.999999999323190281e-01 9.999999999321278477e-01 9.103066700313985789e-08 8.837751348070249282e-08 8.583778821022411721e-08 8.332700374144453313e-08 8.092138900443815690e-08
3.056000000000000000e+03 9.999995708746168832e-01 9.999999999348809787e-01 9.999999999296134146e-01 9.999999999325370759e-01 9.999999999319849620e-01 9.097824286384285889e-08 8.836366228485252260e-08 8.583773139676236329e-08 8.334432389687807221e-08 8.087431254207212198e-08
3.058000000000000000e+03 9.999995708132470851e-01 9.999999999346353974e-01 9.999999999298011533e-01 9.999999999327401357e-01 9.999999999318268662e-01 9.098880858017934653e-08 8.839863738395969394e-08 8.584019621531004711e-08 8.333917310657123191e-08 8.089284241270137604e-08
3.060000000000000000e+03 9.999995707472396633e-01 9.999999999343907042e-01 9.999999999300072107e-01 9.999999999329269862e-01 9.999999999316515620e-01 9.103490000375079634e-08 8.840143258605246518e-08 8.583736988145090496e-08 8.332513579686304024e-08 8.092685316969262530e-08
3.062000000000000000e+03 9.999995708307936049e-01 9.999999999341560031e-01 9.999999999302310316e-01 9.999999999330969613e-01 9.999999999314598265e-01 9.100881265203723851e-08 8.836684448257419449e-08 8.583382514416581493e-08 8.334094860216379707e-08 8.089174217848912305e-08
3.064000000000000000e+03 9.999995708603252043e-01 9.999999999339360679e-01 9.999999999304685083e-01 9.999999999332461753e-01 9.999999999312499943e-01 9.097285795922947642e-08 8.837457112119457372e-08 8.584175976731378755e-08 8.334438965309868245e-08 8.087910598940211553e-08
3.066000000000000000e+03 9.999995707714289805e-01 9.999999999337345624e-01 9.999999999307161991e-01 9.999999999333744061e-01 9.999999999310225096e-01 9.100870072578425871e-08 8.840621000366516294e-08 8.584424519826574274e-08 8.332389781593198437e-08 8.091858083721720848e-08
3.068000000000000000e+03 9.999995707764940400e-01 9.999999999335533740e-01 9.999999999309693299e-01 9.999999999334802103e-01 9.999999999307782605e-01 9.103094010330739111e-08 8.838982489286420218e-08 8.583274790123553230e-08 8.333331435224314766e-08 8.090981099941367175e-08
3.070000000000000000e+03 9.999995708570218467e-01 9.999999999333922807e-01 9.999999999312230159e-01 9.999999999335628109e-01 9.999999999305188014e-01 9.098980885623299677e-08 8.836372816481967012e-08 8.583486042493837298e-08 8.334975838243213068e-08 8.087804016890279429e-08
3.072000000000000000e+03 9.999995708242096493e-01 9.999999999332511713e-01 9.999999999314737043e-01 9.999999999336218748e-01 9.999999999302454645e-01 9.098093943905480629e-08 8.838756383135317634e-08 8.584885157196262942e-08 8.332893522045855596e-08 8.090282265341750376e-08
3.074000000000000000e+03 9.999995707604344419e-01 9.999999999331282696e-01 9.999999999317179533e-01 9.999999999336594003e-01 9.999999999299598041e-01 9.102159003764475249e-08 8.840700507388383557e-08 8.584154032961144402e-08 8.332270009221686877e-08 8.092017851204405244e-08
3.076000000000000000e+03 9.999995708122340066e-01 9.999999999330234646e-01 9.999999999319540978e-01 9.999999999336773859e-01 9.999999999296648179e-01 9.101776826513091471e-08 8.837816722553408549e-08 8.582846466485227544e-08 8.334813977978285997e-08 8.088882223224172363e-08
3.078000000000000000e+03 9.999995708548360396e-01 9.999999999329352018e-01 9.999999999321796951e-01 9.999999999336767198e-01 9.999999999293615049e-01 9.098099955616990204e-08 8.836744141690989264e-08 8.584195397130337132e-08 8.334039520956741985e-08 8.088813775629626010e-08
3.080000000000000000e+03 9.999995707919053789e-01 9.999999999328637035e-01 9.999999999323949673e-01 9.999999999336592893e-01 9.999999999290514197e-01 9.099421608515614312e-08 8.839978215596957719e-08 8.585234824589448366e-08 8.331756577729345799e-08 8.091813219109533072e-08
3.082000000000000000e+03 9.999995707722548755e-01 9.999999999328071931e-01 9.999999999325981381e-01 9.999999999336269818e-01 9.999999999287347840e-01 9.102390306487077317e-08 8.840141396710945082e-08 8.583424328543691554e-08 8.333698756847708958e-08 8.090534998659381888e-08
3.084000000000000000e+03 9.999995708389028959e-01 9.999999999327660039e-01 9.999999999327897626e-01 9.999999999335816847e-01 9.999999999284137076e-01 9.100426216909321005e-08 8.836914142973717359e-08 8.582928618388932983e-08 8.334968003780733460e-08 8.088309749655705594e-08
3.086000000000000000e+03 9.999995708346390844e-01 9.999999999327394695e-01 9.999999999329701739e-01 9.999999999335245082e-01 9.999999999280889673e-01 9.098234915970140085e-08 8.837788603798579708e-08 8.585107976862020985e-08 8.332354357388918267e-08 8.090510245878215597e-08
3.088000000000000000e+03 9.999995707719248061e-01 9.999999999327267020e-01 9.999999999331382616e-01 9.999999999334567846e-01 9.999999999277604523e-01 9.100452091737639232e-08 8.840760719576426662e-08 8.584961744013390162e-08 8.332375682972703233e-08 8.091741397905704637e-08
3.090000000000000000e+03 9.999995707994450145e-01 9.999999999327272571e-01 9.999999999332961353e-01 9.999999999333804013e-01 9.999999999274296059e-01 9.101877995939278917e-08 8.839016110710910396e-08 8.582671071571450293e-08 8.334845171591941483e-08 8.089154501231072181e-08
3.092000000000000000e+03 9.999995708491742352e-01 9.999999999327398026e-01 9.999999999334431289e-01 9.999999999332958023e-01 9.999999999270972051e-01 9.099681703897623634e-08 8.836743690628360977e-08 8.583609033637422433e-08 8.333577841837351584e-08 8.089005852170224688e-08
3.094000000000000000e+03 9.999995708021085505e-01 9.999999999327622291e-01 9.999999999335782430e-01 9.999999999332035427e-01 9.999999999267622508e-01 9.098835380447268220e-08 8.839225314317405144e-08 8.585802650024566977e-08 8.331863011101088175e-08 8.091625334287561443e-08
3.096000000000000000e+03 9.999995707745912288e-01 9.999999999327940925e-01 9.999999999337031431e-01 9.999999999331045109e-01 9.999999999264256312e-01 9.100808979925555951e-08 8.840623530280536804e-08 8.584074987151718591e-08 8.333825838370965508e-08 8.090798013730707735e-08
3.098000000000000000e+03 9.999995708324540544e-01 9.999999999328343936e-01 9.999999999338189394e-01 9.999999999330007050e-01 9.999999999260882344e-01 9.101305579445427381e-08 8.837895005475382842e-08 8.582305328372048243e-08 8.334376443072923637e-08 8.088491555250505499e-08
3.100000000000000000e+03 9.999995708308875297e-01 9.999999999328808009e-01 9.999999999339252987e-01 9.999999999328912370e-01 9.999999999257496164e-01 9.099600009927169531e-08 8.837603808102538726e-08 8.584785514721872578e-08 8.332355702115980279e-08 8.090215126243413744e-08
3.102000000000000000e+03 9.999995707757176611e-01 9.999999999329340916e-01 9.999999999340234424e-01 9.999999999327781053e-01 9.999999999254104432e-01 9.099224468424602299e-08 8.840236207431924254e-08 8.585833304644120568e-08 8.332864111929310204e-08 8.091949526792998819e-08
3.104000000000000000e+03 9.999995708070956724e-01 9.999999999329917122e-01 9.999999999341135926e-01 9.999999999326589784e-01 9.999999999250683835e-01 9.100765434991003076e-08 8.839641195401653199e-08 8.582811490502036881e-08 8.334280862039604625e-08 8.089502096134711474e-08
3.106000000000000000e+03 9.999995708437255937e-01 9.999999999330539957e-01 9.999999999341965262e-01 9.999999999325366318e-01 9.999999999247252136e-01 9.101192293608782370e-08 8.837658908712972900e-08 8.582777677705978119e-08 8.333107018965214201e-08 8.088634307782210557e-08
3.108000000000000000e+03 9.999995707901403463e-01 9.999999999331218303e-01 9.999999999342741308e-01 9.999999999324102884e-01 9.999999999243807114e-01 9.099653628260015680e-08 8.838955084293164833e-08 8.585993371429230746e-08 8.332607259076130028e-08 8.091552354340093595e-08
3.110000000000000000e+03 9.999995707853874816e-01 9.999999999331936618e-01 9.999999999343447410e-01 9.999999999322796151e-01 9.999999999240332116e-01 9.099185330528819180e-08 8.840145201431935379e-08 8.584833138810389071e-08 8.333809740912998564e-08 8.091297426279308657e-08
3.112000000000000000e+03 9.999995708453867094e-01 9.999999999332694900e-01 9.999999999344088009e-01 9.999999999321437238e-01 9.999999999236817150e-01 9.100964523223920397e-08 8.838746552847787347e-08 8.581877847827791906e-08 8.333418842678926733e-08 8.088297877282088018e-08
3.114000000000000000e+03 9.999995708122920712e-01 9.999999999333503142e-01 9.999999999344678647e-01 9.999999999320032806e-01 9.999999999233273318e-01 9.101394400537896917e-08 8.838533529122238584e-08 8.584190376537116338e-08 8.332746733340687426e-08 8.089785814867240271e-08
3.116000000000000000e+03 9.999995707661794020e-01 9.999999999334359124e-01 9.999999999345200452e-01 9.999999999318566202e-01 9.999999999229681746e-01 9.099292411222068386e-08 8.839698627262416775e-08 8.586344992261380980e-08 8.333645069882001261e-08 8.092317819888667112e-08
3.118000000000000000e+03 9.999995708323247134e-01 9.999999999335272838e-01 9.999999999345661195e-01 9.999999999317045196e-01 9.999999999226045766e-01 9.099198637564050446e-08 8.839293837301056206e-08 8.583097983878176044e-08 8.333475870073953813e-08 8.089656107061485584e-08
3.120000000000000000e+03 9.999995708454082477e-01 9.999999999336244283e-01 9.999999999346053103e-01 9.999999999315460908e-01 9.999999999222354274e-01 9.101690059633281561e-08 8.838888227674619813e-08 8.582131016205538660e-08 8.332652454437459821e-08 8.088091711139937583e-08
3.122000000000000000e+03 9.999995707616553542e-01 9.999999999337264578e-01 9.999999999346360635e-01 9.999999999313794463e-01 9.999999999218587288e-01 9.101254507241513595e-08 8.839665219006012694e-08 8.585779098679743954e-08 8.333660541552016186e-08 8.091510186444457244e-08
3.124000000000000000e+03 9.999995707934157263e-01 9.999999999338354817e-01 9.999999999346596002e-01 9.999999999312062515e-01 9.999999999214769231e-01 9.098628646408966623e-08 8.839312098448483629e-08 8.585254969891842324e-08 8.333902793546345960e-08 8.091637533321986815e-08
3.126000000000000000e+03 9.999995708721807208e-01 9.999999999339501677e-01 9.999999999346738111e-01 9.999999999310245080e-01 9.999999999210874568e-01 9.099900765333721690e-08 8.838809284839907902e-08 8.581749290150808928e-08 8.332446081892536321e-08 8.087998535915640110e-08
3.128000000000000000e+03 9.999995707951983004e-01 9.999999999340702939e-01 9.999999999346780299e-01 9.999999999308347709e-01 9.999999999206905521e-01 9.102457448677118617e-08 8.839991600785806741e-08 8.583645748322593562e-08 8.333170931614218116e-08 8.089382879063226027e-08
3.130000000000000000e+03 9.999995707450310967e-01 9.999999999341953050e-01 9.999999999346708135e-01 9.999999999306355969e-01 9.999999999202852097e-01 9.100393621361382620e-08 8.839952868900132791e-08 8.586296379647424291e-08 8.334600642558182377e-08 8.092470487228772755e-08
3.132000000000000000e+03 9.999995708552983364e-01 9.999999999343249790e-01 9.999999999346529389e-01 9.999999999304284293e-01 9.999999999198723177e-01 9.098409014337123010e-08 8.838424676224967229e-08 8.583258382488309636e-08 8.332950160153898508e-08 8.089696255087234486e-08
3.134000000000000000e+03 9.999995708587317012e-01 9.999999999344573176e-01 9.999999999346214086e-01 9.999999999302119358e-01 9.999999999194505440e-01 9.101284808727205477e-08 8.839442526133774578e-08 8.581841615143828912e-08 8.332176731181521976e-08 8.087703279343902910e-08
3.136000000000000000e+03 9.999995707365255670e-01 9.999999999345920987e-01 9.999999999345768886e-01 9.999999999299870046e-01 9.999999999190203326e-01 9.102492017411695005e-08 8.841031497751021651e-08 8.585349374478179955e-08 8.334566581307920780e-08 8.091286798997479822e-08
3.138000000000000000e+03 9.999995707874526074e-01 9.999999999347267687e-01 9.999999999345182689e-01 9.999999999297536357e-01 9.999999999185820165e-01 9.099253187209619454e-08 8.839154567097040487e-08 8.585181973845923038e-08 8.334371094954889678e-08 8.091732472590439686e-08
3.140000000000000000e+03 9.999995708962340357e-01 9.999999999348595514e-01 9.999999999344452162e-01 9.999999999295127173e-01 9.999999999181354848e-01 9.099223888081095513e-08 8.838139812304036681e-08 8.581745071337311813e-08 8.331821172321718136e-08 8.087948128505528358e-08
3.142000000000000000e+03 9.999995707956108593e-01 9.999999999349885593e-01 9.999999999343575086e-01 9.999999999292645825e-01 9.999999999176811816e-01 9.102592057493629025e-08 8.840854650949192113e-08 8.583289195548244011e-08 8.333244995499363146e-08 8.089025636526777206e-08
3.144000000000000000e+03 9.999995707231729147e-01 9.999999999351126823e-01 9.999999999342558121e-01 9.999999999290102304e-01 9.999999999172201059e-01 9.101581696365047816e-08 8.841069579291173945e-08 8.585895564455646799e-08 8.335504785998022243e-08 8.092268214469943309e-08
3.146000000000000000e+03 9.999995708578874876e-01 9.999999999352285895e-01 9.999999999341395718e-01 9.999999999287512154e-01 9.999999999167520359e-01 9.098732503102876944e-08 8.838025321118449693e-08 8.583196178561649544e-08 8.333075247080214802e-08 8.089892051874672324e-08
3.148000000000000000e+03 9.999995708786059145e-01 9.999999999353349489e-01 9.999999999340098977e-01 9.999999999284884256e-01 9.999999999162784148e-01 9.100852901793881111e-08 8.838971862412196872e-08 8.581726898637291060e-08 8.331707881077925809e-08 8.087666050021754470e-08
3.150000000000000000e+03 9.999995707319756511e-01 9.999999999354289848e-01 9.999999999338677892e-01 9.999999999282228602e-01 9.999999999157997976e-01 9.103023553159429831e-08 8.842038337388703313e-08 8.584888410022643682e-08 8.334906223008301444e-08 8.090811403412579498e-08
3.152000000000000000e+03 9.999995707676868628e-01 9.999999999355095870e-01 9.999999999337144674e-01 9.999999999279570728e-01 9.999999999153170727e-01 9.100339555719888061e-08 8.840045140266528091e-08 8.584896143656160898e-08 8.335155066258470670e-08 8.091743363662489910e-08
3.154000000000000000e+03 9.999995709025365498e-01 9.999999999355743130e-01 9.999999999335500434e-01 9.999999999276910634e-01 9.999999999148314611e-01 9.099346841310967121e-08 8.837523290524086949e-08 8.581745540322925654e-08 8.331771710896563811e-08 8.088392048223353786e-08
3.156000000000000000e+03 9.999995708160502872e-01 9.999999999356229408e-01 9.999999999333785139e-01 9.999999999274280515e-01 9.999999999143447393e-01 9.102448787661074359e-08 8.840507910421494868e-08 8.582966062362758961e-08 8.332845108335133579e-08 8.088747774605363467e-08
3.158000000000000000e+03 9.999995707128890299e-01 9.999999999356529168e-01 9.999999999331994349e-01 9.999999999271687035e-01 9.999999999138565743e-01 9.102462421587638732e-08 8.842226001733624923e-08 8.585437088612260574e-08 8.335975680286155711e-08 8.091820230080101557e-08
3.160000000000000000e+03 9.999995708361008040e-01 9.999999999356643521e-01 9.999999999330153599e-01 9.999999999269139073e-01 9.999999999133689643e-01 9.099650157638776953e-08 8.838648690656093804e-08 8.583192732370090389e-08 8.333767741089668308e-08 8.090432215528989645e-08
3.162000000000000000e+03 9.999995708943829609e-01 9.999999999356584679e-01 9.999999999328305078e-01 9.999999999266682149e-01 9.999999999128846850e-01 9.100810991539062540e-08 8.838041154442359428e-08 8.581643998959449166e-08 8.331417204801197417e-08 8.088042526376858775e-08
3.164000000000000000e+03 9.999995707526951882e-01 9.999999999356327107e-01 9.999999999326441014e-01 9.999999999264301831e-01 9.999999999124022931e-01 9.103278157183229171e-08 8.841893438554183392e-08 8.584340144161290431e-08 8.334509878266276545e-08 8.090196018129316749e-08
3.166000000000000000e+03 9.999995707439595094e-01 9.999999999355914104e-01 9.999999999324612476e-01 9.999999999262038086e-01 9.999999999119261185e-01 9.101498807356905411e-08 8.841366881571737174e-08 8.584737023984790723e-08 8.335788539009406639e-08 8.091793151112322346e-08
3.168000000000000000e+03 9.999995708850429876e-01 9.999999999355325686e-01 9.999999999322816135e-01 9.999999999259884254e-01 9.999999999114550508e-01 9.099950451022930932e-08 8.837668721592822038e-08 8.581987980764849071e-08 8.332260306344270181e-08 8.089301237035448787e-08
3.170000000000000000e+03 9.999995708469571198e-01 9.999999999354588498e-01 9.999999999321091959e-01 9.999999999257862537e-01 9.999999999109915327e-01 9.102367429093025119e-08 8.839279234204503576e-08 8.582583247587122582e-08 8.332210605756035947e-08 8.088628205322122847e-08
3.172000000000000000e+03 9.999995707226532193e-01 9.999999999353716973e-01 9.999999999319445498e-01 9.999999999255978489e-01 9.999999999105362303e-01 9.103238059670071704e-08 8.842480359663834754e-08 8.584922916149528868e-08 8.335691468654802576e-08 8.091255930396890998e-08
3.174000000000000000e+03 9.999995707987466842e-01 9.999999999352732205e-01 9.999999999317900068e-01 9.999999999254239880e-01 9.999999999100893655e-01 9.100871970777123233e-08 8.839962299972920727e-08 8.583542294007255117e-08 8.334529830275239749e-08 8.091160331403089343e-08
3.176000000000000000e+03 9.999995708943903994e-01 9.999999999351668611e-01 9.999999999316470101e-01 9.999999999252653371e-01 9.999999999096530479e-01 9.101012879939218144e-08 8.837493744099234358e-08 8.581841780125457366e-08 8.331498281545165748e-08 8.088740168731944591e-08
3.178000000000000000e+03 9.999995707922385568e-01 9.999999999350548396e-01 9.999999999315180021e-01 9.999999999251230065e-01 9.999999999092288316e-01 9.103406210611696890e-08 8.840607986912934986e-08 8.583665547687696402e-08 8.333599233720469974e-08 8.089604137693412341e-08
3.180000000000000000e+03 9.999995707315799676e-01 9.999999999349395985e-01 9.999999999314020949e-01 9.999999999249964411e-01 9.999999999088160507e-01 9.102765807442438091e-08 8.842121464024854433e-08 8.584643229850431556e-08 8.335767093278564142e-08 8.091728703863705524e-08
3.182000000000000000e+03 9.999995708465133637e-01 9.999999999348229140e-01 9.999999999312999543e-01 9.999999999248845306e-01 9.999999999084143720e-01 9.100941602209773116e-08 8.838633574767985281e-08 8.582728784858643250e-08 8.332982703191147676e-08 8.090319402796289573e-08
3.184000000000000000e+03 9.999995708706905795e-01 9.999999999347084501e-01 9.999999999312133570e-01 9.999999999247882743e-01 9.999999999080259050e-01 9.102270768235502819e-08 8.838031968260207457e-08 8.582457126067075799e-08 8.331775068448548344e-08 8.088722153800776901e-08
3.186000000000000000e+03 9.999995707552754576e-01 9.999999999345978718e-01 9.999999999311407484e-01 9.999999999247063398e-01 9.999999999076503165e-01 9.103799026107916650e-08 8.841481807935272274e-08 8.584257851887713783e-08 8.334730695265084541e-08 8.090593264759627521e-08
3.188000000000000000e+03 9.999995707647293397e-01 9.999999999344939550e-01 9.999999999310835719e-01 9.999999999246389493e-01 9.999999999072880508e-01 9.102393921887577401e-08 8.841087360973094886e-08 8.584054901952544551e-08 8.334830820173743193e-08 8.091609756179403571e-08
3.190000000000000000e+03 9.999995708702547059e-01 9.999999999343970325e-01 9.999999999310386078e-01 9.999999999245828830e-01 9.999999999069374423e-01 9.101585928647734632e-08 8.837796562499832583e-08 8.582618853620970483e-08 8.331970304929984763e-08 8.089507398546057476e-08
3.192000000000000000e+03 9.999995708329477706e-01 9.999999999343098800e-01 9.999999999310066334e-01 9.999999999245390292e-01 9.999999999065998235e-01 9.103264564703131726e-08 8.838905714660703657e-08 8.583203924897384010e-08 8.332719830025789935e-08 8.089166052174412320e-08
3.194000000000000000e+03 9.999995707447970616e-01 9.999999999342321644e-01 9.999999999309853171e-01 9.999999999245042792e-01 9.999999999062733069e-01 9.103796164739605811e-08 8.841656026537761498e-08 8.584340905581997198e-08 8.335031029639109691e-08 8.091297076792283775e-08
3.196000000000000000e+03 9.999995708023171614e-01 9.999999999341652179e-01 9.999999999309735488e-01 9.999999999244784110e-01 9.999999999059582256e-01 9.102399297730223952e-08 8.839823221932060290e-08 8.583694787068402215e-08 8.333539243539336182e-08 8.090954856540354768e-08
3.198000000000000000e+03 9.999995708686787443e-01 9.999999999341083745e-01 9.999999999309696630e-01 9.999999999244589821e-01 9.999999999056530253e-01 9.102446208090585084e-08 8.837556589930997484e-08 8.582970847664159377e-08 8.331847945244506664e-08 8.088992351548659998e-08
3.200000000000000000e+03 9.999995707992690441e-01 9.999999999340613011e-01 9.999999999309716614e-01 9.999999999244447713e-01 9.999999999053573729e-01 9.103849405337955606e-08 8.839700496688794583e-08 8.583691105698705091e-08 8.333650500343149401e-08 8.089899082357788244e-08
3.202000000000000000e+03 9.999995707561440961e-01 9.999999999340235535e-01 9.999999999309778786e-01 9.999999999244341131e-01 9.999999999050696031e-01 9.103726294577529096e-08 8.841196824026023463e-08 8.584247982798976640e-08 8.334529716702301383e-08 8.091435481418862879e-08
3.204000000000000000e+03 9.999995708295174035e-01 9.999999999339935775e-01 9.999999999309864274e-01 9.999999999244254534e-01 9.999999999047886057e-01 9.102750192580903892e-08 8.838724724135428790e-08 8.583703806595434797e-08 8.332608251252590600e-08 8.090043422794420513e-08
3.206000000000000000e+03 9.999995708506550507e-01 9.999999999339694856e-01 9.999999999309950871e-01 9.999999999244165716e-01 9.999999999045130483e-01 9.103213217628865922e-08 8.837770073118797932e-08 8.583388777593484121e-08 8.332386855754131547e-08 8.088987845330868623e-08
3.208000000000000000e+03 9.999995707801832001e-01 9.999999999339495016e-01 9.999999999310023036e-01 9.999999999244065796e-01 9.999999999042414878e-01 9.104125974295783790e-08 8.840142226947802063e-08 8.583911189071442067e-08 8.334083015683518820e-08 8.090561009410263215e-08
3.210000000000000000e+03 9.999995707778576159e-01 9.999999999339322931e-01 9.999999999310074106e-01 9.999999999243940341e-01 9.999999999039722587e-01 9.103780261930940405e-08 8.840366553496023234e-08 8.584249233824630871e-08 8.333717828163592467e-08 8.090971525613958658e-08
3.212000000000000000e+03 9.999995708403673911e-01 9.999999999339159729e-01 9.999999999310089649e-01 9.999999999243782689e-01 9.999999999037046949e-01 9.103256559985070956e-08 8.838011287094976682e-08 8.583903785822657412e-08 8.332363331209599058e-08 8.089329487996578964e-08
3.214000000000000000e+03 9.999995708284202811e-01 9.999999999338982093e-01 9.999999999310058563e-01 9.999999999243582849e-01 9.999999999034364651e-01 9.103755432205024576e-08 8.838183107733188392e-08 8.583655613411388341e-08 8.333079331671034091e-08 8.089416676259805900e-08
3.216000000000000000e+03 9.999995707770414910e-01 9.999999999338774481e-01 9.999999999309980847e-01 9.999999999243334159e-01 9.999999999031666809e-01 9.104264399247148750e-08 8.840162249702893286e-08 8.584033152937996428e-08 8.333988707428266282e-08 8.090811971302486439e-08
3.218000000000000000e+03 9.999995707983039273e-01 9.999999999338526901e-01 9.999999999309849841e-01 9.999999999243032178e-01 9.999999999028940101e-01 9.103975047013150879e-08 8.839471480011163646e-08 8.584375665231114954e-08 8.333119832481555954e-08 8.090226412828034419e-08
3.220000000000000000e+03 9.999995708373835557e-01 9.999999999338221590e-01 9.999999999309669985e-01 9.999999999242682458e-01 9.999999999026165654e-01 9.103736766963075494e-08 8.837709028561632691e-08 8.584069382525008443e-08 8.332664253342617250e-08 8.089117292370785998e-08
3.222000000000000000e+03 9.999995708115638759e-01 9.999999999337855217e-01 9.999999999309447940e-01 9.999999999242281667e-01 9.999999999023339026e-01 9.104088047616907648e-08 8.838567825713330680e-08 8.583774234086389321e-08 8.333542579181917532e-08 8.089944330327696470e-08
3.224000000000000000e+03 9.999995707842952442e-01 9.999999999337418899e-01 9.999999999309185927e-01 9.999999999241833137e-01 9.999999999020442454e-01 9.104379392721068527e-08 8.839861148655584332e-08 8.584170071289195813e-08 8.333662250006853770e-08 8.090611383542136594e-08
3.226000000000000000e+03 9.999995708106683701e-01 9.999999999336921519e-01 9.999999999308905041e-01 9.999999999241352411e-01 9.999999999017471497e-01 9.104230805232840621e-08 8.838741803153604597e-08 8.584506983453147970e-08 8.332964698148958621e-08 8.089645007853091576e-08
3.228000000000000000e+03 9.999995708277644724e-01 9.999999999336369738e-01 9.999999999308623044e-01 9.999999999240850590e-01 9.999999999014420604e-01 9.104095908348588132e-08 8.837714244941988940e-08 8.584100630055099612e-08 8.333154383986759570e-08 8.089358636942266329e-08
3.230000000000000000e+03 9.999995708036623077e-01 9.999999999335769107e-01 9.999999999308351040e-01 9.999999999240336557e-01 9.999999999011283114e-01 9.104282668628840209e-08 8.838801655635106783e-08 8.583832369673324840e-08 8.333694811747811993e-08 8.090267912072692452e-08
3.232000000000000000e+03 9.999995707943254430e-01 9.999999999335138501e-01 9.999999999308113452e-01 9.999999999239824744e-01 9.999999999008047924e-01 9.104502154189737720e-08 8.839416963951692429e-08 8.584311833202545493e-08 8.333414587858350198e-08 8.090213785285985838e-08
3.234000000000000000e+03 9.999995708143842865e-01 9.999999999334490131e-01 9.999999999307921383e-01 9.999999999239328474e-01 9.999999999004717255e-01 9.104458855788577684e-08 8.838281896306779839e-08 8.584530201005391951e-08 8.333160004282673976e-08 8.089468908756660446e-08
3.236000000000000000e+03 9.999995708183817555e-01 9.999999999333862855e-01 9.999999999307817022e-01 9.999999999238882165e-01 9.999999999001303319e-01 9.104319464819969769e-08 8.837883691289488161e-08 8.584022305450587663e-08 8.333546404736288001e-08 8.089774388445105947e-08
3.238000000000000000e+03 9.999995708028850405e-01 9.999999999333273326e-01 9.999999999307814802e-01 9.999999999238500248e-01 9.999999998997800565e-01 9.104400066607399755e-08 8.838874032626318942e-08 8.583884072577987034e-08 8.333662218091480821e-08 8.090320550285706618e-08
3.240000000000000000e+03 9.999995708018488694e-01 9.999999999332749301e-01 9.999999999307926934e-01 9.999999999238194937e-01 9.999999998994213435e-01 9.104612280869325753e-08 8.838994730161998107e-08 8.584390370615015570e-08 8.333373268157537519e-08 8.089917043943126641e-08
3.242000000000000000e+03 9.999995708128880390e-01 9.999999999332319645e-01 9.999999999308182286e-01 9.999999999237996207e-01 9.999999998990550809e-01 9.104607238498214229e-08 8.838086609949380625e-08 8.584419082338426246e-08 8.333473121111023184e-08 8.089638197987308889e-08
3.244000000000000000e+03 9.999995708126527827e-01 9.999999999332014333e-01 9.999999999308598619e-01 9.999999999237924042e-01 9.999999998986823790e-01 9.104433078673710261e-08 8.838102447508874642e-08 8.583902732620351578e-08 8.333738200699055934e-08 8.090108486371973910e-08
3.246000000000000000e+03 9.999995708052347165e-01 9.999999999331848910e-01 9.999999999309178156e-01 9.999999999237987325e-01 9.999999998983040150e-01 9.104469104455692056e-08 8.838843730047323253e-08 8.583925981495392198e-08 8.333596104447063599e-08 8.090224817220385461e-08
3.248000000000000000e+03 9.999995708054375543e-01 9.999999999331858902e-01 9.999999999309951981e-01 9.999999999238218251e-01 9.999999998979224314e-01 9.104678974467459757e-08 8.838695244884991274e-08 8.584361523445630175e-08 8.333483850388738615e-08 8.089848169959508240e-08
3.250000000000000000e+03 9.999995708101186986e-01 9.999999999332050971e-01 9.999999999310906773e-01 9.999999999238623483e-01 9.999999998975376281e-01 9.104664380884589285e-08 8.838090346783984952e-08 8.584219786715403815e-08 8.333714068882109465e-08 8.089933938869424857e-08
3.252000000000000000e+03 9.999995708105370307e-01 9.999999999332450651e-01 9.999999999312058074e-01 9.999999999239224113e-01 9.999999998971527138e-01 9.104468908193991834e-08 8.838308803070713435e-08 8.583791917266030909e-08 8.333765001827369273e-08 8.090263176185423351e-08
3.254000000000000000e+03 9.999995708075701817e-01 9.999999999333056833e-01 9.999999999313391452e-01 9.999999999240027915e-01 9.999999998967687986e-01 9.104495717826473612e-08 8.838785284229619630e-08 8.583933591241192923e-08 8.333566578678214541e-08 8.090124218256935770e-08
3.256000000000000000e+03 9.999995708062895394e-01 9.999999999333885059e-01 9.999999999314919119e-01 9.999999999241054871e-01 9.999999998963894354e-01 9.104684920463753799e-08 8.838548389339743846e-08 8.584235972564170481e-08 8.333622574842201492e-08 8.089946217970759240e-08
3.258000000000000000e+03 9.999995708083374568e-01 9.999999999334910905e-01 9.999999999316606658e-01 9.999999999242290549e-01 9.999999998960145131e-01 9.104643647917897921e-08 8.838213912906113123e-08 8.584000792397353437e-08 8.333808162934134147e-08 8.090164732609645693e-08
3.260000000000000000e+03 9.999995708103885939e-01 9.999999999336133261e-01 9.999999999318439636e-01 9.999999999243746052e-01 9.999999998956471403e-01 9.104451321451355485e-08 8.838484899491343662e-08 8.583708518027846271e-08 8.333703401326603610e-08 8.090269589156559720e-08
3.262000000000000000e+03 9.999995708087001667e-01 9.999999999337536583e-01 9.999999999320406951e-01 9.999999999245423599e-01 9.999999998952898705e-01 9.104479052392469710e-08 8.838752509349991176e-08 8.583897733733021066e-08 8.333565302980569758e-08 8.090077364640442034e-08
3.264000000000000000e+03 9.999995708061908406e-01 9.999999999339096446e-01 9.999999999322477517e-01 9.999999999247314308e-01 9.999999998949448132e-01 9.104631046234060565e-08 8.838533798888183449e-08 8.584062679928543605e-08 8.333697625885900536e-08 8.090077318013868355e-08
3.266000000000000000e+03 9.999995708079347789e-01 9.999999999340781764e-01 9.999999999324616917e-01 9.999999999249408189e-01 9.999999998946142998e-01 9.104567695328176518e-08 8.838391263152527039e-08 8.583816126405789484e-08 8.333773981818645380e-08 8.090253225595824533e-08
3.268000000000000000e+03 9.999995708106811376e-01 9.999999999342545909e-01 9.999999999326789624e-01 9.999999999251681926e-01 9.999999998942992185e-01 9.104396715688486558e-08 8.838634245303110305e-08 8.583653955320473351e-08 8.333612769693162506e-08 8.090199388842766561e-08
3.270000000000000000e+03 9.999995708088481594e-01 9.999999999344356683e-01 9.999999999328962330e-01 9.999999999254124416e-01 9.999999998940023449e-01 9.104421651478281178e-08 8.838767004778167560e-08 8.583833584559219881e-08 8.333558129819325204e-08 8.090065409154678476e-08
3.272000000000000000e+03 9.999995708062600075e-01 9.999999999346176338e-01 9.999999999331103950e-01 9.999999999256722338e-01 9.999999998937257883e-01 9.104530844955901567e-08 8.838607957510474913e-08 8.583897747303075187e-08 8.333684949964961661e-08 8.090145339314473725e-08
3.274000000000000000e+03 9.999995708083001533e-01 9.999999999347956026e-01 9.999999999333173406e-01 9.999999999259441275e-01 9.999999998934711032e-01 9.104460348569498663e-08 8.838575873121240540e-08 8.583694303339135695e-08 8.333671497120860784e-08 8.090220750546111628e-08
3.276000000000000000e+03 9.999995708106897974e-01 9.999999999349653557e-01 9.999999999335137391e-01 9.999999999262262351e-01 9.999999998932397327e-01 9.104318465525056220e-08 8.838763152372392088e-08 8.583625376059273840e-08 8.333525460336951348e-08 8.090109978052814819e-08
3.278000000000000000e+03 9.999995708087141555e-01 9.999999999351216751e-01 9.999999999336947054e-01 9.999999999265141160e-01 9.999999998930317879e-01 9.104330241256437768e-08 8.838826119042737061e-08 8.583767954572501513e-08 8.333524709661549701e-08 8.090049017008427586e-08
3.280000000000000000e+03 9.999995708067336286e-01 9.999999999352618962e-01 9.999999999338585743e-01 9.999999999268061046e-01 9.999999998928501554e-01 9.104402219907950843e-08 8.838724326080668943e-08 8.583784784243662052e-08 8.333613122157925096e-08 8.090130241808504816e-08
3.282000000000000000e+03 9.999995708086066859e-01 9.999999999353821334e-01 9.999999999340023482e-01 9.999999999270995366e-01 9.999999998926950573e-01 9.104347842542824374e-08 8.838733149119037501e-08 8.583642334197342009e-08 8.333566309372636053e-08 8.090137797673805230e-08
3.284000000000000000e+03 9.999995708104409964e-01 9.999999999354793889e-01 9.999999999341231405e-01 9.999999999273901929e-01 9.999999998925667155e-01 9.104231120764671782e-08 8.838874626310214807e-08 8.583612748771230586e-08 8.333454467918018515e-08 8.090033292109355400e-08
3.286000000000000000e+03 9.999995708090141378e-01 9.999999999355506652e-01 9.999999999342182866e-01 9.999999999276739659e-01 9.999999998924645750e-01 9.104204792114056191e-08 8.838923986467337947e-08 8.583724499718695556e-08 8.333460391806211326e-08 8.090000435486906338e-08
3.288000000000000000e+03 9.999995708070718026e-01 9.999999999355950742e-01 9.999999999342870094e-01 9.999999999279489682e-01 9.999999998923897460e-01 9.104262164287171420e-08 8.838837735034982206e-08 8.583759881242839722e-08 8.333541238430762000e-08 8.090076164181430527e-08
3.290000000000000000e+03 9.999995708080263723e-01 9.999999999356111724e-01 9.999999999343279766e-01 9.999999999282115359e-01 9.999999998923412292e-01 9.104276028045212540e-08 8.838820552666130310e-08 8.583644371333274787e-08 8.333520820175729058e-08 8.090092861850866716e-08
3.292000000000000000e+03 9.999995708109687964e-01 9.999999999355999591e-01 9.999999999343421875e-01 9.999999999284591157e-01 9.999999998923189137e-01 9.104146977052937652e-08 8.838986339714042885e-08 8.583573324996177794e-08 8.333374749149624668e-08 8.089956524630239780e-08
3.294000000000000000e+03 9.999995708103895931e-01 9.999999999355609903e-01 9.999999999343279766e-01 9.999999999286882657e-01 9.999999998923204680e-01 9.104002161110876453e-08 8.839086051549563137e-08 8.583739363792467864e-08 8.333356811927044946e-08 8.089893600497001357e-08
3.296000000000000000e+03 9.999995708050866128e-01 9.999999999354964864e-01 9.999999999342877866e-01 9.999999999288969876e-01 9.999999998923453370e-01 9.104139511815685231e-08 8.838867107407016844e-08 8.583887352335192703e-08 8.333588964248445001e-08 8.090112380249894642e-08
3.298000000000000000e+03 9.999995708063487143e-01 9.999999999354103331e-01 9.999999999342241708e-01 9.999999999290841712e-01 9.999999998923928546e-01 9.104368435788099867e-08 8.838754411687529746e-08 8.583604737146064795e-08 8.333574549861577861e-08 8.090158821449932124e-08
3.300000000000000000e+03 9.999995708161708574e-01 9.999999999353038627e-01 9.999999999341376844e-01 9.999999999292470410e-01 9.999999998924593569e-01 9.104030592085069854e-08 8.839222592044888995e-08 8.583391099548901447e-08 8.333120526085338747e-08 8.089710314032603208e-08
3.302000000000000000e+03 9.999995708112412451e-01 9.999999999351818492e-01 9.999999999340317691e-01 9.999999999293848196e-01 9.999999998925438449e-01 9.103537894257518225e-08 8.839402124241059962e-08 8.583994294181558440e-08 8.333264089419338615e-08 8.089770270251994655e-08
3.304000000000000000e+03 9.999995707943980516e-01 9.999999999350495106e-01 9.999999999339107548e-01 9.999999999294976183e-01 9.999999998926443201e-01 9.104180436602929308e-08 8.838524809118923111e-08 8.584279718661006810e-08 8.334078394784234709e-08 8.090594054289732771e-08
3.306000000000000000e+03 9.999995708096981462e-01 9.999999999349099555e-01 9.999999999337768619e-01 9.999999999295838826e-01 9.999999998927571188e-01 9.104967410481064591e-08 8.838423258094326470e-08 8.583099200100932597e-08 8.333519700999506624e-08 8.090125416208050804e-08
3.308000000000000000e+03 9.999995708345472689e-01 9.999999999347686241e-01 9.999999999336345313e-01 9.999999999296441677e-01 9.999999998928801315e-01 9.103565145457371746e-08 8.840121984400735775e-08 8.582965202277714263e-08 8.332210943025630975e-08 8.088796955360269134e-08
3.310000000000000000e+03 9.999995707959987712e-01 9.999999999346310675e-01 9.999999999334879819e-01 9.999999999296798059e-01 9.999999998930108047e-01 9.102303955344049139e-08 8.839890506869652515e-08 8.585242145172847951e-08 8.333784454938568020e-08 8.090306014511110289e-08
3.312000000000000000e+03 9.999995707680130463e-01 9.999999999345011714e-01 9.999999999333413214e-01 9.999999999296914632e-01 9.999999998931454748e-01 9.105108220732090137e-08 8.836830648974633630e-08 8.584758975623541609e-08 8.335582754447501837e-08 8.092058175605580115e-08
3.314000000000000000e+03 9.999995708500302172e-01 9.999999999343832657e-01 9.999999999331988798e-01 9.999999999296813602e-01 9.999999998932812550e-01 9.106799713783901581e-08 8.838118836669932610e-08 8.580792222007479483e-08 8.331976513280541121e-08 8.088463271667497487e-08
3.316000000000000000e+03 9.999995708611365552e-01 9.999999999342820134e-01 9.999999999330653200e-01 9.999999999296512732e-01 9.999999998934150369e-01 9.101310675023548762e-08 8.843309749601959843e-08 8.583097114503030152e-08 8.330258448442087020e-08 8.087077095797224990e-08
3.318000000000000000e+03 9.999995707106296150e-01 9.999999999342009671e-01 9.999999999329445277e-01 9.999999999296036446e-01 9.999999998935450440e-01 9.099465940922626915e-08 8.839487854579297123e-08 8.589422348990584699e-08 8.337493161269826978e-08 8.094246633627137276e-08
3.320000000000000000e+03 9.999995707653244192e-01 9.999999999341413481e-01 9.999999999328381683e-01 9.999999999295411390e-01 9.999999998936676127e-01 9.109629395436488732e-08 8.831383655441914879e-08 8.583052223549623846e-08 8.337450368783059104e-08 8.093141305548547672e-08
3.322000000000000000e+03 9.999995710002648197e-01 9.999999999341064871e-01 9.999999999327516820e-01 9.999999999294689745e-01 9.999999998937794121e-01 9.110489578473883276e-08 8.840536755746869684e-08 8.574278966209850131e-08 8.324761329131334910e-08 8.081104732943465134e-08
3.324000000000000000e+03 9.999995707855032778e-01 9.999999999340969392e-01 9.999999999326868450e-01 9.999999999293885944e-01 9.999999998938765566e-01 9.092573571472065161e-08 8.851859914441014553e-08 8.588638706849413462e-08 8.330423456406180954e-08 8.089157644541438413e-08
3.326000000000000000e+03 9.999995704920412454e-01 9.999999999341127044e-01 9.999999999326454336e-01 9.999999999293029962e-01 9.999999998939602674e-01 9.095427343487883104e-08 8.832590066205524606e-08 8.598386367092075881e-08 8.349799761099774033e-08 8.105798826300074543e-08
3.328000000000000000e+03 9.999995710134057525e-01 9.999999999341512291e-01 9.999999999326268929e-01 9.999999999292172870e-01 9.999999998940275470e-01 9.125269234517567783e-08 8.819276894027473758e-08 8.570228681517548281e-08 8.331543003299856399e-08 8.083548098002212577e-08
3.330000000000000000e+03 9.999995712374595280e-01 9.999999999342115142e-01 9.999999999326339983e-01 9.999999999291373509e-01 9.999999998940710677e-01 9.112996811960265273e-08 8.855958431738727534e-08 8.564504932648412732e-08 8.307044613218363918e-08 8.066952641151736007e-08
3.332000000000000000e+03 9.999995702353347005e-01 9.999999999342936707e-01 9.999999999326685263e-01 9.999999999290649644e-01 9.999999998940910517e-01 9.066328385267985468e-08 8.866491729627404298e-08 8.613667591055178711e-08 8.348524702307974740e-08 8.112651322106243322e-08
3.334000000000000000e+03 9.999995703941448877e-01 9.999999999343904822e-01 9.999999999327247036e-01 9.999999999289989061e-01 9.999999998940929391e-01 9.098594064120633558e-08 8.802559566410192517e-08 8.604116727625880936e-08 8.370193728418531143e-08 8.116309707864460510e-08
3.336000000000000000e+03 9.999995719871273003e-01 9.999999999344958423e-01 9.999999999327999767e-01 9.999999999289501673e-01 9.999999998940738433e-01 9.166396580156563299e-08 8.806068093631637489e-08 8.527558782990538465e-08 8.292636203216340319e-08 8.039804928190902450e-08
3.338000000000000000e+03 9.999995708680251560e-01 9.999999999346080859e-01 9.999999999328982314e-01 9.999999999289248542e-01 9.999999998940189982e-01 9.096451920660668480e-08 8.908147233995523771e-08 8.572891094079665298e-08 8.293024560708258609e-08 8.073847025918751815e-08
3.340000000000000000e+03 9.999995688326369647e-01 9.999999999347264357e-01 9.999999999330179135e-01 9.999999999289166386e-01 9.999999998939351764e-01 9.006813368638351608e-08 8.868928700821258308e-08 8.677304462529620537e-08 8.416679730474853795e-08 8.178159933833461712e-08
3.342000000000000000e+03 9.999995717579143184e-01 9.999999999348392343e-01 9.999999999331447009e-01 9.999999999289219677e-01 9.999999998938413626e-01 9.141448817858036381e-08 8.720692776123444673e-08 8.564406738969754565e-08 8.359195025521240572e-08 8.069600097113290582e-08
3.344000000000000000e+03 9.999995735232413141e-01 9.999999999349358237e-01 9.999999999332742640e-01 9.999999999289623798e-01 9.999999998937243451e-01 9.244923831595534560e-08 8.831470708267555370e-08 8.446102818551497241e-08 8.192528802434023277e-08 7.963769725935886878e-08
3.346000000000000000e+03 9.999995678592239479e-01 9.999999999350197566e-01 9.999999999334177048e-01 9.999999999290435371e-01 9.999999998935561463e-01 9.008538951551724564e-08 9.023279081978382186e-08 8.667691145337086183e-08 8.358422631244411859e-08 8.187251861862296238e-08
3.348000000000000000e+03 9.999995679948079363e-01 9.999999999350928093e-01 9.999999999335685841e-01 9.999999999291355746e-01 9.999999998933640777e-01 8.915835390461013764e-08 8.789167010956347135e-08 8.759664004624301387e-08 8.536068094014581975e-08 8.230878583865747257e-08
3.350000000000000000e+03 9.999995769253495759e-01 9.999999999351396607e-01 9.999999999337003675e-01 9.999999999292409347e-01 9.999999998931902168e-01 9.298934446306244697e-08 8.578922722945773571e-08 8.387819275301754442e-08 8.202753626330684487e-08 7.870118016807566469e-08
3.352000000000000000e+03 9.999995721161003548e-01 9.999999999351470992e-01 9.999999999338133883e-01 9.999999999294063580e-01 9.999999998929862688e-01 9.329877505605576523e-08 9.000643801597717824e-08 8.400363911355466933e-08 8.092628475644406134e-08 7.995951072379585262e-08
3.354000000000000000e+03 9.999995606588832908e-01 9.999999999351250057e-01 9.999999999339305168e-01 9.999999999296168562e-01 9.999999998927020517e-01 8.754968015540713697e-08 9.166601683254192102e-08 8.944759031591469169e-08 8.636554708652821904e-08 8.462301080571049720e-08
3.356000000000000000e+03 9.999995738493154818e-01 9.999999999350858149e-01 9.999999999340365431e-01 9.999999999298063713e-01 9.999999998924254951e-01 8.873435430205319905e-08 8.493108071208919722e-08 8.705497834037093264e-08 8.543046900702890302e-08 8.031055093728694726e-08
3.358000000000000000e+03 9.999995847128384518e-01 9.999999999350168700e-01 9.999999999340956069e-01 9.999999999300118736e-01 9.999999998922238786e-01 9.670380965302053929e-08 8.486405076956479040e-08 8.016108295505295990e-08 7.800841034554587102e-08 7.586056396330098744e-08
3.360000000000000000e+03 9.999995594841322166e-01 9.999999999348905266e-01 9.999999999341154799e-01 9.999999999303128551e-01 9.999999998919533173e-01 9.271635695393298077e-08 9.451208035500256451e-08 8.638993094273498351e-08 8.282396849442193657e-08 8.438436434400184465e-08
3.362000000000000000e+03 9.999995556713306977e-01 9.999999999347222168e-01 9.999999999341315782e-01 9.999999999306314891e-01 9.999999998915549693e-01 8.260862773993789218e-08 9.124592922506122257e-08 9.358721323082226964e-08 9.105104356817231996e-08 8.614692221081299307e-08
3.364000000000000000e+03 9.999995945812356624e-01 9.999999999345637880e-01 9.999999999341306900e-01 9.999999999308732956e-01 9.999999998912644239e-01 9.111823831381253707e-08 7.890686205457480472e-08 8.194084858643280234e-08 8.046069420310657285e-08 7.330339525494380948e-08
3.366000000000000000e+03 9.999995814533929606e-01 9.999999999343982537e-01 9.999999999340614121e-01 9.999999999311611765e-01 9.999999998911204280e-01 1.025998940915150062e-07 8.774090386963133316e-08 7.676638963638543093e-08 7.406853731450153439e-08 7.768225139419165465e-08
3.368000000000000000e+03 9.999995319662338122e-01 9.999999999341433465e-01 9.999999999339236334e-01 9.999999999315746235e-01 9.999999998907767029e-01 8.761185612023866717e-08 1.014974196303221056e-07 9.479614221420811705e-08 9.153629182261451271e-08 9.290374968698327801e-08
3.370000000000000000e+03 9.999995737892253267e-01 9.999999999338451406e-01 9.999999999337915169e-01 9.999999999319277855e-01 9.999999998902807663e-01 7.650706674363157158e-08 8.473011592458458262e-08 9.439112271870533203e-08 9.196771835776803206e-08 7.892701699611464472e-08
3.372000000000000000e+03 9.999996233390358036e-01 9.999999999336450784e-01 9.999999999336749434e-01 9.999999999321581567e-01 9.999999998901185627e-01 9.979629671692487900e-08 7.226110994125566081e-08 7.047960705680158964e-08 6.843898340262789947e-08 6.599748130764360036e-08
3.374000000000000000e+03 9.999995429215364773e-01 9.999999999334656664e-01 9.999999999334567846e-01 9.999999999324985511e-01 9.999999998901012432e-01 1.075809463713403210e-07 9.879582387190065655e-08 8.082493966119380071e-08 7.890500573634123488e-08 9.128433802455692168e-08
3.376000000000000000e+03 9.999995123925033980e-01 9.999999999331178335e-01 9.999999999331197209e-01 9.999999999329534095e-01 9.999999998896191844e-01 7.487097800687025328e-08 1.057180047606479170e-07 1.077977029721929057e-07 1.047160770805819740e-07 9.481803621811370434e-08
3.378000000000000000e+03 9.999996339367074327e-01 9.999999999327703337e-01 9.999999999328588185e-01 9.999999999332409573e-01 9.999999998891129227e-01 7.451874254285258736e-08 6.902611314856694366e-08 8.338563822457624093e-08 7.912639575831273786e-08 6.032053376381996861e-08
3.380000000000000000e+03 9.999996197354698024e-01 9.999999999326832922e-01 9.999999999326908418e-01 9.999999999334112655e-01 9.999999998892847852e-01 1.163677600177325319e-07 7.313890099761197808e-08 5.896740575371763821e-08 5.815126801316689071e-08 7.395324018515866028e-08
3.382000000000000000e+03 9.999994676420130846e-01 9.999999999325804856e-01 9.999999999323190281e-01 9.999999999337529921e-01 9.999999998893561726e-01 1.043798255840662213e-07 1.179833895520254801e-07 9.976279484584467770e-08 1.002255311378126638e-07 1.103205541496617708e-07
3.384000000000000000e+03 9.999995529296735741e-01 9.999999999321771416e-01 9.999999999317786825e-01 9.999999999341390167e-01 9.999999998886447417e-01 5.573849113117616789e-08 9.704187019117956601e-08 1.135434766221894601e-07 1.067874809000516604e-07 7.427438730083666335e-08
3.386000000000000000e+03 9.999997084979382889e-01 9.999999999319256760e-01 9.999999999315114518e-01 9.999999999342877866e-01 9.999999998883636332e-01 8.498201325802429514e-08 4.911648946954670063e-08 5.760925607365901620e-08 5.185236895213628758e-08 4.825796532716925504e-08
3.388000000000000000e+03 9.999995345062105967e-01 9.999999999321130817e-01 9.999999999313882171e-01 9.999999999343672785e-01 9.999999998890271025e-01 1.355962830070422977e-07 9.151647641086752208e-08 6.360265911588139728e-08 6.933709987023743723e-08 1.057564940351170491e-07
3.390000000000000000e+03 9.999994173374875395e-01 9.999999999321030897e-01 9.999999999308337717e-01 9.999999999346133039e-01 9.999999998889685937e-01 8.531085238093508962e-08 1.343822139761985336e-07 1.285843654043509593e-07 1.274588601354376815e-07 1.072418216393833108e-07
3.392000000000000000e+03 9.999996787489365824e-01 9.999999999316908639e-01 9.999999999301729670e-01 9.999999999348395674e-01 9.999999998880574337e-01 3.991961858552689722e-08 6.881638544597238171e-08 9.507208887903081543e-08 7.979906956714542609e-08 3.796126285573682196e-08
3.394000000000000000e+03 9.999997090836939551e-01 9.999999999317139565e-01 9.999999999301089071e-01 9.999999999348440083e-01 9.999999998883684071e-01 1.126150634867530912e-07 4.128089543659930825e-08 3.208905375440743678e-08 3.326646911134407788e-08 7.198191072060819111e-08
3.396000000000000000e+03 9.999993872675123630e-01 9.999999999322287669e-01 9.999999999300627218e-01 9.999999999347751745e-01 9.999999998894407716e-01 1.439626138220617567e-07 1.272631529249301882e-07 9.654687942149832039e-08 1.101200395582991672e-07 1.351554185299556686e-07
3.398000000000000000e+03 9.999994850668264545e-01 9.999999999322383148e-01 9.999999999292962238e-01 9.999999999348185842e-01 9.999999998889579356e-01 5.100236694174156049e-08 1.289936799344163572e-07 1.431115026227039057e-07 1.285456398388342564e-07 6.359679870729980670e-08
3.400000000000000000e+03 9.999998150706439493e-01 9.999999999319093558e-01 9.999999999287306762e-01 9.999999999348939683e-01 9.999999998881576868e-01 4.272528914759514355e-08 3.052859691052627744e-08 5.106176095957207446e-08 3.267847169080943081e-08 2.825367199132598631e-08
3.402000000000000000e+03 9.999995701378564528e-01 9.999999999323194722e-01 9.999999999290454245e-01 9.999999999347651825e-01 9.999999998893364106e-01 1.497576573649694073e-07 6.270928714367540081e-08 3.548474721616217802e-08 5.547756438358890438e-08 1.267495465944734387e-07
3.404000000000000000e+03 9.999992995988310485e-01 9.999999999330335676e-01 9.999999999289802544e-01 9.999999999344376667e-01 9.999999998904045562e-01 1.275787539032218153e-07 1.611170473014289938e-07 1.440797650588043872e-07 1.517967179141366692e-07 1.161441587838071937e-07
3.406000000000000000e+03 9.999996774643984399e-01 9.999999999329841627e-01 9.999999999280694274e-01 9.999999999342666923e-01 9.999999998894147923e-01 1.636654981727192725e-08 9.185492863391064446e-08 1.180975428919293423e-07 8.333832584131767440e-08 1.319564918636867249e-08
3.408000000000000000e+03 9.999998226875707052e-01 9.999999999328598177e-01 9.999999999278879059e-01 9.999999999342878976e-01 9.999999998892528108e-01 7.287252399168044298e-08 8.637358213536590577e-09 1.032776961086186173e-08 9.348527250046741215e-09 7.644409430844161118e-08
3.410000000000000000e+03 9.999993607852274424e-01 9.999999999335874579e-01 9.999999999285662522e-01 9.999999999339609369e-01 9.999999998911803800e-01 1.759795437235104781e-07 1.114884503142666041e-07 8.067538320910198031e-08 1.159512256856257364e-07 1.554350078051822015e-07
3.412000000000000000e+03 9.999993855719219171e-01 9.999999999342662482e-01 9.999999999283412100e-01 9.999999999333015754e-01 9.999999998917300514e-01 8.614952463263778534e-08 1.649093788623541115e-07 1.675840775893106148e-07 1.471631778842685015e-07 4.893641521405532948e-08
3.414000000000000000e+03 9.999998578082519574e-01 9.999999999341683266e-01 9.999999999275140938e-01 9.999999999330609901e-01 9.999999998905776399e-01 3.727662639212387264e-09 3.882003957874174173e-08 5.981193182640326892e-08 2.141549349874004544e-08 1.873343413557457063e-08
3.416000000000000000e+03 9.999996539294383480e-01 9.999999999342898960e-01 9.999999999278871288e-01 9.999999999330750899e-01 9.999999998914320676e-01 1.205891649780398354e-07 2.584667101603172057e-08 1.142717866404055236e-08 4.435830082965773615e-08 1.441646963371229543e-07
3.418000000000000000e+03 9.999992511337467693e-01 9.999999999350895896e-01 9.999999999287036978e-01 9.999999999324213906e-01 9.999999998935541479e-01 1.718564467768730531e-07 1.595855658572297357e-07 1.407036555022077995e-07 1.633513224021069166e-07 1.136816297263986764e-07
3.420000000000000000e+03 9.999996036897732532e-01 9.999999999355648761e-01 9.999999999283009089e-01 9.999999999315299926e-01 9.999999998933872813e-01 3.877033560892843883e-08 1.281533366376238478e-07 1.401333764298945414e-07 8.826364492963098901e-08 1.302887042155162303e-09
3.422000000000000000e+03 9.999998724557710439e-01 9.999999999354913793e-01 9.999999999278365026e-01 9.999999999314125310e-01 9.999999998926758504e-01 2.488860375824039375e-08 4.462963466767381074e-09 1.071435962543849350e-08 1.451843322400351917e-09 8.634117955836261618e-08
3.424000000000000000e+03 9.999994327667534044e-01 9.999999999357469527e-01 9.999999999286739438e-01 9.999999999313208265e-01 9.999999998944364421e-01 1.607086172070546896e-07 7.639599352229518522e-08 6.042241673607742500e-08 1.132572676201842051e-07 1.567609105819265648e-07
3.426000000000000000e+03 9.999993311450561251e-01 9.999999999363569092e-01 9.999999999293675002e-01 9.999999999303039733e-01 9.999999998961252023e-01 1.364658276221598945e-07 1.740362076401734401e-07 1.684832899822225325e-07 1.504843190629958307e-07 3.969528698124973582e-08
3.428000000000000000e+03 9.999997827841817788e-01 9.999999999366144809e-01 9.999999999289439501e-01 9.999999999294432174e-01 9.999999998955395597e-01 1.160578693148512097e-08 7.256369113951449688e-08 7.979897533658922843e-08 2.634510043038187827e-08 2.721386779214291799e-08
3.430000000000000000e+03 9.999997215291389629e-01 9.999999999365909442e-01 9.999999999289689301e-01 9.999999999295011710e-01 9.999999998956853320e-01 6.915634193704764827e-08 1.188265322269545362e-08 9.367828983794330728e-09 4.315246303632132226e-08 1.452229727411524595e-07
3.432000000000000000e+03 9.999993266632682953e-01 9.999999999367782388e-01 9.999999999299816755e-01 9.999999999291463437e-01 9.999999998978083005e-01 1.716378738223550466e-07 1.274341832898003621e-07 1.193919955116279342e-07 1.536131004165631861e-07 1.015680103687632414e-07
3.434000000000000000e+03 9.999995147492535263e-01 9.999999999370831061e-01 9.999999999304428622e-01 9.999999999279327589e-01 9.999999998987949557e-01 9.000052870326388266e-08 1.473616516945432974e-07 1.448531848942138066e-07 9.182588122729779370e-08 1.151739484392256421e-08
3.436000000000000000e+03 9.999998063307573570e-01 9.999999999371936843e-01 9.999999999301926179e-01 9.999999999273357920e-01 9.999999998983245542e-01 1.715737918962827461e-08 3.415568103523688740e-08 3.377698647056500551e-08 1.522273242015467000e-08 9.366556499267960716e-08
3.438000000000000000e+03 9.999995453974963588e-01 9.999999999371526060e-01 9.999999999305981824e-01 9.999999999274400420e-01 9.999999998992765704e-01 1.112549949986065458e-07 5.150602502920950383e-08 5.074082795102858068e-08 1.032218597625818574e-07 1.381864790166809718e-07
3.440000000000000000e+03 9.999993744873150181e-01 9.999999999371339543e-01 9.999999999315088983e-01 9.999999999267863426e-01 9.999999999011898177e-01 1.521985118561261353e-07 1.484394063256247307e-07 1.450574979249037329e-07 1.365611561420188490e-07 4.356164440637266136e-08
3.442000000000000000e+03 9.999996526195452651e-01 9.999999999371812498e-01 9.999999999317972232e-01 9.999999999256579120e-01 9.999999999016545571e-01 5.735719485967698954e-08 1.029540700070061792e-07 9.624151736100945629e-08 4.440913545548992012e-08 4.672439679945412313e-08
3.444000000000000000e+03 9.999997120970801623e-01 9.999999999371959047e-01 9.999999999317951138e-01 9.999999999253706973e-01 9.999999999016652152e-01 4.585612008378633094e-08 3.126362227272209631e-08 3.019342716649925960e-08 5.199319111773090178e-08 1.289026852730319336e-07
3.446000000000000000e+03 9.999994609887796759e-01 9.999999999370507986e-01 9.999999999323481159e-01 9.999999999253548211e-01 9.999999999030315667e-01 1.316530706725916570e-07 9.278914799147055569e-08 9.601745209778295641e-08 1.294571611895010109e-07 8.939875849287650862e-08
3.448000000000000000e+03 9.999994861200155460e-01 9.999999999368274217e-01 9.999999999330319023e-01 9.999999999245456905e-01 9.999999999044718590e-01 1.196745051875719478e-07 1.361466362506077053e-07 1.301300216965698903e-07 9.226700565233407962e-08 3.596509290810673688e-08
3.450000000000000000e+03 9.999996840508198481e-01 9.999999999367232828e-01 9.999999999332517264e-01 9.999999999237069170e-01 9.999999999047800570e-01 4.946944348165879711e-08 7.068049792850036226e-08 6.217064006256191870e-08 4.073114644423115020e-08 9.320114352542057676e-08
3.452000000000000000e+03 9.999996075906277815e-01 9.999999999366463443e-01 9.999999999334261425e-01 9.999999999236108827e-01 9.999999999052920918e-01 7.715019537187838577e-08 5.346009194959232797e-08 5.663033793033409450e-08 9.216143945509848568e-08 1.133104901071937309e-07
3.454000000000000000e+03 9.999994709386822445e-01 9.999999999363744507e-01 9.999999999339312939e-01 9.999999999234218118e-01 9.999999999066737644e-01 1.288586781806192403e-07 1.131205417175411710e-07 1.152026506118155807e-07 1.153257475486700305e-07 5.685545543197458532e-08
3.456000000000000000e+03 9.999995682728471946e-01 9.999999999360392744e-01 9.999999999343970325e-01 9.999999999226651948e-01 9.999999999076997215e-01 9.335664184258831540e-08 1.100153891703780347e-07 1.001042686190286321e-07 6.405277152280853545e-08 6.449943765334624875e-08
3.458000000000000000e+03 9.999996490104736679e-01 9.999999999358628600e-01 9.999999999345967616e-01 9.999999999221508284e-01 9.999999999081118363e-01 5.980029428433358199e-08 6.226074778588273990e-08 5.736683641728825437e-08 6.458233985129857977e-08 1.072807439478849652e-07
3.460000000000000000e+03 9.999995531013761152e-01 9.999999999356952163e-01 9.999999999348215818e-01 9.999999999221057534e-01 9.999999999089260738e-01 9.645775241165228455e-08 7.833360427688853045e-08 8.361164743857360709e-08 1.057186150825724393e-07 8.307761604550672055e-08
3.462000000000000000e+03 9.999995156879399882e-01 9.999999999353489377e-01 9.999999999351907309e-01 9.999999999218183167e-01 9.999999999101194526e-01 1.145183067913630221e-07 1.118737696913749687e-07 1.091161512824176336e-07 9.000687320613745433e-08 5.909664255213022244e-08
3.464000000000000000e+03 9.999995973270899841e-01 9.999999999349956648e-01 9.999999999354889368e-01 9.999999999212512147e-01 9.999999999109173698e-01 8.140979611951097572e-08 8.988381475536457967e-08 8.020731757427637055e-08 6.337466476023002541e-08 8.809682440172641356e-08
3.466000000000000000e+03 9.999996057353592871e-01 9.999999999347889412e-01 9.999999999356552483e-01 9.999999999209813195e-01 9.999999999114981275e-01 7.499028127759739186e-08 6.980096573338381984e-08 6.956767569267920888e-08 8.532238735945603580e-08 9.488256887550320488e-08
3.468000000000000000e+03 9.999995432480885960e-01 9.999999999345627888e-01 9.999999999358341052e-01 9.999999999209253643e-01 9.999999999124017380e-01 1.019532163878432203e-07 9.219411945081951505e-08 9.519429153068413634e-08 9.791780299284388562e-08 6.979091873096672213e-08
3.470000000000000000e+03 9.999995513378799883e-01 9.999999999342149559e-01 9.999999999360553726e-01 9.999999999206515833e-01 9.999999999133868389e-01 1.007711248883672247e-07 1.014732477229189110e-07 9.529264217567715127e-08 7.670439731474969481e-08 7.471856263421320106e-08
3.472000000000000000e+03 9.999995950843795223e-01 9.999999999339032053e-01 9.999999999362241265e-01 9.999999999203056378e-01 9.999999999141053753e-01 8.073274164818298883e-08 8.215282931143425130e-08 7.596581837297732140e-08 7.471661676029881491e-08 9.164524270514961027e-08
3.474000000000000000e+03 9.999995796881830934e-01 9.999999999336962597e-01 9.999999999363237135e-01 9.999999999201880652e-01 9.999999999147990426e-01 8.600038222184720504e-08 8.030692186959978136e-08 8.179195821232690227e-08 9.120580300515261025e-08 8.130391326707147355e-08
3.476000000000000000e+03 9.999995515692485792e-01 9.999999999334638900e-01 9.999999999364120873e-01 9.999999999201349965e-01 9.999999999156681252e-01 9.961220179980247623e-08 9.500263431505844717e-08 9.426252409773409812e-08 8.696636208251543732e-08 7.288352107961364798e-08
3.478000000000000000e+03 9.999995684421457698e-01 9.999999999331716793e-01 9.999999999365002390e-01 9.999999999199534750e-01 9.999999999165029019e-01 9.288229211207386535e-08 9.259470819473265210e-08 8.630481640196258057e-08 7.641394551352250980e-08 8.365813524165203504e-08
3.480000000000000000e+03 9.999995848681657584e-01 9.999999999329297617e-01 9.999999999365530856e-01 9.999999999197964895e-01 9.999999999172024534e-01 8.449537444691997743e-08 8.262873084518004107e-08 7.966982579318150266e-08 8.303413769968617444e-08 8.559945521489439666e-08
3.482000000000000000e+03 9.999995696669743417e-01 9.999999999327549016e-01 9.999999999365613013e-01 9.999999999197775047e-01 9.999999999179287613e-01 9.101433586930723485e-08 8.681587892382641882e-08 8.726310262827423926e-08 8.833050397609446642e-08 7.720435454487246689e-08
3.484000000000000000e+03 9.999995612506290543e-01 9.999999999325661637e-01 9.999999999365445369e-01 9.999999999197682898e-01 9.999999999187197952e-01 9.559268105800953643e-08 9.279893932737672510e-08 8.975567124432085428e-08 8.192146502277186088e-08 7.897518735286265714e-08
3.486000000000000000e+03 9.999995734615630960e-01 9.999999999323657685e-01 9.999999999365147829e-01 9.999999999197111133e-01 9.999999999194605360e-01 9.014038704590074133e-08 8.844463264259581210e-08 8.376225802079749318e-08 8.032947396336716481e-08 8.415580743887043207e-08
3.488000000000000000e+03 9.999995768458860290e-01 9.999999999322128907e-01 9.999999999364583836e-01 9.999999999197033418e-01 9.999999999201436562e-01 8.805950601601154694e-08 8.536609025128629369e-08 8.372004368765309217e-08 8.525292703232398399e-08 8.104920434651454691e-08
3.490000000000000000e+03 9.999995678440676272e-01 9.999999999321043109e-01 9.999999999363657910e-01 9.999999999197694001e-01 9.999999999208452062e-01 9.217270705426683019e-08 8.904429012042666404e-08 8.781517509472296199e-08 8.476596433094943876e-08 7.865088707070391239e-08
3.492000000000000000e+03 9.999995673070306568e-01 9.999999999320001720e-01 9.999999999362463310e-01 9.999999999198395662e-01 9.999999999215557489e-01 9.279216439258762210e-08 9.026661645640213763e-08 8.672970474879878560e-08 8.160754266669209370e-08 8.158947562366876369e-08
3.494000000000000000e+03 9.999995734565524375e-01 9.999999999319107991e-01 9.999999999361103287e-01 9.999999999199082890e-01 9.999999999222279889e-01 8.993614884682372977e-08 8.754764787087724316e-08 8.428913106200247423e-08 8.291446063423441988e-08 8.214808223518603834e-08
3.496000000000000000e+03 9.999995726224071291e-01 9.999999999318621713e-01 9.999999999359502345e-01 9.999999999200211986e-01 9.999999999228726955e-01 9.005143468639840590e-08 8.734768365814735013e-08 8.565177403462059802e-08 8.458938484921880240e-08 8.002878959604253691e-08
3.498000000000000000e+03 9.999995687312975834e-01 9.999999999318484045e-01 9.999999999357614966e-01 9.999999999201767409e-01 9.999999999235175130e-01 9.189168460341163888e-08 8.915520383789518408e-08 8.689059554425959776e-08 8.323115920387289645e-08 8.039093741858859950e-08
3.500000000000000000e+03 9.999995700257888753e-01 9.999999999318518462e-01 9.999999999355489999e-01 9.999999999203436074e-01 9.999999999241497850e-01 9.148988583346058140e-08 8.889894418373412811e-08 8.568863261711659618e-08 8.256297715924953166e-08 8.162406072661205602e-08
3.502000000000000000e+03 9.999995722866029668e-01 9.999999999318809341e-01 9.999999999353200719e-01 9.999999999205273493e-01 9.999999999247528581e-01 9.038529674253442647e-08 8.780566796240467982e-08 8.520105435120338536e-08 8.362345807950333384e-08 8.098762377463649127e-08
3.504000000000000000e+03 9.999995710275789707e-01 9.999999999319445498e-01 9.999999999350716040e-01 9.999999999207459522e-01 9.999999999253356142e-01 9.082882498320499040e-08 8.818678666445029585e-08 8.608804031826003943e-08 8.373130972467351217e-08 8.042654688620618654e-08
3.506000000000000000e+03 9.999995698448727044e-01 9.999999999320375865e-01 9.999999999348023749e-01 9.999999999209924217e-01 9.999999999259047145e-01 9.144215507548598703e-08 8.878960479217907620e-08 8.617221508824693449e-08 8.304376115672021198e-08 8.099583998599603878e-08
3.508000000000000000e+03 9.999995708522809723e-01 9.999999999321537159e-01 9.999999999345167145e-01 9.999999999212565438e-01 9.999999999264531647e-01 9.106374979541113649e-08 8.844163543572326881e-08 8.559634013540352066e-08 8.317576851389855050e-08 8.115803346660488593e-08
3.510000000000000000e+03 9.999995713859554103e-01 9.999999999322941591e-01 9.999999999342189527e-01 9.999999999215410940e-01 9.999999999269757467e-01 9.075249625938384572e-08 8.813811410949943792e-08 8.568851399618074611e-08 8.355184329004573895e-08 8.077023519263531008e-08
3.512000000000000000e+03 9.999995706780384630e-01 9.999999999324619138e-01 9.999999999339103107e-01 9.999999999218515123e-01 9.999999999274767903e-01 9.103239574506908743e-08 8.839946973088035510e-08 8.602034506330902203e-08 8.336738608810374021e-08 8.078885570844465875e-08
3.514000000000000000e+03 9.999995704935933372e-01 9.999999999326516509e-01 9.999999999335901224e-01 9.999999999221818037e-01 9.999999999279555185e-01 9.116891006552832672e-08 8.853853908154262259e-08 8.587796528282403825e-08 8.320127899105646825e-08 8.100552616575557835e-08
3.516000000000000000e+03 9.999995709395945731e-01 9.999999999328597067e-01 9.999999999332636058e-01 9.999999999225291925e-01 9.999999999284094887e-01 9.098075337257919763e-08 8.836139421239001034e-08 8.571277275442589685e-08 8.335297380654759140e-08 8.093764305603523490e-08
3.518000000000000000e+03 9.999995709635738361e-01 9.999999999330847489e-01 9.999999999329345357e-01 9.999999999228937897e-01 9.999999999288375907e-01 9.093532649558385462e-08 8.830197596290372668e-08 8.584540217805867484e-08 8.340195881143329183e-08 8.083620877287000826e-08
3.520000000000000000e+03 9.999995707116311472e-01 9.999999999333246681e-01 9.999999999326044664e-01 9.999999999232754844e-01 9.999999999292403796e-01 9.104830060059314371e-08 8.841577078863529489e-08 8.590695242618585908e-08 8.330748508650217288e-08 8.089361537674683739e-08
3.522000000000000000e+03 9.999995707425129998e-01 9.999999999335743572e-01 9.999999999322746191e-01 9.999999999236695025e-01 9.999999999296156350e-01 9.104965249937112579e-08 8.843950749240276628e-08 8.580598448239480819e-08 8.331055869651943637e-08 8.093484906175481435e-08
3.524000000000000000e+03 9.999995708678789397e-01 9.999999999338311518e-01 9.999999999319499899e-01 9.999999999240750670e-01 9.999999999299638009e-01 9.099003086500515912e-08 8.836465193231925416e-08 8.580331016095698945e-08 8.335429923032341810e-08 8.090220944524728508e-08
3.526000000000000000e+03 9.999995708331320676e-01 9.999999999340914991e-01 9.999999999316334653e-01 9.999999999244901794e-01 9.999999999302845444e-01 9.100321333753130314e-08 8.835564106205962440e-08 8.586813251397204925e-08 8.333871279339032773e-08 8.088287052534358689e-08
3.528000000000000000e+03 9.999995707808974066e-01 9.999999999343516244e-01 9.999999999313267107e-01 9.999999999249127303e-01 9.999999999305768661e-01 9.102492011661393466e-08 8.840802411822025707e-08 8.584107253452667010e-08 8.332994854538401624e-08 8.089617106599666157e-08
3.530000000000000000e+03 9.999995708005876560e-01 9.999999999346076418e-01 9.999999999310335008e-01 9.999999999253401661e-01 9.999999999308416543e-01 9.101037607620769299e-08 8.840799809527415933e-08 8.580956693607929693e-08 8.333935329382380414e-08 8.091249755010806863e-08
3.532000000000000000e+03 9.999995708167971342e-01 9.999999999348559987e-01 9.999999999307559451e-01 9.999999999257703776e-01 9.999999999310777987e-01 9.101088241122634544e-08 8.836721633188469007e-08 8.584747270001119457e-08 8.333047424713846349e-08 8.090689968540205610e-08
3.534000000000000000e+03 9.999995708150429818e-01 9.999999999350931423e-01 9.999999999304962639e-01 9.999999999262010331e-01 9.999999999312854104e-01 9.101726522972478048e-08 8.837424422478331998e-08 8.585121866999718725e-08 8.333436767653597972e-08 8.088698752407584870e-08
3.536000000000000000e+03 9.999995708119565618e-01 9.999999999353164082e-01 9.999999999302566778e-01 9.999999999266304673e-01 9.999999999314653776e-01 9.100345857948572389e-08 8.840643801799357878e-08 8.581516226875292308e-08 8.334788877355939398e-08 8.089363007119827169e-08
3.538000000000000000e+03 9.999995707999335126e-01 9.999999999355229097e-01 9.999999999300398512e-01 9.999999999270562379e-01 9.999999999316179222e-01 9.100639972904421495e-08 8.839151449039350892e-08 8.583278029411752111e-08 8.333179401769376572e-08 8.091554770912504408e-08
3.540000000000000000e+03 9.999995708027662467e-01 9.999999999357094271e-01 9.999999999298458953e-01 9.999999999274755691e-01 9.999999999317430444e-01 9.102315709783199533e-08 8.836671445710181430e-08 8.585915577637797968e-08 8.332322529768387286e-08 8.090241594315361285e-08
3.542000000000000000e+03 9.999995708224985735e-01 9.999999999358734071e-01 9.999999999296763642e-01 9.999999999278862406e-01 9.999999999318407440e-01 9.100895662787829010e-08 8.838783576869288904e-08 8.582800402133059971e-08 8.334745041470026652e-08 8.088218678791581362e-08
3.544000000000000000e+03 9.999995708139752804e-01 9.999999999360141834e-01 9.999999999295319242e-01 9.999999999282866980e-01 9.999999999319124644e-01 9.099377848738417673e-08 8.840336078344521428e-08 8.581640823919965914e-08 8.334630521125469421e-08 8.090263587397782567e-08
3.546000000000000000e+03 9.999995707925798394e-01 9.999999999361295355e-01 9.999999999294132413e-01 9.999999999286753871e-01 9.999999999319589827e-01 9.101530585071913472e-08 8.837746435619119821e-08 8.585393485170326971e-08 8.332004196350321754e-08 8.091670460901254077e-08
3.548000000000000000e+03 9.999995708084910007e-01 9.999999999362203518e-01 9.999999999293210928e-01 9.999999999290510866e-01 9.999999999319815203e-01 9.102262717987112969e-08 8.837153734378916010e-08 8.584998580889157275e-08 8.333238816638348844e-08 8.089060775976572018e-08
3.550000000000000000e+03 9.999995708267114258e-01 9.999999999362851888e-01 9.999999999292541464e-01 9.999999999294114650e-01 9.999999999319804100e-01 9.099539903798309480e-08 8.839851922517670630e-08 8.581399368334779182e-08 8.335498281494395952e-08 8.088567442801625257e-08
3.552000000000000000e+03 9.999995708045242848e-01 9.999999999363248238e-01 9.999999999292129571e-01 9.999999999297566333e-01 9.999999999319580946e-01 9.099658198987976607e-08 8.839418642628898816e-08 8.583276825553858113e-08 8.333302792852021785e-08 8.091387418472910974e-08
3.554000000000000000e+03 9.999995707928227562e-01 9.999999999363394787e-01 9.999999999291949715e-01 9.999999999300840381e-01 9.999999999319139077e-01 9.102368775464332929e-08 8.836895284829842768e-08 8.586214052494064520e-08 8.331845489763531540e-08 8.090862468764089386e-08
3.556000000000000000e+03 9.999995708186965038e-01 9.999999999363310410e-01 9.999999999292006336e-01 9.999999999303941234e-01 9.999999999318502919e-01 9.101181926797793094e-08 8.838209463691901357e-08 8.583298791588840529e-08 8.334616789953110399e-08 8.088267607273228363e-08
3.558000000000000000e+03 9.999995708223038404e-01 9.999999999363003989e-01 9.999999999292273900e-01 9.999999999306855569e-01 9.999999999317679134e-01 9.098715767958511470e-08 8.840226826000048793e-08 8.581500507711056691e-08 8.334999685943838066e-08 8.089750635073345591e-08
3.560000000000000000e+03 9.999995707958994062e-01 9.999999999362498837e-01 9.999999999292745745e-01 9.999999999309587828e-01 9.999999999316689925e-01 9.100685369018682248e-08 8.838207839938385177e-08 8.585067832221927625e-08 8.332073478091797256e-08 8.091782505887629154e-08
3.562000000000000000e+03 9.999995708003205364e-01 9.999999999361812719e-01 9.999999999293397446e-01 9.999999999312132459e-01 9.999999999315535293e-01 9.102425294808218711e-08 8.836896875648706256e-08 8.585657753923663252e-08 8.332743143895211786e-08 8.089638374173592402e-08
3.564000000000000000e+03 9.999995708243590853e-01 9.999999999360968950e-01 9.999999999294210129e-01 9.999999999314493904e-01 9.999999999314240773e-01 9.099775091320261682e-08 8.839342947862860342e-08 8.582028482866435758e-08 8.335338303524896342e-08 8.088462573482441708e-08
3.566000000000000000e+03 9.999995708132258798e-01 9.999999999359985292e-01 9.999999999295161590e-01 9.999999999316668831e-01 9.999999999312805254e-01 9.098825053989585002e-08 8.839827337673316926e-08 8.582703495523245528e-08 8.333731536747456846e-08 8.090966126092963995e-08
3.568000000000000000e+03 9.999995707935894762e-01 9.999999999358891722e-01 9.999999999296241837e-01 9.999999999318672783e-01 9.999999999311257604e-01 9.101693849098485853e-08 8.837255205074473413e-08 8.586064705335770926e-08 8.331734227216177164e-08 8.091264879242050951e-08
3.570000000000000000e+03 9.999995708093583069e-01 9.999999999357714886e-01 9.999999999297433106e-01 9.999999999320504651e-01 9.999999999309601151e-01 9.101651131522795673e-08 8.837628241078122799e-08 8.584413223532495657e-08 8.333917082574041560e-08 8.088824603055543816e-08
3.572000000000000000e+03 9.999995708235488445e-01 9.999999999356464775e-01 9.999999999298708753e-01 9.999999999322172206e-01 9.999999999307843668e-01 9.098772739883823112e-08 8.840066261796374265e-08 8.581725620131698969e-08 8.335072141857633606e-08 8.089379070947348853e-08
3.574000000000000000e+03 9.999995708052877852e-01 9.999999999355170255e-01 9.999999999300056563e-01 9.999999999323687661e-01 9.999999999306006249e-01 9.099630090236920540e-08 8.838946269085846159e-08 8.584168997878894084e-08 8.332575745936654072e-08 8.091523657961032837e-08
3.576000000000000000e+03 9.999995707965794178e-01 9.999999999353849089e-01 9.999999999301466547e-01 9.999999999325065447e-01 9.999999999304086673e-01 9.102116559838657901e-08 8.836927620808023184e-08 8.586091661682402010e-08 8.332211891468973153e-08 8.090372643594119598e-08
3.578000000000000000e+03 9.999995708154338914e-01 9.999999999352510160e-01 9.999999999302918718e-01 9.999999999326305566e-01 9.999999999302101594e-01 9.100505681903000289e-08 8.838689349398174496e-08 8.583241907904941114e-08 8.334647210399494879e-08 8.088757363265474718e-08
3.580000000000000000e+03 9.999995708191852239e-01 9.999999999351165680e-01 9.999999999304397535e-01 9.999999999327415789e-01 9.999999999300047682e-01 9.098525065566830985e-08 8.840160779408842848e-08 8.582229203559188728e-08 8.334238728354939476e-08 8.090320643815128329e-08
3.582000000000000000e+03 9.999995708010646078e-01 9.999999999349828972e-01 9.999999999305901888e-01 9.999999999328413880e-01 9.999999999297937148e-01 9.100572893957301108e-08 8.838027304224730245e-08 8.585280973249273486e-08 8.332013840694916294e-08 8.091400967837027642e-08
3.584000000000000000e+03 9.999995708013894591e-01 9.999999999348507806e-01 9.999999999307425114e-01 9.999999999329304279e-01 9.999999999295774433e-01 9.101857041210539584e-08 8.837284098919614660e-08 8.585476296535906302e-08 8.332971610129524859e-08 8.089685250494628265e-08
3.586000000000000000e+03 9.999995708178630593e-01 9.999999999347199964e-01 9.999999999308956111e-01 9.999999999330091427e-01 9.999999999293559538e-01 9.099548224091209508e-08 8.839633849130072341e-08 8.582523014624754708e-08 8.334787678070231312e-08 8.089146122536858479e-08
3.588000000000000000e+03 9.999995708143315509e-01 9.999999999345925428e-01 9.999999999310504872e-01 9.999999999330798639e-01 9.999999999291300234e-01 9.098907652432363097e-08 8.839702426509092691e-08 8.583122695364642536e-08 8.333382127509799359e-08 8.090890205838091402e-08
3.590000000000000000e+03 9.999995708000302130e-01 9.999999999344669765e-01 9.999999999312059185e-01 9.999999999331413703e-01 9.999999999288993191e-01 9.101191205345783057e-08 8.837460919240624051e-08 8.585838580082012062e-08 8.331976663311588070e-08 8.090981957547939206e-08
3.592000000000000000e+03 9.999995708058790900e-01 9.999999999343432977e-01 9.999999999313619048e-01 9.999999999331953271e-01 9.999999999286638408e-01 9.101208678235793408e-08 8.838117018294898896e-08 8.584599312638836783e-08 8.333635161645616817e-08 8.089319342066107969e-08
3.594000000000000000e+03 9.999995708176413478e-01 9.999999999342212842e-01 9.999999999315185573e-01 9.999999999332406242e-01 9.999999999284220342e-01 9.099090048691019803e-08 8.840141464874615228e-08 8.582302079839564710e-08 8.334567398027628789e-08 8.089618286149445692e-08
3.596000000000000000e+03 9.999995708103330827e-01 9.999999999341017132e-01 9.999999999316767640e-01 9.999999999332790379e-01 9.999999999281756757e-01 9.099536977697504116e-08 8.838979483718398552e-08 8.584076821380285491e-08 8.332729545057991781e-08 8.091144285807311280e-08
3.598000000000000000e+03 9.999995708012698881e-01 9.999999999339844736e-01 9.999999999318369692e-01 9.999999999333101242e-01 9.999999999279235441e-01 9.101346787763648164e-08 8.837448361467190409e-08 8.585867415072786858e-08 8.332238792494324706e-08 8.090490070118242685e-08
3.600000000000000000e+03 9.999995708090917423e-01 9.999999999338683443e-01 9.999999999319985067e-01 9.999999999333332168e-01 9.999999999276646401e-01 9.100567112251377226e-08 8.839069459182294156e-08 8.583716874210076228e-08 8.334136738049371096e-08 8.089138063671591869e-08
3.602000000000000000e+03 9.999995708155134944e-01 9.999999999337545464e-01 9.999999999321623756e-01 9.999999999333480938e-01 9.999999999273989637e-01 9.099106637028057052e-08 8.840120236033693805e-08 8.582512926647755186e-08 8.334167197306683458e-08 8.090099211534023990e-08
3.604000000000000000e+03 9.999995708081448331e-01 9.999999999336433021e-01 9.999999999323284650e-01 9.999999999333549772e-01 9.999999999271261819e-01 9.100065965788464284e-08 8.838351233920130111e-08 8.584879079333048521e-08 8.332288029742688360e-08 8.091180016738033373e-08
3.606000000000000000e+03 9.999995708039461917e-01 9.999999999335346113e-01 9.999999999324965527e-01 9.999999999333526457e-01 9.999999999268448514e-01 9.101185346851100019e-08 8.837944873334295159e-08 8.585449531572105368e-08 8.332711056143645717e-08 8.089915815978041014e-08
3.608000000000000000e+03 9.999995708099710390e-01 9.999999999334300282e-01 9.999999999326674160e-01 9.999999999333416545e-01 9.999999999265558603e-01 9.100183082679105873e-08 8.839796524247252558e-08 8.583018586136719750e-08 8.334473873635595503e-08 8.089155852031918937e-08
3.610000000000000000e+03 9.999995708127454863e-01 9.999999999333291090e-01 9.999999999328392786e-01 9.999999999333190059e-01 9.999999999262561001e-01 9.099374378954689390e-08 8.839714380149498359e-08 8.583056085364594667e-08 8.333624923184034496e-08 8.090605793349152417e-08
3.612000000000000000e+03 9.999995708086546475e-01 9.999999999332336298e-01 9.999999999330124734e-01 9.999999999332860323e-01 9.999999999259467920e-01 9.100350745853389811e-08 8.838086317286586714e-08 8.585356243903910185e-08 8.332106919089725224e-08 8.090910911451996464e-08
3.614000000000000000e+03 9.999995708061858446e-01 9.999999999331457001e-01 9.999999999331863343e-01 9.999999999332408462e-01 9.999999999256271588e-01 9.100950075311085540e-08 8.838709243829329310e-08 8.584722938477678443e-08 8.333355980794126369e-08 8.089347827553818520e-08
3.616000000000000000e+03 9.999995708082332069e-01 9.999999999330647649e-01 9.999999999333593070e-01 9.999999999331822265e-01 9.999999999252953131e-01 9.100090286853511412e-08 8.840111135899369015e-08 8.582665559019603791e-08 8.334545634112069117e-08 8.089498307769034033e-08
3.618000000000000000e+03 9.999995708116089510e-01 9.999999999329948208e-01 9.999999999335319467e-01 9.999999999331115053e-01 9.999999999249529203e-01 9.099665393294621801e-08 8.839204953619183440e-08 8.583755757436157862e-08 8.333021173908979831e-08 8.090957409274399759e-08
3.620000000000000000e+03 9.999995708111201198e-01 9.999999999329357570e-01 9.999999999337010337e-01 9.999999999330259071e-01 9.999999999245983151e-01 9.100439318977231383e-08 8.838256180728042088e-08 8.585391462816412171e-08 8.332294752457350365e-08 8.090304853153774694e-08
3.622000000000000000e+03 9.999995708058039279e-01 9.999999999328896827e-01 9.999999999338664569e-01 9.999999999329258760e-01 9.999999999242317195e-01 9.100816519087856336e-08 8.839441441617903441e-08 8.583914498311748371e-08 8.334011488852811900e-08 8.089069139639213306e-08
3.624000000000000000e+03 9.999995708057305421e-01 9.999999999328579303e-01 9.999999999340256629e-01 9.999999999328105238e-01 9.999999999238522452e-01 9.100181081389747713e-08 8.840037960090017702e-08 8.582722349915751485e-08 8.334270378809200265e-08 8.090085386209155233e-08
3.626000000000000000e+03 9.999995708135475114e-01 9.999999999328420541e-01 9.999999999341772083e-01 9.999999999326794065e-01 9.999999999234607806e-01 9.099864132797997276e-08 8.838856628244976581e-08 8.584366052121262684e-08 8.332571671280373201e-08 8.090895666960705944e-08
3.628000000000000000e+03 9.999995708128527339e-01 9.999999999328434974e-01 9.999999999343200940e-01 9.999999999325335232e-01 9.999999999230575476e-01 9.100462204154940648e-08 8.838740278199925150e-08 8.585006139399516590e-08 8.332840834045214908e-08 8.089614965283043087e-08
3.630000000000000000e+03 9.999995708025880559e-01 9.999999999328622602e-01 9.999999999344511004e-01 9.999999999323710975e-01 9.999999999226417691e-01 9.100834444423166411e-08 8.839927306766825182e-08 8.583277095558537891e-08 8.334425296142634421e-08 8.089269587949057534e-08
3.632000000000000000e+03 9.999995708053666110e-01 9.999999999329002298e-01 9.999999999345700052e-01 9.999999999321944610e-01 9.999999999222156655e-01 9.100324778304032972e-08 8.839753562310819638e-08 8.583092874172636982e-08 8.333751031888247794e-08 8.090578719486680331e-08
3.634000000000000000e+03 9.999995708173503584e-01 9.999999999329559630e-01 9.999999999346739221e-01 9.999999999320021704e-01 9.999999999217777935e-01 9.099974059048244758e-08 8.838801866544124246e-08 8.584675497523017485e-08 8.332488781540391683e-08 8.090409602944829010e-08
3.636000000000000000e+03 9.999995708114490789e-01 9.999999999330287936e-01 9.999999999347606305e-01 9.999999999317946697e-01 9.999999999213292634e-01 9.100528863941998293e-08 8.839324520438407863e-08 8.584376061306329686e-08 8.333532798178581058e-08 8.089227073278459478e-08
3.638000000000000000e+03 9.999995707989356442e-01 9.999999999331201650e-01 9.999999999348309077e-01 9.999999999315747345e-01 9.999999999208720736e-01 9.100961890935196334e-08 8.840108891213015584e-08 8.582968022680367163e-08 8.334448380023601821e-08 8.089805247248439217e-08
3.640000000000000000e+03 9.999995708084099544e-01 9.999999999332276346e-01 9.999999999348820889e-01 9.999999999313422538e-01 9.999999999204062240e-01 9.100444749979607106e-08 8.839466503122496384e-08 8.583561424073763393e-08 8.333248791311782359e-08 8.090677595849040185e-08
3.642000000000000000e+03 9.999995708199771460e-01 9.999999999333497591e-01 9.999999999349142854e-01 9.999999999310993370e-01 9.999999999199334910e-01 9.100060395369903659e-08 8.839017992887922651e-08 8.584614837567334698e-08 8.332799557664627795e-08 8.089805894122864854e-08
3.644000000000000000e+03 9.999995708070674727e-01 9.999999999334848733e-01 9.999999999349259427e-01 9.999999999308466503e-01 9.999999999194545408e-01 9.100683321153500917e-08 8.839818372970407152e-08 8.583741924042933676e-08 8.334080546296605277e-08 8.089324104489990218e-08
3.646000000000000000e+03 9.999995707977876735e-01 9.999999999336297574e-01 9.999999999349168389e-01 9.999999999305856369e-01 9.999999999189699285e-01 9.101130745098786513e-08 8.840060242873604694e-08 8.582982126403310755e-08 8.334149954982392424e-08 8.090313973521715479e-08
3.648000000000000000e+03 9.999995708133212480e-01 9.999999999337838563e-01 9.999999999348885282e-01 9.999999999303189613e-01 9.999999999184830957e-01 9.100532403110771911e-08 8.839316587794874237e-08 8.583912929544921797e-08 8.332999329258322590e-08 8.090385423253278607e-08
3.650000000000000000e+03 9.999995708192248589e-01 9.999999999339431733e-01 9.999999999348410107e-01 9.999999999300488440e-01 9.999999999179947086e-01 9.100189107827979211e-08 8.839383527122656810e-08 8.584273763080447620e-08 8.333322492827238123e-08 8.089452500211356712e-08
3.652000000000000000e+03 9.999995708022109131e-01 9.999999999341037116e-01 9.999999999347735091e-01 9.999999999297756181e-01 9.999999999175051002e-01 9.100914178367603405e-08 8.840123697657352843e-08 8.583288453156011967e-08 8.334304215051168064e-08 8.089759176347797725e-08
3.654000000000000000e+03 9.999995708001560013e-01 9.999999999342642498e-01 9.999999999346895763e-01 9.999999999295029474e-01 9.999999999170170462e-01 9.101294558936578421e-08 8.839909588130492947e-08 8.583189068529333797e-08 8.333747219320308539e-08 8.090523544836850069e-08
3.656000000000000000e+03 9.999995708172080278e-01 9.999999999344199031e-01 9.999999999345882129e-01 9.999999999292311648e-01 9.999999999165306575e-01 9.100620916127023404e-08 8.839338608036561263e-08 8.584036031547877313e-08 8.333063608496245700e-08 8.089969853763696402e-08
3.658000000000000000e+03 9.999995708153841534e-01 9.999999999345697832e-01 9.999999999344735269e-01 9.999999999289638231e-01 9.999999999160493758e-01 9.100394991218750153e-08 8.839759056601310776e-08 8.583827061254228253e-08 8.333802167812484822e-08 8.089499720563458545e-08
3.660000000000000000e+03 9.999995707995317229e-01 9.999999999347098933e-01 9.999999999343462953e-01 9.999999999287019214e-01 9.999999999155733121e-01 9.101187244323780296e-08 8.840237222185064683e-08 8.583080089140417116e-08 8.334213169009875070e-08 8.090223095896993209e-08
3.662000000000000000e+03 9.999995708046203191e-01 9.999999999348386792e-01 9.999999999342086276e-01 9.999999999284473473e-01 9.999999999151036878e-01 9.101442889237022796e-08 8.839765275393636675e-08 8.583430019806450912e-08 8.333443686107931147e-08 8.090423440129167527e-08
3.664000000000000000e+03 9.999995708181534937e-01 9.999999999349532542e-01 9.999999999340634105e-01 9.999999999282015439e-01 9.999999999146417240e-01 9.100751341709314187e-08 8.839484984606608554e-08 8.583946950589577383e-08 8.333327146293927910e-08 8.089715333007815049e-08
3.666000000000000000e+03 9.999995708106125258e-01 9.999999999350539515e-01 9.999999999339137524e-01 9.999999999279671759e-01 9.999999999141901963e-01 9.100679950730650904e-08 8.840044501871041223e-08 8.583438070130226694e-08 8.334062205104420079e-08 8.089828997044260728e-08
3.668000000000000000e+03 9.999995707999557171e-01 9.999999999351377733e-01 9.999999999337607637e-01 9.999999999277441320e-01 9.999999999137481055e-01 9.101473110751847292e-08 8.840211038510392824e-08 8.583076880750857833e-08 8.333944780535010807e-08 8.090487133947903027e-08
3.670000000000000000e+03 9.999995708088004198e-01 9.999999999352048308e-01 9.999999999336079970e-01 9.999999999275339668e-01 9.999999999133176720e-01 9.101591467019605732e-08 8.839679271629990413e-08 8.583599520475896223e-08 8.333320279664465197e-08 8.090190827691159013e-08
3.672000000000000000e+03 9.999995708162853214e-01 9.999999999352546798e-01 9.999999999334564516e-01 9.999999999273370133e-01 9.999999999128982298e-01 9.100950869713296509e-08 8.839673480407969005e-08 8.583743919438557180e-08 8.333608193676551525e-08 8.089728223698937989e-08
3.674000000000000000e+03 9.999995708071067746e-01 9.999999999352883195e-01 9.999999999333092360e-01 9.999999999271540485e-01 9.999999999124912220e-01 9.101026709916038169e-08 8.840196411701031075e-08 8.583200406891123745e-08 8.334067061016320010e-08 8.090202391544885337e-08
3.676000000000000000e+03 9.999995708025376517e-01 9.999999999353065272e-01 9.999999999331682377e-01 9.999999999269851836e-01 9.999999999120970928e-01 9.101758725363844302e-08 8.840107146924302259e-08 8.583194132212812037e-08 8.333650466100770482e-08 8.090508103416846027e-08
3.678000000000000000e+03 9.999995708110833714e-01 9.999999999353108571e-01 9.999999999330347888e-01 9.999999999268306405e-01 9.999999999117152871e-01 9.101764623414504080e-08 8.839649252701523513e-08 8.583672482570547255e-08 8.333335939246194401e-08 8.090008391913274886e-08
3.680000000000000000e+03 9.999995708131333982e-01 9.999999999353029745e-01 9.999999999329109990e-01 9.999999999266899753e-01 9.999999999113466931e-01 9.101226799796640693e-08 8.839828468856902397e-08 8.583540476224384783e-08 8.333769997240370482e-08 8.089924346929232781e-08
3.682000000000000000e+03 9.999995708058028177e-01 9.999999999352844338e-01 9.999999999327963129e-01 9.999999999265620776e-01 9.999999999109899784e-01 9.101413422870529477e-08 8.840215895858069187e-08 8.583132741394765270e-08 8.333888128676199294e-08 8.090434818326087156e-08
3.684000000000000000e+03 9.999995708055876564e-01 9.999999999352580105e-01 9.999999999326923961e-01 9.999999999264461703e-01 9.999999999106453652e-01 9.102045477263391047e-08 8.839969183605513711e-08 8.583357016550319835e-08 8.333420777880448978e-08 8.090373299946363488e-08
3.686000000000000000e+03 9.999995708112995318e-01 9.999999999352259250e-01 9.999999999325993594e-01 9.999999999263415873e-01 9.999999999103119652e-01 9.101981487520787436e-08 8.839641599909262240e-08 8.583683253428297445e-08 8.333397634154352600e-08 8.089947109398963779e-08
3.688000000000000000e+03 9.999995708103268655e-01 9.999999999351902868e-01 9.999999999325166478e-01 9.999999999262466632e-01 9.999999999099891124e-01 9.101570573675488347e-08 8.839901914822046812e-08 8.583417874700732614e-08 8.333770365114813052e-08 8.090141421533721297e-08
3.690000000000000000e+03 9.999995708063089683e-01 9.999999999351538715e-01 9.999999999324439282e-01 9.999999999261598438e-01 9.999999999096753633e-01 9.101822046044399212e-08 8.840126698995024626e-08 8.583205508383524301e-08 8.333633411628055711e-08 8.090467427898327550e-08
3.692000000000000000e+03 9.999995708078336376e-01 9.999999999351183444e-01 9.999999999323800903e-01 9.999999999260792416e-01 9.999999999093699410e-01 9.102341281183067437e-08 8.839815694271989550e-08 8.583524727781924625e-08 8.333277154123979827e-08 8.090192432115559360e-08
3.694000000000000000e+03 9.999995708102764613e-01 9.999999999350854818e-01 9.999999999323234690e-01 9.999999999260028583e-01 9.999999999090711800e-01 9.102249676865622632e-08 8.839616623908412804e-08 8.583686227019176284e-08 8.333431594116574507e-08 8.089969310695518233e-08
3.696000000000000000e+03 9.999995708087213719e-01 9.999999999350580593e-01 9.999999999322739530e-01 9.999999999259305827e-01 9.999999999087785252e-01 9.101964828276876490e-08 8.839876067793543144e-08 8.583409005610774871e-08 8.333647829023859166e-08 8.090255756782046179e-08
3.698000000000000000e+03 9.999995708076162559e-01 9.999999999350350777e-01 9.999999999322281008e-01 9.999999999258583072e-01 9.999999999084894231e-01 9.102240087607805229e-08 8.839957650689452704e-08 8.583371718945880272e-08 8.333394284241304262e-08 8.090343220206382426e-08
3.700000000000000000e+03 9.999995708088775803e-01 9.999999999350193125e-01 9.999999999321852462e-01 9.999999999257863648e-01 9.999999999082032076e-01 9.102652839112662874e-08 8.839647624539433776e-08 8.583686236209931101e-08 8.333203975945183546e-08 8.090032164096288366e-08
3.702000000000000000e+03 9.999995708090178015e-01 9.999999999350090985e-01 9.999999999321429467e-01 9.999999999257117578e-01 9.999999999079171031e-01 9.102565051022077604e-08 8.839545587505072047e-08 8.583723448129984840e-08 8.333415869980787532e-08 8.090000275213638900e-08
3.704000000000000000e+03 9.999995708083042611e-01 9.999999999350051016e-01 9.999999999320994259e-01 9.999999999256330430e-01 9.999999999076306656e-01 9.102389123870534264e-08 8.839756439787555728e-08 8.583505449718157711e-08 8.333478574591075171e-08 8.090233396069055023e-08
3.706000000000000000e+03 9.999995708088347257e-01 9.999999999350063229e-01 9.999999999320526856e-01 9.999999999255495542e-01 9.999999999073420076e-01 9.102658483007849573e-08 8.839734413408305024e-08 8.583585998597474591e-08 8.333226280943353075e-08 8.090146776538125176e-08
3.708000000000000000e+03 9.999995708089804980e-01 9.999999999350105417e-01 9.999999999320002830e-01 9.999999999254589600e-01 9.999999999070481316e-01 9.102980977996756238e-08 8.839460212714410945e-08 8.583843220930625790e-08 8.333182444731230735e-08 8.089913689930593686e-08
3.710000000000000000e+03 9.999995708081456103e-01 9.999999999350174251e-01 9.999999999319415522e-01 9.999999999253615934e-01 9.999999999067493706e-01 9.102914584178233290e-08 8.839417489296635267e-08 8.583809826824301492e-08 8.333373100307160674e-08 8.089993997577931509e-08
3.712000000000000000e+03 9.999995708085884782e-01 9.999999999350244195e-01 9.999999999318753829e-01 9.999999999252567884e-01 9.999999999064440592e-01 9.102823029980577653e-08 8.839562886975988026e-08 8.583673324056437204e-08 8.333336525820257172e-08 8.090116178112055501e-08
3.714000000000000000e+03 9.999995708095186231e-01 9.999999999350290825e-01 9.999999999317996657e-01 9.999999999251434346e-01 9.999999999061295330e-01 9.103068606082374402e-08 8.839478639534079253e-08 8.583810589490455065e-08 8.333152464103779207e-08 8.089958576582584044e-08
3.716000000000000000e+03 9.999995708086217849e-01 9.999999999350288604e-01 9.999999999317147337e-01 9.999999999250218652e-01 9.999999999058062361e-01 9.103319414861156755e-08 8.839252337552600182e-08 8.583994974184905098e-08 8.333204932669440100e-08 8.089840149752812108e-08
3.718000000000000000e+03 9.999995708078057710e-01 9.999999999350211999e-01 9.999999999316199206e-01 9.999999999248923022e-01 9.999999999054718369e-01 9.103279881072315984e-08 8.839238526539589208e-08 8.583933681026930178e-08 8.333344123834441143e-08 8.089953941999011509e-08
3.720000000000000000e+03 9.999995708090386737e-01 9.999999999350038804e-01 9.999999999315152266e-01 9.999999999247553006e-01 9.999999999051260025e-01 9.103247221852993011e-08 8.839322617917661360e-08 8.583868383057902132e-08 8.333269712852931726e-08 8.089979368787863945e-08
3.722000000000000000e+03 9.999995708096296454e-01 9.999999999349751256e-01 9.999999999314019838e-01 9.999999999246124149e-01 9.999999999047685106e-01 9.103460387220881462e-08 8.839210058981870761e-08 8.584014951534358433e-08 8.333172042325049015e-08 8.089835123734812479e-08
3.724000000000000000e+03 9.999995708081869106e-01 9.999999999349323820e-01 9.999999999312807475e-01 9.999999999244640891e-01 9.999999999043983623e-01 9.103655787535376276e-08 8.839031120981721044e-08 8.584131417522206126e-08 8.333271673023659121e-08 8.089815061656840042e-08
3.726000000000000000e+03 9.999995708078369683e-01 9.999999999348747615e-01 9.999999999311537380e-01 9.999999999243129878e-01 9.999999999040161125e-01 9.103640223462341259e-08 8.839027809220679100e-08 8.584066077697247486e-08 8.333361458407527422e-08 8.089916402450193810e-08
3.728000000000000000e+03 9.999995708093126767e-01 9.999999999348007096e-01 9.999999999310222876e-01 9.999999999241601101e-01 9.999999999036214282e-01 9.103643922721085709e-08 8.839065218235284823e-08 8.584047875031740834e-08 8.333291551157291224e-08 8.089891108165508462e-08
3.730000000000000000e+03 9.999995708093574187e-01 9.999999999347103374e-01 9.999999999308893939e-01 9.999999999240083426e-01 9.999999999032149756e-01 9.103821779570974266e-08 8.838948690860923917e-08 8.584173974775830505e-08 8.333267916099139263e-08 8.089801164144755673e-08
3.732000000000000000e+03 9.999995708078657231e-01 9.999999999346042001e-01 9.999999999307572773e-01 9.999999999238599058e-01 9.999999999027974207e-01 9.103973849004867739e-08 8.838812110727047519e-08 8.584234468242049724e-08 8.333379421899918148e-08 8.089843575067268309e-08
3.734000000000000000e+03 9.999995708079995049e-01 9.999999999344818535e-01 9.999999999306284915e-01 9.999999999237163539e-01 9.999999999023694297e-01 9.103975236147438104e-08 8.838811165632240987e-08 8.584174057769737304e-08 8.333432206005291579e-08 8.089919809616648831e-08
3.736000000000000000e+03 9.999995708093279978e-01 9.999999999343455181e-01 9.999999999305063669e-01 9.999999999235809067e-01 9.999999999019318908e-01 9.103997009782831871e-08 8.838819708684518663e-08 8.584177587841942197e-08 8.333385648439558107e-08 8.089882963556532587e-08
3.738000000000000000e+03 9.999995708089363111e-01 9.999999999341976364e-01 9.999999999303941234e-01 9.999999999234561177e-01 9.999999999014866914e-01 9.104139392812865980e-08 8.838715599362297287e-08 8.584268037975749462e-08 8.333411085320827962e-08 8.089851270749892546e-08
3.740000000000000000e+03 9.999995708076852008e-01 9.999999999340400958e-01 9.999999999302942033e-01 9.999999999233445402e-01 9.999999999010349416e-01 9.104256546308772245e-08 8.838615358459285860e-08 8.584286366179499683e-08 8.333510498861203426e-08 8.089924004648952150e-08
3.742000000000000000e+03 9.999995708081564905e-01 9.999999999338765599e-01 9.999999999302101594e-01 9.999999999232486170e-01 9.999999999005784179e-01 9.104266543500697099e-08 8.838615802214187688e-08 8.584230901569377803e-08 8.333538438120436029e-08 8.089974145588389545e-08
3.744000000000000000e+03 9.999995708091637958e-01 9.999999999337103596e-01 9.999999999301442122e-01 9.999999999231702352e-01 9.999999999001191187e-01 9.104292174062193980e-08 8.838612817919059679e-08 8.584235340278772983e-08 8.333516855051744257e-08 8.089944960328111419e-08
3.746000000000000000e+03 9.999995708085237522e-01 9.999999999335456025e-01 9.999999999300995812e-01 9.999999999231123926e-01 9.999999998996592643e-01 9.104400730929522229e-08 8.838530126272550659e-08 8.584288036445793312e-08 8.333561346719306412e-08 8.089958735026294727e-08
3.748000000000000000e+03 9.999995708076510059e-01 9.999999999333872847e-01 9.999999999300782649e-01 9.999999999230774206e-01 9.999999998992016303e-01 9.104488369442734044e-08 8.838461037137529103e-08 8.584276798310825915e-08 8.333635803052035821e-08 8.090031846878988696e-08
3.750000000000000000e+03 9.999995708082877188e-01 9.999999999332374045e-01 9.999999999300807074e-01 9.999999999230650971e-01 9.999999998987467720e-01 9.104498534213250664e-08 8.838466926534270311e-08 8.584221187491006523e-08 8.333648689495742487e-08 8.090056100434771421e-08
3.752000000000000000e+03 9.999995708089207680e-01 9.999999999331027345e-01 9.999999999301106834e-01 9.999999999230794190e-01 9.999999998982999072e-01 9.104518705545217230e-08 8.838464936223099716e-08 8.584216593994004556e-08 8.333638637878934540e-08 8.090043442128858095e-08
3.754000000000000000e+03 9.999995708082599633e-01 9.999999999329846068e-01 9.999999999301661946e-01 9.999999999231187209e-01 9.999999998978608140e-01 9.104595961626227869e-08 8.838407000957878623e-08 8.584237954787674619e-08 8.333678194577290146e-08 8.090075450023652115e-08
3.756000000000000000e+03 9.999995708077831225e-01 9.999999999328883504e-01 9.999999999302497944e-01 9.999999999231853343e-01 9.999999998974333781e-01 9.104656302368510347e-08 8.838367199677519388e-08 8.584204515444155522e-08 8.333727594078259889e-08 8.090124192697185868e-08
3.758000000000000000e+03 9.999995708083827539e-01 9.999999999328155198e-01 9.999999999303593734e-01 9.999999999232783710e-01 9.999999998970190429e-01 9.104660773276548793e-08 8.838381978442049453e-08 8.584147825251975950e-08 8.333724139586311218e-08 8.090133578349483721e-08
3.760000000000000000e+03 9.999995708087481283e-01 9.999999999327691125e-01 9.999999999304952647e-01 9.999999999233991632e-01 9.999999998966212500e-01 9.104670677426945561e-08 8.838387180914680573e-08 8.584134871571106273e-08 8.333709780824373009e-08 8.090128276650964913e-08
3.762000000000000000e+03 9.999995708082574097e-01 9.999999999327495726e-01 9.999999999306540266e-01 9.999999999235452686e-01 9.999999998962405545e-01 9.104717690239704344e-08 8.838356986909007309e-08 8.584129911953814030e-08 8.333738342851155932e-08 8.090146309815481615e-08
3.764000000000000000e+03 9.999995708080096080e-01 9.999999999327594535e-01 9.999999999308351040e-01 9.999999999237176862e-01 9.999999998958808423e-01 9.104752881553801649e-08 8.838343882182792552e-08 8.584083566481938295e-08 8.333760076661888815e-08 8.090173459363747581e-08
3.766000000000000000e+03 9.999995708085078761e-01 9.999999999327974232e-01 9.999999999310342780e-01 9.999999999239144177e-01 9.999999998955435565e-01 9.104749628466312415e-08 8.838366406340014275e-08 8.584032815243492616e-08 8.333734192074362696e-08 8.090171425658150009e-08
3.768000000000000000e+03 9.999995708088074142e-01 9.999999999328648137e-01 9.999999999312483290e-01 9.999999999241344639e-01 9.999999998952312508e-01 9.104744979588259507e-08 8.838384899962459304e-08 8.584010307917718175e-08 8.333717737248954847e-08 8.090148165598953851e-08
3.770000000000000000e+03 9.999995708084240542e-01 9.999999999329585165e-01 9.999999999314713728e-01 9.999999999243741611e-01 9.999999998949444802e-01 9.104763809648654823e-08 8.838382451221214168e-08 8.583987369456232721e-08 8.333730297243364463e-08 8.090153522993622504e-08
3.772000000000000000e+03 9.999995708082806134e-01 9.999999999330785316e-01 9.999999999316996346e-01 9.999999999246321769e-01 9.999999998946863533e-01 9.104778984526400959e-08 8.838387346804574516e-08 8.583945523523906347e-08 8.333717273450713712e-08 8.090167977608174098e-08
3.774000000000000000e+03 9.999995708087981994e-01 9.999999999332223055e-01 9.999999999319275634e-01 9.999999999249046256e-01 9.999999998944582025e-01 9.104764891026639468e-08 8.838419487452483902e-08 8.583900520027249337e-08 8.333684082279354007e-08 8.090134873589427971e-08
3.776000000000000000e+03 9.999995708089800539e-01 9.999999999333877287e-01 9.999999999321497191e-01 9.999999999251876215e-01 9.999999998942605828e-01 9.104743430028553522e-08 8.838455375078504355e-08 8.583868957972103751e-08 8.333668203386748571e-08 8.090102454028650211e-08
3.778000000000000000e+03 9.999995708086020230e-01 9.999999999335722478e-01 9.999999999323615496e-01 9.999999999254765015e-01 9.999999998940949375e-01 9.104741801941680311e-08 8.838469896234352277e-08 8.583849598510479662e-08 8.333650114383411236e-08 8.090113029096207685e-08
3.780000000000000000e+03 9.999995708086868440e-01 9.999999999337710888e-01 9.999999999325585032e-01 9.999999999257657146e-01 9.999999998939600454e-01 9.104739076475750689e-08 8.838488342008791529e-08 8.583817910016347729e-08 8.333622847971563313e-08 8.090092744173267569e-08
3.782000000000000000e+03 9.999995708091261593e-01 9.999999999339809209e-01 9.999999999327370270e-01 9.999999999260494876e-01 9.999999998938549073e-01 9.104710356966933293e-08 8.838535290947986899e-08 8.583772184193160976e-08 8.333600284366863154e-08 8.090042148082273418e-08
3.784000000000000000e+03 9.999995708090658741e-01 9.999999999341960821e-01 9.999999999328964551e-01 9.999999999263228245e-01 9.999999998937783019e-01 9.104678822036584504e-08 8.838578206918784627e-08 8.583751405274839579e-08 8.333564660570440534e-08 8.090036326991199490e-08
3.786000000000000000e+03 9.999995708089363111e-01 9.999999999344100221e-01 9.999999999330352329e-01 9.999999999265798412e-01 9.999999998937261214e-01 9.104662286011592687e-08 8.838600981324210409e-08 8.583746237520664892e-08 8.333532031861883566e-08 8.090025375018136808e-08
3.788000000000000000e+03 9.999995708091908853e-01 9.999999999346143031e-01 9.999999999331536937e-01 9.999999999268145423e-01 9.999999998936948131e-01 9.104638443016770401e-08 8.838638838179950482e-08 8.583712342444999570e-08 8.333523837152939093e-08 8.089975443614745290e-08
3.790000000000000000e+03 9.999995708093100122e-01 9.999999999348009316e-01 9.999999999332541689e-01 9.999999999270240414e-01 9.999999998936803802e-01 9.104601634412185063e-08 8.838690346244700931e-08 8.583682399139005543e-08 8.333489935663075749e-08 8.089964469789339005e-08
3.792000000000000000e+03 9.999995708093428748e-01 9.999999999349610258e-01 9.999999999333398781e-01 9.999999999272064510e-01 9.999999998936790480e-01 9.104567378226788013e-08 8.838727384425792864e-08 8.583688033931573851e-08 8.333439615894572342e-08 8.089960555824084869e-08
3.794000000000000000e+03 9.999995708095573699e-01 9.999999999350844826e-01 9.999999999334138190e-01 9.999999999273609941e-01 9.999999998936871526e-01 9.104531416430433412e-08 8.838767052468626531e-08 8.583677435530768015e-08 8.333438996903374157e-08 8.089910743710819560e-08
3.796000000000000000e+03 9.999995708095760216e-01 9.999999999351629754e-01 9.999999999334794332e-01 9.999999999274892248e-01 9.999999998937028067e-01 9.104493511677216869e-08 8.838815781234124135e-08 8.583652160219072761e-08 8.333429678878200048e-08 8.089904256742674484e-08
3.798000000000000000e+03 9.999995708096359737e-01 9.999999999351865121e-01 9.999999999335377199e-01 9.999999999275932527e-01 9.999999998937222356e-01 9.104460529543138278e-08 8.838851409264112716e-08 8.583662532064569118e-08 8.333372370375425175e-08 8.089921949990705549e-08
3.800000000000000000e+03 9.999995708100448688e-01 9.999999999351494306e-01 9.999999999335914547e-01 9.999999999276782958e-01 9.999999998937467716e-01 9.104416260808187891e-08 8.838893684000251193e-08 8.583668044160103089e-08 8.333365554202694720e-08 8.089871832705286570e-08
3.802000000000000000e+03 9.999995708100717362e-01 9.999999999350472901e-01 9.999999999336405265e-01 9.999999999277492391e-01 9.999999998937773027e-01 9.104364802200660234e-08 8.838948873705041242e-08 8.583649993685662105e-08 8.333384525136440276e-08 8.089859816693447042e-08
3.804000000000000000e+03 9.999995708098842195e-01 9.999999999348775370e-01 9.999999999336821599e-01 9.999999999278105234e-01 9.999999998938146062e-01 9.104332912646027767e-08 8.838978207386664904e-08 8.583670048363783984e-08 8.333336881393340835e-08 8.089911560292269293e-08
3.806000000000000000e+03 9.999995708103377456e-01 9.999999999346419477e-01 9.999999999337149115e-01 9.999999999278685880e-01 9.999999998938620127e-01 9.104297606023494380e-08 8.839006040918800339e-08 8.583693289284375254e-08 8.333320403285613803e-08 8.089876808128139493e-08
3.808000000000000000e+03 9.999995708106030889e-01 9.999999999343442969e-01 9.999999999337342294e-01 9.999999999279259866e-01 9.999999998939215207e-01 9.104238670183560452e-08 8.839065861483533296e-08 8.583673831042647653e-08 8.333363326526843394e-08 8.089842235477168631e-08
3.810000000000000000e+03 9.999995708102127345e-01 9.999999999339918011e-01 9.999999999337345624e-01 9.999999999279853835e-01 9.999999998939943513e-01 9.104198079648279766e-08 8.839100342605592950e-08 8.583694475899633796e-08 8.333333165656940208e-08 8.089918947389285756e-08
3.812000000000000000e+03 9.999995708104483239e-01 9.999999999335944523e-01 9.999999999337114698e-01 9.999999999280477780e-01 9.999999998940817258e-01 9.104173733232457675e-08 8.839107317503824744e-08 8.583743740779255099e-08 8.333302775749534548e-08 8.089921018019227962e-08
3.814000000000000000e+03 9.999995708109925552e-01 9.999999999331645739e-01 9.999999999336597334e-01 9.999999999281122820e-01 9.999999998941828672e-01 9.104120823573710549e-08 8.839156306770142903e-08 8.583725970611274033e-08 8.333365560653815437e-08 8.089857247142235215e-08
3.816000000000000000e+03 9.999995708106577119e-01 9.999999999327155997e-01 9.999999999335758005e-01 9.999999999281764529e-01 9.999999998942953328e-01 9.104073396983448561e-08 8.839201253548403062e-08 8.583726666796845012e-08 8.333361696584508779e-08 8.089932240799437524e-08
3.818000000000000000e+03 9.999995708106150794e-01 9.999999999322607414e-01 9.999999999334563405e-01 9.999999999282358498e-01 9.999999998944144597e-01 9.104056998186664223e-08 8.839194494052908951e-08 8.583796648092913425e-08 8.333306938711880082e-08 8.089984059885456193e-08
3.820000000000000000e+03 9.999995708113798010e-01 9.999999999318155419e-01 9.999999999333011313e-01 9.999999999282868091e-01 9.999999998945349189e-01 9.104015273072864867e-08 8.839221906868194643e-08 8.583795931599097554e-08 8.333374406474622713e-08 8.089898298186894862e-08
3.822000000000000000e+03 9.999995708113522674e-01 9.999999999313915477e-01 9.999999999331099509e-01 9.999999999283234464e-01 9.999999998946491608e-01 9.103963318443291961e-08 8.839275609343673822e-08 8.583764504571233007e-08 8.333412299309049397e-08 8.089939346906544359e-08
3.824000000000000000e+03 9.999995708111090176e-01 9.999999999310001941e-01 9.999999999328854638e-01 9.999999999283413210e-01 9.999999998947489699e-01 9.103955493936390276e-08 8.839263707964199119e-08 8.583835289809502861e-08 8.333332221995746204e-08 8.090042442146172321e-08
3.826000000000000000e+03 9.999995708120302806e-01 9.999999999306521392e-01 9.999999999326323330e-01 9.999999999283373242e-01 9.999999998948271296e-01 9.103932489016993596e-08 8.839262537662219423e-08 8.583866091631459373e-08 8.333373218067600967e-08 8.089955729784841320e-08
3.828000000000000000e+03 9.999995708125384297e-01 9.999999999303520459e-01 9.999999999323542221e-01 9.999999999283066821e-01 9.999999998948735369e-01 9.103874864890209202e-08 8.839322539540628078e-08 8.583804562732110601e-08 8.333461456040759985e-08 8.089931966969296229e-08
3.830000000000000000e+03 9.999995708122122462e-01 9.999999999301051323e-01 9.999999999320580146e-01 9.999999999282492835e-01 9.999999998948815305e-01 9.103868193644040458e-08 8.839319066032529013e-08 8.583850292646449285e-08 8.333376860833391679e-08 8.090073029301318521e-08
3.832000000000000000e+03 9.999995708131304006e-01 9.999999999299117315e-01 9.999999999317490396e-01 9.999999999281636853e-01 9.999999998948435609e-01 9.103874356511784961e-08 8.839282703671464036e-08 8.583921002538299596e-08 8.333358149068686040e-08 8.090022096188188695e-08
3.834000000000000000e+03 9.999995708143700757e-01 9.999999999297696229e-01 9.999999999314332921e-01 9.999999999280517748e-01 9.999999998947546320e-01 9.103819598785769727e-08 8.839336889590530668e-08 8.583845499153042512e-08 8.333483733975980680e-08 8.089914752490042048e-08
3.836000000000000000e+03 9.999995708142089823e-01 9.999999999296735886e-01 9.999999999311147691e-01 9.999999999279145513e-01 9.999999998946093038e-01 9.103799635815186393e-08 8.839361386996669815e-08 8.583837335010193825e-08 8.333431494876836507e-08 8.090056404844748964e-08
3.838000000000000000e+03 9.999995708148582407e-01 9.999999999296170783e-01 9.999999999307979115e-01 9.999999999277554563e-01 9.999999998944055779e-01 9.103835068619043999e-08 8.839295725358799838e-08 8.583943375114656864e-08 8.333336133000494458e-08 8.090084677499640970e-08
3.840000000000000000e+03 9.999995708168376574e-01 9.999999999295905440e-01 9.999999999304851617e-01 9.999999999275782647e-01 9.999999998941417889e-01 9.103802247210052132e-08 8.839318360442960025e-08 8.583887361358669101e-08 8.333461094222794894e-08 8.089906073505791265e-08
3.842000000000000000e+03 9.999995708173071707e-01 9.999999999295839936e-01 9.999999999301776299e-01 9.999999999273874174e-01 9.999999998938179369e-01 9.103760281493263179e-08 8.839381280701389320e-08 8.583803710179029777e-08 8.333478381578075850e-08 8.089987798739323538e-08
3.844000000000000000e+03 9.999995708175255515e-01 9.999999999295838826e-01 9.999999999298722075e-01 9.999999999271845796e-01 9.999999998934334666e-01 9.103811005878854635e-08 8.839313367402578834e-08 8.583914735124363467e-08 8.333319492325256987e-08 8.090120170828425756e-08
3.846000000000000000e+03 9.999995708199425071e-01 9.999999999295785535e-01 9.999999999295682285e-01 9.999999999269748585e-01 9.999999998929909317e-01 9.103820538490826207e-08 8.839278510135763379e-08 8.583920270002243511e-08 8.333388309157836608e-08 8.089925673772080849e-08
3.848000000000000000e+03 9.999995708215813073e-01 9.999999999295547948e-01 9.999999999292606967e-01 9.999999999267602524e-01 9.999999998924921085e-01 9.103760613889853838e-08 8.839366115459662045e-08 8.583768547315869198e-08 8.333491740884922608e-08 8.089886864521776512e-08
3.850000000000000000e+03 9.999995708215714263e-01 9.999999999294999498e-01 9.999999999289445052e-01 9.999999999265433148e-01 9.999999998919401056e-01 9.103801111118012640e-08 8.839337240276828472e-08 8.583829050320559524e-08 8.333318734387801162e-08 8.090103010037865246e-08
3.852000000000000000e+03 9.999995708238854641e-01 9.999999999294013620e-01 9.999999999286121044e-01 9.999999999263234907e-01 9.999999998913364774e-01 9.103865834510737714e-08 8.839238613405716390e-08 8.583919802118023965e-08 8.333280021250605930e-08 8.089978963588260750e-08
3.854000000000000000e+03 9.999995708270281725e-01 9.999999999292477071e-01 9.999999999282567220e-01 9.999999999261016681e-01 9.999999998906844434e-01 9.103810154269311605e-08 8.839308237605311061e-08 8.583749317676835588e-08 8.333444716372328013e-08 8.089795010502002000e-08
3.856000000000000000e+03 9.999995708274372896e-01 9.999999999290284380e-01 9.999999999278701424e-01 9.999999999258761818e-01 9.999999998899860021e-01 9.103809141686122679e-08 8.839353991737883424e-08 8.583704302388774533e-08 8.333330010259572637e-08 8.090022048331201722e-08
3.858000000000000000e+03 9.999995708291178342e-01 9.999999999287363384e-01 9.999999999274450380e-01 9.999999999256450334e-01 9.999999998892444841e-01 9.103919707833703354e-08 8.839224164376936801e-08 8.583858109507766890e-08 8.333169926432919244e-08 8.090048735056084713e-08
3.860000000000000000e+03 9.999995708336348876e-01 9.999999999283636365e-01 9.999999999269734152e-01 9.999999999254051142e-01 9.999999998884614438e-01 9.103909916166775293e-08 8.839215765654451714e-08 8.583744819663955912e-08 8.333327538536605754e-08 8.089757670988973492e-08
3.862000000000000000e+03 9.999995708354216806e-01 9.999999999279066687e-01 9.999999999264490569e-01 9.999999999251538707e-01 9.999999998876391016e-01 9.103849414771214633e-08 8.839332164581947908e-08 8.583579141997261815e-08 8.333328466525404568e-08 8.089893406524014599e-08
3.864000000000000000e+03 9.999995708362506841e-01 9.999999999273635476e-01 9.999999999258658567e-01 9.999999999248868621e-01 9.999999998867796780e-01 9.103959383709766693e-08 8.839247910981205664e-08 8.583725357031752143e-08 8.333091304921718914e-08 8.090100949792869905e-08
3.866000000000000000e+03 9.999995708414191053e-01 9.999999999267368267e-01 9.999999999252215943e-01 9.999999999246022009e-01 9.999999998858863925e-01 9.104038464227505718e-08 8.839126025200576567e-08 8.583727671417593361e-08 8.333162254698767221e-08 8.089798962394629393e-08
3.868000000000000000e+03 9.999995708454988419e-01 9.999999999260281713e-01 9.999999999245127169e-01 9.999999999242943360e-01 9.999999998849610217e-01 9.103943344562552366e-08 8.839237333673317513e-08 8.583490304449745264e-08 8.333282503214062179e-08 8.089757104502470443e-08
3.870000000000000000e+03 9.999995708458649935e-01 9.999999999252457972e-01 9.999999999237400017e-01 9.999999999239621573e-01 9.999999998840071180e-01 9.103974416410364479e-08 8.839279916749286566e-08 8.583548715231519211e-08 8.333051110184775095e-08 8.090104283749710106e-08
3.872000000000000000e+03 9.999995708504562097e-01 9.999999999243983639e-01 9.999999999229051140e-01 9.999999999236024451e-01 9.999999998830273462e-01 9.104143026492343684e-08 8.839097780258424133e-08 8.583661208318579385e-08 8.332991893573616918e-08 8.089907681064322044e-08
3.874000000000000000e+03 9.999995708571451924e-01 9.999999999234988612e-01 9.999999999220132718e-01 9.999999999232157544e-01 9.999999998820265912e-01 9.104099090562699852e-08 8.839077375689527206e-08 8.583439540942499830e-08 8.333181751190160145e-08 8.089652901171303476e-08
3.876000000000000000e+03 9.999995708581377318e-01 9.999999999225616110e-01 9.999999999210713586e-01 9.999999999228020853e-01 9.999999998810107371e-01 9.103988747382311064e-08 8.839236588179297137e-08 8.583383592813812198e-08 8.333027740621908611e-08 8.090045646550891574e-08
3.878000000000000000e+03 9.999995708608944156e-01 9.999999999216035995e-01 9.999999999200902545e-01 9.999999999223643243e-01 9.999999998799862233e-01 9.104151862450611665e-08 8.839154871823527773e-08 8.583542630649148438e-08 8.332845127515926001e-08 8.090052424540820693e-08
3.880000000000000000e+03 9.999995708693706353e-01 9.999999999206440338e-01 9.999999999190808397e-01 9.999999999219056912e-01 9.999999998789608213e-01 9.104269891171984069e-08 8.838946339927289208e-08 8.583387140981084006e-08 8.333044640860475865e-08 8.089596724562885890e-08
3.882000000000000000e+03 9.999995708723782295e-01 9.999999999197014544e-01 9.999999999180571031e-01 9.999999999214319590e-01 9.999999998779436350e-01 9.104065593060418935e-08 8.839042722294414052e-08 8.583261145345737120e-08 8.333004807516773643e-08 8.089915503017174548e-08
3.884000000000000000e+03 9.999995708727595911e-01 9.999999999187962896e-01 9.999999999170352538e-01 9.999999999209501222e-01 9.999999998769456555e-01 9.104033499249480918e-08 8.839204072319907410e-08 8.583428754939177181e-08 8.332717598653705202e-08 8.090208660445635604e-08
3.886000000000000000e+03 9.999995708810833772e-01 9.999999999179457477e-01 9.999999999160297248e-01 9.999999999204682855e-01 9.999999998759770969e-01 9.104319256224411044e-08 8.838981057296521820e-08 8.583310880209146329e-08 8.332880626816539235e-08 8.089598886225785631e-08
3.888000000000000000e+03 9.999995708868691935e-01 9.999999999171698128e-01 9.999999999150587238e-01 9.999999999199966627e-01 9.999999998750527253e-01 9.104243844212406981e-08 8.838770010915200813e-08 8.583138501418723580e-08 8.332998455910216304e-08 8.089675781481821136e-08
3.890000000000000000e+03 9.999995708854242382e-01 9.999999999164829179e-01 9.999999999141379048e-01 9.999999999195451350e-01 9.999999998741850860e-01 9.103884920647717860e-08 8.839047808584661670e-08 8.583376450216606728e-08 8.332615253752100371e-08 8.090339593327284916e-08
3.892000000000000000e+03 9.999995708914871662e-01 9.999999999158964981e-01 9.999999999132815898e-01 9.999999999191232503e-01 9.999999998733887230e-01 9.104084374975436383e-08 8.839177625573865877e-08 8.583289798281923264e-08 8.332650805640866631e-08 8.089721384170916464e-08
3.894000000000000000e+03 9.999995708995439436e-01 9.999999999154197683e-01 9.999999999125027683e-01 9.999999999187404454e-01 9.999999998726777362e-01 9.104402506378464071e-08 8.838698853555282550e-08 8.582954531042714491e-08 8.333008635698016951e-08 8.089288831232505492e-08
3.896000000000000000e+03 9.999995708972211350e-01 9.999999999150566143e-01 9.999999999118113214e-01 9.999999999184057131e-01 9.999999998720658922e-01 9.103919101746558459e-08 8.838617274626474297e-08 8.583317365293065291e-08 8.332620164296618224e-08 8.090311894812839196e-08
3.898000000000000000e+03 9.999995708998189459e-01 9.999999999148078134e-01 9.999999999112145765e-01 9.999999999181259369e-01 9.999999998715662919e-01 9.103592143295244714e-08 8.839232783871378339e-08 8.583466485324896414e-08 8.332327513034684568e-08 8.090069816628420826e-08
3.900000000000000000e+03 9.999995709091817897e-01 9.999999999146678142e-01 9.999999999107143100e-01 9.999999999179036703e-01 9.999999998711890381e-01 9.104220086151466935e-08 8.839069094135880191e-08 8.582806833764436724e-08 8.332919702124561574e-08 8.088860533053294254e-08
3.902000000000000000e+03 9.999995709063222993e-01 9.999999999146303997e-01 9.999999999103116322e-01 9.999999999177421328e-01 9.999999998709442339e-01 9.104215574848968541e-08 8.838269181072143441e-08 8.583053418995486737e-08 8.332837068021358910e-08 8.089871899830261389e-08
3.904000000000000000e+03 9.999995709045638170e-01 9.999999999146819141e-01 9.999999999100001036e-01 9.999999999176378829e-01 9.999999998708372084e-01 9.103234890564813929e-08 8.838769738171315746e-08 8.583806491070827647e-08 8.332051983117668666e-08 8.090607153303746590e-08
3.906000000000000000e+03 9.999995709154180235e-01 9.999999999148088126e-01 9.999999999097719527e-01 9.999999999175860355e-01 9.999999998708699600e-01 9.103471101664686235e-08 8.839611744061713624e-08 8.583022432283304230e-08 8.332534381386168137e-08 8.088757394030099144e-08
3.908000000000000000e+03 9.999995709129105848e-01 9.999999999149945529e-01 9.999999999096157444e-01 9.999999999175772647e-01 9.999999998710417115e-01 9.104406758460970869e-08 8.838631233072467765e-08 8.582544677315205267e-08 8.333170378525445627e-08 8.088875551196196179e-08
3.910000000000000000e+03 9.999995709042246439e-01 9.999999999152243690e-01 9.999999999095181558e-01 9.999999999175999132e-01 9.999999998713466898e-01 9.103506382371039579e-08 8.837971249914053018e-08 8.583902259173113449e-08 8.332156696278404661e-08 8.090914748094879216e-08
3.912000000000000000e+03 9.999995709166823454e-01 9.999999999154820518e-01 9.999999999094649761e-01 9.999999999176395482e-01 9.999999998717759020e-01 9.102530074220286508e-08 8.839525716547074262e-08 8.583823267651050961e-08 8.331863659246449691e-08 8.089395612235094014e-08
3.914000000000000000e+03 9.999995709194872129e-01 9.999999999157541675e-01 9.999999999094421055e-01 9.999999999176808485e-01 9.999999998723171357e-01 9.103847523920833814e-08 8.839777799477732443e-08 8.582252646043595450e-08 8.333198920373050305e-08 8.087697906626352655e-08
3.916000000000000000e+03 9.999995709009843470e-01 9.999999999160305020e-01 9.999999999094363323e-01 9.999999999177070498e-01 9.999999998729542927e-01 9.104286312896180785e-08 8.837826174102660796e-08 8.583281654924400188e-08 8.332819366191752507e-08 8.090318360916289027e-08
3.918000000000000000e+03 9.999995709095698126e-01 9.999999999163030617e-01 9.999999999094371095e-01 9.999999999177027199e-01 9.999999998736694984e-01 9.102353350546486817e-08 8.838402283963674117e-08 8.584768776721689200e-08 8.331389673921221167e-08 8.090661056350355664e-08
3.920000000000000000e+03 9.999995709262092802e-01 9.999999999165675169e-01 9.999999999094364433e-01 9.999999999176533150e-01 9.999999998744434349e-01 9.102474718446223437e-08 8.840621701349421159e-08 8.582904508231943788e-08 8.332521213088174572e-08 8.087290418844036752e-08
3.922000000000000000e+03 9.999995709027138524e-01 9.999999999168225351e-01 9.999999999094308922e-01 9.999999999175478438e-01 9.999999998752562291e-01 9.104544533594450850e-08 8.839140615769828222e-08 8.582176038248696734e-08 8.333607455250957567e-08 8.088597999310846787e-08
3.924000000000000000e+03 9.999995708943506534e-01 9.999999999170696707e-01 9.999999999094187908e-01 9.999999999173782017e-01 9.999999998760897846e-01 9.103445519946085619e-08 8.837230926427029721e-08 8.584806499295673547e-08 8.331767481075647231e-08 8.091562733163375904e-08
3.926000000000000000e+03 9.999995709259922316e-01 9.999999999173120324e-01 9.999999999094039138e-01 9.999999999171406140e-01 9.999999998769271148e-01 9.101409269555653631e-08 8.839819431592886079e-08 8.584522191636462526e-08 8.331399093199702645e-08 8.088416397123098671e-08
3.928000000000000000e+03 9.999995709158633339e-01 9.999999999175541721e-01 9.999999999093921454e-01 9.999999999168359688e-01 9.999999998777557852e-01 9.103355746456173231e-08 8.841079601307760424e-08 8.581765423701073424e-08 8.333627041789494024e-08 8.086676310852218479e-08
3.930000000000000000e+03 9.999995708820778040e-01 9.999999999177986432e-01 9.999999999093898140e-01 9.999999999164677078e-01 9.999999998785642497e-01 9.104791930927935662e-08 8.837737331160169057e-08 8.583400811577601225e-08 8.332994753588108380e-08 8.090889580145889840e-08
3.932000000000000000e+03 9.999995709102815766e-01 9.999999999180504417e-01 9.999999999094050240e-01 9.999999999160442687e-01 9.999999998793472900e-01 9.102011566603068590e-08 8.837705669378129030e-08 8.585810013051416414e-08 8.330836486798460250e-08 8.090567660686158508e-08
3.934000000000000000e+03 9.999995709330371518e-01 9.999999999183106780e-01 9.999999999094456582e-01 9.999999999155763097e-01 9.999999998801030188e-01 9.101405659103337383e-08 8.841467042400015123e-08 8.583043127952296042e-08 8.332481329237791618e-08 8.086199782919155026e-08
3.936000000000000000e+03 9.999995708890569990e-01 9.999999999185803512e-01 9.999999999095190439e-01 9.999999999150763763e-01 9.999999998808336565e-01 9.104557475677107491e-08 8.840105137075838956e-08 8.581636462125250601e-08 8.334034543389839560e-08 8.088604201301558169e-08
3.938000000000000000e+03 9.999995708846185494e-01 9.999999999188567967e-01 9.999999999096272907e-01 9.999999999145557927e-01 9.999999998815434221e-01 9.103974406856280173e-08 8.836599344370600656e-08 8.585206154953647678e-08 8.331599738954493889e-08 8.091944634663003709e-08
3.940000000000000000e+03 9.999995709340786521e-01 9.999999999191374611e-01 9.999999999097735071e-01 9.999999999140265494e-01 9.999999998822396430e-01 9.100747417250755173e-08 8.839368656709180382e-08 8.585264720542322233e-08 8.331016497531687679e-08 8.087921721620912910e-08
3.942000000000000000e+03 9.999995709163622681e-01 9.999999999194183475e-01 9.999999999099568049e-01 9.999999999134993045e-01 9.999999998829310899e-01 9.102394904930058187e-08 8.842020759392216834e-08 8.581488907196230338e-08 8.333728168797064242e-08 8.086395388785218323e-08
3.944000000000000000e+03 9.999995708723128374e-01 9.999999999196937939e-01 9.999999999101740755e-01 9.999999999129799422e-01 9.999999998836258674e-01 9.105076160668928648e-08 8.838178471092170181e-08 8.582890869416970958e-08 8.333137645156047152e-08 8.091083328112072468e-08
3.946000000000000000e+03 9.999995709093024709e-01 9.999999999199585821e-01 9.999999999104202120e-01 9.999999999124735695e-01 9.999999998843310811e-01 9.102352554819559993e-08 8.836831739165379345e-08 8.586224370031310252e-08 8.330645115505229248e-08 8.090542760603748492e-08
3.948000000000000000e+03 9.999995709393219023e-01 9.999999999202089374e-01 9.999999999106912174e-01 9.999999999119827399e-01 9.999999998850542804e-01 9.100406793548645753e-08 8.841153326003134381e-08 8.583499882893379210e-08 8.332201446415370753e-08 8.086257995957052119e-08
3.950000000000000000e+03 9.999995708908113734e-01 9.999999999204407519e-01 9.999999999109820958e-01 9.999999999115066762e-01 9.999999998857981298e-01 9.103690864318581980e-08 8.840959846439292687e-08 8.581109822452119497e-08 8.333938944947623113e-08 8.088592211783229724e-08
3.952000000000000000e+03 9.999995708791598048e-01 9.999999999206496959e-01 9.999999999112871851e-01 9.999999999110426030e-01 9.999999998865647388e-01 9.104464271974315604e-08 8.836760010830879845e-08 8.584699855958590469e-08 8.331735485987577121e-08 8.091715598883759401e-08
3.954000000000000000e+03 9.999995709306951364e-01 9.999999999208344370e-01 9.999999999116039318e-01 9.999999999105885218e-01 9.999999998873532192e-01 9.100823671205784925e-08 8.838323444176767107e-08 8.585734166138880764e-08 8.330927413348398476e-08 8.088329530215058378e-08
3.956000000000000000e+03 9.999995709247981868e-01 9.999999999209925328e-01 9.999999999119293381e-01 9.999999999101413239e-01 9.999999998881615726e-01 9.101093023729302870e-08 8.841781551191327730e-08 8.581773518096575639e-08 8.333217647909991171e-08 8.086777848671948667e-08
3.958000000000000000e+03 9.999995708768953939e-01 9.999999999211238721e-01 9.999999999122624050e-01 9.999999999096987890e-01 9.999999998889860242e-01 9.104478221959732390e-08 8.839168631573060546e-08 8.582154371250666739e-08 8.333075755331261170e-08 8.090472665003270530e-08
3.960000000000000000e+03 9.999995708965024876e-01 9.999999999212255686e-01 9.999999999126011341e-01 9.999999999092581415e-01 9.999999998898206899e-01 9.103063704537819841e-08 8.836744128704572608e-08 8.585838497900951167e-08 8.331086016251406305e-08 8.090573158691982321e-08
3.962000000000000000e+03 9.999995709370380625e-01 9.999999999212977331e-01 9.999999999129454142e-01 9.999999999088206026e-01 9.999999998906614618e-01 9.100108929467426619e-08 8.839833118601926613e-08 8.584115576717079055e-08 8.331868041964465664e-08 8.087244385704690502e-08
3.964000000000000000e+03 9.999995709072847516e-01 9.999999999213392554e-01 9.999999999132938022e-01 9.999999999083876157e-01 9.999999998915037880e-01 9.102261357616943256e-08 8.841070946735958710e-08 8.581171123242114059e-08 8.333279420526472640e-08 8.088282437224414711e-08
3.966000000000000000e+03 9.999995708749346290e-01 9.999999999213519120e-01 9.999999999136461870e-01 9.999999999079626223e-01 9.999999998923454481e-01 9.104331795831687885e-08 8.837926310914834920e-08 8.583828188103858476e-08 8.332205743902455325e-08 8.090930386380332683e-08
3.968000000000000000e+03 9.999995709124352983e-01 9.999999999213338153e-01 9.999999999139985718e-01 9.999999999075479540e-01 9.999999998931820011e-01 9.101566931730209187e-08 8.837651964624072990e-08 8.585603346211384456e-08 8.331364800256871450e-08 8.089209685600285229e-08
3.970000000000000000e+03 9.999995709359149609e-01 9.999999999212862978e-01 9.999999999143492913e-01 9.999999999071480516e-01 9.999999998940138912e-01 9.100342259420829648e-08 8.840413153467422272e-08 8.582444772481535240e-08 8.332402224768553559e-08 8.087372995604883686e-08
3.972000000000000000e+03 9.999995708915910830e-01 9.999999999212100255e-01 9.999999999146950147e-01 9.999999999067660239e-01 9.999999998948395641e-01 9.103181062879739965e-08 8.839917785901760633e-08 8.581924507293121533e-08 8.332852069450655690e-08 8.089461178457058292e-08
3.974000000000000000e+03 9.999995708791543647e-01 9.999999999211061086e-01 9.999999999150327445e-01 9.999999999064047573e-01 9.999999998956597969e-01 9.103365179145690305e-08 8.837627058287285512e-08 8.584967669728093057e-08 8.332005564996289235e-08 8.090545744329219050e-08
3.976000000000000000e+03 9.999995709292467394e-01 9.999999999209757684e-01 9.999999999153587060e-01 9.999999999060661393e-01 9.999999998964744785e-01 9.100617719836077752e-08 8.838513306918541261e-08 8.584261465197045692e-08 8.331703150401055475e-08 8.088339293050221054e-08
3.978000000000000000e+03 9.999995709272770927e-01 9.999999999208201151e-01 9.999999999156702346e-01 9.999999999057512801e-01 9.999999998972842752e-01 9.101171268533793978e-08 8.840236488266604506e-08 8.581773595589147706e-08 8.332408639804349943e-08 8.087976743726810196e-08
3.980000000000000000e+03 9.999995708753190993e-01 9.999999999206419243e-01 9.999999999159665531e-01 9.999999999054616229e-01 9.999999998980904081e-01 9.103362851077788094e-08 8.839098610360078773e-08 8.583336090045595778e-08 8.332742566790964130e-08 8.090159213291371784e-08
3.982000000000000000e+03 9.999995708951976425e-01 9.999999999204425283e-01 9.999999999162447750e-01 9.999999999051967237e-01 9.999999998988925443e-01 9.102141362379175696e-08 8.837795926309447762e-08 8.584868079816115183e-08 8.332003839832866500e-08 8.089840961982143030e-08
3.984000000000000000e+03 9.999995709420385070e-01 9.999999999202231482e-01 9.999999999165032349e-01 9.999999999049562494e-01 9.999999998996892403e-01 9.100528483511104902e-08 8.838999353699199572e-08 8.582867017616722378e-08 8.331641922170630886e-08 8.087869922264369460e-08
3.986000000000000000e+03 9.999995709037906577e-01 9.999999999199860046e-01 9.999999999167407116e-01 9.999999999047410881e-01 9.999999999004799411e-01 9.101954142342427246e-08 8.839889071204900353e-08 8.582375129453926782e-08 8.332611178189367191e-08 8.088844463640430698e-08
3.988000000000000000e+03 9.999995708710546216e-01 9.999999999197339839e-01 9.999999999169564280e-01 9.999999999045511290e-01 9.999999999012637586e-01 9.102797317803407752e-08 8.838599566777268112e-08 8.584272937892837417e-08 8.332833806027261326e-08 8.090388380679125248e-08
3.990000000000000000e+03 9.999995709228544083e-01 9.999999999194693068e-01 9.999999999171483855e-01 9.999999999043868160e-01 9.999999999020384722e-01 9.101343313624526759e-08 8.838043869849939560e-08 8.583816517496186206e-08 8.331578270138843088e-08 8.088876421267395366e-08
3.992000000000000000e+03 9.999995709333135974e-01 9.999999999191949707e-01 9.999999999173146970e-01 9.999999999042500365e-01 9.999999999028023057e-01 9.101025612332967255e-08 8.839337020248600036e-08 8.582428952571836152e-08 8.331777350513138278e-08 8.087991742841672827e-08
3.994000000000000000e+03 9.999995708778068870e-01 9.999999999189148614e-01 9.999999999174535859e-01 9.999999999041415677e-01 9.999999999035534826e-01 9.102116463344757194e-08 8.839472865581595861e-08 8.583486547309138037e-08 8.333191553817165148e-08 8.089793796093358409e-08
3.996000000000000000e+03 9.999995708928632876e-01 9.999999999186330868e-01 9.999999999175634979e-01 9.999999999040629639e-01 9.999999999042903376e-01 9.102001279452809557e-08 8.838196270398776817e-08 8.584090516779695587e-08 8.332357818931888153e-08 8.089861182846493328e-08
3.998000000000000000e+03 9.999995709389893905e-01 9.999999999183538657e-01 9.999999999176428789e-01 9.999999999040157794e-01 9.999999999050115385e-01 9.101272815134225040e-08 8.838471392183243977e-08 8.582852176808745492e-08 8.331130635635164024e-08 8.088120305456372168e-08
4.000000000000000000e+03 9.999995709021126666e-01 9.999999999180804178e-01 9.999999999176897303e-01 9.999999999039997922e-01 9.999999999057146427e-01 9.101405085771914764e-08 8.839538604326578356e-08 8.583035464717419519e-08 8.332653384456755429e-08 8.088856376973423611e-08
