#PATCH_CHECK: SepMBpoisson v0.61 exact-bernoulli stratified-backward active
#discretizing the bath:
#     0 0.0000000000000000e+00 -6.3189999999999946e-01
#     1 4.7990971373096146e-03 -2.5153121337245887e-01
#     2 4.7990971373096146e-03 -2.3290717802675939e-01
#     3 4.7990971373096146e-03 -2.1338077214974324e-01
#     4 4.7990971373096146e-03 -1.9299191992526951e-01
#     5 4.7990971373096146e-03 -1.7177567042489322e-01
#     6 4.7990971373096146e-03 -1.4976311616576587e-01
#     7 4.7990971373096146e-03 -1.2698208611793999e-01
#     8 4.7990971373096146e-03 -1.0345767975987374e-01
#     9 4.7990971373096146e-03 -7.9212686208435967e-02
#sampling: jump_strength=1.1997742843274038e-02 jump_probability=1.1855503560280275e-02 log_scale=1.1926340470764771e-02 back_replicas=12 stratify_forward=0
#adaptive measurement: gap=2.1216249500376289e-02 period_steps=593 nmeas=117 nwf=400 tmax=2.0000000000000000e+02 forced_stride=0
  0.00000000 +5.0000000000000000e+00 +1.9999999999999998e+00 +1.8374661879283106e-03 +1.0000000000000000e+00 +1.0000000000000000e+00 +1.0000000000000000e+00 +1.0000000000000000e+00 +1.0000000000000000e+00 +0.0000000000000000e+00 +0.0000000000000000e+00 +0.0000000000000000e+00 +0.0000000000000000e+00 +0.0000000000000000e+00
  0.50000000 +5.0000000000000000e+00 +1.9999999997053377e+00 +1.8487976156502095e-03 +9.9997123215177564e-01 +9.9999999990060340e-01 +9.9999999990060340e-01 +9.9999999990060340e-01 +9.9999999990060340e-01 +5.7248965124458037e-06 +5.7282353524668464e-06 +5.7185223633147205e-06 +5.8026004256628087e-06 +5.7934944983326907e-06
  1.00000000 +5.0000000000000000e+00 +2.0000000007091963e+00 +1.8804623899002775e-03 +9.9989079704443151e-01 +9.9999999979934073e-01 +9.9999999982071475e-01 +9.9999999980892218e-01 +9.9999999981850363e-01 +2.1950675039286026e-05 +2.1875160448482130e-05 +2.1651048907710120e-05 +2.1808107264817954e-05 +2.1918601273681109e-05
  1.50000000 +5.0000000000000000e+00 +1.9999999956241903e+00 +1.9261123405700934e-03 +9.9977469137131847e-01 +9.9999999854853350e-01 +9.9999999858989352e-01 +9.9999999849467147e-01 +9.9999999854538668e-01 +4.5590674913427062e-05 +4.5255513490441031e-05 +4.4803220739986285e-05 +4.4795337110479411e-05 +4.4869679436959799e-05
  2.00000000 +5.0000000000000000e+00 +1.9999999809835736e+00 +1.9768674936171001e-03 +9.9964531477165663e-01 +9.9999999454667876e-01 +9.9999999472505252e-01 +9.9999999449169763e-01 +9.9999999471069978e-01 +7.2707631100464213e-05 +7.1747605251680767e-05 +7.0826285449375592e-05 +6.9916632890370739e-05 +6.9508588851196712e-05
  2.50000000 +5.0000000000000000e+00 +1.9999999790225251e+00 +2.0223261371832293e-03 +9.9952897539164998e-01 +9.9999998595201312e-01 +9.9999998661198719e-01 +9.9999998611500140e-01 +9.9999998637289333e-01 +9.8315333861994918e-05 +9.6217066377816076e-05 +9.4035736057246840e-05 +9.1926853293624846e-05 +9.0584415333175186e-05
  3.00000000 +5.0000000000000000e+00 +1.9999999314285146e+00 +2.0533820718213040e-03 +9.9944879428896538e-01 +9.9999997187629441e-01 +9.9999997242561467e-01 +9.9999997174161737e-01 +9.9999997215240133e-01 +1.1770057288534260e-04 +1.1390382429313982e-04 +1.1021247978264282e-04 +1.0614374847963285e-04 +1.0335626572876717e-04
  3.50000000 +5.0000000000000000e+00 +1.9999999214354416e+00 +2.0639587457131473e-03 +9.9942034435789318e-01 +9.9999995155694310e-01 +9.9999995272446385e-01 +9.9999995187587321e-01 +9.9999995234729833e-01 +1.2735935650712838e-04 +1.2170528580115988e-04 +1.1620733982643745e-04 +1.0955114189130938e-04 +1.0502412521855814e-04
  4.00000000 +5.0000000000000000e+00 +1.9999998687187308e+00 +2.0525091216746184e-03 +9.9944782061033477e-01 +9.9999992530420434e-01 +9.9999992803241433e-01 +9.9999992586418340e-01 +9.9999992727751352e-01 +1.2620216958368307e-04 +1.1803453654711892e-04 +1.1056437365126006e-04 +1.0199713295116958e-04 +9.5674239654384248e-05
  4.50000000 +5.0000000000000000e+00 +1.9999998293570707e+00 +2.0200989839950874e-03 +9.9952887607136021e-01 +9.9999989461725491e-01 +9.9999989974288861e-01 +9.9999989817025003e-01 +9.9999989933975197e-01 +1.1304996316315262e-04 +1.0361648093601670e-04 +9.4181140290343604e-05 +8.4369276630160474e-05 +7.6314741056620678e-05
  5.00000000 +5.0000000000000000e+00 +1.9999998628382041e+00 +1.9758759657156045e-03 +9.9964066489410663e-01 +9.9999986375357819e-01 +9.9999987108708555e-01 +9.9999986954814180e-01 +9.9999987107780264e-01 +9.2576544225556997e-05 +8.1505677143030504e-05 +7.1993844127057302e-05 +6.1249464839667107e-05 +5.2533952906094343e-05
  5.50000000 +5.0000000000000000e+00 +1.9999998035068962e+00 +1.9269076596257842e-03 +9.9976550400132103e-01 +9.9999983625005351e-01 +9.9999984417480092e-01 +9.9999984236525519e-01 +9.9999984571659295e-01 +6.6498328192691583e-05 +5.5501978593797931e-05 +4.6823631740390369e-05 +3.6976588003879677e-05 +2.9327387787384963e-05
  6.00000000 +5.0000000000000000e+00 +1.9999997936602429e+00 +1.8831946270427382e-03 +9.9987810140313005e-01 +9.9999981075146427e-01 +9.9999982054914516e-01 +9.9999982287083733e-01 +9.9999982495597850e-01 +4.1419824727612630e-05 +3.0433189689970208e-05 +2.3206965387564066e-05 +1.6802604279051225e-05 +1.0756889075736586e-05
  6.50000000 +5.0000000000000000e+00 +1.9999996387118937e+00 +1.8537293267636232e-03 +9.9995544638620171e-01 +9.9999979940692996e-01 +9.9999980930382226e-01 +9.9999981146983896e-01 +9.9999981676833383e-01 +1.9080251942692153e-05 +1.2122907571086198e-05 +7.6931629139705413e-06 +4.0075749132802386e-06 +2.4132131815517796e-06
  7.00000000 +5.0000000000000000e+00 +1.9999994900551450e+00 +1.8450663323971779e-03 +9.9998052344687438e-01 +9.9999979374353742e-01 +9.9999979876056533e-01 +9.9999980733063476e-01 +9.9999980959613033e-01 +6.4259597437878391e-06 +3.1577276334163828e-06 +2.8794579677666387e-06 +2.0007190177677312e-06 +5.8040619989206194e-06
  7.50000000 +5.0000000000000000e+00 +1.9999995349676079e+00 +1.8550438188579476e-03 +9.9995820533555457e-01 +9.9999979268348016e-01 +9.9999979796721328e-01 +9.9999980421691481e-01 +9.9999980886534512e-01 +2.1463481651866410e-06 +4.9551015027250508e-06 +7.5278672868102519e-06 +1.0494223829781693e-05 +1.7467405680584070e-05
  8.00000000 +5.0000000000000000e+00 +1.9999994463341488e+00 +1.8868877900175142e-03 +9.9987972504078693e-01 +9.9999979356996349e-01 +9.9999979499446723e-01 +9.9999980454711290e-01 +9.9999981048864317e-01 +1.0945529373203152e-05 +1.6893129210579887e-05 +2.3581165069168631e-05 +3.0062935547637780e-05 +3.9588291926361693e-05
  8.50000000 +5.0000000000000000e+00 +1.9999992470047367e+00 +1.9285998770430981e-03 +9.9977490933329571e-01 +9.9999979093448266e-01 +9.9999979510144210e-01 +9.9999979551751894e-01 +9.9999980590619675e-01 +2.8781899211096616e-05 +3.8116597377989109e-05 +4.4311131917231312e-05 +5.1797529244477072e-05 +6.2896049717202376e-05
  9.00000000 +5.0000000000000000e+00 +1.9999994206630951e+00 +1.9752116372579068e-03 +9.9965602725593594e-01 +9.9999978447518489e-01 +9.9999978845073534e-01 +9.9999978967099967e-01 +9.9999978958745805e-01 +5.2962572921339296e-05 +6.1477078282685816e-05 +7.0544969404803874e-05 +7.6167692416796444e-05 +8.3668400698153422e-05
  9.50000000 +5.0000000000000000e+00 +1.9999992942986167e+00 +2.0162005871701173e-03 +9.9954982519570545e-01 +9.9999978228803965e-01 +9.9999977413132668e-01 +9.9999977066534551e-01 +9.9999976134971569e-01 +7.7972403835395169e-05 +8.6744237089410775e-05 +9.2733404718379911e-05 +9.5533496169314736e-05 +9.8102704434755540e-05
 10.00000000 +5.0000000000000000e+00 +1.9999995788399931e+00 +2.0433750989970645e-03 +9.9947732822867519e-01 +9.9999974701082728e-01 +9.9999972505251511e-01 +9.9999973823626831e-01 +9.9999972351539068e-01 +1.0186888650070670e-04 +1.0576129702581670e-04 +1.0693003523769110e-04 +1.0571718555291394e-04 +1.0346065909224739e-04
 10.50000000 +5.0000000000000000e+00 +1.9999996736187906e+00 +2.0502932513655077e-03 +9.9945552670563487e-01 +9.9999971178590474e-01 +9.9999966866386247e-01 +9.9999967894462127e-01 +9.9999966832416476e-01 +1.1742021469562529e-04 +1.1500229906655151e-04 +1.1234020566802838e-04 +1.0522220826938145e-04 +9.5760026632772584e-05
 11.00000000 +5.0000000000000000e+00 +1.9999995776750747e+00 +2.0396919258477628e-03 +9.9947814575577787e-01 +9.9999966684797770e-01 +9.9999960639106233e-01 +9.9999960818131217e-01 +9.9999959804969729e-01 +1.2458969828609091e-04 +1.1760055932069460e-04 +1.0652753763709342e-04 +9.4771031370839714e-05 +7.9885822480380581e-05
 11.50000000 +5.0000000000000000e+00 +1.9999995289031489e+00 +2.0114945708915957e-03 +9.9954660991132416e-01 +9.9999958325215921e-01 +9.9999955681518737e-01 +9.9999954629771426e-01 +9.9999952630075573e-01 +1.1972393961911920e-04 +1.0588236129497826e-04 +9.2413286089272590e-05 +7.7738082995487578e-05 +5.9419373032761637e-05
 12.00000000 +5.0000000000000000e+00 +1.9999992846664290e+00 +1.9714524762181372e-03 +9.9964662126507298e-01 +9.9999952422271632e-01 +9.9999949141689437e-01 +9.9999947089196894e-01 +9.9999944746041791e-01 +1.0529615431085907e-04 +8.8058888723731654e-05 +7.1124677641624338e-05 +5.3498500958486623e-05 +3.7467007547627032e-05
 12.50000000 +5.0000000000000000e+00 +1.9999992280611030e+00 +1.9303527980078939e-03 +9.9975147519487517e-01 +9.9999947789628985e-01 +9.9999941078533905e-01 +9.9999940915661334e-01 +9.9999939788335634e-01 +8.5477405854582507e-05 +6.5193940211786313e-05 +4.8999987314966989e-05 +3.2149521275336996e-05 +1.9008022369383823e-05
 13.00000000 +5.0000000000000000e+00 +1.9999986401101819e+00 +1.8910023721293045e-03 +9.9985394847016129e-01 +9.9999940247066610e-01 +9.9999934375210275e-01 +9.9999935818683316e-01 +9.9999932617521692e-01 +6.0559221987408355e-05 +4.1038946359183979e-05 +2.5206228805305922e-05 +1.4616982537279866e-05 +7.1991857873267597e-06
 13.50000000 +5.0000000000000000e+00 +1.9999989714396627e+00 +1.8698315574978653e-03 +9.9991202145401337e-01 +9.9999938331633986e-01 +9.9999931023337485e-01 +9.9999934458494943e-01 +9.9999931848741408e-01 +3.9470675117497977e-05 +2.2936385756789473e-05 +1.3540825739601628e-05 +8.2543386492921101e-06 +6.4202624560411662e-06
 14.00000000 +5.0000000000000000e+00 +1.9999991865177180e+00 +1.8641775148929382e-03 +9.9993151795967261e-01 +9.9999935381774741e-01 +9.9999930891470767e-01 +9.9999932008526038e-01 +9.9999928212539602e-01 +2.1671716709240048e-05 +1.2630751019285109e-05 +8.7327528118114005e-06 +1.0086869061721634e-05 +1.8095021408424640e-05
 14.50000000 +5.0000000000000000e+00 +1.9999991341957448e+00 +1.8722248289806955e-03 +9.9991594884470381e-01 +9.9999932165330496e-01 +9.9999929163976065e-01 +9.9999925617447594e-01 +9.9999930544182236e-01 +8.6322047500535458e-06 +1.0760740233416357e-05 +1.0151594764749204e-05 +2.2429027004467705e-05 +3.4903104261245858e-05
 15.00000000 +5.0000000000000000e+00 +1.9999994750511729e+00 +1.8980239184163555e-03 +9.9985437609271699e-01 +9.9999933417750209e-01 +9.9999929850018821e-01 +9.9999926365692904e-01 +9.9999927695984492e-01 +9.2438844618475683e-06 +1.6231361061215151e-05 +2.8042803735904837e-05 +3.7869606561121391e-05 +5.7062627437651568e-05
 15.50000000 +5.0000000000000000e+00 +1.9999989734822645e+00 +1.9333822439791700e-03 +9.9976645753060500e-01 +9.9999938462201077e-01 +9.9999930924724467e-01 +9.9999923274583735e-01 +9.9999931532200559e-01 +2.2394075054061676e-05 +3.3270545395175614e-05 +4.6114324329361971e-05 +5.9924646303321121e-05 +7.4597035942085426e-05
 16.00000000 +5.0000000000000000e+00 +1.9999986362238031e+00 +1.9671106285316813e-03 +9.9968037737901561e-01 +9.9999942705578571e-01 +9.9999931905675121e-01 +9.9999923218600295e-01 +9.9999923736309804e-01 +3.5547613884066380e-05 +5.3630361131602886e-05 +6.7947326624670499e-05 +7.7172351956786577e-05 +8.8108996725417714e-05
 16.50000000 +5.0000000000000000e+00 +1.9999986886377110e+00 +2.0022401736991377e-03 +9.9958820230558076e-01 +9.9999939841811902e-01 +9.9999929631829099e-01 +9.9999925120716471e-01 +9.9999924894092695e-01 +5.9571131900759754e-05 +7.5105897054907116e-05 +8.7284044234679735e-05 +9.4005957916955127e-05 +9.8635749081827607e-05
 17.00000000 +5.0000000000000000e+00 +1.9999986911550498e+00 +2.0232271176692739e-03 +9.9953044258853807e-01 +9.9999934939018342e-01 +9.9999927495960839e-01 +9.9999924736100543e-01 +9.9999922979625244e-01 +8.3146643189451413e-05 +9.4719882371857450e-05 +1.0126618653017038e-04 +9.9456371336988073e-05 +9.3867008070859777e-05
 17.50000000 +5.0000000000000000e+00 +1.9999979756940769e+00 +2.0296507712781052e-03 +9.9950860041930167e-01 +9.9999934823640813e-01 +9.9999925959482971e-01 +9.9999909727405389e-01 +9.9999905445842496e-01 +9.7976389677177501e-05 +1.0284851784678584e-04 +1.0844052736522146e-04 +9.9762312850680676e-05 +8.5611964102629888e-05
 18.00000000 +5.0000000000000000e+00 +1.9999970339925479e+00 +2.0190581591110644e-03 +9.9952989492366640e-01 +9.9999932563594152e-01 +9.9999917785191117e-01 +9.9999913171009358e-01 +9.9999903633204912e-01 +1.1543624431886444e-04 +1.0843217206892581e-04 +1.0090424190009666e-04 +8.4102783857979355e-05 +6.4557546004574099e-05
 18.50000000 +5.0000000000000000e+00 +1.9999973669311240e+00 +1.9925730661724483e-03 +9.9959324570321950e-01 +9.9999914239362264e-01 +9.9999907536911992e-01 +9.9999900605875891e-01 +9.9999898291009148e-01 +1.1321663859491255e-04 +1.0307990608405693e-04 +8.8233591499654317e-05 +6.3475582432803875e-05 +4.2542162126018326e-05
 19.00000000 +5.0000000000000000e+00 +1.9999969288521720e+00 +1.9669926462931447e-03 +9.9965607519149047e-01 +9.9999919520458158e-01 +9.9999915893327329e-01 +9.9999891229051985e-01 +9.9999884881939438e-01 +1.1040624436966963e-04 +9.3863647523999744e-05 +7.1059625413483261e-05 +4.7974562810783172e-05 +2.4505185731046242e-05
 19.50000000 +5.0000000000000000e+00 +1.9999969579423909e+00 +1.9399293835990399e-03 +9.9972513320980871e-01 +9.9999896481453354e-01 +9.9999897004142702e-01 +9.9999879649237589e-01 +9.9999874229608543e-01 +9.7245435420808467e-05 +7.4618818532937349e-05 +5.4868399686689470e-05 +3.2532672358407041e-05 +2.0127986677615461e-05
 20.00000000 +5.0000000000000000e+00 +1.9999962869424501e+00 +1.9080019326614146e-03 +9.9980923579046344e-01 +9.9999904219396252e-01 +9.9999894136295242e-01 +9.9999880257351548e-01 +9.9999865732476900e-01 +7.6199635181907065e-05 +5.7373646064343972e-05 +3.0483731422643734e-05 +2.0180940167498239e-05 +1.1082624626774918e-05
 20.50000000 +5.0000000000000000e+00 +1.9999961513244715e+00 +1.8924879515547653e-03 +9.9985317305466281e-01 +9.9999903557970249e-01 +9.9999884620855595e-01 +9.9999866144905314e-01 +9.9999855581187269e-01 +6.1920596762328345e-05 +3.3891928943277977e-05 +1.9498253933143314e-05 +1.6503785488558570e-05 +1.9913244222235724e-05
 21.00000000 +5.0000000000000000e+00 +1.9999959908337588e+00 +1.8900286371614028e-03 +9.9986483708731355e-01 +9.9999886892211531e-01 +9.9999886701682572e-01 +9.9999870343148700e-01 +9.9999853388722137e-01 +3.6593060059406897e-05 +2.3479506369891683e-05 +1.9238262602501801e-05 +2.5732146626504541e-05 +3.5146331834574872e-05
 21.50000000 +5.0000000000000000e+00 +1.9999952024184564e+00 +1.8920211562263997e-03 +9.9986523432841445e-01 +9.9999894472650674e-01 +9.9999886148595241e-01 +9.9999860778177163e-01 +9.9999862892407654e-01 +2.0570547794118258e-05 +1.9273631768223233e-05 +1.6847355111913860e-05 +3.5362164802667408e-05 +4.7668785824638913e-05
 22.00000000 +5.0000000000000000e+00 +1.9999962751383726e+00 +1.9121182824212062e-03 +9.9981869926221623e-01 +9.9999897527316139e-01 +9.9999874340374739e-01 +9.9999857441961038e-01 +9.9999862449883148e-01 +2.2012644739910602e-05 +1.9704124861767620e-05 +2.9728786178506882e-05 +4.8859636834216147e-05 +6.6077683886560959e-05
 22.50000000 +5.0000000000000000e+00 +1.9999961577862873e+00 +1.9384903547570191e-03 +9.9975388281883348e-01 +9.9999901854123596e-01 +9.9999893856201072e-01 +9.9999872448987970e-01 +9.9999862239664450e-01 +2.3905242599686649e-05 +2.7849019494029814e-05 +5.1035385722776245e-05 +6.8434432154646963e-05 +7.9589220124709232e-05
 23.00000000 +5.0000000000000000e+00 +1.9999952019581169e+00 +1.9610549443038134e-03 +9.9969566302738500e-01 +9.9999907220844464e-01 +9.9999895858681853e-01 +9.9999882636332860e-01 +9.9999852725919858e-01 +2.9904229024271326e-05 +4.2912032549225669e-05 +6.6515611472533966e-05 +7.9839891972240839e-05 +8.9781054526585585e-05
 23.50000000 +5.0000000000000000e+00 +1.9999940744470213e+00 +1.9850922164112651e-03 +9.9963211052799761e-01 +9.9999910409807391e-01 +9.9999881078523689e-01 +9.9999873442803466e-01 +9.9999862738327094e-01 +4.3451486843248564e-05 +6.9122963692701939e-05 +8.4615530164734368e-05 +8.9567932256725706e-05 +8.5854614266179190e-05
 24.00000000 +5.0000000000000000e+00 +1.9999954365772072e+00 +1.9971400097289274e-03 +9.9959704346758860e-01 +9.9999911193803226e-01 +9.9999872452366667e-01 +9.9999846666737913e-01 +9.9999831602325240e-01 +6.7600136592624774e-05 +8.6297497230193099e-05 +8.9556711393219162e-05 +8.3207819960755155e-05 +8.1675307040664357e-05
 24.50000000 +5.0000000000000000e+00 +1.9999945078476959e+00 +2.0062511456405870e-03 +9.9956888098924512e-01 +9.9999883545990187e-01 +9.9999868011096571e-01 +9.9999849633222226e-01 +9.9999838828073395e-01 +8.0525344733483180e-05 +9.8657292258282409e-05 +9.9430354531328315e-05 +8.8114671634575826e-05 +6.9990740998354241e-05
 25.00000000 +5.0000000000000000e+00 +1.9999945836938597e+00 +1.9953496170894099e-03 +9.9959132315724741e-01 +9.9999901822974901e-01 +9.9999873595053479e-01 +9.9999864740294875e-01 +9.9999839487824704e-01 +9.3782201467390315e-05 +1.0472034694636357e-04 +9.1967564185991662e-05 +7.4734352579365395e-05 +4.8675705618657766e-05
 25.50000000 +5.0000000000000000e+00 +1.9999935051490005e+00 +1.9777161867394794e-03 +9.9963169198021029e-01 +9.9999913355232550e-01 +9.9999879118088708e-01 +9.9999844811244865e-01 +9.9999822583398035e-01 +1.0033976302792173e-04 +9.2821430994159576e-05 +8.3558615966294506e-05 +6.4522145108070501e-05 +3.2467598164030609e-05
 26.00000000 +5.0000000000000000e+00 +1.9999950782525591e+00 +1.9696029632913950e-03 +9.9965076917449591e-01 +9.9999894878404083e-01 +9.9999893292103381e-01 +9.9999820960903552e-01 +9.9999802257820958e-01 +1.0028208625731741e-04 +1.0008041368480541e-04 +7.1496191722117330e-05 +5.2607448202020101e-05 +3.0650808338013990e-05
 26.50000000 +5.0000000000000000e+00 +1.9999969091585310e+00 +1.9428654105980935e-03 +9.9971952171856915e-01 +9.9999889843288237e-01 +9.9999898848659741e-01 +9.9999828588695550e-01 +9.9999794151871768e-01 +1.0138063463952982e-04 +7.0890307337715709e-05 +5.5442242417755021e-05 +3.3372667151094357e-05 +2.5278166070762391e-05
 27.00000000 +5.0000000000000000e+00 +1.9999959604306805e+00 +1.9177870425980408e-03 +9.9978554865271985e-01 +9.9999908346053012e-01 +9.9999877112948965e-01 +9.9999821949624013e-01 +9.9999833309015274e-01 +8.6345598395266973e-05 +5.7878497365394032e-05 +3.3307129585679262e-05 +2.1188364318300426e-05 +2.1324400056994047e-05
 27.50000000 +5.0000000000000000e+00 +1.9999940925509456e+00 +1.9170478217755851e-03 +9.9979074768037213e-01 +9.9999888634634404e-01 +9.9999861692979108e-01 +9.9999803254345587e-01 +9.9999814052126368e-01 +7.3027475925242701e-05 +4.9104402228135980e-05 +3.3567466502780848e-05 +2.2663038852165944e-05 +3.7213736912937021e-05
 28.00000000 +5.0000000000000000e+00 +1.9999948291586331e+00 +1.9108887887847982e-03 +9.9981192994215695e-01 +9.9999882638021242e-01 +9.9999844138044847e-01 +9.9999826917415535e-01 +9.9999792022214373e-01 +5.6721129972926052e-05 +3.1990594385161970e-05 +2.6084649634599715e-05 +2.7586642215726057e-05 +5.2230038964297907e-05
 28.50000000 +5.0000000000000000e+00 +1.9999954539504752e+00 +1.9153653668889702e-03 +9.9980509134936579e-01 +9.9999880004816522e-01 +9.9999862641406079e-01 +9.9999795275726922e-01 +9.9999772668469411e-01 +4.3473534505548812e-05 +3.3921162014576338e-05 +2.5997951454356079e-05 +3.9598080560602320e-05 +5.8812375245825791e-05
 29.00000000 +5.0000000000000000e+00 +1.9999948244352734e+00 +1.9243317942337413e-03 +9.9978440870361573e-01 +9.9999897676640537e-01 +9.9999840332867163e-01 +9.9999796629639859e-01 +9.9999787322784051e-01 +3.6537814002117046e-05 +3.2829909234132531e-05 +2.8126713993811172e-05 +5.7958139343738293e-05 +6.6918695644466549e-05
 29.50000000 +5.0000000000000000e+00 +1.9999932822988431e+00 +1.9413016505693773e-03 +9.9974313111757129e-01 +9.9999861735333972e-01 +9.9999800695324026e-01 +9.9999803961539124e-01 +9.9999758998212940e-01 +3.3965449975082922e-05 +3.3620487986188784e-05 +4.4093273356689043e-05 +7.1253697969625432e-05 +8.1682079884591273e-05
 30.00000000 +5.0000000000000000e+00 +1.9999935208367454e+00 +1.9567295292510552e-03 +9.9970397027436431e-01 +9.9999869553259513e-01 +9.9999824710157936e-01 +9.9999782262205617e-01 +9.9999792418010702e-01 +3.7030460281802767e-05 +4.1635721017125111e-05 +7.0125375343890812e-05 +7.6948668555281119e-05 +7.7600152345579744e-05
 30.50000000 +5.0000000000000000e+00 +1.9999949526286882e+00 +1.9708806791528585e-03 +9.9966683107147492e-01 +9.9999874627289398e-01 +9.9999838650442707e-01 +9.9999822205319333e-01 +9.9999792939673071e-01 +4.8605698573144033e-05 +5.7668725864065473e-05 +8.0703885220142837e-05 +8.1481390362192469e-05 +7.1425248527410512e-05
 31.00000000 +5.0000000000000000e+00 +1.9999942690072778e+00 +1.9762581281084031e-03 +9.9964880047636573e-01 +9.9999850248773314e-01 +9.9999889684297305e-01 +9.9999799216760765e-01 +9.9999797644430044e-01 +5.5749865732004312e-05 +6.9514473348876804e-05 +7.5657300961876146e-05 +8.7151914449421628e-05 +6.9757781435440434e-05
 31.50000000 +5.0000000000000000e+00 +1.9999950247175478e+00 +1.9794203972859198e-03 +9.9963807932541138e-01 +9.9999893818361540e-01 +9.9999838011762943e-01 +9.9999832462173277e-01 +9.9999810418443935e-01 +7.7421454572599224e-05 +7.8865013964509844e-05 +7.6730699706717268e-05 +7.4264338498268971e-05 +6.0891986747792427e-05
 32.00000000 +5.0000000000000000e+00 +1.9999940287906210e+00 +1.9752656589820342e-03 +9.9964418952647094e-01 +9.9999892008617952e-01 +9.9999804791106572e-01 +9.9999780479508416e-01 +9.9999742021710392e-01 +8.5865287446948099e-05 +8.9343408613120053e-05 +7.4899705602451632e-05 +6.8750440645534171e-05 +4.4758386057398818e-05
 32.50000000 +5.0000000000000000e+00 +1.9999952074093821e+00 +1.9700885955985215e-03 +9.9965541907743116e-01 +9.9999900598585911e-01 +9.9999830740670137e-01 +9.9999761825379785e-01 +9.9999741772065232e-01 +8.7598015826769905e-05 +8.9095477296660149e-05 +8.3613813362586363e-05 +4.9226258407226084e-05 +4.2697765936457171e-05
 33.00000000 +5.0000000000000000e+00 +1.9999952904666152e+00 +1.9568030673887942e-03 +9.9968705571322147e-01 +9.9999866558585315e-01 +9.9999881665878165e-01 +9.9999827353759607e-01 +9.9999800631189273e-01 +9.5384258886725039e-05 +9.1283690441878936e-05 +7.3797098373612775e-05 +4.6047111649465458e-05 +1.2670022378155119e-05
 33.50000000 +5.0000000000000000e+00 +1.9999924494274670e+00 +1.9527046513327048e-03 +9.9969603234472793e-01 +9.9999916201886674e-01 +9.9999867865682346e-01 +9.9999798620998714e-01 +9.9999713201120721e-01 +1.0559402979014564e-04 +7.3928997284897934e-05 +5.1706221286213917e-05 +4.7622202892579852e-05 +3.2157358558743559e-05
 34.00000000 +5.0000000000000000e+00 +1.9999932993279848e+00 +1.9363492339075467e-03 +9.9974060145333421e-01 +9.9999922249538631e-01 +9.9999860266243790e-01 +9.9999795575762263e-01 +9.9999743345729697e-01 +8.9917479528001793e-05 +6.5365621234823819e-05 +4.7979287393315318e-05 +2.6709713194259022e-05 +3.6212227685647122e-05
 34.50000000 +5.0000000000000000e+00 +1.9999926095391938e+00 +1.9347218078635913e-03 +9.9974676188694744e-01 +9.9999898070689563e-01 +9.9999839237890498e-01 +9.9999746850545124e-01 +9.9999713908756982e-01 +8.7400823541430617e-05 +5.4575796235280073e-05 +3.8556872510691397e-05 +2.5704165284933303e-05 +5.5019790932142578e-05
 35.00000000 +5.0000000000000000e+00 +1.9999944898845072e+00 +1.9262084903331257e-03 +9.9977334316380695e-01 +9.9999859403046032e-01 +9.9999846128934244e-01 +9.9999715060295913e-01 +9.9999766577775440e-01 +6.9538246516680981e-05 +4.5043302993278622e-05 +2.9960988456614815e-05 +3.2579864187785759e-05 +5.7662410101890182e-05
 35.50000000 +5.0000000000000000e+00 +1.9999920891124747e+00 +1.9299753848144297e-03 +9.9976533382400978e-01 +9.9999958871163541e-01 +9.9999851233301140e-01 +9.9999778915943927e-01 +9.9999692373636506e-01 +5.9023961360594627e-05 +4.3078725240087030e-05 +2.6851324602015176e-05 +5.1923942425969665e-05 +6.0974248285199254e-05
 36.00000000 +5.0000000000000000e+00 +1.9999895759163147e+00 +1.9302915807928175e-03 +9.9976723213767282e-01 +9.9999934388865308e-01 +9.9999912466686769e-01 +9.9999821092130381e-01 +9.9999671002598689e-01 +4.1092908097517869e-05 +2.9410597824369091e-05 +3.9438186589000582e-05 +5.8406162691097935e-05 +7.1030273847885912e-05
 36.50000000 +5.0000000000000000e+00 +1.9999918216597210e+00 +1.9449131648479410e-03 +9.9973092115196049e-01 +9.9999824396738146e-01 +9.9999875173531716e-01 +9.9999738367549329e-01 +9.9999719053974911e-01 +5.4480313374739427e-05 +3.4171931208351838e-05 +5.0222962758030770e-05 +7.0079797647859619e-05 +6.8554184027587488e-05
 37.00000000 +5.0000000000000000e+00 +1.9999903353538260e+00 +1.9400846444833041e-03 +9.9974328239995047e-01 +9.9999880055856505e-01 +9.9999842362248359e-01 +9.9999814294909339e-01 +9.9999713671985613e-01 +3.6680886234260444e-05 +4.1601167265953364e-05 +6.1794355988515885e-05 +5.7374424875358952e-05 +6.6762952553127110e-05
 37.50000000 +5.0000000000000000e+00 +1.9999904126207444e+00 +1.9442428312898710e-03 +9.9973145672096519e-01 +9.9999942846219558e-01 +9.9999835536782822e-01 +9.9999770616653494e-01 +9.9999663370330405e-01 +4.0030742844382599e-05 +4.7776246007412213e-05 +6.5130586804319377e-05 +5.5969282892951569e-05 +6.7512688994284532e-05
 38.00000000 +5.0000000000000000e+00 +1.9999893617730997e+00 +1.9510238143189450e-03 +9.9971265491144901e-01 +9.9999914740535412e-01 +9.9999874781519560e-01 +9.9999768239822684e-01 +9.9999679732099156e-01 +5.1382253929380788e-05 +5.9999557765397548e-05 +6.5749723078718141e-05 +5.9071166964289959e-05 +5.8767422947328000e-05
 38.50000000 +5.0000000000000000e+00 +1.9999883110710257e+00 +1.9578038579969770e-03 +9.9969385570649583e-01 +9.9999886638744695e-01 +9.9999914020819813e-01 +9.9999765863321133e-01 +9.9999696091601364e-01 +6.2732192520578793e-05 +7.2221176261418599e-05 +6.6368773585861288e-05 +6.2172621340107241e-05 +5.0023368358170964e-05
 39.00000000 +5.0000000000000000e+00 +1.9999872605144928e+00 +1.9645829625191415e-03 +9.9967505910556476e-01 +9.9999858540846576e-01 +9.9999953254684726e-01 +9.9999763487148774e-01 +9.9999712448837463e-01 +7.4080558944703830e-05 +8.4441101847295422e-05 +6.6987738343569241e-05 +6.5273646109684021e-05 +4.1280524975100952e-05
 39.50000000 +5.0000000000000000e+00 +1.9999862101034704e+00 +1.9713611280805592e-03 +9.9965626510811501e-01 +9.9999830446840210e-01 +9.9999992483115463e-01 +9.9999761111305530e-01 +9.9999728803807975e-01 +8.5427353528392725e-05 +9.6659334874750621e-05 +6.7606617369657447e-05 +6.8374241362276241e-05 +3.2538892546475218e-05
 40.00000000 +5.0000000000000000e+00 +1.9999847697368456e+00 +1.9636799269186359e-03 +9.9967543059710440e-01 +9.9999879509796918e-01 +9.9999947828259983e-01 +9.9999728891831619e-01 +9.9999711592033136e-01 +8.4514781607538319e-05 +8.7690604510524004e-05 +6.5702505550583928e-05 +5.9545230855228102e-05 +3.4438078820742479e-05
 40.50000000 +5.0000000000000000e+00 +1.9999833293151437e+00 +1.9559984320381713e-03 +9.9969459681895556e-01 +9.9999928574629759e-01 +9.9999903171697013e-01 +9.9999696671125682e-01 +9.9999694379600168e-01 +8.3602174791191886e-05 +7.8721531194413780e-05 +6.3798320920899719e-05 +5.0715882738991060e-05 +3.6337337717274401e-05
 41.00000000 +5.0000000000000000e+00 +1.9999818888383611e+00 +1.9483166434223177e-03 +9.9971376377371091e-01 +9.9999977641338800e-01 +9.9999858513426432e-01 +9.9999664449187708e-01 +9.9999677166509016e-01 +8.2689533077351827e-05 +6.9752114906748591e-05 +6.1894063476428501e-05 +4.1886196994200173e-05 +3.8236669240236529e-05
 41.50000000 +5.0000000000000000e+00 +1.9999804483064938e+00 +1.9406345610542245e-03 +9.9973293146141196e-01 +1.0000002670992414e+00 +9.9999813853448039e-01 +9.9999632226017487e-01 +9.9999659952759590e-01 +8.1776856464016391e-05 +6.0782355627855460e-05 +5.9989733212993525e-05 +3.3056173601489009e-05 +4.0136073393794687e-05
 42.00000000 +5.0000000000000000e+00 +1.9999809544711364e+00 +1.9426482537375249e-03 +9.9972901326934971e-01 +9.9999996159564675e-01 +9.9999829190412959e-01 +9.9999670119527861e-01 +9.9999664212838135e-01 +7.8298757142676925e-05 +6.1302421193650084e-05 +5.4310160421043792e-05 +3.7277947708827622e-05 +4.8200640438934421e-05
 42.50000000 +5.0000000000000000e+00 +1.9999814606219311e+00 +1.9446618913311800e-03 +9.9972509518447905e-01 +9.9999965610040997e-01 +9.9999844526958248e-01 +9.9999708012001509e-01 +9.9999668472800141e-01 +7.4820752973520644e-05 +6.1822472531738854e-05 +4.8630743008138990e-05 +4.1499606318882739e-05 +5.6264986857493349e-05
 43.00000000 +5.0000000000000000e+00 +1.9999819667588792e+00 +1.9466754738374518e-03 +9.9972117720679621e-01 +9.9999935061353062e-01 +9.9999859863083995e-01 +9.9999745903438575e-01 +9.9999672732645617e-01 +7.1342843952642955e-05 +6.2342509642705649e-05 +4.2951480967903081e-05 +4.5721149436393894e-05 +6.4329112658525060e-05
 43.50000000 +5.0000000000000000e+00 +1.9999824728819806e+00 +1.9486890012586000e-03 +9.9971725933629663e-01 +9.9999904513500826e-01 +9.9999875198790189e-01 +9.9999783793839037e-01 +9.9999676992374520e-01 +6.7865030076139389e-05 +6.2862532527134255e-05 +3.7272374293960278e-05 +4.9942577066100326e-05 +7.2393017851082615e-05
 44.00000000 +5.0000000000000000e+00 +1.9999817639470610e+00 +1.9493875697827274e-03 +9.9971493620327534e-01 +9.9999892294356230e-01 +9.9999909881051052e-01 +9.9999779914480269e-01 +9.9999697234483120e-01 +6.1051576359320806e-05 +6.3577749049692841e-05 +4.3691850430935626e-05 +5.7030303391938743e-05 +6.6918976697534710e-05
 44.50000000 +5.0000000000000000e+00 +1.9999810549645074e+00 +1.9500861852448119e-03 +9.9971261291415903e-01 +9.9999880074390646e-01 +9.9999944565642285e-01 +9.9999776034860866e-01 +9.9999717477951877e-01 +5.4237664835451810e-05 +6.4293013628814280e-05 +5.0111757902966266e-05 +6.4118505953650827e-05 +6.1444567734247652e-05
 45.00000000 +5.0000000000000000e+00 +1.9999803459343140e+00 +1.9507848476495845e-03 +9.9971028946893181e-01 +9.9999867853603941e-01 +9.9999979252564120e-01 +9.9999772154980748e-01 +9.9999737722780868e-01 +4.7423295458389637e-05 +6.5008326269342203e-05 +5.6532096753526788e-05 +7.1207184799236783e-05 +5.5969790924149585e-05
 45.50000000 +5.0000000000000000e+00 +1.9999796368564764e+00 +1.9514835570017754e-03 +9.9970796586757815e-01 +9.9999855631996026e-01 +1.0000001394181675e+00 +9.9999768274839917e-01 +9.9999757968970182e-01 +4.0608468181985308e-05 +6.5723686976120908e-05 +6.2952867026097649e-05 +7.8296339976703240e-05 +5.0494646230163655e-05
 46.00000000 +5.0000000000000000e+00 +1.9999807629798692e+00 +1.9555022230352092e-03 +9.9969716550979670e-01 +9.9999884587767174e-01 +9.9999994767972800e-01 +9.9999768722526827e-01 +9.9999779379896114e-01 +5.2491118737962113e-05 +7.1665274731981548e-05 +6.4216764238952175e-05 +6.8742385722408861e-05 +5.1444397095995955e-05
 46.50000000 +5.0000000000000000e+00 +1.9999818889754852e+00 +1.9595204330912787e-03 +9.9968636637747588e-01 +9.9999913540252838e-01 +9.9999975596304391e-01 +9.9999769170162944e-01 +9.9999800788392634e-01 +6.4372421030701134e-05 +7.7606188326441263e-05 +6.5480518043891018e-05 +5.9189515506161032e-05 +5.2394040198482740e-05
 47.00000000 +5.0000000000000000e+00 +1.9999830148433484e+00 +1.9635381872475854e-03 +9.9967556847040762e-01 +9.9999942489453575e-01 +9.9999956426811143e-01 +9.9999769617748246e-01 +9.9999822194460164e-01 +7.6252375289660081e-05 +8.3546427874233985e-05 +6.6744128465320504e-05 +4.9637729143469878e-05 +5.3343575555964000e-05
 47.50000000 +5.0000000000000000e+00 +1.9999841405834800e+00 +1.9675554855817148e-03 +9.9966477178838364e-01 +9.9999971435370016e-01 +9.9999937259492755e-01 +9.9999770065282800e-01 +9.9999843598099170e-01 +8.8130981744244640e-05 +8.9485993490067680e-05 +6.8007595527641335e-05 +4.0087026449887417e-05 +5.4293003186775568e-05
 48.00000000 +5.0000000000000000e+00 +1.9999855049192929e+00 +1.9672307328417729e-03 +9.9966720829297928e-01 +9.9999978264208089e-01 +9.9999919251618385e-01 +9.9999749907980706e-01 +9.9999815307567264e-01 +8.1149044038836087e-05 +8.3120409475977692e-05 +6.3808284767285459e-05 +4.3104452256412393e-05 +6.6982183061927667e-05
 48.50000000 +5.0000000000000000e+00 +1.9999868690239653e+00 +1.9669060351202076e-03 +9.9966964438479156e-01 +9.9999985091889232e-01 +9.9999901246794876e-01 +9.9999729754093580e-01 +9.9999787021828246e-01 +7.4168289186814088e-05 +7.6755903894971234e-05 +5.9609685438220395e-05 +4.6121366862109662e-05 +7.9669213184386227e-05
 49.00000000 +5.0000000000000000e+00 +1.9999882328975565e+00 +1.9665813924030387e-03 +9.9967208006392538e-01 +9.9999991918413766e-01 +9.9999883245021404e-01 +9.9999709603620590e-01 +9.9999758740880895e-01 +6.7188716887612351e-05 +7.0392476473015461e-05 +5.5411797359669477e-05 +4.9137770396876766e-05 +9.2354094100409407e-05
 49.50000000 +5.0000000000000000e+00 +1.9999895965401238e+00 +1.9662568046762904e-03 +9.9967451533048557e-01 +9.9999998743781970e-01 +9.9999865246297204e-01 +9.9999689456560814e-01 +9.9999730464723957e-01 +6.0210326840766333e-05 +6.4030126936170337e-05 +5.1214620350917284e-05 +5.2153662990567279e-05 +1.0503682635607031e-04
 50.00000000 +5.0000000000000000e+00 +1.9999883274581416e+00 +1.9611990462853027e-03 +9.9968625023780333e-01 +9.9999968038626430e-01 +9.9999891166429800e-01 +9.9999657697545663e-01 +9.9999713767225662e-01 +6.3878826496944086e-05 +5.7169665638169117e-05 +5.8711562342892691e-05 +5.2950304849290749e-05 +8.8732716146201019e-05
 50.50000000 +5.0000000000000000e+00 +1.9999870584703305e+00 +1.9561416632007315e-03 +9.9969798427434264e-01 +9.9999937335749278e-01 +9.9999917084639001e-01 +9.9999625940887116e-01 +9.9999697070966342e-01 +6.7547053935400710e-05 +5.0309713414534881e-05 +6.6207948031023027e-05 +5.3746887593920817e-05 +7.2429815768181759e-05
 51.00000000 +5.0000000000000000e+00 +1.9999857895766802e+00 +1.9510846553808055e-03 +9.9970971744020065e-01 +9.9999906635150326e-01 +9.9999943000925018e-01 +9.9999594186584972e-01 +9.9999680375945910e-01 +7.1215009186434628e-05 +4.3450270208606615e-05 +7.3703777477226082e-05 +5.4543411231036998e-05 +5.6128125087355806e-05
 51.50000000 +5.0000000000000000e+00 +1.9999845207771794e+00 +1.9460280227837582e-03 +9.9972144973547417e-01 +9.9999875936829341e-01 +9.9999968915288096e-01 +9.9999562434638956e-01 +9.9999663682164253e-01 +7.4882692280339708e-05 +3.6591335963731731e-05 +8.1199050743410362e-05 +5.5339875767217832e-05 +3.9827643969086420e-05
 52.00000000 +5.0000000000000000e+00 +1.9999850831507098e+00 +1.9518777259910538e-03 +9.9970749045443996e-01 +9.9999932990020446e-01 +9.9999956245214272e-01 +9.9999605756807930e-01 +9.9999691077323938e-01 +7.2706117743074694e-05 +4.8725117737056255e-05 +7.4598156660593941e-05 +6.0191471677703860e-05 +4.4428018731019383e-05
 52.50000000 +5.0000000000000000e+00 +1.9999856453887865e+00 +1.9577260202390903e-03 +9.9969353453563781e-01 +9.9999990029469710e-01 +9.9999943578192152e-01 +9.9999649068542351e-01 +9.9999718465885201e-01 +7.0530067455457971e-05 +6.0855976968231113e-05 +6.7998852468838909e-05 +6.5041899033010096e-05 +4.9027285446887464e-05
 53.00000000 +5.0000000000000000e+00 +1.9999862074914594e+00 +1.9635729060368482e-03 +9.9967958197785289e-01 +1.0000004705518211e+00 +9.9999930914220647e-01 +9.9999692369845972e-01 +9.9999745847850474e-01 +6.8354541228106213e-05 +7.2983914713014198e-05 +6.1401137593802837e-05 +6.9891158255272953e-05 +5.3625444516968348e-05
 53.50000000 +5.0000000000000000e+00 +1.9999867694587770e+00 +1.9694183838930633e-03 +9.9966563277987097e-01 +1.0000010406716260e+00 +9.9999918253298647e-01 +9.9999735660722522e-01 +9.9999773223222121e-01 +6.6179538871727328e-05 +8.5108932026655004e-05 +5.4805011461419841e-05 +7.4739249766425496e-05 +5.8222496341346949e-05
 54.00000000 +5.0000000000000000e+00 +1.9999864317926186e+00 +1.9686032300692386e-03 +9.9966670247693379e-01 +1.0000000855982425e+00 +9.9999908643452096e-01 +9.9999671301700799e-01 +9.9999667262936565e-01 +6.5358577524851638e-05 +8.5361569755378630e-05 +6.6515295308643312e-05 +6.9640957466529053e-05 +5.3863488154829428e-05
 54.50000000 +5.0000000000000000e+00 +1.9999860940858865e+00 +1.9677879782968033e-03 +9.9966777230253112e-01 +9.9999913041009802e-01 +9.9999899032450823e-01 +9.9999606934945717e-01 +9.9999561289918881e-01 +6.4537517531535946e-05 +8.5614237840966957e-05 +7.8226986259644652e-05 +6.4542052557540520e-05 +4.9503956191350820e-05
 55.00000000 +5.0000000000000000e+00 +1.9999857563385730e+00 +1.9669726285581036e-03 +9.9966884225668606e-01 +9.9999817510717126e-01 +9.9999889420294630e-01 +9.9999542560455879e-01 +9.9999455304166762e-01 +6.3716358873999241e-05 +8.5866936288891857e-05 +8.9940084568054771e-05 +5.9442534929036902e-05 +4.5143900356500148e-05
 55.50000000 +5.0000000000000000e+00 +1.9999854185506709e+00 +1.9661571808354782e-03 +9.9966991233942126e-01 +9.9999721968944155e-01 +9.9999879806983272e-01 +9.9999478178229873e-01 +9.9999349305677843e-01 +6.2895101534456149e-05 +8.6119665104626423e-05 +1.0165459048756550e-04 +5.4342404470568660e-05 +4.0783320555843756e-05
 56.00000000 +5.0000000000000000e+00 +1.9999850058085591e+00 +1.9655312721564766e-03 +9.9967126642122883e-01 +9.9999822430005902e-01 +9.9999928666052773e-01 +9.9999518883152960e-01 +9.9999407583633426e-01 +6.3991223388754439e-05 +7.8630978947132299e-05 +8.8775662642752955e-05 +5.7814927819219111e-05 +5.2745170193675095e-05
 56.50000000 +5.0000000000000000e+00 +1.9999845931211071e+00 +1.9649054463665044e-03 +9.9967262032371551e-01 +9.9999922877763647e-01 +9.9999977518651872e-01 +9.9999559582685527e-01 +9.9999465853871283e-01 +6.5087200083736169e-05 +7.1143284515658774e-05 +7.5898440353172990e-05 +6.1286991301921201e-05 +6.4705435724856666e-05
 57.00000000 +5.0000000000000000e+00 +1.9999841804883034e+00 +1.9642797034490960e-03 +9.9967397404691660e-01 +1.0000002331221995e+00 +1.0000002636478182e+00 +9.9999600276828593e-01 +9.9999524116392913e-01 +6.6183031648234543e-05 +6.3656581613217618e-05 +6.3022923280048234e-05 +6.4758595010018828e-05 +7.6664117464042219e-05
 57.50000000 +5.0000000000000000e+00 +1.9999837679101373e+00 +1.9636540433877925e-03 +9.9967532759086819e-01 +1.0000012373337750e+00 +1.0000007520444398e+00 +9.9999640965583259e-01 +9.9999582371199869e-01 +6.7278718111075218e-05 +5.6170870042872741e-05 +5.0149111084691105e-05 +6.8229739034831813e-05 +8.8621215725802284e-05
 58.00000000 +5.0000000000000000e+00 +1.9999831775028831e+00 +1.9558365603524492e-03 +9.9969565361388135e-01 +1.0000015775356901e+00 +9.9999963721598339e-01 +9.9999624278800991e-01 +9.9999618588697181e-01 +6.1003964256707899e-05 +5.3245878579949511e-05 +5.3348677632196732e-05 +6.3561933784615925e-05 +7.9542487761127053e-05
 58.50000000 +5.0000000000000000e+00 +1.9999825870773320e+00 +1.9480188350425283e-03 +9.9971598026682651e-01 +1.0000019177481489e+00 +9.9999852235297737e-01 +9.9999607591501638e-01 +9.9999654807316984e-01 +5.4729015939066782e-05 +5.0320796467507763e-05 +5.6548343338681380e-05 +5.8893983872679210e-05 +7.0463478434154090e-05
 59.00000000 +5.0000000000000000e+00 +1.9999819966334820e+00 +1.9402008674467655e-03 +9.9973630754973208e-01 +1.0000022579711514e+00 +9.9999740745541910e-01 +9.9999590903685076e-01 +9.9999691027059234e-01 +4.8453873149111653e-05 +4.7395623701333387e-05 +5.9748108208754678e-05 +5.4225889292296618e-05 +6.1384187731803471e-05
 59.50000000 +5.0000000000000000e+00 +1.9999814061713328e+00 +1.9323826575538981e-03 +9.9975663546262783e-01 +1.0000025982046981e+00 +9.9999629252330779e-01 +9.9999574215351306e-01 +9.9999727247924008e-01 +4.2178535877801804e-05 +4.4470360277212014e-05 +6.2947972247026627e-05 +4.9557650036742736e-05 +5.2304615640994482e-05
 60.00000000 +5.0000000000000000e+00 +1.9999800430418899e+00 +1.9360671348940780e-03 +9.9974616506099490e-01 +1.0000020311932705e+00 +9.9999601192732290e-01 +9.9999615104591710e-01 +9.9999635866204439e-01 +4.2709970459832070e-05 +5.4308569577826875e-05 +6.1238507070950115e-05 +5.1593661264916588e-05 +5.3431377304924517e-05
 60.50000000 +5.0000000000000000e+00 +1.9999786801774599e+00 +1.9397508959144044e-03 +9.9973569669497087e-01 +1.0000014642920787e+00 +9.9999573138589015e-01 +9.9999655985882585e-01 +9.9999544502250892e-01 +4.3241301722692066e-05 +6.4144866177130632e-05 +5.9529374241562245e-05 +5.3629276660756856e-05 +5.4557919908815666e-05
 61.00000000 +5.0000000000000000e+00 +1.9999773175779674e+00 +1.9434339408237542e-03 +9.9972523036396310e-01 +1.0000008975010910e+00 +9.9999545089899411e-01 +9.9999696859226295e-01 +9.9999453156058238e-01 +4.3772529696509176e-05 +7.3979250632857558e-05 +5.7820573661952446e-05 +5.5664496339686339e-05 +5.5684243516544783e-05
 61.50000000 +5.0000000000000000e+00 +1.9999759552433329e+00 +1.9471162698309198e-03 +9.9971476606737752e-01 +1.0000003308202745e+00 +9.9999517046661801e-01 +9.9999737724625115e-01 +9.9999361827621180e-01 +4.4303654411399012e-05 +8.3811723502524968e-05 +5.6112105235247668e-05 +5.7699320417082858e-05 +5.6810348191963807e-05
 62.00000000 +5.0000000000000000e+00 +1.9999788632161071e+00 +1.9384736335886531e-03 +9.9973722455515124e-01 +9.9999983673773285e-01 +9.9999563340753250e-01 +9.9999666207773541e-01 +9.9999489166706224e-01 +4.6843509460712615e-05 +7.2124453844190368e-05 +4.7223319467778720e-05 +5.0043710742788539e-05 +5.9516571584494671e-05
 62.50000000 +5.0000000000000000e+00 +1.9999817712336263e+00 +1.9298308643617499e-03 +9.9975968338849464e-01 +9.9999934264758850e-01 +9.9999609635557019e-01 +9.9999594689821558e-01 +9.9999616507750622e-01 +4.9383403590891228e-05 +6.0437004353306728e-05 +3.8334396928159431e-05 +4.2387983271280450e-05 +6.2222836617807788e-05
 63.00000000 +5.0000000000000000e+00 +1.9999846792958909e+00 +1.9211879621471406e-03 +9.9978214256741571e-01 +9.9999884854984133e-01 +9.9999655931073117e-01 +9.9999523170769067e-01 +9.9999743850754408e-01 +5.1923336802836838e-05 +4.8749375025723336e-05 +2.9445337613233004e-05 +3.4732137999839731e-05 +6.4929143292864243e-05
 63.50000000 +5.0000000000000000e+00 +1.9999875874029034e+00 +1.9125449269417564e-03 +9.9980460209192257e-01 +9.9999835444449181e-01 +9.9999702227301601e-01 +9.9999451650616122e-01 +9.9999871195717682e-01 +5.4463309097451522e-05 +3.7061565857289427e-05 +2.0556141519842565e-05 +2.7076174925747471e-05 +6.7635491610625213e-05
 64.00000000 +5.0000000000000000e+00 +1.9999829560428113e+00 +1.9291442716175766e-03 +9.9976018041862380e-01 +9.9999939921636161e-01 +9.9999625959196681e-01 +9.9999485574675528e-01 +9.9999858104319894e-01 +5.8183424595830034e-05 +5.3614204770474054e-05 +3.3869704907006515e-05 +4.1555670281523655e-05 +6.3500943053510295e-05
 64.50000000 +5.0000000000000000e+00 +1.9999783259246375e+00 +1.9457391651146519e-03 +9.9971577065716943e-01 +1.0000004437080718e+00 +9.9999549711543367e-01 +9.9999519489638100e-01 +9.9999845016432609e-01 +6.1902542530789097e-05 +7.0162405029245274e-05 +4.7179698210439630e-05 +5.6031282904383255e-05 +5.9367503191649172e-05
 65.00000000 +5.0000000000000000e+00 +1.9999736970478807e+00 +1.9623296092231429e-03 +9.9967137280276863e-01 +1.0000014879197348e+00 +9.9999473484333390e-01 +9.9999553395507423e-01 +9.9999831932054395e-01 +6.5620663303525670e-05 +8.6706168418727376e-05 +6.0486122865947088e-05 +7.0503014355871729e-05 +5.5235171579150196e-05
 65.50000000 +5.0000000000000000e+00 +1.9999690694120436e+00 +1.9789156057322529e-03 +9.9962698685063345e-01 +1.0000025318514640e+00 +9.9999397277558599e-01 +9.9999587292287251e-01 +9.9999818851183941e-01 +6.9337787315021626e-05 +1.0324549672308754e-04 +7.3788980308564338e-05 +8.4970866196697398e-05 +5.1103947770360832e-05
 66.00000000 +5.0000000000000000e+00 +1.9999719862118142e+00 +1.9824203453950250e-03 +9.9962287905428693e-01 +1.0000021809625224e+00 +9.9999570453429065e-01 +9.9999612279787864e-01 +1.0000008578104564e+00 +6.9683294306448207e-05 +1.0023937394138178e-04 +7.8613078032300376e-05 +6.8588256478300201e-05 +6.5130835127787353e-05
 66.50000000 +5.0000000000000000e+00 +1.9999749029925722e+00 +1.9859250622116494e-03 +9.9961877128471821e-01 +1.0000018300758686e+00 +9.9999743628170690e-01 +9.9999637267125618e-01 +1.0000035270916734e+00 +7.0028799045637912e-05 +9.7233270755518614e-05 +8.3437144309463394e-05 +5.2205753552294551e-05 +7.9157631048936482e-05
 67.00000000 +5.0000000000000000e+00 +1.9999778197543172e+00 +1.9894297561823490e-03 +9.9961466354192641e-01 +1.0000014791915024e+00 +9.9999916801783462e-01 +9.9999662254300514e-01 +1.0000061963554905e+00 +7.0374301532612763e-05 +9.4227187165306437e-05 +8.8261179140360885e-05 +3.5823357417636251e-05 +9.3184335534702312e-05
 67.50000000 +5.0000000000000000e+00 +1.9999807364970477e+00 +1.9929344273073466e-03 +9.9961055582591096e-01 +1.0000011283094226e+00 +1.0000008997426735e+00 +9.9999687241312485e-01 +1.0000088656019075e+00 +7.0719801767394757e-05 +9.1221123170553604e-05 +9.3085182525300247e-05 +1.9441068073281054e-05 +1.0721094858597879e-04
 68.00000000 +5.0000000000000000e+00 +1.9999811706881372e+00 +1.9756632502949721e-03 +9.9965187937619748e-01 +9.9999863101098574e-01 +1.0000000764432437e+00 +9.9999741806164533e-01 +1.0000051375681538e+00 +6.9552620299878710e-05 +7.8521962290171730e-05 +7.3568955753895430e-05 +2.8856787236720185e-05 +9.6357223053431776e-05
 68.50000000 +5.0000000000000000e+00 +1.9999816047906283e+00 +1.9583955974953890e-03 +9.9969319449434368e-01 +9.9999613422212652e-01 +9.9999925331180961e-01 +9.9999796359882487e-01 +1.0000014102951116e+00 +6.8385676997709157e-05 +6.5825392694980308e-05 +5.4056711301470787e-05 +3.8270585106787603e-05 +8.5505712241880792e-05
 69.00000000 +5.0000000000000000e+00 +1.9999820388045491e+00 +1.9411314678300243e-03 +9.9973450118293017e-01 +9.9999363794268936e-01 +9.9999843034831970e-01 +9.9999850902469800e-01 +9.9999768378254805e-01 +6.7218971787996488e-05 +5.3131413591926092e-05 +3.4548447949252326e-05 +4.7682462271488031e-05 +7.4656415473518651e-05
 69.50000000 +5.0000000000000000e+00 +1.9999824727299276e+00 +1.9238708602207473e-03 +9.9977579944453721e-01 +9.9999114217251850e-01 +9.9999760755272260e-01 +9.9999905433929925e-01 +9.9999395803023072e-01 +6.6052504597880824e-05 +4.0440024188279417e-05 +1.5044164478963348e-05 +5.7092419318586318e-05 +6.3809332070814787e-05
 70.00000000 +5.0000000000000000e+00 +1.9999792549618707e+00 +1.9274664565652033e-03 +9.9976688590655338e-01 +9.9999206368734972e-01 +1.0000000621083576e+00 +9.9999671058592388e-01 +9.9999300806083424e-01 +6.2258397864558478e-05 +4.2216076418507343e-05 +1.7386831697275770e-05 +6.5802213952967720e-05 +6.3606120947093649e-05
 70.50000000 +5.0000000000000000e+00 +1.9999760366651544e+00 +1.9310626436437875e-03 +9.9975797090413088e-01 +9.9999298535358028e-01 +1.0000025170672611e+00 +9.9999436644748418e-01 +9.9999205793536361e-01 +5.8463667783085142e-05 +4.3992420443076230e-05 +1.9729883801249454e-05 +7.4513439552464870e-05 +6.3402876437048099e-05
 71.00000000 +5.0000000000000000e+00 +1.9999728178396483e+00 +1.9346594216020922e-03 +9.9974905443690809e-01 +9.9999390717124714e-01 +1.0000049724295319e+00 +9.9999202192388514e-01 +9.9999110765378052e-01 +5.4668314199829836e-05 +4.5769056333901968e-05 +2.2073320885743663e-05 +8.3226096469754784e-05 +6.3199598532449720e-05
 71.50000000 +5.0000000000000000e+00 +1.9999695984852228e+00 +1.9382567905857596e-03 +9.9974013650452487e-01 +9.9999482914038806e-01 +1.0000074281952700e+00 +9.9998967701503294e-01 +9.9999015721604656e-01 +5.0872336961111137e-05 +4.7545984162924136e-05 +2.4417143045648867e-05 +9.1940185057630370e-05 +6.2996287225067384e-05
 72.00000000 +5.0000000000000000e+00 +1.9999719343448747e+00 +1.9378215619933632e-03 +9.9974160754938257e-01 +9.9999521553998172e-01 +1.0000063671198562e+00 +9.9998987482083690e-01 +9.9999025684786880e-01 +5.0836448119380971e-05 +5.4583111910600940e-05 +2.5719261824848591e-05 +8.9728389692659712e-05 +5.5810921440649398e-05
 72.50000000 +5.0000000000000000e+00 +1.9999742698131071e+00 +1.9373864063322161e-03 +9.9974307834773735e-01 +9.9999560187482628e-01 +1.0000053062222467e+00 +9.9999007259349448e-01 +9.9999035646299561e-01 +5.0800565291543523e-05 +6.1619060446877220e-05 +2.7021162408022280e-05 +8.7516964958208153e-05 +4.8626759707877714e-05
 73.00000000 +5.0000000000000000e+00 +1.9999766048900178e+00 +1.9369513235839883e-03 +9.9974454889965125e-01 +9.9999598814493817e-01 +1.0000042455023967e+00 +9.9999027033301402e-01 +9.9999045606143122e-01 +5.0764688476087302e-05 +6.8653830068128824e-05 +2.8322844850009990e-05 +8.5305910761123661e-05 +4.1443801724133319e-05
 73.50000000 +5.0000000000000000e+00 +1.9999789395757048e+00 +1.9365163137303556e-03 +9.9974601920518580e-01 +9.9999637435033373e-01 +1.0000031849602620e+00 +9.9999046803940406e-01 +9.9999055564318018e-01 +5.0728817671501308e-05 +7.5687421070632242e-05 +2.9624309205633418e-05 +8.3095227008285409e-05 +3.4262047186898599e-05
 74.00000000 +5.0000000000000000e+00 +1.9999800852243161e+00 +1.9284982519689612e-03 +9.9976782081021109e-01 +9.9999566499866732e-01 +1.0000047072158333e+00 +9.9999426855250195e-01 +9.9999216319750228e-01 +5.1925473001011570e-05 +6.8851187033138511e-05 +2.2731785655514824e-05 +7.0175813192473467e-05 +3.1690973078757731e-05
 74.50000000 +5.0000000000000000e+00 +1.9999812310163545e+00 +1.9204791864011468e-03 +9.9978962514464809e-01 +9.9999495555819484e-01 +1.0000062296619807e+00 +9.9999806954139803e-01 +9.9999377095307895e-01 +5.3122278143573620e-05 +6.2014097145962125e-05 +1.5838399208652104e-05 +5.7254781954532041e-05 +2.9119577089746859e-05
 75.00000000 +5.0000000000000000e+00 +1.9999823769518474e+00 +1.9124591168383962e-03 +9.9981143220900903e-01 +9.9999424602889964e-01 +1.0000077522987401e+00 +1.0000018710061818e+00 +9.9999537890994850e-01 +5.4319233127322601e-05 +5.5176151248373250e-05 +8.9441497029919592e-06 +4.4332132990706909e-05 +2.6547859159416278e-05
 75.50000000 +5.0000000000000000e+00 +1.9999835230308216e+00 +1.9044380430921464e-03 +9.9983324200380719e-01 +9.9999353641076527e-01 +1.0000092751261467e+00 +1.0000056729469424e+00 +9.9999698706814832e-01 +5.5516337980400653e-05 +4.8337349179601779e-05 +2.0490369764405245e-06 +3.1407865997167693e-05 +2.3975819227301143e-05
 76.00000000 +5.0000000000000000e+00 +1.9999820974908273e+00 +1.9099413031803390e-03 +9.9981849930381650e-01 +9.9999430118162158e-01 +1.0000087339477508e+00 +1.0000039989825498e+00 +9.9999655579844471e-01 +6.0116012756158934e-05 +4.3587770545983032e-05 +1.0831144574229711e-05 +3.5788799232819260e-05 +2.7587032241254709e-05
 76.50000000 +5.0000000000000000e+00 +1.9999806721022921e+00 +1.9154439785643801e-03 +9.9980375817019163e-01 +9.9999506587122333e-01 +1.0000081928268536e+00 +1.0000023251960108e+00 +9.9999612457456200e-01 +6.4715198830875558e-05 +3.8838696540221453e-05 +1.9612319100586606e-05 +4.0169267008032838e-05 +3.1197861575133570e-05
 77.00000000 +5.0000000000000000e+00 +1.9999792468651925e+00 +1.9209460693374492e-03 +9.9978901860268277e-01 +9.9999583047958351e-01 +1.0000076517634457e+00 +1.0000006515872970e+00 +9.9999569339649308e-01 +6.9313896282430820e-05 +3.4090127081898614e-05 +2.8392560704207197e-05 +4.4549269396985049e-05 +3.4808307290081675e-05
 77.50000000 +5.0000000000000000e+00 +1.9999778217795032e+00 +1.9264475755927054e-03 +9.9977428060104045e-01 +9.9999659500671512e-01 +1.0000071107575179e+00 +9.9999897815637995e-01 +9.9999526226423041e-01 +7.3912105188688441e-05 +2.9342062090613177e-05 +3.7171869533755851e-05 +4.8928806473836785e-05 +3.8418369447230001e-05
 78.00000000 +5.0000000000000000e+00 +1.9999763968452016e+00 +1.9319484974232902e-03 +9.9975954416501556e-01 +9.9999735945263168e-01 +1.0000065698090617e+00 +9.9999730490323158e-01 +9.9999483117776766e-01 +7.8509825627495682e-05 +2.4594501485980901e-05 +4.5950245737865412e-05 +5.3307878312733148e-05 +4.2028048107696549e-05
 78.50000000 +5.0000000000000000e+00 +1.9999749720622617e+00 +1.9374488349223216e-03 +9.9974480929435783e-01 +9.9999812381734465e-01 +1.0000060289180668e+00 +9.9999563182782314e-01 +9.9999440013709617e-01 +8.3107057676683134e-05 +1.9847445187634592e-05 +5.4727689465137028e-05 +5.7686484987803488e-05 +4.5637343332586289e-05
 79.00000000 +5.0000000000000000e+00 +1.9999735474306608e+00 +1.9429485881829014e-03 +9.9973007598881825e-01 +9.9999888810086823e-01 +1.0000054880845246e+00 +9.9999395893012633e-01 +9.9999396914220906e-01 +8.7703801414064963e-05 +1.5100893115224147e-05 +6.3504200864140405e-05 +6.2064626573161418e-05 +4.9246255182991250e-05
 79.50000000 +5.0000000000000000e+00 +1.9999721229503740e+00 +1.9484477572981099e-03 +9.9971534424814745e-01 +9.9999965230321475e-01 +1.0000049473084260e+00 +9.9999228621011316e-01 +9.9999353819309955e-01 +9.2300056917438787e-05 +1.0354845188416542e-05 +7.2279780083413600e-05 +6.6442303142904833e-05 +5.2854783719990454e-05
 80.00000000 +5.0000000000000000e+00 +1.9999706986213779e+00 +1.9539463423610083e-03 +9.9970061407209632e-01 +1.0000004164243976e+00 +1.0000044065897622e+00 +9.9999061366775555e-01 +9.9999310728976010e-01 +9.6895824264585704e-05 +5.6093013268958015e-06 +8.1054427271463219e-05 +7.0819514771115844e-05 +5.6462929004650005e-05
 80.50000000 +5.0000000000000000e+00 +1.9999719931435538e+00 +1.9578275076572189e-03 +9.9969059761867762e-01 +1.0000010360440594e+00 +1.0000024417426427e+00 +9.9999031568461338e-01 +9.9999250863322464e-01 +1.0282481037674645e-04 +2.1952671737983796e-05 +8.0507371632166806e-05 +6.9431037715480932e-05 +4.8384421260850838e-05
 81.00000000 +5.0000000000000000e+00 +1.9999732875432648e+00 +1.9617083057840903e-03 +9.9968058211284405e-01 +1.0000016556051037e+00 +1.0000004770814037e+00 +9.9999001772966145e-01 +9.9999191003332399e-01 +1.0875323558986216e-04 +3.8294496019483472e-05 +7.9960367745898674e-05 +6.8042692013746975e-05 +4.0306677766991453e-05
 81.50000000 +5.0000000000000000e+00 +1.9999745818205266e+00 +1.9655887367937240e-03 +9.9967056755446115e-01 +1.0000022751075381e+00 +9.9999851260601802e-01 +9.9998971980289530e-01 +9.9999131149004972e-01 +1.1468109998352300e-04 +5.4634774390786839e-05 +7.9413415605315103e-05 +6.6654477647275169e-05 +3.2229698414626601e-05
 82.00000000 +5.0000000000000000e+00 +1.9999758759753590e+00 +1.9694688007382112e-03 +9.9966055394339470e-01 +1.0000028945513719e+00 +9.9999654831646034e-01 +9.9998942190431150e-01 +9.9999071300339426e-01 +1.2060840363730417e-04 +7.0973507071244490e-05 +7.8866515203073929e-05 +6.5266394597430287e-05 +2.4153483095331609e-05
 82.50000000 +5.0000000000000000e+00 +1.9999771700077766e+00 +1.9733484976696310e-03 +9.9965054127950981e-01 +1.0000035139366124e+00 +9.9999458421270349e-01 +9.9998912403390583e-01 +9.9999011457334930e-01 +1.2653514663076571e-04 +8.7310694280165439e-05 +7.8319666531834263e-05 +6.3878442845580546e-05 +1.6078031700702269e-05
 83.00000000 +5.0000000000000000e+00 +1.9999784639177993e+00 +1.9772278276400553e-03 +9.9964052956267246e-01 +1.0000041332632683e+00 +9.9999262029472102e-01 +9.9998882619167417e-01 +9.9998951619990684e-01 +1.3246132904345275e-04 +1.0364633623681723e-04 +7.7772869584256639e-05 +6.2490622373097713e-05 +8.0033441223549194e-06
 83.50000000 +5.0000000000000000e+00 +1.9999797577054432e+00 +1.9811067907015444e-03 +9.9963051879274822e-01 +1.0000047525313482e+00 +9.9999065656248742e-01 +9.9998852837761254e-01 +9.9998891788305855e-01 +1.3838695095489526e-04 +1.1998043316042594e-04 +7.7226124353003015e-05 +6.1102933161357091e-05 -7.0579748073636888e-08
 84.00000000 +5.0000000000000000e+00 +1.9999810513707259e+00 +1.9849853869061502e-03 +9.9962050896960286e-01 +1.0000053717408606e+00 +9.9998869301597548e-01 +9.9998823059171704e-01 +9.9998831962279688e-01 +1.4431201244460823e-04 +1.3631298527017624e-04 +7.6679430830736689e-05 +5.9715375191737528e-05 -8.1437400189260643e-06
 84.50000000 +5.0000000000000000e+00 +1.9999823449136638e+00 +1.9888636163059134e-03 +9.9961050009310159e-01 +1.0000059908918126e+00 +9.9998672965515900e-01 +9.9998793283398335e-01 +9.9998772141911352e-01 +1.5023651359209151e-04 +1.5264399278521116e-04 +7.6132789010122342e-05 +5.8327948445621322e-05 -1.6216136798524567e-05
 85.00000000 +5.0000000000000000e+00 +1.9999825977767252e+00 +1.9791037825398908e-03 +9.9963452001475994e-01 +1.0000049247710785e+00 +9.9998926562303092e-01 +9.9998950293151290e-01 +9.9998850498858294e-01 +1.2570163082804506e-04 +1.4658968391331829e-04 +6.5216500269569308e-05 +5.3950784954508209e-05 +1.8230727829132435e-06
 85.50000000 +5.0000000000000000e+00 +1.9999828506643973e+00 +1.9693429988518192e-03 +9.9965854227427087e-01 +1.0000038585465789e+00 +9.9999180183772796e-01 +9.9999107318185976e-01 +9.9998928863431691e-01 +1.0116436009032344e-04 +1.4053478577713804e-04 +5.4299149049509317e-05 +4.9573195435225764e-05 +1.9864038115866777e-05
 86.00000000 +5.0000000000000000e+00 +1.9999831035766842e+00 +1.9595812651030079e-03 +9.9968256687197554e-01 +1.0000027922182990e+00 +9.9999433829928586e-01 +9.9999264358504580e-01 +9.9999007235632675e-01 +7.6624701030278454e-05 +1.3447929829063683e-04 +4.3380735194818525e-05 +4.5195179825573157e-05 +3.7906759456678751e-05
 86.50000000 +5.0000000000000000e+00 +1.9999833565135892e+00 +1.9498185811547399e-03 +9.9970659380821558e-01 +1.0000017257862235e+00 +9.9999687500774093e-01 +9.9999421414109357e-01 +9.9999085615462324e-01 +5.2082653299193931e-05 +1.2842322136776433e-04 +3.2461258550342892e-05 +4.0816738063337413e-05 +5.5951237061741819e-05
 87.00000000 +5.0000000000000000e+00 +1.9999836094751156e+00 +1.9400549468682716e-03 +9.9973062308333249e-01 +1.0000006592503372e+00 +9.9999941196312914e-01 +9.9999578485002560e-01 +9.9999164002921770e-01 +2.7538216548285904e-05 +1.2236655492245345e-04 +2.1540718960898209e-05 +3.6437870086293498e-05 +7.3997471187498486e-05
 87.50000000 +5.0000000000000000e+00 +1.9999838624612685e+00 +1.9302903621048314e-03 +9.9975465469766800e-01 +9.9999959261062543e-01 +1.0000019491654870e+00 +9.9999735571186454e-01 +9.9999242398012167e-01 +2.9913904287024608e-06 +1.1630929886862036e-04 +1.0619116271270040e-05 +3.2058575832204229e-05 +9.2045462090441246e-05
 88.00000000 +5.0000000000000000e+00 +1.9999841154720499e+00 +1.9205248267256205e-03 +9.9977868865156350e-01 +9.9999852586707205e-01 +1.0000044866148499e+00 +9.9999892672663171e-01 +9.9999320800734570e-01 -2.1557825408476256e-05 +1.1025145312016438e-04 -3.0354967378630833e-07 +2.7678855238820303e-05 +1.1009521002711253e-04
 88.50000000 +5.0000000000000000e+00 +1.9999843685074641e+00 +1.9107583405918143e-03 +9.9980272494536027e-01 +9.9999745901966286e-01 +1.0000070243112544e+00 +1.0000004978943502e+00 +9.9999399211090112e-01 -4.6109431312237989e-05 +1.0419301759096816e-04 -1.1227279029545703e-05 +2.3298708243880304e-05 +1.2814671525410471e-04
 89.00000000 +5.0000000000000000e+00 +1.9999846215675146e+00 +1.9009909035645600e-03 +9.9982676357940048e-01 +9.9999639206838220e-01 +1.0000095622547363e+00 +1.0000020692150420e+00 +9.9999477629079914e-01 -7.0663427631638526e-05 +9.8133992194897576e-05 -2.2152071951313299e-05 +1.8918134785110692e-05 +1.4619997802806003e-04
 89.50000000 +5.0000000000000000e+00 +1.9999814942184408e+00 +1.9082606045765366e-03 +9.9980785572979436e-01 +9.9999508615066557e-01 +1.0000066833426560e+00 +1.0000030011114684e+00 +9.9999357414311707e-01 -6.2849216756365414e-05 +9.5970011578600211e-05 +5.7944721558717410e-06 +1.4302600646380348e-05 +1.4058166654208165e-04
 90.00000000 +5.0000000000000000e+00 +1.9999783677668757e+00 +1.9155282192783900e-03 +9.9978895330649642e-01 +9.9999378060773036e-01 +1.0000038052567863e+00 +1.0000039327404524e+00 +9.9999237234043581e-01 -5.5037248458499843e-05 +9.3806651996738421e-05 +3.3732995966518366e-05 +9.6883911062241173e-06 +1.3496496743880030e-04
 90.50000000 +5.0000000000000000e+00 +1.9999752422124326e+00 +1.9227937485681084e-03 +9.9977005630717108e-01 +9.9999247543941538e-01 +1.0000009279967714e+00 +1.0000048641021095e+00 +9.9999117088260681e-01 -4.7227521772794256e-05 +9.1643913182007323e-05 +6.1663502932713212e-05 +5.0755055945098348e-06 +1.2934988002421622e-04
 91.00000000 +5.0000000000000000e+00 +1.9999721175547265e+00 +1.9300571933431635e-03 +9.9975116472948400e-01 +9.9999117064555942e-01 +9.9999805156225596e-01 +1.0000057951965544e+00 +9.9998996976948185e-01 -3.9420035734554996e-05 +8.9481794867255342e-05 +8.9585996504562126e-05 +4.6394354143248093e-07 +1.2373640360472776e-04
 91.50000000 +5.0000000000000000e+00 +1.9999689937933700e+00 +1.9373185545005110e-03 +9.9973227857110214e-01 +9.9998986622600095e-01 +9.9999517595288478e-01 +1.0000067260239018e+00 +9.9998876900091205e-01 -3.1614789379641825e-05 +8.7320296785484207e-05 +1.1750048013019137e-04 -4.1462956224860546e-06 +1.1812453748713117e-04
 92.00000000 +5.0000000000000000e+00 +1.9999658709279791e+00 +1.9445778329365956e-03 +9.9971339782969471e-01 +9.9998856218057963e-01 +9.9999230116830296e-01 +1.0000076565842677e+00 +9.9998756857675020e-01 -2.3811781744467682e-05 +8.5159418669848887e-05 +1.4540695725574944e-04 -8.7552124663971913e-06 +1.1251428097862044e-04
 92.50000000 +5.0000000000000000e+00 +1.9999627489581673e+00 +1.9518350295473440e-03 +9.9969452250293056e-01 +9.9998725850913428e-01 +9.9998942720815576e-01 +1.0000085868777662e+00 +9.9998636849684730e-01 -1.6011011865998066e-05 +8.2999160253657318e-05 +1.7330543132540812e-04 -1.3362807559125921e-05 +1.0690563338678689e-04
 93.00000000 +5.0000000000000000e+00 +1.9999596278835494e+00 +1.9590901452281712e-03 +9.9967565258848101e-01 +9.9998595521150346e-01 +9.9998655407208825e-01 +1.0000095169045118e+00 +9.9998516876105570e-01 -8.2124787817508368e-06 +8.0839521270370350e-05 +2.0119590578136396e-04 -1.7969081469171009e-05 +1.0129859401961882e-04
 93.50000000 +5.0000000000000000e+00 +1.9999565077037411e+00 +1.9663431808739774e-03 +9.9965678808401892e-01 +9.9998465228752720e-01 +9.9998368175974617e-01 +1.0000104466646198e+00 +9.9998396936922684e-01 -4.1618152979569349e-07 +7.8680501453601745e-05 +2.2907838406383991e-04 -2.2574034764705262e-05 +9.5693162185501499e-05
 94.00000000 +5.0000000000000000e+00 +1.9999587312298954e+00 +1.9523653540689798e-03 +9.9969400339303960e-01 +9.9998704623349133e-01 +9.9998608834346048e-01 +1.0000120149869867e+00 +9.9999154570228210e-01 +2.5190343270765807e-06 +6.8159154467766319e-05 +2.0682214106482907e-04 -1.4947215159181715e-05 +6.6748221235494028e-05
 94.50000000 +5.0000000000000000e+00 +1.9999609548581778e+00 +1.9383868852561239e-03 +9.9973122041137663e-01 +9.9998944028941050e-01 +9.9998849503771059e-01 +1.0000135833813875e+00 +9.9999912238332200e-01 +5.4543849997304280e-06 +5.7637324231742058e-05 +1.8456487582658914e-04 -7.3200452504109243e-06 +3.7801950831358818e-05
 95.00000000 +5.0000000000000000e+00 +1.9999631785885947e+00 +1.9244077743911776e-03 +9.9976843913914692e-01 +9.9999183445529261e-01 +9.9999090184250372e-01 +1.0000151518478271e+00 +1.0000066994123702e+00 +8.3898704974542866e-06 +4.7115010712234362e-05 +1.6230658827869065e-04 +3.0747498574204736e-07 +8.8543508815001047e-06
 95.50000000 +5.0000000000000000e+00 +1.9999654024211528e+00 +1.9104280214299035e-03 +9.9980565957646872e-01 +9.9999422873114452e-01 +9.9999330875784742e-01 +1.0000167203863102e+00 +1.0000142767894504e+00 +1.1325490829537446e-05 +3.6592213875945537e-05 +1.4004727835069758e-04 +7.9353455734143508e-06 -2.0094578705686254e-05
 96.00000000 +5.0000000000000000e+00 +1.9999676263558601e+00 +1.8964476263280620e-03 +9.9984288172345970e-01 +9.9999662311697446e-01 +9.9999571578374979e-01 +1.0000182889968421e+00 +1.0000218545145871e+00 +1.4261246005270053e-05 +2.6068933689574890e-05 +1.1778694597216762e-04 +1.5563566536745353e-05 -4.9044838021812859e-05
 96.50000000 +5.0000000000000000e+00 +1.9999698503927226e+00 +1.8824665890414070e-03 +9.9988010558023743e-01 +9.9999901761278920e-01 +9.9999812292021739e-01 +1.0000198576794272e+00 +1.0000294325878041e+00 +1.7197136033943094e-05 +1.5545170119818593e-05 +9.5525591072651779e-05 +2.3192137899876628e-05 -7.7996427158500618e-05
 97.00000000 +5.0000000000000000e+00 +1.9999720745317482e+00 +1.8684849095256910e-03 +9.9991733114692039e-01 +1.0000014122185974e+00 +1.0000005301672594e+00 +1.0000214264340717e+00 +1.0000370110091255e+00 +2.0133160924848441e-05 +5.0209231333698218e-06 +7.3263213581694763e-05 +3.0821059686952004e-05 -1.0694934620737906e-04
 97.50000000 +5.0000000000000000e+00 +1.9999742987729434e+00 +1.8545025877366600e-03 +9.9995455842362568e-01 +1.0000038069344059e+00 +1.0000029375248820e+00 +1.0000229952607789e+00 +1.0000445897785752e+00 +2.3069320687278777e-05 -5.5038073030813368e-06 +5.0999813428834710e-05 +3.8450331922117470e-05 -1.3590359526008584e-04
 98.00000000 +5.0000000000000000e+00 +1.9999765231163156e+00 +1.8405196236300576e-03 +9.9999178741047146e-01 +1.0000062017602225e+00 +1.0000053449930937e+00 +1.0000245641595551e+00 +1.0000521688961768e+00 +2.6005615330527677e-05 -1.6029021222847859e-05 +2.8735390543603281e-05 +4.6079954629521277e-05 -1.6485917440826737e-04
 98.50000000 +5.0000000000000000e+00 +1.9999757414450816e+00 +1.8405202244154283e-03 +9.9998992272397980e-01 +1.0000045989855795e+00 +1.0000052713764773e+00 +1.0000235033286309e+00 +1.0000462184296137e+00 +1.4033652814542447e-05 -1.9496942745837310e-06 +3.6597041316175852e-05 +3.1455728802170695e-05 -1.4965158777487984e-04
 99.00000000 +5.0000000000000000e+00 +1.9999749597470211e+00 +1.8405208252214181e-03 +9.9998805797349177e-01 +1.0000029961559291e+00 +1.0000051977573343e+00 +1.0000224424612989e+00 +1.0000402677588296e+00 +2.0612794190121668e-06 +1.2130115878288119e-05 +4.4458961901779366e-05 +1.6831001069201319e-05 -1.3444347921484339e-04
 99.50000000 +5.0000000000000000e+00 +1.9999741780221318e+00 +1.8405214260480281e-03 +9.9998619315900439e-01 +1.0000013932712686e+00 +1.0000051241356649e+00 +1.0000213815575572e+00 +1.0000343168838144e+00 -9.9115048772157068e-06 +2.6210409260643602e-05 +5.2321152314304103e-05 +2.2057714047744970e-06 -1.1923484870128860e-04
100.00000000 +5.0000000000000000e+00 +1.9999733962704125e+00 +1.8405220268952588e-03 +9.9998432828051387e-01 +9.9999979033159481e-01 +1.0000050505114684e+00 +1.0000203206174039e+00 +1.0000283658045568e+00 -2.1884700095295158e-05 +4.0291185897360335e-05 +6.0183612567641288e-05 -1.2419960216950217e-05 -1.0402569620734426e-04
100.50000000 +5.0000000000000000e+00 +1.9999726144918615e+00 +1.8405226277631117e-03 +9.9998246333801688e-01 +9.9999818733690482e-01 +1.0000049768847450e+00 +1.0000192596408368e+00 +1.0000224145210468e+00 -3.3858306256381624e-05 +5.4372445813317639e-05 +6.8046342675683096e-05 -2.7046193821815014e-05 -8.8816021706137360e-05
101.00000000 +5.0000000000000000e+00 +1.9999718326864788e+00 +1.8405232286515885e-03 +9.9998059833151087e-01 +9.9999658428719640e-01 +1.0000049032554950e+00 +1.0000181986278547e+00 +1.0000164630332742e+00 -4.5832323381631997e-05 +6.8454189033396540e-05 +7.5909342652322675e-05 -4.1672929435663873e-05 -7.3605825170793048e-05
101.50000000 +5.0000000000000000e+00 +1.9999710508542621e+00 +1.8405238295606894e-03 +9.9997873326099207e-01 +9.9999498118246621e-01 +1.0000048296237172e+00 +1.0000171375784552e+00 +1.0000105113412281e+00 -5.7806751492204628e-05 +8.2536415582479803e-05 +8.3772612511454124e-05 -5.6300167084342550e-05 -5.8395106574434491e-05
102.00000000 +5.0000000000000000e+00 +1.9999702689952092e+00 +1.8405244304904153e-03 +9.9997686812645681e-01 +9.9999337802271149e-01 +1.0000047559894123e+00 +1.0000160764926362e+00 +1.0000045594448974e+00 -6.9781590609259268e-05 +9.6619125485451800e-05 +9.1636152266972416e-05 -7.0927906793698541e-05 -4.3183865890183139e-05
102.50000000 +5.0000000000000000e+00 +1.9999694871093203e+00 +1.8405250314407681e-03 +9.9997500292790231e-01 +9.9999177480792956e-01 +1.0000046823525801e+00 +1.0000150153703968e+00 +9.9999860734427259e-01 -8.1756840753957239e-05 +1.1070231876719879e-04 +9.9499961932773633e-05 -8.5556148589581224e-05 -2.7972103091158561e-05
103.00000000 +5.0000000000000000e+00 +1.9999685838164296e+00 +1.8512759302624551e-03 +9.9995009866484175e-01 +9.9999244720742575e-01 +9.9999660780892219e-01 +1.0000090713251297e+00 +9.9999039083077934e-01 -3.7414181180533410e-05 +1.1132973769090927e-04 +8.7779761585080008e-05 -6.0555472547487345e-05 -3.9755690429853068e-05
103.50000000 +5.0000000000000000e+00 +1.9999676808799640e+00 +1.8620225869560708e-03 +9.9992520422859432e-01 +9.9999311934160418e-01 +9.9998853645134633e-01 +1.0000031296252858e+00 +9.9998217755938745e-01 +6.9109815078344421e-06 +1.1195690904541901e-04 +7.6064185835917234e-05 -3.5564661361476503e-05 -5.1534628158551357e-05
104.00000000 +5.0000000000000000e+00 +1.9999667782997117e+00 +1.8727650040319314e-03 +9.9990031961334491e-01 +9.9999379121062204e-01 +9.9998046827796772e-01 +9.9999719026947631e-01 +9.9997396752817813e-01 +5.1218657665078710e-05 +1.1258383297722919e-04 +6.4353231948639290e-05 -1.0583709193935142e-05 -6.3308919028700158e-05
104.50000000 +5.0000000000000000e+00 +1.9999658760754626e+00 +1.8835031839983718e-03 +9.9987544481328305e-01 +9.9999446281463567e-01 +9.9997240328690173e-01 +9.9999125325631466e-01 +9.9996576073523458e-01 +9.5508857636964045e-05 +1.1321050963272545e-04 +5.2646897188758979e-05 +1.4387389788145232e-05 -7.5078565789575728e-05
105.00000000 +5.0000000000000000e+00 +1.9999649742070043e+00 +1.8942371293617485e-03 +9.9985057982260217e-01 +9.9999513415380181e-01 +9.9996434147626645e-01 +9.9998531858441475e-01 +9.9995755717864065e-01 +1.3978159176109529e-04 +1.1383693915817793e-04 +4.0945178823945813e-05 +3.9348641413172606e-05 -8.6843571188285955e-05
105.50000000 +5.0000000000000000e+00 +1.9999640726941292e+00 +1.9049668426264444e-03 +9.9982572463550201e-01 +9.9999580522827780e-01 +9.9995628284418070e-01 +9.9997938625239291e-01 +9.9994935685648345e-01 +1.8403687036692580e-04 +1.1446312169974156e-04 +2.9248074124023917e-05 +6.4300051504959007e-05 -9.8603937969772549e-05
106.00000000 +5.0000000000000000e+00 +1.9999631715366253e+00 +1.9156923262948647e-03 +9.9980087924618555e-01 +9.9999647603821984e-01 +9.9994822738876521e-01 +9.9997345625886491e-01 +9.9994115976684983e-01 +2.2827470377576517e-04 +1.1508905740345595e-04 +1.7555580360969759e-05 +8.9241625882725050e-05 -1.1035966887681311e-04
106.50000000 +5.0000000000000000e+00 +1.9999622707342832e+00 +1.9264135828674434e-03 +9.9977604364885997e-01 +9.9999714658378425e-01 +9.9994017510814215e-01 +9.9996752860244820e-01 +9.9993296590782887e-01 +2.7249510230078735e-04 +1.1571474641524554e-04 +5.8676948089102008e-06 +1.1417337036110443e-04 -1.2211076665002326e-04
107.00000000 +5.0000000000000000e+00 +1.9999613702868926e+00 +1.9371306148426438e-03 +9.9975121783773779e-01 +9.9999781686512701e-01 +9.9993212600043457e-01 +9.9996160328176165e-01 +9.9992477527751100e-01 +3.1669807624703887e-04 +1.1634018888091986e-04 -5.8155852558797388e-06 +1.3909529075014845e-04 -1.3385723402785886e-04
107.50000000 +5.0000000000000000e+00 +1.9999582273383858e+00 +1.9328969742484796e-03 +9.9976172817984699e-01 +9.9999602547153510e-01 +9.9993637928916923e-01 +9.9996408994671271e-01 +9.9993561452090018e-01 +2.8550855723554375e-04 +9.6989513436171389e-05 +2.1921641346425026e-05 +1.2622482056965745e-04 -1.2448194136543665e-04
108.00000000 +5.0000000000000000e+00 +1.9999550849568379e+00 +1.9286640973644638e-03 +9.9977223662598635e-01 +9.9999423440109414e-01 +9.9994063181064929e-01 +9.9996657616309215e-01 +9.9994645180898878e-01 +2.5432466452880216e-04 +7.7642328676777838e-05 +4.9653864406038840e-05 +1.1335667210459686e-04 -1.1510833992029979e-04
108.50000000 +5.0000000000000000e+00 +1.9999519431420956e+00 +1.9244319839839656e-03 +9.9978274317666826e-01 +9.9999244365371676e-01 +9.9994488356508215e-01 +9.9996906193102075e-01 +9.9995728714230558e-01 +2.2314639660455038e-04 +5.8298633658292656e-05 +7.7381085276729793e-05 +1.0049084472679896e-04 -1.0573642923486918e-04
109.00000000 +5.0000000000000000e+00 +1.9999488018940061e+00 +1.9202006339004286e-03 +9.9979324783240642e-01 +9.9999065322931546e-01 +9.9994913455267576e-01 +9.9997154725062065e-01 +9.9996812052137951e-01 +1.9197375194107371e-04 +3.8958427436610048e-05 +1.0510330531177766e-04 +8.7627337808322554e-05 -9.6366208851731027e-05
109.50000000 +5.0000000000000000e+00 +1.9999456612124158e+00 +1.9159700469073716e-03 +9.9980375059371307e-01 +9.9998886312780333e-01 +9.9995338477363749e-01 +9.9997403212201286e-01 +9.9997895194673947e-01 +1.6080672901720638e-04 +1.9621709067964663e-05 +1.3282052586397410e-04 +7.4766150721452960e-05 -8.6997678313636292e-05
110.00000000 +5.0000000000000000e+00 +1.9999425210971720e+00 +1.9117402227983868e-03 +9.9981425146110114e-01 +9.9998707334909287e-01 +9.9995763422817485e-01 +9.9997651654531883e-01 +9.9998978141891404e-01 +1.2964532631233114e-04 +2.8847760893160617e-07 +1.6053274828562293e-04 +6.1907282838701897e-05 -7.7630837163500998e-05
110.50000000 +5.0000000000000000e+00 +1.9999393815481203e+00 +1.9075111613671414e-03 +9.9982475043508190e-01 +9.9998528389309627e-01 +9.9996188291649479e-01 +9.9997900052065924e-01 +1.0000006089384308e+00 +9.8489542306379069e-05 -1.9041267883573904e-05 +1.8823997392854020e-04 +4.9050733532807269e-05 -6.8265684944405865e-05
111.00000000 +5.0000000000000000e+00 +1.9999362425651086e+00 +1.9032828624073763e-03 +9.9983524751616815e-01 +9.9998349475972659e-01 +9.9996613083880459e-01 +9.9998148404815546e-01 +1.0000114345058184e+00 +6.7339375479829548e-05 -3.8367528352296478e-05 +2.1594220414405453e-04 +3.6196502176733286e-05 -5.8902221199596494e-05
111.50000000 +5.0000000000000000e+00 +1.9999331041479835e+00 +1.8990553257129078e-03 +9.9984574270487137e-01 +9.9998170594889679e-01 +9.9997037799531141e-01 +9.9998396712792881e-01 +1.0000222581216045e+00 +3.6194824313709630e-05 -5.7690304739640909e-05 +2.4363944028300748e-04 +2.3344588143670168e-05 -4.9540445472483097e-05
112.00000000 +5.0000000000000000e+00 +1.9999305030752417e+00 +1.9440900150117064e-03 +9.9973170674650358e-01 +9.9998250433752534e-01 +9.9998111527778277e-01 +9.9998682284484497e-01 +1.0000273721003283e+00 +6.2189166386580183e-05 -3.0549821505860654e-05 +2.2543043960433068e-04 +8.5895055588196837e-05 -5.2486145785295652e-05
112.50000000 +5.0000000000000000e+00 +1.9999279026543870e+00 +1.9891134175979998e-03 +9.9961769936812772e-01 +9.9998330252605905e-01 +9.9999184986924783e-01 +9.9998967784605342e-01 +1.0000324847973729e+00 +8.8176993688941668e-05 -3.4161402915074324e-06 +2.0722600251338723e-04 +1.4842984646974325e-04 -5.5431107838933460e-05
113.00000000 +5.0000000000000000e+00 +1.9999253028851751e+00 +2.0341255377143161e-03 +9.9950372055900161e-01 +9.9998410051457398e-01 +1.0000025817707188e+00 +9.9999253213182382e-01 +1.0000375962132209e+00 +1.1415830866961069e-04 +2.3710741460208401e-05 +1.8902612729478454e-04 +2.1094896668092332e-04 -5.8375331910898454e-05
113.50000000 +5.0000000000000000e+00 +1.9999227037673617e+00 +2.0791263796010552e-03 +9.9938977030838760e-01 +9.9998489830314519e-01 +1.0000133109832059e+00 +9.9999538570242508e-01 +1.0000427063483530e+00 +1.4013311377617668e-04 +5.0830826304795278e-05 +1.7083081223398958e-04 +2.7345242211139812e-04 -6.1318818278553502e-05
114.00000000 +5.0000000000000000e+00 +1.9999201053007010e+00 +2.1241159474964934e-03 +9.9927584860555374e-01 +9.9998569589184749e-01 +1.0000240375077205e+00 +9.9999823855812542e-01 +1.0000478152032513e+00 +1.6610141145500265e-04 +7.7944116796481108e-05 +1.5264005561732851e-04 +3.3594021864787749e-04 -6.4261567219122461e-05
114.50000000 +5.0000000000000000e+00 +1.9999175074849480e+00 +2.1690942456367816e-03 +9.9916195543977282e-01 +9.9998649328075595e-01 +1.0000347613452714e+00 +1.0000010906991936e+00 +1.0000529227783959e+00 +1.9206320415122589e-04 +1.0505061548821414e-04 +1.3445385573198580e-04 +3.9841236217412186e-04 -6.7203579009690305e-05
115.00000000 +5.0000000000000000e+00 +1.9999149103198595e+00 +2.2140612782559541e-03 +9.9904809080032408e-01 +9.9998729046994628e-01 +1.0000454824968694e+00 +1.0000039421258988e+00 +1.0000580290742682e+00 +2.1801849430875921e-04 +1.3215032493166395e-04 +1.1627221086600422e-04 +4.6086885857094515e-04 -7.0144853927203292e-05
115.50000000 +5.0000000000000000e+00 +1.9999123138051893e+00 +2.2590170495859173e-03 +9.9893425467649122e-01 +9.9998808745949264e-01 +1.0000562009635221e+00 +1.0000067928385081e+00 +1.0000631340913486e+00 +2.4396728437029084e-04 +1.5924324767722169e-04 +9.8095119308283740e-05 +5.2330971371621451e-04 -7.3085392248468822e-05
116.00000000 +5.0000000000000000e+00 +1.9999097179406951e+00 +2.3039615638564652e-03 +9.9882044705756412e-01 +9.9998888424947086e-01 +1.0000669167462395e+00 +1.0000096428372911e+00 +1.0000682378301178e+00 +2.6990957677728623e-04 +1.8632938627400177e-04 +7.9922579348581477e-05 +5.8573493348485482e-04 -7.6025194250155801e-05
116.50000000 +5.0000000000000000e+00 +1.9999068921559511e+00 +2.2721495123498277e-03 +9.9890091448899920e-01 +9.9998253363472944e-01 +1.0000620581458015e+00 +1.0000108540045629e+00 +1.0000531021706882e+00 +2.7269715198141988e-04 +1.7546210266131354e-04 +8.4737184412877057e-05 +5.2476615190626846e-04 -6.7125033979827529e-05
117.00000000 +5.0000000000000000e+00 +1.9999040665327206e+00 +2.2403392791252494e-03 +9.9898137732115555e-01 +9.9997618338297012e-01 +1.0000571998230665e+00 +1.0000120651026083e+00 +1.0000379673763680e+00 +2.7548456785606219e-04 +1.6459544019017052e-04 +8.9551514288695394e-05 +4.6380085512154139e-04 -5.8225382416136530e-05
117.50000000 +5.0000000000000000e+00 +1.9999012410709898e+00 +2.2085308640268438e-03 +9.9906183555442762e-01 +9.9996983349416180e-01 +1.0000523417780109e+00 +1.0000132761314322e+00 +1.0000228334470826e+00 +2.7827182441487303e-04 +1.5372939880732033e-04 +9.4365568999629201e-05 +4.0283904283191135e-04 -4.9326239515469824e-05
118.00000000 +5.0000000000000000e+00 +1.9998984157707440e+00 +2.1767242668987415e-03 +9.9914228918920978e-01 +9.9996348396827361e-01 +1.0000474840106106e+00 +1.0000144870910417e+00 +1.0000077003827581e+00 +2.8105892167151070e-04 +1.4286397845951672e-04 +9.9179348569268589e-05 +3.4188071473865056e-04 -4.0427605234219429e-05
118.50000000 +5.0000000000000000e+00 +1.9998955906319709e+00 +2.1449194875850916e-03 +9.9922273822589602e-01 +9.9995713480527415e-01 +1.0000426265208424e+00 +1.0000156979814425e+00 +9.9999256818332038e-01 +2.8384585963963174e-04 +1.3199917909351944e-04 +1.0399285302120089e-04 +2.8092587054306511e-04 -3.1529479528782313e-05
119.00000000 +5.0000000000000000e+00 +1.9998927656546555e+00 +2.1131165259300607e-03 +9.9930318266488072e-01 +9.9995078600513254e-01 +1.0000377693086817e+00 +1.0000169088026398e+00 +9.9997743684869500e-01 +2.8663263833289136e-04 +1.2113500065609439e-04 +1.0880608237901077e-04 +2.1997450994649535e-04 -2.2631862355560445e-05
119.50000000 +5.0000000000000000e+00 +1.9998899408387845e+00 +2.0813153817778331e-03 +9.9938362250655799e-01 +9.9994443756781748e-01 +1.0000329123741054e+00 +1.0000181195546407e+00 +9.9996230637880845e-01 +2.8941925776494314e-04 +1.1027144309401354e-04 +1.1361903666628023e-04 +1.5902663265031578e-04 -1.3734753670960780e-05
120.00000000 +5.0000000000000000e+00 +1.9998871161843439e+00 +2.0495160549726110e-03 +9.9946405775132208e-01 +9.9993808949329821e-01 +1.0000280557170893e+00 +1.0000193302374500e+00 +9.9994717677358591e-01 +2.9220571794943907e-04 +9.9408506354054966e-05 +1.1843171590658853e-04 +9.8082238355934979e-05 -4.8381534313952508e-06
120.50000000 +5.0000000000000000e+00 +1.9998842916913193e+00 +2.0177185453586128e-03 +9.9954448839956633e-01 +9.9993174178154298e-01 +1.0000231993376094e+00 +1.0000205408510741e+00 +9.9993204803295344e-01 +2.9499201890002949e-04 +8.8546190383002741e-05 +1.2324412012351219e-04 +3.7141326764795576e-05 +4.0579384067192397e-06
121.00000000 +5.0000000000000000e+00 +1.9998894550267048e+00 +1.9782984025439087e-03 +9.9963883118665531e-01 +9.9994220940452405e-01 +1.0000128703624873e+00 +1.0000217337207185e+00 +9.9994160393039833e-01 +2.8361990255281545e-04 +3.6762517047919329e-05 +1.0018939818114333e-04 +5.1801268818655982e-05 -2.9621693164896250e-05
121.50000000 +5.0000000000000000e+00 +1.9998946199677117e+00 +1.9388660014051080e-03 +9.9973320331114346e-01 +9.9995268028257966e-01 +1.0000025381754050e+00 +1.0000229269613050e+00 +9.9995116279940255e-01 +2.7224424986407929e-04 -1.5037259248880913e-05 +7.7127507004131178e-05 +6.6465769616044228e-05 -6.3311797956793460e-05
122.00000000 +5.0000000000000000e+00 +1.9998997865150896e+00 +1.8994213362234400e-03 +9.9982760478671706e-01 +9.9996315441722894e-01 +9.9999220277486445e-01 +1.0000241205730063e+00 +9.9996072464135233e-01 +2.6086505918404172e-04 -6.6853146019776421e-05 +5.4058443247873399e-05 +8.1134831283712370e-05 -9.7012380854955197e-05
122.50000000 +5.0000000000000000e+00 +1.9999049546695882e+00 +1.8599644012765734e-03 +9.9992203562707138e-01 +9.9997363180999099e-01 +9.9998186415936574e-01 +1.0000253145559961e+00 +9.9997028945763466e-01 +2.4948232886189673e-04 -1.1868515078181923e-04 +3.0982203565686859e-05 +9.5808455949735515e-05 -1.3072344674840397e-04
123.00000000 +5.0000000000000000e+00 +1.9999101244319568e+00 +1.8204951908386187e-03 +1.0000164958459101e+00 +9.9998411246238661e-01 +9.9997152232740893e-01 +1.0000265089104468e+00 +9.9997985724963745e-01 +2.3809605724581140e-04 -1.7053328105673876e-04 +7.8987846088060888e-06 +1.1048664574351294e-04 -1.6444500052920430e-04
123.50000000 +5.0000000000000000e+00 +1.9999152958029454e+00 +1.7810136991801213e-03 +1.0001109854569445e+00 +9.9999459637593657e-01 +9.9996117727749245e-01 +1.0000277036365324e+00 +9.9998942801874990e-01 +2.2670624268292464e-04 -2.2239754437094507e-04 -1.5191816973618407e-05 +1.2516940279576905e-04 -1.9817704709246514e-04
124.00000000 +5.0000000000000000e+00 +1.9999204687833061e+00 +1.7415199205680612e-03 +1.0002055044738960e+00 +1.0000050835521639e+00 +9.9995082900811427e-01 +1.0000288987344261e+00 +9.9999900176636158e-01 +2.1531288351934682e-04 -2.7427794825553314e-04 -3.8289604534521752e-05 +1.3985672923855452e-04 -2.3191959133634233e-04
124.50000000 +5.0000000000000000e+00 +1.9999256433737900e+00 +1.7020138492658498e-03 +1.0003000529104935e+00 +1.0000155739925913e+00 +9.9994047751777138e-01 +1.0000300942043017e+00 +1.0000085784938633e+00 +2.0391597810015858e-04 -3.2617450024628584e-04 -6.1394581428926288e-05 +1.5454862720524717e-04 -2.6567263816204074e-04
125.00000000 +5.0000000000000000e+00 +1.9999308195751491e+00 +1.6624954795333271e-03 +1.0003946307804752e+00 +1.0000260676987438e+00 +9.9993012280495985e-01 +1.0000312900463328e+00 +1.0000181582026466e+00 +1.9251552476941025e-04 -3.7808720788367825e-04 -8.4506751013943275e-05 +1.6924509883055319e-04 -2.9943619247381692e-04
125.50000000 +5.0000000000000000e+00 +1.9999279830998857e+00 +1.6612805334609829e-03 +1.0004033499474705e+00 +1.0000307860112096e+00 +9.9994556150332281e-01 +1.0000237091696487e+00 +1.0000215595009012e+00 +1.4632360138534518e-04 -2.9133575593789831e-04 -9.2888195348849465e-05 +1.0248957802558711e-04 -2.8955535586396811e-04
126.00000000 +5.0000000000000000e+00 +1.9999251458811713e+00 +1.6600652689467302e-03 +1.0004120713997924e+00 +1.0000355055603625e+00 +9.9996100424822609e-01 +1.0000161263059884e+00 +1.0000249616906491e+00 +1.0011957092542229e-04 -2.0456156611214861e-04 -1.0127183649165899e-04 +3.5716560348979729e-05 -2.7967192944989357e-04
126.50000000 +5.0000000000000000e+00 +1.9999223079187138e+00 +1.6588496858653541e-03 +1.0004207951383386e+00 +1.0000402263466892e+00 +9.9997645104126098e-01 +1.0000085414545703e+00 +1.0000283647722403e+00 +5.3903428629052806e-05 -1.1776462946573211e-04 -1.0965767530617243e-04 -3.1073961079163822e-05 -2.6978591221326373e-04
127.00000000 +5.0000000000000000e+00 +1.9999194692122209e+00 +1.6576337840915765e-03 +1.0004295211640089e+00 +1.0000449483706759e+00 +9.9999190188401965e-01 +1.0000009546146136e+00 +1.0000317687460258e+00 +7.6751697331519569e-06 -3.0944937053264187e-05 -1.1804571265664324e-04 -9.7881993142345862e-05 -2.5989730313521521e-04
127.50000000 +5.0000000000000000e+00 +1.9999166297613993e+00 +1.6564175635000516e-03 +1.0004382494777027e+00 +1.0000496716328096e+00 +1.0000073567780947e+00 +9.9999336578533538e-01 +1.0000351736123561e+00 -3.8565210527862986e-05 +5.5897520075331051e-05 -1.2643594940777816e-04 -1.6470754272767847e-04 -2.5000610119635017e-04
128.00000000 +5.0000000000000000e+00 +1.9999137895659567e+00 +1.6552010239653694e-03 +1.0004469800803200e+00 +1.0000543961335771e+00 +1.0000228157250799e+00 +9.9998577496595320e-01 +1.0000385793715829e+00 -8.4817716922074100e-05 +1.4276275087482342e-04 -1.3482838642473735e-04 -2.3155061672588579e-04 -2.4011230537673625e-04
128.50000000 +5.0000000000000000e+00 +1.9999109486256008e+00 +1.6539841653620535e-03 +1.0004557129727618e+00 +1.0000591218734662e+00 +1.0000382787265700e+00 +9.9997818215568468e-01 +1.0000419860240577e+00 -1.3108235422006474e-04 +2.2965076430468050e-04 -1.4322302457313502e-04 -2.9841122203130691e-04 -2.3021591465590606e-04
129.00000000 +5.0000000000000000e+00 +1.9999081069400373e+00 +1.6527669875645609e-03 +1.0004644481559279e+00 +1.0000638488529638e+00 +1.0000537457841596e+00 +9.9997058735374600e-01 +1.0000453935701312e+00 -1.7735912719492084e-04 +3.1656156932906938e-04 -1.5161986471903916e-04 -3.6528936554189724e-04 -2.2031692801285663e-04
129.50000000 +5.0000000000000000e+00 +1.9999052645089737e+00 +1.6515494904472837e-03 +1.0004731856307207e+00 +1.0000685770725584e+00 +1.0000692168994454e+00 +9.9996299055935356e-01 +1.0000488020101552e+00 -2.2364804062223283e-04 +4.0349517491686146e-04 -1.6001890772897247e-04 -4.3218505415923192e-04 -2.1041534442604959e-04
130.00000000 +5.0000000000000000e+00 +1.9998860547629274e+00 +1.7267708349833321e-03 +1.0002749867943217e+00 +1.0000759076303385e+00 +1.0000379892619364e+00 +9.9995600066498413e-01 +1.0000574428002400e+00 -1.4384767497849110e-04 +4.2681336582099845e-04 -1.2281328522854395e-04 -4.0256662124306337e-04 -1.5991293603442191e-04
130.50000000 +5.0000000000000000e+00 +1.9998668556104464e+00 +1.8019506973340402e-03 +1.0000768972582941e+00 +1.0000832341455486e+00 +1.0000067788454789e+00 +9.9994901462531993e-01 +1.0000660788252036e+00 -6.4091316704975105e-05 +4.5011869748255143e-04 -8.5628180448687826e-05 -3.7296452195309228e-04 -1.0943837811898499e-04
131.00000000 +5.0000000000000000e+00 +1.9998476670427705e+00 +1.8770891118041130e-03 +9.9987891693224851e-01 +1.0000905566215317e+00 +9.9997558563583155e-01 +9.9994203243717295e-01 +1.0000747100889860e+00 +1.5621070591283509e-05 +4.7341118053578464e-04 -4.8463576421774597e-05 -3.4337874278182810e-04 -5.8991647648108257e-05
131.50000000 +5.0000000000000000e+00 +1.9998284890511491e+00 +1.9521861126604403e-03 +9.9968104572589656e-01 +1.0000978750616274e+00 +9.9994440961876874e-01 +9.9993505409735928e-01 +1.0000833365955237e+00 +9.5289523263135921e-05 +4.9669082560324001e-04 -1.1319456198878645e-05 -3.1380927023666992e-04 -8.5727216155495315e-06
132.00000000 +5.0000000000000000e+00 +1.9998093216268400e+00 +2.0272417341321491e-03 +9.9948328354904836e-01 +1.0001051894691713e+00 +9.9991325078008031e-01 +9.9992807960269747e-01 +1.0000919583487489e+00 +1.7491407762337168e-04 +5.1995764329575286e-04 +2.5804197150247464e-05 -2.8425609083988594e-04 +4.1818422959579956e-05
132.50000000 +5.0000000000000000e+00 +1.9997901647611123e+00 +2.1022560104106552e-03 +9.9928563031161444e-01 +1.0001124998474953e+00 +9.9988210910557218e-01 +9.9992110895001129e-01 +1.0001005753525887e+00 +2.5449476994477354e-04 +5.4321164421246900e-04 +6.2907400537198744e-05 -2.5471919112859324e-04 +9.2181809032850374e-05
133.00000000 +5.0000000000000000e+00 +1.9997710184452433e+00 +2.1772289756497162e-03 +9.9908808592360299e-01 +1.0001198061999279e+00 +9.9985098458106525e-01 +9.9991414213612617e-01 +1.0001091876109667e+00 +3.3403163646017296e-04 +5.6645283894085933e-04 +9.9990170854943525e-05 -2.2519855765473697e-04 +1.4251745953454824e-04
133.50000000 +5.0000000000000000e+00 +1.9997518826705210e+00 +2.2521606639654807e-03 +9.9889065029512325e-01 +1.0001271085297940e+00 +9.9981987719239662e-01 +9.9990717915787253e-01 +1.0001177951278022e+00 +4.1352471336250488e-04 +5.8968123805673729e-04 +1.3705252497784901e-04 -1.9569417698507037e-04 +1.9282539736971123e-04
134.00000000 +5.0000000000000000e+00 +1.9997327574282420e+00 +2.3270511094365441e-03 +9.9869332333638139e-01 +1.0001344068404145e+00 +9.9978878692541895e-01 +9.9990022001208290e-01 +1.0001263979070090e+00 +4.9297403680486252e-04 +6.1289685212427396e-04 +1.7409447976170686e-04 -1.6620603570113390e-04 +2.4310564541816279e-04
134.50000000 +5.0000000000000000e+00 +1.9997589434027931e+00 +2.2788639920292039e-03 +9.9882567516563991e-01 +1.0001323746379696e+00 +9.9979000364297532e-01 +9.9991395406089900e-01 +1.0000797421237908e+00 +4.5582608977690872e-04 +5.6901759762423515e-04 +2.1758474994698076e-04 -1.7301817594734306e-04 +1.8884010705886027e-04
135.00000000 +5.0000000000000000e+00 +1.9997851201273413e+00 +2.2306938963667518e-03 +9.9895798024258797e-01 +1.0001303431533852e+00 +9.9979121993073528e-01 +9.9992768325826331e-01 +1.0000331028213849e+00 +4.1869126498808086e-04 +5.2515384314818906e-04 +2.6105965751411060e-04 -1.7982790985510228e-04 +1.3459373760194997e-04
135.50000000 +5.0000000000000000e+00 +1.9998112876067871e+00 +2.1825408134315701e-03 +9.9909023859199331e-01 +1.0001283123862812e+00 +9.9979243578892607e-01 +9.9994140760674588e-01 +9.9998647999106038e-01 +3.8156955548660512e-04 +4.8130558048468204e-04 +3.0451921060175690e-04 -1.8663523869921840e-04 +8.0366526892314768e-05
136.00000000 +5.0000000000000000e+00 +1.9998374458460271e+00 +2.1344047342124121e-03 +9.9922245023860712e-01 +1.0001262823362771e+00 +9.9979365121777586e-01 +9.9995512710891543e-01 +9.9993987362409231e-01 +3.4446095432561717e-04 +4.3747280142805917e-04 +3.4796341734283208e-04 -1.9344016375359807e-04 +2.6158464782009432e-05
136.50000000 +5.0000000000000000e+00 +1.9998635948499552e+00 +2.0862856497043921e-03 +9.9935461520716184e-01 +1.0001242530029939e+00 +9.9979486621751168e-01 +9.9996884176733836e-01 +9.9989328371176200e-01 +3.0736545456315788e-04 +3.9365549777845992e-04 +3.9139228586450618e-04 -2.0024268629124828e-04 -2.8030458869745665e-05
137.00000000 +5.0000000000000000e+00 +1.9998897346234608e+00 +2.0381835509089819e-03 +9.9948673352237316e-01 +1.0001222243860515e+00 +9.9979608078836080e-01 +9.9998255158457916e-01 +9.9984671024535665e-01 +2.7028304926216934e-04 +3.4985366134181271e-04 +4.3480582428821117e-04 -2.0704280758427737e-04 -8.2200254196570821e-05
137.50000000 +5.0000000000000000e+00 +1.9999158651714306e+00 +1.9900984288340052e-03 +9.9961880520893920e-01 +1.0001201964850708e+00 +9.9979729493055025e-01 +9.9999625656320079e-01 +9.9980015321617011e-01 +2.3321373149048975e-04 +3.0606728392982966e-04 +4.7820404072964652e-04 -2.1384052890389570e-04 -1.3635093132493355e-04
138.00000000 +5.0000000000000000e+00 +1.9999419864987480e+00 +1.9420302744936331e-03 +9.9975083029154088e-01 +1.0001181692996730e+00 +9.9979850864430697e-01 +1.0000099567057643e+00 +9.9975361261550233e-01 +1.9615749432085023e-04 +2.6229635736000202e-04 +5.2158694329878434e-04 -2.2063585152041663e-04 -1.9048250037415464e-04
138.50000000 +5.0000000000000000e+00 +1.9999680986102926e+00 +1.8939790789083753e-03 +9.9988280879484071e-01 +1.0001161428294791e+00 +9.9979972192985733e-01 +1.0000236520148291e+00 +9.9970708843465828e-01 +1.5911433083086929e-04 +2.1854087345559437e-04 +5.6495454009987422e-04 -2.2742877670325689e-04 -2.4459497145641455e-04
139.00000000 +5.0000000000000000e+00 +1.9999450539151618e+00 +1.9168534181594457e-03 +9.9982233425865674e-01 +1.0000806160583222e+00 +9.9982963677362446e-01 +1.0000127600388498e+00 +9.9968035191815452e-01 +1.8264158013647121e-04 +2.1868569820500660e-04 +4.9667324734674106e-04 -1.3251244201925840e-04 -1.9118713134213042e-04
139.50000000 +5.0000000000000000e+00 +1.9999220168512100e+00 +1.9397201826448075e-03 +9.9976187974842601e-01 +1.0000451010517442e+00 +9.9985954171118485e-01 +1.0000018716697143e+00 +9.9965362425536441e-01 +2.0616103846724684e-04 +2.1883047499615731e-04 +4.2841456572957376e-04 -3.7627538581833629e-05 -1.3779697706661352e-04
140.00000000 +5.0000000000000000e+00 +1.9998989874146462e+00 +1.9625793761263760e-03 +9.9970144525420235e-01 +1.0000095978039023e+00 +9.9988943674745812e-01 +9.9999098690563082e-01 +9.9962690544189048e-01 +2.2967270969249086e-04 +2.1897520385286419e-04 +3.6017848401882101e-04 +5.7225949218970923e-05 -8.4424499846403163e-05
140.50000000 +5.0000000000000000e+00 +1.9998759656016836e+00 +1.9854310023635791e-03 +9.9964103076604705e-01 +9.9997410630895767e-01 +9.9991932188736121e-01 +9.9998010574481000e-01 +9.9960019547333923e-01 +2.5317659767893616e-04 +2.1911988479892959e-04 +2.9196499099236708e-04 +1.5204803698277381e-04 -3.1069690903853853e-05
141.00000000 +5.0000000000000000e+00 +1.9998529514085368e+00 +2.0082750651133538e-03 +9.9958063627402749e-01 +9.9993862656107502e-01 +9.9994919713580710e-01 +9.9996922818546219e-01 +9.9957349434531872e-01 +2.7667270629075602e-04 +2.1926451785813972e-04 +2.2377407543552441e-04 +2.4683874029886728e-04 +2.2267458532869377e-05
141.50000000 +5.0000000000000000e+00 +1.9998299448314247e+00 +2.0311115681301518e-03 +9.9952026176821784e-01 +9.9990315855442380e-01 +9.9997906249770607e-01 +9.9995835422580015e-01 +9.9954680205344115e-01 +3.0016103938956622e-04 +2.1940910305426534e-04 +1.5560572614102831e-04 +3.4159807474622541e-04 +7.5586957229795731e-05
142.00000000 +5.0000000000000000e+00 +1.9998069458665664e+00 +2.0539405151659396e-03 +9.9945990723869893e-01 +9.9986770228317656e-01 +1.0000089179779648e+00 +9.9994748386403720e-01 +9.9952011859332079e-01 +3.2364160083442708e-04 +2.1955364041106128e-04 +8.7459931909030051e-05 +4.3632605589351335e-04 +1.2888881394715367e-04
142.50000000 +5.0000000000000000e+00 +1.9997839545101839e+00 +2.0767619099702002e-03 +9.9939957267555746e-01 +9.9983225774150919e-01 +1.0000387635814867e+00 +9.9993661709838788e-01 +9.9949344396057482e-01 +3.4711439448184550e-04 +2.1969812995226672e-04 +1.9336681547091478e-05 +5.3102269929909522e-04 +1.8217303743937543e-04
143.00000000 +5.0000000000000000e+00 +1.9997609707585038e+00 +2.0995757562899393e-03 +9.9933925806888790e-01 +9.9979682492360300e-01 +1.0000685993131724e+00 +9.9992575392706806e-01 +9.9946677815082419e-01 +3.7057942418577760e-04 +2.1984257170160515e-04 -4.8764036129821698e-05 +6.2568802051104306e-04 +2.3543963645510218e-04
143.50000000 +5.0000000000000000e+00 +1.9997989553417210e+00 +2.0445216750948265e-03 +9.9949551377338275e-01 +9.9982155500489167e-01 +1.0000757089510535e+00 +9.9992827591234767e-01 +9.9953448409989454e-01 +2.7631747388395843e-04 +3.0268392394039640e-04 -1.3304784960897840e-04 +4.0506227163266675e-04 +2.9344643872934316e-04
144.00000000 +5.0000000000000000e+00 +1.9998369685263548e+00 +1.9894261395903643e-03 +9.9965188713441067e-01 +9.9984630370729699e-01 +1.0000828239423099e+00 +9.9993079979661770e-01 +9.9960224102980633e-01 +1.8198454675421081e-04 +3.8558765359005594e-04 -2.1739512663527497e-04 +1.8427039723105867e-04 +3.5149691863608097e-04
144.50000000 +5.0000000000000000e+00 +1.9998750103447198e+00 +1.9342891029378710e-03 +9.9980837828490954e-01 +9.9987107105185735e-01 +1.0000899442929894e+00 +9.9993332558202330e-01 +9.9967004899816103e-01 +8.7580562600748810e-05 +4.6855383113000095e-04 -3.0180593891533972e-04 -3.6687790396828340e-05 +4.0959112552609863e-04
145.00000000 +5.0000000000000000e+00 +1.9999130808291823e+00 +1.8791105182280794e-03 +9.9996498735801886e-01 +9.9989585705964590e-01 +1.0000970700091503e+00 +9.9993585327071377e-01 +9.9973790806264928e-01 -6.8945588930750944e-06 +5.5158252714586754e-04 -3.8628035826386938e-04 -2.5781247923692565e-04 +4.6772910882455571e-04
145.50000000 +5.0000000000000000e+00 +1.9999511800121559e+00 +1.8238903384809955e-03 +1.0001217144870782e+00 +9.9992066175176442e-01 +1.0001042010968593e+00 +9.9993838286484071e-01 +9.9980581828104675e-01 -1.0144089816499793e-04 +6.3467381232970989e-04 -4.7081845660383153e-04 -4.7910385755858185e-04 +5.2591091803112690e-04
146.00000000 +5.0000000000000000e+00 +1.9999893079261026e+00 +1.7686285166457717e-03 +1.0002785598056285e+00 +9.9994548514934900e-01 +1.0001113375621926e+00 +9.9994091436655996e-01 +9.9987377971121671e-01 -1.9605853577407445e-04 +7.1782775748020116e-04 -5.5542030596666980e-04 -7.0056211391509671e-04 +5.8413660272014372e-04
146.50000000 +5.0000000000000000e+00 +2.0000274646035359e+00 +1.7133250056005694e-03 +1.0004355234474118e+00 +9.9997032727356627e-01 +1.0001184794112359e+00 +9.9994344777803035e-01 +9.9994179241111047e-01 -2.9074755240090638e-04 +8.0104443350283562e-04 -6.4008597849250825e-04 -9.2218743714425817e-04 +6.4240621254073500e-04
147.00000000 +5.0000000000000000e+00 +2.0000656500770146e+00 +1.6579797581524264e-03 +1.0005926055463719e+00 +9.9999518814561472e-01 +1.0001256266500829e+00 +9.9994598310141292e-01 +1.0000098564387663e+00 -3.8550802884787072e-04 +8.8432391141012804e-04 -7.2481554643035546e-04 -1.1439800163688763e-03 +7.0071979721696728e-04
147.50000000 +5.0000000000000000e+00 +2.0001038643791507e+00 +1.6025927270371227e-03 +1.0007498062366558e+00 +1.0000200677867257e+00 +1.0001327792848380e+00 +9.9994852033887349e-01 +1.0000779718523098e+00 -4.8034004603935099e-04 +9.6766626232181851e-04 -8.0960908213831187e-04 -1.3659400409973251e-03 +7.5907740654798769e-04
148.00000000 +5.0000000000000000e+00 +2.0001145139054435e+00 +1.5379917151444242e-03 +1.0009001861386950e+00 +1.0000114878773014e+00 +1.0000963747747400e+00 +9.9999138679052624e-01 +1.0000610737589004e+00 -5.5585304962176777e-04 +8.3244067828835554e-04 -6.9451162319241432e-04 -1.1936918278432807e-03 +5.5110648136116739e-04
148.50000000 +5.0000000000000000e+00 +2.0001251714586905e+00 +1.4733420110110058e-03 +1.0010506793877885e+00 +1.0000029015008727e+00 +1.0000599428251775e+00 +1.0000342855522550e+00 +1.0000441629287551e+00 -6.3142297022824006e-04 +6.9711316958689896e-04 -5.7932741091227299e-04 -1.0213137846569701e-03 +3.4297880057477967e-04
149.00000000 +5.0000000000000000e+00 +2.0001358370479689e+00 +1.4086435595643211e-03 +1.0012012861121355e+00 +9.9999430865012551e-01 +1.0000234834051158e+00 +1.0000772166606029e+00 +1.0000272393474681e+00 -7.0704987223381888e-04 +5.6168362093725224e-04 -4.6405634717697539e-04 -8.4880576459630055e-04 +1.3469418689301729e-04
149.50000000 +5.0000000000000000e+00 +2.0001465106823719e+00 +1.3438963056487390e-03 +1.0013520064401285e+00 +9.9998570931773434e-01 +9.9998699648347289e-01 +1.0001201801521691e+00 +1.0000103030006118e+00 -7.8273382011067216e-04 +4.2615191688530595e-04 -3.4869833371758296e-04 -6.7616762059765051e-04 -7.3747537247397879e-05
150.00000000 +5.0000000000000000e+00 +2.0001571923710060e+00 +1.2791001940253906e-03 +1.0015028405003543e+00 +9.9997710349636271e-01 +9.9995048202912029e-01 +1.0001631760636081e+00 +9.9999335387373767e-01 -8.5847487842826884e-04 +2.9051794180270929e-04 -2.3325327211685127e-04 -5.0339920537545327e-04 -2.8234654967771897e-04
150.50000000 +5.0000000000000000e+00 +2.0001678821229900e+00 +1.2142551693720078e-03 +1.0016537884215930e+00 +9.9996849117866293e-01 +9.9991394001088185e-01 +1.0002062044316289e+00 +9.9997639195237420e-01 -9.3427311185356038e-04 +1.5478157988654145e-04 -1.1772106380895026e-04 -3.3050037142177697e-04 -4.9110302849768024e-04
151.00000000 +5.0000000000000000e+00 +2.0001785799474581e+00 +1.1493611762827694e-03 +1.0018048503328201e+00 +9.9995987235727635e-01 +9.9987737039753521e-01 +1.0002492652929964e+00 +9.9995941722202863e-01 -1.0101285851511674e-03 +1.8942715158981625e-05 -2.1016100791836191e-06 -1.5747097100590542e-04 -7.0001715207600472e-04
151.50000000 +5.0000000000000000e+00 +2.0001892858535579e+00 +1.0844181592681418e-03 +1.0019560263632052e+00 +9.9995124702483329e-01 +9.9984077315781039e-01 +1.0002923586845316e+00 +9.9994242966818603e-01 -1.0860413631835620e-03 -1.1699876853302058e-04 +1.1360518793629201e-04 +1.5689143826082424e-05 -9.0908909905090991e-04
152.00000000 +5.0000000000000000e+00 +2.0001999998504512e+00 +1.0194260627547213e-03 +1.0021073166421139e+00 +9.9994261517395300e-01 +9.9980414826039044e-01 +1.0003354846431101e+00 +9.9992542927631034e-01 -1.1620115109112548e-03 -2.5304298751807733e-04 +2.2939942925074948e-04 +1.8898012125173532e-04 -1.1183190483306201e-03
152.50000000 +5.0000000000000000e+00 +2.0002146204739795e+00 +1.0422221967953896e-03 +1.0020503402519867e+00 +9.9992169109271156e-01 +9.9982134926882016e-01 +1.0003180170136730e+00 +9.9991956307549335e-01 -1.1488650768159525e-03 -2.7621736318738629e-04 +2.7566146759094016e-04 +1.4912605091351082e-04 -1.0306657815131106e-03
153.00000000 +5.0000000000000000e+00 +2.0002292474580412e+00 +1.0650282480302632e-03 +1.0019933390749407e+00 +9.9990075790869104e-01 +9.9983855776034924e-01 +1.0003005417851458e+00 +9.9991369432265353e-01 -1.1357129235166922e-03 -2.9940182060054208e-04 +3.2194363169533828e-04 +1.0925464252337340e-04 -9.4297438215662792e-04
153.50000000 +5.0000000000000000e+00 +2.0002438808067877e+00 +1.0878442229322910e-03 +1.0019363130947974e+00 +9.9987981561594985e-01 +9.9985577373986256e-01 +1.0002830589525695e+00 +9.9990782301612569e-01 -1.1225550472805524e-03 -3.2259636633789510e-04 +3.6824593470002252e-04 +6.9365884764783421e-05 -8.5524482537207886e-04
154.00000000 +5.0000000000000000e+00 +2.0002585205243735e+00 +1.1106701279800556e-03 +1.0018792622953641e+00 +9.9985886420854120e-01 +9.9987299721224787e-01 +1.0002655685109783e+00 +9.9990194915424191e-01 -1.1093914443713608e-03 -3.4580100698552329e-04 +4.1456838975250553e-04 +2.9459766311350547e-05 -7.6747708624870482e-04
154.50000000 +5.0000000000000000e+00 +2.0002731666149582e+00 +1.1335059696577813e-03 +1.0018221866604347e+00 +9.9983790368051406e-01 +9.9989022818239848e-01 +1.0002480704554049e+00 +9.9989607273533399e-01 -1.0962221110496933e-03 -3.6901574913523907e-04 +4.6091101001174707e-04 -1.0463724173176684e-05 -6.7967113985405950e-04
155.00000000 +5.0000000000000000e+00 +2.0002878190827031e+00 +1.1563517544553384e-03 +1.0017650861737879e+00 +9.9981693402591054e-01 +9.9990746665521080e-01 +1.0002305647808756e+00 +9.9989019375773180e-01 -1.0830470435728690e-03 -3.9224059938459515e-04 +5.0727380864816582e-04 -5.0404598034921803e-05 -5.9182696123398439e-04
155.50000000 +5.0000000000000000e+00 +2.0003024779317746e+00 +1.1792074888682497e-03 +1.0017079608191890e+00 +9.9979595523876907e-01 +9.9992471263558635e-01 +1.0002130514824135e+00 +9.9988431221976382e-01 -1.0698662381949469e-03 -4.1547556433689075e-04 +5.5365679884365250e-04 -9.0362866629891141e-05 -5.0394452541258495e-04
156.00000000 +5.0000000000000000e+00 +2.0003171431663431e+00 +1.2020731793976984e-03 +1.0016508105803898e+00 +9.9977496731312276e-01 +9.9994196612843089e-01 +1.0001955305550374e+00 +9.9987842811975725e-01 -1.0566796911667235e-03 -4.3872065060117827e-04 +6.0005999379158224e-04 -1.3033854132398439e-04 -4.1602380739220790e-04
156.50000000 +5.0000000000000000e+00 +2.0003318147905809e+00 +1.2249488325505305e-03 +1.0015936354411259e+00 +9.9975397024299817e-01 +9.9995922713865326e-01 +1.0001780019937603e+00 +9.9987254145603710e-01 -1.0434873987357261e-03 -4.6197586479226861e-04 +6.4648340669682628e-04 -1.7033163349300563e-04 -3.2806478215341613e-04
157.00000000 +5.0000000000000000e+00 +2.0003464928086654e+00 +1.2478344548392663e-03 +1.0015364353851208e+00 +9.9973296402241862e-01 +9.9997649567116897e-01 +1.0001604657935934e+00 +9.9986665222692805e-01 -1.0302893571462138e-03 -4.8524121353073912e-04 +6.9292705077576616e-04 -2.1034215452267406e-04 -2.4006742465496666e-04
157.50000000 +5.0000000000000000e+00 +2.0003611772247778e+00 +1.2707300527821013e-03 +1.0014792103960830e+00 +9.9971194864540047e-01 +9.9999377173089565e-01 +1.0001429219495412e+00 +9.9986076043075289e-01 -1.0170855626391699e-03 -5.0851670344293810e-04 +7.3939093925630395e-04 -2.5037011580863469e-04 -1.5203170983378518e-04
158.00000000 +5.0000000000000000e+00 +2.0003758680430996e+00 +1.2936356329029150e-03 +1.0014219604577064e+00 +9.9969092410595561e-01 +1.0000110553227557e+00 +1.0001253704566049e+00 +9.9985486606583218e-01 -1.0038760114523006e-03 -5.3180234116099177e-04 +7.8587508537787719e-04 -2.9041552875646909e-04 -6.3957612604943591e-05
158.50000000 +5.0000000000000000e+00 +2.0003905652678222e+00 +1.3165512017312782e-03 +1.0013646855536715e+00 +9.9966989039809118e-01 +1.0000283464516762e+00 +1.0001078113097814e+00 +9.9984896913048604e-01 -9.9066069982003046e-04 -5.5509813332281120e-04 +8.3237950239146996e-04 -3.3047840478170679e-04 +2.4154892138364864e-05
159.00000000 +5.0000000000000000e+00 +2.0004052689031342e+00 +1.3394767658024560e-03 +1.0013073856676438e+00 +9.9964884751580774e-01 +1.0000456451225888e+00 +1.0000902445040625e+00 +9.9984306962303260e-01 -9.7743962397349926e-04 -5.7840408657209772e-04 +8.7890420355962577e-04 -3.7055875530983518e-04 +1.1230582952484846e-04
159.50000000 +5.0000000000000000e+00 +2.0004199789532326e+00 +1.3624123316574165e-03 +1.0012500607832746e+00 +9.9962779545310254e-01 +1.0000629513404284e+00 +1.0000726700344369e+00 +9.9983716754178853e-01 -9.6421278014055837e-04 -6.0172020755834945e-04 +9.2544920215646036e-04 -4.1065659177631124e-04 +2.0049522470514181e-04
160.00000000 +5.0000000000000000e+00 +2.0004346954223156e+00 +1.3853579058428374e-03 +1.0011927108842023e+00 +9.9960673420396595e-01 +1.0000802651101353e+00 +1.0000550878958878e+00 +9.9983126288506974e-01 -9.5098016454576713e-04 -6.2504650293686845e-04 +9.7201451146767463e-04 -4.5077192562657196e-04 +2.8872310285182889e-04
160.50000000 +5.0000000000000000e+00 +2.0004494183145849e+00 +1.4083134949111097e-03 +1.0011353359540487e+00 +9.9958566376238378e-01 +1.0000975864366535e+00 +1.0000374980833941e+00 +9.9982535565118924e-01 -9.3774177341038876e-04 -6.4838297936876542e-04 +1.0186001447905662e-03 -4.9090476831604546e-04 +3.7698948915946808e-04
161.00000000 +5.0000000000000000e+00 +2.0004641476342484e+00 +1.4312791054203460e-03 +1.0010779359764232e+00 +9.9956458412233640e-01 +1.0001149153249318e+00 +1.0000199005919312e+00 +9.9981944583846027e-01 -9.2449760295238792e-04 -6.7172964352096756e-04 +1.0652061154340436e-03 -5.3105513131016153e-04 +4.6529440884461511e-04
161.50000000 +5.0000000000000000e+00 +2.0004155258166194e+00 +1.4759935841825395e-03 +1.0009586320563755e+00 +9.9961255181021758e-01 +1.0001318885997466e+00 +9.9999457235160194e-01 +9.9983936545826901e-01 -8.6094024005348862e-04 -6.1161043752374061e-04 +9.1131865760991579e-04 -4.6335748691842210e-04 +4.8757923125258298e-04
162.00000000 +5.0000000000000000e+00 +2.0003669483520250e+00 +1.5206672742021084e-03 +1.0008394369658835e+00 +9.9966047574176431e-01 +1.0001488463914656e+00 +9.9996926721580381e-01 +9.9985926690731342e-01 -7.9744085445833748e-04 -5.5154607252853470e-04 +7.5757157659625280e-04 -3.9572159661327346e-04 +5.0984372534831760e-04
162.50000000 +5.0000000000000000e+00 +2.0003184151798044e+00 +1.5653002312651133e-03 +1.0007203505561044e+00 +9.9970835597682184e-01 +1.0001657887212658e+00 +9.9994398515293759e-01 +9.9987915021044582e-01 -7.3399936687237714e-04 -4.9153647353025829e-04 +6.0396468040211423e-04 -3.2814737593471726e-04 +5.3208791893450118e-04
163.00000000 +5.0000000000000000e+00 +2.0002699262394064e+00 +1.6098925110559290e-03 +1.0006013726784642e+00 +9.9975619257512582e-01 +1.0001827156102838e+00 +9.9991872613146071e-01 +9.9989901539247250e-01 -6.7061569814558339e-04 -4.3158156566053436e-04 +4.5049777738650918e-04 -2.6063474057670400e-04 +5.5431183976313787e-04
163.50000000 +5.0000000000000000e+00 +2.0002214814703914e+00 +1.6544441691574785e-03 +1.0004825031846607e+00 +9.9980398559630290e-01 +1.0001996270796187e+00 +9.9989349011988904e-01 +9.9991886247815476e-01 -6.0728976927213688e-04 -3.7168127418738998e-04 +2.9717067625760122e-04 -1.9318360638678284e-04 +5.7651551553567057e-04
164.00000000 +5.0000000000000000e+00 +2.0001730808124289e+00 +1.6989552610514646e-03 +1.0003637419266616e+00 +9.9985173509987124e-01 +1.0002165231503306e+00 +9.9986827708679493e-01 +9.9993869149220871e-01 -5.4402150139009513e-04 -3.1183552451494574e-04 +1.4398318607191315e-04 -1.2579388936575204e-04 +5.9869897390309526e-04
164.50000000 +5.0000000000000000e+00 +2.0001247242053006e+00 +1.7434258421185982e-03 +1.0002450887567047e+00 +9.9989944114524132e-01 +1.0002334038434424e+00 +9.9984308700080871e-01 +9.9995850245930629e-01 -4.8081081578106393e-04 -2.5204424218310581e-04 -9.0648837664668515e-06 -5.8465505667309718e-05 +6.2086224246607642e-04
165.00000000 +5.0000000000000000e+00 +2.0000764115888936e+00 +1.7878559676388277e-03 +1.0001265435272950e+00 +9.9994710379171436e-01 +1.0002502691799366e+00 +9.9981791983061674e-01 +9.9997829540407290e-01 -4.1765763386987243e-04 -1.9230735286724911e-04 -1.6197372350667383e-04 +8.8016284022934334e-06 +6.4300534877506025e-04
165.50000000 +5.0000000000000000e+00 +2.0000281429032083e+00 +1.8322456927915721e-03 +1.0000081060912078e+00 +9.9999472309848481e-01 +1.0002671191807602e+00 +9.9979277554496382e-01 +9.9999807035109078e-01 -3.5456187722424630e-04 -1.3262478237792197e-04 -3.1474352305185587e-04 +7.6007596384601011e-05 +6.6512832033039022e-04
166.00000000 +5.0000000000000000e+00 +1.9999799180883517e+00 +1.8765950726559444e-03 +9.9988977630148479e-01 +1.0000422991246389e+00 +1.0002839538668205e+00 +9.9976765411265034e-01 +1.0000178273248965e+00 -2.9152346755448376e-04 -7.2996456660530087e-05 -4.6737447195995934e-04 +1.4315248166929688e-04 +6.8723118458242037e-04
166.50000000 +5.0000000000000000e+00 +1.9999317370845415e+00 +1.9209041622109822e-03 +9.9977155401143436e-01 +1.0000898319291558e+00 +1.0003007732589866e+00 +9.9974255550253355e-01 +1.0000375663499832e+00 -2.2854232671313138e-04 -1.3422301795032822e-05 -6.1986675944451341e-04 +2.1023636749454994e-04 +7.0931396893162844e-04
167.00000000 +5.0000000000000000e+00 +1.9998835998321018e+00 +1.9651730163358734e-03 +9.9965343907463233e-01 +1.0001373215709068e+00 +1.0003175773780906e+00 +9.9971747968352742e-01 +1.0000572874507971e+00 -1.6561837669466147e-04 +4.6097756004362224e-05 -7.7222057437541149e-04 +2.7725933694735800e-04 +7.3137670072872965e-04
167.50000000 +5.0000000000000000e+00 +1.9998355062714666e+00 +2.0094016898101860e-03 +9.9953543134491996e-01 +1.0001847681086580e+00 +1.0003343662449264e+00 +9.9969242662460300e-01 +1.0000769906517435e+00 -1.0275153963514956e-04 +1.0556379038950446e-04 -9.2443610527969192e-04 +3.4422147296389144e-04 +7.5341940727478970e-04
168.00000000 +5.0000000000000000e+00 +1.9997874563431777e+00 +2.0535902373140908e-03 +9.9941753067640349e-01 +1.0002321716010676e+00 +1.0003511398802503e+00 +9.9966739629478707e-01 +1.0000966759771805e+00 -3.9941737811953761e-05 +1.6497587487860328e-04 -1.0765135403423144e-03 +4.1112285832983444e-04 +7.7544211582133689e-04
168.50000000 +5.0000000000000000e+00 +1.9997394499878842e+00 +2.0977387134285849e-03 +9.9929973692345364e-01 +1.0002795321066871e+00 +1.0003678983047806e+00 +9.9964238866316169e-01 +1.0001163434514233e+00 +2.2811106356605772e-05 +2.2433408285653150e-04 -1.2284530674069362e-03 +4.7796357568072627e-04 +7.9744485357047419e-04
169.00000000 +5.0000000000000000e+00 +1.9996914871463434e+00 +2.1418471726357218e-03 +9.9918204994070525e-01 +1.0003268496839623e+00 +1.0003846415391979e+00 +9.9961740369886620e-01 +1.0001359930987428e+00 +8.5507070311566187e-05 +2.8363848757512726e-04 -1.3802548739766845e-03 +5.4474370750230195e-04 +8.1942764767499237e-04
169.50000000 +5.0000000000000000e+00 +1.9996435677594202e+00 +2.1859156693188331e-03 +9.9906446958305684e-01 +1.0003741243912341e+00 +1.0004013696041467e+00 +9.9959244137109582e-01 +1.0001556249433661e+00 +1.4814623135364088e-04 +3.4288916215349601e-04 -1.5319191472149306e-03 +6.1146333613083196e-04 +8.4139052523848098e-04
170.00000000 +5.0000000000000000e+00 +1.9995956917680853e+00 +2.2299442577627514e-03 +9.9894699570566992e-01 +1.0004213562867361e+00 +1.0004180825202322e+00 +9.9956750164910113e-01 +1.0001752390094760e+00 +2.1072866664353649e-04 +4.0208617957831003e-04 -1.6834460739460560e-03 +6.7812254375345944e-04 +8.6333351331543940e-04
170.50000000 +5.0000000000000000e+00 +1.9996194767144559e+00 +2.1177885099753721e-03 +9.9926401105460572e-01 +1.0004284383913915e+00 +1.0004395827343591e+00 +9.9962670868098036e-01 +1.0001091867133611e+00 +1.4554745470769776e-04 +3.0840194450860618e-04 -1.7142011635004795e-03 +5.9051861615238611e-04 +8.0180557397534246e-04
171.00000000 +5.0000000000000000e+00 +1.9996432588449018e+00 +2.0056460404263140e-03 +9.9958098887175750e-01 +1.0004355196575891e+00 +1.0004610804030531e+00 +9.9968590870327623e-01 +1.0000431422372480e+00 +8.0373959644896206e-05 +2.1472880081517702e-04 -1.7449526119271259e-03 +5.0292506007351646e-04 +7.4028491899345286e-04
171.50000000 +5.0000000000000000e+00 +1.9996670381599222e+00 +1.8935168467576772e-03 +9.9989792916378906e-01 +1.0004426000854776e+00 +1.0004825755267657e+00 +9.9974510171723341e-01 +9.9997710557974795e-01 +1.5208180084799665e-05 +1.2106674652845923e-04 -1.7757004198725723e-03 +4.1534187367511625e-04 +6.7877154707624249e-04
172.00000000 +5.0000000000000000e+00 +1.9996908146600179e+00 +1.7814009266121237e-03 +1.0002148319373645e+00 +1.0004496796752060e+00 +1.0005040681059489e+00 +9.9980428772409624e-01 +9.9991107673947233e-01 -4.9949885342599511e-05 +2.7415779679355994e-05 -1.8064445879832425e-03 +3.2776905511588706e-04 +6.1726545693049028e-04
172.50000000 +5.0000000000000000e+00 +1.9997145883456882e+00 +1.6692982776328714e-03 +1.0005316971991447e+00 +1.0004567584269231e+00 +1.0005255581410546e+00 +9.9986346672510873e-01 +9.9984505571503335e-01 -1.1510023800698466e-04 -6.6224101700763460e-05 -1.8371851169054082e-03 +2.4020660255496645e-04 +5.5576664726328048e-04
173.00000000 +5.0000000000000000e+00 +1.9997383592174329e+00 +1.5572088974636982e-03 +1.0008485249557901e+00 +1.0004638363407776e+00 +1.0005470456325347e+00 +9.9992263872151521e-01 +9.9977904250504368e-01 -1.8024287927771477e-04 -1.5985289958006364e-04 -1.8679220072851874e-03 +1.5265451415192815e-04 +4.9427511678200396e-04
173.50000000 +5.0000000000000000e+00 +1.9997621272757511e+00 +1.4451327837489373e-03 +1.0011653152139586e+00 +1.0004709134169183e+00 +1.0005685305808403e+00 +9.9998180371455858e-01 +9.9971303710811543e-01 -2.4537781052382494e-04 -2.5347061592624349e-04 -1.8986552597685441e-03 +6.5112788066780869e-05 +4.3279086419435693e-04
174.00000000 +5.0000000000000000e+00 +1.9997858925211434e+00 +1.3330699341334816e-03 +1.0014820679803083e+00 +1.0004779896554941e+00 +1.0005900129864236e+00 +1.0000409617054828e+00 +9.9964703952286205e-01 -3.1050503311402610e-04 -3.4707725270653598e-04 -1.9293848750012929e-03 -2.2418577540030497e-05 +3.7131388820834245e-04
174.50000000 +5.0000000000000000e+00 +1.9998096549541076e+00 +1.2210203462627795e-03 +1.0017987832614927e+00 +1.0004850650566532e+00 +1.0006114928497349e+00 +1.0001001126955300e+00 +9.9958104974789652e-01 -3.7562454841670503e-04 -4.4067281188770862e-04 -1.9601108536290907e-03 -1.0993958450762612e-04 +3.0984418753226856e-04
175.00000000 +5.0000000000000000e+00 +1.9998334145751437e+00 +1.1089840177828383e-03 +1.0021154610641667e+00 +1.0004921396205444e+00 +1.0006329701712260e+00 +1.0001592566859434e+00 +9.9951506778183263e-01 -4.4073635779992484e-04 -5.3425729543606320e-04 -1.9908331962974453e-03 -1.9745023467469065e-04 +2.4838176087474932e-04
175.50000000 +5.0000000000000000e+00 +1.9998571713847513e+00 +9.9696094634022176e-04 +1.0024321013949824e+00 +1.0004992133473167e+00 +1.0006544449513486e+00 +1.0002183936779656e+00 +9.9944909362328460e-01 -5.0584046263142494e-04 -6.2783070531743652e-04 -2.0215519036517111e-03 -2.8495052987947381e-04 +1.8692660694470434e-04
176.00000000 +5.0000000000000000e+00 +1.9998809253834284e+00 +8.8495112958205063e-04 +1.0027487042605900e+00 +1.0005062862371183e+00 +1.0006759171905528e+00 +1.0002775236728383e+00 +9.9938312727086609e-01 -5.7093686427862075e-04 -7.2139304349719963e-04 -2.0522669763370872e-03 -3.7244047195978986e-04 +1.2547872445135903e-04
176.50000000 +5.0000000000000000e+00 +1.9999046765716748e+00 +7.7295456515600214e-04 +1.0030652696676388e+00 +1.0005133582900980e+00 +1.0006973868892901e+00 +1.0003366466718036e+00 +9.9931716872319254e-01 -6.3602556410860501e-04 -8.1494431194025949e-04 -2.0829784149986250e-03 -4.5992006275301904e-04 +6.4038112104243625e-05
177.00000000 +5.0000000000000000e+00 +1.9999284249499887e+00 +6.6097125071031015e-04 +1.0033817976227755e+00 +1.0005204295064041e+00 +1.0007188540480112e+00 +1.0003957626761022e+00 +9.9925121797887839e-01 -7.0110656348814553e-04 -9.0848451261105699e-04 -2.1136862202812173e-03 -5.4738930409610606e-04 +2.6047686131942518e-06
177.50000000 +5.0000000000000000e+00 +1.9999521705188690e+00 +5.4900118389376537e-04 +1.0036982881326473e+00 +1.0005274998861851e+00 +1.0007403186671671e+00 +1.0004548716869763e+00 +9.9918527503653931e-01 -7.6617986378368821e-04 -1.0020136474735691e-03 -2.1443903928296103e-03 -6.3484819782556130e-04 -5.8821307311647909e-05
178.00000000 +5.0000000000000000e+00 +1.9999759132788137e+00 +4.3704436235571459e-04 +1.0040147412038971e+00 +1.0005345694295895e+00 +1.0007617807472080e+00 +1.0005139737056663e+00 +9.9911933989479040e-01 -8.3124546636135469e-04 -1.0955317184913075e-03 -2.1750909332883929e-03 -7.2229674577746039e-04 -1.2024011695983639e-04
178.50000000 +5.0000000000000000e+00 +1.9999996532303213e+00 +3.2510078374606012e-04 +1.0043311568431681e+00 +1.0005416381367656e+00 +1.0007832402885843e+00 +1.0005730687334129e+00 +9.9905341255224800e-01 -8.9630337258694371e-04 -1.1890387276273198e-03 -2.2057878423020032e-03 -8.0973494978744498e-04 -1.8165166162061996e-04
179.00000000 +5.0000000000000000e+00 +2.0000233903738902e+00 +2.1317044571526116e-04 +1.0046475350571018e+00 +1.0005487060078615e+00 +1.0008046972917468e+00 +1.0006321567714562e+00 +9.9898749300752820e-01 -9.6135358382593104e-04 -1.2825346768441891e-03 -2.2364811205147269e-03 -8.9716281169072252e-04 -2.4305594258294209e-04
179.50000000 +5.0000000000000000e+00 +1.9999992885581803e+00 +4.6642480016726855e-04 +1.0039742009064192e+00 +1.0004902824023729e+00 +1.0008210068045216e+00 +1.0006089677537369e+00 +9.9913543315597020e-01 -7.6683161827460712e-04 -1.2965537353681297e-03 -2.0235426090225864e-03 -8.1079417753769287e-04 -1.3216888258888446e-04
180.00000000 +5.0000000000000000e+00 +1.9999752208076298e+00 +7.1932120856205129e-04 +1.0033018184365281e+00 +1.0004319413719669e+00 +1.0008372932656657e+00 +1.0005858115110411e+00 +9.9928316420793717e-01 -5.7258458726789719e-04 -1.3105529795566541e-03 -1.8109050617558578e-03 -7.2454761556829802e-04 -2.1438548768432030e-05
180.50000000 +5.0000000000000000e+00 +1.9999511870500681e+00 +9.7186042923740024e-04 +1.0026303856312149e+00 +1.0003736827417011e+00 +1.0008535567240155e+00 +1.0005626879739322e+00 +9.9943068660641643e-01 -3.7861190833464003e-04 -1.3245324513880411e-03 -1.5985678410973879e-03 -6.3842286716270301e-04 +8.9135390915541887e-05
181.00000000 +5.0000000000000000e+00 +1.9999271872135305e+00 +1.2240432183904860e-03 +1.0019599004799584e+00 +1.0003155063371281e+00 +1.0008697972282712e+00 +1.0005395970731703e+00 +9.9957800079314607e-01 -1.8491300064786469e-04 -1.3384921927220743e-03 -1.3865303112298782e-03 -5.5241967443110098e-04 +1.9955326756289569e-04
181.50000000 +5.0000000000000000e+00 +1.9999032212262529e+00 +1.4758703300854032e-03 +1.0012903609779078e+00 +1.0002574119842909e+00 +1.0008860148269938e+00 +1.0005165387397097e+00 +9.9972510720861707e-01 +8.5127149810093536e-06 -1.3524322453004592e-03 -1.1747918381295368e-03 -4.6653778021113739e-04 +3.0981541133952441e-04
182.00000000 +5.0000000000000000e+00 +1.9998792890166737e+00 +1.7273425162606880e-03 +1.0006217651258638e+00 +1.0001993995097245e+00 +1.0009022095686071e+00 +1.0004935129046995e+00 +9.9987200629207895e-01 +2.0166581610794342e-04 -1.3663526507472392e-03 -9.6335178955976022e-04 -3.8077692806534852e-04 +4.1992215148065000e-04
182.50000000 +5.0000000000000000e+00 +1.9998553905134357e+00 +1.9784605267368061e-03 +9.9995411093025954e-01 +1.0001414687404513e+00 +1.0009183815014004e+00 +1.0004705194994836e+00 +1.0000186984815447e+00 +3.9454687866202954e-04 -1.3802534505692112e-03 -7.5220953506484084e-04 -2.9513686227860777e-04 +5.2987381629409974e-04
183.00000000 +5.0000000000000000e+00 +1.9998315256453796e+00 +2.2292251092235972e-03 +9.9928739640313780e-01 +1.0000836195039815e+00 +1.0009345306735256e+00 +1.0004475584555985e+00 +1.0001651842137935e+00 +5.8715647695121314e-04 -1.3941346861563370e-03 -5.4136444596370001e-04 -2.0961732785558499e-04 +6.3967073316356670e-04
183.50000000 +5.0000000000000000e+00 +1.9998076943415466e+00 +2.4796370093277025e-03 +9.9862161956213424e-01 +1.0000258516283094e+00 +1.0009506571329991e+00 +1.0004246297047730e+00 +1.0003114639243760e+00 +7.7949518366799439e-04 -1.4079963987821541e-03 -3.3081589534364843e-04 -1.2421807051821483e-04 +7.4931322855186205e-04
184.00000000 +5.0000000000000000e+00 +1.9997838965311796e+00 +2.7296969705599538e-03 +9.9795677843045727e-01 +9.9996816494191398e-01 +1.0009667609277038e+00 +1.0004017331789286e+00 +1.0004575380476193e+00 +9.7156356989510338e-04 -1.4218386296041853e-03 -1.2056325805417382e-04 -3.8938836703177533e-05 +8.5880162800414854e-04
184.50000000 +5.0000000000000000e+00 +1.9997601321437164e+00 +2.9794057343427282e-03 +9.9729287103686659e-01 +9.9991055927375538e-01 +1.0009828421053861e+00 +1.0003788688101771e+00 +1.0006034070166294e+00 +1.1633622051111525e-03 -1.4356614196643451e-03 +8.9394089299247635e-05 +4.6220626440611354e-05 +9.6813625615116330e-04
185.00000000 +5.0000000000000000e+00 +1.9997364011087964e+00 +3.2287640400172801e-03 +9.9662989541565650e-01 +9.9985303445327334e-01 +1.0009989007136599e+00 +1.0003560365308217e+00 +1.0007490712632978e+00 +1.3548916571962646e-03 -1.4494648098893476e-03 +2.9905676836131155e-04 +1.3126057105449971e-04 +1.0773174367124257e-03
185.50000000 +5.0000000000000000e+00 +1.9997127033562550e+00 +3.4777726248510382e-03 +9.9596784960663409e-01 +9.9979559031038745e-01 +1.0010149368000054e+00 +1.0003332362733555e+00 +1.0008945312183037e+00 +1.5461524924376792e-03 -1.4632488410911072e-03 +5.0842539903302229e-04 +2.1618124857258783e-04 +1.1863454924994344e-03
186.00000000 +5.0000000000000000e+00 +1.9996890388161237e+00 +3.7264322240448669e-03 +9.9530673165510042e-01 +9.9973822667549284e-01 +1.0010309504117685e+00 +1.0003104679704597e+00 +1.0010397873111192e+00 +1.7371452755353301e-03 -1.4770135539671435e-03 +7.1750059947780001e-04 +3.0098290972420535e-04 +1.2952207454188453e-03
186.50000000 +5.0000000000000000e+00 +1.9996654074186315e+00 +3.9747435707403050e-03 +9.9464653961183302e-01 +9.9968094337945979e-01 +1.0010469415961638e+00 +1.0002877315550052e+00 +1.0011848399700138e+00 +1.9278705696074067e-03 -1.4907589891009802e-03 +9.2628298612756541e-04 +3.8566580453637994e-04 +1.4039435164756417e-03
187.00000000 +5.0000000000000000e+00 +1.9996418090942012e+00 +4.2227073960267756e-03 +9.9398727153306510e-01 +9.9962374025363265e-01 +1.0010629104002735e+00 +1.0002650269600506e+00 +1.0013296896220585e+00 +2.1183289361958865e-03 -1.5044851869625453e-03 +1.1347731736887985e-03 +4.7023018233629377e-04 +1.5125141257762899e-03
187.50000000 +5.0000000000000000e+00 +1.9996182437734504e+00 +4.4703244289487501e-03 +9.9332892548046570e-01 +9.9956661712982675e-01 +1.0010788568710474e+00 +1.0002423541188410e+00 +1.0014743366931287e+00 +2.3085209352720452e-03 -1.5181921879085659e-03 +1.3429717751485726e-03 +5.5467629175373157e-04 +1.6209328925318796e-03
188.00000000 +5.0000000000000000e+00 +1.9995947113871919e+00 +4.7175953965129047e-03 +9.9267149952112332e-01 +9.9950957384032824e-01 +1.0010947810553046e+00 +1.0002197129648094e+00 +1.0016187816079101e+00 +2.4984471252419479e-03 -1.5318800321829679e-03 +1.5508794017805581e-03 +6.3900438072351563e-04 +1.7292001350612516e-03
188.50000000 +5.0000000000000000e+00 +1.9997178592664653e+00 +4.3654644762693290e-03 +9.9353763364103131e-01 +9.9947674418609578e-01 +1.0011151221322541e+00 +1.0002650333362018e+00 +1.0015395380931511e+00 +2.4193740594137029e-03 -1.7393799572313811e-03 +1.3097312788020801e-03 +6.0544567751095720e-04 +1.4707575528639903e-03
189.00000000 +5.0000000000000000e+00 +1.9998411954509836e+00 +4.0127951131422200e-03 +9.9440509216537631e-01 +9.9944386433208598e-01 +1.0011354943127153e+00 +1.0003104230069089e+00 +1.0014601734072481e+00 +2.3401800830742622e-03 -1.9471971701166566e-03 +1.0682144165756950e-03 +5.7183565973359710e-04 +1.2119197864861112e-03
189.50000000 +5.0000000000000000e+00 +1.9999647203729829e+00 +3.6595860711882773e-03 +9.9527387813419910e-01 +9.9941093416307070e-01 +1.0011558976680826e+00 +1.0003558821360006e+00 +1.0013806872720639e+00 +2.2608649186853010e-03 -2.1553323991421792e-03 +8.2632796869630412e-04 +5.3817420960384035e-04 +9.5268592882074448e-04
190.00000000 +5.0000000000000000e+00 +2.0000884344660244e+00 +3.3058361106786597e-03 +9.9614399459685354e-01 +9.9937795356346804e-01 +1.0011763322699703e+00 +1.0004014108830339e+00 +1.0013010794086101e+00 +2.1814282878584276e-03 -2.3637863748420429e-03 +5.8407108616637105e-04 +5.0446120897332236e-04 +6.9305506998265870e-04
190.50000000 +5.0000000000000000e+00 +2.0002123381649968e+00 +2.9515439880844698e-03 +9.9701544461203884e-01 +9.9934492241734174e-01 +1.0011967981902121e+00 +1.0004470094080549e+00 +1.0012213495370434e+00 +2.1018699113519272e-03 -2.5725598299895930e-03 +3.4144291738598837e-04 +4.7069653933152670e-04 +4.3302629729761696e-04
191.00000000 +5.0000000000000000e+00 +2.0003364319061228e+00 +2.5967084560621916e-03 +9.9788823124783799e-01 +9.9931184060840061e-01 +1.0012172955008607e+00 +1.0004926778716006e+00 +1.0011414973766615e+00 +2.0221895090674871e-03 -2.7816534996060139e-03 +9.8442608142900489e-05 +4.3688008180439703e-04 +1.7259869529168424e-04
191.50000000 +5.0000000000000000e+00 +2.0004607161269661e+00 +2.2413282634390456e-03 +9.9876235758175236e-01 +9.9927870801999619e-01 +1.0012378242741913e+00 +1.0005384164347009e+00 +1.0010615226459003e+00 +1.9423868000469152e-03 -2.9910681209689579e-03 -1.4493069839752439e-04 +4.0301171715294141e-04 -8.8228654319519610e-05
192.00000000 +5.0000000000000000e+00 +2.0005851912664330e+00 +1.8854021551982880e-03 +9.9963782670073864e-01 +9.9924552453512117e-01 +1.0012583845827014e+00 +1.0005842252588808e+00 +1.0009814250623312e+00 +1.8624615024688306e-03 -3.2008044336212073e-03 -3.8867786170236119e-04 +3.6909132577183133e-04 -3.4945667264161070e-04
192.50000000 +5.0000000000000000e+00 +2.0007098577647793e+00 +1.5289288724644340e-03 +1.0005146417012443e+00 +9.9921229003640943e-01 +1.0012789764991099e+00 +1.0006301045061614e+00 +1.0009012043426573e+00 +1.7824133336453519e-03 -3.4108631793793799e-03 -6.3279974388124856e-04 +3.3511878768799304e-04 -6.1108628361228421e-04
193.00000000 +5.0000000000000000e+00 +2.0008347160636162e+00 +1.1719071524884160e-03 +1.0013928056892449e+00 +9.9917900440613217e-01 +1.0012996000963603e+00 +1.0006760543390623e+00 +1.0008208602027091e+00 +1.7022420100187609e-03 -3.6212451023426772e-03 -8.7729720969655035e-04 +3.0109398255919389e-04 -8.7311841401220775e-04
193.50000000 +5.0000000000000000e+00 +2.0009597666059147e+00 +8.1433572863267721e-04 +1.0022723217802814e+00 +9.9914566752619982e-01 +1.0013202554476217e+00 +1.0007220749206041e+00 +1.0007403923574427e+00 +1.6219472471581571e-03 -3.8319509489016718e-03 -1.1221711265735686e-03 +2.6701678967262115e-04 -1.1355539934759643e-03
194.00000000 +5.0000000000000000e+00 +2.0010850098360113e+00 +4.5621333035618806e-04 +1.0031531930994944e+00 +9.9911227927815816e-01 +1.0013409426262874e+00 +1.0007681664143095e+00 +1.0006598005209364e+00 +1.5415287597560915e-03 -4.0429814677471285e-03 -1.3674223646107998e-03 +2.3288708794345404e-04 -1.3983939545030475e-03
194.50000000 +5.0000000000000000e+00 +2.0012104461996110e+00 +9.7538683199397094e-05 +1.0040354227816635e+00 +9.9907883954318677e-01 +1.0013616617059766e+00 +1.0008143289842053e+00 +1.0005790844063844e+00 +1.4609862616251879e-03 -4.2543374098788752e-03 -1.6130517965902427e-03 +1.9870475591342974e-04 -1.6616392324689032e-03
195.00000000 +5.0000000000000000e+00 +2.0013360761437964e+00 -2.6168949123088193e-04 +1.0049190139712447e+00 +9.9904534820209967e-01 +1.0013824127605373e+00 +1.0008605627948246e+00 +1.0004982437260983e+00 +1.3803194656947500e-03 -4.4660195286147144e-03 -1.8590602979877495e-03 +1.6446967174940311e-04 -1.9252907656360290e-03
195.50000000 +5.0000000000000000e+00 +2.0014619001170311e+00 -6.2147247527666338e-04 +1.0058039698224062e+00 +9.9901180513534238e-01 +1.0014031958640446e+00 +1.0009068680112092e+00 +1.0004172781914997e+00 +1.2995280840073491e-03 -4.6780285795993710e-03 -2.1054487469834285e-03 +1.3018171324189872e-04 -2.1893494951651200e-03
196.00000000 +5.0000000000000000e+00 +2.0015879185691641e+00 -9.8181155524404537e-04 +1.0066902934990665e+00 +9.9897821022299105e-01 +1.0014240110908028e+00 +1.0009532447989111e+00 +1.0003361875131185e+00 +1.2186118277153972e-03 -4.8903653208134798e-03 -2.3522180244720942e-03 +9.5840757803656757e-05 -2.4538163651262640e-03
196.50000000 +5.0000000000000000e+00 +2.0017141319514367e+00 -1.3427080214185429e-03 +1.0075779881749327e+00 +9.9894456334475024e-01 +1.0014448585153466e+00 +1.0009996933239935e+00 +1.0002549714005888e+00 +1.1375704070777056e-03 -5.1030305125826245e-03 -2.5993690140737624e-03 +6.1446682468171962e-05 -2.7186923225102013e-03
197.00000000 +5.0000000000000000e+00 +2.0018405407164863e+00 -1.7041631680804836e-03 +1.0084670570335370e+00 +9.9891086437995258e-01 +1.0014657382124403e+00 +1.0010462137530349e+00 +1.0001736295626460e+00 +1.0564035314560270e-03 -5.3160249175864113e-03 -2.8469026021442005e-03 +2.6999363888226318e-05 -2.9839783172396182e-03
197.50000000 +5.0000000000000000e+00 +2.0013475254654334e+00 -5.5070521729353426e-04 +1.0058499451729774e+00 +9.9934014069315835e-01 +1.0012181336667558e+00 +1.0008004253742806e+00 +1.0000476436076022e+00 +1.2841306892247019e-03 -3.6820435423818971e-03 -1.9887437052746510e-03 -4.7318577510310425e-04 -2.3964461812740535e-03
198.00000000 +5.0000000000000000e+00 +2.0008569834099594e+00 +5.9696644777889728e-04 +1.0032459619721681e+00 +9.9976726355517309e-01 +1.0009717712215269e+00 +1.0005558699852368e+00 +9.9992228965716001e-01 +1.5107154608327848e-03 -2.0562589836132877e-03 -1.1348897356565511e-03 -9.7086175099717195e-04 -1.8118613818826903e-03
198.50000000 +5.0000000000000000e+00 +2.0003688959865635e+00 +1.7388952582831404e-03 +1.0006550088890094e+00 +1.0001922491295345e+00 +1.0007266415537004e+00 +1.0003125383312352e+00 +9.9979756296757016e-01 +1.7361664208897835e-03 -4.3860971698820575e-04 -2.8530838103733841e-04 -1.4660473972624597e-03 -1.2302017967210138e-03
199.00000000 +5.0000000000000000e+00 +1.9998832448170609e+00 +2.8751242117985242e-03 +9.9807698836513348e-01 +1.0006151134184236e+00 +1.0004827354332935e+00 +1.0000704212499947e+00 +9.9967345884243997e-01 +1.9604920584060893e-03 +1.1709651675973999e-03 +5.6003234826689310e-04 -1.9587613593555950e-03 -6.5144552428875039e-04
199.50000000 +5.0000000000000000e+00 +1.9994000117062796e+00 +4.0056958777342135e-03 +9.9551180381366033e-01 +1.0010358722646711e+00 +1.0002400437222381e+00 +9.9982950967047346e-01 +9.9954997263214462e-01 +2.1837007778584779e-03 +2.7725259737043828e-03 +1.4011641233865764e-03 -2.4490220970616317e-03 -7.5570881180904228e-05
200.00000000 +5.0000000000000000e+00 +1.9989191786397824e+00 +5.1306524026456142e-03 +9.9295935960713266e-01 +1.0014545413537366e+00 +9.9999855737323418e-01 +9.9958979461173358e-01 +9.9942709973324406e-01 +2.4058009002397213e-03 +4.3661324058815896e-03 +2.2381183008540161e-03 -2.9368478867994540e-03 +4.9744360062024069e-04
