#discretizing the bath
#     0 0.0000000000000000e+00 -6.3189999999999946e-01
#     1 3.6514837167011074e-03 -2.4070806025054017e-01
#     2 3.6514837167011074e-03 -2.2406572366379152e-01
#     3 3.6514837167011074e-03 -2.0675289570876978e-01
#     4 3.6514837167011074e-03 -1.8879460408106574e-01
#     5 3.6514837167011074e-03 -1.7021326588844002e-01
#     6 3.6514837167011074e-03 -1.5102911235926716e-01
#     7 3.6514837167011074e-03 -1.3126052265825905e-01
#     8 3.6514837167011074e-03 -1.1092429039449569e-01
#     9 3.6514837167011074e-03 -9.0035839330354694e-02
  0.00000000 +1.0000000000000000e+00 +1.9999999999999989e+00 +1.8374661879283099e-03 +1.0000000000000000e+00 +1.0000000000000000e+00 +1.0000000000000000e+00 +1.0000000000000000e+00 +1.0000000000000000e+00 +0.0000000000000000e+00 +0.0000000000000000e+00 +0.0000000000000000e+00 +0.0000000000000000e+00 +0.0000000000000000e+00
  0.50000000 +1.0000000000000020e+00 +1.9999999999859361e+00 +1.8440310130242992e-03 +9.9998333350000124e-01 +9.9999999998611300e-01 +9.9999999998611300e-01 +9.9999999998611300e-01 +9.9999999998611300e-01 +3.3333111111888956e-06 +3.3333111111888952e-06 +3.3333111111888952e-06 +3.3333111111888952e-06 +3.3333111111888961e-06
  1.00000000 +1.0000000000000031e+00 +1.9999999998339737e+00 +1.8624178099651404e-03 +9.9993662733025879e-01 +9.9999999978755061e-01 +9.9999999978771759e-01 +9.9999999978789689e-01 +9.9999999978808929e-01 +1.2731128925897894e-05 +1.2704326429913667e-05 +1.2676126269632654e-05 +1.2646503727092782e-05 +1.2615433150500931e-05
  1.50000000 +1.0000000000000051e+00 +1.9999999992365132e+00 +1.8889668217221261e-03 +9.9986910367057324e-01 +9.9999999898007330e-01 +9.9999999898176639e-01 +9.9999999898359626e-01 +9.9999999898556713e-01 +2.6496714692692118e-05 +2.6345833510243863e-05 +2.6187549576043018e-05 +2.6021795724670088e-05 +2.5848504946262304e-05
  2.00000000 +1.0000000000000062e+00 +1.9999999977488341e+00 +1.9184024784191689e-03 +9.9979407291299649e-01 +9.9999999699983289e-01 +9.9999999700834730e-01 +9.9999999701756537e-01 +9.9999999702751208e-01 +4.2147424240381873e-05 +4.1688062275450338e-05 +4.1208202450928718e-05 +4.0707942888032383e-05 +4.0187401922995428e-05
  2.50000000 +1.0000000000000078e+00 +1.9999999948767364e+00 +1.9448929596911518e-03 +9.9972628149435405e-01 +9.9999999332026424e-01 +9.9999999334935996e-01 +9.9999999338086598e-01 +9.9999999341486201e-01 +5.6865935159924181e-05 +5.5846367212023057e-05 +5.4787362848702516e-05 +5.3689986116640080e-05 +5.2555388998292265e-05
  3.00000000 +1.0000000000000100e+00 +1.9999999901736509e+00 +1.9632179915109863e-03 +9.9967898230677144e-01 +9.9999998763294751e-01 +9.9999998771001897e-01 +9.9999998779340860e-01 +9.9999998788329991e-01 +6.8011344093453217e-05 +6.6167628370064280e-05 +6.4266731503283563e-05 +6.2312394840536184e-05 +6.0308574795800413e-05
  3.50000000 +1.0000000000000122e+00 +1.9999999833279221e+00 +1.9698085531901824e-03 +9.9966131590991780e-01 +9.9999997998490497e-01 +9.9999998015460645e-01 +9.9999998033795512e-01 +9.9999998053527073e-01 +7.3596706489084402e-05 +7.0731118968901934e-05 +6.7804530454157545e-05 +6.4825958399297211e-05 +6.1804763094730261e-05
  4.00000000 +1.0000000000000142e+00 +1.9999999742230112e+00 +1.9634492328892768e-03 +9.9967652553025355e-01 +9.9999997083367409e-01 +9.9999997115739969e-01 +9.9999997150647713e-01 +9.9999997188132561e-01 +7.2646011208427004e-05 +6.8708597438489339e-05 +6.4735889753672848e-05 +6.0745053045584434e-05 +5.6753539494869368e-05
  4.50000000 +1.0000000000000155e+00 +1.9999999629589096e+00 +1.9455035901254313e-03 +9.9972135805247653e-01 +9.9999996099995836e-01 +9.9999996154903303e-01 +9.9999996213970532e-01 +9.9999996277232051e-01 +6.5365975315449885e-05 +6.0515633456467543e-05 +5.5698526247383839e-05 +5.0941845198105825e-05 +4.6272506368084331e-05
  5.00000000 +1.0000000000000169e+00 +1.9999999498307508e+00 +1.9196205500524000e-03 +9.9978676221887808e-01 +9.9999995152147270e-01 +9.9999995236327877e-01 +9.9999995326640811e-01 +9.9999995423078025e-01 +5.3102220270833217e-05 +4.7726358008886334e-05 +4.2499846959252034e-05 +3.7459117360989615e-05 +3.2638856667148116e-05
  5.50000000 +1.0000000000000191e+00 +1.9999999352692472e+00 +1.8909853657856186e-03 +9.9985973352347712e-01 +9.9999994343554643e-01 +9.9999994461384323e-01 +9.9999994587424990e-01 +9.9999994721576368e-01 +3.8088994965414148e-05 +3.2769147887538130e-05 +2.7753290814593120e-05 +2.3082094423172250e-05 +1.8791809124618716e-05
  6.00000000 +1.0000000000000211e+00 +1.9999999197550813e+00 +1.8652703714123315e-03 +9.9992592616978659e-01 +9.9999993753659766e-01 +9.9999993904945694e-01 +9.9999994066286235e-01 +9.9999994237440704e-01 +2.3039314639197909e-05 +1.8462471272610855e-05 +1.4357556174003394e-05 +1.0759582909001651e-05 +7.6952820002154426e-06
  6.50000000 +1.0000000000000231e+00 +1.9999999037244407e+00 +1.8474999652854458e-03 +9.9997250219926048e-01 +9.9999993416335831e-01 +9.9999993594386238e-01 +9.9999993783751251e-01 +9.9999993984034508e-01 +1.0651250940754716e-05 +7.4802329299906248e-06 +4.9231830656482991e-06 +2.9955013482906354e-06 +1.6998474923630791e-06
  7.00000000 +1.0000000000000249e+00 +1.9999998874844453e+00 +1.8410592215425312e-03 +9.9999064620443545e-01 +9.9999993306738333e-01 +9.9999993497289386e-01 +9.9999993699612277e-01 +9.9999993913215057e-01 +3.1208781804450528e-06 +1.8487538128514228e-06 +1.2606832952428466e-06 +1.3371578206682338e-06 +2.0421540298449320e-06
  7.50000000 +1.0000000000000262e+00 +1.9999998711550437e+00 +1.8470436618474469e-03 +9.9997724816680400e-01 +9.9999993339928328e-01 +9.9999993521432640e-01 +9.9999993714424062e-01 +9.9999993918499330e-01 +1.7504379886260697e-06 +2.5706687299736997e-06 +4.0312429187417481e-06 +6.0655020632392921e-06 +8.5890387823359431e-06
  8.00000000 +1.0000000000000282e+00 +1.9999998546484572e+00 +1.8640761148302535e-03 +9.9993543045465694e-01 +9.9999993382514363e-01 +9.9999993528069697e-01 +9.9999993684549271e-01 +9.9999993851984392e-01 +6.7221215703631659e-06 +9.4460013562416341e-06 +1.2627784090568684e-05 +1.6149679108225489e-05 +1.9879488180886416e-05
  8.50000000 +1.0000000000000304e+00 +1.9999998376896542e+00 +1.8886204039854698e-03 +9.9987383139016628e-01 +9.9999993275772059e-01 +9.9999993356626160e-01 +9.9999993448476376e-01 +9.9999993552309385e-01 +1.7076970176723467e-05 +2.1122442264933652e-05 +2.5307703894571841e-05 +2.9472706303944847e-05 +3.3452455504582116e-05
  9.00000000 +1.0000000000000311e+00 +1.9999998198731710e+00 +1.9157208277371966e-03 +9.9980480825641560e-01 +9.9999992866118181e-01 +9.9999992856292164e-01 +9.9999992859465436e-01 +9.9999992878246513e-01 +3.0900564609688517e-05 +3.5362876091379589e-05 +3.9548340974245727e-05 +4.3278714481042799e-05 +4.6386646360471628e-05
  9.50000000 +1.0000000000000329e+00 +1.9999998007444428e+00 +1.9400116619747829e-03 +9.9974193623559426e-01 +9.9999992037000851e-01 +9.9999991918220454e-01 +9.9999991817859257e-01 +9.9999991740882865e-01 +4.5679439705119985e-05 +4.9476974256193995e-05 +5.2552261054647538e-05 +5.4746733608147727e-05 +5.5933216312389429e-05
 10.00000000 +1.0000000000000342e+00 +1.9999997798892004e+00 +1.9567892377508555e-03 +9.9969731393663142e-01 +9.9999990735638189e-01 +9.9999990501538660e-01 +9.9999990296063856e-01 +9.9999990127219007e-01 +5.8761453642478198e-05 +6.0833066107943100e-05 +6.1800529921903245e-05 +6.1570844806566562e-05 +6.0103564464149294e-05
 10.50000000 +1.0000000000000369e+00 +1.9999997570131836e+00 +1.9629304699279857e-03 +9.9967921516280100e-01 +9.9999988988775756e-01 +9.9999988647325344e-01 +9.9999988350377877e-01 +9.9999988109461635e-01 +6.7835223201320291e-05 +6.7352265986100903e-05 +6.5543868476805478e-05 +6.2426682966657080e-05 +5.8085837346518787e-05
 11.00000000 +1.0000000000000382e+00 +1.9999997319967056e+00 +1.9574769909627403e-03 +9.9969054651490330e-01 +9.9999986903611737e-01 +9.9999986476915326e-01 +9.9999986116332218e-01 +9.9999985837059657e-01 +7.1341375347709409e-05 +6.7891490926564501e-05 +6.3135357795947449e-05 +5.7229409684862949e-05 +5.0402512343245828e-05
 11.50000000 +1.0000000000000404e+00 +1.9999997049139175e+00 +1.9417752146128943e-03 +9.9972839968076577e-01 +9.9999984652906426e-01 +9.9999984173987033e-01 +9.9999983787520486e-01 +9.9999983512092727e-01 +6.8741988643683790e-05 +6.2444413118381843e-05 +5.5141139520558836e-05 +4.7132810325029952e-05 +3.8778702761654521e-05
 12.00000000 +1.0000000000000420e+00 +1.9999996760137497e+00 +1.9191544748683375e-03 +9.9978476222240575e-01 +9.9999982446455560e-01 +9.9999981953197292e-01 +9.9999981581356179e-01 +9.9999981352202305e-01 +6.0601483193933302e-05 +5.2125015974302251e-05 +4.3210524471530280e-05 +3.4273540631292049e-05 +2.5753881419980259e-05
 12.50000000 +1.0000000000000440e+00 +1.9999996456672560e+00 +1.8942187198068411e-03 +9.9984821796630274e-01 +9.9999980493946561e-01 +9.9999980021010115e-01 +9.9999979698081443e-01 +9.9999979548109141e-01 +4.8467240174789611e-05 +3.8940251847185322e-05 +2.9734919227728119e-05 +2.1317273437376372e-05 +1.4124737755839678e-05
 13.00000000 +1.0000000000000457e+00 +1.9999996142924847e+00 +1.8719030780257459e-03 +9.9990627485240025e-01 +9.9999978966121583e-01 +9.9999978536175504e-01 +9.9999978281021784e-01 +9.9999978224228769e-01 +3.4574845574283733e-05 +2.5398235672265746e-05 +1.7366375607696434e-05 +1.0903606850465836e-05 +6.3420086473183846e-06
 13.50000000 +1.0000000000000477e+00 +1.9999995822722132e+00 +1.8564899747896206e-03 +9.9994784230316203e-01 +9.9999977961746067e-01 +9.9999977577674271e-01 +9.9999977386161010e-01 +9.9999977410633156e-01 +2.1434322001560485e-05 +1.4028845429684092e-05 +8.4932044063111418e-06 +5.1059342013979568e-06 +3.9920288921035746e-06
 14.00000000 +1.0000000000000491e+00 +1.9999995498808558e+00 +1.8507823808095068e-03 +9.9996536318948226e-01 +9.9999977486973912e-01 +9.9999977126726958e-01 +9.9999976967530468e-01 +9.9999977032601928e-01 +1.1374358760221827e-05 +6.9088784724408924e-06 +4.7769047240633824e-06 +5.0173617255052429e-06 +7.4731687484780472e-06
 14.50000000 +1.0000000000000504e+00 +1.9999995172345959e+00 +1.8555947187489218e-03 +9.9995618807914011e-01 +9.9999977451464217e-01 +9.9999977066884982e-01 +9.9999976881943842e-01 +9.9999976920631861e-01 +6.1277826586751458e-06 +5.2813782347451488e-06 +6.8406318451940015e-06 +1.0545684128308996e-05 +1.5933234996981626e-05
 15.00000000 +1.0000000000000517e+00 +1.9999994842738094e+00 +1.8696535613331165e-03 +9.9992294225502987e-01 +9.9999977682460983e-01 +9.9999977202774482e-01 +9.9999976912843069e-01 +9.9999976839693872e-01 +6.5324523196189931e-06 +9.3392070731726211e-06 +1.4167735702377671e-05 +2.0455652380714286e-05 +2.7476320030477209e-05
 15.50000000 +1.0000000000000542e+00 +1.9999994507801999e+00 +1.8899153058669542e-03 +9.9987284390533282e-01 +9.9999977954609032e-01 +9.9999977294418263e-01 +9.9999976809199231e-01 +9.9999976532570645e-01 +1.2399354565434448e-05 +1.8210450256917630e-05 +2.5226198091178293e-05 +3.2644924476403790e-05 +3.9589259577394244e-05
 16.00000000 +1.0000000000000557e+00 +1.9999994164242423e+00 +1.9122242189000204e-03 +9.9981614174385103e-01 +9.9999978030214920e-01 +9.9999977100949178e-01 +9.9999976332308016e-01 +9.9999975769097804e-01 +2.2568292927813487e-05 +3.0144248558102606e-05 +3.7789803014956403e-05 +4.4592100020495368e-05 +4.9691486207743706e-05
 16.50000000 +1.0000000000000577e+00 +1.9999993808325969e+00 +1.9321685508633198e-03 +9.9976400986896174e-01 +9.9999977702583243e-01 +9.9999976425577031e-01 +9.9999975301581789e-01 +9.9999974391708435e-01 +3.5137107054309427e-05 +4.2857742287723976e-05 +4.9388596822479264e-05 +5.3881002389586224e-05 +5.5687468268145638e-05
 17.00000000 +1.0000000000000602e+00 +1.9999993436617072e+00 +1.9459575418018075e-03 +9.9972633414795398e-01 +9.9999976834372317e-01 +9.9999975153274512e-01 +9.9999973630431582e-01 +9.9999972348166355e-01 +4.7819208079718119e-05 +5.3975175130757096e-05 +5.7797110583406204e-05 +5.8691713513810878e-05 +5.6402982590861337e-05
 17.50000000 +1.0000000000000611e+00 +1.9999993046629576e+00 +1.9511441053796236e-03 +9.9970983088547272e-01 +9.9999975383769957e-01 +9.9999973273918052e-01 +9.9999971345094563e-01 +9.9999969704714198e-01 +5.8361977558856406e-05 +6.1474319728205013e-05 +6.1463409077206345e-05 +5.8158175610493372e-05 +5.1814157890772927e-05
 18.00000000 +1.0000000000000631e+00 +1.9999992637270310e+00 +1.9470551188463250e-03 +9.9971685680950306e-01 +9.9999973413524612e-01 +9.9999970886301781e-01 +9.9999968582458298e-01 +9.9999966636605397e-01 +6.4949115511014386e-05 +6.4055965760921656e-05 +5.9795954197170021e-05 +5.2522002101153998e-05 +4.3024964342009384e-05
 18.50000000 +1.0000000000000646e+00 +1.9999992208995727e+00 +1.9348547973795189e-03 +9.9974511902815466e-01 +9.9999971081049055e-01 +9.9999968182039578e-01 +9.9999965566944315e-01 +9.9999963397402636e-01 +6.6514766124437864e-05 +6.1368762396569175e-05 +5.3255308788447053e-05 +4.3055819430642542e-05 +3.2004041073627749e-05
 19.00000000 +1.0000000000000659e+00 +1.9999991763662452e+00 +1.9172427767335789e-03 +9.9978830725878620e-01 +9.9999968611344903e-01 +9.9999965412178560e-01 +9.9999962570566747e-01 +9.9999960272639155e-01 +6.2914991662575042e-05 +5.4050696896037344e-05 +4.3237505336633954e-05 +3.1777599010632733e-05 +2.1143281345059077e-05
 19.50000000 +1.0000000000000684e+00 +1.9999991304112859e+00 +1.8978614089579873e-03 +9.9983748702541808e-01 +9.9999966257683670e-01 +9.9999962842630064e-01 +9.9999959863559629e-01 +9.9999957526585825e-01 +5.4929349582581065e-05 +4.3584096585523848e-05 +3.1777316836105194e-05 +2.1019941140397158e-05 +1.2737366188388138e-05
 20.00000000 +1.0000000000000699e+00 +1.9999990833587469e+00 +1.8805418042345660e-03 +9.9988294833968883e-01 +9.9999964257234453e-01 +9.9999960706648072e-01 +9.9999957664839867e-01 +9.9999955352329806e-01 +4.4096759612203636e-05 +3.1996321902197691e-05 +2.1134431315039075e-05 +1.2946472499145129e-05 +8.4978648106516424e-06
 20.50000000 +1.0000000000000722e+00 +1.9999990355085364e+00 +1.8685449396385540e-03 +9.9991612691388521e-01 +9.9999962789724040e-01 +9.9999959163149976e-01 +9.9999956101661103e-01 +9.9999953834830169e-01 +3.2419688607817410e-05 +2.1466574520392131e-05 +1.3346920910641553e-05 +9.1159449470636765e-06 +9.2050638370534082e-06
 21.00000000 +1.0000000000000735e+00 +1.9999989870799535e+00 +1.8639484664875728e-03 +9.9993121695079457e-01 +9.9999961946591975e-01 +9.9999958268563283e-01 +9.9999955186095668e-01 +9.9999952934170266e-01 +2.1993539370890363e-05 +1.3915295036299890e-05 +9.8405261991896277e-06 +1.0182059913011291e-05 +1.4568274842897027e-05
 21.50000000 +1.0000000000000757e+00 +1.9999989381733361e+00 +1.8672942085241422e-03 +9.9992617224024438e-01 +9.9999961716108821e-01 +9.9999957967337938e-01 +9.9999954812803005e-01 +9.9999952492361310e-01 +1.4630036438572626e-05 +1.0653756346828827e-05 +1.1168802451383401e-05 +1.5786667443550669e-05 +2.3318611343130307e-05
 22.00000000 +1.0000000000000773e+00 +1.9999988887564137e+00 +1.8775542426622278e-03 +9.9990292682889825e-01 +9.9999961986939545e-01 +9.9999958102760245e-01 +9.9999954778505495e-01 +9.9999952262509084e-01 +1.1542500206156257e-05 +1.2157878185983227e-05 +1.6931263941335670e-05 +2.4662590256354758e-05 +3.3507631755651322e-05
 22.50000000 +1.0000000000000788e+00 +1.9999988386769008e+00 +1.8924073559603537e-03 +9.9986682848027719e-01 +9.9999962569243517e-01 +9.9999958445936388e-01 +9.9999954819497761e-01 +9.9999951954846955e-01 +1.3147725893527527e-05 +1.8004998928239625e-05 +2.5880262693111753e-05 +3.4918783207629787e-05 +4.2941854149086429e-05
 23.00000000 +1.0000000000000808e+00 +1.9999987876975898e+00 +1.9087562993654514e-03 +9.9982543388857903e-01 +9.9999963229236966e-01 +9.9999958737477557e-01 +9.9999954660133727e-01 +9.9999951290891920e-01 +1.9016495671399534e-05 +2.6980487995833568e-05 +3.6189909216750895e-05 +4.4443923641945067e-05 +4.9656117898684475e-05
 23.50000000 +1.0000000000000826e+00 +1.9999987355460469e+00 +1.9233717406429327e-03 +9.9978693333921087e-01 +9.9999963730791630e-01 +9.9999958734152561e-01 +9.9999954063222929e-01 +9.9999950055437370e-01 +2.7976963169686323e-05 +3.7328905891061897e-05 +4.5829325216280641e-05 +5.1342195800782371e-05 +5.2323435080212364e-05
 24.00000000 +1.0000000000000842e+00 +1.9999986819685502e+00 +1.9335292989726112e-03 +9.9975853230416023e-01 +9.9999963876519393e-01 +9.9999958251976673e-01 +9.9999952872987752e-01 +9.9999948136546424e-01 +3.8347466267593780e-05 +4.7098028267785562e-05 +5.2963850167861580e-05 +5.4311153290036252e-05 +5.0515817966153347e-05
 24.50000000 +1.0000000000000868e+00 +1.9999986267776217e+00 +1.9375142124876123e-03 +9.9974510930006288e-01 +9.9999963541070325e-01 +9.9999957198001455e-01 +9.9999951042718971e-01 +9.9999945546048463e-01 +4.8252769645052068e-05 +5.4508261883853193e-05 +5.6304804954409262e-05 +5.2886332901106836e-05 +4.4765252595634692e-05
 25.00000000 +1.0000000000000882e+00 +1.9999985698842706e+00 +1.9349010055979780e-03 +9.9974839828420803e-01 +9.9999962690963040e-01 +9.9999955585281108e-01 +9.9999948642215786e-01 +9.9999942416806076e-01 +5.5964239595838525e-05 +5.8277439293279478e-05 +5.5341134979484198e-05 +4.7507092390085434e-05 +3.6418457314177862e-05
 25.50000000 +1.0000000000000908e+00 +1.9999985113095715e+00 +1.9265651168635255e-03 +9.9976682733798994e-01 +9.9999961387841974e-01 +9.9999953528671359e-01 +9.9999945843924387e-01 +9.9999938977464342e-01 +6.0202157849803368e-05 +5.7841726748623850e-05 +5.0411676727809196e-05 +3.9396308216669323e-05 +2.7323413899676752e-05
 26.00000000 +1.0000000000000917e+00 +1.9999984511744593e+00 +1.9144389723774098e-03 +9.9979600901680898e-01 +9.9999959775103275e-01 +9.9999951222647787e-01 +9.9999942890650029e-01 +9.9999935509648263e-01 +6.0347324495468463e-05 +5.3434931508806563e-05 +4.2609463833780546e-05 +3.0284942999006132e-05 +1.9420340318512710e-05
 26.50000000 +1.0000000000000930e+00 +1.9999983896709650e+00 +1.9010749764860903e-03 +9.9982974977031502e-01 +9.9999958050794358e-01 +9.9999948905563252e-01 +9.9999940051079794e-01 +9.9999932295837124e-01 +5.6527271966967843e-05 +4.6016400162238253e-05 +3.3542709950686657e-05 +2.2043158885907878e-05 +1.4327656440055110e-05
 27.00000000 +1.0000000000000953e+00 +1.9999983270214738e+00 +1.8891126160956537e-03 +9.9986135127707432e-01 +9.9999956432015058e-01 +9.9999946817086505e-01 +9.9999937571471176e-01 +9.9999929567780665e-01 +4.9566193862920332e-05 +3.7066458494209735e-05 +2.5004300610165056e-05 +1.6296565247833570e-05 +1.3011321653512674e-05
 27.50000000 +1.0000000000000966e+00 +1.9999982634346289e+00 +1.8807602329218656e-03 +9.9988493232986653e-01 +9.9999955117354900e-01 +9.9999945156602177e-01 +9.9999935632391257e-01 +9.9999927465071625e-01 +4.0812575110335699e-05 +2.8292490478680226e-05 +1.8617647389336175e-05 +1.4106358712718595e-05 +1.5604884726751145e-05
 28.00000000 +1.0000000000000988e+00 +1.9999981990665161e+00 +1.8773925631523029e-03 +9.9989651194545670e-01 +9.9999954253981116e-01 +9.9999944049935718e-01 +9.9999934318254591e-01 +9.9999926011411222e-01 +3.1879949225251160e-05 +2.1303897566718557e-05 +1.5528856379981476e-05 +1.5776119894581770e-05 +2.1412896144297211e-05
 28.50000000 +1.0000000000001006e+00 +1.9999981339943336e+00 +1.8793361139065985e-03 +9.9989465695194435e-01 +9.9999953914890038e-01 +9.9999943530028890e-01 +9.9999933604867242e-01 +9.9999925112645915e-01 +2.4350454320100704e-05 +1.7317797620148082e-05 +1.6203446497230509e-05 +2.0819769595461911e-05 +2.9089956205147562e-05
 29.00000000 +1.0000000000001024e+00 +1.9999980682068121e+00 +1.8858728329565133e-03 +9.9988059495003923e-01 +9.9999954089809306e-01 +9.9999943534504399e-01 +9.9999933366754690e-01 +9.9999924576498200e-01 +1.9495610475173809e-05 +1.6949172532939172e-05 +2.0363156282281622e-05 +2.8090938018742999e-05 +3.6950497498266945e-05
 29.50000000 +1.0000000000001039e+00 +1.9999980016121568e+00 +1.8954474381578097e-03 +9.9985780469650787e-01 +9.9999954690682691e-01 +9.9999943919932044e-01 +9.9999933402390428e-01 +9.9999924149864217e-01 +1.8063507591294747e-05 +2.0121249496887373e-05 +2.7069595979644021e-05 +3.6041037206188593e-05 +4.3338285044728731e-05
 30.00000000 +1.0000000000001055e+00 +1.9999979340608425e+00 +1.9060244512029857e-03 +9.9983119769035811e-01 +9.9999955570081911e-01 +9.9999944489646375e-01 +9.9999933472242442e-01 +9.9999923566376525e-01 +2.0167715765816580e-05 +2.6107969177231212e-05 +3.4932540067348315e-05 +4.3048372590208400e-05 +4.6974729096896973e-05
 30.50000000 +1.0000000000001077e+00 +1.9999978653779109e+00 +1.9155149293956812e-03 +9.9980607744938432e-01 +9.9999956548726598e-01 +9.9999945029686810e-01 +9.9999933342387171e-01 +9.9999922595203494e-01 +2.5293564025749354e-05 +3.3695206833288440e-05 +4.2397218863217508e-05 +4.7748488022041714e-05 +4.7212913368314109e-05
 31.00000000 +1.0000000000001090e+00 +1.9999977953978911e+00 +1.9221844595578182e-03 +9.9978709409542077e-01 +9.9999957446916221e-01 +9.9999945346221608e-01 +9.9999932825677251e-01 +9.9999921082070753e-01 +3.2415765269829813e-05 +4.1425765725736084e-05 +4.8051438715735958e-05 +4.9298578666622237e-05 +4.4147347888504973e-05
 31.50000000 +1.0000000000001117e+00 +1.9999977239954960e+00 +1.9249636895958535e-03 +9.9977739799349585e-01 +9.9999958114293430e-01 +9.9999945297851178e-01 +9.9999931813172604e-01 +9.9999918975184754e-01 +4.0201688571244209e-05 +4.7878984320180287e-05 +5.0891985316554277e-05 +4.7525071076664163e-05 +3.8562272758225492e-05
 32.00000000 +1.0000000000001124e+00 +1.9999976511064617e+00 +1.9236073604281762e-03 +9.9977814310025637e-01 +9.9999958452965865e-01 +9.9999944817390118e-01 +9.9999930290569250e-01 +9.9999916331747207e-01 +4.7260358826003556e-05 +5.1931441731047582e-05 +5.0500299515563556e-05 +4.2929446945345502e-05 +3.1736426563809580e-05
 32.50000000 +1.0000000000001146e+00 +1.9999975767352947e+00 +1.9186815003790407e-03 +9.9978841159505827e-01 +9.9999958430458824e-01 +9.9999943919840784e-01 +9.9999928337267152e-01 +9.9999913304470556e-01 +5.2390826595076930e-05 +5.2951106287654163e-05 +4.7097278533674288e-05 +3.6557332796084529e-05 +2.5151940929691750e-05
 33.00000000 +1.0000000000001164e+00 +1.9999975009493389e+00 +1.9113937910263887e-03 +9.9980554379324493e-01 +9.9999958080930751e-01 +9.9999942695849398e-01 +9.9999926108927484e-01 +9.9999910111203871e-01 +5.4785716877403107e-05 +5.0891800997581893e-05 +4.1471940991536105e-05 +2.9763481843412961e-05 +2.0173297513308597e-05
 33.50000000 +1.0000000000001192e+00 +1.9999974238613623e+00 +1.9033119290100958e-03 +9.9982577924186244e-01 +9.9999957495197722e-01 +9.9999941292521621e-01 +9.9999923807301139e-01 +9.9999906993784826e-01 +5.4155761672417424e-05 +4.6274941065928015e-05 +3.4803496393910831e-05 +2.3924985983369969e-05 +1.7765685564108074e-05
 34.00000000 +1.0000000000001206e+00 +1.9999973456048419e+00 +1.8960335387235765e-03 +9.9984506106521021e-01 +9.9999956801980727e-01 +9.9999939885572253e-01 +9.9999921643220135e-01 +9.9999904173990728e-01 +5.0756794305695890e-05 +4.0067109403540664e-05 +2.8416218764498409e-05 +2.0163195301861102e-05 +1.8310569978854343e-05
 34.50000000 +1.0000000000001223e+00 +1.9999972663072449e+00 +1.8908759143440200e-03 +9.9985983493770647e-01 +9.9999956144121216e-01 +9.9999938648080622e-01 +9.9999919799604431e-01 +9.9999901814705672e-01 +4.5318953080877514e-05 +3.3481048309338131e-05 +2.3517774013153923e-05 +1.9130253726357546e-05 +2.1552968656480500e-05
 35.00000000 +1.0000000000001230e+00 +1.9999971860665602e+00 +1.8886446954312242e-03 +9.9986768812415106e-01 +9.9999955654094630e-01 +9.9999937721409338e-01 +9.9999918401016363e-01 +9.9999899993153296e-01 +3.8895301250638326e-05 +2.7740611989327093e-05 +2.0972487753925426e-05 +2.0900407749046905e-05 +2.6685370986290800e-05
 35.50000000 +1.0000000000001257e+00 +1.9999971049353311e+00 +1.8895204014528434e-03 +9.9986771740229263e-01 +9.9999955432959164e-01 +9.9999937193147692e-01 +9.9999917494820978e-01 +9.9999898690572708e-01 +3.2660619338678354e-05 +2.3854998492109451e-05 +2.1151792296339363e-05 +2.4983058680358181e-05 +3.2544014523032644e-05
 36.00000000 +1.0000000000001279e+00 +1.9999970229145767e+00 +1.8930754491475958e-03 +9.9986057650196758e-01 +9.9999955535982299e-01 +9.9999937085432911e-01 +9.9999917046700249e-01 +9.9999897799533477e-01 +2.7698517603380978e-05 +2.2443658589172335e-05 +2.3887051599252825e-05 +3.0449002042908715e-05 +3.7870592347125751e-05
 36.50000000 +1.0000000000001297e+00 +1.9999969399580038e+00 +1.8984075840228496e-03 +9.9984822026168529e-01 +9.9999955966823029e-01 +9.9999937355009094e-01 +9.9999916950592482e-01 +9.9999897146830419e-01 +2.4815222999573680e-05 +2.3641820797487350e-05 +2.8528843406442601e-05 +3.6138758468255228e-05 +4.1580900740555919e-05
 37.00000000 +1.0000000000001315e+00 +1.9999968559847983e+00 +1.9043539293298040e-03 +9.9983342045849533e-01 +9.9999956680560254e-01 +9.9999937904278535e-01 +9.9999917050572396e-01 +9.9999896527152055e-01 +2.4411733857429198e-05 +2.7100094323086408e-05 +3.4095909485331079e-05 +4.0906803529521279e-05 +4.2983375333165106e-05
 37.50000000 +1.0000000000001328e+00 +1.9999967708978301e+00 +1.9097370199409479e-03 +9.9981916649991454e-01 +9.9999957594364031e-01 +9.9999938600766003e-01 +9.9999917170216968e-01 +9.9999895740983846e-01 +2.6434045453524965e-05 +3.2073451397397105e-05 +3.9480434071414048e-05 +4.3850558498766720e-05 +4.1903948019366028e-05
 38.00000000 +1.0000000000001352e+00 +1.9999966846033486e+00 +1.9135920648484849e-03 +9.9980807693437423e-01 +9.9999958603434325e-01 +9.9999939301151397e-01 +9.9999917143930028e-01 +9.9999894629739949e-01 +3.0406251265223603e-05 +3.7578531267321414e-05 +4.3667091871751201e-05 +4.4478704736401645e-05 +3.8695704603293254e-05
 38.50000000 +1.0000000000001370e+00 +1.9999965970282616e+00 +1.9153327882031419e-03 +9.9980193466518741e-01 +9.9999959599163435e-01 +9.9999939875509691e-01 +9.9999916844664816e-01 +9.9999893101953186e-01 +3.5536338042918168e-05 +4.2586617533531752e-05 +4.5922843820768825e-05 +4.2788022537798143e-05 +3.4137300649593188e-05
 39.00000000 +1.0000000000001388e+00 +1.9999965081319695e+00 +1.9148290393414243e-03 +9.9980142464947186e-01 +9.9999960486381201e-01 +9.9999940227670159e-01 +9.9999916203436812e-01 +9.9999891146266895e-01 +4.0872107558878448e-05 +4.6214737292831932e-05 +4.5922385852419452e-05 +3.9238082819053101e-05 +2.9247400147405329e-05
 39.50000000 +1.0000000000001403e+00 +1.9999964179109555e+00 +1.9123891031088958e-03 +9.9980610631268130e-01 +9.9999961196971010e-01 +9.9999940308552782e-01 +9.9999915217723889e-01 +9.9999888829561001e-01 +4.5476954562856625e-05 +4.7879678006661997e-05 +4.3788484322005652e-05 +3.4634347952390683e-05 +2.5058695089102747e-05
 40.00000000 +1.0000000000001417e+00 +1.9999963263959795e+00 +1.9086590008050746e-03 +9.9981460422731394e-01 +9.9999961697990825e-01 +9.9999940120761932e-01 +9.9999913947965668e-01 +9.9999886281304506e-01 +4.8593337494736870e-05 +4.7388490051851388e-05 +4.0044025520651454e-05 +2.9948185843606568e-05 +2.2401254255066550e-05
 40.50000000 +1.0000000000001432e+00 +1.9999962336430774e+00 +1.9044662239821877e-03 +9.9982495961578000e-01 +9.9999961993501096e-01 +9.9999939714311870e-01 +9.9999912503490518e-01 +9.9999883667640188e-01 +4.9765719767719373e-05 +4.4952253883515677e-05 +3.5489860366671907e-05 +2.6113494207383576e-05 +2.1740267274396736e-05
 41.00000000 +1.0000000000001461e+00 +1.9999961397207058e+00 +1.9006436529427676e-03 +9.9983505934771388e-01 +9.9999962120399211e-01 +9.9999939174861585e-01 +9.9999911020951615e-01 +9.9999881160356641e-01 +4.8903510111436364e-05 +4.1124831959222191e-05 +3.1036096516472839e-05 +2.3842163426957791e-05 +2.3099285310642076e-05
 41.50000000 +1.0000000000001470e+00 +1.9999960446958136e+00 +1.8978698599338634e-03 +9.9984305202763768e-01 +9.9999962139494669e-01 +9.9999938606979466e-01 +9.9999909639449891e-01 +9.9999878906536321e-01 +4.6276259404927709e-05 +3.6682114182695707e-05 +2.7521940834481949e-05 +2.3494442168110570e-05 +2.6080291904405071e-05
 42.00000000 +1.0000000000001492e+00 +1.9999959486216292e+00 +1.8965552390261908e-03 +9.9984767212848313e-01 +9.9999962123704000e-01 +9.9999938115587950e-01 +9.9999908476823574e-01 +9.9999877004220816e-01 +4.2445815878491751e-05 +3.2467395872149602e-05 +2.5559419289545995e-05 +2.5027150861593081e-05 +2.9970886997325401e-05
 42.50000000 +1.0000000000001519e+00 +1.9999958515292533e+00 +1.8967914821112375e-03 +9.9984841889730358e-01 +9.9999962145504373e-01 +9.9999937788786564e-01 +9.9999907611077610e-01 +9.9999875488055789e-01 +3.8151037781528788e-05 +2.9233319689196640e-05 +2.5429666260085070e-05 +2.8025673983381699e-05 +3.3911071496873696e-05
 43.00000000 +1.0000000000001530e+00 +1.9999957534242860e+00 +1.8983677171537773e-03 +9.9984557042995681e-01 +9.9999962265687559e-01 +9.9999937684759710e-01 +9.9999907069778438e-01 +9.9999874326873717e-01 +3.4168156925850795e-05 +2.7509682392615566e-05 +2.7048665665279699e-05 +3.1808430612247741e-05 +3.7081164217403225e-05
 43.50000000 +1.0000000000001539e+00 +1.9999956542886046e+00 +1.9008432019750989e-03 +9.9984004742763732e-01 +9.9999962525029917e-01 +9.9999937824576790e-01 +9.9999906828673801e-01 +9.9999873432935582e-01 +3.1172839422023847e-05 +2.7519909278340866e-05 +3.0004938487586217e-05 +3.5578582868487637e-05 +3.8870190914781013e-05
 44.00000000 +1.0000000000001568e+00 +1.9999955540863605e+00 +1.9036564252905145e-03 +9.9983316890535012e-01 +9.9999962939863496e-01 +9.9999938191568527e-01 +9.9999906819132156e-01 +9.9999872680502766e-01 +2.9628142737916510e-05 +2.9158659153195348e-05 +3.3657651514071499e-05 +3.8589726646525333e-05 +3.8990604711737469e-05
 44.50000000 +1.0000000000001572e+00 +1.9999954527726458e+00 +1.9062454650444623e-03 +9.9982635867098646e-01 +9.9999963501817579e-01 +9.9999938736827165e-01 +9.9999906942519523e-01 +9.9999871929905004e-01 +2.9716536409207456e-05 +3.2030992670395194e-05 +3.7272670205311616e-05 +4.0291490238862408e-05 +3.7518529583980885e-05
 45.00000000 +1.0000000000001590e+00 +1.9999953503028733e+00 +1.9081549663302290e-03 +9.9982086461953323e-01 +9.9999964181328138e-01 +9.9999939389422754e-01 +9.9999907088591689e-01 +9.9999871052544798e-01 +3.1325264120367554e-05 +3.5542154830655966e-05 +4.0168134594562728e-05 +4.0427076271146697e-05 +3.4855632572759111e-05
 45.50000000 +1.0000000000001610e+00 +1.9999952466410111e+00 +1.9091104410059281e-03 +9.9981754356047003e-01 +9.9999964933972385e-01 +9.9999940069278714e-01 +9.9999907154507639e-01 +9.9999869952397347e-01 +3.4084334380691404e-05 +3.9018363468680905e-05 +4.1841048473773540e-05 +3.9066161401379819e-05 +3.1625431049908769e-05
 46.00000000 +1.0000000000001630e+00 +1.9999951417652764e+00 +1.9090491709166455e-03 +9.9981674561940492e-01 +9.9999965708370553e-01 +9.9999940700412271e-01 +9.9999907061226878e-01 +9.9999868580480722e-01 +3.7447181230540221e-05 +4.1834499530453222e-05 +4.2051795053939426e-05 +3.6570588745509630e-05 +2.8529811945314993e-05
 46.50000000 +1.0000000000001643e+00 +1.9999950356705025e+00 +1.9081067447308587e-03 +9.9981830895994972e-01 +9.9999966454299294e-01 +9.9999941222389555e-01 +9.9999906764735724e-01 +9.9999866940229942e-01 +4.0797133225062048e-05 +4.3524836758640579e-05 +4.0853032619484625e-05 +3.3503949160937477e-05 +2.6198272562361491e-05
 47.00000000 +1.0000000000001661e+00 +1.9999949283671121e+00 +1.9065670921704159e-03 +9.9982165280367419e-01 +9.9999967129791301e-01 +9.9999941598332631e-01 +9.9999906260618510e-01 +9.9999865083445905e-01 +4.3559347765819344e-05 +4.3857584538624871e-05 +3.8560974562059393e-05 +3.0506709802613779e-05 +2.5061858604237827e-05
 47.50000000 +1.0000000000001679e+00 +1.9999948198773407e+00 +1.9047901308317879e-03 +9.9982593895641092e-01 +9.9999967706287674e-01 +9.9999941818519555e-01 +9.9999905581720860e-01 +9.9999863098157959e-01 +4.5298209121614183e-05 +4.2861908561536710e-05 +3.5678255887709750e-05 +2.8164074497961307e-05 +2.5276549498834621e-05
 48.00000000 +1.0000000000001701e+00 +1.9999947102297304e+00 +1.9031338513815989e-03 +9.9983026224528571e-01 +9.9999968171310238e-01 +9.9999941899411138e-01 +9.9999904789831762e-01 +9.9999861091060560e-01 +4.5784045431298549e-05 +4.0805567754007578e-05 +3.2786289371484620e-05 +2.6893458260246649e-05 +2.6708878611136112e-05
 48.50000000 +1.0000000000001716e+00 +1.9999945994531769e+00 +1.9018867047921951e-03 +9.9983382945974542e-01 +9.9999968528543515e-01 +9.9999941878676490e-01 +9.9999903963232606e-01 +9.9999859167938732e-01 +4.5019479259690267e-05 +3.8130504865883009e-05 +3.0429698992553847e-05 +2.6872767616271558e-05 +2.8982706465487518e-05
 49.00000000 +1.0000000000001730e+00 +1.9999944875716826e+00 +1.9012221491557480e-03 +9.9983609366881365e-01 +9.9999968795605532e-01 +9.9999941807368609e-01 +9.9999903182503935e-01 +9.9999857415608928e-01 +4.3223470905019286e-05 +3.5360967293729639e-05 +2.9015444791435626e-05 +2.8021101616027192e-05 +3.1573336575632779e-05
 49.50000000 +1.0000000000001754e+00 +1.9999943746007145e+00 +1.9011813371315146e-03 +9.9983682372644378e-01 +9.9999969000083555e-01 +9.9999941740734266e-01 +9.9999902517070915e-01 +9.9999855888380096e-01 +4.0778685059474109e-05 +3.3002804827895044e-05 +2.8744925986506559e-05 +3.0032214799958365e-05 +3.3926181070572178e-05
 50.00000000 +1.0000000000001772e+00 +1.9999942605456593e+00 +1.9016835929474012e-03 +9.9983610409301804e-01 +9.9999969174587688e-01 +9.9999941729214870e-01 +9.9999902014644348e-01 +9.9999854601040550e-01 +3.8153879433457439e-05 +3.1452951949858218e-05 +2.9589795492184851e-05 +3.2450499299105969e-05 +3.5573586819773560e-05
 50.50000000 +1.0000000000001783e+00 +1.9999941454023282e+00 +1.9025588767590952e-03 +9.9983427442491279e-01 +9.9999969351625861e-01 +9.9999941811014659e-01 +9.9999901695054949e-01 +9.9999853529099492e-01 +3.5816605645607203e-05 +3.0934938718318490e-05 +3.1313115011442058e-05 +3.4771434384915173e-05 +3.6225614269629031e-05
 51.00000000 +1.0000000000001807e+00 +1.9999940291591700e+00 +1.9035928566960652e-03 +9.9983182896115819e-01 +9.9999969559032453e-01 +9.9999942007233356e-01 +9.9999901549130021e-01 +9.9999852615706453e-01 +3.4152161686587168e-05 +3.1470411855488524e-05 +3.3528687481370329e-05 +3.6544800855504452e-05 +3.5817666843861711e-05
 51.50000000 +1.0000000000001827e+00 +1.9999939118005170e+00 +1.9045739903588168e-03 +9.9982930091665012e-01 +9.9999969816521861e-01 +9.9999942320068658e-01 +9.9999901542376324e-01 +9.9999851783564087e-01 +3.3402530139391665e-05 +3.2889355420081248e-05 +3.5784596127173715e-05 +3.7459912294594694e-05 +3.4508064972613683e-05
 52.00000000 +1.0000000000001841e+00 +1.9999937933100866e+00 +1.9053330975055700e-03 +9.9982715653358756e-01 +9.9999970133721916e-01 +9.9999942734075919e-01 +9.9999901622470722e-01 +9.9999850949424440e-01 +3.3634566258043626e-05 +3.4874424044993941e-05 +3.7653329797348482e-05 +3.7397162241005774e-05 +3.2629588061782790e-05
 52.50000000 +1.0000000000001859e+00 +1.9999936736740693e+00 +1.9057687584188990e-03 +9.9982571802155829e-01 +9.9999970509799341e-01 +9.9999943220002629e-01 +9.9999901729018914e-01 +9.9999850038498439e-01 +3.4740914705950187e-05 +3.7028882232217109e-05 +3.8810862948833908e-05 +3.6438022759086925e-05 +3.0608323531330696e-05
 53.00000000 +1.0000000000001876e+00 +1.9999935528832797e+00 +1.9058556747234457e-03 +9.9982512608989649e-01 +9.9999970934564797e-01 +9.9999943740373431e-01 +9.9999901803810431e-01 +9.9999848996333418e-01 +3.6471148885841844e-05 +3.8954075474367743e-05 +3.9090429099274593e-05 +3.4834482731761030e-05 +2.8869024031361395e-05
 53.50000000 +1.0000000000001892e+00 +1.9999934309340923e+00 +1.9056369701724335e-03 +9.9982534330771033e-01 +9.9999971390760167e-01 +9.9999944255815221e-01 +9.9999901799868873e-01 +9.9999847796338404e-01 +3.8485513492084975e-05 +4.0321631588105385e-05 +3.8502587695206002e-05 +3.2946932362488619e-05 +2.7747600271878831e-05
 54.00000000 +1.0000000000001912e+00 +1.9999933078282346e+00 +1.9052044913095553e-03 +9.9982619118577887e-01 +9.9999971857103376e-01 +9.9999944731101109e-01 +9.9999901687941972e-01 +9.9999846442023888e-01 +4.0420248458651049e-05 +4.0927631738465925e-05 +3.7220228860375142e-05 +3.1165134684869401e-05 +2.7428389732701971e-05
 54.50000000 +1.0000000000001930e+00 +1.9999931835716274e+00 +1.9046729618223150e-03 +9.9982740821406257e-01 +9.9999972311607821e-01 +9.9999945140026969e-01 +9.9999901459606522e-01 +9.9999844963995210e-01 +4.1952255917553670e-05 +4.0720222016930376e-05 +3.5533948196292195e-05 +2.9829219089336241e-05 +2.7917389316102387e-05
 55.00000000 +1.0000000000001950e+00 +1.9999930581726755e+00 +1.9041541629175487e-03 +9.9982871389064032e-01 +9.9999972734706566e-01 +9.9999945468502172e-01 +9.9999901126783342e-01 +9.9999843412628109e-01 +4.2851894281030657e-05 +3.9797617971202041e-05 +3.3788470019328866e-05 +2.9166372273570116e-05 +2.9054329587490939e-05
 55.50000000 +1.0000000000001970e+00 +1.9999929316404086e+00 +1.9037363050754816e-03 +9.9982986499093596e-01 +9.9999973111775098e-01 +9.9999945715553928e-01 +9.9999900718049461e-01 +9.9999841848009052e-01 +4.3015598200027877e-05 +3.8379085109777285e-05 +3.2313609851143699e-05 +2.9254605575407374e-05 +3.0558177436931204e-05
 56.00000000 +1.0000000000001987e+00 +1.9999928039828878e+00 +1.9034718332628614e-03 +9.9983069418934833e-01 +9.9999973434767864e-01 +9.9999945892289999e-01 +9.9999900272616449e-01 +9.9999840329056300e-01 +4.2474174445217149e-05 +3.6756212084146698e-05 +3.1363288867703918e-05 +3.0018733102799738e-05 +3.2094115839171088e-05
 56.50000000 +1.0000000000002003e+00 +1.9999926752060817e+00 +1.9033746135490460e-03 +9.9983112644677274e-01 +9.9999973702820832e-01 +9.9999946019158636e-01 +9.9999899833137507e-01 +9.9999838903716065e-01 +4.1377187234778450e-05 +3.5234828447479693e-05 +3.1073551634452051e-05 +3.1256900319370150e-05 +3.3346498261931960e-05
 57.00000000 +1.0000000000002021e+00 +1.9999925453133509e+00 +1.9034253296147316e-03 +9.9983117397540733e-01 +9.9999973921822782e-01 +9.9999946122068606e-01 +9.9999899438590634e-01 +9.9999837601790076e-01 +3.9957987816866537e-05 +3.4078828236956701e-05 +3.1446082191275226e-05 +3.2690059565871455e-05 +3.4082225070864259e-05
 57.50000000 +1.0000000000002045e+00 +1.9999924143055221e+00 +1.9035824004854914e-03 +9.9983091492121590e-01 +9.9999974103096734e-01 +9.9999946228046432e-01 +9.9999899118361435e-01 +9.9999836431375633e-01 +3.8486966569915845e-05 +3.3465941230039850e-05 +3.2358362120042276e-05 +3.4022820440786293e-05 +3.4192180642755915e-05
 58.00000000 +1.0000000000002058e+00 +1.9999922821813834e+00 +1.9037950491456511e-03 +9.9983046340267645e-01 +9.9999974261439351e-01 +9.9999946361117042e-01 +9.9999898888358074e-01 +9.9999835379213431e-01 +3.7222067110725767e-05 +3.3462534813370679e-05 +3.3596461774706067e-05 +3.5002748815938640e-05 +3.3703884559299993e-05
 58.50000000 +1.0000000000002072e+00 +1.9999921489384334e+00 +1.9040153206841296e-03 +9.9982993896245131e-01 +9.9999974412837289e-01 +9.9999946538998274e-01 +9.9999898749597249e-01 +9.9999834414554944e-01 +3.6365366794318336e-05 +3.4020509810670401e-05 +3.4902472671949411e-05 +3.5466514058361873e-05 +3.2765015372536003e-05
 59.00000000 +1.0000000000002089e+00 +1.9999920145736694e+00 +1.9042066931960980e-03 +9.9982944207082070e-01 +9.9999974572198125e-01 +9.9999946771025860e-01 +9.9999898689265831e-01 +9.9999833495609647e-01 +3.6032772030601723e-05 +3.4995093647169974e-05 +3.6026444393850945e-05 +3.5364813083921849e-05 +3.1603526074170753e-05
 59.50000000 +1.0000000000002107e+00 +1.9999918790842404e+00 +1.9043481456099071e-03 +9.9982903968034564e-01 +9.9999974751409659e-01 +9.9999947057510707e-01 +9.9999898683875577e-01 +9.9999832577279879e-01 +3.6241029464205938e-05 +3.6178633064096667e-05 +3.6772646523229470e-05 +3.4762852146091053e-05 +3.0474458751980383e-05
 60.00000000 +1.0000000000002125e+00 +1.9999917424679168e+00 +1.9044338055380625e-03 +9.9982876176418012e-01 +9.9999974957974036e-01 +9.9999947390497801e-01 +9.9999898703830470e-01 +9.9999831618790902e-01 +3.6912902396323269e-05 +3.7342978610801589e-05 +3.7031874261939812e-05 +3.3818268460886382e-05 +2.9605502220087998e-05
 60.50000000 +1.0000000000002154e+00 +1.9999916047232782e+00 +1.9044693017946346e-03 +9.9982860704556331e-01 +9.9999975194365298e-01 +9.9999947755695273e-01 +9.9999898718564006e-01 +9.9999830589960248e-01 +3.7898134227729878e-05 +3.8282096818902807e-05 +3.6794835672992022e-05 +3.2742686693599477e-05 +2.9152616250927625e-05
 61.00000000 +1.0000000000002165e+00 +1.9999914658497300e+00 +1.9044664993566303e-03 +9.9982855431775264e-01 +9.9999975458147261e-01 +9.9999948135184946e-01 +9.9999898701389422e-01 +9.9999829475186708e-01 +3.9005272436934371e-05 +3.8847191102194205e-05 +3.6145649345961292e-05 +3.1755835014419958e-05 +2.9174036346771613e-05
 61.50000000 +1.0000000000002180e+00 +1.9999913258473596e+00 +1.9044383418373378e-03 +9.9982857513729684e-01 +9.9999975742779967e-01 +9.9999948510446979e-01 +9.9999898633327133e-01 +9.9999828274699210e-01 +4.0037947853310539e-05 +3.8968609175977528e-05 +3.5238327209760640e-05 +3.1041878683382487e-05 +2.9626488337423180e-05
 62.00000000 +1.0000000000002192e+00 +1.9999911847167584e+00 +1.9043951387338587e-03 +9.9982864420350304e-01 +9.9999976038945015e-01 +9.9999948865220079e-01 +9.9999898505396612e-01 +9.9999827003095210e-01 +4.0828964664710867e-05 +3.8661686253448207e-05 +3.4262097125601769e-05 +3.0716385791811659e-05 +3.0382537189187489e-05
 62.50000000 +1.0000000000002214e+00 +1.9999910424588558e+00 +1.9043429763349470e-03 +9.9982874510201369e-01 +9.9999976336162322e-01 +9.9999949187783888e-01 +9.9999898319148639e-01 +9.9999825685649846e-01 +4.1266494794848561e-05 +3.8016822159103083e-05 +3.3403038559595138e-05 +3.0809532653510155e-05 +3.1263723479327122e-05
 63.00000000 +1.0000000000002227e+00 +1.9999908990748121e+00 +1.9042842087022619e-03 +9.9982887082274574e-01 +9.9999976624439801e-01 +9.9999949472371341e-01 +9.9999898085507399e-01 +9.9999824353196054e-01 +4.1308522640483082e-05 +3.7176919016552398e-05 +3.2809568696538893e-05 +3.1267475456683495e-05 +3.2081337411554012e-05
 63.50000000 +1.0000000000002252e+00 +1.9999907545659510e+00 +1.9042193919200476e-03 +9.9982902007022911e-01 +9.9999976895714693e-01 +9.9999949719571457e-01 +9.9999897822251371e-01 +9.9999823036544544e-01 +4.0984051321956389e-05 +3.6307325909827862e-05 +3.2567945811269726e-05 +3.1970065894537521e-05 +3.2675801138415015e-05
 64.00000000 +1.0000000000002263e+00 +1.9999906089337713e+00 +1.9041496960127699e-03 +9.9982919147235438e-01 +9.9999977144890029e-01 +9.9999949935744481e-01 +9.9999897550644412e-01 +9.9999821761398211e-01 +4.0382002654369455e-05 +3.5564349182434337e-05 +3.2691535170746249e-05 +3.2760021977187768e-05 +3.2946693020983047e-05
 64.50000000 +1.0000000000002285e+00 +1.9999904621799178e+00 +1.9040788158589763e-03 +9.9982937814720330e-01 +9.9999977370348569e-01 +9.9999950131621929e-01 +9.9999897291820794e-01 +9.9999820544553197e-01 +3.9630792663738424e-05 +3.5068121326290198e-05 +3.3124661276331121e-05 +3.3476830884670571e-05 +3.2868064342626853e-05
 65.00000000 +1.0000000000002303e+00 +1.9999903143061319e+00 +1.9040136699979308e-03 +9.9982956470308704e-01 +9.9999977573907006e-01 +9.9999950320366660e-01 +9.9999897063508691e-01 +9.9999819391891920e-01 +3.8872917483739268e-05 +3.4884328567569636e-05 +3.3759047423059532e-05 +3.3988315292253901e-05 +3.2487192554241583e-05
 65.50000000 +1.0000000000002320e+00 +1.9999901653141512e+00 +1.9039636215627776e-03 +9.9982972780849122e-01 +9.9999977760267367e-01 +9.9999950515433622e-01 +9.9999896877577776e-01 +9.9999818298338683e-01 +3.8239366078066933e-05 +3.5017302480634256e-05 +3.4458646731072383e-05 +3.4213876099908379e-05 +3.1908485104811471e-05
 66.00000000 +1.0000000000002338e+00 +1.9999900152055610e+00 +1.9039384409736096e-03 +9.9982984028196542e-01 +9.9999977936086304e-01 +9.9999950728569786e-01 +9.9999896738722094e-01 +9.9999817249608447e-01 +3.7828279482103162e-05 +3.5414708891198418e-05 +3.5087459638077895e-05 +3.4135592631112510e-05 +3.1267148695602791e-05
 66.50000000 +1.0000000000002358e+00 +1.9999898639816038e+00 +1.9039456208538379e-03 +9.9982987755688690e-01 +9.9999978108834808e-01 +9.9999950968245255e-01 +9.9999896644385589e-01 +9.9999816225303928e-01 +3.7691148364196405e-05 +3.5981955467956165e-05 +3.5534852830517959e-05 +3.3796090071191973e-05 +3.0698929863072964e-05
 67.00000000 +1.0000000000002367e+00 +1.9999897116430283e+00 +1.9039878516373069e-03 +9.9982982465814474e-01 +9.9999978285636881e-01 +9.9999951238716989e-01 +9.9999896585833858e-01 +9.9999815202733555e-01 +3.7828243470479235e-05 +3.6602856904332166e-05 +3.5733857730151470e-05 +3.3284782826738364e-05 +3.0312472895811449e-05
 67.50000000 +1.0000000000002396e+00 +1.9999895581899942e+00 +1.9040614308339480e-03 +9.9982968165356223e-01 +9.9999978472262263e-01 +9.9999951539813603e-01 +9.9999896550104117e-01 +9.9999814160764422e-01 +3.8193227106724179e-05 +3.7162282900451479e-05 +3.5669656316274176e-05 +3.2716240344662937e-05 +3.0169711522644838e-05
 68.00000000 +1.0000000000002407e+00 +1.9999894036220682e+00 +1.9041561320382546e-03 +9.9982946592803945e-01 +9.9999978672408008e-01 +9.9999951867410564e-01 +9.9999896522448584e-01 +9.9999813083078126e-01 +3.8705315371062865e-05 +3.7566546983444547e-05 +3.5377561048550639e-05 +3.2205627010700841e-05 +3.0277569297221776e-05
 68.50000000 +1.0000000000002425e+00 +1.9999892479383437e+00 +1.9042566759099845e-03 +9.9982921044672757e-01 +9.9999978887351892e-01 +9.9999952214464505e-01 +9.9999896488847262e-01 +9.9999811960355856e-01 +3.9266209235697182e-05 +3.7758090101564312e-05 +3.4931832914081261e-05 +3.1846287290618547e-05 +3.0591624748242410e-05
 69.00000000 +1.0000000000002440e+00 +1.9999890911376568e+00 +1.9043455289457659e-03 +9.9982895819785256e-01 +9.9999979115989790e-01 +9.9999952572396034e-01 +9.9999896438185298e-01 +9.9999810791131749e-01 +3.9778448395168215e-05 +3.7722357332448965e-05 +3.4428277508405446e-05 +3.1693657741383517e-05 +3.1029885362695041e-05
 69.50000000 +1.0000000000002458e+00 +1.9999889332188721e+00 +1.9044064135783989e-03 +9.9982875397112925e-01 +9.9999979355215751e-01 +9.9999952932579472e-01 +9.9999896363784502e-01 +9.9999809581299470e-01 +4.0161908419930449e-05 +3.7486364577227335e-05 +3.3964452868670294e-05 +3.1758058167072521e-05 +3.1492917275362765e-05
 70.00000000 +1.0000000000002476e+00 +1.9999887741811717e+00 +1.9044277278096576e-03 +9.9982863529713928e-01 +9.9999979600551303e-01 +9.9999953287697974e-01 +9.9999896264102939e-01 +9.9999808342473384e-01 +4.0365788646831804e-05 +3.7109991701168857e-05 +3.3621411276375609e-05 +3.2006935624063466e-05 +3.1885628594290413e-05
 70.50000000 +1.0000000000002489e+00 +1.9999886140243148e+00 +1.9044050846751929e-03 +9.9982862459332222e-01 +9.9999979846904252e-01 +9.9999953632768501e-01 +9.9999896142566536e-01 +9.9999807089576020e-01 +4.0374463992231982e-05 +3.6672246291998098e-05 +3.3450239532913212e-05 +3.2375230177306469e-05 +3.2136109775960679e-05
 71.00000000 +1.0000000000002511e+00 +1.9999884527487699e+00 +1.9043423823789764e-03 +9.9982872429470837e-01 +9.9999980089329399e-01 +9.9999953965707389e-01 +9.9999896006636302e-01 +9.9999805838114553e-01 +4.0206782977401604e-05 +3.6255431164392503e-05 +3.3465453129086505e-05 +3.2781068640852567e-05 +3.2207972759422809e-05
 71.50000000 +1.0000000000002529e+00 +1.9999882903557407e+00 +1.9042511515483607e-03 +9.9982891607038671e-01 +9.9999980323677451e-01 +9.9999954287391113e-01 +9.9999895866325939e-01 +9.9999804601616638e-01 +3.9909559861783317e-05 +3.5930243965470313e-05 +3.3645819934455971e-05 +3.3143217883230918e-05 +3.2104299121863044e-05
 72.00000000 +1.0000000000002545e+00 +1.9999881268470383e+00 +1.9041483140900314e-03 +9.9982916431024105e-01 +9.9999980547048128e-01 +9.9999954601251340e-01 +9.9999895732453647e-01 +9.9999803389627751e-01 +3.9546933362012689e-05 +3.5744378572074766e-05 +3.3941743470292857e-05 +3.3396729031516630e-05 +3.1863202787784377e-05
 72.50000000 +1.0000000000002567e+00 +1.9999879622248529e+00 +1.9040528375287840e-03 +9.9982942312804302e-01 +9.9999980758002893e-01 +9.9999954912510280e-01 +9.9999895614928325e-01 +9.9999802206542487e-01 +3.9187811398820342e-05 +3.5716321755299421e-05 +3.4287193521457166e-05 +3.3503903231768412e-05 +3.1546723492842065e-05
 73.00000000 +1.0000000000002578e+00 +1.9999877964914479e+00 +1.9039820015150826e-03 +9.9982964537902830e-01 +9.9999980956533496e-01 +9.9999955227209925e-01 +9.9999895521337578e-01 +9.9999801051382398e-01 +3.8893732880834262e-05 +3.5834943506923133e-05 +3.4613518342971615e-05 +3.3458902928950335e-05 +3.1225959967103625e-05
 73.50000000 +1.0000000000002596e+00 +1.9999876296488526e+00 +1.9039480615535651e-03 +9.9982979179180098e-01 +9.9999981143822736e-01 +9.9999955551207675e-01 +9.9999895456034138e-01 +9.9999799918468202e-01 +3.8709177097578489e-05 +3.6064384322563688e-05 +3.4862383099656767e-05 +3.3285737037171357e-05 +3.0965832613262623e-05
 74.00000000 +1.0000000000002613e+00 +1.9999874616985960e+00 +1.9039559903243533e-03 +9.9982983833956651e-01 +9.9999981321856535e-01 +9.9999955889295233e-01 +9.9999895419817952e-01 +9.9999798798793438e-01 +3.8655731361844995e-05 +3.6352844908931705e-05 +3.4995514680249272e-05 +3.3030667262214558e-05 +3.0812605895865675e-05
 74.50000000 +1.0000000000002633e+00 +1.9999872926415565e+00 +1.9040027295217892e-03 +9.9982978040073134e-01 +9.9999981492965961e-01 +9.9999956244568677e-01 +9.9999895410210371e-01 +9.9999797681811220e-01 +3.8730726800657036e-05 +3.6643325301061412e-05 +3.4999759667403359e-05 +3.2751065845435446e-05 +3.0786427408739870e-05
 75.00000000 +1.0000000000002653e+00 +1.9999871224779302e+00 +1.9040780550676636e-03 +9.9982963297414018e-01 +9.9999981659374693e-01 +9.9999956618119579e-01 +9.9999895422220120e-01 +9.9999796557304754e-01 +3.8910126796431697e-05 +3.6884207835306976e-05 +3.4886985662937708e-05 +3.2503242855209687e-05 +3.0879893845100482e-05
 75.50000000 +1.0000000000002676e+00 +1.9999869512073158e+00 +1.9041668208222154e-03 +9.9982942705305833e-01 +9.9999981822818929e-01 +9.9999957009063156e-01 +9.9999895449433063e-01 +9.9999795417030524e-01 +3.9154747261014959e-05 +3.7037818444618703e-05 +3.4689364445149900e-05 +3.2331708001170934e-05 +3.1062326670704290e-05
 76.00000000 +1.0000000000002691e+00 +1.9999867788289394e+00 +1.9042520729628430e-03 +9.9982920304043144e-01 +9.9999981984285158e-01 +9.9999957414863316e-01 +9.9999895485221013e-01 +9.9999794255888064e-01 +3.9418412024093230e-05 +3.7085650464922080e-05 +3.4451380923599541e-05 +3.2261802937945294e-05 +3.1288311987980131e-05
 76.50000000 +1.0000000000002711e+00 +1.9999866053419029e+00 +1.9043183733818071e-03 +9.9982900264564922e-01 +9.9999982143889621e-01 +9.9999957831872122e-01 +9.9999895523866111e-01 +9.9999793072472554e-01 +3.9656458698465260e-05 +3.7029664285391838e-05 +3.4220384161026023e-05 +3.2296787192990802e-05 +3.1508340364006067e-05
 77.00000000 +1.0000000000002724e+00 +1.9999864307454689e+00 +1.9043546614684046e-03 +9.9982886093588408e-01 +9.9999982300896173e-01 +9.9999958255975530e-01 +9.9999895561428365e-01 +9.9999791868978005e-01 +3.9833113271358984e-05 +3.6889835458327938e-05 +3.4037581474817121e-05 +3.2419484269153521e-05 +3.1679178224538981e-05
 77.50000000 +1.0000000000002747e+00 +1.9999862550392911e+00 +1.9043561129117158e-03 +9.9982880009384290e-01 +9.9999982453852232e-01 +9.9999958683234413e-01 +9.9999895596244059e-01 +9.9999790650530795e-01 +3.9926597691303463e-05 +3.6698773967605432e-05 +3.3931097892790131e-05 +3.2597697895754445e-05 +3.1771901467964713e-05
 78.00000000 +1.0000000000002767e+00 +1.9999860782235555e+00 +1.9043246864263485e-03 +9.9982882600500778e-01 +9.9999982600806570e-01 +9.9999959110419800e-01 +9.9999895629010249e-01 +9.9999789424114593e-01 +3.9931339191931738e-05 +3.6494672993877206e-05 +3.3912170897003651e-05 +3.2791958785647981e-05 +3.1776210993963141e-05
 78.50000000 +1.0000000000002782e+00 +1.9999859002990237e+00 +1.9042683300832931e-03 +9.9982892816861069e-01 +9.9999982739566518e-01 +9.9999959535372518e-01 +9.9999895662484284e-01 +9.9999788197303019e-01 +3.9857209841473938e-05 +3.6314011016156403e-05 +3.3974856326567256e-05 +3.2963860733157725e-05 +3.1700547598466265e-05
 79.00000000 +1.0000000000002791e+00 +1.9999857212669696e+00 +1.9041990873684071e-03 +9.9982908273903048e-01 +9.9999982867954063e-01 +9.9999959957150275e-01 +9.9999895700882935e-01 +9.9999786977023042e-01 +3.9726237950390171e-05 +3.6185325170692639e-05 +3.4098930170422014e-05 +3.3083313783398877e-05 +3.1568425188228010e-05
 79.50000000 +1.0000000000002802e+00 +1.9999855411290095e+00 +1.9041305451895020e-03 +9.9982925790150445e-01 +9.9999982984025315e-01 +9.9999960375965247e-01 +9.9999895749108414e-01 +9.9999785768547633e-01 +3.9567616408327832e-05 +3.6125044073869951e-05 +3.4255111597282654e-05 +3.3133428952604762e-05 +3.1412122400005316e-05
 80.00000000 +1.0000000000002842e+00 +1.9999853598869120e+00 +1.9040751654073847e-03 +9.9982942038372258e-01 +9.9999983086229471e-01 +9.9999960792946663e-01 +9.9999895811942441e-01 +9.9999784574858963e-01 +3.9412034802605372e-05 +3.6135897565912889e-05 +3.4411395403995116e-05 +3.3112344393003472e-05 +3.1265285755464016e-05
 80.50000000 +1.0000000000002853e+00 +1.9999851775423554e+00 +1.9040420254800990e-03 +9.9982954176912664e-01 +9.9999983173495377e-01 +9.9999961209785526e-01 +9.9999895893338864e-01 +9.9999783396446995e-01 +3.9286367139558484e-05 +3.6207908282117765e-05 +3.4539206290397561e-05 +3.3031968633541306e-05 +3.1156051286380881e-05
 81.00000000 +1.0000000000002869e+00 +1.9999849940967693e+00 +1.9040353744236792e-03 +9.9982960341573868e-01 +9.9999983245247182e-01 +9.9999961628334233e-01 +9.9999895995920451e-01 +9.9999782231536305e-01 +3.9209575458143814e-05 +3.6321511682813037e-05 +3.4618259019307914e-05 +3.2914215361430102e-05 +3.1102013791445804e-05
 81.50000000 +1.0000000000002889e+00 +1.9999848095511719e+00 +1.9040542195485394e-03 +9.9982959914702718e-01 +9.9999983301355833e-01 +9.9999962050225788e-01 +9.9999896120735421e-01 +9.9999781076656968e-01 +3.9190390035183312e-05 +3.6452023137906531e-05 +3.4639368841593971e-05 +3.2785726806870377e-05 +3.1107855855841003e-05
 82.00000000 +1.0000000000002902e+00 +1.9999846239061729e+00 +1.9040929412449340e-03 +9.9982953537886166e-01 +9.9999983342045062e-01 +9.9999962476571302e-01 +9.9999896267287081e-01 +9.9999779927434052e-01 +3.9226964401482867e-05 +3.6574517244148004e-05 +3.4604917911192472e-05 +3.2672266110189353e-05 +3.1165823547638420e-05
 82.50000000 +1.0000000000002924e+00 +1.9999844371619773e+00 +1.9041427332793844e-03 +9.9982942886911563e-01 +9.9999983367771761e-01 +9.9999962907773610e-01 +9.9999896433802071e-01 +9.9999778779445003e-01 +3.9308346854723509e-05 +3.6668214015451677e-05 +3.4527148837421144e-05 +3.2593893620753260e-05 +3.1258641092861433e-05
 83.00000000 +1.0000000000002938e+00 +1.9999842493185187e+00 +1.9041935228494443e-03 +9.9982930271869908e-01 +9.9999983379097845e-01 +9.9999963343469145e-01 +9.9999896617667705e-01 +9.9999777628996567e-01 +3.9417319817178849e-05 +3.6719653558374214e-05 +3.4424838971735069e-05 +3.2561767979862852e-05 +3.1364010130763300e-05
 83.50000000 +1.0000000000002958e+00 +1.9999840603755987e+00 +1.9042359615636323e-03 +9.9982918153462474e-01 +9.9999983376573554e-01 +9.9999963782593293e-01 +9.9999896815950728e-01 +9.9999776473704671e-01 +3.9533976484193109e-05 +3.6724234592681499e-05 +3.4319146563908336e-05 +3.2577006389252500e-05 +3.1459614602195388e-05
 84.00000000 +1.0000000000002982e+00 +1.9999838703330544e+00 +1.9042631009708131e-03 +9.9982908674582438e-01 +9.9999983360643208e-01 +9.9999964223540605e-01 +9.9999897025904783e-01 +9.9999775312801709e-01 +3.9639349710442216e-05 +3.6686028524333504e-05 +3.4229484527278712e-05 +3.2631593269698748e-05 +3.1527570731285676e-05
 84.50000000 +1.0000000000002995e+00 +1.9999836791909016e+00 +1.9042714620966532e-03 +9.9982903294347536e-01 +9.9999983331582287e-01 +9.9999964664384644e-01 +9.9999897245386915e-01 +9.9999774147150255e-01 +3.9718476020070720e-05 +3.6616095114698774e-05 +3.4170176574929022e-05 +3.2710933253650409e-05 +3.1557492017776425e-05
 85.00000000 +1.0000000000003011e+00 +1.9999834869494235e+00 +1.9042613520071927e-03 +9.9982902584115774e-01 +9.9999983289468963e-01 +9.9999965103115696e-01 +9.9999897473126742e-01 +9.9999772978991353e-01 +3.9762442648215333e-05 +3.6529764697877532e-05 +3.4148421302529117e-05 +3.2797373516251136e-05 +3.1547711154974469e-05
 85.50000000 +1.0000000000003031e+00 +1.9999832936092234e+00 +1.9042364390051533e-03 +9.9982906208494771e-01 +9.9999983234188050e-01 +9.9999965537857316e-01 +9.9999897708821528e-01 +9.9999771811495997e-01 +3.9769188536286408e-05 +3.6443481455229928e-05 +3.4163789419691588e-05 +3.2873910477660674e-05 +3.1504623050349190e-05
 86.00000000 +1.0000000000003042e+00 +1.9999830991711856e+00 +1.9042027391369570e-03 +9.9982913076926905e-01 +9.9999983165462947e-01 +9.9999965967032212e-01 +9.9999897953062367e-01 +9.9999770648213626e-01 +3.9743066656870780e-05 +3.6371811892224093e-05 +3.4209171555461383e-05 +3.2927349885365409e-05 +3.1440494550899450e-05
 86.50000000 +1.0000000000003062e+00 +1.9999829036364205e+00 +1.9041672643605597e-03 +9.9982921620442344e-01 +9.9999983082909383e-01 +9.9999966389460471e-01 +9.9999898207122806e-01 +9.9999769492519619e-01 +3.9693383180009838e-05 +3.6325124382846798e-05 +3.4272836756102375e-05 +3.2950378012945810e-05 +3.1370354652706304e-05
 87.00000000 +1.0000000000003080e+00 +1.9999827070061513e+00 +1.9041366222527208e-03 +9.9982930128986824e-01 +9.9999982986100566e-01 +9.9999966804384177e-01 +9.9999898472659243e-01 +9.9999768347149209e-01 +3.9632276687614710e-05 +3.6308269293376144e-05 +3.4341096795105875e-05 +3.2942273202373645e-05 +3.1308692761813307e-05
 87.50000000 +1.0000000000003106e+00 +1.9999825092815959e+00 +1.9041158367192521e-03 +9.9982937079874346e-01 +9.9999982874636717e-01 +9.9999967211426199e-01 +9.9999898751382088e-01 +9.9999767213886948e-01 +3.9572369795647174e-05 +3.6320375058787919e-05 +3.4401018586736057e-05 +3.2908279197591408e-05 +3.1266646850323490e-05
 88.00000000 +1.0000000000003124e+00 +1.9999823104638894e+00 +1.9041075889769301e-03 +9.9982941396819858e-01 +9.9999982748209870e-01 +9.9999967610499985e-01 +9.9999899044753338e-01 +9.9999766093442899e-01 +3.9524613545224706e-05 +3.6355665990261441e-05 +3.4442683067124557e-05 +3.2857915823149217e-05 +3.1250185876218816e-05
 88.50000000 +1.0000000000003131e+00 +1.9999821105539894e+00 +1.9041119769643393e-03 +9.9982942598541724e-01 +9.9999982606657578e-01 +9.9999968001690265e-01 +9.9999899353755339e-01 +9.9999764985516981e-01 +3.9496663294715088e-05 +3.6405039119398037e-05 +3.4460630791840865e-05 +3.2802673962879939e-05 +3.1259532776593202e-05
 89.00000000 +1.0000000000003146e+00 +1.9999819095526516e+00 +1.9041267822174218e-03 +9.9982940821166499e-01 +9.9999982450000435e-01 +9.9999968385128724e-01 +9.9999899678760718e-01 +9.9999763889018112e-01 +3.9491995608069463e-05 +3.6458035013461615e-05 +3.4454325908309223e-05 +3.2753607144319327e-05 +3.1289797155231715e-05
 89.50000000 +1.0000000000003171e+00 +1.9999817074604409e+00 +1.9041481381096312e-03 +9.9982936724168070e-01 +9.9999982278459021e-01 +9.9999968760882452e-01 +9.9999900019508747e-01 +9.9999762802385539e-01 +3.9509826313763240e-05 +3.6504811523492253e-05 +3.4427669914403838e-05 +3.2719291260428207e-05 +3.1332548534557041e-05
 90.00000000 +1.0000000000003186e+00 +1.9999815042777724e+00 +1.9041714290577714e-03 +9.9982931310405121e-01 +9.9999982092451889e-01 +9.9999969128872335e-01 +9.9999900375181994e-01 +9.9999761723949565e-01 +3.9545748176512967e-05 +3.6537775375306075e-05 +3.4387766870650072e-05 +3.2704497513319378e-05 +3.1377905048123198e-05
 90.50000000 +1.0000000000003200e+00 +1.9999813000049738e+00 +1.9041922257987541e-03 +9.9982925703508141e-01 +9.9999981892575041e-01 +9.9999969488827112e-01 +9.9999900744557713e-01 +9.9999760652266600e-01 +3.9592895562722901e-05 +3.6552627686432648e-05 +3.4343254623294074e-05 +3.2709746111694632e-05 +3.1416660270214126e-05
 91.00000000 +1.0000000000003215e+00 +1.9999810946423657e+00 +1.9042070773581364e-03 +9.9982920928917185e-01 +9.9999981679565897e-01 +9.9999969840276226e-01 +9.9999901126199398e-01 +9.9999759586377579e-01 +3.9643378196272429e-05 +3.6548711410110498e-05 +3.4302558199367342e-05 +3.2731719886151499e-05 +3.1442020553124017e-05
 91.50000000 +1.0000000000003233e+00 +1.9999808881903287e+00 +1.9042140282689054e-03 +9.9982917738802646e-01 +9.9999981454258224e-01 +9.9999970182575326e-01 +9.9999901518655043e-01 +9.9999758525956595e-01 +3.9689712109749937e-05 +3.6528684395644405e-05 +3.4272392785181828e-05 +3.2764355328642032e-05 +3.1450654519587711e-05
 92.00000000 +1.0000000000003257e+00 +1.9999806806493448e+00 +1.9042127969596835e-03 +9.9982916508138331e-01 +9.9999981217532952e-01 +9.9999970514956904e-01 +9.9999901920628742e-01 +9.9999757471337536e-01 +3.9726009345208667e-05 +3.6497656836973185e-05 +3.4256758410510424e-05 +3.2800321443387876e-05 +3.1442929648270570e-05
 92.50000000 +1.0000000000003277e+00 +1.9999804720200280e+00 +1.9042046227818962e-03 +9.9982917212622358e-01 +9.9999980970271829e-01 +9.9999970836594287e-01 +9.9999902331102430e-01 +9.9999756423428854e-01 +3.9748757422916399e-05 +3.6462008593234195e-05 +3.4256549201301277e-05 +3.2832558147291718e-05 +3.1422388076228899e-05
 93.00000000 +1.0000000000003291e+00 +1.9999802623031320e+00 +1.9041918506578280e-03 +9.9982919482547672e-01 +9.9999980713319159e-01 +9.9999971146668731e-01 +9.9999902749395397e-01 +9.9999755383543720e-01 +3.9757108948081384e-05 +3.6428131396164447e-05 +3.4269772909266300e-05 +3.2855574817074076e-05 +3.1394658827942056e-05
 93.50000000 +1.0000000000003306e+00 +1.9999800514995116e+00 +1.9041773632362171e-03 +9.9982922713265288e-01 +9.9999980447455616e-01 +9.9999971444428737e-01 +9.9999903175160776e-01 +9.9999754353182246e-01 +3.9752693452283316e-05 +3.6401323915755315e-05 +3.4292265702250603e-05 +3.2866292110194838e-05 +3.1366091546631709e-05
 94.00000000 +1.0000000000003324e+00 +1.9999798396100898e+00 +1.9041639854420517e-03 +9.9982926204733769e-01 +9.9999980173386349e-01 +9.9999971729235326e-01 +9.9999903608326424e-01 +9.9999753333807417e-01 +3.9739041918612800e-05 +3.6385012790536389e-05 +3.4318711197886037e-05 +3.2864323934218265e-05 +3.1342416928365868e-05
 94.50000000 +1.0000000000003344e+00 +1.9999796266358123e+00 +1.9041539757575845e-03 +9.9982929300691892e-01 +9.9999979891743940e-01 +9.9999972000589177e-01 +9.9999904048999921e-01 +9.9999752326651825e-01 +3.9720767884934532e-05 +3.6380394380512196e-05 +3.4343741073290170e-05 +3.2851715737749085e-05 +3.1327695827477329e-05
 95.00000000 +1.0000000000003357e+00 +1.9999794125776065e+00 +1.9041486877064780e-03 +9.9982931501820960e-01 +9.9999979603104172e-01 +9.9999972258139069e-01 +9.9999904497355441e-01 +9.9999751332582154e-01 +3.9702671673612834e-05 +3.6386506858674688e-05 +3.4362907551954670e-05 +3.2832256614193172e-05 +3.1323728962885556e-05
 95.50000000 +1.0000000000003382e+00 +1.9999791974363395e+00 +1.9041484423142985e-03 +9.9982932535413094e-01 +9.9999979308011067e-01 +9.9999972501673706e-01 +9.9999904953524055e-01 +9.9999750352037220e-01 +3.9688926211441246e-05 +3.6400666115443251e-05 +3.4373367683843141e-05 +3.2810548918445040e-05 +3.1329986170144967e-05
 96.00000000 +1.0000000000003393e+00 +1.9999789812128026e+00 +1.9041526074556928e-03 +9.9982932374433509e-01 +9.9999979007006401e-01 +9.9999972731099973e-01 +9.9999905417503754e-01 +9.9999749385039394e-01 +3.9682469314001300e-05 +3.6419144029267603e-05 +3.4374191894175998e-05 +3.2791041961831957e-05 +3.1344003667669965e-05
 96.50000000 +1.0000000000003415e+00 +1.9999787639077231e+00 +1.9041598418026171e-03 +9.9982931209210213e-01 +9.9999978700659409e-01 +9.9999972946415228e-01 +9.9999905889102114e-01 +9.9999748431269675e-01 +3.9684677086539384e-05 +3.6437940895215198e-05 +3.4366288599076497e-05 +3.2777216991701484e-05 +3.1362111568462140e-05
 97.00000000 +1.0000000000003439e+00 +1.9999785455217551e+00 +1.9041684359506442e-03 +9.9982929383343411e-01 +9.9999978389590616e-01 +9.9999973147674670e-01 +9.9999906367914471e-01 +9.9999747490185165e-01 +3.9695336785429655e-05 +3.6453506306574904e-05 +3.4352007407626567e-05 +3.2771058147672192e-05 +3.1380305987539540e-05
 97.50000000 +1.0000000000003448e+00 +1.9999783260555184e+00 +1.9041766742602540e-03 +9.9982927310498704e-01 +9.9999978074488116e-01 +9.9999973334962788e-01 +9.9999906853337739e-01 +9.9999746561154867e-01 +3.9712885313974286e-05 +3.6463290373301006e-05 +3.4334533726432720e-05 +3.2772872676320676e-05 +3.1395075212066250e-05
 98.00000000 +1.0000000000003466e+00 +1.9999781055096149e+00 +1.9041831475515776e-03 +9.9982925390009381e-01 +9.9999977756112757e-01 +9.9999973508369622e-01 +9.9999907344612937e-01 +9.9999745643590465e-01 +3.9734839707704218e-05 +3.6466051787494221e-05 +3.4317210892968660e-05 +3.2781449425159052e-05 +3.1404022967740976e-05
 98.50000000 +1.0000000000003482e+00 +1.9999778838846654e+00 +1.9041869656445047e-03 +9.9982923936949653e-01 +9.9999977435292198e-01 +9.9999973667974751e-01 +9.9999907840884517e-01 +9.9999744737049467e-01 +3.9758323573846869e-05 +3.6461900910007723e-05 +3.4302921515958746e-05 +3.2794482045843249e-05 +3.1406192189414398e-05
 99.00000000 +1.0000000000003495e+00 +1.9999776611813203e+00 +1.9041878445704256e-03 +9.9982923137470570e-01 +9.9999977112905514e-01 +9.9999973813840004e-01 +9.9999908341266908e-01 +9.9999743841299771e-01 +3.9780589975760346e-05 +3.6452104815275385e-05 +3.4293631904603850e-05 +3.2809142823809912e-05 +3.1402064401251268e-05
 99.50000000 +1.0000000000003526e+00 +1.9999774374002752e+00 +1.9041860702210072e-03 +9.9982923033983939e-01 +9.9999976789861078e-01 +9.9999973946010612e-01 +9.9999908844906338e-01 +9.9999742956338555e-01 +3.9799454812661500e-05 +3.6438718957621240e-05 +3.4290160430525308e-05 +3.2822679452643771e-05 +3.1393277103819832e-05
100.00000000 +1.0000000000003535e+00 +1.9999772125422797e+00 +1.9041823629786963e-03 +9.9982923538603252e-01 +9.9999976467069285e-01 +9.9999974064522146e-01 +9.9999909351028593e-01 +9.9999742082368959e-01 +3.9813580841471363e-05 +3.6424131673126099e-05 +3.4292182219992272e-05 +3.2832919451830082e-05 +3.1382151659020437e-05
100.50000000 +1.0000000000003553e+00 +1.9999769866081258e+00 +1.9041776827682679e-03 +9.9982924468259271e-01 +9.9999976145417635e-01 +9.9999974169413453e-01 +9.9999909858969960e-01 +9.9999741219744764e-01 +3.9822585112277483e-05 +3.6410611474804275e-05 +3.4298438248451291e-05 +3.2838599518248210e-05 +3.1371149372527431e-05
101.00000000 +1.0000000000003582e+00 +1.9999767595986400e+00 +1.9041730192924441e-03 +9.9982925591860283e-01 +9.9999975825747123e-01 +9.9999974260740621e-01 +9.9999910368185807e-01 +9.9999740368893697e-01 +3.9826975431910328e-05 +3.6399934734121717e-05 +3.4307084223466670e-05 +3.2839481045018972e-05 +3.1362372080131736e-05
101.50000000 +1.0000000000003597e+00 +1.9999765315146563e+00 +1.9041692083520217e-03 +9.9982926679072526e-01 +9.9999975508835459e-01 +9.9999974338591102e-01 +9.9999910878242049e-01 +9.9999739530237208e-01 +3.9827949021964133e-05 +3.6393147158340223e-05 +3.4316097993947268e-05 +3.2836258488363176e-05 +3.1357199352494417e-05
102.00000000 +1.0000000000003604e+00 +1.9999763023570223e+00 +1.9041668041840541e-03 +9.9982927541551814e-01 +9.9999975195387769e-01 +9.9999974403096692e-01 +9.9999911388792240e-01 +9.9999738704118946e-01 +3.9827104908875956e-05 +3.6390482253883815e-05 +3.4323664500772424e-05 +3.2830305391568021e-05 +3.1356115272715096e-05
102.50000000 +1.0000000000003630e+00 +1.9999760721265680e+00 +1.9041660228109407e-03 +9.9982928060236009e-01 +9.9999974886034981e-01 +9.9999974454442431e-01 +9.9999911899546412e-01 +9.9999737890752372e-01 +3.9826128941780736e-05 +3.6391429774006094e-05 +3.4328472171354967e-05 +3.2823327435469052e-05 +3.1358733370206719e-05
103.00000000 +1.0000000000003642e+00 +1.9999758408241037e+00 +1.9041667559016159e-03 +9.9982928195854615e-01 +9.9999974581337792e-01 +9.9999974492870558e-01 +9.9999912410236969e-01 +9.9999737090192475e-01 +3.9826506934182296e-05 +3.6394922228019284e-05 +3.4329879493531201e-05 +3.2817000047370088e-05 +3.1363988193947215e-05
103.50000000 +1.0000000000003659e+00 +1.9999756084504199e+00 +1.9041686416170524e-03 +9.9982927983350245e-01 +9.9999974281797410e-01 +9.9999974518681656e-01 +9.9999912920589595e-01 +9.9999736302335540e-01 +3.9829309286689861e-05 +3.6399591495910880e-05 +3.4327939437397318e-05 +3.2812660533297259e-05 +3.1370433532621518e-05
104.00000000 +1.0000000000003681e+00 +1.9999753750062865e+00 +1.9041711704324243e-03 +9.9982927513757613e-01 +9.9999973987867097e-01 +9.9999974532229874e-01 +9.9999913430300913e-01 +9.9999735526940137e-01 +3.9835072774470621e-05 +3.6404042023997278e-05 +3.4323296629004694e-05 +3.2811104966608561e-05 +3.1376574490547994e-05
104.50000000 +1.0000000000003695e+00 +1.9999751404924648e+00 +1.9041738008976853e-03 +9.9982926908847347e-01 +9.9999973699964995e-01 +9.9999974533915870e-01 +9.9999913939026075e-01 +9.9999734763664938e-01 +3.9843785666186885e-05 +3.6407091514870625e-05 +3.4316993017030164e-05 +3.2812513557132892e-05 +3.1381163900039323e-05
105.00000000 +1.0000000000003717e+00 +1.9999749049097029e+00 +1.9041760624386572e-03 +9.9982926294325059e-01 +9.9999973418484911e-01 +9.9999974524177582e-01 +9.9999914446378324e-01 +9.9999734012115205e-01 +3.9854964474903481e-05 +3.6407942330459424e-05 +3.4310229317385266e-05 +3.2816500875446241e-05 +3.1383410049674216e-05
105.50000000 +1.0000000000003726e+00 +1.9999746682587600e+00 +1.9041776283917832e-03 +9.9982925776713938e-01 +9.9999973143802956e-01 +9.9999974503478750e-01 +9.9999914951935776e-01 +9.9999733271887625e-01 +3.9867797164473561e-05 +3.6406263788145498e-05 +3.4304130960430199e-05 +3.2822264396853971e-05 +3.1383067362955560e-05
106.00000000 +1.0000000000003757e+00 +1.9999744305403941e+00 +1.9041783507267554e-03 +9.9982925427536196e-01 +9.9999972876281007e-01 +9.9999974472299669e-01 +9.9999915455257271e-01 +9.9999732542609754e-01 +3.9881320176950870e-05 +3.6402183568231072e-05 +3.4299559734832897e-05 +3.2828790070163736e-05 +3.1380408488111678e-05
106.50000000 +1.0000000000003764e+00 +1.9999741917553910e+00 +1.9041782564307992e-03 +9.9982925276466905e-01 +9.9999972616264399e-01 +9.9999974431126692e-01 +9.9999915955899743e-01 +9.9999731823964055e-01 +3.9894595609659765e-05 +3.6396202296981807e-05 +3.4296998423905717e-05 +3.2835068661675859e-05 +3.1376099672173122e-05
107.00000000 +1.0000000000003784e+00 +1.9999739519045434e+00 +1.9041775126539882e-03 +9.9982925313207716e-01 +9.9999972364077871e-01 +9.9999974380446655e-01 +9.9999916453438120e-01 +9.9999731115700663e-01 +3.9906859532740942e-05 +3.6389056588731944e-05 +3.4296518858544805e-05 +3.2840281044580184e-05 +3.1371017156914854e-05
107.50000000 +1.0000000000003801e+00 +1.9999737109886639e+00 +1.9041763723268289e-03 +9.9982925496255159e-01 +9.9999972120017000e-01 +9.9999974320740859e-01 +9.9999916947481371e-01 +9.9999730417633004e-01 +3.9917621230937119e-05 +3.6381561131420419e-05 +3.4297827423849062e-05 +3.2843922255919003e-05 +3.1366048584194913e-05
108.00000000 +1.0000000000003817e+00 +1.9999734690085762e+00 +1.9041751136037403e-03 +9.9982925765783404e-01 +9.9999971884339922e-01 +9.9999974252483670e-01 +9.9999917437684893e-01 +9.9999729729623688e-01 +3.9926704042724473e-05 +3.6374459697735723e-05 +3.4300369039399849e-05 +3.2845849819690802e-05 +3.1361920153591343e-05
108.50000000 +1.0000000000003839e+00 +1.9999732259651184e+00 +1.9041739853447829e-03 +9.9982926057574117e-01 +9.9999971657258957e-01 +9.9999974176142081e-01 +9.9999917923757631e-01 +9.9999729051561870e-01 +3.9934229359997663e-05 +3.6368309225749751e-05 +3.4303462855612243e-05 +3.2846258020008425e-05 +3.1359079510849147e-05
109.00000000 +1.0000000000003852e+00 +1.9999729818591285e+00 +1.9041731676094663e-03 +9.9982926315266141e-01 +9.9999971438933866e-01 +9.9999974092177446e-01 +9.9999918405462973e-01 +9.9999728383338327e-01 +3.9940554443215183e-05 +3.6363412040371641e-05 +3.4306441029035516e-05 +3.2845593388312006e-05 +3.1357649238473182e-05
109.50000000 +1.0000000000003875e+00 +1.9999727366914470e+00 +1.9041727517722874e-03 +9.9982926498985614e-01 +9.9999971229467532e-01 +9.9999974001047931e-01 +9.9999918882615935e-01 +9.9999727724822318e-01 +3.9946180754828477e-05 +3.6359800916932827e-05 +3.4308765458149493e-05 +3.2844435462795874e-05 +3.1357449950604145e-05
110.00000000 +1.0000000000003892e+00 +1.9999724904629141e+00 +1.9041727404013828e-03 +9.9982926589427590e-01 +9.9999971028904788e-01 +9.9999973903211081e-01 +9.9999919355075428e-01 +9.9999727075843381e-01 +3.9951651954525635e-05 +3.6357271991227329e-05 +3.4310104875610327e-05 +3.2843369918393528e-05 +3.1358078583159511e-05
110.50000000 +1.0000000000003910e+00 +1.9999722431743678e+00 +1.9041730633352373e-03 +9.9982926587469334e-01 +9.9999970837233421e-01 +9.9999973799125952e-01 +9.9999919822736327e-01 +9.9999726436180825e-01 +3.9957459647749404e-05 +3.6355453068386776e-05 +3.4310364281071821e-05 +3.2842878705712469e-05 +3.1359018792829518e-05
111.00000000 +1.0000000000003919e+00 +1.9999719948266430e+00 +1.9041736040182765e-03 +9.9982926510205150e-01 +9.9999970654388459e-01 +9.9999973689254318e-01 +9.9999920285519650e-01 +9.9999725805561634e-01 +3.9963971109894481e-05 +3.6353890634449304e-05 +3.4309668341431182e-05 +3.2843265129269034e-05 +3.1359757453353744e-05
111.50000000 +1.0000000000003935e+00 +1.9999717454205723e+00 +1.9041742293289447e-03 +9.9982926384795823e-01 +9.9999970480257783e-01 +9.9999973574060275e-01 +9.9999920743365056e-01 +9.9999725183665467e-01 +3.9971387566411046e-05 +3.6352138096802433e-05 +3.4308308345137777e-05 +3.2844622709167080e-05 +3.1359883806596893e-05
112.00000000 +1.0000000000003955e+00 +1.9999714949569920e+00 +1.9041748167341456e-03 +9.9982926241669112e-01 +9.9999970314688580e-01 +9.9999973454008373e-01 +9.9999921196224606e-01 +9.9999724570135540e-01 +3.9979735379152576e-05 +3.6349830103181072e-05 +3.4306667391278580e-05 +3.2846847251625788e-05 +3.1359154590679893e-05
112.50000000 +1.0000000000003968e+00 +1.9999712434367343e+00 +1.9041752742585218e-03 +9.9982926108444037e-01 +9.9999970157493923e-01 +9.9999973329560443e-01 +9.9999921644059619e-01 +9.9999723964592535e-01 +3.9988886781537156e-05 +3.6346732363513449e-05 +3.4305140227129405e-05 +3.2849683612828553e-05 +3.1357517495479247e-05
113.00000000 +1.0000000000004001e+00 +1.9999709908606431e+00 +1.9041755509574497e-03 +9.9982926005555717e-01 +9.9999970008459227e-01 +9.9999973201171766e-01 +9.9999922086840176e-01 +9.9999723366649851e-01 +3.9998602480892763e-05 +3.6342762111283063e-05 +3.4304062700671751e-05 +3.2852793445965014e-05 +3.1355094493673019e-05
113.50000000 +1.0000000000004010e+00 +1.9999707372295648e+00 +1.9041756378071421e-03 +9.9982925944051959e-01 +9.9999969867346949e-01 +9.9999973069285875e-01 +9.9999922524545981e-01 +9.9999722775926270e-01 +4.0008586012663742e-05 +3.6337980045490828e-05 +3.4303661892620642e-05 +3.2855828340613329e-05 +3.1352134143475300e-05
114.00000000 +1.0000000000004028e+00 +1.9999704825443465e+00 +1.9041755607430236e-03 +9.9982925925541821e-01 +9.9999969733900906e-01 +9.9999972934330605e-01 +9.9999922957170828e-01 +9.9999722192056606e-01 +4.0018539308739833e-05 +3.6332559315170795e-05 +3.4304032694803430e-05 +3.2858494059818416e-05 +3.1348946628341278e-05
114.50000000 +1.0000000000004050e+00 +1.9999702268058521e+00 +1.9041753687165169e-03 +9.9982925943869172e-01 +9.9999969607848671e-01 +9.9999972796712722e-01 +9.9999923384725431e-01 +9.9999721614697079e-01 +4.0028210302830201e-05 +3.6326740183379050e-05 +3.4305141060980074e-05 +3.2860595341857525e-05 +3.1345836604925160e-05
115.00000000 +1.0000000000004070e+00 +1.9999699700149465e+00 +1.9041751200099949e-03 +9.9982925987855198e-01 +9.9999969488902862e-01 +9.9999972656814962e-01 +9.9999923807242053e-01 +9.9999721043526801e-01 +4.0037426051863111e-05 +3.6320780155155556e-05 +3.4306849397531748e-05 +3.2862055893571873e-05 +3.1343047118152731e-05
115.50000000 +1.0000000000004086e+00 +1.9999697121724942e+00 +1.9041748697271887e-03 +9.9982926044378040e-01 +9.9999969376762443e-01 +9.9999972514992996e-01 +9.9999924224777714e-01 +9.9999720478245435e-01 +4.0046108175905647e-05 +3.6314908665271402e-05 +3.4308956317215729e-05 +3.2862913590679302e-05 +3.1340723728654996e-05
116.00000000 +1.0000000000004112e+00 +1.9999694532793728e+00 +1.9041746605579879e-03 +9.9982926101147140e-01 +9.9999969271113232e-01 +9.9999972371573853e-01 +9.9999924637416304e-01 +9.9999719918568641e-01 +4.0054270766429616e-05 +3.6309293288888741e-05 +3.4311241601185310e-05 +3.2863295480314282e-05 +3.1338902727040618e-05
116.50000000 +1.0000000000004119e+00 +1.9999691933364612e+00 +1.9041745178589207e-03 +9.9982926148718221e-01 +9.9999969171627978e-01 +9.9999972226854794e-01 +9.9999925045269433e-01 +9.9999719364221218e-01 +4.0062003733034278e-05 +3.6304021442317340e-05 +3.4313507667974351e-05 +3.2863380221552309e-05 +3.1337522079525738e-05
117.00000000 +1.0000000000004146e+00 +1.9999689323446379e+00 +1.9041744490469624e-03 +9.9982926181536447e-01 +9.9999969077968398e-01 +9.9999972081104260e-01 +9.9999925448475990e-01 +9.9999718814931438e-01 +4.0069446470644762e-05 +3.6299098322822255e-05 +3.4315610776388530e-05 +3.2863356767608749e-05 +3.1336449569760061e-05
117.50000000 +1.0000000000004163e+00 +1.9999686703047881e+00 +1.9041744464759550e-03 +9.9982926198022382e-01 +9.9999968989785548e-01 +9.9999971934561305e-01 +9.9999925847199544e-01 +9.9999718270425153e-01 +4.0076757558040191e-05 +3.6294458977922571e-05 +3.4317478026105343e-05 +3.2863387455048372e-05 +3.1335520124537011e-05
118.00000000 +1.0000000000004172e+00 +1.9999684072177948e+00 +1.9041744924711841e-03 +9.9982926199899402e-01 +9.9999968906723324e-01 +9.9999971787437369e-01 +9.9999926241625980e-01 +9.9999717730422943e-01 +4.0084085973624105e-05 +3.6289990327937532e-05 +3.4319109323000123e-05 +3.2863581613500979e-05 +3.1334573758369505e-05
118.50000000 +1.0000000000004190e+00 +1.9999681430845515e+00 +1.9041745650675412e-03 +9.9982926191062171e-01 +9.9999968828420893e-01 +9.9999971639916840e-01 +9.9999926631960268e-01 +9.9999717194638826e-01 +4.0091548232967066e-05 +3.6285557921624565e-05 +3.4320566253929458e-05 +3.2863982940130609e-05 +3.1333486757492013e-05
119.00000000 +1.0000000000004217e+00 +1.9999678779059431e+00 +1.9041746431810969e-03 +9.9982926176307407e-01 +9.9999968754516178e-01 +9.9999971492157758e-01 +9.9999927018422441e-01 +9.9999716662781291e-01 +4.0099214222084031e-05 +3.6281032204642037e-05 +3.4321951824634076e-05 +3.2864570853438395e-05 +3.1332191152264181e-05
119.50000000 +1.0000000000004230e+00 +1.9999676116828704e+00 +1.9041747103408088e-03 +9.9982926160206520e-01 +9.9999968684649954e-01 +9.9999971344292149e-01 +9.9999927401244382e-01 +9.9999716134556049e-01 +4.0107102670478036e-05 +3.6276309963962933e-05 +3.4323386016249120e-05 +3.2865273436788041e-05 +3.1330680537448931e-05
120.00000000 +1.0000000000004250e+00 +1.9999673444162260e+00 +1.9041747565918153e-03 +9.9982926146305440e-01 +9.9999968618470025e-01 +9.9999971196426496e-01 +9.9999927780667364e-01 +9.9999715609670325e-01 +4.0115185507145369e-05 +3.6271328092093389e-05 +3.4324982088274824e-05 +3.2865987819872454e-05 +3.1329003220569351e-05
120.50000000 +1.0000000000004263e+00 +1.9999670761069153e+00 +1.9041747786381535e-03 +9.9982926136728156e-01 +9.9999968555635055e-01 +9.9999971048641123e-01 +9.9999928156939577e-01 +9.9999715087837260e-01 +4.0123399027539298e-05 +3.6266068549353349e-05 +3.4326827662883375e-05 +3.2866603121942898e-05 +3.1327245958966891e-05
121.00000000 +1.0000000000004285e+00 +1.9999668067558398e+00 +1.9041747786335277e-03 +9.9982926132165562e-01 +9.9999968495818325e-01 +9.9999970900990087e-01 +9.9999928530314552e-01 +9.9999714568780540e-01 +4.0131659023710209e-05 +3.6260555057089661e-05 +3.4328973159553512e-05 +3.2867021366812598e-05 +3.1325512845309645e-05
121.50000000 +1.0000000000004297e+00 +1.9999665363639103e+00 +1.9041747622089535e-03 +9.9982926132151628e-01 +9.9999968438710896e-01 +9.9999970753500289e-01 +9.9999928901050283e-01 +9.9999714052237465e-01 +4.0139876835352410e-05 +3.6254843361604533e-05 +3.4331428458785216e-05 +3.2867172866096670e-05 +3.1323904121298782e-05
122.00000000 +1.0000000000004321e+00 +1.9999662649320424e+00 +1.9041747363429669e-03 +9.9982926135498207e-01 +9.9999968384025073e-01 +9.9999970606171773e-01 +9.9999929269409016e-01 +9.9999713537962465e-01 +4.0147973606920407e-05 +3.6249007700888617e-05 +3.4334167092913501e-05 +3.2867024128168114e-05 +3.1322498966477134e-05
122.50000000 +1.0000000000004339e+00 +1.9999659924611497e+00 +1.9041747075657514e-03 +9.9982926140753436e-01 +9.9999968331495903e-01 +9.9999970458976761e-01 +9.9999929635656182e-01 +9.9999713025727566e-01 +4.0155890750308858e-05 +3.6243126330675459e-05 +3.4337136052843498e-05 +3.2866578023447852e-05 +3.1321344914076528e-05
123.00000000 +1.0000000000004352e+00 +1.9999657189521507e+00 +1.9041746807955419e-03 +9.9982926146580708e-01 +9.9999968280883678e-01 +9.9999970311860309e-01 +9.9999930000060866e-01 +9.9999712515323580e-01 +4.0163595537157994e-05 +3.6237268674385940e-05 +3.4340268616787254e-05 +3.2865867395828975e-05 +3.1320454861629873e-05
123.50000000 +1.0000000000004374e+00 +1.9999654444059736e+00 +1.9041746588928793e-03 +9.9982926151995555e-01 +9.9999968231975345e-01 +9.9999970164740615e-01 +9.9999930362895084e-01 +9.9999712006559149e-01 +4.0171081696728313e-05 +3.6231485984161889e-05 +3.4343497488008782e-05 +3.2864944320270325e-05 +3.1319811040405452e-05
124.00000000 +1.0000000000004385e+00 +1.9999651688235438e+00 +1.9041746428357011e-03 +9.9982926156445118e-01 +9.9999968184585386e-01 +9.9999970017509920e-01 +9.9999930724433073e-01 +9.9999711499259214e-01 +4.0178365716178269e-05 +3.6225806512904705e-05 +3.4346765904760423e-05 +3.2863867653138193e-05 +3.1319374080191305e-05
124.50000000 +1.0000000000004412e+00 +1.9999648922057891e+00 +1.9041746322996374e-03 +9.9982926159757013e-01 +9.9999968138557194e-01 +9.9999969870036043e-01 +9.9999931084950466e-01 +9.9999710993264290e-01 +4.0185480118133580e-05 +3.6220235283141564e-05 +3.4350035111923292e-05 +3.2862691412301732e-05 +3.1319094630577147e-05
125.00000000 +1.0000000000004423e+00 +1.9999646145536494e+00 +1.9041746263857352e-03 +9.9982926162004992e-01 +9.9999968093763003e-01 +9.9999969722163284e-01 +9.9999931444722601e-01 +9.9999710488428439e-01 +4.0192465271080856e-05 +3.6214757756027185e-05 +3.4353287476585818e-05 +3.2861455967269038e-05 +3.1318924918150513e-05
125.50000000 +1.0000000000004443e+00 +1.9999643358680590e+00 +1.9041746242650086e-03 +9.9982926163350672e-01 +9.9999968050105514e-01 +9.9999969573715142e-01 +9.9999931804023456e-01 +9.9999709984618934e-01 +4.0199361273736403e-05 +3.6209346163586116e-05 +3.4356525405214332e-05 +3.2860183189717966e-05 +3.1318828051487649e-05
126.00000000 +1.0000000000004461e+00 +1.9999640561499570e+00 +1.9041746255851644e-03 +9.9982926163909513e-01 +9.9999968007517592e-01 +9.9999969424495661e-01 +9.9999932163123206e-01 +9.9999709481715182e-01 +4.0206201194921550e-05 +3.6203967021362731e-05 +3.4359766927119760e-05 +3.2858875807904683e-05 +3.1318783666870682e-05
126.50000000 +1.0000000000004476e+00 +1.9999637754002904e+00 +1.9041746305817160e-03 +9.9982926163674168e-01 +9.9999967965963066e-01 +9.9999969274291511e-01 +9.9999932522286650e-01 +9.9999708979609048e-01 +4.0213006527050123e-05 +3.6198588380848954e-05 +3.4363039250601632e-05 +3.2857520403381840e-05 +3.1318789431387272e-05
127.00000000 +1.0000000000004501e+00 +1.9999634936200086e+00 +1.9041746399264883e-03 +9.9982926162504937e-01 +9.9999967925437172e-01 +9.9999969122874244e-01 +9.9999932881771314e-01 +9.9999708478205351e-01 +4.0219785218844545e-05 +3.6193185657628659e-05 +3.4366371739916758e-05 +3.2856092916292511e-05 +3.1318858786515290e-05
127.50000000 +1.0000000000004512e+00 +1.9999632108100593e+00 +1.9041746544112175e-03 +9.9982926160177010e-01 +9.9999967885966290e-01 +9.9999968970002229e-01 +9.9999933241825023e-01 +9.9999707977422403e-01 +4.0226532181825054e-05 +3.6187745297571513e-05 +3.4369789626955391e-05 +3.2854565253177985e-05 +3.1319015967979891e-05
128.00000000 +1.0000000000004532e+00 +1.9999629269713992e+00 +1.9041746745915159e-03 +9.9982926156461815e-01 +9.9999967847608640e-01 +9.9999968815422624e-01 +9.9999933602684987e-01 +9.9999707477193756e-01 +4.0233231787743119e-05 +3.6182266023615795e-05 +3.4373309429748918e-05 +3.2852911619701957e-05 +3.1319289686663501e-05
128.50000000 +1.0000000000004547e+00 +1.9999626421049883e+00 +1.9041747005076051e-03 +9.9982926151211926e-01 +9.9999967810453694e-01 +9.9999968658873317e-01 +9.9999933964575882e-01 +9.9999706977468561e-01 +4.0239861635753569e-05 +3.6176757850352061e-05 +3.4376936594477244e-05 +3.2851113475534912e-05 +3.1319706883641800e-05
129.00000000 +1.0000000000004565e+00 +1.9999623562117848e+00 +1.9041747315607655e-03 +9.9982926144424578e-01 +9.9999967774621978e-01 +9.9999968500084702e-01 +9.9999934327708684e-01 +9.9999706478213168e-01 +4.0246396784215714e-05 +3.6171239394061232e-05 +3.4380665406854094e-05 +3.2849162439192655e-05 +3.1320287727247679e-05
129.50000000 +1.0000000000004576e+00 +1.9999620692927518e+00 +1.9041747665727029e-03 +9.9982926136265471e-01 +9.9999967740264173e-01 +9.9999968338781675e-01 +9.9999934692279679e-01 +9.9999705979411291e-01 +4.0252813700583699e-05 +3.6165734202223903e-05 +3.4384480817497763e-05 +3.2847060952607930e-05 +3.1321042593224372e-05
130.00000000 +1.0000000000004596e+00 +1.9999617813488619e+00 +1.9041748040032427e-03 +9.9982926127049299e-01 +9.9999967707560800e-01 +9.9999968174685527e-01 +9.9999935058469536e-01 +9.9999705481064904e-01 +4.0259093350952621e-05 +3.6160266869753143e-05 +3.4388361552760180e-05 +3.2844820952181919e-05 +3.1321971271909248e-05
130.50000000 +1.0000000000004621e+00 +1.9999614923810871e+00 +1.9041748422629111e-03 +9.9982926117182203e-01 +9.9999967676720114e-01 +9.9999968007515705e-01 +9.9999935426442732e-01 +9.9999704983194060e-01 +4.0265223083369379e-05 +3.6154859617475997e-05 +3.4392283763945262e-05 +3.2842461112794644e-05 +3.1323064185328396e-05
131.00000000 +1.0000000000004636e+00 +1.9999612023903981e+00 +1.9041748800380650e-03 +9.9982926107082670e-01 +9.9999967647977039e-01 +9.9999967836991666e-01 +9.9999935796346440e-01 +9.9999704485836438e-01 +4.0271197208030038e-05 +3.6149529819481665e-05 +3.4396224498850791e-05 +3.2840003394989548e-05 +3.1324305053847458e-05
131.50000000 +1.0000000000004656e+00 +1.9999609113777768e+00 +1.9041749165494414e-03 +9.9982926097101632e-01 +9.9999967621591657e-01 +9.9999967662835276e-01 +9.9999936168310699e-01 +9.9999703989047561e-01 +4.0277016400388095e-05 +3.6144288727636490e-05 +3.4400164429760731e-05 +3.2837469629513809e-05 +3.1325674272239452e-05
132.00000000 +1.0000000000004667e+00 +1.9999606193442034e+00 +1.9041749516867435e-03 +9.9982926087457591e-01 +9.9999967597846762e-01 +9.9999967484772301e-01 +9.9999936542447021e-01 +9.9999703492899339e-01 +4.0282686218712846e-05 +3.6139141401879823e-05 +3.4404089495265316e-05 +3.2834878743615347e-05 +3.1327152245499160e-05
132.50000000 +1.0000000000004690e+00 +1.9999603262906642e+00 +1.9041749859946386e-03 +9.9982926078203405e-01 +9.9999967577045912e-01 +9.9999967302535064e-01 +9.9999936918848309e-01 +9.9999702997480111e-01 +4.0288215118974220e-05 +3.6134087654054022e-05 +3.4407991358461384e-05 +3.2832245016042760e-05 +3.1328722068668531e-05
133.00000000 +1.0000000000004705e+00 +1.9999600322181441e+00 +1.9041750205208885e-03 +9.9982926069228328e-01 +9.9999967559510772e-01 +9.9999967115863997e-01 +9.9999937297587982e-01 +9.9999702502893473e-01 +4.0293612365005013e-05 +3.6129123677912149e-05 +3.4411866804831139e-05 +3.2829577496842583e-05 +3.1330371162742712e-05
133.50000000 +1.0000000000004718e+00 +1.9999597371276405e+00 +1.9041750565668982e-03 +9.9982926060293509e-01 +9.9999967545579016e-01 +9.9999966924509998e-01 +9.9999937678719497e-01 +9.9999702009257740e-01 +4.0298886181197813e-05 +3.6124243979960748e-05 +3.4415716365179743e-05 +3.2826880494990104e-05 +3.1332091741323276e-05
134.00000000 +1.0000000000004745e+00 +1.9999594410201467e+00 +1.9041750953985811e-03 +9.9982926051091958e-01 +9.9999967535601419e-01 +9.9999966728236533e-01 +9.9999938062275828e-01 +9.9999701516705652e-01 +4.0304042397775367e-05 +3.6119443241497973e-05 +3.4419542534220569e-05 +3.2824154860890756e-05 +3.1333880224404696e-05
134.50000000 +1.0000000000004754e+00 +1.9999591438966640e+00 +1.9041751379793605e-03 +9.9982926041317333e-01 +9.9999967529938993e-01 +9.9999966526821060e-01 +9.9999938448268499e-01 +9.9999701025383314e-01 +4.0309083718326755e-05 +3.6114717816445674e-05 +3.4423347962025640e-05 +3.2821399694040794e-05 +3.1335735894300511e-05
135.00000000 +1.0000000000004770e+00 +1.9999588457581914e+00 +1.9041751847769721e-03 +9.9982926030730135e-01 +9.9999967528960942e-01 +9.9999966320057865e-01 +9.9999938836687929e-01 +9.9999700535450819e-01 +4.0314009618936799e-05 +3.6110066680020166e-05 +3.4427133935872939e-05 +3.2818614092640111e-05 +3.1337659181194304e-05
135.50000000 +1.0000000000004790e+00 +1.9999585466057361e+00 +1.9041752356764013e-03 +9.9982926019205309e-01 +9.9999967533041123e-01 +9.9999966107758964e-01 +9.9999939227502399e-01 +9.9999700047080975e-01 +4.0318816787001074e-05 +3.6105491765411691e-05 +3.4430899365721301e-05 +3.2815798619895275e-05 +3.1339649969404368e-05
136.00000000 +1.0000000000004809e+00 +1.9999582464403116e+00 +1.9041752900067956e-03 +9.9982926006756112e-01 +9.9999967542555346e-01 +9.9999965889756148e-01 +9.9999939620658163e-01 +9.9999699560459510e-01 +4.0323499938510756e-05 +3.6100997737169708e-05 +3.4434640363353404e-05 +3.2812956268381744e-05 +3.1341706244754813e-05
136.50000000 +1.0000000000004829e+00 +1.9999579452629230e+00 +1.9041753466670609e-03 +9.9982925993530414e-01 +9.9999967557878877e-01 +9.9999965665902557e-01 +9.9999940016079225e-01 +9.9999699075784465e-01 +4.0328052820721373e-05 +3.6096591334279626e-05 +3.4438350387727308e-05 +3.2810092831493197e-05 +3.1343823284602012e-05
137.00000000 +1.0000000000004847e+00 +1.9999576430745916e+00 +1.9041754043169668e-03 +9.9982925979783543e-01 +9.9999967579383220e-01 +9.9999965436073945e-01 +9.9999940413667465e-01 +9.9999698593266151e-01 +4.0332469211265788e-05 +3.6092280463696422e-05 +3.4442020836597096e-05 +3.2807216713003553e-05 +3.1345993455811531e-05
137.50000000 +1.0000000000004872e+00 +1.9999573398763364e+00 +1.9041754615915412e-03 +9.9982925965834490e-01 +9.9999967607433415e-01 +9.9999965200170071e-01 +9.9999940813302834e-01 +9.9999698113126323e-01 +4.0336743758038327e-05 +3.6088073234812533e-05 +3.4445641908648163e-05 +3.2804338301062585e-05 +3.1348206561025817e-05
138.00000000 +1.0000000000004885e+00 +1.9999570356691765e+00 +1.9041755172964985e-03 +9.9982925952015156e-01 +9.9999967642384957e-01 +9.9999964958115750e-01 +9.9999941214843358e-01 +9.9999697635597740e-01 +4.0340872556217563e-05 +3.6083977101982996e-05 +3.4449203544503763e-05 +3.2801469089008061e-05 +3.1350450581478808e-05
138.50000000 +1.0000000000004892e+00 +1.9999567304541437e+00 +1.9041755705509198e-03 +9.9982925938623834e-01 +9.9999967684581115e-01 +9.9999964709862010e-01 +9.9999941618125787e-01 +9.9999697160923517e-01 +4.0344853418104650e-05 +3.6079998235453883e-05 +3.4452696274770141e-05 +3.2798620738937838e-05 +3.1352712617003561e-05
139.00000000 +1.0000000000004923e+00 +1.9999564242322609e+00 +1.9041756208571748e-03 +9.9982925925889354e-01 +9.9999967734350381e-01 +9.9999964455387091e-01 +9.9999942022966459e-01 +9.9999696689356632e-01 +4.0348685847366903e-05 +3.6076141182646118e-05 +3.4456111849137974e-05 +3.2795804260046107e-05 +3.1354979821913917e-05
139.50000000 +1.0000000000004927e+00 +1.9999561170045659e+00 +1.9041756680940845e-03 +9.9982925913951370e-01 +9.9999967792002764e-01 +9.9999964194696467e-01 +9.9999942429160460e-01 +9.9999696221158296e-01 +4.0352370773557096e-05 +3.6072408823429702e-05 +3.4459443579976464e-05 +3.2793029423174871e-05 +3.1357240171483760e-05
140.00000000 +1.0000000000004958e+00 +1.9999558087720952e+00 +1.9041757124441980e-03 +9.9982925902860265e-01 +9.9999967857828453e-01 +9.9999963927824742e-01 +9.9999942836484013e-01 +9.9999695756598117e-01 +4.0355910130476344e-05 +3.6068802574364993e-05 +3.4462686394228717e-05 +3.2790304469637270e-05 +3.1359482954336302e-05
140.50000000 +1.0000000000004974e+00 +1.9999554995358853e+00 +1.9041757542767710e-03 +9.9982925892590158e-01 +9.9999967932094003e-01 +9.9999963654834712e-01 +9.9999943244693645e-01 +9.9999695295952307e-01 +4.0359306371621348e-05 +3.6065322764214411e-05 +3.4465836638186508e-05 +3.2787636109792075e-05 +3.1361698955485842e-05
141.00000000 +1.0000000000004985e+00 +1.9999551892969831e+00 +1.9041757940135625e-03 +9.9982925883066109e-01 +9.9999968015040530e-01 +9.9999963375818846e-01 +9.9999943653527890e-01 +9.9999694839503328e-01 +4.0362562009271678e-05 +3.6061969088872631e-05 +3.4468891713867808e-05 +3.2785029756173537e-05 +3.1363880358461184e-05
141.50000000 +1.0000000000005014e+00 +1.9999548780564351e+00 +1.9041758320041229e-03 +9.9982925874194295e-01 +9.9999968106881421e-01 +9.9999963090899180e-01 +9.9999944062707846e-01 +9.9999694387539106e-01 +4.0365679244691929e-05 +3.6058741057275419e-05 +3.4471849640329381e-05 +3.2782489904183700e-05 +3.1366020441970271e-05
142.00000000 +1.0000000000005032e+00 +1.9999545658152875e+00 +1.9041758684319524e-03 +9.9982925865891092e-01 +9.9999968207799705e-01 +9.9999962800226772e-01 +9.9999944471937530e-01 +9.9999693940351464e-01 +4.0368659730657234e-05 +3.6055638357127303e-05 +3.4474708629291492e-05 +3.2780020562773179e-05 +3.1368113171099230e-05
142.50000000 +1.0000000000005056e+00 +1.9999542525745979e+00 +1.9041759032644389e-03 +9.9982925858107008e-01 +9.9999968317946430e-01 +9.9999962503982653e-01 +9.9999944880905456e-01 +9.9999693498235931e-01 +4.0371504479480132e-05 +3.6052661095121388e-05 +3.4477466745931911e-05 +3.2777625646267231e-05 +3.1370152784508690e-05
143.00000000 +1.0000000000005060e+00 +1.9999539383354246e+00 +1.9041759362496832e-03 +9.9982925850839699e-01 +9.9999968437438735e-01 +9.9999962202376624e-01 +9.9999945289285253e-01 +9.9999693061490591e-01 +4.0374213904645498e-05 +3.6049809894941293e-05 +3.4480121698404834e-05 +3.2775309261521432e-05 +3.1372133461356038e-05
143.50000000 +1.0000000000005085e+00 +1.9999536230988220e+00 +1.9041759669544925e-03 +9.9982925844137582e-01 +9.9999968566358499e-01 +9.9999961895647838e-01 +9.9999945696737103e-01 +9.9999692630415760e-01 +4.0376787965452633e-05 +3.6047085862537175e-05 +3.4482670769810267e-05 +3.2773075855219532e-05 +3.1374049121497012e-05
144.00000000 +1.0000000000005096e+00 +1.9999533068658606e+00 +1.9041759948311165e-03 +9.9982925838091696e-01 +9.9999968704750364e-01 +9.9999961584063068e-01 +9.9999946102907922e-01 +9.9999692205312096e-01 +4.0379226373514498e-05 +3.6044490448099195e-05 +3.4485110879541306e-05 +3.2770930217513321e-05 +3.1375893377788017e-05
144.50000000 +1.0000000000005120e+00 +1.9999529896376036e+00 +1.9041760192969907e-03 +9.9982925832822789e-01 +9.9999968852621279e-01 +9.9999961267917381e-01 +9.9999946507433846e-01 +9.9999691786481049e-01 +4.0381528817746149e-05 +3.6042025245684495e-05 +3.4487438741205615e-05 +3.2768877364609961e-05 +3.1377659627320472e-05
145.00000000 +1.0000000000005129e+00 +1.9999526714151235e+00 +1.9041760398117215e-03 +9.9982925828462665e-01 +9.9999969009938883e-01 +9.9999960947531930e-01 +9.9999946909939985e-01 +9.9999691374222921e-01 +4.0383695169434295e-05 +3.6039691774221712e-05 +3.4489651073740373e-05 +3.2766922340523169e-05 +3.1379341244642656e-05
145.50000000 +1.0000000000005154e+00 +1.9999523521994953e+00 +1.9041760559382896e-03 +9.9982925825136904e-01 +9.9999969176631487e-01 +9.9999960623254214e-01 +9.9999947310043102e-01 +9.9999690968836819e-01 +4.0385725639021690e-05 +3.6037491278761772e-05 +3.4491744821060228e-05 +3.2765069985482648e-05 +3.1380931827399687e-05
146.00000000 +1.0000000000005167e+00 +1.9999520319917927e+00 +1.9041760673803273e-03 +9.9982925822949320e-01 +9.9999969352586759e-01 +9.9999960295455936e-01 +9.9999947707351944e-01 +9.9999690570619304e-01 +4.0387620868881553e-05 +3.6035424580551120e-05 +3.4493717342118625e-05 +3.2763324716026940e-05 +3.1382425443666399e-05
146.50000000 +1.0000000000005176e+00 +1.9999517107930995e+00 +1.9041760739927124e-03 +9.9982925821972735e-01 +9.9999969537652356e-01 +9.9999959964532503e-01 +9.9999948101468861e-01 +9.9999690179863887e-01 +4.0389381959128791e-05 +3.6033491991445819e-05 +3.4495566545077305e-05 +3.2761690351805635e-05 +3.1383816838684658e-05
147.00000000 +1.0000000000005196e+00 +1.9999513886045004e+00 +1.9041760757678801e-03 +9.9982925822244983e-01 +9.9999969731635463e-01 +9.9999959630901236e-01 +9.9999948491991519e-01 +9.9999689796860070e-01 +4.0391010434411324e-05 +3.6031693294997984e-05 +3.4497290953392068e-05 +3.2760170009753730e-05 +3.1385101573418071e-05
147.50000000 +1.0000000000005214e+00 +1.9999510654270829e+00 +1.9041760728041738e-03 +9.9982925823770574e-01 +9.9999969934302868e-01 +9.9999959295000052e-01 +9.9999948878513789e-01 +9.9999689421892246e-01 +4.0392508167280034e-05 +3.6030027785407647e-05 +3.4498889705206082e-05 +3.2758766070918290e-05 +3.1386276084430885e-05
148.00000000 +1.0000000000005238e+00 +1.9999507412619366e+00 +1.9041760652646887e-03 +9.9982925826527291e-01 +9.9999970145381945e-01 +9.9999958957285695e-01 +9.9999949260627297e-01 +9.9999689055239149e-01 +4.0393877277558179e-05 +3.6028494347870671e-05 +3.4500362498288567e-05 +3.2757480211739952e-05 +3.1387337670466834e-05
148.50000000 +1.0000000000005251e+00 +1.9999504161101589e+00 +1.9041760533352896e-03 +9.9982925830474889e-01 +9.9999970364560620e-01 +9.9999958618232165e-01 +9.9999949637922991e-01 +9.9999688697172795e-01 +4.0395120027232533e-05 +3.6027091560278686e-05 +3.4501709499527604e-05 +3.2756313482057610e-05 +3.1388284423043425e-05
149.00000000 +1.0000000000005278e+00 +1.9999500899728460e+00 +1.9041760371893519e-03 +9.9982925835564929e-01 +9.9999970591489351e-01 +9.9999958278329104e-01 +9.9999950009992755e-01 +9.9999688347958027e-01 +4.0396238727441933e-05 +3.6025817796557959e-05 +3.4502931240288281e-05 +3.2755266407464821e-05 +3.1389115124903609e-05
149.50000000 +1.0000000000005291e+00 +1.9999497628510994e+00 +1.9041760169641272e-03 +9.9982925841748960e-01 +9.9999970825781193e-01 +9.9999957938079442e-01 +9.9999950376430158e-01 +9.9999688007851162e-01 +4.0397235669174218e-05 +3.6024671315390998e-05 +3.4504028517223834e-05 +3.2754339093821468e-05 +3.1389829141079966e-05
150.00000000 +1.0000000000005311e+00 +1.9999494347460238e+00 +1.9041759927509406e-03 +9.9982925848984960e-01 +9.9999971067014137e-01 +9.9999957597998090e-01 +9.9999950736832521e-01 +9.9999687677099991e-01 +4.0398113083442453e-05 +3.6023650323504443e-05 +3.4505002313419322e-05 +3.2753531315773634e-05 +3.1390426323514850e-05
150.50000000 +1.0000000000005325e+00 +1.9999491056587297e+00 +1.9041759645984807e-03 +9.9982925857239935e-01 +9.9999971314731984e-01 +9.9999957258609296e-01 +9.9999951090801953e-01 +9.9999687355942213e-01 +4.0398873131073066e-05 +3.6022753008874671e-05 +3.4505853748413548e-05 +3.2752842577624785e-05 +3.1390906943226794e-05
151.00000000 +1.0000000000005345e+00 +1.9999487755903251e+00 +1.9041759325263620e-03 +9.9982925866490557e-01 +9.9999971568446755e-01 +9.9999956920445221e-01 +9.9999951437947132e-01 +9.9999687044605634e-01 +4.0399517917636028e-05 +3.6021977544963331e-05 +3.4506584059059015e-05 +3.2752272142220042e-05 +3.1391271655798860e-05
151.50000000 +1.0000000000005360e+00 +1.9999484445419276e+00 +1.9041758965447054e-03 +9.9982925876720508e-01 +9.9999971827640410e-01 +9.9999956584043148e-01 +9.9999951777883922e-01 +9.9999686743306582e-01 +4.0400049526001558e-05 +3.6021322071591394e-05 +3.4507194607506976e-05 +3.2751819030206800e-05 +3.1391521498246142e-05
152.00000000 +1.0000000000005380e+00 +1.9999481125146552e+00 +1.9041758566752363e-03 +9.9982925887916441e-01 +9.9999972091767197e-01 +9.9999956249944011e-01 +9.9999952110237711e-01 +9.9999686452250225e-01 +4.0400470057696657e-05 +3.6020784660803540e-05 +3.4507686908628563e-05 +3.2751481997049558e-05 +3.1391657909425735e-05
152.50000000 +1.0000000000005400e+00 +1.9999477795096288e+00 +1.9041758129698372e-03 +9.9982925900063502e-01 +9.9999972360255751e-01 +9.9999955918689698e-01 +9.9999952434643891e-01 +9.9999686171629132e-01 +4.0400781674533626e-05 +3.6020363276951995e-05 +3.4508062667256620e-05 +3.2751259497938598e-05 +3.1391682762830531e-05
153.00000000 +1.0000000000005418e+00 +1.9999474455279751e+00 +1.9041757655236533e-03 +9.9982925913140897e-01 +9.9999972632511969e-01 +9.9999955590821121e-01 +9.9999952750749521e-01 +9.9999685901623347e-01 +4.0400986633542260e-05 +3.6020055739454533e-05 +3.4508323815692660e-05 +3.2751149651181589e-05 +3.1391598399984422e-05
153.50000000 +1.0000000000005422e+00 +1.9999471105708211e+00 +1.9041757144813178e-03 +9.9982925927118638e-01 +9.9999972907921686e-01 +9.9999955266875895e-01 +9.9999953058214408e-01 +9.9999685642399505e-01 +4.0401087310570891e-05 +3.6019859694689747e-05 +3.4508472543580785e-05 +3.2751150209162368e-05 +3.1391407654334346e-05
154.00000000 +1.0000000000005433e+00 +1.9999467746392998e+00 +1.9041756600362101e-03 +9.9982925941956202e-01 +9.9999973185853219e-01 +9.9999954947386549e-01 +9.9999953356712612e-01 +9.9999685394110538e-01 +4.0401086210528118e-05 +3.6019772600842571e-05 +3.4508511314922506e-05 +3.2751258543125852e-05 +3.1391113858769463e-05
154.50000000 +1.0000000000005465e+00 +1.9999464377345451e+00 +1.9041756024239949e-03 +9.9982925957601920e-01 +9.9999973465660763e-01 +9.9999954632877974e-01 +9.9999953645933315e-01 +9.9999685156895257e-01 +4.0400985964656680e-05 +3.6019791726751788e-05 +3.4508442870053363e-05 +3.2751471644658061e-05 +3.1390720833805592e-05
155.00000000 +1.0000000000005485e+00 +1.9999460998576988e+00 +1.9041755419123320e-03 +9.9982925973993786e-01 +9.9999973746686743e-01 +9.9999954323865070e-01 +9.9999953925581697e-01 +9.9999684930877486e-01 +4.0400789317128266e-05 +3.6019914163411401e-05 +3.4508270213233302e-05 +3.2751786143466675e-05 +3.1390232857199020e-05
155.50000000 +1.0000000000005504e+00 +1.9999457610098970e+00 +1.9041754787889776e-03 +9.9982925991062310e-01 +9.9999974028265437e-01 +9.9999954020851189e-01 +9.9999954195380425e-01 +9.9999684716166348e-01 +4.0400499104430968e-05 +3.6020136845045113e-05 +3.4507996588689889e-05 +3.2752198338489750e-05 +3.1389654618665786e-05
156.00000000 +1.0000000000005520e+00 +1.9999454211922896e+00 +1.9041754133504259e-03 +9.9982926008732542e-01 +9.9999974309725970e-01 +9.9999953724325885e-01 +9.9999954455070228e-01 +9.9999684512855413e-01 +4.0400118231444457e-05 +3.6020456575774229e-05 +3.4507625449253221e-05 +3.2752704237777829e-05 +3.1388991165093006e-05
156.50000000 +1.0000000000005542e+00 +1.9999450804060237e+00 +1.9041753458926053e-03 +9.9982926026927232e-01 +9.9999974590395557e-01 +9.9999953434762889e-01 +9.9999954704411376e-01 +9.9999684321022841e-01 +4.0399649647842436e-05 +3.6020870057797622e-05 +3.4507160422082275e-05 +3.2753299602098308e-05 +3.1388247842065228e-05
157.00000000 +1.0000000000005551e+00 +1.9999447386522522e+00 +1.9041752767046229e-03 +9.9982926045568410e-01 +9.9999974869602393e-01 +9.9999953152618026e-01 +9.9999954943183667e-01 +9.9999684140730671e-01 +4.0399096327702546e-05 +3.6021373917578059e-05 +3.4506605275532431e-05 +3.2753979987674028e-05 +3.1387430236858153e-05
157.50000000 +1.0000000000005573e+00 +1.9999443959321264e+00 +1.9041752060657813e-03 +9.9982926064579924e-01 +9.9999975146679576e-01 +9.9999952878327902e-01 +9.9999955171187804e-01 +9.9999683972025144e-01 +4.0398461254147536e-05 +3.6021964727545435e-05 +3.4505963890183364e-05 +3.2754740784622356e-05 +3.1386544126611221e-05
158.00000000 +1.0000000000005587e+00 +1.9999440522468084e+00 +1.9041751342454357e-03 +9.9982926083887735e-01 +9.9999975420967324e-01 +9.9999952612307474e-01 +9.9999955388245909e-01 +9.9999683814935991e-01 +4.0397747409716148e-05 +3.6022639022042369e-05 +3.4505240235717342e-05 +3.2755577249172183e-05 +3.1385595433593333e-05
158.50000000 +1.0000000000005604e+00 +1.9999437075974593e+00 +1.9041750615049512e-03 +9.9982926103420500e-01 +9.9999975691817022e-01 +9.9999952354948951e-01 +9.9999955594202028e-01 +9.9999683669476780e-01 +4.0396957772150134e-05 +3.6023393307415794e-05 +3.4504438353999197e-05 +3.2756484529266904e-05 +3.1384590187724108e-05
159.00000000 +1.0000000000005627e+00 +1.9999433619852434e+00 +1.9041749881007234e-03 +9.9982926123109361e-01 +9.9999975958593645e-01 +9.9999952106620027e-01 +9.9999955788922734e-01 +9.9999683535644623e-01 +4.0396095314515169e-05 +3.6024224067117453e-05 +3.4503562347576902e-05 +3.2757457684444528e-05 +3.1383534495110783e-05
159.50000000 +1.0000000000005644e+00 +1.9999430154113298e+00 +1.9041749142872635e-03 +9.9982926142887285e-01 +9.9999976220679188e-01 +9.9999951867662384e-01 +9.9999955972297461e-01 +9.9999683413420326e-01 +4.0395163008127086e-05 +3.6025127763309265e-05 +3.4502616372053504e-05 +3.2758491701743219e-05 +3.1382434510503240e-05
160.00000000 +1.0000000000005667e+00 +1.9999426678768906e+00 +1.9041748403195670e-03 +9.9982926162688546e-01 +9.9999976477475427e-01 +9.9999951638390516e-01 +9.9999956144239099e-01 +9.9999683302768283e-01 +4.0394163826623728e-05 +3.6026100836733722e-05 +3.4501604630424823e-05 +3.2759581509745178e-05 +3.1381296411297555e-05
160.50000000 +1.0000000000005684e+00 +1.9999423193830979e+00 +1.9041747664542263e-03 +9.9982926182448240e-01 +9.9999976728406603e-01 +9.9999951419090349e-01 +9.9999956304683779e-01 +9.9999683203636525e-01 +4.0393100749676699e-05 +3.6027139706542924e-05 +3.4500531367519875e-05 +3.2760721992783184e-05 +3.1380126370971732e-05
161.00000000 +1.0000000000005693e+00 +1.9999419699311300e+00 +1.9041746929490970e-03 +9.9982926202101774e-01 +9.9999976972922311e-01 +9.9999951210018501e-01 +9.9999956453591443e-01 +9.9999683115957050e-01 +4.0391976765187592e-05 +3.6028240771451185e-05 +3.4499400863029385e-05 +3.2761908006889364e-05 +3.1378930530463173e-05
161.50000000 +1.0000000000005718e+00 +1.9999416195221700e+00 +1.9041746200616346e-03 +9.9982926221585311e-01 +9.9999977210500068e-01 +9.9999951011401345e-01 +9.9999956590946071e-01 +9.9999683039646059e-01 +4.0390794869270127e-05 +3.6029400413094232e-05 +3.4498217422147812e-05 +3.2763134398418357e-05 +3.1377714966805250e-05
162.00000000 +1.0000000000005742e+00 +1.9999412681574011e+00 +1.9041745480462100e-03 +9.9982926240835501e-01 +9.9999977440647481e-01 +9.9999950823433703e-01 +9.9999956716755167e-01 +9.9999682974603721e-01 +4.0389558063798070e-05 +3.6030615001949458e-05 +3.4496985363455167e-05 +3.2764396025580412e-05 +3.1376485659152636e-05
162.50000000 +1.0000000000005755e+00 +1.9999409158380101e+00 +1.9041744771508345e-03 +9.9982926259790339e-01 +9.9999977662904316e-01 +9.9999950646278790e-01 +9.9999956831049752e-01 +9.9999682920714850e-01 +4.0388269351708892e-05 +3.6031880905687948e-05 +3.4495709004218577e-05 +3.2765687782497956e-05 +3.1375248452983708e-05
163.00000000 +1.0000000000005773e+00 +1.9999405625651898e+00 +1.9041744076137930e-03 +9.9982926278389961e-01 +9.9999977876845036e-01 +9.9999950480067712e-01 +9.9999956933884604e-01 +9.9999682877849061e-01 +4.0386931730559171e-05 +3.6033194499458083e-05 +3.4494392643710885e-05 +3.2767004624955644e-05 +3.1374009023690894e-05
163.50000000 +1.0000000000005793e+00 +1.9999402083401345e+00 +1.9041743396605412e-03 +9.9982926296577157e-01 +9.9999978082080176e-01 +9.9999950324898701e-01 +9.9999957025337727e-01 +9.9999682845861348e-01 +4.0385548184998487e-05 +3.6034552177385461e-05 +3.4493040545391978e-05 +3.2768341596782425e-05 +3.1372772840922528e-05
164.00000000 +1.0000000000005806e+00 +1.9999398531640384e+00 +1.9041742735011909e-03 +9.9982926314298015e-01 +9.9999978278257973e-01 +9.9999950180837305e-01 +9.9999957105509829e-01 +9.9999682824592040e-01 +4.0384121678858848e-05 +3.6035950364503039e-05 +3.4491656918859051e-05 +3.2769693855784159e-05 +3.1371545134942295e-05
164.50000000 +1.0000000000005829e+00 +1.9999394970381037e+00 +1.9041742093287187e-03 +9.9982926331503053e-01 +9.9999978465065853e-01 +9.9999950047916486e-01 +9.9999957174524001e-01 +9.9999682813867674e-01 +4.0382655147485620e-05 +3.6037385528400126e-05 +3.4490245902382932e-05 +3.2771056698303342e-05 +3.1370330866001148e-05
165.00000000 +1.0000000000005831e+00 +1.9999391399635345e+00 +1.9041741473178832e-03 +9.9982926348146883e-01 +9.9999978642231524e-01 +9.9999949926136178e-01 +9.9999957232525261e-01 +9.9999682813501167e-01 +4.0381151490777230e-05 +3.6038854190038732e-05 +3.4488811546647462e-05 +3.2772425581748062e-05 +3.1369134697341386e-05
165.50000000 +1.0000000000005860e+00 +1.9999387819415368e+00 +1.9041740876247946e-03 +9.9982926364189462e-01 +9.9999978809524193e-01 +9.9999949815464617e-01 +9.9999957279680141e-01 +9.9999682823292746e-01 +4.0379613567209363e-05 +3.6040352933405693e-05 +3.4487357800053207e-05 +3.2773796144747926e-05 +3.1367960972068786e-05
166.00000000 +1.0000000000005871e+00 +1.9999384229733201e+00 +1.9041740303869295e-03 +9.9982926379595061e-01 +9.9999978966754444e-01 +9.9999949715837277e-01 +9.9999957316175236e-01 +9.9999682843029802e-01 +4.0378044188924701e-05 +3.6041878413887807e-05 +3.4485888495691950e-05 +3.2775164224886386e-05 +3.1366813693800670e-05
166.50000000 +1.0000000000005891e+00 +1.9999380630600978e+00 +1.9041739757234251e-03 +9.9982926394333438e-01 +9.9999979113775650e-01 +9.9999949627159013e-01 +9.9999957342217372e-01 +9.9999682872488282e-01 +4.0376446117801508e-05 +3.6043427365450327e-05 +3.4484407339883223e-05 +3.2776525874192085e-05 +3.1365696510767351e-05
167.00000000 +1.0000000000005902e+00 +1.9999377022030866e+00 +1.9041739237354866e-03 +9.9982926408378991e-01 +9.9999979250483251e-01 +9.9999949549303768e-01 +9.9999957358031955e-01 +9.9999682911432630e-01 +4.0374822062296744e-05 +3.6044996606837389e-05 +3.4482917902016717e-05 +3.2777877372711682e-05 +3.1364612702942032e-05
167.50000000 +1.0000000000005929e+00 +1.9999373404035041e+00 +1.9041738745067421e-03 +9.9982926421711060e-01 +9.9999979376815518e-01 +9.9999949482116046e-01 +9.9999957363862746e-01 +9.9999682959617175e-01 +4.0373174674794785e-05 +3.6046583047084395e-05 +3.4481423605374781e-05 +3.2779215240533553e-05 +3.1363565171771082e-05
168.00000000 +1.0000000000005944e+00 +1.9999369776625751e+00 +1.9041738281034993e-03 +9.9982926434313601e-01 +9.9999979492752344e-01 +9.9999949425411339e-01 +9.9999957359970171e-01 +9.9999683016785879e-01 +4.0371506549185454e-05 +3.6048183690644609e-05 +3.4479927718613390e-05 +3.2780536248594935e-05 +3.1362556432169840e-05
168.50000000 +1.0000000000005955e+00 +1.9999366139815240e+00 +1.9041737845748594e-03 +9.9982926446175113e-01 +9.9999979598315603e-01 +9.9999949378977959e-01 +9.9999957346630841e-01 +9.9999683082673940e-01 +4.0369820218428881e-05 +3.6049795642389118e-05 +3.4478433347639461e-05 +3.2781837428511305e-05 +3.1361588606583782e-05
169.00000000 +1.0000000000005982e+00 +1.9999362493615789e+00 +1.9041737439527417e-03 +9.9982926457288945e-01 +9.9999979693567698e-01 +9.9999949342578132e-01 +9.9999957324136435e-01 +9.9999683157008323e-01 +4.0368118151931087e-05 +3.6051416112664614e-05 +3.4476943427720291e-05 +3.2783116081544463e-05 +3.1360663421063058e-05
169.50000000 +1.0000000000005997e+00 +1.9999358838039740e+00 +1.9041737062518529e-03 +9.9982926467652378e-01 +9.9999979778610626e-01 +9.9999949315948899e-01 +9.9999957292791830e-01 +9.9999683239508019e-01 +4.0366402752631938e-05 +3.6053042422501393e-05 +3.4475460715765916e-05 +3.2784369786699630e-05 +3.1359782203427297e-05
170.00000000 +1.0000000000006006e+00 +1.9999355173099409e+00 +1.9041736714696957e-03 +9.9982926477267409e-01 +9.9999979853584831e-01 +9.9999949298804380e-01 +9.9999957252914706e-01 +9.9999683329885414e-01 +4.0364676353786191e-05 +3.6054672008976505e-05 +3.4473987782826806e-05 +3.2785596407842226e-05 +3.1358945883681500e-05
170.50000000 +1.0000000000006031e+00 +1.9999351498807192e+00 +1.9041736395866758e-03 +9.9982926486140467e-01 +9.9999979918667925e-01 +9.9999949290837109e-01 +9.9999957204833922e-01 +9.9999683427847164e-01 +4.0362941215484157e-05 +3.6056302430663217e-05 +3.4472527006922251e-05 +3.2786794099657979e-05 +3.1358154996877617e-05
171.00000000 +1.0000000000006046e+00 +1.9999347815175510e+00 +1.9041736105663736e-03 +9.9982926494281987e-01 +9.9999979974072284e-01 +9.9999949291719581e-01 +9.9999957148887986e-01 +9.9999683533094397e-01 +4.0361199521002735e-05 +3.6057931373048662e-05 +3.4471080566361189e-05 +3.2787961312254676e-05 +3.1357409688599633e-05
171.50000000 +1.0000000000006057e+00 +1.9999344122216778e+00 +1.9041735843560044e-03 +9.9982926501706681e-01 +9.9999980020043910e-01 +9.9999949301106283e-01 +9.9999957085424152e-01 +9.9999683645324178e-01 +4.0359453373103367e-05 +3.6059556653781163e-05 +3.4469650433725765e-05 +3.2789096794217221e-05 +3.1356709723194903e-05
172.00000000 +1.0000000000006082e+00 +1.9999340419943494e+00 +1.9041735608870975e-03 +9.9982926508433401e-01 +9.9999980056860027e-01 +9.9999949318635861e-01 +9.9999957014796881e-01 +9.9999683764230263e-01 +4.0357704790393452e-05 +3.6061176227610384e-05 +3.4468238370675103e-05 +3.2790199593971243e-05 +3.1356054494792348e-05
172.50000000 +1.0000000000006102e+00 +1.9999336708368183e+00 +1.9041735400763652e-03 +9.9982926514484427e-01 +9.9999980084826556e-01 +9.9999949343932526e-01 +9.9999956937366052e-01 +9.9999683889503699e-01 +4.0355955703852763e-05 +3.6062788190905495e-05 +3.4466845923686329e-05 +3.2791269059367273e-05 +3.1355443041061629e-05
173.00000000 +1.0000000000006120e+00 +1.9999332987503329e+00 +1.9041735218267421e-03 +9.9982926519886017e-01 +9.9999980104275932e-01 +9.9999949376608555e-01 +9.9999956853495986e-01 +9.9999684020833979e-01 +4.0354207953600317e-05 +3.6064390785672308e-05 +3.4465474420806686e-05 +3.2792304835463899e-05 +3.1354874059587070e-05
173.50000000 +1.0000000000006140e+00 +1.9999329257361527e+00 +1.9041735060285690e-03 +9.9982926524667493e-01 +9.9999980115564713e-01 +9.9999949416266287e-01 +9.9999956763553943e-01 +9.9999684157910040e-01 +4.0352463285944949e-05 +3.6065982403027195e-05 +3.4464124969440016e-05 +3.2793306860545074e-05 +3.1354345926665871e-05
174.00000000 +1.0000000000006157e+00 +1.9999325517955373e+00 +1.9041734925608551e-03 +9.9982926528861105e-01 +9.9999980119070409e-01 +9.9999949462500259e-01 +9.9999956667908374e-01 +9.9999684300420633e-01 +4.0350723350731118e-05 +3.6067561586121090e-05 +3.4462798455151771e-05 +3.2794275360450314e-05 +3.1353856718301108e-05
174.50000000 +1.0000000000006180e+00 +1.9999321769297489e+00 +1.9041734812926204e-03 +9.9982926532501915e-01 +9.9999980115189069e-01 +9.9999949514899344e-01 +9.9999956566927861e-01 +9.9999684448056014e-01 +4.0348989698967461e-05 +3.6069127032538544e-05 +3.4461495541446426e-05 +3.2795210841327077e-05 +3.1353404233141788e-05
175.00000000 +1.0000000000006195e+00 +1.9999318011400520e+00 +1.9041734720842791e-03 +9.9982926535627070e-01 +9.9999980104331998e-01 +9.9999949573048974e-01 +9.9999956460979056e-01 +9.9999684600508132e-01 +4.0347263780705481e-05 +3.6070677596209839e-05 +3.4460216670454614e-05 +3.2796114080920169e-05 +3.1352986017125080e-05
175.50000000 +1.0000000000006217e+00 +1.9999314244277175e+00 +1.9041734647890229e-03 +9.9982926538275729e-01 +9.9999980086923168e-01 +9.9999949636533547e-01 +9.9999956350426056e-01 +9.9999684757471896e-01 +4.0345546943128423e-05 +3.6072212288886505e-05 +3.4458962064464607e-05 +3.2796986118514823e-05 +3.1352599389590303e-05
176.00000000 +1.0000000000006226e+00 +1.9999310467940208e+00 +1.9041734592542322e-03 +9.9982926540488426e-01 +9.9999980063395644e-01 +9.9999949704938018e-01 +9.9999956235628007e-01 +9.9999684918646015e-01 +4.0343840428809780e-05 +3.6073730281226379e-05 +3.4457731728239550e-05 +3.2797828243631981e-05 +3.1352241470655782e-05
176.50000000 +1.0000000000006246e+00 +1.9999306682402289e+00 +1.9041734553228715e-03 +9.9982926542307116e-01 +9.9999980034189218e-01 +9.9999949777851216e-01 +9.9999956116938526e-01 +9.9999685083734036e-01 +4.0342145374104818e-05 +3.6075230903523877e-05 +3.4456525452073884e-05 +3.2798641983560530e-05 +3.1351909209669628e-05
177.00000000 +1.0000000000006262e+00 +1.9999302887676274e+00 +1.9041734528349055e-03 +9.9982926543774231e-01 +9.9999979999746402e-01 +9.9999949854866732e-01 +9.9999955994703604e-01 +9.9999685252444781e-01 +4.0340462807651947e-05 +3.6076713646111584e-05 +3.4455342815560750e-05 +3.2799429089792427e-05 +3.1351599414561997e-05
177.50000000 +1.0000000000006275e+00 +1.9999299083774942e+00 +1.9041734516287059e-03 +9.9982926544932793e-01 +9.9999979960510021e-01 +9.9999949935586019e-01 +9.9999955869260682e-01 +9.9999685424493634e-01 +4.0338793648970442e-05 +3.6078178159441893e-05 +3.4454183192054075e-05 +3.2800191523415872e-05 +3.1351308781933052e-05
178.00000000 +1.0000000000006297e+00 +1.9999295270711137e+00 +1.9041734515424726e-03 +9.9982926545825945e-01 +9.9999979916919945e-01 +9.9999950019620087e-01 +9.9999955740937230e-01 +9.9999685599603494e-01 +4.0337138707153507e-05 +3.6079624253846530e-05 +3.4453045753822867e-05 +3.2800931439512851e-05 +3.1351033927711313e-05
178.50000000 +1.0000000000006306e+00 +1.9999291448497754e+00 +1.9041734524156459e-03 +9.9982926546496109e-01 +9.9999979869409672e-01 +9.9999950106591351e-01 +9.9999955610048952e-01 +9.9999685777504810e-01 +4.0335498679666008e-05 +3.6081051898962303e-05 +3.4451929477899703e-05 +3.2801651170611566e-05 +3.1350771418208740e-05
179.00000000 +1.0000000000006335e+00 +1.9999287617147667e+00 +1.9041734540903108e-03 +9.9982926546985607e-01 +9.9999979818404039e-01 +9.9999950196136456e-01 +9.9999955476899405e-01 +9.9999685957937468e-01 +4.0333874151261442e-05 +3.6082461222806229e-05 +3.4450833152626917e-05 +3.2802353209246819e-05 +3.1350517801387030e-05
179.50000000 +1.0000000000006346e+00 +1.9999283776673833e+00 +1.9041734564125981e-03 +9.9982926547335060e-01 +9.9999979764315428e-01 +9.9999950287906825e-01 +9.9999955341777702e-01 +9.9999686140650779e-01 +4.0332265593037613e-05 +3.6083852510482360e-05 +3.4449755384900066e-05 +3.2803040189696275e-05 +3.1350269638137796e-05
180.00000000 +1.0000000000006359e+00 +1.9999279927089226e+00 +1.9041734592340456e-03 +9.9982926547584217e-01 +9.9999979707541775e-01 +9.9999950381571689e-01 +9.9999955204958380e-01 +9.9999686325404546e-01 +4.0330673361647740e-05 +3.6085226202505123e-05 +3.4448694608100590e-05 +3.2803714868969912e-05 +3.1350023533364239e-05
180.50000000 +1.0000000000006384e+00 +1.9999276068406810e+00 +1.9041734624129255e-03 +9.9982926547770845e-01 +9.9999979648463622e-01 +9.9999950476819333e-01 +9.9999955066699753e-01 +9.9999686511970010e-01 +4.0329097698683561e-05 +3.6086582892729777e-05 +3.4447649090700091e-05 +3.2804380107145384e-05 +3.1349776166648220e-05
181.00000000 +1.0000000000006390e+00 +1.9999272200639622e+00 +1.9041734658155139e-03 +9.9982926547930540e-01 +9.9999979587440946e-01 +9.9999950573358387e-01 +9.9999954927242685e-01 +9.9999686700129897e-01 +4.0327538730241836e-05 +3.6087923325886433e-05 +3.4446616945510143e-05 +3.2805038847152046e-05 +3.1349524322278250e-05
181.50000000 +1.0000000000006419e+00 +1.9999268323800792e+00 +1.9041734693173032e-03 +9.9982926548096984e-01 +9.9999979524812022e-01 +9.9999950670920201e-01 +9.9999954786810319e-01 +9.9999686889680095e-01 +4.0325996466679574e-05 +3.6089248394721478e-05 +3.4445596139541614e-05 +3.2805694094114610e-05 +3.1349264918420169e-05
182.00000000 +1.0000000000006433e+00 +1.9999264437903315e+00 +1.9041734728041297e-03 +9.9982926548300555e-01 +9.9999979460889576e-01 +9.9999950769258983e-01 +9.9999954645606104e-01 +9.9999687080429200e-01 +4.0324470802560087e-05 +3.6090559136754937e-05 +3.4444584504431683e-05 +3.2806348894372557e-05 +3.1348995035216608e-05
182.50000000 +1.0000000000006448e+00 +1.9999260542960360e+00 +1.9041734761732075e-03 +9.9982926548569140e-01 +9.9999979395960259e-01 +9.9999950868154153e-01 +9.9999954503813970e-01 +9.9999687272199878e-01 +4.0322961516787249e-05 +3.6091856730668441e-05 +3.4443579747392456e-05 +3.2807006314292621e-05 +3.1348711941613517e-05
183.00000000 +1.0000000000006473e+00 +1.9999256638985061e+00 +1.9041734793340884e-03 +9.9982926548927364e-01 +9.9999979330281685e-01 +9.9999950967411144e-01 +9.9999954361597299e-01 +9.9999687464829423e-01 +4.0321468272922089e-05 +3.6093142492339158e-05 +3.4442579462631985e-05 +3.2807669418990542e-05 +3.1348413120724321e-05
183.50000000 +1.0000000000006488e+00 +1.9999252725990579e+00 +1.9041734822094903e-03 +9.9982926549396267e-01 +9.9999979264081262e-01 +9.9999951066861814e-01 +9.9999954219097720e-01 +9.9999687658169634e-01 +4.0319990619676104e-05 +3.6094417870538069e-05 +3.4441581143199648e-05 +3.2808341251075122e-05 +3.1348096293558073e-05
184.00000000 +1.0000000000006510e+00 +1.9999248803990184e+00 +1.9041734847360385e-03 +9.9982926549993489e-01 +9.9999979197554734e-01 +9.9999951166366186e-01 +9.9999954076435216e-01 +9.9999687852088115e-01 +4.0318527991572876e-05 +3.6095684442309008e-05 +3.4440582193207634e-05 +3.2809024809524115e-05 +3.1347759440952911e-05
184.50000000 +1.0000000000006519e+00 +1.9999244872997095e+00 +1.9041734868648903e-03 +9.9982926550732720e-01 +9.9999979130864625e-01 +9.9999951265812359e-01 +9.9999953933707131e-01 +9.9999688046468171e-01 +4.0317079709773071e-05 +3.6096943908045443e-05 +3.4439579940382555e-05 +3.2809723028795381e-05 +3.1347400823569244e-05
185.00000000 +1.0000000000006541e+00 +1.9999240933024542e+00 +1.9041734885622418e-03 +9.9982926551624129e-01 +9.9999979064139910e-01 +9.9999951365117534e-01 +9.9999953790988261e-01 +9.9999688241209639e-01 +4.0315644983057187e-05 +3.6098198086278499e-05 +3.4438571648903193e-05 +3.2810438758276048e-05 +3.1347018999813797e-05
185.50000000 +1.0000000000006557e+00 +1.9999236984085860e+00 +1.9041734898097103e-03 +9.9982926552673435e-01 +9.9999978997474503e-01 +9.9999951464227999e-01 +9.9999953648329876e-01 +9.9999688436228773e-01 +4.0314222908963180e-05 +3.6099448908189532e-05 +3.4437554532480701e-05 +3.2811174742165597e-05 +3.1346612841576051e-05
186.00000000 +1.0000000000006577e+00 +1.9999233026194407e+00 +1.9041734906045961e-03 +9.9982926553882634e-01 +9.9999978930927391e-01 +9.9999951563119693e-01 +9.9999953505760031e-01 +9.9999688631458983e-01 +4.0312812475077582e-05 +3.6100698411859755e-05 +3.4436525767639712e-05 +3.2811933599889347e-05 +3.1346181547673258e-05
186.50000000 +1.0000000000006595e+00 +1.9999229059363497e+00 +1.9041734909600423e-03 +9.9982926555249330e-01 +9.9999978864521843e-01 +9.9999951661797937e-01 +9.9999953363283256e-01 +9.9999688826850808e-01 +4.0311412560478274e-05 +3.6101948736266319e-05 +3.4435482507157071e-05 +3.2812717807135363e-05 +3.1345724654911563e-05
187.00000000 +1.0000000000006612e+00 +1.9999225083606560e+00 +1.9041734909050162e-03 +9.9982926556767260e-01 +9.9999978798246136e-01 +9.9999951760297479e-01 +9.9999953220880311e-01 +9.9999689022372495e-01 +4.0310021937331168e-05 +3.6103202115037966e-05 +3.4434421893615925e-05 +3.2813529677605920e-05 +3.1345242046685835e-05
187.50000000 +1.0000000000006632e+00 +1.9999221098936986e+00 +1.9041734904842158e-03 +9.9982926558426033e-01 +9.9999978732053174e-01 +9.9999951858682146e-01 +9.9999953078508586e-01 +9.9999689218009669e-01 +4.0308639272638895e-05 +3.6104460869980469e-05 +3.4433341073029744e-05 +3.2814371345574470e-05 +3.1344733959052541e-05
188.00000000 +1.0000000000006646e+00 +1.9999217105368281e+00 +1.9041734897578286e-03 +9.9982926560211194e-01 +9.9999978665861256e-01 +9.9999951957044442e-01 +9.9999952936102021e-01 +9.9999689413765880e-01 +4.0307263130143161e-05 +3.6105727404385492e-05 +3.4432237208492051e-05 +3.2815244749334660e-05 +3.1344200984227284e-05
188.50000000 +1.0000000000006664e+00 +1.9999213102913906e+00 +1.9041734888011455e-03 +9.9982926562104335e-01 +9.9999978599554984e-01 +9.9999952055504893e-01 +9.9999952793571434e-01 +9.9999689609662668e-01 +4.0305891972379348e-05 +3.6107004196136797e-05 +3.4431107493803724e-05 +3.2816151615626994e-05 +3.1343644071472162e-05
189.00000000 +1.0000000000006688e+00 +1.9999209091587344e+00 +1.9041734877040773e-03 +9.9982926564083430e-01 +9.9999978532986178e-01 +9.9999952154211502e-01 +9.9999952650804846e-01 +9.9999689805739256e-01 +4.0304524162881690e-05 +3.6108293790629412e-05 +3.4429949167030480e-05 +3.2817093445123053e-05 +3.1343064525357674e-05
189.50000000 +1.0000000000006690e+00 +1.9999205071402184e+00 +1.9041734865705372e-03 +9.9982926566122465e-01 +9.9999978465975026e-01 +9.9999952253338054e-01 +9.9999952507667778e-01 +9.9999690002052766e-01 +4.0303157968537377e-05 +3.6109598793517614e-05 +3.4428759523942813e-05 +3.2818071499043777e-05 +3.1342464001398846e-05
190.00000000 +1.0000000000006715e+00 +1.9999201042371990e+00 +1.9041734855176850e-03 +9.9982926568192421e-01 +9.9999978398312117e-01 +9.9999952353084443e-01 +9.9999952364004163e-01 +9.9999690198678315e-01 +4.0301791562085531e-05 +3.6110921863310418e-05 +3.4427535931289013e-05 +3.2819086786982174e-05 +3.1341844499084517e-05
190.50000000 +1.0000000000006741e+00 +1.9999197004510358e+00 +1.9041734846750925e-03 +9.9982926570260766e-01 +9.9999978329759320e-01 +9.9999952453674079e-01 +9.9999952219636556e-01 +9.9999690395708563e-01 +4.0300423024757595e-05 +3.6112265703832379e-05 +3.4426275839855100e-05 +3.2820140055994614e-05 +3.1341208352335551e-05
191.00000000 +1.0000000000006757e+00 +1.9999192957830909e+00 +1.9041734841837665e-03 +9.9982926572292041e-01 +9.9999978260052369e-01 +9.9999952555353022e-01 +9.9999952074366816e-01 +9.9999690593253454e-01 +4.0299050349054781e-05 +3.6113633056567750e-05 +3.4424976797263471e-05 +3.2821231781018779e-05 +3.1340558217446240e-05
191.50000000 +1.0000000000006768e+00 +1.9999188902347333e+00 +1.9041734841950789e-03 +9.9982926574247888e-01 +9.9999978188902916e-01 +9.9999952658388869e-01 +9.9999951927977260e-01 +9.9999690791440454e-01 +4.0297671441657581e-05 +3.6115026692907822e-05 +3.4423636460466048e-05 +3.2822362156669005e-05 +3.1339897058577431e-05
192.00000000 +1.0000000000006786e+00 +1.9999184838073318e+00 +1.9041734848696222e-03 +9.9982926576088005e-01 +9.9999978116000932e-01 +9.9999952763068711e-01 +9.9999951780231477e-01 +9.9999690990414047e-01 +4.0296284126463231e-05 +3.6116449406319021e-05 +3.4422252607887370e-05 +3.2823531090453022e-05 +3.1339228130889707e-05
192.50000000 +1.0000000000006801e+00 +1.9999180765022575e+00 +1.9041734863759232e-03 +9.9982926577769515e-01 +9.9999978041016979e-01 +9.9999952869697384e-01 +9.9999951630874828e-01 +9.9999691190335205e-01 +4.0294886147746386e-05 +3.6117904004451022e-05 +3.4420823151175341e-05 +3.2824738197447718e-05 +3.1338554961416533e-05
193.00000000 +1.0000000000006821e+00 +1.9999176683208872e+00 +1.9041734888891352e-03 +9.9982926579248077e-01 +9.9999977963605113e-01 +9.9999952978595918e-01 +9.9999951479636073e-01 +9.9999691391381418e-01 +4.0293475173437878e-05 +3.6119393301202185e-05 +3.4419346146519038e-05 +3.2825982796463811e-05 +3.1337881327793482e-05
193.50000000 +1.0000000000006841e+00 +1.9999172592645975e+00 +1.9041734925896133e-03 +9.9982926580477827e-01 +9.9999977883405544e-01 +9.9999953090099158e-01 +9.9999951326228165e-01 +9.9999691593745810e-01 +4.0292048798518232e-05 +3.6120920108761649e-05 +3.4417819805493726e-05 +3.2827263907722785e-05 +3.1337211234974053e-05
194.00000000 +1.0000000000006857e+00 +1.9999168493347703e+00 +1.9041734976614536e-03 +9.9982926581411857e-01 +9.9999977800047979e-01 +9.9999953204554104e-01 +9.9999951170349255e-01 +9.9999691797637102e-01 +4.0290604548520784e-05 +3.6122487229645062e-05 +3.4416242505395990e-05 +3.2828580252063918e-05 +3.1336548890073963e-05
194.50000000 +1.0000000000006872e+00 +1.9999164385327903e+00 +1.9041735042909576e-03 +9.9982926582002840e-01 +9.9999977713154142e-01 +9.9999953322317614e-01 +9.9999951011684551e-01 +9.9999692003278795e-01 +4.0289139883140282e-05 +3.6124097448742477e-05 +3.4414612799032241e-05 +3.2829930251689353e-05 +3.1335898675498652e-05
195.00000000 +1.0000000000006890e+00 +1.9999160268600431e+00 +1.9041735126650691e-03 +9.9982926582202980e-01 +9.9999977622341496e-01 +9.9999953443754119e-01 +9.9999950849906971e-01 +9.9999692210908808e-01 +4.0287652199942120e-05 +3.6125753525396970e-05 +3.4412929423925526e-05 +3.2831312032451883e-05 +3.1335265120520614e-05
195.50000000 +1.0000000000006906e+00 +1.9999156143179218e+00 +1.9041735229697741e-03 +9.9982926581964715e-01 +9.9999977527226047e-01 +9.9999953569233635e-01 +9.9999950684678907e-01 +9.9999692420778752e-01 +4.0286138838167830e-05 +3.6127458185531130e-05 +3.4411191310908785e-05 +3.2832723427679381e-05 +3.1334652871482450e-05
196.00000000 +1.0000000000006932e+00 +1.9999152009078178e+00 +1.9041735353884709e-03 +9.9982926581241360e-01 +9.9999977427425957e-01 +9.9999953699129052e-01 +9.9999950515653502e-01 +9.9999692633153403e-01 +4.0284597082631129e-05 +3.6129214113841219e-05 +3.4409397592072176e-05 +3.2834161983525712e-05 +3.1334066660812431e-05
196.50000000 +1.0000000000006946e+00 +1.9999147866311213e+00 +1.9041735501003491e-03 +9.9982926579986786e-01 +9.9999977322564459e-01 +9.9999953833814037e-01 +9.9999950342475985e-01 +9.9999692848309729e-01 +4.0283024167699614e-05 +3.6131023946075541e-05 +3.4407547608036395e-05 +3.2835624965827794e-05 +3.1333511275046090e-05
197.00000000 +1.0000000000006957e+00 +1.9999143714892398e+00 +1.9041735672787441e-03 +9.9982926578156650e-01 +9.9999977212273683e-01 +9.9999953973660582e-01 +9.9999950164785600e-01 +9.9999693066536621e-01 +4.0281417281356471e-05 +3.6132890261417075e-05 +3.4405640914524869e-05 +3.2837109368444000e-05 +3.1332991522056141e-05
197.50000000 +1.0000000000006986e+00 +1.9999139554835683e+00 +1.9041735870895195e-03 +9.9982926575708453e-01 +9.9999977096197867e-01 +9.9999954119036838e-01 +9.9999949982216763e-01 +9.9999693288134051e-01 +4.0279773569335797e-05 +3.6134815574986333e-05 +3.4403677288210415e-05 +3.2838611923039197e-05 +3.1332512197697366e-05
198.00000000 +1.0000000000006997e+00 +1.9999135386155138e+00 +1.9041736096894754e-03 +9.9982926572601705e-01 +9.9999976973995719e-01 +9.9999954270304015e-01 +9.9999949794400611e-01 +9.9999693513411492e-01 +4.0278090139326602e-05 +3.6136802330483458e-05 +3.4401656731814768e-05 +3.2840129110277385e-05 +3.1332078052078700e-05
198.50000000 +1.0000000000007028e+00 +1.9999131208864873e+00 +1.9041736352247789e-03 +9.9982926568798969e-01 +9.9999976845345395e-01 +9.9999954427814863e-01 +9.9999949600967108e-01 +9.9999693742688545e-01 +4.0276364065238946e-05 +3.6138852892985815e-05 +3.4399579478441869e-05 +3.2841657172373654e-05 +3.1331693755677406e-05
199.00000000 +1.0000000000007039e+00 +1.9999127022978909e+00 +1.9041736638294498e-03 +9.9982926564265240e-01 +9.9999976709945793e-01 +9.9999954591910589e-01 +9.9999949401545785e-01 +9.9999693976292514e-01 +4.0274592391525564e-05 +3.6140969541918202e-05 +3.4397445995128195e-05 +3.2843192126953090e-05 +3.1331363865511522e-05
199.50000000 +1.0000000000007052e+00 +1.9999122828511429e+00 +1.9041736956239106e-03 +9.9982926558969665e-01 +9.9999976567520910e-01 +9.9999954762918930e-01 +9.9999949195768301e-01 +9.9999694214558721e-01 +4.0272772137554920e-05 +3.6143154464210827e-05 +3.4395256985595786e-05 +3.2844729782156275e-05 +3.1331092791587811e-05
200.00000000 +1.0000000000007077e+00 +1.9999118625476588e+00 +1.9041737307135768e-03 +9.9982926552884743e-01 +9.9999976417822334e-01 +9.9999954941151881e-01 +9.9999948983269760e-01 +9.9999694457829180e-01 +4.0270900302028016e-05 +3.6145409747662131e-05 +3.4393013392197820e-05 +3.2846265752926715e-05 +3.1330884763841218e-05
#
#Timing:
#    proc        CPU Pre        CPU all       Wall Pre       Wall all
#       0           0.15         182.54           0.16         182.64
