#PATCH_CHECK: SepMBpoisson v0.61 exact-bernoulli stratified-backward active
#discretizing the bath:
#     0 0.0000000000000000e+00 -6.3189999999999946e-01
#     1 3.6514837167011074e-03 -2.5173285690323666e-01
#     2 3.6514837167011074e-03 -2.3307306538107089e-01
#     3 3.6514837167011074e-03 -2.1350616694249586e-01
#     4 3.6514837167011074e-03 -1.9307241725674809e-01
#     5 3.6514837167011074e-03 -1.7180714264857105e-01
#     6 3.6514837167011074e-03 -1.4974167128288318e-01
#     7 3.6514837167011074e-03 -1.2690403514596213e-01
#     8 3.6514837167011074e-03 -1.0331951065357042e-01
#     9 3.6514837167011074e-03 -7.9011042677658239e-02
#sampling: jump_strength=9.1287092917527700e-03 jump_probability=9.0461298025696513e-03 log_scale=9.0872944768161570e-03 back_replicas=12 stratify_forward=1
#adaptive measurement: gap=2.1265274608177037e-02 period_steps=591 nmeas=116 nwf=400 tmax=2.0000000000000000e+02 forced_stride=0
  0.00000000 +5.0000000000000000e+00 +1.9999999999999998e+00 +1.8374661879283106e-03 +1.0000000000000000e+00 +1.0000000000000000e+00 +1.0000000000000000e+00 +1.0000000000000000e+00 +1.0000000000000000e+00 +0.0000000000000000e+00 +0.0000000000000000e+00 +0.0000000000000000e+00 +0.0000000000000000e+00 +0.0000000000000000e+00
  0.50000000 +5.0000000000000000e+00 +1.9999999999674647e+00 +1.8441066765241211e-03 +9.9998314142098710e-01 +1.0000000000121532e+00 +1.0000000000121532e+00 +1.0000000000121532e+00 +1.0000000000121532e+00 +3.4059900352564482e-06 +3.4161241684422234e-06 +3.4290221561332146e-06 +3.3368936726261455e-06 +3.2705611645010524e-06
  1.00000000 +5.0000000000000000e+00 +2.0000000008234231e+00 +1.8625221191547749e-03 +9.9993636230404448e-01 +9.9999999992879651e-01 +9.9999999993219124e-01 +9.9999999994407263e-01 +9.9999999992370470e-01 +1.2937359150114095e-05 +1.2827667877730877e-05 +1.2821343629325383e-05 +1.2492969372214875e-05 +1.2558568200714112e-05
  1.50000000 +5.0000000000000000e+00 +2.0000000063813426e+00 +1.8888531079707031e-03 +9.9986939201072589e-01 +9.9999999959962771e-01 +9.9999999957070929e-01 +9.9999999956332797e-01 +9.9999999946935869e-01 +2.6739240434884329e-05 +2.6375751528895821e-05 +2.6358769074930274e-05 +2.5594812497552456e-05 +2.5541288994189495e-05
  2.00000000 +5.0000000000000000e+00 +2.0000000089148839e+00 +1.9182415002108140e-03 +9.9979447887428174e-01 +9.9999999837739750e-01 +9.9999999825345764e-01 +9.9999999832098352e-01 +9.9999999822563024e-01 +4.2597458667755414e-05 +4.1896923687103286e-05 +4.1407324235825070e-05 +3.9945554428123588e-05 +3.9680791135054223e-05
  2.50000000 +5.0000000000000000e+00 +1.9999999854120420e+00 +1.9445732210675540e-03 +9.9972708895681339e-01 +9.9999999584925070e-01 +9.9999999553190699e-01 +9.9999999557486974e-01 +9.9999999564053010e-01 +5.7451652439976038e-05 +5.5843660110420061e-05 +5.5194493712119792e-05 +5.2623374367912004e-05 +5.1815328245434737e-05
  3.00000000 +5.0000000000000000e+00 +2.0000000098863246e+00 +1.9622985204602451e-03 +9.9968131642367175e-01 +9.9999999091246017e-01 +9.9999999097434022e-01 +9.9999999086059277e-01 +9.9999999081608149e-01 +6.8763786708079058e-05 +6.5997925749285429e-05 +6.4383012311257072e-05 +6.0585955856474135e-05 +5.8989411301591310e-05
  3.50000000 +5.0000000000000000e+00 +1.9999999584629375e+00 +1.9684783174175203e-03 +9.9966469027129967e-01 +9.9999998408389645e-01 +9.9999998379267474e-01 +9.9999998409999513e-01 +9.9999998446811655e-01 +7.4089012475034530e-05 +7.0621377212299835e-05 +6.7639262517418699e-05 +6.2783561611873094e-05 +6.0240047976993776e-05
  4.00000000 +5.0000000000000000e+00 +1.9999999963681283e+00 +1.9621693179930236e-03 +9.9967978481729658e-01 +9.9999997578492961e-01 +9.9999997490625003e-01 +9.9999997547402641e-01 +9.9999997635831706e-01 +7.3446580942813496e-05 +6.8912846846626657e-05 +6.4540413948828261e-05 +5.8613712807057001e-05 +5.4799002849834160e-05
  4.50000000 +5.0000000000000000e+00 +1.9999999584131476e+00 +1.9439755762854722e-03 +9.9972527164468539e-01 +9.9999996648652800e-01 +9.9999996433715843e-01 +9.9999996654287449e-01 +9.9999996601747587e-01 +6.6494141664026623e-05 +6.0765061967200067e-05 +5.4864892745111081e-05 +4.8446819941582916e-05 +4.4294074653904030e-05
  5.00000000 +5.0000000000000000e+00 +2.0000000548083081e+00 +1.9173784241598520e-03 +9.9979251015495907e-01 +9.9999995542320363e-01 +9.9999995480214943e-01 +9.9999995618260984e-01 +9.9999995587124291e-01 +5.3293315182137631e-05 +4.7560238689033028e-05 +4.1314075579349458e-05 +3.5579514260290479e-05 +2.9920444017233579e-05
  5.50000000 +5.0000000000000000e+00 +2.0000000368180308e+00 +1.8890913298151998e-03 +9.9986464263064612e-01 +9.9999994516266100e-01 +9.9999994442256357e-01 +9.9999994663433300e-01 +9.9999994946276394e-01 +3.8987002730805143e-05 +3.2341865667143024e-05 +2.7276386175780438e-05 +2.1225360065987647e-05 +1.5741130748962530e-05
  6.00000000 +5.0000000000000000e+00 +2.0000001633164226e+00 +1.8640002560342045e-03 +9.9992926117684666e-01 +9.9999993790805564e-01 +9.9999993975812096e-01 +9.9999994159436401e-01 +9.9999994334450670e-01 +2.3610497272070553e-05 +1.7653092970774273e-05 +1.3247706267876861e-05 +1.0376122812553881e-05 +6.0887803817884699e-06
  6.50000000 +5.0000000000000000e+00 +2.0000002547921265e+00 +1.8471618474130017e-03 +9.9997346476418780e-01 +9.9999993474962523e-01 +9.9999993290358025e-01 +9.9999993771258466e-01 +9.9999993903329121e-01 +1.1163587258195895e-05 +5.7378142259653691e-06 +5.2229228166344770e-06 +2.8982641510054832e-06 +1.7681895611959831e-06
  7.00000000 +5.0000000000000000e+00 +2.0000003573521319e+00 +1.8413623599124857e-03 +9.9998995045539230e-01 +9.9999993199329285e-01 +9.9999992962492557e-01 +9.9999992922084280e-01 +9.9999993653539099e-01 +2.8509752169485090e-06 +1.9158603165006458e-06 +1.0474607488682927e-06 +2.1627039142619238e-06 +2.3451154107786990e-06
  7.50000000 +5.0000000000000000e+00 +2.0000002023661807e+00 +1.8473107347425572e-03 +9.9997663072965970e-01 +9.9999993366194906e-01 +9.9999992835597074e-01 +9.9999993070463100e-01 +9.9999993723894609e-01 +1.2478804775596710e-06 +3.7482549176624298e-06 +2.0316270111029590e-06 +5.9320887607994892e-06 +1.0679454626536455e-05
  8.00000000 +5.0000000000000000e+00 +2.0000005508026439e+00 +1.8648714403366197e-03 +9.9993341517437984e-01 +9.9999993119721220e-01 +9.9999993302774803e-01 +9.9999993460134340e-01 +9.9999993526722253e-01 +7.4048197321746055e-06 +9.6308762740482543e-06 +1.2138523793506196e-05 +1.5982093774620675e-05 +2.1694367461498397e-05
  8.50000000 +5.0000000000000000e+00 +2.0000003827864608e+00 +1.8902048655749610e-03 +9.9986973260721290e-01 +9.9999993729869341e-01 +9.9999993428240386e-01 +9.9999992186096898e-01 +9.9999993550569222e-01 +1.7617673257533925e-05 +2.1100459619445711e-05 +2.6269598878556171e-05 +3.0561749826840817e-05 +3.4988930745804394e-05
  9.00000000 +5.0000000000000000e+00 +2.0000005018564697e+00 +1.9169944483163916e-03 +9.9980143598146953e-01 +9.9999992784634817e-01 +9.9999992828065820e-01 +9.9999993247974783e-01 +9.9999992888149014e-01 +3.2460776451101918e-05 +3.4734774712344640e-05 +4.0787433119182400e-05 +4.2873412960780603e-05 +4.7990117214087353e-05
  9.50000000 +5.0000000000000000e+00 +2.0000003608669101e+00 +1.9405907002199522e-03 +9.9974025545895562e-01 +9.9999992761339052e-01 +9.9999992349837141e-01 +9.9999991874514904e-01 +9.9999992127749726e-01 +4.8482385257635880e-05 +4.9820426426589664e-05 +5.1946069723632169e-05 +5.5039267612339894e-05 +5.4765325696002769e-05
 10.00000000 +5.0000000000000000e+00 +2.0000005394342395e+00 +1.9557247502512564e-03 +9.9969980568490446e-01 +9.9999992116261671e-01 +9.9999991668612553e-01 +9.9999989802013656e-01 +9.9999990199553734e-01 +6.0505027928483505e-05 +6.1291440293581006e-05 +5.9797236776967801e-05 +5.9897263510625490e-05 +5.9065414222944828e-05
 10.50000000 +5.0000000000000000e+00 +2.0000004169970804e+00 +1.9580037426525144e-03 +9.9969153111259457e-01 +9.9999990520276072e-01 +9.9999989174571036e-01 +9.9999988454077815e-01 +9.9999989356055341e-01 +6.6646754046925335e-05 +6.7437238214366078e-05 +6.4382603057312564e-05 +5.8105486941134394e-05 +5.2321688783068466e-05
 11.00000000 +5.0000000000000000e+00 +2.0000001699600500e+00 +1.9563508743470647e-03 +9.9969333258536819e-01 +9.9999986710732869e-01 +9.9999987689991776e-01 +9.9999986837649446e-01 +9.9999986340754399e-01 +7.3617100443998357e-05 +6.9607857982543965e-05 +6.1324225734260722e-05 +5.5452298549191340e-05 +4.7190123396497590e-05
 11.50000000 +5.0000000000000000e+00 +2.0000003258974508e+00 +1.9414585993132469e-03 +9.9972911897404670e-01 +9.9999984734891889e-01 +9.9999984951431142e-01 +9.9999985915963729e-01 +9.9999984265079822e-01 +7.1190541976274164e-05 +6.3186918864830592e-05 +5.7627140958510417e-05 +4.5173625182981721e-05 +3.4304088901217241e-05
 12.00000000 +5.0000000000000000e+00 +2.0000001110052223e+00 +1.9130999187520713e-03 +9.9980035746337126e-01 +9.9999982545655364e-01 +9.9999983328891284e-01 +9.9999983227964406e-01 +9.9999983771784773e-01 +6.1750158772606346e-05 +4.6981332603282335e-05 +4.1254280532597628e-05 +3.0047527696099920e-05 +2.0280523321182347e-05
 12.50000000 +5.0000000000000000e+00 +1.9999995418606713e+00 +1.8927103270222085e-03 +9.9985235484490353e-01 +9.9999982526820896e-01 +9.9999979369270042e-01 +9.9999979930929916e-01 +9.9999979598415722e-01 +5.1036480210874528e-05 +3.9380985977976692e-05 +2.9688356132193523e-05 +1.7942296532759168e-05 +1.0382847068452665e-05
 13.00000000 +5.0000000000000000e+00 +1.9999992685634280e+00 +1.8697175244479915e-03 +9.9991207710433927e-01 +9.9999979829714059e-01 +9.9999975780914596e-01 +9.9999976565257687e-01 +9.9999978952728918e-01 +3.8377502123850002e-05 +2.3537104000904668e-05 +1.3990848036004936e-05 +7.6622763098493519e-06 +5.2439347178295971e-06
 13.50000000 +5.0000000000000000e+00 +1.9999996530038529e+00 +1.8556456787709255e-03 +9.9995036898314493e-01 +9.9999978756777741e-01 +9.9999978251742949e-01 +9.9999975753122006e-01 +9.9999977590760081e-01 +2.1845543441214875e-05 +1.5462749638409462e-05 +5.8144248372322996e-06 +4.1135816989072504e-06 +3.2911432262038953e-06
 14.00000000 +5.0000000000000000e+00 +1.9999994471122156e+00 +1.8519804245825762e-03 +9.9996247838185304e-01 +9.9999977959292907e-01 +9.9999974332622565e-01 +9.9999976450905148e-01 +9.9999979824830731e-01 +1.3386645843387239e-05 +4.1821633158640536e-06 +3.8595152420547286e-06 +8.0885916776771793e-06 +8.9190414136971791e-06
 14.50000000 +5.0000000000000000e+00 +1.9999982942181240e+00 +1.8551277935965887e-03 +9.9995752341626432e-01 +9.9999971675761512e-01 +9.9999975759158000e-01 +9.9999977010787688e-01 +9.9999975554037568e-01 +7.2826712814383218e-06 +1.9335640640913488e-06 +5.6344511477710151e-06 +9.5950071952539553e-06 +1.9030947405233196e-05
 15.00000000 +5.0000000000000000e+00 +1.9999981771416884e+00 +1.8711897810210108e-03 +9.9991894369004952e-01 +9.9999978252797750e-01 +9.9999977677012941e-01 +9.9999974624421539e-01 +9.9999971277587563e-01 +8.2098480171241807e-06 +6.4546296666828761e-06 +1.6721563261072435e-05 +2.0669433082730439e-05 +2.9982539019361052e-05
 15.50000000 +5.0000000000000000e+00 +1.9999989348041010e+00 +1.8905533353545060e-03 +9.9987091675541007e-01 +9.9999977003842089e-01 +9.9999975684222309e-01 +9.9999977426433828e-01 +9.9999979265503547e-01 +9.0574090087336842e-06 +1.9616270609889463e-05 +2.5408165388771598e-05 +2.9957411056026864e-05 +4.5950141774980806e-05
 16.00000000 +5.0000000000000000e+00 +1.9999989705204475e+00 +1.9131894898523085e-03 +9.9981341375567356e-01 +9.9999974002350900e-01 +9.9999976623916942e-01 +9.9999979767114233e-01 +9.9999978927733557e-01 +2.1488129769658081e-05 +3.4983216512176271e-05 +4.2185273553920242e-05 +3.8150016938690453e-05 +5.0686384259699820e-05
 16.50000000 +5.0000000000000000e+00 +1.9999992162549391e+00 +1.9295102237914181e-03 +9.9977012519968445e-01 +9.9999978359147657e-01 +9.9999975080626446e-01 +9.9999980904550845e-01 +9.9999977264990536e-01 +3.6246274337881891e-05 +4.3659433108082794e-05 +4.7250442170279270e-05 +4.9724715818636543e-05 +5.3877841254036768e-05
 17.00000000 +5.0000000000000000e+00 +1.9999994342127463e+00 +1.9448376613616133e-03 +9.9972863109434607e-01 +9.9999976778966460e-01 +9.9999974103025946e-01 +9.9999973000336684e-01 +9.9999970677510885e-01 +4.4736935278014310e-05 +5.8846118949497040e-05 +5.7863762916148616e-05 +5.7803702097138222e-05 +5.3172837081972740e-05
 17.50000000 +5.0000000000000000e+00 +1.9999992960039605e+00 +1.9489616646491657e-03 +9.9971512737684876e-01 +9.9999983754081634e-01 +9.9999973531305864e-01 +9.9999972195162812e-01 +9.9999972090264033e-01 +6.2271065650437615e-05 +6.1162088651367871e-05 +6.0857346910978734e-05 +5.7104017145136691e-05 +4.4462369804802695e-05
 18.00000000 +5.0000000000000000e+00 +1.9999997849464071e+00 +1.9427203337773077e-03 +9.9972778785541128e-01 +9.9999972094883161e-01 +9.9999979268338679e-01 +9.9999975498084803e-01 +9.9999967836247716e-01 +6.5996999175755273e-05 +6.5355644998516254e-05 +5.8798410227567663e-05 +4.6853311385175003e-05 +3.6260875089752169e-05
 18.50000000 +5.0000000000000000e+00 +1.9999999464308154e+00 +1.9275722239469472e-03 +9.9976330400923741e-01 +9.9999971305447022e-01 +9.9999966826095232e-01 +9.9999969240705688e-01 +9.9999967112387944e-01 +6.9432267350795347e-05 +6.0181588857918913e-05 +4.7974694741827983e-05 +3.8249517859312872e-05 +2.2113018752132395e-05
 19.00000000 +5.0000000000000000e+00 +2.0000003231129253e+00 +1.9188030903994411e-03 +9.9978434596718291e-01 +9.9999967037236548e-01 +9.9999966000276752e-01 +9.9999962663323838e-01 +9.9999968498487790e-01 +6.8441209981744738e-05 +5.6720633722334109e-05 +4.6576776883554642e-05 +2.8745572978288049e-05 +1.6527885531010227e-05
 19.50000000 +5.0000000000000000e+00 +1.9999991001815649e+00 +1.8940561402227198e-03 +9.9984739254034793e-01 +9.9999975019990195e-01 +9.9999965634908716e-01 +9.9999963686268611e-01 +9.9999955444884969e-01 +5.5747743713008489e-05 +4.3064528221884899e-05 +2.8708299908269135e-05 +1.8560025119303341e-05 +7.9289434295570558e-06
 20.00000000 +5.0000000000000000e+00 +2.0000007423970949e+00 +1.8772565000579285e-03 +9.9989201636765790e-01 +9.9999973079152871e-01 +9.9999952810676263e-01 +9.9999967996497918e-01 +9.9999956649733102e-01 +4.4732831977731979e-05 +3.1449400686525683e-05 +1.8033966303823939e-05 +6.3586747013703180e-06 +8.9033975952042874e-06
 20.50000000 +5.0000000000000000e+00 +2.0000000875216912e+00 +1.8702065741769589e-03 +9.9991258437818498e-01 +9.9999966494155756e-01 +9.9999961715648977e-01 +9.9999954910923350e-01 +9.9999944519067263e-01 +3.5595518633539591e-05 +2.4881178364118490e-05 +9.3808066364261363e-06 +8.8586333665920501e-06 +1.0423108617083621e-05
 21.00000000 +5.0000000000000000e+00 +1.9999995805706974e+00 +1.8685528790339315e-03 +9.9991939229799409e-01 +9.9999962174026347e-01 +9.9999961159846640e-01 +9.9999959265328864e-01 +9.9999950585488295e-01 +2.5180441417608940e-05 +1.5835902871937360e-05 +1.4998938260763787e-05 +1.0004358291845318e-05 +1.6256221046483606e-05
 21.50000000 +5.0000000000000000e+00 +1.9999996123583392e+00 +1.8718021894172745e-03 +9.9991490126167792e-01 +9.9999963057830277e-01 +9.9999958051369364e-01 +9.9999958706357828e-01 +9.9999947148628254e-01 +1.6030067400604507e-05 +8.1143280956905600e-06 +1.6386033764699253e-05 +2.2008708777859111e-05 +2.4289879730467599e-05
 22.00000000 +5.0000000000000000e+00 +2.0000015717470969e+00 +1.8769177708039234e-03 +9.9990447069380584e-01 +9.9999967387159072e-01 +9.9999968911424364e-01 +9.9999953629656568e-01 +9.9999949579794289e-01 +1.2306564868057731e-05 +6.0961267636538761e-06 +1.7457733020156383e-05 +2.7536146487197557e-05 +3.3737700905406332e-05
 22.50000000 +5.0000000000000000e+00 +2.0000006039339975e+00 +1.8944646028038505e-03 +9.9986086058808032e-01 +9.9999966729120549e-01 +9.9999968052202737e-01 +9.9999951531438558e-01 +9.9999945376588495e-01 +1.2279342839506227e-05 +1.9336253225266449e-05 +2.4083792149167865e-05 +3.4037416228765599e-05 +5.1085740227808224e-05
 23.00000000 +5.0000000000000000e+00 +2.0000015853891120e+00 +1.9065130092018319e-03 +9.9983058285495097e-01 +9.9999970127537774e-01 +9.9999953907050199e-01 +9.9999941917342727e-01 +9.9999950356440725e-01 +1.7125992073177389e-05 +2.4771824707881949e-05 +3.6333572067386415e-05 +3.9815746842990098e-05 +5.3206935423230471e-05
 23.50000000 +5.0000000000000000e+00 +2.0000003323697055e+00 +1.9196814947225558e-03 +9.9979505125817014e-01 +9.9999966167306664e-01 +9.9999969373637154e-01 +9.9999958050376059e-01 +9.9999938092526486e-01 +2.6321434546570311e-05 +3.8585138404057431e-05 +3.6552090527371351e-05 +4.9886090686146401e-05 +5.5287094252970609e-05
 24.00000000 +5.0000000000000000e+00 +1.9999997043916662e+00 +1.9314121213489055e-03 +9.9976274607515403e-01 +9.9999962190641045e-01 +9.9999971033247903e-01 +9.9999941851543384e-01 +9.9999947816093848e-01 +4.1404474969243981e-05 +5.4611367820215844e-05 +5.0335982242183319e-05 +4.7966515114473789e-05 +4.4706671007229532e-05
 24.50000000 +5.0000000000000000e+00 +2.0000003555769466e+00 +1.9363658705426837e-03 +9.9974699131931410e-01 +9.9999976389899359e-01 +9.9999964660196872e-01 +9.9999951735530457e-01 +9.9999933277506980e-01 +5.6703674901998731e-05 +5.0202148747324765e-05 +5.5590547964890397e-05 +5.1336269682692266e-05 +4.0915478568932513e-05
 25.00000000 +5.0000000000000000e+00 +2.0000017956237501e+00 +1.9316429450618549e-03 +9.9975658622932806e-01 +9.9999971470895777e-01 +9.9999947953786705e-01 +9.9999940097115469e-01 +9.9999945715751803e-01 +5.8691369829903895e-05 +6.3156837501105524e-05 +5.1494496590910373e-05 +4.5336665334119336e-05 +2.6681993988603507e-05
 25.50000000 +5.0000000000000000e+00 +2.0000016730682959e+00 +1.9230022076090606e-03 +9.9977601086358847e-01 +9.9999970346570199e-01 +9.9999961846470919e-01 +9.9999933383420048e-01 +9.9999930039358087e-01 +6.6473601613043398e-05 +5.1551153877266372e-05 +5.0180084902922025e-05 +3.6233589159043143e-05 +2.1594544992656395e-05
 26.00000000 +5.0000000000000000e+00 +2.0000020398727782e+00 +1.9189229351085457e-03 +9.9978441649006078e-01 +9.9999971669279553e-01 +9.9999955362787585e-01 +9.9999956132261403e-01 +9.9999936813984536e-01 +6.5494012675647634e-05 +5.2446626690614244e-05 +4.8811517507867604e-05 +3.4573598981871931e-05 +1.6057992870043549e-05
 26.50000000 +5.0000000000000000e+00 +2.0000007666471231e+00 +1.9001143910011942e-03 +9.9983269076013703e-01 +9.9999967074943574e-01 +9.9999956668808154e-01 +9.9999943653791401e-01 +9.9999925669796164e-01 +6.5281163842968571e-05 +4.8047801276937978e-05 +3.1438487872829104e-05 +1.2908698124739405e-05 +1.1702399403187714e-05
 27.00000000 +5.0000000000000000e+00 +1.9999999263823907e+00 +1.8878615567487255e-03 +9.9986550443555255e-01 +9.9999958971250025e-01 +9.9999964972853628e-01 +9.9999943388915136e-01 +9.9999930870990883e-01 +4.7936551087285123e-05 +4.1795797996952482e-05 +2.3211546126080704e-05 +1.1812215153767894e-05 +1.1757479669582885e-05
 27.50000000 +5.0000000000000000e+00 +1.9999973167203819e+00 +1.8810426822036123e-03 +9.9988414094025013e-01 +9.9999968410929974e-01 +9.9999924601616896e-01 +9.9999932720138429e-01 +9.9999915642427384e-01 +4.4312286422425720e-05 +1.6352192306160005e-05 +2.1943509747967628e-05 +1.6208485982052023e-05 +1.9628865835069730e-05
 28.00000000 +5.0000000000000000e+00 +1.9999963917381995e+00 +1.8819513513918082e-03 +9.9988494219276591e-01 +9.9999970725645182e-01 +9.9999972896218481e-01 +9.9999935265454987e-01 +9.9999933454439471e-01 +3.7093042808632661e-05 +2.2228990207157282e-05 +1.0792360172760402e-05 +2.1179564106760230e-05 +2.5640455336481510e-05
 28.50000000 +5.0000000000000000e+00 +1.9999964679513449e+00 +1.8793146318516793e-03 +9.9989379726283534e-01 +9.9999967934573097e-01 +9.9999962743773629e-01 +9.9999921995802443e-01 +9.9999936048576121e-01 +1.9228751925994247e-05 +2.2218501440442272e-05 +1.6163355198445778e-05 +1.7486659549790452e-05 +3.3218308228715825e-05
 29.00000000 +5.0000000000000000e+00 +1.9999969660024901e+00 +1.8841490731522246e-03 +9.9988420111364695e-01 +9.9999982382866304e-01 +9.9999967292409953e-01 +9.9999916283696899e-01 +9.9999939470300203e-01 +2.2226761620141391e-05 +2.0253079341554835e-05 +1.7125172254958408e-05 +2.2839612048002052e-05 +3.5299982099387629e-05
 29.50000000 +5.0000000000000000e+00 +1.9999958961922406e+00 +1.8894193564372389e-03 +9.9987184302157883e-01 +9.9999953717622370e-01 +9.9999934765317722e-01 +9.9999926241120196e-01 +9.9999915430085862e-01 +1.0645817815916620e-05 +2.6927081091541002e-05 +2.4537756000087472e-05 +3.0552676920579677e-05 +3.8192060067325045e-05
 30.00000000 +5.0000000000000000e+00 +1.9999938074072374e+00 +1.9056268244196741e-03 +9.9983165279117958e-01 +9.9999939819226069e-01 +9.9999924918836081e-01 +9.9999930554534588e-01 +9.9999933932494967e-01 +2.3334812551671768e-05 +2.0169987673166251e-05 +3.9122341634781197e-05 +4.3817948197300019e-05 +4.4609879770597050e-05
 30.50000000 +5.0000000000000000e+00 +1.9999920552605326e+00 +1.9133703668671948e-03 +9.9980998773048291e-01 +9.9999953946368036e-01 +9.9999927592840954e-01 +9.9999926539344952e-01 +9.9999938754520501e-01 +2.4905905527892151e-05 +2.5851468117985554e-05 +4.3965200221475809e-05 +4.9463754003181252e-05 +4.8357645155538406e-05
 31.00000000 +5.0000000000000000e+00 +1.9999908824553663e+00 +1.9277719804186328e-03 +9.9977226923365636e-01 +9.9999972662482139e-01 +9.9999972280984895e-01 +9.9999923545435609e-01 +9.9999928491763568e-01 +3.1229481463870517e-05 +3.9218202768042384e-05 +6.2874336461469534e-05 +5.1336760878613483e-05 +4.5102182765147596e-05
 31.50000000 +5.0000000000000000e+00 +1.9999914800669367e+00 +1.9253493805846073e-03 +9.9977653375342046e-01 +9.9999960633662011e-01 +9.9999942515800633e-01 +9.9999957063526468e-01 +9.9999915409115203e-01 +2.8908994301407175e-05 +5.3099582688314775e-05 +6.2698472209406426e-05 +3.6692877730394545e-05 +4.4310088629896642e-05
 32.00000000 +5.0000000000000000e+00 +1.9999933822579608e+00 +1.9215037264689715e-03 +9.9978373684967503e-01 +9.9999978705448844e-01 +1.0000001246461128e+00 +9.9999943285048476e-01 +9.9999935815707430e-01 +4.5281082314844864e-05 +6.0216745175443365e-05 +4.7943890125436783e-05 +3.2384825088727274e-05 +3.1733945544078089e-05
 32.50000000 +5.0000000000000000e+00 +1.9999954409033107e+00 +1.9104373729229324e-03 +9.9981011627810201e-01 +9.9999964087594018e-01 +1.0000001096688231e+00 +9.9999956508706278e-01 +9.9999916498564723e-01 +5.0230316604401169e-05 +5.4247168879996241e-05 +4.2306882148115282e-05 +2.8490570613511225e-05 +1.6128127439471623e-05
 33.00000000 +5.0000000000000000e+00 +1.9999925595400685e+00 +1.9028878051691621e-03 +9.9982600888512829e-01 +9.9999951521777941e-01 +9.9999945784493183e-01 +9.9999971701951018e-01 +9.9999925256127253e-01 +5.6623019458586472e-05 +5.6848881135533449e-05 +3.9065170784513579e-05 +1.3780120414661884e-05 +9.7312832714901986e-06
 33.50000000 +5.0000000000000000e+00 +1.9999903865668271e+00 +1.9000964910303399e-03 +9.9983388979356669e-01 +1.0000000368304420e+00 +9.9999950816077998e-01 +9.9999939785569070e-01 +9.9999921764828958e-01 +5.7539010055935847e-05 +3.9021345063519673e-05 +3.3353246539200544e-05 +1.0217744781343654e-05 +2.7818357170526513e-05
 34.00000000 +5.0000000000000000e+00 +1.9999912791181331e+00 +1.9054516080928461e-03 +9.9982107209785587e-01 +9.9999941463025155e-01 +9.9999933413053810e-01 +9.9999942743204573e-01 +9.9999858961304133e-01 +5.3454567527374908e-05 +5.4986259615849386e-05 +3.6138574481319861e-05 +3.1511383918632281e-05 +6.0713208984317564e-06
 34.50000000 +5.0000000000000000e+00 +1.9999920548550560e+00 +1.8800068791327920e-03 +9.9988851546749047e-01 +9.9999942205956849e-01 +9.9999947501017550e-01 +9.9999916246883092e-01 +9.9999932018008242e-01 +3.7495823716968562e-05 +2.0171762454012568e-05 +3.1053027500434217e-05 +7.5490439582340628e-06 +1.7835163345844881e-05
 35.00000000 +5.0000000000000000e+00 +1.9999881826336456e+00 +1.8948421507426329e-03 +9.9985098596822575e-01 +9.9999967053015204e-01 +9.9999975212710646e-01 +9.9999864001471983e-01 +9.9999853736448707e-01 +4.9084615568572738e-05 +2.0185271606053783e-05 +1.5280061677359481e-05 +2.9356838203405842e-05 +3.8507161817198762e-05
 35.50000000 +5.0000000000000000e+00 +1.9999909083150327e+00 +1.9069180196136693e-03 +9.9982393038984008e-01 +9.9999932119251012e-01 +9.9999932389257673e-01 +9.9999925184461957e-01 +9.9999922059571766e-01 +4.2459018735104439e-05 +2.6769488542728184e-05 +4.1680749553288382e-05 +3.0422915075303391e-05 +3.7619860383901067e-05
 36.00000000 +5.0000000000000000e+00 +1.9999903827337613e+00 +1.8911431697069133e-03 +9.9986468166522169e-01 +9.9999979971556952e-01 +9.9999954612596942e-01 +9.9999890299618066e-01 +9.9999903961148151e-01 +4.1040103217603572e-05 +8.8230867319671622e-06 +2.2696395181178363e-05 +3.0482629643911947e-05 +3.4987620447539038e-05
 36.50000000 +5.0000000000000000e+00 +1.9999924667993323e+00 +1.9019102486199880e-03 +9.9983744588216761e-01 +1.0000007230358963e+00 +9.9999937779939185e-01 +9.9999958012481360e-01 +9.9999868111368440e-01 +3.8910996635847931e-05 +1.3081673206145015e-05 +3.4668551479311369e-05 +2.6488903244483942e-05 +5.1041936596456466e-05
 37.00000000 +5.0000000000000000e+00 +1.9999915361238632e+00 +1.9010492590408690e-03 +9.9983947421669073e-01 +1.0000001168049810e+00 +9.9999944347126346e-01 +9.9999924547807184e-01 +9.9999933463781820e-01 +9.4780786503302939e-06 +1.9275984918513207e-05 +3.7332776687489342e-05 +5.7447212525947538e-05 +3.8851287274057242e-05
 37.50000000 +5.0000000000000000e+00 +1.9999917197831401e+00 +1.9061865012781425e-03 +9.9982594534747526e-01 +1.0000000487068359e+00 +9.9999946628456926e-01 +9.9999943433710825e-01 +9.9999931684153631e-01 +1.7870486631883315e-05 +2.5204908335128825e-05 +4.2666654843489385e-05 +5.0220114882355626e-05 +3.9826267160769901e-05
 38.00000000 +5.0000000000000000e+00 +1.9999919034411511e+00 +1.9113237080964941e-03 +9.9981241657153530e-01 +9.9999998060916007e-01 +9.9999948909771796e-01 +9.9999962319484226e-01 +9.9999929904537710e-01 +2.6262836751643716e-05 +3.1133790874544716e-05 +4.8000496224853066e-05 +4.2993067066277587e-05 +4.0801240325444723e-05
 38.50000000 +5.0000000000000000e+00 +1.9999920870978958e+00 +1.9164608794962901e-03 +9.9979888788886995e-01 +9.9999991251195386e-01 +9.9999951191070946e-01 +9.9999981205127464e-01 +9.9999928124934068e-01 +3.4655129010209883e-05 +3.7062632537183634e-05 +5.3334300831960709e-05 +3.5766069077198134e-05 +4.1776206768151227e-05
 39.00000000 +5.0000000000000000e+00 +1.9999922707533739e+00 +1.9215980154778961e-03 +9.9978535929947754e-01 +9.9999984441521717e-01 +9.9999953472354342e-01 +1.0000000009064047e+00 +9.9999926345342671e-01 +4.3047363408180206e-05 +4.2991433323468310e-05 +5.8668068665192592e-05 +2.8539120914601938e-05 +4.2751166488958929e-05
 39.50000000 +5.0000000000000000e+00 +1.9999914086164197e+00 +1.9147360924875831e-03 +9.9980211498492155e-01 +9.9999977112725402e-01 +9.9999940868507209e-01 +1.0000001703389141e+00 +9.9999931697815803e-01 +4.6625386991837666e-05 +3.7573819697868827e-05 +5.0130864888912783e-05 +2.7977772981551590e-05 +3.6909994183404399e-05
 40.00000000 +5.0000000000000000e+00 +1.9999905465079790e+00 +1.9078743964459218e-03 +9.9981887011619441e-01 +9.9999969784171439e-01 +9.9999928265076898e-01 +1.0000003397658195e+00 +9.9999937050111898e-01 +5.0203292237292945e-05 +3.2156385252378557e-05 +4.1593943468889941e-05 +2.7416443614310996e-05 +3.1069015066579064e-05
 40.50000000 +5.0000000000000000e+00 +1.9999896844280509e+00 +1.9010129273416537e-03 +9.9983562469332332e-01 +9.9999962455859837e-01 +9.9999915662063432e-01 +1.0000005091871211e+00 +9.9999942402230946e-01 +5.3781079150416763e-05 +2.6739129978108438e-05 +3.3057304391116471e-05 +2.6855132811959123e-05 +2.5228229128898915e-05
 41.00000000 +5.0000000000000000e+00 +1.9999888223766340e+00 +1.8941516851635211e-03 +9.9985237871633592e-01 +9.9999955127790618e-01 +9.9999903059466766e-01 +1.0000006786028199e+00 +9.9999947754173002e-01 +5.7358747737079450e-05 +2.1322053866170019e-05 +2.4520947641585739e-05 +2.6293840573574992e-05 +1.9387636360780574e-05
 41.50000000 +5.0000000000000000e+00 +1.9999891161556886e+00 +1.8977365064598887e-03 +9.9984400827067832e-01 +9.9999961556086125e-01 +9.9999901877007569e-01 +1.0000002150598495e+00 +9.9999917204803312e-01 +5.3722560737454589e-05 +2.0196973428151613e-05 +2.8455186015306434e-05 +2.8430245328694826e-05 +2.7165290576929084e-05
 42.00000000 +5.0000000000000000e+00 +1.9999894098977280e+00 +1.9013208760672721e-03 +9.9983563887970039e-01 +9.9999967983571669e-01 +9.9999900694697363e-01 +9.9999975157528587e-01 +9.9999886659282877e-01 +5.0086831898914286e-05 +1.9072034750739514e-05 +3.2388928673344661e-05 +3.0566380895920942e-05 +3.4941964805389623e-05
 42.50000000 +5.0000000000000000e+00 +1.9999897036027576e+00 +1.9049047940710351e-03 +9.9982727054320253e-01 +9.9999974410247372e-01 +9.9999899512536117e-01 +9.9999928814911776e-01 +9.9999856117610930e-01 +4.6451561134871214e-05 +1.7947237807142548e-05 +3.6322175709385080e-05 +3.2702247326126803e-05 +4.2717659231368812e-05
 43.00000000 +5.0000000000000000e+00 +1.9999899972707844e+00 +1.9084882605565198e-03 +9.9981890326098577e-01 +9.9999980836113422e-01 +9.9999898330523784e-01 +9.9999882478133373e-01 +9.9999825579786739e-01 +4.2816748358759942e-05 +1.6822582570576313e-05 +4.0254927217088758e-05 +3.4837844670173072e-05 +5.0492374040026583e-05
 43.50000000 +5.0000000000000000e+00 +1.9999901335981543e+00 +1.9046700640859642e-03 +9.9982837287629212e-01 +9.9999979842134457e-01 +9.9999915984070920e-01 +9.9999919347520250e-01 +9.9999797656250777e-01 +3.6344263484840740e-05 +2.1239027942218497e-05 +4.4892022695646838e-05 +2.9117331266633071e-05 +4.3906162486437597e-05
 44.00000000 +5.0000000000000000e+00 +1.9999902699153198e+00 +1.9008521533844074e-03 +9.9983784178285418e-01 +9.9999978848229842e-01 +9.9999933636296745e-01 +9.9999956214147623e-01 +9.9999769734804667e-01 +2.9872263037414971e-05 +2.5655142769535497e-05 +4.9528771115548724e-05 +2.3397246009052877e-05 +3.7320443871098766e-05
 44.50000000 +5.0000000000000000e+00 +1.9999904062222842e+00 +1.8970345284197701e-03 +9.9984730998075244e-01 +9.9999977854399624e-01 +9.9999951287201516e-01 +9.9999993078015903e-01 +9.9999741815448262e-01 +2.3400746962100086e-05 +3.0070927089634816e-05 +5.4165172515755866e-05 +1.7677588849368101e-05 +3.0735218138671998e-05
 45.00000000 +5.0000000000000000e+00 +1.9999905425190472e+00 +1.8932171891599748e-03 +9.9985677747006629e-01 +9.9999976860643791e-01 +9.9999968936785288e-01 +1.0000002993912531e+00 +9.9999713898181308e-01 +1.6929715204521641e-05 +3.4486380939618372e-05 +5.8801226935223836e-05 +1.1958359739521495e-05 +2.4150485233827441e-05
 45.50000000 +5.0000000000000000e+00 +1.9999902004485306e+00 +1.9044443749052207e-03 +9.9982877295766248e-01 +9.9999976075171160e-01 +9.9999931275184839e-01 +1.0000001122886655e+00 +9.9999786281009406e-01 +2.9843714947049773e-05 +4.2075657900530359e-05 +5.7206589527317141e-05 +1.7122634506033831e-05 +2.7929830050776207e-05
 46.00000000 +5.0000000000000000e+00 +1.9999898583865154e+00 +1.9156712816112106e-03 +9.9980076914127947e-01 +9.9999975289718024e-01 +9.9999893614520363e-01 +9.9999992519072756e-01 +9.9999858662038477e-01 +4.2757393726431338e-05 +4.9664746238377282e-05 +5.5611991752355315e-05 +2.2286780920222188e-05 +3.1709080936299489e-05
 46.50000000 +5.0000000000000000e+00 +1.9999895163330021e+00 +1.9268979092883492e-03 +9.9977276602089193e-01 +9.9999974504284406e-01 +9.9999855954791905e-01 +9.9999973809744014e-01 +9.9999931041268664e-01 +5.5670751554631985e-05 +5.7253645960191094e-05 +5.4017433608860854e-05 +2.7450798986871598e-05 +3.5488237893899109e-05
 47.00000000 +5.0000000000000000e+00 +1.9999891742879898e+00 +1.9381242579470383e-03 +9.9974476359647357e-01 +9.9999973718870339e-01 +9.9999818295999465e-01 +9.9999955100880267e-01 +1.0000000341869999e+00 +6.8583788443616741e-05 +6.4842357073003408e-05 +5.2422915095356303e-05 +3.2614688710766852e-05 +3.9267300927076683e-05
 47.50000000 +5.0000000000000000e+00 +1.9999864889827219e+00 +1.9291510138163442e-03 +9.9976628453554539e-01 +9.9999985805756220e-01 +9.9999876363791529e-01 +9.9999936450539717e-01 +9.9999989682889989e-01 +6.5385086495639208e-05 +5.8806089910386034e-05 +4.6329527449179971e-05 +3.1178551827764695e-05 +3.4133163403318423e-05
 48.00000000 +5.0000000000000000e+00 +1.9999838037700379e+00 +1.9201780790672255e-03 +9.9978780473261297e-01 +9.9999997892225345e-01 +9.9999934429581494e-01 +9.9999917800842175e-01 +9.9999975947553543e-01 +6.2186494833243504e-05 +5.2770030867576925e-05 +4.0236349892225083e-05 +2.9742464460220465e-05 +2.8999202895535152e-05
 48.50000000 +5.0000000000000000e+00 +1.9999811186499346e+00 +1.9112054536836831e-03 +9.9980932418771540e-01 +1.0000000997827778e+00 +9.9999992493369516e-01 +9.9999899151787675e-01 +9.9999962212690696e-01 +5.8988013450726059e-05 +4.6734179933812882e-05 +3.4143382413626585e-05 +2.8306426605573404e-05 +2.3865419394572239e-05
 49.00000000 +5.0000000000000000e+00 +1.9999784336224060e+00 +1.9022331376497175e-03 +9.9983084290089064e-01 +1.0000002206391352e+00 +1.0000005055515568e+00 +9.9999880503376115e-01 +9.9999948478301393e-01 +5.5789642342383687e-05 +4.0698537098331409e-05 +2.8050625002520140e-05 +2.6870438261262925e-05 +1.8731812891275665e-05
 49.50000000 +5.0000000000000000e+00 +1.9999791544571581e+00 +1.9061154151481816e-03 +9.9982151323739843e-01 +1.0000000933278101e+00 +1.0000006686316869e+00 +9.9999916298634173e-01 +9.9999886484388645e-01 +5.4076773664373196e-05 +4.2518987347631830e-05 +2.8274838943641463e-05 +3.1133337711514510e-05 +2.3693016527613386e-05
 50.00000000 +5.0000000000000000e+00 +1.9999798752621405e+00 +1.9099975323152777e-03 +9.9981218395920535e-01 +9.9999996602174301e-01 +1.0000008317050824e+00 +9.9999952092413924e-01 +9.9999824493036138e-01 +5.2363975724886379e-05 +4.4339362415475116e-05 +2.8499043625113527e-05 +3.5396061111367348e-05 +2.8654015274793244e-05
 50.50000000 +5.0000000000000000e+00 +1.9999805960373551e+00 +1.9138794891609371e-03 +9.9980285506628730e-01 +9.9999983872093301e-01 +1.0000009947717428e+00 +9.9999987884715491e-01 +9.9999762504243705e-01 +5.0651248519541270e-05 +4.6159662306518463e-05 +2.8723239047509929e-05 +3.9658608471727070e-05 +3.3614809145507311e-05
 51.00000000 +5.0000000000000000e+00 +1.9999813167828051e+00 +1.9177612856950911e-03 +9.9979352655862064e-01 +9.9999971142538024e-01 +1.0000011578316694e+00 +1.0000002367553897e+00 +9.9999700518011214e-01 +4.8938592043956291e-05 +4.7979887025418695e-05 +2.8947425211404223e-05 +4.3920979803498447e-05 +3.8575398152446663e-05
 51.50000000 +5.0000000000000000e+00 +1.9999822788766390e+00 +1.9150716787613290e-03 +9.9980050541878107e-01 +9.9999991938759702e-01 +1.0000005909487022e+00 +9.9999961987545061e-01 +9.9999762117705016e-01 +4.7254716110659803e-05 +4.3301100131176487e-05 +4.0475720292150206e-05 +4.1308158174377545e-05 +2.9403525746854326e-05
 52.00000000 +5.0000000000000000e+00 +1.9999832409104807e+00 +1.9123822395432958e-03 +9.9980748384376106e-01 +1.0000001273368460e+00 +1.0000000241010840e+00 +9.9999900303397837e-01 +9.9999823713557678e-01 +4.5570945178758068e-05 +3.8622604991890715e-05 +5.2003296503388997e-05 +3.8695499472886792e-05 +2.0232225271399982e-05
 52.50000000 +5.0000000000000000e+00 +1.9999842028843335e+00 +1.9096929680253035e-03 +9.9981446183360090e-01 +1.0000003352731279e+00 +9.9999945728881146e-01 +9.9999838623096915e-01 +9.9999885305569480e-01 +4.3887279238429988e-05 +3.3944401580272771e-05 +6.3530153912358264e-05 +3.6083003683787108e-05 +1.1061496672589546e-05
 53.00000000 +5.0000000000000000e+00 +1.9999851647982048e+00 +1.9070038641916692e-03 +9.9982143938834189e-01 +1.0000005431964447e+00 +9.9999889051188162e-01 +9.9999776946641949e-01 +9.9999946893740865e-01 +4.2203718279855789e-05 +2.9266489869037513e-05 +7.5056292586287305e-05 +3.3470670791841394e-05 +1.8913398969356274e-06
 53.50000000 +5.0000000000000000e+00 +1.9999838259189011e+00 +1.9110589319116318e-03 +9.9981062334419668e-01 +1.0000001911047960e+00 +9.9999901304237304e-01 +9.9999802151190142e-01 +9.9999881590244677e-01 +4.9732664333082127e-05 +3.2342687453497898e-05 +6.4429863064451750e-05 +3.4986522123511872e-05 +1.1843367851528721e-05
 54.00000000 +5.0000000000000000e+00 +1.9999824870915821e+00 +1.9151138421859386e-03 +9.9979980772000487e-01 +9.9999983902681788e-01 +9.9999913556810693e-01 +9.9999827354759729e-01 +9.9999816289284005e-01 +5.7261318060771249e-05 +3.5418765598782442e-05 +5.3803846133793869e-05 +3.6502314599394072e-05 +2.1795009399857541e-05
 54.50000000 +5.0000000000000000e+00 +1.9999811483162446e+00 +1.9191685950237587e-03 +9.9978899251574171e-01 +9.9999948696250918e-01 +9.9999925808908319e-01 +9.9999852557350721e-01 +9.9999750990858693e-01 +6.4789679479947926e-05 +3.8494724311847189e-05 +4.3178241770284686e-05 +3.8018048222915692e-05 +3.1746264564426076e-05
 55.00000000 +5.0000000000000000e+00 +1.9999798095928856e+00 +1.9232231904342612e-03 +9.9977817773138311e-01 +9.9999913491186998e-01 +9.9999938060530302e-01 +9.9999877758963251e-01 +9.9999685694968654e-01 +7.2317748607635671e-05 +4.1570563599647654e-05 +3.2553049949897088e-05 +3.9533722997504201e-05 +4.1697133367736577e-05
 55.50000000 +5.0000000000000000e+00 +1.9999820108144835e+00 +1.9197522049556066e-03 +9.9978786385475238e-01 +9.9999932852465578e-01 +9.9999856598441106e-01 +9.9999911909922401e-01 +9.9999777638641862e-01 +6.6538715966825261e-05 +3.5144051916839677e-05 +2.9974686656301173e-05 +4.2076185548910880e-05 +4.3612517722328260e-05
 56.00000000 +5.0000000000000000e+00 +1.9999842118972782e+00 +1.9162814383479280e-03 +9.9979754936734133e-01 +9.9999952212523335e-01 +9.9999775141488734e-01 +9.9999946058728117e-01 +9.9999869576517386e-01 +6.0760047736214688e-05 +2.8717945472512269e-05 +2.7396485947335153e-05 +4.4618487779491574e-05 +4.5527781297952468e-05
 56.50000000 +5.0000000000000000e+00 +1.9999864128412830e+00 +1.9128108905905228e-03 +9.9980723426920703e-01 +9.9999971571360313e-01 +9.9999693689672620e-01 +9.9999980205380545e-01 +9.9999961508595692e-01 +5.4981743881336928e-05 +2.2292244228336766e-05 +2.4818447807621288e-05 +4.7160629704409888e-05 +4.7442924106032823e-05
 57.00000000 +5.0000000000000000e+00 +1.9999886136465113e+00 +1.9093405616626934e-03 +9.9981691856040755e-01 +9.9999990928976679e-01 +9.9999612242992331e-01 +1.0000001434987993e+00 +1.0000005343487739e+00 +4.9203804367729341e-05 +1.5866948145989347e-05 +2.2240572221783782e-05 +4.9702611338827542e-05 +4.9357946157991523e-05
 57.50000000 +5.0000000000000000e+00 +1.9999894355375700e+00 +1.9044873901643976e-03 +9.9983100309325246e-01 +9.9999993625256922e-01 +9.9999654800685200e-01 +9.9999971639074992e-01 +9.9999944367924276e-01 +4.3624696703659012e-05 +1.7484513064004192e-05 +1.8011787349278329e-05 +5.0672325053054526e-05 +4.3559257206197883e-05
 58.00000000 +5.0000000000000000e+00 +1.9999902575872022e+00 +1.8996332823154472e-03 +9.9984509034350866e-01 +9.9999996322057405e-01 +9.9999697366589024e-01 +9.9999928920029679e-01 +9.9999835279928262e-01 +3.8044512629839318e-05 +1.9102390068243735e-05 +1.3782186592667601e-05 +5.1642225859798628e-05 +3.7759449479557607e-05
 58.50000000 +5.0000000000000000e+00 +1.9999910797954517e+00 +1.8947782378448315e-03 +9.9985918031196197e-01 +9.9999999019378194e-01 +9.9999739940706078e-01 +9.9999886192741494e-01 +9.9999726170883185e-01 +3.2463251834723184e-05 +2.0720579249035590e-05 +9.5517697158088963e-06 +5.2612313813210319e-05 +3.1958522654261810e-05
 59.00000000 +5.0000000000000000e+00 +1.9999919021623647e+00 +1.8899222564814370e-03 +9.9987327299939965e-01 +1.0000000171721952e+00 +9.9999782523038794e-01 +9.9999843457208071e-01 +9.9999617040783029e-01 +2.6880914006643310e-05 +2.2339080696742255e-05 +5.3205364824683916e-06 +5.3582588967461020e-05 +2.6156476406376674e-05
 59.50000000 +5.0000000000000000e+00 +1.9999864490516381e+00 +1.8938487112864465e-03 +9.9986206644054576e-01 +9.9999951627813999e-01 +9.9999745112324889e-01 +9.9999899984035912e-01 +9.9999638114360923e-01 +3.0221495812697476e-05 +2.1110545252822943e-05 +1.1051350854666021e-05 +5.0735776519206833e-05 +3.2465988254505880e-05
 60.00000000 +5.0000000000000000e+00 +1.9999809971127913e+00 +1.8977743222918413e-03 +9.9985086228999420e-01 +9.9999901549172743e-01 +9.9999707709650576e-01 +9.9999956498716080e-01 +9.9999659183410061e-01 +3.3561359723912664e-05 +1.9882273822571277e-05 +1.6780933668320919e-05 +4.7889575854193650e-05 +3.8774144181344955e-05
 60.50000000 +5.0000000000000000e+00 +1.9999755463454463e+00 +1.9016990897695923e-03 +9.9983966054696849e-01 +9.9999851481292290e-01 +9.9999670315013289e-01 +1.0000001300125247e+00 +9.9999680247931899e-01 +3.6900505971678633e-05 +1.8654266320891140e-05 +2.2509285320385435e-05 +4.5043986775233284e-05 +4.5080944623930484e-05
 61.00000000 +5.0000000000000000e+00 +1.9999700967492264e+00 +1.9056230139915544e-03 +9.9982846121069302e-01 +9.9999801424169166e-01 +9.9999632928410420e-01 +1.0000006949164901e+00 +9.9999701307927968e-01 +4.0238934787285742e-05 +1.7426522662722993e-05 +2.8236406207641348e-05 +4.2199009085222273e-05 +5.1386390019111278e-05
 61.50000000 +5.0000000000000000e+00 +1.9999701310890701e+00 +1.8982900205511820e-03 +9.9984615785257558e-01 +9.9999780777334946e-01 +9.9999718669119564e-01 +1.0000009118876780e+00 +9.9999725793521677e-01 +3.0873505939575622e-05 +1.5368792799295711e-05 +3.0623667682261464e-05 +3.8092641815968774e-05 +4.5719250335678416e-05
 62.00000000 +5.0000000000000000e+00 +1.9999701654267139e+00 +1.8909574966369050e-03 +9.9986385336135530e-01 +9.9999760131822668e-01 +9.9999804404338766e-01 +1.0000011288449728e+00 +9.9999750277547561e-01 +2.1508676753283253e-05 +1.3311194690775471e-05 +3.3010776302311466e-05 +3.3986537474346072e-05 +4.0052473514968916e-05
 62.50000000 +5.0000000000000000e+00 +1.9999701997621597e+00 +1.8836254422036299e-03 +9.9988154773714122e-01 +9.9999739487632278e-01 +9.9999890134068570e-01 +1.0000013457883765e+00 +9.9999774760005811e-01 +1.2144447170816676e-05 +1.1253728324508427e-05 +3.5397732082471630e-05 +2.9880696035102413e-05 +3.4386059522133159e-05
 63.00000000 +5.0000000000000000e+00 +1.9999702340954073e+00 +1.8762938572062693e-03 +9.9989924098004168e-01 +9.9999718844763630e-01 +9.9999975858309542e-01 +1.0000015627178906e+00 +9.9999799240896559e-01 +2.7808171345912974e-06 +9.1963936878423559e-06 +3.7784535037420357e-05 +2.5775117472989239e-05 +2.8720008322325975e-05
 63.50000000 +5.0000000000000000e+00 +1.9999715125718893e+00 +1.8855346792198374e-03 +9.9987750093595451e-01 +9.9999906824007545e-01 +1.0000001740425595e+00 +9.9999963473173381e-01 +9.9999825193659719e-01 +1.6745794405062148e-05 +6.4155106038337517e-06 +3.3804151103903773e-05 +3.2629076214218580e-05 +3.5775593898265407e-05
 64.00000000 +5.0000000000000000e+00 +1.9999727909635070e+00 +1.8947748878362517e-03 +9.9985576233495133e-01 +1.0000009479077356e+00 +1.0000005894744459e+00 +9.9999770687355505e-01 +9.9999851144700147e-01 +3.0709844693355586e-05 +3.6348121122527909e-06 +2.9824031384563427e-05 +3.9482579996053808e-05 +4.2830711131009325e-05
 64.50000000 +5.0000000000000000e+00 +1.9999740692702692e+00 +1.9040144831165852e-03 +9.9983402517688824e-01 +1.0000028274506294e+00 +1.0000010048787573e+00 +9.9999577914334148e-01 +9.9999877094018041e-01 +4.4672968091766855e-05 +8.5429819472047556e-07 +2.5844175853092754e-05 +4.6335628863793087e-05 +4.9885360067188462e-05
 65.00000000 +5.0000000000000000e+00 +1.9999753474921844e+00 +1.9132534651219030e-03 +9.9981228946162171e-01 +1.0000047068687694e+00 +1.0000014202554963e+00 +9.9999385154108023e-01 +9.9999903041613547e-01 +5.8635164692578975e-05 -1.9260311671397553e-06 +2.1864584483188674e-05 +5.3188222862728556e-05 +5.6939540753427352e-05
 65.50000000 +5.0000000000000000e+00 +1.9999761255116200e+00 +1.9174144255271689e-03 +9.9980077750636387e-01 +1.0000028866927222e+00 +1.0000000973630752e+00 +9.9999533201348945e-01 +9.9999808871277118e-01 +4.9516101445559728e-05 +1.7971841018344787e-05 +3.8805457158630618e-05 +4.2717941987762998e-05 +5.3806394645849684e-05
 66.00000000 +5.0000000000000000e+00 +1.9999769035064745e+00 +1.9215752544682612e-03 +9.9978926591482287e-01 +1.0000010665741830e+00 +9.9999877451245089e-01 +9.9999681243912386e-01 +9.9999714703915998e-01 +4.0397326312341507e-05 +3.7869084537108650e-05 +5.5745794592777862e-05 +3.2247991917874530e-05 +5.0673347528991757e-05
 66.50000000 +5.0000000000000000e+00 +1.9999776814767487e+00 +1.9257359519514097e-03 +9.9977775468698116e-01 +9.9999924651314875e-01 +9.9999745170362087e-01 +9.9999829281798525e-01 +9.9999620539530032e-01 +3.1278839279270201e-05 +5.7765699418945137e-05 +7.2685596810996171e-05 +2.1778372637385891e-05 +4.7540399398162271e-05
 67.00000000 +5.0000000000000000e+00 +1.9999784594224439e+00 +1.9298965179828441e-03 +9.9976624382282098e-01 +9.9999742650961676e-01 +9.9999612893658296e-01 +9.9999977315007593e-01 +9.9999526378119030e-01 +2.2160640332692602e-05 +7.7661685693645663e-05 +8.9624863838649668e-05 +1.1309084130620791e-05 +4.4407550248670226e-05
 67.50000000 +5.0000000000000000e+00 +1.9999763652321583e+00 +1.9139007293143804e-03 +9.9980729945222602e-01 +9.9999767425436792e-01 +9.9999636785695090e-01 +9.9999921906912037e-01 +9.9999577097054937e-01 +2.6151561841307274e-05 +6.1112471892784621e-05 +7.1853752672795839e-05 +8.6054671571185628e-06 +3.5945165437912565e-05
 68.00000000 +5.0000000000000000e+00 +1.9999742708496020e+00 +1.8979034720514030e-03 +9.9984835885100320e-01 +9.9999792202186510e-01 +9.9999660679925473e-01 +9.9999866493729428e-01 +9.9999627820647441e-01 +3.0142849761704220e-05 +4.4561738686715829e-05 +5.4081009917721063e-05 +5.9016019609660782e-06 +2.7482003684412735e-05
 68.50000000 +5.0000000000000000e+00 +1.9999721762747491e+00 +1.8819047459916513e-03 +9.9988942201967068e-01 +9.9999816981211098e-01 +9.9999684576349690e-01 +9.9999811075458978e-01 +9.9999678548897131e-01 +3.4134504144346877e-05 +2.8009485866181759e-05 +3.6306635348717445e-05 +3.1974885079772912e-06 +1.9018064881167580e-05
 69.00000000 +5.0000000000000000e+00 +1.9999700815075732e+00 +1.8659045509328287e-03 +9.9993048895874836e-01 +9.9999841762510910e-01 +9.9999708474968096e-01 +9.9999755652100064e-01 +9.9999729281804706e-01 +3.8126525039707953e-05 +1.1455713221886498e-05 +1.8530628741035866e-05 +4.9312676395988186e-07 +1.0553348921154345e-05
 69.50000000 +5.0000000000000000e+00 +1.9999708347413494e+00 +1.8657093347372888e-03 +9.9992869438319210e-01 +1.0000001487819308e+00 +9.9999821185441473e-01 +9.9999617627561610e-01 +9.9999813769117807e-01 +2.5204356478984299e-05 +1.8668899718507259e-05 +1.4069471792068372e-05 +8.2143592973667506e-06 +1.2473936453032884e-05
 70.00000000 +5.0000000000000000e+00 +1.9999715879574900e+00 +1.8655141231124427e-03 +9.9992689984965322e-01 +1.0000018798982200e+00 +9.9999933893275927e-01 +9.9999479606254782e-01 +9.9999898254452746e-01 +1.2282490471426777e-05 +2.5881917329201313e-05 +9.6084192943896208e-06 +1.5935411049712110e-05 +1.4394479017239331e-05
 70.50000000 +5.0000000000000000e+00 +1.9999723411559955e+00 +1.8653189160581305e-03 +9.9992510535813006e-01 +1.0000036109739785e+00 +1.0000004659847155e+00 +9.9999341588179536e-01 +9.9999982737809623e-01 -6.3907299359023439e-07 +3.3094766059899914e-05 +5.1474712443313006e-06 +2.3656282027344964e-05 +1.6314976615352939e-05
 71.00000000 +5.0000000000000000e+00 +1.9999730943368661e+00 +1.8651237135741908e-03 +9.9992331090862130e-01 +1.0000053420092072e+00 +1.0000015930102837e+00 +9.9999203573335649e-01 +1.0000006721918848e+00 -1.3560333926691859e-05 +4.0307445916534016e-05 +6.8662763822526821e-07 +3.1376972236614017e-05 +1.8235429248952894e-05
 71.50000000 +5.0000000000000000e+00 +1.9999746409387005e+00 +1.8739153494200949e-03 +9.9990240808420805e-01 +1.0000032175599176e+00 +1.0000010203639049e+00 +9.9999458886939119e-01 +9.9999940567191004e-01 -5.1718929732104881e-07 +3.4532450092393647e-05 +2.0294355116369008e-06 +3.6288412163675188e-05 +2.7026334723340366e-05
 72.00000000 +5.0000000000000000e+00 +1.9999761877259570e+00 +1.8827080392999176e-03 +9.9988150275374421e-01 +1.0000010928559269e+00 +1.0000004476488713e+00 +9.9999714231152292e-01 +9.9999813900009138e-01 +1.2527519081628174e-05 +2.8756761900918411e-05 +3.3724043750019232e-06 +4.1200440925893336e-05 +3.5818294144082045e-05
 72.50000000 +5.0000000000000000e+00 +1.9999777346986696e+00 +1.8915017834032232e-03 +9.9986059491677848e-01 +9.9999896789718867e-01 +9.9999987486517050e-01 +9.9999969605980610e-01 +9.9999687217640132e-01 +2.5573791491390824e-05 +2.2980381217588394e-05 +4.7155342572738272e-06 +4.6113058629168446e-05 +4.4611307700726549e-05
 73.00000000 +5.0000000000000000e+00 +1.9999792818568725e+00 +1.9002965819196222e-03 +9.9983968457286065e-01 +9.9999684268365763e-01 +9.9999930201279008e-01 +1.0000022501142964e+00 +9.9999560520081321e-01 +3.8621628213269370e-05 +1.7203307917853861e-05 +6.0588251874130517e-06 +5.1026265379425916e-05 +5.3405375582868044e-05
 73.50000000 +5.0000000000000000e+00 +1.9999792293302050e+00 +1.8879634252977869e-03 +9.9986968144296273e-01 +9.9999659902491478e-01 +9.9999904562472186e-01 +1.0000022312547012e+00 +9.9999648065686153e-01 +2.1588511847590785e-05 +2.7650588626571274e-05 +3.9599099781711671e-06 +3.8071259407692757e-05 +4.4691715117889841e-05
 74.00000000 +5.0000000000000000e+00 +1.9999791768045312e+00 +1.8756305020942163e-03 +9.9989967774534139e-01 +9.9999635537078313e-01 +9.9999878924150587e-01 +1.0000022123954622e+00 +9.9999735609634066e-01 +4.5557178519746629e-06 +3.8097671609255322e-05 +1.8610344931589893e-06 +2.5116498623392987e-05 +3.5978219568315725e-05
 74.50000000 +5.0000000000000000e+00 +1.9999791242798515e+00 +1.8632978123022841e-03 +9.9992967348001327e-01 +9.9999611172126268e-01 +9.9999853286314211e-01 +1.0000021935365802e+00 +9.9999823151925127e-01 -1.2476753782730697e-05 +4.8544556871519222e-05 -2.3780126875120694e-07 +1.2161983019566027e-05 +2.7264888929463958e-05
 75.00000000 +5.0000000000000000e+00 +1.9999790717561654e+00 +1.8509653559153644e-03 +9.9995966864699426e-01 +9.9999586807635377e-01 +9.9999827648963047e-01 +1.0000021746780554e+00 +9.9999910692559391e-01 -2.9508903065676657e-05 +5.8991244418975976e-05 -2.3365973086871036e-06 -7.9228741074844603e-07 +1.8551723196652943e-05
 75.50000000 +5.0000000000000000e+00 +1.9999798443785197e+00 +1.8556047729584091e-03 +9.9994777014084357e-01 +9.9999549131189536e-01 +9.9999850045750260e-01 +1.0000023147716095e+00 +9.9999869280280484e-01 -1.9531565314124847e-05 +5.5825223104975556e-05 +3.4451047993393551e-08 +5.3379277369887432e-06 +1.5564474910656260e-05
 76.00000000 +5.0000000000000000e+00 +1.9999806168227066e+00 +1.8602431201491679e-03 +9.9993587437849563e-01 +9.9999511463431889e-01 +9.9999872437372772e-01 +1.0000024548328581e+00 +9.9999827877551273e-01 -9.5565283425001615e-06 +5.2659931877343830e-05 +2.4049526395346189e-06 +1.1466729253523696e-05 +1.2577915485863329e-05
 76.50000000 +5.0000000000000000e+00 +1.9999813890887881e+00 +1.8648803978576598e-03 +9.9992398135900085e-01 +9.9999473804359462e-01 +9.9999894823832325e-01 +1.0000025948618121e+00 +9.9999786484368458e-01 +4.1620864494745288e-07 +4.9495370483572355e-05 +4.7749076550413099e-06 +1.7594117627776309e-05 +9.5920446840239208e-06
 77.00000000 +5.0000000000000000e+00 +1.9999821611768254e+00 +1.8695166064537352e-03 +9.9991209108141132e-01 +9.9999436153969223e-01 +9.9999917205130751e-01 +1.0000027348584828e+00 +9.9999745100728732e-01 +1.0386646443601123e-05 +4.6331538671269198e-05 +7.1443162835310120e-06 +2.3720093348441054e-05 +6.6068622669976688e-06
 77.50000000 +5.0000000000000000e+00 +1.9999829330868810e+00 +1.8741517463070735e-03 +9.9990020354477882e-01 +9.9999398512258231e-01 +9.9999939581269870e-01 +1.0000028748228815e+00 +9.9999703726628819e-01 +2.0354785848477287e-05 +4.3168436188158744e-05 +9.5131787139341223e-06 +2.9844656903987089e-05 +3.6223679967539938e-06
 78.00000000 +5.0000000000000000e+00 +1.9999837048190152e+00 +1.8787858177871822e-03 +9.9988831874815498e-01 +9.9999360879223387e-01 +9.9999961952251348e-01 +1.0000030147550192e+00 +9.9999662362065356e-01 +3.0320627654225846e-05 +4.0006062782081654e-05 +1.1881495135093941e-05 +3.5967808782658369e-05 +6.3856163537205326e-07
 78.50000000 +5.0000000000000000e+00 +1.9999844763732897e+00 +1.8834188212633999e-03 +9.9987643669059356e-01 +9.9999323254861749e-01 +9.9999984318077062e-01 +1.0000031546549066e+00 +9.9999621007035133e-01 +4.0284172655130491e-05 +3.6844418200994866e-05 +1.4249265735766730e-05 +4.2089549472473844e-05 -2.3445570549593396e-06
 79.00000000 +5.0000000000000000e+00 +1.9999852477497670e+00 +1.8880507571048955e-03 +9.9986455737114743e-01 +9.9999285639170321e-01 +1.0000000667874880e+00 +1.0000032945225559e+00 +9.9999579661534788e-01 +5.0245421645108766e-05 +3.3683502192971469e-05 +1.6616490704621754e-05 +4.8209879461227522e-05 -5.3269883119417563e-06
 79.50000000 +5.0000000000000000e+00 +1.9999860189485079e+00 +1.8926816256806666e-03 +9.9985268078886991e-01 +9.9999248032146115e-01 +1.0000002903426828e+00 +1.0000034343579773e+00 +9.9999538325561055e-01 +6.0204375417712415e-05 +3.0523314506200623e-05 +1.8983170230241329e-05 +5.4328799236488602e-05 -8.3087323731672409e-06
 80.00000000 +5.0000000000000000e+00 +1.9999886910426441e+00 +1.8864246808905851e-03 +9.9986949261585378e-01 +9.9999459810047520e-01 +1.0000006739924330e+00 +1.0000033712713809e+00 +9.9999445039474510e-01 +6.3486237731097457e-05 +2.0816182044158846e-05 +1.4561712628394652e-05 +4.1869378128595643e-05 -3.3198911912976949e-06
 80.50000000 +5.0000000000000000e+00 +1.9999913630362602e+00 +1.8801679714766598e-03 +9.9988630381040333e-01 +9.9999671579982152e-01 +1.0000010576277500e+00 +1.0000033081871571e+00 +9.9999351756897192e-01 +6.6767976586122902e-05 +1.1109414748761973e-05 +1.0140421354641707e-05 +2.9410425724001111e-05 +1.6687623184242336e-06
 81.00000000 +5.0000000000000000e+00 +1.9999940349293623e+00 +1.8739114974256114e-03 +9.9990311437255541e-01 +9.9999883341950502e-01 +1.0000014412486364e+00 +1.0000032451053067e+00 +9.9999258477828967e-01 +7.0049591989755088e-05 +1.4030125994049324e-06 +5.7192963995971902e-06 +1.6951941996257759e-05 +6.6572281665882299e-06
 81.50000000 +5.0000000000000000e+00 +1.9999967067219557e+00 +1.8676552587241579e-03 +9.9991992430234478e-01 +1.0000009509595305e+00 +1.0000018248550919e+00 +1.0000031820258293e+00 +9.9999165202269646e-01 +7.3331083948959837e-05 -8.3030244245158207e-06 +1.2983377538764836e-06 +4.4939269189202453e-06 +1.1645506363783184e-05
 82.00000000 +5.0000000000000000e+00 +1.9999993784140471e+00 +1.8613992553590205e-03 +9.9993673359980784e-01 +1.0000030684199017e+00 +1.0000022084471178e+00 +1.0000031189487248e+00 +9.9999071930218997e-01 +7.6612452470702417e-05 -1.8008696343602268e-05 -3.1224545919043109e-06 -7.9636195344547298e-06 +1.6633596920597195e-05
 82.50000000 +5.0000000000000000e+00 +2.0000020500056404e+00 +1.8551434873169202e-03 +9.9995354226497934e-01 +1.0000051858006234e+00 +1.0000025920247144e+00 +1.0000030558739927e+00 +9.9998978661676807e-01 +7.9893697561947538e-05 -2.7714003178454816e-05 -7.5430806471283903e-06 -2.0420697390308484e-05 +2.1621499847617536e-05
 83.00000000 +5.0000000000000000e+00 +2.0000047214967425e+00 +1.8488879545845800e-03 +9.9997035029789583e-01 +1.0000073031017005e+00 +1.0000029755878828e+00 +1.0000029928016336e+00 +9.9998885396642923e-01 +8.3174819229659493e-05 -3.7418944949672384e-05 -1.1963540421178252e-05 -3.2877306675080381e-05 +2.6609215155430736e-05
 83.50000000 +5.0000000000000000e+00 +2.0000073928873583e+00 +1.8426326571487225e-03 +9.9998715769859203e-01 +1.0000094203231367e+00 +1.0000033591366237e+00 +1.0000029297316464e+00 +9.9998792135117076e-01 +8.6455817480801894e-05 -4.7123521677852252e-05 -1.6383833923435666e-05 -4.5333447415207721e-05 +3.1596742854622461e-05
 84.00000000 +5.0000000000000000e+00 +2.0000100641774945e+00 +1.8363775949960738e-03 +1.0000039644671048e+00 +1.0000115374649372e+00 +1.0000037426709383e+00 +1.0000028666640319e+00 +9.9998698877099168e-01 +8.9736692322338031e-05 -5.6827733383590270e-05 -2.0803961163281727e-05 -5.7789119637125922e-05 +3.6584082955777658e-05
 84.50000000 +5.0000000000000000e+00 +2.0000079995985947e+00 +1.8470741492347621e-03 +9.9997663722363850e-01 +1.0000091609237534e+00 +1.0000027592559138e+00 +1.0000025861710253e+00 +9.9998776488368635e-01 +8.3885218196630429e-05 -4.4416207809688209e-05 -1.3082130925079813e-05 -4.6776957750926975e-05 +4.1481618162400348e-05
 85.00000000 +5.0000000000000000e+00 +2.0000059352097992e+00 +1.8577697185475073e-03 +9.9994931249643249e-01 +1.0000067846013989e+00 +1.0000017759314412e+00 +1.0000023057038461e+00 +9.9998854092491796e-01 +7.8034282867674181e-05 -3.2005825074242735e-05 -5.3610117037870509e-06 -3.5765809851446965e-05 +4.6378702409828444e-05
 85.50000000 +5.0000000000000000e+00 +2.0000038710110815e+00 +1.8684643030703384e-03 +9.9992199028513862e-01 +1.0000044084978432e+00 +1.0000007926975079e+00 +1.0000020252624908e+00 +9.9998931689469550e-01 +7.2183886261055073e-05 -1.9596585019414314e-05 +2.3593965987964193e-06 -2.4755675798642317e-05 +5.1275335760344738e-05
 86.00000000 +5.0000000000000000e+00 +2.0000018070024148e+00 +1.8791579029392611e-03 +9.9989467058940984e-01 +1.0000020326130563e+00 +9.9999980955410062e-01 +1.0000017448469556e+00 +9.9999009279302919e-01 +6.6334028302372590e-05 -7.1884874873924726e-06 +1.0079094080852375e-05 -1.3746555452495221e-05 +5.6171518276220580e-05
 86.50000000 +5.0000000000000000e+00 +1.9999997431837735e+00 +1.8898505182902547e-03 +9.9986735340889843e-01 +9.9999965694700754e-01 +9.9999882650120808e-01 +1.0000014644572375e+00 +9.9999086861992947e-01 +6.0484708917239912e-05 +5.2184676796042058e-06 +1.7798080840544523e-05 -2.7384486730136709e-06 +6.1067250019715844e-05
 87.00000000 +5.0000000000000000e+00 +1.9999976795551311e+00 +1.9005421492592743e-03 +9.9984003874325744e-01 +9.9999728149966727e-01 +9.9999784353881704e-01 +1.0000011840933325e+00 +9.9999164437540511e-01 +5.4635928031283942e-05 +1.7624280639328067e-05 +2.5516356976018472e-05 +8.2686446797685612e-06 +6.5962531053078942e-05
 87.50000000 +5.0000000000000000e+00 +1.9999956161164614e+00 +1.9112327959822496e-03 +9.9981272659213949e-01 +9.9999490627100496e-01 +9.9999686066691507e-01 +1.0000009037552369e+00 +9.9999242005946687e-01 +4.8787685570145215e-05 +3.0028951549502432e-05 +3.3233922585401804e-05 +1.9274724745791954e-05 +7.0857361438546792e-05
 88.00000000 +5.0000000000000000e+00 +1.9999935528677382e+00 +1.9219224585950857e-03 +9.9978541695519718e-01 +9.9999253126099030e-01 +9.9999587788549005e-01 +1.0000006234429475e+00 +9.9999319567212408e-01 +4.2939981459478044e-05 +4.2432480567821583e-05 +4.0950777766803970e-05 +3.0279791664971201e-05 +7.5751741238344941e-05
 88.50000000 +5.0000000000000000e+00 +1.9999914898089353e+00 +1.9326111372336618e-03 +9.9975810983208335e-01 +9.9999015646959344e-01 +9.9999489519452900e-01 +1.0000003431564608e+00 +9.9999397121338707e-01 +3.7092815624950340e-05 +5.4834867851950769e-05 +4.8666922618316440e-05 +4.1283845577195256e-05 +8.0645670514687391e-05
 89.00000000 +5.0000000000000000e+00 +1.9999903866621267e+00 +1.9359586035951970e-03 +9.9974898941455537e-01 +9.9999008277905910e-01 +9.9999444962729378e-01 +9.9999972489716493e-01 +9.9999370101604912e-01 +5.1576469068493569e-05 +4.6314323927338157e-05 +5.3696408913498049e-05 +4.1586217086448730e-05 +7.9878836258886937e-05
 89.50000000 +5.0000000000000000e+00 +1.9999892834400361e+00 +1.9393062983977941e-03 +9.9973986837462303e-01 +9.9999000908349622e-01 +9.9999400402965188e-01 +9.9999910659567759e-01 +9.9999343080027248e-01 +6.6061110919630675e-05 +3.7793198535463042e-05 +5.8726238435785106e-05 +4.1888609230433432e-05 +7.9111949672035871e-05
 90.00000000 +5.0000000000000000e+00 +1.9999881801426553e+00 +1.9426542216648378e-03 +9.9973074671222251e-01 +9.9998993538290371e-01 +9.9999355840159998e-01 +9.9999848825199389e-01 +9.9999316056605458e-01 +8.0546741279542900e-05 +2.9271491616801801e-05 +6.3756411220313014e-05 +4.2191022011261679e-05 +7.8345010748777136e-05
 90.50000000 +5.0000000000000000e+00 +1.9999870767699777e+00 +1.9460023734197169e-03 +9.9972162442728996e-01 +9.9998986167728132e-01 +9.9999311274313507e-01 +9.9999786986610961e-01 +9.9999289031339389e-01 +9.5033360249425353e-05 +2.0749203111822684e-05 +6.8786927302222085e-05 +4.2493455431046108e-05 +7.7578019483752998e-05
 91.00000000 +5.0000000000000000e+00 +1.9999859733219951e+00 +1.9493507536858228e-03 +9.9971250151976221e-01 +9.9998978796662896e-01 +9.9999266705425416e-01 +9.9999725143802076e-01 +9.9999262004228884e-01 +1.0952096793048692e-04 +1.2226332960985836e-05 +7.3817786716657343e-05 +4.2795909491899645e-05 +7.6810975871604992e-05
 91.50000000 +5.0000000000000000e+00 +1.9999848697986988e+00 +1.9526993624865497e-03 +9.9970337798957498e-01 +9.9998971425094518e-01 +9.9999222133495380e-01 +9.9999663296772279e-01 +9.9999234975273676e-01 +1.2400956442395024e-04 +3.7028811047432716e-06 +7.8848989498768622e-05 +4.3098384195935462e-05 +7.6043879906973852e-05
 92.00000000 +5.0000000000000000e+00 +1.9999837662000821e+00 +1.9560481998452950e-03 +9.9969425383666444e-01 +9.9998964053023010e-01 +9.9999177558523089e-01 +9.9999601445521091e-01 +9.9999207944473611e-01 +1.3849914983105193e-04 -4.8211525164611516e-06 +8.3880535683710568e-05 +4.3400879545267054e-05 +7.5276731584499648e-05
 92.50000000 +5.0000000000000000e+00 +1.9999826625261377e+00 +1.9593972657854612e-03 +9.9968512906096718e-01 +9.9998956680448314e-01 +9.9999132980508276e-01 +9.9999539590048159e-01 +9.9999180911828511e-01 +1.5298972425304225e-04 -1.3345767962191659e-05 +8.8912425306642638e-05 +4.3703395542008209e-05 +7.4509530898821705e-05
 93.00000000 +5.0000000000000000e+00 +1.9999815587768570e+00 +1.9627465603304509e-03 +9.9967600366241938e-01 +9.9998949307370355e-01 +9.9999088399450564e-01 +9.9999477730353026e-01 +9.9999153877338209e-01 +1.6748128779118542e-04 -2.1870965292020658e-05 +9.3944658402729086e-05 +4.4005932188273001e-05 +7.3742277844578629e-05
 93.50000000 +5.0000000000000000e+00 +1.9999803574646342e+00 +1.9541528882224598e-03 +9.9969802505702943e-01 +9.9999121903192190e-01 +9.9999227728867079e-01 +9.9999606723600520e-01 +9.9999044560609851e-01 +1.5454068241723640e-04 -8.9426528111640601e-06 +7.5929807811079338e-05 +3.2956798475337919e-05 +7.7481142267522997e-05
 94.00000000 +5.0000000000000000e+00 +1.9999791560339237e+00 +1.9455583685044342e-03 +9.9972004862365127e-01 +9.9999294516037462e-01 +9.9999367072025935e-01 +9.9999735729570871e-01 +9.9998935233099395e-01 +1.4159880068705450e-04 +3.9869348134542730e-06 +5.7913180380852649e-05 +2.1906574965575337e-05 +8.1220375461693472e-05
 94.50000000 +5.0000000000000000e+00 +1.9999779544847081e+00 +1.9369630010509669e-03 +9.9974207436260587e-01 +9.9999467145908716e-01 +9.9999506428929141e-01 +9.9999864748265954e-01 +9.9998825894805232e-01 +1.2865564241179627e-04 +1.6917797770498392e-05 +3.9894775849156670e-05 +1.0855261497744232e-05 +8.4959977481651608e-05
 95.00000000 +5.0000000000000000e+00 +1.9999767528169701e+00 +1.9283667857366248e-03 +9.9976410227421486e-01 +9.9999639792808481e-01 +9.9999645799578718e-01 +9.9999993779687657e-01 +9.9998716545725763e-01 +1.1571120740258103e-04 +2.9849936248669566e-05 +2.1874593953047181e-05 -1.9714208942823517e-07 +8.8699948381969825e-05
 95.50000000 +5.0000000000000000e+00 +1.9999755510306909e+00 +1.9197697224359498e-03 +9.9978613235879976e-01 +9.9999812456739223e-01 +9.9999785183976742e-01 +1.0000012282383783e+00 +9.9998607185859378e-01 +1.0276549547049082e-04 +4.2783350436706278e-05 +3.8526344295280662e-06 -1.1250635957246702e-05 +9.2440288217231158e-05
 96.00000000 +5.0000000000000000e+00 +1.9999743491258544e+00 +1.9111718110234592e-03 +9.9980816461668187e-01 +9.9999985137703495e-01 +9.9999924582125199e-01 +1.0000025188071842e+00 +9.9998497815204490e-01 +8.9818506426570397e-05 +5.5718040523384247e-05 -1.4171102984448631e-05 -2.2305220267047620e-05 +9.6180997042029549e-05
 96.50000000 +5.0000000000000000e+00 +1.9999731471024429e+00 +1.9025730513736469e-03 +9.9983019904818327e-01 +1.0000015783570384e+00 +1.0000006399402617e+00 +1.0000038095033126e+00 +9.9998388433759544e-01 +7.6870240081827276e-05 +6.8654006697516521e-05 -3.2196618551982842e-05 -3.3360895180199328e-05 +9.9922074910969690e-05
 97.00000000 +5.0000000000000000e+00 +1.9999719449604376e+00 +1.8939734433609790e-03 +9.9985223565362469e-01 +1.0000033055074271e+00 +1.0000020341968165e+00 +1.0000051003267820e+00 +9.9998279041522853e-01 +6.3920696247231592e-05 +8.1591249147953203e-05 -5.0223912536226335e-05 -4.4417660858101924e-05 +1.0366352187866692e-04
 97.50000000 +5.0000000000000000e+00 +1.9999707426998228e+00 +1.8853729868599010e-03 +9.9987427443332899e-01 +1.0000050328282273e+00 +1.0000034285909372e+00 +1.0000063912776123e+00 +9.9998169638492940e-01 +5.0969874733716321e-05 +9.4529768063581949e-05 -6.8252985200382887e-05 -5.5475517462187466e-05 +1.0740533799974755e-04
 98.00000000 +5.0000000000000000e+00 +1.9999704222823005e+00 +1.8899400479622489e-03 +9.9986377977270757e-01 +1.0000018170347709e+00 +1.0000052509723012e+00 +1.0000074561805441e+00 +9.9998007682214274e-01 +4.9698716366000927e-05 +8.7994332123149917e-05 -5.4961610787888282e-05 -4.2509387196332887e-05 +1.0139716151863509e-04
 98.50000000 +5.0000000000000000e+00 +1.9999701018844114e+00 +1.8945068292189940e-03 +9.9985328575514398e-01 +9.9999860143836161e-01 +1.0000070732419992e+00 +1.0000085210182244e+00 +9.9997845735859447e-01 +4.8427635888217762e-05 +8.1459296640029415e-05 -4.1671050801257855e-05 -2.9544051427083336e-05 +9.5389353187133854e-05
 99.00000000 +5.0000000000000000e+00 +1.9999697815061546e+00 +1.8990733306558571e-03 +9.9984279238057927e-01 +9.9999538603898119e-01 +1.0000088954000415e+00 +1.0000095857906590e+00 +9.9997683799427539e-01 +4.7156633293208002e-05 +7.4924661577414667e-05 -2.8381305165638271e-05 -1.6579510081417153e-05 +8.9381912971407476e-05
 99.50000000 +5.0000000000000000e+00 +1.9999694611475269e+00 +1.9036395522985543e-03 +9.9983229964895370e-01 +9.9999217083661129e-01 +1.0000107174464379e+00 +1.0000106504978536e+00 +9.9997521872917616e-01 +4.5885708573813704e-05 +6.8390426898504367e-05 -1.5092373806185350e-05 -3.6157630863216272e-06 +8.3374840837623695e-05
100.00000000 +5.0000000000000000e+00 +1.9999691408085276e+00 +1.9082054941728008e-03 +9.9982180756020922e-01 +9.9998895583123437e-01 +1.0000125393811996e+00 +1.0000117151398149e+00 +9.9997359956328824e-01 +4.4614861722877838e-05 +6.1856592566501847e-05 -1.8042566480641055e-06 +9.3471896312069998e-06 +7.7368136751954428e-05
100.50000000 +5.0000000000000000e+00 +1.9999688204891546e+00 +1.9127711563043076e-03 +9.9981131611428620e-01 +9.9998574102283189e-01 +1.0000143612043364e+00 +1.0000127797165486e+00 +9.9997198049660230e-01 +4.3344092733244217e-05 +5.5323158544614854e-05 +1.1483046383551280e-05 +2.2309348144163528e-05 +7.1361800680575738e-05
101.00000000 +5.0000000000000000e+00 +1.9999685001894065e+00 +1.9173365387187824e-03 +9.9980082531112580e-01 +9.9998252641138619e-01 +1.0000161829158587e+00 +1.0000138442280604e+00 +9.9997036152910890e-01 +4.2073401597757526e-05 +4.8790124796055650e-05 +2.4769535363477480e-05 +3.5270712525533854e-05 +6.5355832589667851e-05
101.50000000 +5.0000000000000000e+00 +1.9999681799092808e+00 +1.9219016414419288e-03 +9.9979033515066817e-01 +9.9997931199687839e-01 +1.0000180045157758e+00 +1.0000149086743562e+00 +9.9996874266079905e-01 +4.0802788309263339e-05 +4.2257491284040981e-05 +3.8055210366521966e-05 +4.8231282848294854e-05 +5.9350232445415020e-05
102.00000000 +5.0000000000000000e+00 +1.9999678596487760e+00 +1.9264664644994495e-03 +9.9977984563285527e-01 +9.9997609777929108e-01 +1.0000198260040991e+00 +1.0000159730554428e+00 +9.9996712389166376e-01 +3.9532252860608110e-05 +3.5725257971792183e-05 +5.1340071467483075e-05 +6.1191059185414576e-05 +5.3345000214005800e-05
102.50000000 +5.0000000000000000e+00 +1.9999702028310653e+00 +1.9343222024740380e-03 +9.9976003131417290e-01 +9.9997778558632633e-01 +1.0000174761331095e+00 +1.0000169975758577e+00 +9.9996899465496225e-01 +3.0792199403633626e-05 +4.3395732669271702e-05 +6.5082964117438972e-05 +6.8169126317279543e-05 +5.1274718163387676e-05
103.00000000 +5.0000000000000000e+00 +1.9999725456870943e+00 +1.9421768466315579e-03 +9.9974021975439609e-01 +9.9997947315835445e-01 +1.0000151265893114e+00 +1.0000180219536206e+00 +9.9997086515777933e-01 +2.2053362894026776e-05 +5.1065139345366951e-05 +7.8823943234815639e-05 +7.5146221837189367e-05 +4.9204724374655384e-05
103.50000000 +5.0000000000000000e+00 +1.9999748882169317e+00 +1.9500303972004454e-03 +9.9972041095294883e-01 +9.9998116049542507e-01 +1.0000127773726362e+00 +1.0000190461887613e+00 +9.9997273540017007e-01 +1.3315743077637339e-05 +5.8733478223126133e-05 +9.2563009219239875e-05 +8.2122345948057863e-05 +4.7135018787607621e-05
104.00000000 +5.0000000000000000e+00 +1.9999772304206456e+00 +1.9578828544090715e-03 +9.9970060490925505e-01 +9.9998284759758693e-01 +1.0000104284830156e+00 +1.0000200702813091e+00 +9.9997460538218774e-01 +4.5793397003858116e-06 +6.6400749525535294e-05 +1.0630016247022718e-04 +8.9097498852742322e-05 +4.5065601342059816e-05
104.50000000 +5.0000000000000000e+00 +1.9999795722983043e+00 +1.9657342184857458e-03 +9.9968080162273920e-01 +9.9998453446488944e-01 +1.0000080799203814e+00 +1.0000210942312948e+00 +9.9997647510388765e-01 -4.1558474917365279e-06 +7.4066953475518448e-05 +1.2003540338718191e-04 +9.6071680754043572e-05 +4.2996471977844197e-05
105.00000000 +5.0000000000000000e+00 +1.9999819138499746e+00 +1.9735844896587103e-03 +9.9966100109282474e-01 +9.9998622109738089e-01 +1.0000057316846653e+00 +1.0000221180387467e+00 +9.9997834456532342e-01 -1.2889818752667698e-05 +8.1732090295937485e-05 +1.3376873236939699e-04 +1.0304489185470593e-04 +4.0927630634809703e-05
105.50000000 +5.0000000000000000e+00 +1.9999842550757259e+00 +1.9814336681561488e-03 +9.9964120331893691e-01 +9.9998790749511091e-01 +1.0000033837757987e+00 +1.0000231417036956e+00 +9.9998021376655000e-01 -2.1622574336275039e-05 +8.9396160209592320e-05 +1.4750014981605451e-04 +1.1001713235741737e-04 +3.8859077252822054e-05
106.00000000 +5.0000000000000000e+00 +1.9999865959756256e+00 +1.9892817542061774e-03 +9.9962140830050006e-01 +9.9998959365812845e-01 +1.0000010361937139e+00 +1.0000241652261710e+00 +9.9998208270762112e-01 -3.0354114496355211e-05 +9.7059163439220823e-05 +1.6122965612622522e-04 +1.1698840246480939e-04 +3.6790811771763679e-05
106.50000000 +5.0000000000000000e+00 +1.9999889365497421e+00 +1.9971287480368507e-03 +9.9960161603693898e-01 +9.9999127958648237e-01 +9.9999868893834265e-01 +1.0000251886062026e+00 +9.9998395138859175e-01 -3.9084439486634233e-05 +1.0472110020749888e-04 +1.7495725169886891e-04 +1.2395870237945708e-04 +3.4722834131533760e-05
107.00000000 +5.0000000000000000e+00 +1.9999802330210106e+00 +1.9969028492156119e-03 +9.9959838892138986e-01 +9.9999460520259698e-01 +1.0000041193041165e+00 +1.0000247631045229e+00 +9.9998633464288833e-01 -2.3572638458128092e-05 +1.1654332057659188e-04 +1.4593773672950190e-04 +1.1290711698312750e-04 +3.9973293228170347e-05
107.50000000 +5.0000000000000000e+00 +1.9999715268616212e+00 +1.9966768821160605e-03 +9.9959516083043920e-01 +9.9999793182388430e-01 +1.0000095513112270e+00 +1.0000243374742344e+00 +9.9998871861752692e-01 -8.0561489607983730e-06 +1.2836911423234085e-04 +1.1690945056129352e-04 +1.0185219122590188e-04 +4.5225339285195264e-05
108.00000000 +5.0000000000000000e+00 +1.9999628180703826e+00 +1.9964508467072376e-03 +9.9959193176364480e-01 +1.0000012594508005e+00 +1.0000149849604196e+00 +1.0000239117152785e+00 +9.9999110331283536e-01 +7.4650311313229720e-06 +1.4019848279503885e-04 +8.7872389216977497e-05 +9.0793923593106586e-05 +5.0478973022209565e-05
108.50000000 +5.0000000000000000e+00 +1.9999541066461017e+00 +1.9962247429581646e-03 +9.9958870172056469e-01 +1.0000045880838024e+00 +1.0000204202524388e+00 +1.0000234858275980e+00 +9.9999348872914007e-01 +2.2990903945489579e-05 +1.5203142788595874e-04 +5.8826548716882704e-05 +7.9732312569151959e-05 +5.5734195159249471e-05
109.00000000 +5.0000000000000000e+00 +1.9999453925875827e+00 +1.9959985708378411e-03 +9.9958547070075554e-01 +1.0000079177233456e+00 +1.0000258571880296e+00 +1.0000230598111337e+00 +9.9999587486676778e-01 +3.8521471610241554e-05 +1.6386795112735371e-04 +2.9771925078931050e-05 +6.8667356637531720e-05 +6.0991006416786582e-05
109.50000000 +5.0000000000000000e+00 +1.9999366758936314e+00 +1.9957723303152524e-03 +9.9958223870377416e-01 +1.0000112483698869e+00 +1.0000312957679376e+00 +1.0000226336658271e+00 +9.9999826172604622e-01 +5.4056736255406501e-05 +1.7570805414245837e-04 +7.0851431863593680e-07 +5.7599054280822406e-05 +6.6249407515728379e-05
110.00000000 +5.0000000000000000e+00 +1.9999279565630521e+00 +1.9955460213593621e-03 +9.9957900572917735e-01 +1.0000145800238829e+00 +1.0000367359929090e+00 +1.0000222073916201e+00 +1.0000006493073026e+00 +6.9596700012100534e-05 +1.8755173855548925e-04 -2.8363687550899823e-05 +4.6527403980682460e-05 +7.1509399177418397e-05
110.50000000 +5.0000000000000000e+00 +1.9999192345946477e+00 +1.9953196439391162e-03 +9.9957577177652179e-01 +1.0000179126857911e+00 +1.0000421778636899e+00 +1.0000217809884537e+00 +1.0000030376108644e+00 +8.5141365012729111e-05 +1.9939900599164564e-04 -5.7444684518985569e-05 +3.5452404217851748e-05 +7.6770982123636647e-05
111.00000000 +5.0000000000000000e+00 +1.9999105099872216e+00 +1.9950931980234413e-03 +9.9957253684536296e-01 +1.0000212463560691e+00 +1.0000476213810279e+00 +1.0000213544562702e+00 +1.0000054266370595e+00 +1.0069073339098818e-04 +2.1124985807711031e-04 -8.6534480577344855e-05 +2.4374053472150682e-05 +8.2034157076599931e-05
111.50000000 +5.0000000000000000e+00 +1.9999147762190135e+00 +1.9800356254684351e-03 +9.9961418738069119e-01 +1.0000208566130828e+00 +1.0000432888915540e+00 +1.0000167290266020e+00 +1.0000031945639827e+00 +8.6280062845012337e-05 +1.8475677241945485e-04 -6.4999402648989568e-05 +1.6249439459393951e-05 +7.9456649485703561e-05
112.00000000 +5.0000000000000000e+00 +1.9999190427130547e+00 +1.9649771273135617e-03 +9.9965584047630818e-01 +1.0000204668461394e+00 +1.0000389561357590e+00 +1.0000121033126055e+00 +1.0000009623536992e+00 +7.1868506464702747e-05 +1.5826205821267613e-04 -4.3463000943829555e-05 +8.1243260207418029e-06 +7.6878983453552730e-05
112.50000000 +5.0000000000000000e+00 +1.9999233094693674e+00 +1.9499177034734715e-03 +9.9969749613244951e-01 +1.0000200770552354e+00 +1.0000346231136183e+00 +1.0000074773142542e+00 +9.9999873000619566e-01 +5.7456064168377541e-05 +1.3176571530660745e-04 -2.1925275339800792e-05 -1.2868898572927610e-09 +7.4301158965537652e-05
113.00000000 +5.0000000000000000e+00 +1.9999275764879769e+00 +1.9348573538628055e-03 +9.9973915434935157e-01 +1.0000196872403693e+00 +1.0000302898251070e+00 +1.0000028510315218e+00 +9.9999649752145936e-01 +4.3042735874344870e-05 +1.0526774355106353e-04 -3.8622571482422870e-07 -8.1273993184605273e-06 +7.1723176007046900e-05
113.50000000 +5.0000000000000000e+00 +1.9999318437689080e+00 +1.9197960783961954e-03 +9.9978081512725070e-01 +1.0000192974015389e+00 +1.0000259562702010e+00 +9.9999822446438247e-01 +9.9999426489947840e-01 +2.8628521500902833e-05 +7.8768142795840746e-05 +2.1154148053194166e-05 -1.6254011311130737e-05 +6.9145034563467176e-05
114.00000000 +5.0000000000000000e+00 +1.9999361113121843e+00 +1.9047338769882600e-03 +9.9982247846638261e-01 +1.0000189075387418e+00 +1.0000216224488756e+00 +9.9999359761280970e-01 +9.9999203214023991e-01 +1.4213420966339469e-05 +5.2266912890716908e-05 +4.2695846086363443e-05 -2.4381122913936430e-05 +6.6566734620183369e-05
114.50000000 +5.0000000000000000e+00 +1.9999403791178292e+00 +1.8896707495536084e-03 +9.9986414436698368e-01 +1.0000185176519760e+00 +1.0000172883611056e+00 +9.9998897047677715e-01 +9.9998979924373044e-01 -2.0256581106724554e-07 +2.5764053685451381e-05 +6.4238868506807681e-05 -3.2508734172951797e-05 +6.3988276162578602e-05
115.00000000 +5.0000000000000000e+00 +1.9999446471858677e+00 +1.8746066960068409e-03 +9.9990581282929047e-01 +1.0000181277412392e+00 +1.0000129540068674e+00 +9.9998434305625894e-01 +9.9998756620993823e-01 -1.4619438913049342e-05 -7.4043497021487854e-07 +8.5783215436665972e-05 -4.0636845134256653e-05 +6.1409659176034213e-05
115.50000000 +5.0000000000000000e+00 +1.9999489155163239e+00 +1.8595417162625449e-03 +9.9994748385353871e-01 +1.0000177378065289e+00 +1.0000086193861357e+00 +9.9997971535122843e-01 +9.9998533303885007e-01 -2.9037198421348948e-05 -2.7246553226559496e-05 +1.0732888699809242e-04 -4.8765455843936523e-05 +5.8830883645929687e-05
116.00000000 +5.0000000000000000e+00 +1.9999412524894882e+00 +1.8857285108994240e-03 +9.9988092607223056e-01 +1.0000139173983671e+00 +1.0000092801446994e+00 +9.9998695357214273e-01 +9.9998819059221911e-01 -2.4740208892741551e-05 -2.1223536659831418e-05 +1.1175453985512644e-04 -2.6968917975957832e-05 +8.1910343846952464e-05
116.50000000 +5.0000000000000000e+00 +1.9999335922574595e+00 +1.9119057548678377e-03 +9.9981439256542082e-01 +1.0000100983835585e+00 +1.0000099406622756e+00 +9.9999418915318272e-01 +9.9999104710340136e-01 -2.0444786532737953e-05 -1.5202716766472145e-05 +1.1617857861834836e-04 -5.1803295920518197e-06 +1.0498138666525212e-04
117.00000000 +5.0000000000000000e+00 +1.9999259348187075e+00 +1.9380734533917137e-03 +9.9974788331983155e-01 +1.0000062807613406e+00 +1.0000106009389962e+00 +1.0000014220957920e+00 +9.9999390257296572e-01 -1.6150930484143948e-05 -9.1840923449672583e-06 +1.2060100417061898e-04 +1.6600313655910720e-05 +1.2804401670488434e-04
117.50000000 +5.0000000000000000e+00 +1.9999182801717075e+00 +1.9642316116911737e-03 +9.9968139832219582e-01 +1.0000024645309527e+00 +1.0000112609749929e+00 +1.0000086524014138e+00 +9.9999675700148294e-01 -1.1858639890390396e-05 -3.1676621946784675e-06 +1.2502181739415557e-04 +3.8373016112888530e-05 +1.5109823856654782e-04
118.00000000 +5.0000000000000000e+00 +1.9999106283149304e+00 +1.9903802349825303e-03 +9.9961493755925512e-01 +9.9999864969163255e-01 +1.0000119207703977e+00 +1.0000158800714898e+00 +9.9999961038952145e-01 -7.5679138955325822e-06 +2.8465748841572503e-06 +1.2944101917053194e-04 +6.0137782120672694e-05 +1.7414405684758707e-04
118.50000000 +5.0000000000000000e+00 +1.9999029792468521e+00 +2.0165193284782967e-03 +9.9954850101776105e-01 +9.9999483624262075e-01 +1.0000125803253412e+00 +1.0000231051074611e+00 +1.0000024627376503e+00 -3.2787516442497178e-06 +8.8586200904283920e-06 +1.3385861038067953e-04 +8.1894616017889625e-05 +1.9718147614199573e-04
119.00000000 +5.0000000000000000e+00 +1.9998953329659486e+00 +2.0426488973871865e-03 +9.9948208868447519e-01 +9.9999102418315677e-01 +1.0000132396399564e+00 +1.0000303275107669e+00 +1.0000053140464382e+00 +1.0088477181556856e-06 +1.4868474622149773e-05 +1.3827459190488784e-04 +1.0364352214000400e-04 +2.2021050104041956e-04
119.50000000 +5.0000000000000000e+00 +1.9998876894706961e+00 +2.0687689469141169e-03 +9.9941570054616768e-01 +9.9998721351248165e-01 +1.0000138987143732e+00 +1.0000375472828460e+00 +1.0000081643164525e+00 +5.2948850457583407e-06 +2.0876139676463282e-05 +1.4268896462280473e-04 +1.2538450481932133e-04 +2.4323113613015923e-04
120.00000000 +5.0000000000000000e+00 +1.9998800487595734e+00 +2.0948794822602161e-03 +9.9934933658962000e-01 +9.9998340422983656e-01 +1.0000145575487234e+00 +1.0000447644251365e+00 +1.0000110135482614e+00 +9.5793611920107886e-06 +2.6881616449638716e-05 +1.4710172941343746e-04 +1.4711756838499133e-04 +2.6624338599517386e-04
120.50000000 +5.0000000000000000e+00 +1.9998866856708570e+00 +2.0837018940690951e-03 +9.9937615425393100e-01 +9.9998064871346892e-01 +1.0000174266263033e+00 +1.0000360843491722e+00 +1.0000133849641144e+00 +1.8588089322827945e-05 +2.8797537690063842e-05 +1.4594833616533785e-04 +1.4232469893899903e-04 +2.4064243294486274e-04
121.00000000 +5.0000000000000000e+00 +1.9998933227158251e+00 +2.0725240807323926e-03 +9.9940297245841914e-01 +9.9997789314159780e-01 +1.0000202957616737e+00 +1.0000274040983685e+00 +1.0000157564277337e+00 +2.7596998912766107e-05 +3.0713497522105798e-05 +1.4479491968491043e-04 +1.3753173295220049e-04 +2.1504096422503979e-04
121.50000000 +5.0000000000000000e+00 +1.9998999598944824e+00 +2.0613460422433073e-03 +9.9942979120310105e-01 +9.9997513751422218e-01 +1.0000231649548368e+00 +1.0000187236727207e+00 +1.0000181279391211e+00 +3.6606089967307924e-05 +3.2629495946930620e-05 +1.4364147997145328e-04 +1.3273867042167881e-04 +1.8943897982012448e-04
122.00000000 +5.0000000000000000e+00 +1.9999065972068317e+00 +2.0501677785950351e-03 +9.9945661048799261e-01 +9.9997238183133952e-01 +1.0000260342057936e+00 +1.0000100430722227e+00 +1.0000204994982775e+00 +4.5615362491936244e-05 +3.4545532965704334e-05 +1.4248801702426437e-04 +1.2794551134451696e-04 +1.6383647971453556e-04
122.50000000 +5.0000000000000000e+00 +1.9999132346528781e+00 +2.0389892897807738e-03 +9.9948343031311038e-01 +9.9996962609294893e-01 +1.0000289035145467e+00 +1.0000013622968698e+00 +1.0000228711052053e+00 +5.4624816492134162e-05 +3.6461608579593087e-05 +1.4133453084264177e-04 +1.2315225571779789e-04 +1.3823346389269138e-04
123.00000000 +5.0000000000000000e+00 +1.9999198722326250e+00 +2.0278105757937197e-03 +9.9951025067847088e-01 +9.9996687029904829e-01 +1.0000317728810972e+00 +9.9999268134665664e-01 +1.0000252427599050e+00 +6.3634451973384982e-05 +3.8377722789763014e-05 +1.4018102142588341e-04 +1.1835890353860427e-04 +1.1262993233900946e-04
123.50000000 +5.0000000000000000e+00 +1.9999265099460766e+00 +2.0166316366270684e-03 +9.9953707158409000e-01 +9.9996411444963607e-01 +1.0000346423054471e+00 +9.9998400022157774e-01 +1.0000276144623781e+00 +7.2644268941172207e-05 +4.0293875597380309e-05 +1.3902748877328723e-04 +1.1356545480401873e-04 +8.7025885037906692e-05
124.00000000 +5.0000000000000000e+00 +1.9999331477932376e+00 +2.0054524722740168e-03 +9.9956389302998427e-01 +9.9996135854471058e-01 +1.0000375117875984e+00 +9.9997531892162805e-01 +1.0000299862126265e+00 +8.1654267400979615e-05 +4.2210067003611241e-05 +1.3787393288415119e-04 +1.0877190951112378e-04 +6.1421321973799490e-05
124.50000000 +5.0000000000000000e+00 +1.9999397857741108e+00 +1.9942730827277604e-03 +9.9959071501617014e-01 +9.9995860258426983e-01 +1.0000403813275522e+00 +9.9996663744680181e-01 +1.0000323580106514e+00 +9.0664447358291129e-05 +4.4126297009622087e-05 +1.3672035375777311e-04 +1.0397826765700184e-04 +3.5816243131103470e-05
125.00000000 +5.0000000000000000e+00 +1.9999395946722729e+00 +1.9749734891271174e-03 +9.9964031709655321e-01 +9.9995834186008670e-01 +1.0000390508593764e+00 +9.9997016682380824e-01 +1.0000330504256913e+00 +8.6803003499512924e-05 +1.8047177745155330e-05 +1.1651873269424651e-04 +1.0986116932415646e-04 +2.7842846300100412e-05
125.50000000 +5.0000000000000000e+00 +1.9999394035345608e+00 +1.9556702725533155e-03 +9.9968992848837623e-01 +9.9995808108695972e-01 +1.0000377201414410e+00 +9.9997369686335891e-01 +1.0000337429707131e+00 +8.2940834759799819e-05 -8.0368371638020488e-06 +9.6313319326468436e-05 +1.1574517534590388e-04 +1.9867952680963080e-05
126.00000000 +5.0000000000000000e+00 +1.9999392123609643e+00 +1.9363634319860888e-03 +9.9973954919426133e-01 +9.9995782026487479e-01 +1.0000363891736763e+00 +9.9997722756564067e-01 +1.0000344356457536e+00 +7.9077940935017715e-05 -3.4125749095915360e-05 +7.6104112586485872e-05 +1.2163028603324200e-04 +1.1891561852180093e-05
126.50000000 +5.0000000000000000e+00 +1.9999390211514732e+00 +1.9170529664047850e-03 +9.9978917921683153e-01 +9.9995755939381858e-01 +1.0000350579560116e+00 +9.9998075893083993e-01 +1.0000351284508491e+00 +7.5214321820955778e-05 -6.0219559430367652e-05 +5.5891111405944742e-05 +1.2751650169728559e-04 +3.9136733920817865e-06
127.00000000 +5.0000000000000000e+00 +1.9999388299060779e+00 +1.8977388747883710e-03 +9.9983881855871115e-01 +9.9995729847377723e-01 +1.0000337264883767e+00 +9.9998429095914365e-01 +1.0000358213860370e+00 +7.1349977213326545e-05 -8.6318269546859872e-05 +3.5674314716089768e-05 +1.3340382264926626e-04 -4.0657131211598778e-06
127.50000000 +5.0000000000000000e+00 +1.9999386386247675e+00 +1.8784211561154287e-03 +9.9988846722252567e-01 +9.9995703750473675e-01 +1.0000323947707013e+00 +9.9998782365073857e-01 +1.0000365144513530e+00 +6.7484906907765770e-05 -1.1242188082561121e-04 +1.5453721447764294e-05 +1.3929224920053237e-04 -1.2046598109531337e-05
128.00000000 +5.0000000000000000e+00 +1.9999384473075330e+00 +1.8590998093641579e-03 +9.9993812521090064e-01 +9.9995677648668335e-01 +1.0000310628029145e+00 +9.9999135700581132e-01 +1.0000372076468345e+00 +6.3619110699832495e-05 -1.3853039464735932e-04 -4.7706694685900039e-06 +1.4518178166254942e-04 -2.0028981995177579e-05
128.50000000 +5.0000000000000000e+00 +1.9999382559543635e+00 +1.8397748335123726e-03 +9.9998779252646375e-01 +9.9995651541960373e-01 +1.0000297305849464e+00 +9.9999489102454930e-01 +1.0000379009725180e+00 +5.9752588385008921e-05 -1.6464381239336044e-04 -2.4998859102933172e-05 +1.5107242034689979e-04 -2.8012865200402146e-05
129.00000000 +5.0000000000000000e+00 +1.9999380645652491e+00 +1.8204462275375041e-03 +1.0000374691718428e+00 +9.9995625430348323e-01 +1.0000283981167262e+00 +9.9999842570713915e-01 +1.0000385944284398e+00 +5.5885339758700420e-05 -1.9076213544538988e-04 -4.5230848525627297e-05 +1.5696416556528297e-04 -3.5998248147667247e-05
129.50000000 +5.0000000000000000e+00 +1.9999316715707338e+00 +1.8365118947142442e-03 +9.9999665191334730e-01 +9.9995668907300272e-01 +1.0000285778172417e+00 +9.9999718108168556e-01 +1.0000449252230998e+00 +5.7601044647670401e-05 -1.4739013519677010e-04 -6.6884934361280125e-05 +1.4584512598189123e-04 -1.3196209245988878e-05
130.00000000 +5.0000000000000000e+00 +1.9999252808567614e+00 +1.8525718308602306e-03 +9.9995584921540237e-01 +9.9995712368742884e-01 +1.0000287574536535e+00 +9.9999593690022126e-01 +1.0000512537594051e+00 +5.9316137501212591e-05 -1.0403360684013874e-04 -8.8531295635574570e-05 +1.3473005284179155e-04 +9.5976955903713248e-06
130.50000000 +5.0000000000000000e+00 +1.9999188924221118e+00 +1.8686260390415219e-03 +9.9991506107021855e-01 +9.9995755814684451e-01 +1.0000289370259958e+00 +9.9999469316250900e-01 +1.0000575800385632e+00 +6.1030618646761413e-05 -6.0692542098147947e-05 -1.1016993648109381e-04 +1.2361894402296606e-04 +3.2383470713078133e-05
131.00000000 +5.0000000000000000e+00 +1.9999125062655663e+00 +1.8846745223219910e-03 +9.9987428747001161e-01 +9.9995799245133266e-01 +1.0000291165343029e+00 +9.9999344986831107e-01 +1.0000639040617820e+00 +6.2744488411517780e-05 -1.7366932699353392e-05 -1.3180086102747369e-04 +1.1251179740491042e-04 +5.5161120470692744e-05
131.50000000 +5.0000000000000000e+00 +1.9999061223859069e+00 +1.9007172837633252e-03 +9.9983352840700301e-01 +9.9995842660097678e-01 +1.0000292959786092e+00 +9.9999220701739078e-01 +1.0000702258302683e+00 +6.4457747122449271e-05 +2.5943229621791235e-05 -1.5342407340140538e-04 +1.0140861086863225e-04 +7.7930649208675528e-05
132.00000000 +5.0000000000000000e+00 +1.9998997407819152e+00 +1.9167543264250295e-03 +9.9979278387341908e-01 +9.9995886059585859e-01 +1.0000294753589489e+00 +9.9999096460951065e-01 +1.0000765453452267e+00 +6.6170395106290375e-05 +6.9237953124939299e-05 -1.7503957772663784e-04 +9.0309382296649949e-05 +1.0069206126938875e-04
132.50000000 +5.0000000000000000e+00 +1.9998933614523755e+00 +1.9327856533644281e-03 +9.9975205386149291e-01 +9.9995929443606169e-01 +1.0000296546753560e+00 +9.9998972264443420e-01 +1.0000828626078633e+00 +6.7882432689542682e-05 +1.1251724606385674e-04 -1.9664737812398068e-04 +7.9214109572991255e-05 +1.2344536099209946e-04
133.00000000 +5.0000000000000000e+00 +1.9998869843960709e+00 +1.9488112676366652e-03 +9.9971133836346182e-01 +9.9995972812166811e-01 +1.0000298339278646e+00 +9.9998848112192429e-01 +1.0000891776193805e+00 +6.9593860198475000e-05 +1.5578111668642687e-04 -2.1824747871130662e-04 +6.8122790583191939e-05 +1.4619055271298205e-04
133.50000000 +5.0000000000000000e+00 +1.9998806096117880e+00 +1.9648311722947095e-03 +9.9967063737156980e-01 +9.9996016165276125e-01 +1.0000300131165094e+00 +9.9998724004174488e-01 +1.0000954903809827e+00 +7.1304677959123798e-05 +1.9902957323465620e-04 -2.3983988360355419e-04 +5.7035423214294493e-05 +1.6892764076512128e-04
134.00000000 +5.0000000000000000e+00 +1.9998836307482535e+00 +1.9691614660221359e-03 +9.9966270625658615e-01 +9.9996685511457473e-01 +1.0000234584628882e+00 +9.9998511681335311e-01 +1.0000889056921038e+00 +5.5878079802705550e-05 +2.1255339834846653e-04 -2.0840262899197802e-04 +5.1465544783065911e-05 +1.6146326172630164e-04
134.50000000 +5.0000000000000000e+00 +1.9998866513821283e+00 +1.9734910393692977e-03 +9.9965477646100920e-01 +9.9997354746287570e-01 +1.0000169048996881e+00 +9.9998299393817813e-01 +1.0000823220986426e+00 +4.0454047988793653e-05 +2.2607497366184222e-04 -1.7697060422835508e-04 +4.5896592947294633e-05 +1.5400012444882283e-04
135.00000000 +5.0000000000000000e+00 +1.9998896715135375e+00 +1.9778198925159427e-03 +9.9964684798450987e-01 +9.9998023869794150e-01 +1.0000103524266368e+00 +9.9998087141613168e-01 +1.0000757396003257e+00 +2.5032581877042843e-05 +2.3959429973614596e-04 -1.4554380800775100e-04 +4.0328567475779635e-05 +1.4653822862284468e-04
135.50000000 +5.0000000000000000e+00 +1.9998926911426060e+00 +1.9821480256417565e-03 +9.9963892082675887e-01 +9.9998692882004991e-01 +1.0000038010434624e+00 +9.9997874924712538e-01 +1.0000691581968795e+00 +9.6136808273208688e-06 +2.5311137713255368e-04 -1.1412223902566556e-04 +3.4761468137396789e-05 +1.3907757393863000e-04
136.00000000 +5.0000000000000000e+00 +1.9998957102694599e+00 +1.9864754389263680e-03 +9.9963099498742769e-01 +9.9999361782947904e-01 +9.9999725074989343e-01 +9.9997662743107196e-01 +1.0000625778880317e+00 -5.8026558002915929e-06 +2.6662620641205493e-04 -8.2705895978032478e-05 +2.9195294701098876e-05 +1.3161816008654489e-04
136.50000000 +5.0000000000000000e+00 +1.9998987288942240e+00 +1.9908021325493437e-03 +9.9962307046618670e-01 +1.0000003057265057e+00 +9.9999070154565717e-01 +9.9997450596788251e-01 +1.0000559986735085e+00 -2.1216428645501003e-05 +2.8013878813545223e-04 -5.1294777561219243e-05 +2.3630046935915504e-05 +1.2415998675705813e-04
137.00000000 +5.0000000000000000e+00 +1.9999017470170226e+00 +1.9951281066901915e-03 +9.9961514726270717e-01 +1.0000069925114075e+00 +9.9998415343048230e-01 +9.9997238485746898e-01 +1.0000494205530366e+00 -3.6627638347801098e-05 +2.9364912286336173e-04 -1.9888882472026799e-05 +1.8065724610953096e-05 +1.1670305364074159e-04
137.50000000 +5.0000000000000000e+00 +1.9999047646379831e+00 +1.9994533615283611e-03 +9.9960722537666125e-01 +1.0000136781844626e+00 +9.9997760640409772e-01 +9.9997026409974432e-01 +1.0000428435263444e+00 -5.2036285546472956e-05 +3.0715721115621351e-04 +1.1511790592310368e-05 +1.2502327495394888e-05 +1.0924736042827012e-04
138.00000000 +5.0000000000000000e+00 +1.9999077817572293e+00 +2.0037778972432385e-03 +9.9959930480771952e-01 +1.0000203627459479e+00 +9.9997106046623119e-01 +9.9996814369461962e-01 +1.0000362675931584e+00 -6.7442370880585042e-05 +3.2066305357425089e-04 +4.2907242934124756e-05 +6.9398553585008263e-06 +1.0179290681042124e-04
138.50000000 +5.0000000000000000e+00 +1.9999173096793530e+00 +1.9947211223876084e-03 +9.9961709263574228e-01 +1.0000172175677304e+00 +9.9997353440279191e-01 +9.9996787858810809e-01 +1.0000302748664991e+00 -5.7639354332001838e-05 +2.9469222375771222e-04 +9.7796031499000345e-05 -2.9096061157624735e-05 +8.8249095491299060e-05
139.00000000 +5.0000000000000000e+00 +1.9999268409776572e+00 +1.9856611383013032e-03 +9.9963488676680845e-01 +1.0000140712750318e+00 +9.9997600921598184e-01 +9.9996761338765694e-01 +1.0000242800163421e+00 -4.7832864125088974e-05 +2.6871219128514695e-04 +1.5270426967886521e-04 -6.5144746851579684e-05 +7.4700484978707109e-05
139.50000000 +5.0000000000000000e+00 +1.9999363756539357e+00 +1.9765979432782538e-03 +9.9965268720426836e-01 +1.0000109238672601e+00 +9.9997848490626684e-01 +9.9996734809321675e-01 +1.0000182830415583e+00 -3.8022898413204606e-05 +2.4272295126430364e-04 +2.0763196781338705e-04 -1.0120620851162464e-04 +6.1147072721331861e-05
140.00000000 +5.0000000000000000e+00 +1.9999459137099849e+00 +1.9675315356111832e-03 +9.9967049395147578e-01 +1.0000077753438223e+00 +9.9998096147411353e-01 +9.9996708270473733e-01 +1.0000122839410179e+00 -2.8209455348397721e-05 +2.1672449879946260e-04 +2.6257913624956397e-04 -1.3728045293083280e-04 +4.7588856166051045e-05
140.50000000 +5.0000000000000000e+00 +1.9999554551476018e+00 +1.9584619135916007e-03 +9.9968830701178557e-01 +1.0000046257041246e+00 +9.9998343891998820e-01 +9.9996681722216829e-01 +1.0000062827135905e+00 -1.8392533081406962e-05 +1.9071682899143256e-04 +3.1754578534173047e-04 -1.7336748690709394e-04 +3.4025832757932023e-05
141.00000000 +5.0000000000000000e+00 +1.9999649999685858e+00 +1.9493890755098078e-03 +9.9970612638855616e-01 +1.0000014749475741e+00 +9.9998591724435837e-01 +9.9996655164546000e-01 +1.0000002793581453e+00 -8.5721297616595459e-06 +1.6469993693754827e-04 +3.7253192545156461e-04 -2.0946731724311914e-04 +2.0457999940230326e-05
141.50000000 +5.0000000000000000e+00 +1.9999745481747364e+00 +1.9403130196548898e-03 +9.9972395208514742e-01 +9.9999832307357572e-01 +9.9998839644769122e-01 +9.9996628597456216e-01 +9.9999427387354944e-01 +1.2517564627300268e-06 +1.3867381773166631e-04 +4.2753756694809407e-04 -2.4557995074644446e-04 +6.8853551543877843e-06
142.00000000 +5.0000000000000000e+00 +1.9999840997678549e+00 +1.9312337443147211e-03 +9.9974178410492265e-01 +9.9999517008153571e-01 +9.9999087653045449e-01 +9.9996602020942515e-01 +9.9998826625867065e-01 +1.1079127444961016e-05 +1.1263846646416309e-04 +4.8256272020770279e-04 -2.8170539422943581e-04 -6.6921041599688213e-06
142.50000000 +5.0000000000000000e+00 +1.9999936547497432e+00 +1.9221512477759588e-03 +9.9975962245124594e-01 +9.9999201597085829e-01 +9.9999335749311569e-01 +9.9996575434999790e-01 +9.9998225651237471e-01 +2.0909985039547698e-05 +8.6593878221930944e-05 +5.3760739561413743e-04 -3.1784365450929268e-04 -2.0274380565029539e-05
143.00000000 +5.0000000000000000e+00 +1.9999942202602881e+00 +1.8995536758054791e-03 +9.9982264411988631e-01 +9.9999693292918290e-01 +9.9999988962229680e-01 +9.9996905517343815e-01 +9.9997883039674940e-01 +2.3725476177539366e-05 +4.1684575356098007e-05 +4.7316332446745114e-04 -2.6510525782440773e-04 -4.0820358101752840e-05
143.50000000 +5.0000000000000000e+00 +1.9999947857727673e+00 +1.8769560265606664e-03 +9.9988566600403439e-01 +1.0000018499043213e+00 +1.0000064217738149e+00 +9.9997235600816581e-01 +9.9997540426940823e-01 +2.6540976943344107e-05 -3.2248810809422837e-06 +4.0871903294874431e-04 -2.1236668079605846e-04 -6.1366405897205964e-05
144.00000000 +5.0000000000000000e+00 +1.9999953512871789e+00 +1.8543583000411243e-03 +9.9994868810369164e-01 +1.0000067668962735e+00 +1.0000129539476703e+00 +9.9997565685418099e-01 +9.9997197813035077e-01 +2.9356487337011300e-05 -4.8134491089977667e-05 +3.4427452105688648e-04 -1.5962792342332004e-04 -8.1912523951749267e-05
144.50000000 +5.0000000000000000e+00 +1.9999959168035257e+00 +1.8317604962464571e-03 +1.0000117104188595e+00 +1.0000116839050401e+00 +1.0000194861438629e+00 +9.9997895771148382e-01 +9.9996855197957768e-01 +3.2172007358590357e-05 -9.3044254671795858e-05 +2.7982978879074750e-04 -1.0688898570526727e-04 -1.0245871226574321e-04
145.00000000 +5.0000000000000000e+00 +1.9999964823218057e+00 +1.8091626151762678e-03 +1.0000747329495379e+00 +1.0000166009306206e+00 +1.0000260183623932e+00 +9.9998225858007395e-01 +9.9996512581708819e-01 +3.4987537008130626e-05 -1.3795417182718464e-04 +2.1538483614919673e-04 -5.4149867640975159e-05 -1.2300497083954809e-04
145.50000000 +5.0000000000000000e+00 +1.9999970478420197e+00 +1.7865646568301608e-03 +1.0001377556957294e+00 +1.0000215179730159e+00 +1.0000325506032615e+00 +9.9998555945995216e-01 +9.9996169964288273e-01 +3.7803076285681524e-05 -1.8286424255693163e-04 +1.5093966313110404e-04 -1.4105692295186704e-06 -1.4355129967352439e-04
146.00000000 +5.0000000000000000e+00 +1.9999976133641681e+00 +1.7639666212077390e-03 +1.0002007786574341e+00 +1.0000264350322254e+00 +1.0000390828664671e+00 +9.9998886035111778e-01 +9.9995827345696120e-01 +4.0618625191292423e-05 -2.2777446686182476e-04 +8.6494269735338776e-05 +5.1328909530027371e-05 -1.6409769876803241e-04
146.50000000 +5.0000000000000000e+00 +1.9999981788882495e+00 +1.7413685083086062e-03 +1.0002638018346535e+00 +1.0000313521082493e+00 +1.0000456151520105e+00 +9.9999216125357138e-01 +9.9995484725932304e-01 +4.3434183725012706e-05 -2.7268484474265151e-04 +2.2048655960770703e-05 +1.0406856863858797e-04 -1.8464416812343266e-04
147.00000000 +5.0000000000000000e+00 +1.9999987444142653e+00 +1.7187703181323660e-03 +1.0003268252273885e+00 +1.0000362692010878e+00 +1.0000521474598920e+00 +9.9999546216731283e-01 +9.9995142104996892e-01 +4.6249751886891775e-05 -3.1759537620020000e-04 -4.2397178193730720e-05 +1.5680840809708825e-04 -2.0519070774008540e-04
147.50000000 +5.0000000000000000e+00 +2.0000050967075520e+00 +1.7365541111576213e-03 +1.0002779721303847e+00 +1.0000304259370838e+00 +1.0000394165467819e+00 +9.9999811281848405e-01 +9.9994288372468831e-01 +1.5578626812912144e-05 -2.4922142911586826e-04 -3.5881482086485240e-06 +1.6170963050030974e-04 -2.1328983454875787e-04
148.00000000 +5.0000000000000000e+00 +2.0000114474034039e+00 +1.7543334320282318e-03 +1.0002291313186451e+00 +1.0000245841425062e+00 +1.0000266888351597e+00 +1.0000007628030863e+00 +9.9993434854631946e-01 -1.5084785282501101e-05 -1.8086467627488712e-04 +3.5211122329535809e-05 +1.6660962037543664e-04 -2.2138692464076821e-04
148.50000000 +5.0000000000000000e+00 +2.0000177965024246e+00 +1.7721082824309305e-03 +1.0001803027875369e+00 +1.0000187438168009e+00 +1.0000139643238193e+00 +1.0000034121213712e+00 +9.9992581551405313e-01 -4.5740487308398033e-05 -1.1252511119222440e-04 +7.4000637101724482e-05 +1.7150837818733300e-04 -2.2948197878429070e-04
149.00000000 +5.0000000000000000e+00 +2.0000241440052156e+00 +1.7898786640515990e-03 +1.0001314865324287e+00 +1.0000129049594144e+00 +1.0000012430115528e+00 +1.0000060607735899e+00 +9.9991728462707963e-01 -7.6388482172366014e-05 -4.4202727386108568e-05 +1.1278039978696886e-04 +1.7640590440062902e-04 -2.3757499774711317e-04
149.50000000 +5.0000000000000000e+00 +2.0000304899123789e+00 +1.8076445785752738e-03 +1.0000826825486910e+00 +1.0000070675697927e+00 +9.9998852489715473e-01 +1.0000087087599936e+00 +9.9990875588459005e-01 -1.0702877278053057e-04 +2.4102481621973115e-05 +1.5155041406247067e-04 +1.8130219947972139e-04 -2.4566598229663759e-04
150.00000000 +5.0000000000000000e+00 +2.0000368342245163e+00 +1.8254060276861426e-03 +1.0000338908316981e+00 +1.0000012316473825e+00 +9.9997580997941871e-01 +1.0000113560808335e+00 +9.9990022928577593e-01 -1.3766136203755632e-04 +9.2390522307276437e-05 +1.9031068360358293e-04 +1.8619726388877320e-04 -2.5375493319987986e-04
150.50000000 +5.0000000000000000e+00 +2.0000431769422296e+00 +1.8431630130675484e-03 +9.9998511137682577e-01 +9.9999539719163089e-01 +9.9996309825714036e-01 +1.0000140027363602e+00 +9.9989170482982959e-01 -1.6828625284664802e-04 +1.6066140114180308e-04 +2.2906121208381180e-04 +1.9109109809171452e-04 -2.6184185122347096e-04
151.00000000 +5.0000000000000000e+00 +2.0000495180661182e+00 +1.8609155364019859e-03 +9.9993634417945132e-01 +9.9998956420198448e-01 +9.9995038972911454e-01 +1.0000166487268245e+00 +9.9988318251594244e-01 -1.9890344810955115e-04 +2.2891512459430135e-04 +2.6780200317481651e-04 +1.9598370255224191e-04 -2.6992673713365585e-04
151.50000000 +5.0000000000000000e+00 +2.0000558575967853e+00 +1.8786635993711068e-03 +9.9988758923495613e-01 +9.9998373267789153e-01 +9.9993768439413822e-01 +1.0000192940524775e+00 +9.9987466234330824e-01 -2.2951295072655333e-04 +2.9715169913026979e-04 +3.0653306054641218e-04 +2.0087507773381926e-04 -2.7800959169629495e-04
152.00000000 +5.0000000000000000e+00 +2.0000493222456792e+00 +1.8671950084947805e-03 +9.9992108787562595e-01 +9.9997991502336281e-01 +9.9994307262057580e-01 +1.0000123869872792e+00 +9.9987528319383689e-01 -2.2727252870525743e-04 +2.8884586686406748e-04 +2.6181111021262535e-04 +1.7149912019746348e-04 -2.2662927143604394e-04
152.50000000 +5.0000000000000000e+00 +2.0000427877702780e+00 +1.8557279543532227e-03 +9.9995458202764242e-01 +9.9997609788038089e-01 +9.9994846012501737e-01 +1.0000054808475933e+00 +9.9987590396117421e-01 -2.2503240688949270e-04 +2.8054114753853611e-04 +2.1709515240021622e-04 +1.4212709889493052e-04 -1.7525583588599137e-04
153.00000000 +5.0000000000000000e+00 +2.0000362541704062e+00 +1.8442624366375824e-03 +9.9998807169190840e-01 +9.9997228124884319e-01 +9.9995384690760858e-01 +9.9999857563323469e-01 +9.9987652464533794e-01 -2.2279258521892424e-04 +2.7223754092999805e-04 +1.7238518590481305e-04 +1.1275901303511958e-04 -1.2388928366245390e-04
153.50000000 +5.0000000000000000e+00 +2.0000297214458875e+00 +1.8327984550390902e-03 +1.0000215568693251e+00 +9.9996846512864679e-01 +9.9995923296849387e-01 +9.9999167134401679e-01 +9.9987714524634375e-01 -2.2055306363323306e-04 +2.6393504681483518e-04 +1.2768120952236646e-04 +8.3394861827141507e-05 -7.2529613382119087e-05
154.00000000 +5.0000000000000000e+00 +2.0000231895965452e+00 +1.8213360092490594e-03 +1.0000550375607942e+00 +9.9996464951968900e-01 +9.9996461830781880e-01 +9.9998476797975366e-01 +9.9987776576420906e-01 -2.1831384207211644e-04 +2.5563366496948948e-04 +8.2983222049149970e-05 +5.4034644480319309e-05 -2.1176823662045041e-05
154.50000000 +5.0000000000000000e+00 +2.0000166586222052e+00 +1.8098750989588876e-03 +1.0000885137672175e+00 +9.9996083442186745e-01 +9.9997000292572791e-01 +9.9997786554025969e-01 +9.9987838619895031e-01 -2.1607492047528783e-04 +2.4733339517046295e-04 +3.8291222281759551e-05 +2.4678360204187752e-05 +3.0169086880339473e-05
155.00000000 +5.0000000000000000e+00 +2.0000101285226894e+00 +1.7984157238600527e-03 +1.0001219854894956e+00 +9.9995701983507834e-01 +9.9997538682236597e-01 +9.9997096402534869e-01 +9.9987900655058393e-01 -2.1383629878247672e-04 +2.3903423719431709e-04 -6.3947909828865477e-06 -4.6739917915066528e-06 +8.1508119627235492e-05
155.50000000 +5.0000000000000000e+00 +2.0000035992978233e+00 +1.7869578836441180e-03 +1.0001554527285301e+00 +9.9995320575922009e-01 +9.9998076999787855e-01 +9.9996406343483513e-01 +9.9987962681912701e-01 -2.1159797693342896e-04 +2.3073619081767370e-04 -5.1074818947547654e-05 -3.4022412296805672e-05 +1.3284027596047367e-04
156.00000000 +5.0000000000000000e+00 +1.9999970709474317e+00 +1.7755015780027269e-03 +1.0001889154852210e+00 +9.9994939219418955e-01 +9.9998615245241018e-01 +9.9995716376853361e-01 +9.9988024700459599e-01 -2.0935995486790640e-04 +2.2243925581721415e-04 -9.5748862814661073e-05 -6.3366902101539454e-05 +1.8416555726151452e-04
156.50000000 +5.0000000000000000e+00 +1.9999905434713381e+00 +1.7640468066276070e-03 +1.0002223737604694e+00 +9.9994557913988424e-01 +9.9999153418610598e-01 +9.9995026502625817e-01 +9.9988086710700796e-01 -2.0712223252568701e-04 +2.1414343196967972e-04 -1.4041692378634189e-04 -9.2707461995326576e-05 +2.3548396491144860e-04
157.00000000 +5.0000000000000000e+00 +1.9999840168693668e+00 +1.7525935692105673e-03 +1.0002558275551747e+00 +9.9994176659620138e-01 +9.9999691519911005e-01 +9.9994336720782295e-01 +9.9988148712637903e-01 -2.0488480984656485e-04 +2.0584871905187139e-04 -1.8507900306438327e-04 -1.2204409276757414e-04 +2.8679550029099641e-04
157.50000000 +5.0000000000000000e+00 +1.9999774911413428e+00 +1.7411418654435008e-03 +1.0002892768702376e+00 +9.9993795456303902e-01 +1.0000022954915682e+00 +9.9993647031304256e-01 +9.9988210706272640e-01 -2.0264768677035033e-04 +1.9755511684065006e-04 -2.2973510185025651e-04 -1.5137679520747782e-04 +3.3810016478050888e-04
158.00000000 +5.0000000000000000e+00 +1.9999709662870908e+00 +1.7296916950183825e-03 +1.0003227217065578e+00 +9.9993414304029438e-01 +1.0000076750636242e+00 +9.9992957434173213e-01 +9.9988272691606683e-01 -2.0041086323686972e-04 +1.8926262511293631e-04 -2.7438522134511138e-04 -1.8070557010402212e-04 +3.8939795975996734e-04
158.50000000 +5.0000000000000000e+00 +1.9999644423064344e+00 +1.7182430576272677e-03 +1.0003561620650343e+00 +9.9993033202786408e-01 +1.0000130539154228e+00 +9.9992267929370515e-01 +9.9988334668641610e-01 -1.9817433918596549e-04 +1.8097124364571031e-04 -3.1902936274977555e-04 -2.1003041824597994e-04 +4.4068888660898318e-04
159.00000000 +5.0000000000000000e+00 +1.9999579191991983e+00 +1.7067959529622977e-03 +1.0003895979465662e+00 +9.9992652152564643e-01 +1.0000184320471091e+00 +9.9991578516877677e-01 +9.9988396637379162e-01 -1.9593811455749624e-04 +1.7268097221601216e-04 -3.6366752726475565e-04 -2.3935134042191329e-04 +4.9197294670679870e-04
159.50000000 +5.0000000000000000e+00 +1.9999513969652081e+00 +1.6953503807156944e-03 +1.0004230293520533e+00 +9.9992271153353940e-01 +1.0000238094588276e+00 +9.9990889196676169e-01 +9.9988458597820995e-01 -1.9370218929133675e-04 +1.6439181060094171e-04 -4.0829971609023674e-04 -2.6866833742017292e-04 +5.4325014143228722e-04
160.00000000 +5.0000000000000000e+00 +1.9999448756042870e+00 +1.6839063405797614e-03 +1.0004564562823934e+00 +9.9991890205143952e-01 +1.0000291861507224e+00 +9.9990199968747429e-01 +9.9988520549968762e-01 -1.9146656332737775e-04 +1.5610375857765815e-04 -4.5292593042608233e-04 -2.9798141002889837e-04 +5.9452047216395233e-04
160.50000000 +5.0000000000000000e+00 +1.9999383551162608e+00 +1.6724638322468859e-03 +1.0004898787384855e+00 +9.9991509307924498e-01 +1.0000345621229392e+00 +9.9989510833072970e-01 +9.9988582493824152e-01 -1.8923123660552610e-04 +1.4781681592338064e-04 -4.9754617147183496e-04 -3.2729055903601864e-04 +6.4578394027992882e-04
161.00000000 +5.0000000000000000e+00 +1.9999556103753782e+00 +1.6780676388294790e-03 +1.0004628595406608e+00 +9.9991619661084474e-01 +1.0000488909833101e+00 +9.9991799630929512e-01 +9.9990296353560892e-01 -1.8345983836398226e-04 +1.2013329322176373e-04 -4.7899903838815699e-04 -3.2801909807945176e-04 +6.2143770078415279e-04
161.50000000 +5.0000000000000000e+00 +1.9999728744953926e+00 +1.6836743230710560e-03 +1.0004358264679749e+00 +9.9991730070912854e-01 +1.0000632272018177e+00 +9.9994089604126402e-01 +9.9992011093396549e-01 -1.7768547640201871e-04 +9.2435554515967681e-05 -4.6044238100642382e-04 -3.2874801124124406e-04 +5.9707895904124043e-04
162.00000000 +5.0000000000000000e+00 +1.9999901474831310e+00 +1.6892838871887829e-03 +1.0004087795097378e+00 +9.9991840537453291e-01 +1.0000775707841312e+00 +9.9996380753569136e-01 +9.9993726714009157e-01 -1.7190814843616066e-04 +6.4723588852905981e-05 -4.4187619198839476e-04 -3.2947729880964451e-04 +5.7270770541851352e-04
162.50000000 +5.0000000000000000e+00 +2.0000074293454269e+00 +1.6948963334021041e-03 +1.0003817186552484e+00 +9.9991951060749473e-01 +1.0000919217359252e+00 +9.9998673080164246e-01 +9.9995443216077506e-01 -1.6612785218058705e-04 +3.6997385268237220e-05 -4.2330046398828848e-04 -3.3020696107319834e-04 +5.4832393027339583e-04
163.00000000 +5.0000000000000000e+00 +2.0000247200891224e+00 +1.7005116639327465e-03 +1.0003546438937942e+00 +9.9992061640845231e-01 +1.0001062800628813e+00 +1.0000096658481918e+00 +9.9997160600281143e-01 -1.6034458534712728e-04 +9.2569327863504806e-06 -4.0471518965277394e-04 -3.3093699832074773e-04 +5.2392762395339989e-04
163.50000000 +5.0000000000000000e+00 +2.0000420197210644e+00 +1.7061298810047189e-03 +1.0003275552146518e+00 +9.9992172277784253e-01 +1.0001206457706857e+00 +1.0000326126844226e+00 +9.9998878867300178e-01 -1.5455834564525838e-04 -1.8497779579649034e-05 -3.8612036162095946e-04 -3.3166741084143120e-04 +4.9951877679611464e-04
164.00000000 +5.0000000000000000e+00 +2.0000593282481098e+00 +1.7117509868443200e-03 +1.0003004526070876e+00 +9.9992282971610458e-01 +1.0001350188650315e+00 +1.0000555713194283e+00 +1.0000059801781556e+00 -1.4876913078210188e-04 -4.6266762827954701e-05 -3.6751597252438449e-04 -3.3239819892468523e-04 +4.7509737912919289e-04
164.50000000 +5.0000000000000000e+00 +2.0000766456771197e+00 +1.7173749836801356e-03 +1.0002733360603557e+00 +9.9992393722367734e-01 +1.0001493993516173e+00 +1.0000785417623113e+00 +1.0000231805250885e+00 -1.4297693846242079e-04 -7.4050027968072774e-05 -3.4890201498700854e-04 -3.3312936286024358e-04 +4.5066342127033802e-04
165.00000000 +5.0000000000000000e+00 +2.0000939720149633e+00 +1.7230018737430467e-03 +1.0002462055637000e+00 +9.9992504530099946e-01 +1.0001637872361462e+00 +1.0001015240221824e+00 +1.0000403897206236e+00 -1.3718176638861650e-04 -1.0184758602083710e-04 -3.3027848162520222e-04 -3.3386090293813822e-04 +4.2621689352729137e-04
165.50000000 +5.0000000000000000e+00 +2.0001113072685177e+00 +1.7286316592662291e-03 +1.0002190611063531e+00 +9.9992615394851125e-01 +1.0001781825243299e+00 +1.0001245181081639e+00 +1.0000576077715906e+00 -1.3138361226072598e-04 -1.2965944801842359e-04 -3.1164536504773736e-04 -3.3459281944869969e-04 +4.0175778619781972e-04
166.00000000 +5.0000000000000000e+00 +2.0001286514446659e+00 +1.7342643424851573e-03 +1.0001919026775359e+00 +9.9992726316665281e-01 +1.0001925852218834e+00 +1.0001475240293858e+00 +1.0000748346848261e+00 -1.2558247377641855e-04 -1.5748562500436482e-04 -2.9300265785577701e-04 -3.3532511268255738e-04 +3.7728608956970203e-04
166.50000000 +5.0000000000000000e+00 +2.0001460045502988e+00 +1.7398999256376085e-03 +1.0001647302664596e+00 +9.9992837295586467e-01 +1.0002069953345292e+00 +1.0001705417949880e+00 +1.0000920704671745e+00 -1.1977834863099274e-04 -1.8532612803356474e-04 -2.7435035264286600e-04 -3.3605778293063987e-04 +3.5280179392071685e-04
167.00000000 +5.0000000000000000e+00 +2.0001633665923144e+00 +1.7455384109636646e-03 +1.0001375438623235e+00 +9.9992948331658849e-01 +1.0002214128679954e+00 +1.0001935714141201e+00 +1.0001093151254874e+00 -1.1397123451737354e-04 -2.1318096817231341e-04 -2.5568844199492049e-04 -3.3679083048417552e-04 +3.2830488951862935e-04
167.50000000 +5.0000000000000000e+00 +2.0001807375776162e+00 +1.7511798007057145e-03 +1.0001103434543146e+00 +9.9993059424926523e-01 +1.0002358378280152e+00 +1.0002166128959400e+00 +1.0001265686666219e+00 -1.0816112912610894e-04 -2.4105015649830114e-04 -2.3701691849021894e-04 -3.3752425563469247e-04 +3.0379536662117834e-04
168.00000000 +5.0000000000000000e+00 +2.0001981175131172e+00 +1.7568240971084579e-03 +1.0000831290316110e+00 +9.9993170575433699e-01 +1.0002502702203284e+00 +1.0002396662496167e+00 +1.0001438310974433e+00 -1.0234803014536733e-04 -2.6893370410063387e-04 -2.1833577469939174e-04 -3.3825805867401955e-04 +2.7927321547606355e-04
168.50000000 +5.0000000000000000e+00 +2.0002155064057363e+00 +1.7624713024189085e-03 +1.0000559005833782e+00 +9.9993281783224663e-01 +1.0002647100506810e+00 +1.0002627314843275e+00 +1.0001611024248245e+00 -9.6531935260934048e-05 -2.9683162207984727e-04 -1.9964500318541155e-04 -3.3899223989428617e-04 +2.5473842632093278e-04
169.00000000 +5.0000000000000000e+00 +2.0002329042623987e+00 +1.7681214188863975e-03 +1.0000286580987707e+00 +9.9993393048343682e-01 +1.0002791573248238e+00 +1.0002858086092592e+00 +1.0001783826556443e+00 -9.0712842156208493e-05 -3.2474392154792212e-04 -1.8094459650358339e-04 -3.3972679958792321e-04 +2.3019098938336841e-04
169.50000000 +5.0000000000000000e+00 +2.0002503110900394e+00 +1.7737744487625749e-03 +1.0000014015669327e+00 +9.9993504370835118e-01 +1.0002936120485149e+00 +1.0003088976336092e+00 +1.0001956717967890e+00 -8.4890748512201055e-05 -3.5267061362829848e-04 -1.6223454720153479e-04 -3.4046173804766272e-04 +2.0563089488087502e-04
170.00000000 +5.0000000000000000e+00 +2.0002223087246431e+00 +1.7959137774820990e-03 +9.9996843160174953e-01 +9.9994302798793122e-01 +1.0002664061902451e+00 +1.0002855793035288e+00 +1.0001943383605409e+00 -2.9251388540232653e-05 -3.2157780489502799e-04 -2.0430314257229064e-04 -3.1817940685339714e-04 +2.1552830076696948e-04
170.50000000 +5.0000000000000000e+00 +2.0001943258629025e+00 +1.8180376861524810e-03 +9.9993548460015780e-01 +9.9995100670645809e-01 +1.0002392192808640e+00 +1.0002622772146725e+00 +1.0001930058530319e+00 +2.6349218600703522e-05 -2.9050665231243502e-04 -2.4634243715365950e-04 -2.9591259530954120e-04 +2.2541881310687376e-04
171.00000000 +5.0000000000000000e+00 +2.0001663624844492e+00 +1.8401461908782153e-03 +9.9990256053817339e-01 +9.9995897986974014e-01 +1.0002120513005817e+00 +1.0002389913500784e+00 +1.0001916742732917e+00 +8.1911113383550577e-05 -2.5945713326312308e-04 -2.8835246154699753e-04 -2.7366128720757762e-04 +2.3530243910011614e-04
171.50000000 +5.0000000000000000e+00 +2.0001384185689410e+00 +1.8622393077413785e-03 +9.9986965939184769e-01 +9.9996694748357629e-01 +1.0001849022296352e+00 +1.0002157216928074e+00 +1.0001903436203516e+00 +1.3743433622491201e-04 -2.2842922516117930e-04 -3.3033324631106262e-04 -2.5142546636155191e-04 +2.4517918593620284e-04
172.00000000 +5.0000000000000000e+00 +2.0001104940960657e+00 +1.8843170528016688e-03 +9.9983678113726382e-01 +9.9997490955375878e-01 +1.0001577720482895e+00 +1.0001924682259444e+00 +1.0001890138932441e+00 +1.9291892748514968e-04 -1.9742290545212045e-04 -3.7228482196208885e-04 -2.2920511660803319e-04 +2.5504906079463558e-04
172.50000000 +5.0000000000000000e+00 +2.0000825890455389e+00 +1.9063794420964447e-03 +9.9980392575053956e-01 +9.9998286608607145e-01 +1.0001306607368381e+00 +1.0001692309325989e+00 +1.0001876850910039e+00 +2.4836492746848162e-04 -1.6643815161283818e-04 -4.1420721897386041e-04 -2.0700022180607502e-04 +2.6491207084492917e-04
173.00000000 +5.0000000000000000e+00 +2.0000547033971050e+00 +1.9284264916407626e-03 +9.9977109320782498e-01 +9.9999081708628967e-01 +1.0001035682756003e+00 +1.0001460097959018e+00 +1.0001863572126659e+00 +3.0377237642307994e-04 -1.3547494115154394e-04 -4.5610046777778518e-04 -1.8481076583717594e-04 +2.7476822324662832e-04
173.50000000 +5.0000000000000000e+00 +2.0000268371305343e+00 +1.9504582174274165e-03 +9.9973828348530325e-01 +9.9999876256018094e-01 +1.0000764946449234e+00 +1.0001228047990101e+00 +1.0001850302572675e+00 +3.5914131454116736e-04 -1.0453325160771511e-04 -4.9796459876296840e-04 -1.6263673260524103e-04 +2.8461752514932553e-04
174.00000000 +5.0000000000000000e+00 +1.9999989902256281e+00 +1.9724746354269772e-03 +9.9970549655919139e-01 +1.0000067025135055e+00 +1.0000494398251820e+00 +1.0000996159251014e+00 +1.0001837042238459e+00 +4.1447178195911565e-04 -7.3613060552040502e-05 -5.3979964227628629e-04 -1.4047810603654256e-04 +2.9445998369267799e-04
174.50000000 +5.0000000000000000e+00 +1.9999711626622141e+00 +1.9944757615878300e-03 +9.9967273240573851e-01 +1.0000146369520138e+00 +1.0000224037967780e+00 +1.0000764431573785e+00 +1.0001823791114410e+00 +4.6976381875754114e-04 -4.2714345586366169e-05 -5.8160562862245911e-04 -1.1833487007968129e-04 +3.0429560600642489e-04
175.00000000 +5.0000000000000000e+00 +1.9999433544201486e+00 +2.0164616118362134e-03 +9.9963999100122769e-01 +1.0000225658814503e+00 +9.9999538654014064e-01 +1.0000532864790674e+00 +1.0001810549190941e+00 +5.2501746496140317e-04 -1.1837084343641318e-05 -6.2338258806412497e-04 -9.6207008705547902e-05 +3.1412439921040501e-04
175.50000000 +5.0000000000000000e+00 +1.9999155654793153e+00 +2.0384322020762582e-03 +9.9960727232197455e-01 +1.0000304893075507e+00 +9.9996838803572607e-01 +1.0000301458734167e+00 +1.0001797316458465e+00 +5.8023276054009897e-04 +1.9018745512135593e-05 -6.6513055082191195e-04 -7.4094505907284028e-05 +3.2394637041457340e-04
176.00000000 +5.0000000000000000e+00 +1.9998877958196266e+00 +2.0603875481900241e-03 +9.9957457634432678e-01 +1.0000384072360420e+00 +9.9994140826401756e-01 +1.0000070213236982e+00 +1.0001784092907422e+00 +6.3540974540756150e-04 +4.9853166285971001e-05 -7.0684954707451162e-04 -5.1997345700243677e-05 +3.3376152671901879e-04
176.50000000 +5.0000000000000000e+00 +1.9998600454210220e+00 +2.0823276660375395e-03 +9.9954190304466606e-01 +1.0000463196726446e+00 +9.9991444720552569e-01 +9.9998391281320764e-01 +1.0001770878528251e+00 +6.9054845942235425e-04 +8.0666200251929517e-05 -7.4853960695875149e-04 -2.9915512121954948e-05 +3.4356987521398050e-04
177.00000000 +5.0000000000000000e+00 +1.9998323142634691e+00 +2.1042525714568415e-03 +9.9950925239940636e-01 +1.0000542266230701e+00 +9.9988750484078792e-01 +9.9996082032526368e-01 +1.0001757673311424e+00 +7.4564894238776885e-04 +1.1145786965318794e-04 -7.9020076056966803e-04 -7.8489892320814529e-06 +3.5337142297986592e-04
177.50000000 +5.0000000000000000e+00 +1.9998046023269647e+00 +2.1261622802640078e-03 +9.9947662438499429e-01 +1.0000621280930220e+00 +9.9986058115036858e-01 +9.9993774384320788e-01 +1.0001744477247407e+00 +8.0071123405191908e-04 +1.4222819670208853e-04 -8.3183303796057807e-04 +1.4202238887616029e-05 +3.6316617708726721e-04
178.00000000 +5.0000000000000000e+00 +1.9997769095915297e+00 +2.1480568082532024e-03 +9.9944401897790880e-01 +1.0000700240881968e+00 +9.9983367611485918e-01 +9.9991468335040490e-01 +1.0001731290326694e+00 +8.5573537410783796e-04 +1.7297720358019271e-04 -8.7343646914315206e-04 +3.6238188133317946e-05 +3.7295414459697816e-04
178.50000000 +5.0000000000000000e+00 +1.9997492360372164e+00 +2.1699361711967086e-03 +9.9941143615466210e-01 +1.0000779146142824e+00 +9.9980678971487791e-01 +9.9989163883024235e-01 +1.0001718112539779e+00 +9.1072140219357204e-04 +2.0370491243833406e-04 -9.1501108408748597e-04 +5.8258874379183943e-05 +3.8273533256001163e-04
179.00000000 +5.0000000000000000e+00 +1.9997502385740558e+00 +2.1825820825619713e-03 +9.9936333698884960e-01 +1.0000521872586434e+00 +9.9981733758533908e-01 +9.9989941022247320e-01 +1.0001477096823090e+00 +8.5227303167444526e-04 +2.1224392918691774e-04 -8.0607919578461846e-04 +4.9900393576319389e-05 +4.1168010906114693e-04
179.50000000 +5.0000000000000000e+00 +1.9997512409738358e+00 +2.1952262650700768e-03 +9.9931524439880604e-01 +1.0000264634202622e+00 +9.9982788401377176e-01 +9.9990718055225591e-01 +1.0001236114056324e+00 +7.9383265179204000e-04 +2.2078177854314835e-04 -6.9716219985837484e-04 +4.1543055484244645e-05 +4.4062092844265774e-04
180.00000000 +5.0000000000000000e+00 +1.9997522432365846e+00 +2.2078687190755352e-03 +9.9926715838318236e-01 +1.0000007430984168e+00 +9.9983842900047226e-01 +9.9991494981980811e-01 +1.0000995164232716e+00 +7.3540026090783525e-04 +2.2931846074640555e-04 -5.8826009325499689e-04 +3.3186859868641022e-05 +4.6955779151597158e-04
180.50000000 +5.0000000000000000e+00 +1.9997532453623295e+00 +2.2205094449327606e-03 +9.9921907894063089e-01 +9.9997502629238610e-01 +9.9984897254573568e-01 +9.9992271802534749e-01 +1.0000754247345516e+00 +6.7697585738375830e-04 +2.3785397603600370e-04 -4.7937287292156190e-04 +2.4831806495253928e-05 +4.9849069909229412e-04
181.00000000 +5.0000000000000000e+00 +1.9997542473510996e+00 +2.2331484429960707e-03 +9.9917100606980402e-01 +9.9994931300144962e-01 +9.9985951464985778e-01 +9.9993048516909255e-01 +1.0000513363387971e+00 +6.1855943958218453e-04 +2.4638832465119173e-04 -3.7050053580598200e-04 +1.6477895129892801e-05 +5.2741965198260929e-04
181.50000000 +5.0000000000000000e+00 +1.9997552492029220e+00 +2.2457857136196856e-03 +9.9912293976935451e-01 +9.9992360322488671e-01 +9.9987005531313389e-01 +9.9993825125125979e-01 +1.0000272512353330e+00 +5.6015100586593615e-04 +2.5492150683115302e-04 -2.6164307885700333e-04 +8.1251255384310987e-06 +5.5634465099767933e-04
182.00000000 +5.0000000000000000e+00 +1.9997562509178255e+00 +2.2584212571577287e-03 +9.9907488003793499e-01 +9.9989789696197651e-01 +9.9988059453585920e-01 +9.9994601627206758e-01 +1.0000031694234839e+00 +5.0175055459828334e-04 +2.6345352281500567e-04 -1.5280049902420556e-04 -2.2650251319375736e-07 +5.8526569694804470e-04
182.50000000 +5.0000000000000000e+00 +1.9997572524958387e+00 +2.2710550739642272e-03 +9.9902682687419986e-01 +9.9987219421199958e-01 +9.9989113231832993e-01 +9.9995378023173376e-01 +9.9997909090257631e-01 +4.4335808414294400e-04 +2.7198437284180253e-04 -4.3972793258002977e-05 -8.5769892589803229e-06 +6.1418279064402498e-04
183.00000000 +5.0000000000000000e+00 +1.9997582539369880e+00 +2.2836871643931098e-03 +9.9897878027680187e-01 +9.9984649497423517e-01 +9.9990166866083996e-01 +9.9996154313047492e-01 +9.9995501567193412e-01 +3.8497359286408241e-04 +2.8051405715053088e-04 +6.4840041490357546e-05 -1.6926334932863254e-05 +6.4309593289571727e-04
183.50000000 +5.0000000000000000e+00 +1.9997592552413028e+00 +2.2963175287982101e-03 +9.9893074024439577e-01 +9.9982079924796341e-01 +9.9991220356368504e-01 +9.9996930496850900e-01 +9.9993094373088365e-01 +3.2659707912631046e-04 +2.8904257598011293e-04 +1.7363800826879528e-04 -2.5274539768713232e-05 +6.7200512451299804e-04
184.00000000 +5.0000000000000000e+00 +1.9997602564088108e+00 +2.3089461675332660e-03 +9.9888270677563606e-01 +9.9979510703246510e-01 +9.9992273702716061e-01 +9.9997706574605361e-01 +9.9990687507875120e-01 +2.6822854129468683e-04 +2.9756992956940552e-04 +2.8242111012439711e-04 -3.3621604000337066e-05 +7.0091036630552238e-04
184.50000000 +5.0000000000000000e+00 +1.9997612574395396e+00 +2.3215730809519153e-03 +9.9883467986917740e-01 +9.9976941832702060e-01 +9.9993326905156099e-01 +9.9998482546332579e-01 +9.9988280971486221e-01 +2.0986797773471695e-04 +3.0609611815720001e-04 +3.9118935010341665e-04 -4.1967527861477632e-05 +7.2981165908272386e-04
185.00000000 +5.0000000000000000e+00 +1.9997622583335182e+00 +2.3341982694077036e-03 +9.9878665952367551e-01 +9.9974373313091047e-01 +9.9994379963718139e-01 +9.9999258412054293e-01 +9.9985874763854288e-01 +1.5151538681235243e-04 +3.1462114198222303e-04 +4.9994273125127651e-04 -5.0312311585814037e-05 +7.5870900365381530e-04
185.50000000 +5.0000000000000000e+00 +1.9997632590907732e+00 +2.3468217332540758e-03 +9.9873864573778570e-01 +9.9971805144341586e-01 +9.9995432878431656e-01 +1.0000003417179220e+00 +9.9983468884911986e-01 +9.3170766893991755e-05 +3.2314500128313543e-04 +6.0868125661256629e-04 -5.8655955406961458e-05 +7.8760240082778783e-04
186.00000000 +5.0000000000000000e+00 +1.9997642597113334e+00 +2.3594434728443818e-03 +9.9869063851016393e-01 +9.9969237326381777e-01 +9.9996485649326128e-01 +1.0000080982556803e+00 +9.9981063334591946e-01 +3.4834116346479541e-05 +3.3166769629853316e-04 +7.1740492923104372e-04 -6.6998459558471272e-05 +8.1649185141341213e-04
186.50000000 +5.0000000000000000e+00 +1.9997652601952278e+00 +2.3720634885318766e-03 +9.9864263783946705e-01 +9.9966669859139756e-01 +9.9997538276431008e-01 +1.0000158537340351e+00 +9.9978658112826846e-01 -2.3494566462893359e-05 +3.4018922726694698e-04 +8.2611375214963550e-04 -7.5339824273831053e-05 +8.4537735621923794e-04
187.00000000 +5.0000000000000000e+00 +1.9997662605424824e+00 +2.3846817806697160e-03 +9.9859464372435125e-01 +9.9964102742543681e-01 +9.9998590759775763e-01 +1.0000236081532030e+00 +9.9976253219549371e-01 -8.1815283166390457e-05 +3.4870959442684238e-04 +9.3480772841043739e-04 -8.3680049786464663e-05 +8.7425891605359370e-04
187.50000000 +5.0000000000000000e+00 +1.9997672607531265e+00 +2.3972983496109612e-03 +9.9854665616347393e-01 +9.9961535976521698e-01 +9.9999643099389812e-01 +1.0000313615134013e+00 +9.9973848654692266e-01 -1.4012803539582917e-04 +3.5722879801661982e-04 +1.0434868610547138e-03 -9.2019136329732118e-05 +9.0313653172458734e-04
188.00000000 +5.0000000000000000e+00 +1.9997755204697956e+00 +2.3622157761179646e-03 +9.9864930642654215e-01 +9.9964977345358641e-01 +9.9998573318735517e-01 +1.0000026807813538e+00 +9.9975187192370785e-01 -1.5566883556181622e-04 +4.2592927244511364e-04 +9.5478322177518888e-04 -1.7445158825251763e-04 +9.1004215896363469e-04
188.50000000 +5.0000000000000000e+00 +1.9997837796556859e+00 +2.3271354570702104e-03 +9.9875195009318996e-01 +9.9968418493049360e-01 +9.9997503606826488e-01 +9.9997400189236196e-01 +9.9976525644033343e-01 -1.7120863705867730e-04 +4.9462533210461101e-04 +8.6608528269031023e-04 -2.5687874297414010e-04 +9.1694734243938478e-04
189.00000000 +5.0000000000000000e+00 +1.9997920383108487e+00 +2.2920573922503972e-03 +9.9885458716405351e-01 +9.9971859419615205e-01 +9.9996433963656128e-01 +9.9994532484624832e-01 +9.9977864009688278e-01 -1.8674743998267266e-04 +5.6331697742064519e-04 +7.7739304325064507e-04 -3.3930060100518909e-04 +9.2385208219461187e-04
189.50000000 +5.0000000000000000e+00 +1.9998002964353347e+00 +2.2569815814412479e-03 +9.9895721763976808e-01 +9.9975300125077460e-01 +9.9995364389217800e-01 +9.9991664964283489e-01 +9.9979202289343860e-01 -2.0228524443005025e-04 +6.3200420881869468e-04 +6.8870650290682933e-04 -4.2171716285618861e-04 +9.3075637827208339e-04
190.00000000 +5.0000000000000000e+00 +1.9998085540291966e+00 +2.2219080244255188e-03 +9.9905984152096994e-01 +9.9978740609457528e-01 +9.9994294883504931e-01 +9.9988797628194470e-01 +9.9980540483008440e-01 -2.1782205049704565e-04 +7.0068702672418392e-04 +6.0002566110957162e-04 -5.0412842903759740e-04 +9.3766023071456333e-04
190.50000000 +5.0000000000000000e+00 +1.9998168110924834e+00 +2.1868367209859885e-03 +9.9916245880829424e-01 +9.9982180872776583e-01 +9.9993225446510814e-01 +9.9985930476339957e-01 +9.9981878590690210e-01 -2.3335785827988196e-04 +7.6936543156248154e-04 +5.1135051730964937e-04 -5.8653440005980797e-04 +9.4456363956480762e-04
191.00000000 +5.0000000000000000e+00 +1.9998250676252485e+00 +2.1517676709054672e-03 +9.9926506950237681e-01 +9.9985620915056039e-01 +9.9992156078228922e-01 +9.9983063508702252e-01 +9.9983216612397541e-01 -2.4889266787477015e-04 +8.3803942375890270e-04 +4.2268107095791191e-04 -6.6893507643314785e-04 +9.5146660486556875e-04
191.50000000 +5.0000000000000000e+00 +1.9998333236275407e+00 +2.1167008739667900e-03 +9.9936767360385237e-01 +9.9989060736317115e-01 +9.9991086778652527e-01 +9.9980196725263526e-01 +9.9984554548138616e-01 -2.6442647937790847e-04 +9.0670900373870651e-04 +3.3401732150527795e-04 -7.5133045866787834e-04 +9.5836912665959258e-04
192.00000000 +5.0000000000000000e+00 +1.9998415790994135e+00 +2.0816363299528242e-03 +9.9947027111335718e-01 +9.9992500336581192e-01 +9.9990017547775112e-01 +9.9977330126006125e-01 +9.9985892397921838e-01 -2.7995929288548332e-04 +9.7537417192709928e-04 +2.4535926840273776e-04 -8.3372054727419594e-04 +9.6527120498962041e-04
192.50000000 +5.0000000000000000e+00 +1.9998498340409161e+00 +2.0465740386464608e-03 +9.9957286203152573e-01 +9.9995939715869508e-01 +9.9988948385589982e-01 +9.9974463710912220e-01 +9.9987230161755425e-01 -2.9549110849366814e-04 +1.0440349287492311e-03 +1.5670691110135156e-04 -9.1610534276223110e-04 +9.7217283989838672e-04
193.00000000 +5.0000000000000000e+00 +1.9998580884521004e+00 +2.0115139998306206e-03 +9.9967544635899386e-01 +9.9999378874203371e-01 +9.9987879292090542e-01 +9.9971597479964092e-01 +9.9988567839647646e-01 -3.1102192629862442e-04 +1.1126912746301980e-03 +6.8060249052250390e-05 -9.9848484564204901e-04 +9.7907403142862177e-04
193.50000000 +5.0000000000000000e+00 +1.9998663423330172e+00 +1.9764562132882513e-03 +9.9977802409639582e-01 +1.0000281781160407e+00 +9.9986810267270176e-01 +9.9968731433143987e-01 +9.9989905431606829e-01 -3.2655174639650115e-04 +1.1813432099950414e-03 -2.0580718293364186e-05 -1.0808590564236483e-03 +9.8597477962304985e-04
194.00000000 +5.0000000000000000e+00 +1.9998745956837181e+00 +1.9414006788023303e-03 +9.9988059524436745e-01 +1.0000625652809292e+00 +9.9985741311122267e-01 +9.9965865570434176e-01 +9.9991242937641234e-01 -3.4208056888343513e-04 +1.2499907352687483e-03 -1.0921599148422053e-04 -1.1632279756169637e-03 +9.9287508452438927e-04
194.50000000 +5.0000000000000000e+00 +1.9998828485042539e+00 +1.9063473961558614e-03 +9.9998315980354313e-01 +1.0000969502369119e+00 +9.9984672423640197e-01 +9.9962999891816917e-01 +9.9992580357759142e-01 -3.5760839385555053e-04 +1.3186338508762508e-03 -1.9784557106897608e-04 -1.2455916037318639e-03 +9.9977494617535371e-04
195.00000000 +5.0000000000000000e+00 +1.9998911007946756e+00 +1.8712963651318767e-03 +1.0000857177745579e+00 +1.0001313329842014e+00 +9.9983603604817339e-01 +9.9960134397274469e-01 +9.9993917691968826e-01 -3.7313522140895950e-04 +1.3872725572424266e-03 -2.8646945759621783e-04 -1.3279499412781515e-03 +1.0066743646186510e-03
195.50000000 +5.0000000000000000e+00 +1.9998993525550344e+00 +1.8362475855134360e-03 +1.0001882691580466e+00 +1.0001657135230109e+00 +9.9982534854647087e-01 +9.9957269086789102e-01 +9.9995254940278533e-01 -3.8866105163976142e-04 +1.4559068547920985e-03 -3.7508765161446212e-04 -1.4103029887655636e-03 +1.0135733398969832e-03
196.00000000 +5.0000000000000000e+00 +1.9999076037853813e+00 +1.8012010570836274e-03 +1.0002908139546436e+00 +1.0002000918535527e+00 +9.9981466173122835e-01 +9.9954403960343075e-01 +9.9996592102696602e-01 -4.0418588464404383e-04 +1.5245367439500352e-03 -4.6370015367215556e-04 -1.4926507467037725e-03 +1.0204718720530478e-03
196.50000000 +5.0000000000000000e+00 +1.9999158544857676e+00 +1.7661567796255660e-03 +1.0003933521649837e+00 +1.0002344679760400e+00 +9.9980397560237955e-01 +9.9951539017918656e-01 +9.9997929179231271e-01 -4.1970972051788146e-04 +1.5931622251409508e-03 -5.5230696431767359e-04 -1.5749932156023847e-03 +1.0273699611295353e-03
197.00000000 +5.0000000000000000e+00 +1.9998628954100364e+00 +1.6860797285873216e-03 +1.0005474641563443e+00 +1.0002357268907738e+00 +9.9980102327941156e-01 +9.9963333490451056e-01 +1.0000240318091176e+00 -4.6733141125743504e-04 +1.3545394944894772e-03 -6.3282494054039528e-04 -1.3517139867185708e-03 +8.5574980482728972e-04
197.50000000 +5.0000000000000000e+00 +1.9998099709187886e+00 +1.6060549712005137e-03 +1.0007014755061518e+00 +1.0002369849833836e+00 +9.9979807288443301e-01 +9.9975120260701344e-01 +1.0000687426088271e+00 -5.1492200304836247e-04 +1.1160725944254163e-03 -7.1329033516915957e-04 -1.1285805684760949e-03 +6.8424172363916035e-04
198.00000000 +5.0000000000000000e+00 +1.9997570809781577e+00 +1.5260824562569630e-03 +1.0008553863129594e+00 +1.0002382422546752e+00 +9.9979512441555696e-01 +9.9986899336211976e-01 +1.0001134242200518e+00 -5.6248152634408440e-04 +8.7776137235279293e-04 -7.9370319969411236e-04 -9.0559281809094090e-04 +5.1284560781640252e-04
198.50000000 +5.0000000000000000e+00 +1.9997042255543214e+00 +1.4461621326153273e-03 +1.0010091966751902e+00 +1.0002394987054513e+00 +9.9979217787089691e-01 +9.9998670724515459e-01 +1.0001580766713647e+00 -6.1001001155827227e-04 +6.3960567587480427e-04 -8.7406358553819205e-04 -6.8275059296545883e-04 +3.4156134775351852e-04
199.00000000 +5.0000000000000000e+00 +1.9996514046135014e+00 +1.3662939492009958e-03 +1.0011629066911405e+00 +1.0002407543365164e+00 +9.9978923324857061e-01 +1.0001043443313460e+00 +1.0002026999913025e+00 -6.5750748906491464e-04 +4.0160535279349589e-04 -9.5437154405724161e-04 -4.6005375068806166e-04 +1.7038883398802482e-04
199.50000000 +5.0000000000000000e+00 +1.9995986181219632e+00 +1.2864778550059760e-03 +1.0013165164589768e+00 +1.0002420091486712e+00 +9.9978629054669710e-01 +1.0002219046958223e+00 +1.0002472942083633e+00 -7.0497398919837926e-04 +1.6376025110943716e-04 -1.0346271265401152e-03 -2.3750214903291999e-04 -6.7204279978148924e-07
200.00000000 +5.0000000000000000e+00 +1.9995458660460161e+00 +1.2067137990887889e-03 +1.0014700260767384e+00 +1.0002432631427169e+00 +9.9978334976339789e-01 +1.0003393884136151e+00 +1.0002918593510088e+00 -7.5240954225348061e-04 -7.3929780978602389e-05 -1.1148303842087887e-03 -1.5095645959660941e-05 -1.7162139178705560e-04
