#PATCH_CHECK: SepMBpoisson v0.61 exact-bernoulli stratified-backward active
#discretizing the bath:
#     0 0.0000000000000000e+00 -6.3189999999999946e-01
#     1 1.8138357147217054e-03 -2.2765212856119524e-01
#     2 1.8138357147217054e-03 -2.1355367919690380e-01
#     3 1.8138357147217054e-03 -1.9901091027111389e-01
#     4 1.8138357147217054e-03 -1.8403700411408436e-01
#     5 1.8138357147217054e-03 -1.6864403474869116e-01
#     6 1.8138357147217054e-03 -1.5284311503611012e-01
#     7 1.8138357147217054e-03 -1.3664451783662360e-01
#     8 1.8138357147217054e-03 -1.2005777680468399e-01
#     9 1.8138357147217054e-03 -1.0309177101969969e-01
#sampling: jump_strength=4.5345892868042647e-03 jump_probability=4.5141196083887123e-03 log_scale=4.5243390123129159e-03 back_replicas=16 stratify_forward=1
#adaptive measurement: gap=1.5392969365393194e-02 period_steps=817 nmeas=137 nwf=400 tmax=2.0000000000000000e+02 forced_stride=0
  0.00000000 +5.0000000000000000e+00 +1.9999999999999998e+00 +1.8374661879283106e-03 +1.0000000000000000e+00 +1.0000000000000000e+00 +1.0000000000000000e+00 +1.0000000000000000e+00 +1.0000000000000000e+00 +0.0000000000000000e+00 +0.0000000000000000e+00 +0.0000000000000000e+00 +0.0000000000000000e+00 +0.0000000000000000e+00
  0.50000000 +5.0000000000000000e+00 +1.9999999999859688e+00 +1.8390797167617389e-03 +9.9999590364121815e-01 +9.9999999999995470e-01 +9.9999999999995470e-01 +9.9999999999995470e-01 +9.9999999999995470e-01 +8.2355349291878416e-07 +8.2173147191675120e-07 +8.1307687215709598e-07 +8.4587325019368486e-07 +7.9212363063372058e-07
  1.00000000 +5.0000000000000000e+00 +2.0000000000079443e+00 +1.8436510157877957e-03 +9.9998429170810321e-01 +1.0000000000317926e+00 +1.0000000000326226e+00 +1.0000000000305476e+00 +1.0000000000317926e+00 +3.1900247009920553e-06 +3.1554082423877106e-06 +3.1016332136323725e-06 +3.1946946556141843e-06 +3.0665798944023814e-06
  1.50000000 +5.0000000000000000e+00 +2.0000000057125011e+00 +1.8501769297822553e-03 +9.9996769418641629e-01 +9.9999999995643041e-01 +9.9999999994813127e-01 +9.9999999994807376e-01 +9.9999999993973565e-01 +6.5704875123124328e-06 +6.5314449592932064e-06 +6.3494031021545828e-06 +6.4580100235707726e-06 +6.3965718425715262e-06
  2.00000000 +5.0000000000000000e+00 +1.9999999942999935e+00 +1.8575058873518812e-03 +9.9994901334545938e-01 +9.9999999984379262e-01 +9.9999999984556487e-01 +9.9999999982818633e-01 +9.9999999981956356e-01 +1.0465393950799407e-05 +1.0356483113417095e-05 +1.0076136178388888e-05 +1.0062076548632024e-05 +1.0026956309107068e-05
  2.50000000 +5.0000000000000000e+00 +1.9999999932426782e+00 +1.8641750211338126e-03 +9.9993194906869121e-01 +9.9999999972795695e-01 +9.9999999970493181e-01 +9.9999999969290077e-01 +9.9999999969202980e-01 +1.4090240378418621e-05 +1.3975236492924498e-05 +1.3445056079274582e-05 +1.3287884036416415e-05 +1.3253696799726637e-05
  3.00000000 +5.0000000000000000e+00 +1.9999999950843141e+00 +1.8688670899432507e-03 +9.9991984447096416e-01 +9.9999999944736107e-01 +9.9999999942462214e-01 +9.9999999937660378e-01 +9.9999999945880491e-01 +1.6800119770416341e-05 +1.6574877553453127e-05 +1.5916683560023866e-05 +1.5483788587074243e-05 +1.5382393528468248e-05
  3.50000000 +5.0000000000000000e+00 +1.9999999746401222e+00 +1.8706582224247898e-03 +9.9991506640799299e-01 +9.9999999904573500e-01 +9.9999999902653391e-01 +9.9999999894333080e-01 +9.9999999898405967e-01 +1.8152542710609947e-05 +1.7651632262779778e-05 +1.6844621419765797e-05 +1.6292609698698784e-05 +1.5996239821798946e-05
  4.00000000 +5.0000000000000000e+00 +1.9999999637834733e+00 +1.8691078349164288e-03 +9.9991876959383075e-01 +9.9999999847511967e-01 +9.9999999836929798e-01 +9.9999999840330656e-01 +9.9999999837054632e-01 +1.7758239143747690e-05 +1.7201248932210545e-05 +1.6040698733363157e-05 +1.5384229442088759e-05 +1.4852310291465276e-05
  4.50000000 +5.0000000000000000e+00 +1.9999999946097562e+00 +1.8647927515487582e-03 +9.9992954301544357e-01 +9.9999999783566773e-01 +9.9999999797795047e-01 +9.9999999775293635e-01 +9.9999999795051953e-01 +1.5928634373793968e-05 +1.5122955941548927e-05 +1.3944531807851246e-05 +1.3010938671998933e-05 +1.2458473358169781e-05
  5.00000000 +5.0000000000000000e+00 +2.0000000364006447e+00 +1.8582862709257183e-03 +9.9994597467524693e-01 +9.9999999709123444e-01 +9.9999999748348034e-01 +9.9999999714041299e-01 +9.9999999743778833e-01 +1.2920863473953576e-05 +1.2041431759149326e-05 +1.0736096275547400e-05 +9.5435245352303666e-06 +8.7943189044915686e-06
  5.50000000 +5.0000000000000000e+00 +1.9999999759754294e+00 +1.8510272165796892e-03 +9.9996446259917438e-01 +9.9999999642437687e-01 +9.9999999714788368e-01 +9.9999999670422979e-01 +9.9999999680524387e-01 +9.2239465638027860e-06 +8.0044109620091350e-06 +7.0833149530488466e-06 +5.9569601122481781e-06 +5.2817514067855139e-06
  6.00000000 +5.0000000000000000e+00 +2.0000000009393806e+00 +1.8445839791979355e-03 +9.9998103857754594e-01 +9.9999999615836499e-01 +9.9999999677880025e-01 +9.9999999630112846e-01 +9.9999999651745264e-01 +5.1709387426472806e-06 +4.6480134235777827e-06 +3.9059271910824165e-06 +3.0095200529630054e-06 +2.2413173785438279e-06
  6.50000000 +5.0000000000000000e+00 +2.0000000037631560e+00 +1.8402032148958250e-03 +9.9999252376487002e-01 +9.9999999574751897e-01 +9.9999999674001594e-01 +9.9999999627567882e-01 +9.9999999621264257e-01 +2.6012639625587050e-06 +1.7699218799444774e-06 +1.5016796559228275e-06 +8.4750056336778559e-07 +7.7089626937309982e-07
  7.00000000 +5.0000000000000000e+00 +2.0000000122594876e+00 +1.8384342741803166e-03 +9.9999746189216643e-01 +9.9999999594310429e-01 +9.9999999633602576e-01 +9.9999999551831720e-01 +9.9999999631217706e-01 +9.3019594688634800e-07 +7.0256367464298536e-07 +3.6034899349371668e-07 +8.0709091206404443e-08 +4.7988265664939129e-07
  7.50000000 +5.0000000000000000e+00 +2.0000000230073636e+00 +1.8396696978574068e-03 +9.9999478537968622e-01 +9.9999999599977196e-01 +9.9999999652376470e-01 +9.9999999569302644e-01 +9.9999999610048307e-01 +4.4202962012441579e-07 +9.7015233969059025e-07 +9.5745583635682431e-07 +1.3578746845602316e-06 +1.5025313943504952e-06
  8.00000000 +5.0000000000000000e+00 +2.0000001850080897e+00 +1.8437217426629452e-03 +9.9998487091513655e-01 +9.9999999596687483e-01 +9.9999999621477376e-01 +9.9999999556189090e-01 +9.9999999677543394e-01 +1.9991904515576501e-06 +2.1452882479874247e-06 +3.3663532947827908e-06 +3.7088067719170420e-06 +3.9249197325925033e-06
  8.50000000 +5.0000000000000000e+00 +2.0000001379439163e+00 +1.8497408934607465e-03 +9.9996978441373319e-01 +9.9999999582611498e-01 +9.9999999724195987e-01 +9.9999999544594587e-01 +9.9999999657793359e-01 +4.3671992623165595e-06 +5.4485055527221085e-06 +6.0942213870200059e-06 +6.8450381129516295e-06 +7.4754888319155762e-06
  9.00000000 +5.0000000000000000e+00 +2.0000001606185212e+00 +1.8563204909804048e-03 +9.9995305348513486e-01 +9.9999999663286820e-01 +9.9999999719833865e-01 +9.9999999487357216e-01 +9.9999999533800377e-01 +7.8958588319172176e-06 +8.8872912245936227e-06 +9.8651788439236111e-06 +9.7089327475414741e-06 +1.0605302075617862e-05
  9.50000000 +5.0000000000000000e+00 +2.0000001659022284e+00 +1.8628019080805646e-03 +9.9993631130706795e-01 +9.9999999492420455e-01 +9.9999999572497689e-01 +9.9999999410205309e-01 +9.9999999593239675e-01 +1.1358636813938852e-05 +1.2644824400978320e-05 +1.2891904082139670e-05 +1.3578128802705084e-05 +1.3234712056251029e-05
 10.00000000 +5.0000000000000000e+00 +2.0000001539050052e+00 +1.8670627823677529e-03 +9.9992499081061159e-01 +9.9999999417398344e-01 +9.9999999495215208e-01 +9.9999999362409953e-01 +9.9999999543603235e-01 +1.5149142589903198e-05 +1.4295746844444598e-05 +1.5672403678374970e-05 +1.5142989869311419e-05 +1.4770778922621391e-05
 10.50000000 +5.0000000000000000e+00 +2.0000001996741372e+00 +1.8695970373850922e-03 +9.9991792747735708e-01 +9.9999999336683809e-01 +9.9999999314118648e-01 +9.9999999145266971e-01 +9.9999999402665130e-01 +1.7111388832824462e-05 +1.6451028335799790e-05 +1.7130792064071378e-05 +1.5636542997300973e-05 +1.5770934548731950e-05
 11.00000000 +5.0000000000000000e+00 +2.0000001038728903e+00 +1.8679729238447107e-03 +9.9992141762302800e-01 +9.9999999242774418e-01 +9.9999999234188108e-01 +9.9999999072100410e-01 +9.9999999232016690e-01 +1.7812519189770347e-05 +1.6650039598256868e-05 +1.5782951486548116e-05 +1.4366888805023225e-05 +1.4002248650250770e-05
 11.50000000 +5.0000000000000000e+00 +2.0000001774874607e+00 +1.8642861058981205e-03 +9.9993024748994819e-01 +9.9999999087987079e-01 +9.9999999006823026e-01 +9.9999998927743350e-01 +9.9999999115934890e-01 +1.6648273857139708e-05 +1.5254656669448776e-05 +1.4206668847266171e-05 +1.2459032429223515e-05 +1.1222297120933033e-05
 12.00000000 +5.0000000000000000e+00 +1.9999999704113511e+00 +1.8583820558484515e-03 +9.9994491952220643e-01 +9.9999998985248106e-01 +9.9999999051252275e-01 +9.9999998527175427e-01 +9.9999998987823102e-01 +1.3771520008092073e-05 +1.2449737718881109e-05 +1.1109242294969702e-05 +1.0080814438606030e-05 +7.7137044308952348e-06
 12.50000000 +5.0000000000000000e+00 +2.0000001307569351e+00 +1.8526704937291143e-03 +9.9995940943376260e-01 +9.9999998807745116e-01 +9.9999998612441332e-01 +9.9999998351736719e-01 +9.9999998975880100e-01 +1.1414429322266053e-05 +9.5025986237998795e-06 +7.8736715131435263e-06 +6.5966604447774390e-06 +5.2556822126919249e-06
 13.00000000 +5.0000000000000000e+00 +2.0000002425506702e+00 +1.8462947210559151e-03 +9.9997591381774353e-01 +9.9999998762652931e-01 +9.9999998684800118e-01 +9.9999998306260507e-01 +9.9999998731966200e-01 +7.4452412091786818e-06 +6.5085081981597579e-06 +4.6746035026338986e-06 +2.9071289299802707e-06 +2.6057836551722867e-06
 13.50000000 +5.0000000000000000e+00 +2.0000001278332564e+00 +1.8422460579267572e-03 +9.9998678826639109e-01 +9.9999998655984668e-01 +9.9999998991798666e-01 +9.9999998488574549e-01 +9.9999998504531740e-01 +4.2461414427167356e-06 +3.0582783662532219e-06 +2.8559380709008978e-06 +1.8033828352344332e-06 +1.3017687327854427e-06
 14.00000000 +5.0000000000000000e+00 +2.0000002132453627e+00 +1.8401616609556414e-03 +9.9999289671043279e-01 +9.9999998525004663e-01 +9.9999998293750636e-01 +9.9999998491649866e-01 +9.9999998627194286e-01 +1.8593352936740010e-06 +1.0716962824585812e-06 +1.2888232498250918e-06 +2.0584767032112891e-06 +8.8553626085560795e-07
 14.50000000 +5.0000000000000000e+00 +2.0000001802485530e+00 +1.8417237674247732e-03 +9.9998972566845379e-01 +9.9999998778868648e-01 +9.9999998732477546e-01 +9.9999998177932015e-01 +9.9999998438651860e-01 +1.7958272138342700e-06 +1.8911631248819128e-06 +2.1725681071420171e-06 +1.8682003968226226e-06 +2.6051393054450409e-06
 15.00000000 +5.0000000000000000e+00 +2.0000004669228586e+00 +1.8441358684433862e-03 +9.9998418700454994e-01 +9.9999998511764387e-01 +9.9999998257057798e-01 +9.9999998288496295e-01 +9.9999998975843063e-01 +1.1078117951734064e-06 +9.4621179985837944e-07 +2.9703039798112321e-06 +5.0855727099152683e-06 +5.7628693888877344e-06
 15.50000000 +5.0000000000000000e+00 +2.0000004193700835e+00 +1.8495557033277733e-03 +9.9997080517987880e-01 +9.9999998387680733e-01 +9.9999998207129759e-01 +9.9999998552735514e-01 +9.9999998694130521e-01 +2.6801157652843645e-06 +4.4368544929068169e-06 +6.0645854454815492e-06 +7.6111323428363524e-06 +8.4637527127495875e-06
 16.00000000 +5.0000000000000000e+00 +2.0000004769603232e+00 +1.8561437229734665e-03 +9.9995418595395091e-01 +9.9999998065349305e-01 +9.9999998030551984e-01 +9.9999998426282233e-01 +9.9999998562770287e-01 +7.3800132642893358e-06 +8.5927191745309628e-06 +9.1081149950831934e-06 +9.4343503129953035e-06 +1.1367848103558412e-05
 16.50000000 +5.0000000000000000e+00 +2.0000005339002245e+00 +1.8606038444584159e-03 +9.9994254865094923e-01 +9.9999998450567196e-01 +9.9999998165248771e-01 +9.9999998170163396e-01 +9.9999998653751565e-01 +8.6174441652872364e-06 +1.0992739043798570e-05 +1.2965512956660835e-05 +1.1727030962754341e-05 +1.3213975562457361e-05
 17.00000000 +5.0000000000000000e+00 +2.0000001234241971e+00 +1.8659807411938823e-03 +9.9992821780238428e-01 +9.9999998519350208e-01 +9.9999998658356770e-01 +9.9999998500614917e-01 +9.9999998214142338e-01 +1.2575099415176392e-05 +1.2998859419654294e-05 +1.5118737686719605e-05 +1.5295607249076722e-05 +1.5855007968918748e-05
 17.50000000 +5.0000000000000000e+00 +1.9999995598536575e+00 +1.8649264647871450e-03 +9.9993010798230997e-01 +9.9999997424191178e-01 +9.9999998041659066e-01 +9.9999998030836212e-01 +9.9999998285293923e-01 +1.3800201504498698e-05 +1.3735800984659889e-05 +1.5311794621538646e-05 +1.4352144112102649e-05 +1.2774224420153854e-05
 18.00000000 +5.0000000000000000e+00 +1.9999994469238123e+00 +1.8657581545348093e-03 +9.9992708459250823e-01 +9.9999998382723465e-01 +9.9999997631512527e-01 +9.9999997875369417e-01 +9.9999998258694911e-01 +1.6831342727044219e-05 +1.6623322474787714e-05 +1.4905975714971111e-05 +1.2164851713650327e-05 +1.2468290673093178e-05
 18.50000000 +5.0000000000000000e+00 +1.9999993969953300e+00 +1.8628224012221292e-03 +9.9993374466250484e-01 +9.9999997577865007e-01 +9.9999997961874987e-01 +9.9999998027172210e-01 +9.9999998395446177e-01 +1.6404774794994280e-05 +1.5189757993938156e-05 +1.3417370241965870e-05 +1.1449453825306038e-05 +9.8742695726372794e-06
 19.00000000 +5.0000000000000000e+00 +1.9999991898418490e+00 +1.8586787757452984e-03 +9.9994383853306212e-01 +9.9999998376033394e-01 +9.9999998491487052e-01 +9.9999997736942781e-01 +9.9999997361875437e-01 +1.4546882033651015e-05 +1.3207217558058692e-05 +1.1568700207878517e-05 +9.7701661749225870e-06 +7.1489235612578958e-06
 19.50000000 +5.0000000000000000e+00 +1.9999989096985396e+00 +1.8521108604540534e-03 +9.9996025237155517e-01 +9.9999997842914656e-01 +9.9999997884720870e-01 +9.9999997498164350e-01 +9.9999997644019201e-01 +1.2766677579169497e-05 +1.1196065672730587e-05 +8.2301771642030323e-06 +3.5956463688387922e-06 +4.0505039352592497e-06
 20.00000000 +5.0000000000000000e+00 +1.9999984457914304e+00 +1.8477938170927484e-03 +9.9997158925786767e-01 +9.9999997425276954e-01 +9.9999996790752654e-01 +9.9999996939416491e-01 +9.9999997092614812e-01 +9.8678069577879824e-06 +6.4303572583713046e-06 +5.2971599768769327e-06 +4.1596883488541326e-06 +2.7732691665329086e-06
 20.50000000 +5.0000000000000000e+00 +1.9999989159983935e+00 +1.8452087639203002e-03 +9.9997887358562387e-01 +9.9999997774626226e-01 +9.9999997202967383e-01 +9.9999997084761971e-01 +9.9999996338739727e-01 +6.8355745535422507e-06 +5.0464764439600315e-06 +3.7569299715731850e-06 +2.0337724007614536e-06 +3.5696141305132663e-06
 21.00000000 +5.0000000000000000e+00 +1.9999982443052302e+00 +1.8427235033395533e-03 +9.9998605608753610e-01 +9.9999997349632874e-01 +9.9999996506324140e-01 +9.9999996940908831e-01 +9.9999996895797527e-01 +2.0676445521117496e-06 +4.1561657651364235e-06 +1.0304232529151259e-06 +3.4978117569110412e-06 +3.3149802414934278e-06
 21.50000000 +5.0000000000000000e+00 +1.9999979948699058e+00 +1.8463678012589483e-03 +9.9997771796620061e-01 +9.9999997096966353e-01 +9.9999997629902693e-01 +9.9999996736226204e-01 +9.9999997428715881e-01 +3.8373829231597190e-06 +4.3635379979120151e-06 +5.0552926468213326e-06 +4.1840542654418995e-06 +4.9526984374894954e-06
 22.00000000 +5.0000000000000000e+00 +1.9999979023845742e+00 +1.8469996225325492e-03 +9.9997693565776080e-01 +9.9999997538689234e-01 +9.9999997369766691e-01 +9.9999996092536070e-01 +9.9999996850092499e-01 +3.6182490152997293e-06 +3.6292476445348741e-06 +4.4346635406385988e-06 +4.9639365551780300e-06 +6.5395983294793658e-06
 22.50000000 +5.0000000000000000e+00 +1.9999980928349166e+00 +1.8494910646216353e-03 +9.9997110498438224e-01 +9.9999997411227504e-01 +9.9999996601099350e-01 +9.9999996787139711e-01 +9.9999997117413209e-01 +1.7718701384979559e-06 +4.1226124739705329e-06 +5.8845409322288869e-06 +8.4553594077351740e-06 +8.7813413936848751e-06
 23.00000000 +5.0000000000000000e+00 +1.9999982868334274e+00 +1.8546455986771736e-03 +9.9995832819422303e-01 +9.9999997864648471e-01 +9.9999997288497211e-01 +9.9999997126203288e-01 +9.9999996379671074e-01 +4.8923513628357161e-06 +6.3402687357326995e-06 +8.7963934584163268e-06 +7.9289572440582718e-06 +1.3827134911179364e-05
 23.50000000 +5.0000000000000000e+00 +1.9999983403517074e+00 +1.8600135439495815e-03 +9.9994433947581896e-01 +9.9999997423384057e-01 +9.9999998894239095e-01 +9.9999997998671075e-01 +9.9999996046160156e-01 +6.2603063234676369e-06 +1.0356452539104855e-05 +1.3049076841852985e-05 +1.3464849398311022e-05 +1.2626260971412977e-05
 24.00000000 +5.0000000000000000e+00 +1.9999979237958456e+00 +1.8618798100450619e-03 +9.9993886014514055e-01 +9.9999997899408100e-01 +9.9999995431720878e-01 +9.9999997067922719e-01 +9.9999997190650025e-01 +1.1155672791853351e-05 +1.2247182282177818e-05 +1.2145277308094588e-05 +1.2413536644516168e-05 +1.3302436516058791e-05
 24.50000000 +5.0000000000000000e+00 +1.9999983095057998e+00 +1.8632586538688785e-03 +9.9993437405938224e-01 +9.9999996827018744e-01 +9.9999997150359465e-01 +9.9999996529296953e-01 +9.9999995728461588e-01 +1.2506322359387614e-05 +1.2957564730980983e-05 +1.5875301440291307e-05 +1.0994599117401820e-05 +1.3429930674338976e-05
 25.00000000 +5.0000000000000000e+00 +1.9999988839375251e+00 +1.8637729831374279e-03 +9.9993232807365418e-01 +9.9999997624078285e-01 +9.9999994866696518e-01 +9.9999994790356328e-01 +9.9999996443445460e-01 +1.4080518569822951e-05 +1.3993960901317758e-05 +1.5767579990556901e-05 +1.1397166120235075e-05 +1.2595604892345177e-05
 25.50000000 +5.0000000000000000e+00 +1.9999984727483573e+00 +1.8588181662753586e-03 +9.9994397035827653e-01 +9.9999995764069227e-01 +9.9999996458114704e-01 +9.9999997165013510e-01 +9.9999995765055072e-01 +1.4611899540739307e-05 +1.1021166073903715e-05 +1.2078643502705691e-05 +1.0384460327643045e-05 +8.0820220502441513e-06
 26.00000000 +5.0000000000000000e+00 +1.9999985777719209e+00 +1.8563835078040374e-03 +9.9994989839320170e-01 +9.9999996597042673e-01 +9.9999995984875989e-01 +9.9999995754581339e-01 +9.9999995854898627e-01 +1.4859330139205112e-05 +1.2766875498979386e-05 +9.8091406442315452e-06 +8.0454699246153949e-06 +4.7788428872381401e-06
 26.50000000 +5.0000000000000000e+00 +1.9999986007599031e+00 +1.8506134715259267e-03 +9.9996419539588921e-01 +9.9999997243394634e-01 +9.9999997451766409e-01 +9.9999997501370552e-01 +9.9999995876760905e-01 +1.3790419942501641e-05 +7.5366288848930693e-06 +9.4942099047923231e-06 +3.6643178319594793e-06 +1.4381232917289775e-06
 27.00000000 +5.0000000000000000e+00 +1.9999988338061880e+00 +1.8468381404998801e-03 +9.9997410661595687e-01 +9.9999995501741645e-01 +9.9999995520789020e-01 +9.9999994933245762e-01 +9.9999997347133729e-01 +7.6080142581240468e-06 +8.1539828852469667e-06 +5.2003481194844814e-06 +4.7058798293678881e-06 +3.9202296536144309e-07
 27.50000000 +5.0000000000000000e+00 +1.9999991487287094e+00 +1.8471519072494700e-03 +9.9997378895183153e-01 +9.9999995009097820e-01 +9.9999993926681596e-01 +9.9999993224081007e-01 +9.9999997442931476e-01 +9.9533131798582956e-06 +5.6760017174531513e-06 +3.3013694082163537e-06 +3.6294277320710112e-06 +3.8547855710506833e-06
 28.00000000 +5.0000000000000000e+00 +2.0000000420435002e+00 +1.8476135553470272e-03 +9.9997381819452391e-01 +9.9999996063140439e-01 +9.9999993725668856e-01 +9.9999994413736071e-01 +9.9999997401848706e-01 +7.9784984823133854e-06 +5.7445446563553176e-06 +4.6860913448837424e-06 +2.1387132820877692e-06 +5.8178475728157747e-06
 28.50000000 +5.0000000000000000e+00 +2.0000002003753239e+00 +1.8470519509568197e-03 +9.9997567417117872e-01 +9.9999996360645527e-01 +9.9999994519211843e-01 +9.9999993590106728e-01 +9.9999995253058782e-01 +7.5014204927445293e-06 +2.2767197365786541e-06 +6.2058130485054837e-06 +2.8033275471255421e-06 +5.7414586291552829e-06
 29.00000000 +5.0000000000000000e+00 +2.0000002437762503e+00 +1.8481741524018578e-03 +9.9997385564445040e-01 +9.9999996035992800e-01 +9.9999993523695763e-01 +9.9999997437614740e-01 +9.9999998154635528e-01 +2.6063867410405553e-06 +2.7806658823109365e-06 +1.8490778561229603e-06 +1.0308867553418572e-05 +8.7480431143630369e-06
 29.50000000 +5.0000000000000000e+00 +1.9999999942243865e+00 +1.8548351565476537e-03 +9.9995730407785133e-01 +9.9999994716831109e-01 +9.9999994928781044e-01 +9.9999996503260713e-01 +9.9999994517000246e-01 +6.2936581910239906e-06 +7.9016699838967793e-06 +4.4270522066682895e-06 +1.0075721248910598e-05 +1.4191200283015604e-05
 30.00000000 +5.0000000000000000e+00 +2.0000006008983657e+00 +1.8573188427348183e-03 +9.9995142552748895e-01 +9.9999997755045800e-01 +9.9999993052605451e-01 +9.9999995836844968e-01 +9.9999995039134093e-01 +5.7912951524694588e-06 +8.4995895811671477e-06 +8.9477721286337346e-06 +1.2818450904891221e-05 +1.2700606560859498e-05
 30.50000000 +5.0000000000000000e+00 +1.9999999783953797e+00 +1.8564160492610901e-03 +9.9995327246234411e-01 +9.9999994627048194e-01 +9.9999993839789314e-01 +9.9999994226355782e-01 +9.9999996065381025e-01 +6.4760107636643717e-06 +7.5146044539402777e-06 +1.0509532502903203e-05 +1.0824914788262185e-05 +1.1614825706764099e-05
 31.00000000 +5.0000000000000000e+00 +1.9999999316814023e+00 +1.8577357808108679e-03 +9.9994948214776380e-01 +9.9999993009489152e-01 +9.9999994425966254e-01 +9.9999996749804432e-01 +9.9999995207186454e-01 +1.1575014937440160e-05 +1.0797981113249578e-05 +8.4618869620034933e-06 +9.4706626820200787e-06 +1.0418620857579800e-05
 31.50000000 +5.0000000000000000e+00 +2.0000009487224149e+00 +1.8577223039923387e-03 +9.9994863549544943e-01 +9.9999995476036796e-01 +9.9999994641339263e-01 +9.9999994673178616e-01 +9.9999988517656702e-01 +1.0773717562375731e-05 +8.5621172457866119e-06 +1.1036361938155998e-05 +9.8493689507777883e-06 +1.1409784247344347e-05
 32.00000000 +5.0000000000000000e+00 +2.0000015635346768e+00 +1.8622275464235424e-03 +9.9993667572792166e-01 +9.9999991186165071e-01 +9.9999999663727857e-01 +9.9999988681525187e-01 +9.9999996424422710e-01 +1.2986767313534315e-05 +1.0711362182387777e-05 +1.4541300315374679e-05 +1.2673514904605368e-05 +1.2651825536920336e-05
 32.50000000 +5.0000000000000000e+00 +2.0000009671920118e+00 +1.8609243265248388e-03 +9.9993922413112013e-01 +9.9999996217180931e-01 +9.9999996942831559e-01 +9.9999990030948616e-01 +9.9999994756279398e-01 +1.1013782507217415e-05 +1.4658905704646453e-05 +1.3696482170142821e-05 +1.1455144262999477e-05 +1.0172012583808200e-05
 33.00000000 +5.0000000000000000e+00 +2.0000011494225260e+00 +1.8576486315729081e-03 +9.9994680055886864e-01 +9.9999998577692317e-01 +9.9999993437672208e-01 +9.9999998301093473e-01 +9.9999997770571003e-01 +1.3073256405512057e-05 +1.2930955776484788e-05 +1.2211054105614314e-05 +1.1080620763667316e-05 +4.0227265264093612e-06
 33.50000000 +5.0000000000000000e+00 +2.0000014161774744e+00 +1.8545904801568192e-03 +9.9995438471182940e-01 +9.9999993889618322e-01 +9.9999997602313417e-01 +9.9999993350204863e-01 +9.9999994497345501e-01 +1.3539723773122097e-05 +9.2082926044746233e-06 +8.7918565799546237e-06 +9.2173261654993943e-06 +5.0648323325144931e-06
 34.00000000 +5.0000000000000000e+00 +2.0000003719524124e+00 +1.8535778336876037e-03 +9.9995682523974583e-01 +9.9999996038249850e-01 +9.9999993601939352e-01 +9.9999996143202685e-01 +9.9999997497453719e-01 +1.1840759982379005e-05 +7.7980247298794776e-06 +9.0451187685523446e-06 +6.2172003057382232e-06 +8.4408969993751837e-06
 34.50000000 +5.0000000000000000e+00 +2.0000010446613148e+00 +1.8495416799450294e-03 +9.9996776677131849e-01 +9.9999993862097125e-01 +9.9999995749293613e-01 +9.9999991350819972e-01 +9.9999990041486153e-01 +9.3500831217569702e-06 +8.0619205707936086e-06 +5.6359959892076218e-06 +4.6428632819986410e-06 +4.8321648005103385e-06
 35.00000000 +5.0000000000000000e+00 +2.0000009838232038e+00 +1.8466476699030853e-03 +9.9997597971508756e-01 +9.9999998299463755e-01 +9.9999995976684408e-01 +9.9999990532651217e-01 +9.9999994679924054e-01 +9.8222151833641931e-06 +4.1990112570242773e-06 +5.9413769477594962e-06 -1.4198696016429464e-06 +5.6827696952567957e-06
 35.50000000 +5.0000000000000000e+00 +2.0000014383363598e+00 +1.8477560039772375e-03 +9.9997370569486288e-01 +1.0000000013739339e+00 +9.9999992108315905e-01 +9.9999996665211599e-01 +9.9999991115352937e-01 +1.2252173863604729e-05 +4.7476340101421046e-06 +2.3721999178526169e-06 +2.9512021113404797e-06 +4.1707556629489626e-06
 36.00000000 +5.0000000000000000e+00 +2.0000020148183171e+00 +1.8491240776118524e-03 +9.9997086159181969e-01 +9.9999997831823673e-01 +9.9999993018794409e-01 +9.9999993949803900e-01 +9.9999992207929222e-01 +5.2994489196149812e-06 +5.1144172939606273e-06 +7.0976913946541658e-06 +4.1189956943077793e-06 +7.7377290379359492e-06
 36.50000000 +5.0000000000000000e+00 +2.0000016932287714e+00 +1.8524572543192797e-03 +9.9996293027701211e-01 +9.9999998003622015e-01 +9.9999995556587395e-01 +9.9999995404020148e-01 +9.9999993765794182e-01 +4.5646779298737869e-06 +4.4567981666885986e-06 +5.1411758847322974e-06 +9.8916646356703362e-06 +1.3187959193131827e-05
 37.00000000 +5.0000000000000000e+00 +2.0000010704876225e+00 +1.8532331083041039e-03 +9.9996108437454645e-01 +9.9999992698367368e-01 +9.9999998507335142e-01 +9.9999990114319925e-01 +9.9999993790368746e-01 +4.7291965203440000e-06 +5.9130902460880581e-06 +1.1072483685369899e-05 +8.4275122406225071e-06 +9.0221960288691212e-06
 37.50000000 +5.0000000000000000e+00 +2.0000009802176226e+00 +1.8537694543888776e-03 +9.9995986167570838e-01 +9.9999994430133099e-01 +9.9999989999453021e-01 +9.9999985411636449e-01 +9.9999995975302514e-01 +5.3263266568298071e-06 +1.0033582149926689e-05 +6.1150669021633551e-06 +8.5846054654413649e-06 +1.0420558422913213e-05
 38.00000000 +5.0000000000000000e+00 +2.0000011858002167e+00 +1.8582983965772138e-03 +9.9994782589970987e-01 +9.9999994696779160e-01 +9.9999995688463328e-01 +9.9999996567848548e-01 +9.9999983010265114e-01 +7.3416586259917482e-06 +9.9964487401505261e-06 +1.4668531607145063e-05 +8.0829654670189724e-06 +1.2384903431186556e-05
 38.50000000 +5.0000000000000000e+00 +2.0000007173021457e+00 +1.8581783092438879e-03 +9.9994783787593522e-01 +9.9999993234611895e-01 +9.9999995950559628e-01 +9.9999993252294983e-01 +9.9999989526288735e-01 +1.3121641660319119e-05 +8.0461336723906788e-06 +1.1945793310205940e-05 +1.1436643138391681e-05 +7.8921374909348546e-06
 39.00000000 +5.0000000000000000e+00 +2.0000005701052661e+00 +1.8571401186751205e-03 +9.9994977922300088e-01 +1.0000000131707947e+00 +9.9999990171745368e-01 +9.9999986100642646e-01 +9.9999994648131740e-01 +7.3794529193243978e-06 +1.1691796072117537e-05 +1.2952486891481953e-05 +8.7655345910950125e-06 +9.7089995851852294e-06
 39.50000000 +5.0000000000000000e+00 +2.0000012927295576e+00 +1.8596856013284211e-03 +9.9994284120245025e-01 +9.9999993045868796e-01 +9.9999994314012508e-01 +9.9999990556609808e-01 +9.9999984838791744e-01 +1.4947598368833496e-05 +1.4567861774469225e-05 +1.0570522019245000e-05 +1.2265341248330836e-05 +5.1800135269172398e-06
 40.00000000 +5.0000000000000000e+00 +2.0000006137694863e+00 +1.8564671688384965e-03 +9.9995048374235518e-01 +9.9999997801842522e-01 +1.0000000139055800e+00 +9.9999988608557455e-01 +9.9999991186828541e-01 +9.7600729622017047e-06 +1.1964809336875790e-05 +1.2806026461200572e-05 +7.8745700141968130e-06 +7.3208448671787787e-06
 40.50000000 +5.0000000000000000e+00 +2.0000006834858199e+00 +1.8567120850401736e-03 +9.9994967082699238e-01 +9.9999991799115229e-01 +9.9999991021329604e-01 +9.9999988433216724e-01 +9.9999992945523286e-01 +1.4838176691488722e-05 +1.2587529363995699e-05 +9.9812521848307096e-06 +1.0384606784113563e-05 +2.8956511276869212e-06
 41.00000000 +5.0000000000000000e+00 +2.0000015147698651e+00 +1.8513597546152667e-03 +9.9996322391205050e-01 +9.9999988786704652e-01 +9.9999995177954037e-01 +9.9999993707744150e-01 +9.9999997055476397e-01 +8.5573419376932865e-06 +7.3419074439571319e-06 +1.0387424183721867e-05 +3.2552004999673273e-06 +7.4869750733469415e-06
 41.50000000 +5.0000000000000000e+00 +2.0000011520545753e+00 +1.8496072711322398e-03 +9.9996755298139939e-01 +1.0000000346924114e+00 +9.9999996074813446e-01 +9.9999986767666127e-01 +9.9999995897100968e-01 +8.1970223650357585e-06 +7.5109981081790129e-06 +7.6282150914513405e-06 +8.2115888664087022e-07 +8.4674018245040027e-06
 42.00000000 +5.0000000000000000e+00 +2.0000003721511646e+00 +1.8496193890709452e-03 +9.9996830531803260e-01 +1.0000000090091785e+00 +9.9999999276222806e-01 +9.9999991379336639e-01 +9.9999992621701672e-01 +1.1222208467350065e-05 +5.8291520144498988e-06 +1.0197923316209767e-05 +1.3540097502551575e-06 +3.2496867813276753e-06
 42.50000000 +5.0000000000000000e+00 +1.9999995163064528e+00 +1.8483563146305642e-03 +9.9997216415205747e-01 +9.9999992001703175e-01 +9.9999992985502761e-01 +9.9999998139175894e-01 +9.9999991704231483e-01 +6.8083061751877378e-06 +6.3738112001574709e-06 +4.0236017571552766e-06 +5.1249161928815141e-06 +5.7569017657527652e-06
 43.00000000 +5.0000000000000000e+00 +2.0000011905432080e+00 +1.8529659786629767e-03 +9.9996078042556436e-01 +9.9999994788122359e-01 +9.9999991965796231e-01 +9.9999994108218726e-01 +9.9999990233998670e-01 +1.1167940893341817e-05 +1.0961684712390916e-05 +7.2338169816583104e-06 +3.0014975548733589e-06 +7.1437269035869394e-06
 43.50000000 +5.0000000000000000e+00 +2.0000007901301928e+00 +1.8583451785921582e-03 +9.9994799705157034e-01 +9.9999998963329451e-01 +1.0000000124553283e+00 +9.9999993800408393e-01 +9.9999981026047613e-01 +1.1810615576515265e-05 +9.0623716317466019e-06 +8.2692763564046911e-06 +1.3951805830187481e-05 +9.1585277867896696e-06
 44.00000000 +5.0000000000000000e+00 +1.9999997294768690e+00 +1.8536485352731169e-03 +9.9995957260140256e-01 +9.9999990959013652e-01 +9.9999987768627363e-01 +9.9999992348433431e-01 +9.9999984485409743e-01 +4.2171615814246688e-06 +9.8345733721329378e-06 +7.3802737914874351e-06 +1.1262412469240680e-05 +8.1773710236353529e-06
 44.50000000 +5.0000000000000000e+00 +2.0000003531603006e+00 +1.8558330075695722e-03 +9.9995455310090375e-01 +9.9999982936152532e-01 +9.9999990487963841e-01 +9.9999990630665769e-01 +9.9999998799517020e-01 +3.6231882194432575e-06 +7.6629680973192407e-06 +1.3642237528197409e-05 +1.2066849308050306e-05 +8.8230607705380210e-06
 45.00000000 +5.0000000000000000e+00 +2.0000001149727535e+00 +1.8590642855605677e-03 +9.9994555236610416e-01 +9.9999986316931344e-01 +9.9999990530240312e-01 +9.9999994084241350e-01 +9.9999988288297459e-01 +8.7655463756315634e-06 +1.1654734661736399e-05 +1.1435042575761901e-05 +9.8409812555426616e-06 +1.3158998891341126e-05
 45.50000000 +5.0000000000000000e+00 +2.0000003046129260e+00 +1.8574201712261060e-03 +9.9994924361105630e-01 +9.9999989712978332e-01 +9.9999993743394189e-01 +9.9999986822569809e-01 +9.9999993502238094e-01 +6.5773617675053990e-06 +5.6771363356488929e-06 +1.4244991695355264e-05 +1.5397792228121868e-05 +9.2212706846776078e-06
 46.00000000 +5.0000000000000000e+00 +2.0000007470813865e+00 +1.8556084882908918e-03 +9.9995331448129732e-01 +9.9999992085989886e-01 +9.9999989703149161e-01 +9.9999991009073519e-01 +9.9999984792845331e-01 +8.1612740717366550e-06 +9.3243961325077971e-06 +1.1822837017549097e-05 +9.9853542023849788e-06 +7.8155467532407442e-06
 46.50000000 +5.0000000000000000e+00 +2.0000015309682295e+00 +1.8567039634689770e-03 +9.9995081127137664e-01 +9.9999991603711835e-01 +9.9999991254625509e-01 +9.9999994191662001e-01 +9.9999985290320847e-01 +7.8640705859188335e-06 +1.1489170577313264e-05 +9.9978288523405380e-06 +7.9911092949938471e-06 +1.2223236951136153e-05
 47.00000000 +5.0000000000000000e+00 +2.0000008323249121e+00 +1.8498077404998704e-03 +9.9996729643523363e-01 +9.9999992580676200e-01 +9.9999993829486422e-01 +9.9999992268880089e-01 +9.9999987170087623e-01 +9.8494762197755363e-06 +1.0143274518847866e-05 +4.9940171620218917e-06 +9.4033026138328141e-06 -1.3451047366904505e-06
 47.50000000 +5.0000000000000000e+00 +2.0000005570241863e+00 +1.8538037446167680e-03 +9.9995718770366548e-01 +1.0000000574664638e+00 +9.9999998669037948e-01 +9.9999987797442635e-01 +9.9999983823466176e-01 +7.5048054248413289e-06 +1.4424884831064498e-05 +1.1983841268537850e-05 +6.9206493683812137e-06 +2.2177511586042168e-06
 48.00000000 +5.0000000000000000e+00 +2.0000009546791553e+00 +1.8579735023875423e-03 +9.9994730546512767e-01 +9.9999993683926303e-01 +9.9999992833359175e-01 +9.9999998278080549e-01 +9.9999985530063040e-01 +9.1307476464052205e-06 +1.4100822381959114e-05 +9.5925184074880973e-06 +1.0676187203898510e-05 +9.4911176108218547e-06
 48.50000000 +5.0000000000000000e+00 +2.0000004882572169e+00 +1.8528059725084897e-03 +9.9996012879364793e-01 +9.9999991845273095e-01 +9.9999987534703072e-01 +9.9999997130781582e-01 +9.9999990750536338e-01 +8.1902101651856267e-06 +1.8010251697901757e-05 +8.8215738989154380e-06 +4.8948110951488019e-06 +2.8165099912732759e-07
 49.00000000 +5.0000000000000000e+00 +2.0000028828177530e+00 +1.8509266955114121e-03 +9.9996564378109221e-01 +9.9999996631085708e-01 +9.9999991304365743e-01 +9.9999993149278144e-01 +9.9999997417330133e-01 +1.3133209793758120e-05 +1.0275492903127621e-05 +4.6138350895931673e-06 -9.0408735988050879e-07 +7.4526124815391130e-06
 49.50000000 +5.0000000000000000e+00 +2.0000008688445661e+00 +1.8505834025518608e-03 +9.9996626087960250e-01 +9.9999997365902926e-01 +1.0000000433524443e+00 +1.0000000002787546e+00 +9.9999996008065450e-01 +5.6236278046128854e-06 +6.5048662086125086e-06 +3.5689374306763184e-06 +7.4297916814385278e-06 +1.0634450705624940e-05
 50.00000000 +5.0000000000000000e+00 +2.0000015842634595e+00 +1.8550385864639400e-03 +9.9995581675366796e-01 +9.9999996236980382e-01 +9.9999996517663137e-01 +9.9999990070979294e-01 +9.9999995503088168e-01 +3.8858920865108911e-06 +1.5469466928288244e-05 +7.1670437936107566e-06 +7.0812180819785118e-06 +1.0796263993183633e-05
 50.50000000 +5.0000000000000000e+00 +2.0000004527497532e+00 +1.8507692699439677e-03 +9.9996634505724402e-01 +1.0000000517806602e+00 +1.0000000557879176e+00 +9.9999996525777946e-01 +9.9999994531347769e-01 +9.0610446464451985e-06 +7.4023747902792116e-06 +1.4413203191756659e-06 +2.4320982090054597e-06 +1.3299970653815897e-05
 51.00000000 +5.0000000000000000e+00 +2.0000021567359791e+00 +1.8511149515484204e-03 +9.9996684645705680e-01 +1.0000000852748372e+00 +1.0000000018931332e+00 +9.9999983754297139e-01 +9.9999994236955614e-01 +7.6717177079226524e-06 +4.0727118327847639e-06 +7.5367315028620385e-06 +1.1892379171382130e-05 +2.1129684753871419e-06
 51.50000000 +5.0000000000000000e+00 +2.0000002881189096e+00 +1.8585826377322174e-03 +9.9994625333818865e-01 +9.9999997269884910e-01 +1.0000000923121568e+00 +9.9999981918899650e-01 +9.9999994455324293e-01 +1.0128310726837385e-05 +1.2151453722449282e-05 +1.2595167409482412e-05 +6.9109215821377630e-06 +1.2131867024971300e-05
 52.00000000 +5.0000000000000000e+00 +1.9999998809931219e+00 +1.8576677898183049e-03 +9.9994841906489984e-01 +1.0000000113189136e+00 +1.0000001024375351e+00 +9.9999982207226934e-01 +9.9999994228458433e-01 +9.6209660452393760e-06 +1.1304502591474009e-05 +1.2704582680998590e-05 +7.1966179121422588e-06 +1.0876006024121757e-05
 52.50000000 +5.0000000000000000e+00 +1.9999994738972371e+00 +1.8567530090990482e-03 +9.9995058463254105e-01 +1.0000000499361414e+00 +1.0000001125621700e+00 +9.9999982495533091e-01 +9.9999994001609249e-01 +9.1136586275958136e-06 +1.0457613668203892e-05 +1.2813989916073586e-05 +7.4822932580398701e-06 +9.6202372649943196e-06
 53.00000000 +5.0000000000000000e+00 +1.9999990668312515e+00 +1.8558382955670436e-03 +9.9995275004112871e-01 +1.0000000885505329e+00 +1.0000001226860609e+00 +9.9999982783817998e-01 +9.9999993774776708e-01 +8.6063884698013489e-06 +9.6107869457855383e-06 +1.2923389115592764e-05 +7.7679476221424006e-06 +8.3645607374267535e-06
 53.50000000 +5.0000000000000000e+00 +1.9999986597951631e+00 +1.8549236492148896e-03 +9.9995491529068148e-01 +1.0000001271620886e+00 +1.0000001328092085e+00 +9.9999983072081777e-01 +9.9999993547960830e-01 +8.0991555677512384e-06 +8.7640224173665702e-06 +1.3032780280441372e-05 +8.0535810067613202e-06 +7.1089764312583465e-06
 54.00000000 +5.0000000000000000e+00 +1.9999982527889677e+00 +1.8540090700351864e-03 +9.9995708038121633e-01 +1.0000001657708084e+00 +1.0000001429316128e+00 +9.9999983360324385e-01 +9.9999993321161629e-01 +7.5919599173413370e-06 +7.9173200760956097e-06 +1.3142163411504520e-05 +8.3391934142077549e-06 +5.8534843363298565e-06
 54.50000000 +5.0000000000000000e+00 +1.9999978458126615e+00 +1.8530945580205332e-03 +9.9995924531275060e-01 +1.0000002043766931e+00 +1.0000001530532734e+00 +9.9999983648545809e-01 +9.9999993094379058e-01 +7.0848015144681031e-06 +7.0706799151222904e-06 +1.3251538509667179e-05 +8.6247848467924953e-06 +4.5980844424835433e-06
 55.00000000 +5.0000000000000000e+00 +1.9999978082936971e+00 +1.8526310379087618e-03 +9.9996066983059717e-01 +1.0000001274962940e+00 +1.0000001108968666e+00 +9.9999982325340830e-01 +9.9999993493341510e-01 +7.5329577192947448e-06 +5.9898065627840617e-06 +1.2628536266089235e-05 +8.2304529124516774e-06 +4.9518892211238969e-06
 55.50000000 +5.0000000000000000e+00 +1.9999977707737187e+00 +1.8521675052732970e-03 +9.9996209438693207e-01 +1.0000000506138178e+00 +1.0000000687393205e+00 +9.9999981002100113e-01 +9.9999993892314720e-01 +7.9811260327017838e-06 +4.9089040066955615e-06 +1.2005517189825110e-05 +7.8361103237901569e-06 +5.3057035590954858e-06
 56.00000000 +5.0000000000000000e+00 +1.9999977332527259e+00 +1.8517039601136322e-03 +9.9996351898175695e-01 +9.9999997372926397e-01 +1.0000000265806350e+00 +9.9999979678823614e-01 +9.9999994291298688e-01 +8.4293064551799650e-06 +3.8279722456732028e-06 +1.1382481280192600e-05 +7.4417570803761282e-06 +5.6595274567857377e-06
 56.50000000 +5.0000000000000000e+00 +1.9999976957307204e+00 +1.8512404024292601e-03 +9.9996494361507393e-01 +9.9999989684263313e-01 +9.9999998442081095e-01 +9.9999978355511376e-01 +9.9999994690293481e-01 +8.8774989872200600e-06 +2.7470112785333412e-06 +1.0759428536509468e-05 +7.0473931817777679e-06 +6.0133609145820999e-06
 57.00000000 +5.0000000000000000e+00 +1.9999976582077001e+00 +1.8507768322196720e-03 +9.9996636828688368e-01 +9.9999981995392451e-01 +9.9999994225984734e-01 +9.9999977032163367e-01 +9.9999995089299010e-01 +9.3257036293128599e-06 +1.6660211040922594e-06 +1.0136358958093432e-05 +6.6530186275632214e-06 +6.3672039328720366e-06
 57.50000000 +5.0000000000000000e+00 +1.9999976206836663e+00 +1.8503132494843613e-03 +9.9996779299718852e-01 +9.9999974306313832e-01 +9.9999990009774464e-01 +9.9999975708779609e-01 +9.9999995488315341e-01 +9.7739203819491917e-06 +5.8500172116618237e-07 +9.5132725442621783e-06 +6.2586334173006172e-06 +6.7210565120430400e-06
 58.00000000 +5.0000000000000000e+00 +1.9999976062931388e+00 +1.8509571352109564e-03 +9.9996595192367355e-01 +9.9999977673074347e-01 +9.9999990103866798e-01 +9.9999976843421001e-01 +9.9999992946840677e-01 +9.5816027554944002e-06 +1.4049028433726574e-06 +9.8494704365135004e-06 +6.3997260262344495e-06 +7.4367016279805181e-06
 58.50000000 +5.0000000000000000e+00 +1.9999975919017769e+00 +1.8516010582829325e-03 +9.9996411074337632e-01 +9.9999981040030117e-01 +9.9999990197964572e-01 +9.9999977978128196e-01 +9.9999990405218619e-01 +9.3892739746146485e-06 +2.2248515198553987e-06 +1.0185687828247155e-05 +6.5408268185415223e-06 +8.1523882513444780e-06
 59.00000000 +5.0000000000000000e+00 +1.9999975775095806e+00 +1.8522450187035389e-03 +9.9996226945628774e-01 +9.9999984407181208e-01 +9.9999990292067820e-01 +9.9999979112901238e-01 +9.9999987863449158e-01 +9.1969340383394806e-06 +3.0448477547517513e-06 +1.0521924721159651e-05 +6.6819357949338127e-06 +8.8681163857461728e-06
 59.50000000 +5.0000000000000000e+00 +1.9999975631165487e+00 +1.8528890164760242e-03 +9.9996042806239782e-01 +9.9999987774527588e-01 +9.9999990386176529e-01 +9.9999980247740072e-01 +9.9999985321532248e-01 +9.0045829456983173e-06 +3.8648915521995354e-06 +1.0858181116947686e-05 +6.8230529561233754e-06 +9.5838860347972704e-06
 60.00000000 +5.0000000000000000e+00 +1.9999975487226831e+00 +1.8535330516036401e-03 +9.9995858656169823e-01 +9.9999991142069289e-01 +9.9999990480290712e-01 +9.9999981382644754e-01 +9.9999982779467933e-01 +8.8122206957204687e-06 +4.6849829163370568e-06 +1.1194457017308161e-05 +6.9641783028223517e-06 +1.0299697202109861e-05
 60.50000000 +5.0000000000000000e+00 +1.9999975343279817e+00 +1.8541771240896349e-03 +9.9995674495417897e-01 +9.9999994509806334e-01 +9.9999990574410313e-01 +9.9999982517615260e-01 +9.9999980237256114e-01 +8.6198472874351320e-06 +5.5051218513030953e-06 +1.1530752423938167e-05 +7.1053118357429616e-06 +1.1015549891296455e-05
 61.00000000 +5.0000000000000000e+00 +1.9999970002852683e+00 +1.8537854336206523e-03 +9.9995783904184943e-01 +1.0000000116431589e+00 +9.9999991605485428e-01 +9.9999986585399236e-01 +9.9999977510795979e-01 +8.0445147514786393e-06 +6.6724661665410621e-06 +1.0554499844018946e-05 +6.9042500803676228e-06 +1.0416526859539037e-05
 61.50000000 +5.0000000000000000e+00 +1.9999964662234526e+00 +1.8533937291415404e-03 +9.9995893316865359e-01 +1.0000000781906346e+00 +9.9999992636597423e-01 +9.9999990653328696e-01 +9.9999974784238321e-01 +7.4691616368150724e-06 +7.8398522357825252e-06 +9.5782123451361413e-06 +6.7031811333410075e-06 +9.8174824017041228e-06
 62.00000000 +5.0000000000000000e+00 +1.9999959321425345e+00 +1.8530020106515470e-03 +9.9996002733459377e-01 +1.0000001447404909e+00 +9.9999993667746301e-01 +9.9999994721403673e-01 +9.9999972057583142e-01 +6.8937879423403121e-06 +9.0072800612677341e-06 +8.6018899254162239e-06 +6.5021049942772568e-06 +9.2184165166421305e-06
 62.50000000 +5.0000000000000000e+00 +1.9999953980425123e+00 +1.8526102781499204e-03 +9.9996112153967165e-01 +1.0000002112927273e+00 +9.9999994698932049e-01 +9.9999998789624156e-01 +9.9999969330830429e-01 +6.3183936669501584e-06 +1.0174749645237095e-05 +7.6255325829855371e-06 +6.3010216627904828e-06 +8.6193292032033903e-06
 63.00000000 +5.0000000000000000e+00 +1.9999948639233853e+00 +1.8522185316359092e-03 +9.9996221578388977e-01 +1.0000002778473445e+00 +9.9999995730154700e-01 +1.0000000285799018e+00 +9.9999966603980173e-01 +5.7429788095403321e-06 +1.1342260989931185e-05 +6.6491403159702883e-06 +6.0999311384947790e-06 +8.0202204602381552e-06
 63.50000000 +5.0000000000000000e+00 +1.9999943297851521e+00 +1.8518267711087610e-03 +9.9996331006724981e-01 +1.0000003444043424e+00 +9.9999996761414234e-01 +1.0000000692650171e+00 +9.9999963877032383e-01 +5.1675433690064808e-06 +1.2509814097590725e-05 +5.6727131224965501e-06 +5.8988334210041998e-06 +7.4210902865965938e-06
 64.00000000 +5.0000000000000000e+00 +1.9999937751934846e+00 +1.8517691154443911e-03 +9.9996346743294973e-01 +1.0000002626452684e+00 +9.9999990670793137e-01 +1.0000000949506693e+00 +9.9999969455963456e-01 +3.4444213458197841e-06 +1.1930248383279736e-05 +6.6369417677688793e-06 +7.0544389830152832e-06 +7.5077682871386027e-06
 64.50000000 +5.0000000000000000e+00 +1.9999932206043680e+00 +1.8517114600452068e-03 +9.9996362479792589e-01 +1.0000001808865706e+00 +9.9999984580200085e-01 +1.0000001206362037e+00 +9.9999975034868882e-01 +1.7213072480772631e-06 +1.1350685334662560e-05 +7.6011659781026513e-06 +8.2100392298558523e-06 +7.5944458890079439e-06
 65.00000000 +5.0000000000000000e+00 +1.9999926660178018e+00 +1.8516538049112056e-03 +9.9996378216217796e-01 +1.0000000991282487e+00 +9.9999978489635011e-01 +1.0000001463216197e+00 +9.9999980613748618e-01 -1.7989242757633898e-09 +1.0771124951720802e-05 +8.5653857535284618e-06 +9.3656341615625767e-06 +7.6811230922073659e-06
 65.50000000 +5.0000000000000000e+00 +1.9999921114337869e+00 +1.8515961500423866e-03 +9.9996393952570672e-01 +1.0000000173703032e+00 +9.9999972399097981e-01 +1.0000001720069178e+00 +9.9999986192602741e-01 -1.7248971712939723e-06 +1.0191567234436077e-05 +9.5296010940769141e-06 +1.0521223778172130e-05 +7.7677998967396233e-06
 66.00000000 +5.0000000000000000e+00 +1.9999915568523225e+00 +1.8515384954387473e-03 +9.9996409688851140e-01 +9.9999993561273337e-01 +9.9999966308588961e-01 +1.0000001976920976e+00 +9.9999991771431185e-01 -3.4479874930320434e-06 +9.6120121827899878e-06 +1.0493811999778596e-05 +1.1676808079721179e-05 +7.8544763026074621e-06
 66.50000000 +5.0000000000000000e+00 +1.9999910022734089e+00 +1.8514808411002857e-03 +9.9996425425059221e-01 +9.9999985385553969e-01 +9.9999960218107919e-01 +1.0000002233771592e+00 +9.9999997350233949e-01 -5.1710698895446514e-06 +9.0324597967641488e-06 +1.1458018470664110e-05 +1.2832387066246390e-05 +7.9411523098136353e-06
 67.00000000 +5.0000000000000000e+00 +1.9999910187601162e+00 +1.8522571065376530e-03 +9.9996220401803848e-01 +9.9999986688529330e-01 +9.9999964207927994e-01 +1.0000002005568065e+00 +9.9999995279998199e-01 -3.1982019228171138e-06 +9.6469929492696333e-06 +1.1556863397592823e-05 +1.1789054389006848e-05 +8.3390380386144549e-06
 67.50000000 +5.0000000000000000e+00 +1.9999910352450663e+00 +1.8530332892477835e-03 +9.9996015400397964e-01 +9.9999987991365824e-01 +9.9999968197322864e-01 +1.0000001777388856e+00 +9.9999993209983051e-01 -1.2255442062264818e-06 +1.0261460610479385e-05 +1.1655697790537626e-05 +1.0745832900575644e-05 +8.7368813644109354e-06
 68.00000000 +5.0000000000000000e+00 +1.9999910517282595e+00 +1.8538093892439017e-03 +9.9995810420838083e-01 +9.9999989294063474e-01 +9.9999972186292574e-01 +1.0000001549233963e+00 +9.9999991140188516e-01 +7.4690329383524477e-07 +1.0875862790862038e-05 +1.1754521651182352e-05 +9.7027225831795021e-06 +9.1346822939810988e-06
 68.50000000 +5.0000000000000000e+00 +1.9999910682096969e+00 +1.8545854065392285e-03 +9.9995605463120718e-01 +9.9999990596622312e-01 +9.9999976174837246e-01 +1.0000001321103382e+00 +9.9999989070614526e-01 +2.7191406109689016e-06 +1.1490199500883995e-05 +1.1853334981210473e-05 +8.6597234190489363e-06 +9.5324408341015255e-06
 69.00000000 +5.0000000000000000e+00 +1.9999910846893774e+00 +1.8553613411469814e-03 +9.9995400527242362e-01 +9.9999991899042351e-01 +9.9999980162956925e-01 +1.0000001092997111e+00 +9.9999987001261059e-01 +4.6911677787681698e-06 +1.2104470751009429e-05 +1.1952137782305108e-05 +7.6168353904182457e-06 +9.9301569915473474e-06
 69.50000000 +5.0000000000000000e+00 +1.9999911011673022e+00 +1.8561371930803764e-03 +9.9995195613199539e-01 +9.9999993201323645e-01 +9.9999984150651677e-01 +1.0000000864915144e+00 +9.9999984932128083e-01 +6.6629848308195626e-06 +1.2718676551700275e-05 +1.2050930056149012e-05 +6.5740584795255163e-06 +1.0327830773092255e-05
 70.00000000 +5.0000000000000000e+00 +1.9999918889022734e+00 +1.8578117311560656e-03 +9.9994790220574536e-01 +9.9999987481945019e-01 +9.9999994232844391e-01 +1.0000000721623548e+00 +9.9999986670276464e-01 +9.0518021919762473e-06 +1.2133844660631330e-05 +1.2920663695506305e-05 +6.6811727150701258e-06 +1.1554256389652842e-05
 70.50000000 +5.0000000000000000e+00 +1.9999926766048832e+00 +1.8594862004398052e-03 +9.9994384844603523e-01 +9.9999981762801315e-01 +1.0000000431462286e+00 +1.0000000578337838e+00 +9.9999988408353424e-01 +1.1440521417769505e-05 +1.1549036795128800e-05 +1.3790361605205831e-05 +6.7882825502387984e-06 +1.2780631623239179e-05
 71.00000000 +5.0000000000000000e+00 +1.9999934642751349e+00 +1.8611606009358351e-03 +9.9993979485285489e-01 +9.9999976043892591e-01 +1.0000001439598725e+00 +1.0000000435058016e+00 +9.9999990146359030e-01 +1.3829142514246494e-05 +1.0964252953712227e-05 +1.4660023787449273e-05 +6.8953879853026881e-06 +1.4006956476955894e-05
 71.50000000 +5.0000000000000000e+00 +1.9999942519130289e+00 +1.8628349326483935e-03 +9.9993574142619412e-01 +9.9999970325218790e-01 +1.0000002447693745e+00 +1.0000000291784079e+00 +9.9999991884293193e-01 +1.6217665487453847e-05 +1.0379493134901259e-05 +1.5529650244438121e-05 +7.0024890205329259e-06 +1.5233230953907343e-05
 72.00000000 +5.0000000000000000e+00 +1.9999950395185675e+00 +1.8645091955817178e-03 +9.9993168816604205e-01 +9.9999964606779890e-01 +1.0000003455747353e+00 +1.0000000148516026e+00 +9.9999993622155958e-01 +1.8606090343437725e-05 +9.7947573372156702e-06 +1.6399240978373693e-05 +7.1095856562006165e-06 +1.6459455057197645e-05
 72.50000000 +5.0000000000000000e+00 +1.9999958270917535e+00 +1.8661833897400471e-03 +9.9992763507238924e-01 +9.9999958888575902e-01 +1.0000004463759555e+00 +1.0000000005253857e+00 +9.9999995359947369e-01 +2.0994417088243784e-05 +9.2100455591753694e-06 +1.7268795991457126e-05 +7.2166778925768537e-06 +1.7685628789930654e-05
 73.00000000 +5.0000000000000000e+00 +1.9999963507717382e+00 +1.8631573044893851e-03 +9.9993514018498086e-01 +9.9999969112834208e-01 +1.0000003169005913e+00 +9.9999992174919883e-01 +9.9999989818334500e-01 +1.7595528023939127e-05 +9.0607839077953757e-06 +1.4800698321131837e-05 +7.3416634978795467e-06 +1.6233202644171349e-05
 73.50000000 +5.0000000000000000e+00 +1.9999968745043268e+00 +1.8601309152677730e-03 +9.9994264605146288e-01 +9.9999979338119516e-01 +1.0000001874122213e+00 +9.9999984296509881e-01 +9.9999984276164966e-01 +1.4196297540456160e-05 +8.9115072630486077e-06 +1.2332352729835120e-05 +7.4666616580146745e-06 +1.4780630601875896e-05
 74.00000000 +5.0000000000000000e+00 +1.9999973982895274e+00 +1.8571042220294068e-03 +9.9995015267194887e-01 +9.9999989564432035e-01 +1.0000000579108437e+00 +9.9999976417308467e-01 +9.9999978733438710e-01 +1.0796725586348847e-05 +8.7622156226758203e-06 +9.8637591802095238e-06 +7.5916723748740351e-06 +1.3327912641060177e-05
 74.50000000 +5.0000000000000000e+00 +1.9999979221273469e+00 +1.8540772247284741e-03 +9.9995766004655207e-01 +9.9999999791771865e-01 +9.9999992839645613e-01 +9.9999968537315487e-01 +9.9999973190155600e-01 +7.3968121101608144e-06 +8.6129089844173159e-06 +7.3949176348900871e-06 +7.7166956503498062e-06 +1.1875048739735659e-05
 75.00000000 +5.0000000000000000e+00 +1.9999984460177944e+00 +1.8510499233191538e-03 +9.9996516817538639e-01 +1.0000001002013921e+00 +9.9999979886905710e-01 +9.9999960656530806e-01 +9.9999967646315613e-01 +3.9965570604253508e-06 +8.4635873460129429e-06 +4.9258280565043442e-06 +7.8417314863345474e-06 +1.0422038875909392e-05
 75.50000000 +5.0000000000000000e+00 +1.9999989699608778e+00 +1.8480223177556150e-03 +9.9997267705856585e-01 +1.0000002024953420e+00 +9.9999966932864437e-01 +9.9999952774954404e-01 +9.9999962101918627e-01 +5.9596038566540851e-07 +8.3142507052020957e-06 +2.4564904076723190e-06 +7.9667798847211994e-06 +8.9688830275840158e-06
 76.00000000 +5.0000000000000000e+00 +1.9999991297795583e+00 +1.8493115952562817e-03 +9.9996956065867559e-01 +1.0000001086424266e+00 +9.9999974248522516e-01 +9.9999964651845774e-01 +9.9999960415434441e-01 +8.9312226105122965e-07 +8.1273514176490023e-06 +4.1266764598132068e-06 +7.7660471740380352e-06 +1.0424378827313535e-05
 76.50000000 +5.0000000000000000e+00 +1.9999992896002099e+00 +1.8506008886571173e-03 +9.9996644422035175e-01 +1.0000000147883539e+00 +9.9999981564270801e-01 +9.9999976528883627e-01 +9.9999958728929483e-01 +1.1902878012214144e-06 +7.9404498251380961e-06 +5.7968831097233085e-06 +7.5653119877947123e-06 +1.1879892577119061e-05
 77.00000000 +5.0000000000000000e+00 +1.9999994494228330e+00 +1.8518901979584163e-03 +9.9996332774359431e-01 +9.9999992093312373e-01 +9.9999988880109336e-01 +9.9999988406067952e-01 +9.9999957042403720e-01 +1.4874570062437583e-06 +7.7535459276267356e-06 +7.4671103577836641e-06 +7.3645743259454375e-06 +1.3335424277332649e-05
 77.50000000 +5.0000000000000000e+00 +1.9999996092474270e+00 +1.8531795231604726e-03 +9.9996021122840173e-01 +9.9999982707673607e-01 +9.9999996196038110e-01 +1.0000000028339877e+00 +9.9999955355857162e-01 +1.7846298761860578e-06 +7.5666397250722821e-06 +9.1373582043753232e-06 +7.1638341884444109e-06 +1.4790973928286367e-05
 78.00000000 +5.0000000000000000e+00 +1.9999997690739924e+00 +1.8544688642635801e-03 +9.9995709467477389e-01 +9.9999973321919122e-01 +1.0000000351205711e+00 +1.0000001216087608e+00 +9.9999953669289809e-01 +2.0818064111161115e-06 +7.3797312174320926e-06 +1.0807626649879341e-05 +6.9630915752458360e-06 +1.6246541530312292e-05
 78.50000000 +5.0000000000000000e+00 +1.9999999289025283e+00 +1.8557582212680331e-03 +9.9995397808270969e-01 +9.9999963936048830e-01 +1.0000001082816630e+00 +1.0000002403849986e+00 +9.9999951982701618e-01 +2.3789866111017179e-06 +7.1928204046635248e-06 +1.2477915694676786e-05 +6.7623464863039119e-06 +1.7702127083742504e-05
 79.00000000 +5.0000000000000000e+00 +1.9999994946442570e+00 +1.8562376406522864e-03 +9.9995243351885377e-01 +9.9999973075625237e-01 +1.0000001334684434e+00 +1.0000001398069360e+00 +9.9999955518891581e-01 +4.1081419093989542e-06 +6.9300702431558199e-06 +1.3092675698361261e-05 +8.2264191404623878e-06 +1.5650071807075308e-05
 79.50000000 +5.0000000000000000e+00 +1.9999990604217284e+00 +1.8567170205760367e-03 +9.9995088908212881e-01 +9.9999982214449357e-01 +1.0000001586531502e+00 +1.0000000392371515e+00 +9.9999959054790455e-01 +5.8371548827510940e-06 +6.6673417083362134e-06 +1.3707385101799561e-05 +9.6903712883480421e-06 +1.3598185432909158e-05
 80.00000000 +5.0000000000000000e+00 +1.9999986262349398e+00 +1.8571963610441561e-03 +9.9994934477252040e-01 +9.9999991352521345e-01 +1.0000001838357848e+00 +9.9999993867564518e-01 +9.9999962590398361e-01 +7.5660255487293394e-06 +6.4046347975347120e-06 +1.4322043911238707e-05 +1.1154202944838386e-05 +1.1546467940391641e-05
 80.50000000 +5.0000000000000000e+00 +1.9999981920838845e+00 +1.8576756620615150e-03 +9.9994780059001120e-01 +1.0000000048984119e+00 +1.0000002090163460e+00 +9.9999983812241455e-01 +9.9999966125715223e-01 +9.2947539249019915e-06 +6.1419495080817573e-06 +1.4936652132924688e-05 +1.2617914124808467e-05 +9.4949193086737644e-06
 81.00000000 +5.0000000000000000e+00 +1.9999977579685599e+00 +1.8581549236329838e-03 +9.9994625653458669e-01 +1.0000000962640907e+00 +1.0000002341948351e+00 +9.9999973757745964e-01 +9.9999969660741139e-01 +1.1023340028834475e-05 +5.8792858373082352e-06 +1.5551209773102471e-05 +1.4081504843130893e-05 +7.4435395169099672e-06
 81.50000000 +5.0000000000000000e+00 +1.9999973238889612e+00 +1.8586341457634326e-03 +9.9994471260623108e-01 +1.0000001876222508e+00 +1.0000002593712527e+00 +9.9999963704077921e-01 +9.9999973195476177e-01 +1.2751783878089314e-05 +5.6166437825454718e-06 +1.6165716838016004e-05 +1.5544975114675829e-05 +5.3923285442581335e-06
 82.00000000 +5.0000000000000000e+00 +1.9999980890236064e+00 +1.8574270858620508e-03 +9.9994813888597966e-01 +1.0000001786330845e+00 +1.0000001512728172e+00 +9.9999964008107112e-01 +9.9999978395503397e-01 +1.1937746807978332e-05 +6.2279208816547869e-06 +1.4131106117049275e-05 +1.5685883864373936e-05 +4.1245586026493006e-06
 82.50000000 +5.0000000000000000e+00 +1.9999988541474407e+00 +1.8562200430153393e-03 +9.9995156511731820e-01 +1.0000001696440459e+00 +1.0000000431759091e+00 +9.9999964312131995e-01 +9.9999983595457143e-01 +1.1123721239478609e-05 +6.8391893439687741e-06 +1.2096524143301118e-05 +1.5826790623158214e-05 +2.8568065734888959e-06
 83.00000000 +5.0000000000000000e+00 +1.9999996192604652e+00 +1.8550130172229372e-03 +9.9995499130024745e-01 +1.0000001606551341e+00 +9.9999993508052853e-01 +9.9999964616152626e-01 +9.9999988795337447e-01 +1.0309707172346390e-05 +7.4504491696704755e-06 +1.0061970916162275e-05 +1.5967695391070859e-05 +1.5890724563972894e-06
 83.50000000 +5.0000000000000000e+00 +2.0000003843626795e+00 +1.8538060084844815e-03 +9.9995841743476865e-01 +1.0000001516663495e+00 +9.9999982698667511e-01 +9.9999964920168949e-01 +9.9999993995144254e-01 +9.4957046063379174e-06 +8.0617003589429282e-06 +8.0274464350235090e-06 +1.6108598168154056e-05 +3.2135625099486467e-07
 84.00000000 +5.0000000000000000e+00 +2.0000011494540835e+00 +1.8525990167996122e-03 +9.9996184352088235e-01 +1.0000001426776917e+00 +9.9999971889434891e-01 +9.9999965224180942e-01 +9.9999999194877620e-01 +8.6817135412094460e-06 +8.6729429119691674e-06 +5.9929506992756000e-06 +1.6249498954450002e-05 -9.4634204309798529e-07
 84.50000000 +5.0000000000000000e+00 +2.0000019145346775e+00 +1.8513920421679671e-03 +9.9996526955859022e-01 +1.0000001336891606e+00 +9.9999961080354982e-01 +9.9999965528188672e-01 +1.0000000439453749e+00 +7.8677339767172384e-06 +9.2841768289322184e-06 +3.9584837083093484e-06 +1.6390397750000888e-05 -2.2140224262608537e-06
 85.00000000 +5.0000000000000000e+00 +2.0000015207905246e+00 +1.8541763916857098e-03 +9.9995797292692690e-01 +1.0000000398887519e+00 +9.9999962290709121e-01 +9.9999968778057302e-01 +9.9999991367653651e-01 +8.4735260223923025e-06 +9.3994264258664662e-06 +5.0153509196197094e-06 +1.8252465284253421e-05 +1.6220926141031023e-06
 85.50000000 +5.0000000000000000e+00 +2.0000011270605045e+00 +1.8569606412626404e-03 +9.9995067655716752e-01 +9.9999994609171017e-01 +9.9999963501019828e-01 +9.9999972027809270e-01 +9.9999978341237383e-01 +9.0792963239045761e-06 +9.5146718860577232e-06 +6.0721801959772189e-06 +2.0114465981874670e-05 +5.4580699618206852e-06
 86.00000000 +5.0000000000000000e+00 +2.0000007333446157e+00 +1.8597447909041382e-03 +9.9994338044929698e-01 +9.9999985229803445e-01 +9.9999964711287059e-01 +9.9999975277444575e-01 +9.9999965315288630e-01 +9.6850448824247552e-06 +9.6299132097287133e-06 +7.1289715394242805e-06 +2.1976399846463090e-05 +9.2939096243052226e-06
 86.50000000 +5.0000000000000000e+00 +2.0000003396428601e+00 +1.8625288406155863e-03 +9.9993608460330285e-01 +9.9999975850772604e-01 +9.9999965921510880e-01 +9.9999978526963273e-01 +9.9999952289807459e-01 +1.0290771699123462e-05 +9.7451503971021452e-06 +8.1857249520031596e-06 +2.3838266881616908e-05 +1.3129611608969520e-05
 87.00000000 +5.0000000000000000e+00 +1.9999999459552342e+00 +1.8653127904023623e-03 +9.9992878901916959e-01 +9.9999966472078350e-01 +9.9999967131691270e-01 +9.9999981776365332e-01 +9.9999939264793802e-01 +1.0896476775171223e-05 +9.8603834484007005e-06 +9.2424404357559651e-06 +2.5700067090934053e-05 +1.6965175923225841e-05
 87.50000000 +5.0000000000000000e+00 +1.9999995522817382e+00 +1.8680966402698470e-03 +9.9992149369688355e-01 +9.9999957093720715e-01 +9.9999968341828216e-01 +9.9999985025650773e-01 +9.9999926240247616e-01 +1.1502160111738483e-05 +9.9756123638470574e-06 +1.0299117992724663e-05 +2.7561800478012220e-05 +2.0800602574485904e-05
 88.00000000 +5.0000000000000000e+00 +1.9999997284716804e+00 +1.8640460113702590e-03 +9.9993205473539581e-01 +9.9999967692429559e-01 +9.9999983527301917e-01 +9.9999989784139576e-01 +9.9999932071125619e-01 +9.2722380472452190e-06 +1.0082586777059878e-05 +8.5861421027261371e-06 +2.1386766378181976e-05 +1.9886794337713572e-05
 88.50000000 +5.0000000000000000e+00 +1.9999999046724870e+00 +1.8599951326909669e-03 +9.9994261642514826e-01 +9.9999978291791936e-01 +9.9999998713712002e-01 +9.9999994542921811e-01 +9.9999937902363145e-01 +7.0421784758887587e-06 +1.0189567786788440e-05 +6.8730605830533192e-06 +1.5211351498421033e-05 +1.8972929751481226e-05
 89.00000000 +5.0000000000000000e+00 +2.0000000808841589e+00 +1.8559440042088655e-03 +9.9995317876620160e-01 +9.9999988891807945e-01 +1.0000001390105857e+00 +9.9999999301997478e-01 +9.9999943733960261e-01 +4.8119813849497874e-06 +1.0296555393642918e-05 +5.1598734239355218e-06 +9.0355558035074314e-06 +1.8059008810576571e-05
 89.50000000 +5.0000000000000000e+00 +2.0000002571066982e+00 +1.8518926259008482e-03 +9.9996374175861569e-01 +9.9999999492477654e-01 +1.0000002908934174e+00 +1.0000000406136667e+00 +9.9999949565917035e-01 +2.5816467617074242e-06 +1.0403549598233565e-05 +3.4465806156008482e-06 +2.8593792582148881e-06 +1.7145031509786672e-05
 90.00000000 +5.0000000000000000e+00 +2.0000004333401047e+00 +1.8478409977438044e-03 +9.9997430540245080e-01 +1.0000001009380111e+00 +1.0000004427856157e+00 +1.0000000882102933e+00 +9.9999955398233453e-01 +3.5117459343921393e-07 +1.0510550401170705e-05 +1.7331821482761967e-06 -3.3171781726872442e-06 +1.6230997843897946e-05
 90.50000000 +5.0000000000000000e+00 +2.0000006095843803e+00 +1.8437891197146219e-03 +9.9998486969776768e-01 +1.0000002069577838e+00 +1.0000005946871815e+00 +1.0000001358098556e+00 +9.9999961230909573e-01 -1.8794351325788633e-06 +1.0617557803064735e-05 +1.9678012187261554e-08 -9.4941165244339423e-06 +1.5316907807696166e-05
 91.00000000 +5.0000000000000000e+00 +1.9999991032893316e+00 +1.8460247915331124e-03 +9.9997861931418419e-01 +1.0000001142314827e+00 +1.0000005328251349e+00 +1.0000000083067169e+00 +9.9999978118839283e-01 -1.5467301112500855e-07 +1.0060884857471458e-05 +2.5499930937327224e-06 -4.8078357788027746e-06 +1.3295825748158794e-05
 91.50000000 +5.0000000000000000e+00 +1.9999975970872355e+00 +1.8482603253898915e-03 +9.9997236931630740e-01 +1.0000000215109042e+00 +1.0000004709669061e+00 +9.9999988081144653e-01 +9.9999995005726872e-01 +1.5699826764893708e-06 +9.5042462637683336e-06 +5.0801520313404999e-06 -1.2184422021161275e-07 +1.1274868408152780e-05
 92.00000000 +5.0000000000000000e+00 +1.9999960909780834e+00 +1.8504957212977279e-03 +9.9996611970410165e-01 +9.9999992879604693e-01 +1.0000004091124941e+00 +9.9999975332404334e-01 +1.0000001189157242e+00 +3.2945319401159061e-06 +8.9476420187757088e-06 +7.6101548394634454e-06 +4.5638581781070084e-06 +9.2540357761339490e-06
 92.50000000 +5.0000000000000000e+00 +1.9999945849618657e+00 +1.8527309792693897e-03 +9.9995987047753121e-01 +9.9999983608691079e-01 +1.0000003472618992e+00 +9.9999962584450675e-01 +1.0000002877637597e+00 +5.0189747896050099e-06 +8.3910721193143299e-06 +1.0140001532552622e-05 +9.2492714429172436e-06 +7.2333278405595517e-06
 93.00000000 +5.0000000000000000e+00 +1.9999930790385752e+00 +1.8549660993176452e-03 +9.9995362163656054e-01 +9.9999974338349507e-01 +1.0000002854151204e+00 +9.9999949837283619e-01 +1.0000004566013772e+00 +6.7433112348058834e-06 +7.8345365622053381e-06 +1.2669692125057320e-05 +1.3934395600979959e-05 +5.2127445898882656e-06
 93.50000000 +5.0000000000000000e+00 +1.9999915732082028e+00 +1.8572010814552583e-03 +9.9994737318115368e-01 +9.9999965068579921e-01 +1.0000002235721579e+00 +9.9999937090903102e-01 +1.0000006254285769e+00 +8.4675412855665113e-06 +7.2780353442702602e-06 +1.5199226631425035e-05 +1.8619230679052699e-05 +3.1922860125801909e-06
 94.00000000 +5.0000000000000000e+00 +1.9999918825120819e+00 +1.8576610593520292e-03 +9.9994632698720209e-01 +9.9999960003431843e-01 +1.0000002123752465e+00 +9.9999928701050145e-01 +1.0000005197032820e+00 +8.7630827795257969e-06 +6.8767619788537701e-06 +1.6816332440848483e-05 +1.8568204432423524e-05 +3.0295732405203341e-06
 94.50000000 +5.0000000000000000e+00 +1.9999921917827184e+00 +1.8581209878107427e-03 +9.9994528090569479e-01 +9.9999954938828173e-01 +1.0000002011795390e+00 +9.9999920312098967e-01 +1.0000004139893504e+00 +9.0585925089206455e-06 +6.4755317419790785e-06 +1.8433264445027184e-05 +1.8517183670054710e-05 +2.8668779566996574e-06
 95.00000000 +5.0000000000000000e+00 +1.9999925010201158e+00 +1.8585808668393679e-03 +9.9994423493661355e-01 +9.9999949874768812e-01 +1.0000001899850344e+00 +9.9999911924049356e-01 +1.0000003082867801e+00 +9.3540704788718203e-06 +6.0743446266934222e-06 +2.0050022671980293e-05 +1.8466168391062134e-05 +2.7042001582988767e-06
 95.50000000 +5.0000000000000000e+00 +1.9999928102242803e+00 +1.8590406964458729e-03 +9.9994318907994006e-01 +9.9999944811253683e-01 +1.0000001787917330e+00 +9.9999903536901202e-01 +1.0000002025955694e+00 +9.6495166944989934e-06 +5.6732006260455396e-06 +2.1666607149720964e-05 +1.8415158594561870e-05 +2.5415398424993183e-06
 96.00000000 +5.0000000000000000e+00 +1.9999931193952172e+00 +1.8595004766382248e-03 +9.9994214333565634e-01 +9.9999939748282685e-01 +1.0000001675996342e+00 +9.9999895150654339e-01 +1.0000000969157168e+00 +9.9449311609207339e-06 +5.2720997330856618e-06 +2.3283017906256319e-05 +1.8364154279670181e-05 +2.3788970064829118e-06
 96.50000000 +5.0000000000000000e+00 +1.9999934285329319e+00 +1.8599602074243879e-03 +9.9994109770374418e-01 +9.9999934685855729e-01 +1.0000001564087384e+00 +9.9999886765308621e-01 +9.9999999124721983e-01 +1.0240313883254507e-05 +4.8710419408655107e-06 +2.4899254969587466e-05 +1.8313155445503511e-05 +2.2162716474321931e-06
 97.00000000 +5.0000000000000000e+00 +1.9999937611196943e+00 +1.8594113587901114e-03 +9.9994253184985549e-01 +9.9999929225204998e-01 +1.0000001737284447e+00 +9.9999913751134029e-01 +1.0000000879528110e+00 +1.1341222146993372e-05 +5.0289440130190461e-06 +2.1327794965649391e-05 +1.6031785220839027e-05 +5.0468894840031555e-06
 97.50000000 +5.0000000000000000e+00 +1.9999940936932752e+00 +1.8588625319094318e-03 +9.9994396593912471e-01 +9.9999923764770771e-01 +1.0000001910474652e+00 +9.9999940735889892e-01 +1.0000001846545696e+00 +1.2442086776271926e-05 +5.1868398267295074e-06 +1.7756476516402973e-05 +1.3750505418203170e-05 +7.8773951291357156e-06
 98.00000000 +5.0000000000000000e+00 +1.9999944262536749e+00 +1.8583137267810549e-03 +9.9994539997155507e-01 +9.9999918304552915e-01 +1.0000002083657988e+00 +9.9999967719576222e-01 +1.0000002813524955e+00 +1.3542907773684285e-05 +5.3447293823689632e-06 +1.4185299613432594e-05 +1.1469316032220226e-05 +1.0707788589499798e-05
 98.50000000 +5.0000000000000000e+00 +1.9999947588008931e+00 +1.8577649434036872e-03 +9.9994683394714934e-01 +9.9999912844551442e-01 +1.0000002256834457e+00 +9.9999994702193074e-01 +1.0000003780465883e+00 +1.4643685141824368e-05 +5.5026126803094566e-06 +1.0614264248323325e-05 +9.1882170575149189e-06 +1.3538069871764793e-05
 99.00000000 +5.0000000000000000e+00 +1.9999950913349329e+00 +1.8572161817760377e-03 +9.9994826786591207e-01 +9.9999907384766429e-01 +1.0000002430004071e+00 +1.0000002168374058e+00 +1.0000004747368496e+00 +1.5744418883285900e-05 +5.6604897209230053e-06 +7.0433704126608873e-06 +6.9072084887124004e-06 +1.6368238982599575e-05
 99.50000000 +5.0000000000000000e+00 +1.9999954238557929e+00 +1.8566674418968112e-03 +9.9994970172784547e-01 +9.9999901925197754e-01 +1.0000002603166818e+00 +1.0000004866421874e+00 +1.0000005714232787e+00 +1.6845109000662373e-05 +5.8183605045815880e-06 +3.4726180980316809e-06 +4.6262903204382418e-06 +1.9198295928672475e-05
100.00000000 +5.0000000000000000e+00 +1.9999946857518831e+00 +1.8590959756459066e-03 +9.9994341942222786e-01 +9.9999928720205378e-01 +1.0000001185561331e+00 +1.0000005556734926e+00 +1.0000000796912893e+00 +1.7464928466206591e-05 +9.5072536577590655e-06 +8.7693614758268189e-06 +4.8499937999270244e-06 +1.5947952526476790e-05
100.50000000 +5.0000000000000000e+00 +1.9999939476582484e+00 +1.8615244755867877e-03 +9.9993713720406752e-01 +9.9999955514839955e-01 +9.9999997679755814e-01 +1.0000006247038369e+00 +9.9999958796614574e-01 +1.8084739303091956e-05 +1.3196095456949889e-05 +1.4066031116357846e-05 +5.0736941651847838e-06 +1.2697654373109077e-05
101.00000000 +5.0000000000000000e+00 +1.9999932095748894e+00 +1.8639529417201607e-03 +9.9993085507336310e-01 +9.9999982309101543e-01 +9.9999983504095669e-01 +1.0000006937332202e+00 +9.9999909624784755e-01 +1.8704541511498656e-05 +1.6884885903226425e-05 +1.9362627021164528e-05 +5.2973914162765508e-06 +9.4474014676244605e-06
101.50000000 +5.0000000000000000e+00 +1.9999924715018049e+00 +1.8663813740467316e-03 +9.9992457303011228e-01 +1.0000000910299010e+00 +9.9999969328632854e-01 +1.0000007627616425e+00 +9.9999860453639433e-01 +1.9324335091606853e-05 +2.0573624997660997e-05 +2.4659149191786569e-05 +5.5210855532673532e-06 +6.1971938090780918e-06
102.00000000 +5.0000000000000000e+00 +1.9999917334389954e+00 +1.8688097725672061e-03 +9.9991829107431374e-01 +1.0000003589650570e+00 +9.9999955153367392e-01 +1.0000008317891040e+00 +9.9999811283178663e-01 +1.9944120043596737e-05 +2.4262312741325918e-05 +2.9955597629763667e-05 +5.7447765762222201e-06 +2.9470313965251501e-06
102.50000000 +5.0000000000000000e+00 +1.9999909953864601e+00 +1.8712381372822902e-03 +9.9991200920596512e-01 +1.0000006268964827e+00 +9.9999940978299240e-01 +1.0000009008156043e+00 +9.9999762113402357e-01 +2.0563896367648458e-05 +2.7950949135293436e-05 +3.5251972336635427e-05 +5.9684644852061724e-06 -3.0308577097915643e-07
103.00000000 +5.0000000000000000e+00 +1.9999917548322328e+00 +1.8694886437201190e-03 +9.9991671309622465e-01 +1.0000006348275989e+00 +9.9999944516113337e-01 +1.0000008586251055e+00 +9.9999776456183209e-01 +1.9440829211934865e-05 +2.6621016148927269e-05 +3.3117980057956470e-05 +5.5411507061967354e-06 -1.3722636514728025e-07
103.50000000 +5.0000000000000000e+00 +1.9999925143292450e+00 +1.8677390321196372e-03 +9.9992141730385542e-01 +1.0000006427592503e+00 +9.9999948054166188e-01 +1.0000008164317598e+00 +9.9999790799931809e-01 +1.8317686282893267e-05 +2.5290993431997892e-05 +3.0983843798843160e-05 +5.1138080963315717e-06 +2.8644231216789420e-08
104.00000000 +5.0000000000000000e+00 +1.9999932738775017e+00 +1.8659893024688986e-03 +9.9992612182888962e-01 +1.0000006506914363e+00 +9.9999951592457692e-01 +1.0000007742355670e+00 +9.9999805144648157e-01 +1.7194467572854758e-05 +2.3960880975423814e-05 +2.8849563544723434e-05 +4.6864366526927511e-06 +1.9452601924562854e-07
104.50000000 +5.0000000000000000e+00 +1.9999940334770099e+00 +1.8642394547559553e-03 +9.9993082667135980e-01 +1.0000006586241581e+00 +9.9999955130987983e-01 +1.0000007320365274e+00 +9.9999819490332453e-01 +1.6071173074149419e-05 +2.2630678770122328e-05 +2.6715139281023337e-05 +4.2590363723619622e-06 +3.6041900007196553e-07
105.00000000 +5.0000000000000000e+00 +1.9999947931277728e+00 +1.8624894889688573e-03 +9.9993553183129746e-01 +1.0000006665574150e+00 +9.9999958669757039e-01 +1.0000006898346403e+00 +9.9999833836984753e-01 +1.4947802779106270e-05 +2.1300386807009494e-05 +2.4580570993166881e-05 +3.8316072524204887e-06 +5.2632317482868244e-07
105.50000000 +5.0000000000000000e+00 +1.9999955528297957e+00 +1.8607394050956531e-03 +9.9994023730873538e-01 +1.0000006744912071e+00 +9.9999962208764870e-01 +1.0000006476299055e+00 +9.9999848184605111e-01 +1.3824356680053311e-05 +1.9970005077000147e-05 +2.2445858666576145e-05 +3.4041492899492242e-06 +6.9223854464881291e-07
106.00000000 +5.0000000000000000e+00 +1.9999963125830849e+00 +1.8589892031243898e-03 +9.9994494310370508e-01 +1.0000006824255347e+00 +9.9999965748011532e-01 +1.0000006054223223e+00 +9.9999862533193706e-01 +1.2700834769317510e-05 +1.8639533571007902e-05 +2.0311002286671228e-05 +2.9766624820286698e-06 +8.5816511066554508e-07
106.50000000 +5.0000000000000000e+00 +1.9999970723876452e+00 +1.8572388830431137e-03 +9.9994964921623919e-01 +1.0000006903603977e+00 +9.9999969287497026e-01 +1.0000005632118913e+00 +9.9999876882750571e-01 +1.1577237039224791e-05 +1.7308972279945141e-05 +1.8176001838870270e-05 +2.5491468257389319e-06 +1.0241028740122181e-06
107.00000000 +5.0000000000000000e+00 +1.9999978322434813e+00 +1.8554884448398678e-03 +9.9995435564636947e-01 +1.0000006982957963e+00 +9.9999972827221395e-01 +1.0000005209986114e+00 +9.9999891233275839e-01 +1.0453563482100040e-05 +1.5978321194723018e-05 +1.6040857308589434e-05 +2.1216023181597202e-06 +1.1900518358223268e-06
107.50000000 +5.0000000000000000e+00 +1.9999985921505989e+00 +1.8537378885026946e-03 +9.9995906239412846e-01 +1.0000007062317307e+00 +9.9999976367184662e-01 +1.0000004787824825e+00 +9.9999905584769611e-01 +9.3298140902671187e-06 +1.4647580306251466e-05 +1.3905568681242919e-05 +1.6940289563703531e-06 +1.3560119972295165e-06
108.00000000 +5.0000000000000000e+00 +1.9999993521090031e+00 +1.8519872140196345e-03 +9.9996376945954790e-01 +1.0000007141682001e+00 +9.9999979907386827e-01 +1.0000004365635047e+00 +9.9999919937231951e-01 +8.2059888560488451e-06 +1.3316749605439189e-05 +1.1770135942242961e-05 +1.2664267374497550e-06 +1.5219833593675859e-06
108.50000000 +5.0000000000000000e+00 +2.0000001121186983e+00 +1.8502364213787267e-03 +9.9996847684266021e-01 +1.0000007221052052e+00 +9.9999983447827911e-01 +1.0000003943416771e+00 +9.9999934290662984e-01 +7.0820877717669944e-06 +1.1985829083193659e-05 +9.6345590769998117e-06 +8.3879565847645269e-07 +1.6879659233704883e-06
109.00000000 +5.0000000000000000e+00 +1.9999999306426930e+00 +1.8496237666720337e-03 +9.9997021952269305e-01 +1.0000005914151122e+00 +9.9999997498305970e-01 +1.0000001922366177e+00 +9.9999942786550711e-01 +7.5463187167417457e-06 +1.1769351692791804e-05 +7.3096877480834028e-06 +1.1086108197873225e-06 +1.8599218140704625e-06
109.50000000 +5.0000000000000000e+00 +1.9999997491653494e+00 +1.8490111074479037e-03 +9.9997196221557560e-01 +1.0000004607240560e+00 +1.0000001154888762e+00 +9.9999999013006857e-01 +9.9999951282501087e-01 +8.0105530847443121e-06 +1.1552872706184146e-05 +4.9847992766233693e-06 +1.3784279705924564e-06 +2.0318789726949545e-06
110.00000000 +5.0000000000000000e+00 +1.9999995676866682e+00 +1.8483984437062864e-03 +9.9997370492130810e-01 +1.0000003300320359e+00 +1.0000002559957284e+00 +9.9999978802202905e-01 +9.9999959778514103e-01 +8.4747908758125534e-06 +1.1336392123353025e-05 +2.6598936624301041e-06 +1.6482471109138589e-06 +2.2038373992579878e-06
110.50000000 +5.0000000000000000e+00 +1.9999993862066483e+00 +1.8477857754471321e-03 +9.9997544763989055e-01 +1.0000001993390517e+00 +1.0000003965036171e+00 +9.9999958591249916e-01 +9.9999968274589746e-01 +8.9390320899843329e-06 +1.1119909944280794e-05 +3.3497090531400543e-07 +1.9180682407735349e-06 +2.3757970937735860e-06
111.00000000 +5.0000000000000000e+00 +1.9999992047252906e+00 +1.8471731026703910e-03 +9.9997719037132315e-01 +1.0000000686451043e+00 +1.0000005370125418e+00 +9.9999938380147912e-01 +9.9999976770728050e-01 +9.4032767272975078e-06 +1.0903426168949794e-05 -1.9899689949145406e-06 +2.1878913601934901e-06 +2.5477580562557742e-06
111.50000000 +5.0000000000000000e+00 +1.9999990232425944e+00 +1.8465604253760123e-03 +9.9997893311560615e-01 +9.9999993795019315e-01 +1.0000006775225021e+00 +9.9999918168896840e-01 +9.9999985266928992e-01 +9.8675247877899406e-06 +1.0686940797342370e-05 -4.3149260384451359e-06 +2.4577164691957291e-06 +2.7197202867185750e-06
112.00000000 +5.0000000000000000e+00 +1.9999988417585595e+00 +1.8459477435639467e-03 +9.9998067587273931e-01 +9.9999980725431792e-01 +1.0000008180334987e+00 +9.9999897957496753e-01 +9.9999993763192574e-01 +1.0331776271499495e-05 +1.0470453829440863e-05 -6.6399002254673996e-06 +2.7275435678022578e-06 +2.8916837851760140e-06
112.50000000 +5.0000000000000000e+00 +1.9999986602731872e+00 +1.8453350572341448e-03 +9.9998241864272319e-01 +9.9999967655747934e-01 +1.0000009585455314e+00 +9.9999877745947652e-01 +1.0000000225951884e+00 +1.0796031178464034e-05 +1.0253965265227623e-05 -8.9648915561709488e-06 +2.9973726560350831e-06 +3.0636485516421169e-06
113.00000000 +5.0000000000000000e+00 +1.9999984787864764e+00 +1.8447223663865559e-03 +9.9998416142555790e-01 +9.9999954585967710e-01 +1.0000010990586006e+00 +9.9999857534249503e-01 +1.0000001075590774e+00 +1.1260289508721420e-05 +1.0037475104684993e-05 -1.1289900030745406e-05 +3.2672037339162115e-06 +3.2356145861309070e-06
113.50000000 +5.0000000000000000e+00 +1.9999982972984272e+00 +1.8441096710211295e-03 +9.9998590422124323e-01 +9.9999941516091062e-01 +1.0000012395727051e+00 +9.9999837322402307e-01 +1.0000001925235926e+00 +1.1724551262309514e-05 +9.8209833477953092e-06 -1.3614925649380383e-05 +3.5370368014676483e-06 +3.4075818886564096e-06
114.00000000 +5.0000000000000000e+00 +1.9999981158090399e+00 +1.8434969711378169e-03 +9.9998764702977971e-01 +9.9999928446118080e-01 +1.0000013800878462e+00 +9.9999817110406086e-01 +1.0000002774887347e+00 +1.2188816439266187e-05 +9.6044899945409237e-06 -1.5939968412265510e-05 +3.8068718587114023e-06 +3.5795504592326515e-06
114.50000000 +5.0000000000000000e+00 +1.9999979343183145e+00 +1.8428842667365672e-03 +9.9998938985116748e-01 +9.9999915376048731e-01 +1.0000015206040236e+00 +9.9999796898260840e-01 +1.0000003624545033e+00 +1.2653085039629299e-05 +9.3879950449041780e-06 -1.8265028319590426e-05 +4.0767089056694803e-06 +3.7515202978736571e-06
115.00000000 +5.0000000000000000e+00 +1.9999975224882010e+00 +1.8455366166557469e-03 +9.9998241305153379e-01 +9.9999897766313972e-01 +1.0000014455655031e+00 +9.9999810505950382e-01 +1.0000003102847774e+00 +1.3141082160385275e-05 +1.0400139412078489e-05 -1.4526205474084756e-05 +4.6957106009101650e-06 +5.0375852911049177e-06
115.50000000 +5.0000000000000000e+00 +1.9999971107044356e+00 +1.8481886680766339e-03 +9.9997543703707670e-01 +9.9999880158561050e-01 +1.0000013705354283e+00 +9.9999824112108515e-01 +1.0000002581209229e+00 +1.3629024361423919e-05 +1.1412169871444370e-05 -1.0787803399696599e-05 +5.3146426330387406e-06 +6.3235055492078409e-06
116.00000000 +5.0000000000000000e+00 +1.9999966989670104e+00 +1.8508404210496139e-03 +9.9996846180766363e-01 +9.9999862552789631e-01 +1.0000012955137962e+00 +9.9999837716735507e-01 +1.0000002059629385e+00 +1.4116911652015792e-05 +1.2424086442229697e-05 -7.0498220253988886e-06 +5.9335050138144886e-06 +7.6092810966140186e-06
116.50000000 +5.0000000000000000e+00 +1.9999962872759167e+00 +1.8534918756250628e-03 +9.9996148736316182e-01 +9.9999844948999317e-01 +1.0000012205006066e+00 +9.9999851319831556e-01 +1.0000001538108234e+00 +1.4604744041429370e-05 +1.3435889143658016e-05 -3.3122612801805660e-06 +6.5522977549940389e-06 +8.8949119577495456e-06
117.00000000 +5.0000000000000000e+00 +1.9999958756311476e+00 +1.8561430318533459e-03 +9.9995451370343913e-01 +9.9999827347189840e-01 +1.0000011454958573e+00 +9.9999864921396975e-01 +1.0000001016645765e+00 +1.5092521538931048e-05 +1.4447577994948558e-05 +4.2487890695345780e-07 +7.1710208683313817e-06 +1.0180398157035024e-05
117.50000000 +5.0000000000000000e+00 +1.9999954640326953e+00 +1.8587938897848164e-03 +9.9994754082836290e-01 +9.9999809747360835e-01 +1.0000010704995477e+00 +9.9999878521431995e-01 +1.0000000495241972e+00 +1.5580244153785134e-05 +1.5459153015316217e-05 +4.1615986069822807e-06 +7.7896743655778596e-06 +1.1465739718885554e-05
118.00000000 +5.0000000000000000e+00 +1.9999950524805512e+00 +1.8614444494698150e-03 +9.9994056873780057e-01 +9.9999792149511968e-01 +1.0000009955116755e+00 +9.9999892119936862e-01 +9.9999999738968381e-01 +1.6067911895253838e-05 +1.6470614223971570e-05 +7.8978978908690465e-06 +8.4082582584821706e-06 +1.2750936667710745e-05
118.50000000 +5.0000000000000000e+00 +1.9999946409747080e+00 +1.8640947109586723e-03 +9.9993359743162002e-01 +9.9999774553642928e-01 +1.0000009205322395e+00 +9.9999905716911885e-01 +9.9999994526103586e-01 +1.6555524772597311e-05 +1.7481961640120870e-05 +1.1633776829560919e-05 +9.0267725587903659e-06 +1.4035989027914713e-05
119.00000000 +5.0000000000000000e+00 +1.9999942295151585e+00 +1.8667446743017091e-03 +9.9992662690968892e-01 +9.9999756959753350e-01 +1.0000008455612388e+00 +9.9999919312357266e-01 +9.9999989313825233e-01 +1.7043082795073605e-05 +1.8493195282966051e-05 +1.5369235493989114e-05 +9.6452172782458646e-06 +1.5320896823896090e-05
119.50000000 +5.0000000000000000e+00 +1.9999938181018935e+00 +1.8693943395492311e-03 +9.9991965717187470e-01 +9.9999739367842932e-01 +1.0000007705986715e+00 +9.9999932906273314e-01 +9.9999984102133177e-01 +1.7530585971938686e-05 +1.9504315171704725e-05 +1.9104273955068875e-05 +1.0263592428589431e-05 +1.6605660080048012e-05
120.00000000 +5.0000000000000000e+00 +1.9999934067349066e+00 +1.8720437067515363e-03 +9.9991268821804535e-01 +9.9999721777911332e-01 +1.0000006956445362e+00 +9.9999946498660264e-01 +9.9999978891027397e-01 +1.8018034312446448e-05 +2.0515321325530178e-05 +2.2838892283699493e-05 +1.0881898021559199e-05 +1.7890278820758124e-05
120.50000000 +5.0000000000000000e+00 +1.9999929954141893e+00 +1.8746927759589096e-03 +9.9990572004806844e-01 +9.9999704189958205e-01 +1.0000006206988319e+00 +9.9999960089518369e-01 +9.9999973680507726e-01 +1.8505427825848699e-05 +2.1526213763631396e-05 +2.6573090550764323e-05 +1.1500134068890650e-05 +1.9174753070408593e-05
121.00000000 +5.0000000000000000e+00 +1.9999943784545364e+00 +1.8707667790653197e-03 +9.9991561647407889e-01 +9.9999718195401510e-01 +1.0000007349040494e+00 +9.9999979342174439e-01 +9.9999967866976203e-01 +1.4636568088438072e-05 +2.0631735691304534e-05 +2.3574038371949632e-05 +1.1239039070928473e-05 +1.6913162680255574e-05
121.50000000 +5.0000000000000000e+00 +1.9999957615523334e+00 +1.8668406190898148e-03 +9.9992551331117674e-01 +9.9999732201426594e-01 +1.0000008491140113e+00 +9.9999998595630246e-01 +9.9999962053203217e-01 +1.0767547642531604e-05 +1.9737220463268935e-05 +2.0574861615559814e-05 +1.0977933227345815e-05 +1.4651478345939560e-05
122.00000000 +5.0000000000000000e+00 +1.9999971447075837e+00 +1.8629142960222332e-03 +9.9993541055938773e-01 +9.9999746208033480e-01 +1.0000009633287170e+00 +1.0000001784988581e+00 +9.9999956239188725e-01 +6.8983664781155874e-06 +1.8842668077209426e-05 +1.7575560273832459e-05 +1.0716816537466894e-05 +1.2389700061606896e-05
122.50000000 +5.0000000000000000e+00 +1.9999985279202923e+00 +1.8589878098524124e-03 +9.9994530821873739e-01 +9.9999760215222211e-01 +1.0000010775481674e+00 +1.0000003710494125e+00 +9.9999950424932693e-01 +3.0290245851754835e-06 +1.7948078530810657e-05 +1.4576134339004534e-05 +1.0455689000615863e-05 +1.0127827821403469e-05
123.00000000 +5.0000000000000000e+00 +1.9999999111904607e+00 +1.8550611605701890e-03 +9.9995520628925150e-01 +9.9999774222992799e-01 +1.0000011917723626e+00 +1.0000005636079654e+00 +9.9999944610435121e-01 -8.4047804630409237e-07 +1.7053451821757079e-05 +1.1576583803312341e-05 +1.0194550616116818e-05 +7.8658616194746562e-06
123.50000000 +5.0000000000000000e+00 +2.0000012945180941e+00 +1.8511343481653992e-03 +9.9996510477095535e-01 +9.9999788231345355e-01 +1.0000013060013033e+00 +1.0000007561745179e+00 +9.9999938795696031e-01 -4.7101414263393283e-06 +1.6158787947732953e-05 +8.5769086589915561e-06 +9.9334013832938079e-06 +5.6038014499653729e-06
124.00000000 +5.0000000000000000e+00 +2.0000026779031952e+00 +1.8472073726278776e-03 +9.9997500366387515e-01 +9.9999802240279811e-01 +1.0000014202349892e+00 +1.0000009487490702e+00 +9.9999932980715356e-01 -8.5799655649472759e-06 +1.5264086906422341e-05 +5.5771088982771884e-06 +9.6722413014708191e-06 +3.3416473070200235e-06
124.50000000 +5.0000000000000000e+00 +2.0000040613457681e+00 +1.8432802339474587e-03 +9.9998490296803577e-01 +9.9999816249796281e-01 +1.0000015344734206e+00 +1.0000011413316230e+00 +9.9999927165493119e-01 -1.2449950472145791e-05 +1.4369348695509122e-05 +2.5771845134036198e-06 +9.4110703699717805e-06 +1.0793991847825449e-06
125.00000000 +5.0000000000000000e+00 +2.0000054448458160e+00 +1.8393529321139755e-03 +9.9999480268346330e-01 +9.9999830259894784e-01 +1.0000016487165981e+00 +1.0000013339221765e+00 +9.9999921350029275e-01 -1.6320096157953592e-05 +1.3474573312676975e-05 -4.2286450339542430e-07 +9.1498885881205683e-06 -1.1829429226036279e-06
125.50000000 +5.0000000000000000e+00 +2.0000068284033423e+00 +1.8354254671172610e-03 +1.0000047028101833e+00 +9.9999844270575344e-01 +1.0000017629645221e+00 +1.0000015265207312e+00 +9.9999915534323836e-01 -2.0190402632390202e-05 +1.2579760755609390e-05 -3.4230381598868572e-06 +8.8886959552410012e-06 -3.4453790209955358e-06
126.00000000 +5.0000000000000000e+00 +2.0000082120183511e+00 +1.8314978389471469e-03 +1.0000146033482213e+00 +9.9999858281838006e-01 +1.0000018772171928e+00 +1.0000017191272879e+00 +9.9999909718376778e-01 -2.4060869905475985e-05 +1.1684911021989667e-05 -6.4233364638382380e-06 +8.6274924706568418e-06 -5.7079091162507061e-06
126.50000000 +5.0000000000000000e+00 +2.0000095956908459e+00 +1.8275700475934630e-03 +1.0000245042976030e+00 +9.9999872293682790e-01 +1.0000019914746103e+00 +1.0000019117418468e+00 +9.9999903902188059e-01 -2.7931497987232157e-05 +1.0790024109500907e-05 -9.4237594230177786e-06 +8.3662781336917956e-06 -7.9705332142271647e-06
127.00000000 +5.0000000000000000e+00 +2.0000094657116660e+00 +1.8307492951510846e-03 +1.0000166572389191e+00 +9.9999876236295038e-01 +1.0000018960914021e+00 +1.0000018007656490e+00 +9.9999917394097781e-01 -2.4384066908789231e-05 +1.1989298619253777e-05 -8.5129520204949227e-06 +8.6735937604979508e-06 -6.0562918328791244e-06
127.50000000 +5.0000000000000000e+00 +2.0000093357375572e+00 +1.8339284186490975e-03 +1.0000088104864406e+00 +9.9999880178753375e-01 +1.0000018007119154e+00 +1.0000016897937811e+00 +9.9999930885481025e-01 -2.0836774257096437e-05 +1.3188526331290427e-05 -7.6021801592147131e-06 +8.9808973953294762e-06 -4.1421251484617726e-06
128.00000000 +5.0000000000000000e+00 +2.0000092057685213e+00 +1.8371074180947656e-03 +1.0000009640401499e+00 +9.9999884121057936e-01 +1.0000017053361512e+00 +1.0000015788262440e+00 +9.9999944376337857e-01 -1.7289620024051466e-05 +1.4387707248350005e-05 -6.6914438370968740e-06 +9.2881890388882857e-06 -2.2280331566029956e-06
128.50000000 +5.0000000000000000e+00 +2.0000090758045554e+00 +1.8402862934953474e-03 +9.9999311790002843e-01 +9.9999888063208642e-01 +1.0000016099641078e+00 +1.0000014678630365e+00 +9.9999957866668221e-01 -1.3742604201552637e-05 +1.5586841373171414e-05 -5.7807430520612823e-06 +9.5954686918762241e-06 -3.1401585293101631e-07
129.00000000 +5.0000000000000000e+00 +2.0000089458456616e+00 +1.8434650448581047e-03 +9.9998527206605903e-01 +9.9999892005205537e-01 +1.0000015145957861e+00 +1.0000013569041586e+00 +9.9999971356472228e-01 -1.0195726781498907e-05 +1.6785928708493381e-05 -4.8700778020279876e-06 +9.9027363549950922e-06 +1.5999267669255970e-06
129.50000000 +5.0000000000000000e+00 +2.0000088158918383e+00 +1.8466436721902965e-03 +9.9997742653822341e-01 +9.9999895947048612e-01 +1.0000014192311859e+00 +1.0000012459496106e+00 +9.9999984845749890e-01 -6.6489877557898632e-06 +1.7984969257054398e-05 -3.9594480849172029e-06 +1.0209992028946636e-05 +3.5137947073379353e-06
130.00000000 +5.0000000000000000e+00 +2.0000086859430852e+00 +1.8498221754991819e-03 +9.9996958131650338e-01 +9.9999899888737886e-01 +1.0000013238703063e+00 +1.0000011349993916e+00 +9.9999998334501217e-01 -3.1023871163257206e-06 +1.9183963021592730e-05 -3.0488538986492923e-06 +1.0517235714432537e-05 +5.4275879726767509e-06
130.50000000 +5.0000000000000000e+00 +2.0000085559994027e+00 +1.8530005547920199e-03 +9.9996173640088182e-01 +9.9999903830273384e-01 +1.0000012285131474e+00 +1.0000010240535016e+00 +1.0000001182272626e+00 +4.4407514499266481e-07 +2.0382910004846460e-05 -2.1382952411447938e-06 +1.0824467412154430e-05 +7.3413065673124494e-06
131.00000000 +5.0000000000000000e+00 +2.0000084260607900e+00 +1.8561788100760676e-03 +9.9995389179133987e-01 +9.9999907771655061e-01 +1.0000011331597090e+00 +1.0000009131119403e+00 +1.0000002531042504e+00 +3.9903990362638154e-06 +2.1581810209553428e-05 -1.2277721103243994e-06 +1.1131687122813899e-05 +9.2549504956151052e-06
131.50000000 +5.0000000000000000e+00 +2.0000082961272474e+00 +1.8593569413585833e-03 +9.9994604748785998e-01 +9.9999911712882983e-01 +1.0000010378099906e+00 +1.0000008021747071e+00 +1.0000003879759756e+00 +7.5365845655856155e-06 +2.2780663638451280e-05 -3.1728450410896864e-07 +1.1438894847112458e-05 +1.1168519761954439e-05
132.00000000 +5.0000000000000000e+00 +2.0000081661987736e+00 +1.8625349486468240e-03 +9.9993820349042484e-01 +9.9999915653957161e-01 +1.0000009424639928e+00 +1.0000006912418027e+00 +1.0000005228424393e+00 +1.1082631741055313e-05 +2.3979470294277445e-05 +5.9316757958047699e-07 +1.1746090585751584e-05 +1.3082014370699844e-05
132.50000000 +5.0000000000000000e+00 +2.0000080362753687e+00 +1.8657128319480446e-03 +9.9993035979901557e-01 +9.9999919594877540e-01 +1.0000008471217143e+00 +1.0000005803132257e+00 +1.0000006577036409e+00 +1.4628540570769536e-05 +2.5178230179769134e-05 +1.5035841428227584e-06 +1.2053274339432688e-05 +1.4995434326220361e-05
133.00000000 +5.0000000000000000e+00 +2.0000068912610596e+00 +1.8661503410238723e-03 +9.9992934604417083e-01 +9.9999912334922869e-01 +1.0000009014321729e+00 +1.0000006877754293e+00 +1.0000004746892526e+00 +1.3812850879248195e-05 +2.4385007394954841e-05 +4.4528665727766916e-06 +1.2336876847177563e-05 +1.4479060393057075e-05
133.50000000 +5.0000000000000000e+00 +2.0000057463538190e+00 +1.8665878091885990e-03 +9.9992833238412082e-01 +9.9999905075647022e-01 +1.0000009557375524e+00 +1.0000007952275836e+00 +1.0000002916919770e+00 +1.2997237462173188e-05 +2.3591858783725622e-05 +7.4018732178496968e-06 +1.2620452835494169e-05 +1.3962734745579218e-05
134.00000000 +5.0000000000000000e+00 +2.0000046015536341e+00 +1.8670252364479647e-03 +9.9992731881885355e-01 +9.9999897817049999e-01 +1.0000010100378547e+00 +1.0000009026696912e+00 +1.0000001087118131e+00 +1.2181700308846492e-05 +2.2798784335678126e-05 +1.0350604116722587e-05 +1.2904002308102057e-05 +1.3446457377014388e-05
134.50000000 +5.0000000000000000e+00 +2.0000034568604872e+00 +1.8674626228077048e-03 +9.9992630534835469e-01 +9.9999890559131632e-01 +1.0000010643330792e+00 +1.0000010101017525e+00 +9.9999992574875773e-01 +1.1366239408572061e-05 +2.2005784040410893e-05 +1.3299059308068923e-05 +1.3187525268720061e-05 +1.2930228280591428e-05
135.00000000 +5.0000000000000000e+00 +2.0000023122743653e+00 +1.8678999682735567e-03 +9.9992529197261149e-01 +9.9999883301891856e-01 +1.0000011186232280e+00 +1.0000011175237695e+00 +9.9999974280280879e-01 +1.0550854750655858e-05 +2.1212857887524463e-05 +1.6247238830555060e-05 +1.3471021721066340e-05 +1.2414047449540465e-05
135.50000000 +5.0000000000000000e+00 +2.0000011677952529e+00 +1.8683372728512543e-03 +9.9992427869161038e-01 +9.9999876045330593e-01 +1.0000011729083009e+00 +1.0000012249357435e+00 +9.9999955987396394e-01 +9.7355463244058475e-06 +2.0420005866621280e-05 +1.9195142722840089e-05 +1.3754491668858341e-05 +1.1897914877092883e-05
136.00000000 +5.0000000000000000e+00 +2.0000000234231345e+00 +1.8687745365465315e-03 +9.9992326550533828e-01 +9.9999868789447710e-01 +1.0000012271882988e+00 +1.0000013323376757e+00 +9.9999937696222041e-01 +8.9203141191319940e-06 +1.9627227967305745e-05 +2.2142771023575903e-05 +1.4037935115812825e-05 +1.1381830556481328e-05
136.50000000 +5.0000000000000000e+00 +1.9999988791579946e+00 +1.8692117593651204e-03 +9.9992225241378152e-01 +9.9999861534243117e-01 +1.0000012814632222e+00 +1.0000014397295678e+00 +9.9999919406757576e-01 +8.1051581241462547e-06 +1.8834524179184206e-05 +2.5090123771407144e-05 +1.4321352065645848e-05 +1.0865794480939718e-05
137.00000000 +5.0000000000000000e+00 +1.9999977349998199e+00 +1.8696489413127543e-03 +9.9992123941692745e-01 +9.9999854279716760e-01 +1.0000013357330724e+00 +1.0000015471114212e+00 +9.9999901119002832e-01 +7.2900783287625914e-06 +1.8041894491864963e-05 +2.8037201004971266e-05 +1.4604742522072791e-05 +1.0349806643703237e-05
137.50000000 +5.0000000000000000e+00 +1.9999965909485937e+00 +1.8700860823951618e-03 +9.9992022651476198e-01 +9.9999847025868460e-01 +1.0000013899978495e+00 +1.0000016544832366e+00 +9.9999882832957465e-01 +6.4750747222969567e-06 +1.7249338894958229e-05 +3.0984002762898451e-05 +1.4888106488808321e-05 +9.8338670380083272e-06
138.00000000 +5.0000000000000000e+00 +1.9999954470043024e+00 +1.8705231826180745e-03 +9.9991921370727277e-01 +9.9999839772698251e-01 +1.0000014442575549e+00 +1.0000017618450168e+00 +9.9999864548621353e-01 +5.6601472940673112e-06 +1.6456857378076199e-05 +3.3930529083811697e-05 +1.5171443969566420e-05 +9.3179756570927049e-06
138.50000000 +5.0000000000000000e+00 +1.9999943031669301e+00 +1.8709602419872187e-03 +9.9991820099444562e-01 +9.9999832520205889e-01 +1.0000014985121883e+00 +1.0000018691967616e+00 +9.9999846265994141e-01 +4.8452960333935979e-06 +1.5664449930832972e-05 +3.6876780006326765e-05 +1.5454754968060370e-05 +8.8021324941953346e-06
139.00000000 +5.0000000000000000e+00 +1.9999938986340420e+00 +1.8687826855890469e-03 +9.9992341353054026e-01 +9.9999876062649284e-01 +1.0000012533321130e+00 +1.0000018516441864e+00 +9.9999882994447031e-01 +5.3131470405912260e-06 +1.4185844636871357e-05 +3.5698561483881189e-05 +1.4598907737069547e-05 +6.0944410957852785e-06
139.50000000 +5.0000000000000000e+00 +1.9999934941153963e+00 +1.8666052058617668e-03 +9.9992862588310372e-01 +9.9999919603559528e-01 +1.0000010081606696e+00 +1.0000018340922288e+00 +9.9999919721606700e-01 +5.7809815749414751e-06 +1.2707291404012451e-05 +3.4520384446039898e-05 +1.3743090640118400e-05 +3.3868450341094943e-06
140.00000000 +5.0000000000000000e+00 +1.9999930896109943e+00 +1.8644278028013303e-03 +9.9993383805214564e-01 +9.9999963142936776e-01 +1.0000007629978591e+00 +1.0000018165408897e+00 +9.9999956447473293e-01 +6.2487996373143361e-06 +1.1228790229506727e-05 +3.3342248890611944e-05 +1.2887303675615453e-05 +6.7934430413291767e-07
140.50000000 +5.0000000000000000e+00 +1.9999926851208334e+00 +1.8622504764036875e-03 +9.9993905003767503e-01 +1.0000000668078104e+00 +1.0000005178436799e+00 +1.0000017989901679e+00 +9.9999993172046764e-01 +6.7166012285797322e-06 +9.7503411106048534e-06 +3.2164154815406540e-05 +1.2031546841969326e-05 -2.0280610991791603e-06
141.00000000 +5.0000000000000000e+00 +1.9999922806449144e+00 +1.8600732266647903e-03 +9.9994426183970286e-01 +1.0000005021709246e+00 +1.0000002726981323e+00 +1.0000017814400648e+00 +1.0000002989532728e+00 +7.1843863496075349e-06 +8.2719440445576921e-06 +3.0986102218233048e-05 +1.1175820137588766e-05 -4.7353711808610959e-06
141.50000000 +5.0000000000000000e+00 +1.9999918761832354e+00 +1.8578960535805902e-03 +9.9994947345823793e-01 +1.0000009375187109e+00 +1.0000000275612155e+00 +1.0000017638905792e+00 +1.0000006661731489e+00 +7.6521550012675437e-06 +6.7935990286162918e-06 +2.9808091096900975e-05 +1.0320123560882627e-05 -7.4425859459468861e-06
142.00000000 +5.0000000000000000e+00 +1.9999914717357963e+00 +1.8557189571470393e-03 +9.9995468489329009e-01 +1.0000013728511701e+00 +9.9999978243292897e-01 +1.0000017463417112e+00 +1.0000010333800962e+00 +8.1199071844295039e-06 +5.3153060600319002e-06 +2.8630121449220003e-05 +9.4644571102598691e-06 -1.0149705399470181e-05
142.50000000 +5.0000000000000000e+00 +1.9999910673025956e+00 +1.8535419373600884e-03 +9.9995989614486891e-01 +1.0000018081683029e+00 +9.9999953731327229e-01 +1.0000017287934611e+00 +1.0000014005741156e+00 +8.5876428999630930e-06 +3.8370651360559590e-06 +2.7452193272999947e-05 +8.6088207841295694e-06 -1.2856729546464262e-05
143.00000000 +5.0000000000000000e+00 +1.9999906628836339e+00 +1.8513649942156921e-03 +9.9996510721298448e-01 +1.0000022434701106e+00 +9.9999929220224559e-01 +1.0000017112458293e+00 +1.0000017677552080e+00 +9.0553621487379411e-06 +2.3588762539401029e-06 +2.6274306566050807e-05 +7.7532145809009217e-06 -1.5563658391962084e-05
143.50000000 +5.0000000000000000e+00 +1.9999902584789091e+00 +1.8491881277098018e-03 +9.9997031809764636e-01 +1.0000026787565932e+00 +9.9999904709984777e-01 +1.0000016936988148e+00 +1.0000021349233741e+00 +9.5230649316236004e-06 +8.8073941093615565e-07 +2.5096461326182694e-05 +6.8976384989832226e-06 -1.8270491940996219e-05
144.00000000 +5.0000000000000000e+00 +1.9999898540884211e+00 +1.8470113378383705e-03 +9.9997552879886387e-01 +1.0000031140277521e+00 +9.9999880200607849e-01 +1.0000016761524182e+00 +1.0000025020786143e+00 +9.9907512494895704e-06 -5.9734539570385739e-07 +2.3918657551205912e-05 +6.0420925367858900e-06 -2.0977230198598891e-05
144.50000000 +5.0000000000000000e+00 +1.9999894497121691e+00 +1.8448346245973522e-03 +9.9998073931664699e-01 +1.0000035492835881e+00 +9.9999855692093731e-01 +1.0000016586066391e+00 +1.0000028692209291e+00 +1.0458421103205292e-05 -2.0753781687277263e-06 +2.2740895238930888e-05 +5.1865766927184434e-06 -2.3683873169801979e-05
145.00000000 +5.0000000000000000e+00 +1.9999891723419247e+00 +1.8451361509778793e-03 +9.9998002245054896e-01 +1.0000031455917058e+00 +9.9999827678416831e-01 +1.0000013879935179e+00 +1.0000026248663900e+00 +9.0329253890086779e-06 -1.3156008223454024e-06 +2.3117259306242791e-05 +6.2054064658679351e-06 -2.2497684180750159e-05
145.50000000 +5.0000000000000000e+00 +1.9999888949476141e+00 +1.8454377035214580e-03 +9.9997930552224923e-01 +1.0000027418647957e+00 +9.9999799662309219e-01 +1.0000011173569154e+00 +1.0000023804906486e+00 +7.6073059864039461e-06 -5.5575755107143495e-07 +2.3493656030175045e-05 +7.2243246415510334e-06 -2.1311392267623352e-05
146.00000000 +5.0000000000000000e+00 +1.9999886175292327e+00 +1.8457392822314941e-03 +9.9997858853173982e-01 +1.0000023381028531e+00 +9.9999771643770585e-01 +1.0000008466968298e+00 +1.0000021360937024e+00 +6.1815628792919764e-06 +2.0415165367487448e-07 +2.3870085414978208e-05 +8.2433312312741005e-06 -2.0124997417025094e-05
146.50000000 +5.0000000000000000e+00 +1.9999883400867784e+00 +1.8460408871113932e-03 +9.9997787147901307e-01 +1.0000019343058737e+00 +9.9999743622800608e-01 +1.0000005760132571e+00 +1.0000018916755480e+00 +4.7556960515708547e-06 +9.6412680047571237e-07 +2.4246547464903545e-05 +9.2624262465454911e-06 -1.8938499615556602e-05
147.00000000 +5.0000000000000000e+00 +1.9999880626202466e+00 +1.8463425181645609e-03 +9.9997715436405987e-01 +1.0000015304738525e+00 +9.9999715599398942e-01 +1.0000003053061941e+00 +1.0000016472361828e+00 +3.3297054871358634e-06 +1.7241678979147556e-06 +2.4623042184203075e-05 +1.0281609698875551e-05 -1.7751898849816748e-05
147.50000000 +5.0000000000000000e+00 +1.9999877851296364e+00 +1.8466441753944060e-03 +9.9997643718687323e-01 +1.0000011266067856e+00 +9.9999687573565355e-01 +1.0000000345756388e+00 +1.0000014027756048e+00 +1.9035911698795062e-06 +2.4842749545771709e-06 +2.4999569577129567e-05 +1.1300881599776641e-05 -1.6565195106402112e-05
148.00000000 +5.0000000000000000e+00 +1.9999875076149434e+00 +1.8469458588043354e-03 +9.9997571994744450e-01 +1.0000007227046681e+00 +9.9999659545299469e-01 +9.9999976382158717e-01 +1.0000011582938102e+00 +4.7735308369147464e-07 +3.2444479790496144e-06 +2.5376129647936510e-05 +1.2320241960763105e-05 -1.5378388371906914e-05
148.50000000 +5.0000000000000000e+00 +1.9999872300761639e+00 +1.8472475683977575e-03 +9.9997500264576566e-01 +1.0000003187674955e+00 +9.9999631514600951e-01 +9.9999949304403624e-01 +1.0000009137907973e+00 -9.4900878754132472e-07 +4.0046869799202338e-06 +2.5752722400878134e-05 +1.3339690793351290e-05 -1.4191478632923070e-05
149.00000000 +5.0000000000000000e+00 +1.9999869525132961e+00 +1.8475493041780811e-03 +9.9997428528182852e-01 +9.9999991479526285e-01 +9.9999603481469512e-01 +9.9999922224298354e-01 +1.0000006692665622e+00 -2.3754944599347909e-06 +4.7649919657786660e-06 +2.6129347840209418e-05 +1.4359228109059544e-05 -1.3004465876040149e-05
149.50000000 +5.0000000000000000e+00 +1.9999866749263355e+00 +1.8478510661487152e-03 +9.9997356785562486e-01 +9.9999951078796567e-01 +9.9999575445904798e-01 +9.9999895141842532e-01 +1.0000004247211027e+00 -3.8021039496076155e-06 +5.5253629452160394e-06 +2.6506005970186063e-05 +1.5378853919408207e-05 -1.1817350087845407e-05
150.00000000 +5.0000000000000000e+00 +1.9999863973152798e+00 +1.8481528543130706e-03 +9.9997285036714700e-01 +9.9999910674560011e-01 +9.9999547407906575e-01 +9.9999868057035879e-01 +1.0000001801544165e+00 -5.2288372726812876e-06 +6.2857999268249779e-06 +2.6882696795064523e-05 +1.6398568235919640e-05 -1.0630131254923766e-05
150.50000000 +5.0000000000000000e+00 +1.9999861196801261e+00 +1.8484546686745580e-03 +9.9997213281638653e-01 +9.9999870266816093e-01 +9.9999519367474454e-01 +9.9999840969878118e-01 +9.9999993556649991e-01 -6.6556944452801008e-06 +7.0463029191995905e-06 +2.7259420319101987e-05 +1.7418371070118173e-05 -9.4428093638578223e-06
151.00000000 +5.0000000000000000e+00 +1.9999870119434617e+00 +1.8492163014276752e-03 +9.9997000313200601e-01 +9.9999857503571787e-01 +9.9999553639823191e-01 +9.9999810705500158e-01 +9.9999983169955398e-01 -5.2633103265289505e-06 +6.5413355225230279e-06 +2.8768936186675951e-05 +1.6385927275842468e-05 -8.4861980387974121e-06
151.50000000 +5.0000000000000000e+00 +1.9999879042463824e+00 +1.8499779679703552e-03 +9.9996787335314297e-01 +9.9999844739761257e-01 +9.9999587913692389e-01 +9.9999780439779495e-01 +9.9999972782799962e-01 -3.8708644351578686e-06 +6.0363457231497843e-06 +3.0278519023377686e-05 +1.5353437677569687e-05 -7.5295442740201094e-06
152.00000000 +5.0000000000000000e+00 +1.9999887965888909e+00 +1.8507396683048471e-03 +9.9996574347979106e-01 +9.9999831975384501e-01 +9.9999622189082205e-01 +9.9999750172716129e-01 +9.9999962395183761e-01 -2.4783567670559845e-06 +5.5313335195890005e-06 +3.1788168833663902e-05 +1.4320902272251647e-05 -6.5728480667016191e-06
152.50000000 +5.0000000000000000e+00 +1.9999896889709896e+00 +1.8515014024333989e-03 +9.9996361351194374e-01 +9.9999819210441376e-01 +9.9999656465992715e-01 +9.9999719904309892e-01 +9.9999952007106685e-01 -1.0857873181120622e-06 +5.0262989103496757e-06 +3.3297885621991679e-05 +1.3288321056839890e-05 -5.6161094140173912e-06
153.00000000 +5.0000000000000000e+00 +1.9999905813926808e+00 +1.8522631703582599e-03 +9.9996148344959479e-01 +9.9999806444931905e-01 +9.9999690744423952e-01 +9.9999689634560729e-01 +9.9999941618568677e-01 +3.0684391578550334e-07 +4.5212418939406795e-06 +3.4807669392818486e-05 +1.2255694028285690e-05 -4.6593283131426269e-06
153.50000000 +5.0000000000000000e+00 +1.9999914738539675e+00 +1.8530249720816797e-03 +9.9995935329273833e-01 +9.9999793678856075e-01 +9.9999725024376129e-01 +9.9999659363468529e-01 +9.9999931229569772e-01 +1.6995369387486718e-06 +4.0161624688707554e-06 +3.6317520150602221e-05 +1.1223021183540054e-05 -3.7025047612522806e-06
154.00000000 +5.0000000000000000e+00 +1.9999923663548524e+00 +1.8537868076059071e-03 +9.9995722304136747e-01 +9.9999780912213798e-01 +9.9999759305849245e-01 +9.9999629091033237e-01 +9.9999920840109913e-01 +3.0922917548897780e-06 +3.5110606336485066e-06 +3.7827437899801139e-05 +1.0190302519553715e-05 -2.7456387555210512e-06
154.50000000 +5.0000000000000000e+00 +1.9999932588953380e+00 +1.8545486769331924e-03 +9.9995509269547622e-01 +9.9999768145005052e-01 +9.9999793588843489e-01 +9.9999598817254720e-01 +9.9999910450189045e-01 +4.4851083683215137e-06 +3.0059363867824081e-06 +3.9337422644873912e-05 +9.1575380332771350e-06 -1.7887302931233898e-06
155.00000000 +5.0000000000000000e+00 +1.9999941514754271e+00 +1.8553105800657849e-03 +9.9995296225505848e-01 +9.9999755377229826e-01 +9.9999827873358904e-01 +9.9999568542132911e-01 +9.9999900059807179e-01 +5.8779867831569437e-06 +2.5007897267808005e-06 +4.0847474390279613e-05 +8.1247277216605082e-06 -8.3177937123349347e-07
155.50000000 +5.0000000000000000e+00 +1.9999950440951222e+00 +1.8560725170059349e-03 +9.9995083172010701e-01 +9.9999742608888020e-01 +9.9999862159395592e-01 +9.9999538265667687e-01 +9.9999889668964248e-01 +7.2709270035094894e-06 +1.9956206521518933e-06 +4.2357593140477680e-05 +7.0918715816537510e-06 +1.2521401297468821e-07
156.00000000 +5.0000000000000000e+00 +1.9999959367544262e+00 +1.8568344877558935e-03 +9.9994870109061718e-01 +9.9999729839979679e-01 +9.9999896446953707e-01 +9.9999507987859049e-01 +9.9999879277660264e-01 +8.6639290334929460e-06 +1.4904291614037655e-06 +4.3867778899928007e-05 +6.0589696102065232e-06 +1.0822498623274564e-06
156.50000000 +5.0000000000000000e+00 +1.9999968294533412e+00 +1.8575964923179095e-03 +9.9994657036658141e-01 +9.9999717070504734e-01 +9.9999930736033293e-01 +9.9999477708706819e-01 +9.9999868885895171e-01 +1.0056992877221464e-05 +9.8521525304435834e-07 +4.5378031673090811e-05 +5.0260218042681975e-06 +2.0393281796513670e-06
157.00000000 +5.0000000000000000e+00 +1.9999976112641418e+00 +1.8556610782642408e-03 +9.9995150275037392e-01 +9.9999764542963088e-01 +9.9999911990771218e-01 +9.9999522639693694e-01 +9.9999886247190994e-01 +8.1767720162092895e-06 +4.1544111365809385e-06 +4.0548320749697038e-05 +5.9599406620576794e-06 -1.1964257192155467e-06
157.50000000 +5.0000000000000000e+00 +1.9999983930944727e+00 +1.8537256158609335e-03 +9.9995643525738476e-01 +9.9999812016607392e-01 +9.9999893245040805e-01 +9.9999567571802972e-01 +9.9999903608920515e-01 +6.2965041843711357e-06 +7.3236861915337191e-06 +3.5718489172652396e-05 +6.8938828505850842e-06 -4.4322604522208571e-06
158.00000000 +5.0000000000000000e+00 +1.9999991749443362e+00 +1.8517901051061780e-03 +9.9996136788761925e-01 +9.9999859491437659e-01 +9.9999874498842112e-01 +9.9999612505034774e-01 +9.9999920971083778e-01 +4.4161893799468734e-06 +1.0493040420869479e-05 +3.0888536937435662e-05 +7.8278483707246822e-06 -7.6681760223936469e-06
158.50000000 +5.0000000000000000e+00 +1.9999999568137312e+00 +1.8498545459981611e-03 +9.9996630064108127e-01 +9.9999906967453944e-01 +9.9999855752175093e-01 +9.9999657439389100e-01 +9.9999938333680793e-01 +2.5358276011762900e-06 +1.3662473827555136e-05 +2.6058464039525376e-05 +8.7618372233507849e-06 -1.0904172432763144e-05
159.00000000 +5.0000000000000000e+00 +2.0000007387026595e+00 +1.8479189385350715e-03 +9.9997123351777584e-01 +9.9999954444656325e-01 +9.9999837005039760e-01 +9.9999702374865984e-01 +9.9999955696711562e-01 +6.5541884629907566e-07 +1.6831986414557771e-05 +2.1228270474399860e-05 +9.6958494093377455e-06 -1.4140249686358740e-05
159.50000000 +5.0000000000000000e+00 +2.0000015206111219e+00 +1.8459832827150966e-03 +9.9997616651770715e-01 +1.0000000192304481e+00 +9.9999818257436035e-01 +9.9999747311465492e-01 +9.9999973060176095e-01 -1.2250368864451534e-06 +2.0001578184844583e-05 +1.6397956237537211e-05 +1.0629884929559963e-05 -1.7376407786209959e-05
160.00000000 +5.0000000000000000e+00 +2.0000023025391185e+00 +1.8440475785364246e-03 +9.9998109964088044e-01 +1.0000004940261942e+00 +9.9999799509363974e-01 +9.9999792249187647e-01 +9.9999990424074414e-01 -3.1055395988168833e-06 +2.3171249141382952e-05 +1.1567521324415289e-05 +1.1563943784891882e-05 -2.0612646735346495e-05
160.50000000 +5.0000000000000000e+00 +2.0000030844866497e+00 +1.8421118259972431e-03 +9.9998603288729992e-01 +1.0000009688338027e+00 +9.9999780760823476e-01 +9.9999837188032503e-01 +1.0000000778840656e+00 -4.9860892925766754e-06 +2.6340999287140383e-05 +6.7369657305117468e-06 +1.2498025976207987e-05 -2.3848966536798171e-05
161.00000000 +5.0000000000000000e+00 +2.0000038664537172e+00 +1.8401760250957397e-03 +9.9999096625697015e-01 +1.0000014436532734e+00 +9.9999762011814575e-01 +9.9999882128000106e-01 +1.0000002515317252e+00 -6.8666859694851916e-06 +2.9510828625084554e-05 +1.9062894513039889e-06 +1.3432131504382807e-05 -2.7085367193594997e-05
161.50000000 +5.0000000000000000e+00 +2.0000046484403224e+00 +1.8382401758301023e-03 +9.9999589974989633e-01 +1.0000019184846074e+00 +9.9999743262337315e-01 +9.9999927069090500e-01 +1.0000004251837233e+00 -8.7473296313031756e-06 +3.2680737158183276e-05 -2.9245075177307918e-06 +1.4366260370290921e-05 -3.0321848708767107e-05
162.00000000 +5.0000000000000000e+00 +2.0000054304464632e+00 +1.8363042781985176e-03 +1.0000008333660819e+00 +1.0000023933278039e+00 +9.9999724512391519e-01 +9.9999972011303684e-01 +1.0000005988400600e+00 -1.0628020279791447e-05 +3.5850724889404474e-05 -7.7554251811156209e-06 +1.5300412574806939e-05 -3.3558411085344774e-05
162.50000000 +5.0000000000000000e+00 +2.0000062124721438e+00 +1.8343683321991745e-03 +1.0000057671055329e+00 +1.0000028681828652e+00 +9.9999705761977331e-01 +1.0000001695463978e+00 +1.0000007725007354e+00 -1.2508757916710943e-05 +3.9020791821716318e-05 -1.2586463543373780e-05 +1.6234588118805528e-05 -3.6795054326358471e-05
163.00000000 +5.0000000000000000e+00 +2.0000032984820417e+00 +1.8364543697651059e-03 +9.9999995401575215e-01 +1.0000022667518389e+00 +9.9999733094195209e-01 +1.0000000306546191e+00 +1.0000000985614441e+00 -9.8705513558293857e-06 +3.5654398782972621e-05 -8.7249821191819735e-06 +1.6314505321302895e-05 -3.3054241723237772e-05
163.50000000 +5.0000000000000000e+00 +2.0000003844993341e+00 +1.8385404020378848e-03 +9.9999414094072181e-01 +1.0000016653223389e+00 +9.9999760426343753e-01 +9.9999989176319282e-01 +9.9999942462386293e-01 -7.2323514891850548e-06 +3.2288014286180854e-05 -4.8635104931890924e-06 +1.6394422321016787e-05 -2.9313438612128560e-05
164.00000000 +5.0000000000000000e+00 +1.9999974705240195e+00 +1.8406264290175306e-03 +9.9998832788044145e-01 +1.0000010638943646e+00 +9.9999787758422931e-01 +9.9999975287211895e-01 +9.9999875068799149e-01 -4.5941583167524617e-06 +2.8921638331308472e-05 -1.0020486653578377e-06 +1.6474339117947958e-05 -2.5572644992994695e-05
164.50000000 +5.0000000000000000e+00 +1.9999945565560990e+00 +1.8427124507040646e-03 +9.9998251483491130e-01 +1.0000004624679169e+00 +9.9999815090432775e-01 +9.9999961398139747e-01 +9.9999807675383046e-01 -1.9559718385061358e-06 +2.5555270918322988e-05 +2.8594033643490780e-06 +1.6554255712097202e-05 -2.1831860865800061e-05
165.00000000 +5.0000000000000000e+00 +1.9999916425955730e+00 +1.8447984670975058e-03 +9.9997670180413134e-01 +9.9999986104299488e-01 +9.9999842422373242e-01 +9.9999947509102860e-01 +9.9999740282137928e-01 +6.8220794557940879e-07 +2.2188912047191885e-05 +6.7208455959689570e-06 +1.6634172103465272e-05 -1.8091086230508526e-05
165.50000000 +5.0000000000000000e+00 +1.9999887286424405e+00 +1.8468844781978746e-03 +9.9997088878810092e-01 +9.9999925961959879e-01 +9.9999869754244364e-01 +9.9999933620101167e-01 +9.9999672889063795e-01 +3.3203810355296429e-06 +1.8822561717882644e-05 +1.0582278029539076e-05 +1.6714088292052946e-05 -1.4350321087083962e-05
166.00000000 +5.0000000000000000e+00 +1.9999858146967020e+00 +1.8489704840051920e-03 +9.9996507578682103e-01 +9.9999865819772904e-01 +9.9999897086046141e-01 +9.9999919731134768e-01 +9.9999605496160704e-01 +5.9585474313700522e-06 +1.5456219930362769e-05 +1.4443700665096745e-05 +1.6794004277861006e-05 -1.0609565435490247e-05
166.50000000 +5.0000000000000000e+00 +1.9999829007583572e+00 +1.8510564845194773e-03 +9.9995926280029079e-01 +9.9999805677738507e-01 +9.9999924417778563e-01 +9.9999905842203562e-01 +9.9999538103428598e-01 +8.5967071331261077e-06 +1.2089886684599740e-05 +1.8305113502679235e-05 +1.6873920060890209e-05 -6.8688192756912500e-06
167.00000000 +5.0000000000000000e+00 +1.9999799868274062e+00 +1.8531424797407507e-03 +9.9995344982851042e-01 +9.9999745535856743e-01 +9.9999951749441618e-01 +9.9999891953307629e-01 +9.9999470710867489e-01 +1.1234860140823297e-05 +8.7235619805610445e-06 +2.2166516542323862e-05 +1.6953835641141334e-05 -3.1280826076508435e-06
167.50000000 +5.0000000000000000e+00 +1.9999770729038493e+00 +1.8552284696690324e-03 +9.9994763687147981e-01 +9.9999685394127558e-01 +9.9999979081035328e-01 +9.9999878064446923e-01 +9.9999403318477365e-01 +1.3873006454487089e-05 +5.3572458182141732e-06 +2.6027909784067899e-05 +1.7033751018615150e-05 +6.1264456866709971e-07
168.00000000 +5.0000000000000000e+00 +1.9999741589876856e+00 +1.8573144543043429e-03 +9.9994182392919895e-01 +9.9999625252550972e-01 +1.0000000641255968e+00 +9.9999864175621467e-01 +9.9999335926258259e-01 +1.6511146074142963e-05 +1.9909381975266227e-06 +2.9889293227948648e-05 +1.7113666193312436e-05 +4.3533622532986976e-06
168.50000000 +5.0000000000000000e+00 +1.9999712450789164e+00 +1.8594004336467023e-03 +9.9993601100166796e-01 +9.9999565111127042e-01 +1.0000003374401472e+00 +9.9999850286831271e-01 +9.9999268534210173e-01 +1.9149278999816413e-05 -1.3753608815341278e-06 +3.3750666874003407e-05 +1.7193581165233958e-05 +8.0940704462800900e-06
169.00000000 +5.0000000000000000e+00 +1.9999729671120634e+00 +1.8566519222264005e-03 +9.9994350945719834e-01 +9.9999632365896673e-01 +1.0000005473953495e+00 +9.9999804032440576e-01 +9.9999355365407461e-01 +1.4322329376984996e-05 -7.3546254542046479e-07 +3.2741307496076748e-05 +1.4057765640213140e-05 +7.6395701489090970e-06
169.50000000 +5.0000000000000000e+00 +1.9999746892485801e+00 +1.8539032458192808e-03 +9.9995100836284379e-01 +9.9999699624703497e-01 +1.0000007573631555e+00 +9.9999757775273324e-01 +9.9999442201817035e-01 +9.4950900034714791e-06 -9.5525797681685614e-08 +3.1731887528628524e-05 +1.0921761879399878e-05 +7.1850425689307724e-06
170.00000000 +5.0000000000000000e+00 +1.9999764114884764e+00 +1.8511544044104871e-03 +9.9995850771864492e-01 +9.9999766887547814e-01 +1.0000009673435655e+00 +9.9999711515329315e-01 +9.9999529043439361e-01 +4.6675608531854725e-06 +5.4444936514095587e-07 +3.0722406966203014e-05 +7.7855698658446264e-06 +6.7304877038884716e-06
170.50000000 +5.0000000000000000e+00 +1.9999781338317606e+00 +1.8484053979851613e-03 +9.9996600752464204e-01 +9.9999834154430034e-01 +1.0000011773365807e+00 +9.9999665252608227e-01 +9.9999615890274896e-01 -1.6025809996653767e-07 +1.1844629465066207e-06 +2.9712865803343803e-05 +4.6491895825957979e-06 +6.2759055513252579e-06
171.00000000 +5.0000000000000000e+00 +1.9999798562784423e+00 +1.8456562265284440e-03 +9.9997350778087590e-01 +9.9999901425350468e-01 +1.0000013873422027e+00 +9.9999618987109851e-01 +9.9999702742324104e-01 -4.9883668820812088e-06 +1.8245149498748865e-06 +2.8703264034593854e-05 +1.5126210126997622e-06 +5.8212961087838988e-06
171.50000000 +5.0000000000000000e+00 +1.9999815788285309e+00 +1.8429068900254733e-03 +9.9998100848738680e-01 +9.9999968700309505e-01 +1.0000015973604321e+00 +9.9999572718833918e-01 +9.9999789599587496e-01 -9.8167655192583084e-06 +2.4646053787057435e-06 +2.7693601654495465e-05 -1.6241358607991268e-06 +5.3666593738068680e-06
172.00000000 +5.0000000000000000e+00 +1.9999833014820356e+00 +1.8401573884613861e-03 +9.9998850964421548e-01 +1.0000003597930751e+00 +1.0000018073912706e+00 +9.9999526447780207e-01 +9.9999876462065485e-01 -1.4645454037600763e-05 +3.1047342364596011e-06 +2.6683878657590268e-05 -4.7610810548585697e-06 +4.9119953439363444e-06
172.50000000 +5.0000000000000000e+00 +1.9999850242389670e+00 +1.8374077218213185e-03 +9.9999601125140258e-01 +1.0000010326234487e+00 +1.0000020174347191e+00 +9.9999480173948485e-01 +9.9999963329758612e-01 -1.9474432463214619e-05 +3.7449015265972816e-06 +2.5674095038419268e-05 -7.8982145864382906e-06 +4.4573040167142112e-06
173.00000000 +5.0000000000000000e+00 +1.9999867470993322e+00 +1.8346578900904017e-03 +1.0000035133089884e+00 +1.0000017054942192e+00 +1.0000022274907785e+00 +9.9999433897338419e-01 +1.0000005020266727e+00 -2.4303700822209070e-05 +4.3851072525800238e-06 +2.4664250791522765e-05 -1.1035536472500055e-05 +4.0025853896820528e-06
173.50000000 +5.0000000000000000e+00 +1.9999884700631418e+00 +1.8319078932537681e-03 +1.0000110158170135e+00 +1.0000023784053897e+00 +1.0000024375594501e+00 +9.9999387617949820e-01 +1.0000013708079192e+00 -2.9133259140696420e-05 +5.0253514178694798e-06 +2.3654345911440456e-05 -1.4173046730007675e-05 +3.5478394603811629e-06
174.00000000 +5.0000000000000000e+00 +1.9999901931304052e+00 +1.8291577312965477e-03 +1.0000185187755188e+00 +1.0000030513569651e+00 +1.0000026476407351e+00 +9.9999341335782443e-01 +1.0000022396413313e+00 -3.3963107444792145e-05 +5.6656340259277235e-06 +2.2644380392711361e-05 -1.7310745375926981e-05 +3.0930662263525412e-06
174.50000000 +5.0000000000000000e+00 +1.9999919163011310e+00 +1.8264074042038674e-03 +1.0000260221845447e+00 +1.0000037243489481e+00 +1.0000028577346345e+00 +9.9999295050835990e-01 +1.0000031085269130e+00 -3.8793245760614814e-05 +6.3059550802172360e-06 +2.1634354229873824e-05 -2.0448632427225848e-05 +2.6382656851368862e-06
175.00000000 +5.0000000000000000e+00 +1.9999928842705723e+00 +1.8269223501290947e-03 +1.0000244622672425e+00 +1.0000043469449245e+00 +1.0000027879893927e+00 +9.9999359566055390e-01 +1.0000025866534286e+00 -3.7775964317303523e-05 +9.0253103104646299e-06 +1.5985753705865915e-05 -1.7539297942184815e-05 +2.5246758389505526e-06
175.50000000 +5.0000000000000000e+00 +1.9999938522520417e+00 +1.8274373024532782e-03 +1.0000229023305562e+00 +1.0000049695486375e+00 +1.0000027182432840e+00 +9.9999424082076482e-01 +1.0000020647734591e+00 -3.6758670232781807e-05 +1.1744699332679700e-05 +1.0337082989731491e-05 -1.4629927304405880e-05 +2.4110845812441763e-06
176.00000000 +5.0000000000000000e+00 +1.9999948202455404e+00 +1.8279522611765380e-03 +1.0000213423744853e+00 +1.0000055921600874e+00 +1.0000026484963092e+00 +9.9999488598899289e-01 +1.0000015428870046e+00 -3.5741363506814061e-05 +1.4464122147492327e-05 +4.6883420801621905e-06 -1.1720520513215169e-05 +2.2974919119914461e-06
176.50000000 +5.0000000000000000e+00 +1.9999957882510677e+00 +1.8284672262989929e-03 +1.0000197823990291e+00 +1.0000062147792739e+00 +1.0000025787484670e+00 +9.9999553116523821e-01 +1.0000010209940648e+00 -3.4724044139164629e-05 +1.7183578755532399e-05 -9.6046902415037760e-07 -8.8110775679387893e-06 +2.1838978311660517e-06
177.00000000 +5.0000000000000000e+00 +1.9999967562686234e+00 +1.8289821978207613e-03 +1.0000182224041876e+00 +1.0000068374061974e+00 +1.0000025089997582e+00 +9.9999617634950044e-01 +1.0000004990946392e+00 -3.3706712129597864e-05 +1.9903069157429823e-05 -6.6093503245146653e-06 -5.9015984679028135e-06 +2.0703023387416808e-06
177.50000000 +5.0000000000000000e+00 +1.9999977242982097e+00 +1.8294971757419644e-03 +1.0000166623899609e+00 +1.0000074600408588e+00 +1.0000024392501830e+00 +9.9999682154178093e-01 +9.9999997718872846e-01 -3.2689367477878149e-05 +2.2622593353814529e-05 -1.2258301822239119e-05 -2.9920832124333283e-06 +1.9567054346920220e-06
178.00000000 +5.0000000000000000e+00 +1.9999986923398247e+00 +1.8300121600627200e-03 +1.0000151023563475e+00 +1.0000080826832571e+00 +1.0000023694997406e+00 +9.9999746674207868e-01 +9.9999945527633194e-01 -3.1672010183769814e-05 +2.5342151345316446e-05 -1.7907323518632246e-05 -8.2531800856374480e-08 +1.8431071189907611e-06
178.50000000 +5.0000000000000000e+00 +1.9999996603934698e+00 +1.8305271507831481e-03 +1.0000135423033480e+00 +1.0000087053333930e+00 +1.0000022997484317e+00 +9.9999811195039445e-01 +9.9999893335744960e-01 -3.0654640247037192e-05 +2.8061743132565529e-05 -2.3556415415002571e-05 +2.8270557675020044e-06 +1.7295073916115848e-06
179.00000000 +5.0000000000000000e+00 +2.0000006284591452e+00 +1.8310421479033679e-03 +1.0000119822309619e+00 +1.0000093279912667e+00 +1.0000022299962559e+00 +9.9999875716672837e-01 +9.9999841143208157e-01 -2.9637257667444633e-05 +3.0781368716191763e-05 -2.9205577512658672e-05 +5.7366794933157981e-06 +1.6159062525281791e-06
179.50000000 +5.0000000000000000e+00 +2.0000015965368503e+00 +1.8315571514234982e-03 +1.0000104221391881e+00 +1.0000099506568783e+00 +1.0000021602432132e+00 +9.9999940239108009e-01 +9.9999788950022739e-01 -2.8619862444756451e-05 +3.3501028096825102e-05 -3.4854809812909129e-05 +8.6463393772589970e-06 +1.5023037017142281e-06
180.00000000 +5.0000000000000000e+00 +2.0000025646265853e+00 +1.8320721613436586e-03 +1.0000088620280274e+00 +1.0000105733302278e+00 +1.0000020904893037e+00 +1.0000000476234503e+00 +9.9999736756188706e-01 -2.7602454578736982e-05 +3.6220721275095581e-05 -4.0504112317062569e-05 +1.1556035420005612e-05 +1.3886997391434166e-06
180.50000000 +5.0000000000000000e+00 +2.0000035327283521e+00 +1.8325871776639691e-03 +1.0000073018974784e+00 +1.0000111960113152e+00 +1.0000020207345275e+00 +1.0000006928638392e+00 +9.9999684561706059e-01 -2.6585034069150540e-05 +3.8940448251633203e-05 -4.6153485026427675e-05 +1.4465767622229686e-05 +1.2750943647894285e-06
181.00000000 +5.0000000000000000e+00 +2.0000031166850829e+00 +1.8294647249703134e-03 +1.0000158730767168e+00 +1.0000101309112668e+00 +1.0000007738280785e+00 +1.0000009134401904e+00 +9.9999607339129659e-01 -3.5294755490234179e-05 +3.7622907872596640e-05 -3.9699368363747512e-05 +1.3288452952928805e-05 +3.1803507564943920e-07
181.50000000 +5.0000000000000000e+00 +2.0000027006672996e+00 +1.8263424635527597e-03 +1.0000244437308992e+00 +1.0000090658764649e+00 +9.9999952699801276e-01 +1.0000011340030299e+00 +9.9999530121283764e-01 -4.4003943368708372e-05 +3.6305448203826001e-05 -3.3245647069194481e-05 +1.2111210403907147e-05 -6.3896558567849386e-07
182.00000000 +5.0000000000000000e+00 +2.0000022846750007e+00 +1.8232203933937318e-03 +1.0000330138600739e+00 +1.0000080009069032e+00 +9.9999828024432358e-01 +1.0000013545523585e+00 +9.9999452908168018e-01 -5.2712597753597467e-05 +3.4988069237905236e-05 -2.6792321106440310e-05 +1.0934039968537966e-05 -1.5959076245813653e-06
182.50000000 +5.0000000000000000e+00 +2.0000018687081829e+00 +1.8200985144756568e-03 +1.0000415834642900e+00 +1.0000069360025756e+00 +9.9999703356700353e-01 +1.0000015750881772e+00 +9.9999375699781845e-01 -6.1420718693919798e-05 +3.3670770967419213e-05 -2.0339390439161213e-05 +9.7569416401953215e-06 -2.5527910464455083e-06
183.00000000 +5.0000000000000000e+00 +2.0000014527668437e+00 +1.8169768267809639e-03 +1.0000501525435945e+00 +1.0000058711634761e+00 +9.9999578696604585e-01 +1.0000017956104876e+00 +9.9999298496124922e-01 -7.0128306238687746e-05 +3.2353553384953746e-05 -1.3886855031037826e-05 +8.5799154122541050e-06 -3.5096158566565981e-06
183.50000000 +5.0000000000000000e+00 +2.0000010368509815e+00 +1.8138553302920839e-03 +1.0000587210980361e+00 +1.0000048063895988e+00 +9.9999454044144331e-01 +1.0000020161192906e+00 +9.9999221297196805e-01 -7.8835360436907602e-05 +3.1036416483095501e-05 -7.4347148457552761e-06 +7.4029612780899994e-06 -4.4663820605996475e-06
184.00000000 +5.0000000000000000e+00 +2.0000006209605936e+00 +1.8107340249914501e-03 +1.0000672891276634e+00 +1.0000037416809382e+00 +9.9999329399318915e-01 +1.0000022366145880e+00 +9.9999144102997017e-01 -8.7541881337579774e-05 +2.9719360254432102e-05 -9.8296984700309331e-07 +6.2260792310795103e-06 -5.4230896636590138e-06
184.50000000 +5.0000000000000000e+00 +2.0000002050956778e+00 +1.8076129108614983e-03 +1.0000758566325243e+00 +1.0000026770374875e+00 +9.9999204762127614e-01 +1.0000024570963804e+00 +9.9999066913525136e-01 -9.6247868989698506e-05 +2.8402384691552034e-05 +5.4683800015247079e-06 +5.0492692645999521e-06 -6.3797386712183883e-06
185.00000000 +5.0000000000000000e+00 +1.9999997892562316e+00 +1.8044919878846654e-03 +1.0000844236126667e+00 +1.0000016124592406e+00 +9.9999080132569729e-01 +1.0000026775646695e+00 +9.9998989728780741e-01 -1.0495332344225221e-04 +2.7085489787044736e-05 +1.1919334736129701e-05 +3.8725313720294493e-06 -7.3363290886608111e-06
185.50000000 +5.0000000000000000e+00 +1.9999993734422536e+00 +1.8013712560433924e-03 +1.0000929900681399e+00 +1.0000005479461929e+00 +9.9998955510644627e-01 +1.0000028980194571e+00 +9.9998912548763419e-01 -1.1365824474422326e-04 +2.5768675533500532e-05 +1.8369894393108999e-05 +2.6958655467469366e-06 -8.2928609213686574e-06
186.00000000 +5.0000000000000000e+00 +1.9999989576537396e+00 +1.7982507153201199e-03 +1.0001015559989908e+00 +9.9999948349833689e-01 +9.9998830896351476e-01 +1.0000031184607427e+00 +9.9998835373472683e-01 -1.2236263294458785e-04 +2.4451941923510642e-05 +2.4820059008755228e-05 +1.5192717821321635e-06 -9.2493341747236399e-06
186.50000000 +5.0000000000000000e+00 +1.9999985418906887e+00 +1.7951303656972919e-03 +1.0001101214052679e+00 +9.9999841911566723e-01 +9.9998706289689665e-01 +1.0000033388885290e+00 +9.9998758202908122e-01 -1.3106648809231642e-04 +2.3135288949667207e-05 +3.1269828619356644e-05 +3.4275007156568515e-07 -1.0205748854106822e-05
187.00000000 +5.0000000000000000e+00 +2.0000008268309255e+00 +1.7974176658017331e-03 +1.0001046032081726e+00 +9.9999887058863912e-01 +9.9998811687977651e-01 +1.0000039389394093e+00 +9.9998823223708089e-01 -1.2427172995379580e-04 +2.2388358609562255e-05 +2.7814957589015903e-05 +4.6856365282639609e-06 -1.4379115148636854e-05
187.50000000 +5.0000000000000000e+00 +2.0000031117764476e+00 +1.7997049711965184e-03 +1.0000990849983138e+00 +9.9999932206265529e-01 +9.9998917086509398e-01 +1.0000045389916772e+00 +9.9998888244658413e-01 -1.1747695609953625e-04 +2.1641426541866411e-05 +2.4360078567831322e-05 +9.0285330297156305e-06 -1.8552491095833536e-05
188.00000000 +5.0000000000000000e+00 +2.0000053967272544e+00 +1.8019922818816672e-03 +1.0000935667756921e+00 +9.9999977353771541e-01 +9.9999022485284961e-01 +1.0000051390453333e+00 +9.9998953265759127e-01 -1.1068216652948319e-04 +2.0894492746573687e-05 +2.0905191555775162e-05 +1.3371439575955549e-05 -2.2725876695730355e-05
188.50000000 +5.0000000000000000e+00 +2.0000076816833459e+00 +1.8042795978571965e-03 +1.0000880485403068e+00 +1.0000002250138200e+00 +9.9999127884304262e-01 +1.0000057391003769e+00 +9.9999018287010255e-01 -1.0388736124358212e-04 +2.0147557223678083e-05 +1.7450296552819719e-05 +1.7714356167018554e-05 -2.6899271948360794e-05
189.00000000 +5.0000000000000000e+00 +2.0000099666447229e+00 +1.8065669191231263e-03 +1.0000825302921583e+00 +1.0000006764909690e+00 +9.9999233283567368e-01 +1.0000063391568088e+00 +9.9999083308411740e-01 -9.7092540241778570e-05 +1.9400619973173616e-05 +1.3995393558937258e-05 +2.2057282802939523e-05 -3.1072676853758368e-05
189.50000000 +5.0000000000000000e+00 +2.0000122516113850e+00 +1.8088542456794730e-03 +1.0000770120312468e+00 +1.0000011279691619e+00 +9.9999338683074257e-01 +1.0000069392146285e+00 +9.9999148329963627e-01 -9.0297703524017884e-05 +1.8653680995054285e-05 +1.0540482574100059e-05 +2.6400219483753263e-05 -3.5246091411956530e-05
190.00000000 +5.0000000000000000e+00 +2.0000145365833313e+00 +1.8111415775262567e-03 +1.0000714937575714e+00 +1.0000015794483994e+00 +9.9999444082824918e-01 +1.0000075392738361e+00 +9.9999213351665917e-01 -8.3502851090245671e-05 +1.7906740289314093e-05 +7.0855635982803923e-06 +3.0743166209494661e-05 -3.9419515622988794e-05
190.50000000 +5.0000000000000000e+00 +2.0000168215605627e+00 +1.8134289146634942e-03 +1.0000659754711327e+00 +1.0000020309286808e+00 +9.9999549482819350e-01 +1.0000081393344311e+00 +9.9999278373518585e-01 -7.6707982940407327e-05 +1.7159797855947054e-05 +3.6306366314505419e-06 +3.5086122980198530e-05 -4.3592949486888627e-05
191.00000000 +5.0000000000000000e+00 +2.0000191065430797e+00 +1.8157162570912057e-03 +1.0000604571719309e+00 +1.0000024824100064e+00 +9.9999654883057587e-01 +1.0000087393964145e+00 +9.9999343395521667e-01 -6.9913099074448359e-05 +1.6412853694947173e-05 +1.7570167358277749e-07 +3.9429089795899765e-05 -4.7766393003689552e-05
191.50000000 +5.0000000000000000e+00 +2.0000213915308809e+00 +1.8180036048094077e-03 +1.0000549388599653e+00 +1.0000029338923766e+00 +9.9999760283539585e-01 +1.0000093394597855e+00 +9.9999408417675095e-01 -6.3118199492314216e-05 +1.5665907806308444e-05 -3.2792412753506223e-06 +4.3772066656633182e-05 -5.1939846173425028e-05
192.00000000 +5.0000000000000000e+00 +2.0000236765239676e+00 +1.8202909578181198e-03 +1.0000494205352364e+00 +1.0000033853757908e+00 +9.9999865684265388e-01 +1.0000099395245448e+00 +9.9999473439978959e-01 -5.6323284193950419e-05 +1.4918960190024894e-05 -6.7341922153773795e-06 +4.8115053562433639e-05 -5.6113308996128560e-05
192.50000000 +5.0000000000000000e+00 +2.0000259615223399e+00 +1.8225783161173600e-03 +1.0000439021977436e+00 +1.0000038368602495e+00 +9.9999971085234973e-01 +1.0000105395906920e+00 +9.9999538462433213e-01 -4.9528353179302384e-05 +1.4172010846090515e-05 -1.0189151146525224e-05 +5.2458050513336012e-05 -6.0286781471833647e-05
193.00000000 +5.0000000000000000e+00 +2.0000239246616789e+00 +1.8260990812334085e-03 +1.0000341981730905e+00 +1.0000044035632429e+00 +9.9999949172552327e-01 +1.0000103814814347e+00 +9.9999503412471935e-01 -3.4774515120496066e-05 +1.4725466156877490e-05 -1.1036273769239545e-05 +4.1018624192014867e-05 -5.3442466649881986e-05
193.50000000 +5.0000000000000000e+00 +2.0000218878192246e+00 +1.8296198148809509e-03 +1.0000244942351719e+00 +1.0000049702611717e+00 +9.9999927260065591e-01 +1.0000102233735910e+00 +9.9999468362823940e-01 -2.0020808931110076e-05 +1.5278916520895319e-05 -1.1883388820393928e-05 +2.9579300115988287e-05 -4.6598213002237969e-05
194.00000000 +5.0000000000000000e+00 +2.0000198509949745e+00 +1.8331405170604073e-03 +1.0000147903839862e+00 +1.0000055369540353e+00 +9.9999905347774654e-01 +1.0000100652671602e+00 +9.9999433313489217e-01 -5.2672346093764526e-06 +1.5832361938210306e-05 -1.2730496300089882e-05 +1.8140078283885429e-05 -3.9754020528081404e-05
194.50000000 +5.0000000000000000e+00 +2.0000178141889302e+00 +1.8366611877722015e-03 +1.0000050866195327e+00 +1.0000061036418337e+00 +9.9999883435679615e-01 +1.0000099071621427e+00 +9.9999398264467776e-01 +9.4862078464727229e-06 +1.6385802408888788e-05 -1.3577596208428917e-05 +6.7009586943355633e-06 -3.2909889226592187e-05
195.00000000 +5.0000000000000000e+00 +2.0000157774010905e+00 +1.8401818270167539e-03 +9.9999538294180990e-01 +1.0000066703245674e+00 +9.9999861523780420e-01 +1.0000097490585382e+00 +9.9999363215759574e-01 +2.4239518438205383e-05 +1.6939237932997074e-05 -1.4424688545512540e-05 -4.7380586540320836e-06 -2.6065819096950153e-05
195.50000000 +5.0000000000000000e+00 +2.0000137406314549e+00 +1.8437024347944873e-03 +9.9998567935081695e-01 +1.0000072370022361e+00 +9.9999839612077046e-01 +1.0000095909563469e+00 +9.9999328167364687e-01 +3.8992697167589340e-05 +1.7492668510601478e-05 -1.5271773311442259e-05 -1.6176973762588205e-05 -1.9221810138335222e-05
196.00000000 +5.0000000000000000e+00 +2.0000117038800229e+00 +1.8472230111058227e-03 +9.9997597584655229e-01 +1.0000078036748397e+00 +9.9999817700569515e-01 +1.0000094328555686e+00 +9.9999293119282984e-01 +5.3745744036392469e-05 +1.8046094141768321e-05 -1.6118850506319571e-05 -2.7615786632703511e-05 -1.2377862349927262e-05
196.50000000 +5.0000000000000000e+00 +2.0000096671467955e+00 +1.8507435559511831e-03 +9.9996627242901504e-01 +1.0000083703423785e+00 +9.9999795789257828e-01 +1.0000092747562035e+00 +9.9999258071514574e-01 +6.8498659046382538e-05 +1.8599514826563924e-05 -1.6965920130245984e-05 -3.9054497265748654e-05 -5.5339757309062148e-06
197.00000000 +5.0000000000000000e+00 +2.0000076304317718e+00 +1.8542640693309893e-03 +9.9995656909820396e-01 +1.0000089370048533e+00 +9.9999773878141995e-01 +1.0000091166582514e+00 +9.9999223024059403e-01 +8.3251442199327360e-05 +1.9152930565054588e-05 -1.7812982183323003e-05 -5.0493105663094322e-05 +1.3098497195480076e-06
197.50000000 +5.0000000000000000e+00 +2.0000055937349517e+00 +1.8577845512456630e-03 +9.9994686585411785e-01 +1.0000095036622627e+00 +9.9999751967221961e-01 +1.0000089585617125e+00 +9.9999187976917436e-01 +9.8004093496994630e-05 +1.9706341357306629e-05 -1.8660036665652113e-05 -6.1931611826111083e-05 +8.1536140022554549e-06
198.00000000 +5.0000000000000000e+00 +2.0000035570563344e+00 +1.8613050016956275e-03 +9.9993716269675592e-01 +1.0000100703146078e+00 +9.9999730056497771e-01 +1.0000088004665864e+00 +9.9999152930088753e-01 +1.1275661294115207e-04 +2.0259747203386370e-05 -1.9507083577334826e-05 -7.3370015756169560e-05 +1.4997317118036160e-05
198.50000000 +5.0000000000000000e+00 +2.0000015203959203e+00 +1.8648254206813035e-03 +9.9992745962611640e-01 +1.0000106369618884e+00 +9.9999708145969435e-01 +1.0000086423728731e+00 +9.9999117883573307e-01 +1.2750900053356740e-04 +2.0813148103360107e-05 -2.0354122918472623e-05 -8.4808317454640326e-05 +2.1840959067710165e-05
199.00000000 +5.0000000000000000e+00 +2.0000080497227164e+00 +1.8635463759395826e-03 +9.9993576100976811e-01 +1.0000053488506611e+00 +9.9999812297359225e-01 +1.0000048340790615e+00 +9.9999299701130706e-01 +9.1365321557205969e-05 +1.3188974879803997e-05 -3.2210806987768309e-06 -6.3703366364478708e-05 +2.5306192138759043e-05
199.50000000 +5.0000000000000000e+00 +2.0000145775935705e+00 +1.8622676164054817e-03 +9.9994406054233675e-01 +1.0000000619186027e+00 +9.9999916425524826e-01 +1.0000010266344412e+00 +9.9999481478145524e-01 +5.5229702074257687e-05 +5.5665017314924671e-06 +1.3908141111795505e-05 -4.2603121359007748e-05 +2.8770652515275923e-05
200.00000000 +5.0000000000000000e+00 +2.0000211040089710e+00 +1.8609891419836164e-03 +9.9995235822444173e-01 +9.9999477616531829e-01 +1.0000002053047401e+00 +9.9999722003872948e-01 +9.9999663214631362e-01 +1.9102139389305465e-05 -2.0542719101476636e-06 +3.1033543790942057e-05 -2.1507580864324463e-05 +3.2234340455680788e-05
