#PATCH_CHECK: SepMBpoisson v0.61 exact-bernoulli stratified-backward active
#discretizing the bath:
#     0 0.0000000000000000e+00 -6.3189999999999946e-01
#     1 1.9652254606306908e-03 -2.2624984792561659e-01
#     2 1.9652254606306908e-03 -2.1243401314340840e-01
#     3 1.9652254606306908e-03 -1.9819495558210368e-01
#     4 1.9652254606306908e-03 -1.8354489995071313e-01
#     5 1.9652254606306908e-03 -1.6849506886441112e-01
#     6 1.9652254606306908e-03 -1.5305581273053381e-01
#     7 1.9652254606306908e-03 -1.3723671721579536e-01
#     8 1.9652254606306908e-03 -1.2104669303823137e-01
#     9 1.9652254606306908e-03 -1.0449405165527831e-01
#sampling: jump_strength=4.9130636515767280e-03 jump_probability=4.8890434698142058e-03 log_scale=4.9010339400901654e-03 back_replicas=12 stratify_forward=1
#adaptive measurement: gap=1.5049831086302007e-02 period_steps=835 nmeas=138 nwf=400 tmax=2.0000000000000000e+02 forced_stride=0
  0.00000000 +5.0000000000000000e+00 +1.9999999999999998e+00 +1.8374661879283106e-03 +1.0000000000000000e+00 +1.0000000000000000e+00 +1.0000000000000000e+00 +1.0000000000000000e+00 +1.0000000000000000e+00 +0.0000000000000000e+00 +0.0000000000000000e+00 +0.0000000000000000e+00 +0.0000000000000000e+00 +0.0000000000000000e+00
  0.50000000 +5.0000000000000000e+00 +2.0000000002852172e+00 +1.8393627050594013e-03 +9.9999518535387122e-01 +1.0000000001508997e+00 +1.0000000001508997e+00 +1.0000000001508997e+00 +1.0000000001508997e+00 +9.5998067110292699e-07 +9.6327208042398562e-07 +9.7195317250827476e-07 +9.5775896981121435e-07 +9.6183208884602178e-07
  1.00000000 +5.0000000000000000e+00 +1.9999999993968609e+00 +1.8447158059075254e-03 +9.9998158703343765e-01 +9.9999999971123477e-01 +9.9999999971103160e-01 +9.9999999971066611e-01 +9.9999999971143794e-01 +3.6623730543207872e-06 +3.6932627007694486e-06 +3.6887097408217665e-06 +3.6724493531542074e-06 +3.6959068614245971e-06
  1.50000000 +5.0000000000000000e+00 +2.0000000003915064e+00 +1.8524559520311579e-03 +9.9996190181797906e-01 +1.0000000000170675e+00 +1.0000000000196956e+00 +1.0000000000193854e+00 +1.0000000000205600e+00 +7.6561760352531664e-06 +7.6612506223585868e-06 +7.6186388032654606e-06 +7.5714612204013460e-06 +7.5908796025652064e-06
  2.00000000 +5.0000000000000000e+00 +2.0000000001143801e+00 +1.8610561455318982e-03 +9.9993998111047533e-01 +9.9999999994461752e-01 +9.9999999994470112e-01 +9.9999999994406108e-01 +9.9999999994688171e-01 +1.2210988188546286e-05 +1.2086127581189720e-05 +1.2005331565867763e-05 +1.1867942279896554e-05 +1.1849204812662098e-05
  2.50000000 +5.0000000000000000e+00 +1.9999999978082295e+00 +1.8688311437909434e-03 +9.9992008631010909e-01 +9.9999999970635434e-01 +9.9999999971766929e-01 +9.9999999971317666e-01 +9.9999999970763553e-01 +1.6456004656980533e-05 +1.6212163762195377e-05 +1.5974766516910823e-05 +1.5722505612960364e-05 +1.5549879892685297e-05
  3.00000000 +5.0000000000000000e+00 +2.0000000008694063e+00 +1.8742647706533749e-03 +9.9990606557169270e-01 +9.9999999918870663e-01 +9.9999999919921123e-01 +9.9999999917137883e-01 +9.9999999914798798e-01 +1.9638675614316134e-05 +1.9206529264249078e-05 +1.8766970676140116e-05 +1.8360397888944188e-05 +1.7964912631372387e-05
  3.50000000 +5.0000000000000000e+00 +1.9999999990853676e+00 +1.8763604572127116e-03 +9.9990047296132634e-01 +9.9999999881511126e-01 +9.9999999884048574e-01 +9.9999999879140788e-01 +9.9999999875728107e-01 +2.1273676256290700e-05 +2.0549453642102580e-05 +1.9862556477473402e-05 +1.9243082055255797e-05 +1.8603790613656216e-05
  4.00000000 +5.0000000000000000e+00 +1.9999999859817945e+00 +1.8746715403844959e-03 +9.9990448459335479e-01 +9.9999999825095309e-01 +9.9999999829111974e-01 +9.9999999821442087e-01 +9.9999999817847274e-01 +2.0973391700847255e-05 +1.9996664831203439e-05 +1.9046603072983127e-05 +1.8216914333815268e-05 +1.7290340868621847e-05
  4.50000000 +5.0000000000000000e+00 +1.9999999872699610e+00 +1.8695076727112804e-03 +9.9991737513884982e-01 +9.9999999730175004e-01 +9.9999999735444356e-01 +9.9999999730629996e-01 +9.9999999722811939e-01 +1.8805003556532934e-05 +1.7578750142375073e-05 +1.6487221452182499e-05 +1.5462861614416457e-05 +1.4302595278409502e-05
  5.00000000 +5.0000000000000000e+00 +1.9999999721988091e+00 +1.8620888794440231e-03 +9.9993610994848037e-01 +9.9999999634034653e-01 +9.9999999645490312e-01 +9.9999999645166582e-01 +9.9999999629987879e-01 +1.5334159644116268e-05 +1.3859843490403745e-05 +1.2657075348181088e-05 +1.1628869303395501e-05 +1.0424840820804159e-05
  5.50000000 +5.0000000000000000e+00 +1.9999999996215299e+00 +1.8537270981703942e-03 +9.9995740687351653e-01 +9.9999999561601649e-01 +9.9999999571270293e-01 +9.9999999577420218e-01 +9.9999999560640151e-01 +1.0947294686601962e-05 +9.6179905637357115e-06 +8.4286392510809715e-06 +7.3716123596767449e-06 +6.2453405831740743e-06
  6.00000000 +5.0000000000000000e+00 +1.9999999838247879e+00 +1.8460202080195598e-03 +9.9997722985390880e-01 +9.9999999492763103e-01 +9.9999999506794379e-01 +9.9999999516018967e-01 +9.9999999504179360e-01 +6.5152878266896599e-06 +5.3426867365917566e-06 +4.4286643875246515e-06 +3.6450374420460328e-06 +2.8587140478182026e-06
  6.50000000 +5.0000000000000000e+00 +1.9999999757103808e+00 +1.8405833135557532e-03 +9.9999145186420457e-01 +9.9999999455657074e-01 +9.9999999471310075e-01 +9.9999999489786939e-01 +9.9999999476386670e-01 +3.0820285754644844e-06 +2.2472868352838181e-06 +1.5855034341732850e-06 +1.0388196272301169e-06 +6.1584002546033946e-07
  7.00000000 +5.0000000000000000e+00 +1.9999999891974682e+00 +1.8384579342644080e-03 +9.9999737184382542e-01 +9.9999999427274178e-01 +9.9999999445025867e-01 +9.9999999451126353e-01 +9.9999999437741316e-01 +8.7241668766989832e-07 +5.6496661547256594e-07 +3.3956592597689411e-07 +3.9612376185362897e-07 +4.7750155476366035e-07
  7.50000000 +5.0000000000000000e+00 +1.9999999531510968e+00 +1.8398892864880563e-03 +9.9999427406720187e-01 +9.9999999420897390e-01 +9.9999999427078934e-01 +9.9999999472055245e-01 +9.9999999444174226e-01 +3.8297792158827691e-07 +6.9796682386372941e-07 +9.8929716107020121e-07 +1.5404041392913897e-06 +2.1376718190328651e-06
  8.00000000 +5.0000000000000000e+00 +1.9999999573560885e+00 +1.8446591635747770e-03 +9.9998260010653939e-01 +9.9999999398461370e-01 +9.9999999444443299e-01 +9.9999999448736421e-01 +9.9999999461859945e-01 +1.8365685954216888e-06 +2.7898499437653548e-06 +3.4121124503663955e-06 +4.2014529928727566e-06 +5.1825503309855848e-06
  8.50000000 +5.0000000000000000e+00 +1.9999999564513840e+00 +1.8517196346779458e-03 +9.9996491552127098e-01 +9.9999999411980312e-01 +9.9999999436951514e-01 +9.9999999463802258e-01 +9.9999999434790254e-01 +4.8937748396659470e-06 +6.0429329759242358e-06 +7.0062923231761299e-06 +8.1060111100994517e-06 +9.0582013405703184e-06
  9.00000000 +5.0000000000000000e+00 +1.9999999226431171e+00 +1.8596737575181826e-03 +9.9994468524342373e-01 +9.9999999405658091e-01 +9.9999999416234653e-01 +9.9999999437737330e-01 +9.9999999401019091e-01 +9.0899016211848851e-06 +1.0171676265203633e-05 +1.0937164720665895e-05 +1.2235116204612653e-05 +1.2905439250617488e-05
  9.50000000 +5.0000000000000000e+00 +1.9999999100657233e+00 +1.8669460126155191e-03 +9.9992589837781010e-01 +9.9999999326535538e-01 +9.9999999317621824e-01 +9.9999999337034784e-01 +9.9999999302508968e-01 +1.3259096662885564e-05 +1.4323343253337761e-05 +1.4894759361932628e-05 +1.5643034778323209e-05 +1.6008795074581835e-05
 10.00000000 +5.0000000000000000e+00 +1.9999999126737902e+00 +1.8721869226318091e-03 +9.9991202034239346e-01 +9.9999999245896065e-01 +9.9999999228145420e-01 +9.9999999216950775e-01 +9.9999999214240864e-01 +1.6984538510127043e-05 +1.7451743563397282e-05 +1.7813069738637042e-05 +1.7822946099854448e-05 +1.7939213720516747e-05
 10.50000000 +5.0000000000000000e+00 +1.9999999235156258e+00 +1.8744857234776376e-03 +9.9990544797164571e-01 +9.9999999069248680e-01 +9.9999999046295585e-01 +9.9999999075461821e-01 +9.9999999034012421e-01 +1.9679358886340814e-05 +1.9321898249756280e-05 +1.8930225947028787e-05 +1.8746926747324226e-05 +1.7911016262042533e-05
 11.00000000 +5.0000000000000000e+00 +1.9999998926389730e+00 +1.8733919542054079e-03 +9.9990747075624253e-01 +9.9999998846011440e-01 +9.9999998916223665e-01 +9.9999998853718985e-01 +9.9999998747912289e-01 +2.0433805764985885e-05 +1.9694233521146910e-05 +1.8821314775264581e-05 +1.7549350350277429e-05 +1.6076908078081713e-05
 11.50000000 +5.0000000000000000e+00 +1.9999999013738634e+00 +1.8689296280365877e-03 +9.9991815689929575e-01 +9.9999998715426863e-01 +9.9999998711100013e-01 +9.9999998676870994e-01 +9.9999998638952303e-01 +1.9854491434973844e-05 +1.7890942393638142e-05 +1.6553752038897782e-05 +1.4718642935157266e-05 +1.2878536245356872e-05
 12.00000000 +5.0000000000000000e+00 +1.9999998919853259e+00 +1.8625818174842351e-03 +9.9993390850172370e-01 +9.9999998529783540e-01 +9.9999998422168412e-01 +9.9999998416909919e-01 +9.9999998397333500e-01 +1.7512779954264559e-05 +1.5116493332466787e-05 +1.3091518115111363e-05 +1.1396549308994640e-05 +9.0353327981564566e-06
 12.50000000 +5.0000000000000000e+00 +1.9999998945933681e+00 +1.8553383664211009e-03 +9.9995229433475297e-01 +9.9999998376092147e-01 +9.9999998299447079e-01 +9.9999998411888336e-01 +9.9999998222314590e-01 +1.3998056283012683e-05 +1.1560605814013253e-05 +9.5049948571674067e-06 +7.0888290581172598e-06 +5.6199077858213077e-06
 13.00000000 +5.0000000000000000e+00 +1.9999998335565616e+00 +1.8481080048954838e-03 +9.9997101460727411e-01 +9.9999998177525251e-01 +9.9999998134625490e-01 +9.9999998208403051e-01 +9.9999998136819312e-01 +9.7727748417740242e-06 +7.5929952889087942e-06 +5.3584320742154279e-06 +3.8729605807467643e-06 +2.4620919793678375e-06
 13.50000000 +5.0000000000000000e+00 +1.9999998275984461e+00 +1.8433680654082760e-03 +9.9998373026031195e-01 +9.9999997914218042e-01 +9.9999997956474052e-01 +9.9999997978451949e-01 +9.9999997887146741e-01 +6.1307517219702147e-06 +4.2705271604317033e-06 +2.6267616317793324e-06 +1.8976291949934052e-06 +1.4258497195491075e-06
 14.00000000 +5.0000000000000000e+00 +1.9999997749126026e+00 +1.8410383331159154e-03 +9.9999054632867634e-01 +9.9999997821472963e-01 +9.9999997886782288e-01 +9.9999997848685662e-01 +9.9999997831457643e-01 +2.9731007767554605e-06 +1.9634007129024481e-06 +1.3200536093515248e-06 +1.7641347087529427e-06 +1.5182796719637691e-06
 14.50000000 +5.0000000000000000e+00 +1.9999998795137148e+00 +1.8421019471278419e-03 +9.9998875442063240e-01 +9.9999997850733002e-01 +9.9999997961137033e-01 +9.9999997938079110e-01 +9.9999997959010722e-01 +1.4200388748554742e-06 +1.9386165404436799e-06 +1.9872180861387952e-06 +2.5452915938348741e-06 +3.4375374230600051e-06
 15.00000000 +5.0000000000000000e+00 +1.9999997604239890e+00 +1.8454745566128441e-03 +9.9998098108882416e-01 +9.9999997941252738e-01 +9.9999997747378810e-01 +9.9999997837484611e-01 +9.9999997951301522e-01 +1.9605555930371713e-06 +2.3064347556489725e-06 +3.8435728306004403e-06 +4.5737740499136736e-06 +6.4189514812782346e-06
 15.50000000 +5.0000000000000000e+00 +1.9999997947415209e+00 +1.8513032681827671e-03 +9.9996668275636036e-01 +9.9999997947687702e-01 +9.9999998026261749e-01 +9.9999997958237041e-01 +9.9999997845730038e-01 +3.7188533978315029e-06 +4.6743911461170688e-06 +6.7066104182098556e-06 +8.4031281220640723e-06 +9.8963042152674618e-06
 16.00000000 +5.0000000000000000e+00 +1.9999997413548369e+00 +1.8579422460819951e-03 +9.9994991237098430e-01 +9.9999997838033283e-01 +9.9999997829255971e-01 +9.9999997872991786e-01 +9.9999997842320709e-01 +6.3289467276494467e-06 +8.0536315102983839e-06 +1.0149822402053830e-05 +1.2047109466593957e-05 +1.3593926179179833e-05
 16.50000000 +5.0000000000000000e+00 +1.9999997669818304e+00 +1.8642273745819245e-03 +9.9993357089877311e-01 +9.9999997834903709e-01 +9.9999997842700039e-01 +9.9999998022444547e-01 +9.9999997832813026e-01 +1.0203870046911712e-05 +1.1809264612656593e-05 +1.3624797720871143e-05 +1.4996389460254436e-05 +1.5880656590665854e-05
 17.00000000 +5.0000000000000000e+00 +1.9999997664511455e+00 +1.8691235647363884e-03 +9.9992036124889694e-01 +9.9999997561080556e-01 +9.9999997589917899e-01 +9.9999997687126918e-01 +9.9999997588845912e-01 +1.4332655812655774e-05 +1.5363556161933041e-05 +1.6753284955483140e-05 +1.6744680133134095e-05 +1.6541140032860402e-05
 17.50000000 +5.0000000000000000e+00 +1.9999997834857948e+00 +1.8712648618790847e-03 +9.9991395572300434e-01 +9.9999997789136830e-01 +9.9999997669528451e-01 +9.9999997533917773e-01 +9.9999997305561728e-01 +1.7142337087620379e-05 +1.7601329102757534e-05 +1.8187397039333804e-05 +1.7308365943783001e-05 +1.5901685365157909e-05
 18.00000000 +5.0000000000000000e+00 +1.9999996648077056e+00 +1.8705556353557117e-03 +9.9991471871311355e-01 +9.9999997617898351e-01 +9.9999997514893779e-01 +9.9999997120635353e-01 +9.9999997192251600e-01 +1.8741204568400328e-05 +1.7988933373919940e-05 +1.7999265003534377e-05 +1.5709890166904006e-05 +1.4948719651292768e-05
 18.50000000 +5.0000000000000000e+00 +1.9999996254826218e+00 +1.8679708857895902e-03 +9.9992034939118557e-01 +9.9999997126312679e-01 +9.9999997115268568e-01 +9.9999996953727022e-01 +9.9999996525967039e-01 +1.9428310143074370e-05 +1.7906710761272569e-05 +1.6393101974410111e-05 +1.4563112796996970e-05 +1.1481642364100613e-05
 19.00000000 +5.0000000000000000e+00 +1.9999997626254733e+00 +1.8626710298598574e-03 +9.9993328025785955e-01 +9.9999997173153699e-01 +9.9999996667380009e-01 +9.9999996593439311e-01 +9.9999996247456835e-01 +1.8242168059828450e-05 +1.5845047552295504e-05 +1.3412355280338226e-05 +1.1018337024780635e-05 +8.3343679550590951e-06
 19.50000000 +5.0000000000000000e+00 +1.9999996574797818e+00 +1.8569617723144193e-03 +9.9994762389671576e-01 +9.9999996756553278e-01 +9.9999996384171153e-01 +9.9999996313648554e-01 +9.9999996217618292e-01 +1.5903478343289783e-05 +1.2963184570580419e-05 +1.0478684845224696e-05 +7.8627192292008666e-06 +5.3109708352087011e-06
 20.00000000 +5.0000000000000000e+00 +1.9999997348278626e+00 +1.8508634242186881e-03 +9.9996344663596248e-01 +9.9999996271200653e-01 +9.9999996436585969e-01 +9.9999996373292521e-01 +9.9999996141850089e-01 +1.1983415514403318e-05 +1.0156846744307058e-05 +6.8954321274847657e-06 +4.2465715679967350e-06 +3.4177907682291945e-06
 20.50000000 +5.0000000000000000e+00 +1.9999997180832463e+00 +1.8464980744164071e-03 +9.9997527469308345e-01 +9.9999996550509207e-01 +9.9999995873429115e-01 +9.9999996279538284e-01 +9.9999995612229842e-01 +8.6583257467734535e-06 +6.2771175732781060e-06 +4.5899984576924646e-06 +3.2120109645432953e-06 +2.1448637184395786e-06
 21.00000000 +5.0000000000000000e+00 +1.9999994519439874e+00 +1.8448746506480756e-03 +9.9998040656539178e-01 +9.9999996197830365e-01 +9.9999996532431712e-01 +9.9999995940441744e-01 +9.9999995369436823e-01 +6.1521402205687264e-06 +4.1724606714984920e-06 +3.2790700854250690e-06 +2.8089595608016972e-06 +3.3396696098898367e-06
 21.50000000 +5.0000000000000000e+00 +1.9999994397202037e+00 +1.8448263002342460e-03 +9.9998165151647833e-01 +9.9999996370277888e-01 +9.9999995636013284e-01 +9.9999995913126660e-01 +9.9999995879868409e-01 +4.3171751647134152e-06 +2.7570849668702134e-06 +2.9386712402984057e-06 +3.1798751753561516e-06 +5.3188306972981959e-06
 22.00000000 +5.0000000000000000e+00 +1.9999994734137287e+00 +1.8474694843882429e-03 +9.9997592221557785e-01 +9.9999995968762168e-01 +9.9999995689067200e-01 +9.9999995853038059e-01 +9.9999995369047656e-01 +3.4777769677938778e-06 +2.7944508743484122e-06 +4.6147324353270607e-06 +5.9608360331268079e-06 +7.4020062578930960e-06
 22.50000000 +5.0000000000000000e+00 +1.9999993037996882e+00 +1.8520449470670532e-03 +9.9996491527578046e-01 +9.9999996328636176e-01 +9.9999995691134780e-01 +9.9999996098758126e-01 +9.9999995056699131e-01 +3.7832278755991192e-06 +4.5302168618695296e-06 +7.2881727659955391e-06 +8.5518008038978317e-06 +1.1099426734031029e-05
 23.00000000 +5.0000000000000000e+00 +1.9999995642195494e+00 +1.8568754172164181e-03 +9.9995281901109345e-01 +9.9999996196840657e-01 +9.9999995594798519e-01 +9.9999995611788717e-01 +9.9999995585914792e-01 +5.6755203646875890e-06 +6.7654205450360014e-06 +1.0250849739693752e-05 +1.1429927369496362e-05 +1.3229537564326447e-05
 23.50000000 +5.0000000000000000e+00 +1.9999996341475723e+00 +1.8620304364986373e-03 +9.9993949574610586e-01 +9.9999996543943470e-01 +9.9999996061982421e-01 +9.9999995403262532e-01 +9.9999995874872727e-01 +8.1016411474037458e-06 +1.0266783026668251e-05 +1.2102468854094587e-05 +1.4390410105819598e-05 +1.5803541340802803e-05
 24.00000000 +5.0000000000000000e+00 +1.9999997149667250e+00 +1.8660477877205399e-03 +9.9992851827421891e-01 +9.9999996683937298e-01 +9.9999995742816361e-01 +9.9999995450596257e-01 +9.9999994643537438e-01 +1.1366082735342119e-05 +1.3058495469992521e-05 +1.5018531944406418e-05 +1.5981665470478099e-05 +1.6231050774086650e-05
 24.50000000 +5.0000000000000000e+00 +1.9999996488332277e+00 +1.8674061780687540e-03 +9.9992400049559016e-01 +9.9999995896809091e-01 +9.9999995625106675e-01 +9.9999995021662413e-01 +9.9999994881410770e-01 +1.3749908665012727e-05 +1.5291572714880477e-05 +1.6406230050894711e-05 +1.6042838370958979e-05 +1.4694910724409197e-05
 25.00000000 +5.0000000000000000e+00 +1.9999998362104621e+00 +1.8671594354330810e-03 +9.9992360718864914e-01 +9.9999995876725889e-01 +9.9999995074881209e-01 +9.9999994979520290e-01 +9.9999994403723913e-01 +1.5880672248433573e-05 +1.6453719352752058e-05 +1.6495129298897995e-05 +1.5492745229144887e-05 +1.2267367933695484e-05
 25.50000000 +5.0000000000000000e+00 +1.9999996963166524e+00 +1.8652996352045638e-03 +9.9992741846487787e-01 +9.9999996727859597e-01 +9.9999995147036147e-01 +9.9999995938396158e-01 +9.9999994263440883e-01 +1.7199827327294251e-05 +1.6513584021224328e-05 +1.5463876326616335e-05 +1.3747207837398158e-05 +9.8359616848135886e-06
 26.00000000 +5.0000000000000000e+00 +1.9999996401396167e+00 +1.8606161934594302e-03 +9.9993862098374320e-01 +9.9999995863646418e-01 +9.9999995189447011e-01 +9.9999993470523996e-01 +9.9999993609122817e-01 +1.6814348933546857e-05 +1.5117068724050057e-05 +1.3270454932518221e-05 +9.9318974144910300e-06 +6.4632488353491237e-06
 26.50000000 +5.0000000000000000e+00 +1.9999994888852894e+00 +1.8580089922648089e-03 +9.9994498823682221e-01 +9.9999995704089950e-01 +9.9999994863843844e-01 +9.9999994162524986e-01 +9.9999992594235620e-01 +1.6975861225320635e-05 +1.2788062423640110e-05 +1.0836168418373114e-05 +8.3781377799479309e-06 +6.2604068016496250e-06
 27.00000000 +5.0000000000000000e+00 +1.9999994953672455e+00 +1.8530618613516539e-03 +9.9995788576659794e-01 +9.9999995410319364e-01 +9.9999994156588778e-01 +9.9999993940818199e-01 +9.9999992790738124e-01 +1.3772505465100797e-05 +1.1011937189221251e-05 +8.0245693028803519e-06 +4.9854437269009129e-06 +4.5571581048364169e-06
 27.50000000 +5.0000000000000000e+00 +1.9999993530005751e+00 +1.8501835006963340e-03 +9.9996577094026373e-01 +9.9999995221975368e-01 +9.9999993650635499e-01 +9.9999994193453767e-01 +9.9999992878164845e-01 +1.0786928148101117e-05 +8.8403241107083951e-06 +6.2419002892082727e-06 +4.8086998442752536e-06 +3.7916243717491221e-06
 28.00000000 +5.0000000000000000e+00 +1.9999992495352212e+00 +1.8481920616695556e-03 +9.9997178260253949e-01 +9.9999996234015354e-01 +9.9999994598966935e-01 +9.9999993240291984e-01 +9.9999991952276346e-01 +9.2160713959435340e-06 +6.2250150540646027e-06 +3.8109077213272946e-06 +4.9405011444876617e-06 +4.2652401853801838e-06
 28.50000000 +5.0000000000000000e+00 +1.9999992868845191e+00 +1.8475455061279830e-03 +9.9997437435921754e-01 +9.9999995988362900e-01 +9.9999994307014517e-01 +9.9999993768405326e-01 +9.9999993393556619e-01 +5.6206855521681821e-06 +4.7789116932201558e-06 +4.1723818864059793e-06 +4.3012551785238903e-06 +6.9777747712694128e-06
 29.00000000 +5.0000000000000000e+00 +1.9999994194120585e+00 +1.8498685914516461e-03 +9.9996951398403278e-01 +9.9999994661057690e-01 +9.9999993596254455e-01 +9.9999992974310081e-01 +9.9999992882945199e-01 +5.7254242446575726e-06 +5.3301457821629186e-06 +5.3023825058075576e-06 +6.6382565341119902e-06 +7.7490026157388208e-06
 29.50000000 +5.0000000000000000e+00 +1.9999992898721870e+00 +1.8524354301709613e-03 +9.9996362835845465e-01 +9.9999995125736818e-01 +9.9999993150123034e-01 +9.9999994020204164e-01 +9.9999993336377857e-01 +3.2294298487464213e-06 +5.7897185911406016e-06 +7.7356268043837054e-06 +9.0476875485972810e-06 +1.0813180865454578e-05
 30.00000000 +5.0000000000000000e+00 +1.9999993088926202e+00 +1.8573513181431231e-03 +9.9995141667241516e-01 +9.9999994656681745e-01 +9.9999993316640667e-01 +9.9999991651532261e-01 +9.9999992566828855e-01 +6.8975427617612133e-06 +7.7668181406614057e-06 +9.5064442825347781e-06 +1.1241626599546317e-05 +1.3449160445035853e-05
 30.50000000 +5.0000000000000000e+00 +1.9999990524289826e+00 +1.8597314834331328e-03 +9.9994513031060750e-01 +9.9999996149160242e-01 +9.9999994009710014e-01 +9.9999993571979806e-01 +9.9999992318874609e-01 +7.0644915784744422e-06 +8.6809820920603141e-06 +1.1875108378951232e-05 +1.3496375179806634e-05 +1.3992031480874171e-05
 31.00000000 +5.0000000000000000e+00 +1.9999990072632465e+00 +1.8631145164638701e-03 +9.9993598037638987e-01 +9.9999996911016742e-01 +9.9999993940183329e-01 +9.9999993720997349e-01 +9.9999991405276267e-01 +9.3898640272503200e-06 +1.1968035554249064e-05 +1.3393229351498173e-05 +1.4326375557492290e-05 +1.5182049450386561e-05
 31.50000000 +5.0000000000000000e+00 +1.9999987515183419e+00 +1.8635163115571195e-03 +9.9993411972339807e-01 +9.9999993894155115e-01 +9.9999992594878906e-01 +9.9999992168396867e-01 +9.9999992442428776e-01 +1.1872669359655725e-05 +1.2589960602739750e-05 +1.4553557789916389e-05 +1.3297220840423292e-05 +1.3856230515288248e-05
 32.00000000 +5.0000000000000000e+00 +1.9999987424662746e+00 +1.8645601176711841e-03 +9.9993056620851883e-01 +9.9999994886111776e-01 +9.9999994712353790e-01 +9.9999993052315539e-01 +9.9999991603888916e-01 +1.4648938424932237e-05 +1.4574264233747014e-05 +1.5037291756492336e-05 +1.3581930652801852e-05 +1.1848339617689525e-05
 32.50000000 +5.0000000000000000e+00 +1.9999984235080828e+00 +1.8630573511664087e-03 +9.9993339615697241e-01 +9.9999996026525917e-01 +9.9999994336668874e-01 +9.9999993619896010e-01 +9.9999990131967886e-01 +1.4622837894705133e-05 +1.4993303272749255e-05 +1.5205950798070611e-05 +1.1631452660371830e-05 +1.0409744788081465e-05
 33.00000000 +5.0000000000000000e+00 +1.9999989362883968e+00 +1.8602231966685109e-03 +9.9994022183186859e-01 +9.9999995289012633e-01 +9.9999993253813169e-01 +9.9999992329048892e-01 +9.9999991762643470e-01 +1.4536448899485564e-05 +1.4911165520721768e-05 +1.1557630722290496e-05 +1.0748678917673360e-05 +8.2977020572750709e-06
 33.50000000 +5.0000000000000000e+00 +1.9999987004814437e+00 +1.8579060561342558e-03 +9.9994564314690659e-01 +9.9999995353191307e-01 +9.9999992795813575e-01 +9.9999991148967571e-01 +9.9999991394822962e-01 +1.6210495466426095e-05 +1.3592460865514853e-05 +1.1960865435985092e-05 +6.2373379079010296e-06 +6.6493412999147558e-06
 34.00000000 +5.0000000000000000e+00 +1.9999987739485128e+00 +1.8551936272139305e-03 +9.9995271017321852e-01 +9.9999993379431729e-01 +9.9999996015863069e-01 +9.9999991849199299e-01 +9.9999991033550706e-01 +1.4048624505525796e-05 +1.1689879394839864e-05 +9.0560691751526236e-06 +6.6120721321429850e-06 +6.1597949826114660e-06
 34.50000000 +5.0000000000000000e+00 +1.9999986143340536e+00 +1.8533250405087574e-03 +9.9995795106759822e-01 +9.9999996447547645e-01 +9.9999993393159003e-01 +9.9999992212340660e-01 +9.9999991046979564e-01 +1.2876973195266243e-05 +1.0112834920508502e-05 +7.9576026264762729e-06 +6.0779370882391095e-06 +5.2928050596556190e-06
 35.00000000 +5.0000000000000000e+00 +1.9999990073677054e+00 +1.8513365961933313e-03 +9.9996380023505327e-01 +9.9999995728525515e-01 +9.9999991888492223e-01 +9.9999990878689715e-01 +9.9999988943673102e-01 +1.1565172394758130e-05 +7.4053344658388955e-06 +5.9855972187150108e-06 +5.8638003722522250e-06 +5.7055064763683391e-06
 35.50000000 +5.0000000000000000e+00 +1.9999989501991893e+00 +1.8523061223498128e-03 +9.9996217467642723e-01 +9.9999995186116775e-01 +9.9999991712789538e-01 +9.9999991478329509e-01 +9.9999989194322636e-01 +9.7723455320088845e-06 +6.7400996663379199e-06 +5.6674094819650663e-06 +7.3903694389633050e-06 +8.5795651151565933e-06
 36.00000000 +5.0000000000000000e+00 +1.9999984755014946e+00 +1.8529067209775406e-03 +9.9996126833464138e-01 +9.9999995278677478e-01 +9.9999992871918131e-01 +9.9999988429703879e-01 +9.9999989736755612e-01 +7.8843302976247352e-06 +5.5277929791111069e-06 +7.9748800917005314e-06 +7.8777533163268588e-06 +9.8039627385834674e-06
 36.50000000 +5.0000000000000000e+00 +1.9999979974043032e+00 +1.8540096606908460e-03 +9.9995904936248825e-01 +9.9999993898170458e-01 +9.9999992487331912e-01 +9.9999992954252215e-01 +9.9999987984104721e-01 +6.0627084945115767e-06 +6.4972675685646996e-06 +8.2761116341653873e-06 +7.3329739243315039e-06 +1.3108486689837253e-05
 37.00000000 +5.0000000000000000e+00 +1.9999983712015801e+00 +1.8568832666462261e-03 +9.9995210622706621e-01 +9.9999991808926669e-01 +9.9999992166948570e-01 +9.9999991198249905e-01 +9.9999987780134736e-01 +6.0422606825544695e-06 +7.1606592202334912e-06 +1.0404802969347999e-05 +1.2844614238448401e-05 +1.1811375867871706e-05
 37.50000000 +5.0000000000000000e+00 +1.9999977413421635e+00 +1.8587474885985746e-03 +9.9994722178934037e-01 +9.9999995030882161e-01 +9.9999992070499100e-01 +9.9999991453394788e-01 +9.9999989338435591e-01 +9.4900182980568824e-06 +8.0867941910397674e-06 +1.0976588329065705e-05 +1.1361133022383898e-05 +1.3184518144437367e-05
 38.00000000 +5.0000000000000000e+00 +1.9999980302945484e+00 +1.8607029651753577e-03 +9.9994181855054154e-01 +9.9999996091309651e-01 +9.9999990732290134e-01 +9.9999990650518222e-01 +9.9999988755442548e-01 +9.1051934441572923e-06 +1.0779959716830408e-05 +1.2244964471100608e-05 +1.3119670693803254e-05 +1.3269172609219909e-05
 38.50000000 +5.0000000000000000e+00 +1.9999983309393896e+00 +1.8612299608186283e-03 +9.9994000798506821e-01 +9.9999995190651436e-01 +9.9999990818515860e-01 +9.9999991670314881e-01 +9.9999989210721740e-01 +9.6614704375423992e-06 +1.1802697349849911e-05 +1.4348779946105373e-05 +1.3281060531469079e-05 +1.1228181776974166e-05
 39.00000000 +5.0000000000000000e+00 +1.9999981827230824e+00 +1.8615890072823358e-03 +9.9993830728564592e-01 +9.9999994904156886e-01 +9.9999994003643367e-01 +9.9999993737142634e-01 +9.9999988750419888e-01 +1.1265716112203727e-05 +1.2807065622122985e-05 +1.3073402674844899e-05 +1.4499959394117445e-05 +1.0332190374312735e-05
 39.50000000 +5.0000000000000000e+00 +1.9999979977857048e+00 +1.8607359418544751e-03 +9.9993968355871288e-01 +9.9999995945762032e-01 +9.9999993822433797e-01 +9.9999991875353744e-01 +9.9999989125774547e-01 +1.2480477314376431e-05 +1.3756878866503863e-05 +1.2277630806291080e-05 +1.2572863831691946e-05 +9.5211351447606261e-06
 40.00000000 +5.0000000000000000e+00 +1.9999983534315153e+00 +1.8603413171665595e-03 +9.9994037911028077e-01 +9.9999991417871892e-01 +9.9999996206312802e-01 +9.9999988700042908e-01 +9.9999987410594837e-01 +1.3410199359338630e-05 +1.5616925615618885e-05 +1.3905321747349996e-05 +9.0266069930155866e-06 +8.0239461092672590e-06
 40.50000000 +5.0000000000000000e+00 +1.9999981231479163e+00 +1.8574728664598765e-03 +9.9994743578280643e-01 +9.9999996911722666e-01 +9.9999992215979339e-01 +9.9999992331061949e-01 +9.9999985839829675e-01 +1.4134525038111898e-05 +1.3349874712939849e-05 +1.1731154370876035e-05 +7.7064353849042653e-06 +5.9688349602508269e-06
 41.00000000 +5.0000000000000000e+00 +1.9999982779287702e+00 +1.8565629229095083e-03 +9.9994997268343133e-01 +9.9999991688087475e-01 +9.9999992240440283e-01 +9.9999988867094380e-01 +9.9999988095782577e-01 +1.5308036002825416e-05 +1.2536317552286759e-05 +9.7012951544863356e-06 +7.3349616676524119e-06 +5.5380230558313260e-06
 41.50000000 +5.0000000000000000e+00 +1.9999980311144703e+00 +1.8547180091043739e-03 +9.9995484856666184e-01 +9.9999994628275968e-01 +9.9999993808440080e-01 +9.9999988402716766e-01 +9.9999988223737446e-01 +1.3257366502918392e-05 +9.2264324779288634e-06 +7.9025832810209592e-06 +7.9241098870111648e-06 +7.1901646101525891e-06
 42.00000000 +5.0000000000000000e+00 +1.9999980211856783e+00 +1.8542786502469724e-03 +9.9995632523575517e-01 +9.9999993999727155e-01 +9.9999992783739544e-01 +9.9999985927309676e-01 +9.9999987092762621e-01 +1.3058337511455034e-05 +8.7981756532319375e-06 +8.5492356237498007e-06 +6.9252960453935403e-06 +6.7458316471237083e-06
 42.50000000 +5.0000000000000000e+00 +1.9999978854165379e+00 +1.8535872337727191e-03 +9.9995848023572209e-01 +9.9999999258620342e-01 +9.9999993036632318e-01 +9.9999985742099817e-01 +9.9999986917321371e-01 +8.8602032980144379e-06 +8.7169878737124700e-06 +8.8291788037499837e-06 +7.4313345605082243e-06 +8.0320430350932353e-06
 43.00000000 +5.0000000000000000e+00 +1.9999979982608143e+00 +1.8549020762769412e-03 +9.9995586572641137e-01 +9.9999993655604158e-01 +9.9999988399056705e-01 +9.9999991590744675e-01 +9.9999985959849813e-01 +9.3232485314783618e-06 +8.9141280280587472e-06 +7.6127898410053372e-06 +9.3896219005184580e-06 +9.2979262700569284e-06
 43.50000000 +5.0000000000000000e+00 +1.9999977221146084e+00 +1.8553587739952985e-03 +9.9995490077221461e-01 +9.9999995989794732e-01 +9.9999993463787029e-01 +9.9999988211227986e-01 +9.9999985043700257e-01 +8.4288030853873547e-06 +7.4880726355270030e-06 +8.3158914310740877e-06 +9.9616626153371736e-06 +1.1278421082105763e-05
 44.00000000 +5.0000000000000000e+00 +1.9999979108646055e+00 +1.8556610606459821e-03 +9.9995439901217864e-01 +9.9999992321248177e-01 +9.9999990144227813e-01 +9.9999985065323460e-01 +9.9999984367805717e-01 +8.0835250994159282e-06 +7.9237164833332700e-06 +9.5781834184357491e-06 +1.0351830224105045e-05 +1.0144208594330444e-05
 44.50000000 +5.0000000000000000e+00 +1.9999974325730732e+00 +1.8591686849542025e-03 +9.9994540607741200e-01 +9.9999993686314037e-01 +9.9999993266019516e-01 +9.9999984657722374e-01 +9.9999983816621096e-01 +1.1661783031684725e-05 +8.5942434951355377e-06 +9.7517466080599867e-06 +1.1806700328360013e-05 +1.3225917243278435e-05
 45.00000000 +5.0000000000000000e+00 +1.9999980327654918e+00 +1.8599552596633066e-03 +9.9994330478968285e-01 +9.9999995944257580e-01 +9.9999992685409345e-01 +9.9999990851874876e-01 +9.9999987693588210e-01 +9.8336082188524719e-06 +1.1115095647385954e-05 +1.1319781226947778e-05 +1.2047560934979533e-05 +1.2708140754238911e-05
 45.50000000 +5.0000000000000000e+00 +1.9999978848061455e+00 +1.8575028376629410e-03 +9.9994916985571658e-01 +9.9999996221701037e-01 +9.9999994814315574e-01 +9.9999992263426574e-01 +9.9999983964096439e-01 +9.4017058083775336e-06 +1.0174717545108630e-05 +1.1160431153213226e-05 +1.0287452649633004e-05 +1.0133488292058344e-05
 46.00000000 +5.0000000000000000e+00 +1.9999983369088994e+00 +1.8597220402681220e-03 +9.9994341342162174e-01 +9.9999996223284460e-01 +9.9999991504850549e-01 +9.9999985179349182e-01 +9.9999987088314768e-01 +9.9428872461402769e-06 +1.1627093415399059e-05 +1.3313132644999683e-05 +1.3869972404925804e-05 +8.2338461912748777e-06
 46.50000000 +5.0000000000000000e+00 +1.9999979935266410e+00 +1.8573793773987214e-03 +9.9994856945095079e-01 +9.9999994253928914e-01 +9.9999994439225992e-01 +9.9999994876891374e-01 +9.9999983325211350e-01 +1.0694716698147383e-05 +1.0869874366259480e-05 +1.1500211023576256e-05 +1.0741814559099727e-05 +7.9553745559097382e-06
 47.00000000 +5.0000000000000000e+00 +1.9999985806436924e+00 +1.8560409605265548e-03 +9.9995192959673462e-01 +9.9999998012063618e-01 +9.9999990068007893e-01 +9.9999987933277135e-01 +9.9999984806178732e-01 +1.2777576424788003e-05 +1.2137197744979267e-05 +1.0185030464618946e-05 +6.4682263644094664e-06 +6.8949113378091644e-06
 47.50000000 +5.0000000000000000e+00 +1.9999982625110475e+00 +1.8547369761062677e-03 +9.9995512074210879e-01 +9.9999996932562818e-01 +9.9999996014123227e-01 +9.9999988904856030e-01 +9.9999982610994553e-01 +1.2151132299714083e-05 +1.1069933543133004e-05 +9.5330845671075112e-06 +5.2550015418552357e-06 +7.2246789530845769e-06
 48.00000000 +5.0000000000000000e+00 +1.9999977321979765e+00 +1.8571687428492602e-03 +9.9994856599024651e-01 +9.9999993008468568e-01 +9.9999989487683938e-01 +9.9999993894312689e-01 +9.9999988360970160e-01 +1.2831063172205522e-05 +1.0826742185155719e-05 +1.1311360592279905e-05 +9.6566365195156627e-06 +7.1603055388703232e-06
 48.50000000 +5.0000000000000000e+00 +1.9999978376444958e+00 +1.8556592685330913e-03 +9.9995261348647657e-01 +9.9999996729499496e-01 +9.9999990720941001e-01 +9.9999987951040104e-01 +9.9999983706557793e-01 +1.1573996102443662e-05 +1.1027447501834364e-05 +9.9065482755648344e-06 +7.3263717457536621e-06 +7.9613962019731077e-06
 49.00000000 +5.0000000000000000e+00 +1.9999981856221227e+00 +1.8553336502765006e-03 +9.9995392873350231e-01 +9.9999995087926885e-01 +9.9999993714156432e-01 +9.9999988345084501e-01 +9.9999986904032856e-01 +1.3089118277771186e-05 +8.9724399153665246e-06 +9.8077967075964234e-06 +7.4365611839023785e-06 +7.1249529559748190e-06
 49.50000000 +5.0000000000000000e+00 +1.9999981669187314e+00 +1.8560506170118547e-03 +9.9995210341956853e-01 +9.9999995293265098e-01 +1.0000000112202154e+00 +9.9999988114705718e-01 +9.9999991368516705e-01 +1.3421042164395801e-05 +7.6776752994706730e-06 +8.3634930164951481e-06 +8.5759332359350158e-06 +1.0099514699196798e-05
 50.00000000 +5.0000000000000000e+00 +1.9999984911318114e+00 +1.8544488304917581e-03 +9.9995676242983944e-01 +1.0000000534153508e+00 +9.9999990671478289e-01 +9.9999995055471558e-01 +9.9999990541206596e-01 +1.1826053306222161e-05 +8.5447061529272139e-06 +7.4133416787804846e-06 +6.9752724574377893e-06 +8.6626040044079933e-06
 50.50000000 +5.0000000000000000e+00 +1.9999981989534779e+00 +1.8550906940789393e-03 +9.9995527603343626e-01 +9.9999998973157289e-01 +9.9999990297626173e-01 +9.9999984151872556e-01 +9.9999990838021346e-01 +7.9582100517154697e-06 +8.7290240220814946e-06 +7.6381745175514013e-06 +9.6007228735592354e-06 +1.1155464564747884e-05
 51.00000000 +5.0000000000000000e+00 +1.9999978156495413e+00 +1.8540735753127965e-03 +9.9995776851045592e-01 +9.9999989966424885e-01 +1.0000000059262950e+00 +9.9999987268377799e-01 +9.9999978891383856e-01 +6.9139914308363229e-06 +6.4401238459545667e-06 +1.0382466860416604e-05 +7.7562032992552802e-06 +1.1172286265652055e-05
 51.50000000 +5.0000000000000000e+00 +1.9999981070463135e+00 +1.8582218460763190e-03 +9.9994746220401276e-01 +9.9999996019691528e-01 +1.0000000263517801e+00 +9.9999988301601384e-01 +9.9999981999118992e-01 +1.1669764307052036e-05 +8.0642508045155185e-06 +8.7079496105624996e-06 +1.0894663595453142e-05 +1.3512289557017575e-05
 52.00000000 +5.0000000000000000e+00 +1.9999986993136427e+00 +1.8586949951988495e-03 +9.9994619728201939e-01 +9.9999993879908289e-01 +9.9999989582966919e-01 +9.9999975566702948e-01 +9.9999977956472252e-01 +1.0332030590669040e-05 +7.8441799801823213e-06 +1.1531747079585070e-05 +1.1425049842044854e-05 +1.3299967483608228e-05
 52.50000000 +5.0000000000000000e+00 +1.9999984909871593e+00 +1.8579412511170366e-03 +9.9994827935623598e-01 +9.9999990145893569e-01 +9.9999996396701618e-01 +9.9999992178402797e-01 +9.9999981546515626e-01 +1.0079884420140701e-05 +9.9591508943945990e-06 +1.1667274148168400e-05 +9.9526691458508935e-06 +1.0458272664668503e-05
 53.00000000 +5.0000000000000000e+00 +1.9999984476250905e+00 +1.8579428978241956e-03 +9.9994811207111578e-01 +9.9999991424435763e-01 +9.9999995947705334e-01 +9.9999991108065156e-01 +9.9999981622645362e-01 +1.0297798944951619e-05 +1.0675859600353983e-05 +1.1410033050381268e-05 +9.7858576419250131e-06 +1.0116747276662720e-05
 53.50000000 +5.0000000000000000e+00 +1.9999984042627998e+00 +1.8579445445397584e-03 +9.9994794478514193e-01 +9.9999992702984497e-01 +9.9999995498706717e-01 +9.9999990037722086e-01 +9.9999981698775475e-01 +1.0515714581845964e-05 +1.1392571963893684e-05 +1.1152790639815366e-05 +9.6190452867098042e-06 +9.7752201457500576e-06
 54.00000000 +5.0000000000000000e+00 +1.9999983609002883e+00 +1.8579461912637248e-03 +9.9994777749831465e-01 +9.9999993981539770e-01 +9.9999995049705881e-01 +9.9999988967373554e-01 +9.9999981774905988e-01 +1.0733631330832255e-05 +1.2109287985041695e-05 +1.0895546916460642e-05 +9.4522320801987514e-06 +9.4336912719171726e-06
 54.50000000 +5.0000000000000000e+00 +1.9999983175375549e+00 +1.8579478379960948e-03 +9.9994761021063305e-01 +9.9999995260101537e-01 +9.9999994600702702e-01 +9.9999987897019527e-01 +9.9999981851036890e-01 +1.0951549191919000e-05 +1.2826007663826012e-05 +1.0638301880307048e-05 +9.2854180223853377e-06 +9.0921606551507211e-06
 55.00000000 +5.0000000000000000e+00 +1.9999982741746010e+00 +1.8579494847368687e-03 +9.9994744292209803e-01 +9.9999996538669855e-01 +9.9999994151697236e-01 +9.9999986826660070e-01 +9.9999981927168169e-01 +1.1169468165114712e-05 +1.3542731000274643e-05 +1.0381055531344532e-05 +9.1186031132630427e-06 +8.7506282954373608e-06
 55.50000000 +5.0000000000000000e+00 +1.9999982308114255e+00 +1.8579511314860469e-03 +9.9994727563270958e-01 +9.9999997817244690e-01 +9.9999993702689494e-01 +9.9999985756295140e-01 +9.9999982003299870e-01 +1.1387388250427909e-05 +1.4259457994415581e-05 +1.0123807869563050e-05 +8.9517873528253577e-06 +8.4090941927637558e-06
 56.00000000 +5.0000000000000000e+00 +1.9999982621458297e+00 +1.8574459459712283e-03 +9.9994863966343739e-01 +9.9999997981867994e-01 +9.9999994089892930e-01 +9.9999985901096156e-01 +9.9999983059501296e-01 +1.0741104814159667e-05 +1.3212793166642495e-05 +1.0309537459655815e-05 +8.8708388741860644e-06 +8.6156475462479931e-06
 56.50000000 +5.0000000000000000e+00 +1.9999982934804799e+00 +1.8569407565003485e-03 +9.9995000370484732e-01 +9.9999998146492575e-01 +9.9999994477099419e-01 +9.9999986045898337e-01 +9.9999984115711016e-01 +1.0094816316904617e-05 +1.2166120142532340e-05 +1.0495268504180109e-05 +8.7898897616465969e-06 +8.8222025172327567e-06
 57.00000000 +5.0000000000000000e+00 +1.9999983248153748e+00 +1.8564355630733597e-03 +9.9995136775693827e-01 +9.9999998311118432e-01 +9.9999994864308894e-01 +9.9999986190701595e-01 +9.9999985171928985e-01 +9.4485227586033102e-06 +1.1119438921988841e-05 +1.0681001003153013e-05 +8.7089400151995099e-06 +9.0287591057370407e-06
 57.50000000 +5.0000000000000000e+00 +1.9999983561505152e+00 +1.8559303656902162e-03 +9.9995273181971145e-01 +9.9999998475745600e-01 +9.9999995251521434e-01 +9.9999986335506008e-01 +9.9999986228155202e-01 +8.8022241391963013e-06 +1.0072749504915715e-05 +1.0866734956591611e-05 +8.6279896348373561e-06 +9.2353173117798490e-06
 58.00000000 +5.0000000000000000e+00 +1.9999983874859006e+00 +1.8554251643508714e-03 +9.9995409589316653e-01 +9.9999998640374055e-01 +9.9999995638736994e-01 +9.9999986480311542e-01 +9.9999987284389713e-01 +8.1559204586241350e-06 +9.0260518912166888e-06 +1.1052470364512991e-05 +8.5470386205526903e-06 +9.4418771353801839e-06
 58.50000000 +5.0000000000000000e+00 +1.9999984188215323e+00 +1.8549199590552794e-03 +9.9995545997730384e-01 +9.9999998805003798e-01 +9.9999996025955618e-01 +9.9999986625118242e-01 +9.9999988340632517e-01 +7.5096117168273655e-06 +7.9793460807954752e-06 +1.1238207226934239e-05 +8.4660869723380685e-06 +9.6484385765570427e-06
 59.00000000 +5.0000000000000000e+00 +1.9999986149871190e+00 +1.8553626034601026e-03 +9.9995427136974824e-01 +9.9999996704888494e-01 +9.9999994824876515e-01 +9.9999985191553298e-01 +9.9999987549444114e-01 +8.0964798752375998e-06 +8.8168476979444101e-06 +1.1023663927648384e-05 +8.3823067105064869e-06 +9.7662810487113212e-06
 59.50000000 +5.0000000000000000e+00 +1.9999988111513574e+00 +1.8558052448193918e-03 +9.9995308277037120e-01 +9.9999994604787701e-01 +9.9999993623805683e-01 +9.9999983757998256e-01 +9.9999986758261228e-01 +8.6833439958069268e-06 +9.6543435528139585e-06 +1.0809122104489154e-05 +8.2985270251099503e-06 +9.8841227100716492e-06
 60.00000000 +5.0000000000000000e+00 +1.9999990073142448e+00 +1.8562478831331763e-03 +9.9995189417917174e-01 +9.9999992504701296e-01 +9.9999992422743134e-01 +9.9999982324453052e-01 +9.9999985967083727e-01 +9.2702040785770128e-06 +1.0491833645463587e-05 +1.0594581757441307e-05 +8.2147479161424956e-06 +1.0001963560646387e-05
 60.50000000 +5.0000000000000000e+00 +1.9999992034757830e+00 +1.8566905184014880e-03 +9.9995070559614985e-01 +9.9999990404629358e-01 +9.9999991221688800e-01 +9.9999980890917683e-01 +9.9999985175911654e-01 +9.8570601235895302e-06 +1.1329317975952764e-05 +1.0380042886489609e-05 +8.1309693835981816e-06 +1.0119803600443903e-05
 61.00000000 +5.0000000000000000e+00 +1.9999993996359715e+00 +1.8571331506243595e-03 +9.9994951702130619e-01 +9.9999988304571852e-01 +9.9999990020642748e-01 +9.9999979457392207e-01 +9.9999984384745078e-01 +1.0443912130886155e-05 +1.2166796544340962e-05 +1.0165505491618830e-05 +8.0471914274710572e-06 +1.0237642829472570e-05
 61.50000000 +5.0000000000000000e+00 +1.9999995957948102e+00 +1.8575757798018210e-03 +9.9994832845463999e-01 +9.9999986204528823e-01 +9.9999988819604968e-01 +9.9999978023876601e-01 +9.9999983593583908e-01 +1.1030760100508552e-05 +1.3004269350687641e-05 +9.9509695728137355e-06 +7.9634140477551744e-06 +1.0355481247740753e-05
 62.00000000 +5.0000000000000000e+00 +1.9999993191996193e+00 +1.8571456362004952e-03 +9.9994944570206235e-01 +9.9999988924021999e-01 +9.9999986547471353e-01 +9.9999980389672560e-01 +9.9999982478479110e-01 +1.0881040600188169e-05 +1.2534279527461977e-05 +9.6522043446566811e-06 +8.2729899169100010e-06 +9.8301245547766818e-06
 62.50000000 +5.0000000000000000e+00 +1.9999990425973730e+00 +1.8567154816267770e-03 +9.9995056297798424e-01 +9.9999991643584540e-01 +9.9999984275279774e-01 +9.9999982755528882e-01 +9.9999981363345869e-01 +1.0731317280722067e-05 +1.2064277715419780e-05 +9.3534314953952346e-06 +8.5825736829343229e-06 +9.3047544606607287e-06
 63.00000000 +5.0000000000000000e+00 +1.9999987659880705e+00 +1.8562853160802467e-03 +9.9995168028240666e-01 +9.9999994363216449e-01 +9.9999982003030219e-01 +9.9999985121445545e-01 +9.9999980248184162e-01 +1.0581590141964114e-05 +1.1594263914102321e-05 +9.0546510247377844e-06 +8.8921653461302953e-06 +8.7793709648801167e-06
 63.50000000 +5.0000000000000000e+00 +1.9999984893717122e+00 +1.8558551395604845e-03 +9.9995279761533074e-01 +9.9999997082917713e-01 +9.9999979730722721e-01 +9.9999987487422559e-01 +9.9999979132994032e-01 +1.0431859183768171e-05 +1.1124238123050839e-05 +8.7558629323927091e-06 +9.2017649068001057e-06 +8.2539740669220452e-06
 64.00000000 +5.0000000000000000e+00 +1.9999982127482971e+00 +1.8554249520670702e-03 +9.9995391497675767e-01 +9.9999999802688389e-01 +9.9999977458357248e-01 +9.9999989853459925e-01 +9.9999978017775426e-01 +1.0282124405988086e-05 +1.0654200341806555e-05 +8.4570672180683634e-06 +9.5113723652459400e-06 +7.7285637662736866e-06
 64.50000000 +5.0000000000000000e+00 +1.9999979361178259e+00 +1.8549947535995849e-03 +9.9995503236668870e-01 +1.0000000252252845e+00 +9.9999975185933832e-01 +9.9999992219557665e-01 +9.9999976902528420e-01 +1.0132385808477705e-05 +1.0184150569910667e-05 +8.1582638814731001e-06 +9.8209877217700109e-06 +7.2031400624221887e-06
 65.00000000 +5.0000000000000000e+00 +1.9999979708031048e+00 +1.8554537732279087e-03 +9.9995389267171486e-01 +1.0000000425982591e+00 +9.9999976953811931e-01 +9.9999990094600943e-01 +9.9999978053089411e-01 +1.0281339585083334e-05 +1.0421856467408378e-05 +8.8746349966460871e-06 +9.6940231321329506e-06 +7.3415586731975667e-06
 65.50000000 +5.0000000000000000e+00 +1.9999980054858313e+00 +1.8559127590714658e-03 +9.9995275306062437e-01 +1.0000000599699548e+00 +9.9999978721559857e-01 +9.9999987969800574e-01 +9.9999979203565692e-01 +1.0430282398391847e-05 +1.0659544869274632e-05 +9.5909533854662611e-06 +9.5670678873446750e-06 +7.4799670960851942e-06
 66.00000000 +5.0000000000000000e+00 +1.9999980401660047e+00 +1.8563717111339864e-03 +9.9995161353340878e-01 +1.0000000773403721e+00 +9.9999980489177709e-01 +9.9999985845156614e-01 +9.9999980353957274e-01 +1.0579214249613585e-05 +1.0897215777440929e-05 +1.0307219053754565e-05 +9.4401219863735284e-06 +7.6183653322098082e-06
 66.50000000 +5.0000000000000000e+00 +1.9999980748436257e+00 +1.8568306294191993e-03 +9.9995047409005844e-01 +1.0000000947095111e+00 +9.9999982256665465e-01 +9.9999983720669039e-01 +9.9999981504264235e-01 +1.0728135139958712e-05 +1.1134869193838488e-05 +1.1023432007331068e-05 +9.3131854281879991e-06 +7.7567533826959736e-06
 67.00000000 +5.0000000000000000e+00 +1.9999981095186941e+00 +1.8572895139308337e-03 +9.9994933473056413e-01 +1.0000001120773716e+00 +9.9999984024023147e-01 +9.9999981596337795e-01 +9.9999982654486508e-01 +1.0877045070637195e-05 +1.1372505120398234e-05 +1.1739592252014992e-05 +9.1862582117567263e-06 +7.8951312486680903e-06
 67.50000000 +5.0000000000000000e+00 +1.9999981441912118e+00 +1.8577483646726172e-03 +9.9994819545491664e-01 +1.0000001294439542e+00 +9.9999985791250756e-01 +9.9999979472162881e-01 +9.9999983804624171e-01 +1.1025944042858850e-05 +1.1610123559050819e-05 +1.2455699793624707e-05 +9.0593403360485100e-06 +8.0334989312503955e-06
 68.00000000 +5.0000000000000000e+00 +1.9999981524829995e+00 +1.8574539939047500e-03 +9.9994892145660097e-01 +1.0000000910207973e+00 +9.9999988821945807e-01 +9.9999981253681136e-01 +9.9999981813440164e-01 +1.0629781652256915e-05 +1.1872246209809081e-05 +1.1733361932059233e-05 +8.5540017251341802e-06 +8.6794017101265221e-06
 68.50000000 +5.0000000000000000e+00 +1.9999981607744688e+00 +1.8571596344219492e-03 +9.9994964743045300e-01 +1.0000000525991131e+00 +9.9999991852524650e-01 +9.9999983035131079e-01 +9.9999979822332496e-01 +1.0233634449029321e-05 +1.2134358811771910e-05 +1.1011051762207474e-05 +8.0486824869993878e-06 +9.3252797275221934e-06
 69.00000000 +5.0000000000000000e+00 +1.9999981690656199e+00 +1.8568652862235662e-03 +9.9995037337647430e-01 +1.0000000141789016e+00 +9.9999994882987298e-01 +9.9999984816512733e-01 +9.9999977831301157e-01 +9.8375024323027420e-06 +1.2396461365517143e-05 +1.0288769282477066e-05 +7.5433826205301314e-06 +9.9711329848612736e-06
 69.50000000 +5.0000000000000000e+00 +1.9999981773564539e+00 +1.8565709493089525e-03 +9.9995109929466697e-01 +9.9999997576016342e-01 +9.9999997913333782e-01 +9.9999986597826118e-01 +9.9999975840346134e-01 +9.4413856012039296e-06 +1.2658553871622582e-05 +9.5665144912757710e-06 +7.0381021246125032e-06 +1.0616961483567525e-05
 70.00000000 +5.0000000000000000e+00 +1.9999981856469697e+00 +1.8562766236774589e-03 +9.9995182518503223e-01 +9.9999993734289783e-01 +1.0000000094356412e+00 +9.9999988379071170e-01 +9.9999973849467427e-01 +9.0452839548596889e-06 +1.2920636330665970e-05 +8.8442873870114632e-06 +6.5328409981326718e-06 +1.1262765225064587e-05
 70.50000000 +5.0000000000000000e+00 +1.9999981939371683e+00 +1.8559823093284369e-03 +9.9995255104757175e-01 +9.9999989892710484e-01 +1.0000000397367830e+00 +9.9999990160247987e-01 +9.9999971858665071e-01 +8.6491974923969018e-06 +1.3182708743225016e-05 +8.1220879680921539e-06 +6.0275992399769009e-06 +1.1908544210776007e-05
 71.00000000 +5.0000000000000000e+00 +1.9999983797015517e+00 +1.8560328700927915e-03 +9.9995243616494611e-01 +9.9999993196099535e-01 +1.0000000079198843e+00 +9.9999988243057125e-01 +9.9999968566820463e-01 +8.4378213193344872e-06 +1.3911240283244783e-05 +8.2350575670195377e-06 +6.5311088444131974e-06 +1.0940680409011477e-05
 71.50000000 +5.0000000000000000e+00 +1.9999985654558263e+00 +1.8560834281056439e-03 +9.9995232128857270e-01 +9.9999996499308841e-01 +9.9999997610471703e-01 +9.9999986325970647e-01 +9.9999965275155045e-01 +8.2264566493014875e-06 +1.4639732176791586e-05 +8.3480210181744483e-06 +7.0345910480043361e-06 +9.9728692781114852e-06
 72.00000000 +5.0000000000000000e+00 +1.9999987511999924e+00 +1.8561339833672193e-03 +9.9995220641845062e-01 +9.9999999802338391e-01 +9.9999994429128114e-01 +9.9999984408988440e-01 +9.9999961983668728e-01 +8.0151034813589344e-06 +1.5368184427101652e-05 +8.4609783220587052e-06 +7.5380458529869717e-06 +9.0051108137766451e-06
 72.50000000 +5.0000000000000000e+00 +1.9999989369340510e+00 +1.8561845358777416e-03 +9.9995209155457898e-01 +1.0000000310518820e+00 +9.9999991247957609e-01 +9.9999982492110551e-01 +9.9999958692361501e-01 +7.8037618145679698e-06 +1.6096597037410866e-05 +8.5739294791740840e-06 +8.0414732615975185e-06 +8.0374050117080458e-06
 73.00000000 +5.0000000000000000e+00 +1.9999991226580027e+00 +1.8562350856374359e-03 +9.9995197669695801e-01 +1.0000000640785827e+00 +9.9999988066960266e-01 +9.9999980575337000e-01 +9.9999955401233409e-01 +7.5924316479898406e-06 +1.6824970010954769e-05 +8.6868744900223026e-06 +8.5448732760721521e-06 +7.0697518676072375e-06
 73.50000000 +5.0000000000000000e+00 +1.9999993083718484e+00 +1.8562856326465266e-03 +9.9995186184558704e-01 +1.0000000971034866e+00 +9.9999984886135984e-01 +9.9999978658667743e-01 +9.9999952110284385e-01 +7.3811129806858888e-06 +1.7553303350968534e-05 +8.7998133551050214e-06 +9.0482458986467989e-06 +6.1021513771762429e-06
 74.00000000 +5.0000000000000000e+00 +1.9999992689630195e+00 +1.8563656160333133e-03 +9.9995157138879043e-01 +1.0000000893438870e+00 +9.9999988425645459e-01 +9.9999980018829893e-01 +9.9999959694550655e-01 +7.8054958314093124e-06 +1.6019924714666131e-05 +8.9789961383533746e-06 +9.6101871419229294e-06 +6.6433095302004936e-06
 74.50000000 +5.0000000000000000e+00 +1.9999992295544318e+00 +1.8564455989286449e-03 +9.9995128093377839e-01 +1.0000000815843346e+00 +9.9999991965133161e-01 +9.9999981378983693e-01 +9.9999967278770274e-01 +8.2298760745300851e-06 +1.4486555500144510e-05 +9.1581778206206222e-06 +1.0172124932374631e-05 +7.1844643581011451e-06
 75.00000000 +5.0000000000000000e+00 +1.9999991901460865e+00 +1.8565255813325268e-03 +9.9995099048055125e-01 +1.0000000738248300e+00 +9.9999995504599104e-01 +9.9999982739129134e-01 +9.9999974862943319e-01 +8.6542537100722522e-06 +1.2953195707316834e-05 +9.3373584019169165e-06 +1.0734059270033737e-05 +7.7256158609088483e-06
 75.50000000 +5.0000000000000000e+00 +1.9999991507379835e+00 +1.8566055632449631e-03 +9.9995070002910857e-01 +1.0000000660653732e+00 +9.9999999044043297e-01 +9.9999984099266193e-01 +9.9999982447069746e-01 +9.0786287380598374e-06 +1.1419845336096265e-05 +9.5165378822523966e-06 +1.1295990154932063e-05 +8.2667640386542453e-06
 76.00000000 +5.0000000000000000e+00 +1.9999991113301228e+00 +1.8566855446659584e-03 +9.9995040957945069e-01 +1.0000000583059643e+00 +1.0000000258346580e+00 +9.9999985459394913e-01 +9.9999990031149610e-01 +9.5030011585168795e-06 +9.8865043863959715e-06 +9.6957162616372201e-06 +1.1857917587101436e-05 +8.8079088913679860e-06
 76.50000000 +5.0000000000000000e+00 +1.9999990719225045e+00 +1.8567655255955177e-03 +9.9995011913157750e-01 +1.0000000505466027e+00 +1.0000000612286650e+00 +9.9999986819515285e-01 +9.9999997615182845e-01 +9.9273709714674087e-06 +8.3531728581291178e-06 +9.8748935400815277e-06 +1.2419841566573679e-05 +9.3490504190807144e-06
 77.00000000 +5.0000000000000000e+00 +1.9999992031269509e+00 +1.8569023641348689e-03 +9.9994986816346532e-01 +1.0000000333501347e+00 +1.0000000561220006e+00 +9.9999990612952450e-01 +9.9999992372977042e-01 +1.0273865024549958e-05 +8.1752191468619245e-06 +1.0234347788839326e-05 +1.2548016003950312e-05 +8.9807192239562555e-06
 77.50000000 +5.0000000000000000e+00 +1.9999993343251310e+00 +1.8570391961384744e-03 +9.9994961720733966e-01 +1.0000000161544877e+00 +1.0000000510155798e+00 +9.9999994406208403e-01 +9.9999987131021562e-01 +1.0620342528223250e-05 +7.9972739351022103e-06 +1.0593784869177011e-05 +1.2676184319400170e-05 +8.6124056212367312e-06
 78.00000000 +5.0000000000000000e+00 +1.9999994655170448e+00 +1.8571760216068024e-03 +9.9994936626320030e-01 +9.9999999895966196e-01 +1.0000000459094029e+00 +9.9999998199283191e-01 +9.9999981889316469e-01 +1.0966803483672923e-05 +7.8193372222410549e-06 +1.0953204782324560e-05 +1.2804346513361842e-05 +8.2441096096617868e-06
 78.50000000 +5.0000000000000000e+00 +1.9999995967026922e+00 +1.8573128405403212e-03 +9.9994911533104580e-01 +9.9999998176565719e-01 +1.0000000408034699e+00 +1.0000000199217685e+00 +9.9999976647861732e-01 +1.1313247892084492e-05 +7.6414090076695926e-06 +1.1312607529511834e-05 +1.2932502586273876e-05 +7.8758311879711866e-06
 79.00000000 +5.0000000000000000e+00 +1.9999997278820754e+00 +1.8574496529394991e-03 +9.9994886441087560e-01 +9.9999996457247409e-01 +1.0000000356977810e+00 +1.0000000578488932e+00 +9.9999971406657284e-01 +1.1659675754643367e-05 +7.4634892907790227e-06 +1.1671993111968583e-05 +1.3060652538574775e-05 +7.5075703549048164e-06
 79.50000000 +5.0000000000000000e+00 +1.9999998590551933e+00 +1.8575864588048041e-03 +9.9994861350268904e-01 +9.9999994738011211e-01 +1.0000000305923358e+00 +1.0000000957742070e+00 +9.9999966165703202e-01 +1.2006087072534839e-05 +7.2855780709605960e-06 +1.2031361530924427e-05 +1.3188796370702996e-05 +7.1393271092026852e-06
 80.00000000 +5.0000000000000000e+00 +1.9999994943622958e+00 +1.8578839493933210e-03 +9.9994780582016163e-01 +9.9999995438835187e-01 +1.0000000133070559e+00 +1.0000000389742885e+00 +9.9999963383242552e-01 +1.1826702499916703e-05 +7.2525432984993121e-06 +1.2584696140116779e-05 +1.3552661014747640e-05 +7.3370848489234731e-06
 80.50000000 +5.0000000000000000e+00 +1.9999991296862736e+00 +1.8581814262163662e-03 +9.9994699817500776e-01 +9.9999996139626768e-01 +9.9999999602257605e-01 +9.9999998217699826e-01 +9.9999960600910709e-01 +1.1647326227774053e-05 +7.2195100546216471e-06 +1.3138005145433110e-05 +1.3916508822062612e-05 +7.5348334380063568e-06
 81.00000000 +5.0000000000000000e+00 +1.9999987650271254e+00 +1.8584788892748946e-03 +9.9994619056722400e-01 +9.9999996840385907e-01 +9.9999997873889579e-01 +9.9999992538233606e-01 +9.9999957818707574e-01 +1.1467958255530781e-05 +7.1864783392215051e-06 +1.3691288548650488e-05 +1.4280339793816479e-05 +7.7325728770864432e-06
 81.50000000 +5.0000000000000000e+00 +1.9999984003848497e+00 +1.8587763385698615e-03 +9.9994538299680824e-01 +9.9999997541112629e-01 +9.9999996145601577e-01 +9.9999986859030188e-01 +9.9999955036633170e-01 +1.1288598582610835e-05 +7.1534481521928043e-06 +1.4244546351545820e-05 +1.4644153931177720e-05 +7.9303031667987876e-06
 82.00000000 +5.0000000000000000e+00 +1.9999980357594460e+00 +1.8590737741022224e-03 +9.9994457546375792e-01 +9.9999998241806931e-01 +9.9999994417393478e-01 +9.9999981180089526e-01 +9.9999952254687519e-01 +1.1109247208438215e-05 +7.1204194934294710e-06 +1.4797778555895852e-05 +1.5007951235314681e-05 +8.1280243077783861e-06
 82.50000000 +5.0000000000000000e+00 +1.9999976711509122e+00 +1.8593711958729323e-03 +9.9994376796807005e-01 +9.9999998942468804e-01 +9.9999992689265371e-01 +9.9999975501411631e-01 +9.9999949472870553e-01 +1.0929904132436977e-05 +7.0873923628254397e-06 +1.5350985163477157e-05 +1.5371731707395624e-05 +8.3257363006601713e-06
 83.00000000 +5.0000000000000000e+00 +1.9999976547740745e+00 +1.8578562328747199e-03 +9.9994759453281268e-01 +9.9999999674420714e-01 +9.9999993790217001e-01 +9.9999976762194331e-01 +9.9999955284345410e-01 +1.0025729105936633e-05 +6.6370667654498787e-06 +1.3816002529524993e-05 +1.4725003452795616e-05 +7.9463850960074657e-06
 83.50000000 +5.0000000000000000e+00 +1.9999976383973430e+00 +1.8563412796433804e-03 +9.9995142107288570e-01 +1.0000000040636792e+00 +9.9999994891161548e-01 +9.9999978022968927e-01 +9.9999961095782830e-01 +9.1215599085965389e-06 +6.1867440712954831e-06 +1.2281029791510560e-05 +1.4078279367612514e-05 +7.5670363370084184e-06
 84.00000000 +5.0000000000000000e+00 +1.9999976220207167e+00 +1.8548263361788187e-03 +9.9995524758828935e-01 +1.0000000113831042e+00 +9.9999995992098978e-01 +9.9999979283735352e-01 +9.9999966907182747e-01 +8.2173965403603245e-06 +5.7364242803341729e-06 +1.0746066949338153e-05 +1.3431559451805986e-05 +7.1876900236393825e-06
 84.50000000 +5.0000000000000000e+00 +1.9999976056441957e+00 +1.8533114024809404e-03 +9.9995907407902407e-01 +1.0000000187024822e+00 +9.9999997093029336e-01 +9.9999980544493694e-01 +9.9999972718545227e-01 +7.3132390011716208e-06 +5.2861073925378767e-06 +9.2111140029120761e-06 +1.2784843705335719e-05 +6.8083461558767057e-06
 85.00000000 +5.0000000000000000e+00 +1.9999975892677810e+00 +1.8517964785496508e-03 +9.9996290054508963e-01 +1.0000000260218125e+00 +9.9999998193952577e-01 +9.9999981805243865e-01 +9.9999978529870204e-01 +6.4090872909740578e-06 +4.8357934078785170e-06 +7.6761709521366315e-06 +1.2138132128161388e-05 +6.4290047336967379e-06
 85.50000000 +5.0000000000000000e+00 +1.9999975728914714e+00 +1.8502815643848562e-03 +9.9996672698648659e-01 +1.0000000333410959e+00 +9.9999999294868736e-01 +9.9999983065985942e-01 +9.9999984341157755e-01 +5.5049414097112690e-06 +4.3854823263280214e-06 +6.1412377969161340e-06 +1.1491424720242681e-05 +6.0496657570758315e-06
 86.00000000 +5.0000000000000000e+00 +1.9999973865095766e+00 +1.8515028236160604e-03 +9.9996362445995057e-01 +1.0000000249500818e+00 +9.9999996695089188e-01 +9.9999982553150379e-01 +9.9999979297396524e-01 +6.0475898891593256e-06 +5.6437332255533238e-06 +6.6673512052686770e-06 +1.1542696662450802e-05 +6.8637819354003353e-06
 86.50000000 +5.0000000000000000e+00 +1.9999972001327060e+00 +1.8527240499284334e-03 +9.9996052201704266e-01 +1.0000000165592944e+00 +9.9999994095379752e-01 +9.9999982040328661e-01 +9.9999974253771273e-01 +6.5902237416112703e-06 +6.9019502088427910e-06 +7.1934504323250976e-06 +1.1593967222632572e-05 +7.6778761693637558e-06
 87.00000000 +5.0000000000000000e+00 +1.9999970137608587e+00 +1.8539452433233049e-03 +9.9995741965775919e-01 +1.0000000081687324e+00 +9.9999991495740359e-01 +9.9999981527520720e-01 +9.9999969210281958e-01 +7.1328429676584964e-06 +8.1601332775676996e-06 +7.7195354786587660e-06 +1.1645236400843863e-05 +8.4919484598533371e-06
 87.50000000 +5.0000000000000000e+00 +1.9999968273940349e+00 +1.8551664038020063e-03 +9.9995431738209728e-01 +9.9999999977839693e-01 +9.9999988896171044e-01 +9.9999981014726635e-01 +9.9999964166928579e-01 +7.6754475678923684e-06 +9.4182824330992539e-06 +8.2456063448430278e-06 +1.1696504197140552e-05 +9.3059988077562835e-06
 88.00000000 +5.0000000000000000e+00 +1.9999966410322354e+00 +1.8563875313658696e-03 +9.9995121519005370e-01 +9.9999999138828788e-01 +9.9999986296671839e-01 +9.9999980501946384e-01 +9.9999959123711180e-01 +8.2180375429042203e-06 +1.0676397676808597e-05 +8.7716630314511988e-06 +1.1747770611578519e-05 +1.0120027213959752e-05
 88.50000000 +5.0000000000000000e+00 +1.9999964546754581e+00 +1.8576086260162236e-03 +9.9994811308162401e-01 +9.9999998299840454e-01 +9.9999983697242645e-01 +9.9999979989179932e-01 +9.9999954080629661e-01 +8.7606128932853405e-06 +1.1934479010066766e-05 +9.2977055390565511e-06 +1.1799035644213618e-05 +1.0934033679350831e-05
 89.00000000 +5.0000000000000000e+00 +1.9999963075320197e+00 +1.8574202324779627e-03 +9.9994868630283729e-01 +9.9999992735857524e-01 +9.9999980837761560e-01 +9.9999983100467660e-01 +9.9999952953143634e-01 +9.7314844822366391e-06 +1.2082665540652305e-05 +8.9205690944066644e-06 +1.1218309674747584e-05 +1.0264093818589140e-05
 89.50000000 +5.0000000000000000e+00 +1.9999961603944589e+00 +1.8572318464643704e-03 +9.9994925950115543e-01 +9.9999987172096838e-01 +9.9999977978394694e-01 +9.9999986211631142e-01 +9.9999951825702660e-01 +1.0702317293387946e-05 +1.2230846152486377e-05 +8.5434477130481428e-06 +1.0637606900187808e-05 +9.5941807160457621e-06
 90.00000000 +5.0000000000000000e+00 +1.9999960132627743e+00 +1.8570434679749954e-03 +9.9994983267657966e-01 +9.9999981608558353e-01 +9.9999975119142004e-01 +9.9999989322670346e-01 +9.9999950698306694e-01 +1.1673111329062459e-05 +1.2379020845923572e-05 +8.1663413940785302e-06 +1.0056927319144668e-05 +8.9242943701175910e-06
 90.50000000 +5.0000000000000000e+00 +1.9999958661369668e+00 +1.8568550970093881e-03 +9.9995040582911177e-01 +9.9999976045242100e-01 +9.9999972260003533e-01 +9.9999992433585294e-01 +9.9999949570955748e-01 +1.2643866591583201e-05 +1.2527189621318463e-05 +7.7892501365954520e-06 +9.4762709302286595e-06 +8.2544347792016558e-06
 91.00000000 +5.0000000000000000e+00 +1.9999957190170345e+00 +1.8566667335670965e-03 +9.9995097895875273e-01 +9.9999970482147993e-01 +9.9999969400979249e-01 +9.9999995544375986e-01 +9.9999948443649844e-01 +1.3614583083272995e-05 +1.2675352479025583e-05 +7.4121739396965994e-06 +8.8956377320503740e-06 +7.5846019416951052e-06
 91.50000000 +5.0000000000000000e+00 +1.9999955719029783e+00 +1.8564783776476705e-03 +9.9995155206550379e-01 +9.9999964919276085e-01 +9.9999966542069141e-01 +9.9999998655042455e-01 +9.9999947316388949e-01 +1.4585260806454495e-05 +1.2823509419399448e-05 +7.0351128024797377e-06 +8.3150277232205266e-06 +6.9147958559952291e-06
 92.00000000 +5.0000000000000000e+00 +1.9999960370271253e+00 +1.8570872685173131e-03 +9.9995007952025350e-01 +9.9999973891573923e-01 +9.9999979799505212e-01 +9.9999995129025088e-01 +9.9999955482539948e-01 +1.3355362826657758e-05 +1.3262092217052439e-05 +7.2992287300380243e-06 +9.6627008527410208e-06 +7.2981941209344312e-06
 92.50000000 +5.0000000000000000e+00 +1.9999965021527557e+00 +1.8576961613300011e-03 +9.9994860697030374e-01 +9.9999982863900394e-01 +9.9999993056983560e-01 +9.9999991602996452e-01 +9.9999963648716994e-01 +1.2125460922104561e-05 +1.3700676414277340e-05 +7.5633455004228773e-06 +1.1010378282853026e-05 +7.6815936093448808e-06
 93.00000000 +5.0000000000000000e+00 +1.9999969672798710e+00 +1.8583050560857450e-03 +9.9994713441565519e-01 +9.9999991836255531e-01 +1.0000000631450423e+00 +9.9999988076956592e-01 +9.9999971814920086e-01 +1.0895555092776122e-05 +1.4139262011080854e-05 +7.8274631136383312e-06 +1.2358060013577135e-05 +8.0649943212324325e-06
 93.50000000 +5.0000000000000000e+00 +1.9999974324084704e+00 +1.8589139527845535e-03 +9.9994566185630740e-01 +1.0000000080863927e+00 +1.0000001957206719e+00 +9.9999984550905474e-01 +9.9999979981149267e-01 +9.6656453386536564e-06 +1.4577849007469677e-05 +8.0915815696884228e-06 +1.3705746044933930e-05 +8.4483962566029471e-06
 94.00000000 +5.0000000000000000e+00 +1.9999978975385542e+00 +1.8595228514264356e-03 +9.9994418929226048e-01 +1.0000000978105161e+00 +1.0000003282967247e+00 +9.9999981024843088e-01 +9.9999988147404484e-01 +8.4357316597183696e-06 +1.5016437403450509e-05 +8.3557008685771815e-06 +1.5053436376943996e-05 +8.8317994154622758e-06
 94.50000000 +5.0000000000000000e+00 +1.9999983626701221e+00 +1.8601317520114012e-03 +9.9994271672351442e-01 +1.0000001875349263e+00 +1.0000004608732007e+00 +9.9999977498769466e-01 +9.9999996313685779e-01 +7.2058140559514818e-06 +1.5455027199030053e-05 +8.6198210103086442e-06 +1.6401131009627918e-05 +9.2152037978162801e-06
 95.00000000 +5.0000000000000000e+00 +1.9999983925317195e+00 +1.8598066942138549e-03 +9.9994357231483266e-01 +1.0000001493507740e+00 +1.0000003713540719e+00 +9.9999976870212759e-01 +9.9999996300111116e-01 +7.7546770729692567e-06 +1.4524058489447679e-05 +8.7527841214308888e-06 +1.5508214944543604e-05 +9.6358379693644708e-06
 95.50000000 +5.0000000000000000e+00 +1.9999984223918490e+00 +1.8594816523913355e-03 +9.9994442786410243e-01 +1.0000001111684982e+00 +1.0000002818393428e+00 +9.9999976241686950e-01 +9.9999996286537118e-01 +8.3035131160104032e-06 +1.3593135532498354e-05 +8.8857406980559266e-06 +1.4615342761987933e-05 +1.0056451468766858e-05
 96.00000000 +5.0000000000000000e+00 +1.9999984522505110e+00 +1.8591566265426650e-03 +9.9994528337132715e-01 +1.0000000729880989e+00 +1.0000001923290125e+00 +9.9999975613192027e-01 +9.9999996272963765e-01 +8.8523221870633369e-06 +1.2662258324809375e-05 +9.0186907406654532e-06 +1.3722514458726072e-05 +1.0477044297547314e-05
 96.50000000 +5.0000000000000000e+00 +1.9999984821077061e+00 +1.8588316166666663e-03 +9.9994613883650985e-01 +1.0000000348095759e+00 +1.0000001028230812e+00 +9.9999974984728002e-01 +9.9999996259391077e-01 +9.4011042881162730e-06 +1.1731426863008384e-05 +9.1516342497411206e-06 +1.2829730031523492e-05 +1.0897616457229556e-05
 97.00000000 +5.0000000000000000e+00 +1.9999985119634336e+00 +1.8585066227621626e-03 +9.9994699425965383e-01 +9.9999999663292916e-01 +1.0000000133215483e+00 +9.9999974356294874e-01 +9.9999996245819101e-01 +9.9498594211572401e-06 +1.0800641143723336e-05 +9.2845712257645312e-06 +1.1936989477145986e-05 +1.1318167949337156e-05
 97.50000000 +5.0000000000000000e+00 +1.9999985418176938e+00 +1.8581816448279751e-03 +9.9994784964076167e-01 +9.9999995845815803e-01 +9.9999992382441327e-01 +9.9999973727892577e-01 +9.9999996232247745e-01 +1.0498587588174052e-05 +9.8699011635825243e-06 +9.4175016692172335e-06 +1.1044292792359662e-05 +1.1738698775393521e-05
 98.00000000 +5.0000000000000000e+00 +1.9999983298725983e+00 +1.8573646025208989e-03 +9.9994980096836217e-01 +9.9999999669553319e-01 +9.9999981568088003e-01 +9.9999985885719056e-01 +9.9999995482462711e-01 +1.0792390636131872e-05 +1.0367181857215257e-05 +9.2705641592830351e-06 +9.2877914220511149e-06 +1.0855513941836651e-05
 98.50000000 +5.0000000000000000e+00 +1.9999981179310518e+00 +1.8565475738944158e-03 +9.9995175226328958e-01 +1.0000000349322680e+00 +9.9999970753915746e-01 +9.9999998043341964e-01 +9.9999994732690223e-01 +1.1086188764638264e-05 +1.0864454224357726e-05 +9.1236291096771035e-06 +7.5313194626803723e-06 +9.9723438963662894e-06
 99.00000000 +5.0000000000000000e+00 +1.9999979059930537e+00 +1.8557305589481825e-03 +9.9995370352554447e-01 +1.0000000731683627e+00 +9.9999959939924565e-01 +1.0000001020076130e+00 +9.9999993982930324e-01 +1.1379981973816789e-05 +1.1361718265219064e-05 +8.9766965203376409e-06 +5.7748769135087593e-06 +9.0891886386110172e-06
 99.50000000 +5.0000000000000000e+00 +1.9999976940586044e+00 +1.8549135576818546e-03 +9.9995565475512815e-01 +1.0000001114038171e+00 +9.9999949126114451e-01 +1.0000002235797709e+00 +9.9999993233182971e-01 +1.1673770263790993e-05 +1.1858973980008388e-05 +8.8297663912028562e-06 +4.0184637737976148e-06 +8.2060481681994323e-06
100.00000000 +5.0000000000000000e+00 +1.9999974821277033e+00 +1.8540965700950894e-03 +9.9995760595204097e-01 +1.0000001496386313e+00 +9.9999938312485370e-01 +1.0000003451498929e+00 +9.9999992483448152e-01 +1.1967553634684429e-05 +1.2356221368934808e-05 +8.6828387222109635e-06 +2.2620800428083080e-06 +7.3229224847601439e-06
100.50000000 +5.0000000000000000e+00 +1.9999972702003510e+00 +1.8532795961875425e-03 +9.9995955711628404e-01 +1.0000001878728053e+00 +9.9999927499037378e-01 +1.0000004667179798e+00 +9.9999991733725879e-01 +1.2261332086620638e-05 +1.2853460432207432e-05 +8.5359135133001699e-06 +5.0572571980223496e-07 +6.4398115879217755e-06
101.00000000 +5.0000000000000000e+00 +1.9999973327970124e+00 +1.8540368721875354e-03 +9.9995770459144029e-01 +1.0000001099188991e+00 +9.9999937885041790e-01 +1.0000003028146758e+00 +9.9999993137030907e-01 +1.2858423738041843e-05 +1.2579573711494677e-05 +8.5282574245993375e-06 +1.5353513222329071e-06 +7.0711389597993623e-06
101.50000000 +5.0000000000000000e+00 +1.9999973953925168e+00 +1.8547941341952971e-03 +9.9995585210082572e-01 +1.0000000319664328e+00 +9.9999948270854266e-01 +1.0000001389143998e+00 +9.9999994540310011e-01 +1.3455504356967451e-05 +1.2305692051402062e-05 +8.5206014773604764e-06 +2.5649579002141576e-06 +7.7024546666060462e-06
102.00000000 +5.0000000000000000e+00 +1.9999974579868649e+00 +1.8555513822112160e-03 +9.9995399964443910e-01 +9.9999995401540698e-01 +9.9999958656474852e-01 +9.9999997501715199e-01 +9.9999995943563158e-01 +1.4052573943703233e-05 +1.2031815451789334e-05 +8.5129456715796717e-06 +3.5945454542732554e-06 +8.3337587086651278e-06
102.50000000 +5.0000000000000000e+00 +1.9999975205800562e+00 +1.8563086162356802e-03 +9.9995214722228010e-01 +9.9999987606582152e-01 +9.9999969041903580e-01 +9.9999981112293301e-01 +9.9999997346790404e-01 +1.4649632498554952e-05 +1.1757943912516249e-05 +8.5052900072530032e-06 +4.6241139849374506e-06 +8.9650510862999019e-06
103.00000000 +5.0000000000000000e+00 +1.9999975831720913e+00 +1.8570658362690765e-03 +9.9995029483434716e-01 +9.9999979811767625e-01 +9.9999979427140406e-01 +9.9999964723174162e-01 +9.9999998749991692e-01 +1.5246680021828347e-05 +1.1484077433442549e-05 +8.4976344843765476e-06 +5.6536634927339717e-06 +9.5963317998336403e-06
103.50000000 +5.0000000000000000e+00 +1.9999976457629700e+00 +1.8578230423117938e-03 +9.9994844248063997e-01 +9.9999972017097127e-01 +9.9999989812185353e-01 +9.9999948334357902e-01 +1.0000000015316708e+00 +1.5843716513829162e-05 +1.1210216014428000e-05 +8.4899791029463880e-06 +6.6831939781900316e-06 +1.0227600849589611e-05
104.00000000 +5.0000000000000000e+00 +1.9999979370098657e+00 +1.8569226479685360e-03 +9.9995080508389655e-01 +9.9999964581655376e-01 +9.9999987299126625e-01 +9.9999959944186445e-01 +9.9999996821179915e-01 +1.4714672807720259e-05 +1.0078118722191094e-05 +7.7345939935390638e-06 +7.4718554142372817e-06 +1.0109474471136047e-05
104.50000000 +5.0000000000000000e+00 +1.9999982282490276e+00 +1.8560222775329052e-03 +9.9995316762442032e-01 +9.9999957146411045e-01 +9.9999984786134632e-01 +9.9999971553706746e-01 +9.9999993489281225e-01 +1.3585659080426585e-05 +8.9460514898494397e-06 +6.9792289414160591e-06 +8.2604959094340233e-06 +9.9913512292208238e-06
105.00000000 +5.0000000000000000e+00 +1.9999985194804570e+00 +1.8551219310039492e-03 +9.9995553010221405e-01 +9.9999949711364167e-01 +9.9999982273209354e-01 +9.9999983162918782e-01 +9.9999990157471019e-01 +1.2456675330754144e-05 +7.8140143162058154e-06 +6.2238839457785295e-06 +9.0491154646142891e-06 +9.8732311237190201e-06
105.50000000 +5.0000000000000000e+00 +1.9999988107041533e+00 +1.8542216083807157e-03 +9.9995789251727973e-01 +9.9999942276514675e-01 +9.9999979760350810e-01 +9.9999994771822553e-01 +9.9999986825749254e-01 +1.1327721557508997e-05 +6.6820072000630553e-06 +5.4685590058276739e-06 +9.8377140806120670e-06 +9.7551141545057188e-06
106.00000000 +5.0000000000000000e+00 +1.9999991019201173e+00 +1.8533213096622524e-03 +9.9996025486962015e-01 +9.9999934841862581e-01 +9.9999977247558980e-01 +1.0000000638041813e+00 +9.9999983494115952e-01 +1.0198797759497271e-05 +5.5500301402240570e-06 +4.7132541207647359e-06 +1.0626291758261303e-05 +9.6370003214560129e-06
106.50000000 +5.0000000000000000e+00 +1.9999993931283495e+00 +1.8524210348476080e-03 +9.9996261715923807e-01 +9.9999927407407918e-01 +9.9999974734833874e-01 +1.0000001798870546e+00 +9.9999980162571134e-01 +9.0699039355251636e-06 +4.4180831354917869e-06 +3.9579692897910000e-06 +1.1414848498395898e-05 +9.5188896244450007e-06
107.00000000 +5.0000000000000000e+00 +1.9999990573843331e+00 +1.8528618866732926e-03 +9.9996145352364729e-01 +9.9999932490587817e-01 +9.9999972805944237e-01 +1.0000001532859064e+00 +9.9999982609683746e-01 +9.3858498338469362e-06 +4.9359454745831551e-06 +4.7168308088565488e-06 +1.1859934418097744e-05 +8.6153883851941546e-06
107.50000000 +5.0000000000000000e+00 +1.9999987216349047e+00 +1.8533027456052631e-03 +9.9996028986929941e-01 +9.9999937573849629e-01 +9.9999970877023514e-01 +1.0000001266843290e+00 +9.9999985056835794e-01 +9.7018008250407066e-06 +5.4538161613271375e-06 +5.4757045603473313e-06 +1.2305027512336839e-05 +7.7118725820063024e-06
108.00000000 +5.0000000000000000e+00 +1.9999983858800641e+00 +1.8537436116436916e-03 +9.9995912619619376e-01 +9.9999942657193408e-01 +9.9999968948071705e-01 +1.0000001000823231e+00 +9.9999987504027277e-01 +1.0017756909229613e-05 +5.9716951959255770e-06 +6.2345905445591197e-06 +1.2750127781286657e-05 +6.8083422145293004e-06
108.50000000 +5.0000000000000000e+00 +1.9999980501198116e+00 +1.8541844847887498e-03 +9.9995796250433011e-01 +9.9999947740619100e-01 +9.9999967019088787e-01 +1.0000000734798882e+00 +9.9999989951258239e-01 +1.0333718086536806e-05 +6.4895825785803224e-06 +6.9934887617876985e-06 +1.3195235225120681e-05 +5.9047972824109904e-06
109.00000000 +5.0000000000000000e+00 +1.9999977143541467e+00 +1.8546253650406097e-03 +9.9995679879370813e-01 +9.9999952824126759e-01 +9.9999965090074805e-01 +1.0000000468770247e+00 +9.9999992398528648e-01 +1.0649684357085435e-05 +7.0074783094932241e-06 +7.7523992123288569e-06 +1.3640349844012402e-05 +5.0012377852992032e-06
109.50000000 +5.0000000000000000e+00 +1.9999973785830691e+00 +1.8550662523994423e-03 +9.9995563506432683e-01 +9.9999957907716375e-01 +9.9999963161029681e-01 +1.0000000202737322e+00 +9.9999994845838480e-01 +1.0965655720998650e-05 +7.5253823888661446e-06 +8.5113218964783957e-06 +1.4085471638135307e-05 +4.0976637228417543e-06
110.00000000 +5.0000000000000000e+00 +1.9999970428065785e+00 +1.8555071468654206e-03 +9.9995447131618653e-01 +9.9999962991387903e-01 +9.9999961231953483e-01 +9.9999999367001113e-01 +9.9999997293187759e-01 +1.1281632178399618e-05 +8.0432948169009495e-06 +9.2702568145321233e-06 +1.4530600607662896e-05 +3.1940750946864568e-06
110.50000000 +5.0000000000000000e+00 +1.9999967070246754e+00 +1.8559480484387160e-03 +9.9995330754928602e-01 +9.9999968075141410e-01 +9.9999959302846186e-01 +9.9999996706586081e-01 +9.9999999740576528e-01 +1.1597613729411492e-05 +8.5612155937995165e-06 +1.0029203966785864e-05 +1.4975736752768673e-05 +2.2904719004811029e-06
111.00000000 +5.0000000000000000e+00 +1.9999963712373592e+00 +1.8563889571195002e-03 +9.9995214376362529e-01 +9.9999973158976840e-01 +9.9999957373707804e-01 +9.9999994046128193e-01 +1.0000000218800473e+00 +1.1913600374157442e-05 +9.0791447197637189e-06 +1.0788163353535445e-05 +1.5420880073626145e-05 +1.3868541398734817e-06
111.50000000 +5.0000000000000000e+00 +1.9999960354446300e+00 +1.8568298729079451e-03 +9.9995097995920379e-01 +9.9999978242894261e-01 +9.9999955444538313e-01 +9.9999991385627407e-01 +1.0000000463547238e+00 +1.2229592112760641e-05 +9.5970821949954488e-06 +1.1547134975076705e-05 +1.5866030570408831e-05 +4.8322181251136355e-07
112.00000000 +5.0000000000000000e+00 +1.9999956996464880e+00 +1.8572707958042227e-03 +9.9994981613602085e-01 +9.9999983326893627e-01 +9.9999953515337725e-01 +9.9999988725083711e-01 +1.0000000708297949e+00 +1.2545588945344256e-05 +1.0115028019696596e-05 +1.2306118831705493e-05 +1.6311188243290249e-05 -4.2042508195748616e-07
112.50000000 +5.0000000000000000e+00 +1.9999953638429322e+00 +1.8577117258085048e-03 +9.9994865229407648e-01 +9.9999988410974927e-01 +9.9999951586106028e-01 +9.9999986064497148e-01 +1.0000000953052606e+00 +1.2861590872031475e-05 +1.0632982194069062e-05 +1.3065114923717665e-05 +1.6756353092443925e-05 -1.3240865438853190e-06
113.00000000 +5.0000000000000000e+00 +1.9999950280339631e+00 +1.8581526629209632e-03 +9.9994748843336989e-01 +9.9999993495138217e-01 +9.9999949656843234e-01 +9.9999983403867698e-01 +1.0000001197811208e+00 +1.3177597892945471e-05 +1.1150944718314750e-05 +1.3824123251409092e-05 +1.7201525118043392e-05 -2.2277625736243922e-06
113.50000000 +5.0000000000000000e+00 +1.9999946179317964e+00 +1.8585976935809206e-03 +9.9994625843641705e-01 +9.9999992723027953e-01 +9.9999958029127367e-01 +9.9999982319454839e-01 +1.0000000787549255e+00 +1.3367436373619787e-05 +1.1764125571002677e-05 +1.3825769369000343e-05 +1.6913551880027963e-05 -1.5386308241859398e-06
114.00000000 +5.0000000000000000e+00 +1.9999942078364965e+00 +1.8590427167903289e-03 +9.9994502846005662e-01 +9.9999991950930678e-01 +9.9999966401271356e-01 +9.9999981235060165e-01 +1.0000000377294176e+00 +1.3557271676083818e-05 +1.2377296158028506e-05 +1.3827415459032865e-05 +1.6625583463161057e-05 -8.4951061195327463e-07
114.50000000 +5.0000000000000000e+00 +1.9999937977480620e+00 +1.8594877325493742e-03 +9.9994379850428761e-01 +9.9999991178846293e-01 +9.9999974773275158e-01 +9.9999980150683632e-01 +9.9999999670459583e-01 +1.3747103800417367e-05 +1.2990456479650028e-05 +1.3829061521507346e-05 +1.6337619867321585e-05 -1.6040193663667056e-07
115.00000000 +5.0000000000000000e+00 +1.9999933876664930e+00 +1.8599327408582442e-03 +9.9994256856910968e-01 +9.9999990406774841e-01 +9.9999983145138827e-01 +9.9999979066325240e-01 +9.9999995568046129e-01 +1.3936932746700249e-05 +1.3603606536125033e-05 +1.3830707556424476e-05 +1.6049661092388489e-05 +5.2869520205358826e-07
115.50000000 +5.0000000000000000e+00 +1.9999929775917886e+00 +1.8603777417171257e-03 +9.9994133865452250e-01 +9.9999989634716313e-01 +9.9999991516862308e-01 +9.9999977981985000e-01 +9.9999991465701321e-01 +1.4126758515012265e-05 +1.4216746327711289e-05 +1.3832353563784950e-05 +1.5761707138240704e-05 +1.2177808044072069e-06
116.00000000 +5.0000000000000000e+00 +1.9999925675239500e+00 +1.8608227351262063e-03 +9.9994010876052564e-01 +9.9999988862670730e-01 +9.9999999888445668e-01 +9.9999976897662957e-01 +9.9999987363425225e-01 +1.4316581105433226e-05 +1.4829875854666576e-05 +1.3833999543589464e-05 +1.5473758004757184e-05 +1.9068548707138835e-06
116.50000000 +5.0000000000000000e+00 +1.9999921574629760e+00 +1.8612677210856727e-03 +9.9993887888711808e-01 +9.9999988090638048e-01 +1.0000000825988888e+00 +9.9999975813359021e-01 +9.9999983261217806e-01 +1.4506400518042929e-05 +1.5442995117248646e-05 +1.3835645495838703e-05 +1.5185813691816860e-05 +2.5959174012633026e-06
117.00000000 +5.0000000000000000e+00 +1.9999917474088669e+00 +1.8617126995957116e-03 +9.9993764903429960e-01 +9.9999987318618322e-01 +1.0000001663119191e+00 +9.9999974729073260e-01 +9.9999979159079044e-01 +1.4696216752921172e-05 +1.6056104115715249e-05 +1.3837291420533362e-05 +1.4897874199298689e-05 +3.2849683963451435e-06
117.50000000 +5.0000000000000000e+00 +1.9999913373616220e+00 +1.8621576706565103e-03 +9.9993641920206977e-01 +9.9999986546611441e-01 +1.0000002500235483e+00 +9.9999973644805618e-01 +9.9999975057008927e-01 +1.4886029810147749e-05 +1.6669202850324126e-05 +1.3838937317674128e-05 +1.4609939527081622e-05 +3.9740078562490701e-06
118.00000000 +5.0000000000000000e+00 +1.9999909273212415e+00 +1.8626026342682563e-03 +9.9993518939042791e-01 +9.9999985774617561e-01 +1.0000003337337759e+00 +9.9999972560556138e-01 +9.9999970955007511e-01 +1.5075839689802460e-05 +1.7282291321333022e-05 +1.3840583187261703e-05 +1.4322009675044622e-05 +4.6630357812647429e-06
118.50000000 +5.0000000000000000e+00 +1.9999905172877259e+00 +1.8630475904311363e-03 +9.9993395959937392e-01 +9.9999985002636571e-01 +1.0000004174426025e+00 +9.9999971476324834e-01 +9.9999966853074784e-01 +1.5265646391965097e-05 +1.7895369528999652e-05 +1.3842229029296773e-05 +1.4034084643066651e-05 +5.3520521716818092e-06
119.00000000 +5.0000000000000000e+00 +1.9999901072610744e+00 +1.8634925391453378e-03 +9.9993272982890680e-01 +9.9999984230668537e-01 +1.0000005011500277e+00 +9.9999970392111681e-01 +9.9999962751210714e-01 +1.5455449916715443e-05 +1.8508437473581737e-05 +1.3843874843780033e-05 +1.3746164431026675e-05 +6.0410570277899079e-06
119.50000000 +5.0000000000000000e+00 +1.9999896972412858e+00 +1.8639374804110466e-03 +9.9993150007902587e-01 +9.9999983458713382e-01 +1.0000005848560514e+00 +9.9999969307916647e-01 +9.9999958649415277e-01 +1.5645250264133280e-05 +1.9121495155336975e-05 +1.3845520630712165e-05 +1.3458249038803660e-05 +6.7300503498786632e-06
120.00000000 +5.0000000000000000e+00 +1.9999897596687575e+00 +1.8629439790417231e-03 +9.9993416801935409e-01 +9.9999988456710986e-01 +1.0000006166335831e+00 +9.9999970692214624e-01 +9.9999964342668657e-01 +1.5133290801142942e-05 +1.8171664206896440e-05 +1.3154337552155420e-05 +1.3039970457224153e-05 +6.4808353579226350e-06
120.50000000 +5.0000000000000000e+00 +1.9999898220955918e+00 +1.8619504878052079e-03 +9.9993683593247173e-01 +9.9999993454657599e-01 +1.0000006484107906e+00 +9.9999972076498478e-01 +9.9999970035863972e-01 +1.4621336559672560e-05 +1.7221842945865961e-05 +1.2463161523036172e-05 +1.2621696141704986e-05 +6.2316229077324056e-06
121.00000000 +5.0000000000000000e+00 +1.9999898845217909e+00 +1.8609570067013470e-03 +9.9993950381837970e-01 +9.9999998452553307e-01 +1.0000006801876746e+00 +9.9999973460768243e-01 +9.9999975729001245e-01 +1.4109387539642257e-05 +1.6272031372097343e-05 +1.1771992543246586e-05 +1.2203426092180898e-05 +5.9824129992690930e-06
121.50000000 +5.0000000000000000e+00 +1.9999899469473521e+00 +1.8599635357299839e-03 +9.9994217167707733e-01 +1.0000000345039795e+00 +1.0000007119642338e+00 +9.9999974845023853e-01 +9.9999981422080420e-01 +1.3597443740972141e-05 +1.5322229485442375e-05 +1.1080830612678805e-05 +1.1785160308586618e-05 +5.7332056324938072e-06
122.00000000 +5.0000000000000000e+00 +1.9999900093722773e+00 +1.8589700748909649e-03 +9.9994483950856594e-01 +1.0000000844819168e+00 +1.0000007437404694e+00 +9.9999976229265386e-01 +9.9999987115101563e-01 +1.3085505163582344e-05 +1.4372437285752869e-05 +1.0389675731224998e-05 +1.1366898790856891e-05 +5.4840008073676695e-06
122.50000000 +5.0000000000000000e+00 +1.9999900717965651e+00 +1.8579766241841340e-03 +9.9994750731284554e-01 +1.0000001344593441e+00 +1.0000007755163807e+00 +9.9999977613492763e-01 +9.9999992808064597e-01 +1.2573571807392984e-05 +1.3422654772880622e-05 +9.6985278987773151e-06 +1.0948641538926448e-05 +5.2347985238517908e-06
123.00000000 +5.0000000000000000e+00 +1.9999901342202171e+00 +1.8569831836093369e-03 +9.9995017508991690e-01 +1.0000001844362620e+00 +1.0000008072919682e+00 +9.9999978997706052e-01 +9.9999998500969622e-01 +1.2061643672324190e-05 +1.2472881946677449e-05 +9.0073871152279301e-06 +1.0530388552730041e-05 +4.9855987819072958e-06
123.50000000 +5.0000000000000000e+00 +1.9999901966432319e+00 +1.8559897531664179e-03 +9.9995284283977992e-01 +1.0000002344126697e+00 +1.0000008390672313e+00 +9.9999980381905207e-01 +1.0000000419381656e+00 +1.1549720758296080e-05 +1.1523118806995161e-05 +8.3162533804689972e-06 +1.0112139832202403e-05 +4.7364015814952989e-06
124.00000000 +5.0000000000000000e+00 +1.9999902590656098e+00 +1.8549963328552224e-03 +9.9995551056243537e-01 +1.0000002843885680e+00 +1.0000008708421702e+00 +9.9999981766090240e-01 +1.0000000988660542e+00 +1.1037803065228790e-05 +1.0573365353685570e-05 +7.6251266943926909e-06 +9.6938953772782835e-06 +4.4872069225769212e-06
124.50000000 +5.0000000000000000e+00 +1.9999903214873518e+00 +1.8540029226755959e-03 +9.9995817825788369e-01 +1.0000003343639567e+00 +1.0000009026167855e+00 +9.9999983150261174e-01 +1.0000001557933627e+00 +1.0525890593042449e-05 +9.6236215866004987e-06 +6.9340070568911771e-06 +9.2756551878924231e-06 +4.2380148051132806e-06
125.00000000 +5.0000000000000000e+00 +1.9999903839084567e+00 +1.8530095226273824e-03 +9.9996084592612511e-01 +1.0000003843388356e+00 +1.0000009343910763e+00 +9.9999984534417974e-01 +1.0000002127200900e+00 +1.0013983341657185e-05 +8.6738875055917634e-06 +6.2428944678566285e-06 +8.8574192639795692e-06 +3.9888252290655008e-06
125.50000000 +5.0000000000000000e+00 +1.9999904463289249e+00 +1.8520161327104274e-03 +9.9996351356716007e-01 +1.0000004343132047e+00 +1.0000009661650433e+00 +9.9999985918560663e-01 +1.0000002696462371e+00 +9.5020813109931320e-06 +7.7241631105111860e-06 +5.5517889271812169e-06 +8.4391876054744683e-06 +3.7396381943947030e-06
126.00000000 +5.0000000000000000e+00 +1.9999905087487566e+00 +1.8510227529245761e-03 +9.9996618118098901e-01 +1.0000004842870642e+00 +1.0000009979386861e+00 +9.9999987302689219e-01 +1.0000003265718036e+00 +8.9901845009704270e-06 +6.7744484012105999e-06 +4.8606904347571193e-06 +8.0209602123118716e-06 +3.4904537010620087e-06
126.50000000 +5.0000000000000000e+00 +1.9999904520500822e+00 +1.8509302710639464e-03 +9.9996634425271791e-01 +1.0000004767716897e+00 +1.0000009216327368e+00 +9.9999988841448673e-01 +1.0000003647242977e+00 +8.4418234067567229e-06 +6.8203164408511259e-06 +5.2956450943924702e-06 +7.6716767775700274e-06 +3.7745310956471491e-06
127.00000000 +5.0000000000000000e+00 +1.9999903953512710e+00 +1.8508377889798354e-03 +9.9996650732484094e-01 +1.0000004692562969e+00 +1.0000008453266032e+00 +9.9999990380211823e-01 +1.0000004028768841e+00 +7.8934609874378609e-06 +6.8661845913309816e-06 +5.7306008050882770e-06 +7.3223924987907655e-06 +4.0586091767004283e-06
127.50000000 +5.0000000000000000e+00 +1.9999903386523217e+00 +1.8507453066722425e-03 +9.9996667039735765e-01 +1.0000004617408857e+00 +1.0000007690202848e+00 +9.9999991918978659e-01 +1.0000004410295622e+00 +7.3450972430090392e-06 +6.9120528526505670e-06 +6.1655575668483504e-06 +6.9731073759710296e-06 +4.3426879442243352e-06
128.00000000 +5.0000000000000000e+00 +1.9999902819532358e+00 +1.8506528241411674e-03 +9.9996683347026871e-01 +1.0000004542254566e+00 +1.0000006927137823e+00 +9.9999993457749237e-01 +1.0000004791823331e+00 +6.7967321734654541e-06 +6.9579212248102851e-06 +6.6005153796764987e-06 +6.6238214091077613e-06 +4.6267673982213594e-06
128.50000000 +5.0000000000000000e+00 +1.9999902252540129e+00 +1.8505603413866091e-03 +9.9996699654357357e-01 +1.0000004467100092e+00 +1.0000006164070954e+00 +9.9999994996523545e-01 +1.0000005173351956e+00 +6.2483657788023049e-06 +7.0037897078105375e-06 +7.0354742435765352e-06 +6.2745345981978984e-06 +4.9108475386939876e-06
129.00000000 +5.0000000000000000e+00 +1.9999901685546535e+00 +1.8504678584085671e-03 +9.9996715961727289e-01 +1.0000004391945441e+00 +1.0000005401002243e+00 +9.9999996535301583e-01 +1.0000005554881510e+00 +5.6999980590147895e-06 +7.0496583016517282e-06 +7.4704341585522690e-06 +5.9252469432383866e-06 +5.1949283656447110e-06
129.50000000 +5.0000000000000000e+00 +1.9999901118551566e+00 +1.8503753752070395e-03 +9.9996732269136590e-01 +1.0000004316790603e+00 +1.0000004637931685e+00 +9.9999998074083318e-01 +1.0000005936411982e+00 +5.1516290140980995e-06 +7.0955270063342536e-06 +7.9053951246075050e-06 +5.5759584442261604e-06 +5.4790098790760122e-06
130.00000000 +5.0000000000000000e+00 +1.9999900551555223e+00 +1.8502828917820264e-03 +9.9996748576585293e-01 +1.0000004241635583e+00 +1.0000003874859282e+00 +9.9999999612868751e-01 +1.0000006317943375e+00 +4.6032586440474329e-06 +7.1413958218585212e-06 +8.3403571417460591e-06 +5.2266691011581621e-06 +5.7630920789903842e-06
130.50000000 +5.0000000000000000e+00 +1.9999899984557523e+00 +1.8501904081335272e-03 +9.9996764884073452e-01 +1.0000004166480385e+00 +1.0000003111785041e+00 +1.0000000115165795e+00 +1.0000006699475692e+00 +4.0548869488579897e-06 +7.1872647482249307e-06 +8.7753202099717395e-06 +4.8773789140313339e-06 +6.0471749653903145e-06
131.00000000 +5.0000000000000000e+00 +1.9999899417558444e+00 +1.8500979242615408e-03 +9.9996781191600992e-01 +1.0000004091325003e+00 +1.0000002348708950e+00 +1.0000000269045084e+00 +1.0000007081008933e+00 +3.5065139285249643e-06 +7.2331337854338828e-06 +9.2102843292883562e-06 +4.5280878828426163e-06 +6.3312585382782918e-06
131.50000000 +5.0000000000000000e+00 +1.9999898850557996e+00 +1.8500054401660655e-03 +9.9996797499167944e-01 +1.0000004016169441e+00 +1.0000001585631018e+00 +1.0000000422924744e+00 +1.0000007462543088e+00 +2.9581395830435530e-06 +7.2790029334857790e-06 +9.6452494996997158e-06 +4.1787960075889472e-06 +6.6153427976568013e-06
132.00000000 +5.0000000000000000e+00 +1.9999898283556177e+00 +1.8499129558471020e-03 +9.9996813806774298e-01 +1.0000003941013698e+00 +1.0000000822551240e+00 +1.0000000576804777e+00 +1.0000007844078171e+00 +2.4097639124089536e-06 +7.3248721923810241e-06 +1.0080215721209635e-05 +3.8295032882672690e-06 +6.8994277435283367e-06
132.50000000 +5.0000000000000000e+00 +1.9999897716552986e+00 +1.8498204713046484e-03 +9.9996830114420043e-01 +1.0000003865857769e+00 +1.0000000059469618e+00 +1.0000000730685183e+00 +1.0000008225614176e+00 +1.8613869166163622e-06 +7.3707415621200155e-06 +1.0515182993821915e-05 +3.4802097248745216e-06 +7.1835133758953806e-06
133.00000000 +5.0000000000000000e+00 +1.9999894734024293e+00 +1.8503046303102177e-03 +9.9996692977889901e-01 +1.0000002374813806e+00 +1.0000000214076412e+00 +1.0000001096929436e+00 +1.0000006878572185e+00 +3.1314910803953385e-06 +8.2583329222808871e-06 +1.0129130189962268e-05 +3.1222243038113425e-06 +7.3729389796435284e-06
133.50000000 +5.0000000000000000e+00 +1.9999891751514758e+00 +1.8507887862059197e-03 +9.9996555842240620e-01 +1.0000000883779419e+00 +1.0000000368682211e+00 +1.0000001463171337e+00 +1.0000005531538845e+00 +4.4015870859957728e-06 +9.1459185812331521e-06 +9.7430798658108113e-06 +2.7642411821729377e-06 +7.5623633666663541e-06
134.00000000 +5.0000000000000000e+00 +1.9999888769024377e+00 +1.8512729389917838e-03 +9.9996418707472168e-01 +9.9999993927546083e-01 +1.0000000523287016e+00 +1.0000001829410883e+00 +1.0000004184514153e+00 +5.6716749334962680e-06 +1.0033498539031743e-05 +9.3570320213436527e-06 +2.4062603599371518e-06 +7.7517865369755807e-06
134.50000000 +5.0000000000000000e+00 +1.9999885786553160e+00 +1.8517570886678405e-03 +9.9996281573584589e-01 +9.9999979017393781e-01 +1.0000000677890830e+00 +1.0000002195648081e+00 +1.0000002837498116e+00 +6.9417546229754263e-06 +1.0921072795731588e-05 +8.9709866565369088e-06 +2.0482818370818327e-06 +7.9412084905829361e-06
135.00000000 +5.0000000000000000e+00 +1.9999882804101095e+00 +1.8522412352341199e-03 +9.9996144440577861e-01 +9.9999964107337236e-01 +1.0000000832493652e+00 +1.0000002561882924e+00 +1.0000001490490735e+00 +8.2118261545118481e-06 +1.1808641351387618e-05 +8.5849437713666816e-06 +1.6903056135848253e-06 +8.1306292275001365e-06
135.50000000 +5.0000000000000000e+00 +1.9999879821668187e+00 +1.8527253786906517e-03 +9.9996007308451929e-01 +9.9999949197376481e-01 +1.0000000987095479e+00 +1.0000002928115415e+00 +1.0000000143492003e+00 +9.4818895281841330e-06 +1.2696204206054759e-05 +8.1989033658090814e-06 +1.3323316894239754e-06 +8.3200487477389099e-06
136.00000000 +5.0000000000000000e+00 +1.9999876839254438e+00 +1.8532095190374658e-03 +9.9995870177206825e-01 +9.9999934287511449e-01 +1.0000001141696315e+00 +1.0000003294345556e+00 +9.9999987965019244e-01 +1.0751944744070880e-05 +1.3583761359787934e-05 +7.8128654398402235e-06 +9.7436006457713005e-07 +8.5094670513109759e-06
136.50000000 +5.0000000000000000e+00 +1.9999873856859838e+00 +1.8536936562745918e-03 +9.9995733046842483e-01 +9.9999919377742208e-01 +1.0000001296296155e+00 +1.0000003660573340e+00 +9.9999974495204935e-01 +1.2021991802250684e-05 +1.4471312812642076e-05 +7.4268299934362080e-06 +6.1639073902213563e-07 +8.6988841382280540e-06
137.00000000 +5.0000000000000000e+00 +1.9999870874484400e+00 +1.8541777904020607e-03 +9.9995595917359015e-01 +9.9999904468068734e-01 +1.0000001450895004e+00 +1.0000004026798772e+00 +9.9999961025477191e-01 +1.3292030702802143e-05 +1.5358858564672110e-05 +7.0407970265731537e-06 +2.5842371273684039e-07 +8.8883000085018705e-06
137.50000000 +5.0000000000000000e+00 +1.9999867892128118e+00 +1.8546619214199012e-03 +9.9995458788756308e-01 +9.9999889558491029e-01 +1.0000001605492861e+00 +1.0000004393021857e+00 +9.9999947555835944e-01 +1.4562061445803858e-05 +1.6246398615932959e-05 +6.6547665392271675e-06 -9.9541014300909251e-08 +9.0777146621441468e-06
138.00000000 +5.0000000000000000e+00 +1.9999864909790996e+00 +1.8551460493281442e-03 +9.9995321661034386e-01 +9.9999874649009080e-01 +1.0000001760089721e+00 +1.0000004759242584e+00 +9.9999934086281206e-01 +1.5832084031334415e-05 +1.7133932966479551e-05 +6.2687385313743622e-06 -4.5750344211326483e-07 +9.2671280991666022e-06
138.50000000 +5.0000000000000000e+00 +1.9999861927473026e+00 +1.8556301741268196e-03 +9.9995184534193249e-01 +9.9999859739622921e-01 +1.0000001914685592e+00 +1.0000005125460965e+00 +9.9999920616813009e-01 +1.7102098459472414e-05 +1.8021461616366807e-05 +5.8827130029908464e-06 -8.1546357072237908e-07 +9.4565403195809615e-06
139.00000000 +5.0000000000000000e+00 +1.9999858945174207e+00 +1.8561142958159567e-03 +9.9995047408232840e-01 +9.9999844830332485e-01 +1.0000002069280467e+00 +1.0000005491676986e+00 +9.9999907147431288e-01 +1.8372104730296436e-05 +1.8908984565649647e-05 +5.4966899540527329e-06 -1.1734214001504030e-06 +9.6459513233989409e-06
139.50000000 +5.0000000000000000e+00 +1.9999861400542465e+00 +1.8557128095761945e-03 +9.9995153867792852e-01 +9.9999853820993700e-01 +1.0000001150780995e+00 +1.0000005242261920e+00 +9.9999918497029927e-01 +1.8811399161388608e-05 +1.8242499433043860e-05 +5.0236922240570862e-06 -1.2045629234873109e-06 +9.2260315807561201e-06
140.00000000 +5.0000000000000000e+00 +1.9999863855917765e+00 +1.8553113221850086e-03 +9.9995260327658142e-01 +9.9999862811680673e-01 +1.0000000232278885e+00 +1.0000004992846134e+00 +9.9999929846661140e-01 +1.9250694852334230e-05 +1.7576012389023912e-05 +4.5506931375502177e-06 -1.2357045361350618e-06 +8.8061106338245537e-06
140.50000000 +5.0000000000000000e+00 +1.9999866311300103e+00 +1.8549098336423943e-03 +9.9995366787828743e-01 +9.9999871802393403e-01 +9.9999993137741405e-01 +1.0000004743429634e+00 +9.9999941196324837e-01 +1.9689991803138733e-05 +1.6909523433581567e-05 +4.0776926945262911e-06 -1.2668462380940390e-06 +8.3861884825990596e-06
141.00000000 +5.0000000000000000e+00 +1.9999868766689488e+00 +1.8545083439483478e-03 +9.9995473248304667e-01 +9.9999880793131968e-01 +9.9999983952667670e-01 +1.0000004494012418e+00 +9.9999952546021154e-01 +2.0129290013807531e-05 +1.6243032566708618e-05 +3.6046908949794731e-06 -1.2979880293646280e-06 +7.9662651270744589e-06
141.50000000 +5.0000000000000000e+00 +1.9999871222085914e+00 +1.8541068531028623e-03 +9.9995579709085924e-01 +9.9999889783896301e-01 +9.9999974767567557e-01 +1.0000004244594487e+00 +9.9999963895749977e-01 +2.0568589484346045e-05 +1.5576539788396833e-05 +3.1316877389039258e-06 -1.3291299099472118e-06 +7.5463405672455713e-06
142.00000000 +5.0000000000000000e+00 +1.9999873677489381e+00 +1.8537053611059342e-03 +9.9995686170172493e-01 +9.9999898774686413e-01 +9.9999965582441108e-01 +1.0000003995175841e+00 +9.9999975245511374e-01 +2.1007890214759700e-05 +1.4910045098637992e-05 +2.6586832262938154e-06 -1.3602718798421755e-06 +7.1264148031072129e-06
142.50000000 +5.0000000000000000e+00 +1.9999876132899888e+00 +1.8533038679575575e-03 +9.9995792631564395e-01 +9.9999907765502316e-01 +9.9999956397288281e-01 +1.0000003745756478e+00 +9.9999986595305290e-01 +2.1447192205053905e-05 +1.4243548497423871e-05 +2.1856773571433053e-06 -1.3914139390499023e-06 +6.7064878346542057e-06
143.00000000 +5.0000000000000000e+00 +1.9999878588317439e+00 +1.8529023736577283e-03 +9.9995899093261609e-01 +9.9999916756343998e-01 +9.9999947212109164e-01 +1.0000003496336403e+00 +9.9999997945131780e-01 +2.1886495455234087e-05 +1.3577049984746250e-05 +1.7126701314465599e-06 -1.4225560875707776e-06 +6.2865596618813685e-06
143.50000000 +5.0000000000000000e+00 +1.9999881043742034e+00 +1.8525008782064414e-03 +9.9996005555264156e-01 +9.9999925747211482e-01 +9.9999938026903701e-01 +1.0000003246915610e+00 +1.0000000929499084e+00 +2.2325799965305668e-05 +1.2910549560596905e-05 +1.2396615491977438e-06 -1.4536983254051851e-06 +5.8666302847835208e-06
144.00000000 +5.0000000000000000e+00 +1.9999883499173665e+00 +1.8520993816036908e-03 +9.9996112017572025e-01 +9.9999934738104734e-01 +9.9999928841671859e-01 +1.0000002997494102e+00 +1.0000002064488240e+00 +2.2765105735274062e-05 +1.2244047224967609e-05 +7.6665161039102060e-07 -1.4848406525535088e-06 +5.4466997033554796e-06
144.50000000 +5.0000000000000000e+00 +1.9999885954612342e+00 +1.8516978838494726e-03 +9.9996218480185206e-01 +9.9999943729023755e-01 +9.9999919656413694e-01 +1.0000002748071879e+00 +1.0000003199480654e+00 +2.3204412765144686e-05 +1.1577542977850142e-05 +2.9364031502055564e-07 -1.5159830690161329e-06 +5.0267679175920645e-06
145.00000000 +5.0000000000000000e+00 +1.9999888410058067e+00 +1.8512963849437825e-03 +9.9996324943103776e-01 +9.9999952719968621e-01 +9.9999910471129205e-01 +1.0000002498648946e+00 +1.0000004334476327e+00 +2.3643721054922978e-05 +1.0911036819236285e-05 -1.7937233691948825e-07 -1.5471255747934429e-06 +4.6068349274880975e-06
145.50000000 +5.0000000000000000e+00 +1.9999890865510825e+00 +1.8508948848866135e-03 +9.9996431406327602e-01 +9.9999961710939211e-01 +9.9999901285818349e-01 +1.0000002249225288e+00 +1.0000005469475248e+00 +2.4083030604614339e-05 +1.0244528749117807e-05 -6.5238634543494571e-07 -1.5782681698858207e-06 +4.1869007330383948e-06
146.00000000 +5.0000000000000000e+00 +1.9999885305166967e+00 +1.8508339127413813e-03 +9.9996455943565676e-01 +9.9999973577790569e-01 +9.9999911259054530e-01 +1.0000000837485543e+00 +1.0000004175509414e+00 +2.2142276885024131e-05 +1.0751251376920057e-05 -1.8464817374075035e-06 -4.8391056136739061e-07 +5.5274970058946735e-06
146.50000000 +5.0000000000000000e+00 +1.9999879745014038e+00 +1.8507729426899362e-03 +9.9996480479961058e-01 +9.9999985444234374e-01 +9.9999921231948186e-01 +9.9999994257942681e-01 +1.0000002881588006e+00 +2.0201589811055755e-05 +1.1257956603830941e-05 -3.0405361240587101e-06 +6.1040946683232225e-07 +6.8680472425788498e-06
147.00000000 +5.0000000000000000e+00 +1.9999874185052053e+00 +1.8507119747321720e-03 +9.9996505015513948e-01 +9.9999997310270750e-01 +9.9999931204499437e-01 +9.9999980141514766e-01 +1.0000001587711040e+00 +1.8260969379276368e-05 +1.1764644430746779e-05 -4.2345495075007201e-06 +1.7046919166490505e-06 +8.2085514454622153e-06
147.50000000 +5.0000000000000000e+00 +1.9999868625280990e+00 +1.8506510088679795e-03 +9.9996529550224267e-01 +1.0000000917589962e+00 +9.9999941176708207e-01 +9.9999966025571563e-01 +1.0000000293878502e+00 +1.6320415586253324e-05 +1.2271314858563806e-05 -5.4285218898455378e-06 +2.7989367900183940e-06 +9.5490096169158905e-06
148.00000000 +5.0000000000000000e+00 +1.9999863065700834e+00 +1.8505900450972506e-03 +9.9996554084092104e-01 +1.0000002104112102e+00 +9.9999951148574517e-01 +9.9999951910113061e-01 +9.9999990000903860e-01 +1.4379928428554225e-05 +1.2777967888178203e-05 -6.6224532732050251e-06 +3.8931440888758184e-06 +1.0889421759310836e-05
148.50000000 +5.0000000000000000e+00 +1.9999857506311585e+00 +1.8505290834198794e-03 +9.9996578617117526e-01 +1.0000003290593507e+00 +9.9999961120098468e-01 +9.9999937795139282e-01 +9.9999977063467005e-01 +1.2439507902746932e-05 +1.3284603520486103e-05 -7.8163436596909020e-06 +4.9873138151566608e-06 +1.2229787875017858e-05
149.00000000 +5.0000000000000000e+00 +1.9999851947113234e+00 +1.8504681238357562e-03 +9.9996603149300578e-01 +1.0000004477034168e+00 +9.9999971091279993e-01 +9.9999923680650171e-01 +9.9999964126474394e-01 +1.0499154005399515e-05 +1.3791221756383561e-05 -9.0101930514147404e-06 +6.0814459707961216e-06 +1.3570107966407584e-05
149.50000000 +5.0000000000000000e+00 +1.9999846388105760e+00 +1.8504071663447738e-03 +9.9996627680641237e-01 +1.0000005663434088e+00 +9.9999981062119159e-01 +9.9999909566645706e-01 +9.9999951189925973e-01 +8.5588667330802858e-06 +1.4297822596766569e-05 -1.0204001450487966e-05 +7.1755405577292698e-06 +1.4910382035850495e-05
150.00000000 +5.0000000000000000e+00 +1.9999840829289166e+00 +1.8503462109468250e-03 +9.9996652211139614e-01 +1.0000006849793277e+00 +9.9999991032615976e-01 +9.9999895453125853e-01 +9.9999938253821752e-01 +6.6186460823578008e-06 +1.4804406042531076e-05 -1.1397768859021859e-05 +8.2695975778910401e-06 +1.6250610085716896e-05
150.50000000 +5.0000000000000000e+00 +1.9999835270663429e+00 +1.8502852576418008e-03 +9.9996676740795720e-01 +1.0000008036111729e+00 +1.0000000100277042e+00 +9.9999881340090579e-01 +9.9999925318161687e-01 +4.6784920498008371e-06 +1.5310972094572946e-05 -1.2591495279127562e-05 +9.3636170332162338e-06 +1.7590792118376936e-05
151.00000000 +5.0000000000000000e+00 +1.9999829712228552e+00 +1.8502243064295945e-03 +9.9996701269609611e-01 +1.0000009222389450e+00 +1.0000001097258260e+00 +9.9999867227539885e-01 +9.9999912382945777e-01 +2.7384046319784254e-06 +1.5817520753788003e-05 -1.3785180712916063e-05 +1.0457598925639522e-05 +1.8930928136200599e-05
151.50000000 +5.0000000000000000e+00 +1.9999824153984518e+00 +1.8501633573100977e-03 +9.9996725797581321e-01 +1.0000010408626439e+00 +1.0000002094205243e+00 +9.9999853115473736e-01 +9.9999899448173990e-01 +7.9838382545981516e-07 +1.6324052021071991e-05 -1.4978825162498205e-05 +1.1551543257095442e-05 +2.0271018141557717e-05
152.00000000 +5.0000000000000000e+00 +1.9999818595931314e+00 +1.8501024102832028e-03 +9.9996750324710881e-01 +1.0000011594822702e+00 +1.0000003091117997e+00 +9.9999839003892088e-01 +9.9999886513846281e-01 -1.1415703731854953e-06 +1.6830565897320608e-05 -1.6172428629984696e-05 +1.2645450029518395e-05 +2.1611062136817928e-05
152.50000000 +5.0000000000000000e+00 +1.9999819129152343e+00 +1.8513624075817286e-03 +9.9996412672321644e-01 +1.0000012164460808e+00 +1.0000003851118338e+00 +9.9999839159953496e-01 +9.9999900590582480e-01 +9.7364106912238746e-07 +1.6206228291952606e-05 -1.3098360322872322e-05 +1.2757284077550503e-05 +2.0035539104050054e-05
153.00000000 +5.0000000000000000e+00 +1.9999819662387346e+00 +1.8526224378859362e-03 +9.9996075011087626e-01 +1.0000012734113837e+00 +1.0000004611138593e+00 +9.9999839316019046e-01 +9.9999914667687440e-01 +3.0889079194818243e-06 +1.5581874332035126e-05 -1.0024211490413013e-05 +1.2869121055080145e-05 +1.8459974800390927e-05
153.50000000 +5.0000000000000000e+00 +1.9999820195636309e+00 +1.8538825011971212e-03 +9.9995737341008362e-01 +1.0000013303781783e+00 +1.0000005371178748e+00 +9.9999839472088636e-01 +9.9999928745161093e-01 +5.2042301800699648e-06 +1.4957504016925512e-05 -6.9499821294426707e-06 +1.2980960962222422e-05 +1.6884369224218870e-05
154.00000000 +5.0000000000000000e+00 +1.9999820728899249e+00 +1.8551425975165830e-03 +9.9995399662083639e-01 +1.0000013873464657e+00 +1.0000006131238821e+00 +9.9999839628162335e-01 +9.9999942823003574e-01 +7.3196078530640812e-06 +1.4333117345981139e-05 -3.8756722367970509e-06 +1.3092803799092459e-05 +1.5308722373912159e-05
154.50000000 +5.0000000000000000e+00 +1.9999821262176154e+00 +1.8564027268456167e-03 +9.9995061974313038e-01 +1.0000014443162450e+00 +1.0000006891318800e+00 +9.9999839784240130e-01 +9.9999956901214826e-01 +9.4350409406415497e-06 +1.3708714318559308e-05 -8.0128180931173177e-07 +1.3204649565805371e-05 +1.3733034247848954e-05
155.00000000 +5.0000000000000000e+00 +1.9999821795467028e+00 +1.8576628891855194e-03 +9.9994724277696234e-01 +1.0000015012875172e+00 +1.0000007651418690e+00 +9.9999839940321977e-01 +9.9999970979794850e-01 +1.1550529444979863e-05 +1.3084294934017295e-05 +2.2731891561778767e-06 +1.3316498262476283e-05 +1.2157304844407334e-05
155.50000000 +5.0000000000000000e+00 +1.9999822328771879e+00 +1.8589230845375898e-03 +9.9994386572232885e-01 +1.0000015582602817e+00 +1.0000008411538495e+00 +9.9999840096407944e-01 +9.9999985058743734e-01 +1.3666073368256641e-05 +1.2459859191712350e-05 +5.3477406628365195e-06 +1.3428349889220337e-05 +1.0581534161965312e-05
156.00000000 +5.0000000000000000e+00 +1.9999822862090695e+00 +1.8601833129031238e-03 +9.9994048857922646e-01 +1.0000016152345388e+00 +1.0000009171678212e+00 +9.9999840252498029e-01 +9.9999999138061424e-01 +1.5781672712649603e-05 +1.1835407091001682e-05 +8.4223727138291263e-06 +1.3540204446152666e-05 +9.0057221989007927e-06
156.50000000 +5.0000000000000000e+00 +1.9999823395423477e+00 +1.8614435742834183e-03 +9.9993711134765095e-01 +1.0000016722102880e+00 +1.0000009931837839e+00 +9.9999840408592100e-01 +1.0000001321774794e+00 +1.7897327480336571e-05 +1.1210938631242466e-05 +1.1497085312320766e-05 +1.3652061933388409e-05 +7.4298689535916069e-06
157.00000000 +5.0000000000000000e+00 +1.9999823928770237e+00 +1.8627038686797723e-03 +9.9993373402759977e-01 +1.0000017291875303e+00 +1.0000010692017387e+00 +9.9999840564690357e-01 +1.0000002729780333e+00 +2.0013037673495521e-05 +1.0586453811791851e-05 +1.4571878461476699e-05 +1.3763922351042733e-05 +5.8539744244155033e-06
157.50000000 +5.0000000000000000e+00 +1.9999824462130971e+00 +1.8639641960934818e-03 +9.9993035661906915e-01 +1.0000017861662649e+00 +1.0000011452216846e+00 +9.9999840720792654e-01 +1.0000004137822758e+00 +2.2128803294304497e-05 +9.9619526320069429e-06 +1.7646752164462330e-05 +1.3875785699230781e-05 +4.2780386097501410e-06
158.00000000 +5.0000000000000000e+00 +1.9999824995505677e+00 +1.8652245565258449e-03 +9.9992697912205553e-01 +1.0000018431464925e+00 +1.0000012212436222e+00 +9.9999840876899071e-01 +1.0000005545902071e+00 +2.4244624344941690e-05 +9.3374350912448172e-06 +2.0721706424443255e-05 +1.3987651978067722e-05 +2.7020615079730919e-06
158.50000000 +5.0000000000000000e+00 +1.9999825528894362e+00 +1.8664849499781594e-03 +9.9992360153655568e-01 +1.0000019001282132e+00 +1.0000012972675516e+00 +9.9999841033009573e-01 +1.0000006954018277e+00 +2.6360500827585399e-05 +8.7129011888625215e-06 +2.3796741244585206e-05 +1.4099521187668730e-05 +1.1260431174618508e-06
159.00000000 +5.0000000000000000e+00 +1.9999832438419620e+00 +1.8640972075542183e-03 +9.9992972480482523e-01 +1.0000018857077329e+00 +1.0000012802872560e+00 +9.9999852993159788e-01 +1.0000007023009077e+00 +2.5156339507531441e-05 +8.0987134487256308e-06 +2.2924524535718682e-05 +1.2624373798098892e-05 -9.2666492570396399e-07
159.50000000 +5.0000000000000000e+00 +1.9999839347941819e+00 +1.8617094661886877e-03 +9.9993584807038072e-01 +1.0000018712872594e+00 +1.0000012633069681e+00 +9.9999864953304696e-01 +1.0000007091999847e+00 +2.3952178721243785e-05 +7.4845259808385710e-06 +2.2052308213477999e-05 +1.1149227062414831e-05 -2.9793720589697912e-06
160.00000000 +5.0000000000000000e+00 +1.9999846257460956e+00 +1.8593217258815668e-03 +9.9994197133322194e-01 +1.0000018568667923e+00 +1.0000012463266881e+00 +9.9999876913444352e-01 +1.0000007160990587e+00 +2.2748018468722072e-05 +6.8703387852011624e-06 +2.1180092277862906e-05 +9.6740809806161160e-06 -5.0320782823362385e-06
160.50000000 +5.0000000000000000e+00 +1.9999853166977029e+00 +1.8569339866328538e-03 +9.9994809459334877e-01 +1.0000018424463317e+00 +1.0000012293464151e+00 +9.9999888873578635e-01 +1.0000007229981294e+00 +2.1543858749965940e-05 +6.2561518618132195e-06 +2.0307876728873139e-05 +8.1989355527023010e-06 -7.0847835958039056e-06
161.00000000 +5.0000000000000000e+00 +1.9999860076490041e+00 +1.8545462484425492e-03 +9.9995421785076144e-01 +1.0000018280258773e+00 +1.0000012123661499e+00 +9.9999900833707667e-01 +1.0000007298971976e+00 +2.0339699564975043e-05 +5.6419652106745662e-06 +1.9435661566508436e-05 +6.7237907786729602e-06 -9.1374879993734013e-06
161.50000000 +5.0000000000000000e+00 +1.9999866985999979e+00 +1.8521585113106512e-03 +9.9996034110545950e-01 +1.0000018136054289e+00 +1.0000011953858918e+00 +9.9999912793831369e-01 +1.0000007367962618e+00 +1.9135540913749019e-05 +5.0277788317850178e-06 +1.8563446790768541e-05 +5.2486466585276529e-06 -1.1190191493045329e-05
162.00000000 +5.0000000000000000e+00 +1.9999873895506866e+00 +1.8497707752371602e-03 +9.9996646435744385e-01 +1.0000017991849872e+00 +1.0000011784056417e+00 +9.9999924753949776e-01 +1.0000007436953235e+00 +1.7931382796287522e-05 +4.4135927251443956e-06 +1.7691232401653210e-05 +3.7735031922659502e-06 -1.3242894076820298e-05
162.50000000 +5.0000000000000000e+00 +1.9999880805010684e+00 +1.8473830402220752e-03 +9.9997258760671381e-01 +1.0000017847645521e+00 +1.0000011614253992e+00 +9.9999936714062876e-01 +1.0000007505943824e+00 +1.6727225212590186e-05 +3.7994068907525178e-06 +1.6819018399162168e-05 +2.2983603798874134e-06 -1.5295595750698907e-05
163.00000000 +5.0000000000000000e+00 +1.9999887714511448e+00 +1.8449953062653951e-03 +9.9997871085326939e-01 +1.0000017703441233e+00 +1.0000011444451637e+00 +9.9999948674170691e-01 +1.0000007574934380e+00 +1.5523068162656668e-05 +3.1852213286092042e-06 +1.5946804783295177e-05 +8.2321822139160921e-07 -1.7348296514681766e-05
163.50000000 +5.0000000000000000e+00 +1.9999894624009140e+00 +1.8426075733671194e-03 +9.9998483409711092e-01 +1.0000017559237009e+00 +1.0000011274649363e+00 +9.9999960634273211e-01 +1.0000007643924906e+00 +1.4318911646486606e-05 +2.5710360387142721e-06 +1.5074591554051966e-05 -6.5192328322189873e-07 -1.9400996368769477e-05
164.00000000 +5.0000000000000000e+00 +1.9999901533503774e+00 +1.8402198415272476e-03 +9.9999095733823828e-01 +1.0000017415032849e+00 +1.0000011104847162e+00 +9.9999972594370412e-01 +1.0000007712915402e+00 +1.3114755664079645e-05 +1.9568510210675415e-06 +1.4202378711432279e-05 -2.1270641339535424e-06 -2.1453695312962645e-05
164.50000000 +5.0000000000000000e+00 +1.9999908442995347e+00 +1.8378321107457786e-03 +9.9999708057665115e-01 +1.0000017270828754e+00 +1.0000010935045036e+00 +9.9999984554462329e-01 +1.0000007781905866e+00 +1.1910600215435430e-05 +1.3426662756688306e-06 +1.3330166255435864e-05 -3.6022043308037600e-06 -2.3506393347261879e-05
165.00000000 +5.0000000000000000e+00 +1.9999915352483852e+00 +1.8354443810227115e-03 +1.0000032038123499e+00 +1.0000017126624718e+00 +1.0000010765242984e+00 +9.9999996514548906e-01 +1.0000007850896298e+00 +1.0706445300553606e-05 +7.2848180251795985e-07 +1.2457954186062460e-05 -5.0773438737729818e-06 -2.5559090471667772e-05
165.50000000 +5.0000000000000000e+00 +1.9999909678448051e+00 +1.8369810699098573e-03 +9.9999957189470712e-01 +1.0000015626122218e+00 +1.0000010652044562e+00 +9.9999996289994542e-01 +1.0000004473165984e+00 +8.9781781090976400e-06 +2.7051358711862904e-06 +1.2988195504831003e-05 -4.3884436965624378e-06 -2.2893260146017384e-05
166.00000000 +5.0000000000000000e+00 +1.9999904004325846e+00 +1.8385177821988552e-03 +9.9999593992175495e-01 +1.0000014125596868e+00 +1.0000010538844417e+00 +9.9999996065436769e-01 +1.0000001095384232e+00 +7.2498845982914506e-06 +4.6818200418266838e-06 +1.3518444898512409e-05 -3.6995330282628287e-06 -2.0227389223101521e-05
166.50000000 +5.0000000000000000e+00 +1.9999898330117225e+00 +1.8400545178902396e-03 +9.9999230789349214e-01 +1.0000012625048667e+00 +1.0000010425642549e+00 +9.9999995840875566e-01 +9.9999977175510391e-01 +5.5215647675338090e-06 +6.6585343151267669e-06 +1.4048702367291137e-05 -3.0106118686345012e-06 -1.7561477701992804e-05
167.00000000 +5.0000000000000000e+00 +1.9999892655822202e+00 +1.8415912769845454e-03 +9.9998867580991724e-01 +1.0000011124477617e+00 +1.0000010312438958e+00 +9.9999995616310966e-01 +9.9999943396664082e-01 +3.7932186162234813e-06 +8.6352786917741898e-06 +1.4578967911351651e-05 -2.3216802174377986e-06 -1.4895525581763834e-05
167.50000000 +5.0000000000000000e+00 +1.9999886981440751e+00 +1.8431280594823068e-03 +9.9998504367102869e-01 +1.0000009623883710e+00 +1.0000010199233642e+00 +9.9999995391742935e-01 +9.9999909617303329e-01 +2.0648461437592078e-06 +1.0612053172456621e-05 +1.5109241530878409e-05 -1.6327380744330535e-06 -1.2229532861487171e-05
168.00000000 +5.0000000000000000e+00 +1.9999881306972886e+00 +1.8446648653840580e-03 +9.9998141147682540e-01 +1.0000008123266950e+00 +1.0000010086026598e+00 +9.9999995167171452e-01 +9.9999875837428120e-01 +3.3644734953971281e-07 +1.2588857757861753e-05 +1.5639523226055897e-05 -9.4378543938059423e-07 -9.5634995402353553e-06
168.50000000 +5.0000000000000000e+00 +1.9999875632418609e+00 +1.8462016946903350e-03 +9.9997777922730657e-01 +1.0000006622627340e+00 +1.0000009972817834e+00 +9.9999994942596593e-01 +9.9999842057038502e-01 -1.3919777670362959e-06 +1.4565692448677301e-05 +1.6169812997068593e-05 -2.5482231204074067e-07 -6.8974256170809055e-06
169.00000000 +5.0000000000000000e+00 +1.9999869957777912e+00 +1.8477385474016715e-03 +9.9997414692247066e-01 +1.0000005121964874e+00 +1.0000009859607346e+00 +9.9999994718018304e-01 +9.9999808276134416e-01 -3.1204292065701341e-06 +1.6542557245590998e-05 +1.6700110844100984e-05 +4.3415130782619608e-07 -4.2313110910962968e-06
169.50000000 +5.0000000000000000e+00 +1.9999864283050788e+00 +1.8492754235186020e-03 +9.9997051456231589e-01 +1.0000003621279556e+00 +1.0000009746395131e+00 +9.9999994493436584e-01 +9.9999774494715865e-01 -4.8489069696631282e-06 +1.8519452149290587e-05 +1.7230416767337553e-05 +1.1231354204599097e-06 -1.5651559613539923e-06
170.00000000 +5.0000000000000000e+00 +1.9999858608237240e+00 +1.8508123230416619e-03 +9.9996688214684193e-01 +1.0000002120571381e+00 +1.0000009633181195e+00 +9.9999994268851444e-01 +9.9999740712782825e-01 -6.5774110569166330e-06 +2.0496377160463856e-05 +1.7760730766962807e-05 +1.8121300261001035e-06 +1.1010397730735890e-06
170.50000000 +5.0000000000000000e+00 +1.9999852933337274e+00 +1.8523492459713857e-03 +9.9996324967604677e-01 +1.0000000619840352e+00 +1.0000009519965534e+00 +9.9999994044262908e-01 +9.9999706930335319e-01 -8.3059414689320086e-06 +2.2473332279798599e-05 +1.8291052843161245e-05 +2.5011351249864855e-06 +3.7672761131140420e-06
171.00000000 +5.0000000000000000e+00 +1.9999847258350867e+00 +1.8538861923083074e-03 +9.9995961714992931e-01 +9.9999991190864634e-01 +1.0000009406748147e+00 +9.9999993819670907e-01 +9.9999673147373258e-01 -1.0034498206310646e-05 +2.4450317507982621e-05 +1.8821382996117373e-05 +3.1901507173587737e-06 +6.4335530596950030e-06
171.50000000 +5.0000000000000000e+00 +1.9999841583278033e+00 +1.8554231620529626e-03 +9.9995598456848844e-01 +9.9999976183097206e-01 +1.0000009293529035e+00 +9.9999993595075509e-01 +9.9999639363896708e-01 -1.1763081269653944e-05 +2.6427332845703774e-05 +1.9351721226015706e-05 +3.8791768034566904e-06 +9.0998706137441209e-06
172.00000000 +5.0000000000000000e+00 +1.9999832479812172e+00 +1.8567175795444004e-03 +9.9995246042097941e-01 +9.9999964202072134e-01 +1.0000007656065213e+00 +1.0000002908314956e+00 +9.9999658329141028e-01 -1.0164728553351904e-05 +2.6186277510857345e-05 +1.8998457942052900e-05 +4.9002620376928176e-06 +1.0337889291840336e-05
172.50000000 +5.0000000000000000e+00 +1.9999823376461467e+00 +1.8580119806622143e-03 +9.9994893631804871e-01 +9.9999952221198651e-01 +1.0000006018622107e+00 +1.0000006457077477e+00 +9.9999677294145461e-01 -8.5663960552777570e-06 +2.5945225225220062e-05 +1.8645199126664219e-05 +5.9213343557973872e-06 +1.1575892309723693e-05
173.00000000 +5.0000000000000000e+00 +1.9999814273225902e+00 +1.8593063654067129e-03 +9.9994541225969547e-01 +9.9999940240476670e-01 +1.0000004381199710e+00 +1.0000010005795099e+00 +9.9999696258909965e-01 -6.9680837750478806e-06 +2.5704175988734033e-05 +1.8291944779764867e-05 +6.9423937580154645e-06 +1.2813879667691316e-05
173.50000000 +5.0000000000000000e+00 +1.9999805170105496e+00 +1.8606007337782086e-03 +9.9994188824591879e-01 +9.9999928259906257e-01 +1.0000002743798027e+00 +1.0000013554467839e+00 +9.9999715223434615e-01 -5.3697917122786665e-06 +2.5463129801341435e-05 +1.7938694901270061e-05 +7.9634402445921173e-06 +1.4051851366040343e-05
174.00000000 +5.0000000000000000e+00 +1.9999796067100235e+00 +1.8618950857770115e-03 +9.9993836427671856e-01 +9.9999916279487400e-01 +1.0000001106417056e+00 +1.0000017103095691e+00 +9.9999734187719380e-01 -3.7715198665865107e-06 +2.5222086662984403e-05 +1.7585449491095026e-05 +8.9844738157724048e-06 +1.5289807405067896e-05
174.50000000 +5.0000000000000000e+00 +1.9999786964210116e+00 +1.8631894214034314e-03 +9.9993484035209279e-01 +9.9999904299220077e-01 +9.9999994690567928e-01 +1.0000020651678654e+00 +9.9999753151764215e-01 -2.1732682375878221e-06 +2.4981046573605080e-05 +1.7232208549154969e-05 +1.0005494471801373e-05 +1.6527747785071084e-05
175.00000000 +5.0000000000000000e+00 +1.9999777861435137e+00 +1.8644837406577800e-03 +9.9993131647204125e-01 +9.9999892319104267e-01 +9.9999978317172422e-01 +1.0000024200216728e+00 +9.9999772115569185e-01 -5.7503682489902210e-07 +2.4740009533145625e-05 +1.6878972075365121e-05 +1.1026502212924075e-05 +1.7765672506347021e-05
175.50000000 +5.0000000000000000e+00 +1.9999768758775305e+00 +1.8657780435403679e-03 +9.9992779263656351e-01 +9.9999880339140035e-01 +9.9999961943984039e-01 +1.0000027748709923e+00 +9.9999791079134315e-01 +1.0231743718634665e-06 +2.4498975541548189e-05 +1.6525740069640707e-05 +1.2047497039385551e-05 +1.9003581569192802e-05
176.00000000 +5.0000000000000000e+00 +1.9999759656230611e+00 +1.8670723300515054e-03 +9.9992426884565788e-01 +9.9999868359327337e-01 +9.9999945571002768e-01 +1.0000031297158232e+00 +9.9999810042459591e-01 +2.6213653530832024e-06 +2.4257944598754926e-05 +1.6172512531896949e-05 +1.3068478951430830e-05 +2.0241474973905521e-05
176.50000000 +5.0000000000000000e+00 +1.9999750553801052e+00 +1.8683666001915035e-03 +9.9992074509932416e-01 +9.9999856379666141e-01 +9.9999929198228588e-01 +1.0000034845561658e+00 +9.9999829005544971e-01 +4.2195361191437418e-06 +2.4016916704707991e-05 +1.5819289462049076e-05 +1.4089447949304943e-05 +2.1479352720782265e-05
177.00000000 +5.0000000000000000e+00 +1.9999741451486623e+00 +1.8696608539606715e-03 +9.9991722139756067e-01 +9.9999844400156435e-01 +9.9999912825661452e-01 +1.0000038393920196e+00 +9.9999847968390476e-01 +5.8176866704286219e-06 +2.3775891859349520e-05 +1.5466070860012313e-05 +1.5110404033252902e-05 +2.2717214810120097e-05
177.50000000 +5.0000000000000000e+00 +1.9999732349287336e+00 +1.8709550913593219e-03 +9.9991369774036776e-01 +9.9999832420798340e-01 +9.9999896453301484e-01 +1.0000041942233859e+00 +9.9999866930996173e-01 +7.4158170073213861e-06 +2.3534870062621703e-05 +1.5112856725701907e-05 +1.6131347203519738e-05 +2.3955061242216105e-05
178.00000000 +5.0000000000000000e+00 +1.9999723247203167e+00 +1.8722493123877638e-03 +9.9991017412774363e-01 +9.9999820441591725e-01 +9.9999880081148551e-01 +1.0000045490502638e+00 +9.9999885893361995e-01 +9.0139271302055463e-06 +2.3293851314466677e-05 +1.4759647059033079e-05 +1.7152277460350446e-05 +2.5192892017367335e-05
178.50000000 +5.0000000000000000e+00 +1.9999725453804882e+00 +1.8721594731398307e-03 +9.9991027686057365e-01 +9.9999782352884981e-01 +9.9999883195550476e-01 +1.0000045773967685e+00 +9.9999901642727573e-01 +9.4757779851819072e-06 +2.3120381969617041e-05 +1.4844096171162697e-05 +1.6999952432991871e-05 +2.5033586722218941e-05
179.00000000 +5.0000000000000000e+00 +1.9999727660485691e+00 +1.8720696306715788e-03 +9.9991037959708629e-01 +9.9999744262812951e-01 +9.9999886310064046e-01 +1.0000046057442893e+00 +9.9999917392657722e-01 +9.9376453953625191e-06 +2.2946906406698511e-05 +1.4928548310400061e-05 +1.6847621945489809e-05 +2.4874275716716937e-05
179.50000000 +5.0000000000000000e+00 +1.9999729867245601e+00 +1.8719797849828341e-03 +9.9991048233728130e-01 +9.9999706171375546e-01 +9.9999889424689248e-01 +1.0000046340928261e+00 +9.9999933143152420e-01 +1.0399529361637537e-05 +2.2773424625376748e-05 +1.5013003476907930e-05 +1.6695285997550663e-05 +2.4714959000554272e-05
180.00000000 +5.0000000000000000e+00 +1.9999732074084626e+00 +1.8718899360734252e-03 +9.9991058508115993e-01 +9.9999668078572712e-01 +9.9999892539426138e-01 +1.0000046624423795e+00 +9.9999948894211765e-01 +1.0861429884897189e-05 +2.2599936625317396e-05 +1.5097461670849094e-05 +1.6542944588880843e-05 +2.4555636573423901e-05
180.50000000 +5.0000000000000000e+00 +1.9999734281002752e+00 +1.8718000839431771e-03 +9.9991068782872117e-01 +9.9999629984404337e-01 +9.9999895654274662e-01 +1.0000046907929492e+00 +9.9999964645835693e-01 +1.1323346966031745e-05 +2.2426442406186052e-05 +1.5181922892386325e-05 +1.6390597719186697e-05 +2.4396308435018721e-05
181.00000000 +5.0000000000000000e+00 +1.9999736487999986e+00 +1.8717102285919171e-03 +9.9991079057996546e-01 +9.9999591888870343e-01 +9.9999898769234818e-01 +1.0000047191445347e+00 +9.9999980398024291e-01 +1.1785280605931562e-05 +2.2252941967648312e-05 +1.5266387141682430e-05 +1.6238245388174586e-05 +2.4236974585031631e-05
181.50000000 +5.0000000000000000e+00 +1.9999738695076346e+00 +1.8716203700194726e-03 +9.9991089333489369e-01 +9.9999553791970719e-01 +9.9999901884306686e-01 +1.0000047474971370e+00 +9.9999996150777604e-01 +1.2247230805487054e-05 +2.2079435309369748e-05 +1.5350854418900222e-05 +1.6085887595550846e-05 +2.4077635023155523e-05
182.00000000 +5.0000000000000000e+00 +1.9999740902231824e+00 +1.8715305082256694e-03 +9.9991099609350531e-01 +9.9999515693705310e-01 +9.9999904999490197e-01 +1.0000047758507553e+00 +1.0000001190409562e+00 +1.2709197565588688e-05 +2.1905922431015890e-05 +1.5435324724202514e-05 +1.5933524341021778e-05 +2.3918289749083210e-05
182.50000000 +5.0000000000000000e+00 +1.9999743109466432e+00 +1.8714406432103355e-03 +9.9991109885580098e-01 +9.9999477594074104e-01 +9.9999908114785419e-01 +1.0000048042053906e+00 +1.0000002765797840e+00 +1.3171180887127012e-05 +2.1732403332252259e-05 +1.5519798057752154e-05 +1.5781155624293668e-05 +2.3758938762507548e-05
183.00000000 +5.0000000000000000e+00 +1.9999745316780171e+00 +1.8713507749732966e-03 +9.9991120162178060e-01 +9.9999439493077036e-01 +9.9999911230192307e-01 +1.0000048325610420e+00 +1.0000004341242597e+00 +1.3633180770992627e-05 +2.1558878012744347e-05 +1.5604274419711979e-05 +1.5628781445072791e-05 +2.3599582063121340e-05
183.50000000 +5.0000000000000000e+00 +1.9999747524173044e+00 +1.8712609035143801e-03 +9.9991130439144471e-01 +9.9999401390713971e-01 +9.9999914345710883e-01 +1.0000048609177101e+00 +1.0000005916743835e+00 +1.4095197218076197e-05 +2.1385346472157631e-05 +1.5688753810244849e-05 +1.5476401803065380e-05 +2.3440219650617362e-05
184.00000000 +5.0000000000000000e+00 +1.9999749731645049e+00 +1.8711710288334123e-03 +9.9991140716479288e-01 +9.9999363286984877e-01 +9.9999917461341137e-01 +1.0000048892753950e+00 +1.0000007492301557e+00 +1.4557230229268451e-05 +2.1211808710157543e-05 +1.5773236229513635e-05 +1.5324016697977664e-05 +2.3280851524688374e-05
184.50000000 +5.0000000000000000e+00 +1.9999751939196204e+00 +1.8710811509302198e-03 +9.9991150994182620e-01 +9.9999325181889676e-01 +9.9999920577083112e-01 +1.0000049176340964e+00 +1.0000009067915767e+00 +1.5019279805460194e-05 +2.1038264726409509e-05 +1.5857721677681218e-05 +1.5171626129515852e-05 +2.3121477685027128e-05
185.00000000 +5.0000000000000000e+00 +1.9999766980472395e+00 +1.8680089698427757e-03 +9.9991938791778456e-01 +9.9999353621601406e-01 +9.9999913586505140e-01 +1.0000039696135510e+00 +1.0000005695985901e+00 +1.3871469466583775e-05 +1.7633319820463290e-05 +1.4122571583846988e-05 +1.2679298346373207e-05 +2.5094407490627044e-05
185.50000000 +5.0000000000000000e+00 +1.9999782021320118e+00 +1.8649368762721308e-03 +9.9992726566932466e-01 +9.9999382060503017e-01 +9.9999906596126353e-01 +1.0000030216200122e+00 +1.0000002324152093e+00 +1.2723691825222107e-05 +1.4228471910712786e-05 +1.2387470918994062e-05 +1.0187041561828222e-05 +2.7067281093647823e-05
186.00000000 +5.0000000000000000e+00 +1.9999797061739371e+00 +1.8618648702145438e-03 +9.9993514319645493e-01 +9.9999410498594477e-01 +9.9999899605946663e-01 +1.0000020736534778e+00 +9.9999989524143351e-01 +1.1575946879978019e-05 +1.0823720993013362e-05 +1.0652419681010349e-05 +7.6948557728471421e-06 +2.9040098496490972e-05
186.50000000 +5.0000000000000000e+00 +1.9999812101730186e+00 +1.8587929516662776e-03 +9.9994302049918593e-01 +9.9999438935875862e-01 +9.9999892615966113e-01 +1.0000011257139476e+00 +9.9999955807726271e-01 +1.0428234629454453e-05 +7.4190670632206566e-06 +8.9174178677838876e-06 +5.2027409763964001e-06 +3.1012859701557895e-05
187.00000000 +5.0000000000000000e+00 +1.9999827141292577e+00 +1.8557211206235921e-03 +9.9995089757752675e-01 +9.9999467372347184e-01 +9.9999885626184670e-01 +1.0000001778014203e+00 +9.9999922092269633e-01 +9.2805550722544049e-06 +4.0145101171905202e-06 +7.1824654772028359e-06 +2.7106971694425933e-06 +3.2985564711249818e-05
187.50000000 +5.0000000000000000e+00 +1.9999842180426566e+00 +1.8526493770827483e-03 +9.9995877443148740e-01 +9.9999495808008521e-01 +9.9999878636602357e-01 +9.9999922991589418e-01 +9.9999888377773383e-01 +8.1329082069809624e-06 +6.1005015077903547e-07 +5.4475625071554667e-06 +2.1872434895248816e-07 +3.4958213527967856e-05
188.00000000 +5.0000000000000000e+00 +1.9999857219132160e+00 +1.8495777210400073e-03 +9.9996665106107674e-01 +9.9999524242859827e-01 +9.9999871647219107e-01 +9.9999828205736829e-01 +9.9999854664237442e-01 +6.9852940322372855e-06 -2.7943128401574588e-06 +3.7127089555301766e-06 -2.2731774881069694e-06 +3.6930806154112974e-05
188.50000000 +5.0000000000000000e+00 +1.9999872257409388e+00 +1.8465061524916306e-03 +9.9997452746630500e-01 +9.9999552676901193e-01 +9.9999864658034932e-01 +9.9999733422584181e-01 +9.9999820951661833e-01 +5.8377125466266202e-06 -6.1985788597624109e-06 +1.9779048202154812e-06 -4.7650083447686654e-06 +3.8903342592086010e-05
189.00000000 +5.0000000000000000e+00 +1.9999887295258267e+00 +1.8434346714338804e-03 +9.9998240364718161e-01 +9.9999581110132651e-01 +9.9999857669049874e-01 +9.9999638642131339e-01 +9.9999787240046523e-01 +4.6901637487522904e-06 -9.6027479121790074e-06 +2.4315009910002188e-07 -7.2567682240653050e-06 +4.0875822844287672e-05
189.50000000 +5.0000000000000000e+00 +1.9999902332678818e+00 +1.8403632778630191e-03 +9.9999027960371623e-01 +9.9999609542554257e-01 +9.9999850680263913e-01 +9.9999543864378226e-01 +9.9999753529391433e-01 +3.5426476372176969e-06 -1.3006820001550226e-05 -1.4915552099274489e-06 -9.7484571290294341e-06 +4.2848246913118519e-05
190.00000000 +5.0000000000000000e+00 +1.9999917369671045e+00 +1.8372919717753069e-03 +9.9999815533591796e-01 +9.9999637974165967e-01 +9.9999843691676937e-01 +9.9999449089324621e-01 +9.9999719819696498e-01 +2.3951642106263224e-06 -1.6410795132018784e-05 -3.2262111089780484e-06 -1.2240075062693409e-05 +4.4820614800978933e-05
190.50000000 +5.0000000000000000e+00 +1.9999932406234984e+00 +1.8342207531670078e-03 +1.0000060308437970e+00 +9.9999666404967880e-01 +9.9999836703289069e-01 +9.9999354316970501e-01 +9.9999686110961716e-01 +1.2477134675817276e-06 -1.9814673307727180e-05 -4.9608176001627840e-06 -1.4731622028089430e-05 +4.6792926510269271e-05
191.00000000 +5.0000000000000000e+00 +1.9999947442370642e+00 +1.8311496220343841e-03 +1.0000139061273625e+00 +9.9999694834960029e-01 +9.9999829715100230e-01 +9.9999259547315722e-01 +9.9999652403187078e-01 +1.0029540668755639e-07 -2.3218454532817665e-05 -6.6953746855925324e-06 -1.7223098028249510e-05 +4.8765182043389631e-05
191.50000000 +5.0000000000000000e+00 +1.9999930548763420e+00 +1.8350919468758907e-03 +1.0000037406726630e+00 +9.9999675897209628e-01 +9.9999810805893274e-01 +9.9999329946989235e-01 +9.9999648903002292e-01 +2.3369777621290254e-06 -1.9206905096424080e-05 -3.9069829720817096e-06 -1.3835614010852047e-05 +4.6215995411644012e-05
192.00000000 +5.0000000000000000e+00 +1.9999913655233712e+00 +1.8390342536282020e-03 +9.9999357526460753e-01 +9.9999656959546102e-01 +9.9999791896773094e-01 +9.9999400346339751e-01 +9.9999645402833559e-01 +4.5736498546457766e-06 -1.5195374066859598e-05 -1.1186040529912334e-06 -1.0448145536785252e-05 +4.3666820476736084e-05
192.50000000 +5.0000000000000000e+00 +1.9999896761781526e+00 +1.8429765422914436e-03 +9.9998340990319512e-01 +9.9999638021969517e-01 +9.9999772987739688e-01 +9.9999470745367214e-01 +9.9999641902680891e-01 +6.8103116843084482e-06 -1.1183861443997522e-05 +1.6697620717669560e-06 -7.0606926059421465e-06 +4.1117657238585359e-05
193.00000000 +5.0000000000000000e+00 +1.9999879868406849e+00 +1.8469188128657388e-03 +9.9997324458842618e-01 +9.9999619084479807e-01 +9.9999754078793002e-01 +9.9999541144071680e-01 +9.9999638402544300e-01 +9.0469632511876734e-06 -7.1723672277111773e-06 +4.4581154022809154e-06 -3.6732552182157520e-06 +3.8568505697111316e-05
193.50000000 +5.0000000000000000e+00 +1.9999862975109688e+00 +1.8508610653512128e-03 +9.9996307932029982e-01 +9.9999600147076995e-01 +9.9999735169933124e-01 +9.9999611542453115e-01 +9.9999634902423762e-01 +1.1283604555354086e-05 -3.1608914178738659e-06 +7.2464559386387052e-06 -2.8583337349909168e-07 +3.6019365852233459e-05
194.00000000 +5.0000000000000000e+00 +1.9999846081890043e+00 +1.8548032997479900e-03 +9.9995291409881615e-01 +9.9999581209761090e-01 +9.9999716261159977e-01 +9.9999681940511542e-01 +9.9999631402319300e-01 +1.3520235596878328e-05 +8.5056598564109321e-07 +1.0034783680928385e-05 +3.1015729283148143e-06 +3.3470237703871279e-05
194.50000000 +5.0000000000000000e+00 +1.9999829188747904e+00 +1.8587455160561947e-03 +9.9994274892397461e-01 +9.9999562272532028e-01 +9.9999697352473604e-01 +9.9999752338246928e-01 +9.9999627902230870e-01 +1.5756856375831020e-05 +4.8620049829603777e-06 +1.2823098629238002e-05 +6.4889636873329374e-06 +3.0921121251944274e-05
195.00000000 +5.0000000000000000e+00 +1.9999812295683281e+00 +1.8626877142759513e-03 +9.9993258379577477e-01 +9.9999543335389884e-01 +9.9999678443873985e-01 +9.9999822735659316e-01 +9.9999624402158505e-01 +1.7993466892282809e-05 +8.8734255742106794e-06 +1.5611400783655626e-05 +9.8763389036622595e-06 +2.8372016496371945e-05
195.50000000 +5.0000000000000000e+00 +1.9999795402696174e+00 +1.8666298944073850e-03 +9.9992241871421661e-01 +9.9999524398334660e-01 +9.9999659535361152e-01 +9.9999893132748707e-01 +9.9999620902102226e-01 +2.0230067146304323e-05 +1.2884827759518672e-05 +1.8399690144269300e-05 +1.3263698577409745e-05 +2.5822923437073798e-05
196.00000000 +5.0000000000000000e+00 +1.9999778509786574e+00 +1.8705720564506192e-03 +9.9991225367929948e-01 +9.9999505461366300e-01 +9.9999640626935049e-01 +9.9999963529515090e-01 +9.9999617402061969e-01 +2.2466657137966189e-05 +1.6896211539011042e-05 +2.1187966711167085e-05 +1.6651042708682375e-05 +2.3273842073969319e-05
196.50000000 +5.0000000000000000e+00 +1.9999761616954481e+00 +1.8745142004057791e-03 +9.9990208869102337e-01 +9.9999486524484804e-01 +9.9999621718595710e-01 +1.0000003392595844e+00 +9.9999613902037765e-01 +2.4703236867339037e-05 +2.0907576912814455e-05 +2.3976230484437029e-05 +2.0038371297587111e-05 +2.0724772406978012e-05
197.00000000 +5.0000000000000000e+00 +1.9999744724199906e+00 +1.8784563262729894e-03 +9.9989192374938785e-01 +9.9999467587690238e-01 +9.9999602810343147e-01 +1.0000010432207882e+00 +9.9999610402029671e-01 +2.6939806334493513e-05 +2.4918923881055614e-05 +2.6764481464167197e-05 +2.3425684344230942e-05 +1.8175714436019382e-05
197.50000000 +5.0000000000000000e+00 +1.9999727831522838e+00 +1.8823984340523741e-03 +9.9988175885439246e-01 +9.9999448650982548e-01 +9.9999583902177325e-01 +1.0000017471787617e+00 +9.9999606902037608e-01 +2.9176365539500226e-05 +2.8930252443861163e-05 +2.9552719650445621e-05 +2.6812981848720817e-05 +1.5626668161012933e-05
198.00000000 +5.0000000000000000e+00 +1.9999743920736530e+00 +1.8778918427663773e-03 +9.9989456364423857e-01 +9.9999617436907617e-01 +9.9999581123537751e-01 +1.0000006962778869e+00 +9.9999610756168822e-01 +2.1394265580562749e-05 +2.0239726784164956e-05 +2.8499728280380195e-05 +2.1666360959328781e-05 +2.4846487379647680e-05
198.50000000 +5.0000000000000000e+00 +1.9999760009754863e+00 +1.8733853061995744e-03 +9.9990736827860849e-01 +9.9999786220783260e-01 +9.9999578344931883e-01 +9.9999964538977182e-01 +9.9999614610253240e-01 +1.3612260112163231e-05 +1.1549306645144287e-05 +2.7446749695773907e-05 +1.6519802560392928e-05 +3.4066194650905422e-05
199.00000000 +5.0000000000000000e+00 +1.9999776098577846e+00 +1.8688788243509688e-03 +9.9992017275750544e-01 +9.9999955002609586e-01 +9.9999575566359800e-01 +9.9999859451441708e-01 +9.9999618464290907e-01 +5.8303491325807349e-06 +2.8589920248773198e-06 +2.6393783896393902e-05 +1.1373306650775139e-05 +4.3285789976825074e-05
199.50000000 +5.0000000000000000e+00 +1.9999792187205483e+00 +1.8643723972195634e-03 +9.9993297708093143e-01 +1.0000012378238656e+00 +9.9999572787821422e-01 +9.9999754365182147e-01 +9.9999622318281733e-01 -1.9514673599056630e-06 -5.8312170785577522e-06 +2.5340830882007309e-05 +6.2268732293372875e-06 +5.2505273359445465e-05
200.00000000 +5.0000000000000000e+00 +1.9999808275637774e+00 +1.8598660248043625e-03 +9.9994578124889022e-01 +1.0000029256011422e+00 +9.9999570009316807e-01 +9.9999649280198566e-01 +9.9999626172225786e-01 -9.7331893670168199e-06 -1.4521320667082669e-05 +2.4287890652381301e-05 +1.0805022949413062e-06 +6.1724644800805381e-05
