#PATCH_CHECK: SepMBpoisson v0.64 exact-orbital 2D-single-jump-stratified active
#discretizing the bath:
#     0 0.0000000000000000e+00 -6.3190000000000002e-01
#     1 1.9125506819929288e-03 -2.2724964998472746e-01
#     2 1.9125506819929288e-03 -2.1323213494702589e-01
#     3 1.9125506819929288e-03 -1.9877641626074399e-01
#     4 1.9125506819929288e-03 -1.8389539591456738e-01
#     5 1.9125506819929288e-03 -1.6860089896188346e-01
#     6 1.9125506819929288e-03 -1.5290381552596158e-01
#     7 1.9125506819929288e-03 -1.3681421789069903e-01
#     8 1.9125506819929288e-03 -1.2034145803127433e-01
#     9 1.9125506819929288e-03 -1.0349424959616749e-01
#sampling: jump_strength=4.7813767049823229e-03 jump_probability=4.7586239313691034e-03 log_scale=4.7699822298017964e-03 back_replicas=2 stratify_forward=1 exact_orbitals=1 stratify_single_jump_time=1
#adaptive measurement: gap=1.5294496952683923e-02 period_steps=822 nmeas=400 nwf=400 tmax=2.0000000000000000e+02 forced_stride=1
  0.00000000 +5.0000000000000000e+00 +1.9999999999999998e+00 +1.8374661879283106e-03 +1.0000000000000000e+00 +1.0000000000000000e+00 +1.0000000000000000e+00 +1.0000000000000000e+00 +1.0000000000000000e+00 +0.0000000000000000e+00 +0.0000000000000000e+00 +0.0000000000000000e+00 +0.0000000000000000e+00 +0.0000000000000000e+00
  0.50000000 +5.0000000000000000e+00 +1.9999999999874325e+00 +1.8393066895483771e-03 +9.9999532741403430e-01 +1.0000000000016027e+00 +1.0000000000016027e+00 +1.0000000000016027e+00 +1.0000000000016027e+00 +9.3451751513573006e-07 +9.3451751513573038e-07 +9.3451751513573006e-07 +9.3451751513573006e-07 +9.3451751513573038e-07
  1.00000000 +5.0000000000000000e+00 +2.0000000014157147e+00 +1.8443549892803251e-03 +9.9998250372362085e-01 +1.0000000000020364e+00 +1.0000000000020364e+00 +1.0000000000020364e+00 +1.0000000000020364e+00 +3.5118744749032740e-06 +3.5058247594602160e-06 +3.4995172295499995e-06 +3.4929481764105809e-06 +3.4861137675693226e-06
  1.50000000 +5.0000000000000000e+00 +2.0000000006136025e+00 +1.8516046967738847e-03 +9.9996406521084191e-01 +9.9999999999946487e-01 +9.9999999999946487e-01 +9.9999999999946487e-01 +9.9999999999946487e-01 +7.2573260783458299e-06 +7.2235040102479057e-06 +7.1883248654869984e-06 +7.1517785877314233e-06 +7.1138550854454142e-06
  2.00000000 +5.0000000000000000e+00 +2.0000000165435146e+00 +1.8596534688942647e-03 +9.9994354875592073e-01 +9.9999999999840028e-01 +9.9999999999840028e-01 +9.9999999999840028e-01 +9.9999999999840028e-01 +1.1504414289746012e-05 +1.1401098900608311e-05 +1.1294008604723644e-05 +1.1183157741150009e-05 +1.1068562953622444e-05
  2.50000000 +5.0000000000000000e+00 +2.0000000035252232e+00 +1.8671139286804373e-03 +9.9992446233127685e-01 +1.0000000000010840e+00 +1.0000000000010840e+00 +1.0000000000010840e+00 +1.0000000000010840e+00 +1.5577322652854474e-05 +1.5349554663525574e-05 +1.5114579547540413e-05 +1.4872556753962402e-05 +1.4623656184787629e-05
  3.00000000 +5.0000000000000000e+00 +2.0000000012773493e+00 +1.8726224061243074e-03 +9.9991026693340879e-01 +9.9999999999880673e-01 +9.9999999999880673e-01 +9.9999999999880673e-01 +9.9999999999880673e-01 +1.8787141891779903e-05 +1.8377141731481986e-05 +1.7956602716534171e-05 +1.7526068978160394e-05 +1.7086110059099762e-05
  3.50000000 +5.0000000000000000e+00 +1.9999999904175512e+00 +1.8743107774140736e-03 +9.9990571862018029e-01 +9.9999999999805322e-01 +9.9999999999805322e-01 +9.9999999999805322e-01 +9.9999999999805322e-01 +2.0162062983266912e-05 +1.9519854368108430e-05 +1.8866285035091872e-05 +1.8202697821261553e-05 +1.7530477639672412e-05
  4.00000000 +5.0000000000000000e+00 +1.9999999716310952e+00 +1.8722365844243331e-03 +9.9991071865400050e-01 +9.9999999999827327e-01 +9.9999999999827327e-01 +9.9999999999827327e-01 +9.9999999999827327e-01 +1.9641300746764786e-05 +1.8754107454574281e-05 +1.7860288530906326e-05 +1.6962442493859297e-05 +1.6063205074105147e-05
  4.50000000 +5.0000000000000000e+00 +1.9999999932705843e+00 +1.8674241652055150e-03 +9.9992273555054278e-01 +9.9999999635967352e-01 +9.9999999641243820e-01 +9.9999999646759130e-01 +9.9999999652513816e-01 +1.7613921597339373e-05 +1.6526626638463223e-05 +1.5445474050238000e-05 +1.4374591825127161e-05 +1.3318078223792857e-05
  5.00000000 +5.0000000000000000e+00 +2.0000000127864892e+00 +1.8601699647440783e-03 +9.9994105952811407e-01 +9.9999999245962501e-01 +9.9999999229487935e-01 +9.9999999212841739e-01 +9.9999999196092459e-01 +1.4144142999494796e-05 +1.2938877227528258e-05 +1.1761203507544563e-05 +1.0616691568630856e-05 +9.5107047214348285e-06
  5.50000000 +5.0000000000000000e+00 +1.9999999409551190e+00 +1.8516623476025390e-03 +9.9996272692706412e-01 +1.0000000052025073e+00 +1.0000000052050932e+00 +1.0000000052074922e+00 +1.0000000052096776e+00 +9.7119024583140793e-06 +8.5215538636211012e-06 +7.3877383257617287e-06 +6.3167412368896117e-06 +5.3143112610648321e-06
  6.00000000 +5.0000000000000000e+00 +1.9999998706914264e+00 +1.8464949352769264e-03 +9.9997605792483346e-01 +1.0000000018709143e+00 +1.0000000022037827e+00 +1.0000000025314819e+00 +1.0000000028512244e+00 +6.7017214104067792e-06 +5.6564677175189090e-06 +4.6961735473568777e-06 +3.8264230285060289e-06 +3.0518230987218316e-06
  6.50000000 +5.0000000000000000e+00 +1.9999998690136660e+00 +1.8408926085973663e-03 +9.9999065852249580e-01 +9.9999999273093221e-01 +9.9999999271599782e-01 +9.9999999270455253e-01 +9.9999999269702400e-01 +3.1436139046285500e-06 +2.3973903862326632e-06 +1.7614100856603315e-06 +1.2384488182086174e-06 +8.2976160062096400e-07
  7.00000000 +5.0000000000000000e+00 +2.0000000531770348e+00 +1.8372710179685695e-03 +1.0000004034594074e+00 +9.9999999664349004e-01 +9.9999999653257843e-01 +9.9999999640547632e-01 +9.9999999626122837e-01 +2.2296079143222743e-07 -5.2703672144111414e-08 -2.0166699497077804e-07 -2.2641275475880992e-07 -1.3147755540936105e-07
  7.50000000 +5.0000000000000000e+00 +2.0000000926045280e+00 +1.8412266562164788e-03 +9.9999084451005338e-01 +9.9999999301565023e-01 +9.9999999302568199e-01 +9.9999999305185994e-01 +9.9999999309552667e-01 +1.2555391805204275e-06 +1.4347875498974378e-06 +1.7303822700892822e-06 +2.1326999774979789e-06 +2.6298941226695944e-06
  8.00000000 +5.0000000000000000e+00 +1.9999999800477593e+00 +1.8430694208291544e-03 +9.9998654292510070e-01 +1.0000000191788085e+00 +1.0000000191572569e+00 +1.0000000191278213e+00 +1.0000000190899776e+00 +1.3754659463312453e-06 +1.9508802039544699e-06 +2.6099511047495946e-06 +3.3355461773034633e-06 +4.1086855993186878e-06
  8.50000000 +5.0000000000000000e+00 +2.0000000570115519e+00 +1.8524682411025337e-03 +9.9996297970182979e-01 +1.0000000377911065e+00 +1.0000000372089886e+00 +1.0000000365314476e+00 +1.0000000357560752e+00 +5.4688553317073717e-06 +6.4076121030255565e-06 +7.3726563409093519e-06 +8.3398083874842337e-06 +9.2840882915849327e-06
  9.00000000 +5.0000000000000000e+00 +1.9999999285167396e+00 +1.8562246656444285e-03 +9.9995342390851749e-01 +9.9999998987479422e-01 +9.9999998910472609e-01 +9.9999998828687786e-01 +9.9999998742630625e-01 +7.3653076987778729e-06 +8.4057711868970294e-06 +9.3988648436275603e-06 +1.0317166099939759e-05 +1.1134280940401338e-05
  9.50000000 +5.0000000000000000e+00 +2.0000000710749584e+00 +1.8633826908805314e-03 +9.9993493723607074e-01 +1.0000000509813673e+00 +1.0000000519275305e+00 +1.0000000527744408e+00 +1.0000000535025453e+00 +1.1485310859939778e-05 +1.2365308981072469e-05 +1.3120034847768469e-05 +1.3724747444619564e-05 +1.4158178904215529e-05
 10.00000000 +5.0000000000000000e+00 +1.9999996516508773e+00 +1.8693955016595275e-03 +9.9991903881499988e-01 +9.9999996258422885e-01 +9.9999996055615625e-01 +9.9999995847696777e-01 +9.9999995636529515e-01 +1.5798765122185386e-05 +1.6221572862430987e-05 +1.6441450159316623e-05 +1.6443257573067867e-05 +1.6218153291540109e-05
 10.50000000 +5.0000000000000000e+00 +1.9999997692375282e+00 +1.8732998010311383e-03 +9.9990846950881518e-01 +9.9999997368721583e-01 +9.9999997339508251e-01 +9.9999997312665367e-01 +9.9999997288251397e-01 +1.9048086928947731e-05 +1.8929800247976308e-05 +1.8568116950810519e-05 +1.7964127344623398e-05 +1.7127281455545160e-05
 11.00000000 +5.0000000000000000e+00 +1.9999996351353631e+00 +1.8691368882352824e-03 +9.9991832056900876e-01 +9.9999997980905653e-01 +9.9999997976734878e-01 +9.9999997984609779e-01 +9.9999998005656643e-01 +1.8393418754261316e-05 +1.7594414292274187e-05 +1.6562195092351614e-05 +1.5317991390741442e-05 +1.3891945483041023e-05
 11.50000000 +5.0000000000000000e+00 +1.9999998970164479e+00 +1.8676330221682629e-03 +9.9992152672377410e-01 +9.9999998130391055e-01 +9.9999997806558039e-01 +9.9999997469757662e-01 +9.9999997121930850e-01 +1.8922036708963376e-05 +1.7495908454409956e-05 +1.5869443294947814e-05 +1.4085492505237293e-05 +1.2195105677031856e-05
 12.00000000 +5.0000000000000000e+00 +1.9999997736176989e+00 +1.8604342013354570e-03 +9.9993951272470116e-01 +9.9999997025038045e-01 +9.9999996916936107e-01 +9.9999996809778102e-01 +9.9999996705249927e-01 +1.6011736155105986e-05 +1.4109377410036506e-05 +1.2133364141595597e-05 +1.0145841576011782e-05 +8.2123886489809876e-06
 12.50000000 +5.0000000000000000e+00 +1.9999999083748166e+00 +1.8531419543794403e-03 +9.9995803654014670e-01 +9.9999994447887541e-01 +9.9999994713307860e-01 +9.9999995019987398e-01 +9.9999995368668038e-01 +1.2463562849602120e-05 +1.0356192323930013e-05 +8.3057677016951775e-06 +6.3836496006623693e-06 +4.6588029231345096e-06
 13.00000000 +5.0000000000000000e+00 +2.0000000131785898e+00 +1.8482619951575353e-03 +9.9997052350596527e-01 +9.9999999027553466e-01 +9.9999999269334128e-01 +9.9999999507508719e-01 +9.9999999740280565e-01 +9.9117972535063231e-06 +7.6747916299224805e-06 +5.6348197113443289e-06 +3.8621226302878057e-06 +2.4175189797652486e-06
 13.50000000 +5.0000000000000000e+00 +2.0000001459648749e+00 +1.8455715933344051e-03 +9.9997827197535150e-01 +1.0000000130554687e+00 +1.0000000111320217e+00 +1.0000000094703874e+00 +1.0000000081278064e+00 +6.8283036287611349e-06 +5.2266811130324641e-06 +3.9604131559341077e-06 +3.0745645908035719e-06 +2.5962694098229085e-06
 14.00000000 +5.0000000000000000e+00 +2.0000003514000126e+00 +1.8442489700516626e-03 +9.9998251129804394e-01 +9.9999989153793278e-01 +9.9999989131813916e-01 +9.9999989146308943e-01 +9.9999989198156947e-01 +4.5355742663309577e-06 +3.6357439556224164e-06 +3.1582546538449192e-06 +3.1117521155724541e-06 +3.4810743563894837e-06
 14.50000000 +5.0000000000000000e+00 +2.0000005286767761e+00 +1.8385202378512018e-03 +9.9999788019523561e-01 +9.9999996559566440e-01 +9.9999996691662751e-01 +9.9999996839014471e-01 +9.9999996996373786e-01 -1.1575336041527304e-07 -2.5757199866614514e-07 +4.6393972720267806e-08 +7.5894717993355417e-07 +1.8169204999910832e-06
 15.00000000 +5.0000000000000000e+00 +1.9999999458304076e+00 +1.8451918800698639e-03 +9.9998152254609385e-01 +9.9999997410320174e-01 +9.9999998026514381e-01 +9.9999998661335454e-01 +9.9999999301427511e-01 +1.9389465384841346e-06 +2.5020943166285352e-06 +3.4283562713216065e-06 +4.6392055821372690e-06 +6.0348547623857689e-06
 15.50000000 +5.0000000000000000e+00 +1.9999999416713161e+00 +1.8550922535627329e-03 +9.9995674557717851e-01 +1.0000000178067492e+00 +1.0000000205686388e+00 +1.0000000231240207e+00 +1.0000000254282344e+00 +6.0067523042341915e-06 +7.1660437087740486e-06 +8.5382446768495517e-06 +1.0007973294547789e-05 +1.1448468652557357e-05
 16.00000000 +5.0000000000000000e+00 +2.0000000226918391e+00 +1.8563375838054400e-03 +9.9995391657796029e-01 +1.0000000490927428e+00 +1.0000000434424317e+00 +1.0000000365538719e+00 +1.0000000285517401e+00 +5.7623046951304029e-06 +7.4929070719209016e-06 +9.2721712864334913e-06 +1.0963999503893928e-05 +1.2434411237599006e-05
 16.50000000 +5.0000000000000000e+00 +2.0000000531076108e+00 +1.8573238285068884e-03 +9.9995082487303777e-01 +9.9999999191873468e-01 +9.9999999416239804e-01 +9.9999999639479298e-01 +9.9999999860496258e-01 +7.2085450037796485e-06 +8.7723409393279358e-06 +1.0148599766344299e-05 +1.1210921514871764e-05 +1.1853646313539608e-05
 17.00000000 +5.0000000000000000e+00 +2.0000005309540749e+00 +1.8602783086189391e-03 +9.9994290748798353e-01 +1.0000000188981206e+00 +1.0000000259116535e+00 +1.0000000331698329e+00 +1.0000000404377938e+00 +9.4218890170543886e-06 +1.0769113241106738e-05 +1.1800982078983420e-05 +1.2419948009470834e-05 +1.2562158576413296e-05
 17.50000000 +5.0000000000000000e+00 +2.0000001515446515e+00 +1.8684500504569167e-03 +9.9992116675582476e-01 +9.9999992637910140e-01 +9.9999991345890926e-01 +9.9999990104602154e-01 +9.9999988941978912e-01 +1.5536350480157661e-05 +1.6243663075030846e-05 +1.6403654849908490e-05 +1.5990529605858989e-05 +1.5028754135219859e-05
 18.00000000 +5.0000000000000000e+00 +2.0000008736564898e+00 +1.8602366503605949e-03 +9.9994136344831808e-01 +9.9999991819325362e-01 +9.9999991050783432e-01 +9.9999990420442531e-01 +9.9999989945186563e-01 +1.2719374163796573e-05 +1.2803207817088426e-05 +1.2322393668735312e-05 +1.1309278739080867e-05 +9.8499378425995005e-06
 18.50000000 +5.0000000000000000e+00 +1.9999996334254013e+00 +1.8612681704190486e-03 +9.9993749701807733e-01 +9.9999993308122581e-01 +9.9999993570409962e-01 +9.9999993881653970e-01 +9.9999994240677692e-01 +1.5864268181678009e-05 +1.4683782436103508e-05 +1.2959257213362650e-05 +1.0816471845783050e-05 +8.4291872170277626e-06
 19.00000000 +5.0000000000000000e+00 +2.0000000408464307e+00 +1.8612942919031582e-03 +9.9993695590671994e-01 +9.9999996921966161e-01 +9.9999996979292227e-01 +9.9999997084946957e-01 +9.9999997256344997e-01 +1.7057941196857250e-05 +1.5149487035392351e-05 +1.2837950135899673e-05 +1.0314991286533119e-05 +7.8012986627667662e-06
 19.50000000 +5.0000000000000000e+00 +1.9999996697569928e+00 +1.8501340744726514e-03 +9.9996520532289412e-01 +1.0000000893305736e+00 +1.0000000834582639e+00 +1.0000000776358413e+00 +1.0000000721239586e+00 +1.1897585563289468e-05 +9.3502468787954053e-06 +6.7354693048027134e-06 +4.2802937754933885e-06 +2.2085301457877429e-06
 20.00000000 +5.0000000000000000e+00 +2.0000019708529266e+00 +1.8431149729398468e-03 +9.9998386617614232e-01 +9.9999990125881377e-01 +9.9999989554858748e-01 +9.9999988977909116e-01 +9.9999988439598497e-01 +7.1305866392127674e-06 +4.8509516319456744e-06 +2.8467825939508706e-06 +1.3166534254736779e-06 +4.1787545063946947e-07
 20.50000000 +5.0000000000000000e+00 +1.9999996315403468e+00 +1.8465824067366587e-03 +9.9997504725157926e-01 +9.9999994245680413e-01 +9.9999993711664203e-01 +9.9999993155167999e-01 +9.9999992583485164e-01 +9.0078825001833888e-06 +6.5194424248151002e-06 +4.4575193889949331e-06 +2.9944266671634697e-06 +2.2365111160369385e-06
 21.00000000 +5.0000000000000000e+00 +2.0000005626815454e+00 +1.8518864892265576e-03 +9.9996299334624306e-01 +1.0000000012483790e+00 +9.9999998058026374e-01 +9.9999995812882259e-01 +9.9999993439449886e-01 +8.9759702408072399e-06 +7.5018931820985499e-06 +6.7024391118487733e-06 +6.6455025481039001e-06 +7.3064997976858445e-06
 21.50000000 +5.0000000000000000e+00 +2.0000013583861973e+00 +1.8439192298115132e-03 +9.9998412237803980e-01 +9.9999981799738102e-01 +9.9999979352696489e-01 +9.9999977129139106e-01 +9.9999975219578074e-01 +3.2600018780659364e-06 +2.5014705685653039e-06 +2.5718148850091316e-06 +3.4389372756161691e-06 +4.9703839929303279e-06
 22.00000000 +5.0000000000000000e+00 +2.0000004698526568e+00 +1.8433099607221811e-03 +9.9998620999996868e-01 +1.0000000836583216e+00 +1.0000000677521275e+00 +1.0000000522939674e+00 +1.0000000382137813e+00 +1.3726438855244473e-06 +1.3859072925561929e-06 +2.1399002596227058e-06 +3.4804143015831295e-06 +5.1692033354810380e-06
 22.50000000 +5.0000000000000000e+00 +1.9999992265123681e+00 +1.8555487842241733e-03 +9.9995533120485869e-01 +1.0000000158222948e+00 +1.0000000167094334e+00 +1.0000000193033673e+00 +1.0000000235077224e+00 +6.7462343240050664e-06 +7.5327896466399995e-06 +8.7433798841595779e-06 +1.0138116706016160e-05 +1.1432942984105718e-05
 23.00000000 +5.0000000000000000e+00 +1.9999997784145567e+00 +1.8499482680024992e-03 +9.9997002626981801e-01 +9.9999990933401739e-01 +9.9999990087562884e-01 +9.9999989307849402e-01 +9.9999988660800110e-01 +2.8164115281713418e-06 +4.2845927566858519e-06 +6.0772062646976399e-06 +7.8707871218924901e-06 +9.3348380820721001e-06
 23.50000000 +5.0000000000000000e+00 +2.0000002619259272e+00 +1.8553172817319474e-03 +9.9995592323806359e-01 +9.9999989395182509e-01 +9.9999989227699027e-01 +9.9999989181922311e-01 +9.9999989278661161e-01 +6.0870849178411909e-06 +7.7496351286226055e-06 +9.3090553671695878e-06 +1.0449025423660106e-05 +1.0911126324327874e-05
 24.00000000 +5.0000000000000000e+00 +2.0000001064415835e+00 +1.8561410250746704e-03 +9.9995332101810896e-01 +9.9999999568833198e-01 +1.0000000171781209e+00 +1.0000000400956495e+00 +1.0000000633597823e+00 +7.2939186194646404e-06 +8.7206244691065327e-06 +9.8332093663562193e-06 +1.0406264258198089e-05 +1.0308646117286083e-05
 24.50000000 +5.0000000000000000e+00 +2.0000000793927435e+00 +1.8587669963361989e-03 +9.9994517706113917e-01 +1.0000001609272722e+00 +1.0000001344590650e+00 +1.0000001060022710e+00 +1.0000000763150940e+00 +1.1258610444356943e-05 +1.1933895603754345e-05 +1.1781673434808487e-05 +1.0685872012509315e-05 +8.6851809803932566e-06
 25.00000000 +5.0000000000000000e+00 +2.0000004518406755e+00 +1.8662618024191085e-03 +9.9992605305253812e-01 +9.9999975691422249e-01 +9.9999975004530917e-01 +9.9999974538879921e-01 +9.9999974269848513e-01 +1.5507076549699118e-05 +1.6224497441297100e-05 +1.5951551660385559e-05 +1.4684820096936490e-05 +1.2583957090865460e-05
 25.50000000 +5.0000000000000000e+00 +2.0000012679672952e+00 +1.8575906403681742e-03 +9.9994756377150318e-01 +1.0000000735579431e+00 +1.0000000688032840e+00 +1.0000000643356020e+00 +1.0000000609385498e+00 +1.2413946587780273e-05 +1.2042066277188818e-05 +1.0952427736403532e-05 +9.3195460016569221e-06 +7.4406127039288779e-06
 26.00000000 +5.0000000000000000e+00 +1.9999995129169259e+00 +1.8514253445598432e-03 +9.9996127886472408e-01 +1.0000001314073983e+00 +1.0000001282688227e+00 +1.0000001235701874e+00 +1.0000001177070921e+00 +1.3421629861713244e-05 +1.1117832381683041e-05 +8.0115140425108161e-06 +4.5161251973608891e-06 +1.1530801696243931e-06
 26.50000000 +5.0000000000000000e+00 +2.0000010461659943e+00 +1.8571132331749824e-03 +9.9994768839459180e-01 +9.9999970766407398e-01 +9.9999970104566993e-01 +9.9999970011260275e-01 +9.9999970570233054e-01 +1.5468321535428143e-05 +1.3100427528912407e-05 +1.0503577181071637e-05 +8.1047546003185161e-06 +6.3199998493071556e-06
 27.00000000 +5.0000000000000000e+00 +2.0000012641094544e+00 +1.8560395906546123e-03 +9.9995087208563183e-01 +9.9999994975572726e-01 +9.9999991967841095e-01 +9.9999988624922775e-01 +9.9999985057767704e-01 +1.4149044100709307e-05 +1.1825187825945316e-05 +9.4892019712187736e-06 +7.5850251205886429e-06 +6.4732008072591762e-06
 27.50000000 +5.0000000000000000e+00 +2.0000013774073424e+00 +1.8382218677878784e-03 +9.9999668586217427e-01 +9.9999966979250787e-01 +9.9999965727002083e-01 +9.9999965362941379e-01 +9.9999966102406468e-01 +4.7472067128337852e-06 +1.9671360968030565e-06 -1.1500058148101093e-07 -1.1116026496186024e-06 -8.1530926194911554e-07
 28.00000000 +5.0000000000000000e+00 +2.0000021547201641e+00 +1.8549167242236009e-03 +9.9995622418963381e-01 +9.9999996841701866e-01 +9.9999996719180917e-01 +9.9999996081640685e-01 +9.9999994974339634e-01 +9.1138176453042774e-06 +7.9151268808355395e-06 +7.6958042858940275e-06 +8.6143969822562405e-06 +1.0590487571940743e-05
 28.50000000 +5.0000000000000000e+00 +2.0000013487060588e+00 +1.8514970079050329e-03 +9.9996486694832676e-01 +9.9999984035249101e-01 +9.9999982132731680e-01 +9.9999980643228736e-01 +9.9999979581453258e-01 +7.5953657257081240e-06 +6.2020222496094823e-06 +5.9909242896543050e-06 +7.0140676241549543e-06 +9.0667548080297890e-06
 29.00000000 +5.0000000000000000e+00 +2.0000017993276029e+00 +1.8422990775117738e-03 +9.9998890165847742e-01 +1.0000000400214573e+00 +1.0000000002656217e+00 +9.9999996262957513e-01 +9.9999992829828821e-01 +1.0268251382740988e-06 +5.2931718521917193e-07 +1.2605072925503936e-06 +3.0090726202298372e-06 +5.3414074129100035e-06
 29.50000000 +5.0000000000000000e+00 +1.9999994384295081e+00 +1.8542972474417997e-03 +9.9995934479204096e-01 +9.9999965999007911e-01 +9.9999965787161871e-01 +9.9999966059293988e-01 +9.9999966895037562e-01 +4.7124502079932890e-06 +6.0835474047816461e-06 +8.1603465567139763e-06 +1.0499297457702006e-05 +1.2552166303729457e-05
 30.00000000 +5.0000000000000000e+00 +2.0000000191382878e+00 +1.8594098299465169e-03 +9.9994488963966954e-01 +1.0000000552393056e+00 +1.0000000978808394e+00 +1.0000001393972517e+00 +1.0000001775216301e+00 +9.6854475494376679e-06 +9.9600318383645249e-06 +1.0795844263641625e-05 +1.1770422691192978e-05 +1.2428575414805802e-05
 30.50000000 +5.0000000000000000e+00 +2.0000011398910305e+00 +1.8506060499806536e-03 +9.9996897470954960e-01 +1.0000001392527182e+00 +1.0000001565756567e+00 +1.0000001626617296e+00 +1.0000001553667290e+00 +1.3431016263631290e-06 +3.6144909969711532e-06 +6.2964955258692578e-06 +8.7576524628459883e-06 +1.0399690836816411e-05
 31.00000000 +5.0000000000000000e+00 +1.9999999804373059e+00 +1.8660366803027785e-03 +9.9992820792716675e-01 +1.0000002703417030e+00 +1.0000002378618480e+00 +1.0000002031284838e+00 +1.0000001666412277e+00 +1.1612506247515366e-05 +1.3587171417511295e-05 +1.5091667603462900e-05 +1.5645192205304054e-05 +1.4977570525031678e-05
 31.50000000 +5.0000000000000000e+00 +2.0000014740403187e+00 +1.8512571553652764e-03 +9.9996567902732436e-01 +9.9999998076610219e-01 +9.9999993396781994e-01 +9.9999989145848256e-01 +9.9999985648304457e-01 +5.0519891988367543e-06 +6.5157213386732602e-06 +7.5517895258672688e-06 +7.9191565055938137e-06 +7.6196403756015834e-06
 32.00000000 +5.0000000000000000e+00 +2.0000008638811568e+00 +1.8647248049564109e-03 +9.9993084474491611e-01 +9.9999947285725210e-01 +9.9999944144760544e-01 +9.9999941276793780e-01 +9.9999938881635730e-01 +1.3354779109680679e-05 +1.4733679035397531e-05 +1.5224141530294378e-05 +1.4719729541813505e-05 +1.3407026708948728e-05
 32.50000000 +5.0000000000000000e+00 +2.0000016615102667e+00 +1.8470158426940463e-03 +9.9997447855245425e-01 +9.9999995574381051e-01 +9.9999992925016468e-01 +9.9999990350081192e-01 +9.9999987981723859e-01 +6.7669346806079579e-06 +7.0180301954305620e-06 +6.0885245928736277e-06 +4.1746092869406308e-06 +1.8050408549415166e-06
 33.00000000 +5.0000000000000000e+00 +2.0000017368920298e+00 +1.8495499013214613e-03 +9.9996760415693697e-01 +1.0000003058968692e+00 +1.0000002966066113e+00 +1.0000002816157210e+00 +1.0000002637905638e+00 +9.3010412873237063e-06 +8.3081931435205277e-06 +6.5243619810166770e-06 +4.4349380074322274e-06 +2.6794013403522868e-06
 33.50000000 +5.0000000000000000e+00 +2.0000003574209049e+00 +1.8615872478574226e-03 +9.9993804674806219e-01 +9.9999993423325717e-01 +9.9999989869606853e-01 +9.9999987998745743e-01 +9.9999988227500236e-01 +1.3694463341633752e-05 +1.3606015687025209e-05 +1.2794110764519388e-05 +1.1642422349857944e-05 +1.0621046187840340e-05
 34.00000000 +5.0000000000000000e+00 +1.9999965411998151e+00 +1.8682939815677412e-03 +9.9991849189176918e-01 +9.9999993305331680e-01 +9.9999992788376835e-01 +9.9999994568111328e-01 +9.9999998565918868e-01 +2.2156257611135446e-05 +1.9815873919435017e-05 +1.6558284577955865e-05 +1.3086194189274364e-05 +1.0099219196901679e-05
 34.50000000 +5.0000000000000000e+00 +1.9999991888041995e+00 +1.8487875236237086e-03 +9.9996876613593988e-01 +9.9999929922613717e-01 +9.9999931293499300e-01 +9.9999933252165618e-01 +9.9999935655434380e-01 +1.2200174458142441e-05 +9.2896939694163156e-06 +6.2628759531213494e-06 +3.8026944973877919e-06 +2.3771823757316848e-06
 35.00000000 +5.0000000000000000e+00 +2.0000000862121610e+00 +1.8613850695211648e-03 +9.9993876039379914e-01 +1.0000002881109298e+00 +1.0000001712672681e+00 +1.0000000565229987e+00 +9.9999994999390507e-01 +1.4231418293690912e-05 +1.2368520884828682e-05 +1.1201035129992592e-05 +1.1060287980751039e-05 +1.1912442736761580e-05
 35.50000000 +5.0000000000000000e+00 +1.9999968733549152e+00 +1.8379624062707031e-03 +9.9999646160829148e-01 +9.9999989610255602e-01 +9.9999987657830558e-01 +9.9999985443970096e-01 +9.9999983257888148e-01 +6.0433526923222828e-06 +2.4401659503123056e-06 -1.9032753885851387e-07 -1.7445086044973729e-06 -2.4699904184541276e-06
 36.00000000 +5.0000000000000000e+00 +2.0000014307689851e+00 +1.8490216520158727e-03 +9.9997176262437792e-01 +1.0000002523795861e+00 +1.0000002099322525e+00 +1.0000001582374562e+00 +1.0000000974511116e+00 +4.1090408651887972e-06 +4.0471760871832185e-06 +4.8416100697642638e-06 +6.3590697800736528e-06 +8.1624879652440519e-06
 36.50000000 +5.0000000000000000e+00 +2.0000012752053795e+00 +1.8411603806670954e-03 +9.9999295597947424e-01 +1.0000003560012047e+00 +1.0000004412345824e+00 +1.0000005159318732e+00 +1.0000005738819184e+00 -2.3917688920175238e-06 -2.0787341340130685e-06 -7.0511611698284163e-08 +3.1061454873607248e-06 +6.5918466849220763e-06
 37.00000000 +5.0000000000000000e+00 +1.9999984472518595e+00 +1.8527769805627122e-03 +9.9996147642162792e-01 +9.9999951122510988e-01 +9.9999950398735071e-01 +9.9999950946606553e-01 +9.9999952786112922e-01 +6.8971374520675173e-06 +7.3758367449497341e-06 +8.2864630357130112e-06 +9.0084229136029134e-06 +8.9031792214602562e-06
 37.50000000 +5.0000000000000000e+00 +2.0000004605936446e+00 +1.8636665612888298e-03 +9.9993439930734784e-01 +9.9999997590346612e-01 +9.9999999033474263e-01 +1.0000000004836538e+00 +1.0000000064364900e+00 +1.0733439244772880e-05 +1.1921837310797386e-05 +1.3523921316012167e-05 +1.4707265043352224e-05 +1.4741077538232725e-05
 38.00000000 +5.0000000000000000e+00 +1.9999990466710731e+00 +1.8635344762672303e-03 +9.9993274891058526e-01 +9.9999989304239512e-01 +9.9999983561247519e-01 +9.9999978855932092e-01 +9.9999976126664736e-01 +1.5352535559812279e-05 +1.4418851154379643e-05 +1.3742694294404427e-05 +1.2880931022168762e-05 +1.1577599061329971e-05
 38.50000000 +5.0000000000000000e+00 +1.9999971586041068e+00 +1.8695219996281991e-03 +9.9991556818747951e-01 +9.9999987986735039e-01 +9.9999983330715558e-01 +9.9999975175108613e-01 +9.9999964353960624e-01 +2.1843823857524892e-05 +2.0712026153500892e-05 +1.8266767527782742e-05 +1.4528885265221052e-05 +9.9718512595972019e-06
 39.00000000 +5.0000000000000000e+00 +2.0000028011175366e+00 +1.8494234596852905e-03 +9.9996892076407118e-01 +9.9999978243148357e-01 +9.9999977342931745e-01 +9.9999978815340773e-01 +9.9999982782422359e-01 +7.4436259533595898e-06 +7.3007636096446133e-06 +6.8016472374215187e-06 +5.8044644178801393e-06 +4.5568905280449621e-06
 39.50000000 +5.0000000000000000e+00 +1.9999992729712779e+00 +1.8610722589690010e-03 +9.9993810782596693e-01 +9.9999919099002854e-01 +9.9999922279317399e-01 +9.9999929298522616e-01 +9.9999939970725293e-01 +1.5380697979317761e-05 +1.5520795116893059e-05 +1.4119155195702113e-05 +1.1453072267548923e-05 +8.3119698162583730e-06
 40.00000000 +5.0000000000000000e+00 +1.9999980681722147e+00 +1.8444143796877430e-03 +9.9998147251927205e-01 +1.0000000469174410e+00 +1.0000000275781336e+00 +1.0000000094187305e+00 +9.9999999237761650e-01 +5.4134996055859478e-06 +4.9727757561349101e-06 +3.8876046801291809e-06 +2.5583414704522106e-06 +1.6189688936258331e-06
 40.50000000 +5.0000000000000000e+00 +2.0000014213154280e+00 +1.8468035960471376e-03 +9.9997628807432615e-01 +9.9999990582977061e-01 +9.9999988395009143e-01 +9.9999984686091370e-01 +9.9999979614955536e-01 +4.4141503016915067e-06 +5.5931829882240383e-06 +5.6109802677718222e-06 +4.8230307061615661e-06 +3.8377877171663312e-06
 41.00000000 +5.0000000000000000e+00 +2.0000041365454715e+00 +1.8543820511925447e-03 +9.9995647933305221e-01 +1.0000005079702203e+00 +1.0000004811988534e+00 +1.0000004349297680e+00 +1.0000003737776246e+00 +8.9140814385546826e-06 +9.4648320804155839e-06 +9.0361314170149905e-06 +7.8931678581052762e-06 +6.4145725668559973e-06
 41.50000000 +5.0000000000000000e+00 +1.9999993072583346e+00 +1.8620847069009804e-03 +9.9993533268965751e-01 +9.9999953598125058e-01 +9.9999950898981271e-01 +9.9999949347110006e-01 +9.9999949461190962e-01 +1.7654711435013701e-05 +1.5571250815371484e-05 +1.3081111926708714e-05 +1.0886124303762750e-05 +9.4410646850062289e-06
 42.00000000 +5.0000000000000000e+00 +1.9999998257975400e+00 +1.8628251639251634e-03 +9.9993655900257394e-01 +9.9999921743420472e-01 +9.9999918967311618e-01 +9.9999916436435743e-01 +9.9999914507450827e-01 +1.1797297011857653e-05 +1.2278588797044214e-05 +1.3058745199854494e-05 +1.4197709756503185e-05 +1.5392118747951807e-05
 42.50000000 +5.0000000000000000e+00 +2.0000008163025997e+00 +1.8840805981645097e-03 +9.9988223957029365e-01 +1.0000000872556281e+00 +1.0000000081298486e+00 +9.9999992041614139e-01 +9.9999982769440365e-01 +2.2946026755792701e-05 +2.2847561283928860e-05 +2.3141604762431459e-05 +2.3979039264989045e-05 +2.5002696435320084e-05
 43.00000000 +5.0000000000000000e+00 +2.0000022891245757e+00 +1.8640689825313885e-03 +9.9993468018939846e-01 +9.9999958871144368e-01 +9.9999941282086602e-01 +9.9999925084352559e-01 +9.9999912975460559e-01 +1.0708254863176478e-05 +1.1070606757341848e-05 +1.2590239464350067e-05 +1.5225209008893791e-05 +1.8343376391893297e-05
 43.50000000 +5.0000000000000000e+00 +1.9999970136329355e+00 +1.8393061452673409e-03 +9.9999412039477220e-01 +1.0000004314925994e+00 +1.0000003735010135e+00 +1.0000002866273754e+00 +1.0000001745810079e+00 +3.9167131868023836e-06 +1.0938394399046259e-06 -2.0551595316245437e-07 -2.7024813997672973e-07 +7.8613299258125287e-08
 44.00000000 +5.0000000000000000e+00 +1.9999998184997254e+00 +1.8566809333143332e-03 +9.9995421756287006e-01 +1.0000004925215820e+00 +1.0000005962180496e+00 +1.0000006786720295e+00 +1.0000007272759710e+00 +2.5217838483393430e-06 +5.4553130328547460e-06 +9.0225674921394903e-06 +1.2206754055817170e-05 +1.4081340776835872e-05
 44.50000000 +5.0000000000000000e+00 +1.9999962820704886e+00 +1.8423314526346737e-03 +9.9998667295407107e-01 +9.9999987271486912e-01 +9.9999987565054738e-01 +9.9999989617215346e-01 +9.9999993651029517e-01 +3.9461861962610631e-06 +3.4541353696035419e-06 +3.2226755528350884e-06 +2.4838416377366506e-06 +6.3916780528615171e-07
 45.00000000 +5.0000000000000000e+00 +1.9999989082922554e+00 +1.8728502248774096e-03 +9.9990957622552501e-01 +9.9999946627065739e-01 +9.9999950808561533e-01 +9.9999955416139685e-01 +9.9999961903425161e-01 +1.7731667952062252e-05 +1.8904594952163541e-05 +1.9636514402624161e-05 +1.9129745935486434e-05 +1.6873697989391307e-05
 45.50000000 +5.0000000000000000e+00 +1.9999964990250321e+00 +1.8845152537494759e-03 +9.9987847671285435e-01 +9.9999974073055908e-01 +9.9999980784732156e-01 +9.9999987906613974e-01 +9.9999994578610429e-01 +2.6762738652327477e-05 +2.6663037604781775e-05 +2.5713865294502577e-05 +2.3370055992137239e-05 +1.9640160077584856e-05
 46.00000000 +5.0000000000000000e+00 +1.9999978322650185e+00 +1.8513935838517259e-03 +9.9996460778134444e-01 +1.0000002168779916e+00 +1.0000002684519183e+00 +1.0000003440805330e+00 +1.0000004414143260e+00 +5.8888204199091398e-06 +6.7418038071199275e-06 +7.5369542265891967e-06 +7.5039780596401153e-06 +6.4498406822966526e-06
 46.50000000 +5.0000000000000000e+00 +1.9999971612716352e+00 +1.8804256631941745e-03 +9.9989093633862780e-01 +9.9999970490290557e-01 +9.9999955116747996e-01 +9.9999938076435824e-01 +9.9999920690606725e-01 +2.0956802219962179e-05 +2.3177405429585780e-05 +2.4024525912517429e-05 +2.2965423451293220e-05 +2.0095759790223789e-05
 47.00000000 +5.0000000000000000e+00 +1.9999977181826118e+00 +1.8519339261856102e-03 +9.9996308517257415e-01 +1.0000001196371369e+00 +9.9999989712391446e-01 +9.9999965660618140e-01 +9.9999942047414658e-01 +8.1891859977831025e-06 +7.6421731972221983e-06 +7.2959210099121903e-06 +7.1885898033961663e-06 +7.5051188481508237e-06
 47.50000000 +5.0000000000000000e+00 +1.9999949808631097e+00 +1.8885549532861486e-03 +9.9986749554032517e-01 +1.0000004359593586e+00 +1.0000004216816814e+00 +1.0000003785939244e+00 +1.0000003170306526e+00 +3.0879509922992835e-05 +3.0165451305275462e-05 +2.7287986495258479e-05 +2.3220134618915758e-05 +1.9398119058727188e-05
 48.00000000 +5.0000000000000000e+00 +2.0000021690195493e+00 +1.8409565806662177e-03 +9.9999121561327686e-01 +9.9999988317244137e-01 +9.9999991568616753e-01 +9.9999999651761351e-01 +1.0000001254578701e+00 +2.3585725056927974e-06 +1.7704032790180966e-06 +1.2790087150301028e-06 +1.3224067714769352e-06 +2.1331615184411722e-06
 48.50000000 +5.0000000000000000e+00 +1.9999964999980029e+00 +1.8334561950653461e-03 +1.0000097712110816e+00 +9.9999919190820419e-01 +9.9999926931778493e-01 +9.9999937536330408e-01 +9.9999948867581923e-01 -6.7038015838627592e-07 -4.2875728145302347e-07 -1.2124179952872981e-06 -2.2011564787715569e-06 -2.5837600714277947e-06
 49.00000000 +5.0000000000000000e+00 +1.9999914280330768e+00 +1.8735637999830062e-03 +9.9990537931971668e-01 +1.0000003319068880e+00 +1.0000002181505117e+00 +1.0000001124955080e+00 +1.0000000377559390e+00 +2.3914021148529541e-05 +2.2014488761565617e-05 +1.9188598207064762e-05 +1.5997607737081748e-05 +1.2805655120647646e-05
 49.50000000 +5.0000000000000000e+00 +1.9999999938241466e+00 +1.8288544454528792e-03 +1.0000210914896543e+00 +9.9999984642349193e-01 +9.9999985282981030e-01 +9.9999983645666080e-01 +9.9999980316298065e-01 +6.1864536952319873e-07 -3.8643409348102768e-06 -6.6558606595193479e-06 -6.7036772061513127e-06 -3.8251299466933515e-06
 50.00000000 +5.0000000000000000e+00 +1.9999984418942787e+00 +1.8452537907745236e-03 +9.9998153061906669e-01 +9.9999943460678697e-01 +9.9999954805543834e-01 +9.9999961295836481e-01 +9.9999962431188927e-01 +1.3969624201822368e-06 +2.5956880225726518e-06 +4.1984830629899396e-06 +5.7098092330970267e-06 +6.3485038821897241e-06
 50.50000000 +5.0000000000000000e+00 +2.0000000462475498e+00 +1.8545950456559210e-03 +9.9995946390763157e-01 +1.0000000228777974e+00 +1.0000000599208558e+00 +1.0000000472440209e+00 +9.9999998666039680e-01 +3.7863499924530887e-06 +4.6773091966921538e-06 +7.1770064997662692e-06 +1.0688864997305415e-05 +1.4089860033401246e-05
 51.00000000 +5.0000000000000000e+00 +1.9999965053526134e+00 +1.8824215293764377e-03 +9.9988473959370772e-01 +1.0000006216468011e+00 +1.0000005401685854e+00 +1.0000004629017447e+00 +1.0000003762489911e+00 +2.4483156331370046e-05 +2.3737353109719599e-05 +2.2827222061239477e-05 +2.1762631838823343e-05 +2.0449079488625063e-05
 51.50000000 +5.0000000000000000e+00 +1.9999970551239716e+00 +1.8467718563906974e-03 +9.9997502665135074e-01 +9.9999960847062541e-01 +9.9999945636656207e-01 +9.9999936427271274e-01 +9.9999934665692225e-01 +8.9365236478023204e-06 +6.4020019673732467e-06 +4.7344500551988739e-06 +3.8550158928968054e-06 +3.2695947775485580e-06
 52.00000000 +5.0000000000000000e+00 +1.9999978171740873e+00 +1.8606192404966480e-03 +9.9994159994206222e-01 +1.0000006364441298e+00 +1.0000005939241958e+00 +1.0000004936947831e+00 +1.0000003493779004e+00 +1.0294230604088383e-05 +1.0783285968341165e-05 +1.1620571573659632e-05 +1.2042310424771420e-05 +1.1586218966932884e-05
 52.50000000 +5.0000000000000000e+00 +1.9999949613488104e+00 +1.8848770652456876e-03 +9.9988131502528221e-01 +1.0000002631077145e+00 +1.0000000963953684e+00 +9.9999991302205660e-01 +9.9999971616442551e-01 +1.8838861485809018e-05 +2.1994068260982272e-05 +2.5071815431978425e-05 +2.6749921279085152e-05 +2.6041613439291209e-05
 53.00000000 +5.0000000000000000e+00 +1.9999989617259841e+00 +1.8683853668262178e-03 +9.9992029586146780e-01 +1.0000007318983772e+00 +1.0000006572522129e+00 +1.0000004541266245e+00 +1.0000001512147649e+00 +1.7059723199665203e-05 +1.7543663616134756e-05 +1.6886981209062315e-05 +1.4716141877407266e-05 +1.1503138521172510e-05
 53.50000000 +5.0000000000000000e+00 +1.9999956970019335e+00 +1.8558372879058959e-03 +9.9995257278021088e-01 +1.0000004328434215e+00 +1.0000006997620567e+00 +1.0000009065363562e+00 +1.0000010057733497e+00 +1.0095387964890725e-05 +9.9085249054781180e-06 +9.0712387359711742e-06 +7.9226519108056366e-06 +7.3845028046390692e-06
 54.00000000 +5.0000000000000000e+00 +1.9999941017766263e+00 +1.8320490366506529e-03 +1.0000140268842639e+00 +1.0000000831364708e+00 +1.0000002485387547e+00 +1.0000003514482430e+00 +1.0000003630276149e+00 -3.7052737065224089e-06 -3.6106916912268215e-06 -3.1970180382559692e-06 -2.6452366639861172e-06 -1.9148082198269072e-06
 54.50000000 +5.0000000000000000e+00 +1.9999957125757479e+00 +1.8748542820916818e-03 +9.9990700305763935e-01 +1.0000011189963167e+00 +1.0000011876623938e+00 +1.0000011540906661e+00 +1.0000010128823016e+00 +1.1769522081219589e-05 +1.5752168000841470e-05 +1.9073130923339697e-05 +2.0943490794455345e-05 +2.0984993075052605e-05
 55.00000000 +5.0000000000000000e+00 +1.9999938789715268e+00 +1.8347374754212539e-03 +1.0000056840738101e+00 +1.0000003250711205e+00 +1.0000001525904048e+00 +9.9999992369887003e-01 +9.9999965997079410e-01 +3.1407871460387473e-06 -6.7166641587050158e-09 -2.4522299343075940e-06 -3.5118074884390354e-06 -2.9154413800790869e-06
 55.50000000 +5.0000000000000000e+00 +1.9999990692763121e+00 +1.8701843006735011e-03 +9.9991584749041507e-01 +1.0000005816859943e+00 +1.0000003739156065e+00 +1.0000001616674195e+00 +9.9999996440844052e-01 +1.7896666407514352e-05 +1.8292192299631822e-05 +1.7369083274911204e-05 +1.5662356796571953e-05 +1.3850534198960576e-05
 56.00000000 +5.0000000000000000e+00 +1.9999933036931923e+00 +1.8847888735184584e-03 +9.9987943014152336e-01 +1.0000001980047863e+00 +1.0000001250457817e+00 +1.0000000094295189e+00 +9.9999987998856033e-01 +2.2867688570813533e-05 +2.5804946589722190e-05 +2.6331000298076169e-05 +2.4495170215881756e-05 +2.0858579791277400e-05
 56.50000000 +5.0000000000000000e+00 +1.9999965047543433e+00 +1.8358953978682986e-03 +1.0000014933333621e+00 +1.0000004682339447e+00 +1.0000003866214768e+00 +1.0000002781776183e+00 +1.0000001568857964e+00 +7.8918168485736375e-06 +1.0986476784229887e-06 -3.7817377766550622e-06 -5.1113372369968177e-06 -2.8806369962989632e-06
 57.00000000 +5.0000000000000000e+00 +2.0000025545565183e+00 +1.8769194038114323e-03 +9.9989819734398933e-01 +9.9999853280808471e-01 +9.9999838203240299e-01 +9.9999835870119169e-01 +9.9999851712228449e-01 +2.5123575219377318e-05 +2.3591774014151653e-05 +2.1747382012132655e-05 +1.9850358588259947e-05 +1.7698905006037449e-05
 57.50000000 +5.0000000000000000e+00 +1.9999976018140990e+00 +1.8911580330012508e-03 +9.9986443924318857e-01 +1.0000000023329456e+00 +9.9999995626580673e-01 +9.9999991748794037e-01 +9.9999987522294875e-01 +2.3970564735694212e-05 +2.6586715880728048e-05 +2.8663027103734170e-05 +2.9264742104892033e-05 +2.7324400531584673e-05
 58.00000000 +5.0000000000000000e+00 +1.9999965429780802e+00 +1.8543072804756682e-03 +9.9996037571996921e-01 +9.9999860166624888e-01 +9.9999842375423098e-01 +9.9999825835242540e-01 +9.9999812158234880e-01 +4.4909018460564511e-06 +6.0640448231344033e-06 +8.5971345687811408e-06 +1.1867815313450149e-05 +1.5199023663949443e-05
 58.50000000 +5.0000000000000000e+00 +1.9999896942616899e+00 +1.8700319227347917e-03 +9.9991357605218045e-01 +1.0000000996350806e+00 +1.0000002844162994e+00 +1.0000004421136937e+00 +1.0000005450993814e+00 +2.3831798512773843e-05 +2.0535310237675385e-05 +1.6807231247979228e-05 +1.3325144306973111e-05 +1.0553190742569800e-05
 59.00000000 +5.0000000000000000e+00 +2.0000020557397971e+00 +1.8358773247015990e-03 +1.0000062993359313e+00 +1.0000003394280068e+00 +1.0000000674234981e+00 +9.9999982086331107e-01 +9.9999959251593162e-01 -5.0951364024666875e-06 -3.5654565752364824e-06 -1.0047358444081215e-06 +1.2897553548963838e-06 +2.2560074241336952e-06
 59.50000000 +5.0000000000000000e+00 +1.9999975793711766e+00 +1.8654765584564569e-03 +9.9992987909029662e-01 +9.9999833641359781e-01 +9.9999824923716629e-01 +9.9999827113008077e-01 +9.9999842267584516e-01 +1.3060590128238839e-05 +1.4471156295936748e-05 +1.5907026966090228e-05 +1.6834984393357581e-05 +1.6567694248512092e-05
 60.00000000 +5.0000000000000000e+00 +1.9999927958932631e+00 +1.8557620565991353e-03 +9.9995164064023345e-01 +9.9999989028096548e-01 +9.9999977656331107e-01 +9.9999955203776070e-01 +9.9999924331943002e-01 +1.3940209818660461e-05 +1.2780597562001008e-05 +1.0598379861037882e-05 +7.6246357602001428e-06 +4.9533298908007912e-06
 60.50000000 +5.0000000000000000e+00 +2.0000016950412483e+00 +1.8338487356610472e-03 +1.0000099481899754e+00 +9.9999949534332577e-01 +9.9999978481108032e-01 +9.9999994195915420e-01 +9.9999990832254748e-01 -1.2331990299489749e-06 -3.8057216348747582e-06 -3.8441820979646809e-06 -1.7937698224365518e-06 +1.5982533241308669e-06
 61.00000000 +5.0000000000000000e+00 +1.9999944952505666e+00 +1.8111838328731440e-03 +1.0000649084787858e+00 +9.9999874085137952e-01 +9.9999862133523110e-01 +9.9999854945226541e-01 +9.9999859509702327e-01 -8.0072423938997244e-06 -1.0567673074001975e-05 -1.2426626322543124e-05 -1.3762049524992802e-05 -1.4651620354633647e-05
 61.50000000 +5.0000000000000000e+00 +1.9999976480899273e+00 +1.8531463387172632e-03 +9.9996120038210801e-01 +1.0000001662071178e+00 +9.9999994218048804e-01 +9.9999968496529601e-01 +9.9999947513011467e-01 +3.6196027191306623e-06 +7.4173347716409000e-06 +9.5953053706664371e-06 +9.9692282386227551e-06 +8.9296577187495153e-06
 62.00000000 +5.0000000000000000e+00 +1.9999985238493450e+00 +1.8537446144464638e-03 +9.9995942707464358e-01 +1.0000005271817549e+00 +1.0000004488306595e+00 +1.0000002779183088e+00 +1.0000000451267852e+00 +8.0112166769014916e-06 +6.0851273679250737e-06 +5.9913102151442108e-06 +7.8858834984285659e-06 +1.1300337001555731e-05
 62.50000000 +5.0000000000000000e+00 +2.0000011857304481e+00 +1.8259581477761200e-03 +1.0000319735674712e+00 +9.9999974165940109e-01 +9.9999959101096392e-01 +9.9999940765221507e-01 +9.9999926325672051e-01 -1.0922802352194114e-05 -8.4033658185994310e-06 -5.9421015882797873e-06 -3.4931956069870647e-06 -1.2156748065348284e-06
 63.00000000 +5.0000000000000000e+00 +1.9999967779812278e+00 +1.8889257659236455e-03 +9.9987225399647828e-01 +1.0000008376561313e+00 +1.0000003688216783e+00 +9.9999971782077857e-01 +9.9999902857155498e-01 +1.9083193984558638e-05 +2.4494064972154670e-05 +2.8123575201726471e-05 +2.9067274441949202e-05 +2.7025023303350507e-05
 63.50000000 +5.0000000000000000e+00 +1.9999975132672529e+00 +1.8615033099763196e-03 +9.9993825743443254e-01 +1.0000001623484829e+00 +1.0000004047746391e+00 +1.0000007060947942e+00 +1.0000009700182682e+00 +1.3077401334427638e-05 +1.2896429911129003e-05 +1.2272281895640779e-05 +1.1329032016081829e-05 +9.9241841478685374e-06
 64.00000000 +5.0000000000000000e+00 +1.9999955614439489e+00 +1.8680412831174492e-03 +9.9992232343974707e-01 +9.9999944168016341e-01 +9.9999916961329172e-01 +9.9999913209369706e-01 +9.9999929515967101e-01 +1.5460911085306545e-05 +1.7458554379671782e-05 +1.7534720613804832e-05 +1.6186967001177646e-05 +1.3996861226388488e-05
 64.50000000 +5.0000000000000000e+00 +1.9999979438407343e+00 +1.8722151400774221e-03 +9.9990956011425447e-01 +1.0000002363444753e+00 +1.0000002616006476e+00 +1.0000002466619797e+00 +1.0000001785750157e+00 +1.9876211129728068e-05 +2.0614978099021345e-05 +1.9635655432752066e-05 +1.6963548215298458e-05 +1.2426311704914287e-05
 65.00000000 +5.0000000000000000e+00 +1.9999959898408655e+00 +1.8899829035333034e-03 +9.9986519593281287e-01 +9.9999971880031313e-01 +9.9999955911101568e-01 +9.9999934458391304e-01 +9.9999912528886270e-01 +2.7156341396786148e-05 +2.8954485784355797e-05 +2.9314614721305242e-05 +2.7780667489433316e-05 +2.3850176827848707e-05
 65.50000000 +5.0000000000000000e+00 +2.0000014894605700e+00 +1.8683889793658021e-03 +9.9992406789902311e-01 +9.9999977156753128e-01 +9.9999963754424015e-01 +9.9999950145237104e-01 +9.9999939558368633e-01 +8.0575814356819050e-06 +1.3222484449032593e-05 +1.7583960426831920e-05 +1.9746677771672933e-05 +1.9015246461643781e-05
 66.00000000 +5.0000000000000000e+00 +1.9999990580596472e+00 +1.8590740958244339e-03 +9.9994755127433954e-01 +9.9999903922669586e-01 +9.9999915406739814e-01 +9.9999923123272716e-01 +9.9999927576915204e-01 +6.1816220122644581e-06 +6.9194218635065439e-06 +9.9966960732617967e-06 +1.4375198212097448e-05 +1.8275484316449311e-05
 66.50000000 +5.0000000000000000e+00 +1.9999990099181024e+00 +1.8291766408282503e-03 +1.0000170039723337e+00 +9.9999845790309916e-01 +9.9999872724458649e-01 +9.9999916282555523e-01 +9.9999971166302937e-01 +6.6197477588643956e-06 +8.1636765274794386e-07 -3.9231101976306959e-06 -7.3139712074361398e-06 -9.2626435234409735e-06
 67.00000000 +5.0000000000000000e+00 +2.0000023717691757e+00 +1.8670610538803339e-03 +9.9992719729048896e-01 +1.0000003053827902e+00 +1.0000002494866547e+00 +1.0000002136971520e+00 +1.0000001873851845e+00 +6.7356285601083573e-06 +1.3088793636486244e-05 +1.7431008905444124e-05 +1.8513315972604242e-05 +1.6078007102477075e-05
 67.50000000 +5.0000000000000000e+00 +1.9999922146475806e+00 +1.8470410452908646e-03 +9.9997171446272526e-01 +9.9999977817022012e-01 +1.0000002913369099e+00 +1.0000009597613742e+00 +1.0000016452299560e+00 +1.3000236244164696e-05 +9.5626830150899708e-06 +5.1732850625322843e-06 +7.4871534257947376e-07 -2.8738857528111371e-06
 68.00000000 +5.0000000000000000e+00 +1.9999950839465972e+00 +1.8506234546213417e-03 +9.9996497307048826e-01 +1.0000009860704930e+00 +1.0000011602064338e+00 +1.0000013844362396e+00 +1.0000016321006755e+00 +6.3977259739183479e-06 +8.5326090159153441e-06 +8.5735605286674648e-06 +5.7573173737838453e-06 +6.0290608726832176e-07
 68.50000000 +5.0000000000000000e+00 +1.9999992308376562e+00 +1.8487747194923961e-03 +9.9997329087286491e-01 +9.9999969497017072e-01 +1.0000000040484285e+00 +1.0000003676761693e+00 +1.0000007756643650e+00 -1.0999935222159270e-06 +2.1142095144155993e-06 +5.6721111169626991e-06 +8.6625369556324922e-06 +1.0517899327059128e-05
 69.00000000 +5.0000000000000000e+00 +1.9999975798162266e+00 +1.8395216950573068e-03 +9.9999385030783872e-01 +9.9999884127924599e-01 +9.9999891558346454e-01 +9.9999898789502462e-01 +9.9999908045508690e-01 +1.8994396508404577e-06 +2.7557948352410058e-06 +2.7866575409495354e-06 +1.9158020246416241e-06 +9.6678264334545755e-07
 69.50000000 +5.0000000000000000e+00 +2.0000058572238451e+00 +1.8191155872691650e-03 +1.0000514762930208e+00 +1.0000001717536737e+00 +1.0000005944044947e+00 +1.0000010757526936e+00 +1.0000014482023958e+00 -2.0300229617475064e-05 -1.4290414410901630e-05 -9.7757172427534408e-06 -6.5508521646979077e-06 -3.8491871231152637e-06
 70.00000000 +5.0000000000000000e+00 +1.9999966593267660e+00 +1.9122610925493488e-03 +9.9980829492453949e-01 +1.0000001435952275e+00 +1.0000004808173568e+00 +1.0000005845390423e+00 +1.0000003897631879e+00 +3.9644219826764737e-05 +4.1038161167174694e-05 +3.9760288973920888e-05 +3.6608046047226435e-05 +3.3055648767054789e-05
 70.50000000 +5.0000000000000000e+00 +1.9999925033898547e+00 +1.8183063885162901e-03 +1.0000439117292854e+00 +1.0000006216132511e+00 +1.0000004387941057e+00 +1.0000000875017141e+00 +9.9999972076870569e-01 +1.7134107214611629e-06 -5.0306508790413235e-06 -1.0512114318429006e-05 -1.4377894053840833e-05 -1.6573158292080851e-05
 71.00000000 +5.0000000000000000e+00 +2.0000001104012042e+00 +1.7978102642913717e-03 +1.0001029126649208e+00 +1.0000016548998116e+00 +1.0000007006060652e+00 +9.9999982795846187e-01 +9.9999911798358465e-01 -1.7750503765105207e-05 -2.4616553546590990e-05 -2.6597573210286141e-05 -2.2365015245442136e-05 -1.2884468084999008e-05
 71.50000000 +5.0000000000000000e+00 +1.9999948821044873e+00 +1.8238656378543627e-03 +1.0000353584283543e+00 +1.0000007984481376e+00 +1.0000003206439496e+00 +9.9999988686943508e-01 +9.9999965087850373e-01 -7.0850803771049783e-06 -7.7164219023442159e-06 -7.9686312767734857e-06 -7.2891218333270014e-06 -5.9560087780872686e-06
 72.00000000 +5.0000000000000000e+00 +1.9999991793614156e+00 +1.8908081501518041e-03 +9.9987456927401464e-01 +9.9999895527318927e-01 +9.9999890321496931e-01 +9.9999885153693890e-01 +9.9999872618046048e-01 +3.0669270818817034e-06 +1.4497064883637519e-05 +2.7525540427552100e-05 +3.9177643945963319e-05 +4.5727338370931078e-05
 72.50000000 +5.0000000000000000e+00 +2.0000022391767387e+00 +1.8748667948823234e-03 +9.9990928118257194e-01 +1.0000003685083727e+00 +1.0000000843549526e+00 +9.9999978786339072e-01 +9.9999953517963780e-01 +1.0761671355926009e-05 +1.1912860935079467e-05 +1.6733382613917482e-05 +2.3194828144455374e-05 +2.8340166697403270e-05
 73.00000000 +5.0000000000000000e+00 +1.9999998783041251e+00 +1.8240192139304969e-03 +1.0000357187410671e+00 +1.0000017815251729e+00 +1.0000016972283554e+00 +1.0000015215261517e+00 +1.0000012563307268e+00 -1.1546650089137850e-05 -9.7998097037884309e-06 -7.7216354211019450e-06 -6.4713057578421657e-06 -6.4359562075646745e-06
 73.50000000 +5.0000000000000000e+00 +1.9999972835561020e+00 +1.8594091583806016e-03 +9.9994360222381851e-01 +1.0000003250033060e+00 +1.0000005614922727e+00 +1.0000006421964496e+00 +1.0000006131901753e+00 +1.0145791082975203e-05 +1.1464549662213762e-05 +1.2104719024232418e-05 +1.1410450409202930e-05 +9.1303856725676895e-06
 74.00000000 +5.0000000000000000e+00 +1.9999927292547410e+00 +1.8286245145443661e-03 +1.0000229487445031e+00 +9.9999968936155126e-01 +9.9999995897799421e-01 +1.0000005607251832e+00 +1.0000013865596773e+00 -8.3772396845772728e-06 -6.9028801507546655e-06 -4.7055478570295999e-06 -2.8203577135450250e-06 -1.7383395713754620e-06
 74.50000000 +5.0000000000000000e+00 +1.9999907929075351e+00 +1.8900226217132817e-03 +9.9986938849471507e-01 +1.0000000618648590e+00 +9.9999964665969676e-01 +9.9999900814685672e-01 +9.9999828430783877e-01 +2.2845742389136374e-05 +2.5816377430855305e-05 +2.7527402258921704e-05 +2.8350460193378025e-05 +2.9070546889545654e-05
 75.00000000 +5.0000000000000000e+00 +1.9999936939929168e+00 +1.8758912536788396e-03 +9.9990564058716314e-01 +9.9999944233855076e-01 +9.9999962608331305e-01 +1.0000000593392169e+00 +1.0000006498794363e+00 +1.1874288461826396e-05 +1.6479917853603495e-05 +2.0364447188781607e-05 +2.2804999044919933e-05 +2.3058120014830083e-05
 75.50000000 +5.0000000000000000e+00 +1.9999941654843651e+00 +1.8761654572370071e-03 +9.9989928907853587e-01 +9.9999976278367697e-01 +9.9999954430165072e-01 +9.9999938021195856e-01 +9.9999928005074101e-01 +2.4254740297292115e-05 +2.5690993682479338e-05 +2.3118633042676511e-05 +1.7736254274779635e-05 +1.1942955751221604e-05
 76.00000000 +5.0000000000000000e+00 +1.9999934903769847e+00 +1.8428617236083444e-03 +9.9998130957940146e-01 +9.9999994273565174e-01 +1.0000002840809243e+00 +1.0000003662862982e+00 +1.0000002389458280e+00 +1.4539566870767514e-05 +7.9314951302891594e-06 +1.6996043834836064e-06 -2.5154430975824894e-06 -3.7968455778863843e-06
 76.50000000 +5.0000000000000000e+00 +2.0000061658010702e+00 +1.7914125376823702e-03 +1.0001178753971551e+00 +1.0000016153512465e+00 +1.0000019072637807e+00 +1.0000019833755431e+00 +1.0000017564083623e+00 -2.4806091608477876e-05 -2.6399598677010946e-05 -2.6783889506497123e-05 -2.5590211866098217e-05 -2.1558005659482529e-05
 77.00000000 +5.0000000000000000e+00 +1.9999882685428727e+00 +1.9139316276915951e-03 +9.9979734633252870e-01 +1.0000011418262420e+00 +1.0000013975938835e+00 +1.0000016741409079e+00 +1.0000019299511402e+00 +5.1024022684432760e-05 +4.9265025230053368e-05 +4.2850325106339336e-05 +3.2577935677545260e-05 +2.0792844908569476e-05
 77.50000000 +5.0000000000000000e+00 +1.9999914018856302e+00 +1.8122190462248925e-03 +1.0000627270121967e+00 +1.0000020269391563e+00 +1.0000021944782851e+00 +1.0000020926042978e+00 +1.0000017767398059e+00 -9.1390854692351457e-06 -1.4235303647769021e-05 -1.6646793301415226e-05 -1.6355132792720537e-05 -1.4441454919576389e-05
 78.00000000 +5.0000000000000000e+00 +1.9999839810598490e+00 +1.9114459468624143e-03 +9.9980736156380545e-01 +1.0000017049714141e+00 +1.0000009799013228e+00 +1.0000000275703846e+00 +9.9999908139222804e-01 +4.5684876140950959e-05 +4.6392671746714730e-05 +4.2144719252560209e-05 +3.3580671642865816e-05 +2.3041654771865347e-05
 78.50000000 +5.0000000000000000e+00 +1.9999973159290798e+00 +1.8578585338602609e-03 +9.9995555126476832e-01 +9.9999856509552798e-01 +9.9999885707205416e-01 +9.9999929570918500e-01 +9.9999971537788479e-01 -2.4249352366858296e-06 -1.0786780807487782e-06 +6.5255135790170049e-06 +1.7417518445193378e-05 +2.7576065799500981e-05
 79.00000000 +5.0000000000000000e+00 +1.9999911839203290e+00 +1.8660135867646266e-03 +9.9992544869464028e-01 +9.9999811232697322e-01 +9.9999821032739256e-01 +9.9999843762069518e-01 +9.9999865982903102e-01 +1.8808177708341864e-05 +1.9561956761481793e-05 +1.8014162618942415e-05 +1.4510120976403970e-05 +1.0236783460968073e-05
 79.50000000 +5.0000000000000000e+00 +2.0000046205428128e+00 +1.8244120892409196e-03 +1.0000379839070410e+00 +1.0000001996240251e+00 +1.0000002797946488e+00 +1.0000002646336108e+00 +1.0000000755715668e+00 -1.6414303972209514e-05 -1.5025848940608442e-05 -9.2376885706838524e-06 -2.0464789693825744e-06 +3.9207852347408407e-06
 80.00000000 +5.0000000000000000e+00 +1.9999866159037873e+00 +1.8682938982126358e-03 +9.9991916647076151e-01 +9.9999923519347789e-01 +9.9999903331649709e-01 +9.9999879529924085e-01 +9.9999858710780687e-01 +1.8462298075213479e-05 +2.0609659997379633e-05 +1.9675702232104637e-05 +1.5948788054837055e-05 +1.0486169388623132e-05
 80.50000000 +5.0000000000000000e+00 +1.9999963940735073e+00 +1.8089215573941237e-03 +1.0000755551800518e+00 +1.0000007019478130e+00 +1.0000005868884279e+00 +1.0000003627698506e+00 +1.0000000814274688e+00 -2.0252073685710638e-05 -1.8510875955585225e-05 -1.5932383462229522e-05 -1.3015235440256626e-05 -9.5776412507253439e-06
 81.00000000 +5.0000000000000000e+00 +2.0000040954035718e+00 +1.8077915436158810e-03 +1.0000784566567789e+00 +9.9999988555892039e-01 +9.9999985129453273e-01 +9.9999959067733113e-01 +9.9999916349433327e-01 -1.6989811149921984e-05 -1.7993496526530919e-05 -1.7185691875410000e-05 -1.4501404776769740e-05 -1.0277273289407323e-05
 81.50000000 +5.0000000000000000e+00 +1.9999908096024774e+00 +1.8889243270046191e-03 +9.9986258746211276e-01 +1.0000006053081856e+00 +1.0000011081326321e+00 +1.0000012556905113e+00 +1.0000010445395109e+00 +3.6655755591971587e-05 +3.3776272746668820e-05 +2.8187293053926710e-05 +2.0808598206236247e-05 +1.3970946918209063e-05
 82.00000000 +5.0000000000000000e+00 +1.9999977569207084e+00 +1.8545876452358287e-03 +9.9995829841476280e-01 +9.9999753340290887e-01 +9.9999706913713626e-01 +9.9999694768027447e-01 +9.9999733418348513e-01 +7.2548095975548790e-06 +8.7021980944942068e-06 +1.0738968928428352e-05 +1.2607561371766998e-05 +1.3513645325026351e-05
 82.50000000 +5.0000000000000000e+00 +1.9999922003068289e+00 +1.8568330504095216e-03 +9.9995016043757601e-01 +9.9999953477520542e-01 +9.9999916703987402e-01 +9.9999894852160853e-01 +9.9999883477210161e-01 +1.2880565553102603e-05 +1.1214133643483261e-05 +9.7939363741421266e-06 +9.3825378794698282e-06 +1.0083278849547036e-05
 83.00000000 +5.0000000000000000e+00 +1.9999978834384902e+00 +1.8810717687158791e-03 +9.9989135856619604e-01 +9.9999961916378233e-01 +1.0000001170440753e+00 +1.0000006627183917e+00 +1.0000011048818200e+00 +1.7103770087358359e-05 +1.9525166453680724e-05 +2.1694648880667177e-05 +2.3535805351649024e-05 +2.5278232472010864e-05
 83.50000000 +5.0000000000000000e+00 +1.9999778731485274e+00 +1.8408641958178064e-03 +9.9998341350607367e-01 +1.0000025324954682e+00 +1.0000026311939103e+00 +1.0000022896616227e+00 +1.0000013852355014e+00 +2.0767348298730345e-05 +1.0374974649903000e-05 -1.1091069266330278e-06 -9.7087250752549598e-06 -1.2576587616858734e-05
 84.00000000 +5.0000000000000000e+00 +2.0000048289985881e+00 +1.8784649849392513e-03 +9.9990040496431665e-01 +1.0000000519552863e+00 +9.9999983541405690e-01 +9.9999976183218564e-01 +9.9999993918334862e-01 +7.1040307581106327e-06 +1.5782529411450153e-05 +2.3797001258201428e-05 +2.7945163614128862e-05 +2.5377922113323122e-05
 84.50000000 +5.0000000000000000e+00 +1.9999890626961954e+00 +1.8949194542450002e-03 +9.9985698638513421e-01 +1.0000021438291686e+00 +1.0000022908047355e+00 +1.0000019525104193e+00 +1.0000012474385289e+00 +1.8013047296403053e-05 +2.6941079616762441e-05 +3.1735221961953063e-05 +3.1499000260482768e-05 +2.7190680589627426e-05
 85.00000000 +5.0000000000000000e+00 +1.9999929936562391e+00 +1.8836747768145464e-03 +9.9988412686285721e-01 +9.9999945974958848e-01 +9.9999955550990505e-01 +9.9999976483448683e-01 +9.9999991122340304e-01 +1.9094117717044676e-05 +2.0172568022254107e-05 +2.2841641102806808e-05 +2.6122274514227700e-05 +2.8951217284853397e-05
 85.50000000 +5.0000000000000000e+00 +1.9999926903493324e+00 +1.8977429093640877e-03 +9.9985045510337034e-01 +9.9999660170252980e-01 +9.9999712376038918e-01 +9.9999809245086002e-01 +9.9999910094242661e-01 +2.7769923113962526e-05 +2.8859067769838362e-05 +3.0842371443874106e-05 +3.3863018133373849e-05 +3.7291662528323679e-05
 86.00000000 +5.0000000000000000e+00 +1.9999838376804036e+00 +1.8838037436975578e-03 +9.9987315728786286e-01 +1.0000025363298346e+00 +1.0000020048990221e+00 +1.0000015243160572e+00 +1.0000012365054081e+00 +3.9362284475304451e-05 +3.6069139995038738e-05 +2.6651328539169553e-05 +1.4475381695209737e-05 +2.9825284823101331e-06
 86.50000000 +5.0000000000000000e+00 +1.9999942971281643e+00 +1.8842373130072989e-03 +9.9987852483102324e-01 +1.0000007314942707e+00 +1.0000004038655497e+00 +9.9999990189062016e-01 +9.9999939014230654e-01 +2.6359771213036405e-05 +2.8927703742398052e-05 +2.7206638434849065e-05 +2.2261787084357233e-05 +1.6291874851786325e-05
 87.00000000 +5.0000000000000000e+00 +1.9999956599498301e+00 +1.8265646520999046e-03 +1.0000240454433211e+00 +9.9999911839070788e-01 +9.9999981088606427e-01 +1.0000003837802844e+00 +1.0000007396056252e+00 -6.0325185845866662e-07 -2.8517456675067149e-06 -4.7398649928509744e-06 -6.7227069712748165e-06 -9.1805361860178845e-06
 87.50000000 +5.0000000000000000e+00 +1.9999938792674896e+00 +1.8774445489363745e-03 +9.9989410844610638e-01 +9.9999883620354191e-01 +9.9999907673166821e-01 +9.9999989196111549e-01 +1.0000011665905499e+00 +2.7378956382095810e-05 +2.5100324391010005e-05 +2.2435751598912262e-05 +1.8785780726385922e-05 +1.3219248386390588e-05
 88.00000000 +5.0000000000000000e+00 +2.0000000834967411e+00 +1.8691135824107754e-03 +9.9992677929492380e-01 +9.9999751014221161e-01 +9.9999700256572566e-01 +9.9999669869453778e-01 +9.9999692173114263e-01 +5.4677950212119073e-06 +1.1478655126029140e-05 +1.7315629504296413e-05 +2.2709648102316201e-05 +2.8115843808141084e-05
 88.50000000 +5.0000000000000000e+00 +2.0000029655350189e+00 +1.8483975380207181e-03 +9.9997966825175899e-01 +1.0000009116945634e+00 +1.0000000924855419e+00 +9.9999951644742491e-01 +9.9999922062989310e-01 -9.8164811036491835e-06 -2.8855820889117117e-06 +5.6732524590629472e-06 +1.2458851282687393e-05 +1.5160448710341402e-05
 89.00000000 +5.0000000000000000e+00 +2.0000092333255206e+00 +1.8250552686020559e-03 +1.0000374384445090e+00 +9.9999984851949320e-01 +9.9999900768976246e-01 +9.9999843417663559e-01 +9.9999833759853141e-01 -1.7482739297253170e-05 -1.6404116933351844e-05 -9.4228731643229945e-06 +6.8719231603595182e-07 +9.5561077607492354e-06
 89.50000000 +5.0000000000000000e+00 +1.9999927196019951e+00 +1.8571759104981705e-03 +9.9994562698437195e-01 +1.0000011573774954e+00 +1.0000013584290879e+00 +1.0000015884263682e+00 +1.0000016774725842e+00 +1.5935156351161516e-05 +1.4976075834839534e-05 +1.2293057397818263e-05 +6.7763272610425561e-06 -1.3893086988629108e-06
 90.00000000 +5.0000000000000000e+00 +1.9999952872365689e+00 +1.8769617391630735e-03 +9.9990356667631641e-01 +1.0000011499732631e+00 +1.0000012538962277e+00 +1.0000007996211688e+00 +9.9999970958022744e-01 +1.2101687117165567e-05 +1.7107568915573103e-05 +2.0358654276031601e-05 +2.2053530366618072e-05 +2.1898813933789894e-05
 90.50000000 +5.0000000000000000e+00 +1.9999852885700471e+00 +1.8643520314047400e-03 +9.9992771101425615e-01 +1.0000025245356321e+00 +1.0000022146633707e+00 +1.0000015395220805e+00 +1.0000007464561005e+00 +2.5860553911147377e-05 +2.0877874619949690e-05 +1.3799346830512997e-05 +5.9023292776274977e-06 -1.1762980460896178e-06
 91.00000000 +5.0000000000000000e+00 +1.9999912022284814e+00 +1.9074512930930914e-03 +9.9982706305992963e-01 +1.0000001552233011e+00 +1.0000002506571113e+00 +1.0000000174259531e+00 +9.9999978281548851e-01 +2.2767348190735763e-05 +2.9029255020524713e-05 +3.5761051462466062e-05 +4.1268631025251765e-05 +4.3904531271897574e-05
 91.50000000 +5.0000000000000000e+00 +1.9999888775437478e+00 +1.9118406766536486e-03 +9.9981039812033701e-01 +9.9999907260620513e-01 +9.9999871841429733e-01 +9.9999852409819279e-01 +9.9999837741891717e-01 +3.9217607777928267e-05 +4.0158615922891070e-05 +4.0316683694498000e-05 +3.9062940840634228e-05 +3.6153494330099665e-05
 92.00000000 +5.0000000000000000e+00 +1.9999917315471205e+00 +1.9373084849620642e-03 +9.9974115998684554e-01 +9.9999840711425303e-01 +9.9999773402027181e-01 +9.9999701735897673e-01 +9.9999654002732952e-01 +5.7140592100558536e-05 +6.1784131932185856e-05 +5.9400995451715653e-05 +5.0936676141195911e-05 +3.9879096064057393e-05
 92.50000000 +5.0000000000000000e+00 +2.0000109565018107e+00 +1.8374784940089069e-03 +1.0000046054830833e+00 +9.9999740361152967e-01 +9.9999698914934843e-01 +9.9999673592542815e-01 +9.9999649087805376e-01 -7.7176455647741696e-06 -5.9851911001502766e-06 -4.3687249092966080e-07 +7.3320112397375921e-06 +1.4582653194535145e-05
 93.00000000 +5.0000000000000000e+00 +1.9999855228352368e+00 +1.9215855797996627e-03 +9.9978933922426394e-01 +1.0000003629620926e+00 +1.0000001335546258e+00 +9.9999915731129574e-01 +9.9999784572418959e-01 +3.4511850911096713e-05 +3.7370527058818569e-05 +4.2482184033476444e-05 +4.7834457609614823e-05 +5.0962205039371465e-05
 93.50000000 +5.0000000000000000e+00 +1.9999975978581381e+00 +1.7974045228922506e-03 +1.0000958625506404e+00 +9.9999932394229030e-01 +1.0000001551363253e+00 +1.0000012931392770e+00 +1.0000023397234810e+00 -4.7418034715281501e-06 -1.4366612643338452e-05 -2.3589490102367704e-05 -2.8662994834786606e-05 -2.7613593642437807e-05
 94.00000000 +5.0000000000000000e+00 +2.0000017346294530e+00 +1.7963917210599611e-03 +1.0001030662026045e+00 +1.0000000885498053e+00 +1.0000008509651064e+00 +1.0000017843394198e+00 +1.0000028263566223e+00 -1.6848792736590864e-05 -2.1114753526952195e-05 -2.3532921735724575e-05 -2.4227833229183980e-05 -2.2892110010433031e-05
 94.50000000 +5.0000000000000000e+00 +2.0000038080166629e+00 +1.8117984702525317e-03 +1.0000689232005409e+00 +9.9999882133776108e-01 +9.9999802414045524e-01 +9.9999754643750216e-01 +9.9999735201599793e-01 -1.5174309432843093e-05 -1.5330036005514715e-05 -1.3260669248692260e-05 -1.0131902828824525e-05 -6.7702104108983405e-06
 95.00000000 +5.0000000000000000e+00 +1.9999936352441556e+00 +1.9111137223277719e-03 +9.9981566430169300e-01 +9.9999947487058272e-01 +9.9999944848520939e-01 +9.9999970511670033e-01 +1.0000001754796299e+00 +3.1286009463693242e-05 +3.4613536988865784e-05 +3.7586144375022438e-05 +4.0177487143302102e-05 +4.1868566795770311e-05
 95.50000000 +5.0000000000000000e+00 +2.0000000443339188e+00 +1.8629908452057295e-03 +9.9993655527627845e-01 +1.0000042310209341e+00 +1.0000052018269852e+00 +1.0000055438208157e+00 +1.0000050039035007e+00 +7.6069268728575277e-06 +9.3696770331846094e-06 +9.1022934670529559e-06 +8.7004853564391770e-06 +8.6847687435668472e-06
 96.00000000 +5.0000000000000000e+00 +1.9999952076051095e+00 +1.8939516602764349e-03 +9.9985395344272143e-01 +9.9999612621595746e-01 +9.9999570768293711e-01 +9.9999565375378585e-01 +9.9999595482364745e-01 +3.6408153390750420e-05 +3.7535489375687284e-05 +3.4796231809375369e-05 +2.9695716713935023e-05 +2.4168490659992081e-05
 96.50000000 +5.0000000000000000e+00 +1.9999845122519826e+00 +1.8629142820778626e-03 +9.9993134858173982e-01 +9.9999920158245081e-01 +9.9999957321622401e-01 +9.9999975718458511e-01 +9.9999974492489907e-01 +2.2603542003653680e-05 +1.5638681723149840e-05 +1.0937454344689371e-05 +9.8781655981210695e-06 +1.1316666277995791e-05
 97.00000000 +5.0000000000000000e+00 +2.0000128861543858e+00 +1.8814768059017925e-03 +9.9989112824868420e-01 +9.9999940670474263e-01 +9.9999862314051502e-01 +9.9999833777782199e-01 +9.9999874665322075e-01 +1.3397344196955816e-05 +2.3465883446243691e-05 +2.8612432386328300e-05 +2.7257541411181350e-05 +2.1024275107457228e-05
 97.50000000 +5.0000000000000000e+00 +1.9999875780845082e+00 +1.8775223152379650e-03 +9.9989915780612160e-01 +1.0000012383765970e+00 +1.0000011447020296e+00 +1.0000004939952472e+00 +9.9999943194246921e-01 +2.1186676133995058e-05 +1.8818967959464459e-05 +1.7628765368686419e-05 +1.8678096831266580e-05 +2.2220668828939939e-05
 98.00000000 +5.0000000000000000e+00 +1.9999839668666761e+00 +1.8927103308538471e-03 +9.9985781795477657e-01 +9.9999951351581795e-01 +1.0000008042187996e+00 +1.0000018011338807e+00 +1.0000024071843716e+00 +2.8353426185056780e-05 +3.2098841461870665e-05 +3.1621974126219536e-05 +2.6554243495157743e-05 +1.9027506422417628e-05
 98.50000000 +5.0000000000000000e+00 +1.9999980288057462e+00 +1.8018199788778885e-03 +1.0000938250142266e+00 +9.9999798499109416e-01 +9.9999834661168163e-01 +9.9999875628770540e-01 +9.9999897927849046e-01 -1.8392330038100662e-05 -1.7997602884281754e-05 -1.8699287906429900e-05 -1.8151384852459657e-05 -1.4651578624015444e-05
 99.00000000 +5.0000000000000000e+00 +2.0000126668713301e+00 +1.7589378389458031e-03 +1.0002022127561321e+00 +1.0000022203334691e+00 +1.0000011926223478e+00 +9.9999979014037921e-01 +9.9999846707288265e-01 -3.9717879348138772e-05 -5.1681871276949611e-05 -5.1320306304016083e-05 -3.9311736517090863e-05 -2.1851129223177424e-05
 99.50000000 +5.0000000000000000e+00 +1.9999793300879489e+00 +1.8603616353733323e-03 +9.9992873726635600e-01 +1.0000031675297194e+00 +1.0000025653029572e+00 +1.0000018038116893e+00 +1.0000011625303193e+00 +3.8838914637698461e-05 +2.9781967321071525e-05 +1.5220532686447327e-05 -2.3506708646069448e-06 -1.8927185002634729e-05
100.00000000 +5.0000000000000000e+00 +1.9999826006143728e+00 +1.8809703943411019e-03 +9.9987502680098606e-01 +1.0000012595314594e+00 +1.0000021093035025e+00 +1.0000022300345586e+00 +1.0000016363741764e+00 +4.8731924434660289e-05 +4.0640556828567932e-05 +2.6245825573245041e-05 +9.1003822449922768e-06 -6.9807336498363810e-06
100.50000000 +5.0000000000000000e+00 +1.9999854972522964e+00 +1.8675358360162244e-03 +9.9991712818351897e-01 +1.0000038722203983e+00 +1.0000028345460383e+00 +1.0000021797159087e+00 +1.0000019598594172e+00 +2.8991129798562663e-05 +2.1474309744378954e-05 +1.3378357182620560e-05 +6.0083772203108102e-06 +2.1732992552232097e-06
101.00000000 +5.0000000000000000e+00 +1.9999947112706062e+00 +1.8667833294891301e-03 +9.9992667701453697e-01 +1.0000025294986927e+00 +1.0000026971585834e+00 +1.0000028830490324e+00 +1.0000028353976862e+00 +9.8682154937936902e-06 +1.2388584211542248e-05 +1.3501405689890659e-05 +1.3637491390495062e-05 +1.2982181994394446e-05
101.50000000 +5.0000000000000000e+00 +2.0000104383708450e+00 +1.7947172957547134e-03 +1.0001130153660021e+00 +9.9999886063751886e-01 +9.9999917872330935e-01 +9.9999961995955966e-01 +9.9999973606747938e-01 -3.2528115115056543e-05 -3.1176488988895322e-05 -2.3467622328318602e-05 -1.4357264260130258e-05 -8.8812630847414549e-06
102.00000000 +5.0000000000000000e+00 +2.0000005799584253e+00 +1.8363569623671239e-03 +1.0000025687759300e+00 +1.0000008247739003e+00 +1.0000004785895868e+00 +1.0000001302042436e+00 +9.9999967594806161e-01 -1.0166798255675302e-06 -4.0592203944643698e-06 -2.4685945547326652e-06 +4.1928648720430578e-07 +3.4469209793368446e-06
102.50000000 +5.0000000000000000e+00 +2.0000056771430446e+00 +1.8547408754319931e-03 +9.9996130368413905e-01 +9.9999495957190432e-01 +9.9999573828826749e-01 +9.9999706617876127e-01 +9.9999857021359206e-01 -4.2458419031388204e-06 +5.3764234230106606e-06 +1.3007150414820437e-05 +1.7965693054776385e-05 +2.0258638281061449e-05
103.00000000 +5.0000000000000000e+00 +1.9999820266328834e+00 +1.8707570848198838e-03 +9.9991368148551252e-01 +9.9999868084514976e-01 +9.9999914234593235e-01 +9.9999967007539270e-01 +1.0000001983419202e+00 +1.8185250611859640e-05 +1.9933260126626226e-05 +2.0603281609926770e-05 +1.8449665513795879e-05 +1.1455445692780360e-05
103.50000000 +5.0000000000000000e+00 +2.0000114276609375e+00 +1.7484284942119780e-03 +1.0002339375635130e+00 +9.9999817658859635e-01 +9.9999868528571334e-01 +9.9999919739762566e-01 +9.9999982976636048e-01 -4.9453007251608970e-05 -5.5564595533416809e-05 -5.4574180611927435e-05 -4.4310160164048827e-05 -2.5924656901728035e-05
104.00000000 +5.0000000000000000e+00 +1.9999733118192549e+00 +1.9116730980737835e-03 +9.9981010501513323e-01 +9.9999562268654829e-01 +9.9999622120836429e-01 +9.9999713554480574e-01 +9.9999780649680070e-01 +4.4486422968704529e-05 +4.5137326918585076e-05 +4.2265630162869643e-05 +3.7565752848462990e-05 +3.3653909612023701e-05
104.50000000 +5.0000000000000000e+00 +2.0000013612516256e+00 +1.8670833334426683e-03 +9.9993001996680397e-01 +1.0000004986524293e+00 +9.9999982619954542e-01 +9.9999942472268111e-01 +9.9999901322287132e-01 +6.9288953355886764e-06 +7.1438419075624483e-06 +1.1086549743740929e-05 +1.8545159558001498e-05 +2.7512786577401063e-05
105.00000000 +5.0000000000000000e+00 +1.9999729575284140e+00 +1.8992076703931971e-03 +9.9984182947826916e-01 +9.9999911329639524e-01 +9.9999940203645865e-01 +9.9999925816912860e-01 +9.9999880845618361e-01 +3.2564252312046902e-05 +3.1236068750416388e-05 +3.2937456657847380e-05 +3.3862735263653499e-05 +3.0988051805907819e-05
105.50000000 +5.0000000000000000e+00 +2.0000118761863583e+00 +1.7802394731176209e-03 +1.0001499667111187e+00 +9.9999933445981637e-01 +9.9999854383566011e-01 +9.9999814614808524e-01 +9.9999834931544573e-01 -3.1389824979626944e-05 -3.2920638224136473e-05 -3.2680607473774671e-05 -2.8350194927868133e-05 -1.8999205584337571e-05
106.00000000 +5.0000000000000000e+00 +1.9999828148428926e+00 +2.0022823950241217e-03 +9.9958382098248288e-01 +1.0000007588469741e+00 +1.0000007063243654e+00 +1.0000000761221457e+00 +9.9999899115401736e-01 +7.2280188736217849e-05 +8.8597411430749786e-05 +9.3527287389479321e-05 +8.7154730250060318e-05 +7.4086955305078012e-05
106.50000000 +5.0000000000000000e+00 +2.0000091711865355e+00 +1.8160865008663100e-03 +1.0000619341232626e+00 +9.9999822096432256e-01 +9.9999824821979311e-01 +9.9999848607208275e-01 +9.9999899043998297e-01 -2.2695806323901090e-05 -2.3080274292429196e-05 -1.6278919589920317e-05 -4.1029516065492800e-06 +1.0278132279178112e-05
107.00000000 +5.0000000000000000e+00 +2.0000046525028448e+00 +1.9121593765990643e-03 +9.9980416759456725e-01 +9.9999692161547871e-01 +9.9999658676681713e-01 +9.9999647666131986e-01 +9.9999706368823027e-01 +4.6294319196540504e-05 +4.8723204158917922e-05 +4.6867172216212052e-05 +3.9435925732574295e-05 +2.7463050198212128e-05
107.50000000 +5.0000000000000000e+00 +1.9999945161093622e+00 +1.8442244569921806e-03 +9.9997513386291248e-01 +9.9999948254722482e-01 +9.9999869559424548e-01 +9.9999754451492995e-01 +9.9999598705294612e-01 +2.4939049954494842e-05 +1.8103659102218457e-05 +6.7271510084747347e-06 -4.5203587887709863e-06 -1.2093069949476774e-05
108.00000000 +5.0000000000000000e+00 +2.0000238732963318e+00 +1.8456685492079796e-03 +9.9998557832122081e-01 +1.0000005226171407e+00 +9.9999967479615981e-01 +9.9999930569731299e-01 +9.9999922001699615e-01 -1.1847748834861246e-05 -5.6572256285152400e-06 +3.6790045654123850e-06 +1.1908410908851994e-05 +1.7616108182688419e-05
108.50000000 +5.0000000000000000e+00 +2.0000121498237271e+00 +1.8332659860373214e-03 +1.0000215059488973e+00 +9.9999828458090667e-01 +9.9999689505560163e-01 +9.9999599774882897e-01 +9.9999611991984716e-01 -1.4333020575283681e-05 -1.4479315554155774e-05 -6.3673866464117057e-06 +6.5069400440768355e-06 +1.9869529878832749e-05
109.00000000 +5.0000000000000000e+00 +2.0000188019692509e+00 +1.8496837795384318e-03 +9.9998487099849653e-01 +9.9999806343353426e-01 +9.9999883069228390e-01 +9.9999990964534580e-01 +1.0000009553428126e+00 -2.5759886285484627e-05 -1.3882584256770458e-05 +1.9750854854230575e-06 +1.9781613324367021e-05 +3.5255662144411296e-05
109.50000000 +5.0000000000000000e+00 +2.0000111260859117e+00 +1.8858146452678823e-03 +9.9988545711499932e-01 +9.9999899657156499e-01 +1.0000007746628430e+00 +1.0000028540795904e+00 +1.0000040663880785e+00 +3.7258333707476761e-06 +9.4212151761953839e-06 +2.0449425044342228e-05 +3.1964079323802227e-05 +4.2290629944647081e-05
110.00000000 +5.0000000000000000e+00 +2.0000188048327261e+00 +1.8499465085360432e-03 +9.9997589308480495e-01 +1.0000005787296060e+00 +1.0000004281384107e+00 +9.9999995941219300e-01 +9.9999904033567988e-01 -6.5372071618970019e-07 -9.8548892768541768e-07 +1.7771310851693330e-06 +7.3405281176579825e-06 +1.6621853951716918e-05
110.50000000 +5.0000000000000000e+00 +2.0000092804491438e+00 +1.9335515923814088e-03 +9.9976036767664178e-01 +1.0000016859094478e+00 +1.0000023907730973e+00 +1.0000031957899373e+00 +1.0000038664560933e+00 +3.1883286889671504e-05 +4.1007153529255060e-05 +4.8828071042713068e-05 +5.3510240583135981e-05 +5.3264639666598577e-05
111.00000000 +5.0000000000000000e+00 +2.0000163947363161e+00 +1.8385182992903661e-03 +1.0000045040278633e+00 +1.0000022403518354e+00 +1.0000034936137330e+00 +1.0000046227302928e+00 +1.0000046443313655e+00 -2.3050402711222453e-05 -1.9629086381267903e-05 -8.2315731992873203e-06 +8.1479669992527123e-06 +2.3258038173985664e-05
111.50000000 +5.0000000000000000e+00 +1.9999757477868965e+00 +1.8434413389233162e-03 +9.9997980544380338e-01 +9.9999870023266069e-01 +9.9999903197455542e-01 +9.9999881598870610e-01 +9.9999785611672620e-01 +1.2792348605316779e-05 +1.2564994008539894e-05 +7.7344051812903316e-06 +1.7403880083366166e-07 -7.4755463585691905e-06
112.00000000 +5.0000000000000000e+00 +1.9999926532107446e+00 +1.8583671144809376e-03 +9.9995134809670239e-01 +9.9999536286100776e-01 +9.9999317218337458e-01 +9.9999158083064865e-01 +9.9999108506020551e-01 +1.4436423712837866e-05 +1.3906730053924937e-05 +1.4398824303109279e-05 +1.5743702717525735e-05 +1.8965290288507118e-05
112.50000000 +5.0000000000000000e+00 +2.0000099717582627e+00 +1.7818285947843518e-03 +1.0001456907461834e+00 +9.9999437764921750e-01 +9.9999614419761917e-01 +9.9999782391272818e-01 +9.9999878911823625e-01 -2.4258750880705806e-05 -3.0318606684811722e-05 -3.3225660721826258e-05 -2.9349947158475890e-05 -1.5672661408682037e-05
113.00000000 +5.0000000000000000e+00 +2.0000166958336134e+00 +1.7454310643264192e-03 +1.0002239712550418e+00 +1.0000002177689902e+00 +1.0000001617144603e+00 +9.9999979073340373e-01 +9.9999950915282709e-01 -1.5014870292730227e-05 -3.3754369691407908e-05 -4.9543934782828288e-05 -6.0717791575778661e-05 -6.4619661203758994e-05
113.50000000 +5.0000000000000000e+00 +2.0000239788766923e+00 +1.7557232413195946e-03 +1.0002009596167478e+00 +1.0000005335726259e+00 +1.0000012961066724e+00 +1.0000020351786094e+00 +1.0000020875324869e+00 -2.4536903952688260e-05 -3.9248530233659227e-05 -4.7861484431683002e-05 -4.9443103840195327e-05 -4.5821987945531780e-05
114.00000000 +5.0000000000000000e+00 +1.9999905074992284e+00 +1.7987927139451888e-03 +1.0000996002724838e+00 +9.9999753648875778e-01 +9.9999882703376985e-01 +1.0000003545014740e+00 +1.0000013074814393e+00 -1.6674675221780280e-05 -2.0817573921512149e-05 -2.1719908451858393e-05 -2.0476825183370475e-05 -1.7936793955042348e-05
114.50000000 +5.0000000000000000e+00 +2.0000104403009940e+00 +1.8088131104235059e-03 +1.0000626082668118e+00 +1.0000086905091770e+00 +1.0000077286112083e+00 +1.0000070106325178e+00 +1.0000065934648699e+00 -6.2494661660327932e-06 -1.1590755593478562e-05 -1.7778783237722650e-05 -2.5128528607639944e-05 -3.1883948776953371e-05
115.00000000 +5.0000000000000000e+00 +1.9999964428029826e+00 +1.8749368154665324e-03 +9.9989920386944819e-01 +1.0000022491762648e+00 +1.0000012754924363e+00 +1.0000012708118591e+00 +1.0000024959093257e+00 +1.8620624500141424e-05 +2.3893089374489166e-05 +2.6800741419003636e-05 +2.0901638261872203e-05 +3.2886468305369329e-06
115.50000000 +5.0000000000000000e+00 +2.0000217197079078e+00 +1.8590812335432835e-03 +9.9996134602126807e-01 +1.0000027230820645e+00 +1.0000018275929214e+00 +1.0000014257644534e+00 +1.0000012460511982e+00 -1.6931316134024121e-05 -1.4897284471484459e-05 -9.3858620413978885e-07 +2.1113077124759205e-05 +4.3085602592831074e-05
116.00000000 +5.0000000000000000e+00 +2.0000247567305407e+00 +1.6872061276955441e-03 +1.0003754150223729e+00 +1.0000040108417112e+00 +1.0000010229672336e+00 +9.9999903909229537e-01 +9.9999904685299079e-01 -5.9054732381321686e-05 -7.4194259824725376e-05 -8.2684936031085930e-05 -8.3767920553094974e-05 -7.8832929085908882e-05
116.50000000 +5.0000000000000000e+00 +1.9999965798484940e+00 +1.9169480140534833e-03 +9.9980737797357788e-01 +1.0000001288366485e+00 +1.0000008592448097e+00 +1.0000015901213894e+00 +1.0000022930685213e+00 +2.2518288678823613e-05 +2.6323441404833564e-05 +3.5516847494588420e-05 +4.6901650822108869e-05 +5.6490530761376923e-05
117.00000000 +5.0000000000000000e+00 +1.9999738063574786e+00 +1.8692453750082819e-03 +9.9992550651889389e-01 +1.0000012426634894e+00 +9.9999904573595555e-01 +9.9999704042142823e-01 +9.9999549611822913e-01 +3.8362026459037723e-06 +6.1132165620415486e-06 +1.4090868684577669e-05 +2.4648001559915786e-05 +3.2980254962345791e-05
117.50000000 +5.0000000000000000e+00 +1.9999805356644782e+00 +1.8787431959243646e-03 +9.9989986169894407e-01 +1.0000001057239221e+00 +9.9999928543728334e-01 +9.9999794545153808e-01 +9.9999648649705608e-01 +1.3391432196695629e-05 +1.5935661278453280e-05 +2.0409881691692933e-05 +2.5747456848912656e-05 +3.0830760874002626e-05
118.00000000 +5.0000000000000000e+00 +2.0000046224986856e+00 +1.8233599918444723e-03 +1.0000265590732247e+00 +1.0000048691340482e+00 +1.0000039973363573e+00 +1.0000020096553162e+00 +9.9999888553086569e-01 +1.7542712046698312e-05 +3.1524202796722274e-06 -9.5869559075552743e-06 -2.0177210870878342e-05 -2.7251690895616312e-05
118.50000000 +5.0000000000000000e+00 +2.0000128247474103e+00 +1.8554135971613028e-03 +9.9995294060545181e-01 +9.9999921310888196e-01 +9.9999887604728543e-01 +9.9999916799568245e-01 +1.0000000069630273e+00 +1.5888746613666658e-05 +1.3987120234125609e-05 +1.0096589363646149e-05 +5.9594478109310769e-06 +3.8633779193209257e-06
119.00000000 +5.0000000000000000e+00 +1.9999824440657967e+00 +1.8192207400204554e-03 +1.0000512326993016e+00 +9.9999741009269072e-01 +9.9999717446212344e-01 +9.9999699102006057e-01 +9.9999675371865160e-01 -1.8252499973402039e-05 -1.4469363054185305e-05 -7.8493635429838032e-06 -1.7875549471478922e-06 +2.7967896198626490e-06
119.50000000 +5.0000000000000000e+00 +2.0000136272708566e+00 +1.7436786440184605e-03 +1.0002311894021887e+00 +9.9999958086833862e-01 +9.9999984832669353e-01 +1.0000009668609546e+00 +1.0000024336028595e+00 -2.5053351221709663e-05 -4.5632364170067528e-05 -5.8273753442336505e-05 -5.8332671213553444e-05 -4.6726918005079356e-05
120.00000000 +5.0000000000000000e+00 +1.9999934070656209e+00 +1.8849114434560453e-03 +9.9987818187499833e-01 +9.9999830580918525e-01 +9.9999794089627569e-01 +9.9999737322129734e-01 +9.9999654793837689e-01 +2.1058402499103085e-05 +2.8517439623114782e-05 +3.1352905281016675e-05 +2.9091297087231250e-05 +2.1630210794887003e-05
120.50000000 +5.0000000000000000e+00 +2.0000092046793774e+00 +1.8776973973613576e-03 +9.9991012962800740e-01 +9.9999689794223967e-01 +9.9999563486809007e-01 +9.9999615581746581e-01 +9.9999799655517796e-01 -5.9593587149761216e-06 +9.0421331061187284e-06 +2.4937039679776695e-05 +3.5571319450669133e-05 +3.9594052651489052e-05
121.00000000 +5.0000000000000000e+00 +1.9999958578595642e+00 +1.8295641929050072e-03 +1.0000223003018833e+00 +9.9999837871704655e-01 +9.9999663128481542e-01 +9.9999498185183100e-01 +9.9999420035509312e-01 -4.7483187262488772e-06 -1.2648763913870136e-06 +5.9905103331742215e-07 -9.5299463595644551e-08 -9.8306342152424768e-07
121.50000000 +5.0000000000000000e+00 +1.9999987703437776e+00 +1.9250524784734473e-03 +9.9978327431820091e-01 +9.9999450318221650e-01 +9.9999235355490268e-01 +9.9999040025173302e-01 +9.9998963887750081e-01 +4.3422551947215538e-05 +5.2289654950318745e-05 +5.3943986527779195e-05 +5.1568686101286026e-05 +4.8604931311679005e-05
122.00000000 +5.0000000000000000e+00 +1.9999923260704040e+00 +1.8966992740095010e-03 +9.9984025040993163e-01 +1.0000008730336725e+00 +9.9999983667912173e-01 +9.9999861081879504e-01 +9.9999787477336444e-01 +5.9593046517944312e-05 +5.1082886564011023e-05 +3.5628092928003893e-05 +1.7025193802301546e-05 -7.7493605724066611e-07
122.50000000 +5.0000000000000000e+00 +2.0000018353864539e+00 +1.8473244037907806e-03 +9.9998449301868386e-01 +1.0000031890287744e+00 +1.0000019446753268e+00 +1.0000001843225397e+00 +9.9999840829369291e-01 -1.6857160708203033e-05 -1.3648025064875199e-05 -2.1098750163283527e-06 +1.4766360312226880e-05 +2.9629359713490738e-05
123.00000000 +5.0000000000000000e+00 +1.9999814025721430e+00 +1.8504333310451183e-03 +9.9997120474167045e-01 +9.9999858332201730e-01 +9.9999785506298511e-01 +9.9999786233962196e-01 +9.9999927488047835e-01 -1.1690984967112989e-07 -4.7919638866744497e-06 +2.0219089482258956e-06 +1.4356785867001215e-05 +2.3749832171196917e-05
123.50000000 +5.0000000000000000e+00 +2.0000241094876046e+00 +1.8496813461889204e-03 +9.9998501787662841e-01 +9.9999087617614912e-01 +9.9999106657142423e-01 +9.9999233618219374e-01 +9.9999447736810065e-01 -1.1781623383747068e-05 -3.3677269644971503e-06 +8.1857529668319603e-06 +2.0834235403085504e-05 +3.2355191301902668e-05
124.00000000 +5.0000000000000000e+00 +1.9999688137842297e+00 +1.9090374637552962e-03 +9.9981094701643691e-01 +9.9999945230666598e-01 +9.9999917666187821e-01 +9.9999872031061721e-01 +9.9999761070399762e-01 +4.6269782090177878e-05 +4.9843588524093415e-05 +4.5483977285000075e-05 +3.3569820174689141e-05 +1.8925832071030372e-05
124.50000000 +5.0000000000000000e+00 +1.9999786096641206e+00 +1.9024734584783217e-03 +9.9983835006038213e-01 +1.0000026160746427e+00 +1.0000016815135517e+00 +9.9999998511936483e-01 +9.9999839000519952e-01 +6.7876226597554612e-06 +2.6482082189623056e-05 +4.2142329184155517e-05 +4.6196434316459393e-05 +3.7368756900298363e-05
125.00000000 +5.0000000000000000e+00 +1.9999763146692138e+00 +1.8330963829874703e-03 +1.0000006160193942e+00 +9.9999795616135567e-01 +9.9999911712939582e-01 +1.0000004825830293e+00 +1.0000016772793150e+00 +2.1128268514958740e-05 +1.3328357889984626e-05 +5.6163900564864468e-07 -1.2734763462165536e-05 -2.2132675789472153e-05
125.50000000 +5.0000000000000000e+00 +1.9999953364611336e+00 +1.8261120504903762e-03 +1.0000279444610072e+00 +1.0000111162031444e+00 +1.0000110102899358e+00 +1.0000094402593596e+00 +1.0000071242622934e+00 -1.2968734362077135e-05 -1.0783119300448069e-05 -1.0353722501629927e-05 -1.3342721548696318e-05 -1.9187176386674134e-05
126.00000000 +5.0000000000000000e+00 +2.0000038409768091e+00 +1.8664969035785091e-03 +9.9993055997106994e-01 +1.0000005983362477e+00 +1.0000004480819036e+00 +1.0000005149273901e+00 +1.0000004645445706e+00 -2.3315158671510909e-06 +4.9401514294342141e-06 +1.3636536893559971e-05 +2.2455419751902122e-05 +2.8713546003683334e-05
126.50000000 +5.0000000000000000e+00 +1.9999714695270250e+00 +1.9092923169895784e-03 +9.9981522903408360e-01 +9.9999276646344093e-01 +9.9999227623656006e-01 +9.9999214366578193e-01 +9.9999272650326432e-01 +4.4468740868198769e-05 +4.4000837053530641e-05 +4.3962233188511812e-05 +4.2743762227573926e-05 +3.9682523475968041e-05
127.00000000 +5.0000000000000000e+00 +2.0000213681573786e+00 +1.7961934764272520e-03 +1.0001165339720999e+00 +1.0000036145940967e+00 +1.0000039958342135e+00 +1.0000033786635483e+00 +1.0000016941433578e+00 -2.9195024033868622e-05 -4.1561740409765878e-05 -4.0670649296235242e-05 -2.3350393224461017e-05 +5.5605968486344177e-06
127.50000000 +5.0000000000000000e+00 +2.0000028801007050e+00 +1.8352576598541824e-03 +1.0000277721724466e+00 +1.0000064269340081e+00 +1.0000081302218893e+00 +1.0000099781938119e+00 +1.0000110808490328e+00 -5.6357662022236404e-05 -3.9872225510327684e-05 -1.5691151263451305e-05 +1.1220156712606063e-05 +3.7312511502629997e-05
128.00000000 +5.0000000000000000e+00 +1.9999935473816659e+00 +1.8475535115904294e-03 +9.9997266223685133e-01 +9.9999917072203914e-01 +1.0000024937568088e+00 +1.0000047995202919e+00 +1.0000048782092033e+00 +1.1537361640318916e-05 +4.6627719375438915e-06 -1.3978360357553143e-07 -1.6586172550773656e-06 +1.5938239282076572e-06
128.50000000 +5.0000000000000000e+00 +2.0000151062589717e+00 +1.8933313864155450e-03 +9.9986481454613718e-01 +9.9999486892631140e-01 +9.9999203026717398e-01 +9.9998932250955830e-01 +9.9998815283125164e-01 +2.9094103865764222e-05 +3.1009201900603875e-05 +3.1304338342081081e-05 +3.5500308404708207e-05 +4.3902962321864530e-05
129.00000000 +5.0000000000000000e+00 +1.9999660941623687e+00 +1.8394393539666383e-03 +9.9998496217632860e-01 +9.9999785509490258e-01 +9.9999984316574175e-01 +1.0000012531430853e+00 +1.0000012087991392e+00 +1.3935047783609834e-05 +1.4314380004090268e-05 +9.7122598672532869e-06 -2.8927452583062150e-06 -2.0191321481997280e-05
129.50000000 +5.0000000000000000e+00 +2.0000048555696783e+00 +1.8366366559875444e-03 +9.9998813403719522e-01 +1.0000016590468923e+00 +1.0000030498291423e+00 +1.0000041992288091e+00 +1.0000043597339390e+00 +2.0873626549534804e-05 +1.3425909051671196e-05 +2.5118133971445360e-06 -1.1256676695126070e-05 -2.6956547265144112e-05
130.00000000 +5.0000000000000000e+00 +1.9999216967820221e+00 +2.0117405855129382e-03 +9.9954774080092057e-01 +9.9999907734464100e-01 +9.9999976244382416e-01 +9.9999939460473386e-01 +9.9999804533615644e-01 +1.0258132235059644e-04 +1.0289786494891459e-04 +9.7198906530223731e-05 +8.4358079981436263e-05 +6.8943294321844180e-05
130.50000000 +5.0000000000000000e+00 +1.9999954306674959e+00 +1.8431904632635549e-03 +9.9999907154734946e-01 +1.0000002877730509e+00 +9.9999701225513027e-01 +9.9999438646813454e-01 +9.9999413369457857e-01 -2.0663227886520728e-05 -1.5256507509172165e-05 -1.7597681423150879e-06 +1.7462232064032029e-05 +3.5325530636679689e-05
131.00000000 +5.0000000000000000e+00 +1.9999644648276107e+00 +1.8453009023348386e-03 +9.9997853839408313e-01 +9.9999608422235142e-01 +9.9999766749642349e-01 +1.0000003544641864e+00 +1.0000026531156336e+00 +2.3991271773912880e-06 -8.6038871314154247e-07 +2.9883254010332066e-06 +9.0148823286828036e-06 +1.1160359509848208e-05
131.50000000 +5.0000000000000000e+00 +2.0000129079389644e+00 +1.8807928359213632e-03 +9.9989938562447422e-01 +1.0000010283995497e+00 +1.0000023659177770e+00 +1.0000013325520465e+00 +9.9999909933092435e-01 +5.7340532258395883e-06 +1.2593265873814367e-05 +1.9981131890688265e-05 +2.6680761676519947e-05 +3.1798966272311360e-05
132.00000000 +5.0000000000000000e+00 +1.9999898699007290e+00 +1.7958167058544361e-03 +1.0001092731382235e+00 +1.0000005950598472e+00 +1.0000018945869542e+00 +1.0000039096407043e+00 +1.0000059743526846e+00 -4.0270786488275221e-05 -3.3607269789892397e-05 -2.2529830847172055e-05 -1.3149638827798854e-05 -1.2089250795867879e-05
132.50000000 +5.0000000000000000e+00 +2.0000220327667848e+00 +1.8582233938204437e-03 +9.9995087504920133e-01 +1.0000091309811072e+00 +1.0000076192228837e+00 +1.0000047088743118e+00 +1.0000010953925977e+00 +4.9269123624846798e-06 +6.6662579184273078e-06 +5.6707237897681991e-06 +3.7213167098305994e-06 +5.5852736965594974e-06
133.00000000 +5.0000000000000000e+00 +1.9999761117462986e+00 +1.8662198213585557e-03 +9.9992888879149910e-01 +9.9999763493519644e-01 +9.9999830856007788e-01 +9.9999872235600207e-01 +9.9999860735282875e-01 +1.5900737238171898e-05 +1.6520047724588263e-05 +1.4276748797697459e-05 +1.2835355325161894e-05 +1.8305116483722128e-05
133.50000000 +5.0000000000000000e+00 +2.0000511419119076e+00 +1.7416209381141995e-03 +1.0002599502444067e+00 +1.0000037845575349e+00 +1.0000011444927435e+00 +9.9999773360779454e-01 +9.9999453738517396e-01 -7.4590880384430223e-05 -6.8001738710902332e-05 -5.6031515375123301e-05 -3.9444199765628942e-05 -1.9081951897296483e-05
134.00000000 +5.0000000000000000e+00 +1.9999619447386996e+00 +1.8553758569271302e-03 +9.9995153462145570e-01 +9.9999562963528421e-01 +9.9999537298104102e-01 +9.9999521804744707e-01 +9.9999424576830576e-01 +1.1155603130476881e-05 +1.8354364122588859e-05 +1.9384408004716214e-05 +1.4353316075773900e-05 +4.7512572305518638e-06
134.50000000 +5.0000000000000000e+00 +2.0000155340522769e+00 +1.8810372484302671e-03 +9.9989275448778137e-01 +9.9999947798159805e-01 +9.9999929603337356e-01 +9.9999973642068296e-01 +1.0000001469028708e+00 +1.2208607387832240e-05 +1.3309692968659286e-05 +1.7866504012149963e-05 +2.7413219380956577e-05 +3.7790150026088621e-05
135.00000000 +5.0000000000000000e+00 +2.0000440525342791e+00 +1.7993286262757687e-03 +1.0001027947878109e+00 +9.9999722919962297e-01 +9.9999352672511577e-01 +9.9999088038339989e-01 +9.9999116262988474e-01 -2.4671826478482750e-05 -1.7385956003807774e-05 -1.2223688377266106e-05 -1.0638081720675808e-05 -1.0674174578964396e-05
135.50000000 +5.0000000000000000e+00 +1.9999928806622027e+00 +1.7249852118922852e-03 +1.0002815417014657e+00 +9.9999722977394112e-01 +1.0000008460402334e+00 +1.0000031333561745e+00 +1.0000040374191681e+00 -3.3838386394483260e-05 -4.9079583450484834e-05 -6.2902329689735421e-05 -7.1879168050042531e-05 -6.9088821731123792e-05
136.00000000 +5.0000000000000000e+00 +1.9999873605610170e+00 +1.7504512502861391e-03 +1.0002134875953723e+00 +1.0000019939315636e+00 +1.0000007071111421e+00 +9.9999767906569526e-01 +9.9999361723548152e-01 -2.0691408230579866e-05 -3.1363172295679823e-05 -4.4432564225495234e-05 -5.3834211902077326e-05 -5.7163582412538107e-05
136.50000000 +5.0000000000000000e+00 +1.9999334985792558e+00 +1.9614636694078522e-03 +9.9969208138811849e-01 +9.9999736066161926e-01 +9.9999744515267408e-01 +9.9999757593740624e-01 +9.9999707028320350e-01 +4.1644062289933041e-05 +5.6371250404142170e-05 +7.0121565760453028e-05 +7.7126185068019510e-05 +7.3203515855146031e-05
137.00000000 +5.0000000000000000e+00 +2.0000192722228252e+00 +1.7626915245485698e-03 +1.0001921363239663e+00 +1.0000099909421285e+00 +1.0000039277406922e+00 +9.9999834749387650e-01 +9.9999426835702043e-01 -3.7349817826631968e-05 -3.7992130389969998e-05 -4.0404753912717860e-05 -4.2353139647458554e-05 -4.0571016641002990e-05
137.50000000 +5.0000000000000000e+00 +2.0000114108330189e+00 +1.7918087981860101e-03 +1.0001080049988533e+00 +9.9999793761028655e-01 +9.9999841427857761e-01 +9.9999721417607357e-01 +9.9999488558002603e-01 +8.8794665865969357e-07 -5.2901113599612704e-06 -1.7988240123737505e-05 -3.2319473513901571e-05 -4.1746767770058348e-05
138.00000000 +5.0000000000000000e+00 +2.0000452982716292e+00 +1.7123531013387746e-03 +1.0003258367389376e+00 +9.9999880252995754e-01 +9.9999712339047453e-01 +9.9999469591422896e-01 +9.9999202904627138e-01 -5.5795534057743697e-05 -6.6475929303486583e-05 -6.9658034747871724e-05 -6.4113042180505969e-05 -5.2445082440587706e-05
138.50000000 +5.0000000000000000e+00 +1.9999512249902840e+00 +1.8690540799428991e-03 +9.9990958634538230e-01 +9.9999535574808929e-01 +9.9999402124956716e-01 +9.9999410629241947e-01 +9.9999444948399596e-01 +5.5731189270763686e-05 +4.1460064300454785e-05 +2.0911604736995899e-05 +3.0836688110663526e-06 -8.7056446383369790e-06
139.00000000 +5.0000000000000000e+00 +1.9999756718607464e+00 +1.8972567531303725e-03 +9.9985684647666939e-01 +9.9999314531055750e-01 +9.9999044720889285e-01 +9.9999057297495586e-01 +9.9999262548346535e-01 +3.4061816321355149e-05 +2.5044644271344827e-05 +2.4359061386674032e-05 +3.6131771448529864e-05 +5.6765254851311816e-05
139.50000000 +5.0000000000000000e+00 +1.9999692074276856e+00 +1.8866009715474651e-03 +9.9987772451280399e-01 +1.0000052900475733e+00 +1.0000021676370250e+00 +1.0000004585478275e+00 +1.0000007073551431e+00 +1.0005594731765275e-05 +1.7957641812407278e-05 +2.5452056768799662e-05 +2.9612223664587052e-05 +3.0624381121819986e-05
140.00000000 +5.0000000000000000e+00 +1.9999873616368433e+00 +1.8516657248174176e-03 +9.9995609638481175e-01 +1.0000066552653681e+00 +1.0000099053916602e+00 +1.0000105413320344e+00 +1.0000071226292340e+00 +1.5914786157488908e-05 +6.5500311332963702e-06 -4.1310266703421685e-07 -5.7976858522135966e-06 -6.5750351655181234e-06
140.50000000 +5.0000000000000000e+00 +1.9999679861823481e+00 +1.8976105667326201e-03 +9.9985825345428847e-01 +1.0000051877065157e+00 +1.0000050083127654e+00 +1.0000028721525509e+00 +1.0000013016548210e+00 +5.8368594796157820e-06 +1.8767500583628316e-05 +2.7907733804235931e-05 +3.4009084427174086e-05 +4.0855542868877463e-05
141.00000000 +5.0000000000000000e+00 +2.0000196404773241e+00 +1.7643106321723325e-03 +1.0001944577227047e+00 +9.9999984099940487e-01 +1.0000024507291065e+00 +1.0000035101543245e+00 +1.0000034134220279e+00 -5.1761931347192525e-05 -5.4925318893026257e-05 -4.8369935831505744e-05 -3.3806737406005359e-05 -1.4809105930703891e-05
141.50000000 +5.0000000000000000e+00 +1.9999547755093803e+00 +1.9337832827389660e-03 +9.9975980772073192e-01 +9.9999675799024934e-01 +9.9999440372217308e-01 +9.9999461359295760e-01 +9.9999875586989928e-01 +2.5815407721377415e-05 +4.9505775461580387e-05 +6.4498077319090696e-05 +6.4153759494939793e-05 +5.1688084593223204e-05
142.00000000 +5.0000000000000000e+00 +2.0000083743606498e+00 +1.8258646377058156e-03 +1.0000306993538906e+00 +1.0000006325737520e+00 +1.0000029400439294e+00 +1.0000046573612122e+00 +1.0000039939017173e+00 -1.1931144974693281e-05 -1.0283217486892221e-05 -1.1323569631850830e-05 -8.7704239733904622e-06 -6.1487667965665915e-07
142.50000000 +5.0000000000000000e+00 +2.0000020423925382e+00 +1.8002725949087990e-03 +1.0001098542386448e+00 +1.0000077955165398e+00 +1.0000084023497520e+00 +1.0000078941713020e+00 +1.0000056815237022e+00 -3.9992852232694177e-05 -4.1715330126772655e-05 -3.7571409283388122e-05 -2.3009869699435786e-05 +2.6616586786897001e-06
143.00000000 +5.0000000000000000e+00 +1.9999730426368949e+00 +1.9766208137418227e-03 +9.9966413950310717e-01 +9.9999445258721487e-01 +9.9999475630731149e-01 +9.9999589171478553e-01 +9.9999634410556548e-01 +3.3293618650076576e-05 +5.0279697614784324e-05 +7.0434552352826208e-05 +9.0970789626770293e-05 +1.0943712072341666e-04
143.50000000 +5.0000000000000000e+00 +1.9999857224758948e+00 +1.8970006999460005e-03 +9.9985933804248539e-01 +1.0000006293893677e+00 +1.0000050666596561e+00 +1.0000082142848745e+00 +1.0000092059110823e+00 -2.0684120924774243e-05 -5.7189230395313910e-06 +2.0805329043409654e-05 +4.9742646157348364e-05 +7.3400781304769751e-05
144.00000000 +5.0000000000000000e+00 +2.0000086078743209e+00 +1.8856449254617857e-03 +9.9988496390368842e-01 +1.0000034687128314e+00 +1.0000048147378964e+00 +1.0000050095773703e+00 +1.0000045716159705e+00 +4.5051465634317436e-06 +1.0455916329047739e-05 +2.0164293080728955e-05 +2.8484930161990038e-05 +3.3561165992484134e-05
144.50000000 +5.0000000000000000e+00 +2.0000385606265523e+00 +1.6654654043773366e-03 +1.0004386207902967e+00 +1.0000104144454809e+00 +1.0000086814656985e+00 +1.0000043306394033e+00 +9.9999846810699289e-01 -6.9394841485508085e-05 -9.1294192544096292e-05 -1.0528280852682584e-04 -1.0547297159136251e-04 -8.9070632687882160e-05
145.00000000 +5.0000000000000000e+00 +2.0000420851752265e+00 +1.7552964152493429e-03 +1.0002188832140677e+00 +1.0000021773471932e+00 +1.0000055136308679e+00 +1.0000089467043534e+00 +1.0000094927567846e+00 -5.4762313173445125e-05 -6.0222399570394208e-05 -5.4429212345655379e-05 -4.5205841317184483e-05 -3.0393884042148478e-05
145.50000000 +5.0000000000000000e+00 +2.0000032771528464e+00 +1.8259096589375717e-03 +1.0000339574264729e+00 +9.9999398993158006e-01 +9.9999602815597677e-01 +9.9999937979250408e-01 +1.0000023787439849e+00 -4.2665475752704680e-05 -2.3653025627886503e-05 -1.3239994319924004e-06 +1.7392868824260744e-05 +2.4515581773157045e-05
146.00000000 +5.0000000000000000e+00 +2.0000210126351710e+00 +1.8044584926500864e-03 +1.0000845199269006e+00 +9.9998470846123222e-01 +9.9998845933773450e-01 +9.9999325005606055e-01 +9.9999750673119869e-01 -3.0539657144090350e-06 -2.6684458828065269e-06 -7.4734661947704693e-06 -1.5098430669351096e-05 -2.0150203221162844e-05
146.50000000 +5.0000000000000000e+00 +2.0000067651211979e+00 +1.8798162576518841e-03 +9.9990126664830148e-01 +9.9999528490060208e-01 +9.9999473075531953e-01 +9.9999643133168892e-01 +9.9999891396682494e-01 +9.3103456250399938e-06 +2.0574764397545010e-05 +2.8354794158613088e-05 +2.8145985473618446e-05 +2.6986510468834797e-05
147.00000000 +5.0000000000000000e+00 +2.0000192729357891e+00 +1.7746740595927998e-03 +1.0001735360377859e+00 +1.0000056801769002e+00 +1.0000045454955224e+00 +1.0000034783137937e+00 +1.0000028372537326e+00 -5.8101244604356787e-05 -5.1653520935378820e-05 -4.1216287557780050e-05 -2.7875168585529193e-05 -1.1231052010412951e-05
147.50000000 +5.0000000000000000e+00 +1.9999532355265823e+00 +1.9752286836890350e-03 +9.9965241130281979e-01 +9.9999633864082715e-01 +9.9999417360828913e-01 +9.9999309312238960e-01 +9.9999436899447214e-01 +6.5152183050938125e-05 +8.0781172519501043e-05 +8.5438059388255060e-05 +7.6806449275167521e-05 +6.1436471295143807e-05
148.00000000 +5.0000000000000000e+00 +1.9999572108403836e+00 +2.0406369745857122e-03 +9.9946792449595845e-01 +9.9999888309210416e-01 +1.0000017479789938e+00 +1.0000029277339586e+00 +1.0000029535137431e+00 +1.2424241781313226e-04 +1.3004343455910698e-04 +1.1878597798508374e-04 +9.4731812171542298e-05 +5.7759545662832085e-05
148.50000000 +5.0000000000000000e+00 +2.0000493382396400e+00 +1.7812428806723418e-03 +1.0001523267093662e+00 +1.0000002249130759e+00 +9.9999994838380879e-01 +1.0000015576272505e+00 +1.0000045919667584e+00 -4.2000074557442181e-05 -4.1825102688874988e-05 -3.5989619082636443e-05 -2.4738123658850269e-05 -1.4096678496585212e-05
149.00000000 +5.0000000000000000e+00 +1.9999974405396368e+00 +1.8370018727990938e-03 +1.0000051434394972e+00 +1.0000009275077388e+00 +1.0000025941807931e+00 +1.0000045164436053e+00 +1.0000048568617435e+00 -2.1958813750055826e-05 -1.0504868458211666e-05 +6.6008875727164476e-07 +6.5800027759989959e-06 +7.1851572772971893e-06
149.50000000 +5.0000000000000000e+00 +2.0000260603615780e+00 +1.8088379690687419e-03 +1.0000630130006141e+00 +1.0000082293679677e+00 +1.0000099817245118e+00 +1.0000090802992994e+00 +1.0000049343637183e+00 +6.0495248387884690e-06 -9.5205760130314148e-06 -2.3464898105624291e-05 -3.3971120342687344e-05 -3.4331687912052097e-05
150.00000000 +5.0000000000000000e+00 +1.9999439864925068e+00 +2.0971271307061779e-03 +9.9934747148411618e-01 +1.0000021971727580e+00 +1.0000031961138245e+00 +1.0000042323998330e+00 +1.0000036523929370e+00 +1.1113873245203399e-04 +1.2438809588988565e-04 +1.3692154410911429e-04 +1.3862818806716713e-04 +1.2817387451115911e-04
150.50000000 +5.0000000000000000e+00 +2.0000064925949927e+00 +1.8605105384197260e-03 +9.9995243492769670e-01 +9.9999786891938214e-01 +9.9999863506801301e-01 +9.9999861119755540e-01 +9.9999667842211903e-01 -3.5239847661903102e-06 -2.3038579817210550e-06 +6.4710726089935344e-06 +1.9705477757714411e-05 +3.5422756448119347e-05
151.00000000 +5.0000000000000000e+00 +2.0000514086639085e+00 +1.6373107842700746e-03 +1.0005177522601070e+00 +1.0000084431535292e+00 +1.0000110706344725e+00 +1.0000108001719792e+00 +1.0000077820335682e+00 -1.1513211155342140e-04 -1.3236577571662124e-04 -1.2904703317135119e-04 -1.0578213350210473e-04 -7.3521197390803819e-05
151.50000000 +5.0000000000000000e+00 +1.9999748102387100e+00 +1.9023954263319672e-03 +9.9985155159306027e-01 +1.0000083667610560e+00 +1.0000084723572145e+00 +1.0000077335724078e+00 +1.0000064854229835e+00 -2.5163681309409554e-05 -8.1047026597414203e-08 +2.8513485063617087e-05 +5.1536035641938297e-05 +6.2585497062473102e-05
152.00000000 +5.0000000000000000e+00 +1.9999329186443207e+00 +1.9880769205245265e-03 +9.9961138736666100e-01 +1.0000069250422414e+00 +1.0000073036512160e+00 +1.0000089438504107e+00 +1.0000095069532891e+00 +7.6644669200904048e-05 +7.9386680172259161e-05 +7.6024787726099318e-05 +6.8772940060983305e-05 +5.5104056023131297e-05
152.50000000 +5.0000000000000000e+00 +1.9999957957236065e+00 +1.8281373047163004e-03 +1.0000169635519409e+00 +1.0000025610184957e+00 +1.0000041836416138e+00 +1.0000054154293778e+00 +1.0000055186714203e+00 -1.0870925895779813e-05 -9.4838148685262225e-06 -6.1435603937230872e-06 -4.1238245140345344e-06 -4.0201911774187406e-06
153.00000000 +5.0000000000000000e+00 +1.9999953482086235e+00 +1.8426445388886198e-03 +9.9999266799335418e-01 +9.9998672616881445e-01 +9.9998544762544261e-01 +9.9998377561411489e-01 +9.9998371389789831e-01 +1.0389307750575681e-05 +2.0916350268570670e-05 +2.2249193059278271e-05 +1.2757590487575235e-05 +1.3562558798221873e-06
153.50000000 +5.0000000000000000e+00 +2.0000261253360301e+00 +1.9139862717016524e-03 +9.9981446622423042e-01 +1.0000113603296321e+00 +1.0000108183563881e+00 +1.0000089793624183e+00 +1.0000078115392219e+00 +1.0050311348240043e-05 +2.6973601304923728e-05 +3.3427514393178169e-05 +3.5663252654869845e-05 +4.0449511200684849e-05
154.00000000 +5.0000000000000000e+00 +1.9999843230083061e+00 +1.8206317886848246e-03 +1.0000499817197921e+00 +9.9999832555498780e-01 +9.9999830309336890e-01 +9.9999796273368757e-01 +9.9999639989538414e-01 -1.3557287062115458e-05 -1.8362322639283306e-05 -1.5775554303152092e-05 -3.3483985109470856e-06 +1.0070567635520787e-05
154.50000000 +5.0000000000000000e+00 +1.9999957586398700e+00 +1.7940498195431482e-03 +1.0001118354797378e+00 +9.9999675398342003e-01 +9.9999407694891729e-01 +9.9999281851626842e-01 +9.9999053638095436e-01 -7.1366169564391617e-06 -1.0026604080689383e-05 -1.8188504509598787e-05 -2.6064266661256153e-05 -2.4605317349230901e-05
155.00000000 +5.0000000000000000e+00 +2.0000577859994819e+00 +1.5871512130313415e-03 +1.0006293016523413e+00 +1.0000048548455740e+00 +1.0000069606043298e+00 +1.0000068330236151e+00 +1.0000049212332156e+00 -1.0311993003958258e-04 -1.3263901743902195e-04 -1.4739082177416866e-04 -1.4381605984529157e-04 -1.2590552955749919e-04
155.50000000 +5.0000000000000000e+00 +1.9998945080716886e+00 +2.0496077832672156e-03 +9.9943994072356124e-01 +9.9999490977319816e-01 +9.9999761276408283e-01 +9.9999825953486121e-01 +9.9999672950714902e-01 +1.4045963090276599e-04 +1.4637911094795514e-04 +1.2775876531798084e-04 +9.5320226954970390e-05 +6.2629966052906114e-05
156.00000000 +5.0000000000000000e+00 +1.9999450099701761e+00 +1.9506979770366575e-03 +9.9970974811492141e-01 +9.9999595035856725e-01 +9.9999885320203297e-01 +1.0000004172409314e+00 +1.0000014792824208e+00 +6.3599372724099278e-05 +7.0584096335217446e-05 +6.8989290304510560e-05 +5.3917334748174918e-05 +3.6461704654649764e-05
156.50000000 +5.0000000000000000e+00 +1.9999920886323646e+00 +1.8154029578927129e-03 +1.0000485706512110e+00 +9.9999898560801037e-01 +9.9999861846462246e-01 +1.0000012618593201e+00 +1.0000067322657942e+00 +1.6281788494273734e-05 +1.4764478345488902e-07 -1.5112358348829043e-05 -2.6692362426586099e-05 -2.8793561199806302e-05
157.00000000 +5.0000000000000000e+00 +2.0000357415611520e+00 +1.6452739993107171e-03 +1.0004790395285634e+00 +1.0000153696426721e+00 +1.0000145862279284e+00 +1.0000099192205585e+00 +1.0000072925153902e+00 -9.2856012936393256e-05 -1.0282198612114798e-04 -1.0837692029257417e-04 -1.1167873207110655e-04 -1.1047348654221838e-04
157.50000000 +5.0000000000000000e+00 +1.9999943970393339e+00 +1.8163551838601571e-03 +1.0000398166358284e+00 +1.0000081635834879e+00 +1.0000109698838158e+00 +1.0000114565199254e+00 +1.0000089508726626e+00 +4.3361443091041287e-06 -6.8199143236182020e-06 -1.5851966864845983e-05 -2.6894324177280764e-05 -3.4127432649853871e-05
158.00000000 +5.0000000000000000e+00 +1.9999567939843403e+00 +1.9534885200328989e-03 +9.9970352515717109e-01 +1.0000005354001258e+00 +1.0000016923452346e+00 +1.0000041469431704e+00 +1.0000041443420693e+00 +6.0839406216827758e-05 +6.4016175738748225e-05 +5.9101876620770706e-05 +5.3582158424930492e-05 +4.8416194406864303e-05
158.50000000 +5.0000000000000000e+00 +2.0000001084689112e+00 +1.9767643978130431e-03 +9.9965254096090750e-01 +1.0000091014525339e+00 +1.0000097747318977e+00 +1.0000080923844521e+00 +1.0000036222683146e+00 +3.1115747463536984e-05 +4.7665096919070471e-05 +6.6460301215504644e-05 +8.2978234180592362e-05 +8.8648824169158832e-05
159.00000000 +5.0000000000000000e+00 +1.9999929313784865e+00 +1.9265111369720356e-03 +9.9978082495625253e-01 +9.9999785754712645e-01 +1.0000000278990593e+00 +1.0000007519981298e+00 +1.0000009943390857e+00 +1.2385660750195759e-05 +2.2522084194239744e-05 +4.4190460365334635e-05 +6.4319653707827417e-05 +7.6125400991818994e-05
159.50000000 +5.0000000000000000e+00 +2.0000141104845324e+00 +1.8205440155195658e-03 +1.0000419226686119e+00 +9.9999421492747198e-01 +9.9999307045072527e-01 +9.9999541897533084e-01 +9.9999681398482099e-01 -2.8489682190941613e-05 -8.1703664877340470e-06 +9.0880862211004312e-06 +1.0019094094055600e-05 -3.8881352081187590e-06
160.00000000 +5.0000000000000000e+00 +1.9999575221116479e+00 +1.9118063387071282e-03 +9.9979397159582861e-01 +9.9999759858316573e-01 +9.9999993550328514e-01 +1.0000037099850219e+00 +1.0000083418149275e+00 +6.5025124858369285e-05 +6.2276882156307270e-05 +4.4640585375435556e-05 +2.2104929447854690e-05 +2.3949951627112717e-06
160.50000000 +5.0000000000000000e+00 +2.0000245983937712e+00 +1.8368076829095353e-03 +1.0000014917021522e+00 +9.9999270693362974e-01 +9.9999613703576629e-01 +9.9999799723743177e-01 +9.9999873758905033e-01 -1.9302519738557184e-05 -1.0328658173432410e-05 +5.4987608086081255e-06 +1.6302530805838456e-05 +2.0759386549466039e-05
161.00000000 +5.0000000000000000e+00 +2.0000045056479951e+00 +1.8323648418705062e-03 +1.0000219070817322e+00 +9.9998858730728424e-01 +9.9999383338279546e-01 +9.9999973546110033e-01 +1.0000024516097255e+00 -1.1673674854451570e-05 -1.5403067760119613e-05 -9.6317664448654327e-06 +6.6871207959857812e-06 +2.3506547393036414e-05
161.50000000 +5.0000000000000000e+00 +1.9999305062398034e+00 +1.9833010639686943e-03 +9.9962783850853154e-01 +1.0000033200727536e+00 +1.0000054741315538e+00 +1.0000068521626122e+00 +1.0000057868738403e+00 +7.4297377171022276e-05 +8.0143524933838498e-05 +7.7914217161104853e-05 +6.5410898143658335e-05 +5.2962231075906868e-05
162.00000000 +5.0000000000000000e+00 +2.0000013160917498e+00 +1.9084586272392126e-03 +9.9982559581956099e-01 +1.0000015138709808e+00 +1.0000042623855174e+00 +1.0000049089188274e+00 +1.0000030897672885e+00 +1.5358646518769972e-05 +1.5704447587561724e-05 +2.6426019062373236e-05 +4.3378449923499177e-05 +5.9761673008233797e-05
162.50000000 +5.0000000000000000e+00 +1.9999546328655593e+00 +1.8797222257518175e-03 +9.9989351119826897e-01 +9.9999474258055732e-01 +9.9999311013527270e-01 +9.9999390851534664e-01 +9.9999662032488368e-01 +2.4058306390882279e-05 +2.3503221674997028e-05 +2.4566570930950335e-05 +2.6457504924202070e-05 +2.9521641350852764e-05
163.00000000 +5.0000000000000000e+00 +1.9999848046835094e+00 +1.8352761458528275e-03 +1.0000017677196757e+00 +9.9999887866652781e-01 +9.9999550822958927e-01 +9.9999060250305671e-01 +9.9998723169464643e-01 +2.2924970208425775e-05 +7.8647974419396094e-06 -3.8439158464267088e-06 -3.9466974298939744e-06 +3.0120277217531451e-06
163.50000000 +5.0000000000000000e+00 +1.9999143683466953e+00 +2.0471958806085868e-03 +9.9948237993366884e-01 +9.9999013408124338e-01 +9.9999311223200305e-01 +1.0000004066548391e+00 +1.0000087374659123e+00 +6.9133422984378633e-05 +8.5728367778332531e-05 +1.0519426630515058e-04 +1.2667114623104563e-04 +1.3850243117121498e-04
164.00000000 +5.0000000000000000e+00 +1.9999101338578984e+00 +2.0273038203778436e-03 +9.9951873956717774e-01 +9.9999437560191318e-01 +9.9999601310245601e-01 +9.9999858360563121e-01 +1.0000000433666967e+00 +7.4002927414178155e-05 +9.9346252801077727e-05 +1.1450821910872657e-04 +1.1300365927615731e-04 +9.1383695414363792e-05
164.50000000 +5.0000000000000000e+00 +1.9999770786031352e+00 +1.9042569198315599e-03 +9.9982650540561180e-01 +1.0000021761343996e+00 +1.0000018598311691e+00 +1.0000023506277780e+00 +1.0000039869051001e+00 +2.4186837562090557e-05 +2.3992040019197659e-05 +2.7314757208485705e-05 +3.8116463532595593e-05 +4.9511001451081477e-05
165.00000000 +5.0000000000000000e+00 +1.9999965142290348e+00 +1.8086991672525774e-03 +1.0000528778327915e+00 +9.9999615304059042e-01 +9.9999595882138270e-01 +9.9999353562325344e-01 +9.9999010115197118e-01 +4.4692993907750147e-05 +2.1514766897055840e-05 -4.1582420212826389e-06 -3.0740520960523602e-05 -5.9935464824203956e-05
165.50000000 +5.0000000000000000e+00 +1.9999391917965468e+00 +1.9385254604400487e-03 +9.9972582552437517e-01 +1.0000042413613401e+00 +1.0000044413569606e+00 +1.0000037178051766e+00 +1.0000045789671619e+00 +6.6200898141782188e-05 +6.7523829681721909e-05 +6.0546378294743647e-05 +4.3646995216833811e-05 +1.9276886074190810e-05
166.00000000 +5.0000000000000000e+00 +1.9999683195597024e+00 +1.8206130824775619e-03 +1.0000399659298935e+00 +1.0000000763653956e+00 +1.0000004828100513e+00 +9.9999883152559377e-01 +9.9999837914286138e-01 +5.0754802352030604e-06 -1.2970084552231469e-05 -1.7695631358206288e-05 -1.1215222228406774e-05 -9.3031168721309417e-07
166.50000000 +5.0000000000000000e+00 +1.9999828022154780e+00 +1.8776794165083195e-03 +9.9987627147189595e-01 +9.9999642428782376e-01 +9.9999628163175625e-01 +9.9999811714230780e-01 +1.0000019144658265e+00 +5.3106613754071494e-05 +3.7933721615999015e-05 +2.2076673511357813e-05 +1.1177950581518890e-05 +6.6960389108318650e-06
167.00000000 +5.0000000000000000e+00 +2.0000150310143670e+00 +1.7865062875732274e-03 +1.0001434821413275e+00 +9.9998587369953851e-01 +9.9998674861171344e-01 +9.9998832797853610e-01 +9.9999214949884319e-01 -3.9377591189349969e-05 -3.4890124247078717e-05 -2.1651626801606539e-05 -7.0104082513264713e-06 +6.3478197828183621e-06
167.50000000 +5.0000000000000000e+00 +1.9999667406122421e+00 +1.9023020013727711e-03 +9.9982668471775860e-01 +9.9999904076214674e-01 +9.9999844305683172e-01 +9.9999915856522392e-01 +1.0000021931728156e+00 +5.8094567646306848e-05 +3.8581265292312697e-05 +2.4176920612089037e-05 +2.5589387909874702e-05 +2.8037586607033845e-05
168.00000000 +5.0000000000000000e+00 +1.9999486899689864e+00 +1.8179917314797445e-03 +1.0000451206863277e+00 +9.9999474692239165e-01 +9.9999622156746126e-01 +9.9999977036931575e-01 +9.9999969050556292e-01 +3.5462963217371219e-06 +4.4054685998764484e-06 -4.4057750637157014e-06 -1.6806463022802863e-05 -2.2289581512922616e-05
168.50000000 +5.0000000000000000e+00 +2.0000256400847216e+00 +1.7629519585446356e-03 +1.0001987739615490e+00 +1.0000062847780233e+00 +1.0000033608743648e+00 +1.0000020002644641e+00 +1.0000013981347879e+00 -3.7524337172802165e-05 -4.2538608525945581e-05 -4.8391372903168439e-05 -4.5739834588327779e-05 -3.7623864481176485e-05
169.00000000 +5.0000000000000000e+00 +1.9999126996591461e+00 +2.0059505772144939e-03 +9.9959131951566771e-01 +9.9999577936804729e-01 +9.9999540387463781e-01 +9.9999173846428102e-01 +9.9998977341872097e-01 +5.5327852442002424e-05 +7.5807529631462793e-05 +9.3801148107354308e-05 +1.0421461460274480e-04 +1.0683421342238811e-04
169.50000000 +5.0000000000000000e+00 +1.9999851563590496e+00 +1.7413511651626946e-03 +1.0002416346996565e+00 +9.9999822547867856e-01 +1.0000010418756224e+00 +9.9999927137584022e-01 +9.9999315908178732e-01 -3.1109289266461095e-05 -5.0502318897552223e-05 -5.6701160169886636e-05 -4.9556011618981748e-05 -4.5463730590967554e-05
170.00000000 +5.0000000000000000e+00 +2.0000039557499343e+00 +1.7967443376338630e-03 +1.0000986283558693e+00 +9.9999916972154912e-01 +9.9999863375905151e-01 +1.0000006260709271e+00 +1.0000023766361237e+00 +3.1860252394599438e-06 -2.3081957903121191e-05 -3.6369040889189546e-05 -3.1413406291984261e-05 -1.1756165618983696e-05
170.50000000 +5.0000000000000000e+00 +1.9999021424286754e+00 +1.9296021282091431e-03 +9.9976699374640421e-01 +9.9999825104290008e-01 +9.9999652231303204e-01 +9.9999713826566994e-01 +9.9999645219007127e-01 +4.2726273388153950e-05 +4.9612952030830986e-05 +5.5812024640617455e-05 +5.4517089703540711e-05 +4.1974102272326839e-05
171.00000000 +5.0000000000000000e+00 +1.9999504911009836e+00 +1.9416097649623983e-03 +9.9974384511886571e-01 +1.0000086084886322e+00 +1.0000144375431266e+00 +1.0000193837126754e+00 +1.0000218365920603e+00 -8.2902232348448299e-06 +1.8097368561764322e-05 +4.5244804569473005e-05 +6.4498449593136041e-05 +7.2338140909751895e-05
171.50000000 +5.0000000000000000e+00 +2.0000250831002515e+00 +1.8831668654419802e-03 +9.9988595727129970e-01 +1.0000192216033543e+00 +1.0000208443237597e+00 +1.0000224427384883e+00 +1.0000212645015925e+00 +8.2846710791957655e-07 +4.9989731193275929e-06 +4.6549799019903562e-06 +4.1112433313301720e-06 +1.5675901486240554e-05
172.00000000 +5.0000000000000000e+00 +2.0000176541554904e+00 +1.8769166570604403e-03 +9.9991734410937838e-01 +9.9999136137649125e-01 +9.9998734350619156e-01 +9.9998505385033232e-01 +9.9998614536698927e-01 -2.1934744357195883e-05 +1.1257449310176326e-05 +3.8131610252916367e-05 +4.8892654056308671e-05 +5.6404821184371666e-05
172.50000000 +5.0000000000000000e+00 +1.9999748796084384e+00 +1.9386071251518303e-03 +9.9976196823627772e-01 +9.9998723222978592e-01 +9.9998961675436426e-01 +9.9999218663869993e-01 +9.9999386804221013e-01 +2.2186177300398705e-05 +5.6793942339844431e-05 +7.4120430333824986e-05 +6.6187125035330229e-05 +5.5840421789148090e-05
173.00000000 +5.0000000000000000e+00 +1.9999386874026934e+00 +1.9032174656391835e-03 +9.9980911871606726e-01 +9.9998544168887504e-01 +9.9998904573164948e-01 +9.9999295364794782e-01 +9.9999517124199100e-01 +8.8649071657922012e-05 +6.9877777021960482e-05 +4.5519071674663298e-05 +1.8907269266329855e-05 +5.3157875898597280e-06
173.50000000 +5.0000000000000000e+00 +1.9999213046307489e+00 +2.0159917970320146e-03 +9.9953471795010662e-01 +1.0000016726364747e+00 +1.0000037705674849e+00 +1.0000062146870328e+00 +1.0000075233796084e+00 +1.1121512268143162e-04 +1.0258625604171440e-04 +9.1893004459593389e-05 +7.6607056351956786e-05 +6.3799335789059471e-05
174.00000000 +5.0000000000000000e+00 +1.9999908879248798e+00 +1.7859546187979751e-03 +1.0001284824259429e+00 +1.0000074838980813e+00 +1.0000041989875788e+00 +1.0000021954275993e+00 +1.0000039045139255e+00 -2.3440239494362082e-05 -2.7823327426356615e-05 -3.2482224497340292e-05 -3.2182883098296330e-05 -3.0336582906039682e-05
174.50000000 +5.0000000000000000e+00 +2.0000192526392211e+00 +1.8206174769989606e-03 +1.0000394167054363e+00 +9.9999942914978246e-01 +1.0000042038993844e+00 +1.0000036757452684e+00 +1.0000013248202917e+00 -1.2801733919717803e-05 -1.2018807391298950e-05 -3.8600810133834249e-06 -5.2416091946874613e-06 -1.4128087722030065e-05
175.00000000 +5.0000000000000000e+00 +2.0000583430710916e+00 +1.6147095148410482e-03 +1.0005617483581437e+00 +1.0000107560206166e+00 +1.0000140666956645e+00 +1.0000140239076800e+00 +1.0000122100124531e+00 -1.0933823739413460e-04 -1.2445239632768868e-04 -1.3264240820251089e-04 -1.3192962901723037e-04 -1.1444232766530532e-04
175.50000000 +5.0000000000000000e+00 +2.0000042362219181e+00 +1.7814146038183866e-03 +1.0001526709333430e+00 +9.9999781901433460e-01 +9.9999381282195876e-01 +9.9999270748342650e-01 +9.9999390889152751e-01 -3.8196809541788685e-05 -3.4554629298917563e-05 -2.7102213645134528e-05 -2.1500879121919058e-05 -9.5646149688102556e-06
176.00000000 +5.0000000000000000e+00 +2.0000207789754216e+00 +1.8578685709401495e-03 +9.9995111932177494e-01 +9.9999745115736782e-01 +9.9999414905406792e-01 +9.9998979782000430e-01 +9.9998962815165371e-01 +1.1048800809532139e-05 +1.8487813236017943e-05 +2.2328583891420291e-05 +1.8585630489130040e-05 +7.4036638998187153e-06
176.50000000 +5.0000000000000000e+00 +1.9999609555127265e+00 +1.8523545497288344e-03 +9.9996554668768534e-01 +9.9999794848607704e-01 +1.0000005153010043e+00 +1.0000020121885558e+00 +1.0000000700613481e+00 -4.2933304413347431e-07 +3.5973301570498884e-06 +4.7836456507683881e-06 +9.0252660041120893e-06 +1.6930365139808250e-05
177.00000000 +5.0000000000000000e+00 +1.9999826028379264e+00 +1.9177028036935751e-03 +9.9980576735465720e-01 +9.9999415701602656e-01 +9.9999301421657316e-01 +9.9999017543636393e-01 +9.9998921339210634e-01 +3.1343563725623034e-05 +4.7964472936709709e-05 +5.4744918817125746e-05 +5.0120999434485686e-05 +4.3498630959828665e-05
177.50000000 +5.0000000000000000e+00 +2.0000102056045188e+00 +1.7821396860882308e-03 +1.0001255934882491e+00 +9.9999373721707330e-01 +1.0000019228140840e+00 +1.0000036628663791e+00 +9.9999841085091778e-01 -1.5165894847721882e-05 -1.9955585385064049e-05 -2.1638212056396109e-05 -2.7168069008684117e-05 -3.9399477001868024e-05
178.00000000 +5.0000000000000000e+00 +1.9999894960500917e+00 +1.9035991702582729e-03 +9.9984826384627112e-01 +9.9999975011962761e-01 +9.9999447722954471e-01 +9.9999158934742238e-01 +9.9999269990925210e-01 +1.6581105241514135e-05 +2.6399633083426617e-05 +3.6615296364798053e-05 +4.3469800057729078e-05 +5.0153711680830484e-05
178.50000000 +5.0000000000000000e+00 +1.9999557974297857e+00 +1.9378092863310556e-03 +9.9974475892275083e-01 +1.0000035424227263e+00 +1.0000048765835226e+00 +1.0000079021021751e+00 +1.0000100614463605e+00 +4.3305199834412221e-05 +5.8714233511703511e-05 +5.6104277935032150e-05 +4.1485009483533560e-05 +2.9249803729436531e-05
179.00000000 +5.0000000000000000e+00 +1.9999063535501340e+00 +1.9029137210281914e-03 +9.9983281551839998e-01 +9.9999870467508167e-01 +9.9999599906558045e-01 +9.9999494755457885e-01 +9.9999984947819354e-01 +4.4390955048150698e-05 +3.2522239723749238e-05 +2.6270309384117583e-05 +2.8812078282570111e-05 +4.5688126901286626e-05
179.50000000 +5.0000000000000000e+00 +1.9999870597754099e+00 +1.8019018896544793e-03 +1.0000882149749486e+00 +9.9998707211207849e-01 +9.9998726072651756e-01 +9.9999238800332690e-01 +9.9999790807905464e-01 +6.5351430326564367e-06 -3.5347614112937306e-06 -1.1694810351366808e-05 -2.1281099309865454e-05 -2.2868364488566155e-05
180.00000000 +5.0000000000000000e+00 +1.9999831648056368e+00 +1.8682119580409697e-03 +9.9991484309590906e-01 +9.9999787492892056e-01 +9.9999735907381559e-01 +9.9999527333132154e-01 +9.9999154527638223e-01 +3.6228341797854912e-06 +2.9235917256184616e-05 +4.0036279389977612e-05 +2.8513508855697785e-05 +1.6957514976572953e-06
180.50000000 +5.0000000000000000e+00 +1.9999454328336963e+00 +1.9263094788436010e-03 +9.9975387731676468e-01 +1.0000029524515250e+00 +9.9999498546959276e-01 +9.9998766965219776e-01 +9.9998290869657513e-01 +9.5918752182710457e-05 +8.9325103672126537e-05 +6.3758426304217752e-05 +2.8706989965170602e-05 -1.0285654215699765e-07
181.00000000 +5.0000000000000000e+00 +1.9999890249156658e+00 +1.8205817759244086e-03 +1.0000200821595941e+00 +1.0000004737597257e+00 +9.9999694866867073e-01 +9.9999367209959833e-01 +9.9999265085980860e-01 +5.9244487677280941e-05 +2.5006087982477024e-05 -1.1525443858540992e-05 -3.7997223084020524e-05 -3.8555459140619404e-05
181.50000000 +5.0000000000000000e+00 +1.9999932121707589e+00 +1.8719023696797260e-03 +9.9990015192610504e-01 +1.0000014907922421e+00 +1.0000064319233810e+00 +1.0000149485877181e+00 +1.0000192367936909e+00 +2.1745146571229894e-05 +1.3428248693678043e-05 +8.2984974426644957e-06 +9.1506907692235364e-06 +5.1173944659661140e-06
182.00000000 +5.0000000000000000e+00 +2.0000243836192348e+00 +1.8251806016490175e-03 +1.0000288252582616e+00 +9.9999837962688709e-01 +9.9999257688510323e-01 +9.9999271743483797e-01 +1.0000003360308629e+00 +6.4423284714461024e-06 +1.5505983410661046e-06 -2.0988959625505141e-06 -4.7653633472090175e-06 -1.3963901204780118e-05
182.50000000 +5.0000000000000000e+00 +1.9999981682073340e+00 +1.7455721877796147e-03 +1.0002418500482171e+00 +1.0000245312204843e+00 +1.0000190895492747e+00 +1.0000112730019683e+00 +1.0000056452975217e+00 -6.9031336107386752e-05 -6.8605568524503812e-05 -6.4665685432067609e-05 -5.9450454948435453e-05 -4.0636074415621853e-05
183.00000000 +5.0000000000000000e+00 +1.9999647766605755e+00 +1.8721564535878490e-03 +9.9990618556270938e-01 +1.0000021202177114e+00 +1.0000058751509280e+00 +1.0000085343866107e+00 +1.0000038799827524e+00 +2.5376297953542869e-05 +1.7423135342107844e-05 +1.3740221696718162e-05 +1.1039734266221937e-05 +5.8253065169659736e-06
183.50000000 +5.0000000000000000e+00 +1.9999614248910760e+00 +1.8904390277961528e-03 +9.9986980764587208e-01 +1.0000137707334573e+00 +1.0000077037894690e+00 +9.9999703694091702e-01 +9.9999124759633440e-01 +2.3305484983365426e-05 +2.1196535787985351e-05 +2.7792669600634767e-05 +2.7870248105705847e-05 +2.0268358277165808e-05
184.00000000 +5.0000000000000000e+00 +1.9999170723884128e+00 +1.9715212863888813e-03 +9.9965719596896518e-01 +1.0000092488997614e+00 +1.0000106138018054e+00 +1.0000132722479733e+00 +1.0000138590673739e+00 +3.4534333203427237e-05 +5.4926671238508260e-05 +6.9424320852462483e-05 +7.1472660625856736e-05 +6.5452027047960615e-05
184.50000000 +5.0000000000000000e+00 +1.9999407840888519e+00 +1.9819975887422655e-03 +9.9966188115200572e-01 +9.9997575112086079e-01 +9.9997496167293243e-01 +9.9997897427739268e-01 +9.9998622127072934e-01 +4.9439128287674224e-05 +5.0329335138488181e-05 +7.6517373145441032e-05 +1.1235299072305435e-04 +1.3357168206197756e-04
185.00000000 +5.0000000000000000e+00 +2.0000129966652542e+00 +1.7656327311329938e-03 +1.0001989723536695e+00 +9.9999091609435975e-01 +9.9998835394070740e-01 +9.9998885824114270e-01 +9.9999151044092227e-01 -4.2979476873299600e-05 -5.0747919241660236e-05 -4.1697356749535082e-05 -2.3299207398400847e-05 +1.1289102580748531e-07
185.50000000 +5.0000000000000000e+00 +1.9999641659612899e+00 +1.9802635269716780e-03 +9.9963090071511618e-01 +1.0000195055212846e+00 +1.0000210239176874e+00 +1.0000191129307385e+00 +1.0000138823062035e+00 +7.3758961355874499e-05 +6.4191842744012212e-05 +4.9722916967324177e-05 +4.8847755755282718e-05 +5.9053136365779873e-05
186.00000000 +5.0000000000000000e+00 +1.9999521344352058e+00 +1.7469675856652098e-03 +1.0002174166198214e+00 +1.0000080984797570e+00 +1.0000058857934573e+00 +1.0000022362564589e+00 +9.9999977119408290e-01 -2.3185311162769852e-05 -4.2480893347088829e-05 -5.9649307235534889e-05 -6.0937611311543849e-05 -4.7155220862602199e-05
186.50000000 +5.0000000000000000e+00 +1.9999792713015470e+00 +1.8491113895231100e-03 +9.9998234760485560e-01 +9.9999557195542543e-01 +9.9999675281763589e-01 +9.9999943600141328e-01 +1.0000021264540684e+00 -8.3504850760215134e-06 -2.7914106828022271e-06 +4.2250504635329421e-06 +6.5636232912148432e-06 +2.4118390749453968e-05
187.00000000 +5.0000000000000000e+00 +1.9999621152778193e+00 +1.8844278311412213e-03 +9.9989709582347952e-01 +9.9998579431443035e-01 +9.9999959041584807e-01 +1.0000034971666401e+00 +9.9999858016331411e-01 -6.1358033099049529e-06 -1.2517440037446140e-06 +2.4092163272728802e-05 +4.3779673631497929e-05 +5.4957822841247500e-05
187.50000000 +5.0000000000000000e+00 +1.9999290472689768e+00 +1.9453390587791056e-03 +9.9973283175307093e-01 +1.0000012852063764e+00 +9.9999368905450814e-01 +9.9998803907782130e-01 +9.9998782077977222e-01 +5.6994735713383990e-05 +6.5460286445398366e-05 +6.2090964570493665e-05 +5.3161479199579487e-05 +5.8626660204563982e-05
188.00000000 +5.0000000000000000e+00 +2.0000557723631749e+00 +1.6564176250558199e-03 +1.0004771881764938e+00 +9.9998895532853427e-01 +9.9999445595205505e-01 +9.9999647773590083e-01 +9.9999288589659219e-01 -1.0044101273182564e-04 -1.1911265112100628e-04 -1.0802796972220704e-04 -7.7250433464647538e-05 -4.5131021402652266e-05
188.50000000 +5.0000000000000000e+00 +2.0000216394221000e+00 +1.7675109398883144e-03 +1.0001948007434698e+00 +1.0000119011091126e+00 +1.0000112477417222e+00 +1.0000113748129231e+00 +1.0000072707819141e+00 -7.4320728564126177e-05 -7.7663744699534845e-05 -5.4110423894215629e-05 -2.4753142144053196e-05 -5.7471509469957901e-06
189.00000000 +5.0000000000000000e+00 +2.0000423870777619e+00 +1.8425104779046851e-03 +9.9997754346859347e-01 +1.0000129159662527e+00 +1.0000196333452163e+00 +1.0000181289772012e+00 +1.0000097306794038e+00 +3.0100994950670208e-06 +4.5476512313027553e-06 -1.2638703186927133e-06 -1.5383424656000639e-05 -2.8862895805567527e-05
189.50000000 +5.0000000000000000e+00 +1.9999812709189622e+00 +1.8800908488947850e-03 +9.9988414366429301e-01 +1.0000154954917175e+00 +1.0000132775552093e+00 +1.0000080021940230e+00 +1.0000050140947874e+00 +3.5029475343427217e-05 +1.8404333541159314e-05 +9.9253535287293698e-06 +7.2676753481607624e-06 +3.4401630108026984e-06
190.00000000 +5.0000000000000000e+00 +1.9999434481647300e+00 +1.9308112629101209e-03 +9.9978397936543417e-01 +9.9998552339313518e-01 +9.9998519333025004e-01 +9.9998765311878679e-01 +9.9998783820569759e-01 -2.1388710770080968e-06 +2.3481239708564397e-05 +5.8341371369166046e-05 +8.6440328353580199e-05 +1.0368851943673614e-04
190.50000000 +5.0000000000000000e+00 +2.0000078759773925e+00 +1.7525412290961136e-03 +1.0002054487427643e+00 +1.0000061651344365e+00 +1.0000125823014814e+00 +1.0000173800384131e+00 +1.0000146950916433e+00 -4.9090890034924050e-06 -5.0714800486875478e-05 -7.6163439647714104e-05 -7.1932684515612705e-05 -5.2551299047037830e-05
191.00000000 +5.0000000000000000e+00 +1.9998685984232485e+00 +1.9232082352607322e-03 +9.9977595960815535e-01 +1.0000019473283199e+00 +1.0000003691873238e+00 +9.9999708718489932e-01 +9.9999670572148647e-01 +4.8828355699759673e-05 +4.6268034036126454e-05 +4.2465017424975790e-05 +4.0998085438650969e-05 +4.9371473474641810e-05
191.50000000 +5.0000000000000000e+00 +1.9999953809222639e+00 +1.8635875835337947e-03 +9.9993626132432123e-01 +1.0000032793785312e+00 +1.0000064970200342e+00 +1.0000156231821893e+00 +1.0000274871415153e+00 -2.4390704717924666e-05 -1.6128092318401952e-05 +2.0971121890474201e-06 +2.2547761730483810e-05 +2.6725873411152934e-05
192.00000000 +5.0000000000000000e+00 +2.0000202771984883e+00 +1.8018550895346080e-03 +1.0001017214194756e+00 +1.0000024937598657e+00 +1.0000053061612348e+00 +1.0000054931564513e+00 +1.0000016025452811e+00 -6.8213322011363380e-05 -4.3223641604553980e-05 -8.8542534281259107e-06 +9.2724669694008953e-06 -5.5982887980081464e-06
192.50000000 +5.0000000000000000e+00 +1.9999709016617213e+00 +1.9311636425514177e-03 +9.9974309809531814e-01 +9.9998950382028096e-01 +9.9998890332589463e-01 +9.9998880204991025e-01 +9.9999168872064614e-01 +8.1440634673502927e-05 +7.7586671380233118e-05 +6.2317140844037543e-05 +4.4920186603881724e-05 +3.1739352105250598e-05
193.00000000 +5.0000000000000000e+00 +1.9998664853400601e+00 +2.0582011196660388e-03 +9.9944621429463110e-01 +9.9998547006719496e-01 +9.9998367430398527e-01 +9.9997806063267314e-01 +9.9997683027944928e-01 +1.3103122954706304e-04 +1.3211816532087206e-04 +1.3434688874839948e-04 +1.2673766066807675e-04 +1.0551647632373937e-04
193.50000000 +5.0000000000000000e+00 +1.9999019865738437e+00 +1.9081896130177369e-03 +9.9981908205867809e-01 +9.9999238966290194e-01 +9.9999456562528566e-01 +9.9999734646268679e-01 +1.0000013038665416e+00 +4.0036081570300659e-05 +3.9308584049578378e-05 +3.9248146134271826e-05 +3.9353472967091111e-05 +3.7366037735723123e-05
194.00000000 +5.0000000000000000e+00 +2.0000046241114253e+00 +1.8058797876656901e-03 +1.0000598740119877e+00 +1.0000123876411287e+00 +1.0000197341575909e+00 +1.0000226633128542e+00 +1.0000257506301262e+00 -1.0559437169882356e-05 -1.4902547019083549e-05 -2.1123246195859774e-05 -3.9503898409651745e-05 -5.4320624946277109e-05
194.50000000 +5.0000000000000000e+00 +2.0000043006981638e+00 +1.8545484333704204e-03 +9.9995150792816245e-01 +1.0000013675368618e+00 +1.0000018886040980e+00 +9.9999987458780737e-01 +9.9999502349677949e-01 +1.5429485381282412e-05 +9.4237391586333071e-06 +9.3218439577203045e-06 +1.0754321419802192e-05 +5.4084538484629851e-06
195.00000000 +5.0000000000000000e+00 +1.9999329151852230e+00 +2.0348267028034777e-03 +9.9951611570120569e-01 +1.0000029713501175e+00 +9.9999971303491875e-01 +9.9999783603996684e-01 +9.9999407911897076e-01 +4.2774004886025951e-05 +8.6298901134097117e-05 +1.1983439442723402e-04 +1.2378500380007542e-04 +1.1659245281280072e-04
195.50000000 +5.0000000000000000e+00 +2.0000337612943508e+00 +1.8453466292462342e-03 +9.9996640728067843e-01 +1.0000101594033848e+00 +1.0000209879814805e+00 +1.0000299184093762e+00 +1.0000370182517129e+00 -1.8582743252832688e-06 -1.9087954126986358e-05 -2.4797108028851357e-05 -1.8558439926992917e-05 -1.8955273890861185e-07
196.00000000 +5.0000000000000000e+00 +1.9999196267080224e+00 +1.8830532585197835e-03 +9.9987854579162982e-01 +9.9999426079145404e-01 +9.9998760295347344e-01 +9.9998247658714690e-01 +9.9998059671745443e-01 +6.7227916841371499e-05 +4.5171992358350860e-05 +2.9308970913548752e-05 +1.9137235843497123e-05 +1.5671046458008867e-05
196.50000000 +5.0000000000000000e+00 +2.0000227012506744e+00 +1.7584189500850843e-03 +1.0001991727570609e+00 +1.0000072082949103e+00 +1.0000066575657955e+00 +1.0000049649179610e+00 +9.9999982832431134e-01 -1.1540579271340540e-05 -2.5518910645057969e-05 -4.2966154696495314e-05 -6.4187122649042548e-05 -7.3619089688690259e-05
197.00000000 +5.0000000000000000e+00 +1.9999331679631311e+00 +1.8663594092702825e-03 +9.9992169100227057e-01 +9.9998365982240423e-01 +9.9997579016213056e-01 +9.9997199995903108e-01 +9.9996971676337787e-01 +8.4997758989310121e-05 +6.5554639737804211e-05 +2.7130904646676376e-05 +3.8364943750663473e-06 -4.3775092142772074e-06
197.50000000 +5.0000000000000000e+00 +2.0000056239835140e+00 +1.7863695455265509e-03 +1.0001332095878934e+00 +1.0000055365223774e+00 +1.0000054381187038e+00 +1.0000032359597546e+00 +1.0000017242322046e+00 -2.0353291856561142e-05 -3.8086379949552792e-05 -4.3154642784242297e-05 -3.3075014587719688e-05 -1.4475094942674287e-05
198.00000000 +5.0000000000000000e+00 +1.9999686902518721e+00 +1.8924919277717438e-03 +9.9985722590062209e-01 +1.0000150717815701e+00 +1.0000175748129341e+00 +1.0000196285139662e+00 +1.0000166614010138e+00 +8.5998562635441033e-06 +1.1895159092858662e-05 +1.0288961559399162e-05 +1.4719426749025333e-05 +2.8334182731732828e-05
198.50000000 +5.0000000000000000e+00 +1.9999262415031696e+00 +1.8815503265399009e-03 +9.9989815189247333e-01 +9.9998705960468348e-01 +9.9999205029275451e-01 +9.9999062746506828e-01 +9.9998490309151378e-01 +1.8761871171002049e-05 +3.1126951456153244e-05 +3.4165028005795954e-05 +3.6125559118241049e-05 +2.7028245103929329e-05
199.00000000 +5.0000000000000000e+00 +1.9999286594964041e+00 +1.8464342450942130e-03 +9.9997523046440207e-01 +1.0000149085124279e+00 +1.0000124053357775e+00 +1.0000064740413048e+00 +1.0000061717556383e+00 +9.2655386175727894e-06 +4.4709324078118914e-06 -2.0487938544550516e-06 -8.3360199249801867e-06 -1.8541770666021956e-05
199.50000000 +5.0000000000000000e+00 +1.9999395981613737e+00 +1.9580385397312914e-03 +9.9970509813942954e-01 +9.9996875600150237e-01 +9.9996836090773000e-01 +9.9997057076617901e-01 +9.9997735415354927e-01 +7.4390356085447096e-05 +7.7086292990282061e-05 +8.9055089736936652e-05 +9.6451665639707540e-05 +7.2876629650874583e-05
200.00000000 +5.0000000000000000e+00 +1.9999777403387331e+00 +1.9637921168741083e-03 +9.9969293451700336e-01 +1.0000048304881042e+00 +9.9999896848053471e-01 +9.9999709712227847e-01 +9.9999706521832732e-01 +3.4911796887257148e-05 +4.8258848355373599e-05 +6.2607008783265028e-05 +7.9558366833123149e-05 +8.3768155909716644e-05
