#PATCH_CHECK: SepMBpoisson v0.61 exact-bernoulli stratified-backward active
#discretizing the bath:
#     0 0.0000000000000000e+00 -6.3189999999999946e-01
#     1 2.2607766610417560e-03 -2.2417086527149543e-01
#     2 2.2607766610417560e-03 -2.1077726050896750e-01
#     3 2.2607766610417560e-03 -1.9699062734664569e-01
#     4 2.2607766610417560e-03 -1.8282186663610583e-01
#     5 2.2607766610417560e-03 -1.6828101938023768e-01
#     6 2.2607766610417560e-03 -1.5337737418184183e-01
#     7 2.2607766610417560e-03 -1.3811955678082924e-01
#     8 2.2607766610417560e-03 -1.2251560534593817e-01
#     9 2.2607766610417560e-03 -1.0657303430939952e-01
#sampling: jump_strength=5.6519416526043913e-03 jump_probability=5.6201767415836358e-03 log_scale=5.6360293591304232e-03 back_replicas=12 stratify_forward=1
#adaptive measurement: gap=1.4540847255868156e-02 period_steps=865 nmeas=142 nwf=400 tmax=2.0000000000000000e+02 forced_stride=0
  0.00000000 +5.0000000000000000e+00 +1.9999999999999998e+00 +1.8374661879283106e-03 +1.0000000000000000e+00 +1.0000000000000000e+00 +1.0000000000000000e+00 +1.0000000000000000e+00 +1.0000000000000000e+00 +0.0000000000000000e+00 +0.0000000000000000e+00 +0.0000000000000000e+00 +0.0000000000000000e+00 +0.0000000000000000e+00
  0.50000000 +5.0000000000000000e+00 +1.9999999999717610e+00 +1.8400107788461983e-03 +9.9999353989708428e-01 +9.9999999999678457e-01 +9.9999999999678457e-01 +9.9999999999678457e-01 +9.9999999999678457e-01 +1.2579147079132016e-06 +1.2664410163717183e-06 +1.3295356989647443e-06 +1.2908831006194673e-06 +1.3153251848672158e-06
  1.00000000 +5.0000000000000000e+00 +1.9999999991797432e+00 +1.8470691490779549e-03 +9.9997561027698634e-01 +9.9999999999568701e-01 +9.9999999999374856e-01 +9.9999999999633316e-01 +9.9999999999697919e-01 +4.7870583602778768e-06 +4.9122222668861644e-06 +4.9183860519094183e-06 +4.8555711019782526e-06 +4.9165228808526016e-06
  1.50000000 +5.0000000000000000e+00 +2.0000000015365131e+00 +1.8573210742833567e-03 +9.9994953621472127e-01 +9.9999999995119504e-01 +9.9999999995267153e-01 +9.9999999992873123e-01 +9.9999999993443578e-01 +9.9849051208487726e-06 +1.0141746909873367e-05 +1.0103461076038421e-05 +1.0139737963745976e-05 +1.0094213286165607e-05
  2.00000000 +5.0000000000000000e+00 +2.0000000012549140e+00 +1.8687227574121950e-03 +9.9992047455453514e-01 +9.9999999974619558e-01 +9.9999999978163567e-01 +9.9999999972215514e-01 +9.9999999974889742e-01 +1.5980574530115661e-05 +1.6012084151914033e-05 +1.5797032335565088e-05 +1.5932839553588179e-05 +1.5803869802840119e-05
  2.50000000 +5.0000000000000000e+00 +2.0000000077154363e+00 +1.8790205786857965e-03 +9.9989412518295195e-01 +9.9999999939301287e-01 +9.9999999937171036e-01 +9.9999999929481731e-01 +9.9999999930526362e-01 +2.1578470764901646e-05 +2.1435297243030110e-05 +2.1147080786860013e-05 +2.0963620085586196e-05 +2.0753018998576393e-05
  3.00000000 +5.0000000000000000e+00 +1.9999999735371869e+00 +1.8862797609237498e-03 +9.9987539609120746e-01 +9.9999999869663581e-01 +9.9999999873680390e-01 +9.9999999860119515e-01 +9.9999999863833189e-01 +2.5888573053506002e-05 +2.5344700251498026e-05 +2.4858839469424311e-05 +2.4494626544774978e-05 +2.4022475458277792e-05
  3.50000000 +5.0000000000000000e+00 +1.9999999412274345e+00 +1.8890925928832271e-03 +9.9986789365525575e-01 +9.9999999775537574e-01 +9.9999999783384774e-01 +9.9999999770505366e-01 +9.9999999760323777e-01 +2.7853090700145385e-05 +2.7166261874940102e-05 +2.6359708024382615e-05 +2.5852965130140530e-05 +2.4883358557358299e-05
  4.00000000 +5.0000000000000000e+00 +1.9999999157160147e+00 +1.8866660660791254e-03 +9.9987368687151312e-01 +9.9999999642797088e-01 +9.9999999653720750e-01 +9.9999999661699912e-01 +9.9999999624545699e-01 +2.7372310708920264e-05 +2.6221637048784979e-05 +2.5443616070243045e-05 +2.4250517456555648e-05 +2.3039140175534091e-05
  4.50000000 +5.0000000000000000e+00 +1.9999999199312777e+00 +1.8801876145851160e-03 +9.9988984790546898e-01 +9.9999999485493740e-01 +9.9999999515330384e-01 +9.9999999517938654e-01 +9.9999999493481295e-01 +2.4864844368521690e-05 +2.3253806109071664e-05 +2.1844991747892237e-05 +2.0738243683430090e-05 +1.9470067074134243e-05
  5.00000000 +5.0000000000000000e+00 +1.9999999071254000e+00 +1.8699394035745205e-03 +9.9991573062259187e-01 +9.9999999348557478e-01 +9.9999999358679481e-01 +9.9999999421671570e-01 +9.9999999329353662e-01 +1.9843381384042355e-05 +1.8164063068157387e-05 +1.6813046989397568e-05 +1.5426162725708157e-05 +1.4048041557262760e-05
  5.50000000 +5.0000000000000000e+00 +1.9999998142347430e+00 +1.8593597263640768e-03 +9.9994267603662212e-01 +9.9999999215316382e-01 +9.9999999229637893e-01 +9.9999999315790156e-01 +9.9999999211090806e-01 +1.4409967424385120e-05 +1.2510694479928442e-05 +1.1472033623696085e-05 +1.0291670294001033e-05 +8.6698445023269855e-06
  6.00000000 +5.0000000000000000e+00 +1.9999998474661831e+00 +1.8488421911934513e-03 +9.9996972221891256e-01 +9.9999999074816115e-01 +9.9999999063804468e-01 +9.9999999208078183e-01 +9.9999999105641979e-01 +8.3936976132277650e-06 +7.0148508061023097e-06 +5.9357113613204925e-06 +5.0572372137090816e-06 +3.9117041488959825e-06
  6.50000000 +5.0000000000000000e+00 +2.0000000839422274e+00 +1.8412955943716218e-03 +9.9998943982706401e-01 +9.9999999047077348e-01 +9.9999999012207075e-01 +9.9999999188221933e-01 +9.9999999076255341e-01 +3.9027860479996692e-06 +2.6612426954570636e-06 +1.8268558064264326e-06 +1.5846515975454514e-06 +6.2130211657205083e-07
  7.00000000 +5.0000000000000000e+00 +2.0000001788941657e+00 +1.8386000545851555e-03 +9.9999698169829909e-01 +9.9999998954659008e-01 +9.9999998896159603e-01 +9.9999999152015129e-01 +9.9999999004382301e-01 +7.9467173094320119e-07 +7.1561561375773965e-07 +8.0367277752467705e-07 -9.7162413116828458e-08 +8.4143604451147237e-07
  7.50000000 +5.0000000000000000e+00 +2.0000002979089175e+00 +1.8402046628012126e-03 +9.9999362330156760e-01 +9.9999999009807727e-01 +9.9999998975775362e-01 +9.9999999050514754e-01 +9.9999999153017172e-01 +3.7483218898142359e-07 +6.4904378208403578e-07 +1.1256823696091139e-06 +1.6955663150740627e-06 +2.5697006953939603e-06
  8.00000000 +5.0000000000000000e+00 +2.0000002086571635e+00 +1.8470639158980184e-03 +9.9997677912768790e-01 +9.9999999065585354e-01 +9.9999999105383186e-01 +9.9999999127208727e-01 +9.9999999138542250e-01 +2.7300827838919607e-06 +3.6873647029293507e-06 +4.7304466353488568e-06 +5.5731684418197971e-06 +6.5354653889657757e-06
  8.50000000 +5.0000000000000000e+00 +2.0000003052598765e+00 +1.8561427790152901e-03 +9.9995404809208344e-01 +9.9999998965559489e-01 +9.9999999111761229e-01 +9.9999999060066580e-01 +9.9999998945631030e-01 +6.7274629157957449e-06 +7.9340962664229530e-06 +8.9568117147572655e-06 +1.1014105142324184e-05 +1.1358600499134801e-05
  9.00000000 +5.0000000000000000e+00 +2.0000002465931277e+00 +1.8667896541310586e-03 +9.9992697111653428e-01 +9.9999998891802366e-01 +9.9999998902354958e-01 +9.9999998950557023e-01 +9.9999999003888929e-01 +1.1487433278467409e-05 +1.3085546825969819e-05 +1.4780672522566527e-05 +1.5921406669509186e-05 +1.7796355322024394e-05
  9.50000000 +5.0000000000000000e+00 +2.0000002825497449e+00 +1.8769056455653116e-03 +9.9990086219710095e-01 +9.9999998877446250e-01 +9.9999998708874505e-01 +9.9999999002996098e-01 +9.9999998838459248e-01 +1.7408600999018811e-05 +1.8927579422462396e-05 +1.9654510348661215e-05 +2.1487903967837321e-05 +2.1704890043188444e-05
 10.00000000 +5.0000000000000000e+00 +2.0000003864057709e+00 +1.8829295133515576e-03 +9.9988482552152069e-01 +9.9999998498461173e-01 +9.9999998640900345e-01 +9.9999998482930708e-01 +9.9999998711019900e-01 +2.2908496418001610e-05 +2.2002112911067412e-05 +2.2215316166436503e-05 +2.3420553739488683e-05 +2.4684648907845073e-05
 10.50000000 +5.0000000000000000e+00 +2.0000003006084603e+00 +1.8852709261719300e-03 +9.9987789301276009e-01 +9.9999998240517096e-01 +9.9999998113375799e-01 +9.9999998272483270e-01 +9.9999998141328483e-01 +2.5226196793342620e-05 +2.5222613944655382e-05 +2.4152778424784336e-05 +2.4041781569522174e-05 +2.3535896003723396e-05
 11.00000000 +5.0000000000000000e+00 +2.0000002788262909e+00 +1.8843700243369695e-03 +9.9987918110473040e-01 +9.9999997949262065e-01 +9.9999998004574830e-01 +9.9999997869019608e-01 +9.9999998247354072e-01 +2.7263687150271294e-05 +2.6298153305632059e-05 +2.2824979234270734e-05 +2.3624492809711600e-05 +2.0886901089633593e-05
 11.50000000 +5.0000000000000000e+00 +2.0000001885214362e+00 +1.8784374757736505e-03 +9.9989338734142619e-01 +9.9999997649032446e-01 +9.9999997622060033e-01 +9.9999998114432642e-01 +9.9999997798253548e-01 +2.5664654025278573e-05 +2.3779133734339297e-05 +2.1787929550192505e-05 +1.8990510477905429e-05 +1.6478571235569091e-05
 12.00000000 +5.0000000000000000e+00 +2.0000003586864858e+00 +1.8715972738008347e-03 +9.9991029207746562e-01 +9.9999997031501420e-01 +9.9999997444789579e-01 +9.9999997550679687e-01 +9.9999997012807118e-01 +2.3586466986955362e-05 +1.9150965194281888e-05 +1.7855229592375687e-05 +1.6324663051179945e-05 +1.2900200051145578e-05
 12.50000000 +5.0000000000000000e+00 +2.0000003299292559e+00 +1.8614219055509763e-03 +9.9993612191816306e-01 +9.9999996496012233e-01 +9.9999996960617699e-01 +9.9999997576190547e-01 +9.9999996809606129e-01 +1.7851344297680930e-05 +1.5239118925495492e-05 +1.3817071705913637e-05 +9.6574232336700505e-06 +7.4347276931487650e-06
 13.00000000 +5.0000000000000000e+00 +2.0000002175413236e+00 +1.8514292033704881e-03 +9.9996195860598547e-01 +9.9999996622193665e-01 +9.9999997199900692e-01 +9.9999996061834018e-01 +9.9999996326274443e-01 +1.1587219905045217e-05 +1.0029842699193002e-05 +8.1190631243296258e-06 +5.5849161675678420e-06 +2.8581963426192892e-06
 13.50000000 +5.0000000000000000e+00 +2.0000003492004845e+00 +1.8440518147995000e-03 +9.9998154974107767e-01 +9.9999996797560908e-01 +9.9999996631011778e-01 +9.9999997230875548e-01 +9.9999996484699871e-01 +6.2532766140127631e-06 +4.5910366692032740e-06 +4.3947198366557534e-06 +1.2650786497130267e-06 +2.0746001753713607e-06
 14.00000000 +5.0000000000000000e+00 +2.0000003537848681e+00 +1.8422264561257192e-03 +9.9998730471237984e-01 +9.9999995607125303e-01 +9.9999996455317897e-01 +9.9999996726383711e-01 +9.9999996699085147e-01 +3.1119141034454405e-06 +3.0783595399867005e-06 +1.8988928032852974e-06 +1.6622556596631327e-06 +3.0890354470806082e-06
 14.50000000 +5.0000000000000000e+00 +2.0000003553614940e+00 +1.8437967031182986e-03 +9.9998462392251142e-01 +9.9999996599380259e-01 +9.9999996873610630e-01 +9.9999997410944230e-01 +9.9999995734725966e-01 +1.6429322023729244e-06 +8.7501338641925097e-07 +3.1880978362152067e-06 +4.7622409575226237e-06 +5.0416357984988624e-06
 15.00000000 +5.0000000000000000e+00 +2.0000008487237615e+00 +1.8497220110686382e-03 +9.9997069509393921e-01 +9.9999996495536436e-01 +9.9999997180850642e-01 +9.9999996715091988e-01 +9.9999997055732026e-01 +5.9873613538386928e-07 +3.7895896636869246e-06 +6.4200551290656390e-06 +9.1147028566316633e-06 +9.5072894974615651e-06
 15.50000000 +5.0000000000000000e+00 +2.0000006366874681e+00 +1.8564451373773545e-03 +9.9995427069887222e-01 +9.9999995939245301e-01 +9.9999995861344271e-01 +9.9999997194402324e-01 +9.9999996376200240e-01 +4.6393953221724277e-06 +6.5292411680242950e-06 +1.0601521783989982e-05 +1.0585185118514553e-05 +1.3520349054796237e-05
 16.00000000 +5.0000000000000000e+00 +2.0000011038333034e+00 +1.8635175528993199e-03 +9.9993647675633546e-01 +9.9999996699478122e-01 +9.9999996281911474e-01 +9.9999996482353393e-01 +9.9999997388793394e-01 +8.0591742950702490e-06 +1.1272106215614302e-05 +1.1357323409999131e-05 +1.3623397097080124e-05 +1.9342678863977282e-05
 16.50000000 +5.0000000000000000e+00 +2.0000006861569899e+00 +1.8734801882396509e-03 +9.9991056488531960e-01 +9.9999996556882886e-01 +9.9999995459503144e-01 +9.9999996747104092e-01 +9.9999995718919210e-01 +1.4869266738086547e-05 +1.8601899840659207e-05 +1.7286968238778122e-05 +1.9244797177125602e-05 +1.9587361970255406e-05
 17.00000000 +5.0000000000000000e+00 +2.0000012243493352e+00 +1.8781931501543000e-03 +9.9989756262002083e-01 +9.9999995474192271e-01 +9.9999998163315917e-01 +9.9999995146282961e-01 +9.9999996565870186e-01 +1.8733822555486148e-05 +2.2044632717501613e-05 +2.0950361487850583e-05 +1.8997432401909520e-05 +2.1857699010900541e-05
 17.50000000 +5.0000000000000000e+00 +2.0000010100580914e+00 +1.8816840069229611e-03 +9.9988745669058676e-01 +9.9999995653705021e-01 +9.9999995904932792e-01 +9.9999994489402755e-01 +9.9999995478435433e-01 +2.1138800048144772e-05 +2.2766686330525563e-05 +2.3396131881340424e-05 +2.2463776095872679e-05 +2.2962631632739630e-05
 18.00000000 +5.0000000000000000e+00 +2.0000009068279962e+00 +1.8835915255659159e-03 +9.9988122188637163e-01 +9.9999995264571073e-01 +9.9999995108288875e-01 +9.9999996153264314e-01 +9.9999995045449652e-01 +2.8034536139320666e-05 +2.2871516537876665e-05 +2.4635471256484885e-05 +2.3764870764791775e-05 +1.9655985676572065e-05
 18.50000000 +5.0000000000000000e+00 +2.0000011439186784e+00 +1.8761662071539564e-03 +9.9989879165133855e-01 +9.9999995520299989e-01 +9.9999994482474652e-01 +9.9999994344523635e-01 +9.9999993336997928e-01 +2.4157408305058423e-05 +2.4035662359285640e-05 +1.8782052064903073e-05 +1.9016652028701602e-05 +1.5439750601327074e-05
 19.00000000 +5.0000000000000000e+00 +2.0000011509733318e+00 +1.8714943240720869e-03 +9.9990994980366066e-01 +9.9999993686016830e-01 +9.9999995665396813e-01 +9.9999995427192667e-01 +9.9999995093557492e-01 +2.2210269851154300e-05 +2.1960049520625156e-05 +1.6855877438741145e-05 +1.5290703288026521e-05 +1.3934546103368531e-05
 19.50000000 +5.0000000000000000e+00 +2.0000008566061762e+00 +1.8626400309460203e-03 +9.9993218509967652e-01 +9.9999995020843646e-01 +9.9999993162070766e-01 +9.9999995529052699e-01 +9.9999993727272007e-01 +2.0373659331445624e-05 +1.7581942456428251e-05 +1.4721609944523154e-05 +1.1535791602637924e-05 +3.8275304432514762e-06
 20.00000000 +5.0000000000000000e+00 +2.0000011535963060e+00 +1.8563149848135933e-03 +9.9994886743363087e-01 +9.9999992714666763e-01 +9.9999992687682260e-01 +9.9999992536850502e-01 +9.9999994319440688e-01 +1.5988058102517274e-05 +1.0614112579175193e-05 +1.1364926212877247e-05 +9.0920988138723783e-06 +4.3507454472918214e-06
 20.50000000 +5.0000000000000000e+00 +2.0000004590626976e+00 +1.8502549360677909e-03 +9.9996523061106357e-01 +9.9999994096968825e-01 +9.9999992639879831e-01 +9.9999994325113628e-01 +9.9999992828299999e-01 +1.3475054405697467e-05 +7.6108818724678109e-06 +4.7850048546510261e-06 +5.1408275698660128e-06 +4.0187355319226870e-06
 21.00000000 +5.0000000000000000e+00 +2.0000007318014918e+00 +1.8440426778071003e-03 +9.9998248591544958e-01 +9.9999991595038085e-01 +9.9999992501352974e-01 +9.9999997319672740e-01 +9.9999992326498321e-01 +5.8447751086113133e-06 +5.6846873789715948e-06 +1.3690159585742244e-06 +2.1097466979152345e-06 +2.7684646485310366e-06
 21.50000000 +5.0000000000000000e+00 +2.0000004806987386e+00 +1.8472773727624529e-03 +9.9997561238856469e-01 +9.9999991899123375e-01 +9.9999993083878924e-01 +9.9999993037498003e-01 +9.9999988783228666e-01 +6.0651093570205487e-06 +4.9671306029573964e-06 +2.5303334416408039e-06 +4.2066991958557324e-06 +6.9502477279855762e-06
 22.00000000 +5.0000000000000000e+00 +2.0000004143455961e+00 +1.8509061786017346e-03 +9.9996760205912161e-01 +9.9999994895382927e-01 +9.9999994332919107e-01 +9.9999994655310087e-01 +9.9999992225172563e-01 +4.0161532290112387e-06 +5.4457686044495437e-06 +3.6919290568530207e-06 +4.7366743209970966e-06 +1.4746376605026919e-05
 22.50000000 +5.0000000000000000e+00 +2.0000008097513993e+00 +1.8552710485930013e-03 +9.9995730356112278e-01 +9.9999992666580628e-01 +9.9999993922883035e-01 +9.9999992853325248e-01 +9.9999992912064750e-01 +4.8237286130031643e-07 +5.3355079414505782e-06 +8.2414989085131144e-06 +1.3836360226451855e-05 +1.5077177343778981e-05
 23.00000000 +5.0000000000000000e+00 +2.0000005143760808e+00 +1.8629065064519018e-03 +9.9993823256876613e-01 +9.9999994308771534e-01 +9.9999994839552131e-01 +9.9999992802781756e-01 +9.9999993274016108e-01 +7.7201964391009584e-06 +9.7613568271429813e-06 +1.2767309438107048e-05 +1.2586086665243163e-05 +1.9180153269991164e-05
 23.50000000 +5.0000000000000000e+00 +2.0000011922429581e+00 +1.8699784653399636e-03 +9.9991997777926123e-01 +9.9999991937651533e-01 +9.9999994032876449e-01 +9.9999994058814023e-01 +9.9999991782439068e-01 +1.2137971623278610e-05 +1.5473589110924467e-05 +1.4478981071980939e-05 +1.8821727886812312e-05 +1.9391845735575638e-05
 24.00000000 +5.0000000000000000e+00 +2.0000011022752746e+00 +1.8751614490428745e-03 +9.9990553086573797e-01 +9.9999995318651014e-01 +9.9999994414547122e-01 +9.9999993582506919e-01 +9.9999992141558769e-01 +1.5651422433124830e-05 +1.8050418929879788e-05 +1.9530979928315275e-05 +2.2986650776981125e-05 +1.8495027842996614e-05
 24.50000000 +5.0000000000000000e+00 +2.0000008637138094e+00 +1.8785657224548520e-03 +9.9989582319924253e-01 +9.9999997210360481e-01 +9.9999991713175584e-01 +9.9999991921182996e-01 +9.9999987056525319e-01 +1.9063041173733158e-05 +2.0753684185167762e-05 +2.5389623779822436e-05 +1.8796142877376238e-05 +2.0495270245101311e-05
 25.00000000 +5.0000000000000000e+00 +2.0000008776574880e+00 +1.8750864590661987e-03 +9.9990317568377551e-01 +9.9999995011879850e-01 +9.9999997798558327e-01 +9.9999994598783370e-01 +9.9999988753535018e-01 +2.0503353395426082e-05 +2.1187198103954901e-05 +1.9430511327668658e-05 +1.9052590104739246e-05 +1.6889089901765906e-05
 25.50000000 +5.0000000000000000e+00 +2.0000012980121191e+00 +1.8740490574746219e-03 +9.9990453029096493e-01 +9.9999993653378338e-01 +9.9999989984276494e-01 +9.9999990825953422e-01 +9.9999988955702135e-01 +2.3335766506320115e-05 +2.3469478006770239e-05 +1.9163675432063523e-05 +1.7356640218744861e-05 +1.2509904954215181e-05
 26.00000000 +5.0000000000000000e+00 +2.0000006673662094e+00 +1.8720730567435839e-03 +9.9990833841179017e-01 +9.9999989693132785e-01 +9.9999995617630344e-01 +9.9999999007015483e-01 +9.9999987048722794e-01 +2.0937168776361993e-05 +2.1187816513044412e-05 +2.0024555844033744e-05 +1.7315504893679815e-05 +1.2482801161434945e-05
 26.50000000 +5.0000000000000000e+00 +1.9999999552708718e+00 +1.8636930198464568e-03 +9.9992955575263776e-01 +9.9999996695163673e-01 +9.9999992184712849e-01 +9.9999989377833931e-01 +9.9999986766093152e-01 +2.2048470533721053e-05 +1.5436701555654234e-05 +1.6128303558185050e-05 +1.2653224208237011e-05 +4.5272867877250402e-06
 27.00000000 +5.0000000000000000e+00 +1.9999996284398407e+00 +1.8547616340078179e-03 +9.9995257231440682e-01 +9.9999988396867789e-01 +9.9999988057520794e-01 +9.9999986459453438e-01 +9.9999992288620132e-01 +1.3965612058899044e-05 +1.4182952253777469e-05 +1.1246684863391555e-05 +6.4797488639478484e-06 +2.0007253953130897e-06
 27.50000000 +5.0000000000000000e+00 +2.0000006756865756e+00 +1.8526585669175468e-03 +9.9995879374604790e-01 +9.9999989492683894e-01 +9.9999986251152728e-01 +9.9999986298312904e-01 +9.9999986881995917e-01 +1.1545034860062782e-05 +1.0233956476917839e-05 +8.2516412488513304e-06 +2.1420786882772542e-06 +9.5442626279349790e-06
 28.00000000 +5.0000000000000000e+00 +2.0000006504504215e+00 +1.8561721837190917e-03 +9.9995094462265122e-01 +9.9999994248461743e-01 +9.9999989868899675e-01 +9.9999990532028171e-01 +9.9999993311678959e-01 +1.3688527884861186e-05 +8.8237050790747797e-06 +5.8041304535642149e-06 +9.0612606238765452e-06 +1.1998104496568898e-05
 28.50000000 +5.0000000000000000e+00 +2.0000009137749148e+00 +1.8497633466228183e-03 +9.9996880919873121e-01 +9.9999992448338848e-01 +9.9999990870080824e-01 +9.9999984640195561e-01 +9.9999989649335719e-01 +9.4698569353689463e-06 +1.0828451875434068e-05 +1.7705115150712835e-06 +2.4800347027968474e-06 +7.0658800141884175e-06
 29.00000000 +5.0000000000000000e+00 +2.0000006378728714e+00 +1.8597360409932737e-03 +9.9994461733245177e-01 +9.9999988053395661e-01 +9.9999983660594094e-01 +9.9999991050939507e-01 +9.9999982339171878e-01 +6.3270189489533037e-06 +1.0371638949758670e-05 +1.2459441312931423e-05 +1.3309182994890451e-05 +1.3464394150119327e-05
 29.50000000 +5.0000000000000000e+00 +2.0000002009410784e+00 +1.8591993864886221e-03 +9.9994706450964210e-01 +9.9999989031620096e-01 +9.9999991635201868e-01 +9.9999988575260745e-01 +9.9999983541615534e-01 +7.4903298068330434e-06 +8.1745695773225693e-06 +1.4105031179203616e-05 +1.1247945695106459e-05 +1.2389817832036637e-05
 30.00000000 +5.0000000000000000e+00 +1.9999997925734467e+00 +1.8626040973301647e-03 +9.9993874230536972e-01 +9.9999988459611810e-01 +9.9999990387924254e-01 +9.9999979845444653e-01 +9.9999990087834789e-01 +6.7542446714620120e-06 +1.1696195182971130e-05 +1.4039979748563048e-05 +1.5406413650657206e-05 +1.3873006830671632e-05
 30.50000000 +5.0000000000000000e+00 +1.9999997567267436e+00 +1.8643081163427751e-03 +9.9993403653798363e-01 +9.9999992603712373e-01 +9.9999997547207742e-01 +9.9999983573036244e-01 +9.9999997863616363e-01 +5.5476194049672995e-06 +1.0766680098267872e-05 +1.3954886238552805e-05 +1.7111942664782739e-05 +1.8866373878466119e-05
 31.00000000 +5.0000000000000000e+00 +1.9999994276422719e+00 +1.8690640393406717e-03 +9.9992108068618413e-01 +9.9999992590146602e-01 +9.9999990078273737e-01 +9.9999988821809449e-01 +9.9999988256335692e-01 +1.5899034864219376e-05 +1.0471023432469942e-05 +1.6357630348446928e-05 +1.7869719972618736e-05 +1.8724501960756685e-05
 31.50000000 +5.0000000000000000e+00 +1.9999993394170668e+00 +1.8748375602358296e-03 +9.9990571071109713e-01 +9.9999989784376464e-01 +9.9999988724636890e-01 +9.9999987844973315e-01 +9.9999990123267679e-01 +1.6708207269716523e-05 +2.3136524962649889e-05 +1.9600829258250459e-05 +1.7198199585584442e-05 +1.8080800509353960e-05
 32.00000000 +5.0000000000000000e+00 +2.0000006720539134e+00 +1.8737436494659951e-03 +9.9990731974989633e-01 +9.9999999167428755e-01 +9.9999996685284664e-01 +9.9999987387182299e-01 +9.9999984691115507e-01 +2.2530493902778637e-05 +2.0862431362808033e-05 +1.7945860395891132e-05 +1.5267772662320848e-05 +1.6394415021001875e-05
 32.50000000 +5.0000000000000000e+00 +2.0000000241134122e+00 +1.8681346876223725e-03 +9.9991991862644103e-01 +9.9999994659844749e-01 +9.9999992006597949e-01 +9.9999987160668491e-01 +9.9999984881943704e-01 +2.2108990379430344e-05 +1.6602109761694221e-05 +1.8639567535337454e-05 +8.3434863926141103e-06 +1.4800047719530805e-05
 33.00000000 +5.0000000000000000e+00 +1.9999995632777559e+00 +1.8698883320912780e-03 +9.9991467461929140e-01 +9.9999991990633186e-01 +9.9999989414561141e-01 +9.9999992179780628e-01 +9.9999988515205174e-01 +1.6393064878274045e-05 +2.4303177076149528e-05 +1.6289177852513342e-05 +1.4603316941046669e-05 +1.4115608699369090e-05
 33.50000000 +5.0000000000000000e+00 +2.0000004563143219e+00 +1.8650960746943778e-03 +9.9992696151826566e-01 +9.9999986398867402e-01 +9.9999981802249538e-01 +9.9999995058974289e-01 +9.9999983957839522e-01 +2.3483876279425004e-05 +1.8174504220772525e-05 +1.8953800001618095e-05 +5.0169690855265250e-06 +7.9371984447232601e-06
 34.00000000 +5.0000000000000000e+00 +2.0000023499732262e+00 +1.8628231884246886e-03 +9.9993281014923074e-01 +9.9999983552086702e-01 +9.9999987323972361e-01 +9.9999975158037224e-01 +9.9999981238732449e-01 +1.4014046556871731e-05 +2.2552376257287923e-05 +1.5939864961951138e-05 +9.3951401822986040e-06 +6.0157422697262907e-06
 34.50000000 +5.0000000000000000e+00 +2.0000020447240390e+00 +1.8593065680285576e-03 +9.9994250740016277e-01 +9.9999995413230169e-01 +9.9999991728857851e-01 +9.9999983298673312e-01 +9.9999990096707447e-01 +1.9997932379573832e-05 +1.3561793221071248e-05 +1.1125547839478705e-05 +5.9980905082427894e-06 +7.2038124637960004e-06
 35.00000000 +5.0000000000000000e+00 +2.0000016863770589e+00 +1.8603412044514418e-03 +9.9994029772925641e-01 +9.9999982962211598e-01 +9.9999980678413503e-01 +9.9999985168450156e-01 +9.9999983001096204e-01 +1.8708954452330387e-05 +1.4558199018053787e-05 +4.6835622934057566e-06 +1.0642397362349397e-05 +1.1791062248765024e-05
 35.50000000 +5.0000000000000000e+00 +2.0000011785981768e+00 +1.8594781653002062e-03 +9.9994376428109699e-01 +9.9999989796509259e-01 +9.9999993056822856e-01 +9.9999992048100117e-01 +9.9999985421371385e-01 +1.1816127041585444e-05 +9.9006067622447742e-06 +9.0418876735136859e-06 +1.2158570008692241e-05 +1.3715271048798772e-05
 36.00000000 +5.0000000000000000e+00 +2.0000032941147787e+00 +1.8577178001935120e-03 +9.9994984289384992e-01 +9.9999995978081013e-01 +9.9999991050422354e-01 +9.9999988806774254e-01 +9.9999982515753882e-01 +1.6059605345061211e-05 +1.0214048784056051e-05 +4.9154587228402378e-06 +9.7239603510623622e-06 +9.6605370132814847e-06
 36.50000000 +5.0000000000000000e+00 +2.0000021266359473e+00 +1.8586335941185082e-03 +9.9994829220606707e-01 +9.9999983220452204e-01 +9.9999986736790059e-01 +9.9999993033065415e-01 +9.9999975771441418e-01 +5.4437482595546481e-06 +1.0444247510746116e-05 +8.7528576936798340e-06 +1.7188269998846626e-05 +1.0491070774682379e-05
 37.00000000 +5.0000000000000000e+00 +2.0000004256724151e+00 +1.8647240790421920e-03 +9.9993188480759032e-01 +9.9999987925419098e-01 +9.9999991535560750e-01 +9.9999985766345056e-01 +9.9999982242127716e-01 +1.6768357010488757e-05 +7.9025087426570408e-06 +1.0079464910963278e-05 +1.6252789334560739e-05 +1.7637345091805616e-05
 37.50000000 +5.0000000000000000e+00 +2.0000012549879589e+00 +1.8648127934045211e-03 +9.9993227159496434e-01 +1.0000000910810887e+00 +9.9999988179262400e-01 +9.9999976706643090e-01 +9.9999977275193508e-01 +1.2033389353728859e-05 +1.4123807247397200e-05 +1.5514171927729714e-05 +8.5262606913187934e-06 +1.8018080488388011e-05
 38.00000000 +5.0000000000000000e+00 +2.0000020428346863e+00 +1.8701341997969089e-03 +9.9991887224421938e-01 +9.9999995995607904e-01 +9.9999994769515477e-01 +9.9999973798938990e-01 +9.9999991565659763e-01 +1.4985725380022588e-05 +1.2209249787096534e-05 +1.5525010044161732e-05 +2.0976844316748932e-05 +1.7869599071707576e-05
 38.50000000 +5.0000000000000000e+00 +2.0000005758900534e+00 +1.8661757019522911e-03 +9.9992680695086011e-01 +1.0000000138468090e+00 +9.9999990816642870e-01 +9.9999990412286655e-01 +9.9999984542678655e-01 +1.5915371876690858e-05 +9.4317699783721297e-06 +1.8883270731790385e-05 +1.2275481725217198e-05 +1.7015633855686612e-05
 39.00000000 +5.0000000000000000e+00 +2.0000017770493943e+00 +1.8723567635433433e-03 +9.9991105790894530e-01 +9.9999993329714065e-01 +9.9999987433683357e-01 +9.9999991198349703e-01 +9.9999980051764403e-01 +1.6000501115281299e-05 +1.4493720869014555e-05 +1.6422073225596339e-05 +1.9711124572821623e-05 +2.2794475228236116e-05
 39.50000000 +5.0000000000000000e+00 +2.0000028548381605e+00 +1.8614894350498584e-03 +9.9993800822557755e-01 +9.9999993787633856e-01 +9.9999993745284377e-01 +9.9999984056561242e-01 +9.9999980424372092e-01 +1.6064552802342829e-05 +1.2550517027586932e-05 +1.0765771510457936e-05 +1.2389163495738559e-05 +1.0701598831318838e-05
 40.00000000 +5.0000000000000000e+00 +2.0000026110687461e+00 +1.8643050019257115e-03 +9.9993025092649324e-01 +9.9999991648295117e-01 +9.9999978218313113e-01 +9.9999993634128703e-01 +9.9999962969185441e-01 +1.6061696255210883e-05 +2.1639361822837493e-05 +1.0809949093984362e-05 +8.8102582312218828e-06 +1.3163141512334910e-05
 40.50000000 +5.0000000000000000e+00 +2.0000011728495974e+00 +1.8697414286148522e-03 +9.9991546238259443e-01 +9.9999997210025160e-01 +9.9999990261914395e-01 +9.9999985107679967e-01 +9.9999981294974760e-01 +1.6240298906887689e-05 +2.1061109113842667e-05 +2.2008379473973410e-05 +1.1033493732579964e-05 +1.4655589541093983e-05
 41.00000000 +5.0000000000000000e+00 +2.0000036041867810e+00 +1.8632067602544120e-03 +9.9993273185299947e-01 +9.9999990124373839e-01 +9.9999982133602483e-01 +9.9999987211445684e-01 +9.9999973396894404e-01 +2.0902812883819177e-05 +1.6871744490417382e-05 +1.5541053485509457e-05 +1.2680591600057727e-05 +1.9432126876951255e-06
 41.50000000 +5.0000000000000000e+00 +2.0000006333576636e+00 +1.8620665148513468e-03 +9.9993546165056835e-01 +9.9999990638157898e-01 +9.9999979414318374e-01 +1.0000000173577297e+00 +9.9999981248297209e-01 +1.4160135702993469e-05 +1.3378543638482451e-05 +1.4688879085463725e-05 +1.2579990542917534e-05 +1.0200378562819264e-05
 42.00000000 +5.0000000000000000e+00 +2.0000016473113993e+00 +1.8599641240370579e-03 +9.9994164613438286e-01 +9.9999996448229433e-01 +9.9999992548945060e-01 +9.9999989329239458e-01 +9.9999994992126173e-01 +2.3207848263064811e-05 +5.8960982074109060e-06 +1.8861970115809444e-06 +1.2103895882705803e-05 +1.5526671669059550e-05
 42.50000000 +5.0000000000000000e+00 +1.9999993258600901e+00 +1.8559406309816891e-03 +9.9995227972488276e-01 +9.9999996204664643e-01 +9.9999990792134752e-01 +9.9999986912527628e-01 +9.9999973647591900e-01 +9.5643869212663704e-06 +1.3733392811606354e-05 +6.0617906511222194e-06 +1.5048856991336898e-05 +3.8362684283720307e-06
 43.00000000 +5.0000000000000000e+00 +1.9999995800372916e+00 +1.8618022120049909e-03 +9.9993812457126752e-01 +9.9999963629764876e-01 +9.9999997372674276e-01 +9.9999985084126253e-01 +9.9999973365956873e-01 +1.1665040077162508e-05 +1.7293151753809885e-05 +1.2119688747400738e-05 +1.0595799666658564e-05 +1.1007207867043067e-05
 43.50000000 +5.0000000000000000e+00 +1.9999991039214169e+00 +1.8637618360707780e-03 +9.9993404883478354e-01 +1.0000000043549655e+00 +9.9999976077121522e-01 +9.9999975296289723e-01 +9.9999982804415866e-01 +6.5347679352342122e-06 +2.4125569805871730e-05 +9.6124095594199209e-06 +1.2310133804034681e-05 +1.4022084054519578e-05
 44.00000000 +5.0000000000000000e+00 +2.0000008305928336e+00 +1.8625460191696425e-03 +9.9993858490644372e-01 +9.9999976918809830e-01 +9.9999976148114089e-01 +9.9999990706407804e-01 +9.9999961084341349e-01 +9.2361071525444474e-06 +1.2358361997533424e-05 +7.9233508841623681e-06 +1.6818986607230701e-05 +1.6029710520646766e-05
 44.50000000 +5.0000000000000000e+00 +1.9999997262437046e+00 +1.8638004570490686e-03 +9.9993392629730027e-01 +9.9999995516614615e-01 +9.9999987505709576e-01 +9.9999993345002947e-01 +9.9999992902249535e-01 +5.3982893234661518e-06 +2.4496961943279240e-05 +1.0843557986831839e-05 +9.5608999795563688e-06 +1.6081327917142886e-05
 45.00000000 +5.0000000000000000e+00 +1.9999999854830162e+00 +1.8632682267609565e-03 +9.9993567613121204e-01 +9.9999983962892669e-01 +9.9999998335124274e-01 +9.9999955545633479e-01 +9.9999991282686196e-01 +1.2933396686997818e-05 +2.0014623207731245e-05 +7.6782619927082051e-06 +1.1645101412727440e-05 +1.2761194105366383e-05
 45.50000000 +5.0000000000000000e+00 +1.9999987033791948e+00 +1.8678637977551516e-03 +9.9992232076869669e-01 +9.9999991695957136e-01 +9.9999986566576671e-01 +9.9999991058848825e-01 +9.9999992690900585e-01 +9.6067337630982410e-06 +5.4388205167227535e-06 +1.5357767589112645e-05 +2.5639934094775839e-05 +2.2015828440372280e-05
 46.00000000 +5.0000000000000000e+00 +1.9999996350508376e+00 +1.8685760650421772e-03 +9.9992036747398394e-01 +9.9999968409779327e-01 +9.9999999340636925e-01 +9.9999978263797962e-01 +9.9999966181920519e-01 +2.2075756432532149e-05 +1.5001957095634635e-05 +1.5806277025643836e-05 +1.0229297254818297e-05 +1.7397264812247027e-05
 46.50000000 +5.0000000000000000e+00 +1.9999982616028082e+00 +1.8629717474697544e-03 +9.9993462657718002e-01 +9.9999975166230037e-01 +9.9999987079357699e-01 +9.9999956551717661e-01 +9.9999954845570604e-01 +2.3800360105444740e-05 +1.2377381393597982e-05 +1.0563483318511288e-05 +1.2667574755566643e-05 +7.2281917164175361e-06
 47.00000000 +5.0000000000000000e+00 +2.0000016468481898e+00 +1.8656846840784222e-03 +9.9992686597334157e-01 +9.9999999837486320e-01 +9.9999992517500469e-01 +9.9999986930721252e-01 +9.9999983472021214e-01 +2.2575724479193301e-05 +1.6951239809497514e-05 +1.1829535992864148e-05 +1.0631651383423583e-05 +1.1518341513104541e-05
 47.50000000 +5.0000000000000000e+00 +2.0000011155440509e+00 +1.8554458451118211e-03 +9.9995300489500094e-01 +9.9999957370983072e-01 +9.9999981133171612e-01 +9.9999966781323346e-01 +9.9999991559453316e-01 +8.8578909792123994e-06 +1.7081719240201090e-05 +1.8123113322360951e-05 -3.0672507347996432e-06 +7.0312099890210270e-06
 48.00000000 +5.0000000000000000e+00 +1.9999996698226084e+00 +1.8711133361667641e-03 +9.9991242852655904e-01 +9.9999979099417824e-01 +9.9999996331268259e-01 +1.0000000032980774e+00 +9.9999965582331862e-01 +1.9063512503209444e-05 +1.5517585526772627e-05 +1.8059570625312363e-05 +1.1288437452690196e-05 +2.4228943311588312e-05
 48.50000000 +5.0000000000000000e+00 +1.9999980850851171e+00 +1.8653183630713342e-03 +9.9992852600095772e-01 +9.9999989304123216e-01 +9.9999983939161174e-01 +9.9999963846731821e-01 +9.9999949362555329e-01 +1.9811809981554634e-05 +1.2656010241245759e-05 +1.6401161767784936e-05 +1.3125938148857090e-05 +1.0614607182386210e-05
 49.00000000 +5.0000000000000000e+00 +1.9999983615817261e+00 +1.8659652802001255e-03 +9.9992635274242525e-01 +9.9999950877513410e-01 +1.0000001037088633e+00 +1.0000000985475352e+00 +9.9999990241707393e-01 +2.0363015166422359e-05 +1.9573709239381367e-05 +1.9043704598911897e-05 +3.9592663048500883e-06 +1.1094117470410434e-05
 49.50000000 +5.0000000000000000e+00 +1.9999975563463930e+00 +1.8640105410560068e-03 +9.9993147042437214e-01 +9.9999996388226575e-01 +9.9999964978562050e-01 +9.9999959148121420e-01 +9.9999985453669804e-01 +1.2067164123114814e-05 +1.6883805670399865e-05 +6.3152642729200966e-06 +1.8403951555311400e-05 +1.5799749700168427e-05
 50.00000000 +5.0000000000000000e+00 +1.9999983079612662e+00 +1.8602264145455042e-03 +9.9994213519413633e-01 +9.9999989960378499e-01 +9.9999982759059514e-01 +9.9999996814841885e-01 +9.9999960423127132e-01 +1.0811133199640850e-05 +1.0541417745989135e-05 +6.5340678661770764e-06 +7.4880027626793236e-06 +2.3190623302534684e-05
 50.50000000 +5.0000000000000000e+00 +1.9999984464864433e+00 +1.8614653263087893e-03 +9.9993904827092794e-01 +9.9999994153266103e-01 +9.9999968131555306e-01 +9.9999976634510035e-01 +9.9999982822154454e-01 +2.0952384717894076e-05 +1.2522597128195112e-05 +8.2508132375321140e-06 +3.1677023251984010e-06 +1.6840806249555022e-05
 51.00000000 +5.0000000000000000e+00 +1.9999986247143067e+00 +1.8545624405494209e-03 +9.9995733952257559e-01 +9.9999999137666251e-01 +9.9999994390612745e-01 +9.9999986721789802e-01 +9.9999962073610049e-01 +7.7586711852755770e-06 +1.1391617515172341e-05 +1.0937393926418781e-05 +1.8599804530361345e-07 +1.2963509463834754e-05
 51.50000000 +5.0000000000000000e+00 +1.9999986864242101e+00 +1.8649363003159828e-03 +9.9993100214915542e-01 +9.9999981409572170e-01 +1.0000001178887872e+00 +9.9999991146941902e-01 +9.9999991385492870e-01 +7.9006257894135143e-06 +2.2222310893549238e-05 +1.0793031149842710e-05 +1.3616959395757589e-05 +1.4707612079088373e-05
 52.00000000 +5.0000000000000000e+00 +1.9999967115150965e+00 +1.8592066140796820e-03 +9.9994422622743184e-01 +1.0000001706430559e+00 +9.9999964954048470e-01 +9.9999951380146102e-01 +9.9999922170556999e-01 +2.6224167117181076e-06 +5.0539244618299624e-06 +1.7011473482460843e-05 +1.2767650428214330e-05 +1.9762607227345251e-05
 52.50000000 +5.0000000000000000e+00 +1.9999971979048443e+00 +1.8564854505112088e-03 +9.9995141208463401e-01 +1.0000000367227555e+00 +1.0000000646922065e+00 +9.9999993164851275e-01 +9.9999943768167232e-01 +7.6410223837036537e-06 +1.5483787563222232e-05 +1.4531253350216798e-05 +3.5835006632650540e-06 +7.8775688707113092e-06
 53.00000000 +5.0000000000000000e+00 +1.9999961140432776e+00 +1.8674033255494994e-03 +9.9992427643369541e-01 +9.9999983127495906e-01 +1.0000002173313771e+00 +9.9999950581149855e-01 +1.0000002063628302e+00 +2.1126107506088949e-05 +1.0768039257606197e-05 +1.3648697635819148e-05 +2.2569222715662468e-05 +7.8506939048540438e-06
 53.50000000 +5.0000000000000000e+00 +1.9999942493923910e+00 +1.8610304196306133e-03 +9.9993767586352700e-01 +1.0000000111991605e+00 +9.9999990489998869e-01 +9.9999969599720751e-01 +9.9999952154473948e-01 +6.4808211743601040e-06 +1.9867455391556856e-05 +1.4924067818039433e-05 +1.8904527129819877e-05 +3.0136195458681701e-06
 54.00000000 +5.0000000000000000e+00 +1.9999991144451863e+00 +1.8678301053382449e-03 +9.9992283388256453e-01 +9.9999989923797894e-01 +9.9999965319131090e-01 +9.9999942272135867e-01 +9.9999994450537100e-01 +1.4552777606422841e-05 +2.1284803133812206e-05 +1.5094936170847627e-05 +1.7853078503657622e-05 +9.4608087097199613e-06
 54.50000000 +5.0000000000000000e+00 +1.9999962393356203e+00 +1.8631705615203833e-03 +9.9993437196199386e-01 +1.0000000276334309e+00 +9.9999986222727821e-01 +9.9999956830159709e-01 +9.9999961448472674e-01 +2.1466972698937612e-05 +1.5240930045894988e-05 +7.7048016497458014e-06 +1.1095711650564969e-05 +1.1046930382575293e-05
 55.00000000 +5.0000000000000000e+00 +1.9999964041575278e+00 +1.8621648590993174e-03 +9.9993697557008965e-01 +1.0000000665458104e+00 +9.9999984705476253e-01 +9.9999955721514144e-01 +9.9999972404294935e-01 +2.0886663766020849e-05 +1.1957817635620949e-05 +8.1060885862942043e-06 +1.1317926005744171e-05 +1.1561032800766863e-05
 55.50000000 +5.0000000000000000e+00 +1.9999965689827492e+00 +1.8611591364598322e-03 +9.9993957923052834e-01 +1.0000001054589724e+00 +9.9999983188194219e-01 +9.9999954612846320e-01 +9.9999983360337463e-01 +2.0306343166701417e-05 +8.6746392223798368e-06 +8.5073835902265873e-06 +1.1540144828271715e-05 +1.2075145554359956e-05
 56.00000000 +5.0000000000000000e+00 +1.9999967338112836e+00 +1.8601533936013169e-03 +9.9994218294331028e-01 +1.0000001443729161e+00 +9.9999981670881621e-01 +9.9999953504156158e-01 +9.9999994316600216e-01 +1.9726010900627491e-05 +5.3913948041812565e-06 +8.9086866617862250e-06 +1.1762368118282305e-05 +1.2589268643666229e-05
 56.50000000 +5.0000000000000000e+00 +1.9999968986431325e+00 +1.8591476305231641e-03 +9.9994478670843812e-01 +1.0000001832876426e+00 +9.9999980153538559e-01 +9.9999952395443759e-01 +1.0000000527308326e+00 +1.9145666967447269e-05 +2.1080843790347567e-06 +9.3099978012164175e-06 +1.1984595875910682e-05 +1.3103402068997387e-05
 57.00000000 +5.0000000000000000e+00 +1.9999970634782951e+00 +1.8581418472247619e-03 +9.9994739052591342e-01 +1.0000002222031517e+00 +9.9999978636165010e-01 +9.9999951286709066e-01 +1.0000001622978660e+00 +1.8565311366808892e-05 -1.1752920550502160e-06 +9.7113170087604564e-06 +1.2206828101291564e-05 +1.3617545830665121e-05
 57.50000000 +5.0000000000000000e+00 +1.9999972283167708e+00 +1.8571360437055011e-03 +9.9994999439573662e-01 +1.0000002611194427e+00 +9.9999977118760897e-01 +9.9999950177952035e-01 +1.0000002718671017e+00 +1.7984944098360510e-05 -4.4587345000642783e-06 +1.0112644284661650e-05 +1.2429064794559679e-05 +1.4131699928981135e-05
 58.00000000 +5.0000000000000000e+00 +1.9999974780669452e+00 +1.8573650357634386e-03 +9.9994944288068743e-01 +1.0000001592987431e+00 +9.9999980768103480e-01 +9.9999962927546182e-01 +1.0000000605234127e+00 +1.6507906430758241e-05 -1.4825344272573452e-06 +1.0981989226501348e-05 +1.2384137087215899e-05 +1.2508813530291280e-05
 58.50000000 +5.0000000000000000e+00 +1.9999977278239713e+00 +1.8575940341038241e-03 +9.9994889135050702e-01 +1.0000000574752501e+00 +9.9999984417546195e-01 +9.9999975677490116e-01 +9.9999984917392515e-01 +1.5030828240301321e-05 +1.4937472982559535e-06 +1.1851358019011541e-05 +1.2339208147270546e-05 +1.0885882607354623e-05
 59.00000000 +5.0000000000000000e+00 +1.9999979775878498e+00 +1.8578230387269151e-03 +9.9994833980519515e-01 +9.9999995564896360e-01 +9.9999988067089018e-01 +9.9999988427783826e-01 +9.9999963781863932e-01 +1.3553709525322094e-05 +4.4701106798359056e-06 +1.2720750663173765e-05 +1.2294277974672892e-05 +9.2629071583388384e-06
 59.50000000 +5.0000000000000000e+00 +1.9999982273585812e+00 +1.8580520496329720e-03 +9.9994778824475150e-01 +9.9999985381988354e-01 +9.9999991716731984e-01 +1.0000000117842740e+00 +9.9999942645755480e-01 +1.2076550284152822e-05 +7.4465557208429793e-06 +1.3590167159969613e-05 +1.2249346569372209e-05 +7.6398871814115050e-06
 60.00000000 +5.0000000000000000e+00 +1.9999984771361650e+00 +1.8582810668222515e-03 +9.9994723666917484e-01 +9.9999975198800950e-01 +9.9999995366475081e-01 +1.0000001392942075e+00 +9.9999921509067136e-01 +1.0599350515125661e-05 +1.0423082424637833e-05 +1.4459607510380728e-05 +1.2204413931317767e-05 +6.0168226747400904e-06
 60.50000000 +5.0000000000000000e+00 +1.9999987269206019e+00 +1.8585100902950129e-03 +9.9994668507846451e-01 +9.9999965015334147e-01 +9.9999999016318308e-01 +1.0000002668076398e+00 +9.9999900371798844e-01 +9.1221102165726867e-06 +1.3399690794581302e-05 +1.5329071715388804e-05 +1.2159480060458830e-05 +4.3937136364919752e-06
 61.00000000 +5.0000000000000000e+00 +1.9999983680297126e+00 +1.8599369993252037e-03 +9.9994302791717904e-01 +9.9999979730203825e-01 +1.0000000164968310e+00 +1.0000002430573764e+00 +9.9999900237343764e-01 +7.0178597713307808e-06 +1.3781340082436258e-05 +1.4554142931623515e-05 +1.4458469717852089e-05 +8.1010342102262173e-06
 61.50000000 +5.0000000000000000e+00 +1.9999980091584544e+00 +1.8613638303061721e-03 +9.9993937095593322e-01 +9.9999994444268614e-01 +1.0000000428290383e+00 +1.0000002193084123e+00 +9.9999900102896033e-01 +4.9137244246044424e-06 +1.4162968494797709e-05 +1.3779256534995593e-05 +1.6757333624863564e-05 +1.1808152000543812e-05
 62.00000000 +5.0000000000000000e+00 +1.9999976503068244e+00 +1.8627905832443216e-03 +9.9993571419471095e-01 +1.0000000915752860e+00 +1.0000000691598054e+00 +1.0000001955607469e+00 +9.9999899968455663e-01 +2.8097041669504201e-06 +1.4544576033378386e-05 +1.3004412522027390e-05 +1.9056071791810420e-05 +1.5515067024082115e-05
 62.50000000 +5.0000000000000000e+00 +1.9999972914748225e+00 +1.8642172581460549e-03 +9.9993205763349546e-01 +1.0000002386998383e+00 +1.0000000954891326e+00 +1.0000001718143803e+00 +9.9999899834022621e-01 +7.0579898892650350e-07 +1.4926162699890828e-05 +1.2229610889241642e-05 +2.1354684229008720e-05 +1.9221779297476638e-05
 63.00000000 +5.0000000000000000e+00 +1.9999969326624460e+00 +1.8656438550177742e-03 +9.9992840127227067e-01 +1.0000003858163440e+00 +1.0000001218170196e+00 +1.0000001480693128e+00 +9.9999899699596961e-01 -1.3979911189084940e-06 +1.5307728496047389e-05 +1.1454851633161453e-05 +2.3653170946773388e-05 +2.2928288837361107e-05
 63.50000000 +5.0000000000000000e+00 +1.9999965738696941e+00 +1.8670703738658809e-03 +9.9992474511102003e-01 +1.0000005329248036e+00 +1.0000001481434666e+00 +1.0000001243255439e+00 +9.9999899565178640e-01 -3.5016661659947176e-06 +1.5689273423560233e-05 +1.0680134750310320e-05 +2.5951531955418211e-05 +2.6634595660367401e-05
 64.00000000 +5.0000000000000000e+00 +1.9999965650509421e+00 +1.8664962097263323e-03 +9.9992623516605361e-01 +1.0000003561285857e+00 +1.0000001609403850e+00 +1.0000000670596443e+00 +9.9999911758008830e-01 -3.3653264798386230e-06 +1.6830557925274085e-05 +1.3729878816643250e-05 +2.2478752685302195e-05 +2.4389287247726293e-05
 64.50000000 +5.0000000000000000e+00 +1.9999965562323849e+00 +1.8659220582928067e-03 +9.9992772518811213e-01 +1.0000001793362800e+00 +1.0000001737370199e+00 +1.0000000097950112e+00 +9.9999923950569147e-01 -3.2289898108254484e-06 +1.7971817170816733e-05 +1.6779555393355370e-05 +1.9006050266407451e-05 +2.2144028522865551e-05
 65.00000000 +5.0000000000000000e+00 +1.9999965474140229e+00 +1.8653479195648831e-03 +9.9992921517719791e-01 +1.0000000025478866e+00 +1.0000001865333714e+00 +9.9999995253164575e-01 +9.9999936142859647e-01 -3.0926561588550430e-06 +1.9113051161026531e-05 +1.9829164482686934e-05 +1.5533424696182981e-05 +1.9898819484135845e-05
 65.50000000 +5.0000000000000000e+00 +1.9999965385958560e+00 +1.8647737935421399e-03 +9.9993070513331161e-01 +9.9999982576340574e-01 +1.0000001993294403e+00 +9.9999989526954758e-01 +9.9999948334880395e-01 -2.9563255238272618e-06 +2.0254259896741809e-05 +2.2878706086878104e-05 +1.2060875972077907e-05 +1.7653660129887912e-05
 66.00000000 +5.0000000000000000e+00 +1.9999965297778841e+00 +1.8641996802241545e-03 +9.9993219505645392e-01 +9.9999964898283655e-01 +1.0000002121252256e+00 +9.9999983800871628e-01 +9.9999960526631271e-01 -2.8199979056419595e-06 +2.1395443378800838e-05 +2.5928180208168917e-05 +8.5884040915414391e-06 +1.5408550458472558e-05
 66.50000000 +5.0000000000000000e+00 +1.9999965209601080e+00 +1.8636255796105063e-03 +9.9993368494662660e-01 +9.9999947220617957e-01 +1.0000002249207280e+00 +9.9999978074915241e-01 +9.9999972718112429e-01 -2.6836733041990015e-06 +2.2536601608041859e-05 +2.8977586848799350e-05 +5.1160090520229233e-06 +1.3163490468240667e-05
 67.00000000 +5.0000000000000000e+00 +1.9999962998249743e+00 +1.8620403862810620e-03 +9.9993741821707549e-01 +9.9999964594181123e-01 +1.0000001345813778e+00 +9.9999965292734627e-01 +9.9999973226012806e-01 +6.4625885554205484e-08 +2.0950960977695654e-05 +2.4405789581038177e-05 +6.5135743687287185e-06 +1.1481139303474513e-05
 67.50000000 +5.0000000000000000e+00 +1.9999960786812685e+00 +1.8604551315033807e-03 +9.9994115163224073e-01 +9.9999981968417784e-01 +1.0000000442385257e+00 +9.9999952510058532e-01 +9.9999973733932879e-01 +2.8130316100346772e-06 +1.9365258881773672e-05 +1.9833815092697515e-05 +7.9111938604822674e-06 +9.7987229242574798e-06
 68.00000000 +5.0000000000000000e+00 +1.9999958575289898e+00 +1.8588698152738896e-03 +9.9994488519212987e-01 +9.9999999343327906e-01 +9.9999995389217156e-01 +9.9999939726886899e-01 +9.9999974241872613e-01 +5.5615438754370826e-06 +1.7779495316701880e-05 +1.5261663373472512e-05 +9.3088675304336865e-06 +8.1162413267975515e-06
 68.50000000 +5.0000000000000000e+00 +1.9999956363681388e+00 +1.8572844375890161e-03 +9.9994861889675235e-01 +1.0000001671891163e+00 +9.9999986354231518e-01 +9.9999926943219763e-01 +9.9999974749832077e-01 +8.3101626879565699e-06 +1.6193670278905976e-05 +1.0689334413057562e-05 +1.0706595381733333e-05 +6.4336945073024132e-06
 69.00000000 +5.0000000000000000e+00 +1.9999954151987138e+00 +1.8556989984451855e-03 +9.9995235274611594e-01 +1.0000003409516891e+00 +9.9999977318895616e-01 +9.9999914159057035e-01 +9.9999975257811213e-01 +1.1058888053788773e-05 +1.4607783764811355e-05 +6.1168282011462069e-06 +1.2104377417531806e-05 +4.7510824619794529e-06
 69.50000000 +5.0000000000000000e+00 +1.9999951940207150e+00 +1.8541134978388245e-03 +9.9995608674022918e-01 +1.0000005147209980e+00 +9.9999968283209439e-01 +9.9999901374398703e-01 +9.9999975765810045e-01 +1.3807719979129791e-05 +1.3021835770843161e-05 +1.5441447274312292e-06 +1.3502213640979951e-05 +3.0684051870357694e-06
 70.00000000 +5.0000000000000000e+00 +1.9999945860956694e+00 +1.8563934916952854e-03 +9.9995005733597331e-01 +1.0000004119121613e+00 +9.9999958740898121e-01 +9.9999918097948381e-01 +9.9999972575335816e-01 +1.4983424673117924e-05 +1.3027370063558230e-05 +5.6174415327852538e-06 +1.3545470634172498e-05 +3.8629134274939341e-06
 70.50000000 +5.0000000000000000e+00 +1.9999939782615459e+00 +1.8586731445534835e-03 +9.9994402883348144e-01 +1.0000003091187006e+00 +9.9999949200013949e-01 +9.9999934818996872e-01 +9.9999969385338772e-01 +1.6158953527483724e-05 +1.3032903528558698e-05 +9.6901291316135565e-06 +1.3588721157803956e-05 +4.6573028404696048e-06
 71.00000000 +5.0000000000000000e+00 +1.9999933705183237e+00 +1.8609524564899126e-03 +9.9993800123255128e-01 +1.0000002063406128e+00 +9.9999939660556625e-01 +9.9999951537544740e-01 +9.9999966195818801e-01 +1.7334306581672383e-05 +1.3038436166030247e-05 +1.3762207660576268e-05 +1.3631965213325599e-05 +5.4515734526187333e-06
 71.50000000 +5.0000000000000000e+00 +1.9999927628659824e+00 +1.8632314275810443e-03 +9.9993197453298055e-01 +1.0000001035778943e+00 +9.9999930122525815e-01 +9.9999968253592530e-01 +9.9999963006775772e-01 +1.8509483875117280e-05 +1.3043967976158489e-05 +1.7833677256292639e-05 +1.3675202802188280e-05 +6.2457252905892972e-06
 72.00000000 +5.0000000000000000e+00 +1.9999921553045021e+00 +1.8655100579033272e-03 +9.9992594873456697e-01 +1.0000000008305416e+00 +9.9999920585921176e-01 +9.9999984967140820e-01 +9.9999959818209594e-01 +1.9684485447240020e-05 +1.3049498959128995e-05 +2.1904538055341068e-05 +1.3718433925842413e-05 +7.0397583810213050e-06
 72.50000000 +5.0000000000000000e+00 +1.9999915478338626e+00 +1.8677883475331878e-03 +9.9991992383710904e-01 +9.9999989809855139e-01 +9.9999911050742463e-01 +1.0000000167819016e+00 +9.9999956630120179e-01 +2.0859311337450413e-05 +1.3055029115127279e-05 +2.5974790194259116e-05 +1.3761658585737983e-05 +7.8336727505468018e-06
 73.00000000 +5.0000000000000000e+00 +1.9999922545924378e+00 +1.8675147829311197e-03 +9.9992125707455859e-01 +9.9999992686805583e-01 +9.9999914815354651e-01 +1.0000001474720464e+00 +9.9999973929809738e-01 +2.0485430333513860e-05 +1.3796817165280580e-05 +2.5413372133361349e-05 +1.4356589504049521e-05 +5.7289106899017483e-06
 73.50000000 +5.0000000000000000e+00 +1.9999929612897722e+00 +1.8672412420336689e-03 +9.9992259019648189e-01 +9.9999995563506749e-01 +9.9999918579640656e-01 +1.0000002781508663e+00 +9.9999991228000285e-01 +2.0111581726699608e-05 +1.4538540938838057e-05 +2.4852002719839048e-05 +1.4951468871066621e-05 +3.6243310087655895e-06
 74.00000000 +5.0000000000000000e+00 +1.9999936679258730e+00 +1.8669677248377534e-03 +9.9992392320289414e-01 +9.9999998439958648e-01 +9.9999922343600500e-01 +1.0000004088183638e+00 +1.0000000852469200e+00 +1.9737765512796972e-05 +1.5280200444153777e-05 +2.4290681947369481e-05 +1.5546296693489445e-05 +1.5199336834343260e-06
 74.50000000 +5.0000000000000000e+00 +1.9999943745007482e+00 +1.8666942313402930e-03 +9.9992525609381011e-01 +1.0000000131616131e+00 +9.9999926107234194e-01 +1.0000005394745395e+00 +1.0000002581988501e+00 +1.9363981687596004e-05 +1.6021795689580367e-05 +2.3729409809631003e-05 +1.6141072978016984e-05 -5.8428130979192416e-07
 75.00000000 +5.0000000000000000e+00 +1.9999950810144060e+00 +1.8664207615382083e-03 +9.9992658886924513e-01 +1.0000000419211483e+00 +9.9999929870541837e-01 +1.0000006701193953e+00 +1.0000004311357962e+00 +1.8990230246887497e-05 +1.6763326683469015e-05 +2.3168186300303078e-05 +1.6735797731347083e-05 -2.6883139946089433e-06
 75.50000000 +5.0000000000000000e+00 +1.9999957874668550e+00 +1.8661473154284202e-03 +9.9992792152921361e-01 +1.0000000706781915e+00 +9.9999933633523430e-01 +1.0000008007529324e+00 +1.0000006040577598e+00 +1.8616511186462954e-05 +1.7504793434169444e-05 +2.2607011413066258e-05 +1.7330470960176418e-05 -4.7921643947084014e-06
 76.00000000 +5.0000000000000000e+00 +1.9999969105894986e+00 +1.8661066837457464e-03 +9.9992824560089111e-01 +1.0000002786294278e+00 +9.9999947219448304e-01 +1.0000007147021077e+00 +1.0000002971428326e+00 +2.2101595846411217e-05 +1.3295710570824017e-05 +2.0911101947769969e-05 +2.0463095008370661e-05 -5.7797929046054445e-06
 76.50000000 +5.0000000000000000e+00 +1.9999980335573690e+00 +1.8660660576623788e-03 +9.9992856962790944e-01 +1.0000004865520074e+00 +9.9999960803500954e-01 +1.0000006286631415e+00 +9.9999999027020048e-01 +2.5586200239421986e-05 +9.0872077459952193e-06 +1.9215426189635674e-05 +2.3595287360952101e-05 -6.7672853129824054e-06
 77.00000000 +5.0000000000000000e+00 +1.9999991563704977e+00 +1.8660254371771592e-03 +9.9992889361027792e-01 +1.0000006944459356e+00 +9.9999974385681756e-01 +1.0000005426360312e+00 +9.9999968343985446e-01 +2.9070324464764187e-05 +4.8792848397917808e-06 +1.7519984090357190e-05 +2.6727048107150205e-05 -7.7546416479708338e-06
 77.50000000 +5.0000000000000000e+00 +2.0000002790289173e+00 +1.8659848222889307e-03 +9.9992921754800590e-01 +1.0000009023112189e+00 +9.9999987965991133e-01 +1.0000004566207743e+00 +9.9999937665178573e-01 +3.2553968621679418e-05 +6.7194173235548644e-07 +1.5824775601641641e-05 +2.9858377336169856e-05 -8.7418619376945276e-06
 78.00000000 +5.0000000000000000e+00 +2.0000014015326588e+00 +1.8659442129965369e-03 +9.9992954144110235e-01 +1.0000011101478627e+00 +1.0000000154442941e+00 +1.0000003706173686e+00 +9.9999906990598564e-01 +3.6037132809381908e-05 -3.5348216961388625e-06 +1.4129800675209471e-05 +3.2989275137191363e-05 -9.7289462102695359e-06
 78.50000000 +5.0000000000000000e+00 +2.0000025238817551e+00 +1.8659036092988207e-03 +9.9992986528957639e-01 +1.0000013179558733e+00 +1.0000001512099703e+00 +1.0000002846258111e+00 +9.9999876320244552e-01 +3.9519817127058554e-05 -7.7410055654834388e-06 +1.2435059262794418e-05 +3.6119741599370445e-05 -1.0715894493804161e-05
 79.00000000 +5.0000000000000000e+00 +2.0000023525817174e+00 +1.8651654475289000e-03 +9.9993173653135436e-01 +1.0000013888220944e+00 +1.0000000455363629e+00 +1.0000002711425777e+00 +9.9999856915837937e-01 +3.3816260317190549e-05 -3.8245504860925332e-06 +1.2463672389387874e-05 +3.2900938345383877e-05 -7.3675095647785856e-06
 79.50000000 +5.0000000000000000e+00 +2.0000021812774063e+00 +1.8644272673420976e-03 +9.9993360781981944e-01 +1.0000014596900837e+00 +9.9999993986011948e-01 +1.0000002576590081e+00 +9.9999837510947232e-01 +2.8112561205541973e-05 +9.2002307505479915e-08 +1.2492286229869001e-05 +2.9682054783363275e-05 -4.0190410947007599e-06
 80.00000000 +5.0000000000000000e+00 +2.0000020099688207e+00 +1.8636890687377238e-03 +9.9993547915497305e-01 +1.0000015305598413e+00 +9.9999983418123928e-01 +1.0000002441751021e+00 +9.9999818105572380e-01 +2.2408719786787173e-05 +4.0086528189675530e-06 +1.2520900784264512e-05 +2.6463090910303124e-05 -6.7048908044415905e-07
 80.50000000 +5.0000000000000000e+00 +2.0000018386559599e+00 +1.8629508517150881e-03 +9.9993735053681665e-01 +1.0000016014313666e+00 +9.9999972849972196e-01 +1.0000002306908593e+00 +9.9999798699713305e-01 +1.6704736055600237e-05 +7.9254010519508106e-06 +1.2549516052601118e-05 +2.3244046723197729e-05 +2.6781464811178873e-06
 81.00000000 +5.0000000000000000e+00 +2.0000016673388266e+00 +1.8622126162735036e-03 +9.9993922196535290e-01 +1.0000016723046607e+00 +9.9999962281556820e-01 +1.0000002172062807e+00 +9.9999779293370095e-01 +1.1000610006655016e-05 +1.1842247010112581e-05 +1.2578132034905555e-05 +2.0024922219041293e-05 +6.0268655931122190e-06
 81.50000000 +5.0000000000000000e+00 +2.0000014960174175e+00 +1.8614743624122787e-03 +9.9994109344058257e-01 +1.0000017431797228e+00 +9.9999951712877733e-01 +1.0000002037213653e+00 +9.9999759886542650e-01 +5.2963416346250684e-06 +1.5759190697110344e-05 +1.2606748731204529e-05 +1.6805717394827821e-05 +9.3756682586658116e-06
 82.00000000 +5.0000000000000000e+00 +2.0000017247051867e+00 +1.8599419600729768e-03 +9.9994404342585275e-01 +1.0000015435855774e+00 +9.9999972749560728e-01 +1.0000003439508760e+00 +9.9999791119004622e-01 +3.8742638981158686e-06 +1.3322202130445816e-05 +9.7868787895360044e-06 +2.0039447422133437e-05 +9.4075627092127269e-06
 82.50000000 +5.0000000000000000e+00 +2.0000019533734119e+00 +1.8584096886903026e-03 +9.9994699315902225e-01 +1.0000013440084892e+00 +9.9999993784445951e-01 +1.0000004841684031e+00 +9.9999822348797518e-01 +2.4523076900721879e-06 +1.0885421824886429e-05 +6.9672498293962532e-06 +2.3272901100096091e-05 +9.4394544341114302e-06
 83.00000000 +5.0000000000000000e+00 +2.0000021820220977e+00 +1.8568775482474705e-03 +9.9994994264012327e-01 +1.0000011444484562e+00 +1.0000001481753367e+00 +1.0000006243739481e+00 +9.9999853575921704e-01 +1.0304729949162537e-06 +8.4488497537368338e-06 +4.1478618198957570e-06 +2.6506078464138832e-05 +9.4713434337113109e-06
 83.50000000 +5.0000000000000000e+00 +2.0000024106512440e+00 +1.8553455387276953e-03 +9.9995289186918723e-01 +1.0000009449054750e+00 +1.0000003584882402e+00 +1.0000007645675117e+00 +9.9999884800377437e-01 -3.9124020292704500e-07 +6.0124858903062472e-06 +1.3287147301502752e-06 +2.9738979549678620e-05 +9.5032297083616768e-06
 84.00000000 +5.0000000000000000e+00 +2.0000026392608552e+00 +1.8538136601141985e-03 +9.9995584084624767e-01 +1.0000007453795450e+00 +1.0000005687831739e+00 +1.0000009047490970e+00 +9.9999916022165181e-01 -1.8128319190301604e-06 +3.5763302079084458e-06 -1.4901914707191535e-06 +3.2971604392126414e-05 +9.5351132584117986e-06
 84.50000000 +5.0000000000000000e+00 +2.0000028678509327e+00 +1.8522819123902013e-03 +9.9995878957133610e-01 +1.0000005458706627e+00 +1.0000007790601386e+00 +1.0000010449187042e+00 +9.9999947241285192e-01 -3.2343021689628773e-06 +1.1403826798617703e-06 -4.3088568135862106e-06 +3.6203953026887075e-05 +9.5669940842108690e-06
 85.00000000 +5.0000000000000000e+00 +2.0000024743451794e+00 +1.8542718155681590e-03 +9.9995401072813328e-01 +1.0000005877867839e+00 +1.0000004220471574e+00 +1.0000011106951394e+00 +9.9999950281889016e-01 +7.1372357577749881e-08 +6.4858325498095382e-06 -4.0438387754389502e-08 +3.0191854856000033e-05 +7.6573042725440312e-06
 85.50000000 +5.0000000000000000e+00 +2.0000020808824175e+00 +1.8562615013506482e-03 +9.9994923240701561e-01 +1.0000006296983264e+00 +1.0000000650731802e+00 +1.0000011764643895e+00 +9.9999953322160684e-01 +3.3766857415894723e-06 +1.1830698433261159e-05 +4.2275137164803252e-06 +2.4180413502449392e-05 +5.7478230930950600e-06
 86.00000000 +5.0000000000000000e+00 +2.0000016874626376e+00 +1.8582509697732904e-03 +9.9994445460789749e-01 +1.0000006716052898e+00 +9.9999970813819927e-01 +1.0000012422264537e+00 +9.9999956362100184e-01 +6.6816380422508923e-06 +1.7174980425911547e-05 +8.4949995755316976e-06 +1.8169628858605768e-05 +3.8385505116764411e-06
 86.50000000 +5.0000000000000000e+00 +2.0000012940858345e+00 +1.8602402208717026e-03 +9.9993967733069344e-01 +1.0000007135076758e+00 +9.9999935124220940e-01 +1.0000013079813350e+00 +9.9999959401707650e-01 +9.9862293187276869e-06 +2.2518678623434716e-05 +1.2762019265796805e-05 +1.2159500816863366e-05 +1.9294864941081414e-06
 87.00000000 +5.0000000000000000e+00 +2.0000009007519997e+00 +1.8622292546814922e-03 +9.9993490057531786e-01 +1.0000007554054846e+00 +9.9999899438520357e-01 +1.0000013737290336e+00 +9.9999962440983092e-01 +1.3290459630172601e-05 +2.7861793121483782e-05 +1.7028572863656028e-05 +6.1500292696398459e-06 +2.0631006217582948e-08
 87.50000000 +5.0000000000000000e+00 +2.0000005074611278e+00 +1.8642180712382598e-03 +9.9993012434168538e-01 +1.0000007972987170e+00 +9.9999863756717577e-01 +1.0000014394695509e+00 +9.9999965479926545e-01 +1.6594329035725469e-05 +3.3204324015690956e-05 +2.1294660445473064e-05 +1.4121410937640033e-07 -1.8880159861603382e-06
 88.00000000 +5.0000000000000000e+00 +2.0000004622372898e+00 +1.8664929742882820e-03 +9.9992443441611112e-01 +1.0000005987320153e+00 +9.9999853138955708e-01 +1.0000012061993102e+00 +9.9999975972616495e-01 +1.9098282030495162e-05 +2.7533309031858601e-05 +2.1640178868130197e-05 +3.2076997340745905e-06 +3.9900626752570461e-06
 88.50000000 +5.0000000000000000e+00 +2.0000004170170738e+00 +1.8687676952309790e-03 +9.9991874494601973e-01 +1.0000004001812099e+00 +9.9999842522043858e-01 +1.0000009729477435e+00 +9.9999986464466550e-01 +2.1602034582355823e-05 +2.1862748016109111e-05 +2.1985669631834517e-05 +6.2739398847960581e-06 +9.8676707930224775e-06
 89.00000000 +5.0000000000000000e+00 +2.0000003718004762e+00 +1.8710422340882144e-03 +9.9991305593135482e-01 +1.0000002016462970e+00 +9.9999831905981806e-01 +1.0000007397148474e+00 +9.9999996955476711e-01 +2.4105586715374825e-05 +1.6192640913934026e-05 +2.2331132739907038e-05 +9.3399345910151229e-06 +1.5744808423634632e-05
 89.50000000 +5.0000000000000000e+00 +2.0000003265874975e+00 +1.8733165908818520e-03 +9.9990736737206243e-01 +1.0000000031272760e+00 +9.9999821290769519e-01 +1.0000005065006206e+00 +1.0000000744564712e+00 +2.6608938453615718e-05 +1.0522987670833657e-05 +2.2676568195668282e-05 +1.2405683882201393e-05 +2.1621475623583146e-05
 90.00000000 +5.0000000000000000e+00 +2.0000002813781381e+00 +1.8755907656337499e-03 +9.9990167926808793e-01 +9.9999980462414462e-01 +9.9999810676406875e-01 +1.0000002733050604e+00 +1.0000001793497793e+00 +2.9112089821138200e-05 +4.8537882323170094e-06 +2.3021976002438223e-05 +1.5471187787819760e-05 +2.7497672449348627e-05
 90.50000000 +5.0000000000000000e+00 +2.0000002361723976e+00 +1.8778647583657642e-03 +9.9989599161937681e-01 +9.9999960613690120e-01 +9.9999800062893818e-01 +1.0000000401281646e+00 +1.0000002842346918e+00 +3.1615040841998113e-05 -8.1495745609817405e-07 +2.3367356163536311e-05 +1.8536446337330394e-05 +3.3373398957402610e-05
 91.00000000 +5.0000000000000000e+00 +2.0000016218998438e+00 +1.8766869262591430e-03 +9.9989954641211065e-01 +9.9999954025824056e-01 +9.9999805765461636e-01 +9.9999997350143810e-01 +1.0000001397852261e+00 +3.0873468162903959e-05 -3.3825010572973975e-07 +2.4740784942701664e-05 +1.8746426701829909e-05 +2.8719989100845157e-05
 91.50000000 +5.0000000000000000e+00 +2.0000030077435511e+00 +1.8755089953340208e-03 +9.9990310150308703e-01 +9.9999947437405323e-01 +9.9999811468507893e-01 +9.9999990686912199e-01 +9.9999999532364126e-01 +3.0131833266877119e-05 +1.3849723973285941e-07 +2.6114328950661609e-05 +1.8956424683394580e-05 +2.4066188829570462e-05
 92.00000000 +5.0000000000000000e+00 +2.0000043937035339e+00 +1.8743309655779600e-03 +9.9990665689234326e-01 +9.9999940848433788e-01 +9.9999817172032657e-01 +9.9999984023121513e-01 +9.9999985084993570e-01 +2.9390136146087390e-05 +6.1528458532313528e-07 +2.7487988201918044e-05 +1.9166440284241566e-05 +1.9411998094443572e-05
 92.50000000 +5.0000000000000000e+00 +2.0000057797798059e+00 +1.8731528369785226e-03 +9.9991021257991675e-01 +9.9999934258909395e-01 +9.9999822876035993e-01 +9.9999977358771708e-01 +9.9999970636410818e-01 +2.8648376792703254e-05 +1.0921119360754439e-06 +2.8861762710975330e-05 +1.9376473506588413e-05 +1.4757416846321293e-05
 93.00000000 +5.0000000000000000e+00 +2.0000071659723817e+00 +1.8719746095232667e-03 +9.9991376856584469e-01 +9.9999927668832067e-01 +9.9999828580517902e-01 +9.9999970693862639e-01 +9.9999956186615657e-01 +2.7906555198891869e-05 +1.5689792970249863e-06 +3.0235652492340236e-05 +1.9586524352653011e-05 +1.0102445036052175e-05
 93.50000000 +5.0000000000000000e+00 +2.0000085522812783e+00 +1.8707962831997517e-03 +9.9991732485016560e-01 +9.9999921078201781e-01 +9.9999834285478539e-01 +9.9999964028394384e-01 +9.9999941735608033e-01 +2.7164671356819126e-05 +2.0458866732078094e-06 +3.1609657560522005e-05 +1.9796592824653670e-05 +5.4470826144765362e-06
 94.00000000 +5.0000000000000000e+00 +2.0000073104895684e+00 +1.8699246287412416e-03 +9.9991929359202392e-01 +9.9999895642708136e-01 +9.9999889488009119e-01 +9.9999960761415230e-01 +9.9999902704013000e-01 +2.9418829923465693e-05 +4.7942314486528756e-06 +2.9672394727389622e-05 +1.4744423647896540e-05 +5.5905787287355298e-06
 94.50000000 +5.0000000000000000e+00 +2.0000060686101229e+00 +1.8690529126979009e-03 +9.9992126247297952e-01 +9.9999870205417418e-01 +9.9999944694439957e-01 +9.9999957494205294e-01 +9.9999863669660316e-01 +3.1673147752734675e-05 +7.5427704023614739e-06 +2.7734995021206853e-05 +9.6918975212230180e-06 +5.7340849813972969e-06
 95.00000000 +5.0000000000000000e+00 +2.0000048266429320e+00 +1.8681811350632015e-03 +9.9992323149304652e-01 +9.9999844766329393e-01 +9.9999999904771375e-01 +9.9999954226764476e-01 +9.9999824632549594e-01 +3.3927624861505165e-05 +1.0291503554913186e-05 +2.5797458427467476e-05 +4.6390144068024984e-06 +5.8776013735363329e-06
 95.50000000 +5.0000000000000000e+00 +2.0000035845879869e+00 +1.8673092958306167e-03 +9.9992520065224100e-01 +9.9999819325443928e-01 +1.0000005511900387e+00 +9.9999950959092831e-01 +9.9999785592680646e-01 +3.6182261266658705e-05 +1.3040430926890511e-05 +2.3859784931663253e-05 -4.1422573320096259e-07 +6.0211279062272903e-06
 96.00000000 +5.0000000000000000e+00 +2.0000023424452769e+00 +1.8664373949936165e-03 +9.9992716995057607e-01 +9.9999793882760768e-01 +1.0000011033713778e+00 +9.9999947691190239e-01 +9.9999746550053092e-01 +3.8437056985079149e-05 +1.5789552538878842e-05 +2.1921974519283845e-05 -5.4678229366286735e-06 +6.1646645805449660e-06
 96.50000000 +5.0000000000000000e+00 +2.0000011002147939e+00 +1.8655654325456718e-03 +9.9992913938806760e-01 +9.9999768438279790e-01 +1.0000016555917359e+00 +9.9999944423056752e-01 +9.9999707504666691e-01 +4.0692012033652811e-05 +1.8538868411466500e-05 +1.9984027175816915e-05 -1.0521777241327271e-05 +6.3082113975643185e-06
 97.00000000 +5.0000000000000000e+00 +2.0000009727680954e+00 +1.8657907048437699e-03 +9.9992887095833571e-01 +9.9999796805398189e-01 +1.0000014841448590e+00 +9.9999982584637725e-01 +9.9999794696699418e-01 +3.9466414260716088e-05 +2.1267277113672319e-05 +1.9453013945843390e-05 -8.1569713285294169e-06 +1.8742820047021212e-06
 97.50000000 +5.0000000000000000e+00 +2.0000008453233766e+00 +1.8660159736420242e-03 +9.9992860253277382e-01 +9.9999825172075874e-01 +1.0000013127006457e+00 +1.0000002074562584e+00 +9.9999881887377506e-01 +3.8240835528740643e-05 +2.3995643427155180e-05 +1.8922008965723589e-05 -5.7922021554995509e-06 -2.5595785023642989e-06
 98.00000000 +5.0000000000000000e+00 +2.0000007178806385e+00 +1.8662412389405158e-03 +9.9992833411138249e-01 +9.9999853538312866e-01 +1.0000011412590959e+00 +1.0000005890602108e+00 +9.9999969076701045e-01 +3.7015275837282754e-05 +2.6723967352902905e-05 +1.8391012235265265e-05 -3.4274697213814896e-06 -6.9933701252402539e-06
 98.50000000 +5.0000000000000000e+00 +2.0000005904398801e+00 +1.8664665007393265e-03 +9.9992806569416126e-01 +9.9999881904109156e-01 +1.0000009698202095e+00 +1.0000009706582347e+00 +1.0000005626466999e+00 +3.5789735185898697e-05 +2.9452248891903281e-05 +1.7860023754276156e-05 -1.0627740253190817e-06 -1.1427092865530994e-05
 99.00000000 +5.0000000000000000e+00 +2.0000004630011006e+00 +1.8666917590385371e-03 +9.9992779728110959e-01 +9.9999910269464753e-01 +1.0000007983839863e+00 +1.0000013522503297e+00 +1.0000014345128441e+00 +3.4564213574144769e-05 +3.2180488045144073e-05 +1.7329043522564025e-05 +1.3018849335438024e-06 -1.5860746724841734e-05
 99.50000000 +5.0000000000000000e+00 +2.0000003355643021e+00 +1.8669170138382307e-03 +9.9992752887222858e-01 +9.9999938634379715e-01 +1.0000006269504269e+00 +1.0000017338364970e+00 +1.0000023063654435e+00 +3.3338711001577301e-05 +3.4908684813613021e-05 +1.6798071539936644e-05 +3.6665071560632603e-06 -2.0294331704777631e-05
100.00000000 +5.0000000000000000e+00 +2.0000004318599083e+00 +1.8715487772417022e-03 +9.9991567727266972e-01 +9.9999968277537932e-01 +1.0000005315072455e+00 +1.0000015535575837e+00 +1.0000018865177418e+00 +3.0195915265013188e-05 +3.2909195086339247e-05 +2.1236155385888040e-05 +7.1572163765448878e-06 -1.0830107198683949e-05
100.50000000 +5.0000000000000000e+00 +2.0000005281481226e+00 +1.8761801850806354e-03 +9.9990382658291777e-01 +9.9999997918420558e-01 +1.0000004360713912e+00 +1.0000013732925102e+00 +1.0000014667022705e+00 +2.7053360790063498e-05 +3.0909858853011643e-05 +2.5673898535413933e-05 +1.0647657627291114e-05 -1.3666092285394170e-06
101.00000000 +5.0000000000000000e+00 +2.0000006244289454e+00 +1.8808112373959716e-03 +9.9989197680286757e-01 +1.0000002755702786e+00 +1.0000003406428633e+00 +1.0000011930412740e+00 +1.0000010469190259e+00 +2.3911047548948040e-05 +2.8910676095956092e-05 +3.0111301027743955e-05 +1.4137830939157424e-05 +8.0961622893132578e-06
101.50000000 +5.0000000000000000e+00 +2.0000007207023773e+00 +1.8854419342286457e-03 +9.9988012793241388e-01 +1.0000005719336005e+00 +1.0000002452216599e+00 +1.0000010128038743e+00 +1.0000006271680040e+00 +2.0768975513890910e-05 +2.6911646797501151e-05 +3.4548362902101702e-05 +1.7627736342994563e-05 +1.7558207438518504e-05
102.00000000 +5.0000000000000000e+00 +2.0000008169684196e+00 +1.8900722756195875e-03 +9.9986827997145300e-01 +1.0000008682741746e+00 +1.0000001498077811e+00 +1.0000008325803091e+00 +1.0000002074492014e+00 +1.7627144657120473e-05 +2.4912770939978148e-05 +3.8985084197704785e-05 +2.1117373869648552e-05 +2.7019526302707941e-05
102.50000000 +5.0000000000000000e+00 +2.0000009132270731e+00 +1.8947022616097192e-03 +9.9985643291987936e-01 +1.0000011645920028e+00 +1.0000000544012257e+00 +1.0000006523705769e+00 +9.9999978776261400e-01 +1.4485554950869351e-05 +2.2914048505721085e-05 +4.3421464953764749e-05 +2.4606743549960668e-05 +3.6480118965500323e-05
103.00000000 +5.0000000000000000e+00 +2.0000027150253632e+00 +1.8909198774871344e-03 +9.9986568991183145e-01 +1.0000005292683174e+00 +9.9999945312110838e-01 +1.0000005651564701e+00 +1.0000003870075787e+00 +1.2685105177544796e-05 +2.4497154867079453e-05 +3.9171061746301616e-05 +2.4775128889376046e-05 +3.2247065050450552e-05
103.50000000 +5.0000000000000000e+00 +2.0000045167060558e+00 +1.8871377402288076e-03 +9.9987494629960860e-01 +9.9999989398609712e-01 +9.9999885188023452e-01 +1.0000004779480551e+00 +1.0000009862134323e+00 +1.0884772913887050e-05 +2.6080157904088636e-05 +3.4920935949223449e-05 +2.4943503238812456e-05 +2.8014287413452257e-05
104.00000000 +5.0000000000000000e+00 +2.0000063182691625e+00 +1.8833558498105726e-03 +9.9988420208327078e-01 +9.9999925874533901e-01 +9.9999825067860082e-01 +1.0000003907453321e+00 +1.0000015853801791e+00 +9.0845581483922724e-06 +2.7663057626863804e-05 +3.0671087535372598e-05 +2.5111866599345798e-05 +2.3781786027458638e-05
104.50000000 +5.0000000000000000e+00 +2.0000081197146935e+00 +1.8795742062082635e-03 +9.9989345726287615e-01 +9.9999862354603786e-01 +9.9999764951620274e-01 +1.0000003035482996e+00 +1.0000021845078226e+00 +7.2844608695581029e-06 +2.9245854045518766e-05 +2.6421516477594918e-05 +2.5280218972051803e-05 +1.9549560865426404e-05
105.00000000 +5.0000000000000000e+00 +2.0000099210426625e+00 +1.8757928093977214e-03 +9.9990271183848478e-01 +9.9999798838819043e-01 +9.9999704839303727e-01 +1.0000002163569583e+00 +1.0000027835963670e+00 +5.4844810658837001e-06 +3.0828547170166053e-05 +2.2172222748739864e-05 +2.5448560358006095e-05 +1.5317611900315816e-05
105.50000000 +5.0000000000000000e+00 +2.0000117222530789e+00 +1.8720116593547867e-03 +9.9991196581015485e-01 +9.9999735327179207e-01 +9.9999644730909953e-01 +1.0000001291713065e+00 +1.0000033826458157e+00 +3.6846187258697130e-06 +3.2411137010916838e-05 +1.7923206321660390e-05 +2.5616890758284119e-05 +1.1085939105090644e-05
106.00000000 +5.0000000000000000e+00 +2.0000140304590568e+00 +1.8663777748827179e-03 +9.9992703794187299e-01 +9.9999809947569740e-01 +9.9999698738586285e-01 +9.9999995121939966e-01 +1.0000026965597046e+00 -1.7268854251391140e-07 +2.6160497763349389e-05 +1.8222543931443312e-05 +2.0314589587356044e-05 +1.0702476772604656e-05
106.50000000 +5.0000000000000000e+00 +2.0000163387495640e+00 +1.8607436840884532e-03 +9.9994211062555760e-01 +9.9999884570692976e-01 +9.9999752748240489e-01 +9.9999977326097578e-01 +1.0000020104484677e+00 -4.0301370718887943e-06 +1.9909629607003179e-05 +1.8521892503466092e-05 +1.5012094237362832e-05 +1.0319000397091904e-05
107.00000000 +5.0000000000000000e+00 +2.0000186471246071e+00 +1.8551093869606590e-03 +9.9995718386123911e-01 +9.9999959196549115e-01 +9.9999806759872656e-01 +9.9999959529603488e-01 +1.0000013243121040e+00 -7.8877268700148978e-06 +1.3658532529303444e-05 +1.8821252038330925e-05 +9.7094046976375314e-06 +9.9355099777809628e-06
107.50000000 +5.0000000000000000e+00 +2.0000209555841888e+00 +1.8494748834879998e-03 +9.9997225764894737e-01 +1.0000003382513825e+00 +9.9999860773482840e-01 +9.9999941732457598e-01 +1.0000006381506119e+00 -1.1745457944652744e-05 +7.4072065176745108e-06 +1.9120622536640039e-05 +4.4065209575124327e-06 +9.5520055139003301e-06
108.00000000 +5.0000000000000000e+00 +2.0000232641283153e+00 +1.8438401736591405e-03 +9.9998733198871337e-01 +1.0000010845646057e+00 +9.9999914789071243e-01 +9.9999923934659929e-01 +9.9999995196398961e-01 -1.5603330303563438e-05 +1.1556515595397753e-06 +1.9420003998995732e-05 -8.9655699368096110e-07 +9.1684870046784745e-06
108.50000000 +5.0000000000000000e+00 +2.0000255727569911e+00 +1.8382052574627448e-03 +1.0000024068805671e+00 +1.0000018309051619e+00 +9.9999968806637918e-01 +9.9999906136210426e-01 +9.9999926575223674e-01 -1.9461343954508635e-05 -5.0961323576782809e-06 +1.9719396426000322e-05 -6.1998291666119233e-06 +8.7849544493437878e-06
109.00000000 +5.0000000000000000e+00 +2.0000234950285045e+00 +1.8412332801566404e-03 +9.9999431789868598e-01 +1.0000020749523624e+00 +9.9999977561717857e-01 +9.9999913979328636e-01 +9.9999945834831183e-01 -1.8473289142175979e-05 -3.1298436555751639e-06 +1.9360175085039238e-05 -4.2411115111549866e-06 +1.1717468466740241e-05
109.50000000 +5.0000000000000000e+00 +2.0000214172410460e+00 +1.8442613887949420e-03 +9.9998622868721576e-01 +1.0000023190064895e+00 +9.9999986317046341e-01 +9.9999921822669524e-01 +9.9999965094985388e-01 -1.7485206285871485e-05 -1.1634991442757279e-06 +1.9000943548294436e-05 -2.2823382613908413e-06 +1.4650065717717979e-05
110.00000000 +5.0000000000000000e+00 +2.0000193393946133e+00 +1.8472895833813070e-03 +9.9997813924614576e-01 +1.0000025630675440e+00 +9.9999995072623293e-01 +9.9999929666232990e-01 +9.9999984355686244e-01 -1.6497095384401171e-05 +8.0290117859611173e-07 +1.8641701815331829e-05 -3.2350941495254965e-07 +1.7582746205820674e-05
110.50000000 +5.0000000000000000e+00 +2.0000172614892029e+00 +1.8503178639193963e-03 +9.9997004957546687e-01 +1.0000028071355256e+00 +1.0000000382844878e+00 +9.9999937510019110e-01 +1.0000000361693380e+00 -1.5508956436570999e-05 +2.7693573154165716e-06 +1.8282449885717298e-05 +1.6353750305269522e-06 +2.0515509934592212e-05
111.00000000 +5.0000000000000000e+00 +2.0000151835248121e+00 +1.8533462304128681e-03 +9.9996195967516854e-01 +1.0000030512104350e+00 +1.0000001258452278e+00 +9.9999945354027830e-01 +1.0000002287872802e+00 -1.4520789441186846e-05 +4.7358692685620036e-06 +1.7923187759016713e-05 +3.5943150774148700e-06 +2.3448356907576667e-05
111.50000000 +5.0000000000000000e+00 +2.0000131055014401e+00 +1.8563746828653830e-03 +9.9995386954524168e-01 +1.0000032952922722e+00 +1.0000002134084531e+00 +9.9999953198259206e-01 +1.0000004214106901e+00 -1.3532594397054548e-05 +6.7024370404089002e-06 +1.7563915434795914e-05 +5.5533107280785426e-06 +2.6381287128318331e-05
112.00000000 +5.0000000000000000e+00 +2.0000110274190823e+00 +1.8594032212806003e-03 +9.9994577918567606e-01 +1.0000035393810378e+00 +1.0000003009741638e+00 +9.9999961042713237e-01 +1.0000006140395676e+00 -1.2544371302979850e-05 +8.6690606333338771e-06 +1.7204632912620706e-05 +7.5123619848854370e-06 +2.9314300600361677e-05
112.50000000 +5.0000000000000000e+00 +2.0000089492777389e+00 +1.8624318456621815e-03 +9.9993768859646226e-01 +1.0000037834767321e+00 +1.0000003885423607e+00 +9.9999968887389967e-01 +1.0000008066739130e+00 -1.1556120157768444e-05 +1.0635740049713705e-05 +1.6845340192056896e-05 +9.4714688502031695e-06 +3.2247397327251420e-05
113.00000000 +5.0000000000000000e+00 +2.0000068710774044e+00 +1.8654605560137847e-03 +9.9992959777759016e-01 +1.0000040275793549e+00 +1.0000004761130428e+00 +9.9999976732289353e-01 +1.0000009993137267e+00 -1.0567840960225938e-05 +1.2602475291925262e-05 +1.6486037272670235e-05 +1.1430631326399469e-05 +3.5180577312532407e-05
113.50000000 +5.0000000000000000e+00 +2.0000047928180775e+00 +1.8684893523390725e-03 +9.9992150672905045e-01 +1.0000042716889073e+00 +1.0000005636862108e+00 +9.9999984577411427e-01 +1.0000011919590082e+00 -9.5795337091578917e-06 +1.4569266362345584e-05 +1.6126724154026475e-05 +1.3389849415842219e-05 +3.8113840559749760e-05
114.00000000 +5.0000000000000000e+00 +2.0000027144997565e+00 +1.8715182346417043e-03 +9.9991341545083279e-01 +1.0000045158053885e+00 +1.0000006512618642e+00 +9.9999992422756201e-01 +1.0000013846097584e+00 -8.5911984033697793e-06 +1.6536113263351828e-05 +1.5767400835691316e-05 +1.5349123120899420e-05 +4.1047187072448741e-05
114.50000000 +5.0000000000000000e+00 +2.0000006361224378e+00 +1.8745472029253417e-03 +9.9990532394292797e-01 +1.0000047599288000e+00 +1.0000007388400043e+00 +1.0000000026832367e+00 +1.0000015772659776e+00 -7.6028350416670205e-06 +1.8503015997321305e-05 +1.5408067317230466e-05 +1.7308452443939232e-05 +4.3980616854174866e-05
115.00000000 +5.0000000000000000e+00 +1.9999985576861194e+00 +1.8775762571936463e-03 +9.9989723220532589e-01 +1.0000050040591415e+00 +1.0000008264206304e+00 +1.0000000811411387e+00 +1.0000017699276658e+00 -6.6144436228549601e-06 +2.0469974566631429e-05 +1.5048723598209589e-05 +1.9267837387329918e-05 +4.6914129908473815e-05
115.50000000 +5.0000000000000000e+00 +1.9999998004049926e+00 +1.8742224962479969e-03 +9.9990552030048108e-01 +1.0000040975073849e+00 +1.0000004451031923e+00 +9.9999987253632672e-01 +1.0000014628201721e+00 -3.8844549375550083e-06 +1.6270899407239730e-05 +1.6126800006105366e-05 +1.6006994728183144e-05 +4.4081471727220051e-05
116.00000000 +5.0000000000000000e+00 +2.0000010431895223e+00 +1.8708685581148323e-03 +9.9991380883351699e-01 +1.0000031909077336e+00 +1.0000000637656081e+00 +9.9999966392049378e-01 +1.0000011556964532e+00 -1.1543220201761733e-06 +1.2071602400284017e-05 +1.7204933371453880e-05 +1.2745979790624316e-05 +4.1248663889603077e-05
116.50000000 +5.0000000000000000e+00 +2.0000022860397131e+00 +1.8675144427801093e-03 +9.9992209780446839e-01 +1.0000022842601828e+00 +9.9999968240787684e-01 +9.9999945529363876e-01 +1.0000008485565075e+00 +1.5759551407120563e-06 +7.8720835281826838e-06 +1.8283123698769050e-05 +9.4847925610002200e-06 +3.8415706383762509e-05
117.00000000 +5.0000000000000000e+00 +2.0000035289555695e+00 +1.8641601502297842e-03 +9.9993038721336924e-01 +1.0000013775647290e+00 +9.9999930102999590e-01 +9.9999924665576079e-01 +1.0000005414003343e+00 +4.3063765565413964e-06 +3.6723427733522747e-06 +1.9361370992565278e-05 +6.2234330256562162e-06 +3.5582599197836692e-05
117.50000000 +5.0000000000000000e+00 +2.0000047719370979e+00 +1.8608056804498125e-03 +9.9993867706025541e-01 +1.0000004708213681e+00 +9.9999891963196463e-01 +9.9999903800685908e-01 +1.0000002342279319e+00 +7.0369422387447720e-06 -5.2761988179252505e-07 +2.0439675257357448e-05 +2.9619011709362109e-06 +3.2749342319962742e-05
118.00000000 +5.0000000000000000e+00 +2.0000060149843026e+00 +1.8574510334261466e-03 +9.9994696734516086e-01 +9.9999956403009693e-01 +9.9999853821378060e-01 +9.9999882934693263e-01 +9.9999992703929874e-01 +9.7676521987563184e-06 -4.7278044548388948e-06 +2.1518036497660904e-05 -2.9980301681733148e-07 +2.9915935738276494e-05
118.50000000 +5.0000000000000000e+00 +2.0000072580971895e+00 +1.8540962091447390e-03 +9.9995525806812047e-01 +9.9999865719091130e-01 +9.9999815677544268e-01 +9.9999862067598078e-01 +9.9999961983443431e-01 +1.2498506448011378e-05 -8.9282109633758560e-06 +2.2596454717991490e-05 -3.5616795512633783e-06 +2.7082379440912565e-05
119.00000000 +5.0000000000000000e+00 +2.0000085012757638e+00 +1.8507412075915405e-03 +9.9996354922916886e-01 +9.9999775030380778e-01 +9.9999777531694956e-01 +9.9999841199400286e-01 +9.9999931261333685e-01 +1.5229504997946512e-05 -1.3128839424994323e-05 +2.3674929922865522e-05 -6.8237284460623667e-06 +2.4248673416004287e-05
119.50000000 +5.0000000000000000e+00 +2.0000097445200304e+00 +1.8473860287524988e-03 +9.9997184082834101e-01 +9.9999684336878203e-01 +9.9999739383829922e-01 +9.9999820330099742e-01 +9.9999900537600483e-01 +1.7960647859999460e-05 -1.7329689857287028e-05 +2.4753462116799771e-05 -1.0085949714876145e-05 +2.1414817651683748e-05
120.00000000 +5.0000000000000000e+00 +2.0000109878299939e+00 +1.8440306726135612e-03 +9.9998013286567156e-01 +9.9999593638583051e-01 +9.9999701233948990e-01 +9.9999799459696392e-01 +9.9999869812243758e-01 +2.0691935045609201e-05 -2.1530762277848589e-05 +2.5832051304311513e-05 -1.3348343371368031e-05 +1.8580812136081785e-05
120.50000000 +5.0000000000000000e+00 +2.0000122312056616e+00 +1.8406751391606751e-03 +9.9998842534119536e-01 +9.9999502935494977e-01 +9.9999663082052059e-01 +9.9999778588190169e-01 +9.9999839085263365e-01 +2.3423366566215922e-05 -2.5732056704275478e-05 +2.6910697489918488e-05 -1.6610909429202774e-05 +1.5746656857327985e-05
121.00000000 +5.0000000000000000e+00 +2.0000134746470368e+00 +1.8373194283797833e-03 +9.9999671825494696e-01 +9.9999412227613560e-01 +9.9999624928138953e-01 +9.9999757715580950e-01 +9.9999808356659170e-01 +2.6154942433260996e-05 -2.9933573154166031e-05 +2.7989400678138921e-05 -1.9873647902046576e-05 +1.2912351803550660e-05
121.50000000 +5.0000000000000000e+00 +2.0000147181541243e+00 +1.8339635402568292e-03 +1.0000050116069610e+00 +9.9999321514938400e-01 +9.9999586772209437e-01 +9.9999736841868647e-01 +9.9999777626430986e-01 +2.8886662658187021e-05 -3.4135311645120413e-05 +2.9068160873491493e-05 -2.3136558803567058e-05 +1.0077896962876888e-05
122.00000000 +5.0000000000000000e+00 +2.0000150221878199e+00 +1.8347634048057160e-03 +1.0000036539976467e+00 +9.9999379798535848e-01 +9.9999592272206095e-01 +9.9999723568389653e-01 +9.9999845610716320e-01 +2.7460196455921451e-05 -3.1243149858512026e-05 +2.4292675424206338e-05 -1.9498456947642514e-05 +9.9222501129405642e-06
122.50000000 +5.0000000000000000e+00 +2.0000153262348119e+00 +1.8355633043351379e-03 +1.0000022963289603e+00 +9.9999438084682235e-01 +9.9999597772443294e-01 +9.9999710294330180e-01 +9.9999913597974832e-01 +2.6033667869904606e-05 -2.8350861588779629e-05 +1.9516981128264991e-05 -1.5860195986342072e-05 +9.7665964560891151e-06
123.00000000 +5.0000000000000000e+00 +2.0000156302951009e+00 +1.8363632388473899e-03 +1.0000009386008972e+00 +9.9999496373377716e-01 +9.9999603272921045e-01 +9.9999697019690137e-01 +9.9999981588206699e-01 +2.4607076896044043e-05 -2.5458446827625795e-05 +1.4741077971966908e-05 -1.2221775909228265e-05 +9.6109359918759934e-06
123.50000000 +5.0000000000000000e+00 +2.0000159343686881e+00 +1.8371632083447670e-03 +9.9999958081345375e-01 +9.9999554664622425e-01 +9.9999608773639337e-01 +9.9999683744469559e-01 +1.0000004958141209e+00 +2.3180423530246964e-05 -2.2565905566752382e-05 +9.9649659416103164e-06 -8.5831967058626959e-06 +9.4552687198546228e-06
124.00000000 +5.0000000000000000e+00 +2.0000162384555744e+00 +1.8379632128295638e-03 +9.9999822296662688e-01 +9.9999612958416584e-01 +9.9999614274598236e-01 +9.9999670468668389e-01 +1.0000011757759126e+00 +2.1753707768420216e-05 -1.9673237797860511e-05 +5.1886450234922753e-06 -4.9444583658060580e-06 +9.2995946395783833e-06
124.50000000 +5.0000000000000000e+00 +2.0000165425557599e+00 +1.8387632523040756e-03 +9.9999686506041130e-01 +9.9999671254760281e-01 +9.9999619775797699e-01 +9.9999657192286562e-01 +1.0000018557674437e+00 +2.0326929606470274e-05 -1.6780443512650568e-05 +4.1211520390861354e-07 -1.3055608786181306e-06 +9.1439137506006157e-06
125.00000000 +5.0000000000000000e+00 +2.0000168466692472e+00 +1.8395633267705993e-03 +9.9999550709480423e-01 +9.9999729553653804e-01 +9.9999625277237825e-01 +9.9999643915324077e-01 +1.0000025357887163e+00 +1.8900089040303293e-05 -1.3887522702822243e-05 -4.3646235308460073e-06 +2.3334957661422048e-06 +8.9882260524746271e-06
125.50000000 +5.0000000000000000e+00 +2.0000171507960349e+00 +1.8403634362314286e-03 +9.9999414906980122e-01 +9.9999787855097211e-01 +9.9999630778918536e-01 +9.9999630637780845e-01 +1.0000032158397316e+00 +1.7473186065825016e-05 -1.0994475360074459e-05 -9.1415711944781528e-06 +5.9727115789170113e-06 +8.8325315447536753e-06
126.00000000 +5.0000000000000000e+00 +2.0000174549361258e+00 +1.8411635806888614e-03 +9.9999279098539862e-01 +9.9999846159090733e-01 +9.9999636280839899e-01 +9.9999617359656856e-01 +1.0000038959204929e+00 +1.6046220678940872e-05 -8.1013014761054553e-06 -1.3918727800695557e-05 +9.6120865701492328e-06 +8.6768302269909911e-06
126.50000000 +5.0000000000000000e+00 +2.0000177590895198e+00 +1.8419637601451927e-03 +9.9999143284159231e-01 +9.9999904465634515e-01 +9.9999641783001925e-01 +9.9999604080952098e-01 +1.0000045760310010e+00 +1.4619192875555903e-05 -5.2080010426127124e-06 -1.8696093363207192e-05 +1.3251620750282748e-05 +8.5211220987397579e-06
127.00000000 +5.0000000000000000e+00 +2.0000180632562179e+00 +1.8427639746027187e-03 +9.9999007463837841e-01 +9.9999962774728690e-01 +9.9999647285404603e-01 +9.9999590801666483e-01 +1.0000052561712585e+00 +1.3192102651574817e-05 -2.3145740512930042e-06 -2.3473667895723184e-05 +1.6891314129762331e-05 +8.3654071595531182e-06
127.50000000 +5.0000000000000000e+00 +2.0000183674362213e+00 +1.8435642240637372e-03 +9.9998871637575348e-01 +1.0000002108637349e+00 +9.9999652788047999e-01 +9.9999577521800020e-01 +1.0000059363412670e+00 +1.1764950002901942e-05 +5.7897950615763693e-07 -2.8251451411954902e-05 +2.0531166719033707e-05 +8.2096854089841879e-06
128.00000000 +5.0000000000000000e+00 +2.0000186716295301e+00 +1.8443645085305434e-03 +9.9998735805371264e-01 +1.0000007940056903e+00 +9.9999658290932070e-01 +9.9999564241352601e-01 +1.0000066165410284e+00 +1.0337734925441261e-05 +3.4726596380438875e-06 -3.3029443925614881e-05 +2.4171178528543453e-05 +8.0539568465860280e-06
128.50000000 +5.0000000000000000e+00 +2.0000182546021921e+00 +1.8437903980052291e-03 +9.9998870713218069e-01 +1.0000008411257024e+00 +9.9999669722030149e-01 +9.9999571066385551e-01 +1.0000061248125554e+00 +1.1138293872152391e-05 +2.9680575481093195e-06 -2.4672824022384168e-05 +2.1258028266859924e-05 +1.2274998926149520e-06
129.00000000 +5.0000000000000000e+00 +2.0000178375917419e+00 +1.8432163107292049e-03 +9.9999005615601566e-01 +1.0000008882438065e+00 +9.9999681152665321e-01 +9.9999577891142100e-01 +1.0000056331039948e+00 +1.1938820399273906e-05 +2.4634758926383710e-06 -1.6316542530445869e-05 +1.8344995976671619e-05 -5.5986806158378257e-06
129.50000000 +5.0000000000000000e+00 +2.0000174205981787e+00 +1.8426422467010593e-03 +9.9999140512522189e-01 +1.0000009353600026e+00 +9.9999692582837574e-01 +9.9999584715622281e-01 +1.0000051414153464e+00 +1.2739314508775073e-05 +1.9589146703897928e-06 -7.9605994292438328e-06 +1.5432081650812597e-05 -1.2424584695564451e-05
130.00000000 +5.0000000000000000e+00 +2.0000170036215015e+00 +1.8420682059193804e-03 +9.9999275403980203e-01 +1.0000009824742906e+00 +9.9999704012547008e-01 +9.9999591539826094e-01 +1.0000046497466089e+00 +1.3539776202625002e-05 +1.4543738801224324e-06 +3.9500530177639415e-07 +1.2519285282117487e-05 -1.9250212363355711e-05
130.50000000 +5.0000000000000000e+00 +2.0000165866617099e+00 +1.8414941883827553e-03 +9.9999410289975954e-01 +1.0000010295866710e+00 +9.9999715441793580e-01 +9.9999598363753606e-01 +1.0000041580977810e+00 +1.4340205482792635e-05 +9.4985352059523923e-07 +8.7502716831676293e-06 +9.6066068634214968e-06 -2.6075563636001028e-05
131.00000000 +5.0000000000000000e+00 +2.0000161697188017e+00 +1.8409201940897727e-03 +9.9999545170509785e-01 +1.0000010766971432e+00 +9.9999726870577355e-01 +9.9999605187404761e-01 +1.0000036664688610e+00 +1.5140602351246758e-05 +4.4535359056726231e-07 +1.7105199735481020e-05 +6.6940463875604135e-06 -3.2900638530288485e-05
131.50000000 +5.0000000000000000e+00 +2.0000157527927764e+00 +1.8403462230390207e-03 +9.9999680045582007e-01 +1.0000011238057080e+00 +9.9999738298898366e-01 +9.9999612010779626e-01 +1.0000031748598481e+00 +1.5940966809955997e-05 -5.9125911202346573e-08 +2.5459789479266034e-05 +3.7816038473706218e-06 -3.9725437063004756e-05
132.00000000 +5.0000000000000000e+00 +2.0000153358836328e+00 +1.8397722752290877e-03 +9.9999814915192997e-01 +1.0000011709123655e+00 +9.9999749726756626e-01 +9.9999618833878201e-01 +1.0000026832707414e+00 +1.6741298860888827e-05 -5.6358498595433905e-07 +3.3814040935070504e-05 +8.6927923568905785e-07 -4.6549959250935233e-05
132.50000000 +5.0000000000000000e+00 +2.0000149189913707e+00 +1.8391983506585621e-03 +9.9999949779343034e-01 +1.0000012180171156e+00 +9.9999761154152167e-01 +9.9999625656700519e-01 +1.0000021917015389e+00 +1.7541598506013548e-05 -1.0680236349293615e-06 +4.2167954123440552e-05 -2.0429274546467323e-06 -5.3374205110863868e-05
133.00000000 +5.0000000000000000e+00 +2.0000145021159876e+00 +1.8386244493260324e-03 +1.0000008463803247e+00 +1.0000012651199586e+00 +9.9999772581084989e-01 +9.9999632479246570e-01 +1.0000017001522401e+00 +1.8341865747298317e-05 -1.5724418593679648e-06 +5.0521529064920705e-05 -4.9550162307986502e-06 -6.0198174659573326e-05
133.50000000 +5.0000000000000000e+00 +2.0000140852574839e+00 +1.8380505712300877e-03 +1.0000021949126165e+00 +1.0000013122208942e+00 +9.9999784007555181e-01 +9.9999639301516385e-01 +1.0000012086228438e+00 +1.9142100586711117e-05 -2.0768396605105940e-06 +5.8874765780053748e-05 -7.8669870999279925e-06 -6.7021867913844832e-05
134.00000000 +5.0000000000000000e+00 +2.0000136684158574e+00 +1.8374767163693159e-03 +1.0000035433903089e+00 +1.0000013593199226e+00 +9.9999795433562733e-01 +9.9999646123509989e-01 +1.0000007171133483e+00 +1.9942303026219782e-05 -2.5812170395975996e-06 +6.7227664289380880e-05 -1.0778840069195497e-05 -7.3845284890458333e-05
134.50000000 +5.0000000000000000e+00 +2.0000132515911080e+00 +1.8369028847423068e-03 +1.0000048918134050e+00 +1.0000014064170444e+00 +9.9999806859107676e-01 +9.9999652945227391e-01 +1.0000002256237526e+00 +2.0742473067791977e-05 -3.0855739978692254e-06 +7.5580224613441539e-05 -1.3690575145761303e-05 -8.0668425606192373e-05
135.00000000 +5.0000000000000000e+00 +2.0000126029843481e+00 +1.8408162885678943e-03 +9.9999439047227123e-01 +1.0000014525122136e+00 +9.9999789136668105e-01 +9.9999652327198751e-01 +1.0000004642827447e+00 +2.1633378755978815e-05 -4.6302959947148764e-06 +7.2465760250200052e-05 -7.6401195147659678e-06 -7.2550611826473411e-05
135.50000000 +5.0000000000000000e+00 +2.0000119543655863e+00 +1.8447297648106812e-03 +9.9998388893681134e-01 +1.0000014986082360e+00 +9.9999771413900629e-01 +9.9999651709158699e-01 +1.0000007029461531e+00 +2.2524300930298082e-05 -6.1750465765069820e-06 +6.9351238254065884e-05 -1.5895519206144321e-06 -6.4432647827315185e-05
136.00000000 +5.0000000000000000e+00 +2.0000113057348221e+00 +1.8486433134726752e-03 +9.9997338720701945e-01 +1.0000015447051109e+00 +9.9999753690805138e-01 +9.9999651091107211e-01 +1.0000009416139779e+00 +2.3415239591207377e-05 -7.7198257440389876e-06 +6.6236658623439323e-05 +4.4611276398011394e-06 -5.6314533604547934e-05
136.50000000 +5.0000000000000000e+00 +2.0000106570920542e+00 +1.8525569345558882e-03 +9.9996288528289057e-01 +1.0000015908028392e+00 +9.9999735967381709e-01 +9.9999650473044288e-01 +1.0000011802862192e+00 +2.4306194739164340e-05 -9.2646334981043786e-06 +6.3122021356720493e-05 +1.0511919169588695e-05 -4.8196269154001804e-05
137.00000000 +5.0000000000000000e+00 +2.0000100084372829e+00 +1.8564706280623296e-03 +9.9995238316441892e-01 +1.0000016369014206e+00 +9.9999718243630298e-01 +9.9999649854969908e-01 +1.0000014189628779e+00 +2.5197166374626623e-05 -1.0809469839496657e-05 +6.0007326452309585e-05 +1.6562822671856292e-05 -4.0077854471506730e-05
137.50000000 +5.0000000000000000e+00 +2.0000093597705080e+00 +1.8603843939940100e-03 +9.9994188085159930e-01 +1.0000016830008549e+00 +9.9999700519550905e-01 +9.9999649236884114e-01 +1.0000016576439528e+00 +2.6088154498051890e-05 -1.2354334769009367e-05 +5.6892573908606622e-05 +2.2613838149712109e-05 -3.1959289552892490e-05
138.00000000 +5.0000000000000000e+00 +2.0000087110917293e+00 +1.8642982323529397e-03 +9.9993137834442647e-01 +1.0000017291011425e+00 +9.9999682795143507e-01 +9.9999648618786874e-01 +1.0000018963294448e+00 +2.6979159109897824e-05 -1.3899228287436074e-05 +5.3777763724011641e-05 +2.8664965606264430e-05 -2.3840574393988775e-05
138.50000000 +5.0000000000000000e+00 +2.0000080624009455e+00 +1.8682121431411295e-03 +9.9992087564289467e-01 +1.0000017752022832e+00 +9.9999665070408106e-01 +9.9999648000678198e-01 +1.0000021350193540e+00 +2.7870180210622127e-05 -1.5444150395570377e-05 +5.0662895896924582e-05 +3.4716205044621681e-05 -1.5721708990625040e-05
139.00000000 +5.0000000000000000e+00 +2.0000074136981576e+00 +1.8721261263605900e-03 +9.9991037274699868e-01 +1.0000018213042769e+00 +9.9999647345344689e-01 +9.9999647382558066e-01 +1.0000023737136801e+00 +2.8761217800682520e-05 -1.6989101094205896e-05 +4.7547970425745347e-05 +4.0767556467892373e-05 -7.6026933386306629e-06
139.50000000 +5.0000000000000000e+00 +2.0000067649833646e+00 +1.8760401820133317e-03 +9.9989986965673316e-01 +1.0000018674071240e+00 +9.9999629619953234e-01 +9.9999646764426509e-01 +1.0000026124124239e+00 +2.9652271880536730e-05 -1.8534080384136300e-05 +4.4432987308873767e-05 +4.6819019879185131e-05 +5.1647256616520780e-07
140.00000000 +5.0000000000000000e+00 +2.0000061162565661e+00 +1.8799543101013655e-03 +9.9988936637209291e-01 +1.0000019135108242e+00 +9.9999611894233786e-01 +9.9999646146283538e-01 +1.0000028511155854e+00 +3.0543342450642518e-05 -2.0079088266155261e-05 +4.1317946544709621e-05 +5.2870595281608736e-05 +8.6357887279335216e-06
140.50000000 +5.0000000000000000e+00 +2.0000054675177621e+00 +1.8838685106267019e-03 +9.9987886289307226e-01 +1.0000019596153775e+00 +9.9999594168186234e-01 +9.9999645528129089e-01 +1.0000030898231642e+00 +3.1434429511457648e-05 -2.1624124741056502e-05 +3.8202848131652601e-05 +5.8922282678272021e-05 +1.6755255150845413e-05
141.00000000 +5.0000000000000000e+00 +2.0000048187669512e+00 +1.8877827835913511e-03 +9.9986835921966544e-01 +1.0000020057207841e+00 +9.9999576441810645e-01 +9.9999644909963192e-01 +1.0000033285351604e+00 +3.2325533063439885e-05 -2.3169189809633757e-05 +3.5087692068102375e-05 +6.4974082072283978e-05 +2.4874871839072144e-05
141.50000000 +5.0000000000000000e+00 +2.0000055627224147e+00 +1.8897203804258131e-03 +9.9986381359979948e-01 +1.0000019220043250e+00 +9.9999633044204206e-01 +9.9999710477691484e-01 +1.0000028073064444e+00 +3.1392425199066325e-05 -2.2738091459970234e-05 +3.8475226770239244e-05 +6.5331293586871409e-05 +2.5561001048024824e-05
142.00000000 +5.0000000000000000e+00 +2.0000063066267395e+00 +1.8916578440731323e-03 +9.9985926829239147e-01 +1.0000018382936202e+00 +9.9999689642706990e-01 +9.9999776040912736e-01 +1.0000022861135569e+00 +3.0459381474955432e-05 -2.2307022743281032e-05 +4.1862528618947348e-05 +6.5688480547341081e-05 +2.6247083093611545e-05
142.50000000 +5.0000000000000000e+00 +2.0000070504799314e+00 +1.8935951745470412e-03 +9.9985472329740976e-01 +1.0000017545886695e+00 +9.9999746237319442e-01 +9.9999841599627437e-01 +1.0000017649564938e+00 +2.9526401884494116e-05 -2.1875983656510879e-05 +4.5249597638234799e-05 +6.6045642956224620e-05 +2.6933117980695019e-05
143.00000000 +5.0000000000000000e+00 +2.0000077942819958e+00 +1.8955323718612704e-03 +9.9985017861482162e-01 +1.0000016708894719e+00 +9.9999802828041906e-01 +9.9999907153836054e-01 +1.0000012438352517e+00 +2.8593486421070149e-05 -2.1444974196604920e-05 +4.8636433852106388e-05 +6.6402780816053340e-05 +2.7619105714137315e-05
143.50000000 +5.0000000000000000e+00 +2.0000085380329380e+00 +1.8974694360295481e-03 +9.9984563424459516e-01 +1.0000015871960275e+00 +9.9999859414874870e-01 +9.9999972703539075e-01 +1.0000007227498271e+00 +2.7660635078072253e-05 -2.1013994360508718e-05 +5.2023037284563640e-05 +6.6759894129358121e-05 +2.8305046298799834e-05
144.00000000 +5.0000000000000000e+00 +2.0000092817327628e+00 +1.8994063670656005e-03 +9.9984109018669842e-01 +1.0000015035083349e+00 +9.9999915997818678e-01 +1.0000003824873691e+00 +1.0000002017002161e+00 +2.6727847848890033e-05 -2.0583044145168253e-05 +5.5409407959604742e-05 +6.7116982898669572e-05 +2.8990939739543291e-05
144.50000000 +5.0000000000000000e+00 +2.0000100253814757e+00 +1.9013431649831526e-03 +9.9983654644109865e-01 +1.0000014198263938e+00 +9.9999972576873708e-01 +1.0000010378943005e+00 +9.9999968068641509e-01 +2.5795124726914018e-05 -2.0152123547529933e-05 +5.8795545901224610e-05 +6.7474047126517910e-05 +2.9676786041227735e-05
145.00000000 +5.0000000000000000e+00 +2.0000107689790818e+00 +1.9032798297959263e-03 +9.9983200300776398e-01 +1.0000013361502040e+00 +1.0000002915204043e+00 +1.0000016932561899e+00 +9.9999915970842002e-01 +2.4862465705535631e-05 -1.9721232564540582e-05 +6.2181451133414838e-05 +6.7831086815433052e-05 +3.0362585208712562e-05
145.50000000 +5.0000000000000000e+00 +2.0000115125255875e+00 +1.9052163615176435e-03 +9.9982745988666200e-01 +1.0000012524797646e+00 +1.0000008572331918e+00 +1.0000023485730418e+00 +9.9999863876622785e-01 +2.3929870778147214e-05 -1.9290371193147437e-05 +6.5567123680163744e-05 +6.8188101967944523e-05 +3.1048337246856490e-05
146.00000000 +5.0000000000000000e+00 +2.0000122560209963e+00 +1.9071527601620219e-03 +9.9982291707776083e-01 +1.0000011688150749e+00 +1.0000014229071039e+00 +1.0000030038448606e+00 +9.9999811785983417e-01 +2.2997339938142014e-05 -1.8859539430298166e-05 +6.8952563565456346e-05 +6.8545092586581497e-05 +3.1734042160517575e-05
146.50000000 +5.0000000000000000e+00 +2.0000129994653135e+00 +1.9090890257427791e-03 +9.9981837458102785e-01 +1.0000010851561341e+00 +1.0000019885421443e+00 +1.0000036590716506e+00 +9.9999759698923563e-01 +2.2064873178914188e-05 -1.8428737272940843e-05 +7.2337770813274329e-05 +6.8902058673872820e-05 +3.2419699954553176e-05
147.00000000 +5.0000000000000000e+00 +2.0000137428585458e+00 +1.9110251582736305e-03 +9.9981383239643151e-01 +1.0000010015029419e+00 +1.0000025541383175e+00 +1.0000043142534170e+00 +9.9999707615442879e-01 +2.1132470493858795e-05 -1.7997964718023979e-05 +7.5722745447596179e-05 +6.9259000232347001e-05 +3.3105310633820047e-05
147.50000000 +5.0000000000000000e+00 +2.0000144862006985e+00 +1.9129611577682890e-03 +9.9980929052393919e-01 +1.0000009178554983e+00 +1.0000031196956274e+00 +1.0000049693901647e+00 +9.9999655535540977e-01 +2.0200131876371812e-05 -1.7567221762496492e-05 +7.9107487492396968e-05 +6.9615917264532196e-05 +3.3790874203174206e-05
148.00000000 +5.0000000000000000e+00 +2.0000166050813517e+00 +1.9092678413000692e-03 +9.9981874544568861e-01 +1.0000006192161928e+00 +1.0000020415240940e+00 +1.0000045995515816e+00 +9.9999715314934834e-01 +1.8879932035645636e-05 -1.2968140121892689e-05 +6.9672542781012850e-05 +6.6455390860712624e-05 +3.4801395206421599e-05
148.50000000 +5.0000000000000000e+00 +2.0000187241232719e+00 +1.9055742437348870e-03 +9.9982820108704862e-01 +1.0000003205541581e+00 +1.0000009632705011e+00 +1.0000042296848504e+00 +9.9999775098878485e-01 +1.7559631714993571e-05 -8.3687084468712390e-06 +6.0236879979445598e-05 +6.3294623910387120e-05 +3.5811993120052090e-05
149.00000000 +5.0000000000000000e+00 +2.0000208433264781e+00 +1.9018803650406499e-03 +9.9983765744810138e-01 +1.0000000218693919e+00 +9.9999988493483993e-01 +1.0000038597899676e+00 +9.9999834887372463e-01 +1.6239230902943939e-05 -3.7689266974691328e-06 +5.0800499005711719e-05 +6.0133616386092762e-05 +3.6822667952846450e-05
149.50000000 +5.0000000000000000e+00 +2.0000229626909882e+00 +1.8981862051852605e-03 +9.9984711452892905e-01 +9.9999972316189101e-01 +9.9999880651710038e-01 +1.0000034898669301e+00 +9.9999894680417256e-01 +1.4918729588023322e-05 +8.3120516628271734e-07 +4.1363399777815219e-05 +5.6972368260362460e-05 +3.7833419713586770e-05
150.00000000 +5.0000000000000000e+00 +2.0000250822168208e+00 +1.8944917641366165e-03 +9.9985657232961422e-01 +9.9999942443165291e-01 +9.9999772801727405e-01 +1.0000031199157349e+00 +9.9999954478013409e-01 +1.3598127758756558e-05 +5.4316871843594911e-06 +3.1925582213747689e-05 +5.3810879505724957e-05 +3.8844248411056512e-05
150.50000000 +5.0000000000000000e+00 +2.0000272019039942e+00 +1.8907970418626107e-03 +9.9986603085023817e-01 +9.9999912567867488e-01 +9.9999664943535038e-01 +1.0000027499363782e+00 +1.0000001428016141e+00 +1.2277425403666728e-05 +1.0032519396742450e-05 +2.2487046231488130e-05 +5.0649150094704788e-05 +3.9855154054040423e-05
151.00000000 +5.0000000000000000e+00 +2.0000293217525273e+00 +1.8871020383311315e-03 +9.9987549009088417e-01 +9.9999882690295516e-01 +9.9999557077132140e-01 +1.0000023799288575e+00 +1.0000007408686182e+00 +1.0956622511275184e-05 +1.4633701843418940e-05 +1.3047791749003169e-05 +4.7487179999822347e-05 +4.0866136651324660e-05
151.50000000 +5.0000000000000000e+00 +2.0000314417624381e+00 +1.8834067535100610e-03 +9.9988495005163369e-01 +9.9999852810448997e-01 +9.9999449202517632e-01 +1.0000020098931690e+00 +1.0000013389811513e+00 +9.6357190701015074e-06 +1.9235234564382405e-05 +3.6078186842468496e-06 +4.4324969193593780e-05 +4.1877196211696629e-05
152.00000000 +5.0000000000000000e+00 +2.0000335619337450e+00 +1.8797111873672782e-03 +9.9989441073256935e-01 +9.9999822928327764e-01 +9.9999341319690649e-01 +1.0000016398293099e+00 +1.0000019371392186e+00 +8.3147150686635497e-06 +2.3837117599632359e-05 -5.8328730448392010e-06 +4.1162517648531139e-05 +4.2888332743945150e-05
152.50000000 +5.0000000000000000e+00 +2.0000356822664664e+00 +1.8760153398706561e-03 +9.9990387213377319e-01 +9.9999793043931506e-01 +9.9999233428650269e-01 +1.0000012697372767e+00 +1.0000025353428255e+00 +6.9936104954774046e-06 +2.8439350989174445e-05 -1.5274283520325923e-05 +3.7999825337142190e-05 +4.3899546256860330e-05
153.00000000 +5.0000000000000000e+00 +2.0000378027606200e+00 +1.8723192109880631e-03 +9.9991333425532736e-01 +9.9999763157259947e-01 +9.9999125529395483e-01 +1.0000008996170662e+00 +1.0000031335919763e+00 +5.6724053390574213e-06 +3.3041934773020332e-05 -2.4716412824296684e-05 +3.4836892231930574e-05 +4.4910836759233641e-05
153.50000000 +5.0000000000000000e+00 +2.0000399234162263e+00 +1.8686228006873627e-03 +9.9992279709731435e-01 +9.9999733268312885e-01 +9.9999017621925423e-01 +1.0000005294686753e+00 +1.0000037318866777e+00 +4.3510995879161991e-06 +3.7644868991187860e-05 -3.4159261038847414e-05 +3.1673718305395734e-05 +4.5922204259857900e-05
154.00000000 +5.0000000000000000e+00 +2.0000420442333020e+00 +1.8649261089364131e-03 +9.9993226065981644e-01 +9.9999703377090032e-01 +9.9998909706239125e-01 +1.0000001592921006e+00 +1.0000043302269339e+00 +3.0296932305645866e-06 +4.2248153683700890e-05 -4.3602828246086475e-05 +2.8510303530032932e-05 +4.6933648767527242e-05
154.50000000 +5.0000000000000000e+00 +2.0000398821447809e+00 +1.8710933608434852e-03 +9.9991725869934844e-01 +9.9999660035007454e-01 +9.9998953611315589e-01 +1.0000010429845481e+00 +1.0000047705563886e+00 +7.9209717283098734e-06 +4.4215373393524754e-05 -3.6965658059117102e-05 +2.6489856640934756e-05 +4.9130738642928816e-05
155.00000000 +5.0000000000000000e+00 +2.0000377198575907e+00 +1.8772611794421270e-03 +9.9990225536039179e-01 +9.9999616688942294e-01 +9.9998997520426325e-01 +1.0000019267581952e+00 +1.0000052109263036e+00 +1.2812699671988916e-05 +4.6182773865678901e-05 -3.0327878001097946e-05 +2.4469224098609277e-05 +5.1328030402788828e-05
155.50000000 +5.0000000000000000e+00 +2.0000355573717057e+00 +1.8834295648104502e-03 +9.9988725064275730e-01 +9.9999573338893999e-01 +9.9999041433571956e-01 +1.0000028106130536e+00 +1.0000056513366851e+00 +1.7704877123552062e-05 +4.8150355125079115e-05 -2.3689487987966113e-05 +2.2448405877466604e-05 +5.3525524074934464e-05
156.00000000 +5.0000000000000000e+00 +2.0000333946870970e+00 +1.8895985170265801e-03 +9.9987224454625379e-01 +9.9999529984862001e-01 +9.9999085350752981e-01 +1.0000036945491342e+00 +1.0000060917875377e+00 +2.2597504144961035e-05 +5.0118117196645723e-05 -1.7050487935643290e-05 +2.0427401951912109e-05 +5.5723219687197987e-05
156.50000000 +5.0000000000000000e+00 +2.0000312318037379e+00 +1.8957680361686570e-03 +9.9985723707069252e-01 +9.9999486626845768e-01 +9.9999129271970022e-01 +1.0000045785664486e+00 +1.0000065322788685e+00 +2.7490580798188964e-05 +5.2086060105303658e-05 -1.0410877760035673e-05 +1.8406212296346490e-05 +5.7921117267416836e-05
157.00000000 +5.0000000000000000e+00 +2.0000290687216009e+00 +1.9019381223148346e-03 +9.9984222821588242e-01 +9.9999443264844801e-01 +9.9999173197223601e-01 +1.0000054626650081e+00 +1.0000069728106820e+00 +3.2384107145220363e-05 +5.4054183875982441e-05 -3.7706573770340143e-06 +1.6384836885165711e-05 +6.0119216843433554e-05
157.50000000 +5.0000000000000000e+00 +2.0000269054406594e+00 +1.9081087755432823e-03 +9.9982721798163399e-01 +9.9999399898858488e-01 +9.9999217126514295e-01 +1.0000063468448235e+00 +1.0000074133829842e+00 +3.7278083248051137e-05 +5.6022488533616162e-05 +2.8701732974863778e-06 +1.4363275692761046e-05 +6.2317518443095739e-05
158.00000000 +5.0000000000000000e+00 +2.0000247419608850e+00 +1.9142799959321818e-03 +9.9981220636775625e-01 +9.9999356528886296e-01 +9.9999261059842603e-01 +1.0000072311059061e+00 +1.0000078539957804e+00 +4.2172509168688571e-05 +5.7990974103143449e-05 +9.5116143476657037e-06 +1.2341528693519048e-05 +6.4516022094256184e-05
158.50000000 +5.0000000000000000e+00 +2.0000225782822496e+00 +1.9204517835597313e-03 +9.9979719337405959e-01 +9.9999313154927649e-01 +9.9999304997209137e-01 +1.0000081154482670e+00 +1.0000082946490760e+00 +4.7067384969151380e-05 +5.9959640609507579e-05 +1.6153665857659567e-05 +1.0319595861821580e-05 +6.6714727824772712e-05
159.00000000 +5.0000000000000000e+00 +2.0000204144047271e+00 +1.9266241385041422e-03 +9.9978217900035371e-01 +9.9999269776982058e-01 +9.9999348938614441e-01 +1.0000089998719175e+00 +1.0000087353428773e+00 +5.1962710711469658e-05 +6.1928488077656396e-05 +2.2796327911639112e-05 +8.2974771720457800e-06 +6.8913635662508425e-05
159.50000000 +5.0000000000000000e+00 +2.0000182503282899e+00 +1.9327970608436411e-03 +9.9976716324644788e-01 +9.9999226395048901e-01 +9.9999392884059046e-01 +1.0000098843768688e+00 +1.0000091760771890e+00 +5.6858486457684915e-05 +6.3897516532542353e-05 +2.9439600593790894e-05 +6.2751725985640845e-06 +7.1112745635331357e-05
160.00000000 +5.0000000000000000e+00 +2.0000160860529106e+00 +1.9389705506564678e-03 +9.9975214611215268e-01 +9.9999183009127723e-01 +9.9999436833543554e-01 +1.0000107689631323e+00 +1.0000096168520176e+00 +6.1754712269850080e-05 +6.5866725999122428e-05 +3.6083483988317014e-05 +4.2526821157442120e-06 +7.3312057771114829e-05
160.50000000 +5.0000000000000000e+00 +2.0000139215785615e+00 +1.9451446080208776e-03 +9.9973712759727684e-01 +9.9999139619217869e-01 +9.9999480787068495e-01 +1.0000116536307191e+00 +1.0000100576673683e+00 +6.6651388210029453e-05 +6.7836116502358236e-05 +4.2727978179434973e-05 +2.2300056979491750e-06 +7.5511572097737160e-05
161.00000000 +5.0000000000000000e+00 +2.0000132465514131e+00 +1.9412666449264812e-03 +9.9974673323512842e-01 +9.9999250208237322e-01 +9.9999561933866599e-01 +1.0000111691947891e+00 +1.0000098878995740e+00 +6.9023136014996324e-05 +5.9925318293930248e-05 +4.2767142673602512e-05 -1.1308756549334274e-06 +7.3503545861743804e-05
161.50000000 +5.0000000000000000e+00 +2.0000125714432540e+00 +1.9373882164360407e-03 +9.9975634002575631e-01 +9.9999360810528537e-01 +9.9999643090403112e-01 +1.0000106847007217e+00 +1.0000097181114058e+00 +7.1395168454452403e-05 +5.2013570707156533e-05 +4.2806311867918070e-05 -4.4921603486540633e-06 +7.1495278641645421e-05
162.00000000 +5.0000000000000000e+00 +2.0000118962540698e+00 +1.9335093224657736e-03 +9.9976594796936891e-01 +9.9999471426094022e-01 +9.9999724256679867e-01 +1.0000102001485065e+00 +1.0000095483028602e+00 +7.3767485579639486e-05 +4.4100873571123900e-05 +4.2845485763227827e-05 -7.8538484558247570e-06 +6.9486770394058543e-05
162.50000000 +5.0000000000000000e+00 +2.0000112209838465e+00 +1.9296299629318757e-03 +9.9977555706617338e-01 +9.9999582054936131e-01 +9.9999805432698619e-01 +1.0000097155381329e+00 +1.0000093784739335e+00 +7.6140087441811576e-05 +3.6187226714878110e-05 +4.2884664360378137e-05 -1.1215940049074959e-05 +6.7478021075589238e-05
163.00000000 +5.0000000000000000e+00 +2.0000105456325694e+00 +1.9257501377505232e-03 +9.9978516731637745e-01 +9.9999692697057263e-01 +9.9999886618461087e-01 +1.0000092308695909e+00 +1.0000092086246219e+00 +7.8512974092235052e-05 +2.8272629967423861e-05 +4.2923847660215547e-05 -1.4578435201051561e-05 +6.5469030642833153e-05
163.50000000 +5.0000000000000000e+00 +2.0000098702002234e+00 +1.9218698468378716e-03 +9.9979477872018874e-01 +9.9999803352459748e-01 +9.9999967813969015e-01 +1.0000087461428693e+00 +1.0000090387549214e+00 +8.0886145582188514e-05 +2.0357083157724804e-05 +4.2963035663586818e-05 -1.7941333984418890e-05 +6.3459799052375499e-05
164.00000000 +5.0000000000000000e+00 +2.0000091946867937e+00 +1.9179890901100576e-03 +9.9980439127781473e-01 +9.9999914021146019e-01 +1.0000004901922417e+00 +1.0000082613579580e+00 +1.0000088688648288e+00 +8.3259601962962912e-05 +1.2440586114703537e-05 +4.3002228371338902e-05 -2.1304636471858712e-05 +6.1450326260791105e-05
164.50000000 +5.0000000000000000e+00 +2.0000085190922667e+00 +1.9141078674831968e-03 +9.9981400498946371e-01 +1.0000002470311848e+00 +1.0000013023422833e+00 +1.0000077765148465e+00 +1.0000086989543402e+00 +8.5633343285861609e-05 +4.5231386672415828e-06 +4.3041425784318993e-05 -2.4668342736070276e-05 +5.9440612224644346e-05
165.00000000 +5.0000000000000000e+00 +2.0000078434166269e+00 +1.9102261788733841e-03 +9.9982361985534296e-01 +1.0000013539837951e+00 +1.0000021145898321e+00 +1.0000072916135241e+00 +1.0000085290234519e+00 +8.8007369602200123e-05 -3.3952593558206182e-06 +4.3080627903374424e-05 -2.8032452849770238e-05 +5.7430656900489188e-05
165.50000000 +5.0000000000000000e+00 +2.0000071676598608e+00 +1.9063440241966967e-03 +9.9983323587566109e-01 +1.0000024610693157e+00 +1.0000029269349062e+00 +1.0000068066539811e+00 +1.0000083590721609e+00 +9.0381680963306442e-05 -1.1314608125683762e-05 +4.3119834729352823e-05 -3.1396966885692776e-05 +5.5420460244869147e-05
166.00000000 +5.0000000000000000e+00 +2.0000064918219524e+00 +1.9024614033691877e-03 +9.9984285305062492e-01 +1.0000035682877690e+00 +1.0000037393775227e+00 +1.0000063216362061e+00 +1.0000081891004624e+00 +9.2756277420520737e-05 -1.9234907813589610e-05 +4.3159046263101922e-05 -3.4761884916589470e-05 +5.3410022214317305e-05
166.50000000 +5.0000000000000000e+00 +2.0000058159028877e+00 +1.8985783163068942e-03 +9.9985247138044353e-01 +1.0000046756391805e+00 +1.0000045519176992e+00 +1.0000058365601889e+00 +1.0000080191083534e+00 +9.5131159025195662e-05 -2.7156158590821094e-05 +4.3198262505469715e-05 -3.8127207015229431e-05 +5.1399342765356307e-05
167.00000000 +5.0000000000000000e+00 +2.0000051399026519e+00 +1.8946947629258297e-03 +9.9986209086532429e-01 +1.0000057831235729e+00 +1.0000053645554536e+00 +1.0000053514259191e+00 +1.0000078490958300e+00 +9.7506325828696053e-05 -3.5078360628702246e-05 +4.3237483457304388e-05 -4.1492933254399197e-05 +4.9388421854498337e-05
167.50000000 +5.0000000000000000e+00 +2.0000054975360020e+00 +1.8905739628258763e-03 +9.9987202569986433e-01 +1.0000060991816548e+00 +1.0000040321717232e+00 +1.0000045421541530e+00 +1.0000065128287079e+00 +8.8350184816588363e-05 -3.3108993505367231e-05 +3.9754453368068950e-05 -3.6878096903881168e-05 +4.8670417838729335e-05
168.00000000 +5.0000000000000000e+00 +2.0000058551307638e+00 +1.8864536073505847e-03 +9.9988195946245861e-01 +1.0000064152056340e+00 +1.0000026999317533e+00 +1.0000037329697051e+00 +1.0000051767057658e+00 +7.9195031730613515e-05 -3.1139838872124252e-05 +3.6271799089608182e-05 -3.2263758483377931e-05 +4.7952491293909029e-05
168.50000000 +5.0000000000000000e+00 +2.0000062126869445e+00 +1.8823336964279992e-03 +9.9989189215328145e-01 +1.0000067311955174e+00 +1.0000013678355213e+00 +1.0000029238725616e+00 +1.0000038407269809e+00 +7.0040866410887845e-05 -2.9170896694584386e-05 +3.2789520561101712e-05 -2.7649917912305622e-05 +4.7234642207499713e-05
169.00000000 +5.0000000000000000e+00 +2.0000065702045489e+00 +1.8782142299861766e-03 +9.9990182377250536e-01 +1.0000070471513096e+00 +1.0000000358830039e+00 +1.0000021148627083e+00 +1.0000025048923289e+00 +6.0887688697562034e-05 -2.7202166938366144e-05 +2.9307617721742301e-05 -2.3036575110097753e-05 +4.6516870566966341e-05
169.50000000 +5.0000000000000000e+00 +2.0000069276835855e+00 +1.8740952079531932e-03 +9.9991175432030477e-01 +1.0000073630730166e+00 +9.9999870407417801e-01 +1.0000013059401314e+00 +1.0000011692017874e+00 +5.1735498430821409e-05 -2.5233649569095453e-05 +2.5826090510735832e-05 -1.8423729996205228e-05 +4.5799176359776642e-05
170.00000000 +5.0000000000000000e+00 +2.0000072851240587e+00 +1.8699766302571362e-03 +9.9992168379685209e-01 +1.0000076789606436e+00 +9.9999737240901987e-01 +1.0000004971048164e+00 +9.9999983365533252e-01 +4.2584295450885624e-05 -2.3265344552405634e-05 +2.2344938867301264e-05 -1.3811382490096310e-05 +4.5081559573400966e-05
170.50000000 +5.0000000000000000e+00 +2.0000076425259756e+00 +1.8658584968261123e-03 +9.9993161220232152e-01 +1.0000079948141962e+00 +9.9999604088750671e-01 +9.9999968835674913e-01 +9.9999849825294096e-01 +3.3434079598008935e-05 -2.1297251853937444e-05 +1.8864162730670733e-05 -9.1995325112566591e-06 +4.4364020195312434e-05
171.00000000 +5.0000000000000000e+00 +2.0000079998893416e+00 +1.8617408075882408e-03 +9.9994153953688558e-01 +1.0000083106336801e+00 +9.9999470950961511e-01 +9.9999887969591572e-01 +9.9999716299458985e-01 +2.4284850712479932e-05 -1.9329371439339048e-05 +1.5383762040089415e-05 -4.5881799791892872e-06 +4.3646558212986816e-05
171.50000000 +5.0000000000000000e+00 +2.0000083572141643e+00 +1.8576235624716587e-03 +9.9995146580071825e-01 +1.0000086264191010e+00 +9.9999337827532186e-01 +9.9999807112230232e-01 +9.9999582788025543e-01 +1.5136608634621780e-05 -1.7361703274266017e-05 +1.1903736734815664e-05 +2.2675186585411210e-08 +4.2929173613902628e-05
172.00000000 +5.0000000000000000e+00 +2.0000087145004484e+00 +1.8535067614045171e-03 +9.9996139099399217e-01 +1.0000089421704637e+00 +9.9999204718460366e-01 +9.9999726263589406e-01 +9.9999449290991471e-01 +5.9893532047919960e-06 -1.5394247324381324e-05 +8.4240867541208661e-06 +4.6330330665297097e-06 +4.2211866385541068e-05
172.50000000 +5.0000000000000000e+00 +2.0000090717482011e+00 +1.8493904043149830e-03 +9.9997131511688053e-01 +1.0000092578877740e+00 +9.9999071623743707e-01 +9.9999645423667738e-01 +9.9999315808354405e-01 -3.1569157366174105e-06 -1.3427003555355372e-05 +4.9448120372895625e-06 +9.2428937410884939e-06 +4.1494636515386005e-05
173.00000000 +5.0000000000000000e+00 +2.0000094289574282e+00 +1.8452744911312388e-03 +9.9998123816955709e-01 +1.0000095735710375e+00 +9.9998938543379912e-01 +9.9999564592463797e-01 +9.9999182340112036e-01 -1.2302198349180051e-05 -1.1459971932865934e-05 +1.4659125236193507e-06 +1.3852257290689331e-05 +4.0777483990924073e-05
173.50000000 +5.0000000000000000e+00 +2.0000097861281367e+00 +1.8411590217814831e-03 +9.9999116015219436e-01 +1.0000098892202600e+00 +9.9998805477366715e-01 +9.9999483769976216e-01 +9.9999048886262054e-01 -2.1446494792435083e-05 -9.4931524225982234e-06 -2.0126118475790536e-06 +1.8461123795742420e-05 +4.0060408799644559e-05
174.00000000 +5.0000000000000000e+00 +2.0000099680162124e+00 +1.8482559586996453e-03 +9.9997464990187446e-01 +1.0000083385585028e+00 +9.9998857959456700e-01 +9.9999335474293227e-01 +9.9999298861408625e-01 -2.5615719705957189e-05 -4.2808606804962102e-06 +4.9601149902381074e-06 +2.5719842059287860e-05 +4.1305195664681206e-05
174.50000000 +5.0000000000000000e+00 +2.0000101499087126e+00 +1.8553530682382505e-03 +9.9995813924997157e-01 +1.0000067878590282e+00 +9.9998910442823219e-01 +9.9999187175003201e-01 +9.9999548842635377e-01 -2.9785046028504000e-05 +9.3155784138694314e-07 +1.1933011427307611e-05 +3.2978736878321424e-05 +4.2550012806957512e-05
175.00000000 +5.0000000000000000e+00 +2.0000103318056364e+00 +1.8624503504035971e-03 +9.9994162819647170e-01 +1.0000052371218358e+00 +9.9998962927466351e-01 +9.9999038872106027e-01 +9.9999798829942588e-01 -3.3954473763775464e-05 +6.1441031476768342e-06 +1.8906077469817340e-05 +4.0237808259284820e-05 +4.3794860227578183e-05
175.50000000 +5.0000000000000000e+00 +2.0000105137069850e+00 +1.8695478052019824e-03 +9.9992511674135975e-01 +1.0000036863469233e+00 +9.9999015413386105e-01 +9.9998890565601561e-01 +1.0000004882333042e+00 -3.8124002915471693e-05 +1.1356775242999288e-05 +2.5879313123955466e-05 +4.7497056208620003e-05 +4.5039737927647929e-05
176.00000000 +5.0000000000000000e+00 +2.0000106956127581e+00 +1.8766454326397065e-03 +9.9990860488462130e-01 +1.0000021355342894e+00 +9.9999067900582506e-01 +9.9998742255489648e-01 +1.0000029882279913e+00 -4.2293633487292974e-05 +1.6569574131980347e-05 +3.2852718395910478e-05 +5.4756480732769302e-05 +4.6284645908271515e-05
176.50000000 +5.0000000000000000e+00 +2.0000108775229566e+00 +1.8837432327230685e-03 +9.9989209262624190e-01 +1.0000005846839333e+00 +9.9999120389055673e-01 +9.9998593941770242e-01 +1.0000054882834895e+00 -4.6463365482939817e-05 +2.1782499819246297e-05 +3.9826293291871158e-05 +6.2016081838175339e-05 +4.7529584170553814e-05
177.00000000 +5.0000000000000000e+00 +2.0000110594375795e+00 +1.8908412054583661e-03 +9.9987557996620613e-01 +9.9999903379585287e-01 +9.9999172878805564e-01 +9.9998445624443089e-01 +1.0000079883998008e+00 -5.0633198906112841e-05 +2.6995552309423614e-05 +4.6800037818026575e-05 +6.9275859531281019e-05 +4.8774552715599672e-05
177.50000000 +5.0000000000000000e+00 +2.0000112413566273e+00 +1.8979393508518998e-03 +9.9985906690449999e-01 +9.9999748287004697e-01 +9.9999225369832290e-01 +9.9998297303508132e-01 +1.0000104885769272e+00 -5.4803133760512910e-05 +3.2208731607139041e-05 +5.3773951980566116e-05 +7.6535813818529613e-05 +5.0019551544514063e-05
178.00000000 +5.0000000000000000e+00 +2.0000114232801010e+00 +1.9050376689099698e-03 +9.9984255344110839e-01 +9.9999593190651470e-01 +9.9999277862135882e-01 +9.9998148978965218e-01 +1.0000129888148712e+00 -5.8973170049841036e-05 +3.7422037717019505e-05 +6.0748035785679482e-05 +8.3795944706364670e-05 +5.1264580658401965e-05
178.50000000 +5.0000000000000000e+00 +2.0000116052079986e+00 +1.9121361596388759e-03 +9.9982603957601701e-01 +9.9999438090525372e-01 +9.9999330355716332e-01 +9.9998000650814212e-01 +1.0000154891136346e+00 -6.3143307777798393e-05 +4.2635470643692192e-05 +6.7722289239556635e-05 +9.1056252201230051e-05 +5.2509640058368423e-05
179.00000000 +5.0000000000000000e+00 +2.0000117871403238e+00 +1.9192348230449199e-03 +9.9980952530921141e-01 +9.9999282986626381e-01 +9.9999382850573793e-01 +9.9997852319055025e-01 +1.0000179894732211e+00 -6.7313546948086415e-05 +4.7849030391784523e-05 +7.4696712348387896e-05 +9.8316736309569995e-05 +5.3754729745518584e-05
179.50000000 +5.0000000000000000e+00 +2.0000119690770730e+00 +1.9263336591344010e-03 +9.9979301064067627e-01 +9.9999127878954264e-01 +9.9999435346708221e-01 +9.9997703983687469e-01 +1.0000204898936311e+00 -7.1483887564406594e-05 +5.3062716965924070e-05 +8.1671305118363814e-05 +1.0557739703782893e-04 +5.4999849720957557e-05
180.00000000 +5.0000000000000000e+00 +2.0000121510182489e+00 +1.9334326679136210e-03 +9.9977649557039716e-01 +9.9998972767508953e-01 +9.9999487844119694e-01 +9.9997555644711422e-01 +1.0000229903748674e+00 -7.5654329630460708e-05 +5.8276530370738710e-05 +8.8646067555675292e-05 +1.1283823439245169e-04 +5.6244999985790569e-05
180.50000000 +5.0000000000000000e+00 +2.0000216494262846e+00 +1.9179884626014743e-03 +9.9981346495784951e-01 +9.9999025268000663e-01 +9.9999425735036529e-01 +9.9997793453652739e-01 +1.0000230665400140e+00 -7.4948435239525222e-05 +4.6922511106290363e-05 +8.1125256343750785e-05 +1.0838727193274488e-04 +3.9537340477195853e-05
181.00000000 +5.0000000000000000e+00 +2.0000311492440113e+00 +1.9025419651625896e-03 +9.9985043983205357e-01 +9.9999077776284151e-01 +9.9999363616735559e-01 +9.9998031297888046e-01 +1.0000231427164645e+00 -7.4242436084416067e-05 +3.5566806753447437e-05 +7.3603328942801430e-05 +1.0393564889064774e-04 +2.2827201328353684e-05
181.50000000 +5.0000000000000000e+00 +2.0000406504717421e+00 +1.8870931750866562e-03 +9.9988742019423116e-01 +9.9999130292361138e-01 +9.9999301489214709e-01 +9.9998269177425292e-01 +1.0000232189042215e+00 -7.3536332141808911e-05 +2.4209416937047599e-05 +6.6080285104322682e-05 +9.9483365119090448e-05 +6.1145819872054180e-06
182.00000000 +5.0000000000000000e+00 +2.0000501531097918e+00 +1.8716420918632108e-03 +9.9992440604560362e-01 +9.9999182816233378e-01 +9.9999239352471914e-01 +9.9998507092272226e-01 +1.0000232951032872e+00 -7.2830123388372496e-05 +1.2850341281817142e-05 +5.8556124579736257e-05 +9.5030420470959567e-05 -1.0600518098471492e-05
182.50000000 +5.0000000000000000e+00 +2.0000596571584746e+00 +1.8561887149816398e-03 +9.9996139738739420e-01 +9.9999235347902615e-01 +9.9999177206505163e-01 +9.9998745042436799e-01 +1.0000233713136648e+00 -7.2123809800768652e-05 +1.4895794123709396e-06 +5.1030847120390088e-05 +9.0576814799097911e-05 -2.7318099481063535e-05
183.00000000 +5.0000000000000000e+00 +2.0000691626181033e+00 +1.8407330439311771e-03 +9.9999839422082470e-01 +9.9999287887370558e-01 +9.9999115051312382e-01 +9.9998983027926869e-01 +1.0000234475353562e+00 -7.1417391355652228e-05 -9.8728690467876150e-06 +4.3504452477558211e-05 +8.6122547956304652e-05 -4.4038162713121250e-05
183.50000000 +5.0000000000000000e+00 +2.0000786694889938e+00 +1.8252750782009046e-03 +1.0000353965471185e+00 +9.9999340434638961e-01 +9.9999052886891493e-01 +9.9999221048750264e-01 +1.0000235237683641e+00 -7.0710868029671151e-05 -2.1237004471266595e-05 +3.5976940402440871e-05 +8.1667619795335229e-05 -6.0760708347359197e-05
184.00000000 +5.0000000000000000e+00 +2.0000881777714596e+00 +1.8098148172797531e-03 +1.0000724043674987e+00 +9.9999392989709546e-01 +9.9998990713240488e-01 +9.9999459104914856e-01 +1.0000236000126910e+00 -7.0004239799466487e-05 -3.2602827236785641e-05 +2.8448310646164370e-05 +7.7212030168901359e-05 -7.7485736936656129e-05
184.50000000 +5.0000000000000000e+00 +2.0000976874658147e+00 +1.7943522606565013e-03 +1.0001094176831893e+00 +9.9999445552584043e-01 +9.9998928530357256e-01 +9.9999697196428539e-01 +1.0000236762683392e+00 -6.9297506641672284e-05 -4.3970337719175929e-05 +2.0918562959781160e-05 +7.2755778929671039e-05 -9.4213249034054853e-05
185.00000000 +5.0000000000000000e+00 +2.0001071985723744e+00 +1.7788874078197771e-03 +1.0001464364954142e+00 +9.9999498123264241e-01 +9.9998866338239789e-01 +9.9999935323299172e-01 +1.0000237525353119e+00 -6.8590668532915691e-05 -5.5339536294380351e-05 +1.3387697094269718e-05 +6.8298865930268478e-05 -1.1094324519276268e-04
185.50000000 +5.0000000000000000e+00 +2.0001167110914522e+00 +1.7634202582580548e-03 +1.0001834608053977e+00 +9.9999550701751816e-01 +9.9998804136885999e-01 +1.0000017348553463e+00 +1.0000238288136110e+00 -6.7883725449816905e-05 -6.6710423338453326e-05 +5.8557128005345696e-06 +6.3841291023274111e-05 -1.2767572596615099e-04
186.00000000 +5.0000000000000000e+00 +2.0001262250233647e+00 +1.7479508114596586e-03 +1.0002204906143655e+00 +9.9999603288048577e-01 +9.9998741926293877e-01 +1.0000041168314284e+00 +1.0000239051032396e+00 -6.7176677368989182e-05 -7.8082999227561142e-05 -1.6773901705937698e-06 +5.9383054061224631e-05 -1.4441069190775573e-04
186.50000000 +5.0000000000000000e+00 +2.0001357403684250e+00 +1.7324790669127586e-03 +1.0002575259235416e+00 +9.9999655882156180e-01 +9.9998679706461291e-01 +1.0000064991613160e+00 +1.0000239814041993e+00 -6.6469524267038775e-05 -8.9457264337981660e-05 -9.2116120683587737e-06 +5.4924154896612848e-05 -1.6114814357127708e-04
187.00000000 +5.0000000000000000e+00 +2.0001282189803442e+00 +1.7437881802942819e-03 +1.0002289983755135e+00 +9.9999781604250237e-01 +9.9999243087279743e-01 +1.0000066988181600e+00 +1.0000207825016789e+00 -7.7438368094422442e-05 -9.2186415201821195e-05 -5.1960715225920633e-06 +6.8414866922877167e-05 -1.4032063572523473e-04
187.50000000 +5.0000000000000000e+00 +2.0001206987135602e+00 +1.7550956076980966e-03 +1.0002004750804097e+00 +9.9999907307601443e-01 +9.9999806384108580e-01 +1.0000068984452384e+00 +1.0000175840760546e+00 -8.8405576671937312e-05 -9.4915159200209583e-05 -1.1811296189660937e-06 +8.1903567735797805e-05 -1.1949623287184303e-04
188.00000000 +5.0000000000000000e+00 +2.0001131795678257e+00 +1.7664013495011981e-03 +1.0001719560372802e+00 +1.0000003299221403e+00 +1.0000036959696665e+00 +1.0000070980425586e+00 +1.0000143861272208e+00 -9.9371150365234093e-05 -9.7643496424124193e-05 +2.8332137763787061e-06 +9.5390257785092880e-05 -9.8674934316809207e-05
188.50000000 +5.0000000000000000e+00 +2.0001056615428876e+00 +1.7777054060804658e-03 +1.0001434412451735e+00 +1.0000015865809218e+00 +1.0000093272587269e+00 +1.0000072976101271e+00 +1.0000111886550698e+00 -1.1033508953985430e-04 -1.0037142696451511e-04 +6.8469587972620027e-06 +1.0887493752034626e-04 -7.7856739366047249e-05
189.00000000 +5.0000000000000000e+00 +2.0000981446384971e+00 +1.7890077778126706e-03 +1.0001149307031403e+00 +1.0000028430524011e+00 +1.0000149577084556e+00 +1.0000074971479505e+00 +1.0000079916594966e+00 -1.2129739456123061e-04 -1.0309895091230550e-04 +1.0860105577463577e-05 +1.2235760739100798e-04 -5.7041647325678186e-05
189.50000000 +5.0000000000000000e+00 +2.0000906288544020e+00 +1.8003084650744672e-03 +1.0000864244102294e+00 +1.0000040993366195e+00 +1.0000205873190389e+00 +1.0000076966560352e+00 +1.0000047951403930e+00 -1.3225806579468665e-04 -1.0582606835839120e-04 +1.4872654250723335e-05 +1.3583826784639393e-04 -3.6229657502029725e-05
190.00000000 +5.0000000000000000e+00 +2.0000831141903528e+00 +1.8116074682424006e-03 +1.0000579223654915e+00 +1.0000053554336192e+00 +1.0000262160906652e+00 +1.0000078961343881e+00 +1.0000015990976534e+00 -1.4321710360543731e-04 -1.0855277939364111e-04 +1.8884604950741306e-05 +1.4931691933568617e-04 -1.5420769201636490e-05
190.50000000 +5.0000000000000000e+00 +2.0000756006460989e+00 +1.8229047876929031e-03 +1.0000294245679766e+00 +1.0000066113434420e+00 +1.0000318440235221e+00 +1.0000080955830157e+00 +9.9999840353117087e-01 -1.5417450835858844e-04 -1.1127908410889700e-04 +2.2895957811177702e-05 +1.6279356230793296e-04 +5.3850182687603509e-06
191.00000000 +5.0000000000000000e+00 +2.0000680882213899e+00 +1.8342004238022945e-03 +1.0000009310167361e+00 +1.0000078670661297e+00 +1.0000374711177966e+00 +1.0000082950019247e+00 +9.9999520844083933e-01 -1.6513028041913728e-04 -1.1400498259497361e-04 +2.6906712965652865e-05 +1.7626819721204860e-04 +2.6187705602212931e-05
191.50000000 +5.0000000000000000e+00 +2.0000605769159763e+00 +1.8454943769467829e-03 +9.9997244171082078e-01 +1.0000091226017243e+00 +1.0000430973736765e+00 +1.0000084943911220e+00 +9.9999201382655256e-01 -1.7608442015197226e-04 -1.1673047494265855e-04 +3.0916870547747360e-05 +1.8974082449681374e-04 +4.6987293491566976e-05
192.00000000 +5.0000000000000000e+00 +2.0000530667296061e+00 +1.8567866475024631e-03 +9.9994395664928160e-01 +1.0000103779502674e+00 +1.0000487227913488e+00 +1.0000086937506143e+00 +9.9998881968820363e-01 -1.8703692792187293e-04 -1.1945556124271238e-04 +3.4926430691001916e-05 +2.0321144461087512e-04 +6.7783782629461642e-05
192.50000000 +5.0000000000000000e+00 +2.0000455576620313e+00 +1.8680772358453186e-03 +9.9991547583116991e-01 +1.0000116331118007e+00 +1.0000543473710009e+00 +1.0000088930804072e+00 +9.9998562602568619e-01 -1.9798780409351034e-04 -1.2218024158586869e-04 +3.8935393528917487e-05 +2.1668005800274604e-04 +8.8577173708329827e-05
193.00000000 +5.0000000000000000e+00 +2.0000380497130008e+00 +1.8793661423512221e-03 +9.9988699925553826e-01 +1.0000128880863661e+00 +1.0000599711128202e+00 +1.0000090923805085e+00 +9.9998243283889432e-01 -2.0893704903144681e-04 -1.2490451606283400e-04 +4.2943759194955266e-05 +2.3014666512080612e-04 +1.0936746742039807e-04
193.50000000 +5.0000000000000000e+00 +2.0000291064004836e+00 +1.8839225257434367e-03 +9.9987402058745212e-01 +1.0000105076229833e+00 +1.0000558851207992e+00 +1.0000087645795956e+00 +9.9998148190182889e-01 -1.8706282009606033e-04 -1.1306256290331174e-04 +4.4129222358387295e-05 +2.1691772672085893e-04 +1.0841862283841206e-04
194.00000000 +5.0000000000000000e+00 +2.0000201655520611e+00 +1.8884776537434536e-03 +9.9986104549529864e-01 +1.0000081278154742e+00 +1.0000518002545660e+00 +1.0000084368689999e+00 +9.9998053122676900e-01 -1.6519461803198067e-04 -1.0122387248406366e-04 +4.5314358898469707e-05 +2.0369243320866978e-04 +1.0747003968571812e-04
194.50000000 +5.0000000000000000e+00 +2.0000112271667163e+00 +1.8930315268700371e-03 +9.9984807397759934e-01 +1.0000057486635685e+00 +1.0000477165136556e+00 +1.0000081092486834e+00 +9.9997958081360638e-01 -1.4333244034873103e-04 -8.9388443456831483e-05 +4.6499168950172662e-05 +1.9047078307806597e-04 +1.0652171785428617e-04
195.00000000 +5.0000000000000000e+00 +2.0000022912434310e+00 +1.8975841456416659e-03 +9.9983510603287806e-01 +1.0000033701669953e+00 +1.0000436338976033e+00 +1.0000077817186095e+00 +9.9997863066223336e-01 -1.2147628455720652e-04 -7.7556274474099686e-05 +4.7683652648392033e-05 +1.7725277482370471e-04 +1.0557365723614559e-04
195.50000000 +5.0000000000000000e+00 +1.9999933577811893e+00 +1.9021355105765332e-03 +9.9982214165965844e-01 +1.0000009923254842e+00 +1.0000395524059449e+00 +1.0000074542787407e+00 +9.9997768077254190e-01 -9.9626148169673279e-05 -6.5727364189094940e-05 +4.8867810127949328e-05 +1.6403840694107221e-04 +1.0462585772338530e-04
196.00000000 +5.0000000000000000e+00 +1.9999844267789724e+00 +1.9066856221925457e-03 +9.9980918085646520e-01 +9.9999861513876398e-01 +1.0000354720382145e+00 +1.0000071269290396e+00 +9.9997673114442298e-01 -7.7782028699767506e-05 -5.3901711255785643e-05 +5.0051641523591776e-05 +1.5082767792648329e-04 +1.0367831920815351e-04
196.50000000 +5.0000000000000000e+00 +1.9999754982357669e+00 +1.9112344810073266e-03 +9.9979622362182419e-01 +9.9999623860656472e-01 +1.0000313927939493e+00 +1.0000067996694690e+00 +9.9997578177776947e-01 -5.5943923662494705e-05 -4.2079314328881467e-05 +5.1235146969992498e-05 +1.3762058627708095e-04 +1.0273104158265801e-04
197.00000000 +5.0000000000000000e+00 +1.9999665721505553e+00 +1.9157820875382121e-03 +9.9978326995426137e-01 +9.9999386272861579e-01 +1.0000273146726846e+00 +1.0000064724999917e+00 +9.9997483267247278e-01 -3.4111830574228426e-05 -3.0260172063832703e-05 +5.2418326601750390e-05 +1.2441713049083543e-04 +1.0178402473916577e-04
197.50000000 +5.0000000000000000e+00 +1.9999576485223240e+00 +1.9203284423022558e-03 +9.9977031985230469e-01 +9.9999148750464750e-01 +1.0000232376739573e+00 +1.0000061454205709e+00 +9.9997388382842556e-01 -1.2285746952709643e-05 -1.8444283116829935e-05 +5.3601180553390277e-05 +1.1121730906654412e-04 +1.0083726857000317e-04
198.00000000 +5.0000000000000000e+00 +1.9999487273500578e+00 +1.9248735458162242e-03 +9.9975737331448122e-01 +9.9998911293438908e-01 +1.0000191617973033e+00 +1.0000058184311686e+00 +9.9997293524551945e-01 +9.5343296829544463e-06 -6.6316461448033547e-06 +5.4783708959362923e-05 +9.8021120503830454e-05 +9.9890772967555814e-05
198.50000000 +5.0000000000000000e+00 +1.9999398086327438e+00 +1.9294173985966022e-03 +9.9974443033932059e-01 +9.9998673901757140e-01 +1.0000150870422602e+00 +1.0000054915317487e+00 +9.9997198692364730e-01 +3.1348401812291134e-05 +5.1777401945776141e-06 +5.5965911954045120e-05 +8.4828563303143885e-05 +9.8944537824268566e-05
199.00000000 +5.0000000000000000e+00 +1.9999308923693677e+00 +1.9339600011595876e-03 +9.9973149092535174e-01 +9.9998436575392458e-01 +1.0000110134083642e+00 +1.0000051647222730e+00 +9.9997103886270045e-01 +5.3156471913463362e-05 +1.6983877242904914e-05 +5.7147789671739667e-05 +7.1639635965758838e-05 +9.7998563032645415e-05
199.50000000 +5.0000000000000000e+00 +1.9999219785589182e+00 +1.9385013540210972e-03 +9.9971855507110563e-01 +9.9998199314317904e-01 +1.0000069408951535e+00 +1.0000048380027049e+00 +9.9997009106257206e-01 +7.4958542463270480e-05 +2.8786766341032291e-05 +5.8329342246675529e-05 +5.8454336993774540e-05 +9.7052848485249609e-05
200.00000000 +5.0000000000000000e+00 +2.0000084452588616e+00 +1.8350185888710182e-03 +1.0000206790880939e+00 +9.9998303159000301e-01 +9.9997219291685879e-01 +9.9998289432928278e-01 +1.0000672374432071e+00 -5.2163046920937610e-05 -5.1537233720260638e-05 -1.1616414740689372e-04 +1.7900324413509247e-04 +1.4825803885570315e-05
