#discretizing the bath
#     0 0.0000000000000000e+00 -6.3190000000000002e-01
#     1 1.8614212013644007e-03 -2.2696210491336405e-01
#     2 1.8614212013644007e-03 -2.1300250157838457e-01
#     3 1.8614212013644007e-03 -1.9860903399086466e-01
#     4 1.8614212013644007e-03 -1.8379440657754945e-01
#     5 1.8614212013644007e-03 -1.6857026880113460e-01
#     6 1.8614212013644007e-03 -1.5294735358628916e-01
#     7 1.8614212013644007e-03 -1.3693559157244958e-01
#     8 1.8614212013644007e-03 -1.2054420636533802e-01
#     9 1.8614212013644007e-03 -1.0378179466753085e-01
  0.00000000 +1.0000000000000000e+00 +1.9999999999999989e+00 +1.8374661879283106e-03 +1.0000000000000000e+00 +1.0000000000000000e+00 +1.0000000000000000e+00 +1.0000000000000000e+00 +1.0000000000000000e+00 +0.0000000000000000e+00 +0.0000000000000000e+00 +0.0000000000000000e+00 +0.0000000000000000e+00 +0.0000000000000000e+00
  0.50000000 +1.0000000000000027e+00 +1.9999999999963487e+00 +1.8391721797698414e-03 +9.9999566890014657e-01 +9.9999999999906442e-01 +9.9999999999906442e-01 +9.9999999999906442e-01 +9.9999999999906442e-01 +8.6622072154171193e-07 +8.6622072154171193e-07 +8.6622072154171214e-07 +8.6622072154171183e-07 +8.6622072154171204e-07
  1.00000000 +1.0000000000000033e+00 +1.9999999999568498e+00 +1.8439549131627562e-03 +9.9998351984175016e-01 +9.9999999998566014e-01 +9.9999999998567002e-01 +9.9999999998568023e-01 +9.9999999998569111e-01 +3.3078703821635375e-06 +3.3021990256252679e-06 +3.2962871242782901e-06 +3.2901312346116447e-06 +3.2837277986017138e-06
  1.50000000 +1.0000000000000047e+00 +1.9999999998014688e+00 +1.8508751690328241e-03 +9.9996591939877211e-01 +9.9999999993116417e-01 +9.9999999993126332e-01 +9.9999999993136912e-01 +9.9999999993148092e-01 +6.8825900043671843e-06 +6.8506624588748117e-06 +6.8174597677559216e-06 +6.7829725106141909e-06 +6.7471912320659397e-06
  2.00000000 +1.0000000000000062e+00 +1.9999999994142437e+00 +1.8585759543363689e-03 +9.9994629104018240e-01 +9.9999999979757692e-01 +9.9999999979807752e-01 +9.9999999979861021e-01 +9.9999999979917642e-01 +1.0943431652131377e-05 +1.0846221318316530e-05 +1.0745475276505041e-05 +1.0641206813639738e-05 +1.0533431346459912e-05
  2.50000000 +1.0000000000000082e+00 +1.9999999986658505e+00 +1.8655511360199850e-03 +9.9992844281598459e-01 +9.9999999954950447e-01 +9.9999999955121710e-01 +9.9999999955304053e-01 +9.9999999955497731e-01 +1.4756839432908450e-05 +1.4541060245695941e-05 +1.4318463510409846e-05 +1.4089196396058496e-05 +1.3853415731776930e-05
  3.00000000 +1.0000000000000093e+00 +1.9999999974386795e+00 +1.8704428232622894e-03 +9.9991582145853464e-01 +9.9999999916638360e-01 +9.9999999917092275e-01 +9.9999999917575211e-01 +9.9999999918087779e-01 +1.7636174527663956e-05 +1.7245932891788174e-05 +1.6845768093561822e-05 +1.6436199901292324e-05 +1.6017772162267685e-05
  3.50000000 +1.0000000000000107e+00 +1.9999999956495447e+00 +1.8723082255097370e-03 +9.9991084039437672e-01 +9.9999999865172629e-01 +9.9999999866172429e-01 +9.9999999867234679e-01 +9.9999999868360490e-01 +1.9066294725621807e-05 +1.8459681591949301e-05 +1.7842395342740939e-05 +1.7215693174081967e-05 +1.6580871439855000e-05
  4.00000000 +1.0000000000000120e+00 +1.9999999932655892e+00 +1.8708030485036862e-03 +9.9991441392416514e-01 +9.9999999803675177e-01 +9.9999999805582640e-01 +9.9999999807605799e-01 +9.9999999809745976e-01 +1.8796414457688900e-05 +1.7962765982867028e-05 +1.7122734995944363e-05 +1.6278724045146998e-05 +1.5433170318952904e-05
  4.50000000 +1.0000000000000133e+00 +1.9999999903103158e+00 +1.8662454246582525e-03 +9.9992578831541890e-01 +9.9999999737704381e-01 +9.9999999740940126e-01 +9.9999999744364976e-01 +9.9999999747979740e-01 +1.6884381479307337e-05 +1.5857220697988511e-05 +1.4835317436259388e-05 +1.3822496848812561e-05 +1.2822558296264446e-05
  5.00000000 +1.0000000000000147e+00 +1.9999999868586318e+00 +1.8595484409119772e-03 +9.9994270119952411e-01 +9.9999999674250695e-01 +9.9999999679213114e-01 +9.9999999684453122e-01 +9.9999999689969543e-01 +1.3684501811820023e-05 +1.2545726423313826e-05 +1.1432065774083378e-05 +1.0348681222360183e-05 +9.3005464568277512e-06
  5.50000000 +1.0000000000000162e+00 +1.9999999830219541e+00 +1.8520356338767674e-03 +9.9996183544477202e-01 +9.9999999620251057e-01 +9.9999999627202207e-01 +9.9999999634523340e-01 +9.9999999642209225e-01 +9.7814473321680050e-06 +8.6540899240930442e-06 +7.5784320074810113e-06 +6.5603023224864471e-06 +5.6050418688322263e-06
  6.00000000 +1.0000000000000180e+00 +1.9999999789263625e+00 +1.8451770539467242e-03 +9.9997947566716272e-01 +9.9999999580938803e-01 +9.9999999589877742e-01 +9.9999999599267575e-01 +9.9999999609097234e-01 +5.8826592139561585e-06 +4.9121569269872923e-06 +4.0224042750499074e-06 +3.2185410542760538e-06 +2.5047796473656405e-06
  6.50000000 +1.0000000000000220e+00 +1.9999999746881312e+00 +1.8402990035623168e-03 +9.9999223627222322e-01 +9.9999999558405128e-01 +9.9999999568958797e-01 +9.9999999580018206e-01 +9.9999999591565658e-01 +2.6891918779408750e-06 +2.0159786742513394e-06 +1.4483460406944710e-06 +9.8880417751099229e-07 +6.3841762911011724e-07
  7.00000000 +1.0000000000000218e+00 +1.9999999703914186e+00 +1.8383252784184914e-03 +9.9999771706919294e-01 +9.9999999550723506e-01 +9.9999999562089914e-01 +9.9999999573982845e-01 +9.9999999586380373e-01 +7.6874974745278631e-07 +4.9744606077470967e-07 +3.4442194853784282e-07 +3.0739645027006613e-07 +3.8218494365029089e-07
  7.50000000 +1.0000000000000226e+00 +1.9999999660724339e+00 +1.8396008399161772e-03 +9.9999495836876007e-01 +9.9999999551884677e-01 +9.9999999562856590e-01 +9.9999999574347920e-01 +9.9999999586339428e-01 +4.5407675016753826e-07 +6.2597779498161880e-07 +9.0946363018999429e-07 +1.2956800557626099e-06 +1.7736788444094570e-06
  8.00000000 +1.0000000000000244e+00 +1.9999999617131130e+00 +1.8438318356344390e-03 +9.9998460859088090e-01 +9.9999999552624863e-01 +9.9999999561709429e-01 +9.9999999571303710e-01 +9.9999999581404297e-01 +1.7850109864094419e-06 +2.3605525560753704e-06 +3.0171521855265646e-06 +3.7387038942809594e-06 +4.5073192033296393e-06
  8.50000000 +1.0000000000000260e+00 +1.9999999572453593e+00 +1.8501522998014702e-03 +9.9996877527470951e-01 +9.9999999542037055e-01 +9.9999999547665686e-01 +9.9999999553838093e-01 +9.9999999560585906e-01 +4.5043465318197252e-06 +5.3606539787666130e-06 +6.2439654871962132e-06 +7.1320044804612999e-06 +8.0017136801940303e-06
  9.00000000 +1.0000000000000289e+00 +1.9999999525649210e+00 +1.8573025287500634e-03 +9.9995059325267677e-01 +9.9999999509677617e-01 +9.9999999510477333e-01 +9.9999999511961646e-01 +9.9999999514221605e-01 +8.1076902691336309e-06 +9.0534411610710052e-06 +9.9547515195610221e-06 +1.0786374329795608e-05 +1.1524026804948799e-05
  9.50000000 +1.0000000000000300e+00 +1.9999999475520231e+00 +1.8638821478444113e-03 +9.9993359903357437e-01 +9.9999999447755805e-01 +9.9999999442832543e-01 +9.9999999438911635e-01 +9.9999999436169640e-01 +1.1937618341335961e-05 +1.2743831502323533e-05 +1.3428544527427649e-05 +1.3968717260542105e-05 +1.4344598249559180e-05
 10.00000000 +1.0000000000000313e+00 +1.9999999420946681e+00 +1.8686266271084897e-03 +9.9992103724052028e-01 +9.9999999352952429e-01 +9.9999999342125079e-01 +9.9999999332856715e-01 +9.9999999325432554e-01 +1.5304445877052664e-05 +1.5746208516157220e-05 +1.5999546789968958e-05 +1.6050029049964762e-05 +1.5888995738431661e-05
 10.50000000 +1.0000000000000329e+00 +1.9999999361100147e+00 +1.8706522014253471e-03 +9.9991523623589229e-01 +9.9999999227465086e-01 +9.9999999211388346e-01 +9.9999999197702860e-01 +9.9999999186817157e-01 +1.7611275795595201e-05 +1.7512635437932501e-05 +1.7185534137136348e-05 +1.6630451800764046e-05 +1.5855633369375545e-05
 11.00000000 +1.0000000000000344e+00 +1.9999999295597364e+00 +1.8696213953100541e-03 +9.9991717401752256e-01 +9.9999999079017021e-01 +9.9999999059146338e-01 +9.9999999042770593e-01 +9.9999999030422693e-01 +1.8460502580066830e-05 +1.7733445430942393e-05 +1.6778771802903276e-05 +1.5616399874945189e-05 +1.4274749397602740e-05
 11.50000000 +1.0000000000000360e+00 +1.9999999224564891e+00 +1.8657979953672315e-03 +9.9992631576157232e-01 +9.9999998919766986e-01 +9.9999998898145481e-01 +9.9999998881339125e-01 +9.9999998869990103e-01 +1.7722650499206842e-05 +1.6391638890406375e-05 +1.4882218276295511e-05 +1.3234831175450993e-05 +1.1497207357182748e-05
 12.00000000 +1.0000000000000397e+00 +1.9999999148604115e+00 +1.8599828473674922e-03 +9.9994074934868160e-01 +9.9999998764278319e-01 +9.9999998743161367e-01 +9.9999998728291284e-01 +9.9999998720388872e-01 +1.5555582890186689e-05 +1.3761524781385245e-05 +1.1884763189679021e-05 +9.9827106935389415e-06 +8.1165087581975695e-06
 12.50000000 +1.0000000000000400e+00 +1.9999999068665566e+00 +1.8533456532256233e-03 +9.9995758607312279e-01 +9.9999998626905751e-01 +9.9999998608276197e-01 +9.9999998597293416e-01 +9.9999998594716499e-01 +1.2371362308722927e-05 +1.0352729996087806e-05 +8.3812793473779523e-06 +6.5228906320347713e-06 +4.8413928756476766e-06
 13.00000000 +1.0000000000000417e+00 +1.9999998985858700e+00 +1.8471882185084703e-03 +9.9997354232340174e-01 +9.9999998519085898e-01 +9.9999998504143084e-01 +9.9999998498057896e-01 +9.9999998501587761e-01 +8.7576383687981855e-06 +6.8110074228039094e-06 +5.0539793048914942e-06 +3.5483185476240693e-06 +2.3465044163762015e-06
 13.50000000 +1.0000000000000431e+00 +1.9999998901235660e+00 +1.8426873747362947e-03 +9.9998558437150820e-01 +9.9999998447062433e-01 +9.9999998435785342e-01 +9.9999998434248383e-01 +9.9999998443182192e-01 +5.3686205852578116e-06 +3.7952438717879034e-06 +2.5388634345049901e-06 +1.6425398310022522e-06 +1.1327582033804593e-06
 14.00000000 +1.0000000000000455e+00 +1.9999998815591251e+00 +1.8406686884901886e-03 +9.9999150879020371e-01 +9.9999998410505508e-01 +9.9999998401387125e-01 +9.9999998402477219e-01 +9.9999998414483748e-01 +2.8059776384970579e-06 +1.8542256796419060e-06 +1.3035486022104265e-06 +1.1647253497050429e-06 +1.4264442172723740e-06
 14.50000000 +1.0000000000000462e+00 +1.9999998729317656e+00 +1.8414547267027281e-03 +9.9999034677493903e-01 +9.9999998402327728e-01 +9.9999998392355105e-01 +9.9999998392642453e-01 +9.9999998403921631e-01 +1.5114719905762557e-06 +1.3263387220266603e-06 +1.5600653486019058e-06 +2.1819763845636288e-06 +3.1374603791084664e-06
 15.00000000 +1.0000000000000480e+00 +1.9999998642340238e+00 +1.8448157912625417e-03 +9.9998251803580862e-01 +9.9999998409773272e-01 +9.9999998394686662e-01 +9.9999998389592337e-01 +9.9999998395342238e-01 +1.6905896524610764e-06 +2.2806157314091502e-06 +3.2289332934483363e-06 +4.4616587231140668e-06 +5.8842730844677137e-06
 15.50000000 +1.0000000000000491e+00 +1.9999998554144918e+00 +1.8500300478099974e-03 +9.9996971099037624e-01 +9.9999998416612046e-01 +9.9999998391423361e-01 +9.9999998375837074e-01 +9.9999998370968879e-01 +3.2804031066347953e-06 +4.5093855347464383e-06 +5.9604882934607577e-06 +7.5241197820459275e-06 +9.0790647387339615e-06
 16.00000000 +1.0000000000000508e+00 +1.9999998463889053e+00 +1.8560381761502734e-03 +9.9995452026080689e-01 +9.9999998406051993e-01 +9.9999998365750420e-01 +9.9999998334811979e-01 +9.9999998314795524e-01 +5.9665841668052981e-06 +7.5728426332201910e-06 +9.2081340745924340e-06 +1.0743920038907078e-05 +1.2054044434901986e-05
 16.50000000 +1.0000000000000531e+00 +1.9999998370572321e+00 +1.8616594317147574e-03 +9.9993991913304625e-01 +9.9999998363835707e-01 +9.9999998304163640e-01 +9.9999998254071565e-01 +9.9999998215754216e-01 +9.2454360821972814e-06 +1.0886064504161024e-05 +1.2338167485418917e-05 +1.3478148603631696e-05 +1.4201672291130081e-05
 17.00000000 +1.0000000000000548e+00 +1.9999998273232418e+00 +1.8658248628640416e-03 +9.9992867466220248e-01 +9.9999998280941538e-01 +9.9999998199098772e-01 +9.9999998127790379e-01 +9.9999998070023133e-01 +1.2518714663968434e-05 +1.3831213598081373e-05 +1.4754023521836134e-05 +1.5195382934363981e-05 +1.5099224813575580e-05
 17.50000000 +1.0000000000000562e+00 +1.9999998171127571e+00 +1.8677813893738244e-03 +9.9992282106024910e-01 +9.9999998155372394e-01 +9.9999998050509487e-01 +9.9999997958067599e-01 +9.9999997881994895e-01 +1.5203320424082378e-05 +1.5873305803822957e-05 +1.6010470352585230e-05 +1.5579314852440185e-05 +1.4592069156103860e-05
 18.00000000 +1.0000000000000573e+00 +1.9999998063870714e+00 +1.8672276429831007e-03 +9.9992329197841090e-01 +9.9999997992682155e-01 +9.9999997866070134e-01 +9.9999997754754333e-01 +9.9999997663679696e-01 +1.6835655379536164e-05 +1.6657755861586324e-05 +1.5895809605313650e-05 +1.4586782030556354e-05 +1.2819247136571841e-05
 18.50000000 +1.0000000000000591e+00 +1.9999997951491402e+00 +1.8643571801098264e-03 +9.9992977798339122e-01 +9.9999997805122509e-01 +9.9999997659941686e-01 +9.9999997533805862e-01 +9.9999997432622700e-01 +1.7151889357757139e-05 +1.6071858116194407e-05 +1.4466895043557489e-05 +1.2449631603325659e-05 +1.0177427855498875e-05
 19.00000000 +1.0000000000000615e+00 +1.9999997834415764e+00 +1.8598037310397053e-03 +9.9994082931932315e-01 +9.9999997609551228e-01 +9.9999997450308897e-01 +9.9999997314444566e-01 +9.9999997208708169e-01 +1.6130216143445413e-05 +1.4259581347128736e-05 +1.2031346026600282e-05 +9.6214365560661634e-06 +7.2322707797084026e-06
 19.50000000 +1.0000000000000628e+00 +1.9999997713371265e+00 +1.8545026159323271e-03 +9.9995417545742771e-01 +9.9999997424477738e-01 +9.9999997256135187e-01 +9.9999997115657380e-01 +9.9999997010450070e-01 +1.3988431394996408e-05 +1.1588100774927436e-05 +9.0817557738318740e-06 +6.6811836809514498e-06 +4.5970040584223682e-06
 20.00000000 +1.0000000000000648e+00 +1.9999997589237373e+00 +1.8494984531596940e-03 +9.9996719162552095e-01 +9.9999997266784191e-01 +9.9999997093735749e-01 +9.9999996952683734e-01 +9.9999996851478568e-01 +1.1138444329997218e-05 +8.5735999271209112e-06 +6.1959128558990281e-06 +4.2144129920114252e-06 +2.8043578744148408e-06
 20.50000000 +1.0000000000000662e+00 +1.9999997462872672e+00 +1.8457387547797018e-03 +9.9997741636508775e-01 +9.9999997148723585e-01 +9.9999996973805683e-01 +9.9999996834161586e-01 +9.9999996737903962e-01 +8.1071031539743189e-06 +5.7813240106066921e-06 +3.9232922377178832e-06 +2.6962867244488839e-06 +2.1986831667554123e-06
 21.00000000 +1.0000000000000673e+00 +1.9999997334952506e+00 +1.8438943035620986e-03 +9.9998301778580578e-01 +9.9999997075746294e-01 +9.9999996899460986e-01 +9.9999996760478094e-01 +9.9999996667077051e-01 +5.4385642949319228e-06 +3.7192900453842738e-06 +2.6801874200585091e-06 +2.4000070253672047e-06 +2.8701381204630742e-06
 21.50000000 +1.0000000000000688e+00 +1.9999997205848206e+00 +1.8442403818507912e-03 +9.9998312009695967e-01 +9.9999997045551892e-01 +9.9999996865660523e-01 +9.9999996723646734e-01 +9.9999996627999599e-01 +3.5963519044891277e-06 +2.7457039763520149e-06 +2.6735469575475368e-06 +3.3482390263070608e-06 +4.6434329311952856e-06
 22.00000000 +1.0000000000000702e+00 +1.9999997075568865e+00 +1.8466196383825767e-03 +9.9997793268021118e-01 +9.9999997048537714e-01 +9.9999996860118967e-01 +9.9999996708743066e-01 +9.9999996603322139e-01 +2.8827871407200628e-06 +3.0069860394178418e-06 +3.8674235126666210e-06 +5.3160310699328225e-06 +7.1218851581835598e-06
 22.50000000 +1.0000000000000719e+00 +1.9999996943774847e+00 +1.8504905216962563e-03 +9.9996866473568036e-01 +9.9999997069555691e-01 +9.9999996865543395e-01 +9.9999996696636229e-01 +9.9999996572557803e-01 +3.3897996173369458e-06 +4.4170675789687528e-06 +5.9972572070343578e-06 +7.8831120534396935e-06 +9.7759852904108125e-06
 23.00000000 +1.0000000000000739e+00 +1.9999996809857095e+00 +1.8550482620389133e-03 +9.9995725096276222e-01 +9.9999997090651094e-01 +9.9999996862778462e-01 +9.9999996667507018e-01 +9.9999996515906842e-01 +4.9890299863743108e-06 +6.6805650299506447e-06 +8.6277711908326263e-06 +1.0523579505350049e-05 +1.2056723460620461e-05
 23.50000000 +1.0000000000000748e+00 +1.9999996673064391e+00 +1.8593917081473322e-03 +9.9994594942142190e-01 +9.9999997094279169e-01 +9.9999996834278237e-01 +9.9999996604494656e-01 +9.9999996417965620e-01 +7.3617798540942158e-06 +9.3541362310906518e-06 +1.1241925203978758e-05 +1.2713846130552742e-05 +1.3509381357484376e-05
 24.00000000 +1.0000000000000768e+00 +1.9999996532652133e+00 +1.8627014907749298e-03 +9.9993689493311566e-01 +9.9999997066414514e-01 +9.9999996767267696e-01 +9.9999996496792931e-01 +9.9999996270616653e-01 +1.0062142125645001e-05 +1.1933354489574663e-05 +1.3342746037681071e-05 +1.4036648848193853e-05 +1.3864164849256924e-05
 24.50000000 +1.0000000000000784e+00 +1.9999996388022878e+00 +1.8643942900648464e-03 +9.9993169634167589e-01 +9.9999996998993623e-01 +9.9999996656015200e-01 +9.9999996341619501e-01 +9.9999996074551412e-01 +1.2600863288548858e-05 +1.3948069197452728e-05 +1.4547945298084931e-05 +1.4260432913625643e-05 +1.3085636222781824e-05
 25.00000000 +1.0000000000000799e+00 +1.9999996238832871e+00 +1.8642242516003619e-03 +9.9993115345020955e-01 +9.9999996891263065e-01 +9.9999996502811428e-01 +9.9999996144700043e-01 +9.9999995839140798e-01 +1.4534155118849235e-05 +1.5048196997480566e-05 +1.4659296556886732e-05 +1.3379051051537799e-05 +1.1372071313589510e-05
 25.50000000 +1.0000000000000828e+00 +1.9999996085044931e+00 +1.8623142732989650e-03 +9.9993514272002304e-01 +9.9999996749809139e-01 +9.9999996317490958e-01 +9.9999995919187501e-01 +9.9999995580684053e-01 +1.5541312446971008e-05 +1.5064286700581744e-05 +1.3694241755029789e-05 +1.1605189597320657e-05 +9.1065781743568448e-06
 26.00000000 +1.0000000000000839e+00 +1.9999995926920693e+00 +1.8591144155495560e-03 +9.9994268575786471e-01 +9.9999996587287898e-01 +9.9999996115601286e-01 +9.9999995683228948e-01 +9.9999995319372725e-01 +1.5477570776458098e-05 +1.4032456340721149e-05 +1.1874941733322033e-05 +9.3204424544147325e-06 +6.7717763430720803e-06
 26.50000000 +1.0000000000000853e+00 +1.9999995764956433e+00 +1.8552990658846054e-03 +9.9995217849126539e-01 +9.9999996420110282e-01 +9.9999995915574247e-01 +9.9999995456645507e-01 +9.9999995075551262e-01 +1.4393582282061202e-05 +1.2180323581486076e-05 +9.5783901521602437e-06 +6.9935431616180946e-06 +4.8469911731761900e-06
 27.00000000 +1.0000000000000877e+00 +1.9999995599777807e+00 +1.8516258854622597e-03 +9.9996172886643719e-01 +9.9999996265516500e-01 +9.9999995735426284e-01 +9.9999995257345886e-01 +9.9999994865979636e-01 +1.2519218480504203e-05 +9.8779570070233922e-06 +7.2586126223518097e-06 +5.0842341891199380e-06 +3.7098690191508754e-06
 27.50000000 +1.0000000000000890e+00 +1.9999995432015021e+00 +1.8487858750513336e-03 +9.9996953248894893e-01 +9.9999996138575020e-01 +9.9999995589594037e-01 +9.9999995098137551e-01 +9.9999994700799411e-01 +1.0215922583148361e-05 +7.5642585411607330e-06 +5.3569676365876533e-06 +3.9524908267662965e-06 +3.5626008478534842e-06
 28.00000000 +1.0000000000000906e+00 +1.9999995262183945e+00 +1.8472741326918491e-03 +9.9997421188526969e-01 +9.9999996049640905e-01 +9.9999995486473536e-01 +9.9999994984515628e-01 +9.9999994581761897e-01 +7.9073441532627124e-06 +5.6633837513564703e-06 +4.2182687116053935e-06 +3.7910102503852631e-06 +4.3970843958474226e-06
 28.50000000 +1.0000000000000919e+00 +1.9999995090595115e+00 +1.8473052974424522e-03 +9.9997505597706382e-01 +9.9999996002709146e-01 +9.9999995427088784e-01 +9.9999994913816426e-01 +9.9999994502032363e-01 +6.0015305812581705e-06 +4.5071101958348486e-06 +4.0286497974207348e-06 +4.5935401023691363e-06 +6.0047362521716395e-06
 29.00000000 +1.0000000000000944e+00 +1.9999994917306589e+00 +1.8487876850893890e-03 +9.9997211903366923e-01 +9.9999995994927704e-01 +9.9999995405103803e-01 +9.9999994875866305e-01 +9.9999994447584073e-01 +4.8189563895187340e-06 +4.2773397267348799e-06 +4.7862815920510612e-06 +6.1639649402854358e-06 +8.0271893347160381e-06
 29.50000000 +1.0000000000000961e+00 +1.9999994742127103e+00 +1.8513579236869207e-03 +9.9996616774684577e-01 +9.9999996017318782e-01 +9.9999995408140530e-01 +9.9999994854976149e-01 +9.9999994399896575e-01 +4.5390584211224193e-06 +4.9786101479354841e-06 +6.3092682570794782e-06 +8.1627251635362740e-06 +1.0035788324325238e-05
 30.00000000 +1.0000000000000973e+00 +1.9999994564666310e+00 +1.8544660102865363e-03 +9.9995849505435763e-01 +9.9999996056541218e-01 +9.9999995420132026e-01 +9.9999994832889305e-01 +9.9999994339434772e-01 +5.1741085917425367e-06 +6.4445061920284106e-06 +8.2777072426849102e-06 +1.0179818383909999e-05 +1.1622315745378700e-05
 30.50000000 +1.0000000000000984e+00 +1.9999994384419715e+00 +1.8574914573058342e-03 +9.9995064403745659e-01 +9.9999996097347044e-01 +9.9999995424260091e-01 +9.9999994792123270e-01 +9.9999994249247814e-01 +6.5739808207296947e-06 +8.3753897882491599e-06 +1.0300429712079514e-05 +1.1818760527844925e-05 +1.2481772406669642e-05
 31.00000000 +1.0000000000001013e+00 +1.9999994200870304e+00 +1.8598662503102874e-03 +9.9994410010725876e-01 +9.9999996125275947e-01 +9.9999995405935616e-01 +9.9999994719088814e-01 +9.9999994118018720e-01 +8.4596694398252221e-06 +1.0399148198205752e-05 +1.1992574811344103e-05 +1.2774342932623791e-05 +1.2470474674241600e-05
 31.50000000 +1.0000000000001026e+00 +1.9999994013586539e+00 +1.8611804256203279e-03 +9.9994001243065977e-01 +9.9999996129107138e-01 +9.9999995355289284e-01 +9.9999994606425169e-01 +9.9999993942013254e-01 +1.0478342368441288e-05 +1.2142727066381286e-05 +1.3048647403560246e-05 +1.2888983448748953e-05 +1.1628541217869352e-05
 32.00000000 +1.0000000000001041e+00 +1.9999993822298214e+00 +1.8612508870163660e-03 +9.9993899629956695e-01 +9.9999996102650801e-01 +9.9999995268747277e-01 +9.9999994454152441e-01 +9.9999993725594150e-01 +1.2269155411681082e-05 +1.3300734581665269e-05 +1.3297236500006763e-05 +1.2177391630093220e-05 +1.0163671385291711e-05
 32.50000000 +1.0000000000001061e+00 +1.9999993626937338e+00 +1.8601423919143596e-03 +9.9994104942758544e-01 +9.9999996045593742e-01 +9.9999995149442722e-01 +9.9999994269464387e-01 +9.9999993480239757e-01 +1.3527592273544922e-05 +1.3688544609608590e-05 +1.2727703787482282e-05 +1.0816034507416516e-05 +8.4012503606944474e-06
 33.00000000 +1.0000000000001077e+00 +1.9999993427638310e+00 +1.8581396065744352e-03 +9.9994559118183868e-01 +9.9999995963295196e-01 +9.9999995006434161e-01 +9.9999994065243270e-01 +9.9999993222288708e-01 +1.4056900907065446e-05 +1.3270762412021653e-05 +1.1484973501212838e-05 +9.1010611318389316e-06 +6.7125481333858808e-06
 33.50000000 +1.0000000000001095e+00 +1.9999993224699950e+00 +1.8556786992566102e-03 +9.9995160951457518e-01 +9.9999995865615865e-01 +9.9999994852914409e-01 +9.9999993857604053e-01 +9.9999992969858720e-01 +1.3798024171159900e-05 +1.2160901638403149e-05 +9.8348633856329845e-06 +7.3844639104403605e-06 +5.4367729363791102e-06
 34.00000000 +1.0000000000001104e+00 +1.9999993018518998e+00 +1.8532542572024953e-03 +9.9995788058535040e-01 +9.9999995765028837e-01 +9.9999994703765516e-01 +9.9999993662943032e-01 +9.9999992739529653e-01 +1.2833669443006238e-05 +1.0593653443754452e-05 +8.1079479696855382e-06 +6.0021427034595985e-06 +4.8132889718485670e-06
 34.50000000 +1.0000000000001126e+00 +1.9999992809509555e+00 +1.8513210851809337e-03 +9.9996321432535229e-01 +9.9999995674375897e-01 +9.9999994572919748e-01 +9.9999993495039385e-01 +9.9999992543406835e-01 +1.1366996018340302e-05 +8.8761486724597373e-06 +6.6336999569600906e-06 +5.2085164955308571e-06 +4.9374566495930352e-06
 35.00000000 +1.0000000000001144e+00 +1.9999992598024638e+00 +1.8502101580971523e-03 +9.9996667725877231e-01 +9.9999995604672409e-01 +9.9999994470996134e-01 +9.9999993362726491e-01 +9.9999992387088610e-01 +9.6799210510346035e-06 +7.3282079244571462e-06 +5.6779703568397850e-06 +5.1303363410078023e-06 +5.7480512894376999e-06
 35.50000000 +1.0000000000001161e+00 +1.9999992384294416e+00 +1.8500739780696969e-03 +9.9996775149997763e-01 +9.9999995563339739e-01 +9.9999994403619719e-01 +9.9999993268530896e-01 +9.9999992268882731e-01 +8.0794534984059727e-06 +6.2231381768627871e-06 +5.3956039805756987e-06 +5.7479312202810267e-06 +7.0473299970520643e-06
 36.00000000 +1.0000000000001177e+00 +1.9999992168391847e+00 +1.8508698624815543e-03 +9.9996640388041458e-01 +9.9999995553143084e-01 +9.9999994370683276e-01 +9.9999993208482718e-01 +9.9999992180370012e-01 +6.8421998123088342e-06 +5.7399738340493387e-06 +5.8065119725917101e-06 +6.9062671745469597e-06 +8.5480405888611026e-06
 36.50000000 +1.0000000000001192e+00 +1.9999991950230265e+00 +1.8523817617337502e-03 +9.9996305820586451e-01 +9.9999995571979905e-01 +9.9999994366639300e-01 +9.9999993173086010e-01 +9.9999992108167290e-01 +6.1670138241459960e-06 +5.9354060625637641e-06 +6.7986159837767941e-06 +8.3521599451219246e-06 +9.9364001912015674e-06
 37.00000000 +1.0000000000001201e+00 +1.9999991729590965e+00 +1.8542737072729460e-03 +9.9995848273078658e-01 +9.9999995613504844e-01 +9.9999994381718893e-01 +9.9999993149225574e-01 +9.9999992036522301e-01 +6.1438112489547845e-06 +6.7395902600701882e-06 +8.1557576463724766e-06 +9.7889697506809869e-06 +1.0937331193499829e-05
 37.50000000 +1.0000000000001219e+00 +1.9999991506173673e+00 +1.8561623588033112e-03 +9.9995362035514246e-01 +9.9999995668435793e-01 +9.9999994403820425e-01 +9.9999993122632347e-01 +9.9999991950239686e-01 +6.7432769890469304e-06 +7.9753931795921597e-06 +9.6039799393092458e-06 +1.0937074301822586e-05 +1.1368469775820892e-05
 38.00000000 +1.0000000000001239e+00 +1.9999991279658658e+00 +1.8576933242351905e-03 +9.9994939806691885e-01 +9.9999995726275659e-01 +9.9999994420702487e-01 +9.9999993080441985e-01 +9.9999991837391466e-01 +7.8282213768851565e-06 +9.3963300093348017e-06 +1.0866406001551876e-05 +1.1587868374382932e-05 +1.1172459821911940e-05
 38.50000000 +1.0000000000001252e+00 +1.9999991049767782e+00 +1.8586063107079063e-03 +9.9994655347876116e-01 +9.9999995777131589e-01 +9.9999994422085270e-01 +9.9999993013389266e-01 +9.9999991691329981e-01 +9.1834390651875108e-06 +1.0735234150726242e-05 +1.1715802023830411e-05 +1.1640957030002845e-05 +1.0422050235038627e-05
 39.00000000 +1.0000000000001272e+00 +1.9999990816313329e+00 +1.8587774244008717e-03 +9.9994551023998746e-01 +9.9999995813315323e-01 +9.9999994401298953e-01 +9.9999992917265423e-01 +9.9999991511667063e-01 +1.0557789435082057e-05 +1.1754138107780554e-05 +1.2014927236512247e-05 +1.1118083446394593e-05 +9.2983869551931582e-06
 39.50000000 +1.0000000000001286e+00 +1.9999990579226079e+00 +1.8582322230361887e-03 +9.9994632236468128e-01 +9.9999995830467592e-01 +9.9999994356219923e-01 +9.9999992793415660e-01 +9.9999991304085623e-01 +1.1710372977113180e-05 +1.2286127132116016e-05 +1.1737636202704775e-05 +1.0152285197845448e-05 +8.0483725639752877e-06
 40.00000000 +1.0000000000001308e+00 +1.9999990338559177e+00 +1.8571292549645544e-03 +9.9994869279958587e-01 +9.9999995828048505e-01 +9.9999994289372474e-01 +9.9999992648236768e-01 +9.9999991079069794e-01 +1.2452386399635360e-05 +1.2261906633114348e-05 +1.0967756824415594e-05 +8.9557592395908732e-06 +6.9309446948196718e-06
 40.50000000 +1.0000000000001319e+00 +1.9999990094468738e+00 +1.8557195325607078e-03 +9.9995205693659395e-01 +9.9999995809154363e-01 +9.9999994207227061e-01 +9.9999992491813561e-01 +9.9999990849829790e-01 +1.2677468519889564e-05 +1.1717040132749791e-05 +9.8771758501900754e-06 +7.7739399551931019e-06 +6.1638593605215304e-06
 41.00000000 +1.0000000000001334e+00 +1.9999989847176780e+00 +1.8542916027419166e-03 +9.9995571007571593e-01 +9.9999995779739681e-01 +9.9999994118865854e-01 +9.9999992335979926e-01 +9.9999990629834645e-01 +1.2375795294857187e-05 +1.0779601513875686e-05 +8.6884549630210133e-06 +6.8356073572762214e-06 +5.8818216213008429e-06
 41.50000000 +1.0000000000001348e+00 +1.9999989596924930e+00 +1.8531138884581816e-03 +9.9995895110172561e-01 +9.9999995747418047e-01 +9.9999994034281769e-01 +9.9999992192175913e-01 +9.9999990430414143e-01 +1.1630339319397469e-05 +9.6416085802043733e-06 +7.6299551921167439e-06 +6.3090782678452350e-06 +6.1138746918244932e-06
 42.00000000 +1.0000000000001368e+00 +1.9999989343928095e+00 +1.8523855638045909e-03 +9.9996121376459568e-01 +9.9999995720074319e-01 +9.9999993962628120e-01 +9.9999992069489563e-01 +9.9999990258858307e-01 +1.0596970867395158e-05 +8.5204012528500108e-06 +6.8924247150792520e-06 +6.2727618050954519e-06 +6.7835669454488915e-06
 42.50000000 +1.0000000000001386e+00 +1.9999989088337071e+00 +1.8522046657068253e-03 +9.9996216164999074e-01 +9.9999995704535261e-01 +9.9999993910721507e-01 +9.9999991973216085e-01 +9.9999990117331761e-01 +9.4728536770044681e-06 +7.6176253882076348e-06 +6.5952127589871829e-06 +6.7050483708070073e-06 +7.7305524619342820e-06
 43.00000000 +1.0000000000001399e+00 +1.9999988830216202e+00 +1.8525581095518143e-03 +9.9996173183269244e-01 +9.9999995705515987e-01 +9.9999993882038107e-01 +9.9999991904158692e-01 +9.9999990002756012e-01 +8.4594099667464450e-06 +7.0834792965775734e-06 +6.7679642723245807e-06 +7.4943958936045605e-06 +8.7479738900447478e-06
 43.50000000 +1.0000000000001417e+00 +1.9999988569539020e+00 +1.8533336715909465e-03 +9.9996012325658157e-01 +9.9999995724997304e-01 +9.9999993876342397e-01 +9.9999991858750159e-01 +9.9999989907631026e-01 +7.7267252359786477e-06 +6.9924627739673014e-06 +7.3503575422639231e-06 +8.4664405594955823e-06 +9.6270808067863800e-06
 44.00000000 +1.0000000000001437e+00 +1.9999988306201126e+00 +1.8543497709655500e-03 +9.9995773676700861e-01 +9.9999995762101757e-01 +9.9999993889968153e-01 +9.9999991829924817e-01 +9.9999989821598967e-01 +7.3855998358279751e-06 +7.3343836618683421e-06 +8.2088595392372101e-06 +9.4217895222151193e-06 +1.0199565214457703e-05
 44.50000000 +1.0000000000001443e+00 +1.9999988040046639e+00 +1.8553958202065768e-03 +9.9995508234845232e-01 +9.9999995813449816e-01 +9.9999993916659491e-01 +9.9999991808544486e-01 +9.9999989733431116e-01 +7.4717248784672342e-06 +8.0213483109422512e-06 +9.1662968395747304e-06 +1.0176427887068629e-05 +1.0369133506134335e-05
 45.00000000 +1.0000000000001463e+00 +1.9999987770901506e+00 +1.8562745113612864e-03 +9.9995267401986099e-01 +9.9999995873896974e-01 +9.9999993948789934e-01 +9.9999991785095776e-01 +9.9999989633060593e-01 +7.9440381874265576e-06 +8.9084830887250000e-06 +1.0037857539575720e-05 +1.0596646924638669e-05 +1.0126546699213849e-05
 45.50000000 +1.0000000000001479e+00 +1.9999987498607594e+00 +1.8568377941394097e-03 +9.9995093338942986e-01 +9.9999995937496833e-01 +9.9999993978723567e-01 +9.9999991751344830e-01 +9.9999989513293563e-01 +8.6966765836933146e-06 +9.8237522556683429e-06 +1.0666308992152068e-05 +1.0621976387528965e-05 +9.5460885040153734e-06
 46.00000000 +1.0000000000001490e+00 +1.9999987223050439e+00 +1.8570102499293442e-03 +9.9995011934525813e-01 +9.9999995998513735e-01 +9.9999994000080350e-01 +9.9999991701667190e-01 +9.9999989370915643e-01 +9.5815685635309985e-06 +1.0600856608037566e-05 +1.0949813119131910e-05 +1.0272369796295156e-05 +8.7653356325299473e-06
 46.50000000 +1.0000000000001517e+00 +1.9999986944176553e+00 +1.8567965543615078e-03 +9.9995029479997755e-01 +9.9999996052313045e-01 +9.9999994008696402e-01 +9.9999991633841001e-01 +9.9999989207029805e-01 +1.0437013069098077e-05 +1.1109010000069085e-05 +1.0857542274322469e-05 +9.6392253008189003e-06 +7.9533913350629197e-06
 47.00000000 +1.0000000000001539e+00 +1.9999986661997673e+00 +1.8562730769747157e-03 +9.9995133335316466e-01 +9.9999996095993837e-01 +9.9999994003141102e-01 +9.9999991549202094e-01 +9.9999989026611236e-01 +1.1116826054875945e-05 +1.1274356562669135e-05 +1.0430918703287556e-05 +8.8630301000893705e-06 +7.2747667007446657e-06
 47.50000000 +1.0000000000001543e+00 +1.9999986376582555e+00 +1.8555667042856553e-03 +9.9995296087361385e-01 +9.9999996128685376e-01 +9.9999993984738533e-01 +9.9999991452177794e-01 +9.9999988837407228e-01 +1.1514883589177591e-05 +1.1089658418126971e-05 +9.7711678600518999e-06 +8.1028669974185516e-06 +6.8565202041929570e-06
 48.00000000 +1.0000000000001559e+00 +1.9999986088039023e+00 +1.8548261317373024e-03 +9.9995482083113041e-01 +9.9999996151489234e-01 +9.9999993957127786e-01 +9.9999991349321504e-01 +9.9999988648415150e-01 +1.1581039169835017e-05 +1.0611249471466201e-05 +9.0164265030355829e-06 +7.5042811406724138e-06 +6.7651098291894734e-06
 48.50000000 +1.0000000000001581e+00 +1.9999985796490607e+00 +1.8541918136136812e-03 +9.9995654875552109e-01 +9.9999996167108340e-01 +9.9999993925471353e-01 +9.9999991248048414e-01 +9.9999988468234668e-01 +1.1326180445417139e-05 +9.9446467332617049e-06 +8.3134141337118933e-06 +7.1719017238434190e-06 +6.9970136072871222e-06
 49.00000000 +1.0000000000001590e+00 +1.9999985502052391e+00 +1.8537704199818939e-03 +9.9995784087618289e-01 +9.9999996179255646e-01 +9.9999993895474060e-01 +9.9999991155312451e-01 +9.9999988303594112e-01 +1.0816256415569636e-05 +9.2221930414699492e-06 +7.7893750611824691e-06 +7.1518573795938952e-06 +7.4841063541499189e-06
 49.50000000 +1.0000000000001614e+00 +1.9999985204811017e+00 +1.8536182150404590e-03 +9.9995850456182667e-01 +9.9999996191957208e-01 +9.9999993872391668e-01 +9.9999991076456163e-01 +9.9999988158299713e-01 +1.0157064361199900e-05 +8.5773362762773007e-06 +7.5295658688128155e-06 +7.4267662748486457e-06 +8.1117151534984518e-06
 50.00000000 +1.0000000000001636e+00 +1.9999984904811798e+00 +1.8537356264212508e-03 +9.9995848286213751e-01 +9.9999996208872033e-01 +9.9999993860192804e-01 +9.9999991014416145e-01 +9.9999988032764087e-01 +9.4730952130560324e-06 +8.1204539102224634e-06 +7.5641576737853448e-06 +7.9234288569158966e-06 +8.7448405769151153e-06
 50.50000000 +1.0000000000001652e+00 +1.9999984602054925e+00 +1.8540729057372877e-03 +9.9995785114262181e-01 +9.9999996232738009e-01 +9.9999993861004455e-01 +9.9999990969397046e-01 +9.9999987924160139e-01 +8.8845589150853680e-06 +7.9205149631308657e-06 +7.8663780455476632e-06 +8.5308532222246601e-06 +9.2566800619016024e-06
 51.00000000 +1.0000000000001663e+00 +1.9999984296500257e+00 +1.8545446687160275e-03 +9.9995678930558973e-01 +9.9999996265018065e-01 +9.9999993874906135e-01 +9.9999990939033145e-01 +9.9999987827130887e-01 +8.4867483917443686e-06 +7.9955105845875040e-06 +8.3614669400981985e-06 +9.1243823727809545e-06 +9.5535260718604545e-06
 51.50000000 +1.0000000000001674e+00 +1.9999983988079204e+00 +1.8550496321480116e-03 +9.9995553736469811e-01 +9.9999996305783356e-01 +9.9999993900078010e-01 +9.9999990918973580e-01 +9.9999987734891194e-01 +8.3351997252528029e-06 +8.3127811662852281e-06 +8.9440071801344280e-06 +9.5907920407845631e-06 +9.5912587666702823e-06
 52.00000000 +1.0000000000001694e+00 +1.9999983676710313e+00 +1.8554912544568479e-03 +9.9995434449053711e-01 +9.9999996353827758e-01 +9.9999993933247699e-01 +9.9999990903759228e-01 +9.9999987640503085e-01 +8.4388430144433489e-06 +8.7984843166817446e-06 +9.4997795282620851e-06 +9.8493977978235206e-06 +9.3806922761446819e-06
 52.50000000 +1.0000000000001716e+00 +1.9999983362315936e+00 +1.8557952664568765e-03 +9.9995342181691727e-01 +9.9999996406970437e-01 +9.9999993970335543e-01 +9.9999990887819123e-01 +9.9999987538087243e-01 +8.7617767923784164e-06 +9.3538357757075901e-06 +9.9277109949874893e-06 +9.8653419184656996e-06 +8.9814863370924183e-06
 53.00000000 +1.0000000000001723e+00 +1.9999983044835945e+00 +1.8559211016004732e-03 +9.9995290748619481e-01 +9.9999996462480267e-01 +9.9999994007174597e-01 +9.9999990866407784e-01 +9.9999987423764425e-01 +9.2327369135534099e-06 +9.8746910391592302e-06 +1.0157784242393803e-05 +9.6530327454905679e-06 +8.4866714560085713e-06
 53.50000000 +1.0000000000001750e+00 +1.9999982724237080e+00 +1.8558657239644402e-03 +9.9995284917513250e-01 +9.9999996517542122e-01 +9.9999994040182050e-01 +9.9999990836330077e-01 +9.9999987296182347e-01 +9.7600452873095924e-06 +1.0270675009743308e-05 +1.0161835722846637e-05 +9.2697793470636726e-06 +8.0015880097724769e-06
 54.00000000 +1.0000000000001765e+00 +1.9999982400516170e+00 +1.8556599689462483e-03 +9.9995320545547217e-01 +9.9999996569686000e-01 +9.9999994066872921e-01 +9.9999990796345251e-01 +9.9999987156563430e-01 +1.0249022371166703e-05 +1.0480425476710191e-05 +9.9557341904146514e-06 +8.8015755609596180e-06 +7.6218931364587432e-06
 54.50000000 +1.0000000000001767e+00 +1.9999982073697395e+00 +1.8553589290014889e-03 +9.9995386362364425e-01 +9.9999996617119402e-01 +9.9999994086151733e-01 +9.9999990747211709e-01 +9.9999987008305102e-01 +1.0618636405588195e-05 +1.0480475367022067e-05 +9.5931657533695390e-06 +8.3443760036801823e-06 +7.4151358328583043e-06
 55.00000000 +1.0000000000001796e+00 +1.9999981743825002e+00 +1.8550288819584534e-03 +9.9995466877868722e-01 +9.9999996658919887e-01 +9.9999994098351908e-01 +9.9999990691392038e-01 +9.9999986856232448e-01 +1.0814535696432141e-05 +1.0286638490075440e-05 +9.1528151090150132e-06 +7.9848380793694969e-06 +7.4093458747174849e-06
 55.50000000 +1.0000000000001801e+00 +1.9999981410953056e+00 +1.8547336356461296e-03 +9.9995545738978830e-01 +9.9999996695073101e-01 +9.9999994105040191e-01 +9.9999990632495506e-01 +9.9999986705659216e-01 +1.0816458300444359e-05 +9.9482102911277394e-06 +8.7218413518929759e-06 +7.7843108273902752e-06 +7.5904076633346464e-06
 56.00000000 +1.0000000000001821e+00 +1.9999981075134801e+00 +1.8545229430562910e-03 +9.9995608852258089e-01 +9.9999996726371332e-01 +9.9999994108643508e-01 +9.9999990574577757e-01 +9.9999986561438703e-01 +1.0639150687264202e-05 +9.5365761677791652e-06 +8.3790248515461467e-06 +7.7689334618160455e-06 +7.9080828503793445e-06
 56.50000000 +1.0000000000001839e+00 +1.9999980736413157e+00 +1.8544249373545103e-03 +9.9995646713347752e-01 +9.9999996754198928e-01 +9.9999994111970791e-01 +9.9999990521422488e-01 +9.9999986427164189e-01 +1.0327130536047144e-05 +9.1307134813509001e-06 +8.1807664149650577e-06 +7.9272986725648623e-06 +8.2888107740755855e-06
 57.00000000 +1.0000000000001856e+00 +1.9999980394814525e+00 +1.8544435383206653e-03 +9.9995655600449340e-01 +9.9999996780254508e-01 +9.9999994117721203e-01 +9.9999990475931166e-01 +9.9999986304650912e-01 +9.9446812117140331e-06 +8.8024458135112020e-06 +8.1523397342743084e-06 +8.2155516123157069e-06 +8.6521924858051011e-06
 57.50000000 +1.0000000000001872e+00 +1.9999980050346231e+00 +1.8545607188459911e-03 +9.9995637545302607e-01 +9.9999996806256342e-01 +9.9999994128056280e-01 +9.9999990439710906e-01 +9.9999986193763080e-01 +9.5631926236719328e-06 +8.6041314459556598e-06 +8.2856256877513111e-06 +8.5683589862404532e-06 +8.9275613019936569e-06
 58.00000000 +1.0000000000001890e+00 +1.9999979702997810e+00 +1.8547426058068005e-03 +9.9995599237193256e-01 +9.9999996833678406e-01 +9.9999994144300008e-01 +9.9999990412913486e-01 +9.9999986092589555e-01 +9.2482621653252783e-06 +8.5608174313000450e-06 +8.5432446053356738e-06 +8.9131636312680262e-06 +9.0673063649864023e-06
 58.50000000 +1.0000000000001905e+00 +1.9999979352745363e+00 +1.8549477836035070e-03 +9.9995550198559491e-01 +9.9999996863553076e-01 +9.9999994166801132e-01 +9.9999990394329408e-01 +9.9999985997910157e-01 +9.0488211640865072e-06 +8.6679219023244980e-06 +8.8678091388355929e-06 +9.1847051271640220e-06 +9.0545320888317201e-06
 59.00000000 +1.0000000000001921e+00 +1.9999978999557837e+00 +1.8551359512261562e-03 +9.9995500666637582e-01 +9.9999996896361620e-01 +9.9999994194963826e-01 +9.9999990381698733e-01 +9.9999985905846889e-01 +8.9900182549357036e-06 +8.8944222925243319e-06 +9.1941618962126246e-06 +9.3369751778316506e-06 +8.9039682541999515e-06
 59.50000000 +1.0000000000001941e+00 +1.9999978643403717e+00 +1.8552752495022916e-03 +9.9995459616491522e-01 +9.9999996932018953e-01 +9.9999994227425215e-01 +9.9999990372168035e-01 +9.9999985812574510e-01 +9.0707961352437571e-06 +9.1905329726481438e-06 +9.4620738422921715e-06 +9.3505012419333306e-06 +8.6564899959708118e-06
 60.00000000 +1.0000000000001954e+00 +1.9999978284257023e+00 +1.8553470444626337e-03 +9.9995433278312607e-01 +9.9999996969944027e-01 +9.9999994262336256e-01 +9.9999990362803803e-01 +9.9999985714962192e-01 +9.2662031558072902e-06 +9.4981262718441326e-06 +9.6269970359702769e-06 +9.2339283953482741e-06 +8.3688625300110291e-06
 60.50000000 +1.0000000000001974e+00 +1.9999977922101426e+00 +1.8553475961935941e-03 +9.9995424362420127e-01 +9.9999997009195174e-01 +9.9999994297691619e-01 +9.9999990351072976e-01 +9.9999985611043141e-01 +9.5336516858320445e-06 +9.7617973283956736e-06 +9.6670253810363220e-06 +9.0200588945283940e-06 +8.1011534660231138e-06
 61.00000000 +1.0000000000001981e+00 +1.9999977556932012e+00 +1.8552867128355925e-03 +9.9995432043115962e-01 +9.9999997048643430e-01 +9.9999994331650988e-01 +9.9999990335213118e-01 +9.9999985500245603e-01 +9.8217116225194103e-06 +9.9385292962226335e-06 +9.5850779682168714e-06 +8.7575699466387914e-06 +7.9045234685707845e-06
 61.50000000 +1.0000000000002003e+00 +1.9999977188754936e+00 +1.8551840526043451e-03 +9.9995452601725698e-01 +9.9999997087154346e-01 +9.9999994362802991e-01 +9.9999990314443199e-01 +9.9999985383367018e-01 +1.0079702377184186e-05 +1.0004337153448565e-05 +9.4062943231016938e-06 +8.5003663550293124e-06 +7.8118058621223672e-06
 62.00000000 +1.0000000000002012e+00 +1.9999976817584855e+00 +1.8550640971063716e-03 +9.9995480517469160e-01 +9.9999997123750395e-01 +9.9999994390335079e-01 +9.9999990288993001e-01 +9.9999985262317215e-01 +1.0266352428501248e-05 +9.9569486686787108e-06 +9.1715264825206562e-06 +8.2968194351634818e-06 +7.8325253450842670e-06
 62.50000000 +1.0000000000002032e+00 +1.9999976443441330e+00 +1.8549509333139964e-03 +9.9995509738687927e-01 +9.9999997157734177e-01 +9.9999994414094073e-01 +9.9999990259966065e-01 +9.9999985139696079e-01 +1.0356103372915229e-05 +9.8143747105259333e-06 +8.9284674076857640e-06 +8.1809764068293108e-06 +7.9529773354762709e-06
 63.00000000 +1.0000000000002049e+00 +1.9999976066344904e+00 +1.8548638600511353e-03 +9.9995534869852598e-01 +9.9999997188757150e-01 +9.9999994434537642e-01 +9.9999990229071722e-01 +9.9999985018290416e-01 +1.0342165826508760e-05 +9.6099743478847544e-06 +8.7222660461993841e-06 +8.1672669061817400e-06 +8.1409228038447147e-06
 63.50000000 +1.0000000000002072e+00 +1.9999975686313536e+00 +1.8548145334074330e-03 +9.9995552063126780e-01 +9.9999997216832470e-01 +9.9999994452597074e-01 +9.9999990198284650e-01 +9.9999984900584249e-01 +1.0236075618623498e-05 +9.3851997985075513e-06 +8.5874171981198781e-06 +8.2494270664780034e-06 +8.3535671022547971e-06
 64.00000000 +1.0000000000002083e+00 +1.9999975303359916e+00 +1.8548059678403321e-03 +9.9995559489778896e-01 +9.9999997242294514e-01 +9.9999994469480635e-01 +9.9999990169493680e-01 +9.9999984788363760e-01 +1.0064128652561757e-05 +9.1815219845293602e-06 +8.5423228645885247e-06 +8.4034849560721047e-06 +8.5469484703214771e-06
 64.50000000 +1.0000000000002094e+00 +1.9999974917490384e+00 +1.8548333071577456e-03 +9.9995557364974164e-01 +9.9999997265718321e-01 +9.9999994486455668e-01 +9.9999990144198425e-01 +9.9999984682475651e-01 +9.8615822442105166e-06 +9.0330548028251313e-06 +8.5873029001832741e-06 +8.5938805981209632e-06 +8.6847422817483269e-06
 65.00000000 +1.0000000000002116e+00 +1.9999974528705002e+00 +1.8548859518032455e-03 +9.9995547588652800e-01 +9.9999997287813180e-01 +9.9999994504643763e-01 +9.9999990123298088e-01 +9.9999984582765500e-01 +9.6658210116418298e-06 +8.9611380356641107e-06 +8.7061224627338786e-06 +8.7812698608332488e-06 +8.7447779547863837e-06
 65.50000000 +1.0000000000002134e+00 +1.9999974136998677e+00 +1.8549504296487837e-03 +9.9995533129197212e-01 +9.9999997309309063e-01 +9.9999994524859792e-01 +9.9999990106998160e-01 +9.9999984488189841e-01 +9.5097596702444584e-06 +8.9716760277851830e-06 +8.8704431910858844e-06 +8.9303643548751834e-06 +8.7221722828920817e-06
 66.00000000 +1.0000000000002149e+00 +1.9999973742363291e+00 +1.8550133474636984e-03 +9.9995517306540849e-01 +9.9999997330852741e-01 +9.9999994547515714e-01 +9.9999990094838520e-01 +9.9999984397067854e-01 +9.4166012480949965e-06 +9.0554636798494368e-06 +9.0461136608949942e-06 +9.0162985234794802e-06 +8.6287558062612583e-06
 66.50000000 +1.0000000000002163e+00 +1.9999973344789719e+00 +1.8550638473478511e-03 +9.9995503126400032e-01 +9.9999997352926506e-01 +9.9999994572595774e-01 +9.9999990085826451e-01 +9.9999984307415957e-01 +9.3967344550357392e-06 +9.1911744122386144e-06 +9.1999694701030318e-06 +9.0284334729817477e-06 +8.4892376260566960e-06
 67.00000000 +1.0000000000002174e+00 +1.9999972944269944e+00 +1.8550951790308075e-03 +9.9995492783588746e-01 +9.9999997375798699e-01 +9.9999994599700270e-01 +9.9999990078641920e-01 +9.9999984217302007e-01 +9.4471128982325628e-06 +9.3502364445972306e-06 +9.3058381340825480e-06 +8.9710986075856141e-06 +8.3351646872578891e-06
 67.50000000 +1.0000000000002198e+00 +1.9999972540798394e+00 +1.8551052329936460e-03 +9.9995487400885730e-01 +9.9999997399510410e-01 +9.9999994628143996e-01 +9.9999990071876588e-01 +9.9999984125157670e-01 +9.5529981063407778e-06 +9.5025552194088126e-06 +9.3487098039181033e-06 +8.8614065286457012e-06 +8.1980756976868359e-06
 68.00000000 +1.0000000000002218e+00 +1.9999972134372817e+00 +1.8550961070097154e-03 +9.9995487013553752e-01 +9.9999997423894671e-01 +9.9999994657087399e-01 +9.9999990064261668e-01 +9.9999984029999756e-01 +9.6915500612140076e-06 +9.6219832162811256e-06 +9.3264700319831518e-06 +8.7248271508087262e-06 +8.1032826760676053e-06
 68.50000000 +1.0000000000002232e+00 +1.9999971724994245e+00 +1.8550729554479019e-03 +9.9995490760303263e-01 +9.9999997448624400e-01 +9.9999994685679239e-01 +9.9999990054852883e-01 +9.9999983931533443e-01 +9.8364768505030794e-06 +9.6905845610688234e-06 +9.2490985407954227e-06 +8.5895746831727791e-06 +8.0654565482767871e-06
 69.00000000 +1.0000000000002247e+00 +1.9999971312666467e+00 +1.8550424691041799e-03 +9.9995497207940864e-01 +9.9999997473278113e-01 +9.9999994713185847e-01 +9.9999990043144060e-01 +9.9999983830130390e-01 +9.9628449159830242e-06 +9.7010456669227232e-06 +9.1357166685002758e-06 +8.4809917331454891e-06 +8.0867253471848325e-06
 69.50000000 +1.0000000000002260e+00 +1.9999970897395103e+00 +1.8550113461013016e-03 +9.9995504723357420e-01 +9.9999997497412152e-01 +9.9999994739089471e-01 +9.9999990029099506e-01 +9.9999983726698083e-01 +1.0051207318568789e-05 +9.6569752311736744e-06 +9.0102291844314410e-06 +8.4170050708515019e-06 +8.1574277599910485e-06
 70.00000000 +1.0000000000002278e+00 +1.9999970479186495e+00 +1.8549850527915862e-03 +9.9995511812378635e-01 +9.9999997520629913e-01 +9.9999994763144284e-01 +9.9999990013108930e-01 +9.9999983622473088e-01 +1.0090404201535422e-05 +9.5712383504077197e-06 +8.8964965720067425e-06 +8.4054212188685888e-06 +8.2591234477525764e-06
 70.50000000 +1.0000000000002292e+00 +1.9999970058046745e+00 +1.8549670623350218e-03 +9.9995517365962516e-01 +9.9999997542637042e-01 +9.9999994785385782e-01 +9.9999989995878691e-01 +9.9999983518779489e-01 +1.0078679723054784e-05 +9.4628071330196272e-06 +8.8139724083076641e-06 +8.4434046986815712e-06 +8.3690507471961375e-06
 71.00000000 +1.0000000000002303e+00 +1.9999969633980998e+00 +1.8549586287091406e-03 +9.9995520783516234e-01 +9.9999997563277365e-01 +9.9999994806096604e-01 +9.9999989978284465e-01 +9.9999983416797200e-01 +1.0023083869173449e-05 +9.3528292702855036e-06 +8.7745655932867332e-06 +8.5190308584376984e-06 +8.4650118429249640e-06
 71.50000000 +1.0000000000002316e+00 +1.9999969206992960e+00 +1.8549590352138537e-03 +9.9995521973334534e-01 +9.9999997582545352e-01 +9.9999994825739136e-01 +9.9999989961211877e-01 +9.9999983317376606e-01 +9.9374261817351203e-06 +9.2606884803354334e-06 +8.7811880230416293e-06 +8.6144181649408244e-06 +8.5296782335948043e-06
 72.00000000 +1.0000000000002343e+00 +1.9999968777084907e+00 +1.8549661717449620e-03 +9.9995521254958453e-01 +9.9999997600576285e-01 +9.9999994844868190e-01 +9.9999989945412415e-01 +9.9999983220926802e-01 +9.8392721412463701e-06 +9.2007576297688734e-06 +8.8280924974196079e-06 +8.7096901635224396e-06 +8.5535213167682921e-06
 72.50000000 +1.0000000000002347e+00 +1.9999968344257888e+00 +1.8549772560747483e-03 +9.9995519203401995e-01 +9.9999997617616421e-01 +9.9999994864038466e-01 +9.9999989931395128e-01 +9.9999983127387060e-01 +9.7465901580618843e-06 +9.1803538826351557e-06 +8.9027648838247639e-06 +8.7869312720411010e-06 +8.5359225882219634e-06
 73.00000000 +1.0000000000002365e+00 +1.9999967908511962e+00 +1.8549895213211638e-03 +9.9995516479224833e-01 +9.9999997633981363e-01 +9.9999994883722765e-01 +9.9999989919369103e-01 +9.9999983036280193e-01 +9.6746578879174706e-06 +9.1991413300928970e-06 +8.9888707303868636e-06 +8.8333833320878586e-06 +8.4844221203198712e-06
 73.50000000 +1.0000000000002383e+00 +1.9999967469846880e+00 +1.8550007351065174e-03 +9.9995513682433868e-01 +9.9999997650007177e-01 +9.9999994904250555e-01 +9.9999989909238440e-01 +9.9999982946827704e-01 +9.6337321831796177e-06 +9.2499446772446929e-06 +9.0696111237245056e-06 +8.8433489187413202e-06 +8.4124367129663506e-06
 74.00000000 +1.0000000000002391e+00 +1.9999967028262238e+00 +1.8550094797997185e-03 +9.9995511255261516e-01 +9.9999997666003704e-01 +9.9999994925774494e-01 +9.9999989900646991e-01 +9.9999982858103775e-01 +9.6278058832603311e-06 +9.3206900380225904e-06 +9.1308309421240790e-06 +8.8185672150654468e-06 +8.3360492157015565e-06
 74.50000000 +1.0000000000002411e+00 +1.9999966583757931e+00 +1.8550151901073177e-03 +9.9995509443013320e-01 +9.9999997682216513e-01 +9.9999994948268656e-01 +9.9999989893059971e-01 +9.9999982769197748e-01 +9.6545558109945643e-06 +9.3970166739713941e-06 +9.1633336447849298e-06 +8.7671431292091540e-06 +8.2705943875417192e-06
 75.00000000 +1.0000000000002427e+00 +1.9999966136334222e+00 +1.8550179988584053e-03 +9.9995508307410175e-01 +9.9999997698800780e-01 +9.9999994971552209e-01 +9.9999989885864560e-01 +9.9999982679357269e-01 +9.7063714148303250e-06 +9.4650299343788418e-06 +9.1640575152469213e-06 +8.7013782580677888e-06 +8.2277342445177312e-06
 75.50000000 +1.0000000000002456e+00 +1.9999965685991843e+00 +1.8550184741553974e-03 +9.9995507776243975e-01 +9.9999997715811861e-01 +9.9999994995336117e-01 +9.9999989878474038e-01 +9.9999982588090808e-01 +9.7721792554723674e-06 +9.5136939666443274e-06 +9.1360125845453141e-06 +8.6350265471086948e-06 +8.2135493072422155e-06
 76.00000000 +1.0000000000002471e+00 +1.9999965232731955e+00 +1.8550173378428481e-03 +9.9995507708354303e-01 +9.9999997733209922e-01 +9.9999995019279975e-01 +9.9999989870415651e-01 +9.9999982495216966e-01 +9.8396709773333160e-06 +9.5364775879691414e-06 +9.0871156189992358e-06 +8.5805540965931433e-06 +8.2279181875210282e-06
 76.50000000 +1.0000000000002489e+00 +1.9999964776556052e+00 +1.8550152395302936e-03 +9.9995507953975649e-01 +9.9999997750879366e-01 +9.9999995043052026e-01 +9.9999989861393057e-01 +9.9999982400858289e-01 +9.8975133167654316e-06 +9.5320386964018122e-06 +9.0282490876379286e-06 +8.5469226426313233e-06 +8.2651759171779954e-06
 77.00000000 +1.0000000000002507e+00 +1.9999964317465773e+00 +1.8550126298986745e-03 +9.9995508396112653e-01 +9.9999997768655779e-01 +9.9999995066381075e-01 +9.9999989851313587e-01 +9.9999982305385748e-01 +9.9371650594703268e-06 +9.5039251524661040e-06 +8.9709791156324642e-06 +8.5382632251328850e-06 +8.3157902132394131e-06
 77.50000000 +1.0000000000002516e+00 +1.9999963855463028e+00 +1.8550097416016491e-03 +9.9995508966645719e-01 +9.9999997786357908e-01 +9.9999995089094051e-01 +9.9999989840281267e-01 +9.9999982209328420e-01 +9.9540318889462327e-06 +9.4594466657906669e-06 +8.9253850939356319e-06 +8.5535993605401850e-06 +8.3686211758775355e-06
 78.00000000 +1.0000000000002545e+00 +1.9999963390549718e+00 +1.8550066551873533e-03 +9.9995509638997004e-01 +9.9999997803818930e-01 +9.9999995111135509e-01 +9.9999989828560398e-01 +9.9999982113268171e-01 +9.9478312919802034e-06 +9.4080030016366864e-06 +8.8983860715443205e-06 +8.5875629611775910e-06 +8.4132601460279314e-06
 78.50000000 +1.0000000000002556e+00 +1.9999962922727847e+00 +1.8550034079933958e-03 +9.9995510405383503e-01 +9.9999997820910658e-01 +9.9999995132565767e-01 +9.9999989816516544e-01 +9.9999982017735056e-01 +9.9221880946740483e-06 +9.3592202300119101e-06 +8.8928176792769409e-06 +8.6318635641431671e-06 +8.4419805946239308e-06
 79.00000000 +1.0000000000002576e+00 +1.9999962451999580e+00 +1.8550000989891642e-03 +9.9995511249724933e-01 +9.9999997837561638e-01 +9.9999995153543852e-01 +9.9999989804550360e-01 +9.9999981923124814e-01 +9.8836104789952144e-06 +9.3212436945601532e-06 +8.9073490857807606e-06 +8.6771535839589103e-06 +8.4509593897356668e-06
 79.50000000 +1.0000000000002589e+00 +1.9999961978367009e+00 +1.8549969511507075e-03 +9.9995512126842845e-01 +9.9999997853762235e-01 +9.9999995174295264e-01 +9.9999989793030708e-01 +9.9999981829644946e-01 +9.8400862450557280e-06 +9.2994717604507712e-06 +8.9371661516618100e-06 +8.7148949631358317e-06 +8.4406064150400301e-06
 80.00000000 +1.0000000000002609e+00 +1.9999961501832326e+00 +1.8549943110309480e-03 +9.9995512955302723e-01 +9.9999997869561841e-01 +9.9999995195074509e-01 +9.9999989782242193e-01 +9.9999981737299071e-01 +9.7995783546350682e-06 +9.2959062627535928e-06 +8.9752145539269588e-06 +8.7388743413181222e-06 +8.4150329897964177e-06
 80.50000000 +1.0000000000002627e+00 +1.9999961022397752e+00 +1.8549925868041597e-03 +9.9995513626305310e-01 +9.9999997885055625e-01 +9.9999995216126036e-01 +9.9999989772350195e-01 +9.9999981645904934e-01 +9.7686860806509978e-06 +9.3091678199591149e-06 +9.0137162961036485e-06 +8.7461182722290811e-06 +8.3808554239207217e-06
 81.00000000 +1.0000000000002640e+00 +1.9999960540065249e+00 +1.8549921451433548e-03 +9.9995514025927557e-01 +9.9999997900366921e-01 +9.9999995237651873e-01 +9.9999989763389630e-01 +9.9999981555141648e-01 +9.7516811699899036e-06 +9.3351016374949270e-06 +9.0456539065411388e-06 +8.7371004282749605e-06 +8.3456394009077110e-06
 81.50000000 +1.0000000000002656e+00 +1.9999960054836792e+00 +1.8549931990942375e-03 +9.9995514064074820e-01 +9.9999997915626471e-01 +9.9999995259788566e-01 +9.9999989755275009e-01 +9.9999981464614207e-01 +9.7500418591304331e-06 +9.3678033239820879e-06 +9.0659556527545240e-06 +8.7152784759276630e-06 +8.3163282249364858e-06
 82.00000000 +1.0000000000002680e+00 +1.9999959566714010e+00 +1.8549957212298115e-03 +9.9995513701657190e-01 +9.9999997930952622e-01 +9.9999995282596432e-01 +9.9999989747828733e-01 +9.9999981373922819e-01 +9.7625094455617510e-06 +9.4008387767751646e-06 +9.0721987576927795e-06 +8.6861210249417835e-06 +8.2979637569181484e-06
 82.50000000 +1.0000000000002691e+00 +1.9999959075698310e+00 +1.8549994090518737e-03 +9.9995512968044264e-01 +9.9999997946434993e-01 +9.9999995306061640e-01 +9.9999989740820405e-01 +9.9999981282725858e-01 +9.7856005101881628e-06 +9.4284227651394162e-06 +9.0647556273641260e-06 +8.6558638960701275e-06 +8.2929176760445810e-06
 83.00000000 +1.0000000000002702e+00 +1.9999958581790851e+00 +1.8550037154169228e-03 +9.9995511963469286e-01 +9.9999997962124920e-01 +9.9999995330109870e-01 +9.9999989734011585e-01 +9.9999981190786846e-01 +9.8144377900284634e-06 +9.4463540555998007e-06 +9.0464179551607147e-06 +8.6302597358639189e-06 +8.3007267894438102e-06
 83.50000000 +1.0000000000002718e+00 +1.9999958084992664e+00 +1.8550079397476023e-03 +9.9995510844951596e-01 +9.9999997978031419e-01 +9.9999995354626947e-01 +9.9999989727195748e-01 +9.9999981097999291e-01 +9.8437237428083873e-06 +9.4525701737124827e-06 +9.0216248773684488e-06 +8.6135570007496604e-06 +8.3184975146439730e-06
 84.00000000 +1.0000000000002733e+00 +1.9999957585304646e+00 +1.8550113603612633e-03 +9.9995509798446314e-01 +9.9999997994123790e-01 +9.9999995379483131e-01 +9.9999989720229676e-01 +9.9999981004387628e-01 +9.8686762287801197e-06 +9.4472670491942589e-06 +8.9954794211191855e-06 +8.6078747353904302e-06 +8.3417372273653505e-06
 84.50000000 +1.0000000000002751e+00 +1.9999957082727822e+00 +1.8550133781077497e-03 +9.9995509003288108e-01 +9.9999998010339897e-01 +9.9999995404557551e-01 +9.9999989713051651e-01 +9.9999980910087571e-01 +9.8857724059868891e-06 +9.4326114029403122e-06 +8.9727553792989060e-06 +8.6130462607447809e-06 +8.3654026791414914e-06
 85.00000000 +1.0000000000002762e+00 +1.9999956577263365e+00 +1.8550136388377656e-03 +9.9995508596804983e-01 +9.9999998026597436e-01 +9.9999995429757815e-01 +9.9999989705684633e-01 +9.9999980815310496e-01 +9.8931968111474201e-06 +9.4121421288393279e-06 +8.9570757076928825e-06 +8.6269082523062314e-06 +8.3849369270202777e-06
 85.50000000 +1.0000000000002780e+00 +1.9999956068912725e+00 +1.8550121072898906e-03 +9.9995508646894660e-01 +9.9999998042806948e-01 +9.9999995455033563e-01 +9.9999989698226721e-01 +9.9999980720300408e-01 +9.8909515300298232e-06 +9.3900006092534296e-06 +8.9503918285356741e-06 +8.6459304438940552e-06 +8.3970943566881964e-06
 86.00000000 +1.0000000000002798e+00 +1.9999955557677602e+00 +1.8550090762353053e-03 +9.9995509138484950e-01 +9.9999998058883399e-01 +9.9999995480380743e-01 +9.9999989690829494e-01 +9.9999980625289409e-01 +9.8806484000828120e-06 +9.3701439681903814e-06 +8.9528238002358995e-06 +8.6660289948747348e-06 +8.4004175561959058e-06
 86.50000000 +1.0000000000002811e+00 +1.9999955043560071e+00 +1.8550051092757090e-03 +9.9995509976659425e-01 +9.9999998074755847e-01 +9.9999995505839379e-01 +9.9999989683672230e-01 +9.9999980530461752e-01 +9.8650547336018345e-06 +9.3556806143697403e-06 +8.9628489059595331e-06 +8.6833899794252206e-06 +8.3953132862870273e-06
 87.00000000 +1.0000000000002831e+00 +1.9999954526562453e+00 +1.8550009301024676e-03 +9.9995511005581172e-01 +9.9999998090373687e-01 +9.9999995531483854e-01 +9.9999989676933676e-01 +9.9999980435928904e-01 +9.8474975170754676e-06 +9.3484299485271077e-06 +8.9777644087532811e-06 +8.6951475391314813e-06 +8.3837589901402371e-06
 87.50000000 +1.0000000000002844e+00 +1.9999954006687155e+00 +1.8549972820920966e-03 +9.9995512039028001e-01 +9.9999998105708110e-01 +9.9999995557408694e-01 +9.9999989670767042e-01 +9.9999980341719252e-01 +9.8312428176910855e-06 +9.3487570596527002e-06 +8.9943090876575788e-06 +8.6998065533278158e-06 +8.3687395956051032e-06
 88.00000000 +1.0000000000002867e+00 +1.9999953483936568e+00 +1.8549947875777164e-03 +9.9995512896066197e-01 +9.9999998120750744e-01 +9.9999995583713375e-01 +9.9999989665282707e-01 +9.9999980247783160e-01 +9.8189577277137904e-06 +9.3556791953671906e-06 +9.0093128174167263e-06 +8.6973604864312143e-06 +8.3535552447248516e-06
 88.50000000 +1.0000000000002880e+00 +1.9999952958313065e+00 +1.8549938351142255e-03 +9.9995513434571148e-01 +9.9999998135508616e-01 +9.9999995610487291e-01 +9.9999989660538868e-01 +9.9999980154009660e-01 +9.8123356774680744e-06 +9.3671936370999698e-06 +9.0202536727716702e-06 +8.6891180607466454e-06 +8.3411492360337296e-06
 89.00000000 +1.0000000000002898e+00 +1.9999952429818790e+00 +1.8549945161281064e-03 +9.9995513576049500e-01 +9.9999998149997738e-01 +9.9999995637798322e-01 +9.9999989656542043e-01 +9.9999980060251414e-01 +9.8119288663319000e-06 +9.3807438386598037e-06 +9.0256329582456420e-06 +8.6773054177744519e-06 +8.3335839778474852e-06
 89.50000000 +1.0000000000002900e+00 +1.9999951898455584e+00 +1.8549966213233205e-03 +9.9995513317271767e-01 +9.9999998164235571e-01 +9.9999995665685160e-01 +9.9999989653255061e-01 +9.9999979966352581e-01 +9.8171914538077984e-06 +9.3937263676390847e-06 +9.0251221034559193e-06 +8.6645446376645616e-06 +8.3317488883845552e-06
 90.00000000 +1.0000000000002920e+00 +1.9999951364225119e+00 +1.8549996946634606e-03 +9.9995512727090385e-01 +9.9999998178234961e-01 +9.9999995694155852e-01 +9.9999989650612064e-01 +9.9999979872175726e-01 +9.8267011942681767e-06 +9.4039456510019215e-06 +9.0194820911842417e-06 +8.6533206624733453e-06 +8.3353291729749942e-06
 90.50000000 +1.0000000000002938e+00 +1.9999950827128772e+00 +1.8550031313731825e-03 +9.9995511929837833e-01 +9.9999998191998118e-01 +9.9999995723189805e-01 +9.9999989648534782e-01 +9.9999979777621684e-01 +9.8385010008580682e-06 +9.4099437430171561e-06 +9.0102971118792381e-06 +8.6455374548619951e-06 +8.3430103372111146e-06
 91.00000000 +1.0000000000002958e+00 +1.9999950287167854e+00 +1.8550062984671609e-03 +9.9995511079263755e-01 +9.9999998205514229e-01 +9.9999995752744508e-01 +9.9999989646950316e-01 +9.9999979682642104e-01 +9.8504887615871321e-06 +9.4111628628693869e-06 +8.9995926821885763e-06 +8.6422354192951045e-06 +8.3528506042181737e-06
 91.50000000 +1.0000000000002971e+00 +1.9999949744343615e+00 +1.8550086532099651e-03 +9.9995510328568060e-01 +9.9999998218758124e-01 +9.9999995782764406e-01 +9.9999989645805054e-01 +9.9999979587242027e-01 +9.8607842643800605e-06 +9.4079326862118086e-06 +8.9894208406946374e-06 +8.6435032644206869e-06 +8.3627290533599465e-06
 92.00000000 +1.0000000000002991e+00 +1.9999949198657385e+00 +1.8550098369236987e-03 +9.9995509802486959e-01 +9.9999998231692044e-01 +9.9999995813190246e-01 +9.9999989645074383e-01 +9.9999979491474167e-01 +9.8680145672685131e-06 +9.4013058618217576e-06 +8.9814909514906898e-06 +8.6485771235399799e-06 +8.3707738135997816e-06
 92.50000000 +1.0000000000003006e+00 +1.9999948650110673e+00 +1.8550097279108804e-03 +9.9995509576578279e-01 +9.9999998244267774e-01 +9.9999995843967360e-01 +9.9999989644766285e-01 +9.9999979395425687e-01 +9.8714800058105178e-06 +9.3927887740271248e-06 +8.9769068516725839e-06 +8.6560856526604757e-06 +8.3756901654230048e-06
 93.00000000 +1.0000000000003026e+00 +1.9999948098705167e+00 +1.8550084463463631e-03 +9.9995509667102556e-01 +9.9999998256431144e-01 +9.9999995875052627e-01 +9.9999989644919662e-01 +9.9999979299202069e-01 +9.8711877059600511e-06 +9.3840270277423576e-06 +8.9760444806755212e-06 +8.6643776366657452e-06 +8.3769375816269035e-06
 93.50000000 +1.0000000000003049e+00 +1.9999947544442804e+00 +1.8550063137896511e-03 +9.9995510032611479e-01 +9.9999998268125778e-01 +9.9999995906417705e-01 +9.9999989645597787e-01 +9.9999979202909228e-01 +9.8677633221155162e-06 +9.3765056786990398e-06 +8.9785746355386574e-06 +8.6718610580187337e-06 +8.3747402103526982e-06
 94.00000000 +1.0000000000003058e+00 +1.9999946987325667e+00 +1.8550037784782346e-03 +9.9995510586039826e-01 +9.9999998279296842e-01 +9.9999995938049635e-01 +9.9999989646878318e-01 +9.9999979106638248e-01 +9.8622708161539478e-06 +9.3713142437924278e-06 +8.9836088113765245e-06 +8.6772892353508833e-06 +8.3699493943698209e-06
 94.50000000 +1.0000000000003069e+00 +1.9999946427356021e+00 +1.8550013232119349e-03 +9.9995511214198640e-01 +9.9999998289894476e-01 +9.9999995969949129e-01 +9.9999989648843157e-01 +9.9999979010454765e-01 +9.8559817981288223e-06 +9.3690090613451983e-06 +8.9899266960341011e-06 +8.6799475051669379e-06 +8.3638030728687886e-06
 95.00000000 +1.0000000000003086e+00 +1.9999945864536168e+00 +1.8549993745614532e-03 +9.9995511800425152e-01 +9.9999998299875403e-01 +9.9999996002126113e-01 +9.9999989651567589e-01 +9.9999978914393306e-01 +9.8501392093399806e-06 +9.3695846154825545e-06 +8.9962343921005858e-06 +8.6797182483971486e-06 +8.3576412037099414e-06
 95.50000000 +1.0000000000003102e+00 +1.9999945298868396e+00 +1.8549982302806919e-03 +9.9995512245913376e-01 +9.9999998309203486e-01 +9.9999996034594241e-01 +9.9999989655112209e-01 +9.9999978818457314e-01 +9.8457554530916150e-06 +9.3725450919277711e-06 +9.0014033150321849e-06 +8.6770274843255506e-06 +8.3526374004041072e-06
 96.00000000 +1.0000000000003120e+00 +1.9999944730354928e+00 +1.8549980168700759e-03 +9.9995512485890981e-01 +9.9999998317849936e-01 +9.9999996067366026e-01 +9.9999989659518618e-01 +9.9999978722625038e-01 +9.8434742565771696e-06 +9.3770511702966632e-06 +9.0046494973881016e-06 +8.6726978685082980e-06 +8.3495962621661310e-06
 96.50000000 +1.0000000000003137e+00 +1.9999944158997811e+00 +1.8549986824655869e-03 +9.9995512498119210e-01 +9.9999998325791606e-01 +9.9999996100447586e-01 +9.9999989664807210e-01 +9.9999978626857977e-01 +9.8435111814918471e-06 +9.3821072006442569e-06 +9.0056288205845287e-06 +8.6677471750541209e-06 +8.3488469559979553e-06
 97.00000000 +1.0000000000003149e+00 +1.9999943584798971e+00 +1.8550000230966005e-03 +9.9995512302861622e-01 +9.9999998333009565e-01 +9.9999996133835700e-01 +9.9999989670979850e-01 +9.9999978531111600e-01 +9.8456726618876400e-06 +9.3867513633615309e-06 +9.0044418804746553e-06 +8.6631764905384618e-06 +8.3502411972087034e-06
 97.50000000 +1.0000000000003162e+00 +1.9999943007760266e+00 +1.8550017342728879e-03 +9.9995511955138106e-01 +9.9999998339487306e-01 +9.9999996167516036e-01 +9.9999989678023971e-01 +9.9999978435345782e-01 +9.8494403529344213e-06 +9.3902156810857417e-06 +9.0015591835256849e-06 +8.6597885978111311e-06 +8.3532426562919541e-06
 98.00000000 +1.0000000000003184e+00 +1.9999942427883408e+00 +1.8550034758935468e-03 +9.9995511531435677e-01 +9.9999998345208774e-01 +9.9999996201463248e-01 +9.9999989685918966e-01 +9.9999978339533246e-01 +9.8540983765244788e-06 +9.3920322195169282e-06 +8.9976902554918366e-06 +8.6580662262057895e-06 +8.3570789168368442e-06
 98.50000000 +1.0000000000003197e+00 +1.9999941845170057e+00 +1.8550049371675321e-03 +9.9995511113861280e-01 +9.9999998350156927e-01 +9.9999996235642330e-01 +9.9999989694642111e-01 +9.9999978243664633e-01 +9.8588767921306932e-06 +9.3920741620068130e-06 +8.9936272317444928e-06 +8.6581249170928736e-06 +8.3609188241642308e-06
 99.00000000 +1.0000000000003217e+00 +1.9999941259621903e+00 +1.8550058895762285e-03 +9.9995510774894480e-01 +9.9999998354313191e-01 +9.9999996270011637e-01 +9.9999989704175019e-01 +9.9999978147751212e-01 +9.8630853785279461e-06 +9.3905331493752000e-06 +8.9900940940452778e-06 +8.6597395204735105e-06 +8.3640380114196343e-06
 99.50000000 +1.0000000000003229e+00 +1.9999940671240719e+00 +1.8550062193653301e-03 +9.9995510565461332e-01 +9.9999998357656661e-01 +9.9999996304525496e-01 +9.9999989714507220e-01 +9.9999978051822724e-01 +9.8662168034101466e-06 +9.3878450862724232e-06 +8.9876276479795565e-06 +8.6624298379220385e-06 +8.3659425069480082e-06
100.00000000 +1.0000000000003244e+00 +1.9999940080028338e+00 +1.8550059357481544e-03 +9.9995510508154795e-01 +9.9999998360164766e-01 +9.9999996339137687e-01 +9.9999989725638705e-01 +9.9999977955923658e-01 +9.8680060919194165e-06 +9.3845838990746685e-06 +8.9865072521987392e-06 +8.6655818830716396e-06 +8.3664323018138049e-06
100.50000000 +1.0000000000003262e+00 +1.9999939485986709e+00 +1.8550051559134027e-03 +9.9995510596284765e-01 +9.9999998361813680e-01 +9.9999996373803779e-01 +9.9999989737579986e-01 +9.9999977860107170e-01 +9.8684422943975428e-06 +9.3813456870138080e-06 +8.9867393754570353e-06 +8.6685777413223942e-06 +8.3656006405245800e-06
101.00000000 +1.0000000000003277e+00 +1.9999938889117896e+00 +1.8550040721059073e-03 +9.9995510798296006e-01 +9.9999998362579134e-01 +9.9999996408482994e-01 +9.9999989750350415e-01 +9.9999977764428605e-01 +9.8677367394687133e-06 +9.3786443965706791e-06 +8.9880924793258611e-06 +8.6709089913780990e-06 +8.3637776624694637e-06
101.50000000 +1.0000000000003291e+00 +1.9999938289424071e+00 +1.8550029087817839e-03 +9.9995511066160048e-01 +9.9999998362437736e-01 +9.9999996443138905e-01 +9.9999989763974928e-01 +9.9999977668939499e-01 +9.8662588867715496e-06 +9.3768353627904443e-06 +8.9901693552139197e-06 +8.6722550085027778e-06 +8.3614365229648851e-06
102.00000000 +1.0000000000003311e+00 +1.9999937686907421e+00 +1.8550018787762597e-03 +9.9995511345773669e-01 +9.9999998361367981e-01 +9.9999996477739639e-01 +9.9999989778480702e-01 +9.9999977573683274e-01 +9.8644547027299437e-06 +9.3760760924127591e-06 +8.9924990911596336e-06 +8.6725164383697935e-06 +8.3590848797576693e-06
102.50000000 +1.0000000000003324e+00 +1.9999937081570147e+00 +1.8550011465902193e-03 +9.9995511587254693e-01 +9.9999998359350883e-01 +9.9999996512256695e-01 +9.9999989793892807e-01 +9.9999977478692204e-01 +9.8627633830273622e-06 +9.3763260112267456e-06 +8.9946297376344506e-06 +8.6718036956922310e-06 +8.3571643629950497e-06
103.00000000 +1.0000000000003340e+00 +1.9999936473414477e+00 +1.8550008046595132e-03 +9.9995511753286781e-01 +9.9999998356371178e-01 +9.9999996546663972e-01 +9.9999989810231737e-01 +9.9999977383987360e-01 +9.8615463910762683e-06 +9.3773799778275892e-06 +8.9962051632906294e-06 +8.6703886479206749e-06 +8.3559760809920168e-06
103.50000000 +1.0000000000003353e+00 +1.9999935862442566e+00 +1.8550008654024566e-03 +9.9995511824235361e-01 +9.9999998352417196e-01 +9.9999996580935790e-01 +9.9999989827510705e-01 +9.9999977289579833e-01 +9.8610388544988565e-06 +9.3789252756298533e-06 +8.9970146311421438e-06 +8.6686333205629500e-06 +8.3556428082541357e-06
104.00000000 +1.0000000000003377e+00 +1.9999935248656531e+00 +1.8550012686169807e-03 +9.9995511799496295e-01 +9.9999998347481533e-01 +9.9999996615045905e-01 +9.9999989845735016e-01 +9.9999977195473588e-01 +9.8613282980953224e-06 +9.3806091659267961e-06 +8.9970100261930398e-06 +8.6669118116382170e-06 +8.3561100635188891e-06
104.50000000 +1.0000000000003391e+00 +1.9999934632058420e+00 +1.8550019010390854e-03 +9.9995511695287764e-01 +9.9999998341560414e-01 +9.9999996648965916e-01 +9.9999989864902061e-01 +9.9999977101669169e-01 +9.8623604912935119e-06 +9.3821040356450951e-06 +8.9962920970360609e-06 +8.6655406459070251e-06 +8.3571805742124937e-06
105.00000000 +1.0000000000003406e+00 +1.9999934012650231e+00 +1.8550026230368536e-03 +9.9995511539715576e-01 +9.9999998334653872e-01 +9.9999996682664893e-01 +9.9999989885002749e-01 +9.9999977008167240e-01 +9.8639677361526199e-06 +9.3831593597039418e-06 +8.9950723828314243e-06 +8.6647291644981974e-06 +8.3585710191063347e-06
105.50000000 +1.0000000000003413e+00 +1.9999933390433986e+00 +1.8550032967280647e-03 +9.9995511366333556e-01 +9.9999998326765072e-01 +9.9999996716108941e-01 +9.9999989906023268e-01 +9.9999976914971977e-01 +9.8659118572653508e-06 +9.3836334353517530e-06 +8.9936208894939714e-06 +8.6645562728129303e-06 +8.3599772278290387e-06
106.00000000 +1.0000000000003442e+00 +1.9999932765411663e+00 +1.8550038102595244e-03 +9.9995511207543342e-01 +9.9999998317900129e-01 +9.9999996749261666e-01 +9.9999989927947464e-01 +9.9999976822093406e-01 +9.8679327960202373e-06 +9.3835022763627557e-06 +8.9922107138929738e-06 +8.6649741598869079e-06 +8.3611343149456166e-06
106.50000000 +1.0000000000003453e+00 +1.9999932137585243e+00 +1.8550040943470737e-03 +9.9995511089034617e-01 +9.9999998308067028e-01 +9.9999996782084433e-01 +9.9999989950758295e-01 +9.9999976729547857e-01 +9.8697940482310777e-06 +9.3828473194715284e-06 +8.9910698028368767e-06 +8.6658345711273779e-06 +8.3618610629431576e-06
107.00000000 +1.0000000000003468e+00 +1.9999931506956807e+00 +1.8550041290796278e-03 +9.9995511026130379e-01 +9.9999998297276049e-01 +9.9999996814537706e-01 +9.9999989974440406e-01 +9.9999976637358523e-01 +9.8713179241700402e-06 +9.3818269830902233e-06 +8.9903473537609840e-06 +8.6669296979868523e-06 +8.3620823469907533e-06
107.50000000 +1.0000000000003495e+00 +1.9999930873528422e+00 +1.8550039410171230e-03 +9.9995511022443251e-01 +9.9999998285538816e-01 +9.9999996846581563e-01 +9.9999989998980188e-01 +9.9999976545553670e-01 +9.8724062683276510e-06 +9.3806391691187249e-06 +8.9900987267744621e-06 +8.6680381803842665e-06 +8.3618284292823693e-06
108.00000000 +1.0000000000003508e+00 +1.9999930237302195e+00 +1.8550035923707027e-03 +9.9995511070782017e-01 +9.9999998272868240e-01 +9.9999996878176600e-01 +9.9999990024366625e-01 +9.9999976454164674e-01 +9.8730452825929780e-06 +9.3794823477011258e-06 +8.9902889248259115e-06 +8.6689671158470640e-06 +8.3612145022842159e-06
108.50000000 +1.0000000000003517e+00 +1.9999929598280364e+00 +1.8550031652549142e-03 +9.9995511155851047e-01 +9.9999998259278911e-01 +9.9999996909284927e-01 +9.9999990050591192e-01 +9.9999976363224452e-01 +9.8732959032153421e-06 +9.3785220294590286e-06 +8.9908114131728838e-06 +8.6695829830156809e-06 +8.3604071275710287e-06
109.00000000 +1.0000000000003535e+00 +1.9999928956465081e+00 +1.8550027444979565e-03 +9.9995511258020620e-01 +9.9999998244786692e-01 +9.9999996939870583e-01 +9.9999990077646639e-01 +9.9999976272764690e-01 +9.8732733518648066e-06 +9.3778675493387966e-06 +8.9915168004788686e-06 +8.6698274169466456e-06 +8.3595857585571772e-06
109.50000000 +1.0000000000003557e+00 +1.9999928311858619e+00 +1.8550024022900189e-03 +9.9995511357354627e-01 +9.9999998229409259e-01 +9.9999996969899430e-01 +9.9999990105526027e-01 +9.9999976182814421e-01 +9.8731207453649227e-06 +9.3775616317868166e-06 +8.9922449438592117e-06 +8.6697171176990676e-06 +8.3589073026076633e-06
110.00000000 +1.0000000000003566e+00 +1.9999927664463226e+00 +1.8550021871736318e-03 +9.9995511437142592e-01 +9.9999998213165686e-01 +9.9999996999339524e-01 +9.9999990134221661e-01 +9.9999976093398701e-01 +9.8729819271820032e-06 +9.3775826811215229e-06 +8.9928543555632511e-06 +8.6693301722589464e-06 +8.3584799682404047e-06
110.50000000 +1.0000000000003593e+00 +1.9999927014281120e+00 +1.8550021187536028e-03 +9.9995511486377076e-01 +9.9999998196077644e-01 +9.9999997028160792e-01 +9.9999990163724140e-01 +9.9999976004538582e-01 +9.8729780716923689e-06 +9.3778575865802444e-06 +8.9932441410528011e-06 +8.6687832214431972e-06 +8.3583499934600749e-06
111.00000000 +1.0000000000003599e+00 +1.9999926361314517e+00 +1.8550021882819895e-03 +9.9995511500881329e-01 +9.9999998178168470e-01 +9.9999997056334611e-01 +9.9999990194021238e-01 +9.9999975916250927e-01 +9.8731913389332214e-06 +9.3782813639164718e-06 +8.9933656982071953e-06 +8.6682049347675446e-06 +8.3585019009605661e-06
111.50000000 +1.0000000000003624e+00 +1.9999925705565653e+00 +1.8550023641927965e-03 +9.9995511483077049e-01 +9.9999998159464454e-01 +9.9999997083833903e-01 +9.9999990225097979e-01 +9.9999975828549714e-01 +9.8736572288572629e-06 +9.3787393264475250e-06 +8.9932236073865862e-06 +8.6677111398887619e-06 +8.3588702793111304e-06
112.00000000 +1.0000000000003637e+00 +1.9999925047036740e+00 +1.8550026008994260e-03 +9.9995511440623253e-01 +9.9999998139993773e-01 +9.9999997110632333e-01 +9.9999990256935956e-01 +9.9999975741446667e-01 +9.8743656204916112e-06 +9.3791276740067948e-06 +8.9928671236533252e-06 +8.6673858769002201e-06 +8.3593592050977841e-06
112.50000000 +1.0000000000003650e+00 +1.9999924385729959e+00 +1.8550028488198962e-03 +9.9995511384329938e-01 +9.9999998119787414e-01 +9.9999997136704422e-01 +9.9999990289514318e-01 +9.9999975654952733e-01 +9.8752690624033299e-06 +9.3793692548853671e-06 +8.9923751268360201e-06 +8.6672709484576876e-06 +8.3598645460607155e-06
113.00000000 +1.0000000000003675e+00 +1.9999923721647515e+00 +1.8550030636650273e-03 +9.9995511325818354e-01 +9.9999998098878473e-01 +9.9999997162025545e-01 +9.9999990322809862e-01 +9.9999975569079302e-01 +9.8762959046893893e-06 +9.3794225475283691e-06 +8.9918381154965573e-06 +8.6673646166769782e-06 +8.3602945380679546e-06
113.50000000 +1.0000000000003686e+00 +1.9999923054791580e+00 +1.8550032134404470e-03 +9.9995511275378990e-01 +9.9999998077301921e-01 +9.9999997186571388e-01 +9.9999990356797552e-01 +9.9999975483838444e-01 +9.8773654251786019e-06 +9.3792833427653485e-06 +8.9913408229714458e-06 +8.6676283407352556e-06 +8.3605850295436637e-06
114.00000000 +1.0000000000003701e+00 +1.9999922385164395e+00 +1.8550032822490150e-03 +9.9995511240377255e-01 +9.9999998055094907e-01 +9.9999997210318647e-01 +9.9999990391451810e-01 +9.9999975399244123e-01 +9.8784021963273046e-06 +9.3789799182818491e-06 +8.9909483976578658e-06 +8.6679991524190926e-06 +8.3607073212140317e-06
114.50000000 +1.0000000000003719e+00 +1.9999921712768209e+00 +1.8550032706878682e-03 +9.9995511224406741e-01 +9.9999998032295900e-01 +9.9999997233244797e-01 +9.9999990426746388e-01 +9.9999975315311518e-01 +9.8793474703841100e-06 +9.3785634797712460e-06 +8.9906980306984947e-06 +8.6684045993932132e-06 +8.3606682273744261e-06
115.00000000 +1.0000000000003739e+00 +1.9999921037605288e+00 +1.8550031932750002e-03 +9.9995511227229650e-01 +9.9999998008944713e-01 +9.9999997255328610e-01 +9.9999990462655264e-01 +9.9999975232057203e-01 +9.8801661765357178e-06 +9.3780961791807770e-06 +8.9905966816914881e-06 +8.6687771761944603e-06 +8.3605035016232067e-06
115.50000000 +1.0000000000003753e+00 +1.9999920359677859e+00 +1.8550030738071468e-03 +9.9995511245396151e-01 +9.9999997985082067e-01 +9.9999997276550112e-01 +9.9999990499152758e-01 +9.9999975149498388e-01 +9.8808490483435883e-06 +9.3776390850964161e-06 +8.9906243900141257e-06 +8.6690657146523810e-06 +8.3602668454287403e-06
116.00000000 +1.0000000000003766e+00 +1.9999919678988283e+00 +1.8550029397853664e-03 +9.9995511273331728e-01 +9.9999997960749420e-01 +9.9999997296890941e-01 +9.9999990536213490e-01 +9.9999975067652214e-01 +9.8814102648040451e-06 +9.3772421331346673e-06 +8.9907417601581301e-06 +8.6692421339906120e-06 +8.3600172148181394e-06
116.50000000 +1.0000000000003786e+00 +1.9999918995538846e+00 +1.8550028170390843e-03 +9.9995511304629792e-01 +9.9999997935989071e-01 +9.9999997316334643e-01 +9.9999990573812447e-01 +9.9999974986535278e-01 +9.8818816608366392e-06 +9.3769374460531586e-06 +8.9908996926994780e-06 +8.6693030304545563e-06 +8.3598070519345224e-06
117.00000000 +1.0000000000003804e+00 +1.9999918309331881e+00 +1.8550027254713281e-03 +9.9995511333290432e-01 +9.9999997910843386e-01 +9.9999997334866508e-01 +9.9999990611924527e-01 +9.9999974906162703e-01 +9.8823049617029847e-06 +9.3767366363567964e-06 +8.9910493313668986e-06 +8.6692665975607451e-06 +8.3596734991583523e-06
117.50000000 +1.0000000000003824e+00 +1.9999917620369747e+00 +1.8550026765057216e-03 +9.9995511354696553e-01 +9.9999997885355429e-01 +9.9999997352474002e-01 +9.9999990650524662e-01 +9.9999974826548077e-01 +9.8827235968970306e-06 +9.3766319412611537e-06 +8.9911504660069881e-06 +8.6691661372767564e-06 +8.3596337839211922e-06
118.00000000 +1.0000000000003839e+00 +1.9999916928654737e+00 +1.8550026724222957e-03 +9.9995511366196066e-01 +9.9999997859568246e-01 +9.9999997369146210e-01 +9.9999990689586959e-01 +9.9999974747702902e-01 +9.8831754811055936e-06 +9.3766004181794776e-06 +8.9911771675118953e-06 +8.6690418464880781e-06 +8.3596850017398035e-06
118.50000000 +1.0000000000003848e+00 +1.9999916234189228e+00 +1.8550027074033836e-03 +9.9995511367250589e-01 +9.9999997833525367e-01 +9.9999997384874673e-01 +9.9999990729085175e-01 +9.9999974669636971e-01 +9.8836877814090097e-06 +9.3766100322045891e-06 +8.9911200991943809e-06 +8.6689326175481084e-06 +8.3598076681122652e-06
119.00000000 +1.0000000000003868e+00 +1.9999915536975557e+00 +1.8550027698343600e-03 +9.9995511359192168e-01 +9.9999997807270613e-01 +9.9999997399652496e-01 +9.9999990768992175e-01 +9.9999974592358287e-01 +9.8842742119019022e-06 +9.3766263280823527e-06 +8.9909856122614552e-06 +8.6688693232113465e-06 +8.3599718021059049e-06
119.50000000 +1.0000000000003886e+00 +1.9999914837016077e+00 +1.8550028452530556e-03 +9.9995511344693766e-01 +9.9999997780847749e-01 +9.9999997413474728e-01 +9.9999990809279893e-01 +9.9999974515873502e-01 +9.8849349042854531e-06 +9.3766184818383193e-06 +8.9907922755752374e-06 +8.6688705631433554e-06 +8.3601440217633361e-06
120.00000000 +1.0000000000003904e+00 +1.9999914134313130e+00 +1.8550029193230447e-03 +9.9995511327091979e-01 +9.9999997754300740e-01 +9.9999997426338250e-01 +9.9999990849919784e-01 +9.9999974440188244e-01 +9.8856584784039928e-06 +9.3765638169156081e-06 +8.9905658354166316e-06 +8.6689412555351422e-06 +8.3602941768648573e-06
120.50000000 +1.0000000000003926e+00 +1.9999913428869103e+00 +1.8550029803024658e-03 +9.9995511309704266e-01 +9.9999997727673606e-01 +9.9999997438241472e-01 +9.9999990890882551e-01 +9.9999974365307243e-01 +9.8864256389062888e-06 +9.3764502685320878e-06 +8.9903337195183606e-06 +8.6690738862692913e-06 +8.3604003588275684e-06
121.00000000 +1.0000000000003932e+00 +1.9999912720686337e+00 +1.8550030206552341e-03 +9.9995511295260953e-01 +9.9999997701009991e-01 +9.9999997449184386e-01 +9.9999990932138405e-01 +9.9999974291234961e-01 +9.8872134820635194e-06 +9.3762767036902948e-06 +8.9901201057340795e-06 +8.6692517795035940e-06 +8.3604516098927447e-06
121.50000000 +1.0000000000003955e+00 +1.9999912009767222e+00 +1.8550030376614202e-03 +9.9995511285533312e-01 +9.9999997674353724e-01 +9.9999997459169010e-01 +9.9999990973657871e-01 +9.9999974217975629e-01 +9.8879997091658428e-06 +9.3760513775222687e-06 +8.9899423188742994e-06 +8.6694534895419096e-06 +8.3604481876119026e-06
122.00000000 +1.0000000000003975e+00 +1.9999911296114155e+00 +1.8550030330846746e-03 +9.9995511281188498e-01 +9.9999997647747740e-01 +9.9999997468198409e-01 +9.9999991015411127e-01 +9.9999974145533155e-01 +9.8887660836540204e-06 +9.3757890744045896e-06 +8.9898089697916807e-06 +8.6696573533219809e-06 +8.3603997179116914e-06
122.50000000 +1.0000000000003986e+00 +1.9999910579729565e+00 +1.8550030121120514e-03 +9.9995511281860949e-01 +9.9999997621234360e-01 +9.9999997476277447e-01 +9.9999991057368620e-01 +9.9999974073911035e-01 +9.8895006951736100e-06 +9.3755076159976918e-06 +8.9897198842365401e-06 +8.6698453647684988e-06 +8.3603219102198884e-06
123.00000000 +1.0000000000004010e+00 +1.9999909860615821e+00 +1.8550029818746598e-03 +9.9995511286390371e-01 +9.9999997594855372e-01 +9.9999997483412584e-01 +9.9999991099501595e-01 +9.9999974003112746e-01 +9.8901988548821205e-06 +9.3752244166582209e-06 +8.9896675519234237e-06 +8.6700057858774619e-06 +8.3602326692098650e-06
123.50000000 +1.0000000000004019e+00 +1.9999909138775398e+00 +1.8550029498798409e-03 +9.9995511293156525e-01 +9.9999997568651111e-01 +9.9999997489611647e-01 +9.9999991141781164e-01 +9.9999973933140751e-01 +9.8908626946184196e-06 +9.3749536512430897e-06 +8.9896396060632642e-06 +8.6701342281276244e-06 +8.3601484178679203e-06
124.00000000 +1.0000000000004041e+00 +1.9999908414210703e+00 +1.8550029226453168e-03 +9.9995511300437279e-01 +9.9999997542661268e-01 +9.9999997494884396e-01 +9.9999991184179626e-01 +9.9999973863997271e-01 +9.8914997396957945e-06 +9.3747044086152374e-06 +8.9896217432771391e-06 +8.6702332538526969e-06 +8.3600812782170986e-06
124.50000000 +1.0000000000004052e+00 +1.9999907686924210e+00 +1.8550029047405291e-03 +9.9995511306721618e-01 +9.9999997516923700e-01 +9.9999997499241611e-01 +9.9999991226669160e-01 +9.9999973795683039e-01 +9.8921208472674765e-06 +9.3744799805196145e-06 +8.9896005116889827e-06 +8.6703108040325367e-06 +8.3600374942203220e-06
125.00000000 +1.0000000000004070e+00 +1.9999906956918381e+00 +1.8550028983331903e-03 +9.9995511310933061e-01 +9.9999997491475245e-01 +9.9999997502696036e-01 +9.9999991269222865e-01 +9.9999973728198088e-01 +9.8927379416077187e-06 +9.3742782225608927e-06 +8.9895655090972085e-06 +8.6703779197903208e-06 +8.3600171899042847e-06
125.50000000 +1.0000000000004092e+00 +1.9999906224195665e+00 +1.8550029032328953e-03 +9.9995511312538532e-01 +9.9999997466351098e-01 +9.9999997505261817e-01 +9.9999991311814374e-01 +9.9999973661541264e-01 +9.8933619411509259e-06 +9.3740927557785595e-06 +8.9895107082028631e-06 +8.6704462761647943e-06 +8.3600152936918564e-06
126.00000000 +1.0000000000004097e+00 +1.9999905488758558e+00 +1.8550029173372746e-03 +9.9995511311544116e-01 +9.9999997441584798e-01 +9.9999997506954275e-01 +9.9999991354417295e-01 +9.9999973595710123e-01 +9.8940011778556227e-06 +9.3739146747832580e-06 +8.9894348217255801e-06 +8.6705259968678150e-06 +8.3600232713897298e-06
126.50000000 +1.0000000000004121e+00 +1.9999904750609514e+00 +1.8550029373317197e-03 +9.9995511308399598e-01 +9.9999997417208630e-01 +9.9999997507790694e-01 +9.9999991397006494e-01 +9.9999973530701525e-01 +9.8946604819884582e-06 +9.3737343981539450e-06 +8.9893407995433860e-06 +8.6706240930215143e-06 +8.3600312184823158e-06
127.00000000 +1.0000000000004134e+00 +1.9999904009751057e+00 +1.8550029594752362e-03 +9.9995511303841933e-01 +9.9999997393252649e-01 +9.9999997507788985e-01 +9.9999991439556446e-01 +9.9999973466510783e-01 +9.8953409707376227e-06 +9.3735433321537824e-06 +8.9892346843525346e-06 +8.6707437021581014e-06 +8.3600298687397663e-06
127.50000000 +1.0000000000004152e+00 +1.9999903266185672e+00 +1.8550029803195494e-03 +9.9995511298718975e-01 +9.9999997369745652e-01 +9.9999997506968830e-01 +9.9999991482042838e-01 +9.9999973403132791e-01 +9.8960404600914317e-06 +9.3733351032245811e-06 +8.9891241257948610e-06 +8.6708841326316544e-06 +8.3600121635234229e-06
128.00000000 +1.0000000000004172e+00 +1.9999902519915878e+00 +1.8550029972476685e-03 +9.9995511293824335e-01 +9.9999997346714486e-01 +9.9999997505350779e-01 +9.9999991524441523e-01 +9.9999973340561343e-01 +9.8967543327944125e-06 +9.3731062260592648e-06 +8.9890168627642416e-06 +8.6710415744390366e-06 +8.3599741651237454e-06
128.50000000 +1.0000000000004179e+00 +1.9999901770944153e+00 +1.8550030087704547e-03 +9.9995511289772676e-01 +9.9999997324184053e-01 +9.9999997502956439e-01 +9.9999991566729041e-01 +9.9999973278789600e-01 +9.8974766495954159e-06 +9.3728561893290933e-06 +8.9889194384163320e-06 +8.6712102416861182e-06 +8.3599152537614085e-06
129.00000000 +1.0000000000004192e+00 +1.9999901019273048e+00 +1.8550030145734308e-03 +9.9995511286928451e-01 +9.9999997302177679e-01 +9.9999997499808568e-01 +9.9999991608882854e-01 +9.9999973217810278e-01 +9.8982012870398508e-06 +9.3725870404748766e-06 +8.9888363290983627e-06 +8.6713836737636282e-06 +8.3598376896847446e-06
129.50000000 +1.0000000000004217e+00 +1.9999900264905108e+00 +1.8550030153515148e-03 +9.9995511285390137e-01 +9.9999997280716746e-01 +9.9999997495930704e-01 +9.9999991650881159e-01 +9.9999973157615341e-01 +9.8989229165081223e-06 +9.3723026204233570e-06 +8.9887695676562985e-06 +8.6715559390551406e-06 +8.3597457252088033e-06
130.00000000 +1.0000000000004234e+00 +1.9999899507842875e+00 +1.8550030124997077e-03 +9.9995511285023464e-01 +9.9999997259820328e-01 +9.9999997491347015e-01 +9.9999991692702717e-01 +9.9999973098196171e-01 +9.8996376951493032e-06 +9.3720076320291176e-06 +8.9887188436368484e-06 +8.6717225446132222e-06 +8.3596445037553532e-06
130.50000000 +1.0000000000004245e+00 +1.9999898748088876e+00 +1.8550030077405454e-03 +9.9995511285528849e-01 +9.9999997239505878e-01 +9.9999997486082692e-01 +9.9999991734327687e-01 +9.9999973039543721e-01 +9.9003436067415806e-06 +9.3717067230411712e-06 +8.9886819842025593e-06 +8.6718809399504891e-06 +8.3595389827951788e-06
131.00000000 +1.0000000000004254e+00 +1.9999897985645707e+00 +1.8550030027651701e-03 +9.9995511286523497e-01 +9.9999997219788528e-01 +9.9999997480163227e-01 +9.9999991775736763e-01 +9.9999972981648189e-01 +9.9010404565998611e-06 +9.3714037319320181e-06 +8.9886556704789594e-06 +8.6720305936055765e-06 +8.3594330738052742e-06
131.50000000 +1.0000000000004274e+00 +1.9999897220515954e+00 +1.8550029989480581e-03 +9.9995511287623284e-01 +9.9999997200681789e-01 +9.9999997473615077e-01 +9.9999991816912093e-01 +9.9999972924499492e-01 +9.9017295790498947e-06 +9.3711011933206794e-06 +8.9886362280643876e-06 +8.6721727003445165e-06 +8.3593291203118965e-06
132.00000000 +1.0000000000004299e+00 +1.9999896452702175e+00 +1.8550029971711934e-03 +9.9995511288508065e-01 +9.9999997182196654e-01 +9.9999997466464763e-01 +9.9999991857836612e-01 +9.9999972868086606e-01 +9.9024133519274436e-06 +9.3708001407506349e-06 +8.9886203447625913e-06 +8.6723096325246346e-06 +8.3592277528284959e-06
132.50000000 +1.0000000000004321e+00 +1.9999895682206976e+00 +1.8550029977673580e-03 +9.9995511288964201e-01 +9.9999997164342125e-01 +9.9999997458739387e-01 +9.9999991898494156e-01 +9.9999972812397941e-01 +9.9030946273819189e-06 +9.3705001892753832e-06 +8.9886056056850130e-06 +8.6724442753206282e-06 +8.3591280839155703e-06
133.00000000 +1.0000000000004334e+00 +1.9999894909032936e+00 +1.8550030005695169e-03 +9.9995511288900296e-01 +9.9999997147125130e-01 +9.9999997450466260e-01 +9.9999991938869826e-01 +9.9999972757421296e-01 +9.9037761831522038e-06 +9.3701998372156553e-06 +8.9885907855073945e-06 +8.6725793825043901e-06 +8.3590281504974080e-06
133.50000000 +1.0000000000004350e+00 +1.9999894133182674e+00 +1.8550030050370453e-03 +9.9995511288338834e-01 +9.9999997130550722e-01 +9.9999997441673105e-01 +9.9999991978949754e-01 +9.9999972703143802e-01 +9.9044602776284726e-06 +9.3698969006592831e-06 +8.9885758892090951e-06 +8.6727170627516675e-06 +8.3589254810097503e-06
134.00000000 +1.0000000000004363e+00 +1.9999893354658833e+00 +1.8550030104218255e-03 +9.9995511287389971e-01 +9.9999997114621808e-01 +9.9999997432387711e-01 +9.9999992018721207e-01 +9.9999972649552116e-01 +9.9051483614253916e-06 +9.3695889871132026e-06 +8.9885619769076254e-06 +8.6728584647900680e-06 +8.3588176628641831e-06
134.50000000 +1.0000000000004381e+00 +1.9999892573464024e+00 +1.8550030159374033e-03 +9.9995511286215177e-01 +9.9999997099339344e-01 +9.9999997422637998e-01 +9.9999992058172449e-01 +9.9999972596632236e-01 +9.9058409644157035e-06 +9.3692739242030864e-06 +8.9885508390703875e-06 +8.6730036830455811e-06 +8.3587028068101518e-06
135.00000000 +1.0000000000004396e+00 +1.9999891789600897e+00 +1.8550030209011142e-03 +9.9995511284989946e-01 +9.9999997084702374e-01 +9.9999997412451691e-01 +9.9999992097292745e-01 +9.9999972544369653e-01 +9.9065377461481167e-06 +9.3689500810360024e-06 +8.9885446025115734e-06 +8.6731518629204287e-06 +8.3585798412152191e-06
135.50000000 +1.0000000000004405e+00 +1.9999891003072061e+00 +1.8550030248298461e-03 +9.9995511283870642e-01 +9.9999997070708035e-01 +9.9999997401856489e-01 +9.9999992136072480e-01 +9.9999972492749312e-01 +9.9072376737809300e-06 +9.3686165481108807e-06 +8.9885453455807911e-06 +8.6733014532761307e-06 +8.3584486117492554e-06
136.00000000 +1.0000000000004423e+00 +1.9999890213880205e+00 +1.8550030274820815e-03 +9.9995511282972460e-01 +9.9999997057351830e-01 +9.9999997390880091e-01 +9.9999992174503316e-01 +9.9999972441756046e-01 +9.9079392776534009e-06 +9.3682731706872313e-06 +8.9885547859342176e-06 +8.6734505368107344e-06 +8.3583098016142246e-06
136.50000000 +1.0000000000004439e+00 +1.9999889422027981e+00 +1.8550030288497865e-03 +9.9995511282357763e-01 +9.9999997044627398e-01 +9.9999997379549688e-01 +9.9999992212577737e-01 +9.9999972391374048e-01 +9.9086409309377082e-06 +9.3679204553825530e-06 +8.9885740810591078e-06 +8.6735971672670600e-06 +8.3581647175212731e-06
137.00000000 +1.0000000000004450e+00 +1.9999888627518077e+00 +1.8550030291118187e-03 +9.9995511282036609e-01 +9.9999997032526700e-01 +9.9999997367892102e-01 +9.9999992250289493e-01 +9.9999972341587273e-01 +9.9093411052639919e-06 +9.3675593870868633e-06 +8.9886037556820555e-06 +8.6737396534842007e-06 +8.3580150032261703e-06
137.50000000 +1.0000000000004468e+00 +1.9999887830353162e+00 +1.8550030285649009e-03 +9.9995511281975680e-01 +9.9999997021040132e-01 +9.9999997355933790e-01 +9.9999992287633332e-01 +9.9999972292379402e-01 +9.9100385663390905e-06 +9.3671912015114923e-06 +8.9886437462629570e-06 +8.6738767500245417e-06 +8.3578623448856778e-06
138.00000000 +1.0000000000004488e+00 +1.9999887030535926e+00 +1.8550030275488578e-03 +9.9995511282113114e-01 +9.9999997010156760e-01 +9.9999997343700764e-01 +9.9999992324605369e-01 +9.9999972243733970e-01 +9.9107324892951912e-06 +9.3668171580559665e-06 +8.9886935346736949e-06 +8.6740077374857267e-06 +8.3577082228035886e-06
138.50000000 +1.0000000000004499e+00 +1.9999886228069059e+00 +1.8550030263803216e-03 +9.9995511282374561e-01 +9.9999996999863960e-01 +9.9999997331218271e-01 +9.9999992361202505e-01 +9.9999972195634113e-01 +9.9114224896851542e-06 +9.3664383498335227e-06 +8.9887523329508789e-06 +8.6741323978766454e-06 +8.3575537461883987e-06
139.00000000 +1.0000000000004519e+00 +1.9999885422955306e+00 +1.8550030253047208e-03 +9.9995511282688410e-01 +9.9999996990147977e-01 +9.9999997318510814e-01 +9.9999992397422921e-01 +9.9999972148062855e-01 +9.9121085800358106e-06 +9.3660555751914552e-06 +8.9888192790516974e-06 +8.6742509078647944e-06 +8.3573995860696208e-06
139.50000000 +1.0000000000004534e+00 +1.9999884615197334e+00 +1.8550030244709941e-03 +9.9995511282997052e-01 +9.9999996980993744e-01 +9.9999997305602473e-01 +9.9999992433265905e-01 +9.9999972101003143e-01 +9.9127910718428424e-06 +9.3656692807728273e-06 +8.9888936087164977e-06 +8.6743636830673213e-06 +8.3572460010570033e-06
140.00000000 +1.0000000000004556e+00 +1.9999883804797920e+00 +1.8550030239285942e-03 +9.9995511283262839e-01 +9.9999996972385030e-01 +9.9999997292516141e-01 +9.9999992468731691e-01 +9.9999972054437480e-01 +9.9134704479694107e-06 +9.3652795727482384e-06 +8.9889747787156510e-06 +8.6744712092778181e-06 +8.3570929347327529e-06
140.50000000 +1.0000000000004565e+00 +1.9999882991759768e+00 +1.8550030236424433e-03 +9.9995511283470351e-01 +9.9999996964304649e-01 +9.9999997279274166e-01 +9.9999992503821755e-01 +9.9999972008348581e-01 +9.9141472306541857e-06 +9.3648862823484540e-06 +8.9890625293181455e-06 +8.6745738924678583e-06 +8.3569401542325996e-06
141.00000000 +1.0000000000004587e+00 +1.9999882176085657e+00 +1.8550030235193345e-03 +9.9995511283623106e-01 +9.9999996956734460e-01 +9.9999997265897755e-01 +9.9999992538538518e-01 +9.9999971962718837e-01 +9.9148218665630311e-06 +9.3644890654543353e-06 +8.9891568862132794e-06 +8.6746719504885273e-06 +8.3567873974997656e-06
141.50000000 +1.0000000000004605e+00 +1.9999881357778297e+00 +1.8550030234385710e-03 +9.9995511283738547e-01 +9.9999996949655467e-01 +9.9999997252407180e-01 +9.9999992572885310e-01 +9.9999971917530606e-01 +9.9154946438394998e-06 +9.3640875140590950e-06 +8.9892581122690593e-06 +8.6747653580523698e-06 +8.3566345008916529e-06
142.00000000 +1.0000000000004605e+00 +1.9999880536840475e+00 +1.8550030232805841e-03 +9.9995511283841410e-01 +9.9999996943047875e-01 +9.9999997238821714e-01 +9.9999992606866528e-01 +9.9999971872766313e-01 +9.9161656484335207e-06 +9.3636812594388695e-06 +8.9893666261034334e-06 +8.6748538452266160e-06 +8.3564814874020753e-06
142.50000000 +1.0000000000004625e+00 +1.9999879713274973e+00 +1.8550030229488963e-03 +9.9995511283957572e-01 +9.9999996936891644e-01 +9.9999997225159665e-01 +9.9999992640487589e-01 +9.9999971828408341e-01 +9.9168347595356154e-06 +9.3632700518108067e-06 +8.9894829069944214e-06 +8.6749369403048314e-06 +8.3563286063875834e-06
143.00000000 +1.0000000000004643e+00 +1.9999878887084561e+00 +1.8550030223831123e-03 +9.9995511284108518e-01 +9.9999996931165924e-01 +9.9999997211438096e-01 +9.9999992673754801e-01 +9.9999971784439090e-01 +9.9175016778572901e-06 +9.3628538077923108e-06 +8.9896074044573059e-06 +8.6750140418332131e-06 +8.3561763260590962e-06
143.50000000 +1.0000000000004670e+00 +1.9999878058272011e+00 +1.8550030215626549e-03 +9.9995511284308680e-01 +9.9999996925849655e-01 +9.9999997197672930e-01 +9.9999992706675267e-01 +9.9999971740841098e-01 +9.9181659764863074e-06 +9.3624326237476741e-06 +8.9897404667476892e-06 +8.6750845022271667e-06 +8.3560252882819404e-06
144.00000000 +1.0000000000004683e+00 +1.9999877226840150e+00 +1.8550030205027530e-03 +9.9995511284563787e-01 +9.9999996920921386e-01 +9.9999997183878853e-01 +9.9999992739256849e-01 +9.9999971697596846e-01 +9.9188271623690597e-06 +9.3620067589713203e-06 +8.9898822968133221e-06 +8.6751477065578570e-06 +8.3558762402936554e-06
144.50000000 +1.0000000000004698e+00 +1.9999876392791760e+00 +1.8550030192451643e-03 +9.9995511284871885e-01 +9.9999996916359724e-01 +9.9999997170069288e-01 +9.9999992771508395e-01 +9.9999971654689157e-01 +9.9194847369718324e-06 +9.3615765968188501e-06 +8.9900329380845874e-06 +8.6752031338859336e-06 +8.3557299594626048e-06
145.00000000 +1.0000000000004712e+00 +1.9999875556129674e+00 +1.8550030178465363e-03 +9.9995511285224581e-01 +9.9999996912143174e-01 +9.9999997156256570e-01 +9.9999992803439453e-01 +9.9999971612101013e-01 +9.9201382468746989e-06 +9.3611425939889379e-06 +8.9901922870718042e-06 +8.6752503938268589e-06 +8.3555871855422227e-06
145.50000000 +1.0000000000004730e+00 +1.9999874716856720e+00 +1.8550030163669916e-03 +9.9995511285610084e-01 +9.9999996908250421e-01 +9.9999997142451869e-01 +9.9999992835060492e-01 +9.9999971569815649e-01 +9.9207873183006712e-06 +9.3607052282170394e-06 +8.9903601258091617e-06 +8.6752892366464870e-06 +8.3554485709052727e-06
146.00000000 +1.0000000000004747e+00 +1.9999873874975727e+00 +1.8550030148609584e-03 +9.9995511286015104e-01 +9.9999996904660216e-01 +9.9999997128664631e-01 +9.9999992866382270e-01 +9.9999971527816378e-01 +9.9214316731775538e-06 +9.3602649530268376e-06 +8.9905361651417361e-06 +8.6753195400723052e-06 +8.3553146541084908e-06
146.50000000 +1.0000000000004763e+00 +1.9999873030489512e+00 +1.8550030133712870e-03 +9.9995511286427186e-01 +9.9999996901351829e-01 +9.9999997114903416e-01 +9.9999992897416656e-01 +9.9999971486087069e-01 +9.9220711276421122e-06 +9.3598221654672289e-06 +8.9907200896908092e-06 +8.6753412794451447e-06 +8.3551858569801277e-06
147.00000000 +1.0000000000004776e+00 +1.9999872183400975e+00 +1.8550030119268972e-03 +9.9995511286836136e-01 +9.9999996898304777e-01 +9.9999997101175264e-01 +9.9999992928175763e-01 +9.9999971444611668e-01 +9.9227055764598218e-06 +9.3593771895834421e-06 +8.9909115967368381e-06 +8.6753544894951352e-06 +8.3550625011773112e-06
147.50000000 +1.0000000000004794e+00 +1.9999871333712929e+00 +1.8550030105435101e-03 +9.9995511287234518e-01 +9.9999996895499177e-01 +9.9999997087485937e-01 +9.9999992958672346e-01 +9.9999971403374499e-01 +9.9233349683830395e-06 +9.3589302753330060e-06 +8.9911104237041830e-06 +8.6753592259423485e-06 +8.3549448374240418e-06
148.00000000 +1.0000000000004809e+00 +1.9999870481428288e+00 +1.8550030092264944e-03 +9.9995511287617966e-01 +9.9999996892915832e-01 +9.9999997073839964e-01 +9.9999992988919850e-01 +9.9999971362360363e-01 +9.9239592779511322e-06 +9.3584816102257964e-06 +8.9913163618145858e-06 +8.6753555336337318e-06 +8.3548330796296405e-06
148.50000000 +1.0000000000004821e+00 +1.9999869626549880e+00 +1.8550030079747964e-03 +9.9995511287984262e-01 +9.9999996890536180e-01 +9.9999997060240520e-01 +9.9999993018931976e-01 +9.9999971321554315e-01 +9.9245784787714038e-06 +9.3580313394248017e-06 +8.9915292562331243e-06 +8.6753434255515303e-06 +8.3547274366640160e-06
149.00000000 +1.0000000000004834e+00 +1.9999868769080644e+00 +1.8550030067848993e-03 +9.9995511288332861e-01 +9.9999996888342546e-01 +9.9999997046689504e-01 +9.9999993048722935e-01 +9.9999971280941979e-01 +9.9251925221551028e-06 +9.3575795894749826e-06 +8.9917489952214515e-06 +8.6753228743422516e-06 +8.3546281363318091e-06
149.50000000 +1.0000000000004856e+00 +1.9999867909023428e+00 +1.8550030056540935e-03 +9.9995511288663930e-01 +9.9999996886318154e-01 +9.9999997033187682e-01 +9.9999993078307436e-01 +9.9999971240509367e-01 +9.9258013234342066e-06 +9.3571264911426863e-06 +8.9919754921775433e-06 +8.6752938155436476e-06 +8.3545354385040407e-06
150.00000000 +1.0000000000004863e+00 +1.9999867046381168e+00 +1.8550030045825900e-03 +9.9995511288977534e-01 +9.9999996884447040e-01 +9.9999997019734221e-01 +9.9999993107700058e-01 +9.9999971200242799e-01 +9.9264047566612619e-06 +9.3566721978316800e-06 +8.9922086649039283e-06 +8.6752561598175897e-06 +8.3544496368772611e-06
150.50000000 +1.0000000000004878e+00 +1.9999866181156762e+00 +1.8550030035744177e-03 +9.9995511289273409e-01 +9.9999996882714604e-01 +9.9999997006327435e-01 +9.9999993136916132e-01 +9.9999971160129375e-01 +9.9270026569676211e-06 +9.3562168974097785e-06 +8.9924484160994840e-06 +8.6752098104420514e-06 +8.3543710509676901e-06
151.00000000 +1.0000000000004903e+00 +1.9999865313353147e+00 +1.8550030026372147e-03 +9.9995511289550598e-01 +9.9999996881107134e-01 +9.9999996992964313e-01 +9.9999993165970880e-01 +9.9999971120156483e-01 +9.9275948288065836e-06 +9.3557608167401539e-06 +8.9926946181225573e-06 +8.6751546821036558e-06 +8.3543000113986145e-06
151.50000000 +1.0000000000004916e+00 +1.9999864442973243e+00 +1.8550030017813123e-03 +9.9995511289807226e-01 +9.9999996879612107e-01 +9.9999996979640604e-01 +9.9999993194879733e-01 +9.9999971080312144e-01 +9.9281810577327871e-06 +9.3553042195097768e-06 +8.9929471037971488e-06 +8.6750907175433448e-06 +8.3542368421712226e-06
152.00000000 +1.0000000000004927e+00 +1.9999863570019984e+00 +1.8550030010184560e-03 +9.9995511290040995e-01 +9.9999996878218322e-01 +9.9999996966350979e-01 +9.9999993223658212e-01 +9.9999971040584812e-01 +9.9287611232652291e-06 +9.3548473989068013e-06 +8.9932056637033648e-06 +8.6750178996158452e-06 +8.3541818434648770e-06
152.50000000 +1.0000000000004943e+00 +1.9999862694496322e+00 +1.8550030003605153e-03 +9.9995511290249495e-01 +9.9999996876916064e-01 +9.9999996953089276e-01 +9.9999993252322184e-01 +9.9999971000964050e-01 +9.9293348106772018e-06 +9.3543906672276840e-06 +8.9934700492413667e-06 +8.6749362575604193e-06 +8.3541352777634123e-06
153.00000000 +1.0000000000004956e+00 +1.9999861816405204e+00 +1.8550029998184781e-03 +9.9995511290429984e-01 +9.9999996875696529e-01 +9.9999996939847891e-01 +9.9999993280886912e-01 +9.9999970961439244e-01 +9.9299019201295043e-06 +9.3539343445903095e-06 +8.9937399799414731e-06 +8.6748458674908361e-06 +8.3540973609993286e-06
153.50000000 +1.0000000000004976e+00 +1.9999860935749618e+00 +1.8550029994018197e-03 +9.9995511290580197e-01 +9.9999996874552777e-01 +9.9999996926618551e-01 +9.9999993309368163e-01 +9.9999970922001002e-01 +9.9304622722724646e-06 +9.3534787486585959e-06 +8.9940151530854809e-06 +8.6747468480905061e-06 +8.3540682592120898e-06
154.00000000 +1.0000000000004987e+00 +1.9999860052532497e+00 +1.8550029991182772e-03 +9.9995511290697869e-01 +9.9999996873478836e-01 +9.9999996913391920e-01 +9.9999993337781168e-01 +9.9999970882640254e-01 +9.9310157101511351e-06 +9.3530241867604657e-06 +8.9942952536942020e-06 +8.6746393531220539e-06 +8.3540480901607649e-06
154.50000000 +1.0000000000005007e+00 +1.9999859166756877e+00 +1.8550029989739634e-03 +9.9995511290781469e-01 +9.9999996872470542e-01 +9.9999996900157906e-01 +9.9999993366141327e-01 +9.9999970843348851e-01 +9.9315620978472226e-06 +9.3525709511360244e-06 +8.9945799632499413e-06 +8.6745235625885459e-06 +8.3540369285772005e-06
155.00000000 +1.0000000000005016e+00 +1.9999858278425717e+00 +1.8550029989736487e-03 +9.9995511290829553e-01 +9.9999996871524821e-01 +9.9999996886905385e-01 +9.9999993394463516e-01 +9.9999970804119021e-01 +9.9321013167085450e-06 +9.3521193174145213e-06 +8.9948689660460976e-06 +8.6743996742534795e-06 +8.3540348133695638e-06
155.50000000 +1.0000000000005036e+00 +1.9999857387542004e+00 +1.8550029991211332e-03 +9.9995511290841177e-01 +9.9999996870640462e-01 +9.9999996873622710e-01 +9.9999993422762590e-01 +9.9999970764943902e-01 +9.9326332602232723e-06 +9.3516695458868703e-06 +8.9951619526619164e-06 +8.6742678968290662e-06 +8.3540417550822849e-06
156.00000000 +1.0000000000005045e+00 +1.9999856494108790e+00 +1.8550029994195355e-03 +9.9995511290815486e-01 +9.9999996869817309e-01 +9.9999996860297335e-01 +9.9999993451052938e-01 +9.9999970725817178e-01 +9.9331578285997780e-06 +9.3512218847802068e-06 +8.9954586206320102e-06 +8.6741284455976371e-06 +8.3540577422160277e-06
156.50000000 +1.0000000000005071e+00 +1.9999855598129035e+00 +1.8550029998714585e-03 +9.9995511290751993e-01 +9.9999996869057128e-01 +9.9999996846916495e-01 +9.9999993479348726e-01 +9.9999970686733497e-01 +9.9336749239527851e-06 +9.3507765745770965e-06 +8.9957586728305585e-06 +8.6739815406606864e-06 +8.3540827454991004e-06
157.00000000 +1.0000000000005083e+00 +1.9999854699605817e+00 +1.8550030004790186e-03 +9.9995511290650141e-01 +9.9999996868362540e-01 +9.9999996833466342e-01 +9.9999993507663476e-01 +9.9999970647687764e-01 +9.9341844467290152e-06 +9.3503338524417654e-06 +8.9960618143662222e-06 +8.6738274075174108e-06 +8.3541167197555275e-06
157.50000000 +1.0000000000005109e+00 +1.9999853798542135e+00 +1.8550030012437421e-03 +9.9995511290509609e-01 +9.9999996867738139e-01 +9.9999996819932979e-01 +9.9999993536010512e-01 +9.9999970608676181e-01 +9.9346862936925554e-06 +9.3498939559811549e-06 +8.9963677488763236e-06 +8.6736662793281726e-06 +8.3541596035248984e-06
158.00000000 +1.0000000000005116e+00 +1.9999852894941033e+00 +1.8550030021663897e-03 +9.9995511290330130e-01 +9.9999996867189411e-01 +9.9999996806301661e-01 +9.9999993564402345e-01 +9.9999970569694996e-01 +9.9351803574888845e-06 +9.3494571258248265e-06 +8.9966761750358628e-06 +8.6734984000503173e-06 +8.3542113169715421e-06
158.50000000 +1.0000000000005138e+00 +1.9999851988805577e+00 +1.8550030032467712e-03 +9.9995511290111805e-01 +9.9999996866723739e-01 +9.9999996792557810e-01 +9.9999993592851255e-01 +9.9999970530741888e-01 +9.9356665275614294e-06 +9.3490236067952903e-06 +8.9969867839042462e-06 +8.6733240276362366e-06 +8.3542717588340624e-06
159.00000000 +1.0000000000005163e+00 +1.9999851080138804e+00 +1.8550030044836006e-03 +9.9995511289854866e-01 +9.9999996866349428e-01 +9.9999996778686406e-01 +9.9999993621368755e-01 +9.9999970491814860e-01 +9.9361446920315134e-06 +9.3485936477089150e-06 +8.9972992574752392e-06 +8.6731434366249414e-06 +8.3543408032046200e-06
159.50000000 +1.0000000000005169e+00 +1.9999850168943814e+00 +1.8550030058744446e-03 +9.9995511289559813e-01 +9.9999996866076035e-01 +9.9999996764671961e-01 +9.9999993649965679e-01 +9.9999970452912723e-01 +9.9366147400812588e-06 +9.3481675000563133e-06 +8.9976132685279221e-06 +8.6729569196854393e-06 +8.3544182968193251e-06
160.00000000 +1.0000000000005187e+00 +1.9999849255223665e+00 +1.8550030074157443e-03 +9.9995511289227457e-01 +9.9999996865914653e-01 +9.9999996750499331e-01 +9.9999993678652310e-01 +9.9999970414035055e-01 +9.9370765643924247e-06 +9.3477454159401434e-06 +8.9979284816456197e-06 +8.6727647879282783e-06 +8.3545040573333058e-06
160.50000000 +1.0000000000005205e+00 +1.9999848338981441e+00 +1.8550030091029276e-03 +9.9995511288858963e-01 +9.9999996865877228e-01 +9.9999996736153074e-01 +9.9999993707438162e-01 +9.9999970375182201e-01 +9.9375300632723868e-06 +9.3473276456919519e-06 +8.9982445551057712e-06 +8.6725673700409496e-06 +8.3545978728038211e-06
161.00000000 +1.0000000000005214e+00 +1.9999847420220220e+00 +1.8550030109305751e-03 +9.9995511288455563e-01 +9.9999996865976970e-01 +9.9999996721617845e-01 +9.9999993736332027e-01 +9.9999970336355182e-01 +9.9379751422188007e-06 +9.3469144355577096e-06 +8.9985611432604024e-06 +8.6723650104847291e-06 +8.3546995023639827e-06
161.50000000 +1.0000000000005245e+00 +1.9999846498943143e+00 +1.8550030128925993e-03 +9.9995511288019068e-01 +9.9999996866228136e-01 +9.9999996706878558e-01 +9.9999993765342021e-01 +9.9999970297555940e-01 +9.9384117148075683e-06 +9.3465060257555334e-06 +8.9988778990223624e-06 +8.6721580670981891e-06 +8.3548086778791906e-06
162.00000000 +1.0000000000005258e+00 +1.9999845575153268e+00 +1.8550030149824006e-03 +9.9995511287550987e-01 +9.9999996866645602e-01 +9.9999996691919990e-01 +9.9999993794475139e-01 +9.9999970258786819e-01 +9.9388397029138222e-06 +9.3461026490910009e-06 +8.9991944761314536e-06 +8.6719469084790126e-06 +8.3549251062614287e-06
162.50000000 +1.0000000000005274e+00 +1.9999844648853795e+00 +1.8550030171929932e-03 +9.9995511287053374e-01 +9.9999996867245522e-01 +9.9999996676727632e-01 +9.9999993823737887e-01 +9.9999970220051193e-01 +9.9392590363742436e-06 +9.3457045301927181e-06 +8.9995105309749119e-06 +8.6717319114760221e-06 +8.3550484720794611e-06
163.00000000 +1.0000000000005289e+00 +1.9999843720047754e+00 +1.8550030195170477e-03 +9.9995511286528149e-01 +9.9999996868044561e-01 +9.9999996661286983e-01 +9.9999993853135727e-01 +9.9999970181352982e-01 +9.9396696522611474e-06 +9.3453118853220707e-06 +8.9998257238533366e-06 +8.6715134590346679e-06 +8.3551784401359435e-06
163.50000000 +1.0000000000005296e+00 +1.9999842788738353e+00 +1.8550030219468966e-03 +9.9995511285977390e-01 +9.9999996869060126e-01 +9.9999996645584122e-01 +9.9999993882673288e-01 +9.9999970142696837e-01 +9.9400714939627865e-06 +9.3449249226316931e-06 +9.0001397196947764e-06 +8.6712919385284940e-06 +8.3553146577657063e-06
164.00000000 +1.0000000000005325e+00 +1.9999841854928704e+00 +1.8550030244744791e-03 +9.9995511285403416e-01 +9.9999996870310437e-01 +9.9999996629605814e-01 +9.9999993912354412e-01 +9.9999970104088343e-01 +9.9404645102541355e-06 +9.3445438427033953e-06 +9.0004521883072928e-06 +8.6710677405978098e-06 +8.3554567567182417e-06
164.50000000 +1.0000000000005336e+00 +1.9999840918621954e+00 +1.8550030270912705e-03 +9.9995511284808203e-01 +9.9999996871813701e-01 +9.9999996613338882e-01 +9.9999993942181664e-01 +9.9999970065533283e-01 +9.9408486545058848e-06 +9.3441688391880671e-06 +9.0007628043162385e-06 +8.6708412584256413e-06 +8.3556043545977863e-06
165.00000000 +1.0000000000005358e+00 +1.9999839979821272e+00 +1.8550030297881995e-03 +9.9995511284194372e-01 +9.9999996873589114e-01 +9.9999996596771301e-01 +9.9999993972157131e-01 +9.9999970027038609e-01 +9.9412238841281642e-06 +9.3438000993912342e-06 +9.0010712469527301e-06 +8.6706128873196070e-06 +8.3557570559257904e-06
165.50000000 +1.0000000000005367e+00 +1.9999839038529850e+00 +1.8550030325555982e-03 +9.9995511283564142e-01 +9.9999996875655606e-01 +9.9999996579891393e-01 +9.9999994002281478e-01 +9.9999969988611537e-01 +9.9415901602898307e-06 +9.3434378046897488e-06 +9.0013771998487997e-06 +8.6703830244428715e-06 +8.3559144529519077e-06
166.00000000 +1.0000000000005385e+00 +1.9999838094750830e+00 +1.8550030353831836e-03 +9.9995511282920302e-01 +9.9999996878032815e-01 +9.9999996562688553e-01 +9.9999994032554862e-01 +9.9999969950260437e-01 +9.9419474479035321e-06 +9.3430821307159264e-06 +9.0016803509605098e-06 +8.6701520685428827e-06 +8.3560761263651579e-06
166.50000000 +1.0000000000005396e+00 +1.9999837148487418e+00 +1.8550030382600679e-03 +9.9995511282265392e-01 +9.9999996880740005e-01 +9.9999996545152647e-01 +9.9999994062976105e-01 +9.9999969911993647e-01 +9.9422957158281648e-06 +9.3427332472967558e-06 +9.0019803926930241e-06 +8.6699204195578850e-06 +8.3562416460503809e-06
167.00000000 +1.0000000000005422e+00 +1.9999836199742793e+00 +1.8550030411748314e-03 +9.9995511281602489e-01 +9.9999996883796827e-01 +9.9999996527274904e-01 +9.9999994093543376e-01 +9.9999969873820738e-01 +9.9426349372163300e-06 +9.3423913181777445e-06 +9.0022770222521050e-06 +8.6696884780261980e-06 +8.3564105720029138e-06
167.50000000 +1.0000000000005433e+00 +1.9999835248520181e+00 +1.8550030441156205e-03 +9.9995511280934268e-01 +9.9999996887222342e-01 +9.9999996509046918e-01 +9.9999994124253422e-01 +9.9999969835751368e-01 +9.9429650899268322e-06 +9.3420565005905862e-06 +9.0025699422024210e-06 +8.6694566442723198e-06 +8.3565824554692361e-06
168.00000000 +1.0000000000005460e+00 +1.9999834294822765e+00 +1.8550030470702624e-03 +9.9995511280264182e-01 +9.9999996891035892e-01 +9.9999996490461873e-01 +9.9999994155102612e-01 +9.9999969797796329e-01 +9.9432861569279512e-06 +9.3417289447376952e-06 +9.0028588611814637e-06 +8.6692253173879836e-06 +8.3567568403313181e-06
168.50000000 +1.0000000000005473e+00 +1.9999833338653814e+00 +1.8550030500263863e-03 +9.9995511279595051e-01 +9.9999996895255960e-01 +9.9999996471513453e-01 +9.9999994186085628e-01 +9.9999969759966290e-01 +9.9435981266330167e-06 +9.3414087932666028e-06 +9.0031434947007036e-06 +8.6689948940583697e-06 +8.3569332647096679e-06
169.00000000 +1.0000000000005485e+00 +1.9999832380016493e+00 +1.8550030529715373e-03 +9.9995511278930138e-01 +9.9999996899900856e-01 +9.9999996452196638e-01 +9.9999994217196608e-01 +9.9999969722272952e-01 +9.9439009931312125e-06 +9.3410961807955015e-06 +9.0034235659624284e-06 +8.6687657673016851e-06 +8.3571112627286529e-06
169.50000000 +1.0000000000005504e+00 +1.9999831418914078e+00 +1.8550030558932881e-03 +9.9995511278272742e-01 +9.9999996904988397e-01 +9.9999996432507832e-01 +9.9999994248428892e-01 +9.9999969684728529e-01 +9.9441947562990327e-06 +9.3407912335326781e-06 +9.0036988066306219e-06 +8.6685383251934523e-06 +8.3572903663719292e-06
170.00000000 +1.0000000000005516e+00 +1.9999830455349779e+00 +1.8550030587792983e-03 +9.9995511277625992e-01 +9.9999996910535593e-01 +9.9999996412444203e-01 +9.9999994279774385e-01 +9.9999969647345366e-01 +9.9444794217980982e-06 +9.3404940690111319e-06 +9.0039689575105106e-06 +8.6683129496377319e-06 +8.3574701073545147e-06
170.50000000 +1.0000000000005533e+00 +1.9999829489326904e+00 +1.8550030616173744e-03 +9.9995511276993010e-01 +9.9999996916558631e-01 +9.9999996392004187e-01 +9.9999994311224327e-01 +9.9999969610136596e-01 +9.9447550009799734e-06 +9.3402047959392847e-06 +9.0042337691129528e-06 +8.6680900152304403e-06 +8.3576500189489465e-06
171.00000000 +1.0000000000005540e+00 +1.9999828520848657e+00 +1.8550030643955050e-03 +9.9995511276376903e-01 +9.9999996923072987e-01 +9.9999996371187561e-01 +9.9999994342768939e-01 +9.9999969573115544e-01 +9.9450215107276004e-06 +9.3399235141523360e-06 +9.0044930020993940e-06 +8.6678698882394931e-06 +8.3578296377212931e-06
171.50000000 +1.0000000000005567e+00 +1.9999827549918359e+00 +1.8550030671018712e-03 +9.9995511275780868e-01 +9.9999996930093304e-01 +9.9999996349995490e-01 +9.9999994374397760e-01 +9.9999969536296329e-01 +9.9452789732654976e-06 +9.3396503146386939e-06 +9.0047464276199751e-06 +8.6676529257059421e-06 +8.3580085051541703e-06
172.00000000 +1.0000000000005582e+00 +1.9999826576539239e+00 +1.8550030697248616e-03 +9.9995511275207716e-01 +9.9999996937632740e-01 +9.9999996328430008e-01 +9.9999994406099013e-01 +9.9999969499693031e-01 +9.9455274159683534e-06 +9.3393852796112914e-06 +9.0049938275684065e-06 +8.6674394746545541e-06 +8.3581861691534849e-06
172.50000000 +1.0000000000005591e+00 +1.9999825600714620e+00 +1.8550030722530892e-03 +9.9995511274660376e-01 +9.9999996945703584e-01 +9.9999996306494698e-01 +9.9999994437860307e-01 +9.9999969463320260e-01 +9.9457668711906022e-06 +9.3391284825947550e-06 +9.0052349947817168e-06 +8.6672298713912397e-06 +8.3583621854512354e-06
173.00000000 +1.0000000000005604e+00 +1.9999824622447790e+00 +1.8550030746754054e-03 +9.9995511274141724e-01 +9.9999996954317016e-01 +9.9999996284194526e-01 +9.9999994469668418e-01 +9.9999969427192992e-01 +9.9459973761314239e-06 +9.3388799885057188e-06 +9.0054697332123010e-06 +8.6670244408607938e-06 +8.3585361189255703e-06
173.50000000 +1.0000000000005624e+00 +1.9999823641742021e+00 +1.8550030769809327e-03 +9.9995511273654558e-01 +9.9999996963482785e-01 +9.9999996261535629e-01 +9.9999994501509260e-01 +9.9999969391326482e-01 +9.9462189727403656e-06 +9.3386398537102052e-06 +9.0056978580947970e-06 +8.6668234960398405e-06 +8.3587075448620165e-06
174.00000000 +1.0000000000005640e+00 +1.9999822658600652e+00 +1.8550030791591012e-03 +9.9995511273201465e-01 +9.9999996973209215e-01 +9.9999996238525457e-01 +9.9999994533367875e-01 +9.9999969355736229e-01 +9.9464317076610500e-06 +9.3384081260519912e-06 +9.0059191961219543e-06 +8.6666273373453130e-06 +8.3588760501769323e-06
174.50000000 +1.0000000000005658e+00 +1.9999821673027023e+00 +1.8550030811997032e-03 +9.9995511272785098e-01 +9.9999996983503270e-01 +9.9999996215172859e-01 +9.9999994565228800e-01 +9.9999969320438065e-01 +9.9466356322043986e-06 +9.3381848448529091e-06 +9.0061335856357967e-06 +8.6664362520469124e-06 +8.3590412346174008e-06
175.00000000 +1.0000000000005678e+00 +1.9999820685024419e+00 +1.8550030830929490e-03 +9.9995511272407833e-01 +9.9999996994370355e-01 +9.9999996191487850e-01 +9.9999994597075437e-01 +9.9999969285447854e-01 +9.9468308023400193e-06 +9.3379700408921814e-06 +9.0063408768321913e-06 +8.6662505136806070e-06 +8.3592027119433200e-06
175.50000000 +1.0000000000005691e+00 +1.9999819694596195e+00 +1.8550030848295167e-03 +9.9995511272072035e-01 +9.9999997005814256e-01 +9.9999996167481842e-01 +9.9999994628890720e-01 +9.9999969250781684e-01 +9.9470172786927468e-06 +9.3377637363761050e-06 +9.0065409319712042e-06 +8.6660703814675198e-06 +8.3593601110889323e-06
176.00000000 +1.0000000000005709e+00 +1.9999818701745660e+00 +1.8550030864006228e-03 +9.9995511271779991e-01 +9.9999997017837372e-01 +9.9999996143167580e-01 +9.9999994660657099e-01 +9.9999969216456075e-01 +9.9471951265332662e-06 +9.3375659449095909e-06 +9.0067336255821293e-06 +8.6658960997482145e-06 +8.3595130772940984e-06
176.50000000 +1.0000000000005720e+00 +1.9999817706476219e+00 +1.8550030877980659e-03 +9.9995511271533621e-01 +9.9999997030440158e-01 +9.9999996118558876e-01 +9.9999994692355976e-01 +9.9999969182487225e-01 +9.9473644157539203e-06 +9.3373766714811752e-06 +9.0069188446512356e-06 +8.6657278974450258e-06 +8.3596612731911823e-06
177.00000000 +1.0000000000005740e+00 +1.9999816708791225e+00 +1.8550030890142739e-03 +9.9995511271335025e-01 +9.9999997043621613e-01 +9.9999996093670962e-01 +9.9999994723968633e-01 +9.9999969148891776e-01 +9.9475252208244956e-06 +9.3371959124697193e-06 +9.0070964887808734e-06 +8.6655659875655436e-06 +8.3598043798318337e-06
177.50000000 +1.0000000000005753e+00 +1.9999815708694011e+00 +1.8550030900423395e-03 +9.9995511271185888e-01 +9.9999997057378809e-01 +9.9999996068520314e-01 +9.9999994755475508e-01 +9.9999969115686294e-01 +9.9476776207260726e-06 +9.3370236556783858e-06 +9.0072664703120790e-06 +8.6654105667586362e-06 +8.3599420976385764e-06
178.00000000 +1.0000000000005778e+00 +1.9999814706187991e+00 +1.8550030908760515e-03 +9.9995511271087745e-01 +9.9999997071707269e-01 +9.9999996043124362e-01 +9.9999994786856750e-01 +9.9999969082887319e-01 +9.9478216988642137e-06 +9.3368598803976393e-06 +9.0074287144053223e-06 +8.6652618149310083e-06 +8.3600741472691008e-06
178.50000000 +1.0000000000005786e+00 +1.9999813701276521e+00 +1.8550030915099084e-03 +9.9995511271041893e-01 +9.9999997086600356e-01 +9.9999996017501736e-01 +9.9999994818091720e-01 +9.9999969050511328e-01 +9.9479575429648762e-06 +9.3367045574961837e-06 +9.0075831590780782e-06 +8.6651198949291450e-06 +8.3602002703848176e-06
179.00000000 +1.0000000000005813e+00 +1.9999812693963013e+00 +1.8550030919391453e-03 +9.9995511271049753e-01 +9.9999997102050231e-01 +9.9999995991672475e-01 +9.9999994849159868e-01 +9.9999969018575097e-01 +9.9480852449577519e-06 +9.3365576495363723e-06 +9.0077297552007466e-06 +8.6649849522873404e-06 +8.3603202303192646e-06
179.50000000 +1.0000000000005831e+00 +1.9999811684250852e+00 +1.8550030921597254e-03 +9.9995511271112125e-01 +9.9999997118046779e-01 +9.9999995965657207e-01 +9.9999994880039855e-01 +9.9999968987094900e-01 +9.9482049008521654e-06 +9.3364191109094908e-06 +9.0078684664543048e-06 +8.6648571150400132e-06 +8.3604338126457837e-06
180.00000000 +1.0000000000005840e+00 +1.9999810672143461e+00 +1.8550030921683639e-03 +9.9995511271229842e-01 +9.9999997134578267e-01 +9.9999995939477848e-01 +9.9999994910710277e-01 +9.9999968956087193e-01 +9.9483166106096257e-06 +9.3362888879859750e-06 +9.0079992692547788e-06 +8.6647364935944981e-06 +8.3605408256461379e-06
180.50000000 +1.0000000000005858e+00 +1.9999809657644247e+00 +1.8550030919625234e-03 +9.9995511271403570e-01 +9.9999997151631315e-01 +9.9999995913157258e-01 +9.9999994941149406e-01 +9.9999968925568206e-01 +9.9484204780170375e-06 +9.3361669192760239e-06 +9.0081221526490111e-06 +8.6646231806595708e-06 +8.3606411006838907e-06
181.00000000 +1.0000000000005878e+00 +1.9999808640756656e+00 +1.8550030915404213e-03 +9.9995511271633764e-01 +9.9999997169190691e-01 +9.9999995886719195e-01 +9.9999994971335349e-01 +9.9999968895554092e-01 +9.9485166105621754e-06 +9.3360531355972338e-06 +9.0082371181863097e-06 +8.6645172512252945e-06 +8.3607344924863558e-06
181.50000000 +1.0000000000005898e+00 +1.9999807621484087e+00 +1.8550030909010361e-03 +9.9995511271920579e-01 +9.9999997187239376e-01 +9.9999995860188151e-01 +9.9999995001246034e-01 +9.9999968866060618e-01 +9.9486051193126699e-06 +9.3359474602471054e-06 +9.0083441797689196e-06 +8.6644187625903173e-06 +8.3608208793388120e-06
182.00000000 +1.0000000000005915e+00 +1.9999806599830001e+00 +1.8550030900441059e-03 +9.9995511272264059e-01 +9.9999997205758706e-01 +9.9999995833589506e-01 +9.9999995030859168e-01 +9.9999968837103570e-01 +9.9486861187977585e-06 +9.3358498091795703e-06 +9.0084433634833330e-06 +8.6643277544341449e-06 +8.3609001631934841e-06
182.50000000 +1.0000000000005929e+00 +1.9999805575797853e+00 +1.8550030889701351e-03 +9.9995511272663973e-01 +9.9999997224728365e-01 +9.9999995806949216e-01 +9.9999995060152513e-01 +9.9999968808698170e-01 +9.9487597268919318e-06 +9.3357600911859600e-06 +9.0085347074129726e-06 +8.6642442489332130e-06 +8.3609722696949026e-06
183.00000000 +1.0000000000005942e+00 +1.9999804549391089e+00 +1.8550030876803884e-03 +9.9995511273119964e-01 +9.9999997244126460e-01 +9.9999995780294115e-01 +9.9999995089103788e-01 +9.9999968780859649e-01 +9.9488260646986142e-06 +9.3356782080812474e-06 +9.0086182614317739e-06 +8.6641682509205611e-06 +8.3610371481219115e-06
183.50000000 +1.0000000000005966e+00 +1.9999803520613193e+00 +1.8550030861768972e-03 +9.9995511273631621e-01 +9.9999997263929663e-01 +9.9999995753651583e-01 +9.9999995117690921e-01 +9.9999968753602964e-01 +9.9488852564321838e-06 +9.3356040548973083e-06 +9.0086940869778315e-06 +8.6640997480898678e-06 +8.3610947712459454e-06
184.00000000 +1.0000000000005982e+00 +1.9999802489467617e+00 +1.8550030844624390e-03 +9.9995511274197957e-01 +9.9999997284112807e-01 +9.9999995727049251e-01 +9.9999995145891629e-01 +9.9999968726942345e-01 +9.9489374292970450e-06 +9.3355375200844911e-06 +9.0087622568057040e-06 +8.6640387112446222e-06 +8.3611451351049722e-06
184.50000000 +1.0000000000006000e+00 +1.9999801455957860e+00 +1.8550030825405393e-03 +9.9995511274818116e-01 +9.9999997304649690e-01 +9.9999995700515443e-01 +9.9999995173684020e-01 +9.9999968700891995e-01 +9.9489827133621915e-06 +9.3354784857227160e-06 +9.0088228547163452e-06 +8.6639850945936218e-06 +8.3611882586924419e-06
185.00000000 +1.0000000000006011e+00 +1.9999800420087390e+00 +1.8550030804154437e-03 +9.9995511275491034e-01 +9.9999997325512469e-01 +9.9999995674078801e-01 +9.9999995201046310e-01 +9.9999968675465656e-01 +9.9490212414311053e-06 +9.3354268277429254e-06 +9.0088759752640532e-06 +8.6639388360929500e-06 +8.3612241835614243e-06
185.50000000 +1.0000000000006031e+00 +1.9999799381859722e+00 +1.8550030780921064e-03 +9.9995511276215365e-01 +9.9999997346672265e-01 +9.9999995647768325e-01 +9.9999995227957139e-01 +9.9999968650676696e-01 +9.9490531489066362e-06 +9.3353824161591551e-06 +9.0089217234400764e-06 +8.6638998578344375e-06 +8.3612529733445191e-06
186.00000000 +1.0000000000006042e+00 +1.9999798341278370e+00 +1.8550030755761704e-03 +9.9995511276989535e-01 +9.9999997368098703e-01 +9.9999995621612880e-01 +9.9999995254395002e-01 +9.9999968626537705e-01 +9.9490785736513686e-06 +9.3353451153107049e-06 +9.0089602143336339e-06 +8.6638680664797698e-06 +8.3612747131916886e-06
186.50000000 +1.0000000000006062e+00 +1.9999797298346822e+00 +1.8550030728739298e-03 +9.9995511277812088e-01 +9.9999997389760742e-01 +9.9999995595642066e-01 +9.9999995280339382e-01 +9.9999968603061451e-01 +9.9490976558440410e-06 +9.3353147841139866e-06 +9.0089915727709041e-06 +8.6638433537384713e-06 +8.3612895091282745e-06
187.00000000 +1.0000000000006077e+00 +1.9999796253068627e+00 +1.8550030699923108e-03 +9.9995511278680982e-01 +9.9999997411625863e-01 +9.9999995569884970e-01 +9.9999995305769573e-01 +9.9999968580259480e-01 +9.9491105378328042e-06 +9.3352912763227834e-06 +9.0090159329338287e-06 +8.6638255968879176e-06 +8.3612974873370257e-06
187.50000000 +1.0000000000006097e+00 +1.9999795205447286e+00 +1.8550030669388308e-03 +9.9995511279594462e-01 +9.9999997433660970e-01 +9.9999995544370990e-01 +9.9999995330665725e-01 +9.9999968558143359e-01 +9.9491173639862993e-06 +9.3352744407960312e-06 +9.0090334379597880e-06 +8.6638146593326636e-06 +8.3612987933680215e-06
188.00000000 +1.0000000000006117e+00 +1.9999794155486363e+00 +1.8550030637215680e-03 +9.9995511280550242e-01 +9.9999997455831957e-01 +9.9999995519129181e-01 +9.9999995355008220e-01 +9.9999968536723816e-01 +9.9491182805431535e-06 +9.3352641217719011e-06 +9.0090442395241716e-06 +8.6638103912006105e-06 +8.3612935912810202e-06
188.50000000 +1.0000000000006131e+00 +1.9999793103189392e+00 +1.8550030603491309e-03 +9.9995511281546123e-01 +9.9999997478104063e-01 +9.9999995494188609e-01 +9.9999995378778062e-01 +9.9999968516011140e-01 +9.9491134354603750e-06 +9.3352601591473052e-06 +9.0090484974072921e-06 +8.6638126299732713e-06 +8.3612820627248157e-06
189.00000000 +1.0000000000006144e+00 +1.9999792048559935e+00 +1.8550030568306106e-03 +9.9995511282579763e-01 +9.9999997500442006e-01 +9.9999995469578062e-01 +9.9999995401956943e-01 +9.9999968496015057e-01 +9.9491029782612865e-06 +9.3352623887620202e-06 +9.0090463790470496e-06 +8.6638212011474287e-06 +8.3612644059584604e-06
189.50000000 +1.0000000000006166e+00 +1.9999790991601527e+00 +1.8550030531755515e-03 +9.9995511283648786e-01 +9.9999997522810036e-01 +9.9999995445325995e-01 +9.9999995424527177e-01 +9.9999968476744816e-01 +9.9490870598828598e-06 +9.3352706426867618e-06 +9.0090380590786002e-06 +8.6638359189260213e-06 +8.3612408348187914e-06
190.00000000 +1.0000000000006171e+00 +1.9999789932317762e+00 +1.8550030493939050e-03 +9.9995511284750349e-01 +9.9999997545171682e-01 +9.9999995421460153e-01 +9.9999995446471346e-01 +9.9999968458208566e-01 +9.9490658325226633e-06 +9.3352847495150298e-06 +9.0090237188622722e-06 +8.6638565869356377e-06 +8.3612115776390589e-06
190.50000000 +1.0000000000006188e+00 +1.9999788870712201e+00 +1.8550030454959887e-03 +9.9995511285881999e-01 +9.9999997567490817e-01 +9.9999995398008279e-01 +9.9999995467773450e-01 +9.9999968440414455e-01 +9.9490394494852222e-06 +9.3353045346581699e-06 +9.0090035460004036e-06 +8.6638829989686632e-06 +8.3611768761232400e-06
191.00000000 +1.0000000000006206e+00 +1.9999787806788472e+00 +1.8550030414924434e-03 +9.9995511287040917e-01 +9.9999997589730671e-01 +9.9999995374997186e-01 +9.9999995488417692e-01 +9.9999968423369601e-01 +9.9490080650279875e-06 +9.3353298206437251e-06 +9.0089777338443971e-06 +8.6639149397477864e-06 +8.3611369841806211e-06
191.50000000 +1.0000000000006233e+00 +1.9999786740550121e+00 +1.8550030373941987e-03 +9.9995511288224337e-01 +9.9999997611854663e-01 +9.9999995352453130e-01 +9.9999995508389183e-01 +9.9999968407080586e-01 +9.9489718342062323e-06 +9.3353604274164634e-06 +9.0089464809923807e-06 +8.6639521857106785e-06 +8.3610921667252593e-06
192.00000000 +1.0000000000006237e+00 +1.9999785672000752e+00 +1.8550030332124025e-03 +9.9995511289429095e-01 +9.9999997633826054e-01 +9.9999995330401636e-01 +9.9999995527673879e-01 +9.9999968391553185e-01 +9.9489309127176208e-06 +9.3353961726423497e-06 +9.0089099907790148e-06 +8.6639945058126437e-06 +8.3610426984456094e-06
192.50000000 +1.0000000000006257e+00 +1.9999784601144002e+00 +1.8550030289584080e-03 +9.9995511290652606e-01 +9.9999997655608752e-01 +9.9999995308867573e-01 +9.9999995546258669e-01 +9.9999968376792725e-01 +9.9488854567458315e-06 +9.3354368720144685e-06 +9.0088684707579391e-06 +8.6640416623446409e-06 +8.3609888625489228e-06
193.00000000 +1.0000000000006271e+00 +1.9999783527983459e+00 +1.8550030246436977e-03 +9.9995511291891692e-01 +9.9999997677166597e-01 +9.9999995287874788e-01 +9.9999995564131150e-01 +9.9999968362803637e-01 +9.9488356228038489e-06 +9.3354823395611579e-06 +9.0088221321784117e-06 +8.6640934117642724e-06 +8.3609309494859888e-06
193.50000000 +1.0000000000006284e+00 +1.9999782452522763e+00 +1.8550030202798540e-03 +9.9995511293143502e-01 +9.9999997698464116e-01 +9.9999995267446307e-01 +9.9999995581279999e-01 +9.9999968349589718e-01 +9.9487815675767660e-06 +9.3355323879551725e-06 +9.0087711894570552e-06 +8.6641495055369944e-06 +8.3608692556614809e-06
194.00000000 +1.0000000000006306e+00 +1.9999781374765533e+00 +1.8550030158785062e-03 +9.9995511294404993e-01 +9.9999997719466349e-01 +9.9999995247604245e-01 +9.9999995597694813e-01 +9.9999968337154221e-01 +9.9487234477646210e-06 +9.3355868288239048e-06 +9.0087158596461860e-06 +8.6642096909846421e-06 +8.3608040821353676e-06
194.50000000 +1.0000000000006322e+00 +1.9999780294715430e+00 +1.8550030114512837e-03 +9.9995511295673023e-01 +9.9999997740138669e-01 +9.9999995228369354e-01 +9.9999995613365822e-01 +9.9999968325499267e-01 +9.9486614199253116e-06 +9.3356454730596651e-06 +9.0086563618999363e-06 +8.6642737121387717e-06 +8.3607357333211290e-06
195.00000000 +1.0000000000006339e+00 +1.9999779212376068e+00 +1.8550030070097643e-03 +9.9995511296944761e-01 +9.9999997760447723e-01 +9.9999995209761650e-01 +9.9999995628284699e-01 +9.9999968314626553e-01 +9.9485956403178629e-06 +9.3357081311297208e-06 +9.0085929169394728e-06 +8.6643413105957466e-06 +8.3606645156859599e-06
195.50000000 +1.0000000000006359e+00 +1.9999778127751155e+00 +1.8550030025654375e-03 +9.9995511298217266e-01 +9.9999997780360794e-01 +9.9999995191799929e-01 +9.9999995642443962e-01 +9.9999968304537146e-01 +9.9485262647463437e-06 +9.3357746133853701e-06 +9.0085257465185767e-06 +8.6644122263709129e-06 +8.3605907364587661e-06
196.00000000 +1.0000000000006377e+00 +1.9999777040844298e+00 +1.8550029981296507e-03 +9.9995511299487572e-01 +9.9999997799846185e-01 +9.9999995174501655e-01 +9.9999995655836937e-01 +9.9999968295231212e-01 +9.9484534484043746e-06 +9.3358447303698424e-06 +9.0084550728907804e-06 +8.6644861987493488e-06 +8.3605147023508521e-06
196.50000000 +1.0000000000006395e+00 +1.9999775951659189e+00 +1.8550029937135664e-03 +9.9995511300752715e-01 +9.9999997818873188e-01 +9.9999995157883126e-01 +9.9999995668458186e-01 +9.9999968286708119e-01 +9.9483773457206512e-06 +9.3359182931242055e-06 +9.0083811182792756e-06 +8.6645629671302500e-06 +8.3604367182949327e-06
197.00000000 +1.0000000000006402e+00 +1.9999774860199511e+00 +1.8550029893281254e-03 +9.9995511302010009e-01 +9.9999997837412424e-01 +9.9999995141959330e-01 +9.9999995680303266e-01 +9.9999968278966633e-01 +9.9482981102051160e-06 +9.3359951134911339e-06 +9.0083041043505737e-06 +8.6646422718628578e-06 +8.3603570862071927e-06
197.50000000 +1.0000000000006424e+00 +1.9999773766468942e+00 +1.8550029849839951e-03 +9.9995511303256712e-01 +9.9999997855435840e-01 +9.9999995126744012e-01 +9.9999995691368770e-01 +9.9999968272004836e-01 +9.9482158942964812e-06 +9.3360750044161590e-06 +9.0082242516933468e-06 +8.6647238550710272e-06 +8.3602761037774293e-06
198.00000000 +1.0000000000006437e+00 +1.9999772670471203e+00 +1.8550029806915337e-03 +9.9995511304490148e-01 +9.9999997872916524e-01 +9.9999995112249540e-01 +9.9999995701652378e-01 +9.9999968265819961e-01 +9.9481308492105174e-06 +9.3361577802457796e-06 +9.0081417793031169e-06 +8.6648074614642574e-06 +8.3601940632922537e-06
198.50000000 +1.0000000000006453e+00 +1.9999771572209943e+00 +1.8550029764607518e-03 +9.9995511305707752e-01 +9.9999997889829217e-01 +9.9999995098486760e-01 +9.9999995711152789e-01 +9.9999968260408634e-01 +9.9480431247898079e-06 +9.3362432570222272e-06 +9.0080569040743472e-06 +8.6648928391325342e-06 +8.3601112504957944e-06
199.00000000 +1.0000000000006475e+00 +1.9999770471688907e+00 +1.8550029723012763e-03 +9.9995511306907148e-01 +9.9999997906150129e-01 +9.9999995085465343e-01 +9.9999995719869805e-01 +9.9999968255766758e-01 +9.9479528693546852e-06 +9.3363312527743035e-06 +9.0079698403008050e-06 +8.6649797403227084e-06 +8.3600279434926647e-06
199.50000000 +1.0000000000006481e+00 +1.9999769368911822e+00 +1.8550029682223102e-03 +9.9995511308085783e-01 +9.9999997921856854e-01 +9.9999995073193182e-01 +9.9999995727804103e-01 +9.9999968251889215e-01 +9.9478602295558837e-06 +9.3364215878039467e-06 +9.0078807991855088e-06 +8.6650679221938000e-06 +8.3599444116974957e-06
200.00000000 +1.0000000000006499e+00 +1.9999768263882394e+00 +1.8550029642326010e-03 +9.9995511309241636e-01 +9.9999997936929075e-01 +9.9999995061677127e-01 +9.9999995734957803e-01 +9.9999968248770832e-01 +9.9477653502286952e-06 +9.3365140849677768e-06 +9.0077899883613960e-06 +8.6651571475488504e-06 +8.3598609148353546e-06
#
#Timing:
#    proc        CPU Pre        CPU all       Wall Pre       Wall all
#       0           0.14         178.46           0.19         178.69
