source_stage,model_branch,source_file,search_round,selection_rank,selection_status,case_id,wc_eV,eta,band_class,ntraj_per_run,independent_repeats,time_end,required_until,required_Q,bottleneck_window,passes_required_interval,active_orbitals,inactive_orbitals,max_inactive_noise,inactive_noise_limit,signal_rms,signal_peak,repeat_noise_rms,particle_number_max_error,Q_0_10,Q_10_20,Q_20_30,Q_30_40,Q_40_50,Q_50_60,Q_60_70,Q_70_80,Q_80_90,Q_90_100,Q_100_110,Q_110_120,Q_120_130,Q_130_140,Q_140_150
legacy-t50,pre-resonant,scan_cloud_strict_t50_20260809/strict_per_orbital.csv,,,not-applicable,w4p5_e0p0003,4.5,0.0003,wide,8000000,3,50.0,50.0,1.7462859474493009,40-50,False,0 5 6 7 8 9,1 2 3 4,1.0586457768564347e-05,3.367428579302474e-05,0.0002514010576982491,0.00037999922905333186,5.583277806650805e-05,7.169553839503351e-11,41.99448075518378,7.991166324984359,3.6628632448144827,2.261440175815156,1.7462859474493009,,,,,,,,,,
legacy-t50,pre-resonant,scan_cloud_strict_t50_20260809/strict_per_orbital.csv,,,not-applicable,w3_e0p0003,3.0,0.0003,narrow,8000000,3,50.0,50.0,1.2546300788882176,40-50,False,0 5 6 7 8 9,1 2 3 4,1.2726370818462618e-05,3.5704160532429874e-05,0.0002774860648252304,0.0005942909754240903,7.466573121900854e-05,7.188649675526904e-11,47.251711986235634,11.594943129695144,3.986388606875533,2.3471274937877054,1.2546300788882176,,,,,,,,,,
legacy-t50,pre-resonant,scan_cloud_strict_t50_20260809/strict_per_orbital.csv,,,not-applicable,w6_e0p0003,6.0,0.0003,wide,8000000,4,50.0,50.0,1.2379601100209818,40-50,False,0 5 6 7 8 9,1 2 3 4,1.2010362687957394e-05,3.22851491300812e-05,0.0002490369204287427,0.00039833868960694504,6.524027406204143e-05,7.193357021151314e-11,42.1690107855223,9.27272383225373,3.7012753781628174,2.1697513343292765,1.2379601100209818,,,,,,,,,,
legacy-t50,pre-resonant,scan_cloud_strict_t50_20260809/strict_per_orbital.csv,,,not-applicable,w7p5_e0p0006,7.5,0.0006,wide,8000000,4,50.0,50.0,1.1637537961480477,40-50,False,0 5 6 7 8 9,1 2 3 4,8.92828914455851e-05,8.009459944259427e-05,0.0006954533151179306,0.001477576461802821,0.0002395652237919882,6.389289097796791e-11,48.35911638794048,8.62813929719358,3.7976244926216904,2.046055741195564,1.1637537961480477,,,,,,,,,,
legacy-t50,pre-resonant,scan_cloud_strict_t50_20260809/strict_per_orbital.csv,,,not-applicable,w4p5_e0p0009,4.5,0.0009,wide,8000000,3,50.0,50.0,1.0905929092477116,40-50,False,0 5 6 7 8 9,1 2 3 4,0.0002234304998235328,0.0001582171641509812,0.001609091789911151,0.004152111654981712,0.0006560642510072591,6.413269915128694e-11,43.18110654659612,10.66909180642504,3.6800743058670213,1.3401229683481974,1.0905929092477116,,,,,,,,,,
legacy-t50,pre-resonant,scan_cloud_strict_t50_20260809/strict_per_orbital.csv,,,not-applicable,w9p5_e0p0009,9.5,0.0009,wide,8000000,5,50.0,50.0,0.8609330768905722,40-50,False,0 5 6 7 8 9,1 2 3 4,0.00028710610692906925,0.000132316608872916,0.0014607452617064385,0.0040302242949053465,0.000674752229031467,6.341505098816924e-11,48.283400675388854,9.423952766065195,3.985928344080535,1.1905854262736821,0.8609330768905722,,,,,,,,,,
legacy-t50,pre-resonant,scan_cloud_strict_t50_20260809/strict_per_orbital.csv,,,not-applicable,w7p5_e0p0009,7.5,0.0009,wide,8000000,5,50.0,50.0,0.8216130933023061,40-50,False,0 5 6 7 8 9,1 2 3 4,0.00023176227664091368,0.0001392638646500896,0.00144042916656731,0.004022654833562569,0.0006622643617709642,6.294342824730847e-11,47.056415721677844,10.028759546728672,3.7849707124209804,1.536262009007839,0.8216130933023061,,,,,,,,,,
legacy-t50,pre-resonant,scan_cloud_strict_t50_20260809/strict_per_orbital.csv,,,not-applicable,w4p5_e0p0006,4.5,0.0006,wide,8000000,3,50.0,50.0,0.6640716529923302,40-50,False,0 5 6 7 8 9,1 2 3 4,7.206957594681527e-05,8.189913595084246e-05,0.0006416212701182746,0.0010874793307221766,0.0003030827721887315,6.371614347244758e-11,46.58465515880982,12.082745581820454,3.9853515137132454,2.114611014242475,0.6640716529923302,,,,,,,,,,
legacy-t50,pre-resonant,scan_cloud_strict_t50_20260809/strict_per_orbital.csv,,,not-applicable,w6_e0p0009,6.0,0.0009,wide,8000000,4,50.0,50.0,0.610430963457002,40-50,False,0 5 6 7 8 9,1 2 3 4,0.0002745978604362662,0.00014556429428532787,0.0011440357371889673,0.0020078873080402624,0.0006993301814606272,6.333422675197653e-11,45.311560905567696,9.05700278538219,3.5124784511358054,1.420319657149753,0.610430963457002,,,,,,,,,,
legacy-t50,pre-resonant,scan_cloud_strict_t50_20260809/strict_per_orbital.csv,,,not-applicable,w6_e0p0006,6.0,0.0006,wide,8000000,5,50.0,50.0,0.5751324012764176,40-50,False,0 5 6 7 8 9,1 2 3 4,7.004796199167915e-05,8.183227493756283e-05,0.0006633975684210028,0.0013691635640140309,0.0002462955638199489,6.399059060413492e-11,48.41255683773471,9.488950902881303,3.8253674952626957,1.6418591274093388,0.5751324012764176,,,,,,,,,,
legacy-refined-t50,pre-resonant,scan_cloud_strict_refined_t50_20260809/strict_per_orbital.csv,,,not-applicable,w5_e0p00024,5.0,0.00024,wide,8000000,3,50.0,50.0,1.6845853939262772,40-50,False,0 5 6 7 8 9,1 2 3 4,7.509508302153233e-06,2.616480151814199e-05,0.00020270420390489105,0.00032843900760924264,4.959074951427676e-05,6.159517340620368e-11,39.53108994276428,10.514477397311893,3.3471622532147367,2.7710807992653614,1.6845853939262772,,,,,,,,,,
legacy-refined-t50,pre-resonant,scan_cloud_strict_refined_t50_20260809/strict_per_orbital.csv,,,not-applicable,w4_e0p00036,4.0,0.00036,wide,8000000,3,50.0,50.0,1.57216186030313,40-50,False,0 5 6 7 8 9,1 2 3 4,2.2409817714077577e-05,4.294083872949416e-05,0.0003427671738349719,0.0005948572430047525,7.708471740620239e-05,6.116795958632792e-11,40.843033432256775,9.734320438993956,3.5126333533911,2.539321359978936,1.57216186030313,,,,,,,,,,
legacy-refined-t50,pre-resonant,scan_cloud_strict_refined_t50_20260809/strict_per_orbital.csv,,,not-applicable,w4p5_e0p00024,4.5,0.00024,wide,8000000,3,50.0,50.0,1.5584632804278322,40-50,False,0 5 6 7 8 9,1 2 3 4,1.0086295348237335e-05,2.6011312543081214e-05,0.0002002912496329405,0.0003180642800726833,4.268517465995424e-05,6.137756969337715e-11,36.913356655492315,9.168917111963268,3.844169494614416,2.478582059579859,1.5584632804278322,,,,,,,,,,
legacy-refined-t50,pre-resonant,scan_cloud_strict_refined_t50_20260809/strict_per_orbital.csv,,,not-applicable,w4p5_e0p00036,4.5,0.00036,wide,8000000,3,50.0,50.0,1.4970581230129127,40-50,False,0 5 6 7 8 9,1 2 3 4,2.0564937882468786e-05,4.25997230525906e-05,0.00033948361561926386,0.0005685686006487063,8.841079387638603e-05,6.048050948948003e-11,47.07808041449625,8.157620354667127,4.046210468774893,2.0565052764414675,1.4970581230129127,,,,,,,,,,
legacy-refined-t50,pre-resonant,scan_cloud_strict_refined_t50_20260809/strict_per_orbital.csv,,,not-applicable,w4_e0p0003,4.0,0.0003,wide,8000000,3,50.0,50.0,1.3487507576804563,40-50,False,0 5 6 7 8 9,1 2 3 4,1.3334116169769411e-05,3.4431660486377555e-05,0.0002652143645029611,0.0004600172641785407,5.599634829768051e-05,7.189182582578724e-11,35.22613833843616,9.106822664947755,4.250992597680667,2.238075474478747,1.3487507576804563,,,,,,,,,,
legacy-refined-t50,pre-resonant,scan_cloud_strict_refined_t50_20260809/strict_per_orbital.csv,,,not-applicable,w4_e0p00024,4.0,0.00024,wide,8000000,3,50.0,50.0,1.3433941368640032,40-50,False,0 5 6 7 8 9,1 2 3 4,7.1725662033495435e-06,2.6314533895339657e-05,0.00020570747546312483,0.0003547906689703982,4.645184600870491e-05,6.179412537221651e-11,52.19037232511706,9.399582829945945,3.6142087307837207,2.347620844233991,1.3433941368640032,,,,,,,,,,
legacy-refined-t50,pre-resonant,scan_cloud_strict_refined_t50_20260809/strict_per_orbital.csv,,,not-applicable,w4p75_e0p00024,4.75,0.00024,wide,8000000,3,50.0,50.0,1.324640387782467,40-50,False,0 5 6 7 8 9,1 2 3 4,8.527172627440569e-06,2.59983219922018e-05,0.00019850854849006648,0.00028375646736316675,4.423982123628904e-05,6.126565921249494e-11,38.464274480537604,9.502482664780144,3.795642268427348,1.8133792163657856,1.324640387782467,,,,,,,,,,
legacy-refined-t50,pre-resonant,scan_cloud_strict_refined_t50_20260809/strict_per_orbital.csv,,,not-applicable,w5_e0p00036,5.0,0.00036,wide,8000000,3,50.0,50.0,1.3194334313402432,40-50,False,0 5 6 7 8 9,1 2 3 4,1.667855725207793e-05,4.269444860475499e-05,0.0003412898914770416,0.0006588287325819347,8.437279534851944e-05,6.077005565430227e-11,32.01572780868027,8.610028487544493,3.8684581663857083,2.0424204677063273,1.3194334313402432,,,,,,,,,,
legacy-refined-t50,pre-resonant,scan_cloud_strict_refined_t50_20260809/strict_per_orbital.csv,,,not-applicable,w4p75_e0p00036,4.75,0.00036,wide,8000000,3,50.0,50.0,1.1307805684369188,40-50,False,0 5 6 7 8 9,1 2 3 4,2.00964085802508e-05,4.2738923121373975e-05,0.00034135730529845934,0.0005877738517688354,8.12518315890552e-05,6.051958933994683e-11,40.98236546194317,11.036014413068882,3.290688695048104,2.4157238963411003,1.1307805684369188,,,,,,,,,,
legacy-refined-t50,pre-resonant,scan_cloud_strict_refined_t50_20260809/strict_per_orbital.csv,,,not-applicable,w5_e0p0003,5.0,0.0003,wide,8000000,3,50.0,50.0,1.1250074356337207,40-50,False,0 5 6 7 8 9,1 2 3 4,1.2507182894029829e-05,3.365063624257812e-05,0.00026002123497018386,0.0004482286812352309,6.926150907399634e-05,7.187139772213413e-11,38.532945662299944,10.261461407843434,3.3675687817549482,2.048626635775554,1.1250074356337207,,,,,,,,,,
legacy-refined-t50,pre-resonant,scan_cloud_strict_refined_t50_20260809/strict_per_orbital.csv,,,not-applicable,w4p25_e0p00024,4.25,0.00024,wide,8000000,3,50.0,50.0,1.1128957694589883,40-50,False,0 5 6 7 8 9,1 2 3 4,9.732008331732212e-06,2.6217881645955765e-05,0.00019560249534696637,0.00030714847320893583,4.599849870775081e-05,6.181277711903022e-11,41.430396319882114,8.633749657120712,3.2086448239437844,2.57964664164091,1.1128957694589883,,,,,,,,,,
legacy-refined-t50,pre-resonant,scan_cloud_strict_refined_t50_20260809/strict_per_orbital.csv,,,not-applicable,w4p25_e0p00036,4.25,0.00036,wide,8000000,3,50.0,50.0,1.003605463726904,40-50,False,0 5 6 7 8 9,1 2 3 4,2.2697625850261277e-05,4.2718634447498254e-05,0.00033584215390622445,0.0006149304823060062,9.546131070613779e-05,6.005240749118457e-11,39.043375826429475,8.608310878532816,4.004751576113218,1.842141570982969,1.003605463726904,,,,,,,,,,
legacy-refined-t50,pre-resonant,scan_cloud_strict_refined_t50_20260809/strict_per_orbital.csv,,,not-applicable,w4p75_e0p0003,4.75,0.0003,wide,8000000,3,50.0,50.0,0.9726895457058483,40-50,False,0 5 6 7 8 9,1 2 3 4,1.476021347830142e-05,3.318716560479299e-05,0.0002524454360242818,0.00045919387951856246,6.007959393514582e-05,7.201261809086645e-11,33.37880039439947,9.523809833220145,3.789926425054922,2.2822011589894897,0.9726895457058483,,,,,,,,,,
legacy-refined-t50,pre-resonant,scan_cloud_strict_refined_t50_20260809/strict_per_orbital.csv,,,not-applicable,w4p25_e0p0003,4.25,0.0003,wide,8000000,3,50.0,50.0,0.6859256539532224,40-50,False,0 5 6 7 8 9,1 2 3 4,1.5231366598373466e-05,3.4131919578585055e-05,0.0002601831682176687,0.0004014804107947279,6.506679891462181e-05,7.155698256156029e-11,44.608823988005504,10.705776279689724,3.8291198047247077,2.0268820370277822,0.6859256539532224,,,,,,,,,,
legacy-validation-t75,pre-resonant,scan_cloud_strict_validation_t75_20260809/strict_per_orbital_q60.csv,,,not-applicable,w5_e0p00024,5.0,0.00024,wide,32000000,4,75.0,60.0,2.5005803629588033,50-60,True,0 5 6 7 8 9,1 2 3 4,9.392552212919174e-06,2.5479377296842292e-05,0.00026935346863969113,0.0005936507472255009,8.229314064359405e-05,1.106847946630296e-10,84.15673296279377,18.23615829419209,7.126366422160808,4.887905717123633,3.1652604394355714,2.5005803629588033,1.0188161242793372,,,,,,,,
legacy-validation-t75,pre-resonant,scan_cloud_strict_validation_t75_20260809/strict_per_orbital_q60.csv,,,not-applicable,w4_e0p00036,4.0,0.00036,wide,32000000,4,75.0,60.0,1.6461505943156172,50-60,False,0 5 6 7 8 9,1 2 3 4,2.562753651423504e-05,4.2785310066211115e-05,0.0005043994938138002,0.0012474307816172942,0.00024076025903095756,1.5342305204057993e-10,92.06981413815215,23.55407535665892,7.11081187222528,4.57631224139147,3.135890810304602,1.6461505943156172,1.0418975344468753,,,,,,,,
legacy-validation-t75,pre-resonant,scan_cloud_strict_validation_t75_20260809/strict_per_orbital_q60.csv,,,not-applicable,w4p5_e0p0003,4.5,0.0003,wide,32000000,4,75.0,60.0,1.6415618959952754,50-60,False,0 5 6 7 8 9,1 2 3 4,1.3383702013365784e-05,3.3764700224879115e-05,0.00035331763594219145,0.0007630938088951693,0.00012634167628765777,1.5116707885454161e-10,86.84537867155862,20.65674876809011,7.534203229537393,4.499116777595706,3.089261798450083,1.6415618959952754,1.1749287568298665,,,,,,,,
dense-measure-ab,original-delE,scan_cloud_dense_ab_20260809/strict_ab_q60.csv,,,not-applicable,dense,5.0,0.00024,wide,1000000,4,60.0,60.0,0.36612153890571625,50-60,False,0 5 6 7 8 9,1 2 3 4,5.7772225443141865e-05,2.6540152191726588e-05,0.0002505393616554916,0.0007854954576668088,0.00025163416870540076,9.123368727159686e-12,13.996053181607927,3.1511163463084917,1.3769750439553665,0.8096517920531816,0.6260546369830645,0.36612153890571625,,,,,,,,,
dense-measure-ab,original-delE,scan_cloud_dense_ab_20260809/strict_ab_q60.csv,,,not-applicable,adaptive,5.0,0.00024,wide,1000000,4,60.0,60.0,0.35566462381938524,50-60,False,0 5 6 7 8 9,1 2 3 4,5.0819633539124695e-05,2.4683154460279877e-05,0.000200934927862031,0.0006437658633498183,0.00020511362334272695,9.122480548739986e-12,14.5733466587747,2.952845374676817,1.2128510701488053,0.8340215641327962,0.449755802688822,0.35566462381938524,,,,,,,,,
original-coarse-1m,original-delE,scan_cloud_grid_1m_q4_20260809/strict_grid_q60.csv,,,not-applicable,wc2_eta0p00012,2.0,0.00012,narrow,1000000,3,60.0,60.0,0.6063554068945588,40-50,False,0 5 6 7 8 9,1 2 3 4,1.1893119970994456e-05,1.2119399434775256e-05,0.00010491146359054251,0.00031484204583050656,8.987339964727415e-05,9.197087535994797e-12,12.582194283728986,3.8614274591392532,1.442445278884652,0.7901290830960371,0.6063554068945588,0.6916985504832037,,,,,,,,,
original-coarse-1m,original-delE,scan_cloud_grid_1m_q4_20260809/strict_grid_q60.csv,,,not-applicable,wc2_eta5em05,2.0,5e-05,narrow,1000000,3,60.0,60.0,0.6050767492999789,40-50,False,0 5 6 7 8 9,1 2 3 4,2.2981624017283286e-06,4.80598243454335e-06,3.7511751012504505e-05,9.54474925815397e-05,2.7717476747466912e-05,1.0241585357562144e-11,10.714468158340095,3.3925583335533944,1.1809417987363444,0.8140970694186622,0.6050767492999789,0.6302135340319427,,,,,,,,,
original-coarse-1m,original-delE,scan_cloud_grid_1m_q4_20260809/strict_grid_q60.csv,,,not-applicable,wc10_eta0p00024,10.0,0.00024,wide,1000000,3,60.0,60.0,0.5895671647808276,50-60,False,0 5 6 7 8 9,1 2 3 4,6.261008077832373e-05,2.4384893908151387e-05,0.000252813531708637,0.0008246687665030622,0.0002616116123926178,9.127809619258187e-12,12.829911773108007,2.8675887808541964,1.1102139234251587,0.695124065365596,0.6561863840734097,0.5895671647808276,,,,,,,,,
original-coarse-1m,original-delE,scan_cloud_grid_1m_q4_20260809/strict_grid_q60.csv,,,not-applicable,wc10_eta5em05,10.0,5e-05,wide,1000000,3,60.0,60.0,0.5871933345792533,50-60,False,0 5 6 7 8 9,1 2 3 4,2.0457250362763703e-06,4.03645323876956e-06,3.385746415123574e-05,8.744438216277435e-05,3.101652712706781e-05,1.0242473535981844e-11,10.293880345805038,2.102153585041668,1.0157947600812303,0.668457719205803,0.5962309679138926,0.5871933345792533,,,,,,,,,
original-coarse-1m,original-delE,scan_cloud_grid_1m_q4_20260809/strict_grid_q60.csv,,,not-applicable,wc3p5_eta0p00012,3.5,0.00012,narrow,1000000,3,60.0,60.0,0.5695617630234373,50-60,False,0 5 6 7 8 9,1 2 3 4,1.3887062064247238e-05,1.1819676571477043e-05,0.00010523032014328609,0.00023526155901066042,8.555048822025369e-05,9.157119507108291e-12,9.891503996907169,3.508317436791093,1.4328433703861159,0.7788460778362398,0.7910721019421224,0.5695617630234373,,,,,,,,,
original-coarse-1m,original-delE,scan_cloud_grid_1m_q4_20260809/strict_grid_q60.csv,,,not-applicable,wc9_eta5em05,9.0,5e-05,wide,1000000,3,60.0,60.0,0.5646982752509823,40-50,False,0 5 6 7 8 9,1 2 3 4,2.0661476068364625e-06,3.9967670415341235e-06,3.204850127604059e-05,9.871000901765916e-05,2.7816743128474805e-05,1.0240697179142444e-11,9.472272351508183,2.519508613419686,1.08788447381204,0.6454630639465907,0.5646982752509823,0.5900348161625427,,,,,,,,,
original-coarse-1m,original-delE,scan_cloud_grid_1m_q4_20260809/strict_grid_q60.csv,,,not-applicable,wc2_eta0p00024,2.0,0.00024,narrow,1000000,3,60.0,60.0,0.5629157050737583,40-50,False,0 5 6 7 8 9,1 2 3 4,5.229642713924533e-05,2.7673395695643943e-05,0.00027712188473038614,0.0008244456062277415,0.0002664730144407131,9.126921440838487e-12,15.168306157724986,4.082179392214987,1.422172989402609,0.9864041572339097,0.5629157050737583,0.5824596722578081,,,,,,,,,
original-coarse-1m,original-delE,scan_cloud_grid_1m_q4_20260809/strict_grid_q60.csv,,,not-applicable,wc5_eta0p00024,5.0,0.00024,wide,1000000,3,60.0,60.0,0.553623748562934,50-60,False,0 5 6 7 8 9,1 2 3 4,5.7710855873871485e-05,2.5213822029006744e-05,0.00025557828359471483,0.0009747642818280452,0.0002640025860403617,9.125145083999087e-12,12.918652116349762,3.653458017280743,1.3246685075174964,0.6934321396310427,0.6072139683979906,0.553623748562934,,,,,,,,,
original-coarse-1m,original-delE,scan_cloud_grid_1m_q4_20260809/strict_grid_q60.csv,,,not-applicable,wc6p5_eta0p00012,6.5,0.00012,wide,1000000,3,60.0,60.0,0.5441855502796634,50-60,False,0 5 6 7 8 9,1 2 3 4,1.0045857829722535e-05,1.101622531305541e-05,0.00010123373988806984,0.0003019777987225786,8.768175923938264e-05,9.181988502859895e-12,11.157042834351214,3.0683765944256436,1.2669082155985725,0.6161164936928251,0.5888486166537751,0.5441855502796634,,,,,,,,,
original-coarse-1m,original-delE,scan_cloud_grid_1m_q4_20260809/strict_grid_q60.csv,,,not-applicable,wc5_eta0p0005,5.0,0.0005,wide,1000000,3,60.0,60.0,0.5235992505213757,50-60,False,0 5 6 7 8 9,1 2 3 4,0.00035568341925100916,7.053050481731006e-05,0.0009417087109981079,0.003600265958955496,0.0012883180884715253,8.529177364380303e-12,14.556188442694795,4.048601547198044,1.3539714115851054,1.014929616036779,0.5476800789189513,0.5235992505213757,,,,,,,,,
original-coarse-1m,original-delE,scan_cloud_grid_1m_q4_20260809/strict_grid_q60.csv,,,not-applicable,wc8_eta0p0005,8.0,0.0005,wide,1000000,3,60.0,60.0,0.5216596097109282,50-60,False,0 5 6 7 8 9,1 2 3 4,0.00038004717174545347,6.431969352113683e-05,0.0008634386477400011,0.002895368592409806,0.0011913370542563913,8.571809928525909e-12,18.110013629739235,3.9120965249636,1.6432940874730608,0.8344882156039312,0.600294055728435,0.5216596097109282,,,,,,,,,
original-coarse-1m,original-delE,scan_cloud_grid_1m_q4_20260809/strict_grid_q60.csv,,,not-applicable,wc3p5_eta0p0025,3.5,0.0025,narrow,1000000,3,60.0,60.0,0.5097897616431883,50-60,False,0 1 2 3 4 5 6 7 8 9,,0.0,0.001434320333833762,2.325272554668607,25.229734173056936,4.017855632859619,2.7398527890909463e-11,13.148719966883327,3.629097289133256,0.9201307343617795,0.5202728805819902,0.5611960759623633,0.5097897616431883,,,,,,,,,
original-coarse-1m,original-delE,scan_cloud_grid_1m_q4_20260809/strict_grid_q60.csv,,,not-applicable,wc8_eta0p00024,8.0,0.00024,wide,1000000,3,60.0,60.0,0.5084053671531866,50-60,False,0 5 6 7 8 9,1 2 3 4,5.6677784200464365e-05,2.447347412123966e-05,0.0002511419424147683,0.0006523648087743992,0.00025062595236443605,9.127809619258187e-12,13.105765155630701,2.374126448396555,1.4064283614200306,0.8019719523317628,0.7251447207045871,0.5084053671531866,,,,,,,,,
original-coarse-1m,original-delE,scan_cloud_grid_1m_q4_20260809/strict_grid_q60.csv,,,not-applicable,wc10_eta0p0005,10.0,0.0005,wide,1000000,3,60.0,60.0,0.5011773702296504,50-60,False,0 5 6 7 8 9,1 2 3 4,0.00043422064113503647,5.810578254993333e-05,0.0008869585315663726,0.003969370672925068,0.0010267537770655608,8.530065542800003e-12,14.524733862348995,3.0148686234260658,1.4596316980266817,0.5265931505743826,0.5663259412000436,0.5011773702296504,,,,,,,,,
original-coarse-1m,original-delE,scan_cloud_grid_1m_q4_20260809/strict_grid_q60.csv,,,not-applicable,wc8_eta5em05,8.0,5e-05,wide,1000000,3,60.0,60.0,0.49365545045171577,40-50,False,0 5 6 7 8 9,1 2 3 4,2.0593308667959144e-06,4.304144352653391e-06,3.4230948470664797e-05,7.483955062635729e-05,3.0342550641630097e-05,1.0240697179142444e-11,9.04178018383842,2.5854387560896344,1.161396030333122,0.9874009379021347,0.49365545045171577,0.5453305221550521,,,,,,,,,
original-coarse-1m,original-delE,scan_cloud_grid_1m_q4_20260809/strict_grid_q60.csv,,,not-applicable,wc8_eta0p001,8.0,0.001,wide,1000000,3,60.0,60.0,0.4923728311694794,50-60,False,0 5 6 7 8 9,1 2 3 4,0.005167018078131333,0.00016764457397199883,0.005072508973289784,0.024025301780577872,0.008561292700312336,6.6275873678023345e-12,15.457603294697511,2.3085372285036367,1.0652142604016914,0.684248313950015,0.5016144509561753,0.4923728311694794,,,,,,,,,
original-coarse-1m,original-delE,scan_cloud_grid_1m_q4_20260809/strict_grid_q60.csv,,,not-applicable,wc2_eta0p0005,2.0,0.0005,narrow,1000000,3,60.0,60.0,0.49012357432113285,50-60,False,0 5 6 7 8 9,1 2 3 4,0.00043977181613188255,7.108716013083874e-05,0.0009230833822038591,0.0027806760366012547,0.0011856752158199801,8.562928144328907e-12,12.875749590579389,3.175306090209308,1.3389827893843524,0.8995874956154767,0.7622836906780494,0.49012357432113285,,,,,,,,,
original-coarse-1m,original-delE,scan_cloud_grid_1m_q4_20260809/strict_grid_q60.csv,,,not-applicable,wc3p5_eta0p00024,3.5,0.00024,narrow,1000000,3,60.0,60.0,0.48433959438679486,50-60,False,0 5 6 7 8 9,1 2 3 4,5.4913616579875035e-05,2.7104117517289506e-05,0.00026343721967206953,0.0007601303531174941,0.00026224526468130376,9.129585976097587e-12,14.354387029966922,3.6415937384470825,1.2953819649427443,0.8890211133926421,0.6899893494964663,0.48433959438679486,,,,,,,,,
original-coarse-1m,original-delE,scan_cloud_grid_1m_q4_20260809/strict_grid_q60.csv,,,not-applicable,wc6p5_eta0p00024,6.5,0.00024,wide,1000000,3,60.0,60.0,0.4826209382796205,50-60,False,0 5 6 7 8 9,1 2 3 4,5.651509856287201e-05,2.5243112235033572e-05,0.00023382265697192276,0.0006454766170939894,0.0002664131864698644,9.129585976097587e-12,14.607645258923428,3.427259138079043,1.3917570852515948,0.762709395268611,0.5077969079991451,0.4826209382796205,,,,,,,,,
original-coarse-1m,original-delE,scan_cloud_grid_1m_q4_20260809/strict_grid_q60.csv,,,not-applicable,wc3p5_eta0p0005,3.5,0.0005,narrow,1000000,3,60.0,60.0,0.4792653063137343,40-50,False,0 5 6 7 8 9,1 2 3 4,0.00042037788998901824,7.284852937518664e-05,0.0008126718908203084,0.002738764984135545,0.0011543989806118812,8.546940932774305e-12,17.477650178299864,3.6144117970619574,1.3296921264225956,0.875768906143613,0.4792653063137343,0.5020790246571358,,,,,,,,,
original-coarse-1m,original-delE,scan_cloud_grid_1m_q4_20260809/strict_grid_q60.csv,,,not-applicable,wc5_eta5em05,5.0,5e-05,wide,1000000,3,60.0,60.0,0.4695196595723009,50-60,False,0 5 6 7 8 9,1 2 3 4,2.1163671077400256e-06,4.379859719279836e-06,3.536680549282921e-05,7.680133740018563e-05,2.93009121723249e-05,1.0241585357562144e-11,7.871474440173769,2.6175469514319323,0.997559538618449,0.7031105609682186,0.5800592545364277,0.4695196595723009,,,,,,,,,
original-coarse-1m,original-delE,scan_cloud_grid_1m_q4_20260809/strict_grid_q60.csv,,,not-applicable,wc3p5_eta5em05,3.5,5e-05,narrow,1000000,3,60.0,60.0,0.46818027389319844,40-50,False,0 5 6 7 8 9,1 2 3 4,2.2076719582811406e-06,4.652285757712227e-06,3.4921069122361216e-05,7.121702302049264e-05,2.865487997104505e-05,1.0242473535981844e-11,13.741506883181009,2.732381282802676,1.1448894662673792,0.9033997391976506,0.46818027389319844,0.5835652074371848,,,,,,,,,
original-coarse-1m,original-delE,scan_cloud_grid_1m_q4_20260809/strict_grid_q60.csv,,,not-applicable,wc9_eta0p00012,9.0,0.00012,wide,1000000,3,60.0,60.0,0.4678290622669777,50-60,False,0 5 6 7 8 9,1 2 3 4,1.2121841032201825e-05,1.0839725938606515e-05,9.396879897500758e-05,0.00023092750464166412,8.884762632002155e-05,9.164224934465892e-12,13.957946898796228,2.0804692859903344,1.288809896210979,0.8320057501808019,0.7957532199538317,0.4678290622669777,,,,,,,,,
original-coarse-1m,original-delE,scan_cloud_grid_1m_q4_20260809/strict_grid_q60.csv,,,not-applicable,wc8_eta0p00012,8.0,0.00012,wide,1000000,3,60.0,60.0,0.46203061048401056,50-60,False,0 5 6 7 8 9,1 2 3 4,1.2444911909185125e-05,1.151734328373943e-05,0.0001023400482465517,0.00024070411559894944,8.67206088752257e-05,9.174883075502294e-12,10.057101478057469,2.2727281373670607,1.1848875636351393,0.880099695988721,0.7020021124381713,0.46203061048401056,,,,,,,,,
original-coarse-1m,original-delE,scan_cloud_grid_1m_q4_20260809/strict_grid_q60.csv,,,not-applicable,wc10_eta0p001,10.0,0.001,wide,1000000,3,60.0,60.0,0.46066588070032755,50-60,False,0 5 6 7 8 9,1 2 3 4,0.004457301600128866,0.000183599340236199,0.005149044989360237,0.02341453074110041,0.009121725351162124,6.8052230517423595e-12,11.455275027211684,2.4441726676386915,1.198182086149401,0.6827990123185217,0.5356254882883984,0.46066588070032755,,,,,,,,,
original-coarse-1m,original-delE,scan_cloud_grid_1m_q4_20260809/strict_grid_q60.csv,,,not-applicable,wc6p5_eta5em05,6.5,5e-05,wide,1000000,3,60.0,60.0,0.4572473406408591,50-60,False,0 5 6 7 8 9,1 2 3 4,2.714848183126108e-06,4.365845971222674e-06,3.5711318496227355e-05,8.599706544112834e-05,3.142308465354081e-05,1.0240697179142444e-11,9.076826570818017,2.4006350533333785,1.357082217045221,0.8117578687246689,0.5932967226277307,0.4572473406408591,,,,,,,,,
original-coarse-1m,original-delE,scan_cloud_grid_1m_q4_20260809/strict_grid_q60.csv,,,not-applicable,wc3p5_eta0p0075,3.5,0.0075,narrow,1000000,3,60.0,60.0,0.4537841190331072,50-60,False,0 1 2 3 4 5 6 7 8 9,,0.0,0.12640680500146423,4.1114384163443125,39.30671472697876,7.1575273439676215,4.2518877307884395e-11,15.243417657511948,1.6903605657758762,0.4923755971919969,0.5388014422966911,0.5589664336916577,0.4537841190331072,,,,,,,,,
original-coarse-1m,original-delE,scan_cloud_grid_1m_q4_20260809/strict_grid_q60.csv,,,not-applicable,wc6p5_eta0p0005,6.5,0.0005,wide,1000000,3,60.0,60.0,0.45322215245517733,50-60,False,0 5 6 7 8 9,1 2 3 4,0.0004304525305862441,6.103721896425389e-05,0.0009842042731896747,0.004206516703649443,0.0010718722998569507,8.637535131583718e-12,13.898163411618633,3.360641641273472,1.5794438395542025,0.6705680922385951,0.573778433525137,0.45322215245517733,,,,,,,,,
original-coarse-1m,original-delE,scan_cloud_grid_1m_q4_20260809/strict_grid_q60.csv,,,not-applicable,wc9_eta0p00024,9.0,0.00024,wide,1000000,3,60.0,60.0,0.45276044656684933,50-60,False,0 5 6 7 8 9,1 2 3 4,5.4459304252592584e-05,2.4308708236761892e-05,0.0002435937856353589,0.0007536694763242376,0.00025023961314673594,9.15001407975069e-12,10.89331858490325,2.6162386689126103,1.2943746407997907,0.8558103910122417,0.6497017284231738,0.45276044656684933,,,,,,,,,
original-coarse-1m,original-delE,scan_cloud_grid_1m_q4_20260809/strict_grid_q60.csv,,,not-applicable,wc5_eta0p00012,5.0,0.00012,wide,1000000,3,60.0,60.0,0.446953158282604,50-60,False,0 5 6 7 8 9,1 2 3 4,1.2082655302232459e-05,1.1327865427369892e-05,9.176811282772671e-05,0.00020967198451649535,8.94916330893312e-05,9.189093930217496e-12,10.661544272664067,2.8677336478699353,1.3830287836928872,0.8808570983702818,0.5910518800906541,0.446953158282604,,,,,,,,,
original-coarse-1m,original-delE,scan_cloud_grid_1m_q4_20260809/strict_grid_q60.csv,,,not-applicable,wc10_eta0p00012,10.0,0.00012,wide,1000000,3,60.0,60.0,0.44565433458449705,50-60,False,0 5 6 7 8 9,1 2 3 4,1.0714928997067066e-05,1.0480309724666607e-05,9.111436305777556e-05,0.00021095498062652187,8.141140506406047e-05,9.155343150268891e-12,10.147677077405804,2.2089262718358658,1.185913890048222,0.7712881144853229,0.4844327801486967,0.44565433458449705,,,,,,,,,
original-coarse-1m,original-delE,scan_cloud_grid_1m_q4_20260809/strict_grid_q60.csv,,,not-applicable,wc2_eta0p001,2.0,0.001,narrow,1000000,3,60.0,60.0,0.43691097026874365,50-60,False,0 5 6 7 8 9,1 2 3 4,0.004395312794752099,0.00020451830001959665,0.006525607496278383,0.040887502964152944,0.00876190936613479,6.74038602710425e-12,15.446548156263697,4.525872123855091,1.225261261146572,0.599595667408107,0.47819974628406814,0.43691097026874365,,,,,,,,,
original-coarse-1m,original-delE,scan_cloud_grid_1m_q4_20260809/strict_grid_q60.csv,,,not-applicable,wc5_eta0p001,5.0,0.001,wide,1000000,3,60.0,60.0,0.43051860227263766,50-60,False,0 5 6 7 8 9,1 2 3 4,0.004003151136960813,0.0001751146903433481,0.0051532734174095365,0.02361208817745769,0.007275322296010826,6.6062710857295315e-12,16.119552384457908,4.290004188339904,1.0557005846993264,0.590358274066312,0.6422636515391618,0.43051860227263766,,,,,,,,,
original-coarse-1m,original-delE,scan_cloud_grid_1m_q4_20260809/strict_grid_q60.csv,,,not-applicable,wc9_eta0p0075,9.0,0.0075,wide,1000000,3,60.0,60.0,0.42875543697290097,20-30,False,0 1 2 3 4 5 6 7 8 9,,0.0,0.04677793910270685,3.1109286246143024,32.0484214118969,5.383241005558251,1.056221776707389e-11,12.4022469160401,1.149185037102739,0.42875543697290097,0.4513759580210861,0.5374251396155746,0.4689240132069633,,,,,,,,,
original-coarse-1m,original-delE,scan_cloud_grid_1m_q4_20260809/strict_grid_q60.csv,,,not-applicable,wc10_eta0p0075,10.0,0.0075,wide,1000000,3,60.0,60.0,0.4167732715622131,20-30,False,0 1 5 7 8,2 3 4 6 9,18.682306719209357,8.056498176579698,51.11702183905076,561.8873890177352,88.54209179468178,5.262279501039302e-11,12.997295023482986,1.5528018657715206,0.4167732715622131,0.5767120012643436,0.4727389061430644,0.5159856687183078,,,,,,,,,
original-coarse-1m,original-delE,scan_cloud_grid_1m_q4_20260809/strict_grid_q60.csv,,,not-applicable,wc6p5_eta0p0025,6.5,0.0025,wide,1000000,3,60.0,60.0,0.41466410171546136,20-30,False,0 1 2 3 4 5 6 7 8 9,,0.0,0.0010613713522475974,0.7609427028564683,6.868399165932434,1.3489303593755764,6.306066779870889e-12,16.110150564592402,3.26772600817588,0.41466410171546136,0.4971740927623995,0.4680348385664214,0.5236038567760389,,,,,,,,,
original-coarse-1m,original-delE,scan_cloud_grid_1m_q4_20260809/strict_grid_q60.csv,,,not-applicable,wc3p5_eta0p001,3.5,0.001,narrow,1000000,3,60.0,60.0,0.40646184735325763,50-60,False,0 5 6 7 8 9,1 2 3 4,0.00444323420881919,0.00019407666858965245,0.004824984348018129,0.01999699503613543,0.009301204284609945,6.6133765130871325e-12,17.81460724068577,3.9412321205142833,1.1775551738726067,0.6180585208310946,0.5756844774452502,0.40646184735325763,,,,,,,,,
original-coarse-1m,original-delE,scan_cloud_grid_1m_q4_20260809/strict_grid_q60.csv,,,not-applicable,wc6p5_eta0p001,6.5,0.001,wide,1000000,3,60.0,60.0,0.40088030428924243,40-50,False,0 5 6 7 8 9,1 2 3 4,0.0039647017046763955,0.00016645373526093235,0.004958011571792962,0.02522233105252999,0.009601072796145547,6.699529819798045e-12,15.660638782204785,3.0432846212228744,1.3158740984756943,0.5730155226468581,0.40088030428924243,0.46777225042410214,,,,,,,,,
original-coarse-1m,original-delE,scan_cloud_grid_1m_q4_20260809/strict_grid_q60.csv,,,not-applicable,wc9_eta0p001,9.0,0.001,wide,1000000,3,60.0,60.0,0.398497046016503,50-60,False,0 5 6 7 8 9,1 2 3 4,0.00460695048372847,0.00018271533852164622,0.005094889740403774,0.024878005782430206,0.007949159587890333,6.656897255652439e-12,18.322680677599607,2.7875478866516774,1.361995930256144,0.6158496709993431,0.5806994547405029,0.398497046016503,,,,,,,,,
original-coarse-1m,original-delE,scan_cloud_grid_1m_q4_20260809/strict_grid_q60.csv,,,not-applicable,wc9_eta0p0025,9.0,0.0025,wide,1000000,3,60.0,60.0,0.39677819454011204,40-50,False,0 1 2 3 4 5 6 7 8 9,,0.0,0.0011447212528375367,0.41149145292383127,2.4345431544532086,0.6786250955231364,6.221689829999377e-12,12.074413250930082,2.3160431876407017,0.6469693791155402,0.42270999356158684,0.39677819454011204,0.5531475707198455,,,,,,,,,
original-coarse-1m,original-delE,scan_cloud_grid_1m_q4_20260809/strict_grid_q60.csv,,,not-applicable,wc8_eta0p0025,8.0,0.0025,wide,1000000,3,60.0,60.0,0.3913037062017495,30-40,False,0 1 2 3 4 5 6 7 8 9,,0.0,0.0011590451247588192,73.00615506455678,711.670079022602,126.469027500087,6.239133654162288e-10,11.702277800634146,2.2838540457526233,0.7560438849593275,0.3913037062017495,0.5772395404270605,0.5673108250195009,,,,,,,,,
original-coarse-1m,original-delE,scan_cloud_grid_1m_q4_20260809/strict_grid_q60.csv,,,not-applicable,wc2_eta0p0075,2.0,0.0075,narrow,1000000,3,60.0,60.0,0.3795451996150338,40-50,False,0 1 2 3 4 5 6 7 8 9,,0.0,0.05020985395257854,1.902246101208523,18.53768904422622,3.2648898464937606,9.086953411951981e-12,13.711653769564375,1.5647127671446037,0.39352556726406435,0.4911761556121607,0.3795451996150338,0.4533513205908052,,,,,,,,,
original-coarse-1m,original-delE,scan_cloud_grid_1m_q4_20260809/strict_grid_q60.csv,,,not-applicable,wc9_eta0p0005,9.0,0.0005,wide,1000000,3,60.0,60.0,0.36961555866227525,50-60,False,0 5 6 7 8 9,1 2 3 4,0.0005008212155986583,6.119147138161171e-05,0.0008066706579571628,0.0028300497604903494,0.0010814146369676639,8.587797140080511e-12,14.707601639691614,3.1581336946247736,1.1255870121386335,0.693649767401693,0.561917279862645,0.36961555866227525,,,,,,,,,
original-coarse-1m,original-delE,scan_cloud_grid_1m_q4_20260809/strict_grid_q60.csv,,,not-applicable,wc8_eta0p0075,8.0,0.0075,wide,1000000,3,60.0,60.0,0.36852729239852017,40-50,False,0 1 2 3 4 5 6 7 8 9,,0.0,0.11001553606693407,1.2333651565637695,7.5713680587445555,2.312999528954424,1.510258584858093e-11,12.178964109848788,1.5275345892102254,0.4309201638953216,0.440186306215713,0.36852729239852017,0.5201569506432581,,,,,,,,,
original-coarse-1m,original-delE,scan_cloud_grid_1m_q4_20260809/strict_grid_q60.csv,,,not-applicable,wc5_eta0p0075,5.0,0.0075,wide,1000000,3,60.0,60.0,0.3634129083413139,20-30,False,0 1 2 4 5 6 7 8 9,3,4.309032557997761,0.3163137072096415,3.2111610969111957,24.704001257957007,5.6402878929365885,2.262368070660159e-11,13.27004594830405,1.839614454509405,0.3634129083413139,0.5292739040756407,0.3981260230549537,0.5073395930891145,,,,,,,,,
original-coarse-1m,original-delE,scan_cloud_grid_1m_q4_20260809/strict_grid_q60.csv,,,not-applicable,wc6p5_eta0p0075,6.5,0.0075,wide,1000000,3,60.0,60.0,0.36292412077152775,20-30,False,0 1 2 3 4 5 6 7 8 9,,0.0,0.04541145933308182,4.952134857610091,51.62349566660897,8.586420260646301,6.191314128045633e-11,14.094047465243111,1.6465772279614632,0.36292412077152775,0.5072943794402605,0.5466316346407077,0.48965684908194657,,,,,,,,,
original-coarse-1m,original-delE,scan_cloud_grid_1m_q4_20260809/strict_grid_q60.csv,,,not-applicable,wc10_eta0p0025,10.0,0.0025,wide,1000000,3,60.0,60.0,0.27447050897277614,40-50,False,0 1 2 3 4 5 6 7 8 9,,0.0,0.0011118391180125395,1.1214699824275076,6.1170402971598286,1.9387288380231258,6.359357485052897e-12,14.104386011451437,1.4946517689706755,0.6962716977326302,0.3954389335376178,0.27447050897277614,0.5192711404684572,,,,,,,,,
original-coarse-1m,original-delE,scan_cloud_grid_1m_q4_20260809/strict_grid_q60.csv,,,not-applicable,wc5_eta0p0025,5.0,0.0025,wide,1000000,3,60.0,60.0,0.21101627914448282,40-50,False,0 1 2 3 4 5 6 7 8 9,,0.0,0.0013017407717548668,0.9546785439532908,6.947149601179242,1.9846844526481628,1.2043699371133698e-11,14.513133266103875,2.861984072222031,0.9775425579896824,0.38628284293637344,0.21101627914448282,0.3412586718521904,,,,,,,,,
original-coarse-1m,original-delE,scan_cloud_grid_1m_q4_20260809/strict_grid_q60.csv,,,not-applicable,wc2_eta0p0025,2.0,0.0025,narrow,1000000,3,60.0,60.0,0.029465173388256667,40-50,False,0 1 2 3 4 5 6 7 8 9,,0.0,0.00134750283655653,0.650754130302851,5.289360450513808,2.871519666407988,6.0031979387531464e-12,9.874967109537735,3.6701975126517232,0.8960488985004439,0.4181167734230306,0.029465173388256667,0.37211603428786266,,,,,,,,,
original-fine-1m,original-delE,scan_cloud_grid_1m_fine_20260809/strict_fine_q60.csv,,,not-applicable,wc3_eta5em05,3.0,5e-05,narrow,1000000,3,60.0,60.0,0.6682716104483906,50-60,False,0 5 6 7 8 9,1 2 3 4,1.8871030125682795e-06,4.7349687155617265e-06,3.895372269266193e-05,0.0001049979606312485,2.817367841794519e-05,1.0242473535981844e-11,9.27645192867506,3.0286498632284102,1.067237738698552,0.9797466935120273,0.6799643000621093,0.6682716104483906,,,,,,,,,
original-fine-1m,original-delE,scan_cloud_grid_1m_fine_20260809/strict_fine_q60.csv,,,not-applicable,wc1p5_eta0p00018,1.5,0.00018,narrow,1000000,3,60.0,60.0,0.6595760314347519,50-60,False,0 5 6 7 8 9,1 2 3 4,2.878644266614413e-05,1.9800637569089998e-05,0.00018614660892700573,0.0004913959938431183,0.000153468684928379,1.0099476810410124e-11,14.24194459494102,4.073187654687363,1.3112734856735524,0.9482748626047831,0.7730861130996501,0.6595760314347519,,,,,,,,,
original-fine-1m,original-delE,scan_cloud_grid_1m_fine_20260809/strict_fine_q60.csv,,,not-applicable,wc2_eta5em05,2.0,5e-05,narrow,1000000,3,60.0,60.0,0.6385860306770785,50-60,False,0 5 6 7 8 9,1 2 3 4,2.3289232807349828e-06,4.836651897057159e-06,3.889683783315456e-05,8.769084415464551e-05,2.9081728984538924e-05,1.0240697179142444e-11,11.938385478902985,2.937573568894946,1.3856269028442396,0.8773484101842582,0.681547412317599,0.6385860306770785,,,,,,,,,
original-fine-1m,original-delE,scan_cloud_grid_1m_fine_20260809/strict_fine_q60.csv,,,not-applicable,wc1p5_eta8em05,1.5,8e-05,narrow,1000000,3,60.0,60.0,0.6328207266218304,50-60,False,0 5 6 7 8 9,1 2 3 4,6.043018520935054e-06,8.161549041546265e-06,6.521783082996586e-05,0.00017011064363461716,5.089493197232087e-05,9.250378241176804e-12,13.101462809670723,3.752043477681555,1.2202108465886867,1.0464251288866246,0.6795636484772051,0.6328207266218304,,,,,,,,,
original-fine-1m,original-delE,scan_cloud_grid_1m_fine_20260809/strict_fine_q60.csv,,,not-applicable,wc2_eta0p00012,2.0,0.00012,narrow,1000000,3,60.0,60.0,0.6016057407914859,50-60,False,0 5 6 7 8 9,1 2 3 4,1.2207750750638037e-05,1.2492777320877668e-05,0.00010727792177260168,0.0002697592900835463,8.62473643180407e-05,9.192646643896296e-12,11.327494939954178,3.896074313656985,1.1875998342933956,1.079940273859112,0.71694491447745,0.6016057407914859,,,,,,,,,
original-fine-1m,original-delE,scan_cloud_grid_1m_fine_20260809/strict_fine_q60.csv,,,not-applicable,wc2p5_eta0p00024,2.5,0.00024,narrow,1000000,3,60.0,60.0,0.5857840375913945,40-50,False,0 5 6 7 8 9,1 2 3 4,5.678770377008484e-05,2.7747062816041486e-05,0.0002729398607156133,0.0008006489421924736,0.0002443239819469796,9.166001291305292e-12,13.255079735534768,4.043261232339814,1.4594350527282407,0.8910006156913022,0.5857840375913945,0.6628415044247087,,,,,,,,,
original-fine-1m,original-delE,scan_cloud_grid_1m_fine_20260809/strict_fine_q60.csv,,,not-applicable,wc3_eta0p00012,3.0,0.00012,narrow,1000000,3,60.0,60.0,0.5839197529263462,50-60,False,0 5 6 7 8 9,1 2 3 4,1.2153386120847896e-05,1.2171890606546531e-05,0.000105423539678711,0.00023484095275724606,8.480825934706438e-05,9.168665826564393e-12,13.384342068397931,3.331408597420108,1.4419427675250172,0.9248945840411401,0.6437215454109939,0.5839197529263462,,,,,,,,,
original-fine-1m,original-delE,scan_cloud_grid_1m_fine_20260809/strict_fine_q60.csv,,,not-applicable,wc0p5_eta8em05,0.5,8e-05,ultranarrow,1000000,3,60.0,60.0,0.5829184896823195,40-50,False,0 5 6 7 8 9,1 2 3 4,5.297867807994089e-06,7.851407116281315e-06,6.349787051131915e-05,0.0001453482138493582,5.070513235444708e-05,9.195311179155397e-12,13.767867572656577,4.277365939804168,1.3233671867886296,0.6930480993417202,0.5829184896823195,0.614582324692931,,,,,,,,,
original-fine-1m,original-delE,scan_cloud_grid_1m_fine_20260809/strict_fine_q60.csv,,,not-applicable,wc0p5_eta0p00018,0.5,0.00018,ultranarrow,1000000,3,60.0,60.0,0.5816069305695267,40-50,False,0 5 6 7 8 9,1 2 3 4,3.080773313216522e-05,2.0098402353615414e-05,0.00018140714923526067,0.000517427001123912,0.00016635639783267635,1.0094147739891923e-11,14.199432935755658,3.5975032775841913,1.5001876181990543,0.9550518524725569,0.5816069305695267,0.5827420676556121,,,,,,,,,
original-fine-1m,original-delE,scan_cloud_grid_1m_fine_20260809/strict_fine_q60.csv,,,not-applicable,wc1_eta1em05,1.0,1e-05,narrow,1000000,3,60.0,60.0,0.5712109822862368,50-60,False,0 5 6 7 8 9,1 2 3 4,1.3205668033987613e-07,9.012731067684798e-07,7.7220178186969e-06,2.4858439922582495e-05,5.84182040891848e-06,9.879208562324493e-12,6.873306506959729,2.0772395061856956,0.9431023960245272,0.7249381771097501,0.6202766196721813,0.5712109822862368,,,,,,,,,
original-fine-1m,original-delE,scan_cloud_grid_1m_fine_20260809/strict_fine_q60.csv,,,not-applicable,wc2_eta0p00024,2.0,0.00024,narrow,1000000,3,60.0,60.0,0.5689196865788033,50-60,False,0 5 6 7 8 9,1 2 3 4,5.411201010089957e-05,2.8182141154925743e-05,0.0002737732127067532,0.0006834122397153737,0.00025347517984656957,9.125145083999087e-12,15.060172749270059,3.6536470919321364,1.29093191827057,0.9366758639692916,0.6728168678684531,0.5689196865788033,,,,,,,,,
original-fine-1m,original-delE,scan_cloud_grid_1m_fine_20260809/strict_fine_q60.csv,,,not-applicable,wc1_eta8em05,1.0,8e-05,narrow,1000000,3,60.0,60.0,0.5679423901225096,40-50,False,0 5 6 7 8 9,1 2 3 4,4.501321408220648e-06,7.851946274974868e-06,6.73197328989653e-05,0.0001826138887398893,5.008340183583048e-05,9.231726494363102e-12,12.523466832145594,3.619550515636799,1.2687433490406734,0.867100475670537,0.5679423901225096,0.5718581901156943,,,,,,,,,
original-fine-1m,original-delE,scan_cloud_grid_1m_fine_20260809/strict_fine_q60.csv,,,not-applicable,wc3_eta8em05,3.0,8e-05,narrow,1000000,3,60.0,60.0,0.5645164742414022,50-60,False,0 5 6 7 8 9,1 2 3 4,5.162157358670286e-06,7.820884253389774e-06,6.313119317293188e-05,0.00019613340231902605,5.0468562847110694e-05,9.188205751797796e-12,11.686291446090854,3.3197685272677453,1.0818067068534556,0.7789306579478555,0.7581682964125791,0.5645164742414022,,,,,,,,,
original-fine-1m,original-delE,scan_cloud_grid_1m_fine_20260809/strict_fine_q60.csv,,,not-applicable,wc2_eta2p5em05,2.0,2.5e-05,narrow,1000000,3,60.0,60.0,0.5595068264355495,30-40,False,0 5 6 7 8 9,1 2 3 4,6.361848987362817e-07,2.2298492973374175e-06,1.7662804757139005e-05,3.852385917720324e-05,1.3689006262184368e-05,1.0278000672769849e-11,8.942802527254521,2.2680309798854523,1.0657289011231907,0.5595068264355495,0.7498129666124945,0.5903086435131422,,,,,,,,,
original-fine-1m,original-delE,scan_cloud_grid_1m_fine_20260809/strict_fine_q60.csv,,,not-applicable,wc3_eta0p00024,3.0,0.00024,narrow,1000000,3,60.0,60.0,0.5552759727661868,50-60,False,0 5 6 7 8 9,1 2 3 4,5.7581868142150896e-05,2.71073827810853e-05,0.0002662168569996353,0.0009284924490575312,0.0002555537577863188,9.098499731408083e-12,12.477359601694546,3.8524046151021762,1.4356908630663534,0.9299653988475297,0.640485640748184,0.5552759727661868,,,,,,,,,
original-fine-1m,original-delE,scan_cloud_grid_1m_fine_20260809/strict_fine_q60.csv,,,not-applicable,wc2p5_eta0p00012,2.5,0.00012,narrow,1000000,3,60.0,60.0,0.5496567886901956,50-60,False,0 5 6 7 8 9,1 2 3 4,1.0719720539564278e-05,1.2600834912439091e-05,0.00010947019088764969,0.0002931542953641302,8.517831141379638e-05,9.164224934465892e-12,13.106640595447642,3.948922138947476,1.3660224197425463,1.0699716395547496,0.6727482865970572,0.5496567886901956,,,,,,,,,
original-fine-1m,original-delE,scan_cloud_grid_1m_fine_20260809/strict_fine_q60.csv,,,not-applicable,wc2p5_eta8em05,2.5,8e-05,narrow,1000000,3,60.0,60.0,0.5461466908015364,40-50,False,0 5 6 7 8 9,1 2 3 4,5.791447137966184e-06,7.974436334707777e-06,6.484990233835207e-05,0.00016006146786038384,4.924298904163575e-05,9.208633855450898e-12,9.659428244990945,3.3163996673986884,1.2768346590966095,0.9907623761652853,0.5461466908015364,0.5848734067390864,,,,,,,,,
original-fine-1m,original-delE,scan_cloud_grid_1m_fine_20260809/strict_fine_q60.csv,,,not-applicable,wc1p5_eta0p00012,1.5,0.00012,narrow,1000000,3,60.0,60.0,0.5448574219468851,50-60,False,0 5 6 7 8 9,1 2 3 4,1.326825398105139e-05,1.2454945526597088e-05,0.00011626536597923795,0.0003719054611292012,8.751850426294294e-05,9.192646643896296e-12,14.76788337103825,3.78438466740369,1.4717511581566247,0.9536054618825345,0.7614255114904102,0.5448574219468851,,,,,,,,,
original-fine-1m,original-delE,scan_cloud_grid_1m_fine_20260809/strict_fine_q60.csv,,,not-applicable,wc1p5_eta5em05,1.5,5e-05,narrow,1000000,3,60.0,60.0,0.5424028794475863,50-60,False,0 5 6 7 8 9,1 2 3 4,2.2579334136519867e-06,4.869813835127385e-06,3.7047548306236534e-05,6.874531167962443e-05,3.009333689444424e-05,1.0239809000722744e-11,12.526417608335521,3.057749642133995,1.195141759028328,0.8559936323603001,0.77817974600249,0.5424028794475863,,,,,,,,,
original-fine-1m,original-delE,scan_cloud_grid_1m_fine_20260809/strict_fine_q60.csv,,,not-applicable,wc1_eta0p00012,1.0,0.00012,narrow,1000000,3,60.0,60.0,0.5364338615421528,50-60,False,0 5 6 7 8 9,1 2 3 4,1.3488420461792245e-05,1.2929173765613553e-05,0.00010490420688768046,0.0002621079886909597,8.513797134937938e-05,9.181100324440195e-12,11.503274111977188,4.020319346388113,1.5176692578444377,0.9321137377866371,0.5965022393087056,0.5364338615421528,,,,,,,,,
original-fine-1m,original-delE,scan_cloud_grid_1m_fine_20260809/strict_fine_q60.csv,,,not-applicable,wc1_eta0p00024,1.0,0.00024,narrow,1000000,3,60.0,60.0,0.5361613667900968,40-50,False,0 5 6 7 8 9,1 2 3 4,6.245990997318443e-05,2.8759368398322536e-05,0.0002848473273006901,0.0009448531007440814,0.00023481941631319948,9.157119507108291e-12,16.914216999876185,3.8671736481413936,1.3395287281547774,1.0056449150847553,0.5361613667900968,0.6343106055375455,,,,,,,,,
original-fine-1m,original-delE,scan_cloud_grid_1m_fine_20260809/strict_fine_q60.csv,,,not-applicable,wc2_eta0p00018,2.0,0.00018,narrow,1000000,3,60.0,60.0,0.5351805407008169,50-60,False,0 5 6 7 8 9,1 2 3 4,3.02729037835538e-05,1.9939964349068875e-05,0.0001825184912321658,0.0004796896422267069,0.00014802949829117247,1.0113687665125326e-11,12.642113472494971,3.4656061460035748,1.3927420783579911,1.1316080373849364,0.7764206957065892,0.5351805407008169,,,,,,,,,
original-fine-1m,original-delE,scan_cloud_grid_1m_fine_20260809/strict_fine_q60.csv,,,not-applicable,wc1p5_eta1em05,1.5,1e-05,narrow,1000000,3,60.0,60.0,0.5337099630021478,50-60,False,0 5 6 7 8 9,1 2 3 4,1.3487893519996484e-07,8.962067428432953e-07,6.718722095368044e-06,1.1767009281761706e-05,6.198907097556177e-06,9.888978524941194e-12,7.562052903606791,2.2413977998178916,0.9571020428264613,0.5342976269152028,0.5555264312436242,0.5337099630021478,,,,,,,,,
original-fine-1m,original-delE,scan_cloud_grid_1m_fine_20260809/strict_fine_q60.csv,,,not-applicable,wc0p5_eta0p00012,0.5,0.00012,ultranarrow,1000000,3,60.0,60.0,0.5158530277099161,50-60,False,0 5 6 7 8 9,1 2 3 4,1.314363112816668e-05,1.2390061488742815e-05,0.00010554213349324472,0.00023747870004382963,8.796936677591149e-05,9.142908652393089e-12,11.597396931900006,3.8773806602602785,1.411112263744432,0.978687517597549,0.7336028146549839,0.5158530277099161,,,,,,,,,
original-fine-1m,original-delE,scan_cloud_grid_1m_fine_20260809/strict_fine_q60.csv,,,not-applicable,wc1_eta5em05,1.0,5e-05,narrow,1000000,3,60.0,60.0,0.5144065716125664,50-60,False,0 5 6 7 8 9,1 2 3 4,2.195362089658225e-06,4.910804917599664e-06,3.6529777361053636e-05,7.02444802231601e-05,3.149207468585643e-05,1.0239809000722744e-11,8.266086756281638,2.7455422085698875,1.4244214204109968,0.7772597105356072,0.5151761735038017,0.5144065716125664,,,,,,,,,
original-fine-1m,original-delE,scan_cloud_grid_1m_fine_20260809/strict_fine_q60.csv,,,not-applicable,wc1_eta0p00018,1.0,0.00018,narrow,1000000,3,60.0,60.0,0.5140771001633148,50-60,False,0 5 6 7 8 9,1 2 3 4,2.7202885817958086e-05,2.0351611572034208e-05,0.00017903518349043633,0.0004679334398095493,0.00016682438815709914,1.0135003947198129e-11,9.999027843572375,3.2923813166655207,1.304028084229282,0.9481138201825653,0.699504284641268,0.5140771001633148,,,,,,,,,
original-fine-1m,original-delE,scan_cloud_grid_1m_fine_20260809/strict_fine_q60.csv,,,not-applicable,wc2p5_eta5em05,2.5,5e-05,narrow,1000000,3,60.0,60.0,0.510522298701185,50-60,False,0 5 6 7 8 9,1 2 3 4,1.962738524211555e-06,4.735960923361994e-06,3.697383032844702e-05,8.280433386937311e-05,3.067052208880633e-05,1.0242473535981844e-11,9.209440169583482,3.321865996627268,1.2054487362059934,0.8456605309867622,0.5998531234626588,0.510522298701185,,,,,,,,,
original-fine-1m,original-delE,scan_cloud_grid_1m_fine_20260809/strict_fine_q60.csv,,,not-applicable,wc0p5_eta1em05,0.5,1e-05,ultranarrow,1000000,3,60.0,60.0,0.5073517006049585,40-50,False,0 5 6 7 8 9,1 2 3 4,1.6025304389402297e-07,9.432665695658588e-07,7.411870315787689e-06,1.5939427872367143e-05,5.99026582066775e-06,9.878320383904793e-12,7.417544760611347,2.4152519653428586,0.9796741195790213,0.7806999709547432,0.5073517006049585,0.5530672324686234,,,,,,,,,
original-fine-1m,original-delE,scan_cloud_grid_1m_fine_20260809/strict_fine_q60.csv,,,not-applicable,wc2p5_eta2p5em05,2.5,2.5e-05,narrow,1000000,3,60.0,60.0,0.5073088014434097,50-60,False,0 5 6 7 8 9,1 2 3 4,6.500244867788741e-07,2.2207495158750726e-06,1.768993604304865e-05,3.994949629759284e-05,1.3285548632625549e-05,1.027888885118955e-11,9.728887386790399,2.8040766854698767,0.9250522479126523,0.7163132864894518,0.6164128811297077,0.5073088014434097,,,,,,,,,
original-fine-1m,original-delE,scan_cloud_grid_1m_fine_20260809/strict_fine_q60.csv,,,not-applicable,wc1p5_eta2p5em05,1.5,2.5e-05,narrow,1000000,3,60.0,60.0,0.5064733932625038,50-60,False,0 5 6 7 8 9,1 2 3 4,6.431037537002149e-07,2.3971940413761787e-06,1.786153881542267e-05,3.611149933021839e-05,1.4744055321780787e-05,1.027888885118955e-11,9.253759201767565,2.715261667398446,0.9192411513675622,0.8883033617240296,0.7224081533753627,0.5064733932625038,,,,,,,,,
original-fine-1m,original-delE,scan_cloud_grid_1m_fine_20260809/strict_fine_q60.csv,,,not-applicable,wc0p5_eta2p5em05,0.5,2.5e-05,ultranarrow,1000000,3,60.0,60.0,0.5010357054559882,40-50,False,0 5 6 7 8 9,1 2 3 4,6.486066695215078e-07,2.4324990320940303e-06,1.8278242924635916e-05,4.353603326252132e-05,1.4368723378250402e-05,1.0278000672769849e-11,10.887119501684218,2.975625246265752,1.0852532646006874,0.7264802243666881,0.5010357054559882,0.6169925133978954,,,,,,,,,
original-fine-1m,original-delE,scan_cloud_grid_1m_fine_20260809/strict_fine_q60.csv,,,not-applicable,wc3_eta1em05,3.0,1e-05,narrow,1000000,3,60.0,60.0,0.4975378501957181,40-50,False,0 5 6 7 8 9,1 2 3 4,1.286629286574016e-07,8.950928888664852e-07,6.964655907214862e-06,2.0016944380516465e-05,6.368231230326651e-06,9.879208562324493e-12,8.219672892589502,1.580091847074108,0.9145303596987228,0.7821524901204603,0.4975378501957181,0.6537205212088176,,,,,,,,,
original-fine-1m,original-delE,scan_cloud_grid_1m_fine_20260809/strict_fine_q60.csv,,,not-applicable,wc2p5_eta0p00018,2.5,0.00018,narrow,1000000,3,60.0,60.0,0.49646098905996466,40-50,False,0 5 6 7 8 9,1 2 3 4,2.886650161607489e-05,1.9385294637567956e-05,0.00018551228618358658,0.0005733281555418694,0.00014867787678521296,1.0095924096731324e-11,11.779492828028001,3.4590844137697134,1.2559068884740985,0.8892817693939917,0.49646098905996466,0.6048816661592239,,,,,,,,,
original-fine-1m,original-delE,scan_cloud_grid_1m_fine_20260809/strict_fine_q60.csv,,,not-applicable,wc2_eta8em05,2.0,8e-05,narrow,1000000,3,60.0,60.0,0.49111618792562167,40-50,False,0 5 6 7 8 9,1 2 3 4,5.887801160136698e-06,8.008948331478951e-06,6.465707009974938e-05,0.00014533685209318066,5.2409155849398544e-05,9.198863892834197e-12,9.099165617722365,3.572396772684057,1.1063202880040701,0.9278437453624803,0.49111618792562167,0.6476571545031792,,,,,,,,,
original-fine-1m,original-delE,scan_cloud_grid_1m_fine_20260809/strict_fine_q60.csv,,,not-applicable,wc0p5_eta5em05,0.5,5e-05,ultranarrow,1000000,3,60.0,60.0,0.4850393263087807,40-50,False,0 5 6 7 8 9,1 2 3 4,2.12170077727545e-06,4.976961965847455e-06,3.941987305973672e-05,9.643355336329445e-05,2.9099765073115616e-05,1.0241585357562144e-11,10.910364350545295,3.2047785290227186,1.3288640029199876,0.8213401499845282,0.4850393263087807,0.701799853378118,,,,,,,,,
original-fine-1m,original-delE,scan_cloud_grid_1m_fine_20260809/strict_fine_q60.csv,,,not-applicable,wc3_eta0p00018,3.0,0.00018,narrow,1000000,3,60.0,60.0,0.48495882136981233,50-60,False,0 5 6 7 8 9,1 2 3 4,3.6293869032865e-05,2.0003749395670205e-05,0.00018831656184343457,0.0005031021973294402,0.00015876798160634632,1.0084377777275222e-11,13.143256971007146,3.7030284155218127,1.4732009071962504,0.9638690459489219,0.70727026472582,0.48495882136981233,,,,,,,,,
original-fine-1m,original-delE,scan_cloud_grid_1m_fine_20260809/strict_fine_q60.csv,,,not-applicable,wc1p5_eta0p00024,1.5,0.00024,narrow,1000000,3,60.0,60.0,0.46524466273001547,50-60,False,0 5 6 7 8 9,1 2 3 4,5.819688120309302e-05,2.7504479172132335e-05,0.00026012374450809994,0.0006390803363489391,0.00025301021839515663,9.134026868196088e-12,12.283382814548625,3.846497008806414,1.4156343725905602,0.7675089752442205,0.7920605061586383,0.46524466273001547,,,,,,,,,
original-fine-1m,original-delE,scan_cloud_grid_1m_fine_20260809/strict_fine_q60.csv,,,not-applicable,wc2_eta1em05,2.0,1e-05,narrow,1000000,3,60.0,60.0,0.4621411747500002,50-60,False,0 5 6 7 8 9,1 2 3 4,1.5437144002834692e-07,8.706441934741074e-07,6.8017292451914774e-06,1.5054277860844913e-05,6.0344888847507205e-06,9.885425811262394e-12,6.720128469096592,1.9902068996590365,0.7815187210382654,0.7599000726214997,0.5291245548608464,0.4621411747500002,,,,,,,,,
original-fine-1m,original-delE,scan_cloud_grid_1m_fine_20260809/strict_fine_q60.csv,,,not-applicable,wc1_eta2p5em05,1.0,2.5e-05,narrow,1000000,3,60.0,60.0,0.44212093032897837,40-50,False,0 5 6 7 8 9,1 2 3 4,5.861122332976385e-07,2.3173810643655303e-06,1.687691517901038e-05,3.964549774177719e-05,1.4554520047409372e-05,1.027888885118955e-11,7.913093526241472,3.056159909655932,1.0196408575058846,0.7974633379261676,0.44212093032897837,0.520936064854219,,,,,,,,,
original-fine-1m,original-delE,scan_cloud_grid_1m_fine_20260809/strict_fine_q60.csv,,,not-applicable,wc0p5_eta0p00024,0.5,0.00024,ultranarrow,1000000,3,60.0,60.0,0.4389949157175197,50-60,False,0 5 6 7 8 9,1 2 3 4,5.898415526995199e-05,2.971594066193168e-05,0.0002797100184499502,0.0007465515811287027,0.0002582973625632396,9.107381515605084e-12,16.382366282968906,4.20406373896905,1.3239017208117811,0.8617599406669868,0.6513303291488699,0.4389949157175197,,,,,,,,,
original-fine-1m,original-delE,scan_cloud_grid_1m_fine_20260809/strict_fine_q60.csv,,,not-applicable,wc2p5_eta1em05,2.5,1e-05,narrow,1000000,3,60.0,60.0,0.42864233142167185,50-60,False,0 5 6 7 8 9,1 2 3 4,1.3646305158493615e-07,8.60720021465438e-07,6.360703830330477e-06,1.165500982915571e-05,5.9729069957157345e-06,9.881873097583593e-12,6.703942160259707,2.2889872876876876,0.8177481442454421,0.7331800042556094,0.5409841763486413,0.42864233142167185,,,,,,,,,
original-fine-1m,original-delE,scan_cloud_grid_1m_fine_20260809/strict_fine_q60.csv,,,not-applicable,wc3_eta2p5em05,3.0,2.5e-05,narrow,1000000,3,60.0,60.0,0.42583434954031435,40-50,False,0 5 6 7 8 9,1 2 3 4,6.37255789040295e-07,2.183293716810131e-06,1.6841536083350972e-05,3.938869363082063e-05,1.4843833298848882e-05,1.027888885118955e-11,8.986628619833214,2.7621163509198867,0.9614611140624721,0.6880635314573916,0.42583434954031435,0.5807620761362494,,,,,,,,,
resonant-probe-1m,delE=-2.5eV,scan_cloud_resonant_probe_1m_20260809/strict_resonant_q60.csv,,,not-applicable,wc3p5_eta0p00012,3.5,0.00012,narrow,1000000,4,60.0,60.0,2.0767637252812565,50-60,False,0 5 6 7 8 9,1 2 3 4,1.3567498693670491e-05,7.816815903532748e-05,0.0006100654308260098,0.0009133241400259988,8.476670649825665e-05,9.128697797677887e-12,69.34950330691083,12.587571879701304,9.969388241143157,4.1595364785340925,3.1045207575121703,2.0767637252812565,,,,,,,,,
resonant-probe-1m,delE=-2.5eV,scan_cloud_resonant_probe_1m_20260809/strict_resonant_q60.csv,,,not-applicable,wc3p5_eta0p00024,3.5,0.00024,narrow,1000000,4,60.0,60.0,2.035778084453501,50-60,False,0 5 6 7 8 9,1 2 3 4,5.869945017587579e-05,0.00017521824332166023,0.0015222237882367958,0.002469880055641548,0.0002544045966262761,9.159784042367392e-12,89.78875210771292,16.657744818928233,10.654703320268922,4.037303099961765,3.058668705604358,2.035778084453501,,,,,,,,,
resonant-probe-1m,delE=-2.5eV,scan_cloud_resonant_probe_1m_20260809/strict_resonant_q60.csv,,,not-applicable,wc3p5_eta5em05,3.5,5e-05,narrow,1000000,4,60.0,60.0,1.9826172790668297,50-60,False,0 5 6 7 8 9,1 2 3 4,1.935552382817104e-06,2.99134967150215e-05,0.0002207713338584518,0.00033869660514116806,2.9159635708751183e-05,1.0241585357562144e-11,59.53915591923363,15.611775182249367,8.723459478904454,3.3850902141541526,3.3854688459234246,1.9826172790668297,,,,,,,,,
resonant-probe-1m,delE=-2.5eV,scan_cloud_resonant_probe_1m_20260809/strict_resonant_q60.csv,,,not-applicable,wc5_eta0p00012,5.0,0.00012,wide,1000000,4,60.0,60.0,1.9558341263933667,50-60,False,0 5 6 7 8 9,1 2 3 4,1.1241257853565146e-05,7.388346072386589e-05,0.0005733971833899885,0.0008309877866045722,9.30552770998839e-05,9.15001407975069e-12,95.21151810523912,13.283537942043159,8.61250949528086,3.8161363940716715,2.5585137562493663,1.9558341263933667,,,,,,,,,
resonant-probe-1m,delE=-2.5eV,scan_cloud_resonant_probe_1m_20260809/strict_resonant_q60.csv,,,not-applicable,wc5_eta0p00024,5.0,0.00024,wide,1000000,4,60.0,60.0,1.6843839059778296,50-60,False,0 5 6 7 8 9,1 2 3 4,5.803664223752694e-05,0.00016542201129229368,0.0014249030543053748,0.0024344990413086563,0.00024386772024367328,9.160672220787092e-12,85.97046224050442,11.363939388728435,7.03504526323473,3.6971346891821666,2.2430197492726807,1.6843839059778296,,,,,,,,,
resonant-probe-1m,delE=-2.5eV,scan_cloud_resonant_probe_1m_20260809/strict_resonant_q60.csv,,,not-applicable,wc5_eta5em05,5.0,5e-05,wide,1000000,4,60.0,60.0,1.5785132515852622,50-60,False,0 5 6 7 8 9,1 2 3 4,2.1595542421835714e-06,2.8264623829029394e-05,0.0002081020621780144,0.00031764733629820223,3.0097291001990134e-05,1.0241585357562144e-11,52.45948980558991,9.411066402986256,7.794142274558844,3.3877145764575967,2.3326325283182663,1.5785132515852622,,,,,,,,,
resonant-probe-1m,delE=-2.5eV,scan_cloud_resonant_probe_1m_20260809/strict_resonant_q60.csv,,,not-applicable,wc8_eta5em05,8.0,5e-05,wide,1000000,4,60.0,60.0,1.5247279578743784,50-60,False,0 5 6 7 8 9,1 2 3 4,2.013413260430311e-06,2.647078987405251e-05,0.00019567668804877522,0.0002916605398503849,2.9671481789894483e-05,1.0240697179142444e-11,50.10817919207199,9.384803124380056,4.810352345551546,3.1228949629788416,2.126405084926504,1.5247279578743784,,,,,,,,,
resonant-probe-1m,delE=-2.5eV,scan_cloud_resonant_probe_1m_20260809/strict_resonant_q60.csv,,,not-applicable,wc8_eta0p00012,8.0,0.00012,wide,1000000,4,60.0,60.0,1.4302383577179294,50-60,False,0 5 6 7 8 9,1 2 3 4,1.1971941862630651e-05,6.948694146363949e-05,0.00054357030489639,0.0007554219952217724,8.578752582474392e-05,9.188205751797796e-12,73.18339920886184,10.894907010316382,5.955616813053697,3.3416610910823352,2.3819715075335126,1.4302383577179294,,,,,,,,,
resonant-probe-1m,delE=-2.5eV,scan_cloud_resonant_probe_1m_20260809/strict_resonant_q60.csv,,,not-applicable,wc8_eta0p00024,8.0,0.00024,wide,1000000,4,60.0,60.0,1.3727336615078747,50-60,False,0 5 6 7 8 9,1 2 3 4,5.6191776062089284e-05,0.00015469512323066208,0.0013459012950652158,0.002454816403561843,0.0002547911772415943,9.173994897082594e-12,57.4515242870391,11.105655367150042,4.916005726693618,4.0633545199844985,1.8976813837561979,1.3727336615078747,,,,,,,,,
resonant-fine-1m,delE=-2.5eV,scan_cloud_resonant_fine_1m_20260809/strict_resonant_fine_q60.csv,,,not-applicable,wc2p5_eta0p00012,2.5,0.00012,narrow,1000000,3,60.0,60.0,2.49443910506653,50-60,False,0 5 6 7 8 9,1 2 3 4,1.2528467987993135e-05,8.316937334388471e-05,0.0006488079559251544,0.0009079034399087392,8.582132231106051e-05,9.176659432341694e-12,88.97085880917336,16.05821728750368,9.220277180291877,4.2442508208072045,3.8847030634164774,2.49443910506653,,,,,,,,,
resonant-fine-1m,delE=-2.5eV,scan_cloud_resonant_fine_1m_20260809/strict_resonant_fine_q60.csv,,,not-applicable,wc3p75_eta8em05,3.75,8e-05,narrow,1000000,3,60.0,60.0,2.3596079597596673,50-60,False,0 5 6 7 8 9,1 2 3 4,5.143629087917328e-06,4.970046510147517e-05,0.0003747372673074744,0.0005456070811198141,5.099745657537816e-05,9.2166274612282e-12,76.70108960205407,13.150423950058775,10.502501226052495,3.1848462269956115,3.6137299278288864,2.3596079597596673,,,,,,,,,
resonant-fine-1m,delE=-2.5eV,scan_cloud_resonant_fine_1m_20260809/strict_resonant_fine_q60.csv,,,not-applicable,wc2p5_eta8em05,2.5,8e-05,narrow,1000000,3,60.0,60.0,2.3385744513329367,50-60,False,0 5 6 7 8 9,1 2 3 4,5.387237225054057e-06,5.286933743522214e-05,0.0003962413867371853,0.0005917104489186909,4.746829172742646e-05,9.2237328885858e-12,77.91466809257508,14.349495342952963,10.14151536239305,3.4194926539334065,3.0075900476001154,2.3385744513329367,,,,,,,,,
resonant-fine-1m,delE=-2.5eV,scan_cloud_resonant_fine_1m_20260809/strict_resonant_fine_q60.csv,,,not-applicable,wc2p5_eta0p00018,2.5,0.00018,narrow,1000000,3,60.0,60.0,2.2849032525277013,50-60,False,0 5 6 7 8 9,1 2 3 4,2.866890826366998e-05,0.00013012447423174555,0.0010761176563169248,0.0017792827065133026,0.00015433645809210454,1.0160761121369433e-11,86.22792320722318,16.170272300706518,10.736480933043504,3.5765342879017665,3.5899401723645243,2.2849032525277013,,,,,,,,,
resonant-fine-1m,delE=-2.5eV,scan_cloud_resonant_fine_1m_20260809/strict_resonant_fine_q60.csv,,,not-applicable,wc3p5_eta0p00012,3.5,0.00012,narrow,1000000,3,60.0,60.0,2.2781160675462506,50-60,False,0 5 6 7 8 9,1 2 3 4,1.1163759612175893e-05,7.856600543507004e-05,0.0006162430147047661,0.0010040502914862534,8.188697506091942e-05,9.127809619258187e-12,75.48233959018502,15.689334430217821,9.452617239870767,4.117265985200779,2.9708212966063465,2.2781160675462506,,,,,,,,,
resonant-fine-1m,delE=-2.5eV,scan_cloud_resonant_fine_1m_20260809/strict_resonant_fine_q60.csv,,,not-applicable,wc3p5_eta0p00018,3.5,0.00018,narrow,1000000,3,60.0,60.0,2.2706145282911705,50-60,False,0 5 6 7 8 9,1 2 3 4,3.492607958056476e-05,0.00012403697574536122,0.0010352533951698605,0.0017244941797058683,0.00016720624981147526,1.0126122163001128e-11,105.80713454028577,15.838871712926721,9.811918791181045,4.199195660235711,3.2079831520245956,2.2706145282911705,,,,,,,,,
resonant-fine-1m,delE=-2.5eV,scan_cloud_resonant_fine_1m_20260809/strict_resonant_fine_q60.csv,,,not-applicable,wc3_eta0p00018,3.0,0.00018,narrow,1000000,3,60.0,60.0,2.206997835068921,50-60,False,0 5 6 7 8 9,1 2 3 4,2.8683400541447204e-05,0.00012747647912795238,0.0010523409402832902,0.0017500366173392483,0.00015969203807374418,1.0111911308285926e-11,74.44638651466992,20.379968318378634,10.861008040673529,3.8229584621287733,2.9723104674818055,2.206997835068921,,,,,,,,,
resonant-fine-1m,delE=-2.5eV,scan_cloud_resonant_fine_1m_20260809/strict_resonant_fine_q60.csv,,,not-applicable,wc3_eta5em05,3.0,5e-05,narrow,1000000,3,60.0,60.0,2.202992123678869,50-60,False,0 5 6 7 8 9,1 2 3 4,2.300984968166771e-06,3.1014140562551404e-05,0.00022605554482082435,0.0003488673737879611,2.993111685845272e-05,1.0240697179142444e-11,79.41547918998133,11.81428933748827,9.364247302286794,3.2793232747285312,3.155264274492585,2.202992123678869,,,,,,,,,
resonant-fine-1m,delE=-2.5eV,scan_cloud_resonant_fine_1m_20260809/strict_resonant_fine_q60.csv,,,not-applicable,wc3p75_eta0p00018,3.75,0.00018,narrow,1000000,3,60.0,60.0,2.191201107496637,50-60,False,0 5 6 7 8 9,1 2 3 4,2.8124041079941183e-05,0.0001237599931589731,0.0010276577684619917,0.0017730435173929477,0.00015584745167136486,1.0129674876679928e-11,94.64567305364835,15.071909046072058,9.386774690783035,3.7068101249678924,3.3107438745178244,2.191201107496637,,,,,,,,,
resonant-fine-1m,delE=-2.5eV,scan_cloud_resonant_fine_1m_20260809/strict_resonant_fine_q60.csv,,,not-applicable,wc3p75_eta0p00012,3.75,0.00012,narrow,1000000,3,60.0,60.0,2.190212930132188,50-60,False,0 5 6 7 8 9,1 2 3 4,1.3883683677391556e-05,7.694970293283021e-05,0.0006040552063451672,0.00097191315045237,9.056601790536526e-05,9.14646136607189e-12,71.50696699266574,14.709835743671729,8.956337644547359,3.65507600641786,2.8578817457191215,2.190212930132188,,,,,,,,,
resonant-fine-1m,delE=-2.5eV,scan_cloud_resonant_fine_1m_20260809/strict_resonant_fine_q60.csv,,,not-applicable,wc3p5_eta5em05,3.5,5e-05,narrow,1000000,3,60.0,60.0,2.1869959061768407,50-60,False,0 5 6 7 8 9,1 2 3 4,2.0962305635380306e-06,3.0087522945871504e-05,0.00021989803416347817,0.00033903821950694615,3.056604957329972e-05,1.0239809000722744e-11,64.65954737473976,12.901684853082024,9.40739379637571,3.4058892015438986,2.921947112779872,2.1869959061768407,,,,,,,,,
resonant-fine-1m,delE=-2.5eV,scan_cloud_resonant_fine_1m_20260809/strict_resonant_fine_q60.csv,,,not-applicable,wc4_eta0p00018,4.0,0.00018,wide,1000000,3,60.0,60.0,2.1867968986827475,50-60,False,0 5 6 7 8 9,1 2 3 4,2.6012529383748573e-05,0.0001220567534057821,0.000999943297159393,0.0016775169149421158,0.00017425307055388836,1.0132339411939029e-11,80.03160138837806,14.162326899494602,10.544389324695656,3.5567616415360597,2.759496943073318,2.1867968986827475,,,,,,,,,
resonant-fine-1m,delE=-2.5eV,scan_cloud_resonant_fine_1m_20260809/strict_resonant_fine_q60.csv,,,not-applicable,wc2p5_eta0p00024,2.5,0.00024,narrow,1000000,3,60.0,60.0,2.183337530514986,50-60,False,0 5 6 7 8 9,1 2 3 4,5.6601327701396843e-05,0.00018443395587551732,0.001586328984799268,0.0028984419903140186,0.00026795328645798426,9.176659432341694e-12,116.55170598001804,20.948093424049382,13.658129858919052,4.684648938682644,3.204126409538605,2.183337530514986,,,,,,,,,
resonant-fine-1m,delE=-2.5eV,scan_cloud_resonant_fine_1m_20260809/strict_resonant_fine_q60.csv,,,not-applicable,wc3_eta0p00012,3.0,0.00012,narrow,1000000,3,60.0,60.0,2.160851036765859,50-60,False,0 5 6 7 8 9,1 2 3 4,1.2655475502959491e-05,8.004267688666155e-05,0.0006274822206921405,0.0009051087719950044,9.271811126840736e-05,9.172218540243193e-12,68.71620699855674,11.888549635002155,11.348306230891172,5.024550257824076,3.0838047692721293,2.160851036765859,,,,,,,,,
resonant-fine-1m,delE=-2.5eV,scan_cloud_resonant_fine_1m_20260809/strict_resonant_fine_q60.csv,,,not-applicable,wc4_eta0p00024,4.0,0.00024,wide,1000000,3,60.0,60.0,2.1345166670075,50-60,False,0 5 6 7 8 9,1 2 3 4,6.11185797466613e-05,0.00017097834116224243,0.0015058394010750526,0.0028030501326773076,0.00024363146636129985,9.178435789181094e-12,97.09288129269372,11.885389641882767,10.077380911894773,4.036670557621799,3.146879784090243,2.1345166670075,,,,,,,,,
resonant-fine-1m,delE=-2.5eV,scan_cloud_resonant_fine_1m_20260809/strict_resonant_fine_q60.csv,,,not-applicable,wc3_eta0p00024,3.0,0.00024,narrow,1000000,3,60.0,60.0,2.060853596540644,50-60,False,0 5 6 7 8 9,1 2 3 4,5.143763429151101e-05,0.0001790492533310266,0.0015836396262344531,0.002649359461098862,0.0002504754644742836,9.133138689776388e-12,118.65041096431035,15.43542040728109,12.560511368998913,4.112417979451495,3.6715442369039892,2.060853596540644,,,,,,,,,
resonant-fine-1m,delE=-2.5eV,scan_cloud_resonant_fine_1m_20260809/strict_resonant_fine_q60.csv,,,not-applicable,wc3p25_eta0p00024,3.25,0.00024,narrow,1000000,3,60.0,60.0,2.04043887192259,50-60,False,0 5 6 7 8 9,1 2 3 4,5.541913983100265e-05,0.0001771661575644549,0.0015053637060853458,0.002528953626398185,0.000252119838078833,9.100276088247483e-12,89.64692902045562,13.952471098712396,11.170947859511285,3.776385410117116,3.0913131172534096,2.04043887192259,,,,,,,,,
resonant-fine-1m,delE=-2.5eV,scan_cloud_resonant_fine_1m_20260809/strict_resonant_fine_q60.csv,,,not-applicable,wc3p25_eta0p00012,3.25,0.00012,narrow,1000000,3,60.0,60.0,2.0373429766056788,50-60,False,0 5 6 7 8 9,1 2 3 4,1.2632451534136682e-05,7.908745418666177e-05,0.0006256589688381621,0.0010696235398726468,8.645265623285548e-05,9.158895863947691e-12,84.9500291993948,16.97601237808967,10.481740583785108,3.782799671915397,3.1981968082743815,2.0373429766056788,,,,,,,,,
resonant-fine-1m,delE=-2.5eV,scan_cloud_resonant_fine_1m_20260809/strict_resonant_fine_q60.csv,,,not-applicable,wc3p5_eta2p5em05,3.5,2.5e-05,narrow,1000000,3,60.0,60.0,2.0140810480275086,50-60,False,0 5 6 7 8 9,1 2 3 4,6.027120276563889e-07,1.437015749030019e-05,0.00010269193509192362,0.00016621475676383812,1.3886403769765947e-05,1.027977702960925e-11,49.10805021608705,11.652541677647845,6.544338091775526,3.047874912405127,2.6906264236285993,2.0140810480275086,,,,,,,,,
resonant-fine-1m,delE=-2.5eV,scan_cloud_resonant_fine_1m_20260809/strict_resonant_fine_q60.csv,,,not-applicable,wc4_eta5em05,4.0,5e-05,wide,1000000,3,60.0,60.0,2.0135280171097185,50-60,False,0 5 6 7 8 9,1 2 3 4,1.9912325989603697e-06,2.9547591512653156e-05,0.0002167242123589439,0.00033143404516187345,2.8471535903389775e-05,1.0240697179142444e-11,62.200793617643086,9.03196999510483,7.7893240916403474,3.395813550675464,2.597338376570385,2.0135280171097185,,,,,,,,,
resonant-fine-1m,delE=-2.5eV,scan_cloud_resonant_fine_1m_20260809/strict_resonant_fine_q60.csv,,,not-applicable,wc3_eta8em05,3.0,8e-05,narrow,1000000,3,60.0,60.0,1.9982587824198292,50-60,False,0 5 6 7 8 9,1 2 3 4,5.4684114712443985e-06,5.099169173087092e-05,0.00038371202394102947,0.0005644366479016245,5.736462328591663e-05,9.163336756046192e-12,75.8280535091634,14.657818616893561,9.221241289972859,3.935749252863181,3.484083291808836,1.9982587824198292,,,,,,,,,
resonant-fine-1m,delE=-2.5eV,scan_cloud_resonant_fine_1m_20260809/strict_resonant_fine_q60.csv,,,not-applicable,wc4_eta0p00012,4.0,0.00012,wide,1000000,3,60.0,60.0,1.991535553166013,50-60,False,0 5 6 7 8 9,1 2 3 4,1.3562180228015056e-05,7.672028756256416e-05,0.0005935918041343076,0.000918995483434365,8.784938858615612e-05,9.191758465476596e-12,92.01746997147937,13.898912748514446,11.046472088942766,3.7391926621764293,2.883275937852322,1.991535553166013,,,,,,,,,
resonant-fine-1m,delE=-2.5eV,scan_cloud_resonant_fine_1m_20260809/strict_resonant_fine_q60.csv,,,not-applicable,wc3p5_eta8em05,3.5,8e-05,narrow,1000000,3,60.0,60.0,1.9153561702449213,50-60,False,0 5 6 7 8 9,1 2 3 4,5.843394329477547e-06,5.0028417025308304e-05,0.0003766947249457281,0.0005528880716463753,5.333388110351597e-05,9.2210683533267e-12,46.02310380618893,13.396327358619473,9.769717358692896,3.886624450915271,2.6821664713263043,1.9153561702449213,,,,,,,,,
resonant-fine-1m,delE=-2.5eV,scan_cloud_resonant_fine_1m_20260809/strict_resonant_fine_q60.csv,,,not-applicable,wc3_eta2p5em05,3.0,2.5e-05,narrow,1000000,3,60.0,60.0,1.890281063715742,50-60,False,0 5 6 7 8 9,1 2 3 4,6.100762679996791e-07,1.4742719998645654e-05,0.00010596775627809012,0.00017017389225618167,1.4072005444630088e-05,1.027888885118955e-11,72.94262317360045,11.34155689777307,9.031317472644377,3.604575505790434,3.1701025198264086,1.890281063715742,,,,,,,,,
resonant-fine-1m,delE=-2.5eV,scan_cloud_resonant_fine_1m_20260809/strict_resonant_fine_q60.csv,,,not-applicable,wc3p5_eta0p00024,3.5,0.00024,narrow,1000000,3,60.0,60.0,1.8826261168252936,50-60,False,0 5 6 7 8 9,1 2 3 4,6.070114446047445e-05,0.0001747468911958159,0.0015179790530613132,0.00293599155149243,0.00024370656424571789,9.15267861500979e-12,91.3171976673959,14.491540128883152,10.638869798209184,4.364658892053018,2.96788675420506,1.8826261168252936,,,,,,,,,
resonant-fine-1m,delE=-2.5eV,scan_cloud_resonant_fine_1m_20260809/strict_resonant_fine_q60.csv,,,not-applicable,wc2p5_eta2p5em05,2.5,2.5e-05,narrow,1000000,3,60.0,60.0,1.864842618442206,50-60,False,0 5 6 7 8 9,1 2 3 4,6.146789906842484e-07,1.5102628620734233e-05,0.00010746242311086866,0.00017456156085749505,1.5038333168387792e-05,1.027888885118955e-11,67.76831606788883,11.973155020688125,8.832923247535906,3.333789566157441,3.064288717094419,1.864842618442206,,,,,,,,,
resonant-fine-1m,delE=-2.5eV,scan_cloud_resonant_fine_1m_20260809/strict_resonant_fine_q60.csv,,,not-applicable,wc3p75_eta0p00024,3.75,0.00024,narrow,1000000,3,60.0,60.0,1.8602939962094573,50-60,False,0 5 6 7 8 9,1 2 3 4,5.364964869864588e-05,0.00017322428334122107,0.0014965934245015047,0.002660969094421714,0.0002384673212490916,9.118039656641486e-12,86.9661476794263,15.98931134879412,9.900919568759608,4.385831716358808,3.3617478574308883,1.8602939962094573,,,,,,,,,
resonant-fine-1m,delE=-2.5eV,scan_cloud_resonant_fine_1m_20260809/strict_resonant_fine_q60.csv,,,not-applicable,wc2p5_eta5em05,2.5,5e-05,narrow,1000000,3,60.0,60.0,1.8492267349982878,50-60,False,0 5 6 7 8 9,1 2 3 4,2.1564592224535973e-06,3.162359278982888e-05,0.00023062608390273345,0.00035788689207426393,3.095494279848382e-05,1.0241585357562144e-11,64.6143920759315,13.017736111126858,9.484140458648673,3.29669516677592,3.675870424429011,1.8492267349982878,,,,,,,,,
resonant-fine-1m,delE=-2.5eV,scan_cloud_resonant_fine_1m_20260809/strict_resonant_fine_q60.csv,,,not-applicable,wc3p25_eta0p00018,3.25,0.00018,narrow,1000000,3,60.0,60.0,1.8318824185933023,50-60,False,0 5 6 7 8 9,1 2 3 4,3.0094093672501772e-05,0.0001263523013439569,0.0010351219347433077,0.0017124607700778206,0.00017563698580333746,1.013944483929663e-11,71.83865923392463,12.791293960125182,11.145356118134124,3.279405434028232,3.407616899234112,1.8318824185933023,,,,,,,,,
resonant-fine-1m,delE=-2.5eV,scan_cloud_resonant_fine_1m_20260809/strict_resonant_fine_q60.csv,,,not-applicable,wc4_eta8em05,4.0,8e-05,wide,1000000,3,60.0,60.0,1.8194496005129106,50-60,False,0 5 6 7 8 9,1 2 3 4,4.997901820140022e-06,4.921621468733216e-05,0.00037120709456734546,0.0005422237256625074,5.3757216182205296e-05,9.209522033870599e-12,47.106124540979735,12.823994017225878,9.444069747178025,3.0606892318278933,2.7362263970061056,1.8194496005129106,,,,,,,,,
resonant-fine-1m,delE=-2.5eV,scan_cloud_resonant_fine_1m_20260809/strict_resonant_fine_q60.csv,,,not-applicable,wc3p75_eta2p5em05,3.75,2.5e-05,narrow,1000000,3,60.0,60.0,1.8159897537172511,50-60,False,0 5 6 7 8 9,1 2 3 4,7.297031610102333e-07,1.4195349207088765e-05,0.00010080658721312232,0.00016467132268409477,1.4870065044445734e-05,1.027888885118955e-11,44.736552481145395,12.671106960432281,7.333210901567093,3.4080107057840587,2.339057714435949,1.8159897537172511,,,,,,,,,
resonant-fine-1m,delE=-2.5eV,scan_cloud_resonant_fine_1m_20260809/strict_resonant_fine_q60.csv,,,not-applicable,wc4_eta2p5em05,4.0,2.5e-05,wide,1000000,3,60.0,60.0,1.7762932672254121,50-60,False,0 5 6 7 8 9,1 2 3 4,6.187617993421506e-07,1.4061197032324677e-05,0.00010083623586531652,0.00016339684737315028,1.395635201721523e-05,1.027888885118955e-11,50.56490824205687,9.674831291492726,7.930038109011588,2.889357295182412,2.9970475543587805,1.7762932672254121,,,,,,,,,
resonant-fine-1m,delE=-2.5eV,scan_cloud_resonant_fine_1m_20260809/strict_resonant_fine_q60.csv,,,not-applicable,wc3p75_eta5em05,3.75,5e-05,narrow,1000000,3,60.0,60.0,1.7147990927189751,50-60,False,0 5 6 7 8 9,1 2 3 4,2.059300097233332e-06,2.9757732176398686e-05,0.00021785624410785033,0.0003372064452101374,3.0120148406917726e-05,1.0240697179142444e-11,77.54338399376633,10.583125825813276,9.75675241369712,3.3889695277713225,3.3458324343279933,1.7147990927189751,,,,,,,,,
resonant-fine-1m,delE=-2.5eV,scan_cloud_resonant_fine_1m_20260809/strict_resonant_fine_q60.csv,,,not-applicable,wc3p25_eta5em05,3.25,5e-05,narrow,1000000,3,60.0,60.0,1.6792895780256778,50-60,False,0 5 6 7 8 9,1 2 3 4,2.3849802852825507e-06,3.0510517110641922e-05,0.0002224852298048451,0.00034446345971106916,2.9968075078259712e-05,1.0238920822303044e-11,62.35830986288673,13.192515860512039,8.659895243485753,3.8669874939133075,3.336839730427836,1.6792895780256778,,,,,,,,,
resonant-fine-1m,delE=-2.5eV,scan_cloud_resonant_fine_1m_20260809/strict_resonant_fine_q60.csv,,,not-applicable,wc3p25_eta2p5em05,3.25,2.5e-05,narrow,1000000,3,60.0,60.0,1.6673994556188365,50-60,False,0 5 6 7 8 9,1 2 3 4,5.548806459586952e-07,1.4588596141474128e-05,0.0001033946386750704,0.00016774249896929437,1.4044334121731166e-05,1.027977702960925e-11,75.66940941972113,9.887815260557014,7.535741908003719,3.1157426106426995,2.8951137789723,1.6673994556188365,,,,,,,,,
resonant-fine-1m,delE=-2.5eV,scan_cloud_resonant_fine_1m_20260809/strict_resonant_fine_q60.csv,,,not-applicable,wc3p25_eta8em05,3.25,8e-05,narrow,1000000,3,60.0,60.0,1.5415426549352795,50-60,False,0 5 6 7 8 9,1 2 3 4,5.048029494137203e-06,5.059493889882402e-05,0.0003771032001865678,0.0005600310997919768,5.2658148057358816e-05,9.2184038180676e-12,73.03927195269956,13.08526035179942,9.907613586464668,3.510650367052325,2.729498268151924,1.5415426549352795,,,,,,,,,
resonant-micro-grid3-1m,delE=-2.5eV,scan_cloud_resonant_micro_1m_20260809/strict_resonant_micro_grid3_q60.csv,,,not-applicable,wc2.3_eta1.6E-4,2.3,0.00016,narrow,1000000,3,60.0,60.0,2.5654855250695316,50-60,False,0 5 6 7 8 9,1 2 3 4,2.260974003888143e-05,0.0001152854074831037,0.0009301164421714888,0.0014074143532626898,0.00012415601561700183,8.356870750958478e-12,118.95186506291715,16.229640491558495,9.984101977216602,4.723804267788416,4.101212034696988,2.5654855250695316,,,,,,,,,
resonant-micro-grid3-1m,delE=-2.5eV,scan_cloud_resonant_micro_1m_20260809/strict_resonant_micro_grid3_q60.csv,,,not-applicable,wc2.4_eta8.0E-5,2.4,8e-05,narrow,1000000,3,60.0,60.0,2.5590557395867806,50-60,False,0 5 6 7 8 9,1 2 3 4,5.372601592595192e-06,5.235970229930822e-05,0.00039171871126770033,0.0005835072970922867,5.004228520422898e-05,9.186429394958395e-12,87.68937218823538,16.92321674488424,9.453407921928328,4.466787995339718,3.7576938258726127,2.5590557395867806,,,,,,,,,
resonant-micro-grid3-1m,delE=-2.5eV,scan_cloud_resonant_micro_1m_20260809/strict_resonant_micro_grid3_q60.csv,,,not-applicable,wc2.5_eta1.6E-4,2.5,0.00016,narrow,1000000,3,60.0,60.0,2.5123122318517455,50-60,False,0 5 6 7 8 9,1 2 3 4,2.5331059008744077e-05,0.0001142634917058364,0.000921111600490212,0.0014348512594768192,0.00013391641641835513,8.387068817228283e-12,91.4913557159231,14.968784375713293,10.660962224820812,4.43680607569998,3.2548566396633247,2.5123122318517455,,,,,,,,,
resonant-micro-grid3-1m,delE=-2.5eV,scan_cloud_resonant_micro_1m_20260809/strict_resonant_micro_grid3_q60.csv,,,not-applicable,wc2.7_eta1.6E-4,2.7,0.00016,narrow,1000000,3,60.0,60.0,2.509725470271692,50-60,False,0 5 6 7 8 9,1 2 3 4,1.893113754974522e-05,0.00011269652672466096,0.0009145097267416621,0.001371443416222673,0.0001232055917380778,8.385292460388882e-12,79.06188203799525,16.41648978699998,11.806796750343326,3.41970180896784,3.5057090267861386,2.509725470271692,,,,,,,,,
resonant-micro-grid3-1m,delE=-2.5eV,scan_cloud_resonant_micro_1m_20260809/strict_resonant_micro_grid3_q60.csv,,,not-applicable,wc2.3_eta1.4E-4,2.3,0.00014,narrow,1000000,3,60.0,60.0,2.507373609447823,50-60,False,0 5 6 7 8 9,1 2 3 4,1.8251062138464444e-05,9.951243439691338e-05,0.0007893523043946308,0.0011764293483310891,9.582250891617688e-05,8.714806654097629e-12,97.5893495316095,19.95826858094395,10.30649967213978,4.294109515377797,4.158064668560275,2.507373609447823,,,,,,,,,
resonant-micro-grid3-1m,delE=-2.5eV,scan_cloud_resonant_micro_1m_20260809/strict_resonant_micro_grid3_q60.csv,,,not-applicable,wc2.7_eta1.2E-4,2.7,0.00012,narrow,1000000,3,60.0,60.0,2.468753321190918,50-60,False,0 5 6 7 8 9,1 2 3 4,1.1756637360394951e-05,8.167490402241577e-05,0.0006364483846131168,0.0009296403614681658,9.435181058186829e-05,9.181988502859895e-12,88.95400502201329,17.859070216052356,9.960580599960233,3.793344353963123,3.440000141004248,2.468753321190918,,,,,,,,,
resonant-micro-grid3-1m,delE=-2.5eV,scan_cloud_resonant_micro_1m_20260809/strict_resonant_micro_grid3_q60.csv,,,not-applicable,wc2.3_eta8.0E-5,2.3,8e-05,narrow,1000000,3,60.0,60.0,2.413977441123778,50-60,False,0 5 6 7 8 9,1 2 3 4,5.221357955077283e-06,5.33038091046335e-05,0.0003959575899634058,0.0005861736311411366,4.869119649281914e-05,9.205081141772098e-12,67.03419244194548,17.861043919841453,10.672225548281851,4.282382323689303,3.2924932661992465,2.413977441123778,,,,,,,,,
resonant-micro-grid3-1m,delE=-2.5eV,scan_cloud_resonant_micro_1m_20260809/strict_resonant_micro_grid3_q60.csv,,,not-applicable,wc2.6_eta1.6E-4,2.6,0.00016,narrow,1000000,3,60.0,60.0,2.394833684215704,50-60,False,0 5 6 7 8 9,1 2 3 4,2.223300068575691e-05,0.00011416443874204688,0.0009183349436161655,0.0014311015052531385,0.00013120807157277674,8.328449041528074e-12,90.36426040154615,22.041732419599743,11.988907060783779,4.217420238155082,3.6847902228416154,2.394833684215704,,,,,,,,,
resonant-micro-grid3-1m,delE=-2.5eV,scan_cloud_resonant_micro_1m_20260809/strict_resonant_micro_grid3_q60.csv,,,not-applicable,wc2.4_eta1.2E-4,2.4,0.00012,narrow,1000000,3,60.0,60.0,2.351679471748413,50-60,False,0 5 6 7 8 9,1 2 3 4,1.2157063755855178e-05,8.371744256995108e-05,0.0006534423596594377,0.000979898581653408,8.640820205607026e-05,9.14468500923249e-12,94.59925265488064,21.163624076795088,12.445619061988776,5.296316121872338,3.5052651885344646,2.351679471748413,,,,,,,,,
resonant-micro-grid3-1m,delE=-2.5eV,scan_cloud_resonant_micro_1m_20260809/strict_resonant_micro_grid3_q60.csv,,,not-applicable,wc2.7_eta8.0E-5,2.7,8e-05,narrow,1000000,3,60.0,60.0,2.325284070134911,50-60,False,0 5 6 7 8 9,1 2 3 4,5.649295111443905e-06,5.227064309691092e-05,0.0003932439089350393,0.0005777239762073344,5.046012848629016e-05,9.207745677031198e-12,98.15987560932858,14.755807485487658,10.476209644650538,4.190343723831018,3.6004895115281297,2.325284070134911,,,,,,,,,
resonant-micro-grid3-1m,delE=-2.5eV,scan_cloud_resonant_micro_1m_20260809/strict_resonant_micro_grid3_q60.csv,,,not-applicable,wc2.5_eta1.2E-4,2.5,0.00012,narrow,1000000,3,60.0,60.0,2.320525138897912,50-60,False,0 5 6 7 8 9,1 2 3 4,1.2701519081124598e-05,8.263166670758123e-05,0.0006442222011410739,0.0009487057426630119,8.973904899472068e-05,9.176659432341694e-12,64.8559046150466,16.704330190251778,11.2199822814104,3.9219611318366026,3.34083743607095,2.320525138897912,,,,,,,,,
resonant-micro-grid3-1m,delE=-2.5eV,scan_cloud_resonant_micro_1m_20260809/strict_resonant_micro_grid3_q60.csv,,,not-applicable,wc2.5_eta1.0E-4,2.5,0.0001,narrow,1000000,3,60.0,60.0,2.262624479540145,50-60,False,0 5 6 7 8 9,1 2 3 4,9.721425286923573e-06,6.722902586927945e-05,0.0005114842951913114,0.0007928358945008851,6.685991550833466e-05,7.339018281982135e-12,80.97108015340434,15.597395830556007,9.240030103638778,3.7788817366310954,3.780680616269863,2.262624479540145,,,,,,,,,
resonant-micro-grid3-1m,delE=-2.5eV,scan_cloud_resonant_micro_1m_20260809/strict_resonant_micro_grid3_q60.csv,,,not-applicable,wc2.6_eta1.4E-4,2.6,0.00014,narrow,1000000,3,60.0,60.0,2.2555248214567234,50-60,False,0 5 6 7 8 9,1 2 3 4,1.6983109746966553e-05,9.701689391757177e-05,0.0007797004390865375,0.0011352047515491338,0.00010283179623090766,8.704148513061227e-12,90.674268516522,17.586370631918914,12.200434613690618,3.7631517930164393,3.3295205994394,2.2555248214567234,,,,,,,,,
resonant-micro-grid3-1m,delE=-2.5eV,scan_cloud_resonant_micro_1m_20260809/strict_resonant_micro_grid3_q60.csv,,,not-applicable,wc2.6_eta1.2E-4,2.6,0.00012,narrow,1000000,3,60.0,60.0,2.2082802993314514,50-60,False,0 5 6 7 8 9,1 2 3 4,1.2064040609452407e-05,8.208796646502815e-05,0.000640803821405321,0.0009611424083903496,8.606178008700994e-05,9.180212146020494e-12,99.58175091365803,15.768511512748505,11.485378966257588,4.181297624552235,3.3717371691866034,2.2082802993314514,,,,,,,,,
resonant-micro-grid3-1m,delE=-2.5eV,scan_cloud_resonant_micro_1m_20260809/strict_resonant_micro_grid3_q60.csv,,,not-applicable,wc2.4_eta1.6E-4,2.4,0.00016,narrow,1000000,3,60.0,60.0,2.2047751122193224,50-60,False,0 5 6 7 8 9,1 2 3 4,2.0956234724403255e-05,0.00011515030260703183,0.0009124132365118234,0.0013712095921970058,0.00011808418343176354,8.36486435673578e-12,97.71835921779093,18.635108894076915,12.50905629064134,4.6736259750265425,3.4876010370544996,2.2047751122193224,,,,,,,,,
resonant-micro-grid3-1m,delE=-2.5eV,scan_cloud_resonant_micro_1m_20260809/strict_resonant_micro_grid3_q60.csv,,,not-applicable,wc2.6_eta1.0E-4,2.6,0.0001,narrow,1000000,3,60.0,60.0,2.195998058913248,50-60,False,0 5 6 7 8 9,1 2 3 4,8.567824868283003e-06,6.699998539729526e-05,0.0005148133932313171,0.000764660454143686,6.744695423954005e-05,7.396749879262643e-12,91.22953354156418,17.158005332729317,11.161813065805111,4.224472792693096,3.8317176959621775,2.195998058913248,,,,,,,,,
resonant-micro-grid3-1m,delE=-2.5eV,scan_cloud_resonant_micro_1m_20260809/strict_resonant_micro_grid3_q60.csv,,,not-applicable,wc2.7_eta1.0E-4,2.7,0.0001,narrow,1000000,3,60.0,60.0,2.1939417677963977,50-60,False,0 5 6 7 8 9,1 2 3 4,6.968821041602456e-06,6.650585215753302e-05,0.000507039065667251,0.0007241057256362581,6.821847386875487e-05,7.37454541877014e-12,61.96601654062342,12.604201355355272,9.002731468587593,3.9742995684344358,3.0910633972489063,2.1939417677963977,,,,,,,,,
resonant-micro-grid3-1m,delE=-2.5eV,scan_cloud_resonant_micro_1m_20260809/strict_resonant_micro_grid3_q60.csv,,,not-applicable,wc2.5_eta8.0E-5,2.5,8e-05,narrow,1000000,3,60.0,60.0,2.190750633367512,50-60,False,0 5 6 7 8 9,1 2 3 4,5.564314924679845e-06,5.283060282862014e-05,0.0004002012814116125,0.0005792884521071181,5.1128446544592274e-05,9.230838315943402e-12,78.49445106357166,13.871531155630343,9.056695139202848,4.215245496594806,3.7383638466908415,2.190750633367512,,,,,,,,,
resonant-micro-grid3-1m,delE=-2.5eV,scan_cloud_resonant_micro_1m_20260809/strict_resonant_micro_grid3_q60.csv,,,not-applicable,wc2.4_eta1.4E-4,2.4,0.00014,narrow,1000000,3,60.0,60.0,2.1883953539231937,50-60,False,0 5 6 7 8 9,1 2 3 4,1.5898351591243857e-05,9.861589153605866e-05,0.0007779101008055791,0.001257679611761712,0.00011146705034416946,8.65529869997772e-12,77.41776551919304,14.64325094334294,10.039840069543532,3.8302479789515242,3.0067925494870145,2.1883953539231937,,,,,,,,,
resonant-micro-grid3-1m,delE=-2.5eV,scan_cloud_resonant_micro_1m_20260809/strict_resonant_micro_grid3_q60.csv,,,not-applicable,wc2.6_eta8.0E-5,2.6,8e-05,narrow,1000000,3,60.0,60.0,2.1817604234236287,50-60,False,0 5 6 7 8 9,1 2 3 4,5.562634296254596e-06,5.250500635831419e-05,0.0003951953813623847,0.0005784947407606002,5.1219029613104183e-05,9.195311179155397e-12,99.65320843067089,16.654859142831786,9.125002918461883,4.10879674969906,3.5950529121962855,2.1817604234236287,,,,,,,,,
resonant-micro-grid3-1m,delE=-2.5eV,scan_cloud_resonant_micro_1m_20260809/strict_resonant_micro_grid3_q60.csv,,,not-applicable,wc2.3_eta1.0E-4,2.3,0.0001,narrow,1000000,3,60.0,60.0,2.1170903469680136,50-60,False,0 5 6 7 8 9,1 2 3 4,8.133687864345351e-06,6.854136911047528e-05,0.000519575545160123,0.0007428646779143274,7.403631282134261e-05,7.37632177560954e-12,63.269862379388265,17.53712082951246,9.658973834708547,4.63217380248016,3.515543361217234,2.1170903469680136,,,,,,,,,
resonant-micro-grid3-1m,delE=-2.5eV,scan_cloud_resonant_micro_1m_20260809/strict_resonant_micro_grid3_q60.csv,,,not-applicable,wc2.7_eta1.4E-4,2.7,0.00014,narrow,1000000,3,60.0,60.0,2.105047964896201,50-60,False,0 5 6 7 8 9,1 2 3 4,1.7785551044591457e-05,9.731899638914214e-05,0.0007654139828069966,0.001207765874102699,0.00011233731915814146,8.694378550444526e-12,86.09457392033059,15.272504028287722,9.269111581349918,4.107014142044602,2.9482053455563917,2.105047964896201,,,,,,,,,
resonant-micro-grid3-1m,delE=-2.5eV,scan_cloud_resonant_micro_1m_20260809/strict_resonant_micro_grid3_q60.csv,,,not-applicable,wc2.5_eta1.4E-4,2.5,0.00014,narrow,1000000,3,60.0,60.0,2.0784102313016994,50-60,False,0 5 6 7 8 9,1 2 3 4,1.6395460478722588e-05,9.795786948607024e-05,0.0007713756693467569,0.0010986121627170426,0.00011675076522031396,8.685496766247525e-12,71.55781977101124,18.40045085954048,10.77371981922099,4.3507629951147555,3.5998753855267354,2.0784102313016994,,,,,,,,,
resonant-micro-grid3-1m,delE=-2.5eV,scan_cloud_resonant_micro_1m_20260809/strict_resonant_micro_grid3_q60.csv,,,not-applicable,wc2.4_eta1.0E-4,2.4,0.0001,narrow,1000000,3,60.0,60.0,2.0351557776688987,50-60,False,0 5 6 7 8 9,1 2 3 4,7.112602452609949e-06,6.751725956838707e-05,0.0005136523184268063,0.0007337625337291684,7.334693574230971e-05,7.386979916645942e-12,83.92550067257446,15.476930923969542,9.83306608570172,4.240421784058051,3.589099485408788,2.0351557776688987,,,,,,,,,
resonant-micro-grid3-1m,delE=-2.5eV,scan_cloud_resonant_micro_1m_20260809/strict_resonant_micro_grid3_q60.csv,,,not-applicable,wc2.3_eta1.2E-4,2.3,0.00012,narrow,1000000,3,60.0,60.0,1.95212068943195,50-60,False,0 5 6 7 8 9,1 2 3 4,1.1331047883231922e-05,8.361865992535591e-05,0.0006518524064500246,0.0010124701811549044,9.544951564149509e-05,9.169554004984093e-12,84.50696868426753,17.462306246619935,10.370312905583333,4.850044140677894,3.509978408688123,1.95212068943195,,,,,,,,,
resonant-micro-validated8-1m,delE=-2.5eV,scan_cloud_resonant_micro_1m_20260809/strict_resonant_micro_validated8_q60.csv,,,not-applicable,wc2.3_eta1.6E-4,2.3,0.00016,narrow,1000000,8,60.0,60.0,2.400455219970726,50-60,False,0 5 6 7 8 9,1 2 3 4,2.16494287691707e-05,0.0001152867082502562,0.0009313163718948794,0.0013441825673146154,0.00012879509877835197,8.360423464637279e-12,102.47305303935238,18.02587240675143,10.63107505633477,4.607864907836339,3.895132881497423,2.400455219970726,,,,,,,,,
resonant-micro-validated8-1m,delE=-2.5eV,scan_cloud_resonant_micro_1m_20260809/strict_resonant_micro_validated8_q60.csv,,,not-applicable,wc2.3_eta1.4E-4,2.3,0.00014,narrow,1000000,8,60.0,60.0,2.378536320251964,50-60,False,0 5 6 7 8 9,1 2 3 4,1.5200630430627075e-05,9.96359798908495e-05,0.0007892212845404002,0.0011135469932372062,0.00010580746223110639,8.72013572461583e-12,103.01092507085654,18.67358032874932,10.284707913463876,3.8440046447199743,4.276261163152497,2.378536320251964,,,,,,,,,
resonant-micro-validated8-1m,delE=-2.5eV,scan_cloud_resonant_micro_1m_20260809/strict_resonant_micro_validated8_q60.csv,,,not-applicable,wc2.4_eta8.0E-5,2.4,8e-05,narrow,1000000,8,60.0,60.0,2.245361762413765,50-60,False,0 5 6 7 8 9,1 2 3 4,5.0440395347603425e-06,5.26332048661894e-05,0.00039507791139041114,0.0005827010115408697,5.027772192927627e-05,9.190870287056896e-12,84.02657922772836,16.141745418025693,10.654080916223748,4.017156952681521,3.8430018707268583,2.245361762413765,,,,,,,,,
resonant-micro-validated8-1m,delE=-2.5eV,scan_cloud_resonant_micro_1m_20260809/strict_resonant_micro_validated8_q60.csv,,,not-applicable,wc2.5_eta1.6E-4,2.5,0.00016,narrow,1000000,8,60.0,60.0,2.2034923657293857,50-60,False,0 5 6 7 8 9,1 2 3 4,2.1574175886854117e-05,0.00011408800727800213,0.0009166364039118231,0.0013463577688539792,0.000135707418959087,8.387068817228283e-12,92.28047541069218,16.793821210110806,11.447011955886913,4.2832800075737065,3.3257489392531756,2.2034923657293857,,,,,,,,,
resonant-micro-validated8-1m,delE=-2.5eV,scan_cloud_resonant_micro_1m_20260809/strict_resonant_micro_validated8_q60.csv,,,not-applicable,wc2.7_eta1.6E-4,2.7,0.00016,narrow,1000000,8,60.0,60.0,2.1514122978079864,50-60,False,0 5 6 7 8 9,1 2 3 4,2.1308699354781134e-05,0.00011341912100721489,0.000909023755723578,0.0013234234601171308,0.0001334762482660132,8.387068817228283e-12,100.49424606362633,16.818656464604434,11.562175136757043,3.9924440660296026,3.6809508369951236,2.1514122978079864,,,,,,,,,
resonant-lowwc-1m,delE=-2.5eV,scan_cloud_resonant_lowwc_1m_20260809/strict_resonant_lowwc_q60.csv,,,not-applicable,wc1.20_eta1.2E-4,1.2,0.00012,narrow,1000000,3,60.0,60.0,2.864722298808639,50-60,False,0 5 6 7 8 9,1 2 3 4,1.1862961858495895e-05,8.880310644715416e-05,0.000689505608438761,0.001054704223313539,8.835253578830204e-05,9.2175156396479e-12,95.67361600897662,24.31754559277473,9.904789517393088,5.120048722750524,3.7883900944700297,2.864722298808639,,,,,,,,,
resonant-lowwc-1m,delE=-2.5eV,scan_cloud_resonant_lowwc_1m_20260809/strict_resonant_lowwc_q60.csv,,,not-applicable,wc2.00_eta1.2E-4,2.0,0.00012,narrow,1000000,3,60.0,60.0,2.8630156741927535,50-60,False,0 5 6 7 8 9,1 2 3 4,1.2874549768627169e-05,8.490867432095798e-05,0.0006628122631618876,0.0009479323885853045,8.060040712128194e-05,9.190870287056896e-12,78.16447209883175,15.903269614101939,11.307558230325057,4.001747935681033,3.97808155416252,2.8630156741927535,,,,,,,,,
resonant-lowwc-1m,delE=-2.5eV,scan_cloud_resonant_lowwc_1m_20260809/strict_resonant_lowwc_q60.csv,,,not-applicable,wc1.50_eta1.2E-4,1.5,0.00012,narrow,1000000,3,60.0,60.0,2.7917194655065836,50-60,False,0 5 6 7 8 9,1 2 3 4,1.2324190143053923e-05,8.69417323160776e-05,0.0006700531694920536,0.0009772827953330948,9.405752629360424e-05,9.164224934465892e-12,77.43902413642125,18.885081010004985,10.534949423999889,4.726912320084874,3.9861919496014875,2.7917194655065836,,,,,,,,,
resonant-lowwc-1m,delE=-2.5eV,scan_cloud_resonant_lowwc_1m_20260809/strict_resonant_lowwc_q60.csv,,,not-applicable,wc2.00_eta8.0E-5,2.0,8e-05,narrow,1000000,3,60.0,60.0,2.674599951793895,50-60,False,0 5 6 7 8 9,1 2 3 4,5.5960273157362075e-06,5.434962287299036e-05,0.0004062520038324103,0.0005941565922767524,5.053050229711912e-05,9.197087535994797e-12,73.22547923592283,19.834094152628012,10.58002025014497,4.61136315347416,3.5647381585085536,2.674599951793895,,,,,,,,,
resonant-lowwc-1m,delE=-2.5eV,scan_cloud_resonant_lowwc_1m_20260809/strict_resonant_lowwc_q60.csv,,,not-applicable,wc2.15_eta8.0E-5,2.15,8e-05,narrow,1000000,3,60.0,60.0,2.644830642458592,50-60,False,0 5 6 7 8 9,1 2 3 4,5.37188010526412e-06,5.342523660849209e-05,0.00040152613864541885,0.000643944440848681,4.8228248396993736e-05,9.205081141772098e-12,96.21798183606252,16.943938485096748,8.658698332969195,3.722872986192905,4.122095493471065,2.644830642458592,,,,,,,,,
resonant-lowwc-1m,delE=-2.5eV,scan_cloud_resonant_lowwc_1m_20260809/strict_resonant_lowwc_q60.csv,,,not-applicable,wc2.15_eta1.2E-4,2.15,0.00012,narrow,1000000,3,60.0,60.0,2.6294696024974153,50-60,False,0 5 6 7 8 9,1 2 3 4,1.3809865210870023e-05,8.349464011862325e-05,0.0006457116118166599,0.0009413093280840799,8.321732442192166e-05,9.182876681279595e-12,59.33812147747586,19.31414056874485,10.750828038557728,4.748900402300264,3.867698979105421,2.6294696024974153,,,,,,,,,
resonant-lowwc-1m,delE=-2.5eV,scan_cloud_resonant_lowwc_1m_20260809/strict_resonant_lowwc_q60.csv,,,not-applicable,wc1.50_eta1.6E-4,1.5,0.00016,narrow,1000000,3,60.0,60.0,2.573506881725674,50-60,False,0 5 6 7 8 9,1 2 3 4,2.0521535126849854e-05,0.00012079603342871712,0.0009685489570646889,0.0015484359626214425,0.00011992899433242787,8.360423464637279e-12,72.41856935493374,20.862164200449353,10.042123192814888,5.611457733644195,3.7489731392345242,2.573506881725674,,,,,,,,,
resonant-lowwc-1m,delE=-2.5eV,scan_cloud_resonant_lowwc_1m_20260809/strict_resonant_lowwc_q60.csv,,,not-applicable,wc1.80_eta1.6E-4,1.8,0.00016,narrow,1000000,3,60.0,60.0,2.552919022311457,50-60,False,0 5 6 7 8 9,1 2 3 4,2.688157152088922e-05,0.00011912197576563223,0.0009526510126628992,0.0014230630615773212,0.00012777212768311504,8.37196978409338e-12,91.54658193268132,18.498158805960884,11.002758835812477,4.651861314590796,3.4678837996974585,2.552919022311457,,,,,,,,,
resonant-lowwc-1m,delE=-2.5eV,scan_cloud_resonant_lowwc_1m_20260809/strict_resonant_lowwc_q60.csv,,,not-applicable,wc1.20_eta8.0E-5,1.2,8e-05,narrow,1000000,3,60.0,60.0,2.5146341715682423,50-60,False,0 5 6 7 8 9,1 2 3 4,6.166369236216916e-06,5.647368898044233e-05,0.0004190179968066705,0.0006159982162133492,5.404784578635702e-05,9.201528428093297e-12,59.74176517520184,17.850131214136923,11.590600955607847,4.6669126139628325,3.651230869344169,2.5146341715682423,,,,,,,,,
resonant-lowwc-1m,delE=-2.5eV,scan_cloud_resonant_lowwc_1m_20260809/strict_resonant_lowwc_q60.csv,,,not-applicable,wc2.15_eta2.0E-4,2.15,0.0002,narrow,1000000,3,60.0,60.0,2.4688361661761933,50-60,False,0 5 6 7 8 9,1 2 3 4,3.5855377407819536e-05,0.0001503284531629327,0.0012522367147137922,0.001968253334610829,0.00018764739722070946,8.355094394119078e-12,87.35396762922123,16.379845326299936,12.10390412490494,4.390371593951515,3.312210344291192,2.4688361661761933,,,,,,,,,
resonant-lowwc-1m,delE=-2.5eV,scan_cloud_resonant_lowwc_1m_20260809/strict_resonant_lowwc_q60.csv,,,not-applicable,wc1.80_eta8.0E-5,1.8,8e-05,narrow,1000000,3,60.0,60.0,2.4570298985232366,50-60,False,0 5 6 7 8 9,1 2 3 4,5.61485620076022e-06,5.448334585165949e-05,0.0004065679022202917,0.0005988571691774093,5.127588586231697e-05,9.231726494363102e-12,100.48331356924228,25.12096932310586,11.819874835003239,4.272106155126053,3.776577512502264,2.4570298985232366,,,,,,,,,
resonant-lowwc-1m,delE=-2.5eV,scan_cloud_resonant_lowwc_1m_20260809/strict_resonant_lowwc_q60.csv,,,not-applicable,wc1.50_eta2.0E-4,1.5,0.0002,narrow,1000000,3,60.0,60.0,2.453411150319148,50-60,False,0 5 6 7 8 9,1 2 3 4,3.567818300871986e-05,0.00015686163357935231,0.0012915950575887736,0.0020226461051699534,0.0001932847881724695,8.350653502020577e-12,95.91787827543665,25.840427244404683,11.309318778243735,5.461958136228847,4.1487415965813215,2.453411150319148,,,,,,,,,
resonant-lowwc-1m,delE=-2.5eV,scan_cloud_resonant_lowwc_1m_20260809/strict_resonant_lowwc_q60.csv,,,not-applicable,wc2.30_eta2.0E-4,2.3,0.0002,narrow,1000000,3,60.0,60.0,2.411924840057541,50-60,False,0 5 6 7 8 9,1 2 3 4,3.7194427567566486e-05,0.00014906523183398063,0.0012533629766290995,0.0019767741432619333,0.00018052759260766583,8.339995360984176e-12,92.49893359995365,19.767940113068903,12.102393278750704,4.1748048570219005,3.6292682621020806,2.411924840057541,,,,,,,,,
resonant-lowwc-1m,delE=-2.5eV,scan_cloud_resonant_lowwc_1m_20260809/strict_resonant_lowwc_q60.csv,,,not-applicable,wc1.20_eta2.0E-4,1.2,0.0002,narrow,1000000,3,60.0,60.0,2.3411098732975395,50-60,False,0 5 6 7 8 9,1 2 3 4,3.411758656534094e-05,0.00015911642774489996,0.0013358387816854033,0.0020747331649587112,0.00019616633248590942,8.383516103549482e-12,126.46216076497127,24.098085429095022,10.814388367531327,4.8260349927758615,4.13478017626166,2.3411098732975395,,,,,,,,,
resonant-lowwc-1m,delE=-2.5eV,scan_cloud_resonant_lowwc_1m_20260809/strict_resonant_lowwc_q60.csv,,,not-applicable,wc1.50_eta8.0E-5,1.5,8e-05,narrow,1000000,3,60.0,60.0,2.2737137399916825,50-60,False,0 5 6 7 8 9,1 2 3 4,6.317548641358983e-06,5.5783135140402345e-05,0.0004156695154047201,0.0006100815889777814,5.227758736967074e-05,9.205969320191798e-12,78.51777305376139,18.04638346340366,8.980899357548997,4.739978387586171,3.9336764062776997,2.2737137399916825,,,,,,,,,
resonant-lowwc-1m,delE=-2.5eV,scan_cloud_resonant_lowwc_1m_20260809/strict_resonant_lowwc_q60.csv,,,not-applicable,wc2.00_eta2.0E-4,2.0,0.0002,narrow,1000000,3,60.0,60.0,2.272563464420064,50-60,False,0 5 6 7 8 9,1 2 3 4,3.7149179518374585e-05,0.00015258996421705726,0.0012670644787009188,0.0019962971888476014,0.00017917011244903785,8.313350008393172e-12,97.42419559466302,21.370328255668202,11.659523411198478,4.888336422441262,3.748888848062839,2.272563464420064,,,,,,,,,
resonant-lowwc-1m,delE=-2.5eV,scan_cloud_resonant_lowwc_1m_20260809/strict_resonant_lowwc_q60.csv,,,not-applicable,wc2.00_eta1.6E-4,2.0,0.00016,narrow,1000000,3,60.0,60.0,2.261479734720256,50-60,False,0 5 6 7 8 9,1 2 3 4,2.1322032450700367e-05,0.00011744711846786525,0.0009382720633212054,0.0014031393599768477,0.00013218068855365647,8.316014543652273e-12,111.98715156672296,23.01667082296656,10.718173895941732,4.154727550393072,4.156668442776292,2.261479734720256,,,,,,,,,
resonant-lowwc-1m,delE=-2.5eV,scan_cloud_resonant_lowwc_1m_20260809/strict_resonant_lowwc_q60.csv,,,not-applicable,wc1.80_eta1.2E-4,1.8,0.00012,narrow,1000000,3,60.0,60.0,2.1739875462900127,50-60,False,0 5 6 7 8 9,1 2 3 4,1.1074986897754534e-05,8.545979591304631e-05,0.0006634737401746756,0.0009544268143219885,8.281128300048973e-05,9.181100324440195e-12,86.6360217727709,20.894712538154245,9.90386656166335,5.506239410910587,4.224413262640022,2.1739875462900127,,,,,,,,,
resonant-lowwc-1m,delE=-2.5eV,scan_cloud_resonant_lowwc_1m_20260809/strict_resonant_lowwc_q60.csv,,,not-applicable,wc1.20_eta1.6E-4,1.2,0.00016,narrow,1000000,3,60.0,60.0,2.141328723184045,50-60,False,0 5 6 7 8 9,1 2 3 4,2.1614562831645036e-05,0.00012298384987381955,0.0009747223675815106,0.0013832856551858378,0.00014438702187613962,8.375522497772181e-12,78.8384064460627,21.529590734011432,9.928147497568926,4.587779591608463,3.6654642929655408,2.141328723184045,,,,,,,,,
resonant-lowwc-1m,delE=-2.5eV,scan_cloud_resonant_lowwc_1m_20260809/strict_resonant_lowwc_q60.csv,,,not-applicable,wc2.30_eta8.0E-5,2.3,8e-05,narrow,1000000,3,60.0,60.0,2.12638042407613,50-60,False,0 5 6 7 8 9,1 2 3 4,4.651303267317393e-06,5.321501621049996e-05,0.0004018059531512615,0.0005835985733232452,5.3048003902697844e-05,9.208633855450898e-12,64.89877420251845,14.529649942645008,8.815780712326541,3.859626214729331,3.825474930298136,2.12638042407613,,,,,,,,,
resonant-lowwc-1m,delE=-2.5eV,scan_cloud_resonant_lowwc_1m_20260809/strict_resonant_lowwc_q60.csv,,,not-applicable,wc2.30_eta1.2E-4,2.3,0.00012,narrow,1000000,3,60.0,60.0,2.0796926238370994,50-60,False,0 5 6 7 8 9,1 2 3 4,1.4398968220742591e-05,8.309538010776729e-05,0.0006461130372440137,0.000891462733484557,8.823565921032981e-05,9.162448577626492e-12,92.04543514305743,19.771702375000505,10.946630632881448,4.121572622472224,3.3426885642033772,2.0796926238370994,,,,,,,,,
resonant-lowwc-1m,delE=-2.5eV,scan_cloud_resonant_lowwc_1m_20260809/strict_resonant_lowwc_q60.csv,,,not-applicable,wc2.15_eta1.6E-4,2.15,0.00016,narrow,1000000,3,60.0,60.0,2.0536035466653217,50-60,False,0 5 6 7 8 9,1 2 3 4,2.127221722548786e-05,0.00011626250696647411,0.0009249067864555039,0.001396042883699401,0.00013461582707563713,8.387068817228283e-12,117.95722757504079,19.41334841106421,10.384683835839509,4.784552115843298,4.088690822116437,2.0536035466653217,,,,,,,,,
resonant-lowwc-1m,delE=-2.5eV,scan_cloud_resonant_lowwc_1m_20260809/strict_resonant_lowwc_q60.csv,,,not-applicable,wc1.80_eta2.0E-4,1.8,0.0002,narrow,1000000,3,60.0,60.0,2.049457762448947,50-60,False,0 5 6 7 8 9,1 2 3 4,3.935569818965691e-05,0.00015379537538805652,0.0012620707590154459,0.0020620555144862875,0.00019711553967497627,8.349765323600877e-12,129.76361984539565,22.541354080799863,13.214808393768926,4.520353672737195,3.7231178929360076,2.049457762448947,,,,,,,,,
resonant-lowwc-1m,delE=-2.5eV,scan_cloud_resonant_lowwc_1m_20260809/strict_resonant_lowwc_q60.csv,,,not-applicable,wc2.30_eta1.6E-4,2.3,0.00016,narrow,1000000,3,60.0,60.0,1.7843925912759901,50-60,False,0 5 6 7 8 9,1 2 3 4,2.172059406362887e-05,0.00011552066272829374,0.0009235314856059841,0.0015464145000274932,0.0001434566898241289,8.360423464637279e-12,83.25855550442004,17.75696909410829,11.815191145177222,3.5367979672451777,3.45226234475654,1.7843925912759901,,,,,,,,,
resonant-verylowwc-1m,delE=-2.5eV,scan_cloud_resonant_verylowwc_1m_20260809/strict_resonant_verylowwc_q60.csv,,,not-applicable,wc0.50_eta8.0E-5,0.5,8e-05,ultranarrow,1000000,3,60.0,60.0,3.017358864500685,50-60,False,0 5 6 7 8 9,1 2 3 4,5.57273999694598e-06,5.9126667183497064e-05,0.0004390807687808185,0.000643786594745676,4.804777059512451e-05,9.2192919964873e-12,75.2923887512952,22.661840702590922,10.978235191633795,5.573846309826861,3.916265718346963,3.017358864500685,,,,,,,,,
resonant-verylowwc-1m,delE=-2.5eV,scan_cloud_resonant_verylowwc_1m_20260809/strict_resonant_verylowwc_q60.csv,,,not-applicable,wc0.25_eta2.0E-4,0.25,0.0002,ultranarrow,1000000,3,60.0,60.0,3.007818645558204,50-60,False,0 5 6 7 8 9,1 2 3 4,3.8115741252390675e-05,0.00017073381642528302,0.001407814139150711,0.002179061848464177,0.00018242504032413783,8.335554468885675e-12,71.26127650303621,28.01184455765668,10.53648123486919,6.24703273927564,3.8884060052303653,3.007818645558204,,,,,,,,,
resonant-verylowwc-1m,delE=-2.5eV,scan_cloud_resonant_verylowwc_1m_20260809/strict_resonant_verylowwc_q60.csv,,,not-applicable,wc0.50_eta1.6E-4,0.5,0.00016,ultranarrow,1000000,3,60.0,60.0,2.9763752441950033,50-60,False,0 5 6 7 8 9,1 2 3 4,2.3362249553262567e-05,0.00012944711809729123,0.0010247894034997615,0.0015924751604701522,0.00013109705100056986,8.379963389870682e-12,91.39543246632323,27.630578198754545,10.197627323986833,6.735473764388763,4.076540513189932,2.9763752441950033,,,,,,,,,
resonant-verylowwc-1m,delE=-2.5eV,scan_cloud_resonant_verylowwc_1m_20260809/strict_resonant_verylowwc_q60.csv,,,not-applicable,wc0.25_eta1.2E-4,0.25,0.00012,ultranarrow,1000000,3,60.0,60.0,2.949101521098453,50-60,False,0 5 6 7 8 9,1 2 3 4,1.2998697612171334e-05,9.491980715497341e-05,0.0007279777178467715,0.0011070317348512327,8.358171686589492e-05,9.174883075502294e-12,103.62391636252349,22.71141663273923,9.857887782912744,6.725168794464978,4.074813838116023,2.949101521098453,,,,,,,,,
resonant-verylowwc-1m,delE=-2.5eV,scan_cloud_resonant_verylowwc_1m_20260809/strict_resonant_verylowwc_q60.csv,,,not-applicable,wc0.25_eta1.6E-4,0.25,0.00016,ultranarrow,1000000,3,60.0,60.0,2.939173632091607,50-60,False,0 5 6 7 8 9,1 2 3 4,2.255044984683202e-05,0.0001314214779630959,0.0010359407351564177,0.00157573640253122,0.00014128223959540778,8.342659896243276e-12,96.23669792237027,27.874782698000736,11.768582265156818,6.5556994890538,4.041409359846683,2.939173632091607,,,,,,,,,
resonant-verylowwc-1m,delE=-2.5eV,scan_cloud_resonant_verylowwc_1m_20260809/strict_resonant_verylowwc_q60.csv,,,not-applicable,wc1.00_eta1.2E-4,1.0,0.00012,narrow,1000000,3,60.0,60.0,2.877721124556084,50-60,False,0 5 6 7 8 9,1 2 3 4,1.2825726078264204e-05,8.943048562950123e-05,0.0006947572113513872,0.0010686719435654272,7.998005134286159e-05,9.2175156396479e-12,91.9295367317223,22.83834205192989,11.720144277550878,5.374975544328216,3.596862122941486,2.877721124556084,,,,,,,,,
resonant-verylowwc-1m,delE=-2.5eV,scan_cloud_resonant_verylowwc_1m_20260809/strict_resonant_verylowwc_q60.csv,,,not-applicable,wc1.25_eta8.0E-5,1.25,8e-05,narrow,1000000,3,60.0,60.0,2.877546014683223,50-60,False,0 5 6 7 8 9,1 2 3 4,4.991635231834516e-06,5.6609563964378845e-05,0.00042470479289823733,0.0006170941979354464,5.036301208228976e-05,9.198863892834197e-12,90.40510828283743,18.463452941637037,9.246231925192957,4.710763143343195,3.410158823852251,2.877546014683223,,,,,,,,,
resonant-verylowwc-1m,delE=-2.5eV,scan_cloud_resonant_verylowwc_1m_20260809/strict_resonant_verylowwc_q60.csv,,,not-applicable,wc1.25_eta1.6E-4,1.25,0.00016,narrow,1000000,3,60.0,60.0,2.8700734181763536,50-60,False,0 5 6 7 8 9,1 2 3 4,2.1572357115053142e-05,0.0001229851920937037,0.0009757843249860181,0.001526220114730359,0.00011314865936326738,8.340883539403876e-12,90.96652607738189,25.001470827286614,12.369815224455166,4.854074247440311,4.118455537155892,2.8700734181763536,,,,,,,,,
resonant-verylowwc-1m,delE=-2.5eV,scan_cloud_resonant_verylowwc_1m_20260809/strict_resonant_verylowwc_q60.csv,,,not-applicable,wc1.00_eta2.0E-4,1.0,0.0002,narrow,1000000,3,60.0,60.0,2.8503192554748873,50-60,False,0 5 6 7 8 9,1 2 3 4,3.696683110702981e-05,0.00016182833696425797,0.0013342524988990585,0.002217440712255182,0.00019566966420613452,8.404832385622285e-12,105.13308633465357,26.293991926145114,11.351955257076654,5.592204430196825,3.898513093861824,2.8503192554748873,,,,,,,,,
resonant-verylowwc-1m,delE=-2.5eV,scan_cloud_resonant_verylowwc_1m_20260809/strict_resonant_verylowwc_q60.csv,,,not-applicable,wc0.75_eta1.2E-4,0.75,0.00012,ultranarrow,1000000,3,60.0,60.0,2.833340772948645,50-60,False,0 5 6 7 8 9,1 2 3 4,1.2977433734407932e-05,9.109287882342778e-05,0.0007000053488878135,0.0010157292714669652,8.388578964063958e-05,9.212186569129699e-12,76.6429539234462,18.602700427327846,9.799983106070957,6.154943278147403,3.699145282587866,2.833340772948645,,,,,,,,,
resonant-verylowwc-1m,delE=-2.5eV,scan_cloud_resonant_verylowwc_1m_20260809/strict_resonant_verylowwc_q60.csv,,,not-applicable,wc0.50_eta1.2E-4,0.5,0.00012,ultranarrow,1000000,3,60.0,60.0,2.74463681587013,50-60,False,0 5 6 7 8 9,1 2 3 4,1.2129643716854692e-05,9.304576781153426e-05,0.000710296507984497,0.0010787129992111183,7.912607792375717e-05,9.162448577626492e-12,95.61220086505631,22.187041903532293,10.104391373207722,6.186128360599511,4.199574464204743,2.74463681587013,,,,,,,,,
resonant-verylowwc-1m,delE=-2.5eV,scan_cloud_resonant_verylowwc_1m_20260809/strict_resonant_verylowwc_q60.csv,,,not-applicable,wc1.00_eta1.6E-4,1.0,0.00016,narrow,1000000,3,60.0,60.0,2.681368157545052,50-60,False,0 5 6 7 8 9,1 2 3 4,2.176995659866146e-05,0.00012457232634953175,0.000993561540663458,0.0014829274041540492,0.00013823872539063195,8.378187033031281e-12,96.92613636010277,24.737929533274897,11.487395712989322,6.624693298362178,3.8745655447228637,2.681368157545052,,,,,,,,,
resonant-verylowwc-1m,delE=-2.5eV,scan_cloud_resonant_verylowwc_1m_20260809/strict_resonant_verylowwc_q60.csv,,,not-applicable,wc1.00_eta8.0E-5,1.0,8e-05,narrow,1000000,3,60.0,60.0,2.6528789176933008,50-60,False,0 5 6 7 8 9,1 2 3 4,5.274637634813246e-06,5.741638509577719e-05,0.00042473672323359475,0.0006265398490502218,5.15935141850061e-05,9.2148511043888e-12,86.1129881687628,20.767431067671215,9.101631917749122,4.373709711174732,4.12659977454986,2.6528789176933008,,,,,,,,,
resonant-verylowwc-1m,delE=-2.5eV,scan_cloud_resonant_verylowwc_1m_20260809/strict_resonant_verylowwc_q60.csv,,,not-applicable,wc0.50_eta2.0E-4,0.5,0.0002,ultranarrow,1000000,3,60.0,60.0,2.599095486894563,50-60,False,0 5 6 7 8 9,1 2 3 4,3.51094080911491e-05,0.00016656841683491963,0.0013678596445272897,0.0020854211779072966,0.0001883614117130159,8.36486435673578e-12,83.85435267210127,26.788768327566252,10.57309021984125,5.95708237349791,4.127495957896309,2.599095486894563,,,,,,,,,
resonant-verylowwc-1m,delE=-2.5eV,scan_cloud_resonant_verylowwc_1m_20260809/strict_resonant_verylowwc_q60.csv,,,not-applicable,wc0.75_eta2.0E-4,0.75,0.0002,ultranarrow,1000000,3,60.0,60.0,2.540286702520094,50-60,False,0 5 6 7 8 9,1 2 3 4,3.477787580113161e-05,0.00016485205919374165,0.0013394099963233803,0.00222080569863538,0.0001758221045672376,8.363087999896379e-12,63.79860445991052,24.60913783542627,11.284535955333753,6.612601496823682,3.363726706779959,2.540286702520094,,,,,,,,,
resonant-verylowwc-1m,delE=-2.5eV,scan_cloud_resonant_verylowwc_1m_20260809/strict_resonant_verylowwc_q60.csv,,,not-applicable,wc0.75_eta1.6E-4,0.75,0.00016,ultranarrow,1000000,3,60.0,60.0,2.514823584949216,50-60,False,0 5 6 7 8 9,1 2 3 4,2.182655378006885e-05,0.00012700730706256092,0.0010198040112217317,0.0015611974735754474,0.00013780361382565205,8.411049634560186e-12,83.19953117928229,27.111267782033142,10.875537315703678,5.893533412369487,3.8650359926946884,2.514823584949216,,,,,,,,,
resonant-verylowwc-1m,delE=-2.5eV,scan_cloud_resonant_verylowwc_1m_20260809/strict_resonant_verylowwc_q60.csv,,,not-applicable,wc0.75_eta8.0E-5,0.75,8e-05,ultranarrow,1000000,3,60.0,60.0,2.4842110566581908,50-60,False,0 5 6 7 8 9,1 2 3 4,5.9897102024746976e-06,5.8500935053252606e-05,0.0004325699670648341,0.000634469257404049,5.573681890716248e-05,9.207745677031198e-12,60.63100805823862,21.164306351819818,10.290677837971415,5.235658513568441,3.7712909633609675,2.4842110566581908,,,,,,,,,
resonant-verylowwc-1m,delE=-2.5eV,scan_cloud_resonant_verylowwc_1m_20260809/strict_resonant_verylowwc_q60.csv,,,not-applicable,wc0.25_eta8.0E-5,0.25,8e-05,ultranarrow,1000000,3,60.0,60.0,2.471415731017302,50-60,False,0 5 6 7 8 9,1 2 3 4,5.744675451508308e-06,6.048903070171928e-05,0.00044992703315655387,0.0006515919036576417,5.185712718685316e-05,9.203304784932698e-12,89.93536912591405,21.826004426260155,9.204734614430132,6.298211587947474,3.6999473145215807,2.471415731017302,,,,,,,,,
resonant-verylowwc-1m,delE=-2.5eV,scan_cloud_resonant_verylowwc_1m_20260809/strict_resonant_verylowwc_q60.csv,,,not-applicable,wc1.25_eta2.0E-4,1.25,0.0002,narrow,1000000,3,60.0,60.0,2.3975344847080136,50-60,False,0 5 6 7 8 9,1 2 3 4,3.405214025532478e-05,0.00015991240556426187,0.0013308631477966485,0.002150024856978756,0.000196246431715948,8.363087999896379e-12,114.45914897764445,23.856913629462333,11.874060888180068,5.477454763661375,4.088835483122241,2.3975344847080136,,,,,,,,,
resonant-verylowwc-1m,delE=-2.5eV,scan_cloud_resonant_verylowwc_1m_20260809/strict_resonant_verylowwc_q60.csv,,,not-applicable,wc1.25_eta1.2E-4,1.25,0.00012,narrow,1000000,3,60.0,60.0,2.3557621268497733,50-60,False,0 5 6 7 8 9,1 2 3 4,1.3563950260156706e-05,8.815085811035166e-05,0.0006824201673118213,0.0010228957432872972,9.109416061571661e-05,9.139355938714289e-12,85.78088282061185,21.340552830440405,10.653034311458637,4.6768495946965345,2.980326200046503,2.3557621268497733,,,,,,,,,
resonant-ultralowwc-grid3-1m,delE=-2.5eV,scan_cloud_resonant_ultralowwc_1m_20260809/strict_resonant_ultralowwc_grid3_q60.csv,,,not-applicable,wc0.05_eta1.0E-4,0.05,0.0001,ultranarrow,1000000,3,60.0,60.0,3.475383499561281,50-60,False,0 5 6 7 8 9,1 2 3 4,8.551789125527022e-06,7.851665451427675e-05,0.0005915264024363594,0.0008588219310383461,6.792006362988423e-05,7.398526236102043e-12,81.47580113199535,21.289839905140155,9.852790583854304,6.127615204999495,3.602965860481608,3.475383499561281,,,,,,,,,
resonant-ultralowwc-grid3-1m,delE=-2.5eV,scan_cloud_resonant_ultralowwc_1m_20260809/strict_resonant_ultralowwc_grid3_q60.csv,,,not-applicable,wc0.20_eta5.0E-5,0.2,5e-05,ultranarrow,1000000,3,60.0,60.0,3.2838143097486285,40-50,False,0 5 6 7 8 9,1 2 3 4,2.748243426182365e-06,3.6169390487570886e-05,0.00026152776440639404,0.00040089426840402947,2.9850633551559702e-05,1.0240697179142444e-11,86.9446047945931,23.818467903940817,8.918757410287723,6.5072609463883495,3.2838143097486285,3.3179669778611376,,,,,,,,,
resonant-ultralowwc-grid3-1m,delE=-2.5eV,scan_cloud_resonant_ultralowwc_1m_20260809/strict_resonant_ultralowwc_grid3_q60.csv,,,not-applicable,wc0.50_eta1.0E-4,0.5,0.0001,ultranarrow,1000000,3,60.0,60.0,3.2563094423364043,50-60,False,0 5 6 7 8 9,1 2 3 4,1.018579178232688e-05,7.616942422774539e-05,0.0005748172936410052,0.0008150759319684896,6.439555015443194e-05,7.358558207215538e-12,106.12553206546785,22.341683719536892,11.645668864746371,6.180373650779004,3.3776402482858634,3.2563094423364043,,,,,,,,,
resonant-ultralowwc-grid3-1m,delE=-2.5eV,scan_cloud_resonant_ultralowwc_1m_20260809/strict_resonant_ultralowwc_grid3_q60.csv,,,not-applicable,wc0.05_eta1.5E-4,0.05,0.00015,ultranarrow,1000000,3,60.0,60.0,3.10802237530727,50-60,False,0 5 6 7 8 9,1 2 3 4,1.7578824773498762e-05,0.00012297920296041337,0.0009641985750603519,0.0014112669272667022,0.00012558331228477098,9.904077558076096e-12,94.86252756965354,25.35094069661595,10.99570134321987,7.069550481321507,3.9569908257198114,3.10802237530727,,,,,,,,,
resonant-ultralowwc-grid3-1m,delE=-2.5eV,scan_cloud_resonant_ultralowwc_1m_20260809/strict_resonant_ultralowwc_grid3_q60.csv,,,not-applicable,wc0.30_eta1.0E-4,0.3,0.0001,ultranarrow,1000000,3,60.0,60.0,3.0878473108266156,50-60,False,0 5 6 7 8 9,1 2 3 4,7.488732684640992e-06,7.75361761397153e-05,0.0005841367161679515,0.0008269303217451982,6.698352675636091e-05,7.37454541877014e-12,84.9962305596781,27.583582049721034,10.515487128699636,6.241430963322681,3.491666935909612,3.0878473108266156,,,,,,,,,
resonant-ultralowwc-grid3-1m,delE=-2.5eV,scan_cloud_resonant_ultralowwc_1m_20260809/strict_resonant_ultralowwc_grid3_q60.csv,,,not-applicable,wc0.10_eta5.0E-5,0.1,5e-05,ultranarrow,1000000,3,60.0,60.0,3.0578155901695356,50-60,False,0 5 6 7 8 9,1 2 3 4,2.2201880771909494e-06,3.6516951832467066e-05,0.00026340068053745365,0.00040257208591779704,2.9841971591775243e-05,1.0239809000722744e-11,83.20504081587927,19.0021036215815,9.712486991853206,6.401600885825849,3.5677608520059922,3.0578155901695356,,,,,,,,,
resonant-ultralowwc-grid3-1m,delE=-2.5eV,scan_cloud_resonant_ultralowwc_1m_20260809/strict_resonant_ultralowwc_grid3_q60.csv,,,not-applicable,wc0.10_eta1.0E-4,0.1,0.0001,ultranarrow,1000000,3,60.0,60.0,3.004483026733056,50-60,False,0 5 6 7 8 9,1 2 3 4,8.460242814834732e-06,7.786611685915731e-05,0.00058737870446728,0.0008378061552456285,6.404027849446108e-05,7.386979916645942e-12,49.24815286730109,24.279949809456745,11.722705644943094,5.97468214380665,3.7925953830627575,3.004483026733056,,,,,,,,,
resonant-ultralowwc-grid3-1m,delE=-2.5eV,scan_cloud_resonant_ultralowwc_1m_20260809/strict_resonant_ultralowwc_grid3_q60.csv,,,not-applicable,wc0.50_eta2.0E-4,0.5,0.0002,ultranarrow,1000000,3,60.0,60.0,2.999249247461482,50-60,False,0 5 6 7 8 9,1 2 3 4,4.3843746966077676e-05,0.00016688124492601877,0.0013783383060154257,0.0021680953222755184,0.00017294114016923388,8.36575253515548e-12,95.94023669013062,22.887314116557636,11.534422950275006,6.354856346227879,3.494231784926477,2.999249247461482,,,,,,,,,
resonant-ultralowwc-grid3-1m,delE=-2.5eV,scan_cloud_resonant_ultralowwc_1m_20260809/strict_resonant_ultralowwc_grid3_q60.csv,,,not-applicable,wc0.30_eta1.5E-4,0.3,0.00015,ultranarrow,1000000,3,60.0,60.0,2.9698101593835307,50-60,False,0 5 6 7 8 9,1 2 3 4,1.9442910471910228e-05,0.00012153171598937892,0.0009414303766091084,0.0013765654602825171,0.00011330693002301056,9.913847520692798e-12,89.13544809829288,23.3212806214501,9.44936011963759,5.81616194902944,3.8822620276220494,2.9698101593835307,,,,,,,,,
resonant-ultralowwc-grid3-1m,delE=-2.5eV,scan_cloud_resonant_ultralowwc_1m_20260809/strict_resonant_ultralowwc_grid3_q60.csv,,,not-applicable,wc0.20_eta1.0E-4,0.2,0.0001,ultranarrow,1000000,3,60.0,60.0,2.943334890332674,50-60,False,0 5 6 7 8 9,1 2 3 4,8.28211283135643e-06,7.746503122673519e-05,0.0005862690885920367,0.0008377292790775881,6.912752688896746e-05,7.362110920894338e-12,101.39380941407865,22.998424626906093,11.0488733729517,6.0364223651672,4.333416971085429,2.943334890332674,,,,,,,,,
resonant-ultralowwc-grid3-1m,delE=-2.5eV,scan_cloud_resonant_ultralowwc_1m_20260809/strict_resonant_ultralowwc_grid3_q60.csv,,,not-applicable,wc0.40_eta1.0E-4,0.4,0.0001,ultranarrow,1000000,3,60.0,60.0,2.9377359215542085,50-60,False,0 5 6 7 8 9,1 2 3 4,7.761408633302838e-06,7.653064016033258e-05,0.0005752502950444721,0.0008484902862337786,7.224229960018303e-05,7.37099270509134e-12,58.27194890209038,20.762240760335537,10.725459735560321,6.326491555739425,3.871326690657269,2.9377359215542085,,,,,,,,,
resonant-ultralowwc-grid3-1m,delE=-2.5eV,scan_cloud_resonant_ultralowwc_1m_20260809/strict_resonant_ultralowwc_grid3_q60.csv,,,not-applicable,wc0.40_eta1.5E-4,0.4,0.00015,ultranarrow,1000000,3,60.0,60.0,2.886721405000064,50-60,False,0 5 6 7 8 9,1 2 3 4,1.7531654396488622e-05,0.00012095707021178395,0.0009502002381323067,0.001475692606960682,0.00011720702375835756,9.921841126470099e-12,89.23468425233867,25.345361268155123,9.899932702339347,6.00616987018949,3.935895073702769,2.886721405000064,,,,,,,,,
resonant-ultralowwc-grid3-1m,delE=-2.5eV,scan_cloud_resonant_ultralowwc_1m_20260809/strict_resonant_ultralowwc_grid3_q60.csv,,,not-applicable,wc0.40_eta5.0E-5,0.4,5e-05,ultranarrow,1000000,3,60.0,60.0,2.8763501459765566,50-60,False,0 5 6 7 8 9,1 2 3 4,2.453175577597018e-06,3.5797642670359234e-05,0.0002567903182678175,0.00039534653404771066,2.8682917717839138e-05,1.0239809000722744e-11,91.25418387875212,24.000481269861336,9.293214189282,5.365259329915203,3.423485339823587,2.8763501459765566,,,,,,,,,
resonant-ultralowwc-grid3-1m,delE=-2.5eV,scan_cloud_resonant_ultralowwc_1m_20260809/strict_resonant_ultralowwc_grid3_q60.csv,,,not-applicable,wc0.05_eta5.0E-5,0.05,5e-05,ultranarrow,1000000,3,60.0,60.0,2.8373671743977553,50-60,False,0 5 6 7 8 9,1 2 3 4,2.4924879609814853e-06,3.6662291966915436e-05,0.0002645107982890354,0.00040709156204867073,3.1288766569794854e-05,1.0241585357562144e-11,70.77145764156127,22.608009936010305,9.8710617410135,6.352664845621458,3.222855809613635,2.8373671743977553,,,,,,,,,
resonant-ultralowwc-grid3-1m,delE=-2.5eV,scan_cloud_resonant_ultralowwc_1m_20260809/strict_resonant_ultralowwc_grid3_q60.csv,,,not-applicable,wc0.10_eta1.5E-4,0.1,0.00015,ultranarrow,1000000,3,60.0,60.0,2.8091982211742885,50-60,False,0 5 6 7 8 9,1 2 3 4,2.0100996577649953e-05,0.00012397856418494815,0.0009700034541434289,0.0014236546355755684,0.00012120603875399619,9.913847520692798e-12,76.62383974542584,24.803630263443786,11.767796999203757,6.807847285065101,3.772386324019214,2.8091982211742885,,,,,,,,,
resonant-ultralowwc-grid3-1m,delE=-2.5eV,scan_cloud_resonant_ultralowwc_1m_20260809/strict_resonant_ultralowwc_grid3_q60.csv,,,not-applicable,wc0.05_eta2.0E-4,0.05,0.0002,ultranarrow,1000000,3,60.0,60.0,2.7520158555132714,50-60,False,0 5 6 7 8 9,1 2 3 4,3.592601426825777e-05,0.00017356538146527387,0.0014218735113731857,0.0022578208109556917,0.00019165562409579733,8.326672684688674e-12,102.88737207518632,22.046453099040622,10.5123279492218,6.211207157030149,4.014504020759311,2.7520158555132714,,,,,,,,,
resonant-ultralowwc-grid3-1m,delE=-2.5eV,scan_cloud_resonant_ultralowwc_1m_20260809/strict_resonant_ultralowwc_grid3_q60.csv,,,not-applicable,wc0.40_eta2.0E-4,0.4,0.0002,ultranarrow,1000000,3,60.0,60.0,2.690813714227373,50-60,False,0 5 6 7 8 9,1 2 3 4,3.47035342687027e-05,0.00016939214940484004,0.0013939012832837468,0.0023500771067524284,0.0001825146990630003,8.374634319352481e-12,82.86669904222083,25.14726587051037,11.66930872232615,6.580881806875389,4.498927609792105,2.690813714227373,,,,,,,,,
resonant-ultralowwc-grid3-1m,delE=-2.5eV,scan_cloud_resonant_ultralowwc_1m_20260809/strict_resonant_ultralowwc_grid3_q60.csv,,,not-applicable,wc0.10_eta2.0E-4,0.1,0.0002,ultranarrow,1000000,3,60.0,60.0,2.6491587493653888,50-60,False,0 5 6 7 8 9,1 2 3 4,3.668019446897382e-05,0.000171775131446371,0.0013994964406659246,0.0022377413950933006,0.00019142471973612767,8.375522497772181e-12,86.14634676083563,26.722871239906237,9.52001066682482,6.875249611411437,3.701316654439736,2.6491587493653888,,,,,,,,,
resonant-ultralowwc-grid3-1m,delE=-2.5eV,scan_cloud_resonant_ultralowwc_1m_20260809/strict_resonant_ultralowwc_grid3_q60.csv,,,not-applicable,wc0.30_eta2.0E-4,0.3,0.0002,ultranarrow,1000000,3,60.0,60.0,2.6475262374357222,50-60,False,0 5 6 7 8 9,1 2 3 4,4.023910123321586e-05,0.00017057441902302857,0.001393261639028876,0.0021907396548700715,0.0001923032679814953,8.347100788341777e-12,102.84159167880024,27.319748088507,10.183311011611805,6.931354820111749,3.2679255349681497,2.6475262374357222,,,,,,,,,
resonant-ultralowwc-grid3-1m,delE=-2.5eV,scan_cloud_resonant_ultralowwc_1m_20260809/strict_resonant_ultralowwc_grid3_q60.csv,,,not-applicable,wc0.50_eta1.5E-4,0.5,0.00015,ultranarrow,1000000,3,60.0,60.0,2.64408789084007,50-60,False,0 5 6 7 8 9,1 2 3 4,1.8097570974071256e-05,0.00011901818104216567,0.0009380686624312314,0.0014980235696552566,0.00011784823894151976,9.893419417039695e-12,75.3842244137572,23.817491726441506,10.450884817795542,6.383845052704865,4.151550741590347,2.64408789084007,,,,,,,,,
resonant-ultralowwc-grid3-1m,delE=-2.5eV,scan_cloud_resonant_ultralowwc_1m_20260809/strict_resonant_ultralowwc_grid3_q60.csv,,,not-applicable,wc0.20_eta2.0E-4,0.2,0.0002,ultranarrow,1000000,3,60.0,60.0,2.616586701351843,50-60,False,0 5 6 7 8 9,1 2 3 4,3.6266665056773725e-05,0.00017064591742295412,0.0013863363413864035,0.002195461533323915,0.00018861499493387087,8.347988966761477e-12,117.15794392114879,25.990037380238846,12.472759446356081,6.151850714572945,3.946972622572725,2.616586701351843,,,,,,,,,
resonant-ultralowwc-grid3-1m,delE=-2.5eV,scan_cloud_resonant_ultralowwc_1m_20260809/strict_resonant_ultralowwc_grid3_q60.csv,,,not-applicable,wc0.30_eta5.0E-5,0.3,5e-05,ultranarrow,1000000,3,60.0,60.0,2.585638548107163,50-60,False,0 5 6 7 8 9,1 2 3 4,2.4606520079691777e-06,3.6109534630567366e-05,0.00026071012401463975,0.00040078787908847584,2.972769775556804e-05,1.0239809000722744e-11,46.649368346400365,18.107059105279674,10.736259679190303,5.853285647301169,3.355399899459968,2.585638548107163,,,,,,,,,
resonant-ultralowwc-grid3-1m,delE=-2.5eV,scan_cloud_resonant_ultralowwc_1m_20260809/strict_resonant_ultralowwc_grid3_q60.csv,,,not-applicable,wc0.20_eta1.5E-4,0.2,0.00015,ultranarrow,1000000,3,60.0,60.0,2.544156445921139,50-60,False,0 5 6 7 8 9,1 2 3 4,1.755005907518235e-05,0.00012199212922242656,0.0009520490585123852,0.001504615706139449,0.0001232330490708342,9.896083952298795e-12,79.47548470076046,26.35429826062494,8.832095499489247,4.974608667491055,4.057265724102331,2.544156445921139,,,,,,,,,
resonant-ultralowwc-grid3-1m,delE=-2.5eV,scan_cloud_resonant_ultralowwc_1m_20260809/strict_resonant_ultralowwc_grid3_q60.csv,,,not-applicable,wc0.50_eta5.0E-5,0.5,5e-05,ultranarrow,1000000,3,60.0,60.0,2.502922303910922,50-60,False,0 5 6 7 8 9,1 2 3 4,2.2403249608487116e-06,3.56070470137269e-05,0.0002574750727844573,0.00039316063966916864,3.008838078744753e-05,1.0240697179142444e-11,62.95938481817424,22.637596312890746,8.967893511391189,5.489288633834118,3.3073188255941304,2.502922303910922,,,,,,,,,
resonant-ultralowwc-validated8-1m,delE=-2.5eV,scan_cloud_resonant_ultralowwc_1m_20260809/strict_resonant_ultralowwc_validated8_q60.csv,,,not-applicable,wc0.05_eta1.0E-4,0.05,0.0001,ultranarrow,1000000,8,60.0,60.0,3.33474932191478,50-60,False,0 5 6 7 8 9,1 2 3 4,7.876198511151533e-06,7.83253349243651e-05,0.0005907908575882905,0.0008335187489556888,6.805372129690296e-05,7.398526236102043e-12,95.73442493588487,25.567319331855522,10.542805599466343,6.65277800134825,4.119068240110951,3.33474932191478,,,,,,,,,
resonant-ultralowwc-validated8-1m,delE=-2.5eV,scan_cloud_resonant_ultralowwc_1m_20260809/strict_resonant_ultralowwc_validated8_q60.csv,,,not-applicable,wc0.20_eta5.0E-5,0.2,5e-05,ultranarrow,1000000,8,60.0,60.0,3.222718967376487,50-60,False,0 5 6 7 8 9,1 2 3 4,2.124206606363809e-06,3.6291604678584184e-05,0.00026269320124283716,0.00040124194604497184,2.986586489409611e-05,1.0241585357562144e-11,95.15937224016551,23.49635978808266,9.279892206867261,6.486242942430521,3.791729140301143,3.222718967376487,,,,,,,,,
resonant-ultralowwc-validated8-1m,delE=-2.5eV,scan_cloud_resonant_ultralowwc_1m_20260809/strict_resonant_ultralowwc_validated8_q60.csv,,,not-applicable,wc0.50_eta1.0E-4,0.5,0.0001,ultranarrow,1000000,8,60.0,60.0,3.2082142003986194,50-60,False,0 5 6 7 8 9,1 2 3 4,8.831212559172704e-06,7.588280070744932e-05,0.0005712346269974671,0.0008120286925189422,6.534225576730543e-05,7.365663634573139e-12,105.89159185264033,23.46764024425642,11.803032565325045,6.364606496711951,3.9334687126800247,3.2082142003986194,,,,,,,,,
round1-8m-t150,delE=-2.5eV,scan_cloud_8m_t150_20260809/round1/strict_round1_q130.csv,1,1,retained,r1_wc0p2_eta5em5,0.2,5e-05,ultranarrow,8000000,3,150.0,130.0,2.1053590479382898,120-130,False,0 5 6 7 8 9,1 2 3 4,1.7338370333409493e-05,3.629066123991432e-05,0.00041020092517953216,0.0009331225432252447,0.00010021937492726928,8.210410129549928e-11,218.74679328659616,59.42806471948865,23.54874423731638,16.57818889873243,10.28135872130879,7.945421893685126,5.814682335414389,5.278377185524272,4.120977904833926,3.0189400843496985,3.0149495377480444,2.3606163712967403,2.1053590479382898,2.142285892281103,1.6515015739401642
round1-8m-t150,delE=-2.5eV,scan_cloud_8m_t150_20260809/round1/strict_round1_q130.csv,1,2,retained,r1_wc0p05_eta1em4,0.05,0.0001,ultranarrow,8000000,3,150.0,130.0,1.707767990693404,120-130,False,0 5 6 7 8 9,1 2 3 4,0.00010739471154198424,7.806978029310698e-05,0.0013365059683991256,0.003530348835663979,0.0005002731649755984,8.130385253934946e-11,228.84882721403562,72.01083706754369,31.438493892931255,17.67222136686317,10.380887437414271,8.155420114126155,6.082903108668426,4.671067040748372,3.716205874709204,3.4904735241684666,2.783671761114807,2.2172029786120833,1.707767990693404,1.7539749815456147,1.3418119895391858
round1-8m-t150,delE=-2.5eV,scan_cloud_8m_t150_20260809/round1/strict_round1_q130.csv,1,3,retained,r1_wc0p5_eta1em4,0.5,0.0001,ultranarrow,8000000,3,150.0,130.0,1.5490423368102788,120-130,False,0 5 6 7 8 9,1 2 3 4,0.00010812256316803951,7.585723443685571e-05,0.0012805988413673696,0.003913816877221263,0.0005244054165191801,8.139799945183768e-11,222.43193208129543,61.804036630234776,30.982943187168846,17.71711496174961,11.697544667373904,8.193332166886274,7.033204128465717,4.740537342965889,3.689160566953885,3.0399173359001557,2.1453076435583442,1.5580538545506792,1.5490423368102788,1.1791548479794376,1.0438599373089779
round1-8m-t150,delE=-2.5eV,scan_cloud_8m_t150_20260809/round1/strict_round1_q130.csv,1,4,retained,r1_wc1p0_eta1p2em4,1.0,0.00012,narrow,8000000,3,150.0,130.0,1.4657935368182227,120-130,False,0 5 6 7 8 9,1 2 3 4,0.0002121373694489296,9.002796359089217e-05,0.0018231223430140552,0.005846470347760411,0.0008865172346223514,7.979039651218045e-11,307.70660009267914,56.47956948828734,32.35566658135141,13.667754214187687,11.465865720185738,7.192493755945741,5.6663127861330045,4.181241773539441,2.7165658375802435,3.056018651903947,2.204664563790334,1.4934920242523075,1.4657935368182227,1.1843401377622371,0.895676781691916
round1-8m-t150,delE=-2.5eV,scan_cloud_8m_t150_20260809/round1/strict_round1_q130.csv,1,5,eliminated,r1_wc2p5_eta1p2em4,2.5,0.00012,narrow,8000000,3,150.0,130.0,1.3006724132355005,120-130,False,0 5 6 7 8 9,1 2 3 4,0.0001734993978856636,8.255166941905859e-05,0.0015742019897179542,0.005059411046500385,0.0008201481736565111,7.981881822161085e-11,265.0641918873163,50.990246260850036,27.67195361257153,10.200411839237002,11.017812414887166,5.71045595609715,4.518741789026888,3.0444226812617003,2.644084805017335,2.0334577282941875,1.7498695326925566,1.4244266838028397,1.3006724132355005,0.7545693976736894,0.6828259538318813
round1-8m-t150,delE=-2.5eV,scan_cloud_8m_t150_20260809/round1/strict_round1_q130.csv,1,6,eliminated,r1_wc2p15_eta8em5,2.15,8e-05,narrow,8000000,3,150.0,130.0,1.2789415664711945,120-130,False,0 5 6 7 8 9,1 2 3 4,5.991042679931121e-05,5.353807045195367e-05,0.000759732547549788,0.0018347115855341677,0.00028719305851760004,7.400569046467353e-11,278.3194570094844,42.9728542461253,27.313786608869815,13.485302131827053,10.023787630307933,6.978135792198345,5.982134350345118,4.024894283674418,3.025452992277293,2.7738890413895296,1.8030742214561881,1.6966099863907707,1.2789415664711945,1.0332473527871342,0.9139277218561402
round1-8m-t150,delE=-2.5eV,scan_cloud_8m_t150_20260809/round1/strict_round1_q130.csv,1,7,eliminated,r1_wc1p5_eta1p2em4,1.5,0.00012,narrow,8000000,3,150.0,130.0,1.247907328669899,120-130,False,0 5 6 7 8 9,1 2 3 4,0.00020899162233859253,8.725789280804633e-05,0.0017339393055690602,0.006015921942280504,0.0008176780609209177,7.985878625049736e-11,247.44327960716413,57.213556121465615,30.466612643267087,14.829848400334091,12.179279323762557,7.8316930443185635,5.098507673990999,3.6458874956557814,3.184083732672897,2.2223452292094446,1.789651916667887,1.4906714217773018,1.247907328669899,0.9643091094249712,0.8004120991431068
round1-8m-t150,delE=-2.5eV,scan_cloud_8m_t150_20260809/round1/strict_round1_q130.csv,1,8,eliminated,r1_wc1p2_eta1p2em4,1.2,0.00012,narrow,8000000,3,150.0,130.0,1.1238174200570403,120-130,False,0 5 6 7 8 9,1 2 3 4,0.00020809596810103038,8.895887968143175e-05,0.0017731168439704085,0.005687391937758713,0.0008158795232868076,7.952660752152951e-11,200.24724650323708,59.97199848819676,26.417401616176818,14.511416494635359,11.554619630772004,8.236480245846055,5.222601085185378,3.737431040237878,3.4613724054667094,2.4282037687104157,1.8991568900699891,1.4863611056735506,1.1238174200570403,1.1891630531779764,0.8216315846479546
round1-8m-t150,delE=-2.5eV,scan_cloud_8m_t150_20260809/round1/strict_round1_q130.csv,1,9,eliminated,r1_wc2p0_eta1p2em4,2.0,0.00012,narrow,8000000,3,150.0,130.0,1.0398430519747404,120-130,False,0 5 6 7 8 9,1 2 3 4,0.00018429208401148493,8.482970999394495e-05,0.001641631116924771,0.005380093614713727,0.0008298826391519496,7.954792380360232e-11,190.09393225660577,58.510395990075295,31.524476578792093,12.38090672530246,11.305947250162221,5.94411397245907,4.972369271300875,3.6417757537993873,2.940966270131631,2.080531847498613,1.6563673578460363,1.7852069525988368,1.0398430519747404,0.9596586523708194,0.8026374352088662
round1-8m-t150,delE=-2.5eV,scan_cloud_8m_t150_20260809/round1/strict_round1_q130.csv,1,10,eliminated,r1_wc3p5_eta1p2em4,3.5,0.00012,narrow,8000000,3,150.0,130.0,1.039820482490079,120-130,False,0 5 6 7 8 9,1 2 3 4,0.0001793643337362672,7.858278034496546e-05,0.001568094374963151,0.005410876997389221,0.0007825346548434723,7.970513138388924e-11,245.36922226255047,36.514246991206036,29.157641382818934,10.187515413857938,8.570852322457155,5.425535927229109,4.10633987061659,3.241949292347199,2.939968306157412,1.7267644108305715,1.5210939033577962,1.3087139315095189,1.039820482490079,0.9677793375027938,0.7950361685882328
round1-8m-t150,delE=-2.5eV,scan_cloud_8m_t150_20260809/round1/strict_round1_q130.csv,1,11,eliminated,r1_wc5p0_eta1p2em4,5.0,0.00012,wide,8000000,3,150.0,130.0,0.9396967676784482,110-120,False,0 5 6 7 8 9,1 2 3 4,0.0001907150537350891,7.398324367278265e-05,0.0015278039885544988,0.005382210810103526,0.0007459007338523816,7.956657555041602e-11,256.0591048133522,29.541036307758766,24.67014386857715,9.789386808328675,7.146744142296526,4.637185539930533,3.1588606380192665,2.9041783051560093,2.004433864221978,1.835152592885992,1.3491752316825631,0.9396967676784482,0.9853436669084664,0.7970375861186288,0.8203736162707492
round1-8m-t150,delE=-2.5eV,scan_cloud_8m_t150_20260809/round1/strict_round1_q130.csv,1,12,eliminated,r1_wc2p3_eta1p6em4,2.3,0.00016,narrow,8000000,3,150.0,130.0,0.8671183608432675,120-130,False,0 5 6 7 8 9,1 2 3 4,0.000498590380313911,0.00011573696814224638,0.003070526763784476,0.011643287378939118,0.002101286109608823,6.722356005184338e-11,291.85921783331816,59.219142389768315,31.87148079173203,11.487046932182546,10.331470660866257,6.8760251686839275,4.829312529437013,3.5653786945282646,2.6114595071689957,1.6026805618428663,1.4487558963376514,1.2007799232561462,0.8671183608432675,0.8903855945540953,0.7554562514162595
round2-8m-t150,delE=-2.5eV,scan_cloud_8m_t150_20260809/round2/strict_round2_pool_q130.csv,2,1,retained,r2_wc0p20_eta4em5,0.2,4e-05,ultranarrow,8000000,3,150.0,130.0,2.1509962506310285,120-130,False,0 5 6 7 8 9,1 2 3 4,1.0506866074321484e-05,2.868472246942444e-05,0.00029099331783285994,0.0005777170169759059,7.137684620308245e-05,7.682565694722143e-11,218.72224432251338,50.25106927794922,24.05376160037258,15.627623248714198,11.16251085185728,8.142312362580121,6.4659718151183005,5.482976498249038,3.847579823388409,3.5268962439515734,3.097895284291959,2.3723883035020434,2.1509962506310285,1.624118618920644,1.5615343149269076
round2-8m-t150,delE=-2.5eV,scan_cloud_8m_t150_20260809/round2/strict_round2_pool_q130.csv,2,2,retained,r2_wc0p40_eta8em5,0.4,8e-05,ultranarrow,8000000,3,150.0,130.0,2.150606660743798,120-130,False,0 5 6 7 8 9,1 2 3 4,5.324688120785058e-05,5.963107363321349e-05,0.0008630470145873168,0.002433067277347741,0.0002792960618822818,7.412825908659215e-11,208.4403385986481,65.37409347549021,26.913002400345707,16.62096372592021,11.324513729462304,7.786683951385267,5.338330211971485,4.44224001499248,3.8059346138612686,2.8868272857255053,2.734305285391926,2.2149261273744125,2.150606660743798,1.6412018207982713,1.3145355029799288
round2-8m-t150,delE=-2.5eV,scan_cloud_8m_t150_20260809/round2/strict_round2_pool_q130.csv,2,3,retained,r1_wc0p2_eta5em5,0.2,5e-05,ultranarrow,8000000,3,150.0,130.0,2.1053590479382898,120-130,False,0 5 6 7 8 9,1 2 3 4,1.7338370333409493e-05,3.629066123991432e-05,0.00041020092517953216,0.0009331225432252447,0.00010021937492726928,8.210410129549928e-11,218.74679328659616,59.42806471948865,23.54874423731638,16.57818889873243,10.28135872130879,7.945421893685126,5.814682335414389,5.278377185524272,4.120977904833926,3.0189400843496985,3.0149495377480444,2.3606163712967403,2.1053590479382898,2.142285892281103,1.6515015739401642
round2-8m-t150,delE=-2.5eV,scan_cloud_8m_t150_20260809/round2/strict_round2_pool_q130.csv,2,4,retained,r2_wc0p10_eta4em5,0.1,4e-05,ultranarrow,8000000,3,150.0,130.0,2.0727625792762283,120-130,False,0 5 6 7 8 9,1 2 3 4,1.0983710218310779e-05,2.8839367127436154e-05,0.0002931517424642969,0.0005560255418482001,6.863674387740959e-05,7.664979762012081e-11,149.34212659223272,58.009171828218605,27.76244403545587,15.987613516902822,10.861090280856422,8.51405591624106,5.951832761473916,4.945264154095112,4.189104751833697,3.419907702279707,2.788231169037104,2.350129446345818,2.0727625792762283,1.8819206457812163,1.7179132689631893
round2-8m-t150,delE=-2.5eV,scan_cloud_8m_t150_20260809/round2/strict_round2_pool_q130.csv,2,5,retained,r2_wc0p30_eta6em5,0.3,6e-05,ultranarrow,8000000,3,150.0,130.0,2.0236870580503776,120-130,False,0 5 6 7 8 9,1 2 3 4,2.5178227322786705e-05,4.407533882793991e-05,0.0005394415727598338,0.0013165448799647512,0.00014168478738775503,8.214229296754638e-11,198.21289377243176,56.646163633206434,26.983307800657517,18.08454739307129,12.57635683046496,7.346707087945661,5.847543505694239,4.565806822126992,3.4981009741436457,3.479106328357453,2.496180670257511,2.1570901364842405,2.0236870580503776,1.6968506561179337,1.7598572810176678
round2-8m-t150,delE=-2.5eV,scan_cloud_8m_t150_20260809/round2/strict_round2_pool_q130.csv,2,6,eliminated,r2_wc1p2_eta1em4,1.2,0.0001,narrow,8000000,3,150.0,130.0,1.805239339139341,110-120,False,0 5 6 7 8 9,1 2 3 4,0.000116886785038991,7.264724134166242e-05,0.0012184534665385489,0.003234097908345512,0.0004553428884590731,8.126654904572206e-11,195.86589830937604,42.79754467753947,28.562491519338728,12.664434415917217,9.502255370532627,7.283375484557967,5.566226391288519,4.6131492472393685,3.1751589348071168,3.1758407517541345,2.223877763871206,1.805239339139341,1.8304701102918715,1.0287991161287704,1.1634598323394814
round2-8m-t150,delE=-2.5eV,scan_cloud_8m_t150_20260809/round2/strict_round2_pool_q130.csv,2,7,eliminated,r1_wc0p05_eta1em4,0.05,0.0001,ultranarrow,8000000,3,150.0,130.0,1.707767990693404,120-130,False,0 5 6 7 8 9,1 2 3 4,0.00010739471154198424,7.806978029310698e-05,0.0013365059683991256,0.003530348835663979,0.0005002731649755984,8.130385253934946e-11,228.84882721403562,72.01083706754369,31.438493892931255,17.67222136686317,10.380887437414271,8.155420114126155,6.082903108668426,4.671067040748372,3.716205874709204,3.4904735241684666,2.783671761114807,2.2172029786120833,1.707767990693404,1.7539749815456147,1.3418119895391858
round2-8m-t150,delE=-2.5eV,scan_cloud_8m_t150_20260809/round2/strict_round2_pool_q130.csv,2,8,eliminated,r2_wc0p10_eta1em4,0.1,0.0001,ultranarrow,8000000,3,150.0,130.0,1.6843848397211816,120-130,False,0 5 6 7 8 9,1 2 3 4,0.00010630932812690213,7.776256097160576e-05,0.0013294723986432223,0.003945165282972039,0.0004982515072259273,8.112177596331094e-11,294.471260452442,68.3798229319225,32.5427449573203,16.853747332404726,10.521235479825702,7.985903485788728,5.700524925051072,4.34256798250884,3.8255040772299145,2.8909041810798244,2.306447226754294,2.0347662649738574,1.6843848397211816,1.682188416925645,1.360357615994064
round2-8m-t150,delE=-2.5eV,scan_cloud_8m_t150_20260809/round2/strict_round2_pool_q130.csv,2,9,eliminated,r2_wc0p025_eta8em5,0.025,8e-05,ultranarrow,8000000,3,150.0,130.0,1.6840750046728505,120-130,False,0 5 6 7 8 9,1 2 3 4,5.865727932945484e-05,6.12242435553252e-05,0.0008944650021698206,0.0023402468933851387,0.00026708484413745113,7.410783098293905e-11,314.4944026557932,70.08935008090869,26.48717402580103,18.753751349084297,9.709912494178473,8.08792109072926,6.369304354170707,5.238572121482669,3.5472711711202676,3.216882793457465,2.4004385200770892,2.1123398187009768,1.6840750046728505,1.5512252020984525,1.6541846571408612
round2-8m-t150,delE=-2.5eV,scan_cloud_8m_t150_20260809/round2/strict_round2_pool_q130.csv,2,10,eliminated,r2_wc0p05_eta1p2em4,0.05,0.00012,ultranarrow,8000000,3,150.0,130.0,1.6795557632602276,120-130,False,0 5 6 7 8 9,1 2 3 4,0.00020541093995664466,9.621778112638465e-05,0.001955065567935547,0.005523885346601635,0.0008129807837522809,7.974065852067724e-11,225.63106609549573,69.16965643175939,26.906346331393333,16.63193024757895,10.818874943331183,8.166363972147833,6.436523091210795,4.694929180005747,4.278054647499476,2.8119013526825865,2.4717756768472423,2.0552397698804947,1.6795557632602276,1.4706138295316273,1.1696594713661668
round2-8m-t150,delE=-2.5eV,scan_cloud_8m_t150_20260809/round2/strict_round2_pool_q130.csv,2,11,eliminated,r2_wc0p65_eta1em4,0.65,0.0001,ultranarrow,8000000,3,150.0,130.0,1.5766751378399115,120-130,False,0 5 6 7 8 9,1 2 3 4,0.00010958936824314912,7.509367306572634e-05,0.0012591634931703628,0.0034613834419596544,0.00047191668093024574,8.126210815362356e-11,163.31694227579118,63.46930514151795,34.46830937063779,16.309610358114853,12.374942783408097,7.989388967929409,6.166543605488637,4.625783897298223,3.8062902835494006,2.7016623608570742,2.428316793819362,1.8674362481868172,1.5766751378399115,1.4317847767903884,1.2937573054673088
round2-8m-t150,delE=-2.5eV,scan_cloud_8m_t150_20260809/round2/strict_round2_pool_q130.csv,2,12,eliminated,r1_wc0p5_eta1em4,0.5,0.0001,ultranarrow,8000000,3,150.0,130.0,1.5490423368102788,120-130,False,0 5 6 7 8 9,1 2 3 4,0.00010812256316803951,7.585723443685571e-05,0.0012805988413673696,0.003913816877221263,0.0005244054165191801,8.139799945183768e-11,222.43193208129543,61.804036630234776,30.982943187168846,17.71711496174961,11.697544667373904,8.193332166886274,7.033204128465717,4.740537342965889,3.689160566953885,3.0399173359001557,2.1453076435583442,1.5580538545506792,1.5490423368102788,1.1791548479794376,1.0438599373089779
round2-8m-t150,delE=-2.5eV,scan_cloud_8m_t150_20260809/round2/strict_round2_pool_q130.csv,2,13,eliminated,r2_wc0p50_eta1p2em4,0.5,0.00012,ultranarrow,8000000,3,150.0,130.0,1.5125781110253205,120-130,False,0 5 6 7 8 9,1 2 3 4,0.00020806960613708425,9.305317370050369e-05,0.0018379541573464169,0.006725961030495887,0.0008000568023370143,7.966072246290423e-11,194.52059144362144,79.92454871329147,27.994039653342476,16.888733756908184,10.334036450929146,7.889835266120145,5.214021717417632,4.395545827913826,3.4281115240958355,2.797976464696623,2.2222524715913043,1.9925600628659306,1.5125781110253205,1.269254717432415,1.0839370120665155
round2-8m-t150,delE=-2.5eV,scan_cloud_8m_t150_20260809/round2/strict_round2_pool_q130.csv,2,14,eliminated,r1_wc1p0_eta1p2em4,1.0,0.00012,narrow,8000000,3,150.0,130.0,1.4657935368182227,120-130,False,0 5 6 7 8 9,1 2 3 4,0.0002121373694489296,9.002796359089217e-05,0.0018231223430140552,0.005846470347760411,0.0008865172346223514,7.979039651218045e-11,307.70660009267914,56.47956948828734,32.35566658135141,13.667754214187687,11.465865720185738,7.192493755945741,5.6663127861330045,4.181241773539441,2.7165658375802435,3.056018651903947,2.204664563790334,1.4934920242523075,1.4657935368182227,1.1843401377622371,0.895676781691916
round2-8m-t150,delE=-2.5eV,scan_cloud_8m_t150_20260809/round2/strict_round2_pool_q130.csv,2,15,eliminated,r2_wc1p0_eta1p4em4,1.0,0.00014,narrow,8000000,3,150.0,130.0,1.4308962974535395,120-130,False,0 5 6 7 8 9,1 2 3 4,0.00029442864292602357,0.00010748100589550191,0.002516533654063906,0.009308923071516114,0.0011790480456867814,8.064837686561077e-11,200.88112835227022,73.00902193615622,31.71641138392249,14.922833086340114,10.759093862361581,8.423000771152152,5.469761744732496,4.300680776322215,3.085081298859597,2.8486816175706293,1.8193489765633886,1.4921920148328454,1.4308962974535395,1.0301181457833894,0.8891264124437961
round2-8m-t150,delE=-2.5eV,scan_cloud_8m_t150_20260809/round2/strict_round2_pool_q130.csv,2,16,eliminated,r2_wc0p80_eta1em4,0.8,0.0001,ultranarrow,8000000,3,150.0,130.0,1.411117171847709,120-130,False,0 5 6 7 8 9,1 2 3 4,0.00011629410022847201,7.433139251810918e-05,0.001251454822106779,0.003924026521876807,0.00046220952240182383,8.125056183416746e-11,279.91809556422464,78.06050226680844,29.26248614078592,14.461854034320476,9.786199707639424,8.186044201185656,5.153179166424364,4.6224176104377515,3.4159841889804086,2.9407308440023514,2.2942087281351604,1.8171245009146786,1.411117171847709,1.3378871818887146,1.1334814786916467
round3-8m-t150,delE=-2.5eV,scan_cloud_8m_t150_20260809/round3/strict_round3_pool_q130.csv,3,1,retained,r3_wc0p20_eta3p5em5,0.2,3.5e-05,ultranarrow,8000000,3,150.0,130.0,2.230435397778576,120-130,False,0 5 6 7 8 9,1 2 3 4,7.243521586257617e-06,2.4873856075789464e-05,0.0002423190798429086,0.0004426161294188517,5.4304159135754684e-05,8.23074941536106e-11,184.57613360249698,61.4318406311634,24.595373270166593,15.998479707284904,9.432999458271306,7.736828257492357,5.471190276931256,4.880863876072058,4.259984619469998,3.497764529042073,2.8397916587696943,2.6524856910921004,2.230435397778576,2.0103907637035747,1.7898033956459167
round3-8m-t150,delE=-2.5eV,scan_cloud_8m_t150_20260809/round3/strict_round3_pool_q130.csv,3,2,retained,r3_wc0p12_eta2p4em5,0.12,2.4e-05,ultranarrow,8000000,3,150.0,130.0,2.208064852250869,120-130,False,0 5 6 7 8 9,1 2 3 4,3.280118940612813e-06,1.6752006296737598e-05,0.00014829298850731518,0.00028798920441973374,2.904753993489347e-05,8.184475319694684e-11,239.75381975828103,61.973029452054305,24.110706718324703,15.590827404267584,9.897702169419722,7.705194864683599,6.5955629927310016,4.921894822635121,4.008068440706888,3.953455763556856,2.9207300802350726,2.6106549435591293,2.208064852250869,1.9734056416193324,1.9000583287699286
round3-8m-t150,delE=-2.5eV,scan_cloud_8m_t150_20260809/round3/strict_round3_pool_q130.csv,3,3,retained,r3_wc0p25_eta5em5,0.25,5e-05,ultranarrow,8000000,3,150.0,130.0,2.205272523701732,120-130,False,0 5 6 7 8 9,1 2 3 4,1.77112524003091e-05,3.6257127254013264e-05,0.0004055087198418631,0.0008844852689794796,0.00010710194986084578,8.215295110858278e-11,185.0157341746783,62.924693021293706,25.885518878132682,17.07503258218451,9.619669477294755,6.952492740560368,5.911209487976933,4.958713636730512,4.174233073370791,3.5371107915852518,2.5906312370238354,2.512765181990736,2.205272523701732,1.772045755783177,1.4711871195254107
round3-8m-t150,delE=-2.5eV,scan_cloud_8m_t150_20260809/round3/strict_round3_pool_q130.csv,3,4,retained,r3_wc0p15_eta3em5,0.15,3e-05,ultranarrow,8000000,3,150.0,130.0,2.176728705102988,120-130,False,0 5 6 7 8 9,1 2 3 4,5.860555519927935e-06,2.119421398988575e-05,0.00019862869692977917,0.00036521892611557464,4.257935786796229e-05,8.222134084689969e-11,274.42811754826386,47.02278212330955,21.12989687781823,16.032937666600123,8.716287826109937,8.051720280938513,5.92093429516364,4.651052735397426,3.863641538202057,3.6451453433609076,3.0204683567852384,2.447097117885935,2.176728705102988,2.0886560684054745,1.7634457886112658
round3-8m-t150,delE=-2.5eV,scan_cloud_8m_t150_20260809/round3/strict_round3_pool_q130.csv,3,5,retained,r2_wc0p20_eta4em5,0.2,4e-05,ultranarrow,8000000,3,150.0,130.0,2.1509962506310285,120-130,False,0 5 6 7 8 9,1 2 3 4,1.0506866074321484e-05,2.868472246942444e-05,0.00029099331783285994,0.0005777170169759059,7.137684620308245e-05,7.682565694722143e-11,218.72224432251338,50.25106927794922,24.05376160037258,15.627623248714198,11.16251085185728,8.142312362580121,6.4659718151183005,5.482976498249038,3.847579823388409,3.5268962439515734,3.097895284291959,2.3723883035020434,2.1509962506310285,1.624118618920644,1.5615343149269076
round3-8m-t150,delE=-2.5eV,scan_cloud_8m_t150_20260809/round3/strict_round3_pool_q130.csv,3,6,retained,r2_wc0p40_eta8em5,0.4,8e-05,ultranarrow,8000000,3,150.0,130.0,2.150606660743798,120-130,False,0 5 6 7 8 9,1 2 3 4,5.324688120785058e-05,5.963107363321349e-05,0.0008630470145873168,0.002433067277347741,0.0002792960618822818,7.412825908659215e-11,208.4403385986481,65.37409347549021,26.913002400345707,16.62096372592021,11.324513729462304,7.786683951385267,5.338330211971485,4.44224001499248,3.8059346138612686,2.8868272857255053,2.734305285391926,2.2149261273744125,2.150606660743798,1.6412018207982713,1.3145355029799288
round3-8m-t150,delE=-2.5eV,scan_cloud_8m_t150_20260809/round3/strict_round3_pool_q130.csv,3,7,eliminated,r3_wc0p22_eta4p4em5,0.22,4.4e-05,ultranarrow,8000000,3,150.0,130.0,2.129779509042999,120-130,False,0 5 6 7 8 9,1 2 3 4,1.3952381984564191e-05,3.168155665829987e-05,0.0003368383539770201,0.0006496540470062576,8.224756167046486e-05,6.38715746958951e-11,198.7625905598544,54.872295039000235,24.04164531278961,17.671416426837446,9.592608074562234,8.32724088280972,6.140586418725634,4.671109948462025,4.191170348454157,3.050142010156722,3.1162146170140956,2.5528185662068323,2.129779509042999,2.1109964088383584,1.5111852494151086
round3-8m-t150,delE=-2.5eV,scan_cloud_8m_t150_20260809/round3/strict_round3_pool_q130.csv,3,8,eliminated,r3_wc0p28_eta5p6em5,0.28,5.6e-05,ultranarrow,8000000,3,150.0,130.0,2.1073461080745246,120-130,False,0 5 6 7 8 9,1 2 3 4,2.1866613379243665e-05,4.0906013696701336e-05,0.0004744217488424219,0.001032758459130943,0.0001305212224293228,7.965805792764513e-11,166.48848107148635,68.27112649536765,27.45582302316357,16.59977606816921,9.654903745711604,8.208380754676053,5.469585489450733,4.694143882504998,3.7613128601191193,3.508734012263531,2.7451853722490327,2.5056036482388238,2.1073461080745246,1.634140297664327,1.265314937473017
round3-8m-t150,delE=-2.5eV,scan_cloud_8m_t150_20260809/round3/strict_round3_pool_q130.csv,3,9,eliminated,r1_wc0p2_eta5em5,0.2,5e-05,ultranarrow,8000000,3,150.0,130.0,2.1053590479382898,120-130,False,0 5 6 7 8 9,1 2 3 4,1.7338370333409493e-05,3.629066123991432e-05,0.00041020092517953216,0.0009331225432252447,0.00010021937492726928,8.210410129549928e-11,218.74679328659616,59.42806471948865,23.54874423731638,16.57818889873243,10.28135872130879,7.945421893685126,5.814682335414389,5.278377185524272,4.120977904833926,3.0189400843496985,3.0149495377480444,2.3606163712967403,2.1053590479382898,2.142285892281103,1.6515015739401642
round3-8m-t150,delE=-2.5eV,scan_cloud_8m_t150_20260809/round3/strict_round3_pool_q130.csv,3,10,eliminated,r3_wc0p18_eta3p6em5,0.18,3.6e-05,ultranarrow,8000000,3,150.0,130.0,2.0809164054255347,120-130,False,0 5 6 7 8 9,1 2 3 4,7.2412188664970456e-06,2.5623657663926842e-05,0.0002569654920335655,0.0004889133194001794,6.038392948188834e-05,8.252154515275834e-11,150.35773695533715,59.574729755943096,25.73131538989299,16.60603218299626,9.6377928495891,7.240953523104626,5.0404188610761755,5.332105010018412,3.772001603209209,3.4166670485387467,2.830736142381799,2.8357533516092217,2.0809164054255347,1.9323406114982111,1.867543499439254
round3-8m-t150,delE=-2.5eV,scan_cloud_8m_t150_20260809/round3/strict_round3_pool_q130.csv,3,11,eliminated,r2_wc0p10_eta4em5,0.1,4e-05,ultranarrow,8000000,3,150.0,130.0,2.0727625792762283,120-130,False,0 5 6 7 8 9,1 2 3 4,1.0983710218310779e-05,2.8839367127436154e-05,0.0002931517424642969,0.0005560255418482001,6.863674387740959e-05,7.664979762012081e-11,149.34212659223272,58.009171828218605,27.76244403545587,15.987613516902822,10.861090280856422,8.51405591624106,5.951832761473916,4.945264154095112,4.189104751833697,3.419907702279707,2.788231169037104,2.350129446345818,2.0727625792762283,1.8819206457812163,1.7179132689631893
round3-8m-t150,delE=-2.5eV,scan_cloud_8m_t150_20260809/round3/strict_round3_pool_q130.csv,3,12,eliminated,r3_wc0p40_eta7em5,0.4,7e-05,ultranarrow,8000000,3,150.0,130.0,2.0611185776126835,120-130,False,0 5 6 7 8 9,1 2 3 4,4.720743259189618e-05,5.17090745851059e-05,0.0006864856218851079,0.001505628802029871,0.00020339664024325568,7.610623242726433e-11,225.21062275002035,62.06331923909338,28.298688094186776,16.308918260071653,12.166856545536309,8.463553093097095,5.807811735334469,4.384846678589204,3.7344553635822826,3.084084592719452,2.9253924512948353,2.6239520249313353,2.0611185776126835,1.4444940786982663,1.3883678004810251
round3-8m-t150,delE=-2.5eV,scan_cloud_8m_t150_20260809/round3/strict_round3_pool_q130.csv,3,13,eliminated,r2_wc0p30_eta6em5,0.3,6e-05,ultranarrow,8000000,3,150.0,130.0,2.0236870580503776,120-130,False,0 5 6 7 8 9,1 2 3 4,2.5178227322786705e-05,4.407533882793991e-05,0.0005394415727598338,0.0013165448799647512,0.00014168478738775503,8.214229296754638e-11,198.21289377243176,56.646163633206434,26.983307800657517,18.08454739307129,12.57635683046496,7.346707087945661,5.847543505694239,4.565806822126992,3.4981009741436457,3.479106328357453,2.496180670257511,2.1570901364842405,2.0236870580503776,1.6968506561179337,1.7598572810176678
round3-8m-t150,delE=-2.5eV,scan_cloud_8m_t150_20260809/round3/strict_round3_pool_q130.csv,3,14,eliminated,r3_wc0p36_eta7p2em5,0.36,7.2e-05,ultranarrow,8000000,3,150.0,130.0,1.8982886252369844,120-130,False,0 5 6 7 8 9,1 2 3 4,4.401791221496094e-05,5.339981416421201e-05,0.0007055543517499681,0.0016927480272973157,0.00021509018194453556,7.886491459885292e-11,225.4473858650513,65.42604933331837,31.101812462342387,16.610792336816278,10.645891646052029,7.629289412278268,5.764484376901,4.910945896502567,3.820042895584826,3.190656013089248,2.5224154511150694,2.1032020708241554,1.8982886252369844,1.48065096982372,1.364539909392887
round3-8m-t150,delE=-2.5eV,scan_cloud_8m_t150_20260809/round3/strict_round3_pool_q130.csv,3,15,eliminated,r3_wc0p20_eta4p5em5,0.2,4.5e-05,ultranarrow,8000000,3,150.0,130.0,1.8685225677559574,120-130,False,0 5 6 7 8 9,1 2 3 4,1.2736957548786207e-05,3.250885630101698e-05,0.0003443139480726586,0.0007703678109756501,8.863819781909051e-05,7.203659890819836e-11,253.0958193284895,63.18217050324269,26.802305022277437,16.09317825165907,11.00003534402073,7.68192557819474,5.613823450373605,4.639712532472871,4.384343730310421,3.180779961424867,2.7643066762181667,2.738837953934018,1.8685225677559574,1.8771566812145877,1.4659162691967431
round3-8m-t150,delE=-2.5eV,scan_cloud_8m_t150_20260809/round3/strict_round3_pool_q130.csv,3,16,eliminated,r3_wc0p32_eta6p4em5,0.32,6.4e-05,ultranarrow,8000000,3,150.0,130.0,1.7618676835664846,120-130,False,0 5 6 7 8 9,1 2 3 4,3.2979381140100916e-05,4.702221563552937e-05,0.0005944862003372409,0.001393922201073784,0.00016605283539026372,7.491429698802676e-11,229.55002198742287,60.864064742791676,29.094015863472503,18.56782063368694,9.695739880616818,8.696571163882442,5.534708471939224,4.718505838970417,3.8949094026346702,3.4353849390436872,2.9341415718424586,2.026623552524296,1.7618676835664846,1.7911625571911087,1.5227650795649093
round3-8m-t150,delE=-2.5eV,scan_cloud_8m_t150_20260809/round3/strict_round3_pool_q130.csv,3,17,eliminated,r3_wc0p45_eta9em5,0.45,9e-05,ultranarrow,8000000,3,150.0,130.0,1.5488939274328934,120-130,False,0 5 6 7 8 9,1 2 3 4,8.88891419302796e-05,6.767363579489307e-05,0.0010697415372578675,0.003668093637049713,0.00038098453571487427,7.828671044762814e-11,201.73080629204352,60.51842995658362,27.784695751418614,15.91973842250825,10.112513328584265,7.9248623471452255,6.9331086038830545,5.252570917690244,3.7248972470347983,2.97945187874733,2.6334392228627093,2.0953119286403585,1.5488939274328934,1.5928449455906752,1.2073262779165514
round4-8m-t150,delE=-2.5eV,scan_cloud_8m_t150_20260809/round4/strict_round4_pool_q130.csv,4,1,retained,r4_wc0p12_eta2em5,0.12,2e-05,ultranarrow,8000000,3,150.0,130.0,2.3354108771524893,120-130,False,0 5 6 7 8 9,1 2 3 4,2.212948912021528e-06,1.3883756168244229e-05,0.00011816813340579157,0.000191596231377557,2.1986997036709354e-05,7.94733168163475e-11,129.6510290212173,46.1377006752686,16.705458727890854,11.461172275697248,8.919704360032911,6.944200776459518,5.12356999129286,4.153911246338555,4.3528775193997955,3.6039692988208234,3.0973003415769953,2.8720758791864176,2.3354108771524893,1.9423597121272298,1.6811254917495773
round4-8m-t150,delE=-2.5eV,scan_cloud_8m_t150_20260809/round4/strict_round4_pool_q130.csv,4,2,retained,r4_wc0p20_eta2p5em5,0.2,2.5e-05,ultranarrow,8000000,3,150.0,130.0,2.332701258535331,120-130,False,0 5 6 7 8 9,1 2 3 4,3.416709579520579e-06,1.7428814704437356e-05,0.00015475049307143838,0.0002651913200701509,3.133747981110519e-05,7.541700597357703e-11,180.5396655975552,49.370414353511265,19.850652851027863,14.154100289008179,10.378088724528121,7.579944992543994,5.545646278371889,4.946567167712658,3.6834250008317815,3.5063171968374407,2.9678126055839917,2.4909648609216237,2.332701258535331,1.8245042451476707,1.7843670576054391
round4-8m-t150,delE=-2.5eV,scan_cloud_8m_t150_20260809/round4/strict_round4_pool_q130.csv,4,3,retained,r4_wc0p12_eta2p8em5,0.12,2.8e-05,ultranarrow,8000000,3,150.0,130.0,2.2798310009830693,120-130,False,0 5 6 7 8 9,1 2 3 4,4.22762312722246e-06,1.9719427965974137e-05,0.00017810134036699802,0.0003293632124414018,3.6168835203709866e-05,8.167155840510532e-11,163.48478071911032,60.76583029862145,23.09537206132411,16.52439785263396,8.981056463672955,7.73217933148608,6.263894591447642,5.023697487431107,3.8677070441622265,3.8085441211702515,2.92109435471359,2.5799763271906673,2.2798310009830693,2.045339218531558,1.6661200169258392
round4-8m-t150,delE=-2.5eV,scan_cloud_8m_t150_20260809/round4/strict_round4_pool_q130.csv,4,4,retained,r4_wc0p20_eta3p75em5,0.2,3.75e-05,ultranarrow,8000000,3,150.0,130.0,2.259501440608674,120-130,False,0 5 6 7 8 9,1 2 3 4,9.362295516384901e-06,2.6771171478794358e-05,0.0002696337200716758,0.0005247488671661337,5.829596007404978e-05,6.995293233558186e-11,222.84509351818517,62.21653861530811,25.385824497597984,17.976977385571864,9.935137772732107,7.871450860326086,6.521884981926862,4.928682379207323,3.9709855081133414,3.2521701180724483,2.490774921179491,2.5488988512431803,2.259501440608674,1.8773049810006195,2.0020407293807563
round4-8m-t150,delE=-2.5eV,scan_cloud_8m_t150_20260809/round4/strict_round4_pool_q130.csv,4,5,retained,r3_wc0p20_eta3p5em5,0.2,3.5e-05,ultranarrow,8000000,3,150.0,130.0,2.230435397778576,120-130,False,0 5 6 7 8 9,1 2 3 4,7.243521586257617e-06,2.4873856075789464e-05,0.0002423190798429086,0.0004426161294188517,5.4304159135754684e-05,8.23074941536106e-11,184.57613360249698,61.4318406311634,24.595373270166593,15.998479707284904,9.432999458271306,7.736828257492357,5.471190276931256,4.880863876072058,4.259984619469998,3.497764529042073,2.8397916587696943,2.6524856910921004,2.230435397778576,2.0103907637035747,1.7898033956459167
round4-8m-t150,delE=-2.5eV,scan_cloud_8m_t150_20260809/round4/strict_round4_pool_q130.csv,4,6,retained,r3_wc0p12_eta2p4em5,0.12,2.4e-05,ultranarrow,8000000,3,150.0,130.0,2.208064852250869,120-130,False,0 5 6 7 8 9,1 2 3 4,3.280118940612813e-06,1.6752006296737598e-05,0.00014829298850731518,0.00028798920441973374,2.904753993489347e-05,8.184475319694684e-11,239.75381975828103,61.973029452054305,24.110706718324703,15.590827404267584,9.897702169419722,7.705194864683599,6.5955629927310016,4.921894822635121,4.008068440706888,3.953455763556856,2.9207300802350726,2.6106549435591293,2.208064852250869,1.9734056416193324,1.9000583287699286
round4-8m-t150,delE=-2.5eV,scan_cloud_8m_t150_20260809/round4/strict_round4_pool_q130.csv,4,7,eliminated,r3_wc0p25_eta5em5,0.25,5e-05,ultranarrow,8000000,3,150.0,130.0,2.205272523701732,120-130,False,0 5 6 7 8 9,1 2 3 4,1.77112524003091e-05,3.6257127254013264e-05,0.0004055087198418631,0.0008844852689794796,0.00010710194986084578,8.215295110858278e-11,185.0157341746783,62.924693021293706,25.885518878132682,17.07503258218451,9.619669477294755,6.952492740560368,5.911209487976933,4.958713636730512,4.174233073370791,3.5371107915852518,2.5906312370238354,2.512765181990736,2.205272523701732,1.772045755783177,1.4711871195254107
round4-8m-t150,delE=-2.5eV,scan_cloud_8m_t150_20260809/round4/strict_round4_pool_q130.csv,4,8,eliminated,r4_wc0p20_eta3em5,0.2,3e-05,ultranarrow,8000000,3,150.0,130.0,2.2047305789241545,120-130,False,0 5 6 7 8 9,1 2 3 4,4.990197774581502e-06,2.1128321563602492e-05,0.00019873605087689883,0.00036169764833413753,4.243450927571402e-05,8.221956449006029e-11,175.10797912971077,48.34249937271847,20.759728315769856,16.21894071571013,8.533646118377455,6.040453939798907,5.27865586413807,4.651084345936192,3.843492688600128,3.172690958582257,2.941328943074488,2.4612638553530095,2.2047305789241545,1.9798029322740778,1.6405226577445717
round4-8m-t150,delE=-2.5eV,scan_cloud_8m_t150_20260809/round4/strict_round4_pool_q130.csv,4,9,eliminated,r4_wc0p16_eta2p8em5,0.16,2.8e-05,ultranarrow,8000000,3,150.0,130.0,2.2027399370148686,120-130,False,0 5 6 7 8 9,1 2 3 4,4.473092326326267e-06,1.9697387667976494e-05,0.00018022559417396277,0.0003350010419176954,3.8315492868722304e-05,8.185185862430444e-11,196.1391965742453,54.42067734387345,24.953355320320643,15.284560667424925,8.77531236832284,6.419415313016715,6.921834006053935,4.8768634601017835,3.901674415819959,3.4844662172331473,2.9090860941308123,2.2722604230006507,2.2027399370148686,2.162288839878044,1.8012055243962
round4-8m-t150,delE=-2.5eV,scan_cloud_8m_t150_20260809/round4/strict_round4_pool_q130.csv,4,10,eliminated,r3_wc0p15_eta3em5,0.15,3e-05,ultranarrow,8000000,3,150.0,130.0,2.176728705102988,120-130,False,0 5 6 7 8 9,1 2 3 4,5.860555519927935e-06,2.119421398988575e-05,0.00019862869692977917,0.00036521892611557464,4.257935786796229e-05,8.222134084689969e-11,274.42811754826386,47.02278212330955,21.12989687781823,16.032937666600123,8.716287826109937,8.051720280938513,5.92093429516364,4.651052735397426,3.863641538202057,3.6451453433609076,3.0204683567852384,2.447097117885935,2.176728705102988,2.0886560684054745,1.7634457886112658
round4-8m-t150,delE=-2.5eV,scan_cloud_8m_t150_20260809/round4/strict_round4_pool_q130.csv,4,11,eliminated,r4_wc0p24_eta4p2em5,0.24,4.2e-05,ultranarrow,8000000,3,150.0,130.0,2.1572364113772595,120-130,False,0 5 6 7 8 9,1 2 3 4,1.0882045020569699e-05,3.0095071636987973e-05,0.0003103046931561025,0.0006470114704409164,7.469161539471862e-05,7.454037387333301e-11,181.57752171941456,62.08237654007966,23.213066300317223,13.17522034765119,11.408651707673602,7.411039618539891,6.04566767058098,4.329565884267315,3.7938923099881268,3.3796918433846925,2.8547959303786574,2.712633639019056,2.1572364113772595,1.9233415190794967,1.6601521916294182
round4-8m-t150,delE=-2.5eV,scan_cloud_8m_t150_20260809/round4/strict_round4_pool_q130.csv,4,12,eliminated,r4_wc0p15_eta2p5em5,0.15,2.5e-05,ultranarrow,8000000,3,150.0,130.0,2.1571077718424463,120-130,False,0 5 6 7 8 9,1 2 3 4,4.206461355625105e-06,1.7474263485527344e-05,0.0001560773184467559,0.0002859330219339248,3.064777396534388e-05,7.570832849523867e-11,144.4621756817378,54.87943525835103,21.4919418838091,14.078623859922468,10.249651771853,7.740241697942672,5.833153668104702,4.7110238627428185,3.5870434147165855,3.5047969402950923,2.820755966812175,2.521679600916446,2.1571077718424463,2.000770345328766,1.9088453056744834
round4-8m-t150,delE=-2.5eV,scan_cloud_8m_t150_20260809/round4/strict_round4_pool_q130.csv,4,13,eliminated,r2_wc0p20_eta4em5,0.2,4e-05,ultranarrow,8000000,3,150.0,130.0,2.1509962506310285,120-130,False,0 5 6 7 8 9,1 2 3 4,1.0506866074321484e-05,2.868472246942444e-05,0.00029099331783285994,0.0005777170169759059,7.137684620308245e-05,7.682565694722143e-11,218.72224432251338,50.25106927794922,24.05376160037258,15.627623248714198,11.16251085185728,8.142312362580121,6.4659718151183005,5.482976498249038,3.847579823388409,3.5268962439515734,3.097895284291959,2.3723883035020434,2.1509962506310285,1.624118618920644,1.5615343149269076
round4-8m-t150,delE=-2.5eV,scan_cloud_8m_t150_20260809/round4/strict_round4_pool_q130.csv,4,14,eliminated,r2_wc0p40_eta8em5,0.4,8e-05,ultranarrow,8000000,3,150.0,130.0,2.150606660743798,120-130,False,0 5 6 7 8 9,1 2 3 4,5.324688120785058e-05,5.963107363321349e-05,0.0008630470145873168,0.002433067277347741,0.0002792960618822818,7.412825908659215e-11,208.4403385986481,65.37409347549021,26.913002400345707,16.62096372592021,11.324513729462304,7.786683951385267,5.338330211971485,4.44224001499248,3.8059346138612686,2.8868272857255053,2.734305285391926,2.2149261273744125,2.150606660743798,1.6412018207982713,1.3145355029799288
round4-8m-t150,delE=-2.5eV,scan_cloud_8m_t150_20260809/round4/strict_round4_pool_q130.csv,4,15,eliminated,r4_wc0p18_eta3p15em5,0.18,3.15e-05,ultranarrow,8000000,3,150.0,130.0,2.091322190465299,120-130,False,0 5 6 7 8 9,1 2 3 4,6.6525895255401864e-06,2.2242151154723993e-05,0.0002082319857741518,0.0004051789347360633,4.6704176940517236e-05,7.846789884524696e-11,241.27667235342906,55.87217930672805,23.03963664800062,16.26413766956242,9.50067632548023,7.235148159457659,5.752225066089095,4.883697148625906,3.6777197056371707,3.217074485433061,2.7889062706961423,2.513285630783213,2.091322190465299,1.4913321405043842,1.6912207720986587
round4-8m-t150,delE=-2.5eV,scan_cloud_8m_t150_20260809/round4/strict_round4_pool_q130.csv,4,16,eliminated,r4_wc0p20_eta3p25em5,0.2,3.25e-05,ultranarrow,8000000,3,150.0,130.0,2.0686095755285083,120-130,False,0 5 6 7 8 9,1 2 3 4,7.428002704087153e-06,2.2976155538638164e-05,0.00021917461679385588,0.00040040496313395625,4.8841252978484544e-05,8.100631276874992e-11,190.65675609063044,57.67202998915655,25.01651268844152,15.91652820196405,9.416743055293226,7.965950555693062,6.309082275098935,4.545847384474446,4.146180536415572,3.0539036957379957,2.4388649568222562,2.742259402456533,2.0686095755285083,2.1539090267498233,1.4115658704751628
round4-8m-t150,delE=-2.5eV,scan_cloud_8m_t150_20260809/round4/strict_round4_pool_q130.csv,4,17,eliminated,r4_wc0p22_eta3p85em5,0.22,3.85e-05,ultranarrow,8000000,3,150.0,130.0,2.0241367014201113,120-130,False,0 5 6 7 8 9,1 2 3 4,7.779419832766104e-06,2.7503608974797907e-05,0.0002742820351097539,0.0005463628588424318,6.50340376395827e-05,7.413092362185125e-11,163.33983527951273,51.4039419532906,27.421573092342147,15.208477031257125,10.319186972598125,7.859936007897074,5.625633556016967,4.4375049488278675,3.8176244509672093,3.4455576640995154,2.777695129828583,2.5878602642545787,2.0241367014201113,1.8034669331296547,1.4526758592022637
round4-8m-t150,delE=-2.5eV,scan_cloud_8m_t150_20260809/round4/strict_round4_pool_q130.csv,4,18,eliminated,r4_wc0p10_eta2em5,0.1,2e-05,ultranarrow,8000000,3,150.0,130.0,1.8936745698397843,120-130,False,0 5 6 7 8 9,1 2 3 4,2.268951931408948e-06,1.3912061691838004e-05,0.00011619806626987365,0.000198134273691562,2.2775357908844476e-05,7.932676737709699e-11,144.14782393374236,45.52721016267417,25.60791881946008,13.773995327413688,9.148422271476255,6.991774631663982,4.571161233146818,4.787608320097221,3.9405108532617525,3.1614672979083345,3.09663735440439,2.4680834822135123,1.8936745698397843,1.860607628903515,1.4513136099535708
round5-8m-t150,delE=-2.5eV,scan_cloud_8m_t150_20260809/round5/strict_round5_validated6_q130.csv,5,1,retained,r4_wc0p12_eta2p8em5,0.12,2.8e-05,ultranarrow,8000000,6,150.0,130.0,2.3233200362072384,120-130,False,0 5 6 7 8 9,1 2 3 4,4.054824851579567e-06,1.9688062181864643e-05,0.0001786255199952948,0.0003278337539831961,3.7748942958363714e-05,8.167155840510532e-11,195.21637274771376,60.06562641891541,22.54710725695131,16.003912809578832,9.289679420685262,7.595125799547135,5.925186773509474,5.028341888953568,4.28689003227534,3.463075281901465,2.9646746982233387,2.5346365121213297,2.3233200362072384,2.053915244589117,1.7871941315971211
round5-8m-t150,delE=-2.5eV,scan_cloud_8m_t150_20260809/round5/strict_round5_validated6_q130.csv,5,2,retained,r4_wc0p20_eta3p75em5,0.2,3.75e-05,ultranarrow,8000000,6,150.0,130.0,2.2619299456521746,120-130,False,0 5 6 7 8 9,1 2 3 4,9.154097362829873e-06,2.67570182434748e-05,0.00026749219529299643,0.0005006543755893498,6.101992262507865e-05,6.996536683345767e-11,204.54956127942245,61.03591835357396,26.38997934179009,17.790844843438666,10.004064931885319,8.239015638485142,6.2324507688937505,4.928483063016379,4.133241169149188,3.4734774924130014,2.683212685052365,2.744197442905857,2.2619299456521746,1.7530290649758589,1.8491524203820122
round5-8m-t150,delE=-2.5eV,scan_cloud_8m_t150_20260809/round5/strict_round5_validated6_q130.csv,5,3,eliminated,r4_wc0p12_eta2em5,0.12,2e-05,ultranarrow,8000000,6,150.0,130.0,2.239608217760349,120-130,False,0 5 6 7 8 9,1 2 3 4,2.218831530810694e-06,1.3878104891223635e-05,0.00011753971881887058,0.0001809728951502408,2.240238516201024e-05,7.94733168163475e-11,171.46072502495397,48.44179822711976,20.452195682259593,14.318901111464282,9.197085976929534,7.075913509581459,5.711394879028544,4.601709276067087,3.9031179156055007,3.542363237790866,2.932476887449719,2.5050787197050575,2.239608217760349,1.9811697041619158,1.8155368365187343
round5-8m-t150,delE=-2.5eV,scan_cloud_8m_t150_20260809/round5/strict_round5_validated6_q130.csv,5,4,eliminated,r4_wc0p20_eta2p5em5,0.2,2.5e-05,ultranarrow,8000000,6,150.0,130.0,2.2180828436370366,120-130,False,0 5 6 7 8 9,1 2 3 4,3.4285176937281074e-06,1.741730246559503e-05,0.00015435433844352388,0.00026016307899077166,3.1450166494849285e-05,7.542766411461344e-11,199.37403513879755,51.98826188059439,21.981249678966083,14.246606194856975,9.367827807314843,7.787860822896832,5.496291669242581,5.110653845573449,3.9517602823618008,3.5073774828290407,2.776837809392506,2.6167821611271043,2.2180828436370366,2.0428808740361237,1.879830674164071
round5-8m-t150,delE=-2.5eV,scan_cloud_8m_t150_20260809/round5/strict_round5_validated6_q130.csv,5,5,eliminated,r3_wc0p12_eta2p4em5,0.12,2.4e-05,ultranarrow,8000000,6,150.0,130.0,2.131805637140917,120-130,False,0 5 6 7 8 9,1 2 3 4,3.03581575336481e-06,1.676769139021005e-05,0.00014681678924275134,0.000259281972698333,2.937352258325086e-05,8.184475319694684e-11,204.76093766508203,61.08770579615576,23.606475056571767,16.8324057378466,9.507907977521059,7.625370775696691,6.3469602942071415,4.662278856452451,3.8147755515173776,3.733785022049356,3.0144289993077633,2.4920123335360427,2.131805637140917,2.0758630051404405,1.90069915841609
round5-8m-t150,delE=-2.5eV,scan_cloud_8m_t150_20260809/round5/strict_round5_validated6_q130.csv,5,6,eliminated,r3_wc0p20_eta3p5em5,0.2,3.5e-05,ultranarrow,8000000,6,150.0,130.0,2.079007749618373,120-130,False,0 5 6 7 8 9,1 2 3 4,6.620645609795252e-06,2.4876189355324776e-05,0.00024080838006966686,0.000465921081202748,5.364610109070389e-05,8.23119350457091e-11,204.65596596902705,60.396769093484956,24.24119752657214,16.14064025831758,10.077113985844516,7.817192848241036,5.568592636251452,4.696406866804492,4.142251163619169,3.580621493891601,2.764260730996673,2.6484646212646625,2.079007749618373,2.141072698444828,1.816427844863865
