#PATCH_CHECK: SepMBpoisson v0.61 exact-bernoulli stratified-backward active
#discretizing the bath:
#     0 0.0000000000000000e+00 -6.3189999999999946e-01
#     1 2.9814239699997198e-03 -2.4622045857688843e-01
#     2 2.9814239699997198e-03 -2.2855371519969711e-01
#     3 2.9814239699997198e-03 -2.1010374775363921e-01
#     4 2.9814239699997198e-03 -1.9090249533573209e-01
#     5 2.9814239699997198e-03 -1.7097828006084123e-01
#     6 2.9814239699997198e-03 -1.5035644247430058e-01
#     7 2.9814239699997198e-03 -1.2905983081752490e-01
#     8 2.9814239699997198e-03 -1.0710918473208636e-01
#     9 2.9814239699997198e-03 -8.4523441004006550e-02
#sampling: jump_strength=7.4535599249993013e-03 jump_probability=7.3984153925211070e-03 log_scale=7.4259194090766515e-03 back_replicas=12 stratify_forward=1
#adaptive measurement: gap=1.9924215274890855e-02 period_steps=631 nmeas=122 nwf=400 tmax=2.0000000000000000e+02 forced_stride=0
  0.00000000 +5.0000000000000000e+00 +1.9999999999999998e+00 +1.8374661879283106e-03 +1.0000000000000000e+00 +1.0000000000000000e+00 +1.0000000000000000e+00 +1.0000000000000000e+00 +1.0000000000000000e+00 +0.0000000000000000e+00 +0.0000000000000000e+00 +0.0000000000000000e+00 +0.0000000000000000e+00 +0.0000000000000000e+00
  0.50000000 +5.0000000000000000e+00 +1.9999999999932918e+00 +1.8418502330924593e-03 +9.9998886998722158e-01 +1.0000000000154432e+00 +1.0000000000154432e+00 +1.0000000000154432e+00 +1.0000000000154432e+00 +2.1731413849830175e-06 +2.2249543620264949e-06 +2.2377198781096718e-06 +2.2031778934140196e-06 +2.2910346805746998e-06
  1.00000000 +5.0000000000000000e+00 +1.9999999989117498e+00 +1.8540969818267457e-03 +9.9995776063726638e-01 +9.9999999995033262e-01 +9.9999999996837607e-01 +9.9999999995935429e-01 +9.9999999995033240e-01 +8.4515648856798152e-06 +8.4813522469041768e-06 +8.3547241711747356e-06 +8.3958231312132857e-06 +8.5559907157313395e-06
  1.50000000 +5.0000000000000000e+00 +2.0000000094737658e+00 +1.8717552768398381e-03 +9.9991284904199740e-01 +9.9999999976996656e-01 +9.9999999976761089e-01 +9.9999999982944199e-01 +9.9999999977464604e-01 +1.7620883788576035e-05 +1.7361554415086613e-05 +1.7223977869839560e-05 +1.7349933902318291e-05 +1.7595532006419838e-05
  2.00000000 +5.0000000000000000e+00 +1.9999999978514389e+00 +1.8914346415865441e-03 +9.9986268616645135e-01 +9.9999999914791482e-01 +9.9999999923428462e-01 +9.9999999928894723e-01 +9.9999999917925986e-01 +2.7952893940490333e-05 +2.7654815057993594e-05 +2.7226435612410597e-05 +2.7186088218827124e-05 +2.7296686914965065e-05
  2.50000000 +5.0000000000000000e+00 +1.9999999808111757e+00 +1.9091178199876445e-03 +9.9981743194241668e-01 +9.9999999776196713e-01 +9.9999999803623685e-01 +9.9999999805496720e-01 +9.9999999796916472e-01 +3.7718860732496833e-05 +3.7209539586544488e-05 +3.6287008576103017e-05 +3.5932838025626141e-05 +3.5427913532817018e-05
  3.00000000 +5.0000000000000000e+00 +1.9999999312864363e+00 +1.9213174783392890e-03 +9.9978594305538682e-01 +9.9999999554251806e-01 +9.9999999601867651e-01 +9.9999999605072221e-01 +9.9999999597667821e-01 +4.5353642549596264e-05 +4.4188242495407731e-05 +4.2431713200537474e-05 +4.1573072436997044e-05 +4.0526625554937458e-05
  3.50000000 +5.0000000000000000e+00 +1.9999999347018751e+00 +1.9255271171820141e-03 +9.9977463431859559e-01 +9.9999999235993409e-01 +9.9999999302496523e-01 +9.9999999309235654e-01 +9.9999999324912281e-01 +4.9018197323936051e-05 +4.7312422159648720e-05 +4.4650754295754249e-05 +4.3074837168084802e-05 +4.1337860857408715e-05
  4.00000000 +5.0000000000000000e+00 +1.9999999530028147e+00 +1.9212806399250542e-03 +9.9978479911428542e-01 +9.9999998833349890e-01 +9.9999998889725183e-01 +9.9999998954038416e-01 +9.9999998946323942e-01 +4.8551924878983109e-05 +4.5831067851995333e-05 +4.2657135363327523e-05 +4.0307422686816116e-05 +3.7896999024590055e-05
  4.50000000 +5.0000000000000000e+00 +1.9999999923998601e+00 +1.9086897304021230e-03 +9.9981628377045229e-01 +9.9999998390763623e-01 +9.9999998411394131e-01 +9.9999998520549360e-01 +9.9999998526534806e-01 +4.3387612305558317e-05 +4.0539115961115567e-05 +3.6405965661363380e-05 +3.3289139341655896e-05 +3.0155901827226552e-05
  5.00000000 +5.0000000000000000e+00 +2.0000000034728167e+00 +1.8917476931373061e-03 +9.9985909932985451e-01 +9.9999997926043838e-01 +9.9999998066987172e-01 +9.9999998078541563e-01 +9.9999998126070322e-01 +3.5108426325331418e-05 +3.1806467914093234e-05 +2.8128907753185478e-05 +2.4414278781010904e-05 +2.1520579082339230e-05
  5.50000000 +5.0000000000000000e+00 +2.0000000534682156e+00 +1.8727662782871027e-03 +9.9990748376409866e-01 +9.9999997508060912e-01 +9.9999997684376363e-01 +9.9999997811845220e-01 +9.9999997836067323e-01 +2.5763024453313462e-05 +2.1595515517579236e-05 +1.8844629705870206e-05 +1.4286622764538467e-05 +1.2118015945549961e-05
  6.00000000 +5.0000000000000000e+00 +2.0000000302909036e+00 +1.8549871419476691e-03 +9.9995322493140337e-01 +9.9999997168020649e-01 +9.9999997320253442e-01 +9.9999997609122138e-01 +9.9999997504531879e-01 +1.4990032118523485e-05 +1.1916718055987329e-05 +8.9864135942817376e-06 +6.4830777630956441e-06 +4.5027861739977388e-06
  6.50000000 +5.0000000000000000e+00 +1.9999998797373328e+00 +1.8438209989929133e-03 +9.9998255528030500e-01 +9.9999996999624385e-01 +9.9999997177630140e-01 +9.9999997312556621e-01 +9.9999997348529368e-01 +7.3017263690793553e-06 +4.4173458969373814e-06 +4.0651360032987058e-06 +2.1072031944953790e-06 -3.3505881436482738e-07
  7.00000000 +5.0000000000000000e+00 +1.9999999051601185e+00 +1.8403581895095635e-03 +9.9999253560659029e-01 +9.9999997176092548e-01 +9.9999997227446669e-01 +9.9999997270072116e-01 +9.9999997343798308e-01 +2.5729441099215318e-06 +1.4739285161559289e-06 +1.0876571289454589e-06 +9.5712420339040313e-07 +1.4826052953846292e-06
  7.50000000 +5.0000000000000000e+00 +1.9999997493151240e+00 +1.8439472640466594e-03 +9.9998461279910877e-01 +9.9999997004996188e-01 +9.9999997132112362e-01 +9.9999997386340478e-01 +9.9999997399886298e-01 +1.3731578973468133e-06 +2.1894268366329895e-06 +2.8048974325364404e-06 +3.8936263422404366e-06 +5.2368555625697535e-06
  8.00000000 +5.0000000000000000e+00 +1.9999997106313268e+00 +1.8569749465815674e-03 +9.9995248215995480e-01 +9.9999996880491338e-01 +9.9999996845010086e-01 +9.9999997184550327e-01 +9.9999997197935919e-01 +5.6820330908560729e-06 +6.9117882039169023e-06 +9.0628402522821075e-06 +1.1410785840239324e-05 +1.4569252382839993e-05
  8.50000000 +5.0000000000000000e+00 +1.9999996433291083e+00 +1.8711208748365300e-03 +9.9991701719909976e-01 +9.9999996248359702e-01 +9.9999996961094317e-01 +9.9999997046871969e-01 +9.9999996781388678e-01 +1.0961482212226764e-05 +1.4147013825931834e-05 +1.5653948439586587e-05 +2.0041616159384430e-05 +2.2308378759139345e-05
  9.00000000 +5.0000000000000000e+00 +1.9999996542243277e+00 +1.8907725185162640e-03 +9.9986695421892491e-01 +9.9999996282803827e-01 +9.9999996447268114e-01 +9.9999996922755419e-01 +9.9999996970683680e-01 +2.0796124430263960e-05 +2.4655993449267698e-05 +2.6310040566814841e-05 +2.9676147772173199e-05 +3.1741232647202101e-05
  9.50000000 +5.0000000000000000e+00 +1.9999997433073968e+00 +1.9060772320503851e-03 +9.9982725854321952e-01 +9.9999996558178494e-01 +9.9999996518212653e-01 +9.9999996536708124e-01 +9.9999996436531802e-01 +3.0395188937930950e-05 +3.2690918904970074e-05 +3.5446238347671439e-05 +3.6867788821471404e-05 +3.7480856105379052e-05
 10.00000000 +5.0000000000000000e+00 +1.9999992758205885e+00 +1.9175388244562050e-03 +9.9979678410279693e-01 +9.9999995883353865e-01 +9.9999995557621091e-01 +9.9999995829490862e-01 +9.9999996409638736e-01 +3.8205193339947538e-05 +4.1843660592608947e-05 +4.0965561872656513e-05 +4.0948902291933770e-05 +4.1415671358840004e-05
 10.50000000 +5.0000000000000000e+00 +1.9999994089637330e+00 +1.9205605705404636e-03 +9.9978747972758131e-01 +9.9999995414486353e-01 +9.9999995332875369e-01 +9.9999995051884571e-01 +9.9999994759239763e-01 +4.4550531663518954e-05 +4.5418620794526527e-05 +4.3195441487101897e-05 +4.0874288707265230e-05 +3.8675699854382649e-05
 11.00000000 +5.0000000000000000e+00 +1.9999990861622894e+00 +1.9153242589317939e-03 +9.9979909155138880e-01 +9.9999994163961292e-01 +9.9999993327168080e-01 +9.9999993861749381e-01 +9.9999994168190065e-01 +4.6953106039147755e-05 +4.5082476663943959e-05 +4.1596304478565237e-05 +3.6580074959782500e-05 +3.0941282898718768e-05
 11.50000000 +5.0000000000000000e+00 +1.9999989316364377e+00 +1.9060936217586831e-03 +9.9982119351119492e-01 +9.9999993661604192e-01 +9.9999992811104965e-01 +9.9999992887625655e-01 +9.9999993634436979e-01 +4.4055387698021898e-05 +4.2389815274741052e-05 +3.7578341465383934e-05 +3.0547673476096815e-05 +2.4505275660678589e-05
 12.00000000 +5.0000000000000000e+00 +1.9999988153388635e+00 +1.8902355678603062e-03 +9.9986088596240774e-01 +9.9999991308337710e-01 +9.9999990339362588e-01 +9.9999991989464931e-01 +9.9999992094542633e-01 +3.9420147487765347e-05 +3.5933662316933261e-05 +2.7840717876793791e-05 +2.0419811071860368e-05 +1.5842446762265046e-05
 12.50000000 +5.0000000000000000e+00 +1.9999987762920266e+00 +1.8735795052101628e-03 +9.9990338327577621e-01 +9.9999991054423309e-01 +9.9999990957603591e-01 +9.9999991975954272e-01 +9.9999990869875344e-01 +3.2574090494260404e-05 +2.6518318073428198e-05 +1.9163585539423950e-05 +1.0519215723654857e-05 +8.1929052508818072e-06
 13.00000000 +5.0000000000000000e+00 +1.9999988072956310e+00 +1.8599164194916355e-03 +9.9993895834571889e-01 +9.9999990278260775e-01 +9.9999990395878702e-01 +9.9999990459675547e-01 +9.9999990221041946e-01 +2.2252184512584851e-05 +1.6677446148223508e-05 +1.0759475667088215e-05 +7.7019098624191207e-06 +4.0370955755761980e-06
 13.50000000 +5.0000000000000000e+00 +1.9999985394404833e+00 +1.8503647485039194e-03 +9.9996482929634967e-01 +9.9999990762699142e-01 +9.9999988728785971e-01 +9.9999990081897727e-01 +9.9999990612080281e-01 +1.4792465293651366e-05 +1.1639686186735547e-05 +6.9371237815751148e-06 +1.2867034446335926e-06 +9.1296493220140669e-07
 14.00000000 +5.0000000000000000e+00 +1.9999988607522350e+00 +1.8449467397971782e-03 +9.9998064180260782e-01 +9.9999989323485361e-01 +9.9999989731498107e-01 +9.9999988180340871e-01 +9.9999989713481774e-01 +5.2811502047865257e-06 +4.2901909445331668e-06 +1.2540493282479505e-06 +4.5478077054997547e-06 +4.4155623498837893e-06
 14.50000000 +5.0000000000000000e+00 +1.9999984926202268e+00 +1.8504413621522628e-03 +9.9996859879233790e-01 +9.9999989729971495e-01 +9.9999988911043103e-01 +9.9999988990860345e-01 +9.9999988788011573e-01 +4.6925367974677222e-06 +3.3765943459296912e-06 +4.2316419350718534e-06 +7.3473259015165179e-06 +1.2188850790701464e-05
 15.00000000 +5.0000000000000000e+00 +1.9999987462706703e+00 +1.8594168651874996e-03 +9.9994739211247397e-01 +9.9999988760139391e-01 +9.9999990038963693e-01 +9.9999990082655377e-01 +9.9999990418372220e-01 +4.0218182283766610e-06 +5.6270057026173890e-06 +1.0186929068932671e-05 +1.4277555214971225e-05 +1.8901524233084040e-05
 15.50000000 +5.0000000000000000e+00 +1.9999981963508486e+00 +1.8703119404939617e-03 +9.9992050892901296e-01 +9.9999988785494476e-01 +9.9999987511861166e-01 +9.9999990338088440e-01 +9.9999989795855404e-01 +4.9910439667243019e-06 +9.8647102976248564e-06 +1.4393147451829456e-05 +2.3954162019244569e-05 +2.6723774532628516e-05
 16.00000000 +5.0000000000000000e+00 +1.9999971431379786e+00 +1.8858418226125671e-03 +9.9988103050116484e-01 +9.9999990124651816e-01 +9.9999987717274885e-01 +9.9999989416582447e-01 +9.9999992894213396e-01 +1.2837986573306849e-05 +1.8441704126124406e-05 +2.3720761036903499e-05 +2.9452980722877354e-05 +3.4914586546254978e-05
 16.50000000 +5.0000000000000000e+00 +1.9999961827149533e+00 +1.9004253842354174e-03 +9.9984296997937439e-01 +9.9999991219544726e-01 +9.9999987554977876e-01 +9.9999988805250062e-01 +9.9999989486718899e-01 +2.5168116181814654e-05 +2.9209878822079536e-05 +3.0336117184697542e-05 +3.6427888012362993e-05 +3.6317398447240484e-05
 17.00000000 +5.0000000000000000e+00 +1.9999968747797903e+00 +1.9116745567054768e-03 +9.9981263046659719e-01 +9.9999989391155075e-01 +9.9999985751986398e-01 +9.9999988612132529e-01 +9.9999988392122241e-01 +3.4647930490328108e-05 +3.4111665009532602e-05 +4.0008512121906636e-05 +3.7694084341527416e-05 +4.1385853816354618e-05
 17.50000000 +5.0000000000000000e+00 +1.9999962158460816e+00 +1.9106644525010764e-03 +9.9981286470331621e-01 +9.9999990882340206e-01 +9.9999986139650732e-01 +9.9999989583009052e-01 +9.9999986637288274e-01 +3.8970682891214315e-05 +4.0720820256039648e-05 +4.1582627746958313e-05 +3.4148900976799493e-05 +3.2179798754304071e-05
 18.00000000 +5.0000000000000000e+00 +1.9999962924139629e+00 +1.9086238945591645e-03 +9.9981580797911418e-01 +9.9999989489310548e-01 +9.9999991841410718e-01 +9.9999985573158146e-01 +9.9999986699125298e-01 +4.1104212171292869e-05 +4.5499822530122232e-05 +3.6191782950016086e-05 +3.3828176059462055e-05 +2.8031944672370415e-05
 18.50000000 +5.0000000000000000e+00 +1.9999955698502596e+00 +1.8995510359240142e-03 +9.9983726781641613e-01 +9.9999989502974285e-01 +9.9999984072733006e-01 +9.9999984923894170e-01 +9.9999983977782958e-01 +4.2556378606501534e-05 +4.2702347916792434e-05 +3.2887838129875654e-05 +2.5801777581547053e-05 +1.9359092285113628e-05
 19.00000000 +5.0000000000000000e+00 +1.9999957766972096e+00 +1.8914997028741012e-03 +9.9985684060454194e-01 +9.9999981875637511e-01 +9.9999983647761881e-01 +9.9999982556750000e-01 +9.9999981875897848e-01 +4.2216518779167469e-05 +3.5859134097345726e-05 +2.7174469543696358e-05 +2.4569597098893005e-05 +1.4040139419386686e-05
 19.50000000 +5.0000000000000000e+00 +1.9999953795847902e+00 +1.8767999981062402e-03 +9.9989414257639841e-01 +9.9999981562532914e-01 +9.9999984712361656e-01 +9.9999983818094151e-01 +9.9999985054175999e-01 +3.4260759569941267e-05 +2.8180604947404431e-05 +2.1187719874282443e-05 +1.4952995167935510e-05 +7.9239165418781481e-06
 20.00000000 +5.0000000000000000e+00 +1.9999962281654604e+00 +1.8652866896675573e-03 +9.9992460559963003e-01 +9.9999980281669754e-01 +9.9999977599959355e-01 +9.9999982756436234e-01 +9.9999980258794841e-01 +2.7647534701909639e-05 +2.1720477034543725e-05 +1.3403598553240575e-05 +7.6233675873241078e-06 +5.7904432576942970e-06
 20.50000000 +5.0000000000000000e+00 +1.9999957533409818e+00 +1.8595439548113055e-03 +9.9994069284718357e-01 +9.9999977375307370e-01 +9.9999980903059338e-01 +9.9999986216354775e-01 +9.9999981774897562e-01 +2.8269661777432441e-05 +1.3309233432983032e-05 +4.2515169134467664e-06 +5.5829009858160494e-06 +8.6311273709495445e-06
 21.00000000 +5.0000000000000000e+00 +1.9999967694475469e+00 +1.8548348158842487e-03 +9.9995524248989631e-01 +9.9999982769942941e-01 +9.9999979263126637e-01 +9.9999977724472000e-01 +9.9999977452315969e-01 +1.5761869513467802e-05 +1.2572484545555381e-05 +2.6995497456846115e-06 +5.6477571047949148e-06 +8.9037405791411241e-06
 21.50000000 +5.0000000000000000e+00 +1.9999968251578164e+00 +1.8601266141463383e-03 +9.9994382788211933e-01 +9.9999989884013607e-01 +9.9999979217988699e-01 +9.9999974722734064e-01 +9.9999976101288290e-01 +1.0242795382924636e-05 +7.0785558013879059e-06 +1.0512749668670811e-05 +1.5057878674230100e-05 +1.4080890010894790e-05
 22.00000000 +5.0000000000000000e+00 +1.9999966354996184e+00 +1.8609126285046849e-03 +9.9994350443399138e-01 +9.9999984211807835e-01 +9.9999978577326287e-01 +9.9999980441483727e-01 +9.9999986248020323e-01 +2.3228881657968280e-06 +6.3508189472040651e-06 +8.6433681828614589e-06 +1.6589206491292398e-05 +2.3294439478249847e-05
 22.50000000 +5.0000000000000000e+00 +1.9999967461020161e+00 +1.8772335946278835e-03 +9.9990278729988247e-01 +9.9999981687372042e-01 +9.9999981339499022e-01 +9.9999981760985368e-01 +9.9999979118676008e-01 +9.0306701550768988e-06 +1.3128496792967570e-05 +1.8141885279935948e-05 +2.7101949464111882e-05 +3.0570705540448107e-05
 23.00000000 +5.0000000000000000e+00 +1.9999969389524381e+00 +1.8864158966143644e-03 +9.9987994070761521e-01 +9.9999984376566808e-01 +9.9999980283838685e-01 +9.9999984229652061e-01 +9.9999977747303481e-01 +1.7968219768390431e-05 +1.5791559040714472e-05 +2.5055819326192666e-05 +2.8541162151039151e-05 +3.3436183819336871e-05
 23.50000000 +5.0000000000000000e+00 +1.9999959048888911e+00 +1.8924779424458439e-03 +9.9986329286869691e-01 +9.9999986417088105e-01 +9.9999973907009798e-01 +9.9999987433518900e-01 +9.9999971930811815e-01 +2.0656317584081486e-05 +2.3483775228792173e-05 +2.8973727749467742e-05 +3.3941750878735965e-05 +3.0454748274334063e-05
 24.00000000 +5.0000000000000000e+00 +1.9999958005920633e+00 +1.9039254123105343e-03 +9.9983280046087109e-01 +9.9999981304806096e-01 +9.9999979658029414e-01 +9.9999973870020920e-01 +9.9999979375066195e-01 +2.1742151444722363e-05 +3.5128128725405050e-05 +3.8894216498827469e-05 +3.9833046868077754e-05 +3.2459868989558550e-05
 24.50000000 +5.0000000000000000e+00 +1.9999954314234465e+00 +1.9013567291857234e-03 +9.9983681403763558e-01 +9.9999982677153532e-01 +9.9999981819457251e-01 +9.9999984375860207e-01 +9.9999975773666361e-01 +3.6049348926367258e-05 +3.5517149222357987e-05 +3.4580540083262195e-05 +2.9308194966596420e-05 +2.8484301503835743e-05
 25.00000000 +5.0000000000000000e+00 +1.9999964087481941e+00 +1.9010151303415063e-03 +9.9983578934820083e-01 +9.9999989514717358e-01 +9.9999982901387374e-01 +9.9999964903433636e-01 +9.9999967799440170e-01 +3.5912523448398278e-05 +4.3586740248956092e-05 +3.1146630587519480e-05 +3.0386323760488674e-05 +2.4127255864681108e-05
 25.50000000 +5.0000000000000000e+00 +1.9999951733752048e+00 +1.8920541871034495e-03 +9.9985683917850998e-01 +9.9999986041455624e-01 +9.9999979302213693e-01 +9.9999985630512156e-01 +9.9999973189134828e-01 +3.8212624908120028e-05 +3.9303405313368310e-05 +3.2831233866061070e-05 +1.7927959708012045e-05 +1.5643920778926608e-05
 26.00000000 +5.0000000000000000e+00 +1.9999943129034288e+00 +1.8869338530932813e-03 +9.9986876078194709e-01 +1.0000000516949117e+00 +9.9999977763602788e-01 +9.9999978719063620e-01 +9.9999981463836229e-01 +4.1278744256064052e-05 +3.1721840702048887e-05 +3.1203105330234741e-05 +2.2202278774775981e-05 +5.4020877787030338e-06
 26.50000000 +5.0000000000000000e+00 +1.9999939985000672e+00 +1.8795316502442810e-03 +9.9988752727897690e-01 +9.9999985341794084e-01 +9.9999971396501930e-01 +9.9999969328288851e-01 +9.9999969485284468e-01 +4.0357101603665124e-05 +2.6088927873766223e-05 +3.0239689907784435e-05 +7.8228691402812526e-06 +9.0086563181870952e-06
 27.00000000 +5.0000000000000000e+00 +1.9999952724470815e+00 +1.8676605555016737e-03 +9.9991909313620020e-01 +9.9999964244187711e-01 +9.9999984598087432e-01 +9.9999978707001791e-01 +9.9999964740509029e-01 +3.1491323429612648e-05 +1.9627132599817618e-05 +1.6240038728050708e-05 +5.4917260628112350e-06 +9.1337228314948009e-06
 27.50000000 +5.0000000000000000e+00 +1.9999942378227580e+00 +1.8646815215827418e-03 +9.9992789166296236e-01 +9.9999978863024419e-01 +9.9999977838303611e-01 +9.9999965196156737e-01 +9.9999982962074718e-01 +2.6044114841590366e-05 +2.5216020347054886e-05 +8.1072292004889245e-06 +7.6040069749512617e-06 +6.0883882286422959e-06
 28.00000000 +5.0000000000000000e+00 +1.9999925733477424e+00 +1.8654844399165356e-03 +9.9992714754327139e-01 +9.9999978243012777e-01 +9.9999972699300710e-01 +9.9999975977103328e-01 +9.9999964423943499e-01 +2.2861954307321121e-05 +1.4835790112254815e-05 +7.5108843668300819e-06 +1.7517438337197464e-05 +1.1212937884312390e-05
 28.50000000 +5.0000000000000000e+00 +1.9999939491968843e+00 +1.8714157810269386e-03 +9.9991416571832936e-01 +9.9999967644850152e-01 +9.9999969652677412e-01 +9.9999979014082241e-01 +9.9999970142068595e-01 +1.8534967750396355e-05 +1.4777194380589389e-05 +1.3369886212661861e-05 +1.6380405751534140e-05 +2.3907255025377823e-05
 29.00000000 +5.0000000000000000e+00 +1.9999932680782344e+00 +1.8696011308922990e-03 +9.9992084369345735e-01 +9.9999977745957125e-01 +9.9999959576955399e-01 +9.9999963864743246e-01 +9.9999964339685654e-01 +8.7380262401546093e-06 +1.4258965282381226e-05 +1.5456143123452911e-05 +2.0713215924599421e-05 +2.1334746282299615e-05
 29.50000000 +5.0000000000000000e+00 +1.9999949566355124e+00 +1.8728116299701486e-03 +9.9991400060209401e-01 +9.9999998664920842e-01 +9.9999988299742026e-01 +9.9999982703260859e-01 +9.9999968494107361e-01 +1.2272910867621445e-05 +1.3592505465779976e-05 +1.1809503899016024e-05 +2.6358869592553006e-05 +2.2583985219735832e-05
 30.00000000 +5.0000000000000000e+00 +1.9999942665260848e+00 +1.8838880552249522e-03 +9.9988496735682297e-01 +9.9999989260441990e-01 +9.9999961925284364e-01 +9.9999984216827664e-01 +9.9999961987464747e-01 +1.8091348636209854e-05 +1.5796005766153159e-05 +2.5139301139128761e-05 +2.9788908805397453e-05 +2.7243154316983701e-05
 30.50000000 +5.0000000000000000e+00 +1.9999942149887475e+00 +1.8885204223956381e-03 +9.9987198147565937e-01 +9.9999992620983635e-01 +9.9999994529691050e-01 +9.9999952614414878e-01 +9.9999960209386463e-01 +1.6227066693597919e-05 +2.5550594854089930e-05 +2.3241309432369803e-05 +3.6268949444392341e-05 +2.7730882940895084e-05
 31.00000000 +5.0000000000000000e+00 +1.9999938048949431e+00 +1.8836536002410462e-03 +9.9988325431972203e-01 +9.9999990569359187e-01 +9.9999970657844139e-01 +9.9999986114268113e-01 +9.9999955718659750e-01 +2.0687331724738868e-05 +2.3723922337922627e-05 +2.4241947503393552e-05 +2.7353704569831610e-05 +2.1708103285244580e-05
 31.50000000 +5.0000000000000000e+00 +1.9999935073589556e+00 +1.9050775073749776e-03 +9.9982723837446852e-01 +9.9999995822461363e-01 +9.9999971327290060e-01 +9.9999984456904667e-01 +9.9999978728546413e-01 +3.9584554474289981e-05 +3.3817156795197768e-05 +4.2099093449256496e-05 +3.2275416576019745e-05 +2.5682006059403832e-05
 32.00000000 +5.0000000000000000e+00 +1.9999933026690639e+00 +1.8833536477454082e-03 +9.9988068357852899e-01 +9.9999976932568913e-01 +9.9999960950600730e-01 +9.9999958974581038e-01 +9.9999970354936496e-01 +2.1566457198036093e-05 +3.3763553579101384e-05 +2.8083331031115854e-05 +2.1240886560731264e-05 +1.5990011129225072e-05
 32.50000000 +5.0000000000000000e+00 +1.9999941157879897e+00 +1.8879004216331469e-03 +9.9986836047004601e-01 +9.9999978658081268e-01 +9.9999971880102112e-01 +1.0000000199679608e+00 +9.9999963179213702e-01 +3.2478302539120542e-05 +3.6836470276625419e-05 +3.3593888625087497e-05 +1.9536865175921293e-05 +1.0036877666868701e-05
 33.00000000 +5.0000000000000000e+00 +1.9999952665970264e+00 +1.8894354218424924e-03 +9.9986414470920837e-01 +9.9999958688844759e-01 +9.9999983316518781e-01 +9.9999971000667764e-01 +9.9999966883320734e-01 +3.1899758886732474e-05 +3.9750395767530785e-05 +3.3872601906239901e-05 +2.5209328409626254e-05 +6.3243080882852513e-06
 33.50000000 +5.0000000000000000e+00 +1.9999933540374952e+00 +1.8871571635129631e-03 +9.9986983269792473e-01 +9.9999975654866025e-01 +9.9999961480761268e-01 +9.9999990958668439e-01 +9.9999968472735623e-01 +3.1552499071464201e-05 +3.8471546451326082e-05 +2.7321538048250137e-05 +2.3861581001472933e-05 +9.9944076022933392e-06
 34.00000000 +5.0000000000000000e+00 +1.9999939404216722e+00 +1.8755354304317209e-03 +9.9989902386167795e-01 +9.9999989041874426e-01 +9.9999993402598253e-01 +9.9999932734517749e-01 +9.9999967438568971e-01 +2.9985100711150535e-05 +2.7507356070084743e-05 +1.8203498498358686e-05 +8.6590988857047186e-06 +1.7794936178396187e-05
 34.50000000 +5.0000000000000000e+00 +1.9999935638946107e+00 +1.8683933968220851e-03 +9.9991913533753662e-01 +9.9999997650808803e-01 +9.9999965926541146e-01 +9.9999965229890087e-01 +9.9999961857774000e-01 +2.8804025494026138e-05 +2.1698239963415611e-05 +1.1927871973542365e-05 +8.1380709741714513e-06 +1.1389831511312186e-05
 35.00000000 +5.0000000000000000e+00 +1.9999933964143113e+00 +1.8702340990694754e-03 +9.9991519366245896e-01 +9.9999985734355756e-01 +9.9999984291755206e-01 +9.9999953171971812e-01 +9.9999962439714085e-01 +2.7552284217436576e-05 +1.0920193529119331e-05 +1.4908479363941466e-05 +9.6855986871166678e-06 +2.2883364503775207e-05
 35.50000000 +5.0000000000000000e+00 +1.9999938400689776e+00 +1.8678900244924607e-03 +9.9992377922145514e-01 +1.0000001176870033e+00 +9.9999991371608088e-01 +9.9999984579408352e-01 +9.9999960841900737e-01 +1.8832165320221202e-05 +5.2874264912362909e-06 +1.3711861015236329e-05 +1.0490222988698659e-05 +2.8413438259960638e-05
 36.00000000 +5.0000000000000000e+00 +1.9999912476393902e+00 +1.8866780475545089e-03 +9.9987568729716836e-01 +9.9999964489647120e-01 +9.9999975898718241e-01 +9.9999967523364486e-01 +9.9999956542316448e-01 +2.0584985229382976e-05 +1.6569764359781388e-05 +2.1761703764011443e-05 +3.3599193301222666e-05 +3.3152480701771862e-05
 36.50000000 +5.0000000000000000e+00 +1.9999898608620226e+00 +1.8807466329205098e-03 +9.9989189113596577e-01 +9.9999983770956569e-01 +9.9999954791867107e-01 +9.9999989799895672e-01 +9.9999887056501624e-01 +2.0597966884175212e-06 +2.1180297622830163e-05 +1.7612459076721801e-05 +3.8725286735108556e-05 +3.0376814599769673e-05
 37.00000000 +5.0000000000000000e+00 +1.9999895513241432e+00 +1.8784318839234284e-03 +9.9989728176367598e-01 +9.9999964710293465e-01 +9.9999983650924662e-01 +9.9999974718144202e-01 +9.9999923534317270e-01 +1.4276940571866122e-05 +1.7450936333328232e-05 +2.4044486652556756e-05 +2.3124881075008658e-05 +2.5354854930291723e-05
 37.50000000 +5.0000000000000000e+00 +1.9999888953814451e+00 +1.8863468296097378e-03 +9.9987717253204900e-01 +9.9999980086990203e-01 +9.9999983436589190e-01 +9.9999941974516726e-01 +9.9999939867636212e-01 +2.0909034805456283e-05 +2.2739279532687738e-05 +2.0440718329580718e-05 +3.3410102720215106e-05 +2.6874689387931568e-05
 38.00000000 +5.0000000000000000e+00 +1.9999871099058815e+00 +1.8815418312001801e-03 +9.9988890271755460e-01 +9.9999974715792739e-01 +9.9999979721275256e-01 +9.9999962796745534e-01 +9.9999966494715575e-01 +1.6110822548925721e-05 +2.1275191170824717e-05 +2.6501071505859379e-05 +3.3550588516223034e-05 +1.4822341730081590e-05
 38.50000000 +5.0000000000000000e+00 +1.9999887255330400e+00 +1.8856837849482205e-03 +9.9987715348991557e-01 +9.9999999351243130e-01 +9.9999995965486899e-01 +9.9999955572428312e-01 +9.9999958166551783e-01 +2.5969284513897185e-05 +2.2168843966146052e-05 +2.3320685242183515e-05 +2.6530818235316052e-05 +2.5766330921873400e-05
 39.00000000 +5.0000000000000000e+00 +1.9999876591907069e+00 +1.8901523357032345e-03 +9.9986415838003706e-01 +9.9999960773361951e-01 +9.9999977521675021e-01 +9.9999950476463906e-01 +9.9999924554149244e-01 +2.0718722679151090e-05 +3.5364973670935662e-05 +3.0166166189782214e-05 +3.1740689857817583e-05 +1.9717786179862392e-05
 39.50000000 +5.0000000000000000e+00 +1.9999896251839584e+00 +1.8938010625224415e-03 +9.9985565779304142e-01 +9.9999999293328734e-01 +9.9999968083980040e-01 +9.9999965138501345e-01 +9.9999925947387069e-01 +3.1615286513705415e-05 +4.5083466757806032e-05 +2.4638351448756335e-05 +1.6101496935040305e-05 +2.8318956451518357e-05
 40.00000000 +5.0000000000000000e+00 +1.9999894731507466e+00 +1.8917033600767891e-03 +9.9986093320599045e-01 +9.9999997027708454e-01 +9.9999969165628966e-01 +9.9999959640372105e-01 +9.9999933651027784e-01 +3.2881196934324397e-05 +4.1401885996224702e-05 +2.4711645287768784e-05 +1.6681417873178705e-05 +2.4795782279533593e-05
 40.50000000 +5.0000000000000000e+00 +1.9999893211217863e+00 +1.8896057162881095e-03 +9.9986620847142593e-01 +9.9999994762151545e-01 +9.9999970247247671e-01 +9.9999954142396630e-01 +9.9999941354453137e-01 +3.4147071956942714e-05 +3.7720408180788795e-05 +2.4784937077303393e-05 +1.7261322595286800e-05 +2.1272706624252420e-05
 41.00000000 +5.0000000000000000e+00 +1.9999891690970772e+00 +1.8875081311539421e-03 +9.9987148358935396e-01 +9.9999992496657986e-01 +9.9999971328836135e-01 +9.9999948644574876e-01 +9.9999949057663062e-01 +3.5412911583045078e-05 +3.4039033307180416e-05 +2.4858226817446117e-05 +1.7841211102044737e-05 +1.7749729481542733e-05
 41.50000000 +5.0000000000000000e+00 +1.9999890170766186e+00 +1.8854106046718262e-03 +9.9987675855978053e-01 +9.9999990231227753e-01 +9.9999972410394322e-01 +9.9999943146906822e-01 +9.9999956760657560e-01 +3.6678715814116094e-05 +3.0357761371081915e-05 +2.4931514508282908e-05 +1.8421083394132615e-05 +1.4226850847272664e-05
 42.00000000 +5.0000000000000000e+00 +1.9999899125195602e+00 +1.8837481000509228e-03 +9.9988164080044317e-01 +9.9999979738744449e-01 +9.9999962746170989e-01 +9.9999951802170362e-01 +9.9999958828218949e-01 +3.1428180846802334e-05 +2.9239603217163298e-05 +2.0043877039121552e-05 +2.2408039258467824e-05 +1.6708340777024732e-05
 42.50000000 +5.0000000000000000e+00 +1.9999908079785551e+00 +1.8820855656245562e-03 +9.9988652312863491e-01 +9.9999969246073028e-01 +9.9999953081774395e-01 +9.9999960457589054e-01 +9.9999960895817419e-01 +2.6177551747645253e-05 +2.8121425016851537e-05 +1.5156151944160658e-05 +2.6395066601139450e-05 +1.9189875195047570e-05
 43.00000000 +5.0000000000000000e+00 +1.9999917034536039e+00 +1.8804230013919256e-03 +9.9989140554435807e-01 +9.9999958753213491e-01 +9.9999943417204551e-01 +9.9999969113162945e-01 +9.9999962963452960e-01 +2.0926828514113414e-05 +2.7003226769607546e-05 +1.0268339221043771e-05 +3.0382165424069718e-05 +2.1671454102537568e-05
 43.50000000 +5.0000000000000000e+00 +1.9999925989447074e+00 +1.8787604073522291e-03 +9.9989628804761499e-01 +9.9999948260165838e-01 +9.9999933752461423e-01 +9.9999977768892012e-01 +9.9999965031125548e-01 +1.5676011143675311e-05 +2.5885008474892199e-05 +5.3804388674143429e-06 +3.4369335729180909e-05 +2.4153077500691154e-05
 44.00000000 +5.0000000000000000e+00 +1.9999923975792211e+00 +1.8793463169393190e-03 +9.9989428793284518e-01 +9.9999955070046342e-01 +9.9999934330183338e-01 +9.9999976050741979e-01 +9.9999950389111769e-01 +1.5848193710511598e-05 +2.5744770629318293e-05 +1.0824790059658558e-05 +3.2205834458307765e-05 +2.2930104553978626e-05
 44.50000000 +5.0000000000000000e+00 +1.9999921962093627e+00 +1.8799322392493599e-03 +9.9989228777464312e-01 +9.9999961880074728e-01 +9.9999934907917787e-01 +9.9999974332554642e-01 +9.9999935746780022e-01 +1.6020380016270007e-05 +2.5604529738497745e-05 +1.6269259475283141e-05 +3.0042286207284975e-05 +2.1707105050567092e-05
 45.00000000 +5.0000000000000000e+00 +1.9999919948351317e+00 +1.8805181742827654e-03 +9.9989028757300746e-01 +9.9999968690250995e-01 +9.9999935485664793e-01 +9.9999972614329968e-01 +9.9999921104130352e-01 +1.6192570061072322e-05 +2.5464285802331368e-05 +2.1713847118138952e-05 +2.7878690974582286e-05 +2.0484078989591539e-05
 45.50000000 +5.0000000000000000e+00 +1.9999917934565279e+00 +1.8811041220399515e-03 +9.9988828732793689e-01 +9.9999975500575145e-01 +9.9999936063424366e-01 +9.9999970896068036e-01 +9.9999906461162702e-01 +1.6364763845040331e-05 +2.5324038820719978e-05 +2.7158552992076999e-05 +2.5715048758669367e-05 +1.9261026370186912e-05
 46.00000000 +5.0000000000000000e+00 +1.9999920209463122e+00 +1.8818861362910333e-03 +9.9988620238890635e-01 +9.9999997941476637e-01 +9.9999956212369290e-01 +9.9999988085176639e-01 +9.9999909677763510e-01 +2.0858759523135878e-05 +3.2320874748687008e-05 +2.4862907976408917e-05 +2.4500108559760898e-05 +1.2735771502702778e-05
 46.50000000 +5.0000000000000000e+00 +1.9999922484701829e+00 +1.8826682677146357e-03 +9.9988411713748060e-01 +1.0000002038574058e+00 +9.9999976364333210e-01 +1.0000000527686081e+00 +9.9999912894846310e-01 +2.5353428555710426e-05 +3.9318759042328691e-05 +2.2566918994488032e-05 +2.3284986321197028e-05 +6.2095389285392586e-06
 47.00000000 +5.0000000000000000e+00 +1.9999924760281469e+00 +1.8834505163370944e-03 +9.9988203157358946e-01 +1.0000004283336767e+00 +9.9999996519316836e-01 +1.0000002247112108e+00 +9.9999916112411169e-01 +2.9848771094112660e-05 +4.6317691937284302e-05 +2.0270585969001671e-05 +2.2069682002061018e-05 -3.1767157206104095e-07
 47.50000000 +5.0000000000000000e+00 +1.9999927036202121e+00 +1.8842328821847547e-03 +9.9987994569716254e-01 +1.0000006528435872e+00 +1.0000001667732081e+00 +1.0000003966795801e+00 +9.9999919330458198e-01 +3.4344787289736627e-05 +5.3317673669263750e-05 +1.7973908822613976e-05 +2.0854195561423877e-05 -6.8458602189213697e-06
 48.00000000 +5.0000000000000000e+00 +1.9999919587012951e+00 +1.8844897121474049e-03 +9.9987885386802522e-01 +1.0000006102889716e+00 +9.9999987402912727e-01 +1.0000002539640060e+00 +9.9999922528600116e-01 +3.0201359643533949e-05 +4.5741212136319830e-05 +1.9780998748488752e-05 +2.4148549409431967e-05 +1.3104468336668459e-06
 48.50000000 +5.0000000000000000e+00 +1.9999912139313465e+00 +1.8847464907493338e-03 +9.9987776225723146e-01 +1.0000005677428661e+00 +9.9999958134358935e-01 +1.0000001112769723e+00 +9.9999925726102479e-01 +2.6058760597826038e-05 +3.8166265740192763e-05 +2.1587727293464784e-05 +2.7442244454279619e-05 +9.4651227922342968e-06
 49.00000000 +5.0000000000000000e+00 +1.9999904693103214e+00 +1.8850032180059454e-03 +9.9987667086471543e-01 +1.0000005252052677e+00 +9.9999928871657640e-01 +9.9999996861846985e-01 +9.9999928922965442e-01 +2.1916989904083090e-05 +3.0592834026433583e-05 +2.3394094565934378e-05 +3.0735280893567727e-05 +1.7618168146010048e-05
 49.50000000 +5.0000000000000000e+00 +1.9999897248381764e+00 +1.8852598939326402e-03 +9.9987557969041219e-01 +1.0000004826761748e+00 +9.9999899614807175e-01 +9.9999982598849102e-01 +9.9999932119189272e-01 +1.7776047313874712e-05 +2.3020916540775072e-05 +2.5200100674246509e-05 +3.4027658924818217e-05 +2.5769583384027569e-05
 50.00000000 +5.0000000000000000e+00 +1.9999916556163830e+00 +1.8862213809365427e-03 +9.9987383569823596e-01 +1.0000001655406279e+00 +9.9999909489155725e-01 +9.9999971721513869e-01 +9.9999926354311830e-01 +2.0124069304740931e-05 +2.3666466030941830e-05 +2.9276243943019511e-05 +3.3901097359671648e-05 +2.0955235684328778e-05
 50.50000000 +5.0000000000000000e+00 +1.9999935865618461e+00 +1.8871829512308199e-03 +9.9987209155498347e-01 +9.9999984837760825e-01 +9.9999919364359657e-01 +9.9999960843236402e-01 +9.9999920588934965e-01 +2.2472294696827665e-05 +2.4312071442882199e-05 +3.3352740314326953e-05 +3.3774524830923836e-05 +1.6140470933937139e-05
 51.00000000 +5.0000000000000000e+00 +1.9999955176745881e+00 +1.8881446048262943e-03 +9.9987034726063517e-01 +9.9999953118711282e-01 +9.9999929240419072e-01 +9.9999949964016532e-01 +9.9999914823058644e-01 +2.4820723516566008e-05 +2.4957732783862962e-05 +3.7429589834052935e-05 +3.3647941337150100e-05 +1.1325289078658752e-05
 51.50000000 +5.0000000000000000e+00 +1.9999974489546304e+00 +1.8891063417337910e-03 +9.9986860281517154e-01 +9.9999921396913805e-01 +9.9999939117334102e-01 +9.9999939083854139e-01 +9.9999909056682823e-01 +2.7169355790391625e-05 +2.5603450061152167e-05 +4.1506792548089520e-05 +3.3521346876925539e-05 +6.5096900642903477e-06
 52.00000000 +5.0000000000000000e+00 +1.9999979041104439e+00 +1.8874638950095491e-03 +9.9987257860905676e-01 +9.9999914326124584e-01 +9.9999947905983366e-01 +9.9999954130472490e-01 +9.9999900396002506e-01 +2.7535542489949643e-05 +2.9230042107711591e-05 +3.5696282896092082e-05 +3.2420414904312910e-05 +5.3715267833048290e-06
 52.50000000 +5.0000000000000000e+00 +1.9999983591714057e+00 +1.8858217905601505e-03 +9.9987655357441296e-01 +9.9999907256808851e-01 +9.9999956692801117e-01 +9.9999969173955183e-01 +9.9999891737127000e-01 +2.7901652878663918e-05 +3.2855878396895649e-05 +2.9886984115201092e-05 +3.1319712358514038e-05 +4.2336006878871697e-06
 53.00000000 +5.0000000000000000e+00 +1.9999988141375458e+00 +1.8841800282786154e-03 +9.9988052771149971e-01 +9.9999900188966151e-01 +9.9999965477787989e-01 +9.9999984214303272e-01 +9.9999883080055763e-01 +2.8267686980385988e-05 +3.6480959164921875e-05 +2.4078895826949915e-05 +3.0219239167819901e-05 +3.0959117039032845e-06
 53.50000000 +5.0000000000000000e+00 +1.9999992690088932e+00 +1.8825386080580065e-03 +9.9988450102057513e-01 +9.9999893122596017e-01 +9.9999974260944424e-01 +9.9999999251517679e-01 +9.9999874424788193e-01 +2.8633644818957397e-05 +4.0105284647909318e-05 +1.8272017653029592e-05 +2.9118995260551329e-05 +1.9584597572499709e-06
 54.00000000 +5.0000000000000000e+00 +1.9999991421392735e+00 +1.8826159788688664e-03 +9.9988470606387392e-01 +9.9999953051867352e-01 +9.9999975029652488e-01 +9.9999990745257750e-01 +9.9999852118432409e-01 +2.7243454269699263e-05 +3.1139834992510032e-05 +2.2021679726991213e-05 +2.6952048300839811e-05 +1.0227480728232994e-05
 54.50000000 +5.0000000000000000e+00 +1.9999990152963851e+00 +1.8826933333779190e-03 +9.9988491106397070e-01 +1.0000001296851178e+00 +9.9999975798198582e-01 +9.9999982240790053e-01 +9.9999829816776509e-01 +2.5853556629590525e-05 +2.2176274331561142e-05 +2.5770551757940954e-05 +2.4785557910618773e-05 +1.8494759440285923e-05
 55.00000000 +5.0000000000000000e+00 +1.9999988884802189e+00 +1.8827706715903150e-03 +9.9988511602087893e-01 +1.0000007287253325e+00 +9.9999976566582738e-01 +9.9999973738114034e-01 +9.9999807519818984e-01 +2.4463951806068263e-05 +1.3214602068116986e-05 +2.9518633995542200e-05 +2.2619523945606609e-05 +2.6760296443984172e-05
 55.50000000 +5.0000000000000000e+00 +1.9999987616907673e+00 +1.8828479935112056e-03 +9.9988532093461246e-01 +1.0000013276393582e+00 +9.9999977334805057e-01 +9.9999965237229127e-01 +9.9999785227558402e-01 +2.3074639706608560e-05 +4.2548176054834141e-06 +3.3265926689353157e-05 +2.0453946261582500e-05 +3.5024092289671201e-05
 56.00000000 +5.0000000000000000e+00 +1.9999966697103249e+00 +1.8832816052354279e-03 +9.9988341866987740e-01 +1.0000011420691761e+00 +9.9999937906541125e-01 +9.9999954788020606e-01 +9.9999829807513263e-01 +1.8716873425434156e-05 +1.1811363142874955e-05 +3.2232233189584198e-05 +2.2799786935045766e-05 +3.2653972445309255e-05
 56.50000000 +5.0000000000000000e+00 +1.9999945776508155e+00 +1.8837152333480752e-03 +9.9988151633324562e-01 +1.0000009564919805e+00 +9.9999898476786986e-01 +9.9999944338417135e-01 +9.9999874389152998e-01 +1.4358942441778891e-05 +1.9368194281126297e-05 +3.1198500621202352e-05 +2.5145716269936396e-05 +3.0283763021884758e-05
 57.00000000 +5.0000000000000000e+00 +1.9999924855122353e+00 +1.8841488778500776e-03 +9.9987961392471369e-01 +1.0000007709077710e+00 +9.9999859045542561e-01 +9.9999933888418735e-01 +9.9999918972477797e-01 +1.0000846746305161e-05 +2.6925311036429242e-05 +3.0164728981992691e-05 +2.7491734271280949e-05 +2.7913464014319134e-05
 57.50000000 +5.0000000000000000e+00 +1.9999903932945793e+00 +1.8845825387423627e-03 +9.9987771144427695e-01 +1.0000005853165468e+00 +9.9999819612807772e-01 +9.9999923438025351e-01 +9.9999963557487659e-01 +5.6425863296746463e-06 +3.4482713424976809e-05 +2.9130918269740080e-05 +2.9837840944106355e-05 +2.5543075417533410e-05
 58.00000000 +5.0000000000000000e+00 +1.9999915240918504e+00 +1.8864425653030373e-03 +9.9987372409215602e-01 +1.0000003564858839e+00 +9.9999899479554666e-01 +9.9999924259282069e-01 +9.9999976629218190e-01 +1.2599640243096831e-05 +3.5799919167485296e-05 +2.5173901306271829e-05 +2.7797274421339949e-05 +2.6544992004316760e-05
 58.50000000 +5.0000000000000000e+00 +1.9999926547597446e+00 +1.8883023790553302e-03 +9.9986973719623373e-01 +1.0000001276814015e+00 +9.9999979337163836e-01 +9.9999925080444818e-01 +9.9999989699453129e-01 +1.9555898189723642e-05 +3.7116974206542749e-05 +2.1217337070948390e-05 +2.5756941362797916e-05 +2.7546793960346233e-05
 59.00000000 +5.0000000000000000e+00 +1.9999937852982854e+00 +1.8901619800357622e-03 +9.9986575075643236e-01 +9.9999989890309582e-01 +1.0000005918563692e+00 +9.9999925901513631e-01 +1.0000000276819279e+00 +2.6511360306148870e-05 +3.8433878568011002e-05 +1.7261225486078281e-05 +2.3716841728416078e-05 +2.8548481305293328e-05
 59.50000000 +5.0000000000000000e+00 +1.9999949157074945e+00 +1.8920213682808436e-03 +9.9986176477267308e-01 +9.9999967015096214e-01 +1.0000013902497551e+00 +9.9999926722488508e-01 +1.0000001583543743e+00 +3.3466026728935045e-05 +3.9750632277745979e-05 +1.3305566473987776e-05 +2.1676975478139417e-05 +2.9550054058825023e-05
 60.00000000 +5.0000000000000000e+00 +1.9999942600669269e+00 +1.8897819167112753e-03 +9.9986708408948199e-01 +1.0000000832562355e+00 +1.0000010162405013e+00 +9.9999960084740591e-01 +9.9999987748363284e-01 +3.1835530728997597e-05 +3.5163879579185442e-05 +1.1412518623200746e-05 +2.6636122233663953e-05 +2.7290032864913466e-05
 60.50000000 +5.0000000000000000e+00 +1.9999936044119573e+00 +1.8875424159512369e-03 +9.9987240352313178e-01 +1.0000004963705831e+00 +1.0000006422230325e+00 +9.9999993447725510e-01 +9.9999959660672189e-01 +3.0204998914548040e-05 +3.0577026130724207e-05 +9.5194291908427216e-06 +3.1595377918877092e-05 +2.5029962028711207e-05
 61.00000000 +5.0000000000000000e+00 +1.9999929487425856e+00 +1.8853028659991070e-03 +9.9987772307362666e-01 +1.0000009094940048e+00 +1.0000002681973481e+00 +1.0000002681144327e+00 +9.9999931572364131e-01 +2.8574431284406339e-05 +2.5990071929042722e-05 +7.6262981755436511e-06 +3.6554742537367886e-05 +2.2769841548582605e-05
 61.50000000 +5.0000000000000000e+00 +1.9999922930588121e+00 +1.8830632668532651e-03 +9.9988304274096995e-01 +1.0000013226265012e+00 +9.9999989416344770e-01 +1.0000006017589387e+00 +9.9999903483439101e-01 +2.6943827837392406e-05 +2.1403016970821288e-05 +5.7331255759334273e-06 +4.1514216092725591e-05 +2.0509671422891948e-05
 62.00000000 +5.0000000000000000e+00 +1.9999927848009933e+00 +1.8772692314597073e-03 +9.9989887791300103e-01 +1.0000011457518880e+00 +9.9999984810385933e-01 +1.0000003847600618e+00 +9.9999905353775476e-01 +2.0580393182760807e-05 +1.6448753490780701e-05 +1.0227563004329388e-05 +3.9622718780016363e-05 +1.3810491247113878e-05
 62.50000000 +5.0000000000000000e+00 +1.9999932766636515e+00 +1.8714737765193404e-03 +9.9991471696467182e-01 +1.0000009688339406e+00 +9.9999980203298611e-01 +1.0000001677080201e+00 +9.9999907224570095e-01 +1.4215399477701480e-05 +1.1493276209229322e-05 +1.4723101576207673e-05 +3.7730758047808958e-05 +7.1096697627838444e-06
 63.00000000 +5.0000000000000000e+00 +1.9999937686468314e+00 +1.8656769015104140e-03 +9.9993055989740787e-01 +1.0000007918726426e+00 +9.9999975595082413e-01 +9.9999995060279356e-01 +9.9999909095823114e-01 +7.8488461491899113e-06 +6.5365846800378790e-06 +1.9219741696290407e-05 +3.5838333725774837e-05 +4.0720636664360343e-07
 63.50000000 +5.0000000000000000e+00 +1.9999942607505774e+00 +1.8598786059109216e-03 +9.9994640671263557e-01 +1.0000006148679776e+00 +9.9999970985736919e-01 +9.9999973344436266e-01 +9.9999910967534689e-01 +1.4807326239207336e-06 +1.5786784568584579e-06 +2.3717483769498084e-05 +3.3945445643502035e-05 -6.2968995448607657e-06
 64.00000000 +5.0000000000000000e+00 +1.9999910156599250e+00 +1.8583261178427746e-03 +9.9994980219072127e-01 +1.0000003116286049e+00 +9.9999969521200915e-01 +9.9999923696660464e-01 +9.9999882480959401e-01 +1.5089631473210830e-06 -3.5761638655629608e-06 +1.9979038256673660e-05 +3.5548729426962786e-05 -1.3313678592797886e-06
 64.50000000 +5.0000000000000000e+00 +1.9999877709513851e+00 +1.8567738125818221e-03 +9.9995319726898535e-01 +1.0000000084249387e+00 +9.9999968056837341e-01 +9.9999874054730742e-01 +9.9999853997738430e-01 +1.5371903465459316e-06 -8.7303991995727997e-06 +1.6241032949962565e-05 +3.7151824421976450e-05 +3.6335791294274635e-06
 65.00000000 +5.0000000000000000e+00 +1.9999845266248915e+00 +1.8552216900957789e-03 +9.9995659194749908e-01 +9.9999970525697313e-01 +9.9999966592646206e-01 +9.9999824418646077e-01 +9.9999825517871188e-01 +1.5654142221823836e-06 -1.3884027652375093e-05 +1.2503467771617250e-05 +3.8754730661886140e-05 +8.5979415245279698e-06
 65.50000000 +5.0000000000000000e+00 +1.9999812826803760e+00 +1.8536697503523652e-03 +9.9995998622633275e-01 +9.9999940212470206e-01 +9.9999965128627477e-01 +9.9999774788405449e-01 +9.9999797041357130e-01 +1.5936347748174042e-06 -1.9037049331148623e-05 +8.7663426439084522e-06 +4.0357448180027121e-05 +1.3561719429264396e-05
 66.00000000 +5.0000000000000000e+00 +1.9999799140681995e+00 +1.8652034614548762e-03 +9.9993053864023562e-01 +9.9999959368154001e-01 +9.9999980730505889e-01 +9.9999864451045972e-01 +9.9999824465179776e-01 +6.0616988623727354e-06 -1.3684429944336829e-05 +1.6439751441635258e-05 +4.1946248434504117e-05 +2.2407970008259046e-05
 66.50000000 +5.0000000000000000e+00 +1.9999785455866175e+00 +1.8767360719961800e-03 +9.9990109386406412e-01 +9.9999978522009936e-01 +9.9999996330895558e-01 +9.9999954105130773e-01 +9.9999851886385627e-01 +1.0529336601638012e-05 -8.3323213111933274e-06 +2.4112428033051744e-05 +4.3534897083664250e-05 +3.1253376466906742e-05
 67.00000000 +5.0000000000000000e+00 +1.9999771772356121e+00 +1.8882675821337944e-03 +9.9987165189741600e-01 +9.9999997674038277e-01 +1.0000001192979666e+00 +1.0000004375066107e+00 +9.9999879304975015e-01 +1.4996548053634354e-05 -2.9807233586164705e-06 +3.1784372522954981e-05 +4.5123394149206052e-05 +4.0097938926022271e-05
 67.50000000 +5.0000000000000000e+00 +1.9999758090151638e+00 +1.8997979920252076e-03 +9.9984221273988971e-01 +1.0000001682423929e+00 +1.0000002752720947e+00 +1.0000013338763813e+00 +9.9999906720948362e-01 +1.9463333279371247e-05 +2.3703639864814381e-06 +3.9455585016122054e-05 +4.6711739652823900e-05 +4.8941657506397355e-05
 68.00000000 +5.0000000000000000e+00 +1.9999760307759515e+00 +1.8881196283604281e-03 +9.9987167739783211e-01 +9.9999924941520979e-01 +1.0000004636872084e+00 +1.0000009746914893e+00 +9.9999935677992036e-01 +1.8018326965216233e-05 -4.2182000354488952e-06 +3.7234240815342090e-05 +3.7887563292672677e-05 +3.9356114844269539e-05
 68.50000000 +5.0000000000000000e+00 +1.9999762525713303e+00 +1.8764394430869228e-03 +9.9990114665171625e-01 +9.9999833044470643e-01 +1.0000006521317111e+00 +1.0000006154505710e+00 +9.9999964639552441e-01 +1.6573095256803387e-05 -1.0807791751503022e-05 +3.5012550125953299e-05 +2.9062010524223309e-05 +2.9769077014782886e-05
 69.00000000 +5.0000000000000000e+00 +1.9999764744013071e+00 +1.8647574357784525e-03 +9.9993062050261761e-01 +9.9999741133084941e-01 +1.0000008406056100e+00 +1.0000002561536137e+00 +9.9999993605630666e-01 +1.5127638101392595e-05 -1.7398411402151609e-05 +3.2790512866880661e-05 +2.0235081025409325e-05 +2.0180543668082416e-05
 69.50000000 +5.0000000000000000e+00 +1.9999766962658907e+00 +1.8530736060086447e-03 +9.9996009895161164e-01 +9.9999649207360541e-01 +1.0000010291089121e+00 +9.9999989680060342e-01 +1.0000002257622780e+00 +1.3681955446227283e-05 -2.3990059227940358e-05 +3.0568128957023814e-05 +1.1406774474063759e-05 +1.0590514454204018e-05
 70.00000000 +5.0000000000000000e+00 +1.9999750463899280e+00 +1.8559537186383095e-03 +9.9995118761468582e-01 +9.9999716086421886e-01 +1.0000007025853259e+00 +9.9999980732036298e-01 +9.9999972987380681e-01 +1.2194932409421125e-05 -1.2616687488540830e-05 +2.4758714715446537e-05 +1.1751341720875853e-05 +1.5323449911692573e-05
 70.50000000 +5.0000000000000000e+00 +1.9999733966399265e+00 +1.8588336113814442e-03 +9.9994227695810922e-01 +9.9999782960377226e-01 +1.0000003760866683e+00 +9.9999971784695341e-01 +9.9999923402319424e-01 +1.0708022901624571e-05 -1.2441840663075650e-06 +1.8949744002334470e-05 +1.2095882661183395e-05 +2.0056024026107248e-05
 71.00000000 +5.0000000000000000e+00 +1.9999717470158733e+00 +1.8617132842632300e-03 +9.9993336698180391e-01 +9.9999849829227161e-01 +1.0000000496129364e+00 +9.9999962838037448e-01 +9.9999873821043672e-01 +9.2212269098368118e-06 +1.0127451138195108e-05 +1.3141216766896787e-05 +1.2440397297998897e-05 +2.4788236838827403e-05
 71.50000000 +5.0000000000000000e+00 +1.9999700975177539e+00 +1.8645927373088446e-03 +9.9992445768569260e-01 +9.9999916692972313e-01 +9.9999972316412855e-01 +9.9999953892062621e-01 +9.9999824243553059e-01 +7.7345444210590114e-06 +2.1498218224387684e-05 +7.3331329583504146e-06 +1.2784885634334398e-05 +2.9520088391226056e-05
 72.00000000 +5.0000000000000000e+00 +1.9999698357375522e+00 +1.8676956984822182e-03 +9.9991850048433495e-01 +9.9999927656911569e-01 +9.9999944157207643e-01 +9.9999905157152424e-01 +9.9999842095846003e-01 +1.4567776491587223e-05 +2.0392770386282339e-05 +8.0963220607795023e-06 +1.6073760060818994e-05 +2.6178222721263181e-05
 72.50000000 +5.0000000000000000e+00 +1.9999695738803827e+00 +1.8707995719854131e-03 +9.9991254153144660e-01 +9.9999938624074480e-01 +9.9999915989723087e-01 +9.9999856407913257e-01 +9.9999859953387882e-01 +2.1403017662790381e-05 +1.9286997525409626e-05 +8.8597355553739621e-06 +1.9363601479169498e-05 +2.2835374478997217e-05
 73.00000000 +5.0000000000000000e+00 +1.9999693119462105e+00 +1.8739043582208506e-03 +9.9990658082625461e-01 +9.9999949594462423e-01 +9.9999887813955535e-01 +9.9999807644338778e-01 +9.9999877816180993e-01 +2.8240268820869692e-05 +1.8180899498404121e-05 +9.6233735411117174e-06 +2.2654410315919717e-05 +1.9491543231021930e-05
 73.50000000 +5.0000000000000000e+00 +1.9999690499350022e+00 +1.8770100575911909e-03 +9.9990061836798616e-01 +9.9999960568076784e-01 +9.9999859629901355e-01 +9.9999758866422683e-01 +9.9999895684227647e-01 +3.5079530852547637e-05 +1.7074476161816065e-05 +1.0387236117028907e-05 +2.5946186997854350e-05 +1.6146728543676140e-05
 74.00000000 +5.0000000000000000e+00 +1.9999694124612035e+00 +1.8762623593488175e-03 +9.9990229829995370e-01 +9.9999991381169895e-01 +9.9999942582820478e-01 +9.9999822383981474e-01 +9.9999876462264081e-01 +3.3866252645036718e-05 +1.7038764612616937e-05 +1.3885493866410505e-05 +2.0618097592089928e-05 +1.5964998303092602e-05
 74.50000000 +5.0000000000000000e+00 +1.9999697748874441e+00 +1.8755148672736199e-03 +9.9990397776870377e-01 +1.0000002218576676e+00 +1.0000002551286651e+00 +9.9999885884026229e-01 +9.9999857245600721e-01 +3.2653308981767161e-05 +1.7003062910370523e-05 +1.7382787020880897e-05 +1.5291477331338680e-05 +1.5783318172042974e-05
 75.00000000 +5.0000000000000000e+00 +1.9999701372137642e+00 +1.8747675812803384e-03 +9.9990565677442833e-01 +1.0000005298187087e+00 +1.0000010842004892e+00 +9.9999949366564145e-01 +9.9999838034235355e-01 +3.1440699724389294e-05 +1.6967371051004641e-05 +2.0879115979345103e-05 +9.9663256080405427e-06 +1.5601688129804608e-05
 75.50000000 +5.0000000000000000e+00 +1.9999704994402050e+00 +1.8740205012837592e-03 +9.9990733531731824e-01 +1.0000008376948568e+00 +1.0000019130437716e+00 +1.0000001283160247e+00 +9.9999818828165765e-01 +3.0228424734629740e-05 +1.6931689030449370e-05 +2.4374481140488234e-05 +4.6426418149704224e-06 +1.5420108155666299e-05
 76.00000000 +5.0000000000000000e+00 +1.9999737071223416e+00 +1.8725651722069456e-03 +9.9991111076279893e-01 +1.0000016870737785e+00 +1.0000006696705011e+00 +1.0000004439274299e+00 +9.9999843685961431e-01 +2.6359946308646664e-05 +2.1942348865190131e-05 +2.2040970450761399e-05 +9.3976812858028869e-06 +7.9107615988978595e-06
 76.50000000 +5.0000000000000000e+00 +1.9999769151723690e+00 +1.8711096762177026e-03 +9.9991488664128758e-01 +1.0000025365501157e+00 +9.9999942615462745e-01 +1.0000007595750331e+00 +9.9999868546608073e-01 +2.2491024204911701e-05 +2.6953583375047621e-05 +1.9707192129510536e-05 +1.4153266114522943e-05 +4.0055379136578124e-07
 77.00000000 +5.0000000000000000e+00 +1.9999801235903500e+00 +1.8696540132873130e-03 +9.9991866295285825e-01 +1.0000033861238853e+00 +9.9999818249612604e-01 +1.0000010752588397e+00 +9.9999893410106144e-01 +1.8621658347092021e-05 +3.1965392658892166e-05 +1.7373146130690801e-05 +1.8909396394957031e-05 -7.1105154151043676e-06
 77.50000000 +5.0000000000000000e+00 +1.9999833323763485e+00 +1.8681981833870544e-03 +9.9992243969758543e-01 +1.0000042357951042e+00 +9.9999693869497241e-01 +1.0000013909788565e+00 +9.9999918276456146e-01 +1.4751848658837295e-05 +3.6977776815616798e-05 +1.5038832408246801e-05 +2.3666072220953115e-05 -1.4622446168721006e-05
 78.00000000 +5.0000000000000000e+00 +1.9999806343398754e+00 +1.8752855286652196e-03 +9.9990427036701635e-01 +1.0000029365814203e+00 +9.9999699925803109e-01 +1.0000006669631101e+00 +9.9999923297302951e-01 +1.5585867630521418e-05 +3.2588339205691707e-05 +2.6717202293980519e-05 +3.2628048280325152e-05 -1.1625589262032945e-05
 78.50000000 +5.0000000000000000e+00 +1.9999779360365895e+00 +1.8823735748212491e-03 +9.9988609923965588e-01 +1.0000016372392548e+00 +9.9999705982707876e-01 +9.9999994287576466e-01 +9.9999928318646270e-01 +1.6419969079552488e-05 +2.8198467517908711e-05 +3.8396727070667069e-05 +4.1590910602520843e-05 -8.6284359918144976e-06
 79.00000000 +5.0000000000000000e+00 +1.9999752374664510e+00 +1.8894623219591134e-03 +9.9986792631523702e-01 +1.0000003377685891e+00 +9.9999712040211619e-01 +9.9999921871680941e-01 +9.9999933340486169e-01 +1.7254153018165570e-05 +2.3808161687874745e-05 +5.0077406909628186e-05 +5.0554659319012395e-05 -5.6309863141017618e-06
 79.50000000 +5.0000000000000000e+00 +1.9999725386294205e+00 +1.8965517701828056e-03 +9.9984975159349376e-01 +9.9999903816940461e-01 +9.9999718098314494e-01 +9.9999849448623401e-01 +9.9999938362822749e-01 +1.8088419458598152e-05 +1.9417421651184011e-05 +6.1759241982219503e-05 +5.9519294561298053e-05 -2.6332401849221391e-06
 80.00000000 +5.0000000000000000e+00 +1.9999722208389195e+00 +1.8925374631305739e-03 +9.9985966965230955e-01 +9.9999907476473004e-01 +9.9999750218857808e-01 +9.9999903353769981e-01 +9.9999947675076428e-01 +1.9137811691275218e-05 +2.0237197103938696e-05 +5.8419279428101484e-05 +5.0952914632477316e-05 -3.5041006860227756e-06
 80.50000000 +5.0000000000000000e+00 +1.9999719030457739e+00 +1.8885231226641551e-03 +9.9986958779368162e-01 +9.9999911136036035e-01 +9.9999782339668530e-01 +9.9999957259365280e-01 +9.9999956987407657e-01 +2.0187212658856817e-05 +2.1056979380319566e-05 +5.5079289072887642e-05 +4.2386463399039976e-05 -4.3749684359700293e-06
 81.00000000 +5.0000000000000000e+00 +1.9999715852499820e+00 +1.8845087487831317e-03 +9.9987950601761011e-01 +9.9999914795629508e-01 +9.9999814460746606e-01 +1.0000001116540926e+00 +9.9999966299816390e-01 +2.1236622361451997e-05 +2.1876768480411815e-05 +5.1739270916230829e-05 +3.3819940860095721e-05 -5.2458434348544060e-06
 81.50000000 +5.0000000000000000e+00 +1.9999712674515457e+00 +1.8804943414870861e-03 +9.9988942432409633e-01 +9.9999918455253456e-01 +9.9999846582092045e-01 +1.0000006507190198e+00 +9.9999975612302638e-01 +2.2286040799169842e-05 +2.2696564404300647e-05 +4.8399224957783936e-05 +2.5253347014754256e-05 -6.1167256827664141e-06
 82.00000000 +5.0000000000000000e+00 +1.9999709496504636e+00 +1.8764799007756012e-03 +9.9989934271314140e-01 +9.9999922114907858e-01 +9.9999878703704836e-01 +1.0000011897884336e+00 +9.9999984924866381e-01 +2.3335467972119402e-05 +2.3516367152071251e-05 +4.5059151197199824e-05 +1.6686681862125257e-05 -6.9876151797965624e-06
 82.50000000 +5.0000000000000000e+00 +1.9999706318467363e+00 +1.8724654266482599e-03 +9.9990926118474610e-01 +9.9999925774592713e-01 +9.9999910825585026e-01 +1.0000017288623346e+00 +9.9999994237507639e-01 +2.4384903880409738e-05 +2.4336176723808841e-05 +4.1719049634131371e-05 +8.1199454013184029e-06 -7.8585119260353641e-06
 83.00000000 +5.0000000000000000e+00 +1.9999703140403633e+00 +1.8684509191046451e-03 +9.9991917973891176e-01 +9.9999929434308010e-01 +9.9999942947732567e-01 +1.0000022679407230e+00 +1.0000000355022645e+00 +2.5434348524149933e-05 +2.5155993119598615e-05 +3.8378920268231422e-05 -4.4686236855666617e-07 -8.7294159215733332e-06
 83.50000000 +5.0000000000000000e+00 +1.9999699962313455e+00 +1.8644363781443398e-03 +9.9992909837563926e-01 +9.9999933094053806e-01 +9.9999975070147551e-01 +1.0000028070235987e+00 +1.0000001286302276e+00 +2.6483801903449056e-05 +2.5975816339525788e-05 +3.5038763099152863e-05 -9.0137414483902994e-06 -9.6003271665009826e-06
 84.00000000 +5.0000000000000000e+00 +1.9999696784196819e+00 +1.8604218037669258e-03 +9.9993901709492983e-01 +9.9999936753830054e-01 +1.0000000719282987e+00 +1.0000033461109616e+00 +1.0000002217589659e+00 +2.7533264018416174e-05 +2.6795646383675548e-05 +3.1698578126548520e-05 -1.7580691839072895e-05 -1.0471245660908826e-05
 84.50000000 +5.0000000000000000e+00 +1.9999705582539873e+00 +1.8592297192667241e-03 +9.9994211371992081e-01 +9.9999994621285659e-01 +9.9999993433911794e-01 +1.0000029972659341e+00 +1.0000003566279394e+00 +2.7355751875234980e-05 +2.2182063708069489e-05 +2.5772338157648997e-05 -1.9170170084418024e-05 -1.4881638681087213e-06
 85.00000000 +5.0000000000000000e+00 +1.9999714380198885e+00 +1.8580377274478688e-03 +9.9994521010415816e-01 +1.0000005248424226e+00 +9.9999979676063455e-01 +1.0000026484480291e+00 +1.0000004914864278e+00 +2.7178253533142800e-05 +1.7568839726037693e-05 +1.9846558937877840e-05 -2.0759524752128790e-05 +7.4942195143793348e-06
 85.50000000 +5.0000000000000000e+00 +1.9999723177173925e+00 +1.8568458282995505e-03 +9.9994830624766917e-01 +1.0000011034270033e+00 +9.9999965919284683e-01 +1.0000022996572422e+00 +1.0000006263344317e+00 +2.7000768990530171e-05 +1.2955974395750595e-05 +1.3921240413504125e-05 -2.2348755856616361e-05 +1.6475904568001446e-05
 86.00000000 +5.0000000000000000e+00 +1.9999731973465078e+00 +1.8556540218109627e-03 +9.9995140215048173e-01 +1.0000016819666040e+00 +9.9999952163575390e-01 +1.0000019508935707e+00 +1.0000007611719517e+00 +2.6823298245787930e-05 +8.3434676753851497e-06 +7.9963825308052930e-06 -2.3937863412289671e-05 +2.5456891374191050e-05
 86.50000000 +5.0000000000000000e+00 +1.9999740769072425e+00 +1.8544623079713015e-03 +9.9995449781262469e-01 +1.0000022604612302e+00 +9.9999938408935440e-01 +1.0000016021570119e+00 +1.0000008959989903e+00 +2.6645841297307135e-05 +3.7313195231248039e-06 +2.0719852360671460e-06 -2.5526847433555436e-05 +3.4437180014368933e-05
 87.00000000 +5.0000000000000000e+00 +1.9999749563996041e+00 +1.8532706867697630e-03 +9.9995759323412536e-01 +1.0000028389108870e+00 +9.9999924655364725e-01 +1.0000012534475617e+00 +1.0000010308155478e+00 +2.6468398143479108e-05 -8.8047010284048935e-07 -3.8519515244161579e-06 -2.7115707934818105e-05 +4.3416770569943200e-05
 87.50000000 +5.0000000000000000e+00 +1.9999758358236008e+00 +1.8520791581955458e-03 +9.9996068841501240e-01 +1.0000034173155796e+00 +9.9999910902863065e-01 +1.0000009047652176e+00 +1.0000011656216257e+00 +2.6290968782695417e-05 -5.4919012443142837e-06 -9.7754278043421362e-06 -2.8704444930479899e-05 +5.2395663122309331e-05
 88.00000000 +5.0000000000000000e+00 +1.9999767151792405e+00 +1.8508877222378508e-03 +9.9996378335531366e-01 +1.0000039956753131e+00 +9.9999897151430406e-01 +1.0000005561099763e+00 +1.0000013004172252e+00 +2.6113553213347875e-05 -1.0102973943093623e-05 -1.5698443657399926e-05 -3.0293058434940795e-05 +6.1373857752850122e-05
 88.50000000 +5.0000000000000000e+00 +1.9999775944665319e+00 +1.8496963788858796e-03 +9.9996687805505713e-01 +1.0000045739900933e+00 +9.9999883401066603e-01 +1.0000002074818348e+00 +1.0000014352023479e+00 +2.5936151433828558e-05 -1.4713688240969071e-05 -2.1620999137270358e-05 -3.1881548462598548e-05 +7.0351354542935745e-05
 89.00000000 +5.0000000000000000e+00 +1.9999768104905049e+00 +1.8509957593949942e-03 +9.9996332910436903e-01 +1.0000042564645732e+00 +9.9999945760592357e-01 +9.9999922393016227e-01 +1.0000019882624100e+00 +2.4567649795168719e-05 -1.4323141793913543e-05 -1.5791162292653629e-05 -2.8232660384853264e-05 +6.5523956189090054e-05
 89.50000000 +5.0000000000000000e+00 +1.9999760264323532e+00 +1.8522952760193648e-03 +9.9995977978191419e-01 +1.0000039389057911e+00 +1.0000000812665049e+00 +9.9999824027545903e-01 +1.0000025413804072e+00 +2.3199004800540634e-05 -1.3932554435570456e-05 -9.9607147495313584e-06 -2.4583390071626033e-05 +6.0696052146142062e-05
 90.00000000 +5.0000000000000000e+00 +1.9999752422920640e+00 +1.8535949287803804e-03 +9.9995623008763446e-01 +1.0000036213137415e+00 +1.0000007049924209e+00 +9.9999725651770832e-01 +1.0000030945563489e+00 +2.1830216427417467e-05 -1.3541926159511045e-05 -4.1296564119388894e-06 -2.0933737462852684e-05 +5.5867642334628228e-05
 90.50000000 +5.0000000000000000e+00 +1.9999744580696239e+00 +1.8548947176994348e-03 +9.9995268002147086e-01 +1.0000033036884195e+00 +1.0000013287836811e+00 +9.9999627265689417e-01 +1.0000036477902439e+00 +2.0461284653267655e-05 -1.3151256959305198e-05 +1.7020128161085497e-06 -1.7283702498456471e-05 +5.1038726675068346e-05
 91.00000000 +5.0000000000000000e+00 +1.9999736737650211e+00 +1.8561946427979256e-03 +9.9994912958336568e-01 +1.0000029860298196e+00 +1.0000019526402961e+00 +9.9999528869300069e-01 +1.0000042010821013e+00 +1.9092209455554930e-05 -1.2760546828521454e-05 +7.5342930306158331e-06 -1.3633285118348048e-05 +4.6209305087965536e-05
 91.50000000 +5.0000000000000000e+00 +1.9999728893782420e+00 +1.8574947040972559e-03 +9.9994557877326007e-01 +1.0000026683379371e+00 +1.0000025765622769e+00 +9.9999430462601158e-01 +1.0000047544319310e+00 +1.7722990811738286e-05 -1.2369795760727011e-05 +1.3367184327607952e-05 -9.9824852624254899e-06 +4.1379377493806272e-05
 92.00000000 +5.0000000000000000e+00 +1.9999721049092742e+00 +1.8587949016188327e-03 +9.9994202759109574e-01 +1.0000023506127662e+00 +1.0000032005496329e+00 +9.9999332045591094e-01 +1.0000053078397413e+00 +1.6353628699271992e-05 -1.1979003749487706e-05 +1.9200686803130039e-05 -6.3313028705742598e-06 +3.6548943813060363e-05
 92.50000000 +5.0000000000000000e+00 +1.9999713203581038e+00 +1.8600952353840668e-03 +9.9993847603681385e-01 +1.0000020328543022e+00 +1.0000038246023746e+00 +9.9999233618268168e-01 +1.0000058613055411e+00 +1.4984123095605597e-05 -1.1588170788368038e-05 +2.5034800553247331e-05 -2.6797378826672357e-06 +3.1718003966180923e-05
 93.00000000 +5.0000000000000000e+00 +1.9999705357247186e+00 +1.8613957054143739e-03 +9.9993492411035623e-01 +1.0000017150625391e+00 +1.0000044487205120e+00 +9.9999135180630816e-01 +1.0000064148293402e+00 +1.3614473978183927e-05 -1.1197296870931146e-05 +3.0869525674045212e-05 +9.7220976143531747e-07 +2.6886557873604439e-05
 93.50000000 +5.0000000000000000e+00 +1.9999688775877562e+00 +1.8613441882647920e-03 +9.9993430303207864e-01 +1.0000009674492640e+00 +1.0000043165226649e+00 +9.9999296224570833e-01 +1.0000053163868670e+00 +1.0282130148400933e-05 -1.1802417441136745e-05 +2.8873319961241854e-05 +7.1266731285416698e-06 +2.7654657314684626e-05
 94.00000000 +5.0000000000000000e+00 +1.9999672195933804e+00 +1.8612926755452916e-03 +9.9993368200720900e-01 +1.0000002199002778e+00 +1.0000041843361858e+00 +9.9999457254662294e-01 +1.0000042180388513e+00 +6.9500728747690054e-06 -1.2407485975589013e-05 +2.6877285906903228e-05 +1.3280607258743177e-05 +2.8422690705071758e-05
 94.50000000 +5.0000000000000000e+00 +1.9999655617415735e+00 +1.8612411672553014e-03 +9.9993306103574053e-01 +9.9999947241557219e-01 +1.0000040521610734e+00 +9.9999618270906987e-01 +1.0000031197852814e+00 +3.6183021203272658e-06 -1.3012502480999684e-05 +2.4881423488888313e-05 +1.9434012220302404e-05 +2.9190658053285240e-05
 95.00000000 +5.0000000000000000e+00 +1.9999639040323165e+00 +1.8611896633942506e-03 +9.9993244011766602e-01 +9.9999872499513909e-01 +1.0000039199973256e+00 +9.9999779273306699e-01 +1.0000020216261447e+00 +2.8681784812119792e-07 -1.3617466964079328e-05 +2.2885732685059893e-05 +2.5586888081470198e-05 +2.9958559367843034e-05
 95.50000000 +5.0000000000000000e+00 +1.9999622464655924e+00 +1.8611381639615683e-03 +9.9993181925297936e-01 +9.9999797763897036e-01 +1.0000037878449419e+00 +9.9999940261863218e-01 +1.0000009235614291e+00 -3.0443799787973676e-06 -1.4222379431537368e-05 +2.0890213473284556e-05 +3.1739234910485645e-05 +3.0726394657261620e-05
 96.00000000 +5.0000000000000000e+00 +1.9999605890413816e+00 +1.8610866689566827e-03 +9.9993119844167300e-01 +9.9999723034705756e-01 +1.0000036557039205e+00 +1.0000010123657834e+00 +9.9999982559112255e-01 -6.3752913973702345e-06 -1.4827239890082071e-05 +1.8894865831432693e-05 +3.7891052775576098e-05 +3.1494163930056047e-05
 96.50000000 +5.0000000000000000e+00 +1.9999589317596664e+00 +1.8610351783790232e-03 +9.9993057768374005e-01 +9.9999648311939227e-01 +1.0000035235742595e+00 +1.0000026219745386e+00 +9.9999872771521281e-01 -9.7059164445328706e-06 -1.5432048346420550e-05 +1.6899689737378508e-05 +4.4042341744957212e-05 +3.2261867194739841e-05
 97.00000000 +5.0000000000000000e+00 +1.9999572746204273e+00 +1.8609836922280178e-03 +9.9992995697917364e-01 +9.9999573595596614e-01 +1.0000033914559574e+00 +1.0000042314449151e+00 +9.9999762993368746e-01 -1.3036255157214375e-05 -1.6036804807258760e-05 +1.4904685168999997e-05 +5.0193101886832845e-05 +3.3029504459825100e-05
 97.50000000 +5.0000000000000000e+00 +1.9999556176236473e+00 +1.8609322105030974e-03 +9.9992933632796743e-01 +9.9999498885677129e-01 +1.0000032593490136e+00 +1.0000058407769312e+00 +9.9999653224653473e-01 -1.6366307572337518e-05 -1.6641509279301509e-05 +1.2909852104178974e-05 +5.6343333269395207e-05 +3.3797075733822481e-05
 98.00000000 +5.0000000000000000e+00 +1.9999582526341675e+00 +1.8620622236110817e-03 +9.9992673613860950e-01 +9.9999540173423440e-01 +1.0000025578407845e+00 +1.0000059108960486e+00 +9.9999780247147330e-01 -1.9316943518223203e-05 -1.0371434932187595e-05 +1.4089763577613058e-05 +5.2193453934589095e-05 +3.4996079879811446e-05
 98.50000000 +5.0000000000000000e+00 +1.9999608878825808e+00 +1.8631923387384568e-03 +9.9992413571450212e-01 +9.9999581464897236e-01 +1.0000018562692219e+00 +1.0000059810214961e+00 +9.9999907281108968e-01 -2.2267845852241251e-05 -4.1007945127334333e-06 +1.5269781575342080e-05 +4.8043199942039434e-05 +3.6195192273812359e-05
 99.00000000 +5.0000000000000000e+00 +1.9999635233689197e+00 +1.8643225558990391e-03 +9.9992153505561387e-01 +9.9999622760099105e-01 +1.0000011546343177e+00 +1.0000060511532751e+00 +1.0000003432653999e+00 -2.5219014610468221e-05 +2.1704120557233185e-06 +1.6449906111792475e-05 +4.3892571241006875e-05 +3.7394412930485108e-05
 99.50000000 +5.0000000000000000e+00 +1.9999661590932163e+00 +1.8654528751066476e-03 +9.9991893416191302e-01 +9.9999664059029536e-01 +1.0000004529360631e+00 +1.0000061212913867e+00 +1.0000016138344190e+00 -2.8170449828987166e-05 +8.4421848498588353e-06 +1.7630137201393275e-05 +3.9741567780742918e-05 +3.8593741864492195e-05
100.00000000 +5.0000000000000000e+00 +1.9999687950555018e+00 +1.8665832963751028e-03 +9.9991633303336713e-01 +9.9999705361688951e-01 +9.9999975117444961e-01 +1.0000061914358309e+00 +1.0000028845181625e+00 -3.1122151543887666e-05 +1.4714523946363150e-05 +1.8810474858576107e-05 +3.5590189510489891e-05 +3.9793179090498782e-05
100.50000000 +5.0000000000000000e+00 +1.9999714312558092e+00 +1.8677138197182286e-03 +9.9991373166994479e-01 +9.9999746668077916e-01 +9.9999904934946793e-01 +1.0000062615866088e+00 +1.0000041553166461e+00 -3.4074119791265814e-05 +2.0987429421940116e-05 +1.9990919097775216e-05 +3.1438436379480958e-05 +4.0992724623172673e-05
101.00000000 +5.0000000000000000e+00 +1.9999740676941715e+00 +1.8688444451498529e-03 +9.9991113007161458e-01 +9.9999787978196975e-01 +9.9999834746111060e-01 +1.0000063317437220e+00 +1.0000054262298854e+00 -3.7026354607224241e-05 +2.7260901353307493e-05 +2.1171469933427466e-05 +2.7286308336940123e-05 +4.2192378477184345e-05
101.50000000 +5.0000000000000000e+00 +1.9999767043706194e+00 +1.8699751726838027e-03 +9.9990852823834409e-01 +9.9999829292046538e-01 +9.9999764550936843e-01 +1.0000064019071704e+00 +1.0000066972578960e+00 -3.9978856027872064e-05 +3.3534939817196838e-05 +2.2352127379972305e-05 +2.3133805332082214e-05 +4.3392140667206894e-05
102.00000000 +5.0000000000000000e+00 +1.9999793412851863e+00 +1.8711060023339100e-03 +9.9990592617010166e-01 +9.9999870609627184e-01 +9.9999694349423274e-01 +1.0000064720769555e+00 +1.0000079684006931e+00 -4.2931624089324964e-05 +3.9809544890353613e-05 +2.3532891451851801e-05 +1.8980927314112865e-05 +4.4592011207916081e-05
102.50000000 +5.0000000000000000e+00 +1.9999795113392091e+00 +1.8790613398344165e-03 +9.9988767643120324e-01 +9.9999895718815357e-01 +9.9999705738041922e-01 +1.0000048242504023e+00 +1.0000074779399020e+00 -3.1853585366615811e-05 +3.9611228842347054e-05 +2.4587785066035682e-05 +2.4120686474186838e-05 +4.7540683137056271e-05
103.00000000 +5.0000000000000000e+00 +1.9999796813874542e+00 +1.8870164070363018e-03 +9.9986942731237660e-01 +9.9999920827150390e-01 +9.9999717126273602e-01 +1.0000031764798372e+00 +1.0000069874957753e+00 -2.0775923042594294e-05 +3.9412919532527827e-05 +2.5642642838083437e-05 +2.9260271000586837e-05 +5.0489254879126171e-05
103.50000000 +5.0000000000000000e+00 +1.9999798514299219e+00 +1.8949712039533415e-03 +9.9985117881359031e-01 +9.9999945934632373e-01 +9.9999728514118402e-01 +1.0000015287652579e+00 +1.0000064970683127e+00 -9.6986370980773708e-06 +3.9214616960552539e-05 +2.6697464769821745e-05 +3.4399680902213018e-05 +5.3437726439231770e-05
104.00000000 +5.0000000000000000e+00 +1.9999800214666119e+00 +1.9029257305993102e-03 +9.9983293093481196e-01 +9.9999971041261249e-01 +9.9999739901576246e-01 +9.9999988110666072e-01 +1.0000060066575120e+00 +1.3782724861166906e-06 +3.9016321126077776e-05 +2.7752250863077156e-05 +3.9538916187964897e-05 +5.6386097822478693e-05
104.50000000 +5.0000000000000000e+00 +1.9999801914975255e+00 +1.9108799869879817e-03 +9.9981468367601101e-01 +9.9999996147037162e-01 +9.9999751288647221e-01 +9.9999823350404360e-01 +1.0000055162633734e+00 +1.2454805729168311e-05 +3.8818032028760198e-05 +2.8807001119676119e-05 +4.4677976866741441e-05 +5.9334369033972297e-05
105.00000000 +5.0000000000000000e+00 +1.9999803615226617e+00 +1.9188339731331285e-03 +9.9979643703715493e-01 +1.0000002125196010e+00 +9.9999762675331327e-01 +9.9999658595740304e-01 +1.0000050258858959e+00 +2.3530962650256594e-05 +3.8619749668256452e-05 +2.9861715541444927e-05 +4.9816862947440955e-05 +6.2282540078817495e-05
105.50000000 +5.0000000000000000e+00 +1.9999805315420218e+00 +1.9267876890485234e-03 +9.9977819101821275e-01 +1.0000004635603015e+00 +9.9999774061628555e-01 +9.9999493846673637e-01 +1.0000045355250788e+00 +3.4606743268559385e-05 +3.8421474044223224e-05 +3.0916394130209785e-05 +5.4955574438961193e-05 +6.5230610962118934e-05
106.00000000 +5.0000000000000000e+00 +1.9999807015556059e+00 +1.9347411347479370e-03 +9.9975994561915260e-01 +1.0000007145924730e+00 +9.9999785447538991e-01 +9.9999329103204115e-01 +1.0000040451809209e+00 +4.5682147603253175e-05 +3.8223205156317231e-05 +3.1971036887796741e-05 +6.0094111350199248e-05 +6.8178581688980834e-05
106.50000000 +5.0000000000000000e+00 +1.9999808715634138e+00 +1.9426943102451386e-03 +9.9974170083994274e-01 +1.0000009656161162e+00 +9.9999796833062571e-01 +9.9999164365331383e-01 +1.0000035548534210e+00 +5.6757175673513170e-05 +3.8024943004195185e-05 +3.3025643816031726e-05 +6.5232473690051635e-05 +7.1126452264507159e-05
107.00000000 +5.0000000000000000e+00 +1.9999839394190806e+00 +1.9333896975224085e-03 +9.9976564673692891e-01 +1.0000010950636686e+00 +9.9999826337489395e-01 +9.9999123103584175e-01 +1.0000030567789593e+00 +5.5031799241709723e-05 +3.9570396921828639e-05 +3.1530319224161310e-05 +5.3728446987383133e-05 +6.0846029321510585e-05
107.50000000 +5.0000000000000000e+00 +1.9999870069875225e+00 +1.9240859559333842e-03 +9.9978959039200788e-01 +1.0000012244991014e+00 +9.9999855839153873e-01 +9.9999081845700077e-01 +1.0000025587511292e+00 +5.3306584346298048e-05 +4.1115706148109572e-05 +3.0035134630342722e-05 +4.2225497336035293e-05 +5.0566568871334482e-05
108.00000000 +5.0000000000000000e+00 +1.9999900742687804e+00 +1.9147830853557342e-03 +9.9981353180549448e-01 +1.0000013539224171e+00 +9.9999885338056449e-01 +9.9999040591678467e-01 +1.0000020607699240e+00 +5.1581530964593730e-05 +4.2660870703356882e-05 +2.8540090014916136e-05 +3.0723624584758645e-05 +4.0288070778816745e-05
108.50000000 +5.0000000000000000e+00 +1.9999931412628948e+00 +1.9054810856671486e-03 +9.9983747097770381e-01 +1.0000014833336166e+00 +9.9999914834197512e-01 +9.9998999341518902e-01 +1.0000015628353374e+00 +4.9856639073916594e-05 +4.4205890607885652e-05 +2.7045185358225431e-05 +1.9222828582332066e-05 +3.0010534908820575e-05
109.00000000 +5.0000000000000000e+00 +1.9999962079699054e+00 +1.8961799567453399e-03 +9.9986140790894973e-01 +1.0000016127327018e+00 +9.9999944327577350e-01 +9.9998958095220780e-01 +1.0000010649473630e+00 +4.8131908651590680e-05 +4.5750765882007161e-05 +2.5550420640618136e-05 +7.7231091775627089e-06 +1.9733961126234463e-05
109.50000000 +5.0000000000000000e+00 +1.9999992743898527e+00 +1.8868796984680444e-03 +9.9988534259954753e-01 +1.0000017421196741e+00 +9.9999973818196453e-01 +9.9998916852783559e-01 +1.0000005671059937e+00 +4.6407339674944332e-05 +4.7295496546028890e-05 +2.4055795842445492e-05 -3.7755337807139423e-06 +9.4583492959722222e-06
110.00000000 +5.0000000000000000e+00 +2.0000023405227778e+00 +1.8775803107130222e-03 +9.9990927504981209e-01 +1.0000018714945360e+00 +1.0000000330605519e+00 +9.9998875614206739e-01 +1.0000000693112239e+00 +4.4682932121310093e-05 +4.8840082620254551e-05 +2.2561310944062392e-05 -1.5273100443634134e-05 -8.1630071702706977e-07
110.50000000 +5.0000000000000000e+00 +2.0000054063687198e+00 +1.8682817933580534e-03 +9.9993320526005747e-01 +1.0000020008572883e+00 +1.0000003279115393e+00 +9.9998834379489709e-01 +9.9999957156304609e-01 +4.2958685968024758e-05 +5.0384524124983978e-05 +2.1066965925827419e-05 -2.6769590962305784e-05 -1.1089989047799032e-05
111.00000000 +5.0000000000000000e+00 +2.0000084719277198e+00 +1.8589841462809443e-03 +9.9995713323059809e-01 +1.0000021302079336e+00 +1.0000006227349307e+00 +9.9998793148632015e-01 +9.9999907386145437e-01 +4.1234601192429375e-05 +5.1928821080513281e-05 +1.9572760768102833e-05 -3.8265005487808565e-05 -2.1362715831354045e-05
111.50000000 +5.0000000000000000e+00 +2.0000073283518849e+00 +1.8510945497337296e-03 +9.9997595575733522e-01 +1.0000017687624629e+00 +9.9999923805189062e-01 +9.9998970088440697e-01 +9.9999941750364318e-01 +3.6008730852186054e-05 +3.8953751983249993e-05 +1.6812148415741205e-05 -3.9496485890799332e-05 -1.8359119917272538e-05
112.00000000 +5.0000000000000000e+00 +2.0000061847728086e+00 +1.8432049308241725e-03 +9.9999477833742278e-01 +1.0000014073159673e+00 +9.9999785336492542e-01 +9.9999147028750912e-01 +9.9999976114680611e-01 +3.0782845699689380e-05 +2.5978646109335519e-05 +1.4051528238675384e-05 -4.0727969784309103e-05 -1.5355515489772072e-05
112.50000000 +5.0000000000000000e+00 +2.0000050411904917e+00 +1.8353152895521779e-03 +1.0000136009708616e+00 +1.0000010458684478e+00 +9.9999646867403602e-01 +9.9999323969562648e-01 +1.0000001047909430e+00 +2.5556945734876399e-05 +1.3003503458613501e-05 +1.1290900236872112e-05 -4.1959457168352717e-05 -1.2351902548816457e-05
113.00000000 +5.0000000000000000e+00 +2.0000038976049330e+00 +1.8274256259176503e-03 +1.0000324236576517e+00 +1.0000006844199036e+00 +9.9999508397922154e-01 +9.9999500910875894e-01 +1.0000004484360538e+00 +2.0331030957684115e-05 +2.8324030927583298e-08 +8.5302644102981096e-06 -4.3190948042945016e-05 -9.3482810943694920e-06
113.50000000 +5.0000000000000000e+00 +2.0000027540161329e+00 +1.8195359399204951e-03 +1.0000512463977929e+00 +1.0000003229703349e+00 +9.9999369928048232e-01 +9.9999677852690683e-01 +1.0000007920821392e+00 +1.5105101368049563e-05 -1.2946892173878603e-05 +5.7696207589201149e-06 -4.4422442408100831e-05 -6.3446511263949795e-06
114.00000000 +5.0000000000000000e+00 +2.0000016104240914e+00 +1.8116462315606169e-03 +1.0000700691912858e+00 +9.9999996151974135e-01 +9.9999231457781801e-01 +9.9999854795006970e-01 +1.0000011357291980e+00 +9.8791569659097590e-06 -2.5922145155961405e-05 +3.0089692827048598e-06 -4.5653940263834991e-05 -3.3410126448567285e-06
114.50000000 +5.0000000000000000e+00 +2.0000004668288085e+00 +1.8037565008379207e-03 +1.0000888920381308e+00 +9.9999960006812383e-01 +9.9999092987122928e-01 +1.0000003173782483e+00 +1.0000014793772309e+00 +4.6531977512017240e-06 -3.8897434915477212e-05 +2.4830998161907279e-07 -4.6885441610162375e-05 -3.3736564971853763e-07
115.00000000 +5.0000000000000000e+00 +1.9999993232302842e+00 +1.7958667477523116e-03 +1.0001077149383277e+00 +9.9999923861548157e-01 +9.9998954516071559e-01 +1.0000020868114421e+00 +1.0000018230262382e+00 -5.7277627613751057e-07 -5.1872761452582364e-05 -2.5123571443705103e-06 -4.8116946447097802e-05 +2.6662898590557847e-06
115.50000000 +5.0000000000000000e+00 +1.9999981796285180e+00 +1.7879769723036941e-03 +1.0001265378918769e+00 +9.9999887716181457e-01 +9.9998816044627670e-01 +1.0000038562496509e+00 +1.0000021666762193e+00 -5.7987651161709333e-06 -6.4848124767433242e-05 -5.2730320952971623e-06 -4.9348454774656101e-05 +5.6699538815024420e-06
116.00000000 +5.0000000000000000e+00 +1.9999954665509505e+00 +1.8065700094198613e-03 +1.0000799644145852e+00 +1.0000000948642940e+00 +9.9998689610167368e-01 +1.0000047918961088e+00 +1.0000020253874997e+00 +1.1808910084541356e-05 -4.6742231331805912e-05 -1.0556375688876769e-05 -3.2339201442636819e-05 +4.0562375649344176e-06
116.50000000 +5.0000000000000000e+00 +1.9999927540674414e+00 +1.8251589753862411e-03 +1.0000334011350684e+00 +1.0000013123001439e+00 +9.9998563203391255e-01 +1.0000057273376965e+00 +1.0000018841297167e+00 +2.9412729891285360e-05 -2.8640302380504106e-05 -1.5838562436320190e-05 -1.5333672473541869e-05 +2.4428745892863327e-06
117.00000000 +5.0000000000000000e+00 +1.9999900421777952e+00 +1.8437438715398213e-03 +9.9998684804997673e-01 +1.0000025294694521e+00 +9.9998436824290293e-01 +1.0000066625744815e+00 +1.0000017429028605e+00 +4.7012695570193779e-05 -1.0542336611569256e-05 -2.1119592717542099e-05 +1.6681333557301207e-06 +8.2986483851907536e-07
117.50000000 +5.0000000000000000e+00 +1.9999873308818172e+00 +1.8623246992170053e-03 +9.9994030515596366e-01 +1.0000037463723062e+00 +9.9998310472855367e-01 +1.0000075976065310e+00 +1.0000016017069207e+00 +6.4608808386844960e-05 +7.5516672763872003e-06 -2.6399466912290833e-05 +1.8666217267745025e-05 -7.8279180335566073e-07
118.00000000 +5.0000000000000000e+00 +1.9999846201793123e+00 +1.8809014597536099e-03 +9.9989377244968236e-01 +1.0000049630087933e+00 +9.9998184149077374e-01 +1.0000085324339119e+00 +1.0000014605418870e+00 +8.2201069606263225e-05 +2.5641710584184054e-05 -3.1678185400148464e-05 +3.5660580484533489e-05 -2.3950954522754062e-06
118.50000000 +5.0000000000000000e+00 +1.9999819100700855e+00 +1.8994741544848695e-03 +9.9984724992778862e-01 +1.0000061793790012e+00 +9.9998057852947264e-01 +1.0000094670566921e+00 +1.0000013194077495e+00 +9.9789480492919097e-05 +4.3727794612070726e-05 -3.6955748560530925e-05 +5.2651224227591269e-05 -4.0070462241269379e-06
119.00000000 +5.0000000000000000e+00 +1.9999792005539421e+00 +1.9180427847454310e-03 +9.9980073758693899e-01 +1.0000073954830171e+00 +9.9997931584455935e-01 +1.0000104014749382e+00 +1.0000011783044978e+00 +1.1737404231072974e-04 +6.1809920659727563e-05 -4.2232156772688091e-05 +6.9638149717879465e-05 -5.6186442347463182e-06
119.50000000 +5.0000000000000000e+00 +1.9999764916306884e+00 +1.9366073518693602e-03 +9.9975423542379183e-01 +1.0000086113209288e+00 +9.9997805343594370e-01 +1.0000113356887175e+00 +1.0000010372321224e+00 +1.3495475632305915e-04 +7.9888090026266056e-05 -4.7507410415703854e-05 +8.6621358175824852e-05 -7.2298895999189106e-06
120.00000000 +5.0000000000000000e+00 +1.9999737833001279e+00 +1.9551678571901364e-03 +9.9970774343500712e-01 +1.0000098268928228e+00 +9.9997679130353423e-01 +1.0000122696980966e+00 +1.0000008961906122e+00 +1.5253162379271848e-04 +9.7962304010229271e-05 -5.2781509868496221e-05 +1.0360085082132015e-04 -8.8407824353794132e-06
120.50000000 +5.0000000000000000e+00 +1.9999781882087284e+00 +1.9485755487720126e-03 +9.9972517138655648e-01 +1.0000094363307035e+00 +9.9998131665619971e-01 +1.0000105707087725e+00 +9.9999977408692842e-01 +1.3763532163867730e-04 +8.9939316082948071e-05 -4.7519240909397876e-05 +1.0433482162990137e-04 -1.0659380926712781e-05
121.00000000 +5.0000000000000000e+00 +1.9999825937062141e+00 +1.9419823590380244e-03 +9.9974260166802253e-01 +1.0000090457163704e+00 +9.9998584261385248e-01 +1.0000088714923130e+00 +9.9999865183323211e-01 +1.2273702802025494e-04 +8.1915255574396530e-05 -4.2256268445423764e-05 +1.0506889056194348e-04 -1.2478222543761624e-05
121.50000000 +5.0000000000000000e+00 +1.9999869997927042e+00 +1.9353882878114278e-03 +9.9976003427987248e-01 +1.0000086550498131e+00 +9.9999036917661444e-01 +1.0000071720486723e+00 +9.9999752942949327e-01 +1.0783674253807090e-04 +7.3890122269472595e-05 -3.6992592335488697e-05 +1.0580305763712477e-04 -1.4297307335283867e-05
122.00000000 +5.0000000000000000e+00 +1.9999914064683155e+00 +1.9287933349154305e-03 +9.9977746922257382e-01 +1.0000082643310209e+00 +9.9999489634460659e-01 +1.0000054723778053e+00 +9.9999640687568192e-01 +9.2934464792637770e-05 +6.5863915953016670e-05 -3.1728212438469727e-05 +1.0653732287512880e-04 -1.6116635350050484e-05
122.50000000 +5.0000000000000000e+00 +1.9999958137331670e+00 +1.9221975001731937e-03 +9.9979490649659442e-01 +1.0000078735599838e+00 +9.9999942411795062e-01 +1.0000037724796662e+00 +9.9999528417176797e-01 +7.8030194384361414e-05 +5.7836636409811677e-05 -2.6463128613206189e-05 +1.0727168629564439e-04 -1.7936206636845485e-05
123.00000000 +5.0000000000000000e+00 +2.0000002215873773e+00 +1.9156007834078316e-03 +9.9981234610240155e-01 +1.0000074827366914e+00 +1.0000039524967679e+00 +1.0000020723542098e+00 +9.9999416131772145e-01 +6.3123930913540832e-05 +4.9808283424582904e-05 -2.1197340718499669e-05 +1.0800614791836561e-04 -1.9756021244465922e-05
123.50000000 +5.0000000000000000e+00 +2.0000046300310634e+00 +1.9090031844424100e-03 +9.9982978804046274e-01 +1.0000070918611323e+00 +1.0000084814811794e+00 +1.0000003720013899e+00 +9.9999303831351183e-01 +4.8215673980367981e-05 +4.1778856781998083e-05 -1.5930848613113951e-05 +1.0874070776299180e-04 -2.1576079221721917e-05
124.00000000 +5.0000000000000000e+00 +2.0000090390643446e+00 +1.9024047030999482e-03 +9.9984723231124673e-01 +1.0000067009332974e+00 +1.0000130110713075e+00 +9.9999867142116128e-01 +9.9999191515910946e-01 +3.3305423184928032e-05 +3.3748356266667381e-05 -1.0663652155775086e-05 +1.0947536584922757e-04 -2.3396380617436634e-05
124.50000000 +5.0000000000000000e+00 +2.0000134486873384e+00 +1.8958053392034171e-03 +9.9986467891522035e-01 +1.0000063099531751e+00 +1.0000175412672727e+00 +9.9999697061347814e-01 +9.9999079185448370e-01 +1.8393178127199055e-05 +2.5716781663143296e-05 -5.3957512051712929e-06 +1.1021012219678279e-04 -2.5216925480446287e-05
125.00000000 +5.0000000000000000e+00 +2.0000093934218413e+00 +1.9031149353031299e-03 +9.9984582231663632e-01 +1.0000079792898913e+00 +1.0000157379349524e+00 +9.9999763016323773e-01 +9.9999199948888040e-01 +2.8462633223396400e-05 +3.0865413421166106e-05 +1.2940379796549390e-06 +1.0023574765698036e-04 -2.0027018187109899e-05
125.50000000 +5.0000000000000000e+00 +2.0000053384053516e+00 +1.9104240825698979e-03 +9.9982696687590900e-01 +1.0000096485241050e+00 +1.0000139347133623e+00 +9.9999828967249871e-01 +9.9999320704912442e-01 +3.8531470022340975e-05 +3.6013729036474028e-05 +7.9834163896939459e-06 +9.0261985576175680e-05 -1.4837429570940338e-05
126.00000000 +5.0000000000000000e+00 +2.0000012836378445e+00 +1.9177327810450593e-03 +9.9980811259293145e-01 +1.0000113176558254e+00 +1.0000121316024928e+00 +9.9999894914126508e-01 +9.9999441453522275e-01 +4.8599688580979223e-05 +4.1161728538184459e-05 +1.4672384062778929e-05 +8.0288835897960022e-05 -9.6481596025867973e-06
126.50000000 +5.0000000000000000e+00 +1.9999972291192989e+00 +1.9250410307699473e-03 +9.9978925946759722e-01 +1.0000129866850620e+00 +1.0000103286023332e+00 +9.9999960856954062e-01 +9.9999562194718183e-01 +5.8667288956250596e-05 +4.6309411955411210e-05 +2.1360941036738444e-05 +7.0316298565931590e-05 -4.4592082527020534e-06
127.00000000 +5.0000000000000000e+00 +1.9999931748496893e+00 +1.9323488317858897e-03 +9.9977040749979906e-01 +1.0000146556118241e+00 +1.0000085257128735e+00 +1.0000002679573281e+00 +9.9999682928500877e-01 +6.8734271205087531e-05 +5.1456779317264513e-05 +2.8049087349396378e-05 +6.0344373523695471e-05 +7.2942450805750371e-07
127.50000000 +5.0000000000000000e+00 +1.9999891208289959e+00 +1.9396561841342102e-03 +9.9975155668943083e-01 +1.0000163244361211e+00 +1.0000067229341034e+00 +1.0000009273046326e+00 +9.9999803654871011e-01 +7.8800635384415510e-05 +5.6603830652851055e-05 +3.4736823038572016e-05 +5.0373060714863781e-05 +5.9177387090318754e-06
128.00000000 +5.0000000000000000e+00 +1.9999850670571946e+00 +1.9469630878562276e-03 +9.9973270703638639e-01 +1.0000179931579629e+00 +1.0000049202660128e+00 +1.0000015866114575e+00 +9.9999924373829363e-01 +8.8866381551153017e-05 +6.1750565991273933e-05 +4.1424148142079978e-05 +4.0402360083055472e-05 +1.1105734379557475e-05
128.50000000 +5.0000000000000000e+00 +1.9999810135342615e+00 +1.9542695429932535e-03 +9.9971385854055828e-01 +1.0000196617773587e+00 +1.0000031177085915e+00 +1.0000022458778057e+00 +1.0000004508537650e+00 +9.8931509762211506e-05 +6.6896985361632611e-05 +4.8111062697730221e-05 +3.0432271571896420e-05 +1.6293411548967094e-05
129.00000000 +5.0000000000000000e+00 +1.9999769602601742e+00 +1.9615755495865968e-03 +9.9969501120184057e-01 +1.0000213302943175e+00 +1.0000013152618294e+00 +1.0000029051036818e+00 +1.0000016578951314e+00 +1.0899602007449553e-04 +7.2043088793023093e-05 +5.4797566743328087e-05 +2.0462795125019461e-05 +2.1480770246589953e-05
129.50000000 +5.0000000000000000e+00 +1.9999815231731384e+00 +1.9389294195652600e-03 +9.9975184540710260e-01 +1.0000191907645155e+00 +1.0000013435757475e+00 +1.0000051670915362e+00 +1.0000021004185167e+00 +9.7891953542957378e-05 +6.2061495085852415e-05 +5.0208787674735282e-05 +1.8844938052868504e-05 -8.6544344731062811e-06
130.00000000 +5.0000000000000000e+00 +1.9999860851897142e+00 +1.9162877383948056e-03 +9.9980866844723848e-01 +1.0000170516550260e+00 +1.0000013718841034e+00 +1.0000074286350211e+00 +1.0000025428549684e+00 +8.6790068414429057e-05 +5.2081862270981306e-05 +4.5620910075567498e-05 +1.7227398810071020e-05 -3.8783719107031190e-05
130.50000000 +5.0000000000000000e+00 +1.9999906463101664e+00 +1.8936505047643919e-03 +9.9986548032553768e-01 +1.0000149129657250e+00 +1.0000014001868989e+00 +1.0000096897342678e+00 +1.0000029852045114e+00 +7.5690364046166085e-05 +4.2104189770638171e-05 +4.1033933680209223e-05 +1.5610177302979452e-05 -6.8907085399522018e-05
131.00000000 +5.0000000000000000e+00 +1.9999952065347586e+00 +1.8710177173636919e-03 +9.9992228104528846e-01 +1.0000127746964886e+00 +1.0000014284841350e+00 +1.0000119503894067e+00 +1.0000034274671714e+00 +6.4592839795676421e-05 +3.2128477007278357e-05 +3.6447858223149257e-05 +1.3993273437983029e-05 -9.9024535094230785e-05
131.50000000 +5.0000000000000000e+00 +1.9999997658637545e+00 +1.8483893748828938e-03 +9.9997907060977842e-01 +1.0000106368471930e+00 +1.0000014567758138e+00 +1.0000142106005689e+00 +1.0000038696429741e+00 +5.3497495020720418e-05 +2.2154723403584067e-05 +3.1862683438980709e-05 +1.2376687121507746e-05 -1.2913606993412464e-04
132.00000000 +5.0000000000000000e+00 +2.0000043242974193e+00 +1.8257654760126996e-03 +1.0000358490222934e+00 +1.0000084994177154e+00 +1.0000014850619372e+00 +1.0000164703678855e+00 +1.0000043117319453e+00 +4.2404329079310740e-05 +1.2182928382464264e-05 +2.7278409062400932e-05 +1.0760418260016359e-05 -1.5924169166148627e-04
132.50000000 +5.0000000000000000e+00 +2.0000088818360147e+00 +1.8031460194443251e-03 +1.0000926162861179e+00 +1.0000063624079309e+00 +1.0000015133425062e+00 +1.0000187296914866e+00 +1.0000047537341104e+00 +3.1313341329712016e-05 +2.2130913670545004e-06 +2.2695034828211433e-05 +9.1444667600083373e-06 -1.8934140201791393e-04
133.00000000 +5.0000000000000000e+00 +2.0000134384798054e+00 +1.7805310038695008e-03 +1.0001493724045354e+00 +1.0000042258177169e+00 +1.0000015416175225e+00 +1.0000209885715032e+00 +1.0000051956494949e+00 +2.0224531130440984e-05 -7.7547882192831076e-06 +1.8112560471317894e-05 +7.5288325280198859e-06 -2.1943520274432215e-04
133.50000000 +5.0000000000000000e+00 +2.0000179942290552e+00 +1.7579204279804708e-03 +1.0002061173808274e+00 +1.0000020896469488e+00 +1.0000015698869884e+00 +1.0000232470080659e+00 +1.0000056374781243e+00 +9.1378978402661903e-06 -1.7720710952960084e-05 +1.3530985726730051e-05 +5.9135154706238921e-06 -2.4952309558094201e-04
134.00000000 +5.0000000000000000e+00 +2.0000133925632908e+00 +1.7675681797627682e-03 +1.0001799090881520e+00 +1.0000019374256675e+00 +1.0000039640708345e+00 +1.0000188509133257e+00 +1.0000024274888539e+00 +1.5283409544392371e-06 -1.2795483816916308e-05 +1.7966704393690390e-05 -5.4584397458717712e-06 -2.0833011398793100e-04
134.50000000 +5.0000000000000000e+00 +2.0000087926834640e+00 +1.7772121871877640e-03 +1.0001537109670913e+00 +1.0000017852634642e+00 +1.0000063573254816e+00 +1.0000144565247393e+00 +9.9999921874540176e-01 -6.0782626112223240e-06 -7.8721681946227109e-06 +2.2400701528427020e-05 -1.6825981430125715e-05 -1.6715311966790275e-04
135.00000000 +5.0000000000000000e+00 +2.0000041945885352e+00 +1.7868524524348498e-03 +1.0001275230117246e+00 +1.0000016331603043e+00 +1.0000087496514707e+00 +1.0000100638413136e+00 +9.9999601124704307e-01 -1.3681914575690022e-05 -2.9507629734881942e-06 +2.6832978132952821e-05 -2.8189112151021716e-05 -1.2599210331551081e-04
135.50000000 +5.0000000000000000e+00 +1.9999995982774652e+00 +1.7964889776817283e-03 +1.0001013452161365e+00 +1.0000014811161542e+00 +1.0000111410493426e+00 +1.0000056728620568e+00 +9.9999280499305310e-01 -2.1282616656601630e-05 +1.9687329582150653e-06 +3.1263535208503230e-05 -3.9547834475450341e-05 -8.4847055632628938e-05
136.00000000 +5.0000000000000000e+00 +1.9999950037492173e+00 +1.8061217651044105e-03 +1.0000751775744154e+00 +1.0000013291309788e+00 +1.0000135315196366e+00 +1.0000012835859768e+00 +9.9998959998270787e-01 -2.8880370570262428e-05 +6.8863207113524579e-06 +3.5692373755536933e-05 -5.0902150968310845e-05 -4.3717967328344028e-05
136.50000000 +5.0000000000000000e+00 +1.9999904110027522e+00 +1.8157508168772207e-03 +1.0000490200806547e+00 +1.0000011772047444e+00 +1.0000159210628925e+00 +9.9999689601208330e-01 +9.9998639621528340e-01 -3.6475178031646485e-05 +1.1802001395927761e-05 +4.0119494773736657e-05 -6.2252064192513108e-05 -2.6048291189490902e-06
137.00000000 +5.0000000000000000e+00 +1.9999858200370364e+00 +1.8253761351727977e-03 +1.0000228727289531e+00 +1.0000010253374161e+00 +1.0000183096796493e+00 +9.9999251013938595e-01 +9.9998319369005784e-01 -4.4067040754398042e-05 +1.6715776121084005e-05 +4.4544899262009935e-05 -7.3597576708979610e-05 +3.8492368272063754e-05
137.50000000 +5.0000000000000000e+00 +1.9999812308510332e+00 +1.8349977221620954e-03 +9.9999673551341262e-01 +1.0000008735289605e+00 +1.0000206973704469e+00 +9.9998812596689601e-01 +9.9997999240630864e-01 -5.1655960450832689e-05 +2.1627645995104284e-05 +4.8968588218489822e-05 -8.4938691076647289e-05 +7.9573634114010113e-05
138.00000000 +5.0000000000000000e+00 +1.9999766434437074e+00 +1.8446155800143837e-03 +9.9997060842814023e-01 +1.0000007217793425e+00 +1.0000230841358222e+00 +9.9998374349362440e-01 +9.9997679236331349e-01 -5.9241938831938695e-05 +2.6537612125412594e-05 +5.3390562640535645e-05 -9.6275409852469518e-05 +1.2063897766902049e-04
138.50000000 +5.0000000000000000e+00 +1.9999777136568719e+00 +1.8430579685750465e-03 +9.9997209838244150e-01 +1.0000050580261910e+00 +1.0000157753820025e+00 +9.9999020415589368e-01 +9.9998332407670942e-01 -6.3641075343675115e-05 +2.5853947746786098e-05 +5.0517146926998492e-05 -7.8846230253923292e-05 +9.9656191481029691e-05
139.00000000 +5.0000000000000000e+00 +1.9999787841482930e+00 +1.8414999521540608e-03 +9.9997358872413289e-01 +1.0000093954004707e+00 +1.0000084647278942e+00 +9.9999666649794572e-01 +9.9998985748836189e-01 -6.8041355638455650e-05 +2.5170105614247651e-05 +4.7642984120443607e-05 -6.1412519038764430e-05 +7.8667949732613257e-05
139.50000000 +5.0000000000000000e+00 +1.9999798549180803e+00 +1.8399415305934638e-03 +9.9997507945336639e-01 +1.0000137339026223e+00 +1.0000011521727565e+00 +1.0000031305204369e+00 +9.9999639259893369e-01 -7.2442780162416666e-05 +2.4486085658463770e-05 +4.4768073929464969e-05 -4.3974274439421061e-05 +5.7674250295812021e-05
140.00000000 +5.0000000000000000e+00 +1.9999809259663419e+00 +1.8383827037352074e-03 +9.9997657057029299e-01 +1.0000180735330852e+00 +9.9999383771584716e-01 +1.0000095962240216e+00 +1.0000029294090875e+00 -7.6845349361926501e-05 +2.3801887810064883e-05 +4.1892416062504868e-05 -2.6531494687401794e-05 +3.6675091041559833e-05
140.50000000 +5.0000000000000000e+00 +1.9999819972931869e+00 +1.8368234714211638e-03 +9.9997806207506379e-01 +1.0000224142922995e+00 +9.9998652135642463e-01 +1.0000160636093567e+00 +1.0000094679194860e+00 -8.1249063683585756e-05 +2.3117511999645357e-05 +3.9016010227854005e-05 -9.0841780132953747e-06 +1.5670469839683077e-05
141.00000000 +5.0000000000000000e+00 +1.9999830688987235e+00 +1.8352638334931208e-03 +9.9997955396783000e-01 +1.0000267561807059e+00 +9.9997920309374633e-01 +1.0000225326770975e+00 +1.0000160081307932e+00 -8.5653923574227379e-05 +2.2432958157763412e-05 +3.6138856133651269e-05 +8.3676773532300642e-06 -5.3396154411001473e-06
141.50000000 +5.0000000000000000e+00 +1.9999841407830607e+00 +1.8337037897927862e-03 +9.9998104624874318e-01 +1.0000310991987451e+00 +9.9997188292706951e-01 +1.0000290034279014e+00 +1.0000225500436724e+00 -9.0059929480916807e-05 +2.1748226214941181e-05 +3.3260953487883710e-05 +2.5824073183427612e-05 -2.6355166933180774e-05
142.00000000 +5.0000000000000000e+00 +1.9999852129463065e+00 +1.8321433401617833e-03 +9.9998253891795474e-01 +1.0000354433468577e+00 +9.9996456085565111e-01 +1.0000354758624246e+00 +1.0000290936587874e+00 -9.4467081850952138e-05 +2.1063316101664607e-05 +3.0382301998386403e-05 +4.3285011249472040e-05 -4.7376186770059367e-05
142.50000000 +5.0000000000000000e+00 +1.9999862853885715e+00 +1.8305824844416546e-03 +9.9998403197561669e-01 +1.0000397886254853e+00 +9.9995723687874760e-01 +1.0000419499813251e+00 +1.0000356389768041e+00 -9.8875381131864314e-05 +2.0378227748383473e-05 +2.7502901372842348e-05 +6.0750493324460620e-05 -6.8402677086347073e-05
143.00000000 +5.0000000000000000e+00 +1.9999897760108634e+00 +1.8243366733689561e-03 +1.0000052745111416e+00 +1.0000350800608822e+00 +9.9995884196499907e-01 +1.0000365198056538e+00 +1.0000338836492593e+00 -8.9364855194392915e-05 +8.2492854877233428e-06 +2.1051457125267244e-05 +4.1634042950429524e-05 -5.1169920951612677e-05
143.50000000 +5.0000000000000000e+00 +1.9999932668996099e+00 +1.8180903855277476e-03 +1.0000265186681976e+00 +1.0000303711368552e+00 +9.9996044717377353e-01 +1.0000310892154756e+00 +1.0000321281877236e+00 -7.9853603279265217e-05 -3.8805826251066818e-06 +1.4599520412353690e-05 +2.2516133338925028e-05 -3.3935849369552583e-05
144.00000000 +5.0000000000000000e+00 +1.9999967580548401e+00 +1.8118436208634358e-03 +1.0000477644469690e+00 +1.0000256618533629e+00 +9.9996205250508485e-01 +1.0000256582107414e+00 +1.0000303725921811e+00 -7.0341625303352713e-05 -1.6011376696121825e-05 +8.1470911777116499e-06 +3.3967643228563230e-06 -1.6700462189540722e-05
144.50000000 +5.0000000000000000e+00 +2.0000002494765852e+00 +1.8055963793214200e-03 +1.0000690118476423e+00 +1.0000209522103642e+00 +9.9996365795894715e-01 +1.0000202267914051e+00 +1.0000286168626162e+00 -6.0828921183514229e-05 -2.8143096831353484e-05 +1.6941693649425012e-06 -1.5724064264892911e-05 +5.3624073907192223e-07
145.00000000 +5.0000000000000000e+00 +2.0000037411648748e+00 +1.7993486608470903e-03 +1.0000902608704028e+00 +1.0000162422078178e+00 +9.9996526353537418e-01 +1.0000147949574185e+00 +1.0000268609990139e+00 -5.1315490836595922e-05 -4.0275743136849261e-05 -4.7592450823609952e-06 -3.4846352591464480e-05 +1.7774259566957375e-05
145.50000000 +5.0000000000000000e+00 +2.0000072331197405e+00 +1.7931004653858307e-03 +1.0001115115154369e+00 +1.0000115318456826e+00 +9.9996686923438038e-01 +1.0000093627087345e+00 +1.0000251050013591e+00 -4.1801334179431247e-05 -5.2409315718672932e-05 -1.1213152220614681e-05 -5.3970100824025710e-05 +3.5013594444810641e-05
146.00000000 +5.0000000000000000e+00 +2.0000107253412125e+00 +1.7868517928830130e-03 +1.0001327637829296e+00 +1.0000068211239173e+00 +9.9996847505597941e-01 +1.0000039300453052e+00 +1.0000233488696362e+00 -3.2286451128840910e-05 -6.4543814682904480e-05 -1.7667552106243033e-05 -7.3095309129769529e-05 +5.2254245523349805e-05
146.50000000 +5.0000000000000000e+00 +2.0000142178293214e+00 +1.7806026432840051e-03 +1.0001540176730677e+00 +1.0000021100424812e+00 +9.9997008100018592e-01 +9.9999849696708365e-01 +1.0000215926038298e+00 -2.2770841601632992e-05 -7.6679240135640108e-05 -2.4122444795679127e-05 -9.2221977675914304e-05 +6.9496212953315911e-05
147.00000000 +5.0000000000000000e+00 +2.0000177105840966e+00 +1.7743530165341621e-03 +1.0001752731860356e+00 +9.9999739860133208e-01 +9.9997168706701278e-01 +9.9999306347402139e-01 +1.0000198362039241e+00 -1.3254505514602789e-05 -8.8815592182992119e-05 -3.0577830345364653e-05 -1.1135010662970392e-04 +8.6739496885472991e-05
147.50000000 +5.0000000000000000e+00 +2.0000131687319929e+00 +1.7815778216128705e-03 +1.0001543975888441e+00 +9.9999668734433544e-01 +9.9997604267290807e-01 +9.9999279558421439e-01 +1.0000181254941516e+00 -2.9521251725154356e-05 -6.3003623646505457e-05 +1.0051432415235777e-06 -1.1739761723298079e-04 +7.0868659103170560e-05
148.00000000 +5.0000000000000000e+00 +2.0000086272612689e+00 +1.7888020200234492e-03 +1.0001335237445796e+00 +9.9999597614706293e-01 +9.9998039791306204e-01 +9.9999252771690195e-01 +1.0000164149280271e+00 -4.5786632014220024e-05 -3.7193822545470281e-05 +3.2585464800670548e-05 -1.2344462002574888e-04 +5.4999153997854954e-05
148.50000000 +5.0000000000000000e+00 +2.0000040861718769e+00 +1.7960256118423089e-03 +1.0001126516530223e+00 +9.9999526500950731e-01 +9.9998475278752097e-01 +9.9999225987208118e-01 +1.0000147045055332e+00 -6.2050646553837559e-05 -1.1386188606898156e-05 +6.4163134666099034e-05 -1.2949111507196685e-04 +3.9130981401675590e-05
149.00000000 +5.0000000000000000e+00 +1.9999995454637696e+00 +1.8032485971458470e-03 +1.0000917813139505e+00 +9.9999455393166126e-01 +9.9998910729633150e-01 +9.9999199204974998e-01 +1.0000129942266522e+00 -7.8313295516015908e-05 +1.4419278442153524e-05 +9.5738153171775865e-05 -1.3553710243558288e-04 +2.3264141146810016e-05
149.50000000 +5.0000000000000000e+00 +1.9999950051368980e+00 +1.8104709760104467e-03 +1.0000709127271443e+00 +9.9999384291351701e-01 +9.9999346143953893e-01 +9.9999172424990479e-01 +1.0000112840913653e+00 -9.4574579072735000e-05 +4.0222578874581491e-05 +1.2731052065161159e-04 -1.4158258218053399e-04 +7.3986330654639570e-06
150.00000000 +5.0000000000000000e+00 +1.9999904651912133e+00 +1.8176927485124791e-03 +1.0000500458923824e+00 +9.9999313195506634e-01 +9.9999781521718933e-01 +9.9999145647254251e-01 +1.0000095740996540e+00 -1.1083449739594594e-04 +6.6023712963236654e-05 +1.5888023743946072e-04 -1.4762755437074676e-04 -8.4655430101286284e-06
150.50000000 +5.0000000000000000e+00 +1.9999859256266701e+00 +1.8249139147283044e-03 +1.0000291808094450e+00 +9.9999242105630337e-01 +1.0000021686293294e+00 +9.9999118871766157e-01 +1.0000078642515018e+00 -1.2709305065757107e-04 +9.1822680980924227e-05 +1.9044730386912203e-04 -1.5367201907013706e-04 -2.4328387247705716e-05
151.00000000 +5.0000000000000000e+00 +1.9999813864432190e+00 +1.8321344747342671e-03 +1.0000083174781107e+00 +9.9999171021721922e-01 +1.0000065216760048e+00 +9.9999092098525810e-01 +1.0000061545468892e+00 -1.4335023902950367e-04 +1.1761948320040346e-04 +2.2201172027433777e-04 -1.5971597634260979e-04 -4.0189899814977002e-05
151.50000000 +5.0000000000000000e+00 +1.9999768476408109e+00 +1.8393544286066999e-03 +9.9998745589815896e-01 +9.9999099943780678e-01 +1.0000108743572613e+00 +9.9999065327532943e-01 +1.0000044449857985e+00 -1.5960606268360832e-04 +1.4341411989438784e-04 +2.5357348698879439e-04 -1.6575942625205931e-04 -5.6050080879624132e-05
152.00000000 +5.0000000000000000e+00 +1.9999702734530536e+00 +1.8449093131764937e-03 +9.9997422520599066e-01 +9.9999249231376841e-01 +1.0000043981994535e+00 +9.9999136968833502e-01 +1.0000067777408317e+00 -1.2515911268013523e-04 +1.2556249876194663e-04 +2.2846024492148527e-04 -1.5782623832878579e-04 -4.0300549156486036e-05
152.50000000 +5.0000000000000000e+00 +1.9999636998045665e+00 +1.8504637420881872e-03 +9.9996099559911455e-01 +9.9999398506727222e-01 +9.9999792257287445e-01 +9.9999208604257461e-01 +1.0000091103045128e+00 -9.0714988303659247e-05 +1.0771234196880421e-04 +2.0334906285236943e-04 -1.4989370115194896e-04 -2.4552309341688876e-05
153.00000000 +5.0000000000000000e+00 +1.9999571266952825e+00 +1.8560177153978433e-03 +9.9994776707739697e-01 +9.9999547769833264e-01 +9.9999144747745872e-01 +9.9999280233805532e-01 +1.0000114426768654e+00 -5.6273689206522333e-05 +8.9863649334791967e-05 +1.7823994052798981e-04 -1.4196181464148260e-04 -8.8053612762794677e-06
153.50000000 +5.0000000000000000e+00 +1.9999505541251357e+00 +1.8615712331615153e-03 +9.9993453964070400e-01 +9.9999697020696476e-01 +9.9998497291314059e-01 +9.9999351857478380e-01 +1.0000137748579125e+00 -2.1835215041123367e-05 +7.2016420679770773e-05 +1.5313287769493095e-04 -1.3403057871733357e-04 +6.9402951986692839e-06
154.00000000 +5.0000000000000000e+00 +1.9999439820940599e+00 +1.8671242954352489e-03 +9.9992131328890277e-01 +9.9999846259318415e-01 +9.9997849887985535e-01 +9.9999423475276827e-01 +1.0000161068476785e+00 +1.2600434540081609e-05 +5.4170655823631131e-05 +1.2802787409981901e-04 -1.2609999329946204e-04 +2.2684660242058425e-05
154.50000000 +5.0000000000000000e+00 +1.9999374106019880e+00 +1.8726769022750782e-03 +9.9990808802185960e-01 +9.9999995485700544e-01 +9.9997202537753738e-01 +9.9999495087201495e-01 +1.0000184386461863e+00 +4.7033259884579645e-05 +3.6326354586293010e-05 +1.0292492948932164e-04 -1.1817005830784107e-04 +3.8427734012762867e-05
155.00000000 +5.0000000000000000e+00 +1.9999308396488553e+00 +1.8782290537370308e-03 +9.9989486383944126e-01 +1.0000014469984440e+00 +9.9996555240612128e-01 +9.9999566693253195e-01 +1.0000207702534600e+00 +8.1463261339800822e-05 +1.8483516787705961e-05 +7.7824043610148118e-05 -1.1024077366245706e-04 +5.4169516669631581e-05
155.50000000 +5.0000000000000000e+00 +1.9999242692345947e+00 +1.8837807498771231e-03 +9.9988164074151387e-01 +1.0000029390175151e+00 +9.9995907996554190e-01 +9.9999638293432624e-01 +1.0000231016695229e+00 +1.1589043925311813e-04 +6.4214224784904730e-07 +5.2725216209049187e-05 -1.0231213928330938e-04 +6.9910008371487382e-05
156.00000000 +5.0000000000000000e+00 +1.9999176993591390e+00 +1.8893319907513633e-03 +9.9986841872794452e-01 +1.0000044309142331e+00 +9.9995260805573372e-01 +9.9999709887740473e-01 +1.0000254328943985e+00 +1.5031479397184768e-04 -1.7197769213269156e-05 +2.7628447032817122e-05 -9.4384155090410617e-05 +8.5649209277127101e-05
156.50000000 +5.0000000000000000e+00 +1.9999203052563816e+00 +1.9272553432845643e-03 +9.9976941797331531e-01 +1.0000144983661026e+00 +9.9996599277518206e-01 +9.9999878409455745e-01 +1.0000152459600802e+00 +1.6585336987963420e-04 -3.1607189666474106e-05 +5.5439670647589324e-05 -7.4283786565732327e-05 +1.2065876201043713e-04
157.00000000 +5.0000000000000000e+00 +1.9999229102458325e+00 +1.9651654848134438e-03 +9.9967045170665514e-01 +1.0000245623108681e+00 +9.9997937283192107e-01 +1.0000004687246471e+00 +1.0000050625744896e+00 +1.8138653275877851e-04 -4.6011590444382308e-05 +8.3241205925998189e-05 -5.4190420218807635e-05 +1.5565611879266253e-04
157.50000000 +5.0000000000000000e+00 +1.9999255143279648e+00 +2.0030624222400909e-03 +9.9957151990994564e-01 +1.0000346227503616e+00 +9.9999274822838635e-01 +1.0000021527679803e+00 +9.9999488273577197e-01 +1.9691428543731741e-04 -6.0410974169523104e-05 +1.1103305792971500e-04 -3.4104052391348730e-05 +1.9064128599557785e-04
158.00000000 +5.0000000000000000e+00 +1.9999281175032546e+00 +2.0409461624617880e-03 +9.9947262256518099e-01 +1.0000446796864144e+00 +1.0000061189670120e+00 +1.0000038362248633e+00 +9.9998470644207493e-01 +2.1243663074131805e-04 -7.4805343462599303e-05 +1.3881523171688578e-04 -1.4024679427615797e-05 +2.2561426998651994e-04
158.50000000 +5.0000000000000000e+00 +1.9999307197721730e+00 +2.0788167123710127e-03 +9.9937375965436770e-01 +1.0000547331208556e+00 +1.0000194850502309e+00 +1.0000055190956019e+00 +9.9997453369154676e-01 +2.2795357149487953e-04 -8.9194700942488771e-05 +1.6658773234213409e-04 +6.0477023255853188e-06 +2.6057507712839160e-04
159.00000000 +5.0000000000000000e+00 +1.9999333211351948e+00 +2.1166740788554459e-03 +9.9927493115952548e-01 +1.0000647830555143e+00 +1.0000328464804740e+00 +1.0000072013805030e+00 +9.9996436448233739e-01 +2.4346511052013479e-04 -1.0357904922624600e-04 +1.9435056485656450e-04 +2.6113096518905192e-05 +2.9552371377966565e-04
159.50000000 +5.0000000000000000e+00 +1.9999359215927923e+00 +2.1545182687979746e-03 +9.9917613706268638e-01 +1.0000748294922173e+00 +1.0000462032601705e+00 +1.0000088830798721e+00 +9.9995419881259806e-01 +2.5897125063725242e-04 -1.1795839092910373e-04 +2.2210373430776533e-04 +4.6171506800453277e-05 +3.3046018629438869e-04
160.00000000 +5.0000000000000000e+00 +1.9999385211454388e+00 +2.1923492890766924e-03 +9.9907737734589475e-01 +1.0000848724327909e+00 +1.0000595553917482e+00 +1.0000105641940151e+00 +9.9994403668048115e-01 +2.7447199466443782e-04 -1.3233272866447452e-04 +2.4984724573981173e-04 +6.6222936815799784e-05 +3.6538450102218485e-04
160.50000000 +5.0000000000000000e+00 +1.9999411197936061e+00 +2.2301671465649081e-03 +9.9897865199120717e-01 +1.0000949118790592e+00 +1.0000729028776325e+00 +1.0000122447232371e+00 +9.9993387808414025e-01 +2.8996734541793549e-04 -1.4670206504395234e-04 +2.7758110419326908e-04 +8.6267390207978281e-05 +4.0029666430825973e-04
161.00000000 +5.0000000000000000e+00 +1.9999307920296665e+00 +2.2372788645827605e-03 +9.9896180769226495e-01 +1.0000850382777213e+00 +1.0000700169583547e+00 +1.0000092445107829e+00 +9.9993660888531566e-01 +2.9735559433655546e-04 -1.1669936054677043e-04 +2.6979188946783860e-04 +9.0991756618219964e-05 +3.9584378990185161e-04
161.50000000 +5.0000000000000000e+00 +1.9999204672056814e+00 +2.2443885581419879e-03 +9.9894496818830825e-01 +1.0000751674870543e+00 +1.0000671318605974e+00 +1.0000062451523850e+00 +9.9993933890912667e-01 +3.0474174007782625e-04 -8.6705196775436756e-05 +2.6200489206076850e-04 +9.5714778165757023e-05 +3.9139218307382271e-04
162.00000000 +5.0000000000000000e+00 +1.9999101453203965e+00 +2.2514962281069062e-03 +9.9892813347729015e-01 +1.0000652995058579e+00 +1.0000642475840100e+00 +1.0000032466476785e+00 +9.9994206815590569e-01 +3.1212578353967212e-04 -5.6719570083599241e-05 +2.5422011102540354e-04 +1.0043645542476108e-04 +3.8694184328299700e-04
162.50000000 +5.0000000000000000e+00 +1.9998998263725569e+00 +2.2586018753413400e-03 +9.9891130355716451e-01 +1.0000554343329329e+00 +1.0000613641282425e+00 +1.0000002489962991e+00 +9.9994479662598434e-01 +3.1950772561950634e-04 -2.6742476826981131e-05 +2.4643754541562712e-04 +1.0515678896907712e-04 +3.8249276998850634e-04
163.00000000 +5.0000000000000000e+00 +1.9998895103609093e+00 +2.2657055007086228e-03 +9.9889447842588719e-01 +1.0000455719670809e+00 +1.0000584814929443e+00 +9.9999725219788282e-01 +9.9994752431969425e-01 +3.2688756721423152e-04 +3.2260866366204204e-06 +2.3865719428586127e-04 +1.0987577937222343e-04 +3.7804496264979052e-04
163.50000000 +5.0000000000000000e+00 +1.9998791972841994e+00 +2.2728071050715946e-03 +9.9887765808141338e-01 +1.0000357124071033e+00 +1.0000555996777647e+00 +9.9999425625206462e-01 +9.9995025123736603e-01 +3.3426530922023962e-04 +3.3186123947335845e-05 +2.3087905669106574e-04 +1.1459342720739196e-04 +3.7359842072659652e-04
164.00000000 +5.0000000000000000e+00 +1.9998688871411763e+00 +2.2799066892926069e-03 +9.9886084252170115e-01 +1.0000258556518036e+00 +1.0000527186823545e+00 +9.9999126115848180e-01 +9.9995297737933142e-01 +3.4164095253341287e-04 +6.3137638743224601e-05 +2.2310313168673830e-04 +1.1930973304744862e-04 +3.6915314367897914e-04
164.50000000 +5.0000000000000000e+00 +1.9998585799305877e+00 +2.2870042542335206e-03 +9.9884403174470926e-01 +1.0000160016999848e+00 +1.0000498385063634e+00 +9.9998826691677045e-01 +9.9995570274592138e-01 +3.4901449804912405e-04 +9.3080634660276559e-05 +2.1532941832891374e-04 +1.2402469746493347e-04 +3.6470913096730016e-04
165.00000000 +5.0000000000000000e+00 +1.9998482756511828e+00 +2.2940998007557048e-03 +9.9882722574839755e-01 +1.0000061505504516e+00 +1.0000469591494421e+00 +9.9998527352656696e-01 +9.9995842733746643e-01 +3.5638594666223626e-04 +1.2301511533241370e-04 +2.0755791567416389e-04 +1.2873832103206076e-04 +3.6026638205222822e-04
165.50000000 +5.0000000000000000e+00 +1.9998379743017116e+00 +2.3011933297200395e-03 +9.9881042453072688e-01 +9.9999630220200797e-01 +1.0000440806112414e+00 +9.9998228098750863e-01 +9.9996115115429729e-01 +3.6375529926710405e-04 +1.5294108439149143e-04 +1.9978862277959710e-04 +1.3345060432071960e-04 +3.5582489639473868e-04
166.00000000 +5.0000000000000000e+00 +1.9998276758809244e+00 +2.3082848419869158e-03 +9.9879362808965921e-01 +9.9998645665345987e-01 +1.0000412028914121e+00 +9.9997928929923185e-01 +9.9996387419674415e-01 +3.7112255675757330e-04 +1.8285854546730003e-04 +1.9202153870285764e-04 +1.3816154790247364e-04 +3.5138467345611352e-04
166.50000000 +5.0000000000000000e+00 +1.9998173803875725e+00 +2.3153743384162350e-03 +9.9877683642315818e-01 +9.9997661390361348e-01 +1.0000383259896051e+00 +9.9997629846137426e-01 +9.9996659646513741e-01 +3.7848772002698161e-04 +2.1276750218756613e-04 +1.8425666250212574e-04 +1.4287115234856181e-04 +3.4694571269794074e-04
167.00000000 +5.0000000000000000e+00 +1.9998070878204079e+00 +2.3224618198674093e-03 +9.9876004952918784e-01 +9.9996677395127531e-01 +1.0000354499054716e+00 +9.9997330847357324e-01 +9.9996931795980681e-01 +3.8585078996815911e-04 +2.4266795817795436e-04 +1.7649399323611698e-04 +1.4757941822989823e-04 +3.4250801358211470e-04
167.50000000 +5.0000000000000000e+00 +1.9997967981781828e+00 +2.3295472871993641e-03 +9.9874326740571417e-01 +9.9995693679525299e-01 +1.0000325746386634e+00 +9.9997031933546654e-01 +9.9997203868108253e-01 +3.9321176747342810e-04 +2.7255991706206850e-04 +1.6873352996408183e-04 +1.5228634611707249e-04 +3.3807157557083541e-04
168.00000000 +5.0000000000000000e+00 +1.9997865114596518e+00 +2.3366307412705342e-03 +9.9872649005070413e-01 +9.9994710243435503e-01 +1.0000297001888321e+00 +9.9996733104669200e-01 +9.9997475862929408e-01 +4.0057065343460406e-04 +3.0244338246145335e-04 +1.6097527174580546e-04 +1.5699193658035007e-04 +3.3363639812660872e-04
168.50000000 +5.0000000000000000e+00 +1.9997762276635676e+00 +2.3437121829388680e-03 +9.9870971746212500e-01 +9.9993727086738970e-01 +1.0000268265556289e+00 +9.9996434360688735e-01 +9.9997747780477075e-01 +4.0792744874299560e-04 +3.3231835799559558e-04 +1.5321921764160722e-04 +1.6169619018967222e-04 +3.2920248071224530e-04
169.00000000 +5.0000000000000000e+00 +1.9997659467886852e+00 +2.3507916130618275e-03 +9.9869294963794608e-01 +9.9992744209316697e-01 +1.0000239537387066e+00 +9.9996135701569100e-01 +9.9998019620784162e-01 +4.1528215428940493e-04 +3.6218484728192598e-04 +1.4546536671234027e-04 +1.6639910751465651e-04 +3.2476982279086168e-04
169.50000000 +5.0000000000000000e+00 +1.9997556688337608e+00 +2.3578690324963856e-03 +9.9867618657613777e-01 +9.9991761611049701e-01 +1.0000210817377169e+00 +9.9995837127274179e-01 +9.9998291383883631e-01 +4.2263477096412844e-04 +3.9204285393582006e-04 +1.3771371801939134e-04 +1.7110068912459705e-04 +3.2033842382587910e-04
170.00000000 +5.0000000000000000e+00 +1.9997453937975502e+00 +2.3649444420990296e-03 +9.9865942827467169e-01 +9.9990779291819054e-01 +1.0000182105523125e+00 +9.9995538637767778e-01 +9.9998563069808311e-01 +4.2998529965695672e-04 +4.2189238157060047e-04 +1.2996427062468018e-04 +1.7580093558846444e-04 +3.1590828328102347e-04
170.50000000 +5.0000000000000000e+00 +1.9997553481976278e+00 +2.3352281176848488e-03 +9.9873311433446876e-01 +9.9991631109979962e-01 +1.0000166510308579e+00 +9.9995774687324901e-01 +9.9998588238391395e-01 +3.9125413158417303e-04 +3.8977764241487521e-04 +1.2953486543326162e-04 +1.7628349206000763e-04 +3.0344413866098107e-04
171.00000000 +5.0000000000000000e+00 +1.9997653053832758e+00 +2.3055034776581465e-03 +9.9880682101406737e-01 +9.9992483166507795e-01 +1.0000150910729972e+00 +9.9996010802936475e-01 +9.9998613414017445e-01 +3.5251212524681431e-04 +3.5765391649068807e-04 +1.2910534008003774e-04 +1.7676618356684585e-04 +2.9097650616014871e-04
171.50000000 +5.0000000000000000e+00 +1.9997752653556646e+00 +2.2757705185279587e-03 +9.9888054832212436e-01 +9.9993335461502675e-01 +1.0000135306785478e+00 +9.9996246984630277e-01 +9.9998638596689471e-01 +3.1375927609488587e-04 +3.2552120002531793e-04 +1.2867569451456372e-04 +1.7724901016566820e-04 +2.7850538431428462e-04
172.00000000 +5.0000000000000000e+00 +1.9997852281159638e+00 +2.2460292368013659e-03 +9.9895429626730081e-01 +9.9994187995064687e-01 +1.0000119698473258e+00 +9.9996483232434052e-01 +9.9998663786410402e-01 +2.7499557957584499e-04 +2.9337948924393120e-04 +1.2824592868636636e-04 +1.7773197191319531e-04 +2.6603077165832724e-04
172.50000000 +5.0000000000000000e+00 +1.9997951936653444e+00 +2.2162796289834940e-03 +9.9902806485826268e-01 +9.9995040767294052e-01 +1.0000104085791484e+00 +9.9996719546375556e-01 +9.9998688983183215e-01 +2.3622103113460068e-04 +2.6122878036958093e-04 +1.2781604254494415e-04 +1.7821506886617962e-04 +2.5355266672639468e-04
173.00000000 +5.0000000000000000e+00 +1.9998051620049775e+00 +2.1865216915775117e-03 +9.9910185410368113e-01 +9.9995893778290978e-01 +1.0000088468738313e+00 +9.9996955926482545e-01 +9.9998714187010895e-01 +1.9743562621351069e-04 +2.2906906962320516e-04 +1.2738603603976747e-04 +1.7869830108140542e-04 +2.4107106805178427e-04
173.50000000 +5.0000000000000000e+00 +1.9998151331360354e+00 +2.1567554210846292e-03 +9.9917566401223168e-01 +9.9996747028155752e-01 +1.0000072847311916e+00 +9.9997192372782873e-01 +9.9998739397896386e-01 +1.5863936025238063e-04 +1.9690035322362539e-04 +1.2695590912027824e-04 +1.7918166861568868e-04 +2.2858597416697184e-04
174.00000000 +5.0000000000000000e+00 +1.9998251070596904e+00 +2.1269808140040960e-03 +9.9924949459259504e-01 +9.9997600516988727e-01 +1.0000057221510452e+00 +9.9997428885304274e-01 +9.9998764615842584e-01 +1.1983222868846149e-04 +1.6472262738754514e-04 +1.2652566173589010e-04 +1.7966517152587729e-04 +2.1609738360361120e-04
174.50000000 +5.0000000000000000e+00 +1.9998350837771166e+00 +2.0971978668332019e-03 +9.9932334585345672e-01 +9.9998454244890322e-01 +1.0000041591332087e+00 +9.9997665464074592e-01 +9.9998789840852575e-01 +8.1014226956448176e-05 +1.3253588832954849e-04 +1.2609529383598842e-04 +1.8014880986885095e-04 +2.0360529489253358e-04
175.00000000 +5.0000000000000000e+00 +1.9998450632894864e+00 +2.0674065760672728e-03 +9.9939721780350688e-01 +9.9999308211960980e-01 +1.0000025956774974e+00 +9.9997902109121672e-01 +9.9998815072929226e-01 +4.2185350488477830e-05 +1.0034013226209854e-04 +1.2566480536993011e-04 +1.8063258370152124e-04 +1.9110970656374703e-04
175.50000000 +5.0000000000000000e+00 +1.9998550455979771e+00 +2.0376069381996720e-03 +9.9947111045144144e-01 +1.0000016241830125e+00 +1.0000010317837282e+00 +9.9998138820473415e-01 +9.9998840312075588e-01 +3.3455947141277053e-06 +6.8135355395536023e-05 +1.2523419628704380e-04 +1.8111649308083169e-04 +1.7861061714643598e-04
176.00000000 +5.0000000000000000e+00 +1.9998650307037613e+00 +2.0077989497217963e-03 +9.9954502380595966e-01 +1.0000101686401166e+00 +9.9999946745171620e-01 +9.9998375598157618e-01 +9.9998865558294581e-01 -3.5505044939586171e-05 +3.5921553938077764e-05 +1.2480346653662963e-04 +1.8160053806375755e-04 +1.6610802516896033e-04
176.50000000 +5.0000000000000000e+00 +1.9998750186080168e+00 +1.9779826071230767e-03 +9.9961895787576704e-01 +1.0000187154919289e+00 +9.9999790268127797e-01 +9.9998612442202206e-01 +9.9998890811589181e-01 -7.4366573048211421e-05 +3.6987240958150830e-06 +1.2437261606795943e-04 +1.8208471870730623e-04 +1.5360192915885528e-04
177.00000000 +5.0000000000000000e+00 +1.9998850093119194e+00 +1.9481579068909758e-03 +9.9969291266957316e-01 +1.0000272647394559e+00 +9.9999633747222827e-01 +9.9998849352635111e-01 +9.9998916071962407e-01 -1.1323899418986040e-04 -2.8533137927287463e-05 +1.2394164483027649e-04 +1.8256903506851704e-04 +1.4109232764283048e-04
177.50000000 +5.0000000000000000e+00 +1.9998950028166462e+00 +1.9183248455109858e-03 +9.9976688819609294e-01 +1.0000358163837051e+00 +9.9999477182438323e-01 +9.9999086329484177e-01 +9.9998941339417180e-01 -1.5212231294521264e-04 -6.0774035929393884e-05 +1.2351055277279565e-04 +1.8305348720446115e-04 +1.2857921914676939e-04
178.00000000 +5.0000000000000000e+00 +1.9999049991233759e+00 +1.8884834194666305e-03 +9.9984088446404584e-01 +1.0000443704256847e+00 +9.9999320573755812e-01 +9.9999323372777382e-01 +9.9998966613956519e-01 -1.9101653389751614e-04 -9.3023973710797817e-05 +1.2307933984470330e-04 +1.8353807517224185e-04 +1.1606260219572910e-04
178.50000000 +5.0000000000000000e+00 +1.9999149982332860e+00 +1.8586336252394585e-03 +9.9991490148215634e-01 +1.0000529268664027e+00 +9.9999163921156797e-01 +9.9999560482542615e-01 +9.9998991895583345e-01 -2.2992166163258949e-04 -1.2528295507392451e-04 +1.2264800599515730e-04 +1.8402279902899438e-04 +1.0354247531393924e-04
179.00000000 +5.0000000000000000e+00 +1.9999250001475573e+00 +1.8287754593090480e-03 +9.9998893925915422e-01 +1.0000614857068693e+00 +9.9999007224622871e-01 +9.9999797658807965e-01 +9.9999017184300709e-01 -2.6883770073882364e-04 -1.5755098382333189e-04 +1.2221655117328716e-04 +1.8450765883188622e-04 +9.1018837024801902e-05
179.50000000 +5.0000000000000000e+00 +1.9999350048673690e+00 +1.7989089181529999e-03 +1.0000629978037738e+00 +1.0000700469480934e+00 +9.9998850484135515e-01 +1.0000003490160130e+00 +9.9999042480111577e-01 -3.0776465580718349e-04 -1.8982806376571242e-04 +1.2178497532819360e-04 +1.8499265463811667e-04 +7.8491685850890544e-05
180.00000000 +5.0000000000000000e+00 +1.9999307270766360e+00 +1.8170071469109361e-03 +1.0000187862341019e+00 +1.0000605984780673e+00 +9.9999726210578610e-01 +1.0000044700177915e+00 +9.9999637034422895e-01 -3.1567421711586419e-04 -1.5616451404666028e-04 +1.3205891464538837e-04 +1.8706399734807683e-04 +7.5228645803399315e-05
180.50000000 +5.0000000000000000e+00 +1.9999264497358640e+00 +1.8351034720013779e-03 +9.9997457931483691e-01 +1.0000511510018812e+00 +1.0000060184490818e+00 +1.0000085905861007e+00 +1.0000023152619584e+00 -3.2358294645502101e-04 -1.2250450523794849e-04 +1.4233177329526589e-04 +1.8913512218324708e-04 +7.1965948979731514e-05
181.00000000 +5.0000000000000000e+00 +1.9999221728449825e+00 +1.8531978937246668e-03 +9.9993037704524523e-01 +1.0000417045193788e+00 +1.0000147738713876e+00 +1.0000127107210104e+00 +1.0000082595544033e+00 -3.3149084395591398e-04 -8.8848036780928930e-05 +1.5260355144832270e-04 +1.9120602917800165e-04 +6.8703595325736891e-05
181.50000000 +5.0000000000000000e+00 +1.9999178964039188e+00 +1.8712904123810788e-03 +9.9988617942459290e-01 +1.0000322590304025e+00 +1.0000235283728480e+00 +1.0000168304225874e+00 +1.0000142032216610e+00 -3.3939790974977450e-04 -5.5195108117070895e-05 +1.6287424927501930e-04 +1.9327671836670709e-04 +6.5441584787276463e-05
182.00000000 +5.0000000000000000e+00 +1.9999136204126036e+00 +1.8893810282708304e-03 +9.9984198645214750e-01 +1.0000228145347965e+00 +1.0000322819536096e+00 +1.0000209496909009e+00 +1.0000201462638318e+00 -3.4730414396780723e-04 -2.1545718687961239e-05 +1.7314386694578061e-04 +1.9534718978372320e-04 +6.2179917310222765e-05
182.50000000 +5.0000000000000000e+00 +1.9999093448709651e+00 +1.9074697416940720e-03 +9.9979779812717473e-01 +1.0000133710324031e+00 +1.0000410346138164e+00 +1.0000250685260190e+00 +1.0000260886810128e+00 -3.5520954674118867e-04 +1.2100132064695776e-05 +1.8341240463099544e-04 +1.9741744346340215e-04 +5.8918592840459646e-05
183.00000000 +5.0000000000000000e+00 +1.9999050697789316e+00 +1.9255565529508920e-03 +9.9975361444894195e-01 +1.0000039285230662e+00 +1.0000497863536140e+00 +1.0000291869280102e+00 +1.0000320304733035e+00 -3.6311411820106812e-04 +4.5742444699078414e-05 +1.9367986250101699e-04 +1.9948747944008909e-04 +5.5657611323882316e-05
183.50000000 +5.0000000000000000e+00 +1.9999007951364338e+00 +1.9436414623413161e-03 +9.9970943541671642e-01 +9.9999448700662941e-01 +1.0000585371731481e+00 +1.0000333048969430e+00 +1.0000379716408023e+00 -3.7101785847856711e-04 +7.9381219773247592e-05 +2.0394624072616249e-04 +2.0155729774812202e-04 +5.2396972706397448e-05
184.00000000 +5.0000000000000000e+00 +1.9998965209433999e+00 +1.9617244701653058e-03 +9.9966526102976494e-01 +9.9998504648293551e-01 +1.0000672870725633e+00 +1.0000374224328852e+00 +1.0000439121836076e+00 -3.7892076770477945e-04 +1.1301645784514688e-04 +2.1421153947671337e-04 +2.0362689842183147e-04 +4.9136676933922997e-05
184.50000000 +5.0000000000000000e+00 +1.9998922471997589e+00 +1.9798055767227605e-03 +9.9962109128735543e-01 +9.9997560695182841e-01 +1.0000760360520049e+00 +1.0000415395359052e+00 +1.0000498521018177e+00 -3.8682284601077179e-04 +1.4664815947260253e-04 +2.2447575892291531e-04 +2.0569628149554102e-04 +4.5876723952388366e-05
185.00000000 +5.0000000000000000e+00 +1.9998879739054405e+00 +1.9978847823135162e-03 +9.9957692618875493e-01 +9.9996616841315134e-01 +1.0000847841116176e+00 +1.0000456562060713e+00 +1.0000557913955315e+00 -3.9472409352758287e-04 +1.8027632521332344e-04 +2.3473889923497813e-04 +2.0776544700356673e-04 +4.2617113707734264e-05
185.50000000 +5.0000000000000000e+00 +1.9998837010603729e+00 +2.0159620872373459e-03 +9.9953276573323124e-01 +9.9995673086674786e-01 +1.0000935312515469e+00 +1.0000497724434523e+00 +1.0000617300648473e+00 -4.0262451038622392e-04 +2.1390095562490120e-04 +2.4500096058307586e-04 +2.0983439498021780e-04 +3.9357846145912827e-05
186.00000000 +5.0000000000000000e+00 +1.9998794286644868e+00 +2.0340374917939595e-03 +9.9948860992005273e-01 +9.9994729431246143e-01 +1.0001022774719379e+00 +1.0000538882481156e+00 +1.0000676681098637e+00 -4.1052409671767895e-04 +2.4752205126481050e-04 +2.5526194313734698e-04 +2.1190312545979603e-04 +3.6098921212887513e-05
186.50000000 +5.0000000000000000e+00 +1.9998751567177107e+00 +2.0521109962830038e-03 +9.9944445874848686e-01 +9.9993785875013574e-01 +1.0001110227729353e+00 +1.0000580036201303e+00 +1.0000736055306791e+00 -4.1842285265290396e-04 +2.8113961269040836e-04 +2.6552184706789381e-04 +2.1397163847659592e-04 +3.2840338854633159e-05
187.00000000 +5.0000000000000000e+00 +1.9998708852199725e+00 +2.0701826010040623e-03 +9.9940031221780146e-01 +9.9992842417961436e-01 +1.0001197671546840e+00 +1.0000621185595637e+00 +1.0000795423273916e+00 -4.2632077832282757e-04 +3.1475364045893483e-04 +2.7578067254478309e-04 +2.1603993406490486e-04 +2.9582099017135927e-05
187.50000000 +5.0000000000000000e+00 +1.9998666141712031e+00 +2.0882523062566568e-03 +9.9935617032726598e-01 +9.9991899060074096e-01 +1.0001285106173292e+00 +1.0000662330664847e+00 +1.0000854785001001e+00 -4.3421787385835127e-04 +3.4836413512751295e-04 +2.8603841973804593e-04 +2.1810801225900315e-04 +2.6324201646393397e-05
188.00000000 +5.0000000000000000e+00 +1.9998623435713305e+00 +2.1063201123402448e-03 +9.9931203307614758e-01 +9.9990955801335901e-01 +1.0001372531610155e+00 +1.0000703471409611e+00 +1.0000914140489026e+00 -4.4211413939034835e-04 +3.8197109725314845e-04 +2.9629508881767752e-04 +2.2017587309316357e-04 +2.3066646688414430e-05
188.50000000 +5.0000000000000000e+00 +1.9998580734202851e+00 +2.1243860195542213e-03 +9.9926790046371572e-01 +9.9990012641731241e-01 +1.0001459947858879e+00 +1.0000744607830612e+00 +1.0000973489738973e+00 -4.5000957504966508e-04 +4.1557452739273006e-04 +3.0655067995363745e-04 +2.2224351660165206e-04 +1.9809434089219292e-05
189.00000000 +5.0000000000000000e+00 +1.9998538037179956e+00 +2.1424500281979190e-03 +9.9922377248923910e-01 +9.9989069581244483e-01 +1.0001547354920917e+00 +1.0000785739928533e+00 +1.0001032832751833e+00 -4.5790418096712033e-04 +4.4917442610302964e-04 +3.1680519331584947e-04 +2.2431094281872714e-04 +1.6552563794839560e-05
189.50000000 +5.0000000000000000e+00 +1.9998546182988239e+00 +2.1280172884788283e-03 +9.9926262731977400e-01 +9.9990311368501228e-01 +1.0001490048727295e+00 +1.0000731372324296e+00 +1.0000934635296956e+00 -3.9922475268521439e-04 +4.1911042415341621e-04 +2.8923634644874741e-04 +1.8413118842951665e-04 +2.5400160543735916e-05
190.00000000 +5.0000000000000000e+00 +1.9998554326946802e+00 +2.1135878261013502e-03 +9.9930147332727515e-01 +9.9991552873776834e-01 +1.0001432755546587e+00 +1.0000677017065691e+00 +1.0000836460140459e+00 -3.4055864914523640e-04 +3.8905324904378791e-04 +2.6167375982958085e-04 +1.4396055793386883e-04 +3.4245748207901704e-05
190.50000000 +5.0000000000000000e+00 +1.9998562469056267e+00 +2.0991616399492971e-03 +9.9934031051474703e-01 +9.9992794097167270e-01 +1.0001375475374359e+00 +1.0000622674148503e+00 +1.0000738307274732e+00 -2.8190586580909000e-04 +3.5900289844908225e-04 +2.3411743132625528e-04 +1.0379904822439841e-04 +4.3089327471584273e-05
191.00000000 +5.0000000000000000e+00 +1.9998570609317261e+00 +2.0847387289069904e-03 +9.9937913888519325e-01 +9.9994035038768536e-01 +1.0001318208206178e+00 +1.0000568343568539e+00 +1.0000640176692195e+00 -2.2326639814073966e-04 +3.2895937004529262e-04 +2.0656735880764443e-04 +6.3646656195131036e-05 +5.1930899018720314e-05
191.50000000 +5.0000000000000000e+00 +1.9998578747730427e+00 +2.0703190918592578e-03 +9.9941795844161674e-01 +9.9995275698676600e-01 +1.0001260954037623e+00 +1.0000514025321587e+00 +1.0000542068385259e+00 -1.6464024160620924e-04 +2.9892266150946745e-04 +1.7902354014358971e-04 +2.3503378741502609e-05 +6.0770463532936030e-05
192.00000000 +5.0000000000000000e+00 +1.9998586884296383e+00 +2.0559027276914324e-03 +9.9945676918701709e-01 +9.9996516076987374e-01 +1.0001203712864264e+00 +1.0000459719403458e+00 +1.0000443982346336e+00 -1.0602739167358048e-04 +2.6889277051970957e-04 +1.5148597320489921e-04 -1.6630787239641871e-05 +6.9608021697547257e-05
192.50000000 +5.0000000000000000e+00 +1.9998595019015761e+00 +2.0414896352893542e-03 +9.9949557112439491e-01 +9.9997756173796704e-01 +1.0001146484681678e+00 +1.0000405425809951e+00 +1.0000345918567850e+00 -4.7427843812992446e-05 +2.3886969475517581e-04 +1.2395465586334761e-04 -5.6755844850048706e-05 +7.8443574195559692e-05
193.00000000 +5.0000000000000000e+00 +1.9998603151889196e+00 +2.0270798135393667e-03 +9.9953436425674758e-01 +9.9998995989200412e-01 +1.0001089269485441e+00 +1.0000351144536872e+00 +1.0000247877042223e+00 +1.1158406503359991e-05 +2.0885343189607641e-04 +9.6429585991675602e-05 -9.6871797190056590e-05 +8.7277121709669075e-05
193.50000000 +5.0000000000000000e+00 +1.9998611282917298e+00 +2.0126732613283222e-03 +9.9957314858707202e-01 +1.0000023552329427e+00 +1.0001032067271136e+00 +1.0000296875580026e+00 +1.0000149857761877e+00 +6.9731363801227438e-05 +1.7884397962367410e-04 +6.8910761463588963e-05 -1.3697864735859726e-04 +9.6108664922261276e-05
194.00000000 +5.0000000000000000e+00 +1.9998619412100718e+00 +1.9982699775435747e-03 +9.9961192411836397e-01 +1.0000147477617400e+00 +1.0000974878034343e+00 +1.0000242618935220e+00 +1.0000051860719250e+00 +1.2829103260430697e-04 +1.4884133562028374e-04 +4.1398180153758338e-05 -1.7707639845319638e-04 +1.0493820451541263e-04
194.50000000 +5.0000000000000000e+00 +1.9998627539440073e+00 +1.9838699610729869e-03 +9.9965069085361713e-01 +1.0000271374793537e+00 +1.0000917701770653e+00 +1.0000188374598273e+00 +9.9999538859067716e-01 +1.8683741743424310e-04 +1.1884549756927187e-04 +1.3891839937818738e-05 -2.1716505356997431e-04 +1.1376574117089001e-04
195.00000000 +5.0000000000000000e+00 +1.9998635664935980e+00 +1.9694732108049202e-03 +9.9968944879582378e-01 +1.0000395243867386e+00 +1.0000860538475638e+00 +1.0000134142564987e+00 +9.9998559333168724e-01 +2.4537052281062912e-04 +8.8856463155055830e-05 -1.3608261307631235e-05 -2.5724461580364674e-04 +1.2259127557015086e-04
195.50000000 +5.0000000000000000e+00 +1.9998643788589081e+00 +1.9550797256282469e-03 +9.9972819794797585e-01 +1.0000519084848523e+00 +1.0000803388144899e+00 +1.0000079922831184e+00 +9.9997580029419997e-01 +3.0389035325100870e-04 +5.8874230063103218e-05 -4.1102125705029889e-05 -2.9731508824752586e-04 +1.3141480839434373e-04
196.00000000 +5.0000000000000000e+00 +1.9998651910399998e+00 +1.9406895044323377e-03 +9.9976693831306329e-01 +1.0000642897746499e+00 +1.0000746250774024e+00 +1.0000025715392677e+00 +9.9996600947745951e-01 +3.6239691327087604e-04 +2.8898795979931585e-05 -6.8589755375852719e-05 -3.3737647399352077e-04 +1.4023634032430814e-04
196.50000000 +5.0000000000000000e+00 +1.9998660030369362e+00 +1.9263025461070708e-03 +9.9980566989407438e-01 +1.0000766682570861e+00 +1.0000689126358600e+00 +9.9999715202452832e-01 +9.9995622088071079e-01 +4.2089020738367847e-04 -1.0698414068927390e-06 -9.6071152440613486e-05 -3.7742877613213861e-04 +1.4905587204057488e-04
197.00000000 +5.0000000000000000e+00 +1.9998668148497787e+00 +1.9119188495428246e-03 +9.9984439269399639e-01 +1.0000890439331158e+00 +1.0000632014894224e+00 +9.9999173373848238e-01 +9.9994643450319809e-01 +4.7937024010081571e-04 -3.1031684408754525e-05 -1.2354631901886410e-04 -4.1747199775248473e-04 +1.5787340422336615e-04
197.50000000 +5.0000000000000000e+00 +1.9998676264785911e+00 +1.8975384136304839e-03 +9.9988310671581537e-01 +1.0001014168036935e+00 +1.0000574916376495e+00 +9.9998631668071236e-01 +9.9993665034416757e-01 +5.3783701593164326e-04 -6.0986735335990925e-05 -1.5101525722919576e-04 -4.5750614194226474e-04 +1.6668893755259577e-04
198.00000000 +5.0000000000000000e+00 +1.9998684379234357e+00 +1.8831612372614340e-03 +9.9992181196251595e-01 +1.0001137868697731e+00 +1.0000517830801008e+00 +9.9998090085080027e-01 +9.9992686840286460e-01 +5.9629053938347113e-04 -9.0934996497891426e-05 -1.7847796918923908e-04 -4.9753121178778377e-04 +1.7550247270786931e-04
198.50000000 +5.0000000000000000e+00 +1.9998692491843748e+00 +1.8687873193275629e-03 +9.9996050843708106e-01 +1.0001261541323079e+00 +1.0000460758163361e+00 +9.9997548624832899e-01 +9.9991708867853535e-01 +6.5473081496156748e-04 -1.2087647020269912e-04 -2.0593445701566499e-04 -5.3754721037394817e-04 +1.8431401036848435e-04
199.00000000 +5.0000000000000000e+00 +1.9998922071531919e+00 +1.8503811238203814e-03 +1.0000116511957839e+00 +1.0001242207302818e+00 +9.9994914283627423e-01 +1.0000278630161183e+00 +9.9991292736651660e-01 +4.5191641275547380e-04 +4.6086516609346348e-06 -2.8817410669349441e-04 -3.6839329545243038e-04 +1.7423719453498962e-04
199.50000000 +5.0000000000000000e+00 +1.9999152498499388e+00 +1.8319069990094679e-03 +1.0000629827002812e+00 +1.0001222801929057e+00 +9.9985185211852334e-01 +1.0000804330838953e+00 +9.9990875069689578e-01 +2.4835351034338191e-04 +1.3055688481520154e-04 -3.7071726733531606e-04 -1.9861510661945978e-04 +1.6412318953423096e-04
200.00000000 +5.0000000000000000e+00 +1.9999383777445234e+00 +1.8133645681531231e-03 +1.0001145039973727e+00 +1.0001203324806061e+00 +9.9975420167903983e-01 +1.0001331975237184e+00 +9.9990455858449789e-01 +4.4037956479459978e-05 +2.5697079771472509e-04 -4.5356562223876167e-04 -2.8209181598804537e-05 +1.5397178911192230e-04
