#PATCH_CHECK: SepMBpoisson v0.61 exact-bernoulli stratified-backward active
#discretizing the bath:
#     0 0.0000000000000000e+00 -6.3189999999999946e-01
#     1 3.7175260590882209e-03 -2.4155171443972670e-01
#     2 3.7175260590882209e-03 -2.2475061879362926e-01
#     3 3.7175260590882209e-03 -2.0726247406154494e-01
#     4 3.7175260590882209e-03 -1.8911328273418770e-01
#     5 3.7175260590882209e-03 -1.7032629988989600e-01
#     6 3.7175260590882209e-03 -1.5092248558306270e-01
#     7 3.7175260590882209e-03 -1.3092085931270092e-01
#     8 3.7175260590882209e-03 -1.1033878225265686e-01
#     9 3.7175260590882209e-03 -8.9192185141168168e-02
#sampling: jump_strength=9.2938151477205532e-03 jump_probability=9.2082355090626483e-03 log_scale=9.2508933807492009e-03 back_replicas=12 stratify_forward=1
#adaptive measurement: gap=1.8786982844291700e-02 period_steps=669 nmeas=122 nwf=400 tmax=2.0000000000000000e+02 forced_stride=0
  0.00000000 +5.0000000000000000e+00 +1.9999999999999998e+00 +1.8374661879283106e-03 +1.0000000000000000e+00 +1.0000000000000000e+00 +1.0000000000000000e+00 +1.0000000000000000e+00 +1.0000000000000000e+00 +0.0000000000000000e+00 +0.0000000000000000e+00 +0.0000000000000000e+00 +0.0000000000000000e+00 +0.0000000000000000e+00
  0.50000000 +5.0000000000000000e+00 +1.9999999998431122e+00 +1.8442856931827382e-03 +9.9998268687960790e-01 +9.9999999995076372e-01 +9.9999999995076372e-01 +9.9999999995076372e-01 +9.9999999995076372e-01 +3.4350364173490369e-06 +3.4563764169379739e-06 +3.4894416910263297e-06 +3.4962423502359937e-06 +3.4359744393089895e-06
  1.00000000 +5.0000000000000000e+00 +2.0000000007583094e+00 +1.8633658112416833e-03 +9.9993421958553763e-01 +9.9999999996966227e-01 +9.9999999998066069e-01 +9.9999999997538169e-01 +9.9999999997670130e-01 +1.3189510825036198e-05 +1.3178029957420694e-05 +1.3241003854282771e-05 +1.3212668249622628e-05 +1.2959461988586317e-05
  1.50000000 +5.0000000000000000e+00 +2.0000000041859818e+00 +1.8908088409929386e-03 +9.9986442207276649e-01 +9.9999999953899987e-01 +9.9999999955100372e-01 +9.9999999954354057e-01 +9.9999999954963648e-01 +2.7369830670162024e-05 +2.7259761493231371e-05 +2.7294902810064829e-05 +2.7094393686711471e-05 +2.6561165604274467e-05
  2.00000000 +5.0000000000000000e+00 +1.9999999998084390e+00 +1.9211375492614933e-03 +9.9978711314954838e-01 +9.9999999809922235e-01 +9.9999999798974448e-01 +9.9999999804687767e-01 +9.9999999809261642e-01 +4.3438118656545628e-05 +4.3022599797052631e-05 +4.2882894557393906e-05 +4.2290439186881032e-05 +4.1260811083558953e-05
  2.50000000 +5.0000000000000000e+00 +2.0000000025520110e+00 +1.9484672209475488e-03 +9.9971717354464462e-01 +9.9999999504651260e-01 +9.9999999491618052e-01 +9.9999999491747393e-01 +9.9999999500150327e-01 +5.8599544017499390e-05 +5.7642815113131710e-05 +5.6862788690680980e-05 +5.5718704864471475e-05 +5.4022976159784257e-05
  3.00000000 +5.0000000000000000e+00 +2.0000000026637226e+00 +1.9672103487428142e-03 +9.9966878858267472e-01 +9.9999998974049309e-01 +9.9999998977671101e-01 +9.9999998961849534e-01 +9.9999998995581107e-01 +7.0012066262553705e-05 +6.8157034445898030e-05 +6.6575834205413194e-05 +6.4663133503857059e-05 +6.1844398784540274e-05
  3.50000000 +5.0000000000000000e+00 +2.0000000330706538e+00 +1.9738486580613145e-03 +9.9965097398878699e-01 +9.9999998231631193e-01 +9.9999998247901800e-01 +9.9999998211993490e-01 +9.9999998289669501e-01 +7.5477316207841821e-05 +7.2864882281214625e-05 +7.0370718404110430e-05 +6.6950583163520282e-05 +6.3432767566391087e-05
  4.00000000 +5.0000000000000000e+00 +2.0000000324031415e+00 +1.9673489618348920e-03 +9.9966651164817888e-01 +9.9999997239548255e-01 +9.9999997282332098e-01 +9.9999997275434438e-01 +9.9999997376655581e-01 +7.4677179573968668e-05 +7.0546457461609255e-05 +6.6928152582552814e-05 +6.3086634926301814e-05 +5.8357746343663131e-05
  4.50000000 +5.0000000000000000e+00 +2.0000000465583359e+00 +1.9484707930306113e-03 +9.9971368883129241e-01 +9.9999996181231254e-01 +9.9999996215008868e-01 +9.9999996237421895e-01 +9.9999996336511865e-01 +6.7110953543526893e-05 +6.2226119445437899e-05 +5.7048293008819613e-05 +5.2813083569256330e-05 +4.7262951963942275e-05
  5.00000000 +5.0000000000000000e+00 +2.0000000490319327e+00 +1.9217088288539571e-03 +9.9978132524120755e-01 +9.9999995027667143e-01 +9.9999995123634344e-01 +9.9999995159800381e-01 +9.9999995341601500e-01 +5.4353616941140691e-05 +4.8969946573130423e-05 +4.3613381798627243e-05 +3.8591051248387597e-05 +3.3340208731574928e-05
  5.50000000 +5.0000000000000000e+00 +1.9999999825925374e+00 +1.8921245802376702e-03 +9.9985671753561423e-01 +9.9999994005117021e-01 +9.9999994150133609e-01 +9.9999994281533844e-01 +9.9999994291697003e-01 +3.8952289499354416e-05 +3.3509772715955844e-05 +2.8344879095480572e-05 +2.3848792758813486e-05 +1.8859669825257936e-05
  6.00000000 +5.0000000000000000e+00 +1.9999998906990688e+00 +1.8661796011929725e-03 +9.9992353428727676e-01 +9.9999993203778725e-01 +9.9999993381250729e-01 +9.9999993499685136e-01 +9.9999993697353062e-01 +2.3226707169866970e-05 +1.8918950090774850e-05 +1.4906309256161165e-05 +1.1710773943980463e-05 +7.9651220298989276e-06
  6.50000000 +5.0000000000000000e+00 +1.9999998148276037e+00 +1.8478492585881127e-03 +9.9997158385577900e-01 +9.9999992715970942e-01 +9.9999992761799450e-01 +9.9999993164814927e-01 +9.9999993427596279e-01 +1.0589530057665308e-05 +7.8542299451823050e-06 +4.9304319826728190e-06 +3.6173648238113647e-06 +1.7039039503467158e-06
  7.00000000 +5.0000000000000000e+00 +1.9999996703467520e+00 +1.8410071461785102e-03 +9.9999079867949658e-01 +9.9999992392043036e-01 +9.9999992612886135e-01 +9.9999992756059786e-01 +9.9999993128244324e-01 +3.3221821339998682e-06 +1.8450145424216716e-06 +1.7966003719890745e-06 +8.8906064562912626e-07 +1.6393445390358371e-06
  7.50000000 +5.0000000000000000e+00 +1.9999996773255022e+00 +1.8475429427277515e-03 +9.9997606819646434e-01 +9.9999992369014934e-01 +9.9999992308306396e-01 +9.9999992935266613e-01 +9.9999993397761588e-01 +1.6180154848237521e-06 +3.0726272509257371e-06 +3.8758912544437515e-06 +6.5049966956025800e-06 +9.1503919196462223e-06
  8.00000000 +5.0000000000000000e+00 +1.9999996141781926e+00 +1.8657860874997769e-03 +9.9993121804126339e-01 +9.9999992674521920e-01 +9.9999992280082339e-01 +9.9999992667958448e-01 +9.9999993039454693e-01 +7.3033259267100434e-06 +1.0055534402810858e-05 +1.3848239461942331e-05 +1.7179042082766324e-05 +2.0689416032978888e-05
  8.50000000 +5.0000000000000000e+00 +1.9999995805357775e+00 +1.8905631641268643e-03 +9.9986902719824045e-01 +9.9999992427092554e-01 +9.9999992437839325e-01 +9.9999992639252999e-01 +9.9999992903225832e-01 +1.8007819593887850e-05 +2.2547911585861358e-05 +2.6218134256544178e-05 +3.1297242813284889e-05 +3.3197547386691368e-05
  9.00000000 +5.0000000000000000e+00 +1.9999994606862270e+00 +1.9184561227971794e-03 +9.9979799068078590e-01 +9.9999991950629252e-01 +9.9999991689120715e-01 +9.9999992112164715e-01 +9.9999992322192510e-01 +3.1786439238267655e-05 +3.6274352748709120e-05 +4.1194138585300535e-05 +4.4641020954262646e-05 +4.8432408931911364e-05
  9.50000000 +5.0000000000000000e+00 +1.9999993907033007e+00 +1.9436231998179528e-03 +9.9973282713233724e-01 +9.9999991856672654e-01 +9.9999990808839412e-01 +9.9999992052372688e-01 +9.9999991973736280e-01 +4.6650808360195461e-05 +5.2065329689970884e-05 +5.5428316280012846e-05 +5.6548670235217371e-05 +5.6812703889362267e-05
 10.00000000 +5.0000000000000000e+00 +1.9999991112891380e+00 +1.9609546575313653e-03 +9.9968673506233641e-01 +9.9999990348411161e-01 +9.9999989162649106e-01 +9.9999990268219030e-01 +9.9999989484765728e-01 +6.1211426286174417e-05 +6.3443677657296131e-05 +6.3699292693787936e-05 +6.3846683377408655e-05 +6.1470962746480173e-05
 10.50000000 +5.0000000000000000e+00 +1.9999990393157299e+00 +1.9668773512667393e-03 +9.9966909279773997e-01 +9.9999987931429268e-01 +9.9999987663284939e-01 +9.9999988011719065e-01 +9.9999988179803434e-01 +7.0474768897370419e-05 +6.9511976211014280e-05 +6.7784489556163173e-05 +6.5178088244409045e-05 +5.8440261322749928e-05
 11.00000000 +5.0000000000000000e+00 +1.9999990017411342e+00 +1.9613988410434545e-03 +9.9968040891459298e-01 +9.9999987124009115e-01 +9.9999985124257618e-01 +9.9999985964447191e-01 +9.9999985692897297e-01 +7.4262792898569056e-05 +6.9879501983537799e-05 +6.5600787263987855e-05 +5.9343355926347298e-05 +5.1065925602593113e-05
 11.50000000 +5.0000000000000000e+00 +1.9999987096319092e+00 +1.9445528288029312e-03 +9.9972108024050377e-01 +9.9999983737530562e-01 +9.9999983357951838e-01 +9.9999983545722337e-01 +9.9999982939423449e-01 +7.0714969051933519e-05 +6.4607349578079320e-05 +5.5788208625734379e-05 +4.9540804084166441e-05 +3.8932225422086311e-05
 12.00000000 +5.0000000000000000e+00 +1.9999986399624876e+00 +1.9200930427247282e-03 +9.9978213377251002e-01 +9.9999980803402777e-01 +9.9999980561773483e-01 +9.9999981237488322e-01 +9.9999980695840995e-01 +6.1078314741233673e-05 +5.2841106641367609e-05 +4.3848711173941471e-05 +3.4745267235943301e-05 +2.6119757910363767e-05
 12.50000000 +5.0000000000000000e+00 +1.9999988592328444e+00 +1.8954354284376517e-03 +9.9984498537007416e-01 +9.9999978743239915e-01 +9.9999977568858123e-01 +9.9999977836290244e-01 +9.9999978379541787e-01 +5.0344686132042991e-05 +4.0170216319147928e-05 +3.0310741819545810e-05 +2.1723168489092153e-05 +1.3340530074597234e-05
 13.00000000 +5.0000000000000000e+00 +1.9999987513772894e+00 +1.8727285378307460e-03 +9.9990404679437528e-01 +9.9999976347357522e-01 +9.9999976211670205e-01 +9.9999978020520885e-01 +9.9999976977175287e-01 +3.6537939357207395e-05 +2.5991749161350135e-05 +1.7765017068503857e-05 +9.4168472336536569e-06 +7.1658752852118543e-06
 13.50000000 +5.0000000000000000e+00 +1.9999987760067426e+00 +1.8568375535704857e-03 +9.9994692867780954e-01 +9.9999974028509520e-01 +9.9999975011197995e-01 +9.9999976768623655e-01 +9.9999974762750354e-01 +2.1999680665114018e-05 +1.3265840339535055e-05 +1.0341206025368666e-05 +3.9521201724679329e-06 +4.5068315001973300e-06
 14.00000000 +5.0000000000000000e+00 +1.9999989659382293e+00 +1.8527862015675349e-03 +9.9996034392377009e-01 +9.9999974972429218e-01 +9.9999974348179343e-01 +9.9999974432908589e-01 +9.9999973932627118e-01 +1.1679756748960544e-05 +8.1371145892854957e-06 +5.8330355963340688e-06 +7.2452941310130315e-06 +7.7842368506405649e-06
 14.50000000 +5.0000000000000000e+00 +1.9999987273676205e+00 +1.8571151543801158e-03 +9.9995249099357542e-01 +9.9999974901348487e-01 +9.9999972934459558e-01 +9.9999976694172665e-01 +9.9999974726409302e-01 +5.6492546585858316e-06 +5.9236795577426285e-06 +8.4436554379154107e-06 +1.2058941663173116e-05 +1.6441083411942034e-05
 15.00000000 +5.0000000000000000e+00 +1.9999985236652433e+00 +1.8733699073308293e-03 +9.9991369993050427e-01 +9.9999973728783176e-01 +9.9999973414950394e-01 +9.9999973564034494e-01 +9.9999973705740763e-01 +8.9996382666911610e-06 +9.9307149901578370e-06 +1.6624813228388607e-05 +2.1143332259616959e-05 +3.0657637996036380e-05
 15.50000000 +5.0000000000000000e+00 +1.9999986092876987e+00 +1.8918467002176094e-03 +9.9986813359785787e-01 +9.9999974558978044e-01 +9.9999972179443464e-01 +9.9999974631096256e-01 +9.9999972991975072e-01 +1.3263030781979511e-05 +1.8023956095957901e-05 +2.5795477944522897e-05 +3.2853185720637205e-05 +4.2986787018407623e-05
 16.00000000 +5.0000000000000000e+00 +1.9999986093338449e+00 +1.9165285317896746e-03 +9.9980523802022025e-01 +9.9999973125402897e-01 +9.9999971707100566e-01 +9.9999973974009493e-01 +9.9999972165138462e-01 +2.6121059941072464e-05 +3.2132910956282416e-05 +3.8746519594667136e-05 +4.5283995108186106e-05 +5.3567431893935712e-05
 16.50000000 +5.0000000000000000e+00 +1.9999984851399706e+00 +1.9367265529914954e-03 +9.9975244284696840e-01 +9.9999975868504487e-01 +9.9999973620437255e-01 +9.9999972709113405e-01 +9.9999972508133195e-01 +3.7132005160014719e-05 +4.5331048620238874e-05 +5.1064229542735023e-05 +5.6969680160282523e-05 +5.8113226925422820e-05
 17.00000000 +5.0000000000000000e+00 +1.9999987035389633e+00 +1.9512692386546005e-03 +9.9971290600027551e-01 +9.9999972879320609e-01 +9.9999974367127853e-01 +9.9999972864329190e-01 +9.9999972471141740e-01 +5.0088761157731278e-05 +5.7309130012126326e-05 +5.9784555023455468e-05 +6.2221546781642586e-05 +5.8764216375275500e-05
 17.50000000 +5.0000000000000000e+00 +1.9999984243725730e+00 +1.9553243344525156e-03 +9.9969883545687710e-01 +9.9999968973315445e-01 +9.9999969906205510e-01 +9.9999973847250045e-01 +9.9999968588843768e-01 +5.9072887236864686e-05 +6.5910194345552845e-05 +6.4980587731947316e-05 +6.0643674132158538e-05 +5.1744088713852702e-05
 18.00000000 +5.0000000000000000e+00 +1.9999984222952309e+00 +1.9488926527853037e-03 +9.9971197992245187e-01 +9.9999971192399961e-01 +9.9999965902016530e-01 +9.9999971615582084e-01 +9.9999963532373304e-01 +6.6955350794245308e-05 +6.4795769566687914e-05 +6.0023634708632059e-05 +5.3544923704909681e-05 +4.3978102795945087e-05
 18.50000000 +5.0000000000000000e+00 +1.9999978443729063e+00 +1.9374137685218610e-03 +9.9973831338291896e-01 +9.9999966343046442e-01 +9.9999964915385120e-01 +9.9999965236727784e-01 +9.9999959838608377e-01 +6.7131333587625667e-05 +6.2590275578675990e-05 +5.4787566634437636e-05 +4.6578306547332108e-05 +3.2035692517895595e-05
 19.00000000 +5.0000000000000000e+00 +1.9999982094880964e+00 +1.9179204944193978e-03 +9.9978624389036441e-01 +9.9999966174916743e-01 +9.9999961281837602e-01 +9.9999958636030972e-01 +9.9999955856101619e-01 +6.4429285181357468e-05 +5.4243802966729114e-05 +4.4263006973906817e-05 +3.2135462513280120e-05 +2.0265120577880668e-05
 19.50000000 +5.0000000000000000e+00 +1.9999986131682552e+00 +1.8995744699008058e-03 +9.9983281886750253e-01 +9.9999958918239573e-01 +9.9999956261219125e-01 +9.9999959440031960e-01 +9.9999952462225872e-01 +5.8515539767670825e-05 +4.4103533253610859e-05 +3.3866890149653536e-05 +2.2768317707276231e-05 +9.6557616265328052e-06
 20.00000000 +5.0000000000000000e+00 +1.9999986219099162e+00 +1.8822619952916686e-03 +9.9987869446851119e-01 +9.9999955952474429e-01 +9.9999958892329466e-01 +9.9999958990973414e-01 +9.9999946360807956e-01 +4.6626461831472957e-05 +3.2330511160836095e-05 +2.2965108106115193e-05 +1.3485417555653821e-05 +7.6960259056789409e-06
 20.50000000 +5.0000000000000000e+00 +1.9999987830385353e+00 +1.8720262066752214e-03 +9.9990723045065777e-01 +9.9999959455551590e-01 +9.9999958826639923e-01 +9.9999952278248938e-01 +9.9999944471344404e-01 +3.4415725153589033e-05 +2.2397050812296630e-05 +1.4512367789314984e-05 +1.1209085795925566e-05 +1.2085044538769656e-05
 21.00000000 +5.0000000000000000e+00 +1.9999985727644749e+00 +1.8646803530755133e-03 +9.9992937048428232e-01 +9.9999956839627913e-01 +9.9999952608399201e-01 +9.9999954421924098e-01 +9.9999948055786569e-01 +2.0092722635641122e-05 +1.2776884421527575e-05 +1.1638751716635559e-05 +1.1244513547906688e-05 +1.6757296353886786e-05
 21.50000000 +5.0000000000000000e+00 +1.9999986195517694e+00 +1.8701026213504117e-03 +9.9991902387382736e-01 +9.9999953685581511e-01 +9.9999951816405708e-01 +9.9999945042709637e-01 +9.9999942702097655e-01 +1.5398032211302856e-05 +1.1919053926782804e-05 +9.9452561411265538e-06 +1.6348455593538952e-05 +2.9432647961663419e-05
 22.00000000 +5.0000000000000000e+00 +1.9999992936817603e+00 +1.8791764896674439e-03 +9.9989906448725785e-01 +9.9999955333591617e-01 +9.9999953877576020e-01 +9.9999950931049353e-01 +9.9999943715912354e-01 +1.2802003857063298e-05 +1.1980354460126726e-05 +1.5478497009462482e-05 +2.7746902446335639e-05 +3.4889258968268526e-05
 22.50000000 +5.0000000000000000e+00 +1.9999991180697287e+00 +1.8940778599115294e-03 +9.9986283525776187e-01 +9.9999957132784034e-01 +9.9999952349475063e-01 +9.9999948621979651e-01 +9.9999947117181454e-01 +1.4056924317302974e-05 +1.8665746752451418e-05 +2.7970251754386399e-05 +3.5931899527285251e-05 +4.2487701626960248e-05
 23.00000000 +5.0000000000000000e+00 +1.9999992414285110e+00 +1.9108594575343826e-03 +9.9982030918853515e-01 +9.9999959978439867e-01 +9.9999951462038494e-01 +9.9999950737781451e-01 +9.9999943917906720e-01 +1.8133633488830871e-05 +2.8108072249781332e-05 +4.1032218394225436e-05 +4.2196711161047823e-05 +5.2159291558413053e-05
 23.50000000 +5.0000000000000000e+00 +1.9999991419915342e+00 +1.9237477822158227e-03 +9.9978591540601236e-01 +9.9999954149865211e-01 +9.9999955407891261e-01 +9.9999949137119892e-01 +9.9999943368245436e-01 +2.8695876202251707e-05 +3.6098258290708543e-05 +4.7262575989012504e-05 +5.3997784710651857e-05 +5.0009604684064039e-05
 24.00000000 +5.0000000000000000e+00 +1.9999995565142323e+00 +1.9339406860851799e-03 +9.9975753283495872e-01 +9.9999959756159651e-01 +9.9999948615496981e-01 +9.9999949383496201e-01 +9.9999941065663578e-01 +3.8635729216779285e-05 +4.9506225934446407e-05 +5.1597458368385749e-05 +5.6991549747060751e-05 +4.7748202185724283e-05
 24.50000000 +5.0000000000000000e+00 +1.9999990371261869e+00 +1.9362330167451197e-03 +9.9974826593039245e-01 +9.9999956184790773e-01 +9.9999960817254274e-01 +9.9999940122634257e-01 +9.9999933254026474e-01 +4.6777563247736439e-05 +5.3698976179850929e-05 +5.7150143871027281e-05 +5.4566071890801023e-05 +4.1637407047846067e-05
 25.00000000 +5.0000000000000000e+00 +1.9999983941811945e+00 +1.9397476964761115e-03 +9.9973572586905535e-01 +9.9999950912868985e-01 +9.9999952179933849e-01 +9.9999944597589330e-01 +9.9999933683364040e-01 +5.8185399500308546e-05 +6.0683562031837677e-05 +5.9056315681190029e-05 +5.1453099794865178e-05 +3.7082101432740112e-05
 25.50000000 +5.0000000000000000e+00 +1.9999983983869911e+00 +1.9281959927435809e-03 +9.9976252432031931e-01 +9.9999958038151515e-01 +9.9999946353175961e-01 +9.9999954833227911e-01 +9.9999928845004027e-01 +6.3616625593954131e-05 +5.7983878917719858e-05 +4.9397085892211815e-05 +4.0461195126462816e-05 +2.8136037246320255e-05
 26.00000000 +5.0000000000000000e+00 +1.9999978571675192e+00 +1.9217639987913569e-03 +9.9977705812595941e-01 +9.9999937850585985e-01 +9.9999945242645005e-01 +9.9999949904277730e-01 +9.9999922802789931e-01 +6.3631853731534605e-05 +5.9221234130741149e-05 +4.9015471065769831e-05 +2.9387660500915089e-05 +2.4127637035552209e-05
 26.50000000 +5.0000000000000000e+00 +1.9999986542415504e+00 +1.9031993567737431e-03 +9.9982453894880685e-01 +9.9999958223881769e-01 +9.9999936195493333e-01 +9.9999931923049867e-01 +9.9999939384596814e-01 +6.0882396136096681e-05 +4.4782663879898984e-05 +3.2824319583064428e-05 +2.3946020894363748e-05 +1.5368185178815044e-05
 27.00000000 +5.0000000000000000e+00 +1.9999987305205671e+00 +1.8949699398891817e-03 +9.9984648143226085e-01 +9.9999946741914858e-01 +9.9999934377244071e-01 +9.9999951069511184e-01 +9.9999918232476004e-01 +5.4738678827794496e-05 +4.1002176899904981e-05 +2.6123829763771060e-05 +2.0903972968547167e-05 +1.3245777869697296e-05
 27.50000000 +5.0000000000000000e+00 +1.9999983783259769e+00 +1.8846682282302634e-03 +9.9987485753694971e-01 +9.9999942770585082e-01 +9.9999942046662693e-01 +9.9999937467643141e-01 +9.9999910084001664e-01 +4.6516024295205462e-05 +2.8227553972814757e-05 +2.3048277504592436e-05 +1.2338964907159633e-05 +1.7687829873862756e-05
 28.00000000 +5.0000000000000000e+00 +1.9999984375349187e+00 +1.8765132012818681e-03 +9.9989889042180391e-01 +9.9999946949310847e-01 +9.9999951883071148e-01 +9.9999934667567092e-01 +9.9999914247168709e-01 +3.2792145963594747e-05 +1.9372968603827804e-05 +1.0378347632719257e-05 +1.8537422828641480e-05 +2.2551407649410137e-05
 28.50000000 +5.0000000000000000e+00 +1.9999972319765842e+00 +1.8857323753563074e-03 +9.9987853195497656e-01 +9.9999948749462264e-01 +9.9999956461073902e-01 +9.9999930390187475e-01 +9.9999932141948511e-01 +3.1365731405838667e-05 +1.8902452559599451e-05 +1.5883966720297787e-05 +2.8999283868116636e-05 +2.8639229841335320e-05
 29.00000000 +5.0000000000000000e+00 +1.9999971241447512e+00 +1.8904000554835862e-03 +9.9986922804385825e-01 +9.9999960879636507e-01 +9.9999941505489542e-01 +9.9999930495264600e-01 +9.9999914407912616e-01 +2.3864294583008371e-05 +1.8214843423378192e-05 +2.2205182831495222e-05 +3.0277805643013312e-05 +3.8737080690863312e-05
 29.50000000 +5.0000000000000000e+00 +1.9999972052273960e+00 +1.8920599936340619e-03 +9.9986660539297456e-01 +9.9999934042875716e-01 +9.9999934215159791e-01 +9.9999926526202043e-01 +9.9999915065995626e-01 +1.9728857625771823e-05 +1.7058295072518707e-05 +2.3581301122784009e-05 +3.4481578833026151e-05 +4.1445966696807591e-05
 30.00000000 +5.0000000000000000e+00 +1.9999969456631213e+00 +1.9055832765871468e-03 +9.9983207318338274e-01 +9.9999926866983890e-01 +9.9999932582413054e-01 +9.9999938474447214e-01 +9.9999913045167554e-01 +1.1126055244336827e-05 +2.7917957535173615e-05 +3.9164452508152801e-05 +4.2860025631035712e-05 +4.9748743490007108e-05
 30.50000000 +5.0000000000000000e+00 +1.9999977915086613e+00 +1.9165087836515119e-03 +9.9980362642558629e-01 +9.9999947292786773e-01 +9.9999943065982222e-01 +9.9999926434325193e-01 +9.9999924091653447e-01 +2.3261991444319488e-05 +3.5934383130906082e-05 +4.4649749365420348e-05 +4.7457550408323543e-05 +4.7661035592082731e-05
 31.00000000 +5.0000000000000000e+00 +1.9999978078606782e+00 +1.9261840383220066e-03 +9.9977706960592039e-01 +9.9999948139064809e-01 +9.9999932589502816e-01 +9.9999934068556706e-01 +9.9999907075217731e-01 +4.0393391321250683e-05 +4.6741672846529806e-05 +4.3805362792128206e-05 +5.1086698248048165e-05 +4.3684485900096516e-05
 31.50000000 +5.0000000000000000e+00 +1.9999975910488241e+00 +1.9209084079850973e-03 +9.9978767455233142e-01 +9.9999938954633938e-01 +9.9999939304257612e-01 +9.9999950970416684e-01 +9.9999930221063105e-01 +4.6743527635955621e-05 +3.8768836338440693e-05 +4.3553789683982757e-05 +4.9623673966072176e-05 +3.6041078356709362e-05
 32.00000000 +5.0000000000000000e+00 +1.9999975058893411e+00 +1.9299831589040751e-03 +9.9976241150106004e-01 +9.9999959191186238e-01 +9.9999923393788059e-01 +9.9999910641805112e-01 +9.9999924141322039e-01 +5.9212692497254874e-05 +5.1755519345574462e-05 +5.4249935887393816e-05 +4.2165449061913550e-05 +3.3031389325380680e-05
 32.50000000 +5.0000000000000000e+00 +1.9999967108424144e+00 +1.9174491702602836e-03 +9.9979149230460407e-01 +9.9999978859402050e-01 +9.9999925794920019e-01 +9.9999928635820068e-01 +9.9999909123231412e-01 +5.1798821875579232e-05 +4.8264236879180954e-05 +4.8788898030529633e-05 +3.9123223825292296e-05 +2.3108204989902514e-05
 33.00000000 +5.0000000000000000e+00 +1.9999972609250627e+00 +1.9104480679357830e-03 +9.9980832189640467e-01 +9.9999950207330757e-01 +9.9999939271735738e-01 +9.9999909348453853e-01 +9.9999901597246788e-01 +5.7858813061255022e-05 +5.2419940099325867e-05 +3.6786450808912610e-05 +2.9507345766582616e-05 +1.8101527597685828e-05
 33.50000000 +5.0000000000000000e+00 +1.9999969397764941e+00 +1.8963737182447957e-03 +9.9984337979042925e-01 +9.9999979869432754e-01 +9.9999913633457438e-01 +9.9999925691197344e-01 +9.9999900896764848e-01 +5.0210971378877734e-05 +4.5839766576907196e-05 +3.4049419883111284e-05 +1.8678539049769265e-05 +1.0640736511636689e-05
 34.00000000 +5.0000000000000000e+00 +1.9999965622918965e+00 +1.9005112056539963e-03 +9.9983351940878940e-01 +9.9999943190513796e-01 +9.9999945215190056e-01 +9.9999923814322600e-01 +9.9999885707884173e-01 +4.9270643425719552e-05 +4.9563321048974392e-05 +2.5360483458103952e-05 +2.6018612772156449e-05 +1.9288437615209148e-05
 34.50000000 +5.0000000000000000e+00 +1.9999961267549531e+00 +1.8923430259642469e-03 +9.9985626403677008e-01 +9.9999958614524620e-01 +9.9999921679481818e-01 +9.9999920040382151e-01 +9.9999887541641352e-01 +4.8096787134091924e-05 +3.5265232133334516e-05 +2.4333451134074649e-05 +1.5418338456531983e-05 +2.3743434533521750e-05
 35.00000000 +5.0000000000000000e+00 +1.9999965407515141e+00 +1.8912517339677573e-03 +9.9986196538447869e-01 +9.9999940476240545e-01 +9.9999904186667088e-01 +9.9999902226443771e-01 +9.9999900386485574e-01 +4.0212115689287476e-05 +2.5494893876498150e-05 +2.5907073356953193e-05 +3.1304723887063326e-05 +1.8642965800993652e-05
 35.50000000 +5.0000000000000000e+00 +1.9999949660628407e+00 +1.8941547821001061e-03 +9.9985653902431648e-01 +9.9999963279912374e-01 +9.9999924821694186e-01 +9.9999916893028618e-01 +9.9999878986585788e-01 +3.5614592709970685e-05 +2.2753586634932235e-05 +2.0874143745618782e-05 +3.2487636265824691e-05 +3.4891199209556303e-05
 36.00000000 +5.0000000000000000e+00 +1.9999936959040394e+00 +1.8955986788203119e-03 +9.9985388424934174e-01 +9.9999932682572001e-01 +9.9999916162698899e-01 +9.9999918451022785e-01 +9.9999877487666611e-01 +2.2214633561598510e-05 +2.8228766170254324e-05 +3.6427690300271170e-05 +3.0622538319739871e-05 +3.2174197055254432e-05
 36.50000000 +5.0000000000000000e+00 +1.9999949814372073e+00 +1.9104111383634144e-03 +9.9981760088100058e-01 +9.9999948686702178e-01 +9.9999917791764137e-01 +9.9999875432765872e-01 +9.9999899764779687e-01 +3.1639695146714889e-05 +2.9121028728077654e-05 +3.4439676936445653e-05 +3.7374503399250810e-05 +5.3407407143023802e-05
 37.00000000 +5.0000000000000000e+00 +1.9999958573586989e+00 +1.8982772649560756e-03 +9.9984925835491367e-01 +9.9999919452708241e-01 +9.9999912385708467e-01 +9.9999894730665928e-01 +9.9999895811538442e-01 +1.9137273334954978e-05 +1.7160578866131669e-05 +3.0317010432272475e-05 +4.4315275289353587e-05 +4.3587659295993668e-05
 37.50000000 +5.0000000000000000e+00 +1.9999952085558641e+00 +1.9121291608986454e-03 +9.9981385806926837e-01 +9.9999971563750900e-01 +9.9999962521271413e-01 +9.9999936192836569e-01 +9.9999891532759144e-01 +2.5057289719990187e-05 +3.8140197741447610e-05 +4.2381348348706732e-05 +4.2044601335690226e-05 +4.0900324770906021e-05
 38.00000000 +5.0000000000000000e+00 +1.9999942109276336e+00 +1.9186757686776631e-03 +9.9979543637831281e-01 +9.9999946117292093e-01 +9.9999948397753402e-01 +9.9999888155347616e-01 +9.9999901387100287e-01 +3.2322648893330561e-05 +4.3640420983194006e-05 +4.2126770779775972e-05 +4.9570807933554160e-05 +4.0062472485225421e-05
 38.50000000 +5.0000000000000000e+00 +1.9999931553153223e+00 +1.9160930150981853e-03 +9.9980044029848569e-01 +9.9999974209251830e-01 +9.9999915854238219e-01 +9.9999939087936118e-01 +9.9999862519910554e-01 +4.2022194515390162e-05 +4.4740076811299598e-05 +4.1634330311780723e-05 +4.4831261509152852e-05 +2.9415134154930629e-05
 39.00000000 +5.0000000000000000e+00 +1.9999916452431721e+00 +1.9196105735689540e-03 +9.9978923349096904e-01 +9.9999940302726764e-01 +9.9999904775777282e-01 +9.9999929834759627e-01 +9.9999884992560883e-01 +4.7515715787768706e-05 +4.3443975639965509e-05 +4.9204732094771095e-05 +4.2043331136414869e-05 +3.1959620458163719e-05
 39.50000000 +5.0000000000000000e+00 +1.9999918551315883e+00 +1.9220204216256818e-03 +9.9978136763687042e-01 +9.9999972329260833e-01 +9.9999961385768843e-01 +9.9999944862801149e-01 +9.9999835484718258e-01 +5.4592219233071247e-05 +5.5053491272549377e-05 +4.4847833871690989e-05 +3.4504944504961743e-05 +3.2493281016676118e-05
 40.00000000 +5.0000000000000000e+00 +1.9999925820510678e+00 +1.9136260883382749e-03 +9.9980305304043948e-01 +9.9999937603750222e-01 +9.9999945207648600e-01 +9.9999873782769888e-01 +9.9999858399839792e-01 +4.2222419357856170e-05 +5.0209826544299556e-05 +4.9298520087698143e-05 +3.1730240480639250e-05 +2.7336015893531094e-05
 40.50000000 +5.0000000000000000e+00 +1.9999920653238108e+00 +1.9087981502664518e-03 +9.9981378789201880e-01 +9.9999956796277434e-01 +9.9999912324989659e-01 +9.9999915018872398e-01 +9.9999890938904135e-01 +5.8191380465475855e-05 +4.5953022387937490e-05 +3.0326706072118186e-05 +2.9082755721028691e-05 +2.5907427805387467e-05
 41.00000000 +5.0000000000000000e+00 +1.9999939868126111e+00 +1.9108485403760028e-03 +9.9980895224752531e-01 +9.9999925230989495e-01 +9.9999936913187404e-01 +9.9999904834361053e-01 +9.9999854458358961e-01 +6.0751867989018505e-05 +5.0262861287570013e-05 +3.2508939760052797e-05 +3.2037203586600599e-05 +1.9272420568181126e-05
 41.50000000 +5.0000000000000000e+00 +1.9999935076737194e+00 +1.8928809448107819e-03 +9.9985561592131833e-01 +9.9999935558865061e-01 +9.9999916577407011e-01 +9.9999892103690990e-01 +9.9999841671449896e-01 +4.4525843391636523e-05 +4.1699544339546611e-05 +1.6712461322084393e-05 +1.9705061228259738e-05 +2.5882137493242649e-05
 42.00000000 +5.0000000000000000e+00 +1.9999943070668522e+00 +1.9057667580005735e-03 +9.9982437529098922e-01 +9.9999922345325931e-01 +9.9999960287519796e-01 +9.9999894982451609e-01 +9.9999856986141433e-01 +4.2481109046521869e-05 +3.3987619465211574e-05 +2.8911785163849513e-05 +3.2410143018495684e-05 +4.1487979058443582e-05
 42.50000000 +5.0000000000000000e+00 +1.9999949222224187e+00 +1.9085505883349452e-03 +9.9981816872884155e-01 +9.9999925816792090e-01 +9.9999942451772827e-01 +9.9999906550744821e-01 +9.9999865793807818e-01 +4.2180148219082088e-05 +3.5131440754752377e-05 +3.0717478825784806e-05 +3.4086522977041873e-05 +4.3309499650274309e-05
 43.00000000 +5.0000000000000000e+00 +1.9999955373962428e+00 +1.9113345012932274e-03 +9.9981196198248357e-01 +9.9999929288361278e-01 +9.9999924615496449e-01 +9.9999918119381359e-01 +9.9999874601735550e-01 +4.1879178459143686e-05 +3.6275295992837825e-05 +3.2523226080595549e-05 +3.5762952690440847e-05 +4.5131074304722781e-05
 43.50000000 +5.0000000000000000e+00 +1.9999961525883259e+00 +1.9141184968790993e-03 +9.9980575505190683e-01 +9.9999932760033527e-01 +9.9999906778690739e-01 +9.9999929688361278e-01 +9.9999883409924761e-01 +4.1578199766308985e-05 +3.7419185180979338e-05 +3.4329026930667734e-05 +3.7439432160907732e-05 +4.6952703024195906e-05
 44.00000000 +5.0000000000000000e+00 +1.9999967677986679e+00 +1.9169025750962391e-03 +9.9979954793710357e-01 +9.9999936231808795e-01 +9.9999888941355586e-01 +9.9999941257684577e-01 +9.9999892218375386e-01 +4.1277212140180285e-05 +3.8563108320688421e-05 +3.6134881378387493e-05 +3.9115961390657765e-05 +4.8774385811100723e-05
 44.50000000 +5.0000000000000000e+00 +1.9999973830272704e+00 +1.9196867359483262e-03 +9.9979334063806502e-01 +9.9999939703687113e-01 +9.9999871103491000e-01 +9.9999952827351279e-01 +9.9999901027087446e-01 +4.0976215580359847e-05 +3.9707065413476649e-05 +3.7940789426141094e-05 +4.0792540381906335e-05 +5.0596122667844417e-05
 45.00000000 +5.0000000000000000e+00 +1.9999979341014580e+00 +1.9147534557785260e-03 +9.9980493360110612e-01 +9.9999941738777676e-01 +9.9999879083737708e-01 +9.9999929452120340e-01 +9.9999893931495276e-01 +3.7803765970178619e-05 +4.1877735537073745e-05 +3.5737176275769474e-05 +3.8502945403665677e-05 +4.4702709647487319e-05
 45.50000000 +5.0000000000000000e+00 +1.9999984851178221e+00 +1.9098206932519749e-03 +9.9981652534771126e-01 +9.9999943773654698e-01 +9.9999887063147008e-01 +9.9999906079342127e-01 +9.9999886836647633e-01 +3.4631649241380175e-05 +4.4048177894823915e-05 +3.3533794347917588e-05 +3.6213590669916191e-05 +3.8809915015983163e-05
 46.00000000 +5.0000000000000000e+00 +1.9999990360763709e+00 +1.9048884482872038e-03 +9.9982811587807185e-01 +9.9999945808318191e-01 +9.9999895041719111e-01 +9.9999882709016241e-01 +9.9999879742544395e-01 +3.1459865341573962e-05 +4.6218392522574072e-05 +3.1330643606194483e-05 +3.3924476142846988e-05 +3.2917738676006853e-05
 46.50000000 +5.0000000000000000e+00 +1.9999995869771154e+00 +1.8999567208027612e-03 +9.9983970519237975e-01 +9.9999947842768266e-01 +9.9999903019454139e-01 +9.9999859341142372e-01 +9.9999872649185484e-01 +2.8288414218380486e-05 +4.8388379456163639e-05 +2.9127724014216860e-05 +3.1635601784655173e-05 +2.7026180530253705e-05
 47.00000000 +5.0000000000000000e+00 +2.0000001378200634e+00 +1.8950255107172110e-03 +9.9985129329082578e-01 +9.9999949877004868e-01 +9.9999910996352204e-01 +9.9999835975720053e-01 +9.9999865556570733e-01 +2.5117295819431183e-05 +5.0558138731424466e-05 +2.6925035535609029e-05 +2.9346967557545694e-05 +2.1135240481439446e-05
 47.50000000 +5.0000000000000000e+00 +1.9999997033465648e+00 +1.8977137605946934e-03 +9.9984511953074140e-01 +9.9999947458312233e-01 +9.9999918867786930e-01 +9.9999858763611416e-01 +9.9999876123306519e-01 +2.8035729187619251e-05 +5.0086351561990539e-05 +2.8145408485481811e-05 +3.0197014077730259e-05 +2.2403870421635595e-05
 48.00000000 +5.0000000000000000e+00 +1.9999992689174309e+00 +1.9004017359745371e-03 +9.9983894640106075e-01 +9.9999945039866556e-01 +9.9999926738417877e-01 +9.9999881549175884e-01 +9.9999886688963358e-01 +3.0953864554094189e-05 +4.9614612566822384e-05 +2.9365656822871165e-05 +3.1046973799524288e-05 +2.3672370821819075e-05
 48.50000000 +5.0000000000000000e+00 +1.9999988345326536e+00 +1.9030894368987832e-03 +9.9983277390168690e-01 +9.9999942621667803e-01 +9.9999934608245189e-01 +9.9999904332413858e-01 +9.9999897253541370e-01 +3.3871701964497192e-05 +4.9142921738541753e-05 +3.0585780566862420e-05 +3.1896846736221592e-05 +2.4940741701829896e-05
 49.00000000 +5.0000000000000000e+00 +1.9999984001922275e+00 +1.9057768634094653e-03 +9.9982660203252405e-01 +9.9999940203715987e-01 +9.9999942477269044e-01 +9.9999927113325671e-01 +9.9999907817040756e-01 +3.6789241464460104e-05 +4.8671279069771925e-05 +3.1805779736537027e-05 +3.2746632901113294e-05 +2.6208983081504034e-05
 49.50000000 +5.0000000000000000e+00 +1.9999979658961449e+00 +1.9084640155486055e-03 +9.9982043079347493e-01 +9.9999937786010962e-01 +9.9999950345489452e-01 +9.9999949891911644e-01 +9.9999918379461628e-01 +3.9706483099605461e-05 +4.8199684553137622e-05 +3.3025654350972491e-05 +3.3596332307487756e-05 +2.7477094980673379e-05
 50.00000000 +5.0000000000000000e+00 +1.9999961809922271e+00 +1.9093396161517300e-03 +9.9981753785368288e-01 +9.9999940188864855e-01 +9.9999940491821615e-01 +9.9999955996126999e-01 +9.9999906904770275e-01 +3.8273121610913591e-05 +4.7515344945111057e-05 +3.5999091798299314e-05 +3.5928476868839222e-05 +2.7310354156967436e-05
 50.50000000 +5.0000000000000000e+00 +1.9999943960340616e+00 +1.9102152433667877e-03 +9.9981464482596605e-01 +9.9999942591791802e-01 +9.9999930637854284e-01 +9.9999962100527862e-01 +9.9999895429730179e-01 +3.6839716558387615e-05 +4.6830984538104340e-05 +3.8972619616643325e-05 +3.8260692310537087e-05 +2.7143608265545053e-05
 51.00000000 +5.0000000000000000e+00 +1.9999926110216455e+00 +1.9110908971949909e-03 +9.9981175171032111e-01 +9.9999944994791723e-01 +9.9999920783587448e-01 +9.9999968205114254e-01 +9.9999883954341318e-01 +3.5406267940041437e-05 +4.6146603331169233e-05 +4.1946237810124506e-05 +4.0592978635812755e-05 +2.6976857306175188e-05
 51.50000000 +5.0000000000000000e+00 +1.9999908259549759e+00 +1.9119665776375530e-03 +9.9980885850674339e-01 +9.9999947397864719e-01 +9.9999910929021119e-01 +9.9999974309886197e-01 +9.9999872478603657e-01 +3.3972775753888887e-05 +4.5462201323357459e-05 +4.4919946382863116e-05 +4.2925335847897845e-05 +2.6810101278626791e-05
 52.00000000 +5.0000000000000000e+00 +1.9999890408340510e+00 +1.9128422846956883e-03 +9.9980596521522935e-01 +9.9999949801010768e-01 +9.9999901074155284e-01 +9.9999980414843714e-01 +9.9999861002517243e-01 +3.2539239997943659e-05 +4.4777778513720702e-05 +4.7893745338979680e-05 +4.5257763950024203e-05 +2.6643340182668807e-05
 52.50000000 +5.0000000000000000e+00 +1.9999890184951883e+00 +1.9116198284078198e-03 +9.9980917346238696e-01 +9.9999953292189192e-01 +9.9999913750479419e-01 +9.9999986838351607e-01 +9.9999868066700281e-01 +3.4202997673889983e-05 +4.8760818135572595e-05 +4.3719106399122354e-05 +4.1111226408234845e-05 +2.5812905293021685e-05
 53.00000000 +5.0000000000000000e+00 +1.9999889961575823e+00 +1.9103974409267542e-03 +9.9981238152896557e-01 +9.9999956783171084e-01 +9.9999926426090002e-01 +9.9999993261497933e-01 +9.9999875130485649e-01 +3.5866661704076751e-05 +5.2743633569265302e-05 +3.9544702431725266e-05 +3.6964922257198948e-05 +2.4982517144980687e-05
 53.50000000 +5.0000000000000000e+00 +1.9999889738212335e+00 +1.9091751222466832e-03 +9.9981558941498105e-01 +9.9999960273956501e-01 +9.9999939100987156e-01 +9.9999999684282737e-01 +9.9999882193873491e-01 +3.7530232096410133e-05 +5.6726224833726186e-05 +3.5370533416950565e-05 +3.2818851477212228e-05 +2.4152175734599614e-05
 54.00000000 +5.0000000000000000e+00 +1.9999889514861415e+00 +1.9079528723617981e-03 +9.9981879712044897e-01 +9.9999963764545441e-01 +9.9999951775170970e-01 +1.0000000610670605e+00 +9.9999889256863750e-01 +3.9193708858795381e-05 +6.0708591947880452e-05 +3.1196599334962705e-05 +2.8673014048572633e-05 +2.3321881057932692e-05
 54.50000000 +5.0000000000000000e+00 +1.9999889291523076e+00 +1.9067306912662917e-03 +9.9982200464538407e-01 +9.9999967254937949e-01 +9.9999964448641465e-01 +1.0000001252876791e+00 +9.9999896319456527e-01 +4.0857091999136884e-05 +6.4690734930651200e-05 +2.7022900165928298e-05 +2.4527409951580306e-05 +2.2491633111034595e-05
 55.00000000 +5.0000000000000000e+00 +1.9999896592816997e+00 +1.9074706888057122e-03 +9.9982043508175877e-01 +9.9999956363528764e-01 +9.9999967631650544e-01 +9.9999977851679378e-01 +9.9999908391377379e-01 +4.1918619999915260e-05 +5.9157832513333576e-05 +3.0029361594588605e-05 +2.8813037448366877e-05 +2.1543644849075966e-05
 55.50000000 +5.0000000000000000e+00 +1.9999903893939743e+00 +1.9082106689960283e-03 +9.9981886555493182e-01 +9.9999945472374918e-01 +9.9999970814584993e-01 +9.9999943175403860e-01 +9.9999920463015224e-01 +4.2980123113366912e-05 +5.3625059813885062e-05 +3.3035752537319350e-05 +3.3098564469413100e-05 +2.0595678812525990e-05
 56.00000000 +5.0000000000000000e+00 +1.9999911194891316e+00 +1.9089506318378492e-03 +9.9981729606490166e-01 +9.9999934581476391e-01 +9.9999973997444802e-01 +9.9999908499941315e-01 +9.9999932534370040e-01 +4.4041601340367008e-05 +4.8092416827743897e-05 +3.6042072996599283e-05 +3.7383991018252363e-05 +1.9647735000603078e-05
 56.50000000 +5.0000000000000000e+00 +1.9999918495671720e+00 +1.9096905773317852e-03 +9.9981572661166684e-01 +9.9999923690833181e-01 +9.9999977180229993e-01 +9.9999873825291685e-01 +9.9999944605441826e-01 +4.5103054681790757e-05 +4.2559903550348518e-05 +3.9048322974907069e-05 +4.1669317098417935e-05 +1.8699813412525664e-05
 57.00000000 +5.0000000000000000e+00 +1.9999925796280966e+00 +1.9104305054784471e-03 +9.9981415719522626e-01 +9.9999912800445312e-01 +9.9999980362940577e-01 +9.9999839151454983e-01 +9.9999956676230650e-01 +4.6164483138513253e-05 +3.7027519977137617e-05 +4.2054502474721222e-05 +4.5954542713442878e-05 +1.7751914047512226e-05
 57.50000000 +5.0000000000000000e+00 +1.9999922244123616e+00 +1.9137885769061763e-03 +9.9980569058852531e-01 +9.9999915550188823e-01 +9.9999970659724835e-01 +9.9999858632828464e-01 +9.9999889135583908e-01 +4.5062559557659807e-05 +3.7478001548227925e-05 +4.6671476307866210e-05 +4.5486143373225372e-05 +2.3271516595856266e-05
 58.00000000 +5.0000000000000000e+00 +1.9999918692053824e+00 +1.9171465655483677e-03 +9.9979722419054884e-01 +9.9999918299864499e-01 +9.9999960956748291e-01 +9.9999878113721663e-01 +9.9999821596602201e-01 +4.3960663142201036e-05 +3.7928472013729873e-05 +5.1288336320126805e-05 +4.5017755580317625e-05 +2.8790983071078346e-05
 58.50000000 +5.0000000000000000e+00 +1.9999915140071600e+00 +1.9205044714080831e-03 +9.9978875800128919e-01 +9.9999921049472418e-01 +9.9999951254010933e-01 +9.9999897594134601e-01 +9.9999754059285495e-01 +4.2858793891132421e-05 +3.8378931374054152e-05 +5.5905082515711949e-05 +4.4549379334292686e-05 +3.4310313478210263e-05
 59.00000000 +5.0000000000000000e+00 +1.9999911588176951e+00 +1.9238622944883839e-03 +9.9978029202073915e-01 +9.9999923799012547e-01 +9.9999941551512783e-01 +9.9999917074067313e-01 +9.9999686523633746e-01 +4.1756951803449503e-05 +3.8829379629611394e-05 +6.0521714898830406e-05 +4.4081014634723541e-05 +3.9829507822283561e-05
 59.50000000 +5.0000000000000000e+00 +1.9999908036369856e+00 +1.9272200347923306e-03 +9.9977182624889038e-01 +9.9999926548484874e-01 +9.9999931849253798e-01 +9.9999936553519808e-01 +9.9999618989646843e-01 +4.0655136878147796e-05 +3.9279816780812230e-05 +6.5138233473690656e-05 +4.3612661481183246e-05 +4.5348566108329539e-05
 60.00000000 +5.0000000000000000e+00 +1.9999899951878459e+00 +1.9236236734697103e-03 +9.9978061748058233e-01 +9.9999948282168871e-01 +9.9999918406524502e-01 +9.9999990833885455e-01 +9.9999610531471861e-01 +4.5496468458225715e-05 +3.9670412306115774e-05 +5.8230495823187551e-05 +4.1224889218886740e-05 +4.0079767340717172e-05
 60.50000000 +5.0000000000000000e+00 +1.9999891868558490e+00 +1.9200278332499527e-03 +9.9978940743844924e-01 +9.9999970012703754e-01 +9.9999904965743058e-01 +1.0000004510638605e+00 +9.9999602074522453e-01 +5.0337098542676056e-05 +4.0060951235202233e-05 +5.1323759084867029e-05 +3.8837462938222364e-05 +3.4811732007551920e-05
 61.00000000 +5.0000000000000000e+00 +1.9999883786409682e+00 +1.9164325140198055e-03 +9.9979819612276744e-01 +9.9999991740090100e-01 +9.9999891526908935e-01 +1.0000009937102323e+00 +9.9999593618798310e-01 +5.5177027283954945e-05 +4.0451433580371641e-05 +4.4418023041200655e-05 +3.6450382563997833e-05 +2.9544459942916449e-05
 61.50000000 +5.0000000000000000e+00 +1.9999875705431784e+00 +1.9128377156660504e-03 +9.9980698353381403e-01 +1.0000001346432872e+00 +9.9999878090021832e-01 +1.0000015362779879e+00 +9.9999585164299243e-01 +6.0016254834474360e-05 +4.0841859353920527e-05 +3.7513287474723142e-05 +3.4063648021042753e-05 +2.4277950980941548e-05
 62.00000000 +5.0000000000000000e+00 +1.9999867625624546e+00 +1.9092434380755020e-03 +9.9981576967186547e-01 +1.0000003518542022e+00 +9.9999864655081250e-01 +1.0000020787671435e+00 +9.9999576711024907e-01 +6.4854781346602083e-05 +4.1232228568141804e-05 +3.0609552168032120e-05 +3.1677259234208429e-05 +1.9012204955806033e-05
 62.50000000 +5.0000000000000000e+00 +1.9999874510223814e+00 +1.9054128225542682e-03 +9.9982550932467495e-01 +1.0000004268578946e+00 +9.9999871396319695e-01 +1.0000016424128031e+00 +9.9999599801330785e-01 +5.1764101986065617e-05 +3.7100915696579401e-05 +2.9592876863852803e-05 +3.4848019221008637e-05 +2.4403508631804884e-05
 63.00000000 +5.0000000000000000e+00 +1.9999881394470502e+00 +1.9015824032159612e-03 +9.9983524847867389e-01 +1.0000005018577462e+00 +9.9999878137212950e-01 +1.0000012060808108e+00 +9.9999622890454154e-01 +3.8674093057674565e-05 +3.2969814407997199e-05 +2.8576253628155698e-05 +3.8018616819031155e-05 +2.9794536195068079e-05
 63.50000000 +5.0000000000000000e+00 +1.9999888278364615e+00 +1.8977521800455086e-03 +9.9984498713389947e-01 +1.0000005768537563e+00 +9.9999884877760925e-01 +1.0000007697711639e+00 +9.9999645978395013e-01 +2.5584754509926489e-05 +2.8838924686141433e-05 +2.7559682456940906e-05 +4.1189052040750644e-05 +3.5185287666806509e-05
 64.00000000 +5.0000000000000000e+00 +1.9999895161906203e+00 +1.8939221530278431e-03 +9.9985472529039099e-01 +1.0000006518459261e+00 +9.9999891617963754e-01 +1.0000003334838614e+00 +9.9999669065153518e-01 +1.2496086291324242e-05 +2.4708246514760019e-05 +2.6543163346208955e-05 +4.4359324898640496e-05 +4.0575763068228908e-05
 64.50000000 +5.0000000000000000e+00 +1.9999902045095268e+00 +1.8900923221478955e-03 +9.9986446294818587e-01 +1.0000007268342552e+00 +9.9999898357821371e-01 +9.9999989721890126e-01 +9.9999692150729713e-01 -5.9191164962402803e-07 +2.0577779877602547e-05 +2.5526696291960778e-05 +4.7529435405172798e-05 +4.5965962420541839e-05
 65.00000000 +5.0000000000000000e+00 +1.9999906731734223e+00 +1.8926860849014944e-03 +9.9985777474092852e-01 +1.0000003577096275e+00 +9.9999892800153667e-01 +1.0000000951084969e+00 +9.9999732555250509e-01 +3.7383255522408943e-06 +2.6024760417195391e-05 +2.8612404674098606e-05 +4.4490372046541594e-05 +4.2653054932469658e-05
 65.50000000 +5.0000000000000000e+00 +1.9999911417871976e+00 +1.8952795702773546e-03 +9.9985108724890981e-01 +9.9999998862447381e-01 +9.9999887243080321e-01 +1.0000002929769298e+00 +9.9999772955450406e-01 +8.0680996772874299e-06 +3.1471158455114424e-05 +3.1697783069689866e-05 +4.1451633686224662e-05 +3.9340501727682119e-05
 66.00000000 +5.0000000000000000e+00 +1.9999916103508624e+00 +1.8978727783199676e-03 +9.9984440047201550e-01 +9.9999961957878813e-01 +9.9999881686601166e-01 +1.0000004908242037e+00 +9.9999813351330114e-01 +1.2397410799793957e-05 +3.6916974084793990e-05 +3.4782831531665010e-05 +3.8413220272091657e-05 +3.6028302749351536e-05
 66.50000000 +5.0000000000000000e+00 +1.9999920788644245e+00 +1.9004657090738164e-03 +9.9983771441013025e-01 +9.9999925057256389e-01 +9.9999876130716214e-01 +1.0000006886503223e+00 +9.9999853742890343e-01 +1.6726258994022980e-05 +4.2362207399648472e-05 +3.7867550112943176e-05 +3.5375131752023407e-05 +3.2716457940662363e-05
 67.00000000 +5.0000000000000000e+00 +1.9999925473278910e+00 +1.9030583625833728e-03 +9.9983102906313959e-01 +9.9999888160579486e-01 +9.9999870575425265e-01 +1.0000008864552883e+00 +9.9999894130131761e-01 +2.1054644334221102e-05 +4.7806858493072234e-05 +4.0951938866432178e-05 +3.2337368073911863e-05 +2.9404967244811201e-05
 67.50000000 +5.0000000000000000e+00 +1.9999922851299319e+00 +1.9023910116842783e-03 +9.9983305857593119e-01 +9.9999914505368759e-01 +9.9999860916133854e-01 +1.0000007945056264e+00 +9.9999907340192506e-01 +2.1156185263564711e-05 +4.6334735756799216e-05 +4.0133781466636197e-05 +3.0820058281125104e-05 +3.0874503431475160e-05
 68.00000000 +5.0000000000000000e+00 +1.9999920229207744e+00 +1.9017236322811733e-03 +9.9983508817540800e-01 +9.9999940851283298e-01 +9.9999851256429884e-01 +1.0000007025520372e+00 +9.9999920550817489e-01 +2.1257730529942603e-05 +4.4862550142957419e-05 +3.9315589121555493e-05 +2.9302683680731963e-05 +3.2344102385230726e-05
 68.50000000 +5.0000000000000000e+00 +1.9999917607004165e+00 +1.9010562243722312e-03 +9.9983711786157525e-01 +9.9999967198323125e-01 +9.9999841596313310e-01 +1.0000006105945203e+00 +9.9999933762006732e-01 +2.1359280133632643e-05 +4.3390301647518300e-05 +3.8497361828951120e-05 +2.7785244268580236e-05 +3.3813764110099368e-05
 69.00000000 +5.0000000000000000e+00 +1.9999914984688587e+00 +1.9003887879556261e-03 +9.9983914763443849e-01 +9.9999993546488375e-01 +9.9999831935784123e-01 +1.0000005186330756e+00 +9.9999946973760290e-01 +2.1460834074912728e-05 +4.1917990266453011e-05 +3.7679099586583984e-05 +2.6267740040517369e-05 +3.5283488610102879e-05
 69.50000000 +5.0000000000000000e+00 +1.9999912362260992e+00 +1.8997213230295311e-03 +9.9984117749400314e-01 +1.0000001989577905e+00 +9.9999822274842254e-01 +1.0000004266677027e+00 +9.9999960186078163e-01 +2.1562392354060778e-05 +4.0445615995732257e-05 +3.6860802392214734e-05 +2.4750170992390452e-05 +3.6753275889263412e-05
 70.00000000 +5.0000000000000000e+00 +1.9999914980218068e+00 +1.9011650822782311e-03 +9.9983749132405031e-01 +1.0000001358355903e+00 +9.9999805269730546e-01 +9.9999997972420940e-01 +9.9999889713148316e-01 +2.8860276773976843e-05 +3.8700758409502916e-05 +3.5535591497544139e-05 +2.4864552927372611e-05 +3.7482092879793501e-05
 70.50000000 +5.0000000000000000e+00 +1.9999917598196555e+00 +1.9026088533350743e-03 +9.9983380512394915e-01 +1.0000000727128739e+00 +9.9999788264479728e-01 +9.9999953277706011e-01 +9.9999819239642063e-01 +3.6158220881449783e-05 +3.6955886552523242e-05 +3.4210369764307721e-05 +2.4978935797855778e-05 +3.8210915831134028e-05
 71.00000000 +5.0000000000000000e+00 +1.9999920216196463e+00 +1.9040526362002056e-03 +9.9983011889369966e-01 +1.0000000095896413e+00 +9.9999771259089865e-01 +9.9999908582625607e-01 +9.9999748765559471e-01 +4.3456224677211852e-05 +3.5211000424618178e-05 +3.2885137192372522e-05 +2.5093319603851439e-05 +3.8939744743358123e-05
 71.50000000 +5.0000000000000000e+00 +1.9999922834217774e+00 +1.9054964308737690e-03 +9.9982643263330095e-01 +9.9999994646589230e-01 +9.9999754253560902e-01 +9.9999863887179596e-01 +9.9999678290900440e-01 +5.0754288161995326e-05 +3.3466100025612638e-05 +3.1559893781605551e-05 +2.5207704345371061e-05 +3.9668579616538888e-05
 72.00000000 +5.0000000000000000e+00 +1.9999925452260499e+00 +1.9069402373559101e-03 +9.9982274634275281e-01 +9.9999988334162693e-01 +9.9999737247892839e-01 +9.9999819191368045e-01 +9.9999607815665037e-01 +5.8052411336532462e-05 +3.1721185355331544e-05 +3.0234639531873845e-05 +2.5322090022426124e-05 +4.0397420450749486e-05
 72.50000000 +5.0000000000000000e+00 +1.9999932830581777e+00 +1.9001456991265997e-03 +9.9983954759814542e-01 +9.9999999006036122e-01 +9.9999828358592358e-01 +9.9999826878089360e-01 +9.9999691559364645e-01 +5.3968297383442635e-05 +2.9182866459631053e-05 +2.8155859146691372e-05 +2.4621690383752333e-05 +3.1065654761561960e-05
 73.00000000 +5.0000000000000000e+00 +1.9999940208619251e+00 +1.8933514222477593e-03 +9.9985634820728131e-01 +1.0000000967749905e+00 +9.9999919465787324e-01 +9.9999834564514978e-01 +9.9999775299843074e-01 +4.9884340524928593e-05 +2.6644645199827783e-05 +2.6077158721354912e-05 +2.3921317685801893e-05 +2.1734248016759747e-05
 73.50000000 +5.0000000000000000e+00 +1.9999947586372935e+00 +1.8865574067043103e-03 +9.9987314817019790e-01 +1.0000002034855153e+00 +1.0000001056947796e+00 +9.9999842250644977e-01 +9.9999859037100525e-01 +4.5800540751926644e-05 +2.4106521570288535e-05 +2.3998538251251102e-05 +2.3220971927020434e-05 +1.2403200195633157e-05
 74.00000000 +5.0000000000000000e+00 +1.9999954963842850e+00 +1.8797636524811746e-03 +9.9988994748693238e-01 +1.0000003101919357e+00 +1.0000010166966444e+00 +9.9999849936479368e-01 +9.9999942771137162e-01 +4.1716898055373696e-05 +2.1568495565380525e-05 +2.1919997731766920e-05 +2.2520653105853688e-05 +3.0725112774741004e-06
 74.50000000 +5.0000000000000000e+00 +1.9999962341029001e+00 +1.8729701595632752e-03 +9.9990674615752184e-01 +1.0000004168942518e+00 +1.0000019276634697e+00 +9.9999857622018085e-01 +1.0000002650195317e+00 +3.7633412426207413e-05 +1.9030567179471408e-05 +1.9841537158289706e-05 +2.1820361220747525e-05 -6.2578187584239138e-06
 75.00000000 +5.0000000000000000e+00 +1.9999937401238832e+00 +1.8799499079968538e-03 +9.9988916750731693e-01 +1.0000011486596248e+00 +1.0000003313587491e+00 +9.9999769712562536e-01 +9.9999951399751530e-01 +4.0669977452064553e-05 +1.7321581063093626e-05 +2.1282333700227817e-05 +2.6322262226202855e-05 +6.5452176732776477e-06
 75.50000000 +5.0000000000000000e+00 +1.9999912463762979e+00 +1.8869290087329359e-03 +9.9987159048835228e-01 +1.0000018803570920e+00 +9.9999873520216009e-01 +9.9999681811264696e-01 +9.9999876304519097e-01 +4.3706260694762528e-05 +1.5612753534957067e-05 +2.2722996541027355e-05 +3.0823745470182064e-05 +1.9347066025678495e-05
 76.00000000 +5.0000000000000000e+00 +1.9999887528601146e+00 +1.8939074618616746e-03 +9.9985401510040095e-01 +1.0000026119866638e+00 +9.9999713919368249e-01 +9.9999593918123419e-01 +9.9999801216254980e-01 +4.6742262193522347e-05 +1.3904084572988071e-05 +2.4163525699298002e-05 +3.5324811010832787e-05 +3.2147726464145685e-05
 76.50000000 +5.0000000000000000e+00 +1.9999862595752991e+00 +1.9008852674732041e-03 +9.9983644134323602e-01 +1.0000033435483486e+00 +9.9999554333329510e-01 +9.9999506033137553e-01 +9.9999726134958100e-01 +4.9777981987557717e-05 +1.2195574155117055e-05 +2.5603921193645967e-05 +3.9825458906291845e-05 +4.4947199154015573e-05
 77.00000000 +5.0000000000000000e+00 +1.9999837665218203e+00 +1.9078624256576443e-03 +9.9981886921663077e-01 +1.0000040750421566e+00 +9.9999394762097804e-01 +9.9999418156306008e-01 +9.9999651060627603e-01 +5.2813420116075091e-05 +1.0487222259278547e-05 +2.7044183042674019e-05 +4.4325689214685276e-05 +5.7745484260593855e-05
 77.50000000 +5.0000000000000000e+00 +1.9999840038121879e+00 +1.9063189668011135e-03 +9.9982300728129736e-01 +1.0000036492062672e+00 +9.9999478125867358e-01 +9.9999461937521195e-01 +9.9999666700773893e-01 +5.0589883420346715e-05 +1.7336557481697095e-05 +2.1601704921608202e-05 +4.5626244020744122e-05 +5.2121520619286429e-05
 78.00000000 +5.0000000000000000e+00 +1.9999842410719051e+00 +1.9047757073051015e-03 +9.9982714481147150e-01 +1.0000032234253804e+00 +9.9999561478869203e-01 +9.9999505713081394e-01 +9.9999682338900009e-01 +4.8366633927240343e-05 +2.4185008011257324e-05 +1.6159929777016574e-05 +4.6926630840931133e-05 +4.6498283395989978e-05
 78.50000000 +5.0000000000000000e+00 +1.9999844783009795e+00 +1.9032326471309863e-03 +9.9983128180725733e-01 +1.0000027976994861e+00 +9.9999644821105493e-01 +9.9999549482987704e-01 +9.9999697975006407e-01 +4.6143671581114893e-05 +3.1032574019354900e-05 +1.0718857472708245e-05 +4.8226849707791001e-05 +4.0875772449972195e-05
 79.00000000 +5.0000000000000000e+00 +1.9999847154994157e+00 +1.9016897862401544e-03 +9.9983541826875799e-01 +1.0000023720285736e+00 +9.9999728152578293e-01 +9.9999593247241203e-01 +9.9999713609093399e-01 +4.3920996326343625e-05 +3.7879255677341238e-05 +5.2784878725274766e-06 +4.9526900653860025e-05 +3.5253987640537071e-05
 79.50000000 +5.0000000000000000e+00 +1.9999849526672207e+00 +1.9001471245940029e-03 +9.9983955419607695e-01 +1.0000019464126320e+00 +9.9999811473289679e-01 +9.9999637005843001e-01 +9.9999729241161417e-01 +4.1698608107314171e-05 +4.4725053156523443e-05 -1.6117915964628430e-07 +5.0826783711666043e-05 +2.9632928827024947e-05
 80.00000000 +5.0000000000000000e+00 +1.9999842684871376e+00 +1.8988029808970487e-03 +9.9984303623723358e-01 +1.0000010781372712e+00 +9.9999783012250643e-01 +9.9999623961235884e-01 +9.9999789562819763e-01 +4.7529051493105900e-05 +3.9256673284754959e-05 +4.2958871116869193e-06 +4.1622359562080396e-05 +3.1216289138713210e-05
 80.50000000 +5.0000000000000000e+00 +1.9999835842299343e+00 +1.8974586856884731e-03 +9.9984651867088514e-01 +1.0000002097640388e+00 +9.9999754548003494e-01 +9.9999610915158410e-01 +9.9999849891277537e-01 +5.3360152085367070e-05 +3.3787677018247474e-05 +8.7534557826824469e-06 +3.2416897891555387e-05 +3.2799827926474634e-05
 81.00000000 +5.0000000000000000e+00 +1.9999828998955971e+00 +1.8961142389426566e-03 +9.9985000149709835e-01 +9.9999934129291790e-01 +9.9999726080547691e-01 +9.9999597867610279e-01 +9.9999910226535937e-01 +5.9191909995224210e-05 +2.8318064252775273e-05 +1.3211526938290674e-05 +2.3210398524657397e-05 +3.4383545220487613e-05
 81.50000000 +5.0000000000000000e+00 +1.9999822154841123e+00 +1.8947696406339735e-03 +9.9985348471593893e-01 +9.9999847272389175e-01 +9.9999697609882598e-01 +9.9999584818591247e-01 +9.9999970568596031e-01 +6.5024325333828920e-05 +2.2847834884089112e-05 +1.7670100663481133e-05 +1.4002861285913209e-05 +3.5967441050937305e-05
 82.00000000 +5.0000000000000000e+00 +1.9999815309954685e+00 +1.8934248907367954e-03 +9.9985696832747384e-01 +9.9999760405694449e-01 +9.9999669136007829e-01 +9.9999571768101125e-01 +1.0000003091745906e+00 +7.0857398212357880e-05 +1.7376988807916302e-05 +2.2129177043242521e-05 +4.7942859998101054e-06 +3.7551515448015738e-05
 82.50000000 +5.0000000000000000e+00 +1.9999795541157006e+00 +1.8959357927730573e-03 +9.9985037068860549e-01 +9.9999949810984112e-01 +9.9999776300983068e-01 +9.9999673311377746e-01 +9.9999962663708675e-01 +6.7132159478921897e-05 +2.1241955382998105e-05 +2.4299540409497085e-05 +1.1243033504473637e-05 +3.2091720577365512e-05
 83.00000000 +5.0000000000000000e+00 +1.9999775773535724e+00 +1.8984465453910338e-03 +9.9984377344234832e-01 +1.0000013920500272e+00 +9.9999883459581196e-01 +9.9999774848611767e-01 +9.9999894414019963e-01 +6.3407142426291909e-05 +2.5106691962375799e-05 +2.6469774622176610e-05 +1.7691397258283398e-05 +2.6632250607161710e-05
 83.50000000 +5.0000000000000000e+00 +1.9999756007090741e+00 +1.9009571486040609e-03 +9.9983717658866722e-01 +1.0000032858775123e+00 +9.9999990611802747e-01 +9.9999876379803720e-01 +9.9999826168392525e-01 +5.9682347034680922e-05 +2.8971198566578586e-05 +2.8639879692809216e-05 +2.4139377295492629e-05 +2.1173105508404004e-05
 84.00000000 +5.0000000000000000e+00 +1.9999736241821939e+00 +1.9034676024254735e-03 +9.9983058012752701e-01 +1.0000051795923066e+00 +1.0000009775764824e+00 +9.9999977904954118e-01 +9.9999757926825950e-01 +5.5957773284304204e-05 +3.2835475216133209e-05 +3.0809855632921654e-05 +3.0586973650350497e-05 +1.5714285252095527e-05
 84.50000000 +5.0000000000000000e+00 +1.9999716477729226e+00 +1.9059779068686066e-03 +9.9982398405889295e-01 +1.0000070731944202e+00 +1.0000020489711834e+00 +1.0000007942406355e+00 +9.9999689689319959e-01 +5.2233421155379498e-05 +3.6699521931563997e-05 +3.2979702454039317e-05 +3.7034186357102084e-05 +1.0255789809242893e-05
 85.00000000 +5.0000000000000000e+00 +1.9999727615454621e+00 +1.9113866634313534e-03 +9.9981006044363996e-01 +1.0000063607500969e+00 +1.0000017665769725e+00 +1.0000012066821879e+00 +9.9999666562723044e-01 +5.2589926413475881e-05 +4.2444380578243320e-05 +3.3221307790727563e-05 +4.1771832254243762e-05 +1.3912459403530318e-05
 85.50000000 +5.0000000000000000e+00 +1.9999738753023428e+00 +1.9167953439503320e-03 +9.9979613702414405e-01 +1.0000056483157898e+00 +1.0000014841867320e+00 +1.0000016191179415e+00 +9.9999643436451247e-01 +5.2946426659329074e-05 +4.8189158455767437e-05 +3.3462909730594383e-05 +4.6509411543017802e-05 +1.7569077587307548e-05
 86.00000000 +5.0000000000000000e+00 +1.9999749890435643e+00 +1.9222039484271462e-03 +9.9978221380040155e-01 +1.0000049358914991e+00 +1.0000012018004616e+00 +1.0000020315478964e+00 +9.9999620310504589e-01 +5.3302921893044798e-05 +5.3933855565839685e-05 +3.3704508273711403e-05 +5.1246924224828902e-05 +2.1225644361658792e-05
 86.50000000 +5.0000000000000000e+00 +1.9999761027691283e+00 +1.9276124768634005e-03 +9.9976829077240847e-01 +1.0000042234772251e+00 +1.0000009194181616e+00 +1.0000024439720534e+00 +9.9999597184883127e-01 +5.3659412114728786e-05 +5.9678471910163379e-05 +3.3946103420150288e-05 +5.5984370301081754e-05 +2.4882159727668205e-05
 87.00000000 +5.0000000000000000e+00 +1.9999772164790341e+00 +1.9330209292606972e-03 +9.9975436794016015e-01 +1.0000035110729664e+00 +1.0000006370398313e+00 +1.0000028563904118e+00 +9.9999574059586749e-01 +5.4015897324486678e-05 +6.5423007490441712e-05 +3.4187695169982637e-05 +6.0721749773180916e-05 +2.8538623686419909e-05
 87.50000000 +5.0000000000000000e+00 +1.9999783301732821e+00 +1.9384293056206399e-03 +9.9974044530365280e-01 +1.0000027986787234e+00 +1.0000003546654710e+00 +1.0000032688029719e+00 +9.9999550934615455e-01 +5.4372377522424184e-05 +7.1167462308377878e-05 +3.4429283523280081e-05 +6.5459062642530999e-05 +3.2195036238998008e-05
 88.00000000 +5.0000000000000000e+00 +1.9999794438518728e+00 +1.9438376059448331e-03 +9.9972652286288222e-01 +1.0000020862944961e+00 +1.0000000722950808e+00 +1.0000036812097342e+00 +9.9999527809969324e-01 +5.4728852708647014e-05 +7.6911836365675050e-05 +3.4670868480114259e-05 +7.0196308910536545e-05 +3.5851397386486577e-05
 88.50000000 +5.0000000000000000e+00 +1.9999805575148071e+00 +1.9492458302348796e-03 +9.9971260061784439e-01 +1.0000013739202840e+00 +9.9999978992866045e-01 +1.0000040936106984e+00 +9.9999504685648288e-01 +5.5085322883260864e-05 +8.2656129664036333e-05 +3.4912450040556810e-05 +7.4933488578602091e-05 +3.9507707129969671e-05
 89.00000000 +5.0000000000000000e+00 +1.9999816711620839e+00 +1.9546539784923824e-03 +9.9969867856853500e-01 +1.0000006615560868e+00 +9.9999950756620926e-01 +1.0000045060058647e+00 +9.9999481561652315e-01 +5.5441788046371363e-05 +8.8400342205164712e-05 +3.5154028204679324e-05 +7.9670601648132005e-05 +4.3163965470531267e-05
 89.50000000 +5.0000000000000000e+00 +1.9999827847937046e+00 +1.9600620507189458e-03 +9.9968475671494994e-01 +9.9999994920190460e-01 +9.9999922520772822e-01 +1.0000049183952333e+00 +9.9999458437981459e-01 +5.5798248198084254e-05 +9.4144473990763236e-05 +3.5395602972553441e-05 +8.4407648120530802e-05 +4.6820172409255366e-05
 90.00000000 +5.0000000000000000e+00 +1.9999819417161040e+00 +1.9549995507510201e-03 +9.9969752641792564e-01 +9.9999972123616543e-01 +9.9999905640836917e-01 +1.0000042711872930e+00 +9.9999464922786874e-01 +5.2620169959196308e-05 +8.5460873823160774e-05 +3.0962468638737374e-05 +8.7230775133020151e-05 +4.8501279055731073e-05
 90.50000000 +5.0000000000000000e+00 +1.9999810987280853e+00 +1.9499375887041550e-03 +9.9971029476404405e-01 +9.9999949329464921e-01 +9.9999888762694655e-01 +1.0000036240481229e+00 +9.9999471406903262e-01 +4.9442429410229453e-05 +7.6778196340286276e-05 +2.6529805352098510e-05 +9.0053602171290398e-05 +5.0182207074517935e-05
 91.00000000 +5.0000000000000000e+00 +1.9999802558296338e+00 +1.9448761644926173e-03 +9.9972306175352044e-01 +9.9999926537735140e-01 +9.9999871886345637e-01 +1.0000029769777110e+00 +9.9999477890330690e-01 +4.6265026497364150e-05 +6.8096441395086354e-05 +2.2097613037563437e-05 +9.2876129283150032e-05 +5.1862956494084822e-05
 91.50000000 +5.0000000000000000e+00 +1.9999794130207369e+00 +1.9398152780306960e-03 +9.9973582738657196e-01 +9.9999903748426922e-01 +9.9999855011789718e-01 +1.0000023299760472e+00 +9.9999484373069303e-01 +4.3087961166792352e-05 +5.9415608840538904e-05 +1.7665891620074713e-05 +9.5698356516397517e-05 +5.3543527342894618e-05
 92.00000000 +5.0000000000000000e+00 +1.9999785703013784e+00 +1.9347549292326933e-03 +9.9974859166341401e-01 +9.9999880961539744e-01 +9.9999838139026453e-01 +1.0000016830431198e+00 +9.9999490855119155e-01 +3.9911233364717380e-05 +5.0735698529652972e-05 +1.3234641024590822e-05 +9.8520283918821015e-05 +5.5223919649404044e-05
 92.50000000 +5.0000000000000000e+00 +1.9999777276715451e+00 +1.9296951180129351e-03 +9.9976135458426330e-01 +9.9999858177073375e-01 +9.9999821268055700e-01 +1.0000010361789191e+00 +9.9999497336480447e-01 +3.6734843037354042e-05 +4.2056710315468945e-05 +8.8038611760862206e-06 +1.0134191153819870e-04 +5.6904133442063906e-05
 93.00000000 +5.0000000000000000e+00 +1.9999768851312223e+00 +1.9246358442857609e-03 +9.9977411614933576e-01 +9.9999835395027281e-01 +9.9999804398877101e-01 +1.0000003893834328e+00 +9.9999503817153201e-01 +3.3558790130928519e-05 +3.3378644051058332e-05 +4.3735519995512787e-06 +1.0416323942229845e-04 +5.8584168749318860e-05
 93.50000000 +5.0000000000000000e+00 +1.9999760426803967e+00 +1.9195771079655315e-03 +9.9978687635884722e-01 +9.9999812615401196e-01 +9.9999787531490392e-01 +9.9999974265665070e-01 +9.9999510297137595e-01 +3.0383074591678463e-05 +2.4701499589523918e-05 -5.6286580007689648e-08 +1.0698426761887811e-04 +6.0264025599607603e-05
 94.00000000 +5.0000000000000000e+00 +1.9999752003190530e+00 +1.9145189089666238e-03 +9.9979963521301363e-01 +9.9999789838194664e-01 +9.9999770665895249e-01 +9.9999909599856163e-01 +9.9999516776433695e-01 +2.7207696365852920e-05 +1.6025276783999671e-05 -4.4856546375684309e-06 +1.0980499617568526e-04 +6.1943704021362719e-05
 94.50000000 +5.0000000000000000e+00 +1.9999743580471765e+00 +1.9094612472034340e-03 +9.9981239271205113e-01 +9.9999767063407308e-01 +9.9999753802091418e-01 +9.9999844940915450e-01 +9.9999523255041611e-01 +2.4032655399712359e-05 +7.3499754876507564e-06 -8.9145522480927736e-06 +1.1262542514045743e-04 +6.3623204043010756e-05
 95.00000000 +5.0000000000000000e+00 +1.9999747570896778e+00 +1.9055055744236166e-03 +9.9982378828422047e-01 +9.9999615996058799e-01 +9.9999769091878654e-01 +9.9999974521991253e-01 +9.9999546092586611e-01 +2.3709749916829009e-05 +1.0787470281540354e-05 -2.0720268694451685e-06 +1.0456841834287243e-04 +5.0161108943577917e-05
 95.50000000 +5.0000000000000000e+00 +1.9999751560935182e+00 +1.9015502848864533e-03 +9.9983518275233774e-01 +9.9999464943346350e-01 +9.9999784380184553e-01 +1.0000010409051270e+00 +9.9999568927919025e-01 +2.3386875718422696e-05 +1.4224632036096094e-05 +4.7698355758074270e-06 +9.6512192142884733e-05 +3.6700318110028564e-05
 96.00000000 +5.0000000000000000e+00 +1.9999755550587026e+00 +1.8975953785362509e-03 +9.9984657611656302e-01 +9.9999313905267806e-01 +9.9999799667009315e-01 +1.0000023364648154e+00 +9.9999591761039142e-01 +2.3064032799947161e-05 +1.7661460799715058e-05 +1.1611035184002116e-05 +8.8456746427058286e-05 +2.3240831352827482e-05
 96.50000000 +5.0000000000000000e+00 +1.9999759539852375e+00 +1.8936408553173283e-03 +9.9985796837705698e-01 +9.9999162881821091e-01 +9.9999814952353183e-01 +1.0000036318989971e+00 +9.9999614591947295e-01 +2.2741221156857057e-05 +2.1097956620784951e-05 +1.8451572051457348e-05 +8.0402081081979110e-05 +9.7826484824762515e-06
 97.00000000 +5.0000000000000000e+00 +1.9999763528731287e+00 +1.8896867151740136e-03 +9.9986935953398015e-01 +9.9999011873004051e-01 +9.9999830236216325e-01 +1.0000049272076894e+00 +9.9999637420643850e-01 +2.2418440784607894e-05 +2.4534119547684122e-05 +2.5291446274472894e-05 +7.2348195994255147e-05 -3.6742306904868818e-06
 97.50000000 +5.0000000000000000e+00 +1.9999767517223812e+00 +1.8857329580506477e-03 +9.9988074958749262e-01 +9.9998860878814566e-01 +9.9999845518599018e-01 +1.0000062223909112e+00 +9.9999660247129074e-01 +2.2095691678656080e-05 +2.7969949628781537e-05 +3.2130657949329885e-05 +6.4295091050516336e-05 -1.7129806355486961e-05
 98.00000000 +5.0000000000000000e+00 +1.9999771505330006e+00 +1.8817795838915806e-03 +9.9989213853775483e-01 +9.9998709899250504e-01 +9.9999860799501428e-01 +1.0000075174486804e+00 +9.9999683071403322e-01 +2.1772973834458888e-05 +3.1405446912436774e-05 +3.8969207172290783e-05 +5.6242766137414497e-05 -3.0584078701912341e-05
 98.50000000 +5.0000000000000000e+00 +1.9999775493049927e+00 +1.8778265926411729e-03 +9.9990352638492652e-01 +9.9998558934309723e-01 +9.9999876078923799e-01 +1.0000088123810149e+00 +9.9999705893466839e-01 +2.1450287247474473e-05 +3.4840611447000066e-05 +4.5807094039599435e-05 +4.8191221141623500e-05 -4.4037047919114672e-05
 99.00000000 +5.0000000000000000e+00 +1.9999779480383635e+00 +1.8738739842437979e-03 +9.9991491312916880e-01 +9.9998407983990123e-01 +9.9999891356866344e-01 +1.0000101071879337e+00 +9.9999728713320057e-01 +2.1127631913161882e-05 +3.8275443280812273e-05 +5.2644318647481007e-05 +4.0140455949839135e-05 -5.7488714196408931e-05
 99.50000000 +5.0000000000000000e+00 +1.9999783467331178e+00 +1.8699217586438375e-03 +9.9992629877064132e-01 +9.9998257048289585e-01 +9.9999906633329250e-01 +1.0000114018694544e+00 +9.9999751530963221e-01 +2.0805007826981035e-05 +4.1709942462204900e-05 +5.9480881092142036e-05 +3.2090470448779135e-05 -7.0939077723073426e-05
100.00000000 +5.0000000000000000e+00 +1.9999771606439547e+00 +1.8844670932284947e-03 +9.9988841704990972e-01 +9.9998497679031662e-01 +9.9999987476039887e-01 +1.0000099087520415e+00 +9.9999837021480908e-01 +2.0940715899088213e-05 +4.7502282981126426e-05 +6.5226140956785227e-05 +3.7948593281300406e-05 -5.3165308682916518e-05
100.50000000 +5.0000000000000000e+00 +1.9999759744748493e+00 +1.8990134081692796e-03 +9.9985053277594849e-01 +9.9998738325992209e-01 +1.0000006832419932e+00 +1.0000084155339921e+00 +9.9999922517760631e-01 +2.1076433117924829e-05 +5.3295013904028831e-05 +7.0971788052171325e-05 +4.3807110951533093e-05 -3.5390341690020826e-05
101.00000000 +5.0000000000000000e+00 +1.9999747882257937e+00 +1.9135607035653112e-03 +9.9981264594849995e-01 +9.9998978989172993e-01 +1.0000014917780808e+00 +1.0000069222152967e+00 +1.0000000801980302e+00 +2.1212159484415667e-05 +5.9088135270383335e-05 +7.6717822417450701e-05 +4.9666023499396692e-05 -1.7614176623269180e-05
101.50000000 +5.0000000000000000e+00 +1.9999736018967789e+00 +1.9281089795157187e-03 +9.9977475656730552e-01 +9.9999219668575523e-01 +1.0000023003686678e+00 +1.0000054287959448e+00 +1.0000009352760866e+00 +2.1347894999485606e-05 +6.4881647119666437e-05 +8.2464244091779045e-05 +5.5525330964816020e-05 +1.6318663847193907e-07
102.00000000 +5.0000000000000000e+00 +1.9999724154877969e+00 +1.9426582361196467e-03 +9.9973686463210676e-01 +9.9999460364201498e-01 +1.0000031090137589e+00 +1.0000039352759256e+00 +1.0000017904117806e+00 +2.1483639664059660e-05 +7.0675549491359949e-05 +8.8211053114317225e-05 +6.1385033387721295e-05 +1.7941748216352336e-05
102.50000000 +5.0000000000000000e+00 +1.9999712289988407e+00 +1.9572084734762523e-03 +9.9969897014264564e-01 +9.9999701076052561e-01 +1.0000039177133604e+00 +1.0000024416552298e+00 +1.0000026456051185e+00 +2.1619393479062972e-05 +7.6469842424951048e-05 +9.3958249524231461e-05 +6.7245130808048147e-05 +3.5721508231538193e-05
103.00000000 +5.0000000000000000e+00 +1.9999700424299021e+00 +1.9717596916847087e-03 +9.9966107309866470e-01 +9.9999941804130366e-01 +1.0000047264674776e+00 +1.0000009479338472e+00 +1.0000035008561070e+00 +2.1755156445420814e-05 +8.2264525959932275e-05 +9.9705833360693301e-05 +7.3105623265737590e-05 +5.3502466805212015e-05
103.50000000 +5.0000000000000000e+00 +1.9999688557809716e+00 +1.9863118908441963e-03 +9.9962317349990426e-01 +1.0000018254843650e+00 +1.0000055352761155e+00 +9.9999945411176705e-01 +1.0000043561647503e+00 +2.1890928564058563e-05 +8.8059600135801384e-05 +1.0545380466287944e-04 +7.8966510800735940e-05 +7.1284624058572658e-05
104.00000000 +5.0000000000000000e+00 +1.9999676690520429e+00 +2.0008650710539159e-03 +9.9958527134610686e-01 +1.0000042330897265e+00 +1.0000063441392804e+00 +9.9999796018897980e-01 +1.0000052115310556e+00 +2.2026709835901747e-05 +9.3855064992061498e-05 +1.1120216346997196e-04 +8.4827793452995018e-05 +8.9067980112835245e-05
104.50000000 +5.0000000000000000e+00 +1.9999664822431065e+00 +2.0154192324130776e-03 +9.9954736663701405e-01 +1.0000066408574046e+00 +1.0000071530569772e+00 +9.9999646616547477e-01 +1.0000060669550279e+00 +2.2162500261875994e-05 +9.9650920568221136e-05 +1.1695090982115819e-04 +9.0689471262471943e-05 +1.0685253508923137e-04
105.00000000 +5.0000000000000000e+00 +1.9999635441334680e+00 +2.0070832364666234e-03 +9.9956787205603759e-01 +1.0000069756150003e+00 +1.0000056998984577e+00 +9.9999607485298281e-01 +1.0000068863941274e+00 +2.2407052455572723e-05 +1.0112217248699208e-04 +1.0779839345408218e-04 +8.1953104007220011e-05 +1.0321046912476574e-04
105.50000000 +5.0000000000000000e+00 +1.9999606060554473e+00 +1.9987473302258865e-03 +9.9958837725439709e-01 +1.0000073103689930e+00 +1.0000042467555754e+00 +9.9999568354470159e-01 +1.0000077058244083e+00 +2.2651602017582704e-05 +1.0259340857325665e-04 +9.8645975579502140e-05 +7.3216830766180361e-05 +9.9568442353474196e-05
106.00000000 +5.0000000000000000e+00 +1.9999576680090443e+00 +1.9904115136894205e-03 +9.9960888223209654e-01 +1.0000076451193842e+00 +1.0000027936283313e+00 +9.9999529224063199e-01 +1.0000085252458717e+00 +2.2896148947948440e-05 +1.0406462882727045e-04 +8.9493656195828284e-05 +6.4480651537835503e-05 +9.5926454774724148e-05
106.50000000 +5.0000000000000000e+00 +1.9999547299942575e+00 +1.9820757868557748e-03 +9.9962938698913917e-01 +1.0000079798661725e+00 +1.0000013405167238e+00 +9.9999490094077259e-01 +1.0000093446585168e+00 +2.3140693246712384e-05 +1.0553583324928896e-04 +8.0341435301470714e-05 +5.5744566320667831e-05 +9.2284506387882838e-05
107.00000000 +5.0000000000000000e+00 +1.9999517920110867e+00 +1.9737401497235026e-03 +9.9964989152552874e-01 +1.0000083146093590e+00 +9.9999988742075396e-01 +9.9999450964512449e-01 +1.0000101640623444e+00 +2.3385234913917034e-05 +1.0700702183956781e-04 +7.1189312894839743e-05 +4.7008575113159896e-05 +8.8642597192317783e-05
107.50000000 +5.0000000000000000e+00 +1.9999488540595327e+00 +1.9654046022911571e-03 +9.9967039584126838e-01 +1.0000086493489433e+00 +9.9999843434042102e-01 +9.9999411835368701e-01 +1.0000109834573545e+00 +2.3629773949604864e-05 +1.0847819459836250e-04 +6.2037288974345567e-05 +3.8272677913794228e-05 +8.5000727187396297e-05
108.00000000 +5.0000000000000000e+00 +1.9999459161395925e+00 +1.9570691445572881e-03 +9.9969089993636207e-01 +1.0000089840849251e+00 +9.9999698127572390e-01 +9.9999372706645984e-01 +1.0000118028435467e+00 +2.3874310353818330e-05 +1.0994935152592856e-04 +5.2885363538398474e-05 +2.9536874721053402e-05 +8.1358896372485788e-05
108.50000000 +5.0000000000000000e+00 +1.9999429782512679e+00 +1.9487337765204497e-03 +9.9971140381081314e-01 +1.0000093188173051e+00 +9.9999552822666360e-01 +9.9999333578344374e-01 +1.0000126222209218e+00 +2.4118844126599937e-05 +1.1142049262252159e-04 +4.3733536585408826e-05 +2.0801165533420013e-05 +7.7717104746953707e-05
109.00000000 +5.0000000000000000e+00 +1.9999400403945569e+00 +1.9403984981791929e-03 +9.9973190746462526e-01 +1.0000096535460830e+00 +9.9999407519323935e-01 +9.9999294450463794e-01 +1.0000134415894799e+00 +2.4363375267992140e-05 +1.1289161788839709e-04 +3.4581808113786967e-05 +1.2065550349376715e-05 +7.4075352310167474e-05
109.50000000 +5.0000000000000000e+00 +1.9999371025694594e+00 +1.9320633095320703e-03 +9.9975241089780198e-01 +1.0000099882712590e+00 +9.9999262217545060e-01 +9.9999255323004255e-01 +1.0000142609492204e+00 +2.4607903778037421e-05 +1.1436272732381055e-04 +2.5430178121943290e-05 +3.3300291674061751e-06 +7.0433639061494513e-05
110.00000000 +5.0000000000000000e+00 +1.9999397422182192e+00 +1.9347976800283022e-03 +9.9974762973041631e-01 +1.0000086681012255e+00 +9.9999237157277632e-01 +9.9999331308436490e-01 +1.0000104008687523e+00 +2.8483710499486954e-05 +1.0800884562850224e-04 +2.8703676423102551e-05 +1.6437142374182595e-05 +6.5983268701797366e-05
110.50000000 +5.0000000000000000e+00 +1.9999423820697850e+00 +1.9375322606094046e-03 +9.9974284819568726e-01 +1.0000073478297613e+00 +9.9999212095084755e-01 +9.9999407299706722e-01 +1.0000065404917091e+00 +3.2359815003682787e-05 +1.0165447575705997e-04 +3.1977426230950405e-05 +2.9545262615738477e-05 +6.1532556414960066e-05
111.00000000 +5.0000000000000000e+00 +1.9999450221241832e+00 +1.9402670512995916e-03 +9.9973806629357387e-01 +1.0000060274568561e+00 +9.9999187030966330e-01 +9.9999483296815728e-01 +1.0000026798180577e+00 +3.6236217324944780e-05 +9.5299617653221005e-05 +3.5251427574473317e-05 +4.2654390008135794e-05 +5.7081502161575212e-05
111.50000000 +5.0000000000000000e+00 +1.9999476623814343e+00 +1.9430020521230781e-03 +9.9973328402403294e-01 +1.0000047069824967e+00 +9.9999161964921990e-01 +9.9999559299764129e-01 +9.9999881884776354e-01 +4.0112917497597962e-05 +8.8944271260713714e-05 +3.8525680482662157e-05 +5.5764524667454295e-05 +5.2630105902229168e-05
112.00000000 +5.0000000000000000e+00 +1.9999503028415628e+00 +1.9457372631040846e-03 +9.9972850138702218e-01 +1.0000033864066720e+00 +9.9999136896951568e-01 +9.9999635308552548e-01 +9.9999495758079204e-01 +4.3989915555972726e-05 +8.2588436523257960e-05 +4.1800184984512300e-05 +6.8875666709791589e-05 +4.8178367597502343e-05
112.50000000 +5.0000000000000000e+00 +1.9999529435045917e+00 +1.9484726842668341e-03 +9.9972371838249929e-01 +1.0000020657293702e+00 +9.9999111827054832e-01 +9.9999711323181739e-01 +9.9999109601710912e-01 +4.7867211534404685e-05 +7.6232113384564905e-05 +4.5074941109023532e-05 +8.1987816251263140e-05 +4.3726287207969051e-05
113.00000000 +5.0000000000000000e+00 +1.9999555843705463e+00 +1.9512083156355553e-03 +9.9971893501042242e-01 +1.0000007449505801e+00 +9.9999086755231614e-01 +9.9999787343652335e-01 +9.9998723415668123e-01 +5.1744805467234798e-05 +6.9875301788337163e-05 +4.8349948885200151e-05 +9.5100973408002282e-05 +3.9273864694197587e-05
113.50000000 +5.0000000000000000e+00 +1.9999582254394479e+00 +1.9539441572344789e-03 +9.9971415127074859e-01 +9.9999942407028963e-01 +9.9999061681481682e-01 +9.9999863369965047e-01 +9.9998337199947374e-01 +5.5622697388809228e-05 +6.3518001678268565e-05 +5.1625208342050854e-05 +1.0821513829616019e-04 +3.4821100016750122e-05
114.00000000 +5.0000000000000000e+00 +1.9999608667113196e+00 +1.9566802090878392e-03 +9.9970936716343539e-01 +9.9999810308848669e-01 +9.9999036605804714e-01 +9.9999939402120475e-01 +9.9997950954545178e-01 +5.9500887333479422e-05 +5.7160212998044287e-05 +5.4900719508588810e-05 +1.2133031103190575e-04 +3.0367993136182808e-05
114.50000000 +5.0000000000000000e+00 +1.9999635081861864e+00 +1.9594164712198750e-03 +9.9970458268844087e-01 +9.9999678200516040e-01 +9.9999011528200610e-01 +1.0000001544011938e+00 +9.9997564679458240e-01 +6.3379375335602175e-05 +5.0801935691340975e-05 +5.8176482413831687e-05 +1.3444649173142598e-04 +2.5914544013045735e-05
115.00000000 +5.0000000000000000e+00 +1.9999592642694475e+00 +1.9605460821065235e-03 +9.9970012261748775e-01 +9.9999976547358704e-01 +9.9999013533502490e-01 +9.9999974365389566e-01 +9.9997635372082849e-01 +7.0790583826095085e-05 +5.5874722579384721e-05 +5.2799903967620634e-05 +1.1959864805756217e-04 +3.4815338410620501e-05
115.50000000 +5.0000000000000000e+00 +1.9999550202247689e+00 +1.9616757270471937e-03 +9.9969566241207819e-01 +1.0000027490319554e+00 +9.9999015538864833e-01 +9.9999933289421528e-01 +9.9997706066838632e-01 +7.8202015739935784e-05 +6.0947662395123159e-05 +4.7423163435407335e-05 +1.0475035677047235e-04 +4.3716401137616172e-05
116.00000000 +5.0000000000000000e+00 +1.9999507760521444e+00 +1.9628054060434230e-03 +9.9969120207220619e-01 +1.0000057326802696e+00 +9.9999017544287616e-01 +9.9999892212215125e-01 +9.9997776763725643e-01 +8.5613671087227653e-05 +6.6020755145471756e-05 +4.2046260809862101e-05 +8.9901617849915102e-05 +5.2617732206166766e-05
116.50000000 +5.0000000000000000e+00 +1.9999465317515681e+00 +1.9639351190967537e-03 +9.9968674159786552e-01 +1.0000087164185334e+00 +9.9999019549770873e-01 +9.9999851133770368e-01 +9.9997847462744005e-01 +9.3025549878074644e-05 +7.1094000837346449e-05 +3.6669196083654892e-05 +7.5052431275647802e-05 +6.1519331628407100e-05
117.00000000 +5.0000000000000000e+00 +1.9999422873230348e+00 +1.9650648662087248e-03 +9.9968228098905054e-01 +1.0000117002467515e+00 +9.9999021555314582e-01 +9.9999810054087157e-01 +9.9997918163893817e-01 +1.0043765212258136e-04 +7.6167399477663559e-05 +3.1291969249455167e-05 +6.0202797027426680e-05 +7.0421199416472642e-05
117.50000000 +5.0000000000000000e+00 +1.9999380427665383e+00 +1.9661946473808769e-03 +9.9967782024575502e-01 +1.0000146841649271e+00 +9.9999023560918787e-01 +9.9999768973165493e-01 +9.9997988867175158e-01 +1.0784997783085297e-04 +8.1240951073339863e-05 +2.5914580299931957e-05 +4.5352715085006659e-05 +7.9323335582499668e-05
118.00000000 +5.0000000000000000e+00 +1.9999337980820724e+00 +1.9673244626147498e-03 +9.9967335936797230e-01 +1.0000176681730650e+00 +9.9999025566583399e-01 +9.9999727891005219e-01 +9.9998059572588105e-01 +1.1526252701299526e-04 +8.6314655631292462e-05 +2.0537029227753833e-05 +3.0502185428141466e-05 +8.8225740138625128e-05
118.50000000 +5.0000000000000000e+00 +1.9999295532696322e+00 +1.9684543119118840e-03 +9.9966889835569706e-01 +1.0000206522711688e+00 +9.9999027572308519e-01 +9.9999686807606403e-01 +9.9998130280132802e-01 +1.2267529967911471e-04 +9.1388513158439014e-05 +1.5159316025588961e-05 +1.5651208036583606e-05 +9.7128413096986749e-05
119.00000000 +5.0000000000000000e+00 +1.9999253083292114e+00 +1.9695841952738213e-03 +9.9966443720892306e-01 +1.0000236364592427e+00 +9.9999029578094123e-01 +9.9999645722968911e-01 +9.9998200989809327e-01 +1.3008829583931823e-04 +9.6462523661697486e-05 +9.7814406861050427e-06 +7.9978289008438918e-07 +1.0603135446972294e-04
119.50000000 +5.0000000000000000e+00 +1.9999210632608042e+00 +1.9707141127021004e-03 +9.9965997592764366e-01 +1.0000266207372908e+00 +9.9999031583940168e-01 +9.9999604637092676e-01 +9.9998271701617736e-01 +1.3750151550371353e-04 +1.0153668714798626e-04 +4.4034032019693370e-06 -1.4052090031606121e-05 +1.1493456426897285e-04
120.00000000 +5.0000000000000000e+00 +1.9999256954871556e+00 +1.9607341395801777e-03 +9.9968379601524571e-01 +1.0000239314116408e+00 +9.9999025708584821e-01 +9.9999673068963846e-01 +9.9998147080756605e-01 +1.2177303507280149e-04 +9.7184906727104163e-05 -2.5936114610781727e-06 +5.7874409742435894e-06 +1.0166219208578694e-04
120.50000000 +5.0000000000000000e+00 +1.9999303275263871e+00 +1.9507545696018636e-03 +9.9970761514062934e-01 +1.0000212421946266e+00 +9.9999019833466796e-01 +9.9999741498070671e-01 +9.9998022464929570e-01 +1.0604518999794592e-04 +9.2833302097523616e-05 -9.5903434778991259e-06 +2.5626170557079986e-05 +8.8390356043526217e-05
121.00000000 +5.0000000000000000e+00 +1.9999349593785098e+00 +1.9407754027427318e-03 +9.9973143330385239e-01 +1.0000185530862422e+00 +9.9999013958586114e-01 +9.9999809924413330e-01 +9.9997897854136308e-01 +9.0317980240649511e-05 +8.8481873248593182e-05 -1.6586792865619530e-05 +4.5464098765462629e-05 +7.5119056109705014e-05
121.50000000 +5.0000000000000000e+00 +1.9999395910435354e+00 +1.9307966389783566e-03 +9.9975525050497371e-01 +1.0000158640864805e+00 +9.9999008083942742e-01 +9.9999878347992022e-01 +9.9997773248376565e-01 +7.4591405762418109e-05 +8.4130620169662189e-05 -2.3582959641364005e-05 +6.5301225647947163e-05 +6.1848292251840277e-05
122.00000000 +5.0000000000000000e+00 +1.9999442225214750e+00 +1.9208182782843148e-03 +9.9977906674405081e-01 +1.0000131751953349e+00 +9.9999002209536658e-01 +9.9999946768806880e-01 +9.9997648647649973e-01 +5.8865466524760636e-05 +7.9779542850080910e-05 -3.0578843822255794e-05 +8.5137551253085248e-05 +4.8578064437451599e-05
122.50000000 +5.0000000000000000e+00 +1.9999488538123398e+00 +1.9108403206361856e-03 +9.9980288202114287e-01 +1.0000104864127990e+00 +9.9998996335367829e-01 +1.0000001518685808e+00 +9.9997524051956244e-01 +4.3140162489189147e-05 +7.5428641279200406e-05 -3.7574445425416742e-05 +1.0497307562942472e-04 +3.5308372634061162e-05
123.00000000 +5.0000000000000000e+00 +1.9999534849161413e+00 +1.9008627660095491e-03 +9.9982669633630727e-01 +1.0000077977388662e+00 +9.9998990461436266e-01 +1.0000008360214581e+00 +9.9997399461295089e-01 +2.7415493617218800e-05 +7.1077915446372635e-05 -4.4569764467967336e-05 +1.2480779882550943e-04 +2.2039216809193801e-05
123.50000000 +5.0000000000000000e+00 +1.9999581158328910e+00 +1.8908856143799886e-03 +9.9985050968960332e-01 +1.0000051091735300e+00 +9.9998984587741979e-01 +1.0000015201467021e+00 +9.9997274875666198e-01 +1.1691459870367844e-05 +6.6727365340950418e-05 -5.1564800967026655e-05 +1.4464172088987938e-04 +8.7705969303769466e-06
124.00000000 +5.0000000000000000e+00 +1.9999627465626000e+00 +1.8809088657230888e-03 +9.9987432208108851e-01 +1.0000024207167837e+00 +9.9998978714284925e-01 +1.0000022042443149e+00 +9.9997150295069259e-01 -4.0319387898423153e-06 +6.2376990952287432e-05 -5.8559554939712407e-05 +1.6447484187107048e-04 -4.4974870348593013e-06
124.50000000 +5.0000000000000000e+00 +1.9999673771052797e+00 +1.8709325200144361e-03 +9.9989813351082135e-01 +9.9999973236862083e-01 +9.9998972841065070e-01 +1.0000028883142973e+00 +9.9997025719503974e-01 -1.9754702401887214e-05 +5.8026792269738221e-05 -6.5554026403140921e-05 +1.8430716181761490e-04 -1.7765035118982260e-05
125.00000000 +5.0000000000000000e+00 +1.9999679053895254e+00 +1.8756143207893973e-03 +9.9988516794749505e-01 +1.0000011131197151e+00 +9.9999150323845054e-01 +1.0000024093647344e+00 +9.9997435631793419e-01 -1.5791882274496300e-07 +4.9745670290397323e-05 -6.1391813801200468e-05 +1.7585786346549479e-04 -1.8603799563100209e-05
125.50000000 +5.0000000000000000e+00 +1.9999684336912982e+00 +1.8802962768873497e-03 +9.9987220195402471e-01 +1.0000024939166177e+00 +9.9999327812513217e-01 +1.0000019303992818e+00 +9.9997845557682097e-01 +1.9439514897483535e-05 +4.1464273577316733e-05 -5.7229463114078293e-05 +1.6740828480023114e-04 -1.9442591833990064e-05
126.00000000 +5.0000000000000000e+00 +1.9999689620105978e+00 +1.8849783883160228e-03 +9.9985923553038825e-01 +1.0000038747593296e+00 +9.9999505307069825e-01 +1.0000014514179389e+00 +9.9998255497170641e-01 +3.9037598791152363e-05 +3.3182602116824378e-05 -5.3066974334902578e-05 +1.5895842580787421e-04 -2.0281411933036616e-05
126.50000000 +5.0000000000000000e+00 +1.9999694903474257e+00 +1.8896606550831462e-03 +9.9984626867656490e-01 +1.0000052556478540e+00 +9.9999682807515144e-01 +1.0000009724207048e+00 +9.9998665450259749e-01 +5.8636332890617699e-05 +2.4900655895247334e-05 -4.8904347456801135e-05 +1.5050828647447339e-04 -2.1120259861624753e-05
127.00000000 +5.0000000000000000e+00 +1.9999700187017817e+00 +1.8943430771964514e-03 +9.9983330139253279e-01 +1.0000066365821929e+00 +9.9999860313849509e-01 +1.0000004934075786e+00 +9.9999075416950101e-01 +7.8235717228237941e-05 +1.6618434898911736e-05 -4.4741582472901269e-05 +1.4205786678607714e-04 -2.1959135621139442e-05
127.50000000 +5.0000000000000000e+00 +1.9999705470736677e+00 +1.8990256546636691e-03 +9.9982033367827083e-01 +1.0000080175623485e+00 +1.0000003782607316e+00 +1.0000000143785597e+00 +9.9999485397242371e-01 +9.7835751836373568e-05 +8.3359391141428372e-06 -4.0578679376329855e-05 +1.3360716672873303e-04 -2.2798039212965754e-05
128.00000000 +5.0000000000000000e+00 +1.9999710754630853e+00 +1.9037083874925312e-03 +9.9980736553375738e-01 +1.0000093985883232e+00 +1.0000021534418650e+00 +9.9999953533364727e-01 +9.9999895391137250e-01 +1.1743643674738727e-04 +5.3168527264959710e-08 -3.6415638160213315e-05 +1.2515618628848767e-04 -2.3636970638488854e-05
128.50000000 +5.0000000000000000e+00 +1.9999716038700335e+00 +1.9083912756907696e-03 +9.9979439695897132e-01 +1.0000107796601190e+00 +1.0000039286818971e+00 +9.9999905627284058e-01 +1.0000030539863538e+00 +1.3703777199364383e-04 -8.2298768753984814e-06 -3.2252458817677579e-05 +1.1670492545138660e-04 -2.4475929899093981e-05
129.00000000 +5.0000000000000000e+00 +1.9999721322945145e+00 +1.9130743192661171e-03 +9.9978142795389102e-01 +1.0000121607777390e+00 +1.0000057039808314e+00 +9.9999857719613894e-01 +1.0000071541973750e+00 +1.5663975760751020e-04 -1.6513197107524949e-05 -2.8089141341848166e-05 +1.0825338420347471e-04 -2.5314916996166485e-05
129.50000000 +5.0000000000000000e+00 +1.9999726607365289e+00 +1.9177575182263069e-03 +9.9976845851849494e-01 +1.0000135419411844e+00 +1.0000074793386704e+00 +9.9999809810354101e-01 +1.0000112545444422e+00 +1.7624239362135549e-04 -2.4796792182792838e-05 -2.3925685725850101e-05 +9.9801562530795764e-05 -2.6153931931091787e-05
130.00000000 +5.0000000000000000e+00 +1.9999716574766393e+00 +1.9163808332807299e-03 +9.9977265499563639e-01 +1.0000096965005707e+00 +1.0000035457859364e+00 +9.9999817264857993e-01 +1.0000105609001260e+00 +1.5767200205764586e-04 -1.8250816519640028e-05 -1.2088257250452070e-05 +9.2287217088257533e-05 -1.4250981947814096e-05
130.50000000 +5.0000000000000000e+00 +1.9999706543750093e+00 +1.9150043655012492e-03 +9.9977685081080192e-01 +1.0000058516665584e+00 +9.9999961285370320e-01 +9.9999824718185970e-01 +1.0000098673652296e+00 +1.3910453989288984e-04 -1.1705873455837195e-05 -2.5269607819998828e-07 +8.4774057001213874e-05 -2.3499096034168409e-06
131.00000000 +5.0000000000000000e+00 +1.9999696514316023e+00 +1.9136281148364831e-03 +9.9978104596414774e-01 +1.0000020074390046e+00 +9.9999568054182431e-01 +9.9999832170338299e-01 +1.0000091739397268e+00 +1.2054000643399196e-04 -5.1619627470714849e-06 +1.1580998232709801e-05 +7.7262081989209794e-05 +9.5492855463490505e-06
131.50000000 +5.0000000000000000e+00 +1.9999686486463801e+00 +1.9122520812350666e-03 +9.9978524045583095e-01 +9.9999816381776507e-01 +9.9999174885015252e-01 +9.9999839621315278e-01 +1.0000084806235912e+00 +1.0197840098807553e-04 +1.3809158508928840e-06 +2.3412826123941566e-05 +6.9751291771878891e-05 +2.1446603945592536e-05
132.00000000 +5.0000000000000000e+00 +1.9999676460193054e+00 +1.9108762646456497e-03 +9.9978943428600742e-01 +9.9999432080269657e-01 +9.9998781777854162e-01 +9.9999847071117176e-01 +1.0000077874167974e+00 +8.3419722862482364e-05 +7.9227625822146650e-06 +3.5242788037020281e-05 +6.2241686068943074e-05 +3.3342046038282460e-05
132.50000000 +5.0000000000000000e+00 +1.9999666435503411e+00 +1.9095006650169007e-03 +9.9979362745483402e-01 +9.9999047839365596e-01 +9.9998388732684462e-01 +9.9999854519744269e-01 +1.0000070943193198e+00 +6.4863971364772762e-05 +1.4463577690975602e-05 +4.7070884413331688e-05 +5.4733264600212745e-05 +4.5235612268247674e-05
133.00000000 +5.0000000000000000e+00 +1.9999656412394495e+00 +1.9081252822975023e-03 +9.9979781996246708e-01 +9.9998663659050002e-01 +9.9997995749491486e-01 +9.9999861967196835e-01 +1.0000064013311321e+00 +4.6311145802725373e-05 +2.1003361421180461e-05 +5.8897115694122294e-05 +4.7226027085586606e-05 +5.7127303079177068e-05
133.50000000 +5.0000000000000000e+00 +1.9999646390865937e+00 +1.9067501164361546e-03 +9.9980201180906347e-01 +9.9998279539308543e-01 +9.9997602828260601e-01 +9.9999869413475151e-01 +1.0000057084522085e+00 +2.7761245484337099e-05 +2.7542114016757080e-05 +7.0721482320499488e-05 +3.9719973245051719e-05 +6.9017118914619600e-05
134.00000000 +5.0000000000000000e+00 +1.9999636370917353e+00 +1.9053751673815727e-03 +9.9980620299477874e-01 +9.9997895480126842e-01 +9.9997209968977130e-01 +9.9999876858579506e-01 +1.0000050156825235e+00 +9.2142697178231138e-06 +3.4079835721556354e-05 +8.2543984733431556e-05 +3.2215102798683434e-05 +8.0905060217984338e-05
134.50000000 +5.0000000000000000e+00 +1.9999626352548379e+00 +1.9040004350824884e-03 +9.9981039351976941e-01 +9.9997511481490620e-01 +9.9996817171626429e-01 +9.9999884302510167e-01 +1.0000043230220506e+00 -9.3297821883833402e-06 +4.0616526779352302e-05 +9.4364623373747729e-05 +2.4711415466645351e-05 +9.2791127432540580e-05
135.00000000 +5.0000000000000000e+00 +1.9999583662344813e+00 +1.9147750561588856e-03 +9.9978217592135188e-01 +9.9998077744396807e-01 +9.9996779543354652e-01 +9.9999669228214372e-01 +9.9999960495758744e-01 -6.5537644526585360e-06 +5.0816790536856445e-05 +9.7684201266234753e-05 +3.2158016907743339e-05 +9.8848724121323436e-05
135.50000000 +5.0000000000000000e+00 +1.9999540977926775e+00 +1.9255482170207501e-03 +9.9975396214708234e-01 +9.9998643930561015e-01 +9.9996741920182408e-01 +9.9999454183066205e-01 +9.9999488753253252e-01 -3.7781229326177831e-06 +6.1015671918751925e-05 +1.0100332927785410e-04 +3.9603609159231704e-05 +1.0490549986330442e-04
136.00000000 +5.0000000000000000e+00 +1.9999498299293093e+00 +1.9363199179649035e-03 +9.9972575219618387e-01 +9.9999210039998920e-01 +9.9996704302108652e-01 +9.9999239167059761e-01 +9.9999017074675678e-01 -1.0028575517871575e-06 +7.1213171206036338e-05 +1.0432200750005378e-04 +4.7048192426249930e-05 +1.1096145482535869e-04
136.50000000 +5.0000000000000000e+00 +1.9999455626442570e+00 +1.9470901592880832e-03 +9.9969754606787864e-01 +9.9999776072726043e-01 +9.9996666689132274e-01 +9.9999024180189022e-01 +9.9998545460012911e-01 +1.7720317662865432e-06 +8.1409288679631028e-05 +1.0764023602425687e-04 +5.4491766913881884e-05 +1.1701658917431600e-04
137.00000000 +5.0000000000000000e+00 +1.9999412959374065e+00 +1.9578589412869510e-03 +9.9966934376139061e-01 +1.0000034202875805e+00 +9.9996629081252397e-01 +9.9998809222448226e-01 +9.9998073909252094e-01 +4.5465450980358010e-06 +9.1604024620381376e-05 +1.1095801494186189e-04 +6.1934332827155939e-05 +1.2307090307696117e-04
137.50000000 +5.0000000000000000e+00 +1.9999370298086372e+00 +1.9686262642580840e-03 +9.9964114527594261e-01 +1.0000090790811049e+00 +9.9996591478467844e-01 +9.9998594293831322e-01 +9.9997602422380183e-01 +7.3206825198723879e-06 +1.0179737930905650e-04 +1.1427534434424241e-04 +6.9375890371044802e-05 +1.2912439670003355e-04
138.00000000 +5.0000000000000000e+00 +1.9999327642578333e+00 +1.9793921284979804e-03 +9.9961295061075794e-01 +1.0000147371079893e+00 +9.9996553880777606e-01 +9.9998379394332415e-01 +9.9997130999384143e-01 +1.0094444108187369e-05 +1.1198935302634949e-04 +1.1759222432274729e-04 +7.6816439750465701e-05 +1.3517707021022736e-04
138.50000000 +5.0000000000000000e+00 +1.9999284992848767e+00 +1.9901565343030596e-03 +9.9958475976506078e-01 +1.0000203943683896e+00 +9.9996516288180715e-01 +9.9998164523945632e-01 +9.9996659640251062e-01 +1.2867829939351126e-05 +1.2217994605287743e-04 +1.2090865496870070e-04 +8.4255981170280344e-05 +1.4122892377419185e-04
139.00000000 +5.0000000000000000e+00 +1.9999242348896507e+00 +2.0009194819696581e-03 +9.9955657273807486e-01 +1.0000260508624614e+00 +9.9996478700676039e-01 +9.9997949682665055e-01 +9.9996188344967962e-01 +1.5640840089713326e-05 +1.3236915866918138e-04 +1.2422463637340198e-04 +9.1694514835294940e-05 +1.4727995755853095e-04
139.50000000 +5.0000000000000000e+00 +1.9999199710720370e+00 +2.0116809717940338e-03 +9.9952838952902390e-01 +1.0000317065903610e+00 +9.9996441118262636e-01 +9.9997734870484722e-01 +9.9995717113521831e-01 +1.8413474635602971e-05 +1.4255699115572632e-04 +1.2754016862812586e-04 +9.9132040950260177e-05 +1.5333017172980344e-04
140.00000000 +5.0000000000000000e+00 +1.9999235906774393e+00 +1.9919926714298927e-03 +9.9958460090429602e-01 +1.0000293375857379e+00 +9.9996963580651266e-01 +9.9997722512812082e-01 +9.9996137570195953e-01 +3.6446179978878585e-05 +1.2956816938024956e-04 +1.0431008991787818e-04 +7.8980590216971386e-05 +1.2851983444500491e-04
140.50000000 +5.0000000000000000e+00 +1.9999272106746209e+00 +1.9723022400374925e-03 +9.9964081836379248e-01 +1.0000269683246978e+00 +9.9997486099590371e-01 +9.9997710153801889e-01 +9.9996558072379615e-01 +5.4480837151615153e-05 +1.1657794171671986e-04 +8.1077496823285850e-05 +5.8826958324811897e-05 +1.0370681173135214e-04
141.00000000 +5.0000000000000000e+00 +1.9999308310636472e+00 +1.9526096772708250e-03 +9.9969704190850039e-01 +1.0000245988071990e+00 +9.9998008675089067e-01 +9.9997697793453899e-01 +9.9996978620080168e-01 +7.2517446470723900e-05 +1.0358630793686842e-04 +5.7842388936097710e-05 +3.8671144919635133e-05 +7.8891103152822127e-05
141.50000000 +5.0000000000000000e+00 +1.9999344518445796e+00 +1.9329149827838094e-03 +9.9975327153940874e-01 +1.0000222290331999e+00 +9.9998531307156624e-01 +9.9997685431767891e-01 +9.9997399213305038e-01 +9.0556008253184680e-05 +9.0593267812377098e-05 +3.4604765847974233e-05 +1.8513149647217843e-05 +5.4072708273297501e-05
142.00000000 +5.0000000000000000e+00 +1.9999380730174834e+00 +1.9132181562302871e-03 +9.9980950725750484e-01 +1.0000198590026588e+00 +9.9999053995802123e-01 +9.9997673068743675e-01 +9.9997819852061576e-01 +1.0859652281604588e-04 +7.7598821114878265e-05 +1.1364627150487478e-05 -1.6470278467399149e-06 +2.9251626656566406e-05
142.50000000 +5.0000000000000000e+00 +1.9999416945824215e+00 +1.8935191972640280e-03 +9.9986574906377790e-01 +1.0000174887155342e+00 +9.9999576741034812e-01 +9.9997660704380986e-01 +9.9998240536357208e-01 +1.2663899047642472e-04 +6.4602967615954839e-05 -1.1878027564878928e-05 -2.1809387916614796e-05 +4.4278578663225889e-06
143.00000000 +5.0000000000000000e+00 +1.9999453165394578e+00 +1.8738181055387244e-03 +9.9992199695921669e-01 +1.0000151181717842e+00 +1.0000009954286391e+00 +9.9997648338679668e-01 +9.9998661266199318e-01 +1.4468341155150690e-04 +5.1605707087140309e-05 -3.5123198706729818e-05 -4.1973930916860185e-05 -2.0398598533834708e-05
143.50000000 +5.0000000000000000e+00 +1.9999489388886560e+00 +1.8541148807079946e-03 +9.9997825094480941e-01 +1.0000127473713674e+00 +1.0000062240129854e+00 +9.9997635971639476e-01 +9.9999082041595311e-01 +1.6272978635854690e-04 +3.8607039299918671e-05 -5.8370886683758526e-05 -6.2140657202006274e-05 -4.5227742980400747e-05
144.00000000 +5.0000000000000000e+00 +1.9999525616300797e+00 +1.8344095224253816e-03 +1.0000345110215461e+00 +1.0000103763142414e+00 +1.0000114531634792e+00 +9.9997623603260155e-01 +9.9999502862552558e-01 +1.8077811521486782e-04 +2.5606964025724440e-05 -8.1621091904746817e-05 -8.2309567126659912e-05 -7.0059575909965240e-05
144.50000000 +5.0000000000000000e+00 +1.9999561847637928e+00 +1.8147020303443538e-03 +1.0000907771904155e+00 +1.0000080050003655e+00 +1.0000166828802128e+00 +9.9997611233541550e-01 +9.9999923729078510e-01 +1.9882839843786168e-04 +1.2605481035942645e-05 -1.0487381477856510e-04 -1.0248066104550486e-04 -9.4894097759212607e-05
145.00000000 +5.0000000000000000e+00 +1.9999574284859434e+00 +1.8334190381829034e-03 +1.0000328270597774e+00 +1.0000079086755960e+00 +1.0000117968373348e+00 +9.9998423434883998e-01 +9.9999861613248808e-01 +1.9025882444912164e-04 +1.6331846453088323e-05 -8.5012884327701391e-05 -9.5275926264194304e-05 -6.1684911084458041e-05
145.50000000 +5.0000000000000000e+00 +1.9999586719437124e+00 +1.8521320672904118e-03 +9.9997488924777445e-01 +1.0000078123713028e+00 +1.0000069118330979e+00 +9.9999235463574376e-01 +9.9999799510623277e-01 +1.8169107212067786e-04 +2.0057419745451770e-05 -6.5156175774973594e-05 -8.8072723015176205e-05 -2.8482783787090897e-05
146.00000000 +5.0000000000000000e+00 +1.9999599151371832e+00 +1.8708411189353991e-03 +9.9991696375047845e-01 +1.0000077160874787e+00 +1.0000020278671704e+00 +1.0000004731966763e+00 +9.9999737421197643e-01 +1.7312514087173823e-04 +2.3782201165582680e-05 -4.5303687774332268e-05 -8.0871050810158671e-05 +4.7122863835995037e-06
146.50000000 +5.0000000000000000e+00 +1.9999611580664414e+00 +1.8895461943858488e-03 +9.9985905056396385e-01 +1.0000076198241177e+00 +9.9999714493922187e-01 +1.0000085900321891e+00 +9.9999675344967787e-01 +1.6456103012175760e-04 +2.7506190965923414e-05 -2.5455418980300100e-05 -7.3670909161057573e-05 +3.7900301677367108e-05
147.00000000 +5.0000000000000000e+00 +1.9999624007315706e+00 +1.9082472949092041e-03 +9.9980114968430644e-01 +1.0000075235812134e+00 +9.9999226304892119e-01 +1.0000167051428315e+00 +9.9999613281929411e-01 +1.5599873929043759e-04 +3.1229389398809037e-05 -5.6113680479716654e-06 -6.6472297579996069e-05 +7.1081264343009646e-05
147.50000000 +5.0000000000000000e+00 +1.9999636431326544e+00 +1.9269444217723697e-03 +9.9974326110758394e-01 +1.0000074273587587e+00 +9.9998738219593775e-01 +1.0000248185291529e+00 +9.9999551232078387e-01 +1.4743826779772636e-04 +3.4951796716467381e-05 +1.4228466366986967e-05 -5.9275215579304703e-05 +1.0425517662836928e-04
148.00000000 +5.0000000000000000e+00 +1.9999648852697784e+00 +1.9456375762417122e-03 +9.9968538482987568e-01 +1.0000073311567479e+00 +9.9998250237994124e-01 +1.0000329301917037e+00 +9.9999489195410496e-01 +1.3887961506381857e-04 +3.8673413171019107e-05 +3.4064085608338484e-05 -5.2079662671521220e-05 +1.3742204078033299e-04
148.50000000 +5.0000000000000000e+00 +1.9999661271430251e+00 +1.9643267595830598e-03 +9.9962752084726214e-01 +1.0000072349751736e+00 +9.9997762360060027e-01 +1.0000410401310327e+00 +9.9999427171921496e-01 +1.3032278050915518e-04 +4.2394239014477733e-05 +5.3895491019274656e-05 -4.4885638369390485e-05 +1.7058185904483307e-04
149.00000000 +5.0000000000000000e+00 +1.9999673687524788e+00 +1.9830119730617031e-03 +9.9956966915582546e-01 +1.0000071388140295e+00 +9.9997274585758544e-01 +1.0000491483476890e+00 +9.9999365161607201e-01 +1.2176776355442334e-04 +4.6114274498749739e-05 +7.3722683942416519e-05 -3.7693142185864367e-05 +2.0373463366684766e-04
149.50000000 +5.0000000000000000e+00 +1.9999686100982255e+00 +2.0016932179423965e-03 +9.9951182975165087e-01 +1.0000070426733099e+00 +9.9996786915056646e-01 +1.0000572548422213e+00 +9.9999303164463460e-01 +1.1321456362055652e-04 +4.9833519875634595e-05 +9.3545665719814981e-05 -3.0502173634101645e-05 +2.3688036689040136e-04
150.00000000 +5.0000000000000000e+00 +1.9999611858610336e+00 +1.9922612338202435e-03 +9.9954567612319156e-01 +1.0000106860768188e+00 +9.9996911867982330e-01 +1.0000381361165451e+00 +9.9999027015640163e-01 +1.1641772199931978e-04 +4.7510202219053674e-05 +7.5811110077211882e-05 -2.8886706968818469e-05 +2.3526052540189462e-04
150.50000000 +5.0000000000000000e+00 +1.9999537609076306e+00 +1.9828283398014507e-03 +9.9957952575986708e-01 +1.0000143298318040e+00 +9.9997036832962105e-01 +1.0000190155464994e+00 +9.9998750840176964e-01 +1.1962118938443928e-04 +4.5186660433710267e-05 +5.8074843594940241e-05 -2.7271084460642480e-05 +2.3364052764845899e-04
151.00000000 +5.0000000000000000e+00 +1.9999463352379134e+00 +1.9733945357543461e-03 +9.9961337866214994e-01 +1.0000179739383168e+00 +9.9997161809997792e-01 +9.9999989313181714e-01 +9.9998474638070067e-01 +1.2282496582063164e-04 +4.2862894487170494e-05 +4.0336866025422912e-05 -2.5655306087021503e-05 +2.3202037360748137e-04
151.50000000 +5.0000000000000000e+00 +1.9999389088517783e+00 +1.9639598215472321e-03 +9.9964723483051265e-01 +1.0000216183964079e+00 +9.9997286799091056e-01 +9.9998076887223153e-01 +9.9998198409315553e-01 +1.2602905135262207e-04 +4.0538904346994226e-05 +2.2597177121035019e-05 -2.4039371825399034e-05 +2.3040006325634403e-04
152.00000000 +5.0000000000000000e+00 +1.9999314817491216e+00 +1.9545241970483863e-03 +9.9968109426542806e-01 +1.0000252632061277e+00 +9.9997411800243674e-01 +9.9996164276747568e-01 +9.9997922153909591e-01 +1.2923344602514436e-04 +3.8214689980735074e-05 +4.8557766341038749e-06 -2.2423281653214201e-05 +2.2877959657242509e-04
152.50000000 +5.0000000000000000e+00 +1.9999240539298389e+00 +1.9450876621260598e-03 +9.9971495696736878e-01 +1.0000289083675276e+00 +9.9997536813457366e-01 +9.9994251481728202e-01 +9.9997645871848362e-01 +1.3243814988294107e-04 +3.5890251355940385e-05 -1.2887335683090998e-05 -2.0807035547901780e-05 +2.2715897353309814e-04
153.00000000 +5.0000000000000000e+00 +1.9999166253938274e+00 +1.9356502166484801e-03 +9.9974882293680767e-01 +1.0000325538806585e+00 +9.9997661838733931e-01 +9.9992338502138400e-01 +9.9997369563127947e-01 +1.3564316297076323e-04 +3.3565588440151248e-05 -3.0632160078317884e-05 -1.9190633486892200e-05 +2.2553819411573258e-04
153.50000000 +5.0000000000000000e+00 +1.9999091961409829e+00 +1.9262118604838475e-03 +9.9978269217421811e-01 +1.0000361997455713e+00 +9.9997786876075101e-01 +9.9990425337951461e-01 +9.9997093227744527e-01 +1.3884848533337067e-04 +3.1240701200902476e-05 -4.8378696799392915e-05 -1.7574075447611529e-05 +2.2391725829769334e-04
154.00000000 +5.0000000000000000e+00 +1.9999017661712011e+00 +1.9167725935003374e-03 +9.9981656468007218e-01 +1.0000398459623165e+00 +9.9997911925482541e-01 +9.9988511989140583e-01 +9.9996816865694216e-01 +1.4205411701553164e-04 +2.8915589605722627e-05 -6.6126946094179965e-05 -1.5957361407481470e-05 +2.2229616605634082e-04
154.50000000 +5.0000000000000000e+00 +1.9998943354843801e+00 +1.9073324155661003e-03 +9.9985044045484417e-01 +1.0000434925309458e+00 +9.9998036986958128e-01 +9.9986598455679099e-01 +9.9996540476973195e-01 +1.4526005806202337e-04 +2.6590253622134004e-05 -8.3876908210590848e-05 -1.4340491343919391e-05 +2.2067491736903148e-04
155.00000000 +5.0000000000000000e+00 +1.9999008343205935e+00 +1.8862724118670353e-03 +9.9989700119960545e-01 +1.0000310737821541e+00 +9.9998733267009721e-01 +9.9987793952415194e-01 +9.9996818073940419e-01 +1.4321983597305116e-04 +3.1198034157769320e-05 -4.4332292257719329e-05 -4.3117486093946176e-05 +1.5150400228029675e-04
155.50000000 +5.0000000000000000e+00 +1.9999073323511083e+00 +1.8652150191014977e-03 +9.9994355617195563e-01 +1.0000186565729885e+00 +9.9999429460739386e-01 +9.9988989300938480e-01 +9.9997095636492339e-01 +1.4117986682250818e-04 +3.5805243439531243e-05 -4.7925788853550695e-06 -7.1890913189309508e-05 +8.2341662720033205e-05
156.00000000 +5.0000000000000000e+00 +1.9999138295760734e+00 +1.8441602367839781e-03 +9.9999010537296729e-01 +1.0000062409031623e+00 +1.0000012556816309e+00 +9.9990184501276502e-01 +9.9997373164635284e-01 +1.3914015056335998e-04 +4.0411881573645738e-05 +3.4742232818148367e-05 -1.0066077329342319e-04 +1.3187897093600955e-05
156.50000000 +5.0000000000000000e+00 +1.9999203259956386e+00 +1.8231080644290879e-03 +1.0000366488037138e+00 +9.9999382677238968e-01 +1.0000082158929695e+00 +9.9991379553456794e-01 +9.9997650658375692e-01 +1.3710068714858364e-04 +4.5017948666312518e-05 +7.4272143764211429e-05 -1.2942706706953660e-04 -5.5957296193244471e-05
157.00000000 +5.0000000000000000e+00 +1.9999268216099539e+00 +1.8020585015515584e-03 +1.0000831864652684e+00 +9.9998141418038444e-01 +1.0000151752415698e+00 +9.9992574457506955e-01 +9.9997928117719959e-01 +1.3506147653116803e-04 +4.9623444823704911e-05 +1.1379715486402859e-04 -1.5818979518073467e-04 -1.2509391873435230e-04
157.50000000 +5.0000000000000000e+00 +1.9999333164191699e+00 +1.7810115476662408e-03 +1.0001297183587032e+00 +9.9996900312686021e-01 +1.0000221337275927e+00 +9.9993769213454520e-01 +9.9998205542674479e-01 +1.3302251866411361e-04 +5.4228370151969951e-05 +1.5331726702856846e-04 -1.8694895828993795e-04 -1.9422197212317670e-04
158.00000000 +5.0000000000000000e+00 +1.9999398104234341e+00 +1.7599672022881076e-03 +1.0001762444850906e+00 +9.9995659361153089e-01 +1.0000290913511973e+00 +9.9994963821326954e-01 +9.9998482933245614e-01 +1.3098381350043248e-04 +5.8832724757228335e-05 +1.9283248116857383e-04 -2.1570455705990265e-04 -2.6334145795277677e-04
158.50000000 +5.0000000000000000e+00 +1.9999463036228982e+00 +1.7389254649322514e-03 +1.0002227648455029e+00 +9.9994418563411114e-01 +1.0000360481125454e+00 +9.9996158281151859e-01 +9.9998760289439825e-01 +1.2894536099314845e-04 +6.3436508745574511e-05 +2.3234279819456190e-04 -2.4445659215322082e-04 -3.3245237781581705e-04
159.00000000 +5.0000000000000000e+00 +1.9999527960177106e+00 +1.7178863351138835e-03 +1.0002692794410115e+00 +9.9993177919431464e-01 +1.0000430040117962e+00 +9.9997352592956723e-01 +9.9999037611263408e-01 +1.2690716109529690e-04 +6.8039722223076554e-05 +2.7184821901682382e-04 -2.7320506423232014e-04 -4.0155473330456674e-04
159.50000000 +5.0000000000000000e+00 +1.9999592876080217e+00 +1.6968498123483375e-03 +1.0003157882726887e+00 +9.9991937429185551e-01 +1.0000499590491108e+00 +9.9998546756769058e-01 +9.9999314898722824e-01 +1.2486921375992491e-04 +7.2642365295776348e-05 +3.1134874454542556e-04 -3.0194997395946416e-04 -4.7064852601090123e-04
160.00000000 +5.0000000000000000e+00 +1.9999663017143086e+00 +1.7191993568763954e-03 +1.0002633248127937e+00 +9.9993947837002206e-01 +1.0000470086190187e+00 +9.9998999598241656e-01 +1.0000030451759265e+00 +1.1649006140840846e-04 +5.2484179620552679e-05 +2.9388067833476721e-04 -2.4688912922784666e-04 -4.5881875776285615e-04
160.50000000 +5.0000000000000000e+00 +1.9999733168193907e+00 +1.7415520839356125e-03 +1.0002108538822052e+00 +9.9995958531096973e-01 +1.0000440577687915e+00 +9.9999452504197972e-01 +1.0000129427738220e+00 +1.0810971588208646e-04 +3.2323123459358041e-05 +2.7641012470585577e-04 -1.9182044394029321e-04 -4.4698730497909236e-04
161.00000000 +5.0000000000000000e+00 +1.9999803329234804e+00 +1.7639079942058163e-03 +1.0001583754793275e+00 +9.9997969511530993e-01 +1.0000411064983386e+00 +9.9999905474651807e-01 +1.0000228417812169e+00 +9.9728176926082107e-05 +1.2159196199021439e-05 +2.5893708312734809e-04 -1.3674391642196505e-04 -4.3515416729977217e-04
161.50000000 +5.0000000000000000e+00 +1.9999873500267931e+00 +1.7862670883670290e-03 +1.0001058896025643e+00 +9.9999980778365494e-01 +1.0000381548075716e+00 +1.0000035850961697e+00 +1.0000327421984114e+00 +9.1345444285446107e-05 -8.0076027738027662e-06 +2.4146155306775012e-04 -8.1659544997546372e-05 -4.2331934436495589e-04
162.00000000 +5.0000000000000000e+00 +1.9999943681295400e+00 +1.8086293670994645e-03 +1.0000533962503186e+00 +1.0000199233166160e+00 +1.0000352026963992e+00 +1.0000081160910714e+00 +1.0000426440257073e+00 +8.2961517705156380e-05 -2.8177274072634916e-05 +2.2398353399541581e-04 -2.6567327991243911e-05 -4.1148283581460081e-04
162.50000000 +5.0000000000000000e+00 +2.0000013872319360e+00 +1.8309948310835319e-03 +1.0000008954209938e+00 +1.0000400417148054e+00 +1.0000322501647323e+00 +1.0000126477313620e+00 +1.0000525472634054e+00 +7.4576396930118371e-05 -4.8349818311170169e-05 +2.0650302537854800e-04 +2.8532736273212829e-05 -3.9964464128856196e-04
163.00000000 +5.0000000000000000e+00 +2.0000084073341937e+00 +1.8533634809998339e-03 +9.9994838711299150e-01 +1.0000601629788353e+00 +1.0000292972124809e+00 +1.0000171800171791e+00 +1.0000624519118071e+00 +6.6190081705164703e-05 -6.8525236103278461e-05 +1.8902002668519797e-04 +8.3640649472571906e-05 -3.8780476042659154e-04
163.50000000 +5.0000000000000000e+00 +2.0000154284365279e+00 +1.8757353175291678e-03 +9.9989587132471414e-01 +1.0000802871093180e+00 +1.0000263438395556e+00 +1.0000217129486604e+00 +1.0000723579712141e+00 +5.7802571775055403e-05 -8.8703528063004749e-05 +1.7153453738326537e-04 +1.3875641328405924e-04 -3.7596319286833929e-04
164.00000000 +5.0000000000000000e+00 +2.0000224505391517e+00 +1.8981103413525228e-03 +9.9984334805456276e-01 +1.0001004141068663e+00 +1.0000233900458657e+00 +1.0000262465259440e+00 +1.0000822654419281e+00 +4.9413866884477724e-05 -1.0888469480456876e-04 +1.5404655694049838e-04 +1.9388002938537842e-04 -3.6411993825335239e-04
164.50000000 +5.0000000000000000e+00 +2.0000294736422788e+00 +1.9204885531510841e-03 +9.9979081730093855e-01 +1.0001205439720928e+00 +1.0000204358313216e+00 +1.0000307807491684e+00 +1.0000921743242503e+00 +4.1023966778046179e-05 -1.2906873694236545e-04 +1.3655608482449337e-04 +2.4901149945471136e-04 -3.5227499622107489e-04
165.00000000 +5.0000000000000000e+00 +2.0000426789607197e+00 +1.8894628789687779e-03 +9.9986803079359710e-01 +1.0001011458855955e+00 +1.0000343200154682e+00 +1.0000258753199718e+00 +1.0000885174261549e+00 +6.9241486949168837e-05 -1.5413156685382479e-04 +1.0040571233990798e-04 +2.1995985863371395e-04 -3.5336493450702331e-04
165.50000000 +5.0000000000000000e+00 +2.0000558821845402e+00 +1.8584421260611948e-03 +9.9994523203869534e-01 +1.0000817508760114e+00 +1.0000482019973131e+00 +1.0000209706688719e+00 +1.0000848611081141e+00 +9.7454531273353902e-05 -1.7919042131351421e-04 +6.4261074006764516e-05 +1.9091282596739534e-04 -3.5445469990758315e-04
166.00000000 +5.0000000000000000e+00 +2.0000690833142394e+00 +1.8274262932575134e-03 +1.0000224210391473e+00 +1.0000623589426083e+00 +1.0000620817773807e+00 +1.0000160667956828e+00 +1.0000812053699908e+00 +1.2566310081545137e-04 -2.0424530126723455e-04 +2.8122168460849453e-05 +1.6187040035942814e-04 -3.5554429246388569e-04
166.50000000 +5.0000000000000000e+00 +2.0000822823503146e+00 +1.7964153793872829e-03 +1.0000995977978657e+00 +1.0000429700846549e+00 +1.0000759593561945e+00 +1.0000111637002200e+00 +1.0000775502116463e+00 +1.5386719663997342e-04 -2.2929620766048669e-04 -8.0110056616180386e-06 +1.3283258071383283e-04 -3.5663371221704893e-04
167.00000000 +5.0000000000000000e+00 +2.0000954792932646e+00 +1.7654093832804242e-03 +1.0001767623177626e+00 +1.0000235843014198e+00 +1.0000898347342786e+00 +1.0000062613822982e+00 +1.0000738956329429e+00 +1.8206681981109465e-04 -2.5434314143847142e-04 -4.4138449723986217e-05 +1.0379936593497729e-04 -3.5772295920817810e-04
167.50000000 +5.0000000000000000e+00 +2.0001086741435867e+00 +1.7344083037672299e-03 +1.0002539146017497e+00 +1.0000042015921713e+00 +1.0001037079121560e+00 +1.0000013598417334e+00 +1.0000702416337435e+00 +2.1026197139265224e-04 -2.7938610354609017e-04 -8.0260165089171074e-05 +7.4770754927577120e-05 -3.5881203347836528e-04
168.00000000 +5.0000000000000000e+00 +2.0001218669017788e+00 +1.7034121396783616e-03 +1.0003310546527362e+00 +9.9998482195617822e-01 +1.0001175788903498e+00 +9.9999645907833912e-01 +1.0000665882139090e+00 +2.3845265244814586e-04 -3.0442509492794424e-04 -1.1637615311965623e-04 +4.5746746596695029e-05 -3.5990093506868960e-04
168.50000000 +5.0000000000000000e+00 +2.0001350575683388e+00 +1.6724208898448536e-03 +1.0004081824736317e+00 +9.9996544539271015e-01 +1.0001314476693841e+00 +9.9999155909193216e-01 +1.0000629353733026e+00 +2.6663886404073813e-04 -3.2946011652833598e-04 -1.5248641517749356e-04 +1.6727339847741004e-05 -3.6098966402021705e-04
169.00000000 +5.0000000000000000e+00 +2.0001482461437634e+00 +1.6414345530981096e-03 +1.0004852980673442e+00 +9.9994607190103568e-01 +1.0001453142497809e+00 +9.9998665988232649e-01 +1.0000592831117860e+00 +2.9482060723325429e-04 -3.5449116929126760e-04 -1.8859095262430267e-04 -1.2287466413527862e-05 -3.6207822037400051e-04
169.50000000 +5.0000000000000000e+00 +2.0001614326285497e+00 +1.6104531282699047e-03 +1.0005624014367815e+00 +9.9992670148042517e-01 +1.0001591786320629e+00 +9.9998176144933792e-01 +1.0000556314292217e+00 +3.2299788308818298e-04 -3.7951825416044271e-04 -2.2468976682127185e-04 -4.1297673281007628e-05 -3.6316660417108003e-04
170.00000000 +5.0000000000000000e+00 +2.0001537021468194e+00 +1.6335728642483105e-03 +1.0005041392153891e+00 +9.9993849156276615e-01 +1.0001493543964026e+00 +9.9997435448300953e-01 +1.0000608177426129e+00 +3.1407281134522000e-04 -3.3670907912023551e-04 -2.2819340175362401e-04 -4.3532759718431139e-05 -3.3279495909975938e-04
170.50000000 +5.0000000000000000e+00 +2.0001459750105486e+00 +1.6566825948799990e-03 +1.0004459022076810e+00 +9.9995027654280610e-01 +1.0001395344122999e+00 +9.9996695072213593e-01 +1.0000660018115641e+00 +3.0515160203551945e-04 -2.9391843027078363e-04 -2.3169552044537980e-04 -4.5766878895036043e-05 -3.0243645772694755e-04
171.00000000 +5.0000000000000000e+00 +2.0001382512175665e+00 +1.6797823266584688e-03 +1.0003876903972935e+00 +9.9996205642385561e-01 +1.0001297186769948e+00 +9.9995955016463656e-01 +1.0000711836375320e+00 +2.9623425265235144e-04 -2.5114629558853721e-04 -2.3519612388058360e-04 -4.8000031438577281e-05 -2.7209109152234739e-04
171.50000000 +5.0000000000000000e+00 +2.0001305307657038e+00 +1.7028720660715996e-03 +1.0003295037678772e+00 +9.9997383120922390e-01 +1.0001199071877314e+00 +9.9995215280843319e-01 +1.0000763632219716e+00 +2.8732076069115458e-04 -2.0839266306034885e-04 -2.3869521304242848e-04 -5.0232217976266753e-05 -2.4175885196304182e-04
172.00000000 +5.0000000000000000e+00 +2.0001228136527933e+00 +1.7259518196016601e-03 +1.0002713423030962e+00 +9.9998560090221644e-01 +1.0001100999417545e+00 +9.9994475865144861e-01 +1.0000815405663370e+00 +2.7841112364953386e-04 -1.6565752068346199e-04 -2.4219278891325698e-04 -5.2463439134773828e-05 -2.1143973053348576e-04
172.50000000 +5.0000000000000000e+00 +2.0001150998766688e+00 +1.7490215937253127e-03 +1.0002132059866295e+00 +9.9999736550613583e-01 +1.0001002969363122e+00 +9.9993736769160790e-01 +1.0000867156720814e+00 +2.6950533902725849e-04 -1.2294085646549991e-04 -2.4568885247456233e-04 -5.4693695540225905e-05 -1.8113371872549805e-04
173.00000000 +5.0000000000000000e+00 +2.0001073894351671e+00 +1.7720813949136209e-03 +1.0001550948021698e+00 +1.0000091250242824e+00 +1.0000904981686545e+00 +9.9992997992683863e-01 +1.0000918885406564e+00 +2.6060340432625914e-04 -8.0242658424454209e-05 -2.4918340470698894e-04 -5.6922987818209095e-05 -1.5084080803825386e-04
173.50000000 +5.0000000000000000e+00 +2.0000996823261259e+00 +1.7951312296320535e-03 +1.0000970087334244e+00 +1.0000208794599530e+00 +1.0000807036360349e+00 +9.9992259535506867e-01 +1.0000970591735125e+00 +2.5170531705062590e-04 -3.7562914588673740e-05 -2.5267644659033380e-04 -5.9151316593768742e-05 -1.2056098997827615e-04
174.00000000 +5.0000000000000000e+00 +2.0000919785473856e+00 +1.8181711043404926e-03 +1.0000389477641132e+00 +1.0000326288164418e+00 +1.0000709133357073e+00 +9.9991521397422867e-01 +1.0001022275720979e+00 +2.4281107470660584e-04 +5.0983870031464322e-06 -2.5616797910354674e-04 -6.1378682491409966e-05 -9.0294256059428353e-05
174.50000000 +5.0000000000000000e+00 +2.0000842780967880e+00 +1.8412010254932388e-03 +9.9998091187797233e-01 +1.0000443730970405e+00 +1.0000611272649296e+00 +9.9990783578225084e-01 +1.0001073937378615e+00 +2.3392067480260080e-04 +4.7741258301976416e-05 -2.5965800322473234e-04 -6.3605086135098347e-05 -6.0040597802906035e-05
175.00000000 +5.0000000000000000e+00 +2.0000765809721774e+00 +1.8642209995390171e-03 +9.9992290105875037e-01 +1.0000561123050380e+00 +1.0000513454209619e+00 +9.9990046077706940e-01 +1.0001125576722498e+00 +2.2503411484916475e-04 +9.0365711248462625e-05 -2.6314651993114975e-04 -6.5830528148260476e-05 -2.9800006737229138e-05
175.50000000 +5.0000000000000000e+00 +2.0000688871713979e+00 +1.8872310329209818e-03 +9.9986491529021049e-01 +1.0000678464437189e+00 +1.0000415678010655e+00 +9.9989308895661977e-01 +1.0001177193767075e+00 +2.1615139235900185e-04 +1.3297175777293859e-04 -2.6663353019921429e-04 -6.8055009153784432e-05 +4.2752560176592885e-07
176.00000000 +5.0000000000000000e+00 +2.0000611966922985e+00 +1.9102311320767262e-03 +9.9980695455612956e-01 +1.0000795755163672e+00 +1.0000317944025054e+00 +9.9988572031883960e-01 +1.0001228788526790e+00 +2.0727250484696395e-04 +1.7555940979543683e-04 -2.7011903500449825e-04 -7.0278529774020544e-05 +3.0642007670934277e-05
176.50000000 +5.0000000000000000e+00 +2.0000535095327283e+00 +1.9332213034382836e-03 +9.9974901884029943e-01 +1.0000912995262627e+00 +1.0000220252225487e+00 +9.9987835486166832e-01 +1.0001280361016076e+00 +1.9839744983004830e-04 +2.1812867922569901e-04 -2.7360303532173152e-04 -7.2501090630781840e-05 +6.0843447919830241e-05
177.00000000 +5.0000000000000000e+00 +2.0000458256905378e+00 +1.9562015534321377e-03 +9.9969110812652462e-01 +1.0001030184766821e+00 +1.0000122602584645e+00 +9.9987099258304701e-01 +1.0001331911249345e+00 +1.8952622482739512e-04 +2.6067957796318804e-04 -2.7708553212480293e-04 -7.4722692345344637e-05 +9.1031854790715603e-05
177.50000000 +5.0000000000000000e+00 +2.0000381451635802e+00 +1.9791718884792260e-03 +9.9963322239862429e-01 +1.0001147323709005e+00 +1.0000024995075236e+00 +9.9986363348091889e-01 +1.0001383439241001e+00 +1.8065882736028547e-04 +3.0321211789709819e-04 -2.8056652638676078e-04 -7.6943335538449170e-05 +1.2120723671856700e-04
178.00000000 +5.0000000000000000e+00 +2.0000304679497107e+00 +2.0021323149949457e-03 +9.9957536164043148e-01 +1.0001264412121891e+00 +9.9999274296700047e-01 +9.9985627755322781e-01 +1.0001434945005434e+00 +1.7179525495213886e-04 +3.4572631090636687e-04 -2.8404601907981388e-04 -7.9163020830300146e-05 +1.5136960213108395e-04
178.50000000 +5.0000000000000000e+00 +2.0000227940467861e+00 +2.0250828393891616e-03 +9.9951752583579345e-01 +1.0001381450038169e+00 +9.9998299063417162e-01 +9.9984892479792120e-01 +1.0001486428557025e+00 +1.6293550512851089e-04 +3.8822216885968548e-04 -2.8752401117533279e-04 -8.1381748840567353e-05 +1.8151895944869715e-04
179.00000000 +5.0000000000000000e+00 +2.0000151234526649e+00 +2.0480234680662116e-03 +9.9945971496857111e-01 +1.0001498437490495e+00 +9.9997324250631547e-01 +9.9984157521294659e-01 +1.0001537889910141e+00 +1.5407957541709112e-04 +4.3069970361551030e-04 -2.9100050364384985e-04 -8.3599520188386124e-05 +2.1165531708457555e-04
179.50000000 +5.0000000000000000e+00 +2.0000074561652079e+00 +2.0709542074249104e-03 +9.9940192902263913e-01 +1.0001615374511506e+00 +9.9996349858071287e-01 +9.9983422879625417e-01 +1.0001589329079135e+00 +1.4522746334770051e-04 +4.7315892702207396e-04 -2.9447549745506113e-04 -8.5816335492358076e-05 +2.4177868344463474e-04
180.00000000 +5.0000000000000000e+00 +1.9999939746661173e+00 +2.0786795525629394e-03 +9.9938611547951284e-01 +1.0001393972992403e+00 +9.9996888053302346e-01 +9.9984874191610673e-01 +1.0001529770348816e+00 +1.6363325966873156e-04 +4.4931291449619535e-04 -2.5167125567261380e-04 -7.7306765737556054e-05 +2.1991958472572748e-04
180.50000000 +5.0000000000000000e+00 +1.9999804924209283e+00 +2.0864053252399963e-03 +9.9937030106122715e-01 +1.0001172559220415e+00 +9.9997426278318435e-01 +9.9986325583915003e-01 +1.0001470208322374e+00 +1.8204007461043378e-04 +4.2546558227510452e-04 -2.0886464500132667e-04 -6.8796725042866196e-05 +1.9805927627215735e-04
181.00000000 +5.0000000000000000e+00 +1.9999670094295792e+00 +2.0941315254915729e-03 +9.9935448576770980e-01 +1.0000951133194520e+00 +9.9997964533122008e-01 +9.9987777056545091e-01 +1.0001410642999538e+00 +2.0044790825736889e-04 +4.0161693024924573e-04 -1.6605566524454429e-04 -6.0286213369193033e-05 +1.7619775798349718e-04
181.50000000 +5.0000000000000000e+00 +1.9999535256920078e+00 +2.1018581533531651e-03 +9.9933866959888795e-01 +1.0000729694913704e+00 +9.9998502817715529e-01 +9.9989228609507563e-01 +1.0001351074380032e+00 +2.1885676069410785e-04 +3.7776695830905117e-04 -1.2324431620558963e-04 -5.1775230677436731e-05 +1.5433502975930862e-04
182.00000000 +5.0000000000000000e+00 +1.9999400412081527e+00 +2.1095852088602739e-03 +9.9932285255468911e-01 +1.0000508244376947e+00 +9.9999041132101474e-01 +9.9990680242809127e-01 +1.0001291502463583e+00 +2.3726663200523111e-04 +3.5391566634494109e-04 -8.0430597687763743e-05 -4.3263776928493168e-05 +1.3247109149914222e-04
182.50000000 +5.0000000000000000e+00 +1.9999265559779511e+00 +2.1173126920484031e-03 +9.9930703463504000e-01 +1.0000286781583230e+00 +9.9999579476282308e-01 +9.9992131956456409e-01 +1.0001231927249916e+00 +2.5567752227532840e-04 +3.3006305424732312e-04 -3.7614509494345852e-05 -3.4751852083253835e-05 +1.1060594310253747e-04
183.00000000 +5.0000000000000000e+00 +1.9999130700013408e+00 +2.1250406029530602e-03 +9.9929121583986813e-01 +1.0000065306531538e+00 +1.0000011785026051e+00 +9.9993583750456083e-01 +1.0001172348738756e+00 +2.7408943158899884e-04 +3.0620912190659338e-04 +5.2039485714063983e-06 -2.6239456102605968e-05 +8.8739584469022773e-05
183.50000000 +5.0000000000000000e+00 +1.9998995832782616e+00 +2.1327689416097595e-03 +9.9927539616910177e-01 +9.9998438192208572e-01 +1.0000065625403860e+00 +9.9995035624814876e-01 +1.0001112766929836e+00 +2.9250236003085109e-04 +2.8235386921313560e-04 +4.8024776706257388e-05 -1.7726588947432431e-05 +6.6872015498115303e-05
184.00000000 +5.0000000000000000e+00 +1.9998860958086497e+00 +2.1404977080540155e-03 +9.9925957562266721e-01 +9.9996223196501632e-01 +1.0000119468761897e+00 +9.9996487579539417e-01 +1.0001053181822877e+00 +3.1091630768550289e-04 +2.5849729605732118e-04 +9.0847975106992987e-05 -9.2132505786117505e-06 +4.5003236089321150e-05
184.50000000 +5.0000000000000000e+00 +1.9998726075924438e+00 +2.1482269023213492e-03 +9.9924375420049194e-01 +9.9994008078184426e-01 +1.0000173315100418e+00 +9.9997939614636411e-01 +1.0000993593417606e+00 +3.2933127463758154e-04 +2.3463940232950955e-04 +1.3367354397042118e-04 -6.9944095701813736e-07 +2.3133246142135317e-05
185.00000000 +5.0000000000000000e+00 +1.9998591186295820e+00 +2.1559565244472839e-03 +9.9922793190250314e-01 +9.9991792837246718e-01 +1.0000227164419662e+00 +9.9999391730112475e-01 +1.0000934001713744e+00 +3.4774726097172354e-04 +2.1078018792004802e-04 +1.7650148349337147e-04 +7.8148399564785370e-06 +1.2620455560415968e-06
185.50000000 +5.0000000000000000e+00 +1.9998456289200017e+00 +2.1636865744673476e-03 +9.9921210872862853e-01 +9.9989577473678370e-01 +1.0000281016719881e+00 +1.0000084392597433e+00 +1.0000874406711029e+00 +3.6616426677257477e-04 +1.8691965271927180e-04 +2.1933179387269527e-04 +1.6329592201012701e-05 -2.0610365769487206e-05
186.00000000 +5.0000000000000000e+00 +1.9998321384636424e+00 +2.1714170524170717e-03 +9.9919628467879507e-01 +9.9987361987469192e-01 +1.0000334872001324e+00 +1.0000229620222862e+00 +1.0000814808409175e+00 +3.8458229212479095e-04 +1.6305779661750382e-04 +2.6216447530526575e-04 +2.4844815815723171e-05 -4.2483987934989627e-05
186.50000000 +5.0000000000000000e+00 +1.9998186472604405e+00 +2.1791479583319934e-03 +9.9918045975293002e-01 +9.9985146378608991e-01 +1.0000388730264238e+00 +1.0000374855888208e+00 +1.0000755206807916e+00 +4.0300133711303649e-04 +1.3919461950505501e-04 +3.0499952798797802e-04 +3.3360510839753052e-05 -6.4358821041015079e-05
187.00000000 +5.0000000000000000e+00 +1.9998051553103346e+00 +2.1868792922476506e-03 +9.9916463395096045e-01 +9.9982930647087609e-01 +1.0000442591508867e+00 +1.0000520099594132e+00 +1.0000695601906975e+00 +4.2142140182198552e-04 +1.1533012127222399e-04 +3.4783695211774881e-04 +4.1876677312249835e-05 -8.6234865188124365e-05
187.50000000 +5.0000000000000000e+00 +1.9997916626132626e+00 +2.1946110541995884e-03 +9.9914880727281408e-01 +9.9980714792894787e-01 +1.0000496455735459e+00 +1.0000665351341305e+00 +1.0000635993706077e+00 +4.3984248633632166e-04 +9.1464301809297366e-05 +3.9067674789151669e-04 +5.0393315272365272e-05 -1.0811212047688925e-04
188.00000000 +5.0000000000000000e+00 +1.9997781691691621e+00 +2.2023432442233536e-03 +9.9913297971841786e-01 +9.9978498816020434e-01 +1.0000550322944266e+00 +1.0000810611130391e+00 +1.0000576382204951e+00 +4.5826459074073753e-04 +6.7597161006549642e-05 +4.3351891550624192e-04 +5.8910424759255495e-05 -1.2999058700789259e-04
188.50000000 +5.0000000000000000e+00 +1.9997646749779718e+00 +2.2100758623544979e-03 +9.9911715128769885e-01 +9.9976282716454279e-01 +1.0000604193135532e+00 +1.0000955878962063e+00 +1.0000516767403318e+00 +4.7668771511993560e-04 +4.3728698754242949e-05 +4.7636345515890703e-04 +6.7428005812080992e-05 -1.5187026488172866e-04
189.00000000 +5.0000000000000000e+00 +1.9997511800396299e+00 +2.2178089086285773e-03 +9.9910132198058488e-01 +9.9974066494186209e-01 +1.0000658066309511e+00 +1.0001101154836989e+00 +1.0000457149300912e+00 +4.9511185955862730e-04 +1.9858914942627540e-05 +5.1921036704651589e-04 +7.5946058470006554e-05 -1.7375115419900256e-04
189.50000000 +5.0000000000000000e+00 +1.9997376843540733e+00 +2.2255423830811498e-03 +9.9908549179700235e-01 +9.9971850149205965e-01 +1.0000711942466440e+00 +1.0001246438755833e+00 +1.0000397527897451e+00 +5.1353702414153382e-04 -4.0121905380587558e-06 +5.6205965136609437e-04 +8.4464582772201288e-05 -1.9563325506033070e-04
190.00000000 +5.0000000000000000e+00 +1.9997471424395947e+00 +2.1867311004973682e-03 +9.9917604291063977e-01 +9.9972527940516942e-01 +1.0000660497317104e+00 +1.0001396024901441e+00 +1.0000650372029121e+00 +4.3554814750442177e-04 +1.1454469124025146e-05 +5.2397379949704382e-04 +5.0438099747467211e-05 -1.9342624336555583e-04
190.50000000 +5.0000000000000000e+00 +1.9997566018581727e+00 +2.1479143477143841e-03 +9.9926660678687063e-01 +9.9973205827358191e-01 +1.0000609044916906e+00 +1.0001545632130249e+00 +1.0000903251797533e+00 +3.5754827883967126e-04 +2.6923308711731931e-05 +4.8588257967355632e-04 +1.6406820910073962e-05 -1.9121892060676015e-04
191.00000000 +5.0000000000000000e+00 +1.9997660626100879e+00 +2.1090921235756305e-03 +9.9935718342839375e-01 +9.9973883809749997e-01 +1.0000557585264316e+00 +1.0001695260446710e+00 +1.0001156167210230e+00 +2.7953741582323560e-04 +4.2394328685963708e-05 +4.4778599076068418e-04 -1.7629254753958048e-05 -1.8901128671817527e-04
191.50000000 +5.0000000000000000e+00 +1.9997755246956244e+00 +2.0702644269242187e-03 +9.9944777283790831e-01 +9.9974561887712499e-01 +1.0000506118357801e+00 +1.0001844909855295e+00 +1.0001409118274744e+00 +2.0151555613041324e-04 +5.7867529507752532e-05 +4.0968403162315988e-04 -5.1670128258894321e-05 -1.8680334163401443e-04
192.00000000 +5.0000000000000000e+00 +1.9997849881150613e+00 +2.0314312566029275e-03 +9.9953837501811371e-01 +9.9975240061265869e-01 +1.0000454644195822e+00 +1.0001994580360449e+00 +1.0001662104998608e+00 +1.2348269743584663e-04 +7.3342911638260395e-05 +3.7157670112539530e-04 -8.5715800619286283e-05 -1.8459508528847205e-04
192.50000000 +5.0000000000000000e+00 +1.9997944528686820e+00 +1.9925926114542150e-03 +9.9962898997171101e-01 +9.9975918330430358e-01 +1.0000403162776847e+00 +1.0002144271966644e+00 +1.0001915127389369e+00 +4.5438837413523149e-05 +8.8820475538779382e-05 +3.3346399813148284e-04 -1.1976627284997146e-04 -1.8238651761572427e-04
193.00000000 +5.0000000000000000e+00 +1.9998039189567696e+00 +1.9537484903202123e-03 +9.9971961770140172e-01 +9.9976596695226250e-01 +1.0000351674099341e+00 +1.0002293984678339e+00 +1.0002168185454572e+00 -3.2616026263226031e-05 +1.0430022167073164e-04 +2.9534592150519433e-04 -1.5382154596607357e-04 -1.8017763854992854e-04
193.50000000 +5.0000000000000000e+00 +1.9998133863796039e+00 +1.9148988920427200e-03 +9.9981025820988756e-01 +9.9977275155673684e-01 +1.0000300178161767e+00 +1.0002443718499996e+00 +1.0002421279201756e+00 -1.1068189592172610e-04 +1.1978215049566942e-04 +2.5722247010998088e-04 -1.8788162098300247e-04 -1.7796844802522375e-04
194.00000000 +5.0000000000000000e+00 +1.9998228551374708e+00 +1.8760438154632167e-03 +9.9990091149987237e-01 +9.9977953711792955e-01 +1.0000248674962600e+00 +1.0002593473436086e+00 +1.0002674408638477e+00 -1.8875877388995795e-04 +1.3526626247527517e-04 +2.1909364280897357e-04 -2.2194649891645466e-04 -1.7575894597573024e-04
194.50000000 +5.0000000000000000e+00 +1.9998323252306494e+00 +1.8371832594228511e-03 +9.9999157757405910e-01 +9.9978632363604247e-01 +1.0000197164500289e+00 +1.0002743249491071e+00 +1.0002927573772278e+00 -2.6684666249655978e-04 +1.5075255807136154e-04 +1.8095943846498235e-04 -2.5601618078241288e-04 -1.7354913233554972e-04
195.00000000 +5.0000000000000000e+00 +1.9998417966594237e+00 +1.7983172227624465e-03 +1.0000822564351526e+00 +9.9979311111127800e-01 +1.0000145646773304e+00 +1.0002893046669419e+00 +1.0003180774610712e+00 -3.4494556407082622e-04 +1.6624103774587142e-04 +1.4281985594049673e-04 -2.9009066759714636e-04 -1.7133900703876538e-04
195.50000000 +5.0000000000000000e+00 +1.9998512694240755e+00 +1.7594457043224989e-03 +1.0001729480858577e+00 +9.9979989954383908e-01 +1.0000094121780108e+00 +1.0003042864975595e+00 +1.0003434011161330e+00 -4.2305548094270871e-04 +1.8173170196087796e-04 +1.0467489409768521e-04 -3.2416996037721126e-04 -1.6912857001944169e-04
196.00000000 +5.0000000000000000e+00 +1.9998607435248892e+00 +1.7205687029431774e-03 +1.0002636525288811e+00 +9.9980668893392843e-01 +1.0000042589519167e+00 +1.0003192704414079e+00 +1.0003687283431695e+00 -5.0117641544281707e-04 +1.9722455117858492e-04 +6.6524551798395322e-05 -3.5825406013945056e-04 -1.6691782121162479e-04
196.50000000 +5.0000000000000000e+00 +1.9998702189621451e+00 +1.6816862174643230e-03 +1.0003543697669288e+00 +9.9981347928174780e-01 +9.9999910499889344e-01 +1.0003342564989333e+00 +1.0003940591429359e+00 -5.7930836990241691e-04 +2.1271958586132608e-04 +2.8368827904153562e-05 -3.9234296790099368e-04 -1.6470676054934185e-04
197.00000000 +5.0000000000000000e+00 +1.9998796957361280e+00 +1.6427982467254506e-03 +1.0004450998027090e+00 +9.9982027058750078e-01 +9.9999395031878802e-01 +1.0003492446705837e+00 +1.0004193935161887e+00 -6.5745134665343358e-04 +2.2821680647156596e-04 -9.7922787238349655e-06 -4.2643668467925755e-04 -1.6249538796660168e-04
197.50000000 +5.0000000000000000e+00 +1.9998891738471196e+00 +1.6039047895657467e-03 +1.0005358426389299e+00 +9.9982706285138945e-01 +9.9998879491144643e-01 +1.0003642349568060e+00 +1.0004447314636837e+00 -7.3560534802844901e-04 +2.4371621347189950e-04 -4.7958769224686285e-05 -4.6053521149194584e-04 -1.6028370339739444e-04
198.00000000 +5.0000000000000000e+00 +1.9998986532954035e+00 +1.5650058448240709e-03 +1.0006265982783002e+00 +9.9983385607361686e-01 +9.9998363877671437e-01 +1.0003792273580479e+00 +1.0004700729861775e+00 -8.1377037636070335e-04 +2.5921780732505198e-04 -8.6130644737837910e-05 -4.9463854935704948e-04 -1.5807170677569160e-04
198.50000000 +5.0000000000000000e+00 +1.9999081340812623e+00 +1.5261014113389546e-03 +1.0007173667235303e+00 +9.9984065025438573e-01 +9.9997848191443839e-01 +1.0003942218747575e+00 +1.0004954180844268e+00 -8.9194643398409629e-04 +2.7472158849387973e-04 -1.2430790640304907e-04 -5.2874669929284680e-04 -1.5585939803544594e-04
199.00000000 +5.0000000000000000e+00 +1.9999176162049797e+00 +1.4871914879486022e-03 +1.0008081479773303e+00 +9.9984744539389903e-01 +9.9997332432446429e-01 +1.0004092185073816e+00 +1.0005207667591887e+00 -9.7013352323318495e-04 +2.9022755744136900e-04 -1.6249055536040035e-04 -5.6285966231790318e-04 -1.5364677711059179e-04
199.50000000 +5.0000000000000000e+00 +1.9999270996668377e+00 +1.4482760734908884e-03 +1.0008989420424115e+00 +9.9985424149235957e-01 +9.9996816600663752e-01 +1.0004242172563687e+00 +1.0005461190112197e+00 -1.0483316464431863e-03 +3.0573571463063739e-04 -2.0067859275029449e-04 -5.9697743945107183e-04 -1.5143384393504465e-04
200.00000000 +5.0000000000000000e+00 +2.0002731633956721e+00 +1.7839142831853677e-03 +1.0002030088155640e+00 +9.9995769526282119e-01 +1.0001018835197408e+00 +1.0000560632522706e+00 +1.0003515480139193e+00 -2.5170648056784987e-04 +2.8392438646137973e-04 -3.5599328292828603e-04 -8.7771518763151492e-05 -2.5865198456130313e-04
