#PATCH_CHECK: SepMBpoisson v0.64 exact-orbital 2D-single-jump-stratified active
#discretizing the bath:
#     0 0.0000000000000000e+00 -6.3190000000000002e-01
#     1 1.9125506819929288e-03 -2.2724964998472746e-01
#     2 1.9125506819929288e-03 -2.1323213494702589e-01
#     3 1.9125506819929288e-03 -1.9877641626074399e-01
#     4 1.9125506819929288e-03 -1.8389539591456738e-01
#     5 1.9125506819929288e-03 -1.6860089896188346e-01
#     6 1.9125506819929288e-03 -1.5290381552596158e-01
#     7 1.9125506819929288e-03 -1.3681421789069903e-01
#     8 1.9125506819929288e-03 -1.2034145803127433e-01
#     9 1.9125506819929288e-03 -1.0349424959616749e-01
#sampling: jump_strength=4.7813767049823229e-03 jump_probability=4.7586239313691034e-03 log_scale=4.7699822298017964e-03 back_replicas=8 stratify_forward=1 exact_orbitals=1 stratify_single_jump_time=1
#adaptive measurement: gap=1.5294496952683923e-02 period_steps=822 nmeas=400 nwf=400 tmax=2.0000000000000000e+02 forced_stride=1
  0.00000000 +5.0000000000000000e+00 +1.9999999999999998e+00 +1.8374661879283106e-03 +1.0000000000000000e+00 +1.0000000000000000e+00 +1.0000000000000000e+00 +1.0000000000000000e+00 +1.0000000000000000e+00 +0.0000000000000000e+00 +0.0000000000000000e+00 +0.0000000000000000e+00 +0.0000000000000000e+00 +0.0000000000000000e+00
  0.50000000 +5.0000000000000000e+00 +1.9999999999883047e+00 +1.8392049713545353e-03 +9.9999558565187807e-01 +1.0000000000016032e+00 +1.0000000000016032e+00 +1.0000000000016032e+00 +1.0000000000016032e+00 +8.8286994637537459e-07 +8.8286994637537491e-07 +8.8286994637537459e-07 +8.8286994637537459e-07 +8.8286994637537491e-07
  1.00000000 +5.0000000000000000e+00 +2.0000000001917932e+00 +1.8441870175358718e-03 +9.9998293034071739e-01 +1.0000000000020399e+00 +1.0000000000020399e+00 +1.0000000000020399e+00 +1.0000000000020399e+00 +3.4262433684110161e-06 +3.4203411650248535e-06 +3.4141874335403226e-06 +3.4077785556272555e-06 +3.4011107922613636e-06
  1.50000000 +5.0000000000000000e+00 +1.9999999940206521e+00 +1.8513450938365662e-03 +9.9996472520574786e-01 +9.9999999999946132e-01 +9.9999999999946132e-01 +9.9999999999946132e-01 +9.9999999999946132e-01 +7.1237190835724824e-06 +7.0906705195336122e-06 +7.0562953052392325e-06 +7.0205835371025902e-06 +6.9835252723896795e-06
  2.00000000 +5.0000000000000000e+00 +2.0000000048833626e+00 +1.8593288714920987e-03 +9.9994437559335470e-01 +9.9999999492575675e-01 +9.9999999491977976e-01 +9.9999999491466096e-01 +9.9999999491050129e-01 +1.1338310884954181e-05 +1.1237313797532598e-05 +1.1132624044770273e-05 +1.1024255390252210e-05 +1.0912223841121894e-05
  2.50000000 +5.0000000000000000e+00 +2.0000000069606303e+00 +1.8664205523645785e-03 +9.9992622988041313e-01 +1.0000000000010865e+00 +1.0000000000010865e+00 +1.0000000000010865e+00 +1.0000000000010865e+00 +1.5211145040365808e-05 +1.4989554549545607e-05 +1.4760917502574190e-05 +1.4525385083460767e-05 +1.4283118492132742e-05
  3.00000000 +5.0000000000000000e+00 +2.0000000575034425e+00 +1.8714839130141367e-03 +9.9991316332244329e-01 +9.9999999999880407e-01 +9.9999999999880407e-01 +9.9999999999880407e-01 +9.9999999999880407e-01 +1.8197416067466852e-05 +1.7792426265251566e-05 +1.7377110032012656e-05 +1.6952013955977724e-05 +1.6517710019179181e-05
  3.50000000 +5.0000000000000000e+00 +2.0000000574459182e+00 +1.8735790511765448e-03 +9.9990757829669308e-01 +9.9999999999805533e-01 +9.9999999999805533e-01 +9.9999999999805533e-01 +9.9999999999805533e-01 +1.9786820726816844e-05 +1.9146037692566061e-05 +1.8494114092204196e-05 +1.7832408258511546e-05 +1.7162320566011594e-05
  4.00000000 +5.0000000000000000e+00 +2.0000001291555227e+00 +1.8721056793285652e-03 +9.9991105942126779e-01 +9.9999999553218011e-01 +9.9999999549547414e-01 +9.9999999545854767e-01 +9.9999999542152562e-01 +1.9561901865441015e-05 +1.8682101229607350e-05 +1.7795723970739107e-05 +1.6905347785185458e-05 +1.6013587550962118e-05
  4.50000000 +5.0000000000000000e+00 +2.0000001973004879e+00 +1.8675892268322919e-03 +9.9992231841174584e-01 +1.0000000031539142e+00 +1.0000000031539142e+00 +1.0000000031539142e+00 +1.0000000031539142e+00 +1.7688238319255905e-05 +1.6603331679322815e-05 +1.5524070269183686e-05 +1.4454540112817145e-05 +1.3398799955902993e-05
  5.00000000 +5.0000000000000000e+00 +2.0000000997911056e+00 +1.8609551536730399e-03 +9.9993906384695630e-01 +1.0000000010876424e+00 +1.0000000011992756e+00 +1.0000000013193147e+00 +1.0000000014480825e+00 +1.4538092505742103e-05 +1.3333363366253679e-05 +1.2154710626352736e-05 +1.1007605017158577e-05 +9.8973191929287753e-06
  5.50000000 +5.0000000000000000e+00 +2.0000000993159164e+00 +1.8533567398248023e-03 +9.9995842302513327e-01 +1.0000000015340815e+00 +1.0000000015150727e+00 +1.0000000014920543e+00 +1.0000000014646084e+00 +1.0577648434115263e-05 +9.3887636615672868e-06 +8.2540080426953559e-06 +7.1795417330802429e-06 +6.1710061439089848e-06
  6.00000000 +5.0000000000000000e+00 +2.0000000098861657e+00 +1.8460798304715238e-03 +9.9997711810219936e-01 +1.0000000044709987e+00 +1.0000000043333699e+00 +1.0000000041805153e+00 +1.0000000040119872e+00 +6.4758537083299451e-06 +5.4379010198061183e-06 +4.4838393118196070e-06 +3.6191121374406127e-06 +2.8481857937907469e-06
  6.50000000 +5.0000000000000000e+00 +2.0000000569399701e+00 +1.8406285827691359e-03 +9.9999133005931184e-01 +9.9999998717910654e-01 +9.9999998760186148e-01 +9.9999998804563273e-01 +9.9999998851019056e-01 +3.0101807982269815e-06 +2.2658588345220795e-06 +1.6313721039510756e-06 +1.1095359466236630e-06 +7.0165199927607211e-07
  7.00000000 +5.0000000000000000e+00 +2.0000002148246403e+00 +1.8386206416921337e-03 +9.9999691312797812e-01 +1.0000000037937367e+00 +1.0000000037352197e+00 +1.0000000036776657e+00 +1.0000000036214747e+00 +1.0251907026122961e-06 +6.9850524014689861e-07 +4.9449427644844717e-07 +4.1079814213069738e-07 +4.4305756447643248e-07
  7.50000000 +5.0000000000000000e+00 +2.0000000117066654e+00 +1.8413383353763709e-03 +9.9999050009261214e-01 +9.9999999190453714e-01 +9.9999999201151468e-01 +9.9999999211871782e-01 +9.9999999222552893e-01 +1.4320882050375936e-06 +1.5595783780842090e-06 +1.8015136951026177e-06 +2.1487002655627635e-06 +2.5897684221217760e-06
  8.00000000 +5.0000000000000000e+00 +1.9999999522999838e+00 +1.8416830731975101e-03 +9.9999003818065779e-01 +9.9999999431187758e-01 +9.9999999517564686e-01 +9.9999999603975609e-01 +9.9999999689821184e-01 +7.4549810824075717e-07 +1.2901087646447396e-06 +1.9236188110571928e-06 +2.6297704997063624e-06 +3.3904057029614971e-06
  8.50000000 +5.0000000000000000e+00 +1.9999998392626490e+00 +1.8504503782491540e-03 +9.9996799834925065e-01 +1.0000000180437993e+00 +1.0000000175350461e+00 +1.0000000170090009e+00 +1.0000000164691392e+00 +4.6705702055112861e-06 +5.5098397379074347e-06 +6.3793572518877307e-06 +7.2562052632204278e-06 +8.1166312615874954e-06
  9.00000000 +5.0000000000000000e+00 +2.0000001637635458e+00 +1.8573574283578338e-03 +9.9995046059936821e-01 +1.0000000028232559e+00 +1.0000000023926128e+00 +1.0000000019547741e+00 +1.0000000015126507e+00 +8.1107156083823388e-06 +9.0633369076744282e-06 +9.9739783915214621e-06 +1.0816592380623769e-05 +1.1566086034506292e-05
  9.50000000 +5.0000000000000000e+00 +1.9999998465507967e+00 +1.8633354749040705e-03 +9.9993496729851827e-01 +9.9999998322402173e-01 +9.9999998286081881e-01 +9.9999998254171740e-01 +9.9999998227548459e-01 +1.1705221205335123e-05 +1.2492215291787720e-05 +1.3161224301968475e-05 +1.3688707847215450e-05 +1.4054433814373346e-05
 10.00000000 +5.0000000000000000e+00 +1.9999998406629920e+00 +1.8657166191743593e-03 +9.9992846298229709e-01 +9.9999999696733910e-01 +9.9999999855518384e-01 +1.0000000002642513e+00 +1.0000000020883186e+00 +1.3746739777976001e-05 +1.4220160151936757e-05 +1.4507493109592225e-05 +1.4593972327819165e-05 +1.4470773930996364e-05
 10.50000000 +5.0000000000000000e+00 +1.9999999738808107e+00 +1.8696738908589934e-03 +9.9991775434182995e-01 +1.0000000049608935e+00 +1.0000000055767559e+00 +1.0000000061866536e+00 +1.0000000067805133e+00 +1.7031315865162056e-05 +1.6971871430327445e-05 +1.6677793063905003e-05 +1.6148751133434926e-05 +1.5392435082105981e-05
 11.00000000 +5.0000000000000000e+00 +1.9999998658860414e+00 +1.8712521145399774e-03 +9.9991299005993617e-01 +9.9999999108890081e-01 +9.9999998948945268e-01 +9.9999998800939094e-01 +9.9999998667842804e-01 +1.9389355836780438e-05 +1.8618538345476576e-05 +1.7618195821431468e-05 +1.6408860468297525e-05 +1.5019736522988546e-05
 11.50000000 +5.0000000000000000e+00 +2.0000000620959204e+00 +1.8649005697663984e-03 +9.9992862222253287e-01 +1.0000000183221178e+00 +1.0000000198658385e+00 +1.0000000214004456e+00 +1.0000000229012396e+00 +1.7199182768497496e-05 +1.5887124487845497e-05 +1.4396126569023360e-05 +1.2766577172764612e-05 +1.1046273593056319e-05
 12.00000000 +5.0000000000000000e+00 +1.9999998819196865e+00 +1.8607364578975840e-03 +9.9993876213715438e-01 +1.0000000243003335e+00 +1.0000000236104742e+00 +1.0000000226367647e+00 +1.0000000213510558e+00 +1.6072121239902410e-05 +1.4209746096907045e-05 +1.2258101280847604e-05 +1.0276759483565174e-05 +8.3292387261069361e-06
 12.50000000 +5.0000000000000000e+00 +1.9999999329116633e+00 +1.8551428182828991e-03 +9.9995309255195364e-01 +9.9999994690577843e-01 +9.9999994494359812e-01 +9.9999994329056852e-01 +9.9999994200448983e-01 +1.3205389740969129e-05 +1.1233025878834983e-05 +9.3102362259809292e-06 +7.5037484303654079e-06 +5.8779173992201559e-06
 13.00000000 +5.0000000000000000e+00 +1.9999993989081404e+00 +1.8465659979632720e-03 +9.9997521127113997e-01 +9.9999994130910985e-01 +9.9999993873232540e-01 +9.9999993634045514e-01 +9.9999993418724742e-01 +8.3361953290492094e-06 +6.4408798028077948e-06 +4.7461351385324038e-06 +3.3148810124754565e-06 +2.2000714512176551e-06
 13.50000000 +5.0000000000000000e+00 +1.9999992617606559e+00 +1.8435826426044257e-03 +9.9998303769122565e-01 +1.0000000232789432e+00 +1.0000000268225537e+00 +1.0000000304383951e+00 +1.0000000340753934e+00 +6.3474388205095930e-06 +4.5246393681239907e-06 +3.0119421113368098e-06 +1.8601251728403285e-06 +1.1035409230196823e-06
 14.00000000 +5.0000000000000000e+00 +1.9999988509740885e+00 +1.8401853857862389e-03 +9.9999233070648808e-01 +9.9999995537275943e-01 +9.9999995457484292e-01 +9.9999995390512253e-01 +9.9999995339162384e-01 +3.4316047825911918e-06 +2.0697215328046902e-06 +1.1314800905736631e-06 +6.3680393012045322e-07 +5.8243692365223657e-07
 14.50000000 +5.0000000000000000e+00 +1.9999989685024389e+00 +1.8488717918066755e-03 +9.9997149999141188e-01 +1.0000000270496525e+00 +1.0000000290961779e+00 +1.0000000307933818e+00 +1.0000000320628832e+00 +5.2146994237212252e-06 +5.0882609961707496e-06 +5.3387112328252416e-06 +5.9312656070916377e-06 +6.8080668893941301e-06
 15.00000000 +5.0000000000000000e+00 +1.9999989283224742e+00 +1.8477537147908484e-03 +9.9997449697837404e-01 +1.0000000205302104e+00 +1.0000000237729807e+00 +1.0000000269070390e+00 +1.0000000298626837e+00 +4.2614086610876717e-06 +4.3395685342115358e-06 +4.7835143329620015e-06 +5.5284709417551401e-06 +6.4889857724036668e-06
 15.50000000 +5.0000000000000000e+00 +1.9999988924553709e+00 +1.8439370234802155e-03 +9.9998541045817402e-01 +1.0000000230459356e+00 +1.0000000217388609e+00 +1.0000000197614523e+00 +1.0000000170621142e+00 -2.7460176080426113e-07 +1.1090588498452716e-06 +2.7571717149860507e-06 +4.5523186092982815e-06 +6.3639735018657446e-06
 16.00000000 +5.0000000000000000e+00 +1.9999998232890848e+00 +1.8510175578673141e-03 +9.9996758441340239e-01 +9.9999994213175913e-01 +9.9999994646021695e-01 +9.9999995114753659e-01 +9.9999995619304560e-01 +2.7741832523352813e-06 +4.6839190459036509e-06 +6.6304272054735257e-06 +8.4698988506740365e-06 +1.0061238250871098e-05
 16.50000000 +5.0000000000000000e+00 +1.9999994683980249e+00 +1.8670000235348374e-03 +9.9992627736542150e-01 +9.9999996741687081e-01 +9.9999995833108235e-01 +9.9999994976266593e-01 +9.9999994191667263e-01 +1.2146513481595981e-05 +1.3697733551159925e-05 +1.5076506517682582e-05 +1.6156154583230520e-05 +1.6828306634660750e-05
 17.00000000 +5.0000000000000000e+00 +1.9999995714020460e+00 +1.8639810748148143e-03 +9.9993353479454361e-01 +1.0000000676441578e+00 +1.0000000711145565e+00 +1.0000000739654638e+00 +1.0000000760576648e+00 +1.1160512885983221e-05 +1.2604423172507555e-05 +1.3686930032034811e-05 +1.4310821326552888e-05 +1.4413732402165414e-05
 17.50000000 +5.0000000000000000e+00 +2.0000004232791682e+00 +1.8641199715420667e-03 +9.9993236675011066e-01 +1.0000000556074859e+00 +1.0000000570720140e+00 +1.0000000593724176e+00 +1.0000000625869951e+00 +1.2793528967468332e-05 +1.3682012147938611e-05 +1.4042859908557575e-05 +1.3830708324042300e-05 +1.3049513447179076e-05
 18.00000000 +5.0000000000000000e+00 +1.9999997456743865e+00 +1.8666577743296361e-03 +9.9992442010680027e-01 +9.9999998100036191e-01 +9.9999997324535517e-01 +9.9999996609936181e-01 +9.9999995983930923e-01 +1.7137102479217409e-05 +1.6756831577382716e-05 +1.5729365113235193e-05 +1.4100936474033145e-05 +1.1975471129464937e-05
 18.50000000 +5.0000000000000000e+00 +1.9999996063648486e+00 +1.8671859496972320e-03 +9.9992202400002861e-01 +9.9999998977552951e-01 +9.9999998354063091e-01 +9.9999997639415039e-01 +9.9999996839873007e-01 +1.9737656276971200e-05 +1.8151156656936863e-05 +1.6016873129574918e-05 +1.3467868296975182e-05 +1.0684330182705946e-05
 19.00000000 +5.0000000000000000e+00 +2.0000007087599152e+00 +1.8602149598680856e-03 +9.9993999001860578e-01 +9.9999997068704549e-01 +9.9999996300676153e-01 +9.9999995561687216e-01 +9.9999994874908393e-01 +1.5952863911596756e-05 +1.4277120269129009e-05 +1.2226107373076894e-05 +9.9776766057014737e-06 +7.7381539895916090e-06
 19.50000000 +5.0000000000000000e+00 +2.0000004537982465e+00 +1.8566375651073704e-03 +9.9994806062414676e-01 +9.9999986133766161e-01 +9.9999986511289463e-01 +9.9999987009649993e-01 +9.9999987641379062e-01 +1.6680588749267308e-05 +1.3506033372417796e-05 +1.0285155177126769e-05 +7.2735217438061607e-06 +4.7211131409970283e-06
 20.00000000 +5.0000000000000000e+00 +2.0000000064382095e+00 +1.8584932473769040e-03 +9.9994438125685214e-01 +9.9999986216342429e-01 +9.9999986063044677e-01 +9.9999986068151814e-01 +9.9999986237347516e-01 +1.5564861906712904e-05 +1.3268801706716525e-05 +1.1008130980562437e-05 +8.9788565402978371e-06 +7.3522515372951916e-06
 20.50000000 +5.0000000000000000e+00 +2.0000006332910458e+00 +1.8541734750282344e-03 +9.9995592490333651e-01 +1.0000000653694949e+00 +1.0000000742322830e+00 +1.0000000831107623e+00 +1.0000000913293563e+00 +1.2412337521248200e-05 +1.0070630225551970e-05 +8.1595380286585290e-06 +6.8547499016250259e-06 +6.2637927422837689e-06
 21.00000000 +5.0000000000000000e+00 +1.9999989108637926e+00 +1.8460072173414532e-03 +9.9997693675819643e-01 +9.9999985657730139e-01 +9.9999985425539739e-01 +9.9999985296198768e-01 +9.9999985284708248e-01 +7.9377006361268106e-06 +5.6737581126484625e-06 +4.0303011854701759e-06 +3.1027813269701288e-06 +2.9020618421277914e-06
 21.50000000 +5.0000000000000000e+00 +1.9999990725337138e+00 +1.8407792556447231e-03 +9.9999169298789148e-01 +9.9999992338238075e-01 +9.9999991564042068e-01 +9.9999990768181446e-01 +9.9999989955299007e-01 +2.4415121180574148e-06 +1.1998728037037049e-06 +8.7026539957870001e-07 +1.4239706666234543e-06 +2.7251316613278368e-06
 22.00000000 +5.0000000000000000e+00 +1.9999998402722972e+00 +1.8473712684885213e-03 +9.9997637644249726e-01 +1.0000000495694019e+00 +1.0000000254489063e+00 +9.9999999846244225e-01 +9.9999996970242799e-01 +2.6622077397178752e-06 +2.8944836462351145e-06 +4.0190730201975138e-06 +5.8594429179933002e-06 +8.1451542397609482e-06
 22.50000000 +5.0000000000000000e+00 +1.9999974172134571e+00 +1.8531355336065742e-03 +9.9996136817690506e-01 +9.9999995748797155e-01 +9.9999995516033624e-01 +9.9999995523395990e-01 +9.9999995781757689e-01 +6.0852507894987280e-06 +6.3814955601831478e-06 +7.3291164332635387e-06 +8.7213521879493058e-06 +1.0288919526009465e-05
 23.00000000 +5.0000000000000000e+00 +1.9999982727827110e+00 +1.8598864025620966e-03 +9.9994459480308517e-01 +9.9999990940387329e-01 +9.9999991131689414e-01 +9.9999991658694221e-01 +9.9999992509999680e-01 +8.1379491069774825e-06 +9.6083070705956577e-06 +1.1267928967806900e-05 +1.2807410301931934e-05 +1.3921195461408265e-05
 23.50000000 +5.0000000000000000e+00 +1.9999988472206132e+00 +1.8701811898644669e-03 +9.9991846725637357e-01 +9.9999983715501550e-01 +9.9999984253315455e-01 +9.9999985255733126e-01 +9.9999986747922731e-01 +1.2724180027479874e-05 +1.5139502505649300e-05 +1.7143008379386925e-05 +1.8413622514690747e-05 +1.8712705360576201e-05
 24.00000000 +5.0000000000000000e+00 +1.9999970980272088e+00 +1.8501129198286591e-03 +9.9996858080400408e-01 +9.9999976230409926e-01 +9.9999975536397701e-01 +9.9999975707783861e-01 +9.9999976814253921e-01 +4.4302747013877914e-06 +5.9977329708122692e-06 +7.1313094735206862e-06 +7.5875484950363589e-06 +7.2294447563586786e-06
 24.50000000 +5.0000000000000000e+00 +1.9999956675675625e+00 +1.8722308458190733e-03 +9.9991001221050724e-01 +1.0000001551423658e+00 +1.0000001460900758e+00 +1.0000001368103821e+00 +1.0000001285493116e+00 +1.9916574187663569e-05 +1.9863844377156153e-05 +1.8866750050026952e-05 +1.6855570801506620e-05 +1.3918455297582494e-05
 25.00000000 +5.0000000000000000e+00 +1.9999974857906346e+00 +1.8627804816168832e-03 +9.9993519891946114e-01 +9.9999980428328339e-01 +9.9999979678624773e-01 +9.9999979258745986e-01 +9.9999979244265713e-01 +1.3163662649161277e-05 +1.4073464724851274e-05 +1.4047740473966708e-05 +1.3063890883018674e-05 +1.1266224382106396e-05
 25.50000000 +5.0000000000000000e+00 +1.9999959578731661e+00 +1.8590142053919777e-03 +9.9994346594363170e-01 +1.0000000050902131e+00 +1.0000000126002007e+00 +1.0000000176531265e+00 +1.0000000202670631e+00 +1.3892588619581691e-05 +1.3375525338260498e-05 +1.1990411504544834e-05 +9.8823499554094755e-06 +7.3375765612621269e-06
 26.00000000 +5.0000000000000000e+00 +1.9999955992011196e+00 +1.8612015796316166e-03 +9.9993645240983531e-01 +1.0000000342819721e+00 +1.0000000286612718e+00 +1.0000000201283634e+00 +1.0000000090681598e+00 +1.8525118645052855e-05 +1.6032299025851886e-05 +1.2924977824775789e-05 +9.5663416310326058e-06 +6.4067131438150938e-06
 26.50000000 +5.0000000000000000e+00 +1.9999977003165343e+00 +1.8566465990410399e-03 +9.9994877396732906e-01 +9.9999983354683086e-01 +9.9999983589485697e-01 +9.9999984792579721e-01 +9.9999987040434923e-01 +1.4723338257695697e-05 +1.3135678295686251e-05 +1.0755134251682880e-05 +7.9733421553461410e-06 +5.2507678007687305e-06
 27.00000000 +5.0000000000000000e+00 +1.9999961083593509e+00 +1.8554977872521003e-03 +9.9995106897650898e-01 +9.9999985948054948e-01 +9.9999983131221326e-01 +9.9999981014017314e-01 +9.9999979786832582e-01 +1.6025645175128420e-05 +1.2998915607532235e-05 +9.7292775348118974e-06 +6.6650456113351168e-06 +4.2133448203403119e-06
 27.50000000 +5.0000000000000000e+00 +1.9999957524450702e+00 +1.8562934946660722e-03 +9.9994940106380847e-01 +9.9999986719541489e-01 +9.9999983988979213e-01 +9.9999980919404574e-01 +9.9999977608024460e-01 +1.6553422900002407e-05 +1.2641599343440833e-05 +9.2953417065470775e-06 +6.9497561891825993e-06 +5.8664650953349361e-06
 28.00000000 +5.0000000000000000e+00 +1.9999984781342042e+00 +1.8464375587244955e-03 +9.9997663963517569e-01 +1.0000000081853946e+00 +9.9999999061620615e-01 +9.9999997830727760e-01 +9.9999997355252368e-01 +6.9209157512933827e-06 +4.8256730119011472e-06 +3.6117486276865447e-06 +3.5123614701407860e-06 +4.5389961544619424e-06
 28.50000000 +5.0000000000000000e+00 +1.9999987742011731e+00 +1.8421750877910144e-03 +9.9998881301214138e-01 +1.0000000638456592e+00 +1.0000000895816468e+00 +1.0000001141561468e+00 +1.0000001366408204e+00 +1.8723996867335652e-06 +8.6718643236890916e-07 +1.0449677361447150e-06 +2.3860135343772158e-06 +4.6122058242780407e-06
 29.00000000 +5.0000000000000000e+00 +1.9999979987157286e+00 +1.8591747975845977e-03 +9.9994766836040594e-01 +1.0000002207494481e+00 +1.0000001928619844e+00 +1.0000001725301495e+00 +1.0000001613317626e+00 +5.7071304599533445e-06 +7.2343886058260424e-06 +9.7272582846667664e-06 +1.2845985630335346e-05 +1.6069406320890926e-05
 29.50000000 +5.0000000000000000e+00 +1.9999961561271922e+00 +1.8572496923371636e-03 +9.9995095030771930e-01 +9.9999988310934562e-01 +9.9999991656238640e-01 +9.9999995056081126e-01 +9.9999998297049963e-01 +8.0909892113634831e-06 +8.3363098163739796e-06 +9.4215803370234220e-06 +1.0974814228155087e-05 +1.2492800616251067e-05
 30.00000000 +5.0000000000000000e+00 +1.9999982565807670e+00 +1.8402666949659085e-03 +9.9999339552367317e-01 +9.9999986285808395e-01 +9.9999983003138426e-01 +9.9999979664282423e-01 +9.9999976446082983e-01 +6.2433277286984479e-07 +6.2042507171119419e-07 +1.2383164378742645e-06 +2.0978926806645414e-06 +2.7695167275490604e-06
 30.50000000 +5.0000000000000000e+00 +1.9999989569503380e+00 +1.8609582293206740e-03 +9.9994101018178638e-01 +1.0000002764138090e+00 +1.0000002710334219e+00 +1.0000002589323835e+00 +1.0000002400674743e+00 +9.9071984756912283e-06 +1.0797228221670061e-05 +1.1881337181182996e-05 +1.2665111813993208e-05 +1.2692493261013218e-05
 31.00000000 +5.0000000000000000e+00 +2.0000014160032435e+00 +1.8410927629569150e-03 +9.9999300643335254e-01 +1.0000000194705336e+00 +9.9999998985874528e-01 +9.9999997280518460e-01 +9.9999996951317660e-01 -3.3291673599136518e-06 -6.4881938390545508e-07 +1.9683543684796499e-06 +3.9886740027151634e-06 +5.0628857314973535e-06
 31.50000000 +5.0000000000000000e+00 +1.9999949022106629e+00 +1.8857173684986306e-03 +9.9987640883163653e-01 +9.9999974167838912e-01 +9.9999973142591503e-01 +9.9999973029744771e-01 +9.9999974291557170e-01 +2.5381137687545857e-05 +2.6287729202070377e-05 +2.6195879287046022e-05 +2.4771808846293129e-05 +2.2008295721203066e-05
 32.00000000 +5.0000000000000000e+00 +1.9999995052672916e+00 +1.8583502802107172e-03 +9.9994556276234114e-01 +1.0000001869863988e+00 +1.0000001370703899e+00 +1.0000000793844006e+00 +1.0000000150322073e+00 +1.2047942955375720e-05 +1.2804149400458852e-05 +1.2158564419702959e-05 +1.0081060470941958e-05 +6.9270369486897462e-06
 32.50000000 +5.0000000000000000e+00 +1.9999980874527608e+00 +1.8663676685425788e-03 +9.9992562388917772e-01 +1.0000003267278266e+00 +1.0000003063395031e+00 +1.0000002736771609e+00 +1.0000002316110126e+00 +1.5311085905908753e-05 +1.6452185793038494e-05 +1.6016552746658744e-05 +1.4140540775086950e-05 +1.1317394254475626e-05
 33.00000000 +5.0000000000000000e+00 +1.9999978242880023e+00 +1.8746943131341415e-03 +9.9990244439773257e-01 +9.9999986713127875e-01 +9.9999988154472641e-01 +9.9999989499069442e-01 +9.9999990692929119e-01 +2.4389435265817600e-05 +2.3206422493370260e-05 +2.0564170357445132e-05 +1.6907359612058287e-05 +1.2937620968050456e-05
 33.50000000 +5.0000000000000000e+00 +1.9999961402160171e+00 +1.8544358937052075e-03 +9.9995260697424937e-01 +9.9999974741049991e-01 +9.9999975434869015e-01 +9.9999977430910414e-01 +9.9999981036394692e-01 +1.6998155473102507e-05 +1.4160710539223472e-05 +1.0194156120671469e-05 +5.6633346624573828e-06 +1.2902348478418722e-06
 34.00000000 +5.0000000000000000e+00 +1.9999971547410409e+00 +1.8549766495906503e-03 +9.9995345188937457e-01 +9.9999978681668289e-01 +9.9999977375654603e-01 +9.9999975538113439e-01 +9.9999973307736789e-01 +1.4130765974072724e-05 +1.1740600658498059e-05 +9.0984424259147279e-06 +6.8738804457354504e-06 +5.6553880537117371e-06
 34.50000000 +5.0000000000000000e+00 +1.9999955743163524e+00 +1.8619927401454547e-03 +9.9993578312699505e-01 +9.9999969188843352e-01 +9.9999963863505614e-01 +9.9999958810783363e-01 +9.9999954337349672e-01 +1.7656653623036004e-05 +1.4894234576748547e-05 +1.2410456112958874e-05 +1.0718905209188514e-05 +1.0074612995129178e-05
 35.00000000 +5.0000000000000000e+00 +1.9999960107833128e+00 +1.8597942211323610e-03 +9.9994139596060394e-01 +9.9999963607931353e-01 +9.9999961470773380e-01 +9.9999960374708508e-01 +9.9999960058897952e-01 +1.6402888852448814e-05 +1.3654323414106846e-05 +1.1239249193283018e-05 +9.6757075598212988e-06 +9.1767411375175814e-06
 35.50000000 +5.0000000000000000e+00 +1.9999999737001777e+00 +1.8647272855716879e-03 +9.9993149900712697e-01 +1.0000004814943024e+00 +1.0000004826433611e+00 +1.0000004474363962e+00 +1.0000003765221135e+00 +1.3110549273685041e-05 +1.2184083736221276e-05 +1.2240556007371149e-05 +1.3489133632767574e-05 +1.5688573813865204e-05
 36.00000000 +5.0000000000000000e+00 +1.9999961708706662e+00 +1.8365491639218982e-03 +1.0000017565082591e+00 +9.9999970617034928e-01 +9.9999973868587144e-01 +9.9999976913921496e-01 +9.9999979209114986e-01 +1.7671305269553680e-06 -4.2240249567065472e-07 -1.3159125409406300e-06 -9.7008575971571610e-07 +1.7868497258313101e-07
 36.50000000 +5.0000000000000000e+00 +1.9999991448728924e+00 +1.8329661263213814e-03 +1.0000117076670987e+00 +1.0000001044807560e+00 +1.0000001739996316e+00 +1.0000002073123315e+00 +1.0000001990665921e+00 -1.7106617858736204e-06 -3.6129574215462960e-06 -3.8410830526724310e-06 -2.6247906375188192e-06 -6.0302692275563304e-07
 37.00000000 +5.0000000000000000e+00 +1.9999942639890833e+00 +1.8510316881494373e-03 +9.9996505868609908e-01 +1.0000001119923740e+00 +1.0000000665374866e+00 +1.0000000188318590e+00 +9.9999997082925163e-01 +8.0665085591565435e-06 +6.6483455811197624e-06 +6.3929420917985908e-06 +6.7273802858008668e-06 +6.9379470393987265e-06
 37.50000000 +5.0000000000000000e+00 +1.9999988684221162e+00 +1.8536599368544249e-03 +9.9995986321420938e-01 +9.9999987267495416e-01 +9.9999983615286936e-01 +9.9999983147637705e-01 +9.9999986285246967e-01 +5.9499637456016914e-06 +7.1746609715582634e-06 +8.5000616431924679e-06 +9.4373561274292732e-06 +9.6715927922167752e-06
 38.00000000 +5.0000000000000000e+00 +1.9999979625695208e+00 +1.8478586014440831e-03 +9.9997495961019256e-01 +1.0000002216958366e+00 +1.0000002015987550e+00 +1.0000001767421622e+00 +1.0000001451529319e+00 +1.7712483356787853e-06 +3.5042074895621451e-06 +5.3408743349276225e-06 +6.6416239287469514e-06 +7.0372485919709775e-06
 38.50000000 +5.0000000000000000e+00 +1.9999990374448648e+00 +1.8590632166309640e-03 +9.9994487879320249e-01 +9.9999956206813034e-01 +9.9999957310978671e-01 +9.9999959696277729e-01 +9.9999963481613385e-01 +9.6119417603984791e-06 +1.1922481447037219e-05 +1.3123539857610977e-05 +1.2445939929645780e-05 +9.6503537125584012e-06
 39.00000000 +5.0000000000000000e+00 +1.9999978599507939e+00 +1.8683996051724614e-03 +9.9992192596905360e-01 +1.0000001738287463e+00 +1.0000001774802716e+00 +1.0000001514903807e+00 +1.0000000974164689e+00 +1.3425790790734867e-05 +1.5360361101911921e-05 +1.6545593940345885e-05 +1.6596418875513991e-05 +1.5545644605733772e-05
 39.50000000 +5.0000000000000000e+00 +2.0000012227516359e+00 +1.8489865841320966e-03 +9.9997415738244921e-01 +1.0000001253607400e+00 +1.0000000919644125e+00 +1.0000000657916859e+00 +1.0000000489680325e+00 -1.4597499970102417e-06 +2.2620440030557811e-06 +5.6077590441749301e-06 +8.3746855536436943e-06 +1.0725786118122346e-05
 40.00000000 +5.0000000000000000e+00 +2.0000012897165216e+00 +1.8581491952236226e-03 +9.9994829663975637e-01 +9.9999935127513040e-01 +9.9999937609291778e-01 +9.9999940270043297e-01 +9.9999943037306205e-01 +8.8858915166769767e-06 +1.0611033037109158e-05 +1.1547671087696538e-05 +1.1705752698769641e-05 +1.1392571960939619e-05
 40.50000000 +5.0000000000000000e+00 +1.9999969853891093e+00 +1.8684652730970456e-03 +9.9991713924768433e-01 +1.0000001164856225e+00 +1.0000000016283499e+00 +9.9999987834747306e-01 +9.9999975903500549e-01 +2.3721444080111570e-05 +2.1785076205372744e-05 +1.7783914610389698e-05 +1.2544962408266628e-05 +7.2698551716837722e-06
 41.00000000 +5.0000000000000000e+00 +1.9999955784842993e+00 +1.8751104214823318e-03 +9.9990195519402991e-01 +1.0000001676876311e+00 +1.0000002150586664e+00 +1.0000002152465630e+00 +1.0000001685392732e+00 +2.3704447709100362e-05 +2.2236694293505722e-05 +1.9806491408934669e-05 +1.7011450859541945e-05 +1.4519184430270441e-05
 41.50000000 +5.0000000000000000e+00 +1.9999970171861621e+00 +1.8791891912230858e-03 +9.9989129686536449e-01 +1.0000002348518862e+00 +1.0000001139599184e+00 +9.9999996714768646e-01 +9.9999981544209393e-01 +2.6709702185581464e-05 +2.5010715922030839e-05 +2.2105951308536895e-05 +1.8818861090724392e-05 +1.5926509442535652e-05
 42.00000000 +5.0000000000000000e+00 +1.9999991039157665e+00 +1.8675660468945928e-03 +9.9992218528799948e-01 +1.0000001401242333e+00 +1.0000001051155909e+00 +1.0000000383096685e+00 +9.9999995083799575e-01 +1.7949374587762610e-05 +1.7158020865563222e-05 +1.5653229279193220e-05 +1.4054667564083805e-05 +1.2765040421622555e-05
 42.50000000 +5.0000000000000000e+00 +1.9999989274259942e+00 +1.8571337976625594e-03 +9.9995005484839850e-01 +9.9999991757899531e-01 +1.0000001274587755e+00 +1.0000003073556674e+00 +1.0000004342343336e+00 +1.0230261109589945e-05 +9.1841324414230922e-06 +8.9662134899357333e-06 +9.6981939580087533e-06 +1.1079717628776917e-05
 43.00000000 +5.0000000000000000e+00 +2.0000007468071943e+00 +1.8337838673613501e-03 +1.0000114389793564e+00 +9.9999962218592686e-01 +9.9999949701959068e-01 +9.9999938874426497e-01 +9.9999931110117213e-01 -4.0303912457808152e-06 -4.5939814009162176e-06 -3.5088585782013074e-06 -6.3099168562582742e-07 +3.5061989084001060e-06
 43.50000000 +5.0000000000000000e+00 +2.0000008077689411e+00 +1.8648863951414418e-03 +9.9993157841851921e-01 +1.0000006985785521e+00 +1.0000006329450788e+00 +1.0000005498058462e+00 +1.0000004600438273e+00 +1.0316309592110959e-05 +1.1891684440064651e-05 +1.3647401983899096e-05 +1.4977905373730789e-05 +1.5246905345082336e-05
 44.00000000 +5.0000000000000000e+00 +2.0000010684315153e+00 +1.8745477933471892e-03 +9.9991096673619428e-01 +9.9999966010472685e-01 +9.9999949101896823e-01 +9.9999931001220865e-01 +9.9999912875754204e-01 +9.3498325076582438e-06 +1.2595757354673616e-05 +1.7751677430647504e-05 +2.3531714634955845e-05 +2.8214398160176404e-05
 44.50000000 +5.0000000000000000e+00 +1.9999991779001953e+00 +1.8447067754525737e-03 +9.9998263772490459e-01 +9.9999918204414040e-01 +9.9999927730513316e-01 +9.9999939995578502e-01 +9.9999953548691878e-01 +2.5034886052903382e-06 +1.8827103195370306e-06 +3.1369921539558631e-06 +5.2970980191640942e-06 +7.1472025101583570e-06
 45.00000000 +5.0000000000000000e+00 +1.9999976275052123e+00 +1.8468329196069482e-03 +9.9997533950266670e-01 +9.9999974808179282e-01 +9.9999971783235986e-01 +9.9999970011684491e-01 +9.9999969558557344e-01 +6.7162774111178484e-06 +5.9494418608109976e-06 +5.2749464048405882e-06 +4.4450351196736841e-06 +3.4131786565369374e-06
 45.50000000 +5.0000000000000000e+00 +2.0000027036762842e+00 +1.8444845605567707e-03 +9.9998541694553889e-01 +1.0000004143201375e+00 +1.0000003709601484e+00 +1.0000003145654857e+00 +1.0000002611339280e+00 -4.0966636482281461e-06 -8.0186476248399989e-07 +3.0342080198474006e-06 +6.4179820798587856e-06 +8.6684136804380248e-06
 46.00000000 +5.0000000000000000e+00 +1.9999978378376853e+00 +1.8652037022459560e-03 +9.9993060511819210e-01 +1.0000001676636501e+00 +1.0000000122704884e+00 +9.9999987238171029e-01 +9.9999975872189806e-01 +1.0935019911966101e-05 +1.2963242423323658e-05 +1.4856565416841134e-05 +1.5701546731268176e-05 +1.5127472860100362e-05
 46.50000000 +5.0000000000000000e+00 +2.0000017347314460e+00 +1.8356156394333386e-03 +1.0000070869156870e+00 +1.0000000799989244e+00 +1.0000000609587132e+00 +9.9999999630834557e-01 +9.9999989703992631e-01 -5.6713638074161652e-06 -3.0072497634100986e-06 -9.4783233036983345e-07 +5.4224373403888719e-07 +1.9629767833054450e-06
 47.00000000 +5.0000000000000000e+00 +1.9999972157326469e+00 +1.8392490144385656e-03 +9.9999382212697763e-01 +1.0000000488018794e+00 +1.0000002128898327e+00 +1.0000003480787933e+00 +1.0000004320948626e+00 +4.3735703667296513e-06 +2.9301864812502490e-06 +9.5189448530808838e-07 -1.0112198685247412e-06 -2.1084210204541359e-06
 47.50000000 +5.0000000000000000e+00 +2.0000035377648362e+00 +1.8520926214812120e-03 +9.9996490339047128e-01 +9.9999954455590390e-01 +9.9999954785549550e-01 +9.9999952966029237e-01 +9.9999949015997747e-01 +2.9361743591276189e-06 +6.5043802183772261e-06 +8.5252995579101787e-06 +9.3088550243395258e-06 +9.7096760612010194e-06
 48.00000000 +5.0000000000000000e+00 +1.9999949255942424e+00 +1.8690665812487578e-03 +9.9991570730091084e-01 +9.9999988594539979e-01 +9.9999982461916681e-01 +9.9999972838464002e-01 +9.9999959195833743e-01 +2.3463329215048650e-05 +2.2334869256304859e-05 +1.8626232795222052e-05 +1.3261531083833002e-05 +7.5758293294720882e-06
 48.50000000 +5.0000000000000000e+00 +2.0000031412197576e+00 +1.8231807884619507e-03 +1.0000357977494021e+00 +9.9999976266376356e-01 +9.9999982306020407e-01 +9.9999990670807481e-01 +1.0000000058260969e+00 -3.7479232302108544e-06 -6.7256452435801392e-06 -8.9098341825836814e-06 -9.1394580987057264e-06 -6.7731425462281335e-06
 49.00000000 +5.0000000000000000e+00 +1.9999942947617506e+00 +1.8672385245979346e-03 +9.9992193075301095e-01 +9.9999943091364185e-01 +9.9999945859714467e-01 +9.9999945624525399e-01 +9.9999941580807894e-01 +1.9149621065229358e-05 +1.8427472645842696e-05 +1.6792865059674895e-05 +1.4450021509916436e-05 +1.1487702104906300e-05
 49.50000000 +5.0000000000000000e+00 +2.0000002635866245e+00 +1.8866040352953340e-03 +9.9987802084227195e-01 +1.0000006777004065e+00 +1.0000009877538032e+00 +1.0000012617659082e+00 +1.0000014564716693e+00 +1.7825169937334529e-05 +2.0158792460077311e-05 +2.3426157612716785e-05 +2.6883815231307089e-05 +2.9301529922984023e-05
 50.00000000 +5.0000000000000000e+00 +2.0000020080945982e+00 +1.8814463771679348e-03 +9.9989036844284440e-01 +1.0000005260011970e+00 +1.0000003110342532e+00 +1.0000000687380191e+00 +9.9999982905013696e-01 +1.7072103856408816e-05 +1.9529608698682149e-05 +2.2255158881217288e-05 +2.4534105532140683e-05 +2.5505754689508421e-05
 50.50000000 +5.0000000000000000e+00 +1.9999978718889548e+00 +1.8478219188672971e-03 +9.9997350968583820e-01 +1.0000005819486997e+00 +1.0000004892230938e+00 +1.0000003785663916e+00 +1.0000002658596510e+00 +6.1009388040642467e-06 +4.7170424250086973e-06 +4.3346583015814064e-06 +4.6285572216962574e-06 +4.9935210458559375e-06
 51.00000000 +5.0000000000000000e+00 +1.9999963670105181e+00 +1.8802623574450611e-03 +9.9989063973036341e-01 +1.0000003128915638e+00 +1.0000002248597359e+00 +1.0000001970288697e+00 +1.0000002231532359e+00 +2.3324888621324106e-05 +2.1219643221158710e-05 +2.0718314304609974e-05 +2.1316766008644252e-05 +2.1822726693307453e-05
 51.50000000 +5.0000000000000000e+00 +1.9999982430632344e+00 +1.8584055438393731e-03 +9.9994905993207506e-01 +9.9999984664609909e-01 +9.9999977660045880e-01 +9.9999973412677434e-01 +9.9999972258273562e-01 +6.0830649890278659e-06 +8.0609261524708912e-06 +1.0569303975077423e-05 +1.2837768905060559e-05 +1.4309052437780649e-05
 52.00000000 +5.0000000000000000e+00 +2.0000013011634796e+00 +1.8707821831541224e-03 +9.9991802705317057e-01 +1.0000004563499489e+00 +1.0000005772321410e+00 +1.0000006650558551e+00 +1.0000007026214310e+00 +9.9778500013787135e-06 +1.3077235864272283e-05 +1.6728384605490379e-05 +1.9440919616401770e-05 +2.0347297953920712e-05
 52.50000000 +5.0000000000000000e+00 +1.9999986294538428e+00 +1.8278702865674420e-03 +1.0000229453663589e+00 +1.0000000793786790e+00 +1.0000002425717764e+00 +1.0000003791633865e+00 +1.0000004625174173e+00 -1.2396643053761675e-06 -4.2647410253673854e-06 -5.8943363850806907e-06 -6.4174386802258134e-06 -6.2928224366657372e-06
 53.00000000 +5.0000000000000000e+00 +1.9999966423321007e+00 +1.8678121725076641e-03 +9.9992206878227508e-01 +1.0000010882411794e+00 +1.0000007791385557e+00 +1.0000004770774349e+00 +1.0000002334306402e+00 +1.6421008327271805e-05 +1.5904862447549899e-05 +1.5587082667119137e-05 +1.4682380976825536e-05 +1.2757997361842684e-05
 53.50000000 +5.0000000000000000e+00 +1.9999972320545634e+00 +1.8605257148337424e-03 +9.9993883933747574e-01 +1.0000006779471668e+00 +1.0000005187423422e+00 +1.0000003980326613e+00 +1.0000003338086041e+00 +1.8709003426372541e-05 +1.4077708320270338e-05 +1.0576676044863020e-05 +8.3212785879425323e-06 +7.5474670658697703e-06
 54.00000000 +5.0000000000000000e+00 +2.0000012822072142e+00 +1.8948694490589087e-03 +9.9985344957918254e-01 +1.0000000199785282e+00 +9.9999997202296220e-01 +9.9999999889329372e-01 +1.0000000856442659e+00 +2.8093551539945104e-05 +3.0693600674118246e-05 +3.1535606714330037e-05 +3.0012812030708710e-05 +2.6138317819404901e-05
 54.50000000 +5.0000000000000000e+00 +2.0000022919573825e+00 +1.8637560545890443e-03 +9.9993507435230033e-01 +9.9999976881572117e-01 +9.9999942384701446e-01 +9.9999913517306149e-01 +9.9999893486367963e-01 +1.0164824478042006e-05 +1.1777144430797811e-05 +1.3636010920295019e-05 +1.5405663386758614e-05 +1.6679299134895227e-05
 55.00000000 +5.0000000000000000e+00 +2.0000005114837300e+00 +1.8585538465583004e-03 +9.9994410678798662e-01 +9.9999924347073954e-01 +9.9999924927852180e-01 +9.9999936548557988e-01 +9.9999959319586074e-01 +1.5771801428717378e-05 +1.6118588126186512e-05 +1.3309889967503898e-05 +8.7591007889242820e-06 +4.4823976638176555e-06
 55.50000000 +5.0000000000000000e+00 +2.0000092880198683e+00 +1.8555373784141845e-03 +9.9996034405178913e-01 +9.9999927912663322e-01 +9.9999945322237926e-01 +9.9999969573331893e-01 +9.9999997810048824e-01 -4.9777330410922373e-06 +2.8031982002302756e-06 +9.8507384357600276e-06 +1.5209566774890897e-05 +1.8363995830527177e-05
 56.00000000 +5.0000000000000000e+00 +2.0000001072609352e+00 +1.8725746916825876e-03 +9.9990754336397369e-01 +9.9999997185083500e-01 +9.9999990599871347e-01 +9.9999982120798958e-01 +9.9999970700442020e-01 +2.3952265209930121e-05 +2.2180676696254998e-05 +1.8873720678890070e-05 +1.5359129327779730e-05 +1.2684777715447046e-05
 56.50000000 +5.0000000000000000e+00 +1.9999990168694808e+00 +1.8416247314918851e-03 +9.9998751635759298e-01 +9.9999993134272358e-01 +9.9999958546587409e-01 +9.9999925194709738e-01 +9.9999893804531126e-01 +9.5097558798783356e-06 +4.5071550926346801e-06 +6.0315323000657188e-07 -7.4652030234441665e-07 +9.0330220197040895e-07
 57.00000000 +5.0000000000000000e+00 +2.0000030915212910e+00 +1.8558473609150256e-03 +9.9995393592759219e-01 +9.9999990561365648e-01 +1.0000001160758631e+00 +1.0000002708993843e+00 +1.0000003286794525e+00 +7.9694277231632023e-06 +8.1009585853069588e-06 +8.8344801758589325e-06 +9.8464024950946590e-06 +1.0691537858378288e-05
 57.50000000 +5.0000000000000000e+00 +2.0000031223769161e+00 +1.8802253429854717e-03 +9.9988983239386409e-01 +1.0000002729280608e+00 +1.0000003518660256e+00 +1.0000004015554940e+00 +1.0000004264762257e+00 +2.4630455669944671e-05 +2.3888795515801679e-05 +2.2206102864747950e-05 +2.0066632660966785e-05 +1.7922796804242025e-05
 58.00000000 +5.0000000000000000e+00 +2.0000020521332629e+00 +1.8443772290020199e-03 +9.9998004356966519e-01 +1.0000000064421142e+00 +9.9999993413003530e-01 +9.9999992522636616e-01 +9.9999997631395821e-01 +7.4910894808128553e-06 +5.4716213417871253e-06 +4.1109756294349164e-06 +2.6875842568474348e-06 +3.5304252861670087e-07
 58.50000000 +5.0000000000000000e+00 +2.0000061649010981e+00 +1.8769836073302406e-03 +9.9990275632720815e-01 +1.0000011738091785e+00 +1.0000011215307314e+00 +1.0000010157034727e+00 +1.0000008316348938e+00 +1.1675397699277411e-05 +1.4517521910550598e-05 +1.8741138819871877e-05 +2.2923716606831770e-05 +2.5243211178890166e-05
 59.00000000 +5.0000000000000000e+00 +2.0000014635486094e+00 +1.8826109561098576e-03 +9.9988630316047844e-01 +9.9999985111709977e-01 +9.9999986818116404e-01 +9.9999982441803226e-01 +9.9999972513921076e-01 +1.9413803259049457e-05 +2.1461354896857717e-05 +2.3891179781504010e-05 +2.5229900942942078e-05 +2.4431745797157972e-05
 59.50000000 +5.0000000000000000e+00 +2.0000117831670270e+00 +1.8239709164388905e-03 +1.0000406326207938e+00 +9.9999927911316300e-01 +9.9999944104367522e-01 +9.9999956319217020e-01 +9.9999962674543930e-01 -1.8769161176717144e-05 -1.5960475162526150e-05 -9.3481214935039010e-06 -1.0836051149360811e-06 +6.6186467217252694e-06
 60.00000000 +5.0000000000000000e+00 +2.0000053371943776e+00 +1.8152958474754188e-03 +1.0000583108648686e+00 +9.9999902571091903e-01 +9.9999936108170751e-01 +9.9999965125353285e-01 +9.9999983235152179e-01 -1.1118729715483152e-05 -1.4190430860746600e-05 -1.4157368288904854e-05 -1.1000269531342069e-05 -5.7144694959846886e-06
 60.50000000 +5.0000000000000000e+00 +2.0000035391373663e+00 +1.9166850337346225e-03 +9.9980121042320536e-01 +1.0000007272178761e+00 +1.0000006594637874e+00 +1.0000005625727315e+00 +1.0000004548942720e+00 +3.3805970222050059e-05 +3.7723516969379161e-05 +4.0691560644116927e-05 +4.2130303813010372e-05 +4.2034083351682426e-05
 61.00000000 +5.0000000000000000e+00 +1.9999926393397411e+00 +1.8628743212561541e-03 +9.9992860673044071e-01 +9.9999990705543262e-01 +9.9999994476056686e-01 +9.9999999300651565e-01 +1.0000000291929483e+00 +2.6931910435961864e-05 +2.0901114382430795e-05 +1.4339870328712182e-05 +7.6664286444283887e-06 +1.6799332930382795e-06
 61.50000000 +5.0000000000000000e+00 +2.0000013841735207e+00 +1.8694682726613870e-03 +9.9991858270173528e-01 +1.0000000613444240e+00 +1.0000000430491589e+00 +9.9999997340917501e-01 +9.9999985844870221e-01 +1.3995888838354131e-05 +1.7449419219407915e-05 +1.8896948830764409e-05 +1.7621833524800250e-05 +1.3516950351377586e-05
 62.00000000 +5.0000000000000000e+00 +2.0000041476239403e+00 +1.8491153705254974e-03 +9.9997281811671801e-01 +1.0000003937936182e+00 +1.0000003412133971e+00 +1.0000002989355301e+00 +1.0000002460681994e+00 -3.7873404638469591e-07 +3.1944594041115057e-06 +5.9323958806194297e-06 +7.7720208260573342e-06 +9.3817374068591166e-06
 62.50000000 +5.0000000000000000e+00 +1.9999977028598812e+00 +1.8286834234705431e-03 +1.0000202799250526e+00 +1.0000000799029520e+00 +1.0000000893930434e+00 +9.9999996952392634e-01 +9.9999969265198041e-01 +7.4279357063027359e-07 -1.8872178341840719e-06 -4.6819010616631543e-06 -6.8283191703441497e-06 -7.4567458866147798e-06
 63.00000000 +5.0000000000000000e+00 +1.9999965874867587e+00 +1.8842617802387431e-03 +9.9987983050170681e-01 +1.0000005579911222e+00 +1.0000003848438987e+00 +1.0000001889772088e+00 +9.9999994587410190e-01 +2.5762019436882393e-05 +2.6021448030593874e-05 +2.4595810647076166e-05 +2.2395900652773429e-05 +2.0316631827828372e-05
 63.50000000 +5.0000000000000000e+00 +1.9999940078792400e+00 +1.9247539225784498e-03 +9.9977594837257788e-01 +1.0000008033507786e+00 +1.0000010715515373e+00 +1.0000012803154361e+00 +1.0000013979035238e+00 +4.5767750156529231e-05 +4.6578597309674731e-05 +4.5571055359367475e-05 +4.2976630961817309e-05 +3.8604471892898087e-05
 64.00000000 +5.0000000000000000e+00 +2.0000015156506188e+00 +1.8096472492681651e-03 +1.0000690116625759e+00 +9.9999872591769234e-01 +9.9999869042263534e-01 +9.9999873569194331e-01 +9.9999891288470533e-01 -7.9018572958326506e-06 -1.1386036093090655e-05 -1.4148479919298191e-05 -1.5412959230335551e-05 -1.5227246112346968e-05
 64.50000000 +5.0000000000000000e+00 +1.9999993825992750e+00 +1.8085686807499570e-03 +1.0000674807084795e+00 +1.0000001298375929e+00 +1.0000005918157726e+00 +1.0000009192682668e+00 +1.0000010108815032e+00 -2.6320796941494251e-06 -8.8372858293124046e-06 -1.5269864768029733e-05 -2.0322368494370735e-05 -2.3070911867258915e-05
 65.00000000 +5.0000000000000000e+00 +2.0000048697787434e+00 +1.8602102002870599e-03 +9.9994638603628005e-01 +9.9999951317318247e-01 +9.9999971704701107e-01 +9.9999989037481629e-01 +9.9999999212126733e-01 +2.1663400209651312e-06 +6.1888392644173374e-06 +1.1410602871101743e-05 +1.6199819485058593e-05 +1.8535648994628713e-05
 65.50000000 +5.0000000000000000e+00 +2.0000061615363021e+00 +1.8508122501483270e-03 +9.9996747119927309e-01 +1.0000005479348211e+00 +1.0000004159285911e+00 +1.0000003169378522e+00 +1.0000001966342109e+00 +4.1849287739049349e-06 +4.7064085123250251e-06 +5.6368139214746433e-06 +7.2589168072665356e-06 +9.2642946076862534e-06
 66.00000000 +5.0000000000000000e+00 +2.0000007778100586e+00 +1.8591167822707387e-03 +9.9994434753002237e-01 +1.0000011736862411e+00 +1.0000008588750882e+00 +1.0000004591378404e+00 +1.0000000589156020e+00 +1.1934735522154839e-05 +1.2260956791273214e-05 +1.1605828317437367e-05 +9.8494190010962923e-06 +7.4509083690369953e-06
 66.50000000 +5.0000000000000000e+00 +2.0000066352246888e+00 +1.8538405967350379e-03 +9.9996162840754110e-01 +9.9999903345881025e-01 +9.9999841361246256e-01 +9.9999788753878671e-01 +9.9999756997993405e-01 +3.6488241255468342e-06 +7.7422818796756473e-06 +1.0177313112290681e-05 +1.1358796740212634e-05 +1.2539785680173254e-05
 67.00000000 +5.0000000000000000e+00 +1.9999961111115858e+00 +1.8747041231082424e-03 +9.9989642602107309e-01 +1.0000002217083463e+00 +1.0000003073979526e+00 +1.0000002499960421e+00 +9.9999999986345656e-01 +3.9119928019135228e-05 +3.0116929995227920e-05 +1.9839766215610031e-05 +1.0320831837902089e-05 +3.3975535122183975e-06
 67.50000000 +5.0000000000000000e+00 +2.0000039187135483e+00 +1.8606786306125667e-03 +9.9994460699633703e-01 +1.0000007032171334e+00 +1.0000007571504737e+00 +1.0000006295733979e+00 +1.0000003638313806e+00 +1.4727652011667765e-06 +8.3075869243319949e-06 +1.3337675283364279e-05 +1.5566983503773129e-05 +1.4254215456887147e-05
 68.00000000 +5.0000000000000000e+00 +1.9999965917671334e+00 +1.8686761810824447e-03 +9.9991506300406985e-01 +9.9999909927113007e-01 +9.9999920639011153e-01 +9.9999931958218025e-01 +9.9999941021960992e-01 +2.9340270441014171e-05 +2.2502424092870199e-05 +1.5937709191315259e-05 +1.1125737657808942e-05 +8.9953948796528236e-06
 68.50000000 +5.0000000000000000e+00 +2.0000064052634769e+00 +1.8067894717510749e-03 +1.0000747097378242e+00 +9.9999973362213879e-01 +9.9999972905817025e-01 +9.9999969469807259e-01 +9.9999964563570320e-01 -8.9584530138967127e-06 -1.2289303126793074e-05 -1.5377022232089415e-05 -1.7894602080124470e-05 -1.8993376146601523e-05
 69.00000000 +5.0000000000000000e+00 +2.0000071530364152e+00 +1.8527329581906093e-03 +9.9996571217200014e-01 +9.9999969744160611e-01 +9.9999981646133573e-01 +9.9999988760337744e-01 +9.9999989315256965e-01 +3.7959604190136870e-07 +1.7380509907838217e-06 +5.3452805299151262e-06 +1.0664724331840367e-05 +1.6865514481987214e-05
 69.50000000 +5.0000000000000000e+00 +2.0000031875671880e+00 +1.8531886764500637e-03 +9.9996387195414393e-01 +1.0000010353417181e+00 +1.0000007325439180e+00 +1.0000003472242356e+00 +9.9999996803139068e-01 -5.9425295562077720e-07 +4.3812111415260762e-06 +8.0406388106026120e-06 +1.0405873107793951e-05 +1.1811440247531577e-05
 70.00000000 +5.0000000000000000e+00 +2.0000025479216550e+00 +1.8771724768168209e-03 +9.9989604818374989e-01 +1.0000005004837325e+00 +1.0000009425037804e+00 +1.0000011766303580e+00 +1.0000011411383554e+00 +2.5153303489123929e-05 +2.3957185141235572e-05 +2.0749426034110240e-05 +1.6852687199969971e-05 +1.3478462298952448e-05
 70.50000000 +5.0000000000000000e+00 +2.0000053279253716e+00 +1.8092223680211707e-03 +1.0000703736445600e+00 +1.0000013074593570e+00 +1.0000011672353193e+00 +1.0000009710320312e+00 +1.0000007497528827e+00 -9.3747236064080730e-06 -1.4127109760498273e-05 -1.7703457158712775e-05 -1.8405468588068207e-05 -1.4958364829867581e-05
 71.00000000 +5.0000000000000000e+00 +1.9999871450300499e+00 +1.8801635747608954e-03 +9.9988131214230702e-01 +9.9999912248976919e-01 +9.9999929462445325e-01 +9.9999943761969090e-01 +9.9999946001493412e-01 +4.3922480292364952e-05 +3.6401058355738020e-05 +2.4797200423720135e-05 +1.2993939591235500e-05 +3.2584292113360609e-06
 71.50000000 +5.0000000000000000e+00 +2.0000169328722714e+00 +1.8597796027575075e-03 +9.9995214723016357e-01 +9.9999957787880889e-01 +9.9999945926202827e-01 +9.9999944205787439e-01 +9.9999946651848026e-01 -1.0913238837212583e-05 +2.3302874787482016e-06 +1.4207354379538914e-05 +2.1485961909191112e-05 +2.2796691994315992e-05
 72.00000000 +5.0000000000000000e+00 +2.0000091226327226e+00 +1.7917544017854398e-03 +1.0001151293468347e+00 +1.0000001862981858e+00 +1.0000005631963333e+00 +1.0000009780456947e+00 +1.0000014153695482e+00 -1.8862721406597874e-05 -2.3152482292305232e-05 -2.6253110670318498e-05 -2.6566536102484545e-05 -2.3437411882319585e-05
 72.50000000 +5.0000000000000000e+00 +2.0000056000399815e+00 +1.8643097598326813e-03 +9.9993525718311327e-01 +9.9999988953306640e-01 +9.9999964494334159e-01 +9.9999961883780719e-01 +9.9999984558014809e-01 +5.7495384304760618e-06 +1.0076119985287480e-05 +1.3754925126252939e-05 +1.6786019211086642e-05 +1.9377318470123870e-05
 73.00000000 +5.0000000000000000e+00 +2.0000057079706433e+00 +1.8155705790306338e-03 +1.0000547225649075e+00 +9.9999863038460468e-01 +9.9999855186094155e-01 +9.9999857902298439e-01 +9.9999871093850767e-01 -6.5136531877833332e-06 -1.1652742176437235e-05 -1.2619258073958820e-05 -1.0688973556903765e-05 -7.7201506441496685e-06
 73.50000000 +5.0000000000000000e+00 +2.0000054810939725e+00 +1.8703760567141592e-03 +9.9991558404623571e-01 +1.0000007283600183e+00 +1.0000003739228507e+00 +9.9999998484162655e-01 +9.9999965883485331e-01 +1.7441087698892715e-05 +1.6685447596196127e-05 +1.6592184041802079e-05 +1.6632439265152460e-05 +1.6318837674405835e-05
 74.00000000 +5.0000000000000000e+00 +2.0000080119972941e+00 +1.8538361687867790e-03 +9.9996005540771216e-01 +1.0000002717048737e+00 +1.0000005193473318e+00 +1.0000008815657428e+00 +1.0000012691946039e+00 +5.7362748716608657e-06 +3.9786342880411956e-06 +5.7029481653899335e-06 +9.3043251362261761e-06 +1.2280601271942254e-05
 74.50000000 +5.0000000000000000e+00 +2.0000100292928291e+00 +1.7405945650495712e-03 +1.0002517576023398e+00 +1.0000000784771108e+00 +1.0000006339091367e+00 +1.0000010393418945e+00 +1.0000011037575678e+00 -6.0663381637904681e-05 -5.8660574182117716e-05 -5.2646551773441408e-05 -4.5072020241177114e-05 -3.7570557087473213e-05
 75.00000000 +5.0000000000000000e+00 +2.0000130506639180e+00 +1.8483704529650802e-03 +9.9997657789711936e-01 +1.0000003399502302e+00 +9.9999988862691469e-01 +9.9999945215961161e-01 +9.9999911473843162e-01 -3.1158829238866589e-06 +2.1772426274432128e-06 +6.9017362537265862e-06 +9.3943419624786689e-06 +9.2691900760303248e-06
 75.50000000 +5.0000000000000000e+00 +2.0000091887276237e+00 +1.8746915355531781e-03 +9.9990937536433444e-01 +1.0000011186764231e+00 +1.0000008666092424e+00 +1.0000005230412863e+00 +1.0000001533932987e+00 +8.6051765609943776e-06 +1.3233697470200480e-05 +1.8600679042901682e-05 +2.2934192632648620e-05 +2.4589173446099010e-05
 76.00000000 +5.0000000000000000e+00 +2.0000057757952470e+00 +1.8292334556507244e-03 +1.0000202615695883e+00 +1.0000008812605812e+00 +1.0000008729885050e+00 +1.0000008004122540e+00 +1.0000006508042978e+00 -1.8316699086840245e-06 -1.6731000734847248e-06 -4.3780884656018055e-06 -7.4624829124084215e-06 -8.1216879840790495e-06
 76.50000000 +5.0000000000000000e+00 +1.9999972617929578e+00 +1.8716962990859166e-03 +9.9991436401660128e-01 +9.9999838424251819e-01 +9.9999862333957368e-01 +9.9999905714152992e-01 +9.9999944691874609e-01 +1.7724031237615605e-05 +1.7182398840087604e-05 +1.7347761491917827e-05 +1.8329567733647350e-05 +1.9540580449391656e-05
 77.00000000 +5.0000000000000000e+00 +1.9999894219644521e+00 +1.8272488879413581e-03 +1.0000188482217081e+00 +9.9999921770596834e-01 +9.9999866799816983e-01 +9.9999841478343532e-01 +9.9999857263808478e-01 +1.2263831920456271e-05 +5.1116383241294809e-06 -3.1655262078793112e-06 -1.0956808984210502e-05 -1.6974484153780405e-05
 77.50000000 +5.0000000000000000e+00 +2.0000060173126677e+00 +1.8647701978040682e-03 +9.9992966491315294e-01 +9.9999938437738278e-01 +9.9999974571422734e-01 +9.9999990921374815e-01 +9.9999979410136042e-01 +1.3027693247840316e-05 +1.6011886443052831e-05 +1.7356314901107859e-05 +1.5561281815104051e-05 +9.5445073927146785e-06
 78.00000000 +5.0000000000000000e+00 +1.9999851234983448e+00 +1.8821397709804454e-03 +9.9987861488037433e-01 +9.9999984600653469e-01 +9.9999971228611584e-01 +9.9999958632357000e-01 +9.9999941730401498e-01 +4.2004541697335438e-05 +3.1026364087874247e-05 +2.2049389682190415e-05 +1.5760978761448207e-05 +1.1981917866218167e-05
 78.50000000 +5.0000000000000000e+00 +1.9999928696347340e+00 +1.8216847435698052e-03 +1.0000318125418199e+00 +9.9999786278187153e-01 +9.9999775377770439e-01 +9.9999789602735922e-01 +9.9999812899649965e-01 +1.5288153725198505e-05 +3.9184255760482674e-06 -7.1575476210670854e-06 -1.5571002989629903e-05 -1.9932149952404716e-05
 79.00000000 +5.0000000000000000e+00 +2.0000054866560135e+00 +1.9175385135075905e-03 +9.9980016534281557e-01 +1.0000008005677907e+00 +1.0000003790029441e+00 +9.9999984863359426e-01 +9.9999931922342100e-01 +3.2835451829804453e-05 +3.6413464003185767e-05 +4.0247787373521305e-05 +4.3900356027305866e-05 +4.6090170336781051e-05
 79.50000000 +5.0000000000000000e+00 +2.0000060032068658e+00 +1.8006804001280369e-03 +1.0000937381175488e+00 +9.9999919061210119e-01 +9.9999957573965925e-01 +9.9999993232211470e-01 +1.0000001606413040e+00 -1.9474776713309965e-05 -2.0622870802787991e-05 -1.9685936252012823e-05 -1.7290758607518094e-05 -1.5523094606534206e-05
 80.00000000 +5.0000000000000000e+00 +2.0000034935616080e+00 +1.8586149896520532e-03 +9.9994985863989960e-01 +9.9999887144611499e-01 +9.9999928147478345e-01 +9.9999974172706063e-01 +1.0000000473201802e+00 +5.8231078306202357e-06 +6.8113218762522859e-06 +8.9929346285615775e-06 +1.2928051574491404e-05 +1.7643981555662752e-05
 80.50000000 +5.0000000000000000e+00 +1.9999964719361012e+00 +1.8301710694931294e-03 +1.0000184108861503e+00 +9.9999965304094085e-01 +9.9999967620079866e-01 +9.9999972160564610e-01 +9.9999982205078386e-01 -4.0221272025585202e-06 -2.0691643543889966e-06 -2.1381751928973864e-06 -3.7697302358816412e-06 -5.2845834902573974e-06
 81.00000000 +5.0000000000000000e+00 +2.0000071761536962e+00 +1.8781928971610543e-03 +9.9990147315631095e-01 +1.0000021368633178e+00 +1.0000027488120722e+00 +1.0000029311861518e+00 +1.0000026334426739e+00 +3.1964243074439708e-06 +1.0498588270282556e-05 +1.9323227560819114e-05 +2.6278823534311103e-05 +2.8779480068832604e-05
 81.50000000 +5.0000000000000000e+00 +1.9999933141159671e+00 +1.9099724917916810e-03 +9.9980970725080964e-01 +1.0000028038368580e+00 +1.0000030202634778e+00 +1.0000029403596806e+00 +1.0000025373312007e+00 +4.8184808802755006e-05 +4.0525068518643263e-05 +3.4111874155161071e-05 +2.9578111107626806e-05 +2.6591094885670732e-05
 82.00000000 +5.0000000000000000e+00 +1.9999987367688588e+00 +1.9513135901797201e-03 +9.9971136356404422e-01 +1.0000014860649873e+00 +1.0000019171136636e+00 +1.0000023733140551e+00 +1.0000027702612015e+00 +5.2981560567136892e-05 +5.4721012692716439e-05 +5.6892570662016424e-05 +5.8280563016441165e-05 +5.7213976943473712e-05
 82.50000000 +5.0000000000000000e+00 +2.0000102403448770e+00 +1.8337728281294060e-03 +1.0000144119987056e+00 +1.0000016804634788e+00 +1.0000014314383134e+00 +1.0000008887590830e+00 +1.0000002078118420e+00 -1.2181793044636414e-05 -7.4803345479893966e-06 -2.4772912995530366e-06 +1.1435641119026255e-06 +2.3753819673734887e-06
 83.00000000 +5.0000000000000000e+00 +1.9999913556265752e+00 +1.9166527301192487e-03 +9.9979874064889962e-01 +9.9999924810510632e-01 +9.9999927733161376e-01 +9.9999934127807399e-01 +9.9999949189015636e-01 +4.1522857271561789e-05 +4.2109051172836936e-05 +4.0935681509772701e-05 +3.9635321999316909e-05 +3.9697831782803905e-05
 83.50000000 +5.0000000000000000e+00 +1.9999883357684527e+00 +1.8801525998738749e-03 +9.9988602216084699e-01 +9.9999962872477000e-01 +9.9999983930465741e-01 +9.9999991498220953e-01 +9.9999996421715232e-01 +3.3476109324455199e-05 +2.7490806548132094e-05 +2.1593240855367383e-05 +1.7015592189758421e-05 +1.5054857311852718e-05
 84.00000000 +5.0000000000000000e+00 +1.9999960097959040e+00 +1.8183711878118416e-03 +1.0000419391501079e+00 +9.9999999584479959e-01 +9.9999952821667359e-01 +9.9999909585944013e-01 +9.9999889969975941e-01 +7.8918400265008494e-06 +7.0642116171045621e-07 -9.1129985445024384e-06 -1.7447933831793835e-05 -2.1496103277705821e-05
 84.50000000 +5.0000000000000000e+00 +1.9999973933140571e+00 +1.8523833121625436e-03 +9.9995894654364781e-01 +1.0000007624972067e+00 +1.0000009210409240e+00 +1.0000007273369873e+00 +1.0000002183243344e+00 +1.2521661456032768e-05 +1.1237769085325066e-05 +8.8954229357550946e-06 +5.2318449742426007e-06 +5.3755620001428435e-07
 85.00000000 +5.0000000000000000e+00 +1.9999990535850880e+00 +1.8402847143921830e-03 +9.9998671388328253e-01 +1.0000007759485472e+00 +1.0000007084752947e+00 +1.0000001769944922e+00 +9.9999923949720704e-01 +1.5635238376052623e-05 +6.5971130260705879e-06 -8.3492313591925088e-09 -4.2047574639175183e-06 -5.6340445707463718e-06
 85.50000000 +5.0000000000000000e+00 +2.0000026059621252e+00 +1.8410427965345553e-03 +9.9998837158705367e-01 +9.9999807551764874e-01 +9.9999867225494266e-01 +9.9999922126472207e-01 +9.9999958215047025e-01 +4.2029503395180096e-06 +7.1209586072906538e-06 +6.9659525104635699e-06 +2.4501336550280129e-06 -4.6627673339259388e-06
 86.00000000 +5.0000000000000000e+00 +2.0000039699551020e+00 +1.8175774816718685e-03 +1.0000463379159346e+00 +9.9999694462838384e-01 +9.9999799668574685e-01 +9.9999928152966411e-01 +1.0000003855452291e+00 +2.4000265468521781e-06 -4.2720651789548279e-06 -1.0810617654024643e-05 -1.4415142200956082e-05 -1.3848505141110034e-05
 86.50000000 +5.0000000000000000e+00 +1.9999930767896397e+00 +1.8374314536350820e-03 +9.9998657863984286e-01 +9.9999766103345167e-01 +9.9999769902043623e-01 +9.9999798093116388e-01 +9.9999849444220867e-01 +3.4779884770686749e-05 +1.3793065224223622e-05 -2.2202432682880947e-06 -1.1044094246017459e-05 -1.3722680482177546e-05
 87.00000000 +5.0000000000000000e+00 +1.9999975665604144e+00 +1.8371397537055934e-03 +9.9999880970625932e-01 +9.9999813857103181e-01 +9.9999839560273762e-01 +9.9999851536059114e-01 +9.9999849030592924e-01 +1.8124971430669846e-06 +4.8176062186211603e-06 +5.3525247336577810e-06 +1.5940337518381665e-06 -5.9262079812999066e-06
 87.50000000 +5.0000000000000000e+00 +2.0000031059365617e+00 +1.8969042233572351e-03 +9.9985038795693082e-01 +1.0000002245117134e+00 +1.0000007901482186e+00 +1.0000008596027996e+00 +1.0000004955082449e+00 +2.0159102811343573e-05 +2.7786765677131041e-05 +3.3065152944773270e-05 +3.4389882503332508e-05 +3.1841362612477841e-05
 88.00000000 +5.0000000000000000e+00 +2.0000097301350137e+00 +1.8286220577778730e-03 +1.0000282583074278e+00 +1.0000007950233001e+00 +1.0000001008193367e+00 +9.9999935598910827e-01 +9.9999873049715537e-01 -1.4890237635609285e-05 -9.9141077636600224e-06 -5.3075286938494167e-06 -8.1351214078975278e-07 +3.6847500227340312e-06
 88.50000000 +5.0000000000000000e+00 +1.9999968082353234e+00 +1.9001592328524780e-03 +9.9983415125382202e-01 +9.9999977303430787e-01 +9.9999933904535176e-01 +9.9999870150470538e-01 +9.9999785939497277e-01 +4.5525802673507456e-05 +4.0286951176395684e-05 +3.4446928672257708e-05 +2.8190663863172015e-05 +2.1725418775971714e-05
 89.00000000 +5.0000000000000000e+00 +2.0000165979011433e+00 +1.8574322345087581e-03 +9.9995364328739578e-01 +9.9999775486335196e-01 +9.9999700198364638e-01 +9.9999659024353504e-01 +9.9999668160945543e-01 +2.3442892340409619e-06 +4.4789682639869759e-06 +1.0842608047801549e-05 +1.8201597057001533e-05 +2.2460549637228975e-05
 89.50000000 +5.0000000000000000e+00 +1.9999990586360257e+00 +1.8107643175022873e-03 +1.0000703956957464e+00 +1.0000009142256474e+00 +1.0000007062907186e+00 +1.0000004622408523e+00 +1.0000001968048318e+00 -1.8570222059191615e-05 -1.8891067740241695e-05 -1.6047997603926534e-05 -1.1660735513357368e-05 -7.5052368506103832e-06
 90.00000000 +5.0000000000000000e+00 +1.9999971842086093e+00 +1.8644511879270240e-03 +9.9993267630526650e-01 +9.9999973068175152e-01 +9.9999976113307387e-01 +9.9999979584908716e-01 +9.9999960819696820e-01 +4.3619177349814552e-06 +1.1788917809473307e-05 +1.8111448189317016e-05 +1.9677871378958774e-05 +1.4487680575976511e-05
 90.50000000 +5.0000000000000000e+00 +1.9999982949937327e+00 +1.8372587241188864e-03 +1.0000026503146215e+00 +1.0000001454553942e+00 +1.0000009025496470e+00 +1.0000016514560748e+00 +1.0000021302279001e+00 -3.1780248040050200e-06 -4.3322972413398030e-06 -3.6806471306681460e-06 -5.9446246889389970e-07 +4.3054260326311809e-06
 91.00000000 +5.0000000000000000e+00 +2.0000112087487261e+00 +1.8187424573783873e-03 +1.0000474713472203e+00 +9.9999875229178681e-01 +9.9999865315158154e-01 +9.9999872918152177e-01 +9.9999899940272130e-01 -6.8606093770486456e-06 -2.1866036088077293e-06 -4.6098497048664302e-06 -1.1328763597424811e-05 -1.7619549796913273e-05
 91.50000000 +5.0000000000000000e+00 +1.9999835403128765e+00 +1.9451150049067099e-03 +9.9972032231507013e-01 +1.0000022893697209e+00 +1.0000027472620270e+00 +1.0000029149055776e+00 +1.0000029517589570e+00 +6.6522080836698105e-05 +5.8008262649329685e-05 +5.1361912966057055e-05 +4.7526816077391589e-05 +4.5355316711569441e-05
 92.00000000 +5.0000000000000000e+00 +1.9999950263437265e+00 +1.8407379179670570e-03 +9.9999197747317348e-01 +1.0000007407811686e+00 +1.0000008680288894e+00 +1.0000009737165929e+00 +1.0000010578661005e+00 +3.3475896099577709e-06 +1.7131833095408586e-06 -6.2920106432243536e-07 -1.2209447404351997e-06 +1.1715063275388922e-06
 92.50000000 +5.0000000000000000e+00 +2.0000094121457139e+00 +1.8371666263851392e-03 +1.0000122663629403e+00 +9.9999743130052698e-01 +9.9999753339037090e-01 +9.9999750732601289e-01 +9.9999747730565292e-01 -2.4481128672524257e-05 -1.5504248548538372e-05 -9.7984174954971322e-07 +1.4165065469124184e-05 +2.4584470770574040e-05
 93.00000000 +5.0000000000000000e+00 +1.9999981337557149e+00 +1.8814432831440857e-03 +9.9988208196114414e-01 +9.9999914186307670e-01 +9.9999871795888307e-01 +9.9999772094466932e-01 +9.9999642358844365e-01 +4.4510762133016113e-05 +3.4110375642988033e-05 +2.2664711295731887e-05 +1.4092473576794972e-05 +1.0535362238815800e-05
 93.50000000 +5.0000000000000000e+00 +2.0000026079871480e+00 +1.8676972083591003e-03 +9.9992139685823522e-01 +1.0000013497437001e+00 +1.0000015123958637e+00 +1.0000016550841986e+00 +1.0000015670723674e+00 +1.7846199351568664e-05 +1.8073517283847783e-05 +1.5812836052319623e-05 +1.2186419616362185e-05 +8.5998706723593528e-06
 94.00000000 +5.0000000000000000e+00 +2.0000067931060603e+00 +1.8491396502210227e-03 +9.9997253445267631e-01 +1.0000020432327821e+00 +1.0000015786694818e+00 +1.0000008567704981e+00 +1.0000002858556545e+00 -1.0740369862111811e-06 +5.1185671712674278e-06 +8.1870406385386782e-06 +7.3076586113916937e-06 +3.1617918214035217e-06
 94.50000000 +5.0000000000000000e+00 +1.9999877874774568e+00 +1.9101454033713413e-03 +9.9981464567334455e-01 +9.9999824678960325e-01 +9.9999862492022495e-01 +9.9999856844012647e-01 +9.9999804090953393e-01 +3.8834524075821383e-05 +3.9577766383995312e-05 +3.9360715427923910e-05 +3.8174183236705801e-05 +3.5926082423160353e-05
 95.00000000 +5.0000000000000000e+00 +2.0000009017246558e+00 +1.8493938335641174e-03 +9.9997111581587517e-01 +1.0000008368556639e+00 +1.0000013090651474e+00 +1.0000013759487101e+00 +1.0000011051293347e+00 +4.3785633406322486e-06 +6.3946490784434081e-07 +1.7147097006745882e-06 +6.0388863990385758e-06 +1.1485559397809512e-05
 95.50000000 +5.0000000000000000e+00 +1.9999922838985571e+00 +1.8480025247445712e-03 +9.9997426785271892e-01 +1.0000017585525487e+00 +1.0000009102955829e+00 +9.9999974764152277e-01 +9.9999857076911802e-01 +1.2157649307659273e-05 +3.8253494779674898e-06 -2.9754919354589013e-07 +1.2264604020689478e-06 +7.8329786238332003e-06
 96.00000000 +5.0000000000000000e+00 +1.9999910492316970e+00 +1.8834954072486864e-03 +9.9988103375713266e-01 +9.9999936302361736e-01 +9.9999923706401483e-01 +9.9999926612105461e-01 +9.9999936844727610e-01 +2.4319445487812504e-05 +2.6827755741113074e-05 +2.7429194154760568e-05 +2.4933192754842171e-05 +1.8221999689242283e-05
 96.50000000 +5.0000000000000000e+00 +1.9999979871746967e+00 +1.8065350649880475e-03 +1.0000776409649901e+00 +1.0000036447992717e+00 +1.0000035792651787e+00 +1.0000030835516416e+00 +1.0000023368438686e+00 -1.9808011596472833e-05 -1.9650545822545070e-05 -1.7710074831914372e-05 -1.6255638658528514e-05 -1.6861154249392549e-05
 97.00000000 +5.0000000000000000e+00 +2.0000038560669053e+00 +1.7883764171432582e-03 +1.0001199584368903e+00 +1.0000023317552718e+00 +1.0000025058976312e+00 +1.0000020912144827e+00 +1.0000011010610206e+00 -1.2224505250025342e-05 -2.1449592890358418e-05 -2.8830772190288772e-05 -3.2822865386249976e-05 -3.2660627925165683e-05
 97.50000000 +5.0000000000000000e+00 +1.9999882392619444e+00 +1.8398100550184231e-03 +9.9999488341220466e-01 +1.0000027433014476e+00 +1.0000020940247580e+00 +1.0000016140840171e+00 +1.0000016850025426e+00 -6.1835392067233978e-06 -3.5195012256745108e-07 +3.2393661872800652e-06 +2.7275436468831507e-06 -2.4512478059259311e-06
 98.00000000 +5.0000000000000000e+00 +2.0000061598955212e+00 +1.7386769883616503e-03 +1.0002405451790453e+00 +1.0000025269289663e+00 +1.0000020603185154e+00 +1.0000011124074355e+00 +9.9999990508418979e-01 -2.7640354100124666e-05 -3.7101340899221452e-05 -4.9348697815357448e-05 -6.2011379469756534e-05 -7.0048146499920855e-05
 98.50000000 +5.0000000000000000e+00 +1.9999937453148069e+00 +1.8528595663114176e-03 +9.9995713045750401e-01 +9.9999711587382079e-01 +9.9999690783963202e-01 +9.9999719098578399e-01 +9.9999772771146889e-01 +2.0983284236931425e-05 +1.5564594037061927e-05 +1.0394106683071491e-05 +5.3011023396705689e-06 +1.6840434091226863e-06
 99.00000000 +5.0000000000000000e+00 +1.9999947265329332e+00 +1.8737775398545589e-03 +9.9991916735673891e-01 +9.9999888040550367e-01 +9.9999921622622145e-01 +9.9999872816423319e-01 +9.9999774855020285e-01 -6.3329334815740213e-06 +6.2743186948938396e-06 +1.8741470354236712e-05 +2.9896794623095276e-05 +3.7679649475478413e-05
 99.50000000 +5.0000000000000000e+00 +1.9999909619241198e+00 +1.8366334403850547e-03 +9.9998877448922252e-01 +1.0000017519466011e+00 +1.0000028458546832e+00 +1.0000040398294672e+00 +1.0000051148300355e+00 +2.2351238373177632e-05 +1.1243713060915209e-05 -1.0751520439484333e-06 -1.2648768574503638e-05 -2.2397980942669726e-05
100.00000000 +5.0000000000000000e+00 +1.9999868599180570e+00 +1.8195214812094707e-03 +1.0000516680210980e+00 +9.9999874224012475e-01 +9.9999948081279677e-01 +1.0000001554025411e+00 +1.0000002865878326e+00 -1.7893308091374664e-05 -1.7488177214771563e-05 -1.3563993046821220e-05 -5.5758743176553614e-06 +4.1882884316379203e-06
100.50000000 +5.0000000000000000e+00 +1.9999987802040591e+00 +1.8629566360304033e-03 +9.9993424299204803e-01 +9.9999998705333526e-01 +9.9999962711702106e-01 +9.9999909493838257e-01 +9.9999844404801674e-01 +1.4549822178889355e-05 +1.8721972246491851e-05 +1.7643342290265661e-05 +1.2233827353691542e-05 +5.4548855493926557e-06
101.00000000 +5.0000000000000000e+00 +1.9999864311767821e+00 +1.8640472418135936e-03 +9.9993252752420936e-01 +9.9999874437935665e-01 +9.9999876904380547e-01 +9.9999855481492705e-01 +9.9999837362409416e-01 +1.0212726983405327e-05 +1.0143377499554718e-05 +1.3770218151426624e-05 +1.8494436404918224e-05 +2.0409851860549125e-05
101.50000000 +5.0000000000000000e+00 +2.0000015893768985e+00 +1.8578103515722493e-03 +9.9995676053474492e-01 +9.9999964241814487e-01 +1.0000000069238852e+00 +1.0000004981316628e+00 +1.0000009478014340e+00 -1.6832019774309815e-05 -3.3521218685005391e-06 +1.2626292302913772e-05 +2.4154849980347536e-05 +2.5547189489864183e-05
102.00000000 +5.0000000000000000e+00 +1.9999673508909535e+00 +1.9730515136561441e-03 +9.9964154693626472e-01 +9.9999961439701246e-01 +9.9999987265275569e-01 +1.0000000190873664e+00 +1.0000001429898737e+00 +8.7860145120602441e-05 +8.8131102691519459e-05 +8.0361216846047559e-05 +6.3189274406434676e-05 +3.9262202107268060e-05
102.50000000 +5.0000000000000000e+00 +2.0000037298204640e+00 +1.8812752646307580e-03 +9.9990315010984787e-01 +9.9999519472433296e-01 +9.9999483842407633e-01 +9.9999511922153306e-01 +9.9999597722149447e-01 -5.6511121146698875e-06 +8.4147701340538660e-06 +2.5094213171367315e-05 +3.9622395655477742e-05 +4.8240031738786470e-05
103.00000000 +5.0000000000000000e+00 +1.9999918539649910e+00 +1.8682425868194949e-03 +9.9992401880384685e-01 +1.0000005006226635e+00 +9.9999977220235114e-01 +9.9999867756125482e-01 +9.9999787117259875e-01 +1.7329283926661536e-05 +1.7633272983492685e-05 +1.5679579494598876e-05 +1.3972215719122735e-05 +1.4545282572900251e-05
103.50000000 +5.0000000000000000e+00 +1.9999947143586101e+00 +1.9034225078166424e-03 +9.9983666581407493e-01 +1.0000002862308868e+00 +9.9999970927076698e-01 +9.9999861532125334e-01 +9.9999736066476930e-01 +2.1685799946334786e-05 +3.1062849739108086e-05 +3.6457368127266721e-05 +3.8573676906674889e-05 +3.9583004883903195e-05
104.00000000 +5.0000000000000000e+00 +2.0000016716467464e+00 +1.8746091255794899e-03 +9.9991301864690574e-01 +1.0000016675553187e+00 +1.0000025584106382e+00 +1.0000027473000039e+00 +1.0000021539637984e+00 -5.1573914675628428e-06 +6.4311988811595082e-06 +1.8989917004127414e-05 +2.7761076038750197e-05 +2.9829317018308237e-05
104.50000000 +5.0000000000000000e+00 +2.0000146570237622e+00 +1.7853729679893839e-03 +1.0001493503512264e+00 +9.9999652144881224e-01 +9.9999620407951184e-01 +9.9999620575574111e-01 +9.9999653157256163e-01 -5.3343646783628202e-05 -4.3298766113242477e-05 -2.9731161152212936e-05 -1.3124891277744388e-05 +4.6852549588756484e-06
105.00000000 +5.0000000000000000e+00 +2.0000115923202988e+00 +1.7191819109105724e-03 +1.0003008794688304e+00 +9.9999894637554865e-01 +1.0000001211344702e+00 +1.0000007340894350e+00 +1.0000006544560349e+00 -5.0316485675052405e-05 -6.4160130516354027e-05 -7.0346745597270942e-05 -6.5538418117268871e-05 -5.0973743210118822e-05
105.50000000 +5.0000000000000000e+00 +1.9999741151206667e+00 +1.8362647576870630e-03 +9.9999034770916595e-01 +9.9999997031296695e-01 +1.0000001720081024e+00 +1.0000002969676185e+00 +1.0000001698246135e+00 +3.3880659131915783e-05 +1.5241413230373778e-05 -3.0996361499162411e-06 -1.6253634366560893e-05 -2.0725625455428601e-05
106.00000000 +5.0000000000000000e+00 +2.0000048604493892e+00 +1.8439318867945252e-03 +9.9998746757486412e-01 +1.0000014559318440e+00 +1.0000012310959814e+00 +1.0000010930859820e+00 +1.0000007881143247e+00 -6.1406900114354611e-06 -2.3924668010737619e-06 +1.4385827859785299e-06 +5.2930800249842308e-06 +9.7656941085670832e-06
106.50000000 +5.0000000000000000e+00 +1.9999627437484166e+00 +1.9041642230746680e-03 +9.9981807594986571e-01 +9.9999890272219449e-01 +9.9999883740609818e-01 +9.9999889904124994e-01 +9.9999927007892830e-01 +6.3241639812684685e-05 +4.9160406726932262e-05 +3.4856988730144537e-05 +2.2912564933291543e-05 +1.5843201396455394e-05
107.00000000 +5.0000000000000000e+00 +1.9999912644835340e+00 +1.8682625811700083e-03 +9.9992013902478882e-01 +1.0000033530255545e+00 +1.0000040851286469e+00 +1.0000044919469899e+00 +1.0000045332159471e+00 +1.2461987597162749e-05 +9.9433820419590775e-06 +1.2025251401751424e-05 +1.4497486665706246e-05 +1.4469548329651658e-05
107.50000000 +5.0000000000000000e+00 +1.9999993903652664e+00 +1.8743807377846412e-03 +9.9990657369863933e-01 +1.0000032937594994e+00 +1.0000011196901384e+00 +9.9999802292552042e-01 +9.9999482592225775e-01 +2.6335041368564998e-05 +2.0274745996931145e-05 +1.6126565414326674e-05 +1.5665634592567588e-05 +1.7762020212581765e-05
108.00000000 +5.0000000000000000e+00 +1.9999979059839734e+00 +1.8534936929624397e-03 +9.9996524250756880e-01 +1.0000004437174179e+00 +9.9999978747648366e-01 +9.9999932723857177e-01 +9.9999918135469879e-01 -3.8014260221379163e-06 -3.3258929237257997e-06 +2.6016538720349447e-06 +1.4011946266224207e-05 +2.6531421985745569e-05
108.50000000 +5.0000000000000000e+00 +1.9999881702486035e+00 +1.7582336818408074e-03 +1.0001911076305565e+00 +9.9999936875471018e-01 +1.0000002685218068e+00 +1.0000008481828435e+00 +1.0000009802119318e+00 -1.1957067602930377e-05 -3.1277583162533548e-05 -4.6462376943212249e-05 -5.3459613646259773e-05 -4.9416659290863381e-05
109.00000000 +5.0000000000000000e+00 +2.0000075076109192e+00 +1.8688699577226080e-03 +9.9992278850390914e-01 +1.0000010837603759e+00 +1.0000013245637389e+00 +1.0000015701804092e+00 +1.0000016375611456e+00 +9.3162841507645230e-06 +9.6660228110886133e-06 +1.2989310034617957e-05 +1.7651240545352362e-05 +2.1972575708901872e-05
109.50000000 +5.0000000000000000e+00 +2.0000067452409787e+00 +1.7448165535385103e-03 +1.0002301702559524e+00 +9.9999911902648730e-01 +9.9999879194595309e-01 +9.9999859432771721e-01 +9.9999874929730115e-01 -2.6547700652915364e-05 -3.9903743985761392e-05 -5.1378680273424087e-05 -5.5738253727483923e-05 -5.1856474868446472e-05
110.00000000 +5.0000000000000000e+00 +1.9999949644531554e+00 +1.8729964151073723e-03 +9.9990992429661019e-01 +1.0000063351756507e+00 +1.0000072225561392e+00 +1.0000074253513964e+00 +1.0000068458939841e+00 +1.6344451662523142e-05 +1.4702705328735739e-05 +1.2050556246241737e-05 +1.0150029745191295e-05 +8.9989874231047606e-06
110.50000000 +5.0000000000000000e+00 +1.9999677730437762e+00 +1.8917952361562471e-03 +9.9985508608025075e-01 +9.9999972037008933e-01 +1.0000003503716020e+00 +1.0000004177942772e+00 +9.9999967993595174e-01 +3.7810663522208550e-05 +3.6523266675399857e-05 +3.2330691649505983e-05 +2.4329195582604512e-05 +1.3751627329473910e-05
111.00000000 +5.0000000000000000e+00 +1.9999999747916082e+00 +1.8566778677181542e-03 +9.9995190370814135e-01 +1.0000036858962038e+00 +1.0000051354426487e+00 +1.0000061010393240e+00 +1.0000062369112785e+00 -2.3403578192675621e-07 -1.6888145871019249e-06 +2.4508743035947092e-06 +9.8874818420325911e-06 +1.6521494634599813e-05
111.50000000 +5.0000000000000000e+00 +2.0000079246657654e+00 +1.8094077399703591e-03 +1.0000653918642461e+00 +1.0000021277321538e+00 +1.0000010354583662e+00 +9.9999989066230288e-01 +9.9999909622650685e-01 -2.2093636777900787e-06 -7.8714782088845172e-06 -1.4419366276893173e-05 -1.9778115845638979e-05 -2.3263622847856127e-05
112.00000000 +5.0000000000000000e+00 +1.9999868321562766e+00 +1.8920374762278753e-03 +9.9984908618232893e-01 +1.0000016318692349e+00 +1.0000019334112333e+00 +1.0000018016027354e+00 +1.0000012040969466e+00 +6.0976093178889342e-05 +4.4854968199387188e-05 +2.4686279343806388e-05 +8.9091634220221515e-06 +4.9163364238750464e-06
112.50000000 +5.0000000000000000e+00 +2.0000158983818142e+00 +1.7900603896892782e-03 +1.0001327420425892e+00 +1.0000028657394462e+00 +1.0000022991550421e+00 +1.0000026642554682e+00 +1.0000041395874650e+00 -5.2977132372778603e-05 -4.4212417475750112e-05 -3.1019280348274694e-05 -1.5949164340634670e-05 -5.5278832177405514e-07
113.00000000 +5.0000000000000000e+00 +1.9999688100535549e+00 +1.7899433347820645e-03 +1.0001066411842114e+00 +9.9999918625816864e-01 +1.0000005423439655e+00 +1.0000017060325843e+00 +1.0000021967781534e+00 +1.6183838736392748e-05 -5.2103814392301221e-06 -2.8620524952718892e-05 -4.5220619954709623e-05 -4.7404912339269659e-05
113.50000000 +5.0000000000000000e+00 +1.9999773895687492e+00 +1.9556212646813522e-03 +9.9969762520631145e-01 +1.0000022901956045e+00 +1.0000008585927398e+00 +9.9999920511275975e-01 +9.9999815361900357e-01 +5.2979386815925803e-05 +5.9355482674641314e-05 +6.5304884595679134e-05 +6.6634212626822913e-05 +5.7593303608305837e-05
114.00000000 +5.0000000000000000e+00 +1.9999995611402952e+00 +1.7735406018650969e-03 +1.0001626651573048e+00 +1.0000021070583232e+00 +1.0000020537330940e+00 +1.0000019994274603e+00 +1.0000018460842570e+00 -3.0979801909872438e-05 -3.4239160026181917e-05 -3.5931217072858263e-05 -3.5285276051895032e-05 -3.4236004247207108e-05
114.50000000 +5.0000000000000000e+00 +2.0000246491582234e+00 +1.7713736991955902e-03 +1.0001796846066553e+00 +1.0000035918585968e+00 +1.0000030270775393e+00 +1.0000019785381440e+00 +1.0000015360077248e+00 -5.8402741159484027e-05 -4.9907839038451240e-05 -3.9559010406766938e-05 -2.8130926550520109e-05 -1.3817569401577966e-05
115.00000000 +5.0000000000000000e+00 +1.9999726509265003e+00 +1.9383648984709289e-03 +9.9975547059255276e-01 +9.9999634295358453e-01 +9.9999695795063615e-01 +9.9999788198449691e-01 +9.9999899279091409e-01 +2.7176586302124687e-05 +3.9863753096345709e-05 +5.3760585209473396e-05 +6.5082260646182668e-05 +6.8470542383377794e-05
115.50000000 +5.0000000000000000e+00 +1.9999824811662856e+00 +1.9102757780087611e-03 +9.9981859642739657e-01 +1.0000025786848865e+00 +1.0000030264843796e+00 +1.0000028426464114e+00 +1.0000024963696899e+00 +1.5719808827813692e-05 +2.2416966684550906e-05 +3.6112661740334061e-05 +4.8324528768373244e-05 +4.7885426029414098e-05
116.00000000 +5.0000000000000000e+00 +1.9999956695197616e+00 +1.8064299224116881e-03 +1.0000779224173302e+00 +9.9999761682925303e-01 +9.9999711152069803e-01 +9.9999695195724947e-01 +9.9999719172257684e-01 -8.6888718064644463e-06 -5.0691661092286831e-06 -1.0594835068360146e-05 -1.8634695509832749e-05 -2.3806879820643571e-05
116.50000000 +5.0000000000000000e+00 +1.9999974726706096e+00 +1.8508288768406683e-03 +9.9996670679175326e-01 +9.9999745203786716e-01 +9.9999721386368778e-01 +9.9999810619700524e-01 +9.9999985540791969e-01 -1.4989300787281796e-06 +5.8764123313450305e-06 +1.0646373087325747e-05 +1.2058834523677220e-05 +1.3583016069056427e-05
117.00000000 +5.0000000000000000e+00 +1.9999639278267918e+00 +1.9510735430209522e-03 +9.9969276448509881e-01 +9.9999976116866929e-01 +9.9999837773389721e-01 +9.9999844406709371e-01 +9.9999936384021038e-01 +9.6310182527861021e-05 +8.5119419102648374e-05 +6.8682384078807106e-05 +4.5316957305778415e-05 +1.5859764498370379e-05
117.50000000 +5.0000000000000000e+00 +1.9999650924301164e+00 +1.8417017541009896e-03 +9.9998274793191610e-01 +1.0000011689992694e+00 +9.9999975981310130e-01 +9.9999858612465276e-01 +9.9999689032402250e-01 +1.5098557839532432e-05 +1.3276414822091615e-05 +8.3843145667062773e-06 -1.6134938683073737e-06 -1.4298984697392408e-05
118.00000000 +5.0000000000000000e+00 +1.9999888319006760e+00 +1.8992815815883114e-03 +9.9985110666278021e-01 +1.0000059271302397e+00 +1.0000065304045405e+00 +1.0000056994908411e+00 +1.0000035991882930e+00 +1.1814082655400125e-05 +1.7420941892212014e-05 +2.4578741815559505e-05 +3.2993906769022222e-05 +4.0329454608719423e-05
118.50000000 +5.0000000000000000e+00 +1.9999921033039445e+00 +1.9254491744379277e-03 +9.9978225201057258e-01 +9.9999982451828373e-01 +1.0000006577419360e+00 +1.0000001592156653e+00 +9.9999770417152245e-01 +3.6358319287719581e-05 +3.6443106246743042e-05 +4.1170431956508072e-05 +4.9728491494464460e-05 +5.5701995265347121e-05
119.00000000 +5.0000000000000000e+00 +2.0000019678090775e+00 +1.7223360072014327e-03 +1.0002949325122090e+00 +9.9999983375807122e-01 +1.0000002668050716e+00 +1.0000005107557246e+00 +9.9999998218622477e-01 -5.2713452185809008e-05 -6.0661797125173297e-05 -6.6135132235067639e-05 -6.4033878109338526e-05 -5.1981756753365812e-05
119.50000000 +5.0000000000000000e+00 +2.0000026129222426e+00 +1.8691551122930255e-03 +9.9991488657419758e-01 +1.0000032294890915e+00 +1.0000040037770157e+00 +1.0000044715190184e+00 +1.0000052177408900e+00 +1.8264228937491350e-05 +1.5089072004571184e-05 +1.3124074280663600e-05 +1.1588860420787019e-05 +1.0124667208405649e-05
120.00000000 +5.0000000000000000e+00 +2.0000025927258833e+00 +1.9252212970351545e-03 +9.9978688732068688e-01 +1.0000041770573986e+00 +1.0000052356384457e+00 +1.0000050093759623e+00 +1.0000030462307208e+00 +8.5816667260604148e-06 +2.1798542513560016e-05 +4.1732657372695076e-05 +5.9043154492336083e-05 +6.4488351096120218e-05
120.50000000 +5.0000000000000000e+00 +1.9999870701590274e+00 +1.8080803393341952e-03 +1.0000658987024846e+00 +1.0000010119754890e+00 +1.0000012636308415e+00 +1.0000007877411541e+00 +9.9999986959930520e-01 +1.3352084823853259e-05 -7.5160953605707639e-06 -2.2625004710271664e-05 -2.7934116227415466e-05 -2.4108520574814372e-05
121.00000000 +5.0000000000000000e+00 +1.9999674491139314e+00 +1.9097315406509216e-03 +9.9981516513724833e-01 +1.0000048734882683e+00 +1.0000024550217792e+00 +1.0000004470225916e+00 +9.9999977186397115e-01 +2.7708478892229338e-05 +3.4836599379518386e-05 +3.9021922061566359e-05 +3.9681037651408055e-05 +3.6039431870979047e-05
121.50000000 +5.0000000000000000e+00 +2.0000201025938842e+00 +1.8862253565092894e-03 +9.9988643514840847e-01 +9.9999242777814668e-01 +9.9999221462960242e-01 +9.9999327668730031e-01 +9.9999495186344745e-01 +4.7598419259880056e-06 +1.9805931095053672e-05 +3.1568648111152176e-05 +4.0329824100118170e-05 +4.4229643231591288e-05
122.00000000 +5.0000000000000000e+00 +2.0000014313350887e+00 +1.8338816386648310e-03 +9.9999754984800571e-01 +1.0000014854754036e+00 +1.0000008112735774e+00 +1.0000002681353417e+00 +9.9999981719513231e-01 +2.8533159911815617e-05 +9.4927482237859719e-06 -6.4156466166976686e-06 -1.4802767415263520e-05 -1.6739422867215470e-05
122.50000000 +5.0000000000000000e+00 +2.0000144262848982e+00 +1.8828339451036509e-03 +9.9988968359231301e-01 +9.9999923084802389e-01 +9.9999919773838775e-01 +9.9999912864901075e-01 +9.9999918482988537e-01 +1.1334215847090485e-05 +2.0803365768616530e-05 +2.7663314458576521e-05 +2.9169807109795804e-05 +2.4603637444059615e-05
123.00000000 +5.0000000000000000e+00 +1.9999833472515269e+00 +1.8235574652078149e-03 +1.0000315574279777e+00 +9.9999959425871099e-01 +1.0000010208633792e+00 +1.0000020559735139e+00 +1.0000024181905338e+00 +9.9635227294790608e-07 -5.3859011842126286e-06 -9.6705863603969051e-06 -1.1816423575290955e-05 -1.0770155210744670e-05
123.50000000 +5.0000000000000000e+00 +2.0000223984238819e+00 +1.7791537046359591e-03 +1.0001486697001063e+00 +9.9999472880185314e-01 +9.9999528338190768e-01 +9.9999610186308041e-01 +9.9999723784282057e-01 -2.0797182194933474e-05 -2.9249173942820167e-05 -2.8952169887034480e-05 -2.6548007812932644e-05 -2.6475052048950829e-05
124.00000000 +5.0000000000000000e+00 +2.0000056007832834e+00 +1.8378184965398541e-03 +1.0000002152104892e+00 +9.9999551584594626e-01 +9.9999475139795801e-01 +9.9999477398529579e-01 +9.9999469864844603e-01 +5.2321699590745394e-06 +6.1013181893097391e-07 +2.2360805208643757e-06 +5.4921919130397262e-06 +6.4743374847157827e-06
124.50000000 +5.0000000000000000e+00 +1.9999837411285515e+00 +1.8514218194468895e-03 +9.9995257409753424e-01 +9.9999832372898900e-01 +9.9999776837101961e-01 +9.9999713609115626e-01 +9.9999717349494366e-01 +3.9329024865116296e-05 +3.1228366939498175e-05 +1.2288118673215110e-05 -7.1044885114932890e-06 -1.8716807269643905e-05
125.00000000 +5.0000000000000000e+00 +2.0000165415797335e+00 +1.8656015616066040e-03 +9.9993301949930646e-01 +9.9999398119791838e-01 +9.9999336274073813e-01 +9.9999172795092384e-01 +9.9999014772432360e-01 +1.1789748641730148e-05 +9.5174461940892555e-06 +1.3818615591983591e-05 +2.4493983755497339e-05 +3.8141091184121952e-05
125.50000000 +5.0000000000000000e+00 +1.9999795964169698e+00 +1.9508256821096090e-03 +9.9970556109217368e-01 +9.9999895096514146e-01 +9.9999768483455564e-01 +9.9999702688365466e-01 +9.9999768707255254e-01 +6.6983486461313498e-05 +6.8515998136392634e-05 +6.4859730588751020e-05 +5.6429210949223338e-05 +4.6300727389598756e-05
126.00000000 +5.0000000000000000e+00 +1.9999763588892994e+00 +1.8439083326156488e-03 +9.9997414943156959e-01 +9.9999968885404988e-01 +9.9999763891348259e-01 +9.9999512747450114e-01 +9.9999424720711794e-01 +3.5799063506873473e-05 +1.0942988245133196e-05 -5.8282750832099508e-06 -7.7343617952118764e-06 +5.9687038636938321e-06
126.50000000 +5.0000000000000000e+00 +1.9999578454465445e+00 +2.0018878781197795e-03 +9.9957062593156365e-01 +9.9999663615387624e-01 +9.9999886274754002e-01 +1.0000007469622911e+00 +1.0000019322276756e+00 +1.0343828665877339e-04 +1.0191237866029038e-04 +8.9560446266107431e-05 +7.3607850084602173e-05 +6.2677015282195034e-05
127.00000000 +5.0000000000000000e+00 +1.9999744908500010e+00 +1.9621031945220645e-03 +9.9966896105798697e-01 +9.9999772425254885e-01 +1.0000006517738995e+00 +1.0000032975409834e+00 +1.0000039696557939e+00 +9.0570778574426008e-05 +8.2357051619399399e-05 +6.6903716456358047e-05 +5.0170575762407446e-05 +3.5393593527877005e-05
127.50000000 +5.0000000000000000e+00 +2.0000459935597736e+00 +1.8295539697665514e-03 +1.0000277964053954e+00 +1.0000014290923114e+00 +1.0000033307709491e+00 +1.0000058633822910e+00 +1.0000078044167489e+00 -2.8562052175730271e-05 -1.7702415261718286e-05 -3.6696716946900712e-06 +3.4995652090777778e-06 +2.1050694287556930e-07
128.00000000 +5.0000000000000000e+00 +2.0000077596949266e+00 +1.8749768087872388e-03 +9.9989900023590805e-01 +9.9999424602483644e-01 +9.9999493085676328e-01 +9.9999417406423019e-01 +9.9999224060102843e-01 +3.7497974039028745e-05 +3.2431997537127602e-05 +2.5068175156759615e-05 +1.7615792399835143e-05 +1.2794279964557562e-05
128.50000000 +5.0000000000000000e+00 +2.0000405808232613e+00 +1.9052705793223936e-03 +9.9984167123529577e-01 +9.9999565298295301e-01 +9.9999574318080287e-01 +9.9999723169098198e-01 +9.9999932708304162e-01 +3.9833168061302608e-06 +2.0325536452976502e-05 +3.6571269024726005e-05 +5.0449448207638543e-05 +5.9044251770877122e-05
129.00000000 +5.0000000000000000e+00 +2.0000058925043902e+00 +1.9053221832273268e-03 +9.9982685834587837e-01 +9.9999784618985588e-01 +1.0000010145060567e+00 +1.0000027618741067e+00 +1.0000024289623903e+00 +4.5203314422855754e-05 +3.2580163631381519e-05 +2.7313061603817185e-05 +2.9610620003036988e-05 +3.4382962200797788e-05
129.50000000 +5.0000000000000000e+00 +1.9999828543812228e+00 +1.9454340501251278e-03 +9.9972053430156815e-01 +9.9999791069628330e-01 +9.9999696927013226e-01 +9.9999524681088336e-01 +9.9999381969792211e-01 +8.6435164894933084e-05 +6.8183339067853839e-05 +5.1996557233716087e-05 +4.3811320393902792e-05 +4.5092842584585133e-05
130.00000000 +5.0000000000000000e+00 +1.9999994556972749e+00 +1.7965755524989215e-03 +1.0000924743163260e+00 +1.0000059503704437e+00 +1.0000048399407013e+00 +1.0000026559747366e+00 +1.0000000052006464e+00 -6.3504434077961185e-07 -7.2437166613390673e-06 -1.8155549083553962e-05 -3.2800705733991040e-05 -4.7090788589630836e-05
130.50000000 +5.0000000000000000e+00 +2.0000071531914294e+00 +1.7613249662373211e-03 +1.0001802070105170e+00 +9.9999737237897035e-01 +9.9999715045742144e-01 +9.9999690171492961e-01 +9.9999769995865639e-01 -3.2846587641695434e-06 -9.5497186146117266e-06 -3.0406074699550189e-05 -5.4837435206866019e-05 -7.1253635957901334e-05
131.00000000 +5.0000000000000000e+00 +2.0000471266230848e+00 +1.7781269267327985e-03 +1.0001718081591802e+00 +9.9999564504617355e-01 +9.9999327412077288e-01 +9.9999207731682527e-01 +9.9999211891080197e-01 -5.5825695626965733e-05 -4.6897066964476406e-05 -3.4612315111988342e-05 -1.5333680741821522e-05 +7.7452029758942469e-06
131.50000000 +5.0000000000000000e+00 +2.0000204629220577e+00 +1.8851686054467531e-03 +9.9989209304600180e-01 +1.0000061077263018e+00 +1.0000062313370299e+00 +1.0000059142892470e+00 +1.0000040087267861e+00 +4.3537069929479996e-06 +8.2093616449342891e-06 +1.4638368755361041e-05 +2.3220076953894145e-05 +3.5223364058087670e-05
132.00000000 +5.0000000000000000e+00 +1.9999868888067904e+00 +1.8467508443763899e-03 +9.9996401050256956e-01 +9.9999931107179041e-01 +9.9999954040980166e-01 +9.9999940947091026e-01 +9.9999925141564994e-01 +3.6982127029728363e-05 +2.4073369742630191e-05 +5.8988938106112331e-06 -1.0448892631203725e-05 -1.8028367085784070e-05
132.50000000 +5.0000000000000000e+00 +2.0000278606296580e+00 +1.8837102193304805e-03 +9.9987839771060405e-01 +9.9999842754849277e-01 +1.0000001952050011e+00 +1.0000000824811337e+00 +9.9999912942043045e-01 +2.7092810440052976e-05 +3.1190739906512346e-05 +2.8958655256676297e-05 +2.2016619676800315e-05 +1.4508813615638882e-05
133.00000000 +5.0000000000000000e+00 +2.0000426131026718e+00 +1.8077575036514093e-03 +1.0000883347178096e+00 +9.9999970010638106e-01 +9.9999654765874524e-01 +9.9999337316967984e-01 +9.9999197353016989e-01 -2.8801776618073033e-05 -3.1452425253469282e-05 -2.6275594063603328e-05 -6.6155313108804432e-06 +2.3216145580163229e-05
133.50000000 +5.0000000000000000e+00 +1.9999944913233307e+00 +1.7937859268869808e-03 +1.0001004252828620e+00 +9.9999961447385566e-01 +9.9999755965174908e-01 +9.9999644833889267e-01 +9.9999666754760574e-01 +9.6166841714546196e-07 -1.0157903769414978e-05 -1.9463057247976101e-05 -2.7990015459906133e-05 -3.4065985448726662e-05
134.00000000 +5.0000000000000000e+00 +1.9999980968186752e+00 +1.9580389534566423e-03 +9.9968457724917648e-01 +1.0000050047572984e+00 +1.0000059097741520e+00 +1.0000065251231047e+00 +1.0000055287805512e+00 +5.9028899785651062e-05 +5.6487484841685439e-05 +5.9353037049817532e-05 +6.0709456199690686e-05 +5.6875439989380318e-05
134.50000000 +5.0000000000000000e+00 +1.9999924816522927e+00 +1.9203619006087360e-03 +9.9978155428353521e-01 +1.0000025338109395e+00 +1.0000032146146165e+00 +1.0000038051526305e+00 +1.0000034298530678e+00 +4.9286826261207012e-05 +4.0622561015077972e-05 +3.7954229391214021e-05 +3.9171928065882175e-05 +3.8426740687991180e-05
135.00000000 +5.0000000000000000e+00 +2.0000483166973630e+00 +1.7694183823406256e-03 +1.0001943262868238e+00 +9.9999882021784958e-01 +9.9999720256140745e-01 +9.9999688311679047e-01 +9.9999818079143576e-01 -7.9491396920086562e-05 -6.1398994905484302e-05 -3.6987174794088651e-05 -1.3182341513663579e-05 +5.6469325116293150e-06
135.50000000 +5.0000000000000000e+00 +2.0000335560784555e+00 +1.8093406532107459e-03 +1.0000884447860481e+00 +9.9999991755261586e-01 +1.0000038891408327e+00 +1.0000070983376879e+00 +1.0000076700356491e+00 -6.0826889923403805e-05 -4.2465011424833018e-05 -1.9242188990442636e-05 +2.6996597833954221e-07 +1.5244273231110927e-05
136.00000000 +5.0000000000000000e+00 +2.0000063874935834e+00 +1.8881607431466636e-03 +9.9986864750124793e-01 +1.0000093792570710e+00 +1.0000098696965749e+00 +1.0000092107455825e+00 +1.0000068127283801e+00 +1.6757507315496289e-05 +1.5574547853172066e-05 +2.1139959152491089e-05 +2.6107763740247090e-05 +1.6500293264799971e-05
136.50000000 +5.0000000000000000e+00 +2.0000310152921310e+00 +1.8379054325635340e-03 +1.0000074965256616e+00 +9.9999365338058510e-01 +9.9999110330573782e-01 +9.9999027424275277e-01 +9.9999142407380970e-01 -1.4145221516754400e-05 +6.8842535361015054e-06 +1.7607491479943284e-05 +1.5207423519395053e-05 +4.9452687780987263e-07
137.00000000 +5.0000000000000000e+00 +1.9999929681075657e+00 +1.8497192057087611e-03 +9.9995663159823367e-01 +1.0000031580020645e+00 +1.0000047556155940e+00 +1.0000061506693148e+00 +1.0000054089529853e+00 +2.1050865132110661e-05 +1.1758876780824266e-05 +1.3399954563578514e-06 -5.8861265016660455e-06 -4.3684497807502807e-06
137.50000000 +5.0000000000000000e+00 +1.9999857629705324e+00 +1.8493533137350486e-03 +9.9994388216492491e-01 +1.0000027783595991e+00 +1.0000014090247771e+00 +1.0000002005043567e+00 +9.9999865328631987e-01 +6.3131072098366600e-05 +3.1734394264836000e-05 +2.6145453797311958e-06 -1.6977992746436588e-05 -2.7425361231291901e-05
138.00000000 +5.0000000000000000e+00 +1.9999897127967272e+00 +1.8823726820030714e-03 +9.9987393879880659e-01 +9.9999261756998159e-01 +9.9999606425375043e-01 +9.9999998672532231e-01 +1.0000033468604339e+00 +4.4064405558104220e-05 +4.0049506558940575e-05 +3.1560602309791637e-05 +1.8149316056050850e-05 +2.2195826859197579e-07
138.50000000 +5.0000000000000000e+00 +2.0000186989561404e+00 +1.8332102632750572e-03 +9.9999601874450406e-01 +9.9999728622801931e-01 +9.9999817264784330e-01 +9.9999762402900905e-01 +9.9999666216326255e-01 +2.9482082368947153e-05 +1.4052344929555698e-05 -6.1965511417850414e-07 -1.1024888338438090e-05 -1.7653694457859042e-05
139.00000000 +5.0000000000000000e+00 +2.0000114715042958e+00 +1.8527903795950368e-03 +9.9995770719779964e-01 +1.0000011529270825e+00 +1.0000025147517364e+00 +1.0000024236815785e+00 +1.0000019841298153e+00 +5.8777484074367518e-06 +1.9616517696377401e-06 +3.5060796251123986e-06 +8.7570592857864692e-06 +1.4114775660952059e-05
139.50000000 +5.0000000000000000e+00 +1.9999821970356835e+00 +1.9039612627515454e-03 +9.9982995956642151e-01 +9.9999270580623734e-01 +9.9999283817796569e-01 +9.9999439564796999e-01 +9.9999708984966551e-01 +3.8754522487549295e-05 +3.6071079336720144e-05 +3.4482622551695640e-05 +3.8019826505374167e-05 +4.5682899266926252e-05
140.00000000 +5.0000000000000000e+00 +2.0000235629317822e+00 +1.8421066275729678e-03 +1.0000142521260020e+00 +9.9999732096624216e-01 +9.9999609003091006e-01 +9.9999526642879444e-01 +9.9999459471480712e-01 -4.3074503090312690e-05 -2.7114407086684977e-05 -4.7280884038068252e-06 +2.4092511465117511e-05 +5.3300217048109494e-05
140.50000000 +5.0000000000000000e+00 +1.9999893699377906e+00 +1.8661191903446125e-03 +9.9991684332428699e-01 +1.0000045460915330e+00 +1.0000043812709383e+00 +1.0000029389810379e+00 +1.0000007932763522e+00 +3.0361276500044753e-05 +2.0830946531520205e-05 +1.2533803772819719e-05 +5.2261541822487830e-06 +1.5448769361266223e-06
141.00000000 +5.0000000000000000e+00 +1.9999585521004088e+00 +1.9502373477226517e-03 +9.9969663727196956e-01 +1.0000051254681024e+00 +1.0000073525603543e+00 +1.0000078843763522e+00 +1.0000068573612284e+00 +9.3767250153532707e-05 +6.5778218008285353e-05 +4.5411392201042648e-05 +3.6397580610867738e-05 +3.4788519089843388e-05
141.50000000 +5.0000000000000000e+00 +1.9999846188361938e+00 +1.7165218923055380e-03 +1.0002709742385769e+00 +1.0000041628241461e+00 +1.0000045353261193e+00 +1.0000068026434523e+00 +1.0000089589211327e+00 -3.4828737883175512e-08 -2.1564403067664273e-05 -5.3255610830565400e-05 -9.2057215609897195e-05 -1.2852189446604578e-04
142.00000000 +5.0000000000000000e+00 +2.0000641804363974e+00 +1.7042363256389204e-03 +1.0003589352714155e+00 +9.9999918487561135e-01 +9.9999637731068347e-01 +9.9999460329159073e-01 +9.9999413533724979e-01 -8.9334918209039126e-05 -8.4107689862194347e-05 -7.3692674874631939e-05 -5.8555696577758464e-05 -3.7545105197515392e-05
142.50000000 +5.0000000000000000e+00 +2.0000490278027727e+00 +1.6844992286764717e-03 +1.0003911907904501e+00 +9.9998924602839845e-01 +9.9998873245549802e-01 +9.9999033641033541e-01 +9.9999417642029043e-01 -8.2466886788573718e-05 -7.6577477037461882e-05 -7.0250994698819528e-05 -6.6603029620721904e-05 -5.7783719584644724e-05
143.00000000 +5.0000000000000000e+00 +1.9999997584120526e+00 +1.7884506318082262e-03 +1.0001232526082076e+00 +9.9999545427571057e-01 +9.9999240327517780e-01 +9.9999132954711512e-01 +9.9999075517639091e-01 -2.0036150610328987e-05 -9.0080818724926272e-06 -5.6409075908830846e-06 -1.6516610601966317e-05 -4.1993135017343276e-05
143.50000000 +5.0000000000000000e+00 +1.9999933719561682e+00 +1.7759940639304396e-03 +1.0001561692549121e+00 +9.9999766700988646e-01 +9.9999410139056732e-01 +9.9999261437496045e-01 +9.9999230293535524e-01 -3.4847786447055835e-05 -2.5594470367940285e-05 -2.0842488289743381e-05 -2.2591709589188590e-05 -2.8978511114277129e-05
144.00000000 +5.0000000000000000e+00 +2.0000032633110414e+00 +1.8441458264093504e-03 +9.9996928449254707e-01 +9.9999948172689634e-01 +1.0000012247143799e+00 +1.0000024465941559e+00 +1.0000012468976054e+00 +3.2737336914094918e-05 +1.7051778638264362e-05 -4.0431506462251733e-07 -1.2833454602396494e-05 -1.0235771741530898e-05
144.50000000 +5.0000000000000000e+00 +2.0000166204331911e+00 +1.7854372135937039e-03 +1.0001365001469393e+00 +1.0000056416590231e+00 +1.0000030957450377e+00 +9.9999836700847500e-01 +9.9999364129170254e-01 -2.7972454884092195e-05 -3.4117733127051185e-05 -3.1311158554874422e-05 -2.5800621040641273e-05 -1.8043882389950953e-05
145.00000000 +5.0000000000000000e+00 +2.0000541747744331e+00 +1.8359557562544556e-03 +1.0000152480945601e+00 +1.0000019542763028e+00 +1.0000031252213284e+00 +1.0000021214590995e+00 +9.9999976765519072e-01 -2.3683558753883331e-05 -1.6491132491199627e-05 -8.5645680175791728e-06 +5.9095517687061448e-06 +2.0613003800589933e-05
145.50000000 +5.0000000000000000e+00 +2.0000673394854265e+00 +1.7650409421451356e-03 +1.0002135205065856e+00 +1.0000070000004291e+00 +1.0000076176935331e+00 +1.0000069193539931e+00 +1.0000044339374525e+00 -9.5819833741707792e-05 -7.6594461052850377e-05 -5.1005496292282326e-05 -2.2746236601570190e-05 +6.6745360129629426e-06
146.00000000 +5.0000000000000000e+00 +1.9999898649935546e+00 +1.7712385457188738e-03 +1.0001551397337718e+00 +9.9999370479670202e-01 +9.9999341561307920e-01 +9.9999471910100235e-01 +9.9999848365595101e-01 -5.2083780050115744e-06 -7.1142428932918885e-06 -2.0215238190783068e-05 -4.1215533054807012e-05 -6.1709507069378580e-05
146.50000000 +5.0000000000000000e+00 +2.0000292284014121e+00 +1.9156845495837650e-03 +9.9981803340167463e-01 +1.0000006461096065e+00 +1.0000015050446995e+00 +1.0000025076622565e+00 +1.0000038261439446e+00 +7.0772717322185137e-06 +1.7637403039610499e-05 +3.1432461558288869e-05 +4.9748074824157584e-05 +6.7586429614507150e-05
147.00000000 +5.0000000000000000e+00 +2.0000262627520629e+00 +1.7488786632082372e-03 +1.0002307950831910e+00 +1.0000087913640259e+00 +1.0000065554560171e+00 +1.0000059050828687e+00 +1.0000053777160807e+00 -7.0627341730221323e-05 -6.3625478067861626e-05 -5.1351004390400922e-05 -4.1225626286911172e-05 -3.0595247607789138e-05
147.50000000 +5.0000000000000000e+00 +2.0000083652175205e+00 +1.8105441214312709e-03 +1.0000756392605292e+00 +1.0000056436286211e+00 +1.0000084902641921e+00 +1.0000099375895524e+00 +1.0000100572216972e+00 -4.8136335204867093e-05 -3.7844690825311200e-05 -2.2825720989021977e-05 -7.1845968306903771e-06 +6.2233836656402857e-06
148.00000000 +5.0000000000000000e+00 +2.0000000037613050e+00 +1.8303411247030594e-03 +1.0000304771875248e+00 +9.9999287967779626e-01 +9.9999682598164397e-01 +1.0000002823118366e+00 +1.0000021562267158e+00 -2.1457905474763221e-05 -1.3685735064594564e-05 -7.1157658796097165e-06 +1.6302211130003887e-06 +1.8007802745725302e-05
148.50000000 +5.0000000000000000e+00 +1.9999650103558613e+00 +1.8023116257381952e-03 +1.0000698636126051e+00 +9.9999647898815758e-01 +9.9999395823086412e-01 +9.9999162904614303e-01 +9.9998943835088983e-01 +4.2906530935363124e-05 +1.9502708836266570e-05 -1.2098948616701336e-05 -3.9569217041559299e-05 -5.2109300971597558e-05
149.00000000 +5.0000000000000000e+00 +2.0000187367281121e+00 +1.7002784430357721e-03 +1.0003599897056876e+00 +9.9999737037273262e-01 +9.9999648349865244e-01 +9.9999875884248035e-01 +1.0000030088714615e+00 -9.2607312594053035e-05 -9.0898248682529995e-05 -7.7458037161260129e-05 -5.8919073468091924e-05 -3.5728619203369576e-05
149.50000000 +5.0000000000000000e+00 +1.9999089269215189e+00 +2.0277446705943736e-03 +9.9948515374409042e-01 +1.0000024567599952e+00 +1.0000029875835916e+00 +1.0000020292810481e+00 +1.0000001026412357e+00 +1.5362805948759194e-04 +1.3187700113669647e-04 +1.0129972078717557e-04 +7.3851620311344128e-05 +4.6613587027810323e-05
150.00000000 +5.0000000000000000e+00 +2.0000382269314314e+00 +1.7654705981537725e-03 +1.0002042537542715e+00 +1.0000036747517731e+00 +1.0000033131761246e+00 +1.0000000095299633e+00 +9.9999605599426766e-01 -6.8677812098339673e-05 -6.4539520745127737e-05 -4.8456474964343170e-05 -2.6196283427988410e-05 +5.6288344887024804e-07
150.50000000 +5.0000000000000000e+00 +1.9999775150283252e+00 +1.7216114461239872e-03 +1.0002788663023643e+00 +9.9999796358744097e-01 +1.0000006269265167e+00 +1.0000047451562635e+00 +1.0000082374303838e+00 -4.6962858388521825e-05 -4.3434498298309920e-05 -5.1244992921385397e-05 -6.4221217162628043e-05 -8.4575837434521409e-05
151.00000000 +5.0000000000000000e+00 +2.0000055098942155e+00 +1.7605524896760199e-03 +1.0002112744697240e+00 +9.9999866097163714e-01 +9.9999563387058632e-01 +9.9999116941350985e-01 +9.9998803098108169e-01 -5.8447860176470001e-05 -4.7418155414614296e-05 -3.1769430456391201e-05 -2.2480525067779018e-05 -2.4653733079660522e-05
151.50000000 +5.0000000000000000e+00 +1.9999835904675864e+00 +1.7182724329607134e-03 +1.0002920413935845e+00 +1.0000015252497474e+00 +1.0000023773859050e+00 +1.0000019375239222e+00 +1.0000003843680467e+00 -3.3116261840520131e-05 -4.3329233249692216e-05 -5.7713004645868835e-05 -7.4098337894683161e-05 -9.0009087565322884e-05
152.00000000 +5.0000000000000000e+00 +1.9999787620435396e+00 +1.8462796841460930e-03 +9.9997308674034036e-01 +1.0000070108069794e+00 +1.0000089787021673e+00 +1.0000085390663251e+00 +1.0000058051608158e+00 +7.9080197587323644e-06 +5.5446228120839609e-06 -4.1940515278530771e-07 -5.9586950545671236e-06 -1.0495021967666451e-05
152.50000000 +5.0000000000000000e+00 +1.9999460301202259e+00 +1.8967466432374409e-03 +9.9980619833699591e-01 +9.9999114400572675e-01 +9.9999374867229907e-01 +9.9999477500050782e-01 +9.9999355332478557e-01 +1.1557883162348741e-04 +8.5148864221441703e-05 +4.8480024325658414e-05 +6.1432949836912011e-06 -3.4770359499363513e-05
153.00000000 +5.0000000000000000e+00 +1.9999554844623235e+00 +1.9872057515748632e-03 +9.9961279986000162e-01 +1.0000038774093161e+00 +1.0000017421996172e+00 +9.9999881957561731e-01 +9.9999735046289562e-01 +9.1452023411840247e-05 +7.8434098763120784e-05 +7.2510984263954677e-05 +7.0356989902769512e-05 +7.2656393274465569e-05
153.50000000 +5.0000000000000000e+00 +1.9999933349022199e+00 +1.8143698324335866e-03 +1.0000577658679333e+00 +9.9999907179809766e-01 +9.9999752474297798e-01 +9.9999850462322704e-01 +1.0000006244338056e+00 +3.9526003551381813e-06 -1.0556488165640346e-05 -1.8755273695415824e-05 -1.7955974510558045e-05 -1.0176327350839629e-05
154.00000000 +5.0000000000000000e+00 +1.9999582254995925e+00 +1.7690732174409649e-03 +1.0001539931839927e+00 +1.0000010117612632e+00 +1.0000027564910934e+00 +1.0000031515628900e+00 +1.0000028437760504e+00 +2.8669515517957421e-06 -1.8471053246622955e-05 -3.8588339321798975e-05 -5.2388504392575762e-05 -5.7175827451700956e-05
154.50000000 +5.0000000000000000e+00 +2.0000059287572625e+00 +1.9460921851350333e-03 +9.9976140211466502e-01 +1.0000041273385238e+00 +1.0000052599117484e+00 +1.0000065174577080e+00 +1.0000089153114813e+00 -3.4231810761952188e-05 +1.5631038845841137e-06 +4.3499655477456992e-05 +8.3847938892479007e-05 +1.1909897796104852e-04
155.00000000 +5.0000000000000000e+00 +2.0000203796599343e+00 +1.8807743420358779e-03 +9.9989111930444829e-01 +9.9999813027373230e-01 +9.9999884955039875e-01 +1.0000035676960028e+00 +1.0000085709002489e+00 +1.2399032983340762e-05 +1.2553541104476310e-05 +2.0281946307819002e-05 +2.6634068747572250e-05 +2.7893686264639973e-05
155.50000000 +5.0000000000000000e+00 +1.9999514736752830e+00 +1.8646203567035187e-03 +9.9992897936125857e-01 +9.9999805921445883e-01 +9.9999619816294749e-01 +9.9999565498993026e-01 +9.9999545967211245e-01 +5.6237854798393976e-06 +1.2869439232794262e-05 +2.1521258148708450e-05 +2.6082098095759297e-05 +1.9552021287843170e-05
156.00000000 +5.0000000000000000e+00 +1.9999945859901220e+00 +1.7971483130243561e-03 +1.0001002180034584e+00 +9.9999316544916594e-01 +9.9999349063253018e-01 +9.9999736920166149e-01 +1.0000029962677670e+00 -1.3941562516466628e-05 -1.4207208886333169e-05 -1.5042190447502306e-05 -1.8740836589824607e-05 -2.5307758392508075e-05
156.50000000 +5.0000000000000000e+00 +1.9999730036747538e+00 +1.7923498109528038e-03 +1.0001015172742838e+00 +9.9999058896901116e-01 +9.9999035993224084e-01 +9.9999154360336229e-01 +9.9999205683845060e-01 +2.1026294204040756e-05 +7.4637332262025479e-06 -1.3717756284005454e-05 -3.4187437260288046e-05 -4.6651450865958620e-05
157.00000000 +5.0000000000000000e+00 +1.9999182830070428e+00 +2.0870764333209956e-03 +9.9932204328649865e-01 +1.0000093467469360e+00 +1.0000068373636222e+00 +1.0000026178164749e+00 +9.9999878828655375e-01 +2.0906468228284767e-04 +1.6364647395268801e-04 +1.2228549505706432e-04 +9.5627843717533621e-05 +6.9742002059245946e-05
157.50000000 +5.0000000000000000e+00 +2.0000405252990445e+00 +1.7586667375056398e-03 +1.0002151373911705e+00 +9.9999569333767935e-01 +9.9999705199331634e-01 +9.9999948992711851e-01 +1.0000019383651111e+00 -7.6921597515740260e-05 -6.7547998175340379e-05 -4.4452122342840557e-05 -1.9302937043096849e-05 -1.0863574879372438e-06
158.00000000 +5.0000000000000000e+00 +1.9999948816046655e+00 +1.9172359655967592e-03 +9.9981961591037993e-01 +9.9999384654265622e-01 +9.9999319897849148e-01 +9.9999484463247068e-01 +9.9999557502583658e-01 +1.0051298991006479e-05 +2.7686647464967202e-05 +4.2260391862426885e-05 +5.5445040984984573e-05 +6.7475530067753390e-05
158.50000000 +5.0000000000000000e+00 +2.0000430291717679e+00 +1.5911077217662828e-03 +1.0006246029910231e+00 +1.0000007865120255e+00 +1.0000014410433882e+00 +1.0000021043239424e+00 +1.0000006273343498e+00 -1.1521863026449837e-04 -1.2507729239900567e-04 -1.3226298439164428e-04 -1.3105748063060255e-04 -1.2594581503302794e-04
159.00000000 +5.0000000000000000e+00 +2.0000023880381712e+00 +1.8705286390585550e-03 +9.9991002642054960e-01 +1.0000109230787302e+00 +1.0000108636029430e+00 +1.0000094049766326e+00 +1.0000067315214276e+00 +1.6767492472739100e-05 +6.2103475620513624e-06 +9.2931668652994073e-06 +1.2603597075470875e-05 +7.1757952374256048e-06
159.50000000 +5.0000000000000000e+00 +2.0000443295263772e+00 +1.7257203808146385e-03 +1.0002754916737395e+00 +9.9999931872356485e-01 +9.9999839958586645e-01 +9.9999751073823706e-01 +9.9999722727458418e-01 -3.0509580692277136e-05 -4.4321218085801633e-05 -5.6674543804663551e-05 -6.6070055565195534e-05 -7.0372594484734738e-05
160.00000000 +5.0000000000000000e+00 +2.0000521693632778e+00 +1.7904728098468077e-03 +1.0001411967866847e+00 +1.0000072381664251e+00 +1.0000059504182552e+00 +1.0000068773806294e+00 +1.0000074092728131e+00 -9.4725348874949897e-05 -6.4962436891340019e-05 -2.8385917836630145e-05 +1.9961536805346592e-06 +1.7405524511075838e-05
160.50000000 +5.0000000000000000e+00 +2.0000044573328029e+00 +1.7462696528272475e-03 +1.0002280494880291e+00 +9.9998359902596101e-01 +9.9998442737599669e-01 +9.9998617008596491e-01 +9.9998676372909590e-01 -1.0490160406474429e-05 -2.2308766827096756e-05 -3.8544707484973799e-05 -5.0376932090232966e-05 -4.7289139819014684e-05
161.00000000 +5.0000000000000000e+00 +1.9999183569896910e+00 +1.9604841571025712e-03 +9.9965561527655411e-01 +9.9998755159111152e-01 +9.9998691090349923e-01 +9.9998952648650963e-01 +9.9999453281446460e-01 +1.3103672716567569e-04 +1.0635445829047914e-04 +7.6991485809355345e-05 +4.7437303599040581e-05 +2.4042954706590962e-05
161.50000000 +5.0000000000000000e+00 +1.9999799105412177e+00 +1.8788291093675791e-03 +9.9988044466021875e-01 +1.0000015640822957e+00 +1.0000022998610389e+00 +1.0000022319566721e+00 +1.0000010918113860e+00 +4.7482042671013814e-05 +3.7896652936908951e-05 +2.6261979663469167e-05 +9.5516804667739150e-06 -8.8247294007060895e-06
162.00000000 +5.0000000000000000e+00 +1.9999707925475056e+00 +2.0001065097731553e-03 +9.9959604557883208e-01 +9.9999803792187603e-01 +9.9999710594348290e-01 +9.9999619552047825e-01 +9.9999556438687598e-01 +7.7422313934903781e-05 +9.4232565115195363e-05 +9.1675422716196579e-05 +8.0684824540636129e-05 +7.3035520574145607e-05
162.50000000 +5.0000000000000000e+00 +2.0000196316498484e+00 +1.8328037971429856e-03 +1.0000169832209196e+00 +1.0000120885236523e+00 +1.0000124835535606e+00 +1.0000084229500923e+00 +1.0000021208535150e+00 -2.6091959958839643e-06 -3.3180581264456842e-06 -1.3058523032894836e-05 -2.0535807463809146e-05 -1.2577517266809210e-05
163.00000000 +5.0000000000000000e+00 +1.9999935499092296e+00 +1.8098688480084233e-03 +1.0000741483936786e+00 +9.9999139018302430e-01 +9.9999493221116109e-01 +9.9999860112608230e-01 +1.0000007103788047e+00 +2.6727729542047236e-06 -4.0637969900205823e-06 -1.6409312065009665e-05 -2.7139037822670196e-05 -1.4842923176752316e-05
163.50000000 +5.0000000000000000e+00 +2.0000631797871691e+00 +1.7867240800067982e-03 +1.0001554846795142e+00 +9.9997551318441713e-01 +9.9997767552785777e-01 +9.9998234124935714e-01 +9.9998353024729136e-01 -6.3253122823364813e-05 -5.0468583917238081e-05 -2.2001963333333973e-05 +1.6715324431681896e-05 +4.4463459345033260e-05
164.00000000 +5.0000000000000000e+00 +1.9999754316038363e+00 +1.9574834994415835e-03 +9.9969208232659268e-01 +1.0000087900132213e+00 +1.0000090181542940e+00 +1.0000097525359259e+00 +1.0000066184662206e+00 +4.5803923929694628e-05 +4.9162701080797672e-05 +5.7728565500536935e-05 +6.3733741339969862e-05 +5.7309569907498583e-05
164.50000000 +5.0000000000000000e+00 +1.9999208596141003e+00 +1.8401926959626788e-03 +9.9996343404811050e-01 +1.0000017248522317e+00 +9.9999942044626755e-01 +9.9999925570676251e-01 +9.9999990169264752e-01 +8.6974301881721387e-05 +2.4019068679987765e-05 -1.5960614319096430e-05 -3.1185970909629692e-05 -2.7583527260738701e-05
165.00000000 +5.0000000000000000e+00 +2.0000247504368196e+00 +1.8798789665552260e-03 +9.9992165439002612e-01 +9.9998944089398911e-01 +9.9999262410453815e-01 +9.9999615358876837e-01 +9.9999698085242039e-01 -6.4606298017344754e-05 -2.5396057381770702e-06 +4.4953976255775752e-05 +6.7573441070947112e-05 +5.7764659646320434e-05
165.50000000 +5.0000000000000000e+00 +2.0000254843977676e+00 +1.6923252787419676e-03 +1.0003779042760754e+00 +9.9998598205180589e-01 +9.9999088170287709e-01 +9.9999796843994504e-01 +1.0000025172731755e+00 -7.5065425960783912e-05 -7.7625570577716344e-05 -7.8704255059637321e-05 -7.0259827864734088e-05 -5.3598662105373733e-05
166.00000000 +5.0000000000000000e+00 +2.0000321620061619e+00 +1.8889921094033067e-03 +9.9986599077664895e-01 +1.0000054156820266e+00 +1.0000043978986295e+00 +1.0000047255465734e+00 +1.0000077103699894e+00 +2.7115914204923054e-05 +2.4410216403497622e-05 +2.4936181320594420e-05 +2.0335985490281530e-05 +1.4961432858703286e-05
166.50000000 +5.0000000000000000e+00 +1.9999918668568897e+00 +1.9620506157861256e-03 +9.9969601813125264e-01 +1.0000052466292577e+00 +1.0000009498036768e+00 +9.9999497205730492e-01 +9.9999265147685135e-01 +5.6191877741015542e-05 +6.3155776937640689e-05 +6.2742103833011338e-05 +6.2528893908364236e-05 +6.5543247393245151e-05
167.00000000 +5.0000000000000000e+00 +1.9999591544212625e+00 +1.8348857581839382e-03 +9.9998668374072430e-01 +1.0000034865937935e+00 +1.0000031095558095e+00 +9.9999616992509910e-01 +9.9998759216521427e-01 +3.4103504938600991e-05 +1.7814012131734012e-05 +4.4492752938272953e-06 -1.0339590527404634e-05 -2.3069183152196191e-05
167.50000000 +5.0000000000000000e+00 +2.0000212088489935e+00 +1.8581998386212883e-03 +9.9996776110034280e-01 +9.9998769335609239e-01 +9.9998782702407374e-01 +9.9999015292693538e-01 +9.9999627370669231e-01 -4.2704512425173999e-05 -1.5524017791703941e-07 +2.6300531709966480e-05 +3.7128198703804219e-05 +4.9722910919518746e-05
168.00000000 +5.0000000000000000e+00 +1.9999337830516914e+00 +1.7625282333173513e-03 +1.0001666194965642e+00 +1.0000016449394742e+00 +1.0000007683027490e+00 +1.0000006860775992e+00 +9.9999988032952436e-01 +9.1781930073009654e-06 -3.1713556336396398e-05 -5.1283519045836358e-05 -4.9703541417823919e-05 -4.6076725771027218e-05
168.50000000 +5.0000000000000000e+00 +1.9999728742264677e+00 +1.9957906247627861e-03 +9.9960212126743098e-01 +9.9999662716580096e-01 +9.9999409450086818e-01 +9.9999298481153343e-01 +9.9999498236151629e-01 +9.1036892574039433e-05 +7.3856273690314192e-05 +6.9742865211494176e-05 +8.1676663640419970e-05 +1.0287719318104230e-04
169.00000000 +5.0000000000000000e+00 +1.9999802784849532e+00 +1.9727385701841212e-03 +9.9962642258039425e-01 +9.9999613091287665e-01 +9.9999945768471354e-01 +1.0000027804720022e+00 +1.0000034062060799e+00 +9.7552438289161695e-05 +8.4809767496072440e-05 +7.5779746842352888e-05 +6.7481126884690417e-05 +4.6179064006099723e-05
169.50000000 +5.0000000000000000e+00 +2.0000027919971886e+00 +1.8440486915559896e-03 +1.0000079699740196e+00 +9.9999790738263317e-01 +1.0000005420052034e+00 +1.0000009224425208e+00 +9.9999866581381780e-01 -4.1778510639320167e-05 -2.7995120111400822e-05 -2.9075274284185246e-06 +2.0198016693427235e-05 +4.6475524345261842e-05
170.00000000 +5.0000000000000000e+00 +1.9999164040988604e+00 +1.9464141333225072e-03 +9.9972155875680668e-01 +9.9999937841719955e-01 +9.9999935280436025e-01 +1.0000009163993444e+00 +1.0000029407444755e+00 +5.6088236009190458e-05 +6.9638324909735726e-05 +6.6853436170502878e-05 +5.3771474251277732e-05 +2.9501404639953649e-05
170.50000000 +5.0000000000000000e+00 +1.9999222527143306e+00 +1.9895151370585536e-03 +9.9960941244135959e-01 +9.9999867872875081e-01 +1.0000000409348220e+00 +9.9999828761397824e-01 +9.9999400317214415e-01 +1.0065308425950173e-04 +8.1502420339127512e-05 +7.1420095211272112e-05 +7.4396797576095443e-05 +7.1604711615155014e-05
171.00000000 +5.0000000000000000e+00 +2.0000735115896204e+00 +1.9691747490357832e-03 +9.9970358949292881e-01 +9.9999786953883985e-01 +9.9999553253107432e-01 +9.9999950485168776e-01 +1.0000057569453187e+00 -2.5936557464629837e-05 +2.3477185693795561e-05 +6.8461868683015420e-05 +1.0075769005352434e-04 +1.3098644886681504e-04
171.50000000 +5.0000000000000000e+00 +1.9999491681307708e+00 +1.9454397624595113e-03 +9.9972074890989249e-01 +1.0000016547525523e+00 +1.0000001816628059e+00 +9.9999808407236457e-01 +9.9999404864305597e-01 +8.3558939324811403e-05 +6.9941190348224148e-05 +5.1526952833262182e-05 +3.9991319333824429e-05 +4.0263560795445858e-05
172.00000000 +5.0000000000000000e+00 +2.0000527703051016e+00 +1.7452978661587982e-03 +1.0002614490154811e+00 +9.9998548463223136e-01 +9.9997776638495284e-01 +9.9997408955790368e-01 +9.9997698888183950e-01 -5.3636790083400870e-05 -4.9362983570737774e-05 -3.3335783785393981e-05 -2.3454453732600235e-05 -1.5988461417250867e-05
172.50000000 +5.0000000000000000e+00 +2.0000169718659468e+00 +1.8305322754384133e-03 +1.0000292917281410e+00 +1.0000068716480595e+00 +1.0000096751888379e+00 +1.0000077845572666e+00 +1.0000001881410714e+00 -5.0237204591327373e-05 -7.9191708150847042e-06 +1.6229960881140426e-05 +7.8569101308916083e-06 -1.9741760654522733e-05
173.00000000 +5.0000000000000000e+00 +2.0000130203159747e+00 +1.7810802020873050e-03 +1.0001398091124212e+00 +1.0000084942224234e+00 +1.0000073775635070e+00 +1.0000063413647877e+00 +1.0000056202845760e+00 -1.2676340993574152e-05 -4.3200988592427883e-05 -5.2928134670969640e-05 -4.0401859023415248e-05 -1.8435220739173341e-05
173.50000000 +5.0000000000000000e+00 +2.0000272083080199e+00 +1.7870825059950763e-03 +1.0001003640967290e+00 +1.0000010156385701e+00 +1.0000057292768911e+00 +1.0000050325813710e+00 +1.0000039485928960e+00 +2.8620381603422361e-05 +1.5633835350069944e-05 -1.3318929655532093e-05 -5.4767448061847335e-05 -9.2258029596127845e-05
174.00000000 +5.0000000000000000e+00 +2.0000170230895700e+00 +1.8430584813784216e-03 +1.0000133463364371e+00 +1.0000032155287251e+00 +1.0000003657183425e+00 +9.9999773419378146e-01 +9.9999960322390880e-01 -5.5675097292407317e-05 -2.4214858234171101e-05 +5.5949312440176249e-06 +2.3550545496084653e-05 +3.6479473319133061e-05
174.50000000 +5.0000000000000000e+00 +2.0000015544425409e+00 +1.9228726065664945e-03 +9.9979905155343318e-01 +1.0000208576992715e+00 +1.0000198001572236e+00 +1.0000158300878297e+00 +1.0000109553024006e+00 +8.2819596386949799e-07 +1.5093955969389623e-05 +2.5074508720903105e-05 +3.8010685834912804e-05 +5.4497854210424363e-05
175.00000000 +5.0000000000000000e+00 +1.9999444566276610e+00 +1.8996367335840361e-03 +9.9983666721444886e-01 +9.9997911413697482e-01 +9.9997969936591791e-01 +9.9997945802251620e-01 +9.9997813300397909e-01 +8.5918823565528287e-05 +8.0801385420536538e-05 +6.1008673632757549e-05 +2.3900159261411565e-05 -4.7007896793340870e-06
175.50000000 +5.0000000000000000e+00 +1.9998675086606861e+00 +2.2301203350057496e-03 +9.9899763129456265e-01 +9.9998631349638933e-01 +9.9998357802050475e-01 +9.9998563409286434e-01 +9.9998935165837810e-01 +1.9434686865173444e-04 +2.1021246929780855e-04 +2.2512798003559271e-04 +2.2639909875923117e-04 +2.0140501854744487e-04
176.00000000 +5.0000000000000000e+00 +1.9999877518353870e+00 +1.8711239744401964e-03 +9.9990243620291486e-01 +1.0000117343946022e+00 +1.0000177427308221e+00 +1.0000186245996432e+00 +1.0000133816357648e+00 +2.4174202919546823e-05 +1.3282481456280265e-05 +1.1814769869642481e-06 -4.2967436920698273e-06 +1.7390158663959709e-06
176.50000000 +5.0000000000000000e+00 +1.9999920067340726e+00 +1.8989152764612074e-03 +9.9985835431030345e-01 +1.0000024500421019e+00 +1.0000016065736679e+00 +9.9999987109966904e-01 +9.9999906103349545e-01 -2.1347214236784384e-05 +3.3062428064279738e-06 +3.1956103991987714e-05 +5.5761594332678141e-05 +6.8980212422416673e-05
177.00000000 +5.0000000000000000e+00 +1.9999727573775303e+00 +1.8217440649111784e-03 +1.0000567385656707e+00 +9.9999414837191758e-01 +9.9999075314603492e-01 +9.9999324351761520e-01 +9.9999634340431554e-01 -2.4793521844730566e-05 -1.9121775983619854e-06 +3.5132874884422031e-06 -3.5288691215605587e-07 -7.6817050794362507e-06
177.50000000 +5.0000000000000000e+00 +2.0000012350299481e+00 +1.7908028148261564e-03 +1.0001422374999558e+00 +9.9999360249247948e-01 +1.0000001906053242e+00 +1.0000072790053385e+00 +1.0000090838828941e+00 -5.6228021807427078e-05 -6.6034775672003568e-05 -5.1897798719900503e-05 -1.1345779846934488e-05 +3.3112888356777433e-05
178.00000000 +5.0000000000000000e+00 +1.9999078781936508e+00 +2.0124942554642505e-03 +9.9955454534901933e-01 +9.9999362640643363e-01 +9.9998586735029626e-01 +9.9998454127556402e-01 +9.9998606276747382e-01 +1.0072839941099321e-04 +9.7156817598146848e-05 +9.5126357629784982e-05 +1.0054285517226273e-04 +1.0180241997189649e-04
178.50000000 +5.0000000000000000e+00 +1.9999889897200689e+00 +1.8320284893485561e-03 +9.9999254412141769e-01 +1.0000065723151177e+00 +1.0000112130680654e+00 +1.0000181061442803e+00 +1.0000225719370450e+00 +9.7460562805971730e-06 +7.3853774449507280e-06 -5.8113686322198894e-06 -2.1101795489046684e-05 -4.1225853598640148e-05
179.00000000 +5.0000000000000000e+00 +2.0000080960442381e+00 +1.6877967999192349e-03 +1.0003799057739435e+00 +1.0000024460392647e+00 +1.0000005484584125e+00 +1.0000015202802019e+00 +1.0000021313627425e+00 -6.2051643102319749e-05 -7.1373144597906249e-05 -8.6495222770164719e-05 -9.0289104225883216e-05 -7.6342798884401498e-05
179.50000000 +5.0000000000000000e+00 +2.0000317012804962e+00 +1.7524586320152654e-03 +1.0002231591795876e+00 +9.9999703168024690e-01 +9.9999719120649000e-01 +9.9999621890613200e-01 +9.9999928776677394e-01 -2.8979207519385331e-05 -5.3242526402237375e-05 -6.6626589690411216e-05 -4.9433499693617490e-05 -1.4606912475767390e-05
180.00000000 +5.0000000000000000e+00 +2.0000472917095715e+00 +1.8615966331766327e-03 +9.9997388824533651e-01 +9.9999738254395809e-01 +9.9999714576444565e-01 +9.9999656625008038e-01 +9.9999798869015311e-01 -4.4687508613929891e-05 -3.2357245204730207e-05 -4.6246637499194158e-06 +3.8094529144459455e-05 +8.0603391777232320e-05
180.50000000 +5.0000000000000000e+00 +2.0000180721812590e+00 +1.8451664104301279e-03 +9.9998919355032312e-01 +1.0000001214661851e+00 +9.9999774363168914e-01 +1.0000006994256569e+00 +1.0000056797733070e+00 +1.2982599133682977e-05 -2.8151590995191072e-06 -1.3439720379380844e-05 -9.3245297215489967e-06 +1.9158965035396543e-05
181.00000000 +5.0000000000000000e+00 +1.9999082652319298e+00 +1.8763247734611046e-03 +9.9987934209575302e-01 +1.0000064027601938e+00 +1.0000014246112603e+00 +9.9999722621392584e-01 +9.9999325118854843e-01 +4.7263067930674328e-05 +3.6589648260552929e-05 +2.7784535450892755e-05 +1.2796006107042158e-05 -2.0801304514767506e-06
181.50000000 +5.0000000000000000e+00 +1.9999441461788505e+00 +1.9441904698356276e-03 +9.9973470100097517e-01 +9.9998794853032469e-01 +9.9998444729999969e-01 +9.9998196334783740e-01 +9.9997705573000129e-01 +4.3921861006219082e-05 +5.7298403482023995e-05 +7.4075681887196418e-05 +8.3567901975607303e-05 +7.5020243482823255e-05
182.00000000 +5.0000000000000000e+00 +2.0001390975237245e+00 +1.4596881767550531e-03 +1.0009532659122393e+00 +9.9998474077236565e-01 +9.9998772160605021e-01 +9.9999037438826588e-01 +9.9999147330543314e-01 -1.5000075053576498e-04 -1.8539904304616677e-04 -2.0431218500085278e-04 -1.9759480062882866e-04 -1.7026920285531143e-04
182.50000000 +5.0000000000000000e+00 +2.0000056791413101e+00 +1.7491138470938389e-03 +1.0002145806365719e+00 +1.0000068358212262e+00 +1.0000134169743047e+00 +1.0000169063073288e+00 +1.0000175889731480e+00 -1.8879566023603720e-05 -3.2650285911188063e-05 -5.5408980891195418e-05 -7.8467805514856009e-05 -8.3922076099679578e-05
183.00000000 +5.0000000000000000e+00 +2.0000370828295222e+00 +1.6758864538409407e-03 +1.0004036662524360e+00 +9.9998755310667764e-01 +9.9999183490157939e-01 +9.9999547291195801e-01 +9.9999697497971096e-01 -8.6975918775386379e-05 -9.7897200014007121e-05 -8.3274832407468423e-05 -5.8270285839383639e-05 -4.9083918800309738e-05
183.50000000 +5.0000000000000000e+00 +1.9999889169704357e+00 +1.7915612574646775e-03 +1.0001358677941825e+00 +1.0000038980767862e+00 +1.0000092929124604e+00 +1.0000147631492677e+00 +1.0000142324912042e+00 -8.3758415625949720e-05 -6.7966151501223357e-05 -3.5347693799098853e-05 -3.9389729517398928e-07 +9.4117370973001904e-06
184.00000000 +5.0000000000000000e+00 +1.9999860788970292e+00 +1.7561403229109671e-03 +1.0002124461494157e+00 +1.0000114927771455e+00 +1.0000050366853306e+00 +9.9999692319529321e-01 +9.9998848428416642e-01 -1.4172407257373805e-05 -2.3528252612386625e-05 -5.0466006855661473e-05 -6.5089243779995620e-05 -6.1127181972048120e-05
184.50000000 +5.0000000000000000e+00 +1.9999023099684279e+00 +1.9610070114521815e-03 +9.9969455552010178e-01 +9.9999875995609577e-01 +1.0000024473417566e+00 +1.0000014588991624e+00 +9.9999792677974086e-01 +4.9260612342105406e-05 +5.5301323102786542e-05 +6.5568078598683937e-05 +7.0055302753665012e-05 +6.4666189653969457e-05
185.00000000 +5.0000000000000000e+00 +2.0000068147101646e+00 +1.8842909460749580e-03 +9.9990068949870037e-01 +9.9998311056976852e-01 +9.9998255108372125e-01 +9.9998263179172464e-01 +9.9997913722041165e-01 -1.5626422549368480e-05 +2.0192146558070000e-05 +4.7069142503856594e-05 +6.5400956174409294e-05 +5.4844014670037177e-05
185.50000000 +5.0000000000000000e+00 +1.9998968976110625e+00 +2.0326238753853999e-03 +9.9948956246116760e-01 +1.0000072946655019e+00 +1.0000126009224590e+00 +1.0000125719077326e+00 +1.0000062378624368e+00 +1.2798477069327749e-04 +1.1425271370766291e-04 +8.8856558905744173e-05 +7.3863224376305358e-05 +6.6774917165046541e-05
186.00000000 +5.0000000000000000e+00 +1.9998687408861731e+00 +1.8420926385560330e-03 +9.9998304576329078e-01 +9.9999647367838584e-01 +9.9999855567671647e-01 +1.0000024867041721e+00 +1.0000042750605367e+00 +3.7162725548790428e-06 +5.0697695361445569e-06 +1.0941855477232921e-05 +8.3354414188949606e-06 -1.2900222476788841e-05
186.50000000 +5.0000000000000000e+00 +1.9999713015177440e+00 +1.9278210696807782e-03 +9.9977980738695094e-01 +1.0000062583749711e+00 +1.0000083242451356e+00 +1.0000091133746607e+00 +1.0000046139979910e+00 -9.7249193738600422e-06 +6.6714925542294912e-06 +4.8134605978203546e-05 +7.2339409279110114e-05 +7.4462034034929978e-05
187.00000000 +5.0000000000000000e+00 +2.0001315421508945e+00 +1.6838767867542693e-03 +1.0003865998498469e+00 +9.9998739979893136e-01 +9.9998728687587302e-01 +9.9999256343552423e-01 +9.9999770952879585e-01 -8.1278166312637222e-05 -6.0400609757680421e-05 -5.0195568595269721e-05 -6.3335670649491767e-05 -9.6349477376026996e-05
187.50000000 +5.0000000000000000e+00 +2.0001370943605661e+00 +1.7059011580107546e-03 +1.0003781376709535e+00 +9.9997084318165497e-01 +9.9997161201778972e-01 +9.9997949498366512e-01 +9.9998645006011821e-01 -1.3698975950758992e-04 -1.0631546295122996e-04 -5.3870644027771940e-05 -8.0165268621357087e-06 +1.8654476842946108e-05
188.00000000 +5.0000000000000000e+00 +2.0000092724772336e+00 +1.9038440550985115e-03 +9.9984272699306509e-01 +9.9998116303265683e-01 +9.9998353299070575e-01 +9.9998686618327393e-01 +9.9998586035399017e-01 +1.3482976808427734e-05 +1.6699338932309922e-05 +3.7098045191992919e-05 +6.7185347829213391e-05 +8.5384738707011435e-05
188.50000000 +5.0000000000000000e+00 +2.0000685261966820e+00 +1.8591260678667977e-03 +9.9995927558549147e-01 +9.9998322194499500e-01 +9.9999075452265351e-01 +1.0000006028849044e+00 +1.0000072427763240e+00 -7.8942836258978576e-06 +9.5225448031051268e-06 +2.0702381552560186e-05 +1.7526290873362903e-05 +1.9045351056227611e-05
189.00000000 +5.0000000000000000e+00 +1.9999590062697088e+00 +1.9653431030307324e-03 +9.9971262924587989e-01 +9.9999254684610173e-01 +9.9999189320739468e-01 +9.9999277044543988e-01 +9.9999733805103297e-01 -3.0398793481307660e-05 +3.1477354033648405e-06 +6.2365084111205309e-05 +1.2012981656059323e-04 +1.5757835806480289e-04
189.50000000 +5.0000000000000000e+00 +1.9999052964717543e+00 +1.8945336463270801e-03 +9.9983448391603813e-01 +9.9998971640297696e-01 +9.9998368275822125e-01 +9.9998282624278756e-01 +9.9998355487753610e-01 +6.9940010508132096e-05 +5.3423112609785368e-05 +4.4978068950600961e-05 +3.9890766597987820e-05 +1.7503844535383302e-05
190.00000000 +5.0000000000000000e+00 +1.9999168803018148e+00 +1.9144089368671969e-03 +9.9981715038078178e-01 +9.9998499207950742e-01 +9.9998415267705010e-01 +9.9998617500186160e-01 +9.9998959152069500e-01 +1.1656021976064382e-05 +4.0054889484679616e-05 +6.3903014118345966e-05 +6.4062056589912360e-05 +5.8262358858943631e-05
190.50000000 +5.0000000000000000e+00 +1.9998937632734055e+00 +1.8989225834790927e-03 +9.9980007577387842e-01 +1.0000034183343409e+00 +1.0000058514135244e+00 +1.0000085514306383e+00 +1.0000038221304004e+00 +1.1840222915987850e-04 +6.0544555008498390e-05 +2.3134570956226511e-05 -2.6598982818344411e-06 -2.1140543654333968e-05
191.00000000 +5.0000000000000000e+00 +1.9998925186006695e+00 +1.7949181462894883e-03 +1.0001195706618267e+00 +1.0000024027476357e+00 +1.0000045055569806e+00 +1.0000079327136211e+00 +1.0000122590193727e+00 -4.8176296962086948e-05 -5.7384774189186871e-05 -4.1392292035313588e-05 -1.1608021740434922e-05 +1.1890681730798354e-05
191.50000000 +5.0000000000000000e+00 +2.0000035538549730e+00 +1.7632090553148095e-03 +1.0001820952944178e+00 +1.0000047619931949e+00 +1.0000054136582750e+00 +1.0000051868431254e+00 +1.0000040565221477e+00 -3.9385379785300874e-05 -5.2535000841685395e-05 -5.3930403209173197e-05 -4.0484879146602875e-05 -1.5178651224495029e-05
192.00000000 +5.0000000000000000e+00 +1.9999540455027471e+00 +1.8488246583688612e-03 +9.9997312017724294e-01 +1.0000148474915100e+00 +1.0000149303137893e+00 +1.0000177687608969e+00 +1.0000177287541161e+00 -1.7800046321279422e-05 -2.5747056362591233e-06 -8.6116968894659165e-06 -1.2992524675697957e-05 +3.5834793787079489e-06
192.50000000 +5.0000000000000000e+00 +1.9999783230170129e+00 +1.6659096426250872e-03 +1.0004055915498851e+00 +9.9999526843340736e-01 +9.9999451394464633e-01 +9.9999593442527190e-01 +9.9999639470880408e-01 -1.7791587704822596e-05 -4.5783584899286853e-05 -8.1832384883802060e-05 -1.1506487070735613e-04 -1.2723063613482061e-04
193.00000000 +5.0000000000000000e+00 +1.9999633144367090e+00 +1.8662390461077886e-03 +9.9993429477268758e-01 +1.0000103966252980e+00 +1.0000044192756725e+00 +1.0000000464023449e+00 +9.9999903978999682e-01 +2.9549670505670884e-05 +5.0766553127254826e-06 -6.9457408643128205e-06 +3.4686057308085721e-06 +2.0653941888632441e-05
193.50000000 +5.0000000000000000e+00 +1.9999273452384636e+00 +1.9835188249206635e-03 +9.9962756678995168e-01 +9.9999100669563346e-01 +1.0000037670282043e+00 +1.0000158902354672e+00 +1.0000208115050846e+00 +5.2010113842222641e-05 +5.2663665898038920e-05 +7.1324569609358077e-05 +8.5001832135701093e-05 +7.9957562749455142e-05
194.00000000 +5.0000000000000000e+00 +1.9999909100277447e+00 +1.9656052194746278e-03 +9.9966326082232404e-01 +1.0000167022067283e+00 +1.0000080210240563e+00 +1.0000037812503666e+00 +1.0000052307674145e+00 +7.3518717033268518e-05 +5.6713530980598720e-05 +4.7536826172718800e-05 +5.9481428636637132e-05 +6.5753426238930563e-05
194.50000000 +5.0000000000000000e+00 +2.0000608055025095e+00 +1.8479382375297198e-03 +1.0000029339840042e+00 +1.0000266642010383e+00 +1.0000326427340762e+00 +1.0000348790092697e+00 +1.0000328562138632e+00 -7.7276822844023126e-05 -6.4036972747744450e-05 -4.2125744813688326e-05 +3.1078138412611126e-06 +5.0355581808897062e-05
195.00000000 +5.0000000000000000e+00 +2.0000503692127785e+00 +1.6636399185633245e-03 +1.0004344483546599e+00 +9.9997691785700693e-01 +9.9997474153296950e-01 +9.9998087147810011e-01 +9.9998960367633427e-01 -4.1614741853531518e-05 -7.1395632596268381e-05 -8.7518410234107248e-05 -8.5241834798046519e-05 -7.0812277348944984e-05
195.50000000 +5.0000000000000000e+00 +2.0000154132377275e+00 +1.6844401978464774e-03 +1.0004043100378577e+00 +9.9999470644492194e-01 +9.9999202157884493e-01 +9.9998700796978357e-01 +9.9998231847025165e-01 -8.4008703636567563e-05 -1.0495539760619152e-04 -1.0064978693940455e-04 -6.2107075748621724e-05 -8.6435402744652723e-06
196.00000000 +5.0000000000000000e+00 +1.9999666753797523e+00 +1.7789161752033329e-03 +1.0001452520821457e+00 +1.0000036654565392e+00 +9.9999540373285667e-01 +9.9999443466900728e-01 +9.9999781598870952e-01 -8.6092366898690000e-06 -2.5971342945482504e-05 -4.2634295852625634e-05 -4.0282505491920157e-05 -1.9074544556207721e-05
196.50000000 +5.0000000000000000e+00 +2.0000223972448645e+00 +1.6577447270137466e-03 +1.0004348785928945e+00 +9.9998610455452575e-01 +9.9998865712029872e-01 +9.9998782631425498e-01 +9.9998759600548570e-01 -3.0828665649584650e-05 -5.9506694474519235e-05 -8.8985564548884152e-05 -1.0656718273585853e-04 -9.9174477010551335e-05
197.00000000 +5.0000000000000000e+00 +1.9998778607015144e+00 +1.8838205748140237e-03 +9.9984941711905240e-01 +9.9999050512547549e-01 +9.9999280488606279e-01 +9.9999721628677607e-01 +9.9999775730556140e-01 +7.3421105024330541e-05 +6.1439059415326316e-05 +4.2309816427407773e-05 +1.6984825884882925e-05 -2.1855531962100990e-05
197.50000000 +5.0000000000000000e+00 +1.9999759960486323e+00 +1.9731193769817598e-03 +9.9962746245623424e-01 +1.0000182578724757e+00 +1.0000117003817122e+00 +1.0000014281511145e+00 +1.0000011538014510e+00 +9.9590980617957360e-05 +9.0183768505009291e-05 +7.6052921901820938e-05 +5.2501569535026580e-05 +2.1668093230140188e-05
198.00000000 +5.0000000000000000e+00 +2.0001005814249715e+00 +1.6222533446238400e-03 +1.0005419120929433e+00 +1.0000069359050447e+00 +9.9999942127790842e-01 +9.9999809112320226e-01 +1.0000035069541622e+00 -1.2470260497900206e-04 -1.1921273773035468e-04 -1.0492243450347138e-04 -1.0300664841929411e-04 -9.8022931282983853e-05
198.50000000 +5.0000000000000000e+00 +2.0000532809562488e+00 +1.8044096168203119e-03 +1.0000959743126605e+00 +1.0000214463487602e+00 +1.0000149569747465e+00 +1.0000063753724748e+00 +9.9999941352892074e-01 -9.5206668550355616e-05 -6.2215274588833970e-05 -5.1960624038945365e-06 +1.4953777358853221e-05 +9.4976919161801457e-06
199.00000000 +5.0000000000000000e+00 +2.0000456529779957e+00 +1.7185914391260383e-03 +1.0002681178436841e+00 +1.0000120346949000e+00 +1.0000237872243973e+00 +1.0000283204114722e+00 +1.0000290632579449e+00 -7.5681364300706202e-05 -6.4061629246389839e-05 -4.9594938979955394e-05 -6.1468619990724167e-05 -1.1051688365044544e-04
199.50000000 +5.0000000000000000e+00 +2.0001688991272153e+00 +1.7822681537078445e-03 +1.0001435030910972e+00 +9.9996892692674921e-01 +9.9996993074898233e-01 +9.9998223579810419e-01 +9.9999197320834354e-01 -1.8446398246525807e-05 -8.7222832206903886e-06 -1.4837547768680685e-06 -2.1819356035215664e-06 -2.5735398881710648e-05
200.00000000 +5.0000000000000000e+00 +2.0000874104676352e+00 +1.7306520386705614e-03 +1.0003061671915010e+00 +9.9999664947973499e-01 +9.9999319526206665e-01 +9.9998864031642853e-01 +9.9998812926676839e-01 -1.1267321009035121e-04 -1.0260537203020643e-04 -7.0600318709481137e-05 -2.4704799422899375e-05 +3.7802186854332789e-05
