#PATCH_CHECK: SepMBpoisson v0.61 exact-bernoulli stratified-backward active
#discretizing the bath:
#     0 0.0000000000000000e+00 -6.3189999999999946e-01
#     1 2.9814239699997198e-03 -2.5173285690323666e-01
#     2 2.9814239699997198e-03 -2.3307306538107089e-01
#     3 2.9814239699997198e-03 -2.1350616694249586e-01
#     4 2.9814239699997198e-03 -1.9307241725674809e-01
#     5 2.9814239699997198e-03 -1.7180714264857105e-01
#     6 2.9814239699997198e-03 -1.4974167128288318e-01
#     7 2.9814239699997198e-03 -1.2690403514596213e-01
#     8 2.9814239699997198e-03 -1.0331951065357042e-01
#     9 2.9814239699997198e-03 -7.9011042677658239e-02
#sampling: jump_strength=7.4535599249993013e-03 jump_probability=7.3984153925211070e-03 log_scale=7.4259194090766515e-03 back_replicas=12 stratify_forward=1
#adaptive measurement: gap=2.1265274608177037e-02 period_steps=591 nmeas=116 nwf=400 tmax=2.0000000000000000e+02 forced_stride=0
  0.00000000 +5.0000000000000000e+00 +1.9999999999999998e+00 +1.8374661879283106e-03 +1.0000000000000000e+00 +1.0000000000000000e+00 +1.0000000000000000e+00 +1.0000000000000000e+00 +1.0000000000000000e+00 +0.0000000000000000e+00 +0.0000000000000000e+00 +0.0000000000000000e+00 +0.0000000000000000e+00 +0.0000000000000000e+00
  0.50000000 +5.0000000000000000e+00 +1.9999999999934641e+00 +1.8418296728640099e-03 +9.9998892218465685e-01 +1.0000000000154412e+00 +1.0000000000154412e+00 +1.0000000000154412e+00 +1.0000000000154412e+00 +2.2361404465648245e-06 +2.2218736001965470e-06 +2.2015996606205718e-06 +2.1918381341580682e-06 +2.2263789201023209e-06
  1.00000000 +5.0000000000000000e+00 +1.9999999990648292e+00 +1.8540001107121621e-03 +9.9995800673528978e-01 +9.9999999996846567e-01 +9.9999999996395528e-01 +9.9999999995718969e-01 +9.9999999995944477e-01 +8.4238638947657538e-06 +8.5997440712843620e-06 +8.3900566549560012e-06 +8.2691400778383481e-06 +8.3105322161383699e-06
  1.50000000 +5.0000000000000000e+00 +2.0000000142606789e+00 +1.8715785027246935e-03 +9.9991329794615991e-01 +9.9999999981358911e-01 +9.9999999978175447e-01 +9.9999999979802212e-01 +9.9999999980742915e-01 +1.7585783221302771e-05 +1.7603434420398523e-05 +1.7410782350748517e-05 +1.7166372052157001e-05 +1.6936546977438130e-05
  2.00000000 +5.0000000000000000e+00 +2.0000000384162053e+00 +1.8912360272687592e-03 +9.9986319085305819e-01 +9.9999999925987582e-01 +9.9999999918741289e-01 +9.9999999920543647e-01 +9.9999999921454064e-01 +2.7931497783788135e-05 +2.7955107636344586e-05 +2.7636313777060508e-05 +2.6854388695473005e-05 +2.6434908459500685e-05
  2.50000000 +5.0000000000000000e+00 +2.0000000219641074e+00 +1.9086103371249654e-03 +9.9981872509562320e-01 +9.9999999807717266e-01 +9.9999999786575400e-01 +9.9999999805694206e-01 +9.9999999809117623e-01 +3.7587335111074935e-05 +3.7232124591675903e-05 +3.6742764913422710e-05 +3.5263829494075116e-05 +3.4456684869785039e-05
  3.00000000 +5.0000000000000000e+00 +2.0000000044937023e+00 +1.9205936230717469e-03 +9.9978778572987170e-01 +9.9999999605139600e-01 +9.9999999565749897e-01 +9.9999999589115607e-01 +9.9999999604423984e-01 +4.5159504724143609e-05 +4.3934225173430367e-05 +4.3016482592574019e-05 +4.0786426006569260e-05 +3.9333927906807791e-05
  3.50000000 +5.0000000000000000e+00 +2.0000000184191333e+00 +1.9248603592663333e-03 +9.9977633861315729e-01 +9.9999999302334386e-01 +9.9999999237418968e-01 +9.9999999317348975e-01 +9.9999999333481548e-01 +4.9028770021871006e-05 +4.6886286038912735e-05 +4.5280657448568073e-05 +4.2228663758511672e-05 +4.0265220117461227e-05
  4.00000000 +5.0000000000000000e+00 +2.0000000106843059e+00 +1.9202891352519250e-03 +9.9978733131605202e-01 +9.9999998937985102e-01 +9.9999998869208184e-01 +9.9999998944174817e-01 +9.9999998923039524e-01 +4.8381465300885498e-05 +4.5393041272021151e-05 +4.3095525919194316e-05 +3.9322683247552422e-05 +3.6519122923558756e-05
  4.50000000 +5.0000000000000000e+00 +1.9999999920125682e+00 +1.9080285848979174e-03 +9.9981798993936399e-01 +9.9999998468183671e-01 +9.9999998393984679e-01 +9.9999998513559440e-01 +9.9999998550896929e-01 +4.3813723862357196e-05 +3.9590657632758280e-05 +3.6298487887149359e-05 +3.2887703893188554e-05 +2.9480219239665412e-05
  5.00000000 +5.0000000000000000e+00 +2.0000000011461734e+00 +1.8906793423048053e-03 +9.9986184957501512e-01 +9.9999998074382090e-01 +9.9999997900288928e-01 +9.9999998044210114e-01 +9.9999998133884549e-01 +3.5607730326846308e-05 +3.1590989388987737e-05 +2.7322293572508097e-05 +2.3984818736682352e-05 +1.9723031341102135e-05
  5.50000000 +5.0000000000000000e+00 +1.9999999917501794e+00 +1.8717708166017535e-03 +9.9991004628430857e-01 +9.9999997662302820e-01 +9.9999997489596737e-01 +9.9999997651648764e-01 +9.9999997827099651e-01 +2.6439473308960251e-05 +2.1006789938328113e-05 +1.7539867711734736e-05 +1.4291994685525159e-05 +1.0769260398825205e-05
  6.00000000 +5.0000000000000000e+00 +2.0000000200039567e+00 +1.8554054577712080e-03 +9.9995222213561441e-01 +9.9999997431512244e-01 +9.9999997172911304e-01 +9.9999997353184966e-01 +9.9999997522639339e-01 +1.5885671535423678e-05 +1.1896465063835877e-05 +9.1789137859582855e-06 +6.9386280682087357e-06 +3.9833609676703684e-06
  6.50000000 +5.0000000000000000e+00 +2.0000000756453140e+00 +1.8435331760130096e-03 +9.9998333317842292e-01 +9.9999997029348464e-01 +9.9999996937555968e-01 +9.9999997244417438e-01 +9.9999997308703725e-01 +7.1454364542289671e-06 +4.6003150796438314e-06 +2.9764219663154184e-06 +1.2317538069197433e-06 +8.2771163161884214e-07
  7.00000000 +5.0000000000000000e+00 +1.9999999453902659e+00 +1.8400474907715632e-03 +9.9999338517553416e-01 +9.9999997119629225e-01 +9.9999996898618371e-01 +9.9999996885352782e-01 +9.9999997484234848e-01 +2.0375082785106644e-06 +7.6997940978464769e-07 +6.4965370913185815e-07 +8.6182025976461374e-07 +2.4120244611124721e-06
  7.50000000 +5.0000000000000000e+00 +1.9999999234469639e+00 +1.8448577835013305e-03 +9.9998231187166653e-01 +9.9999997035088817e-01 +9.9999996721288675e-01 +9.9999997131512786e-01 +9.9999997225493209e-01 +1.0995337896615794e-06 +1.8888123234580072e-06 +3.2301318378072219e-06 +4.6016271589381226e-06 +6.9868873460909735e-06
  8.00000000 +5.0000000000000000e+00 +1.9999998891302941e+00 +1.8561594308622660e-03 +9.9995454080200841e-01 +9.9999997229066340e-01 +9.9999997011068997e-01 +9.9999997011663289e-01 +9.9999997142449759e-01 +3.9438603470698793e-06 +6.9439183397965805e-06 +8.6452524321331420e-06 +1.1607503447255968e-05 +1.4434660304927001e-05
  8.50000000 +5.0000000000000000e+00 +1.9999998205871916e+00 +1.8717690931216160e-03 +9.9991534087562095e-01 +9.9999996793372148e-01 +9.9999997009156572e-01 +9.9999997250492811e-01 +9.9999997485692449e-01 +1.1095532319634052e-05 +1.3569483691663291e-05 +1.7787763428141871e-05 +2.0346347592989149e-05 +2.1974625389306168e-05
  9.00000000 +5.0000000000000000e+00 +1.9999998494702340e+00 +1.8905944675546430e-03 +9.9986733658095073e-01 +9.9999996782370715e-01 +9.9999996983702255e-01 +9.9999996622075937e-01 +9.9999996871988761e-01 +2.0039717404740102e-05 +2.4374527086168725e-05 +2.6778732185808328e-05 +3.1326385704825037e-05 +3.0271448234669496e-05
  9.50000000 +5.0000000000000000e+00 +2.0000001359819772e+00 +1.9054896784534549e-03 +9.9982869163632326e-01 +9.9999997240093197e-01 +9.9999996437720562e-01 +9.9999996291592708e-01 +9.9999996382873602e-01 +3.0225277134605672e-05 +3.2053583102088505e-05 +3.5391888769402442e-05 +3.6532125500068645e-05 +3.7241996302199566e-05
 10.00000000 +5.0000000000000000e+00 +2.0000001254688038e+00 +1.9160878395535384e-03 +9.9980047114924808e-01 +9.9999995819378340e-01 +9.9999996136728064e-01 +9.9999995922770701e-01 +9.9999995787494356e-01 +3.8196181064939671e-05 +4.0406129586666334e-05 +4.0015773948099242e-05 +4.1865463608123550e-05 +3.9208531289139745e-05
 10.50000000 +5.0000000000000000e+00 +1.9999998433678179e+00 +1.9182430179461691e-03 +9.9979327189464373e-01 +9.9999996251555034e-01 +9.9999994836129191e-01 +9.9999994628485356e-01 +9.9999995356741700e-01 +4.3633573370576367e-05 +4.4450856850426688e-05 +4.1631384199154731e-05 +4.1258327086454815e-05 +3.5943130238008012e-05
 11.00000000 +5.0000000000000000e+00 +1.9999998859392747e+00 +1.9148229386610491e-03 +9.9980032235406036e-01 +9.9999994710929763e-01 +9.9999993825465738e-01 +9.9999993615472604e-01 +9.9999993914784657e-01 +4.7077774294906536e-05 +4.4971615972821191e-05 +4.0629661094389687e-05 +3.8757160336946128e-05 +2.8480774451057932e-05
 11.50000000 +5.0000000000000000e+00 +2.0000000273064731e+00 +1.9030197216331258e-03 +9.9982908979580676e-01 +9.9999994513258827e-01 +9.9999992475773225e-01 +9.9999992836159513e-01 +9.9999993088064265e-01 +4.5241476309607461e-05 +4.0325589838642200e-05 +3.5240788733898880e-05 +2.8331765898698518e-05 +2.2041401792898341e-05
 12.00000000 +5.0000000000000000e+00 +1.9999996216743965e+00 +1.8886542120446761e-03 +9.9986492459279530e-01 +9.9999993141885546e-01 +9.9999992425473450e-01 +9.9999991873139915e-01 +9.9999992306697372e-01 +3.9455159977618224e-05 +3.3308631288910551e-05 +2.7134179222808389e-05 +2.2713836329890443e-05 +1.2766191457680702e-05
 12.50000000 +5.0000000000000000e+00 +1.9999998674686006e+00 +1.8721581237295807e-03 +9.9990703793470004e-01 +9.9999991857601600e-01 +9.9999991987581416e-01 +9.9999991320312109e-01 +9.9999989860661398e-01 +3.1134559411404837e-05 +2.6493066398557678e-05 +1.7031744596277346e-05 +1.1297274057189611e-05 +7.3551283077496974e-06
 13.00000000 +5.0000000000000000e+00 +1.9999997677304056e+00 +1.8579080097916264e-03 +9.9994413011633476e-01 +9.9999991488000595e-01 +9.9999989961936941e-01 +9.9999989666404765e-01 +9.9999990253200310e-01 +2.2098210484798510e-05 +1.7231541331252612e-05 +1.0282054871033951e-05 +4.6275359713429436e-06 +2.0168510033852437e-06
 13.50000000 +5.0000000000000000e+00 +1.9999997373978922e+00 +1.8494916937707834e-03 +9.9996727932999929e-01 +9.9999990102979286e-01 +9.9999990569365727e-01 +9.9999989410985535e-01 +9.9999988945904317e-01 +1.4250915862568257e-05 +8.7059981314698206e-06 +3.5689413132546601e-06 +2.8753802699009893e-06 +3.7292389252735509e-06
 14.00000000 +5.0000000000000000e+00 +1.9999996304916450e+00 +1.8489306940764943e-03 +9.9997053427080129e-01 +9.9999989228941843e-01 +9.9999989319667160e-01 +9.9999986514859251e-01 +9.9999990071488842e-01 +1.0025814557138118e-05 +4.1916267316371343e-06 +2.6877877649013879e-06 +5.2926260597887492e-06 +7.7165737837091599e-06
 14.50000000 +5.0000000000000000e+00 +1.9999990886225347e+00 +1.8497661604079617e-03 +9.9997046376891618e-01 +9.9999989781399257e-01 +9.9999989235478359e-01 +9.9999988747120772e-01 +9.9999990228223867e-01 +4.8398602418376589e-06 +2.5481761351149351e-06 +3.9514105384539587e-06 +5.3474944057647648e-06 +1.3269309533471335e-05
 15.00000000 +5.0000000000000000e+00 +1.9999990587263157e+00 +1.8595620329291786e-03 +9.9994706591472848e-01 +9.9999990954759566e-01 +9.9999990555256724e-01 +9.9999988314511568e-01 +9.9999989488404195e-01 +4.4988634397928050e-07 +4.7869842689161646e-06 +1.1212813897967411e-05 +1.6012593240236522e-05 +2.0878624621442042e-05
 15.50000000 +5.0000000000000000e+00 +1.9999989045586897e+00 +1.8735267949338064e-03 +9.9991207393057435e-01 +9.9999989664333111e-01 +9.9999991215792272e-01 +9.9999988229992054e-01 +9.9999987513279043e-01 +7.6611646058660826e-06 +1.1365485292005454e-05 +1.8793402342084682e-05 +2.2364961011285718e-05 +2.8174904288851409e-05
 16.00000000 +5.0000000000000000e+00 +1.9999992605738095e+00 +1.8880467772358445e-03 +9.9987512505131759e-01 +9.9999992138001303e-01 +9.9999992339043420e-01 +9.9999989395763755e-01 +9.9999990357230273e-01 +1.2126145048466257e-05 +2.2913606959517235e-05 +2.7100760638256297e-05 +3.0725593756607406e-05 +3.2366588008609565e-05
 16.50000000 +5.0000000000000000e+00 +1.9999989366072497e+00 +1.8997228759502476e-03 +9.9984448756556821e-01 +9.9999992293462459e-01 +9.9999990504060032e-01 +9.9999988134615836e-01 +9.9999991157956936e-01 +2.4556336224822398e-05 +2.6547760432407281e-05 +3.5690170336899356e-05 +3.4723599067120339e-05 +3.4373708831255354e-05
 17.00000000 +5.0000000000000000e+00 +1.9999992600744181e+00 +1.9110817609763434e-03 +9.9981386690736651e-01 +9.9999991877785788e-01 +9.9999991832459012e-01 +9.9999986766034976e-01 +9.9999984810562881e-01 +3.2436681584571137e-05 +3.8087858261744013e-05 +4.0325677455317258e-05 +4.0426734803205616e-05 +3.5303256110538021e-05
 17.50000000 +5.0000000000000000e+00 +1.9999995357421469e+00 +1.9092183858024833e-03 +9.9981633094049271e-01 +9.9999990915852000e-01 +9.9999990323904042e-01 +9.9999988851561239e-01 +9.9999989736102002e-01 +3.6467464143098875e-05 +4.2107167033376126e-05 +3.8046745753162756e-05 +3.7025671467454642e-05 +3.0423695216440270e-05
 18.00000000 +5.0000000000000000e+00 +1.9999993662656939e+00 +1.9092474805496673e-03 +9.9981436647628397e-01 +9.9999989784974053e-01 +9.9999986427602261e-01 +9.9999986392641071e-01 +9.9999984655078267e-01 +3.9892961544396680e-05 +4.4027513624577437e-05 +4.1513793259394024e-05 +3.6273613251266503e-05 +2.4452986319348233e-05
 18.50000000 +5.0000000000000000e+00 +1.9999992286558490e+00 +1.8996973593216758e-03 +9.9983686548382489e-01 +9.9999989333377015e-01 +9.9999989632376440e-01 +9.9999985282650516e-01 +9.9999984495197525e-01 +4.7809824805119653e-05 +4.0696645727031420e-05 +3.4820567398770243e-05 +2.6812048309974392e-05 +1.3508017848677933e-05
 19.00000000 +5.0000000000000000e+00 +1.9999985766766966e+00 +1.8868318750483539e-03 +9.9986895210022475e-01 +9.9999986068074909e-01 +9.9999984294496114e-01 +9.9999985233521538e-01 +9.9999980926350096e-01 +4.3513627439322586e-05 +3.4673944789389232e-05 +2.4053079122786703e-05 +2.2128567397453551e-05 +7.3134810200191147e-06
 19.50000000 +5.0000000000000000e+00 +1.9999982915131260e+00 +1.8730144508677209e-03 +9.9990404455088666e-01 +9.9999989055767347e-01 +9.9999987821412883e-01 +9.9999980383370179e-01 +9.9999979782693194e-01 +3.4393499391456283e-05 +2.6455227419528518e-05 +1.8872761572651318e-05 +1.2078209847548508e-05 +4.7853617608888537e-06
 20.00000000 +5.0000000000000000e+00 +1.9999983726399724e+00 +1.8624739171318764e-03 +9.9993166769176756e-01 +9.9999980483674000e-01 +9.9999983820613625e-01 +9.9999982584129810e-01 +9.9999978320640537e-01 +2.5796851494988585e-05 +1.9933293348970769e-05 +1.0642612088170195e-05 +6.1425778849011153e-06 +6.5648737330234907e-06
 20.50000000 +5.0000000000000000e+00 +1.9999983481129877e+00 +1.8599442085510049e-03 +9.9993999617013629e-01 +9.9999988098690795e-01 +9.9999982970698309e-01 +9.9999984605137360e-01 +9.9999979163123198e-01 +2.5549596011279812e-05 +1.1156372946836157e-05 +7.9201220481348283e-06 +6.1968442061849117e-06 +9.8325022032491979e-06
 21.00000000 +5.0000000000000000e+00 +1.9999999916902298e+00 +1.8540512842325362e-03 +9.9995718425023861e-01 +9.9999986421551446e-01 +9.9999983049151464e-01 +9.9999982925146502e-01 +9.9999976858523010e-01 +1.4113709947987478e-05 +1.0559422775728734e-05 -3.6319704668874351e-07 +5.0662984928851648e-06 +1.4146961838012416e-05
 21.50000000 +5.0000000000000000e+00 +1.9999992451014996e+00 +1.8593944504558002e-03 +9.9994558893116292e-01 +9.9999979965904162e-01 +9.9999978341950491e-01 +9.9999976289305081e-01 +9.9999976281552261e-01 +1.0067730579369952e-05 +8.3095568237324741e-06 +6.7769171930206848e-06 +1.2166151544365940e-05 +1.7981936890342213e-05
 22.00000000 +5.0000000000000000e+00 +1.9999990709605056e+00 +1.8667773845682223e-03 +9.9992844592505825e-01 +9.9999985707066508e-01 +9.9999986649601880e-01 +9.9999978867654893e-01 +9.9999972138966531e-01 +1.1288831170850885e-05 +5.5506883407689032e-06 +1.0764312589089303e-05 +2.2918447987626755e-05 +2.1798103967970027e-05
 22.50000000 +5.0000000000000000e+00 +1.9999991189289374e+00 +1.8773463048720931e-03 +9.9990245003576250e-01 +9.9999988803546569e-01 +9.9999983221522915e-01 +9.9999983887378185e-01 +9.9999977794559491e-01 +4.8985996634894768e-06 +1.8402188527128697e-05 +1.8278243253777290e-05 +2.5207604356011332e-05 +3.1426333322928300e-05
 23.00000000 +5.0000000000000000e+00 +1.9999991910170916e+00 +1.8855758229504207e-03 +9.9988200794631688e-01 +9.9999983235484768e-01 +9.9999985303362282e-01 +9.9999976253907985e-01 +9.9999981310677066e-01 +1.1584079057230397e-05 +2.3529145806966938e-05 +2.2734310305037602e-05 +3.1184062617482127e-05 +2.9699445744346098e-05
 23.50000000 +5.0000000000000000e+00 +1.9999980256782683e+00 +1.8975480135719708e-03 +9.9985019316119195e-01 +9.9999987665631407e-01 +9.9999987632967557e-01 +9.9999974791087654e-01 +9.9999971452375835e-01 +2.3357486674395387e-05 +3.0158754366463727e-05 +3.1470501999819624e-05 +3.3865735881087560e-05 +3.1739012587667070e-05
 24.00000000 +5.0000000000000000e+00 +1.9999989191755210e+00 +1.8992086291970457e-03 +9.9984425218746464e-01 +9.9999979582692433e-01 +9.9999987294584980e-01 +9.9999980213577577e-01 +9.9999975956340248e-01 +2.6476761831522707e-05 +2.9105885589520797e-05 +4.0417511480664906e-05 +3.5081740047041028e-05 +2.5435395102459616e-05
 24.50000000 +5.0000000000000000e+00 +1.9999971339339730e+00 +1.9012863685076043e-03 +9.9983690541883552e-01 +9.9999992556258077e-01 +9.9999973849215307e-01 +9.9999977362851755e-01 +9.9999975047609602e-01 +3.1083990314333170e-05 +3.5950378554707010e-05 +3.6217635956180406e-05 +3.4223401337393576e-05 +2.6431048807371168e-05
 25.00000000 +5.0000000000000000e+00 +1.9999979811248907e+00 +1.9013201861079062e-03 +9.9983492515393579e-01 +9.9999999782435578e-01 +9.9999989383924681e-01 +9.9999987197416629e-01 +9.9999986544259656e-01 +3.2250459361769486e-05 +4.3652319936156420e-05 +4.3128777857014651e-05 +2.6460743450267360e-05 +1.9953477449431157e-05
 25.50000000 +5.0000000000000000e+00 +1.9999987639545045e+00 +1.8938314344090843e-03 +9.9985199925933999e-01 +9.9999979838261266e-01 +9.9999983733572073e-01 +9.9999981922759329e-01 +9.9999986085802850e-01 +3.4353309125802539e-05 +4.3060456112654574e-05 +3.4868617706516761e-05 +2.2560696925924581e-05 +1.3841812387479536e-05
 26.00000000 +5.0000000000000000e+00 +1.9999964190864512e+00 +1.8894024195694268e-03 +9.9986264257864854e-01 +9.9999977453271072e-01 +9.9999986247758055e-01 +9.9999972973187345e-01 +9.9999976656241807e-01 +4.2887933701367970e-05 +3.1701510589791266e-05 +2.9516981420539048e-05 +1.8680301537426160e-05 +1.5437386199093299e-05
 26.50000000 +5.0000000000000000e+00 +1.9999957579545109e+00 +1.8813548121316723e-03 +9.9988316468013583e-01 +9.9999995651462581e-01 +9.9999993621548389e-01 +9.9999966366284321e-01 +9.9999970627668200e-01 +3.9337511261901419e-05 +2.8147358109759918e-05 +2.6967637641436801e-05 +1.1252493201466172e-05 +1.1867692578232545e-05
 27.00000000 +5.0000000000000000e+00 +1.9999979698913493e+00 +1.8773168314998978e-03 +9.9989467766781792e-01 +9.9999988475340074e-01 +9.9999973419089860e-01 +9.9999965511056421e-01 +9.9999975908976202e-01 +3.7656914248350792e-05 +2.9127374147442294e-05 +1.8628203346050134e-05 +1.3606350157757097e-05 +7.2703235696274074e-06
 27.50000000 +5.0000000000000000e+00 +1.9999972804671393e+00 +1.8706152927359314e-03 +9.9991239951744393e-01 +9.9999986181760780e-01 +9.9999974483879261e-01 +9.9999977478384117e-01 +9.9999977678682983e-01 +3.1232711547420453e-05 +2.7756821421238699e-05 +9.8873690623918131e-06 +1.0715186797455964e-05 +8.8501837338156052e-06
 28.00000000 +5.0000000000000000e+00 +1.9999980930726358e+00 +1.8647282816446620e-03 +9.9992992837584116e-01 +9.9999974494579957e-01 +9.9999992941228011e-01 +9.9999960316949943e-01 +9.9999967626506081e-01 +2.4787861425782707e-05 +1.5779560645924691e-05 +7.7503022487715486e-06 +1.0798507991933341e-05 +1.2001581245364867e-05
 28.50000000 +5.0000000000000000e+00 +1.9999979326017452e+00 +1.8678218552873847e-03 +9.9992397492885932e-01 +9.9999992614276123e-01 +9.9999971178981284e-01 +9.9999981217670975e-01 +9.9999971097242724e-01 +2.1857486335672635e-05 +1.2292381603744260e-05 +9.0164132445562092e-06 +1.3798792880294190e-05 +1.9898878823498984e-05
 29.00000000 +5.0000000000000000e+00 +1.9999958801105868e+00 +1.8677627606959709e-03 +9.9992519158163695e-01 +9.9999985653204326e-01 +9.9999974381780921e-01 +9.9999962105851059e-01 +9.9999957311592080e-01 +1.6252536842542103e-05 +1.6016679826446212e-05 +2.6758962152545084e-06 +1.5813415585830495e-05 +2.5255429337212644e-05
 29.50000000 +5.0000000000000000e+00 +1.9999958896720063e+00 +1.8717317190302429e-03 +9.9991566280785404e-01 +9.9999981390202008e-01 +9.9999973732940350e-01 +9.9999958298065339e-01 +9.9999973435184430e-01 +1.3119604795359540e-05 +1.3218344283288172e-05 +1.2612204935988463e-05 +2.2708215133132375e-05 +2.3810257629159556e-05
 30.00000000 +5.0000000000000000e+00 +1.9999952619319199e+00 +1.8893504054061825e-03 +9.9987054240263329e-01 +9.9999990979585796e-01 +9.9999978160712732e-01 +9.9999971268794152e-01 +9.9999964296829169e-01 +1.9391228136270422e-05 +2.5591021455936077e-05 +2.6537268732648181e-05 +3.2974190319464974e-05 +2.5916806190760526e-05
 30.50000000 +5.0000000000000000e+00 +1.9999949022649171e+00 +1.8886956670062143e-03 +9.9987172975675609e-01 +9.9999985537524394e-01 +9.9999973943287523e-01 +9.9999965535639335e-01 +9.9999989474321482e-01 +4.9566673322671677e-06 +2.6172605743427514e-05 +3.7576142420487398e-05 +3.2953262090273415e-05 +2.7466681672790637e-05
 31.00000000 +5.0000000000000000e+00 +1.9999931071993196e+00 +1.8973848742723082e-03 +9.9984765725259372e-01 +9.9999979936563521e-01 +9.9999966236193072e-01 +9.9999990496309454e-01 +9.9999971302199187e-01 +2.0393052500867422e-05 +3.6167228681148000e-05 +3.4466595549388035e-05 +3.5045602137411852e-05 +2.7190485811214186e-05
 31.50000000 +5.0000000000000000e+00 +1.9999945496603084e+00 +1.8901555332653589e-03 +9.9986510912956861e-01 +9.9999969485187667e-01 +9.9999986907704019e-01 +9.9999990980538300e-01 +9.9999963662746538e-01 +2.4222596114490821e-05 +3.2088195275901381e-05 +3.8115336919412369e-05 +2.7901022112183228e-05 +1.3453313049942100e-05
 32.00000000 +5.0000000000000000e+00 +1.9999954286551425e+00 +1.8908033475951223e-03 +9.9986247490228830e-01 +9.9999984956008336e-01 +9.9999967145771351e-01 +9.9999973795226860e-01 +9.9999974109418899e-01 +2.7941080060545469e-05 +3.3131543801756540e-05 +4.0872340733933321e-05 +2.5820118125344220e-05 +1.0759896470040413e-05
 32.50000000 +5.0000000000000000e+00 +1.9999947871934103e+00 +1.8955442337130390e-03 +9.9984863597433904e-01 +9.9999987862720208e-01 +9.9999963325691454e-01 +9.9999958781861176e-01 +9.9999957079723334e-01 +3.6921577579906985e-05 +3.7859397525988389e-05 +3.0217214510590848e-05 +2.4205247998933949e-05 +2.3490102360003845e-05
 33.00000000 +5.0000000000000000e+00 +1.9999954516928713e+00 +1.8914824339398622e-03 +9.9985960528233075e-01 +9.9999992743483046e-01 +9.9999968327450783e-01 +9.9999972199369258e-01 +9.9999961696138118e-01 +4.0985989050919433e-05 +3.0582685204621998e-05 +3.4022978060863555e-05 +2.5391017297224415e-05 +1.0462380273274505e-05
 33.50000000 +5.0000000000000000e+00 +1.9999943350392946e+00 +1.8673516904212477e-03 +9.9991996250999526e-01 +1.0000000653052115e+00 +9.9999987488108999e-01 +9.9999962505531403e-01 +9.9999958453873661e-01 +2.1552415923376347e-05 +2.7638451067420108e-05 +1.9218543293100810e-05 +1.2918019394980216e-05 -4.3977788895791724e-07
 34.00000000 +5.0000000000000000e+00 +1.9999944496174260e+00 +1.8771127256939693e-03 +9.9989543902823330e-01 +9.9999986671972096e-01 +9.9999977297437814e-01 +9.9999929056896786e-01 +9.9999945397851386e-01 +2.7348493846050608e-05 +2.9731164924089712e-05 +1.8974696285809593e-05 +9.5826410386937737e-06 +2.0539761983507949e-05
 34.50000000 +5.0000000000000000e+00 +1.9999936536095071e+00 +1.8680166419249734e-03 +9.9991949434601846e-01 +9.9999988452967636e-01 +9.9999947477221374e-01 +9.9999978597037864e-01 +9.9999981601955201e-01 +3.0714918883324083e-05 +2.4952445338480554e-05 +1.7201638722023050e-05 +1.0641011500358576e-05 -1.9656257655622012e-06
 35.00000000 +5.0000000000000000e+00 +1.9999941104535723e+00 +1.8675169568984418e-03 +9.9992260117922938e-01 +9.9999986739303093e-01 +9.9999958248184662e-01 +9.9999954577663785e-01 +9.9999950436404172e-01 +3.2906033022639114e-05 +1.5115105319124317e-05 +1.8043775108425726e-05 +4.0204397457737893e-06 +8.8134133766631069e-06
 35.50000000 +5.0000000000000000e+00 +1.9999934222301146e+00 +1.8728748364493645e-03 +9.9991008280030502e-01 +1.0000002433157518e+00 +9.9999956324601713e-01 +9.9999949973832303e-01 +9.9999965017633308e-01 +2.8944519773321036e-05 +1.8808509064131662e-05 +9.5286153195016018e-06 +1.3795876594187482e-05 +1.9883154836939076e-05
 36.00000000 +5.0000000000000000e+00 +1.9999937823178431e+00 +1.8745960480618207e-03 +9.9990686080050584e-01 +1.0000001231075981e+00 +1.0000001564897838e+00 +9.9999996586100226e-01 +9.9999970845642339e-01 +8.7213247943340653e-06 +4.8520662849213971e-06 +1.7341837809055858e-05 +2.6725641813972149e-05 +3.5544379621492997e-05
 36.50000000 +5.0000000000000000e+00 +1.9999942996902007e+00 +1.8726946833178229e-03 +9.9991302603816645e-01 +9.9999977644079685e-01 +9.9999972150275074e-01 +9.9999975502733585e-01 +9.9999938819795087e-01 +1.5118359995650879e-05 +1.5533428303960903e-05 +9.3292960835976250e-06 +2.1570956347832278e-05 +2.6780736026193797e-05
 37.00000000 +5.0000000000000000e+00 +1.9999942806758970e+00 +1.8887738203331686e-03 +9.9987091927752103e-01 +1.0000000182241131e+00 +1.0000000077293825e+00 +9.9999976510583399e-01 +9.9999952466332898e-01 +2.1299956331899312e-05 +2.4279719810704212e-05 +3.1712678388819380e-05 +2.5616027802018036e-05 +2.6856617811227709e-05
 37.50000000 +5.0000000000000000e+00 +1.9999945360660798e+00 +1.8881027347226059e-03 +9.9987171219320459e-01 +9.9999991386010556e-01 +9.9999993689213429e-01 +9.9999973789165209e-01 +9.9999961373837354e-01 +2.1312857695086766e-05 +2.6114674633065115e-05 +3.2143320490339895e-05 +2.5390354367876266e-05 +2.4124211082295629e-05
 38.00000000 +5.0000000000000000e+00 +1.9999947914317602e+00 +1.8874317134957290e-03 +9.9987250503281611e-01 +9.9999980950611067e-01 +9.9999986606168212e-01 +9.9999971068008098e-01 +9.9999970280487216e-01 +2.1325757820522579e-05 +2.7949453410591844e-05 +3.2573921276228870e-05 +2.5164702584753812e-05 +2.1392066499375869e-05
 38.50000000 +5.0000000000000000e+00 +1.9999950467729419e+00 +1.8867607566432733e-03 +9.9987329779636680e-01 +9.9999970516212722e-01 +9.9999979523802518e-01 +9.9999968347112056e-01 +9.9999979186282606e-01 +2.1338656708384861e-05 +2.9784056168617698e-05 +3.3004480752431711e-05 +2.4939072449535025e-05 +1.8660184024744974e-05
 39.00000000 +5.0000000000000000e+00 +1.9999953020896288e+00 +1.8860898641559747e-03 +9.9987409048386688e-01 +9.9999960082815309e-01 +9.9999972442116214e-01 +9.9999965626477016e-01 +9.9999988091223657e-01 +2.1351554358851700e-05 +3.1618482932471094e-05 +3.3434998924892706e-05 +2.4713463959104871e-05 +1.5928563620686707e-05
 39.50000000 +5.0000000000000000e+00 +1.9999950647030542e+00 +1.8845086190175766e-03 +9.9987776697881059e-01 +9.9999977272921947e-01 +9.9999975977452638e-01 +9.9999963372193923e-01 +9.9999974552765769e-01 +2.4636964230420764e-05 +2.5673425465107806e-05 +3.2429861306264711e-05 +2.2996582972888335e-05 +1.7584416763699031e-05
 40.00000000 +5.0000000000000000e+00 +1.9999948272891630e+00 +1.8829271919241514e-03 +9.9988144389681133e-01 +9.9999994465006625e-01 +9.9999979513195858e-01 +9.9999961117651415e-01 +9.9999961012749949e-01 +2.7922752156490565e-05 +1.9727683895662709e-05 +3.1424608025720703e-05 +2.1279504423929412e-05 +1.9240460446935482e-05
 40.50000000 +5.0000000000000000e+00 +1.9999945898479510e+00 +1.8813455828442910e-03 +9.9988512123794182e-01 +1.0000001165906973e+00 +9.9999983049345964e-01 +9.9999958862849458e-01 +9.9999947471176009e-01 +3.1208918202319377e-05 +1.3781258106048826e-05 +3.0419239063295606e-05 +1.9562228278125613e-05 +2.0896694703286357e-05
 41.00000000 +5.0000000000000000e+00 +1.9999943523794130e+00 +1.8797637917465798e-03 +9.9988879900227523e-01 +1.0000002885511159e+00 +9.9999986585903022e-01 +9.9999956607788010e-01 +9.9999933928043649e-01 +3.4495462433180474e-05 +7.8341479781520029e-06 +2.9413754399019709e-05 +1.7844754501366591e-05 +2.2553119565649525e-05
 41.50000000 +5.0000000000000000e+00 +1.9999947824541391e+00 +1.8805000528206986e-03 +9.9988787144341518e-01 +1.0000000773013682e+00 +9.9999982869109938e-01 +9.9999948890446311e-01 +9.9999946438815124e-01 +2.9957821072154777e-05 +1.1385891339796050e-05 +3.0743113279964023e-05 +2.1481264712185209e-05 +1.9701192720959112e-05
 42.00000000 +5.0000000000000000e+00 +1.9999952125325149e+00 +1.8812363201447548e-03 +9.9988694387668131e-01 +9.9999986604982727e-01 +9.9999979152285257e-01 +9.9999941173039086e-01 +9.9999958949692769e-01 +2.5420141192213846e-05 +1.4937664851311040e-05 +3.2072483445507077e-05 +2.5117805792439592e-05 +1.6849241666967082e-05
 42.50000000 +5.0000000000000000e+00 +1.9999956426145418e+00 +1.8819725937188291e-03 +9.9988601630207363e-01 +9.9999965479649311e-01 +9.9999975435429023e-01 +9.9999933455566348e-01 +9.9999971460676651e-01 +2.0882422792867222e-05 +1.8489468513080879e-05 +3.3401864895792579e-05 +2.8754377742522801e-05 +1.3997266403365166e-05
 43.00000000 +5.0000000000000000e+00 +1.9999960727002193e+00 +1.8827088735430006e-03 +9.9988508871959159e-01 +9.9999944354136527e-01 +9.9999971718541258e-01 +9.9999925738028095e-01 +9.9999983971766715e-01 +1.6344665873624436e-05 +2.2041302325489480e-05 +3.4731257630964207e-05 +3.2390980562827915e-05 +1.1145266929845104e-05
 43.50000000 +5.0000000000000000e+00 +1.9999956730946489e+00 +1.8842404248533549e-03 +9.9988098230198497e-01 +9.9999955185338096e-01 +9.9999980003887212e-01 +9.9999943031845162e-01 +9.9999964137928676e-01 +1.8843251695453602e-05 +2.1226029595364350e-05 +3.3400043457185244e-05 +3.3130154768630098e-05 +1.3994642499872553e-05
 44.00000000 +5.0000000000000000e+00 +1.9999952734735591e+00 +1.8857720356425640e-03 +9.9987687572490291e-01 +9.9999966016960273e-01 +9.9999988289554942e-01 +9.9999960326333859e-01 +9.9999944303320387e-01 +2.1341934551591544e-05 +2.0410725203558784e-05 +3.2068777584782986e-05 +3.3869357680773885e-05 +1.6844128727371302e-05
 44.50000000 +5.0000000000000000e+00 +1.9999948738369493e+00 +1.8873037059140923e-03 +9.9987276898833599e-01 +9.9999976849003114e-01 +9.9999996575544436e-01 +9.9999977621494207e-01 +9.9999924467941803e-01 +2.3840714447690962e-05 +1.9595389148228345e-05 +3.0737460010745744e-05 +3.4608589300931544e-05 +1.9693725618787667e-05
 45.00000000 +5.0000000000000000e+00 +1.9999944741848192e+00 +1.8888354356714054e-03 +9.9986866209227487e-01 +9.9999987681466640e-01 +1.0000000486185574e+00 +9.9999994917326251e-01 +9.9999904631792846e-01 +2.6339591389404996e-05 +1.8780021427528442e-05 +2.9406090732061593e-05 +3.5347849630775496e-05 +2.2543433180568466e-05
 45.50000000 +5.0000000000000000e+00 +1.9999945958200487e+00 +1.8894597764929921e-03 +9.9986659720244453e-01 +9.9999986673690877e-01 +9.9999993417384203e-01 +9.9999983331068421e-01 +9.9999904279970009e-01 +2.5246811230195065e-05 +2.0879952790117451e-05 +3.0832581432687586e-05 +3.4858863966059262e-05 +2.2907571012374326e-05
 46.00000000 +5.0000000000000000e+00 +1.9999947174343429e+00 +1.8900840098540303e-03 +9.9986453266801967e-01 +9.9999985666088564e-01 +9.9999981974882446e-01 +9.9999971746804794e-01 +9.9999903928207690e-01 +2.4154219158566630e-05 +2.2979522715863047e-05 +3.2258826608004899e-05 +3.4369962464777258e-05 +2.3271646169356216e-05
 46.50000000 +5.0000000000000000e+00 +1.9999948390277069e+00 +1.8907081357822618e-03 +9.9986246848890892e-01 +9.9999984658659680e-01 +9.9999970534350002e-01 +9.9999960164534862e-01 +9.9999903576505944e-01 +2.3061815125963863e-05 +2.5078731298072099e-05 +3.3684826321397230e-05 +3.3881145105202244e-05 +2.3635658667693978e-05
 47.00000000 +5.0000000000000000e+00 +1.9999949606001455e+00 +1.8913321543054182e-03 +9.9986040466502002e-01 +9.9999983651404167e-01 +9.9999959095786339e-01 +9.9999948584258114e-01 +9.9999903224864717e-01 +2.1969599083847650e-05 +2.7177578630019364e-05 +3.5110580636226431e-05 +3.3392411865614457e-05 +2.3999608523561895e-05
 47.50000000 +5.0000000000000000e+00 +1.9999963764299806e+00 +1.8838562578417121e-03 +9.9987982121346042e-01 +9.9999981117084391e-01 +9.9999971255472908e-01 +9.9999923547875913e-01 +9.9999941296450401e-01 +1.9522857380644885e-05 +2.3107067398690698e-05 +3.1166766532468839e-05 +2.6441839367900204e-05 +2.1768090446601718e-05
 48.00000000 +5.0000000000000000e+00 +1.9999977925167345e+00 +1.8763790047925057e-03 +9.9989924128525187e-01 +9.9999978582304772e-01 +9.9999983417366012e-01 +9.9999898506950602e-01 +9.9999979374944625e-01 +1.7075671688639620e-05 +1.9035817527314837e-05 +2.7222236779282909e-05 +1.9490005610627619e-05 +1.9536167435586826e-05
 48.50000000 +5.0000000000000000e+00 +1.9999992088604752e+00 +1.8689003947885126e-03 +9.9991866488135317e-01 +9.9999976047065087e-01 +9.9999995581466183e-01 +9.9999873461480859e-01 +1.0000001746034921e+00 +1.4628041886970746e-05 +1.4963828814821694e-05 +2.3276991181856991e-05 +1.2536910250460942e-05 +1.7303839380287438e-05
 49.00000000 +5.0000000000000000e+00 +2.0000006254612752e+00 +1.8614204274603155e-03 +9.9993809200272477e-01 +9.9999973511365314e-01 +1.0000000774777411e+00 +9.9999848411465564e-01 +1.0000005555266611e+00 +1.2179967854733288e-05 +1.0891101060068250e-05 +1.9331029545308757e-05 +5.5825529439398083e-06 +1.5071106170433800e-05
 49.50000000 +5.0000000000000000e+00 +1.9999991431284645e+00 +1.8676684096939188e-03 +9.9992244610747061e-01 +9.9999974477051912e-01 +9.9999996637307464e-01 +9.9999886847839803e-01 +1.0000002355413984e+00 +1.3604631575621612e-05 +1.0721306240262320e-05 +2.1397963901234134e-05 +1.2067160793575239e-05 +2.0947661413448534e-05
 50.00000000 +5.0000000000000000e+00 +1.9999976608713412e+00 +1.8739160729049058e-03 +9.9990680101109752e-01 +9.9999975442689204e-01 +9.9999985527408120e-01 +9.9999925282251489e-01 +9.9999991557247414e-01 +1.5029222553033576e-05 +1.0551520090197383e-05 +2.3464792719278360e-05 +1.8551437538465812e-05 +2.6823916598947158e-05
 50.50000000 +5.0000000000000000e+00 +1.9999961786899008e+00 +1.8801634171177097e-03 +9.9989115671354445e-01 +9.9999976408277214e-01 +9.9999974418076032e-01 +9.9999963714700757e-01 +9.9999959561988716e-01 +1.6453740792540476e-05 +1.0381742609209442e-05 +2.5531516007524395e-05 +2.5035383203970254e-05 +3.2699871749910526e-05
 51.00000000 +5.0000000000000000e+00 +1.9999946965841366e+00 +1.8864104423567611e-03 +9.9987551321474977e-01 +9.9999977373815896e-01 +9.9999963309311157e-01 +1.0000000214518774e+00 +9.9999927568363611e-01 +1.7878186299713030e-05 +1.0211973796634556e-05 +2.7598133774054357e-05 +3.1518997815444682e-05 +3.8575526889317159e-05
 51.50000000 +5.0000000000000000e+00 +1.9999943179485238e+00 +1.8856177211157988e-03 +9.9987691845323590e-01 +9.9999978440327264e-01 +9.9999975370748118e-01 +9.9999999623286229e-01 +9.9999919267033655e-01 +1.9537847039407550e-05 +1.7261731600800062e-05 +2.7399913781636292e-05 +2.6561060147745283e-05 +3.3593981628332820e-05
 52.00000000 +5.0000000000000000e+00 +1.9999939393687260e+00 +1.8848251167297751e-03 +9.9987832348457617e-01 +9.9999979506681425e-01 +9.9999987430407122e-01 +9.9999997101756466e-01 +9.9999910966927386e-01 +2.1197263128721008e-05 +2.4310450201053614e-05 +2.7201723008802401e-05 +2.1603853329014403e-05 +2.8613170696309367e-05
 52.50000000 +5.0000000000000000e+00 +1.9999935608447306e+00 +1.8840326291728535e-03 +9.9987972830881633e-01 +9.9999980572878389e-01 +9.9999999488288516e-01 +9.9999994580598350e-01 +9.9999902668044549e-01 +2.2856434621745239e-05 +3.1358129827161669e-05 +2.7003561449092271e-05 +1.6647377197662419e-05 +2.3633093930887739e-05
 53.00000000 +5.0000000000000000e+00 +1.9999931823765247e+00 +1.8832402584192051e-03 +9.9988113292600189e-01 +9.9999981638918223e-01 +1.0000001154439273e+00 +9.9999992059811837e-01 +9.9999894370384879e-01 +2.4515361572556131e-05 +3.8404770708822927e-05 +2.6805429096047402e-05 +1.1691631592147338e-05 +1.8653751169756763e-05
 53.50000000 +5.0000000000000000e+00 +1.9999932754947716e+00 +1.8819095745850475e-03 +9.9988454957715089e-01 +9.9999995742288073e-01 +9.9999977423315378e-01 +9.9999994925109514e-01 +9.9999899899140599e-01 +2.6175590320362931e-05 +3.2092727691340688e-05 +2.4912102449708806e-05 +1.5272321550317113e-05 +1.8317792574936949e-05
 54.00000000 +5.0000000000000000e+00 +1.9999933686097042e+00 +1.8805789381114468e-03 +9.9988796610669750e-01 +1.0000000984515600e+00 +9.9999943303452477e-01 +9.9999997790305262e-01 +9.9999905427699565e-01 +2.7835759978733574e-05 +2.5780909326674181e-05 +2.3018843189026649e-05 +1.8852884067644183e-05 +1.7981845937267006e-05
 54.50000000 +5.0000000000000000e+00 +1.9999934617213224e+00 +1.8792483489958739e-03 +9.9989138251464771e-01 +1.0000002394752199e+00 +9.9999909184803903e-01 +1.0000000065539900e+00 +9.9999910956061744e-01 +2.9495870550822576e-05 +1.9469315602830145e-05 +2.1125651310403490e-05 +2.2433319150932065e-05 +1.7645911256108577e-05
 55.00000000 +5.0000000000000000e+00 +1.9999935548296273e+00 +1.8779178072358014e-03 +9.9989479880100884e-01 +1.0000003804938609e+00 +9.9999875067369604e-01 +1.0000000352039078e+00 +9.9999916484227191e-01 +3.1155922039784268e-05 +1.3157946507816170e-05 +1.9232526810242163e-05 +2.6013626806983809e-05 +1.7309988530823377e-05
 55.50000000 +5.0000000000000000e+00 +1.9999927832765818e+00 +1.8819433245868195e-03 +9.9988489264248437e-01 +1.0000002852289547e+00 +9.9999937561909513e-01 +1.0000001720449907e+00 +9.9999898262360953e-01 +2.6755797570780440e-05 +1.2793993293952558e-05 +2.1706304606524220e-05 +2.8277794945663740e-05 +2.6757976397225223e-05
 56.00000000 +5.0000000000000000e+00 +1.9999920117702297e+00 +1.8859685983163845e-03 +9.9987498708347333e-01 +1.0000001899698143e+00 +1.0000000005266729e+00 +1.0000003088777918e+00 +9.9999880041597455e-01 +2.2355939394187044e-05 +1.2430062106279176e-05 +2.4179932691529502e-05 +3.0541826058494636e-05 +3.6205392478105926e-05
 56.50000000 +5.0000000000000000e+00 +1.9999912403105666e+00 +1.8899936284466103e-03 +9.9986508212392144e-01 +1.0000000947164385e+00 +1.0000006253964326e+00 +1.0000004457023119e+00 +9.9999861821936620e-01 +1.7956347485831056e-05 +1.2066152942796575e-05 +2.6653411078848225e-05 +3.2805720157915156e-05 +4.5652236825369966e-05
 57.00000000 +5.0000000000000000e+00 +1.9999904688975898e+00 +1.8940184149996103e-03 +9.9985517776377453e-01 +9.9999999946882689e-01 +1.0000012502283784e+00 +1.0000005825185523e+00 +9.9999843603378402e-01 +1.3557021821542409e-05 +1.1702265801505542e-05 +2.9126739782068963e-05 +3.5069477256362501e-05 +5.5098509490915616e-05
 57.50000000 +5.0000000000000000e+00 +1.9999907705418818e+00 +1.8926252603054573e-03 +9.9985939932754253e-01 +9.9999978587550098e-01 +1.0000008486115723e+00 +1.0000000336906600e+00 +9.9999831806662676e-01 +1.6448877725006367e-05 +1.6134689390497354e-05 +2.8018668362721032e-05 +3.1188917536965338e-05 +4.9823292340579330e-05
 58.00000000 +5.0000000000000000e+00 +1.9999910721773093e+00 +1.8912321465500174e-03 +9.9986362076725710e-01 +9.9999957228845138e-01 +1.0000004470065678e+00 +9.9999948487889512e-01 +9.9999820010293572e-01 +1.9340648649493067e-05 +2.0566982729976066e-05 +2.6910629504738214e-05 +2.7308471850219579e-05 +4.4548230205767048e-05
 58.50000000 +5.0000000000000000e+00 +1.9999913738038735e+00 +1.8898390737314874e-03 +9.9986784208292401e-01 +9.9999935870767842e-01 +1.0000000454133651e+00 +9.9999893608325729e-01 +9.9999808214271158e-01 +2.2232334598748197e-05 +2.4999145825682803e-05 +2.5802623206685291e-05 +2.3428140191098910e-05 +3.9273323079646052e-05
 59.00000000 +5.0000000000000000e+00 +1.9999916754215747e+00 +1.8884460418480619e-03 +9.9987206327454869e-01 +9.9999914513318133e-01 +9.9999964383196271e-01 +9.9999838730374602e-01 +9.9999796418595344e-01 +2.5123935576517218e-05 +2.9431178683358325e-05 +2.4694649467127103e-05 +1.9547922554577329e-05 +3.3998570955383994e-05
 59.50000000 +5.0000000000000000e+00 +1.9999922445430456e+00 +1.8805130749758178e-03 +9.9989197622882808e-01 +9.9999924998878109e-01 +9.9999932535776437e-01 +9.9999847555029864e-01 +9.9999841155589297e-01 +1.5704597988383777e-05 +2.8459940262728642e-05 +1.8754676291504806e-05 +2.4976124655528436e-05 +2.4665960421966025e-05
 60.00000000 +5.0000000000000000e+00 +1.9999928137211447e+00 +1.8725793187765981e-03 +9.9991189116443824e-01 +9.9999935485481428e-01 +9.9999900685187837e-01 +9.9999856380563201e-01 +9.9999885897034591e-01 +6.2843231799935887e-06 +2.7488605204271363e-05 +1.2814112090968853e-05 +3.0404866860379552e-05 +1.5332421297597972e-05
 60.50000000 +5.0000000000000000e+00 +1.9999933829558798e+00 +1.8646447731325911e-03 +9.9993180808167503e-01 +9.9999945973128224e-01 +9.9999868831429928e-01 +9.9999865206974747e-01 +9.9999930642931867e-01 -3.1368889885398597e-06 +2.6517173493562636e-05 +6.8729567773047441e-06 +3.5834149249744843e-05 +5.9979534436812887e-06
 61.00000000 +5.0000000000000000e+00 +1.9999939522472585e+00 +1.8567094379259600e-03 +9.9995172698083434e-01 +9.9999956461818618e-01 +9.9999836974502276e-01 +9.9999874034264580e-01 +9.9999975393281781e-01 -1.2559038657130920e-05 +2.5545645116175727e-05 +9.3121026228042914e-07 +4.1263971904254560e-05 -3.3374432784101356e-06
 61.50000000 +5.0000000000000000e+00 +1.9999931527602377e+00 +1.8605008439506875e-03 +9.9994260927238643e-01 +9.9999962319273250e-01 +9.9999886007316152e-01 +9.9999905225361485e-01 +1.0000001308807280e+00 +1.0918385255665896e-06 +2.6035661905165705e-05 +2.8043751891826045e-06 +3.6192844125053190e-05 -6.4004201516820958e-06
 62.00000000 +5.0000000000000000e+00 +1.9999923534665083e+00 +1.8642913333309170e-03 +9.9993349376831797e-01 +9.9999968175311760e-01 +9.9999935028275411e-01 +9.9999936408917334e-01 +1.0000005077375038e+00 +1.4739415349141049e-05 +2.6525560223279538e-05 +4.6770872428464720e-06 +3.1122942387417232e-05 -9.4626564920540748e-06
 62.50000000 +5.0000000000000000e+00 +1.9999915543660003e+00 +1.8680809063990325e-03 +9.9992438046782961e-01 +9.9999974029934635e-01 +9.9999984037384348e-01 +9.9999967584934868e-01 +1.0000008845031785e+00 +2.8383693010334647e-05 +2.7015340113475914e-05 +6.5493465874882542e-06 +2.6054266246772128e-05 -1.2524152568050476e-05
 63.00000000 +5.0000000000000000e+00 +1.9999907554586427e+00 +1.8718695634872577e-03 +9.9991526937012221e-01 +9.9999979883142354e-01 +1.0000003303464728e+00 +9.9999998753416830e-01 +1.0000012611777849e+00 +4.2024672705311048e-05 +2.7505001618692751e-05 +8.4211533872447895e-06 +2.0986815258758243e-05 -1.5584908648065893e-05
 63.50000000 +5.0000000000000000e+00 +1.9999899766485372e+00 +1.8748207491181602e-03 +9.9990676772391252e-01 +1.0000000232694484e+00 +1.0000008252525705e+00 +9.9999982819844191e-01 +1.0000004823173596e+00 +3.0492010689627662e-05 +2.6926832991488560e-05 +1.6616392669300190e-05 +2.1553146407281296e-05 -3.5151532665694102e-06
 64.00000000 +5.0000000000000000e+00 +1.9999891979148698e+00 +1.8777716450976345e-03 +9.9989826691211781e-01 +1.0000002476854448e+00 +1.0000013201100946e+00 +9.9999966887835379e-01 +9.9999970353337775e-01 +1.8960480575641119e-05 +2.6348721110077252e-05 +2.4810827609284619e-05 +2.2119421971830138e-05 +8.5534174988706693e-06
 64.50000000 +5.0000000000000000e+00 +1.9999884192576300e+00 +1.8807222514683212e-03 +9.9988976693461562e-01 +1.0000004720794164e+00 +1.0000018149190522e+00 +9.9999950957390182e-01 +9.9999892482582786e-01 +7.4300821967196549e-06 +2.5770665966105066e-05 +3.3004458325608502e-05 +2.2685641960587520e-05 +2.0620803822646410e-05
 65.00000000 +5.0000000000000000e+00 +1.9999876406768053e+00 +1.8836725682728531e-03 +9.9988126779128295e-01 +1.0000006964513668e+00 +1.0000023096794501e+00 +9.9999935028508380e-01 +9.9999814619469851e-01 -4.0991846137357960e-06 +2.5192667551219860e-05 +4.1197284936658997e-05 +2.3251806381734567e-05 +3.2687005879115636e-05
 65.50000000 +5.0000000000000000e+00 +1.9999879377082752e+00 +1.8837983469474010e-03 +9.9988156181600851e-01 +1.0000006306224949e+00 +1.0000015142786332e+00 +9.9999976919816502e-01 +9.9999862791100957e-01 +9.8531945386601566e-06 +1.9727410596756999e-05 +3.2713290543735084e-05 +2.4524179358651159e-05 +3.1078080801216185e-05
 66.00000000 +5.0000000000000000e+00 +1.9999882347463103e+00 +1.8839241284022736e-03 +9.9988185584723299e-01 +1.0000005647921673e+00 +1.0000007188602338e+00 +1.0000001881205061e+00 +9.9999910963796868e-01 +2.3805882106986847e-05 +1.4262032833341630e-05 +2.4229108612972753e-05 +2.5796580461243777e-05 +2.9469120158190525e-05
 66.50000000 +5.0000000000000000e+00 +1.9999885317909121e+00 +1.8840499126375639e-03 +9.9988214988495727e-01 +1.0000004989603848e+00 +9.9999992342425204e-01 +1.0000006070521077e+00 +9.9999959137557659e-01 +3.7758878101470646e-05 +8.7965342569680114e-06 +1.5744739138153674e-05 +2.7069009690445015e-05 +2.7860123948859407e-05
 67.00000000 +5.0000000000000000e+00 +1.9999888288420795e+00 +1.8841756996533625e-03 +9.9988244392918135e-01 +1.0000004331271470e+00 +9.9999912797068635e-01 +1.0000010259929697e+00 +1.0000000731238334e+00 +5.1712182532338361e-05 +3.3309148636302141e-06 +7.2601821130592459e-06 +2.8341467047187490e-05 +2.6251092172043510e-05
 67.50000000 +5.0000000000000000e+00 +1.9999883979061439e+00 +1.8826463786285720e-03 +9.9988618595596357e-01 +1.0000006691067591e+00 +9.9999948803435568e-01 +1.0000006499136016e+00 +9.9999952172001338e-01 +4.7982568308678697e-05 +7.9766698332601572e-06 +8.1838723376908024e-06 +2.1490814406838194e-05 +2.7851326180768439e-05
 68.00000000 +5.0000000000000000e+00 +1.9999879669402318e+00 +1.8811169512213562e-03 +9.9988992824304823e-01 +1.0000009051027865e+00 +9.9999984812307197e-01 +1.0000002738080724e+00 +9.9999897027783680e-01 +4.4252694646091993e-05 +1.2622747970277483e-05 +9.1076268159385305e-06 +1.4639685222303913e-05 +2.9451671504757984e-05
 68.50000000 +5.0000000000000000e+00 +1.9999875359443398e+00 +1.8795874174206146e-03 +9.9989367079046243e-01 +1.0000011411152303e+00 +1.0000002082368376e+00 +9.9999989767637998e-01 +9.9999841879729923e-01 +4.0522561517506709e-05 +1.7269149308403559e-05 +1.0031445554507066e-05 +7.7880794438589559e-06 +3.1052128155627502e-05
 69.00000000 +5.0000000000000000e+00 +1.9999871049184645e+00 +1.8780577772152455e-03 +9.9989741359823325e-01 +1.0000013771440932e+00 +1.0000005683756550e+00 +9.9999952151852134e-01 +9.9999786727839701e-01 +3.6792168895847580e-05 +2.1915873881364440e-05 +1.0955328560101978e-05 +9.3599702177072058e-07 +3.2652696144993957e-05
 69.50000000 +5.0000000000000000e+00 +1.9999881318787751e+00 +1.8811154635281920e-03 +9.9988886162677826e-01 +1.0000007065109917e+00 +1.0000007808374050e+00 +9.9999980317614989e-01 +9.9999785903646721e-01 +3.9230039525025894e-05 +1.7007878015897389e-05 +1.8188864043911072e-05 +7.8757231148208770e-06 +2.9686288647903512e-05
 70.00000000 +5.0000000000000000e+00 +1.9999891586574554e+00 +1.8841726090529679e-03 +9.9988031116784104e-01 +1.0000000359964996e+00 +1.0000009932615790e+00 +1.0000000847839641e+00 +9.9999785079599501e-01 +4.1667478987804748e-05 +1.2100750187839930e-05 +2.5421120190985649e-05 +1.4814221834819749e-05 +2.6720405795240274e-05
 70.50000000 +5.0000000000000000e+00 +1.9999901852545539e+00 +1.8872292139330274e-03 +9.9987176222102014e-01 +9.9999936560058522e-01 +1.0000012056481866e+00 +1.0000003663419770e+00 +9.9999784255697999e-01 +4.4104487398559389e-05 +7.1944901669283231e-06 +3.2652097340694558e-05 +2.1751493507351815e-05 +2.3755047447832144e-05
 71.00000000 +5.0000000000000000e+00 +1.9999912116701182e+00 +1.8902852783117742e-03 +9.9986321478591500e-01 +9.9999869532321761e-01 +1.0000014179972374e+00 +1.0000006478502017e+00 +9.9999783431942202e-01 +4.6541064871624593e-05 +2.2890977229802702e-06 +3.9881795832286627e-05 +2.8687538457886401e-05 +2.0790213466556249e-05
 71.50000000 +5.0000000000000000e+00 +1.9999889735638985e+00 +1.8924423452853221e-03 +9.9985756536484593e-01 +9.9999846888792343e-01 +1.0000009338615379e+00 +1.0000014611849466e+00 +9.9999834957069689e-01 +4.6878421021789549e-05 +9.9933792082648027e-06 +3.4133855086891363e-05 +2.9766175918579226e-05 +2.2449290816824989e-05
 72.00000000 +5.0000000000000000e+00 +1.9999867353506329e+00 +1.8945995154295930e-03 +9.9985191567357001e-01 +9.9999824244179936e-01 +1.0000004497026826e+00 +1.0000022745585928e+00 +9.9999886484661615e-01 +4.7215793307419180e-05 +1.7698029182938488e-05 +2.8385639422260840e-05 +3.0844864969606565e-05 +2.4108447519386420e-05
 72.50000000 +5.0000000000000000e+00 +1.9999844970303120e+00 +1.8967567887519889e-03 +9.9984626571206736e-01 +9.9999801598484395e-01 +9.9999996552066983e-01 +1.0000030879711426e+00 +9.9999938014718115e-01 +4.7553181729671110e-05 +2.5403047673438762e-05 +2.2637148818670850e-05 +3.1923605614669788e-05 +2.5767683579933698e-05
 73.00000000 +5.0000000000000000e+00 +1.9999822586029290e+00 +1.8989141652599126e-03 +9.9984061548031877e-01 +9.9999778951705665e-01 +9.9999948131549787e-01 +1.0000039014225994e+00 +9.9999989547239365e-01 +4.7890586289703124e-05 +3.3108434706205605e-05 +1.6888383256395300e-05 +3.3002397857470615e-05 +2.7426999004160545e-05
 73.50000000 +5.0000000000000000e+00 +1.9999827062047317e+00 +1.8921012104462385e-03 +9.9985714441173013e-01 +9.9999780750834399e-01 +9.9999957607830792e-01 +1.0000033243394082e+00 +9.9999917201862054e-01 +4.5580810746769437e-05 +2.6698404442491559e-05 +1.7113837877964818e-05 +3.3339537974662899e-05 +2.0243057942720028e-05
 74.00000000 +5.0000000000000000e+00 +1.9999831537746950e+00 +1.8852887402515839e-03 +9.9987367216740575e-01 +9.9999782549835159e-01 +9.9999967083437702e-01 +1.0000027472972655e+00 +9.9999844861630804e-01 +4.3271199502761912e-05 +2.0288830136973210e-05 +1.7339276462498901e-05 +3.3676654110408410e-05 +1.3059627889288782e-05
 74.50000000 +5.0000000000000000e+00 +1.9999836013128240e+00 +1.8784767546242438e-03 +9.9989019874747131e-01 +9.9999784348707976e-01 +9.9999976558370651e-01 +1.0000021702961679e+00 +9.9999772526545083e-01 +4.0961752540150817e-05 +1.3879711741002476e-05 +1.7564699011708616e-05 +3.4013746267265846e-05 +5.8767087893452163e-06
 75.00000000 +5.0000000000000000e+00 +1.9999840488191203e+00 +1.8716652535125187e-03 +9.9990672415205206e-01 +9.9999786147452829e-01 +9.9999986032629673e-01 +1.0000015933361106e+00 +9.9999700196604346e-01 +3.8652469841408904e-05 +7.4710492059381845e-06 +1.7790105527304767e-05 +3.4350814447793510e-05 -1.3056994116244978e-06
 75.50000000 +5.0000000000000000e+00 +1.9999835751497850e+00 +1.8777614696533760e-03 +9.9989241875778834e-01 +9.9999834405724330e-01 +9.9999986929574447e-01 +1.0000011076002160e+00 +9.9999738400899840e-01 +4.3336212085976961e-05 +1.2168061885692472e-05 +2.3233420177252122e-05 +3.2412231331722008e-05 -2.7365046201681334e-07
 76.00000000 +5.0000000000000000e+00 +1.9999831015070526e+00 +1.8838573433973623e-03 +9.9987811416699390e-01 +9.9999882661285344e-01 +9.9999987826468817e-01 +1.0000006218916031e+00 +9.9999776603049584e-01 +4.8019691265940569e-05 +1.6864810755502037e-05 +2.8676429100850655e-05 +3.0473757097090598e-05 +7.5834052207216619e-07
 76.50000000 +5.0000000000000000e+00 +1.9999826278909221e+00 +1.8899528747733235e-03 +9.9986381037960059e-01 +9.9999930914136137e-01 +9.9999988723312816e-01 +1.0000001362102688e+00 +9.9999814803053699e-01 +5.2702907403461836e-05 +2.1561295837591768e-05 +3.4119132323856546e-05 +2.8535391734726458e-05 +1.7902735455257943e-06
 77.00000000 +5.0000000000000000e+00 +1.9999821543013907e+00 +1.8960480638101015e-03 +9.9984950739554146e-01 +9.9999979164276964e-01 +9.9999989620106444e-01 +9.9999965055621187e-01 +9.9999853000912453e-01 +5.7385860520700399e-05 +2.6257517154184070e-05 +3.9561529872023092e-05 +2.6597135235457825e-05 +2.8221486132268779e-06
 77.50000000 +5.0000000000000000e+00 +1.9999816807384578e+00 +1.9021429105365365e-03 +9.9983520521474911e-01 +1.0000002741170804e+00 +9.9999990516849746e-01 +9.9999916492943008e-01 +9.9999891196626001e-01 +6.2068550639813357e-05 +3.0953474727498848e-05 +4.5003621771100687e-05 +2.4658987590113946e-05 +3.8539657300576752e-06
 78.00000000 +5.0000000000000000e+00 +1.9999812072021179e+00 +1.9082374149814627e-03 +9.9982090383715450e-01 +1.0000007565642957e+00 +9.9999991413542633e-01 +9.9999867932992026e-01 +9.9999929390194453e-01 +6.6750977782955334e-05 +3.5649168579753466e-05 +5.0445408046836787e-05 +2.2720948789525101e-05 +4.8857249008998893e-06
 78.50000000 +5.0000000000000000e+00 +1.9999807336923723e+00 +1.9143315771737140e-03 +9.9980660326269122e-01 +1.0000012389844177e+00 +9.9999992310185204e-01 +9.9999819375768062e-01 +9.9999967581618110e-01 +7.1433141972278489e-05 +4.0344598733162894e-05 +5.5886888724976037e-05 +2.0783018824522596e-05 +5.9174261306346869e-06
 79.00000000 +5.0000000000000000e+00 +1.9999802602092165e+00 +1.9204253971421190e-03 +9.9979230349129111e-01 +1.0000017213774495e+00 +9.9999993206777427e-01 +9.9999770821270895e-01 +1.0000000577089707e+00 +7.6115043229932504e-05 +4.5039765209939508e-05 +6.1328063831260135e-05 +1.8845197685938792e-05 +6.9490694241426811e-06
 79.50000000 +5.0000000000000000e+00 +1.9999797867526483e+00 +1.9265188749155032e-03 +9.9977800452288634e-01 +1.0000022037433922e+00 +9.9999994103319267e-01 +9.9999722269500246e-01 +1.0000004395803150e+00 +8.0796681578064472e-05 +4.9734668032293215e-05 +6.6768933391427905e-05 +1.6907485364607032e-05 +7.9806547863039279e-06
 80.00000000 +5.0000000000000000e+00 +1.9999804737808642e+00 +1.9209942362607862e-03 +9.9979163417967032e-01 +1.0000013993069552e+00 +9.9999991869042870e-01 +9.9999750050292524e-01 +1.0000005037840614e+00 +7.5683430459816989e-05 +4.6650586026611124e-05 +6.0286377668524138e-05 +2.0273424513718144e-05 +6.1497134308754513e-06
 80.50000000 +5.0000000000000000e+00 +1.9999811608148697e+00 +1.9154695510501265e-03 +9.9980526395131075e-01 +1.0000005948637392e+00 +9.9999989634747644e-01 +9.9999777831318881e-01 +1.0000005679883486e+00 +7.0570136252375441e-05 +4.3566478031474386e-05 +5.3803767317342775e-05 +2.3639392027484499e-05 +4.3187566461661613e-06
 81.00000000 +5.0000000000000000e+00 +1.9999818478546643e+00 +1.9099448192829349e-03 +9.9981889383780942e-01 +9.9999979041374409e-01 +9.9999987400433554e-01 +9.9999805612579362e-01 +1.0000006321931765e+00 +6.5456798955195180e-05 +4.0482344046554487e-05 +4.7321102337193281e-05 +2.7005387906264648e-05 +2.4877844319810277e-06
 81.50000000 +5.0000000000000000e+00 +1.9999825349002491e+00 +1.9044200409586241e-03 +9.9983252383916754e-01 +9.9999898595696990e-01 +9.9999985166100691e-01 +9.9999833394073967e-01 +1.0000006963985459e+00 +6.0343418567731522e-05 +3.7398184071522906e-05 +4.0838382727385135e-05 +3.0371412150417139e-05 +6.5679678812501084e-07
 82.00000000 +5.0000000000000000e+00 +1.9999832219516231e+00 +1.8988952160766041e-03 +9.9984615395538678e-01 +9.9999818149341624e-01 +9.9999982931748954e-01 +9.9999861175802673e-01 +1.0000007606044561e+00 +5.5229995089439772e-05 +3.4313998106051091e-05 +3.4355608487227760e-05 +3.3737464760300529e-05 -1.1742062855969295e-06
 82.50000000 +5.0000000000000000e+00 +1.9999839090087872e+00 +1.8933703446362875e-03 +9.9985978418646837e-01 +9.9999737702308356e-01 +9.9999980697378410e-01 +9.9999888957765504e-01 +1.0000008248109074e+00 +5.0116528519775239e-05 +3.1229786149810535e-05 +2.7872779616030614e-05 +3.7103545736273358e-05 -3.0052247893798342e-06
 83.00000000 +5.0000000000000000e+00 +1.9999845960717415e+00 +1.8878454266370859e-03 +9.9987341453241407e-01 +9.9999657254597152e-01 +9.9999978462989036e-01 +9.9999916739962469e-01 +1.0000008890179000e+00 +4.5003018858193228e-05 +2.8145548202472680e-05 +2.1389896113103112e-05 +4.0469655078694240e-05 -4.8362587234187554e-06
 83.50000000 +5.0000000000000000e+00 +1.9999852831404854e+00 +1.8823204620784097e-03 +9.9988704499322489e-01 +9.9999576806207968e-01 +9.9999976228580811e-01 +9.9999944522393536e-01 +1.0000009532254335e+00 +3.9889466104149001e-05 +2.5061284263708973e-05 +1.4906957977754668e-05 +4.3835792787921699e-05 -6.6673080879087375e-06
 84.00000000 +5.0000000000000000e+00 +1.9999859702150198e+00 +1.8767954509596716e-03 +9.9990067556890272e-01 +9.9999496357140882e-01 +9.9999973994153801e-01 +9.9999972305058760e-01 +1.0000010174335081e+00 +3.4775870257097849e-05 +2.1976994333190876e-05 +8.4239652092946807e-06 +4.7201958864314356e-05 -8.4983728830448392e-06
 84.50000000 +5.0000000000000000e+00 +1.9999850231272656e+00 +1.8768159803169240e-03 +9.9990059745630711e-01 +9.9999571162018219e-01 +1.0000000879849649e+00 +9.9999977791805228e-01 +1.0000007769298627e+00 +3.3907827704815588e-05 +2.1173599409227672e-05 +5.7292881085981450e-06 +4.4866413388155901e-05 -2.6290530062062923e-06
 85.00000000 +5.0000000000000000e+00 +1.9999840760414436e+00 +1.8768365096322630e-03 +9.9990051934387059e-01 +9.9999645966742823e-01 +1.0000004360276806e+00 +9.9999983278540461e-01 +1.0000005364267075e+00 +3.3039786924745757e-05 +2.0370206125491052e-05 +3.0346165094064291e-06 +4.2530872680292201e-05 +3.2402548877154164e-06
 85.50000000 +5.0000000000000000e+00 +1.9999831289575560e+00 +1.8768570389056897e-03 +9.9990044123159372e-01 +9.9999720771314693e-01 +1.0000007840696863e+00 +9.9999988765264514e-01 +1.0000002959240442e+00 +3.2171747916882954e-05 +1.9566814481976006e-05 +3.3995041170268792e-07 +4.0195336740708665e-05 +9.1095507987569836e-06
 86.00000000 +5.0000000000000000e+00 +1.9999821818756023e+00 +1.8768775681372032e-03 +9.9990036311947650e-01 +9.9999795575733863e-01 +1.0000011321109814e+00 +9.9999994251977398e-01 +1.0000000554218715e+00 +3.1303710681221739e-05 +1.8763424478677515e-05 -2.3547101845299269e-06 +3.7859805569390685e-05 +1.4978834726955106e-05
 86.50000000 +5.0000000000000000e+00 +1.9999812347955819e+00 +1.8768980973268038e-03 +9.9990028500751860e-01 +9.9999870380000300e-01 +1.0000014801515658e+00 +9.9999999738679024e-01 +9.9999981492018986e-01 +3.0435675217756672e-05 +1.7960036115590550e-05 -5.0493652793082660e-06 +3.5524279166323658e-05 +2.0848106672346484e-05
 87.00000000 +5.0000000000000000e+00 +1.9999802877174946e+00 +1.8769186264744918e-03 +9.9990020689572012e-01 +9.9999945184114025e-01 +1.0000018281914393e+00 +1.0000000522536947e+00 +9.9999957441899934e-01 +2.9567641526482348e-05 +1.7156649392710090e-05 -7.7440148726491708e-06 +3.3188757531492966e-05 +2.6717366634967803e-05
 87.50000000 +5.0000000000000000e+00 +1.9999793406413420e+00 +1.8769391555802676e-03 +9.9990012878408141e-01 +1.0000001998807506e+00 +1.0000021762306028e+00 +1.0000001071204874e+00 +9.9999933391829965e-01 +2.8699609607393334e-05 +1.6353264310031114e-05 -1.0438658964569498e-05 +3.0853240664884042e-05 +3.2586614614855777e-05
 88.00000000 +5.0000000000000000e+00 +1.9999783935671218e+00 +1.8769596846441310e-03 +9.9990005067260190e-01 +1.0000009479188332e+00 +1.0000025242690556e+00 +1.0000001619871679e+00 +9.9999909341809123e-01 +2.7831579460484192e-05 +1.5549880867548590e-05 -1.3133297555086083e-05 +2.8517728566482255e-05 +3.8455850612047084e-05
 88.50000000 +5.0000000000000000e+00 +1.9999774464948357e+00 +1.8769802136660819e-03 +9.9989997256128182e-01 +1.0000016959553888e+00 +1.0000028723067975e+00 +1.0000002168537361e+00 +9.9999885291837354e-01 +2.6963551085749502e-05 +1.4746499065257503e-05 -1.5827930644215784e-05 +2.6182221236273006e-05 +4.4325074626578429e-05
 89.00000000 +5.0000000000000000e+00 +1.9999787709248853e+00 +1.8747265711545837e-03 +9.9990586029320627e-01 +1.0000014754280271e+00 +1.0000023862043845e+00 +1.0000003515917604e+00 +9.9999873341883072e-01 +1.5265970289839825e-05 +1.3492036328557549e-05 -7.4320371012412011e-06 +2.8985740135972558e-05 +4.0881363723087365e-05
 89.50000000 +5.0000000000000000e+00 +1.9999800953355078e+00 +1.8724729616980888e-03 +9.9991174793877280e-01 +1.0000012549038995e+00 +1.0000019001091014e+00 +1.0000004863278078e+00 +9.9999861392104050e-01 +3.5685610666522006e-06 +1.2237591991524171e-05 +9.6373329607323643e-07 +3.1789217915428747e-05 +3.7437703329771357e-05
 90.00000000 +5.0000000000000000e+00 +1.9999814197267058e+00 +1.8702193852958714e-03 +9.9991763549798407e-01 +1.0000010343830066e+00 +1.0000014140209477e+00 +1.0000006210618790e+00 +9.9999849442500310e-01 -8.1286765875881192e-06 +1.0983166053752569e-05 +9.3593805504368383e-06 +3.4592654575546263e-05 +3.3994093445519125e-05
 90.50000000 +5.0000000000000000e+00 +1.9999827440984781e+00 +1.8679658419472030e-03 +9.9992352297084153e-01 +1.0000008138653480e+00 +1.0000009279399236e+00 +1.0000007557939745e+00 +9.9999837493071819e-01 -1.9825742676655781e-05 +9.7287585148379392e-06 +1.7754904664558841e-05 +3.7396050117229776e-05 +3.0550534069219436e-05
 91.00000000 +5.0000000000000000e+00 +1.9999840684508270e+00 +1.8657123316513575e-03 +9.9992941035734750e-01 +1.0000005933509239e+00 +1.0000004418660291e+00 +1.0000008905240940e+00 +9.9999825543818621e-01 -3.1522637204325329e-05 +8.4743693743755030e-06 +2.6150305641148409e-05 +4.0199404541383911e-05 +2.7107025199761104e-05
 91.50000000 +5.0000000000000000e+00 +1.9999853927837503e+00 +1.8634588544076066e-03 +9.9993529765750278e-01 +1.0000003728397340e+00 +9.9999995579926360e-01 +1.0000010252522369e+00 +9.9999813594740650e-01 -4.3219360174371136e-05 +7.2199986319604813e-06 +3.4545583482914588e-05 +4.3002717848913239e-05 +2.3663566836032932e-05
 92.00000000 +5.0000000000000000e+00 +1.9999867170972507e+00 +1.8612054102152243e-03 +9.9994118487131067e-01 +1.0000001523317785e+00 +9.9999946973962750e-01 +1.0000011599784040e+00 +9.9999801645837960e-01 -5.4915911590567577e-05 +5.9656462871881150e-06 +4.2940738192566426e-05 +4.5805990040722391e-05 +2.0220158976923801e-05
 92.50000000 +5.0000000000000000e+00 +1.9999880413913274e+00 +1.8589519990734830e-03 +9.9994707199877197e-01 +9.9999993182705682e-01 +9.9999898368711981e-01 +1.0000012947025951e+00 +9.9999789697110519e-01 -6.6612291456688799e-05 +4.7113123396536537e-06 +5.1335769772812782e-05 +4.8609221117715868e-05 +1.6776801621322595e-05
 93.00000000 +5.0000000000000000e+00 +1.9999893656659811e+00 +1.8566986209816549e-03 +9.9995295903988934e-01 +9.9999971132556942e-01 +9.9999849764174120e-01 +1.0000014294248103e+00 +9.9999777748558305e-01 -7.8308499776508911e-05 +3.4569967889523584e-06 +5.9730678226362535e-05 +5.1412411080798208e-05 +1.3333494768118241e-05
 93.50000000 +5.0000000000000000e+00 +1.9999898927041100e+00 +1.8661217576848969e-03 +9.9992908477449571e-01 +9.9999936075135309e-01 +9.9999856929889608e-01 +1.0000019036111156e+00 +9.9999733441443928e-01 -6.4628921446731720e-05 +8.4014921650163827e-06 +5.7041706591995002e-05 +4.6967606157355056e-05 +2.5965265021867573e-05
 94.00000000 +5.0000000000000000e+00 +1.9999904197290772e+00 +1.8755446590610026e-03 +9.9990521110532227e-01 +9.9999901018589210e-01 +9.9999864095426183e-01 +1.0000023777855798e+00 +9.9999689135436054e-01 -5.0949684741626989e-05 +1.3345864060548138e-05 +5.4352802110213018e-05 +4.2522912235507826e-05 +3.8596719818205009e-05
 94.50000000 +5.0000000000000000e+00 +1.9999909467408827e+00 +1.8849673251187878e-03 +9.9988133803234625e-01 +9.9999865962918544e-01 +9.9999871260783768e-01 +1.0000028519482016e+00 +9.9999644830534618e-01 -3.7270789648397635e-05 +1.8290112480173141e-05 +5.1663964778501050e-05 +3.8078329311098441e-05 +5.1227859168947436e-05
 95.00000000 +5.0000000000000000e+00 +1.9999914737395272e+00 +1.8943897558670664e-03 +9.9985746555554567e-01 +9.9999830908123322e-01 +9.9999878425962441e-01 +1.0000033260989825e+00 +9.9999600526739607e-01 -2.3592236154247189e-05 +2.3234237428516688e-05 +4.8975194594343736e-05 +3.3633857379969072e-05 +6.3858683085911143e-05
 95.50000000 +5.0000000000000000e+00 +1.9999920007250114e+00 +1.9038119513146543e-03 +9.9983359367489799e-01 +9.9999795854203521e-01 +9.9999885590962168e-01 +1.0000038002379228e+00 +9.9999556224050967e-01 -9.9140242463798404e-06 +2.8178238910203846e-05 +4.6286491555225835e-05 +2.9189496437962043e-05 +7.6489191580911866e-05
 96.00000000 +5.0000000000000000e+00 +1.9999925276973360e+00 +1.9132339114703643e-03 +9.9980972239038124e-01 +9.9999760801159099e-01 +9.9999892755783004e-01 +1.0000042743650230e+00 +9.9999511922468687e-01 +3.7638460879995881e-06 +3.3122116929859430e-05 +4.3597855658632201e-05 +2.4745246480919914e-05 +8.9119384665764680e-05
 96.50000000 +5.0000000000000000e+00 +1.9999930546565003e+00 +1.9226556363430094e-03 +9.9978585170197232e-01 +9.9999725748989954e-01 +9.9999899920424851e-01 +1.0000047484802830e+00 +9.9999467621992622e-01 +1.7441374861685659e-05 +3.8065871492108048e-05 +4.0909286902047825e-05 +2.0301107504685446e-05 +1.0174926235228411e-04
 97.00000000 +5.0000000000000000e+00 +1.9999935816025063e+00 +1.9320771259414039e-03 +9.9976198160964991e-01 +9.9999690697696142e-01 +9.9999907084887840e-01 +1.0000052225837039e+00 +9.9999423322622860e-01 +3.1118562087472259e-05 +4.3009502601574069e-05 +3.8220785282957865e-05 +1.5857079505101613e-05 +1.1437882465228414e-04
 97.50000000 +5.0000000000000000e+00 +1.9999941085353541e+00 +1.9414983802743602e-03 +9.9973811211339092e-01 +9.9999655647277630e-01 +9.9999914249171917e-01 +1.0000056966752859e+00 +9.9999379024359303e-01 +4.4795407778152683e-05 +4.7953010262881629e-05 +3.5532350798847535e-05 +1.1413162478011589e-05 +1.2700807157757811e-04
 98.00000000 +5.0000000000000000e+00 +1.9999962006664036e+00 +1.9311766646506346e-03 +9.9976410189043374e-01 +9.9999652889669033e-01 +9.9999977162796272e-01 +1.0000051794133114e+00 +9.9999444416563543e-01 +4.9221339533824893e-05 +4.3269024970714002e-05 +2.8161391742100764e-05 +7.0730675042753043e-06 +1.1224918073242257e-04
 98.50000000 +5.0000000000000000e+00 +1.9999982932874183e+00 +1.9208525317388489e-03 +9.9979009775413674e-01 +9.9999650131414652e-01 +1.0000004009115462e+00 +1.0000046620301968e+00 +9.9999509824082289e-01 +5.3648307817955999e-05 +3.8583942715392748e-05 +2.0788706447975400e-05 +2.7319561045742827e-06 +9.7486833437591058e-05
 99.00000000 +5.0000000000000000e+00 +2.0000003863985709e+00 +1.9105259806897305e-03 +9.9981609970663909e-01 +9.9999647372514200e-01 +1.0000010303425220e+00 +1.0000041445259000e+00 +9.9999575246920924e-01 +5.8076312994712414e-05 +3.3897763111518797e-05 +1.3414294309987718e-05 -1.6101720781952087e-06 +8.2721028478719582e-05
 99.50000000 +5.0000000000000000e+00 +2.0000024800000333e+00 +1.9001970106536092e-03 +9.9984210775007942e-01 +9.9999644612967520e-01 +1.0000016599209414e+00 +1.0000036269003780e+00 +9.9999640685084801e-01 +6.2505355428431138e-05 +2.9210485773512500e-05 +6.0381547213698548e-06 -5.9533174013042019e-06 +6.7951764640875235e-05
100.00000000 +5.0000000000000000e+00 +2.0000045740919781e+00 +1.8898656207804163e-03 +9.9986812188659879e-01 +9.9999641852774324e-01 +1.0000022896468568e+00 +1.0000031091535888e+00 +9.9999706138579325e-01 +6.6935435483619890e-05 +2.4522110315613550e-05 -1.3397129249303523e-06 -1.0297480222191133e-05 +5.3179040708555864e-05
100.50000000 +5.0000000000000000e+00 +2.0000066686745765e+00 +1.8795318102196850e-03 +9.9989414211833805e-01 +9.9999639091934378e-01 +1.0000029195203191e+00 +1.0000025912854891e+00 +9.9999771607409860e-01 +7.1366553524957160e-05 +1.9832636351880880e-05 -8.7193092362495297e-06 -1.4642660898461913e-05 +3.8402855465689737e-05
101.00000000 +5.0000000000000000e+00 +2.0000087637480024e+00 +1.8691955781205498e-03 +9.9992016844744003e-01 +9.9999636330447494e-01 +1.0000035495413806e+00 +1.0000020732960366e+00 +9.9999837091581811e-01 +7.5798709917292454e-05 +1.5142063496192531e-05 -1.6100634820208968e-05 -1.8988859787890096e-05 +2.3623207695635142e-05
101.50000000 +5.0000000000000000e+00 +2.0000108593124275e+00 +1.8588569236317467e-03 +9.9994620087604802e-01 +9.9999633568313440e-01 +1.0000041797100934e+00 +1.0000015551851884e+00 +9.9999902591100565e-01 +8.0231905025646152e-05 +1.0450391362245579e-05 -2.3483690284714709e-05 -2.3336077248416873e-05 +8.8400961811801723e-06
102.00000000 +5.0000000000000000e+00 +2.0000129553680246e+00 +1.8485158459016120e-03 +9.9997223940630664e-01 +9.9999630805531958e-01 +1.0000048100265093e+00 +1.0000010369529020e+00 +9.9999968105971537e-01 +8.4666139215209854e-05 +5.7576195635559904e-06 -3.0868476237957825e-05 -2.7684313638151289e-05 -5.9464802954577306e-06
102.50000000 +5.0000000000000000e+00 +2.0000119423125877e+00 +1.8521472891753498e-03 +9.9996228560380784e-01 +9.9999804341949827e-01 +1.0000037435728151e+00 +1.0000000893596186e+00 +1.0000001602540429e+00 +8.5881115959292109e-05 +3.9541810858392141e-06 -2.4884793550282612e-05 -2.3142019450282781e-05 -6.1307053170312235e-06
103.00000000 +5.0000000000000000e+00 +2.0000109294460171e+00 +1.8557780554315638e-03 +9.9995233365701774e-01 +9.9999977846014965e-01 +1.0000026773179425e+00 +9.9999914194299699e-01 +1.0000006393590331e+00 +8.7095866192732658e-05 +2.1510788269092489e-06 -1.8902226413017786e-05 -1.8600572091768352e-05 -6.3148959931507300e-06
103.50000000 +5.0000000000000000e+00 +2.0000099167682590e+00 +1.8594081448595637e-03 +9.9994238356541632e-01 +1.0000015131773639e+00 +1.0000016112618351e+00 +9.9999819470298734e-01 +1.0000011183747111e+00 +8.8310389978868818e-05 +3.4831269275190696e-07 -1.2920774514230835e-05 -1.4059971325815817e-05 -6.4990523334199953e-06
104.00000000 +5.0000000000000000e+00 +2.0000089042792615e+00 +1.8630375576485871e-03 +9.9993243532848564e-01 +1.0000032475712310e+00 +1.0000005454044378e+00 +9.9999724763954101e-01 +1.0000015973011016e+00 +8.9524687381014391e-05 -1.4541174106119513e-06 -6.9404375421055637e-06 -9.5202169157213032e-06 -6.6831743474391875e-06
104.50000000 +5.0000000000000000e+00 +2.0000078919789721e+00 +1.8666662939878030e-03 +9.9992248894570690e-01 +1.0000049816418424e+00 +9.9999947974569492e-01 +9.9999630075260826e-01 +1.0000020761382302e+00 +9.0738758462459543e-05 -3.2562115771264351e-06 -9.6121518494197880e-07 -4.9813086248691422e-06 -6.8672620448048950e-06
105.00000000 +5.0000000000000000e+00 +2.0000068798673376e+00 +1.8702943540663079e-03 +9.9991254441656197e-01 +1.0000067153892878e+00 +9.9999841428555114e-01 +9.9999535404214013e-01 +1.0000025548861216e+00 +9.1952603286470831e-05 -5.0579699007006345e-06 +5.0168928688437026e-06 -4.4324621673188452e-07 -7.0513154351101244e-06
105.50000000 +5.0000000000000000e+00 +2.0000058679443047e+00 +1.8739217380731291e-03 +9.9990260174053225e-01 +1.0000084488136574e+00 +9.9999734902395054e-01 +9.9999440750808644e-01 +1.0000030335448000e+00 +9.3166221916291192e-05 -6.8593924752086486e-06 +1.0993886930719172e-05 +4.0939705451297912e-06 -7.2353345279443151e-06
106.00000000 +5.0000000000000000e+00 +2.0000048562098223e+00 +1.8775484461972236e-03 +9.9989266091710061e-01 +1.0000101819150420e+00 +9.9999628396083828e-01 +9.9999346115039889e-01 +1.0000035121142916e+00 +9.4379614415140170e-05 -8.6604793944895850e-06 +1.6969767312036026e-05 +8.6303418970670816e-06 -7.4193193328933280e-06
106.50000000 +5.0000000000000000e+00 +2.0000038446638357e+00 +1.8811744786274766e-03 +9.9988272194574845e-01 +1.0000119146935313e+00 +9.9999521909615807e-01 +9.9999251496902730e-01 +1.0000039905946203e+00 +9.5592780846213510e-05 -1.0461230752347589e-05 +2.2944534324029859e-05 +1.3165868075343123e-05 -7.6032698595394530e-06
107.00000000 +5.0000000000000000e+00 +2.0000045663218393e+00 +1.8762632179931654e-03 +9.9989596451457774e-01 +1.0000103844614148e+00 +9.9999629604305595e-01 +9.9999391405533311e-01 +1.0000044525368175e+00 +8.6481202622391929e-05 -1.3338287999258409e-06 +1.8133737593946889e-05 +9.6151191037689365e-06 -1.3907859792514258e-05
107.50000000 +5.0000000000000000e+00 +2.0000052880574155e+00 +1.8713514294361666e-03 +9.9990920850688103e-01 +1.0000088540648095e+00 +9.9999737310571746e-01 +9.9999531329202962e-01 +1.0000049145286696e+00 +7.7368644974097874e-05 +7.7945542778973111e-06 +1.3322423740273049e-05 +6.0639884540317643e-06 -2.0213127420342528e-05
108.00000000 +5.0000000000000000e+00 +2.0000060098705772e+00 +1.8664391128713554e-03 +9.9992245392288792e-01 +1.0000073235036899e+00 +9.9999845028416079e-01 +9.9999671267914148e-01 +1.0000053765701846e+00 +6.8255107743401972e-05 +1.6923918639325501e-05 +8.5105926796236641e-06 +2.5124760645871087e-06 -2.6519072852300603e-05
108.50000000 +5.0000000000000000e+00 +2.0000067317613359e+00 +1.8615262682135873e-03 +9.9993570076282823e-01 +1.0000057927780288e+00 +9.9999952757840527e-01 +9.9999811221669277e-01 +1.0000058386613710e+00 +5.9140590772340911e-05 +2.6054264442596393e-05 +3.6982443285961171e-06 -1.0394181261227699e-06 -3.2825696197688317e-05
109.00000000 +5.0000000000000000e+00 +2.0000074537297059e+00 +1.8566128953776998e-03 +9.9994894902693132e-01 +1.0000042618878000e+00 +1.0000006049884693e+00 +9.9999951190470815e-01 +1.0000063008022371e+00 +5.0025093902917407e-05 +3.5185591845981657e-05 -1.1146213962301420e-06 -4.5916941796688381e-06 -3.9132997565829011e-05
109.50000000 +5.0000000000000000e+00 +2.0000081757756978e+00 +1.8516989942785117e-03 +9.9996219871542691e-01 +1.0000027308329771e+00 +1.0000016825143712e+00 +1.0000009117432112e+00 +1.0000067629927902e+00 +4.0908616977100196e-05 +4.4317901007786991e-05 -5.9280045782935868e-06 -8.1443521576353030e-06 -4.5440977066069503e-05
110.00000000 +5.0000000000000000e+00 +2.0000088978993253e+00 +1.8467845648308236e-03 +9.9997544982854492e-01 +1.0000011996135336e+00 +1.0000027601561301e+00 +1.0000023117322270e+00 +1.0000072252330388e+00 +3.1791159836824014e-05 +5.3451192086352169e-05 -1.0741905301050659e-05 -1.1697392121619627e-05 -5.1749634807780183e-05
110.50000000 +5.0000000000000000e+00 +2.0000096201006006e+00 +1.8418696069494181e-03 +9.9998870236651505e-01 +9.9999966822944242e-01 +1.0000038379137648e+00 +1.0000037118717791e+00 +1.0000076875229904e+00 +2.2672722323989646e-05 +6.2585465240050977e-05 -1.5556323647975720e-05 -1.5250814133232499e-05 -5.8058970900354903e-05
111.00000000 +5.0000000000000000e+00 +2.0000103423795359e+00 +1.8369541205490590e-03 +1.0000019563295668e+00 +9.9999813668067705e-01 +1.0000049157872932e+00 +1.0000051121618918e+00 +1.0000081498626534e+00 +1.3553304280463826e-05 +7.1720720627291276e-05 -2.0371259702561114e-05 -1.8804618254097872e-05 -6.4368985453211076e-05
111.50000000 +5.0000000000000000e+00 +2.0000100037889377e+00 +1.8460318228691779e-03 +9.9997887625703119e-01 +9.9999935562205222e-01 +1.0000035510210346e+00 +1.0000036603807458e+00 +1.0000060900856564e+00 +1.0620258842874521e-05 +8.0341776515136461e-05 -9.6938917817856631e-06 -9.8028211468544570e-06 -6.2998703193476913e-05
112.00000000 +5.0000000000000000e+00 +2.0000096652713428e+00 +1.8551075679658644e-03 +9.9995580116073890e-01 +1.0000005743006142e+00 +1.0000021865490301e+00 +1.0000022089126150e+00 +1.0000040307527638e+00 +7.6878457927612315e-06 +8.8960973636082350e-05 +9.8117401517562074e-07 -8.0296489728726160e-07 -6.1628716377287027e-05
112.50000000 +5.0000000000000000e+00 +2.0000093268267265e+00 +1.8641813564720395e-03 +9.9993273103908120e-01 +1.0000017927164475e+00 +1.0000008223711847e+00 +1.0000007577573982e+00 +1.0000019718638311e+00 +4.7560649256244926e-06 +9.7578312591211088e-05 +1.1653938432776259e-05 +8.1949511222321343e-06 -6.0259024909101854e-05
113.00000000 +5.0000000000000000e+00 +2.0000089884550656e+00 +1.8732531890203507e-03 +9.9990966589044949e-01 +1.0000030108696378e+00 +9.9999945848740324e-01 +9.9999930691499439e-01 +9.9999991341871541e-01 +1.8249160370530051e-06 +1.0619379398134574e-04 +2.2324402215148833e-05 +1.7190927539061568e-05 -5.8889628693422956e-05
113.50000000 +5.0000000000000000e+00 +2.0000086501563370e+00 +1.8823230662431735e-03 +9.9988660571323607e-01 +1.0000042287602697e+00 +9.9999809489759084e-01 +9.9999785638530247e-01 +9.9999785541727304e-01 -1.1056010772764138e-06 +1.1480741840705037e-04 +3.2992566106105141e-05 +2.6184964980288444e-05 -5.7520527634793108e-05
114.00000000 +5.0000000000000000e+00 +2.0000083119305176e+00 +1.8913909887726108e-03 +9.9986355050583353e-01 +1.0000054463884283e+00 +9.9999673160165226e-01 +9.9999640616822139e-01 +9.9999579785936099e-01 -4.0354866215988712e-06 +1.2341918646863005e-04 +4.3658430849136365e-05 +3.5177064072729854e-05 -5.6151721637796209e-05
114.50000000 +5.0000000000000000e+00 +2.0000079737775818e+00 +1.9004569572404918e-03 +9.9984050026663551e-01 +1.0000066637541976e+00 +9.9999536859949245e-01 +9.9999495626364998e-01 +9.9999374074483494e-01 -6.9647408000614668e-06 +1.3202909876613129e-04 +5.4321997187413254e-05 +4.4167225442932767e-05 -5.4783210607057266e-05
115.00000000 +5.0000000000000000e+00 +2.0000076356975076e+00 +1.9095209722783748e-03 +9.9981745499403640e-01 +1.0000078808576633e+00 +9.9999400589101672e-01 +9.9999350667148690e-01 +9.9999168407355221e-01 -9.8933638167233060e-06 +1.4063715589934187e-04 +6.4983265863786320e-05 +5.3155449717174119e-05 -5.3414994447242422e-05
115.50000000 +5.0000000000000000e+00 +2.0000072976902716e+00 +1.9185830345175461e-03 +9.9979441468643138e-01 +1.0000090976989100e+00 +9.9999264347613004e-01 +9.9999205739163177e-01 +9.9998962784536971e-01 -1.2821355875555595e-05 +1.4924335846779133e-04 +7.5642237620785968e-05 +6.2141737521461044e-05 -5.2047073063058877e-05
116.00000000 +5.0000000000000000e+00 +2.0000083766769685e+00 +1.9246195771440951e-03 +9.9978065300124386e-01 +1.0000063771305290e+00 +9.9999434651779617e-01 +9.9999226027055654e-01 +9.9999059393827205e-01 -9.0585215473903281e-06 +1.4617785296341940e-04 +7.2538294782948095e-05 +6.6062553773824640e-05 -3.9951034772036769e-05
116.50000000 +5.0000000000000000e+00 +2.0000094556067891e+00 +1.9306558015704859e-03 +9.9976689204146696e-01 +1.0000036567055552e+00 +9.9999604946969112e-01 +9.9999246313878742e-01 +9.9999155998024958e-01 -5.2958855669469209e-06 +1.4311250904895022e-04 +6.9434515561133918e-05 +6.9983163350872865e-05 -2.7855634091238582e-05
117.00000000 +5.0000000000000000e+00 +2.0000105344797383e+00 +1.9366917078218774e-03 +9.9975313180704273e-01 +1.0000009364239775e+00 +9.9999775233182198e-01 +9.9999266599632430e-01 +9.9999252597130595e-01 -1.5334479185427279e-06 +1.4004732671160739e-04 +6.6330899942406915e-05 +7.3903566268946786e-05 -1.5760870970250740e-05
117.50000000 +5.0000000000000000e+00 +2.0000116132958210e+00 +1.9427272959234262e-03 +9.9973937229791421e-01 +9.9999821628578489e-01 +9.9999945510419552e-01 +9.9999286884316918e-01 +9.9999349191144538e-01 +2.2287914135032361e-06 +1.3698230593861603e-04 +6.3227447913831943e-05 +7.7823762544385766e-05 -3.6667453586650377e-06
118.00000000 +5.0000000000000000e+00 +2.0000126920550403e+00 +1.9487625659002855e-03 +9.9972561351402378e-01 +9.9999549629096551e-01 +1.0000011577868191e+00 +9.9999307167932205e-01 +9.9999445780067164e-01 +5.9908324448703025e-06 +1.3391744671720245e-04 +6.0124159462475169e-05 +8.1743752193527388e-05 +8.4267427939214438e-06
118.50000000 +5.0000000000000000e+00 +2.0000137707574033e+00 +1.9547975177776071e-03 +9.9971185545531471e-01 +9.9999277643950824e-01 +1.0000028603797000e+00 +9.9999327450478437e-01 +9.9999542363898941e-01 +9.7526751912361487e-06 +1.3085274903459440e-04 +5.7021034575404187e-05 +8.5663535232707625e-05 +2.0519593537906284e-05
119.00000000 +5.0000000000000000e+00 +2.0000148494029113e+00 +1.9608321515805385e-03 +9.9969809812172883e-01 +9.9999005673140140e-01 +1.0000045628828449e+00 +9.9999347731955646e-01 +9.9999638942640190e-01 +1.3514319668276805e-05 +1.2778821287802087e-04 +5.3918073239687889e-05 +8.9583111678260606e-05 +3.2611806923681800e-05
119.50000000 +5.0000000000000000e+00 +2.0000159279915715e+00 +1.9668664673342267e-03 +9.9968434151320984e-01 +9.9998733716663479e-01 +1.0000062652962616e+00 +9.9999368012363954e-01 +9.9999735516291421e-01 +1.7275765891666653e-05 +1.2472383823471233e-04 +5.0815275442396607e-05 +9.3502481546518847e-05 +4.4703383001634953e-05
120.00000000 +5.0000000000000000e+00 +2.0000170065233864e+00 +1.9729004650638126e-03 +9.9967058562969913e-01 +9.9998461774519587e-01 +1.0000079676199563e+00 +9.9999388291703417e-01 +9.9999832084852913e-01 +2.1037013877078403e-05 +1.2165962509190048e-04 +4.7712641170601943e-05 +9.7421644853813008e-05 +5.6794321822147401e-05
120.50000000 +5.0000000000000000e+00 +2.0000191480415261e+00 +1.9578890619139609e-03 +9.9970691001273637e-01 +9.9998645828532495e-01 +1.0000067909167258e+00 +9.9999315177968029e-01 +1.0000011920513221e+00 +1.9826898869425780e-05 +9.9531161200762557e-05 +3.7486410529047985e-05 +9.6267113789465607e-05 +5.2385377131720337e-05
121.00000000 +5.0000000000000000e+00 +2.0000212895421656e+00 +1.9428777814320080e-03 +9.9974323409894383e-01 +9.9998829881041396e-01 +1.0000056142231111e+00 +9.9999242064830118e-01 +1.0000040632306526e+00 +1.8616793750406798e-05 +7.7402878135637883e-05 +2.7260263452649131e-05 +9.5112592159539455e-05 +4.7976468469636452e-05
121.50000000 +5.0000000000000000e+00 +2.0000234310253062e+00 +1.9278666236164517e-03 +9.9977955788832451e-01 +9.9999013932046288e-01 +1.0000044375391122e+00 +9.9999168952289652e-01 +1.0000069343865210e+00 +1.7406698519900246e-05 +5.5274775894309976e-05 +1.7034199940381085e-05 +9.3958079963918879e-05 +4.3567595835454128e-05
122.00000000 +5.0000000000000000e+00 +2.0000255724909470e+00 +1.9128555884657865e-03 +9.9981588138088240e-01 +9.9999197981547161e-01 +1.0000032608647278e+00 +9.9999095840346619e-01 +1.0000098055189273e+00 +1.6196613177784906e-05 +3.3146854474562359e-05 +6.8082199912195608e-06 +9.2803577202488224e-05 +3.9158759228731723e-05
122.50000000 +5.0000000000000000e+00 +2.0000277139390890e+00 +1.8978446759785115e-03 +9.9985220457662161e-01 +9.9999382029544115e-01 +1.0000020841999595e+00 +9.9999022729001064e-01 +1.0000126766278725e+00 +1.4986537723939593e-05 +1.1019113874178700e-05 -3.4176763958596931e-06 +9.1649083875131940e-05 +3.4749958649027689e-05
123.00000000 +5.0000000000000000e+00 +2.0000298553697320e+00 +1.8828338861531214e-03 +9.9988852747554480e-01 +9.9999566076037083e-01 +1.0000009075448060e+00 +9.9998949618252886e-01 +1.0000155477133561e+00 +1.3776472158243089e-05 -1.1108445909057343e-05 -1.3643489221880915e-05 +9.0494599981734289e-05 +3.0341194095900403e-05
123.50000000 +5.0000000000000000e+00 +2.0000319967828766e+00 +1.8678232189881126e-03 +9.9992485007765664e-01 +9.9999750121026143e-01 +9.9999973089926775e-01 +9.9998876508102164e-01 +1.0000184187753784e+00 +1.2566416480574194e-05 -3.3235824877362138e-05 -2.3869218487868339e-05 +8.9340125522179695e-05 +2.5932465568908280e-05
124.00000000 +5.0000000000000000e+00 +2.0000341381785223e+00 +1.8528126744819819e-03 +9.9996117238295956e-01 +9.9999934164511239e-01 +9.9999855426334383e-01 +9.9998803398548808e-01 +1.0000212898139402e+00 +1.1356370690811708e-05 -5.5363023032951887e-05 -3.4094864194846166e-05 +8.8185660496352473e-05 +2.1523773067609745e-05
124.50000000 +5.0000000000000000e+00 +2.0000362795566700e+00 +1.8378022526332270e-03 +9.9999749439145846e-01 +1.0000011820649251e+00 +9.9999737763703545e-01 +9.9998730289592930e-01 +1.0000241608290417e+00 +1.0146334788834443e-05 -7.7490040378042942e-05 -4.4320426343838613e-05 +8.7031204904137075e-05 +1.7115116591563235e-05
125.00000000 +5.0000000000000000e+00 +2.0000329203381151e+00 +1.8403162663319856e-03 +9.9999089042262101e-01 +9.9999908614152422e-01 +9.9999851862057909e-01 +9.9998878590005391e-01 +1.0000218326517933e+00 +7.4286466332077395e-06 -6.4557440703007926e-05 -3.6701617096678756e-05 +8.1073595179984861e-05 +1.3643086288019412e-05
125.50000000 +5.0000000000000000e+00 +2.0000295614656172e+00 +1.8428300210443732e-03 +9.9998428713410559e-01 +9.9999699043403922e-01 +9.9999965948658187e-01 +9.9999026875140418e-01 +1.0000195047143869e+00 +4.7112384459017719e-06 -5.1626173306735746e-05 -2.9083592717063953e-05 +7.5116599191439769e-05 +1.0171413662927996e-05
126.00000000 +5.0000000000000000e+00 +2.0000262029391225e+00 +1.8453435168104069e-03 +9.9997768452580627e-01 +9.9999489494243676e-01 +1.0000008002350618e+00 +9.9999175145000263e-01 +1.0000171770167856e+00 +1.9941101836564851e-06 -3.8696237983365785e-05 -2.1466353083718293e-05 +6.9160216843668722e-05 +6.7000986610213424e-06
126.50000000 +5.0000000000000000e+00 +2.0000228447585782e+00 +1.8478567536700981e-03 +9.9997108259761869e-01 +9.9999279966668386e-01 +1.0000019408660377e+00 +9.9999323399587414e-01 +1.0000148495589520e+00 -7.2273819677926146e-07 -2.5767634527079851e-05 -1.3849898075390861e-05 +6.3204448041858321e-05 +3.2291412270431947e-06
127.00000000 +5.0000000000000000e+00 +2.0000194869239296e+00 +1.8503697316634463e-03 +9.9996448134943716e-01 +9.9999070460674644e-01 +1.0000030813795269e+00 +9.9999471638904125e-01 +1.0000125223408496e+00 -3.4393067386477006e-06 -1.2840362732102116e-05 -6.2342275708557026e-06 +5.7249292691214608e-05 -2.4145869425132422e-07
127.50000000 +5.0000000000000000e+00 +2.0000161294351249e+00 +1.8528824508304465e-03 +9.9995788078115710e-01 +9.9998860976259185e-01 +1.0000042217755483e+00 +9.9999619862952849e-01 +1.0000101953624410e+00 -6.1555954851821540e-06 +8.5577607300806974e-08 +1.3806585510881434e-06 +5.1294750696963218e-05 -3.7117011580956984e-06
128.00000000 +5.0000000000000000e+00 +2.0000127722921093e+00 +1.8553949112110819e-03 +9.9995128089267304e-01 +9.9998651513418602e-01 +1.0000053620541192e+00 +9.9999768071735851e-01 +1.0000078686236888e+00 -8.8716044796070420e-06 +1.3010186696819988e-05 +8.9947604116166937e-06 +4.5340821964349215e-05 -7.1815862197120524e-06
128.50000000 +5.0000000000000000e+00 +2.0000094154948309e+00 +1.8579071128453314e-03 +9.9994468168388062e-01 +9.9998442072149640e-01 +1.0000065022152587e+00 +9.9999916265255551e-01 +1.0000055421245571e+00 -1.1587333765137882e-05 +2.5933464742104084e-05 +1.6608078131880995e-05 +3.9387506398637278e-05 -1.0651113934311128e-05
129.00000000 +5.0000000000000000e+00 +2.0000060590432343e+00 +1.8604190557731616e-03 +9.9993808315467403e-01 +9.9998232652448915e-01 +1.0000076422589841e+00 +1.0000006444351426e+00 +1.0000032158650076e+00 -1.4302783384981284e-05 +3.8855411948759426e-05 +2.4220611833007149e-05 +3.3434803905111518e-05 -1.4120284357092289e-05
129.50000000 +5.0000000000000000e+00 +2.0000076757477285e+00 +1.8705658818734764e-03 +9.9991314999926095e-01 +9.9998340315472101e-01 +1.0000076833027445e+00 +1.0000001967111682e+00 +1.0000029287357544e+00 -4.9376221658260034e-06 +3.8249309463455721e-05 +3.5494062334925527e-05 +3.6895356338823694e-05 -1.3063011884074754e-05
130.00000000 +5.0000000000000000e+00 +2.0000092927520288e+00 +1.8807145896378866e-03 +9.9988821222015278e-01 +9.9998447998460660e-01 +1.0000077243541157e+00 +9.9999974890416610e-01 +1.0000026415532548e+00 +4.4292757626657171e-06 +3.7643094580317054e-05 +4.6769603426240317e-05 +4.0356550509883472e-05 -1.2005543346629478e-05
130.50000000 +5.0000000000000000e+00 +2.0000109100562202e+00 +1.8908651795898563e-03 +9.9986326981606444e-01 +9.9998555701420222e-01 +1.0000077654131003e+00 +9.9999930101411327e-01 +1.0000023543174941e+00 +1.3797910883631150e-05 +3.7036767268075337e-05 +5.8047235688535130e-05 +4.3818386596816571e-05 -1.0947878690213075e-05
131.00000000 +5.0000000000000000e+00 +2.0000125276603868e+00 +1.9010176522530414e-03 +9.9983832278570828e-01 +9.9998663424356304e-01 +1.0000078064797007e+00 +9.9999885304098690e-01 +1.0000020670284573e+00 +2.3168283680386814e-05 +3.6430327495450885e-05 +6.9326959703609327e-05 +4.7280864778214913e-05 -9.8900178602619028e-06
131.50000000 +5.0000000000000000e+00 +2.0000141455646108e+00 +1.9111720081512931e-03 +9.9981337112779778e-01 +9.9998771167274492e-01 +1.0000078475539189e+00 +9.9999840498476344e-01 +1.0000017796861300e+00 +3.2540394636428499e-05 +3.5823775231152404e-05 +8.0608776053478083e-05 +5.0743985232736668e-05 -8.8319608021920870e-06
132.00000000 +5.0000000000000000e+00 +2.0000157637689759e+00 +1.9213282478086561e-03 +9.9978841484104475e-01 +9.9998878930180313e-01 +1.0000078886357568e+00 +9.9999795684542003e-01 +1.0000014922904974e+00 +4.1914244235431411e-05 +3.5217110443876990e-05 +9.1892685320372520e-05 +5.4207748139106280e-05 -7.7737074613994960e-06
132.50000000 +5.0000000000000000e+00 +2.0000173822735667e+00 +1.9314863717493705e-03 +9.9976345392416111e-01 +9.9998986713079352e-01 +1.0000079297252167e+00 +9.9999750862293368e-01 +1.0000012048415441e+00 +5.1289832961250223e-05 +3.4610333102310121e-05 +1.0317868808673984e-04 +5.7672153676114544e-05 -6.7152577832597416e-06
133.00000000 +5.0000000000000000e+00 +2.0000190010784649e+00 +1.9416463804978698e-03 +9.9973848837585810e-01 +9.9999094515977172e-01 +1.0000079708223002e+00 +9.9999706031728086e-01 +1.0000009173392552e+00 +6.0667161297919134e-05 +3.4003443175125645e-05 +1.1446678493524328e-04 +6.1137202022618572e-05 -5.6566117131281627e-06
133.50000000 +5.0000000000000000e+00 +2.0000206201837556e+00 +1.9518082745787842e-03 +9.9971351819484700e-01 +9.9999202338879323e-01 +1.0000080119270101e+00 +9.9999661192843869e-01 +1.0000006297836166e+00 +7.0046229729652049e-05 +3.3396440630985831e-05 +1.2575697644876251e-04 +6.4602893357541876e-05 -4.5977691963398168e-06
134.00000000 +5.0000000000000000e+00 +2.0000153505784981e+00 +1.9513127384745931e-03 +9.9971308622182364e-01 +9.9999006467691010e-01 +1.0000029787597695e+00 +9.9999807157586862e-01 +9.9999893735897027e-01 +8.2778950625388438e-05 +2.7479254033336432e-05 +1.1163514446066020e-04 +5.3400877429873181e-05 +2.1567174922326022e-05
134.50000000 +5.0000000000000000e+00 +2.0000100811143233e+00 +1.9508172156373538e-03 +9.9971265426036593e-01 +9.9998810601746735e-01 +9.9999794572728140e-01 +9.9999953118421958e-01 +9.9999724497963505e-01 +9.5511330628937071e-05 +2.1562225856082884e-05 +9.7513690555313425e-05 +4.2199161412942176e-05 +4.7731418528892730e-05
135.00000000 +5.0000000000000000e+00 +2.0000048117912246e+00 +1.9503217060665319e-03 +9.9971222231047197e-01 +9.9998614741046243e-01 +9.9999291282954039e-01 +1.0000009907534926e+00 +9.9999555264560869e-01 +1.0824336975398780e-04 +1.5645356092863187e-05 +8.3392614717538730e-05 +3.0997745294704771e-05 +7.3894961651492033e-05
135.50000000 +5.0000000000000000e+00 +1.9999995426091985e+00 +1.9498262097615963e-03 +9.9971179037214319e-01 +9.9998418885589457e-01 +9.9998788006654127e-01 +1.0000024502836904e+00 +9.9999386035689053e-01 +1.2097506801422980e-04 +9.7286447373157217e-06 +6.9271916932153640e-05 +1.9796629063117560e-05 +1.0005780431825425e-04
136.00000000 +5.0000000000000000e+00 +1.9999942735682381e+00 +1.9493307267220139e-03 +9.9971135844537795e-01 +9.9998223035376055e-01 +9.9998284743827881e-01 +1.0000039097748137e+00 +9.9999216811347758e-01 +1.3370642542335137e-04 +3.8120917830791745e-06 +5.5151597183976336e-05 +8.5958127061377522e-06 +1.2621994655730813e-04
136.50000000 +5.0000000000000000e+00 +1.9999890046683368e+00 +1.9488352569472507e-03 +9.9971092653017590e-01 +9.9998027190405825e-01 +9.9997781494474691e-01 +1.0000053692268640e+00 +9.9999047591536860e-01 +1.4643744199504014e-04 -2.1043027762074056e-06 +4.1031655457825942e-05 -2.6047037882767803e-06 +1.5238138839678076e-04
137.00000000 +5.0000000000000000e+00 +1.9999837359094907e+00 +1.9483398004367758e-03 +9.9971049462653661e-01 +9.9997831350678623e-01 +9.9997278258594069e-01 +1.0000068286398431e+00 +9.9998878376256184e-01 +1.5916811774298307e-04 -8.0205389469046466e-06 +2.6912091738522319e-05 -1.3804920432167543e-05 +1.7854212986479810e-04
137.50000000 +5.0000000000000000e+00 +1.9999784672916932e+00 +1.9478443571900560e-03 +9.9971006273445995e-01 +9.9997635516194194e-01 +9.9996775036185470e-01 +1.0000082880137529e+00 +9.9998709165505539e-01 +1.7189845268086632e-04 -1.3936616735372814e-05 +1.2792906010886180e-05 -2.5004837237575367e-05 +2.0470217098948426e-04
138.00000000 +5.0000000000000000e+00 +1.9999731988149387e+00 +1.9473489272065576e-03 +9.9970963085394504e-01 +9.9997439686952316e-01 +9.9996271827248329e-01 +1.0000097473485943e+00 +9.9998539959284705e-01 +1.8462844682237526e-04 -1.9852536147971853e-05 -1.3259017402609976e-06 -3.6204454216540459e-05 +2.3086151179896192e-04
138.50000000 +5.0000000000000000e+00 +1.9999770546122770e+00 +1.9584904210869251e-03 +9.9968357306966305e-01 +9.9997924347661371e-01 +9.9996857731854416e-01 +1.0000149907084113e+00 +9.9998838943864554e-01 +1.9017347482872492e-04 -4.5627332900449595e-06 +3.0655209352590429e-06 -2.5433143502434618e-05 +2.0198287282795885e-04
139.00000000 +5.0000000000000000e+00 +1.9999809105508290e+00 +1.9696323230104710e-03 +9.9965751433104744e-01 +9.9998409026120516e-01 +9.9997443657918517e-01 +1.0000202342602600e+00 +9.9999137939394345e-01 +1.9571870591474040e-04 +1.0727629537651488e-05 +7.4571044411028269e-06 -1.4661438302642169e-05 +1.7310317621318104e-04
139.50000000 +5.0000000000000000e+00 +1.9999847666306021e+00 +1.9807746329996126e-03 +9.9963145463804604e-01 +9.9998893722330728e-01 +9.9998029605441829e-01 +1.0000254780041504e+00 +9.9999436945874631e-01 +2.0126414009157825e-04 +2.6018552365880334e-05 +1.1848848786105827e-05 -3.8893385954914186e-06 +1.4422242189652512e-04
140.00000000 +5.0000000000000000e+00 +1.9999886228516048e+00 +1.9919173510767672e-03 +9.9960539399060599e-01 +9.9999378436292974e-01 +9.9998615574425520e-01 +1.0000307219400935e+00 +9.9999735963306102e-01 +2.0680977737039572e-04 +4.1310035225406673e-05 +1.6240753979104168e-05 +6.8831556406909379e-06 +1.1534060981988349e-04
140.50000000 +5.0000000000000000e+00 +1.9999924792138442e+00 +2.0030604772643549e-03 +9.9957933238867513e-01 +9.9999863168008207e-01 +9.9999201564870732e-01 +1.0000359660680995e+00 +1.0000003499168928e+00 +2.1235561776235099e-04 +5.6602078146997863e-05 +2.0632820028934613e-05 +1.7656044427579784e-05 +8.6457739925144215e-05
141.00000000 +5.0000000000000000e+00 +1.9999963357173289e+00 +2.0142040115847977e-03 +9.9955326983220150e-01 +1.0000034791747745e+00 +9.9999787576778709e-01 +1.0000412103881795e+00 +1.0000033403102484e+00 +2.1790166127860303e-04 +7.1894681161423490e-05 +2.5025046944434581e-05 +2.8429327786851578e-05 +5.7573812154191229e-05
141.50000000 +5.0000000000000000e+00 +2.0000001923620658e+00 +2.0253479540605183e-03 +9.9952720632113168e-01 +1.0000083268470168e+00 +1.0000037361015059e+00 +1.0000464549003434e+00 +1.0000063308131328e+00 +2.2344790793031160e-04 +8.7187844299455426e-05 +2.9417434734442137e-05 +3.9203005740184401e-05 +2.8688826448904057e-05
142.00000000 +5.0000000000000000e+00 +2.0000040491480631e+00 +2.0364923047139407e-03 +9.9950114185541372e-01 +1.0000131746968182e+00 +1.0000095966498757e+00 +1.0000516996046021e+00 +1.0000093214255530e+00 +2.2899435772863732e-04 +1.0248156759186778e-04 +3.3809983407795979e-05 +4.9977078309257868e-05 -1.9721724884188488e-07
142.50000000 +5.0000000000000000e+00 +2.0000079060753282e+00 +2.0476370635674926e-03 +9.9947507643499545e-01 +1.0000180227241890e+00 +1.0000154574129081e+00 +1.0000569445009662e+00 +1.0000123121475146e+00 +2.3454101068474164e-04 +1.1777585106943697e-04 +3.8202692973335484e-05 +6.0751545515753265e-05 -2.9084318997175569e-05
143.00000000 +5.0000000000000000e+00 +2.0000052366239087e+00 +2.0370015739743798e-03 +9.9949977955782687e-01 +1.0000156154633351e+00 +1.0000138396182821e+00 +1.0000487198889010e+00 +1.0000073053694929e+00 +2.1307965924709176e-04 +1.2594068475645274e-04 +3.9828050454430719e-05 +5.9373053244544897e-05 -2.3481344530583226e-05
143.50000000 +5.0000000000000000e+00 +2.0000025667882571e+00 +2.0263645535418778e-03 +9.9952448623634937e-01 +1.0000132078559876e+00 +1.0000122215907958e+00 +1.0000404940930110e+00 +1.0000022978708110e+00 +1.9161521872907103e-04 +1.3410669366430901e-04 +4.1453641884441288e-05 +5.7994362557433939e-05 -1.7877563589221866e-05
144.00000000 +5.0000000000000000e+00 +1.9999998965682890e+00 +2.0157260019394449e-03 +9.9954919647133011e-01 +1.0000107999020715e+00 +1.0000106033303988e+00 +1.0000322671130399e+00 +9.9999728965131340e-01 +1.7014768846368230e-04 +1.4227387804676046e-04 +4.3079467313881648e-05 +5.6615473411578235e-05 -1.2272975998956737e-05
144.50000000 +5.0000000000000000e+00 +1.9999972259639234e+00 +2.0050859188364481e-03 +9.9957391026353792e-01 +1.0000083916015123e+00 +1.0000089848370410e+00 +1.0000240389487325e+00 +9.9999228071084445e-01 +1.4867706778373679e-04 +1.5044223815763495e-04 +4.4705526793280825e-05 +5.5236385764123347e-05 -6.6675815856029603e-06
145.00000000 +5.0000000000000000e+00 +1.9999945549750759e+00 +1.9944443039021545e-03 +9.9959862761374052e-01 +1.0000059829542349e+00 +1.0000073661106721e+00 +1.0000158095998328e+00 +9.9998727104924867e-01 +1.2720335602185319e-04 +1.5861177425083328e-04 +4.6331820373182331e-05 +5.3857099572202415e-05 -1.0613801749254934e-06
145.50000000 +5.0000000000000000e+00 +1.9999918836016639e+00 +1.9838011568057393e-03 +9.9962334852270607e-01 +1.0000035739601645e+00 +1.0000057471512414e+00 +1.0000075790660852e+00 +9.9998226066636986e-01 +1.0572655251045828e-04 +1.6678248658032944e-04 +4.7958348104144309e-05 +5.2477614792936326e-05 +4.5456284073608669e-06
146.00000000 +5.0000000000000000e+00 +1.9999892118436042e+00 +1.9731564772162819e-03 +9.9964807299120351e-01 +1.0000011646192259e+00 +1.0000041279586989e+00 +9.9999934734723350e-01 +9.9997724956205247e-01 +8.4246656581786478e-05 +1.7495437540017059e-04 +4.9585110036739391e-05 +5.1097931383433549e-05 +1.0153444335591528e-05
146.50000000 +5.0000000000000000e+00 +1.9999865397008139e+00 +1.9625102648027650e-03 +9.9967280102000189e-01 +9.9999875493134460e-01 +1.0000025085329942e+00 +9.9999111444302202e-01 +9.9997223773614075e-01 +6.2763667567879985e-05 +1.8312744096447701e-04 +5.1212106221554830e-05 +4.9718049300790244e-05 +1.5762067784152097e-05
147.00000000 +5.0000000000000000e+00 +1.9999838671732098e+00 +1.9518625192340773e-03 +9.9969753260986971e-01 +9.9999634489644540e-01 +1.0000008888740768e+00 +9.9998288035319438e-01 +9.9996722518847858e-01 +4.1277584800588480e-05 +1.9130168352744217e-04 +5.2839336709192415e-05 +4.8337968502090173e-05 +2.1371498927478409e-05
147.50000000 +5.0000000000000000e+00 +1.9999880949014150e+00 +1.9475336844719164e-03 +9.9970950668749359e-01 +9.9999807814897201e-01 +1.0000022605789955e+00 +9.9998255201287622e-01 +9.9997724471782945e-01 +3.4519175120912826e-05 +1.6910318809946855e-04 +7.2622964701762928e-05 +5.3866222196425785e-05 +2.4629782498967671e-07
148.00000000 +5.0000000000000000e+00 +1.9999923225908556e+00 +1.9432048894020453e-03 +9.9972148065532362e-01 +9.9999981138560567e-01 +1.0000036322713366e+00 +9.9998222367556844e-01 +9.9998726415530836e-01 +2.7760827410975156e-05 +1.4690489621567326e-04 +9.2406411292746195e-05 +5.9394425200665761e-05 -2.0878709574654865e-05
148.50000000 +5.0000000000000000e+00 +1.9999965502415300e+00 +1.9388761340239174e-03 +9.9973345451336149e-01 +1.0000015446063466e+00 +1.0000050039511004e+00 +9.9998189534127113e-01 +9.9999728350091655e-01 +2.1002541669923138e-05 +1.2470680787325683e-04 +1.1218967648463718e-04 +6.4922577515507272e-05 -4.2003523274119365e-05
149.00000000 +5.0000000000000000e+00 +2.0000007778534412e+00 +1.9345474183369885e-03 +9.9974542826160906e-01 +1.0000032778111958e+00 +1.0000063756182871e+00 +9.9998156700998475e-01 +1.0000073027546557e+00 +1.4244317896904479e-05 +1.0250892306941978e-04 +1.3197276027993087e-04 +7.0450679141647547e-05 -6.3128143276067967e-05
149.50000000 +5.0000000000000000e+00 +2.0000050054265897e+00 +1.9302187423407117e-03 +9.9975740190006734e-01 +1.0000050110001530e+00 +1.0000077472728970e+00 +9.9998123868170918e-01 +1.0000173219165267e+00 +7.4861560910668788e-06 +8.0311241801362676e-05 +1.5175566268112213e-04 +7.5978730079783721e-05 -8.4252569583164724e-05
150.00000000 +5.0000000000000000e+00 +2.0000092329609740e+00 +1.9258901060345407e-03 +9.9976937542873812e-01 +1.0000067441732181e+00 +1.0000091189149294e+00 +9.9998091035644332e-01 +1.0000273409865310e+00 +7.2805625155806710e-07 +5.8113764066286204e-05 +1.7153838369070572e-04 +8.1506730330612909e-05 -1.0537680219807361e-04
150.50000000 +5.0000000000000000e+00 +2.0000134604565960e+00 +1.9215615094179302e-03 +9.9978134884762238e-01 +1.0000084773303917e+00 +1.0000104905443852e+00 +9.9998058203418838e-01 +1.0000373599646695e+00 -6.0299816224742227e-06 +3.5916489861390993e-05 +1.9132092331117646e-04 +8.7034679894832254e-05 -1.2650084112345863e-04
151.00000000 +5.0000000000000000e+00 +2.0000176879134557e+00 +1.9172329524903341e-03 +9.9979332215672245e-01 +1.0000102104716739e+00 +1.0000118621612650e+00 +9.9998025371494370e-01 +1.0000473788509436e+00 -1.2787957531882226e-05 +1.3719419183877842e-05 +2.1110328154502913e-04 +9.2562578773138884e-05 -1.4762468636198370e-04
151.50000000 +5.0000000000000000e+00 +2.0000219153315539e+00 +1.9129044352512064e-03 +9.9980529535603913e-01 +1.0000119435970649e+00 +1.0000132337655681e+00 +9.9997992539870928e-01 +1.0000573976453548e+00 -1.9545871477518181e-05 -8.4774479690525069e-06 +2.3088545839475839e-04 +9.8090426966229927e-05 -1.6874833791631264e-04
152.00000000 +5.0000000000000000e+00 +2.0000193835038145e+00 +1.9209464189142824e-03 +9.9978581698527824e-01 +1.0000090958649317e+00 +1.0000132164686344e+00 +9.9998056788010337e-01 +1.0000531282417762e+00 -8.5255171395533094e-06 -3.5153494226904013e-06 +2.3192117622035927e-04 +1.0027055121030448e-04 -1.6197631065067124e-04
152.50000000 +5.0000000000000000e+00 +2.0000168517246846e+00 +1.9289882481747880e-03 +9.9976633898849343e-01 +1.0000062481874734e+00 +1.0000131991720331e+00 +9.9998121034916199e-01 +1.0000488589201681e+00 +2.4946256124270672e-06 +1.4466538535493549e-06 +2.3295687416063083e-04 +1.0245063359694685e-04 -1.5520441340499216e-04
153.00000000 +5.0000000000000000e+00 +2.0000143199941625e+00 +1.9370299230371702e-03 +9.9974686136567392e-01 +1.0000034005646885e+00 +1.0000131818757632e+00 +9.9998185280588547e-01 +1.0000445896805279e+00 +1.3514556784516419e-05 +6.4085618624104509e-06 +2.3399255221614562e-04 +1.0463067412736240e-04 -1.4843264617553093e-04
153.50000000 +5.0000000000000000e+00 +2.0000117883122477e+00 +1.9450714435058755e-03 +9.9972738411680906e-01 +1.0000005529965759e+00 +1.0000131645798258e+00 +9.9998249525027416e-01 +1.0000403205228541e+00 +2.4534276382808000e-05 +1.1370374606636475e-05 +2.3502821038747637e-04 +1.0681067280275668e-04 -1.4166100895854334e-04
154.00000000 +5.0000000000000000e+00 +2.0000092566789394e+00 +1.9531128095853509e-03 +9.9970790724188829e-01 +9.9999770548313371e-01 +1.0000131472842206e+00 +9.9998313768232872e-01 +1.0000360514471440e+00 +3.5553784413394824e-05 +1.6332092088970908e-05 +2.3606384867519577e-04 +1.0899062962433498e-04 -1.3488950175028516e-04
154.50000000 +5.0000000000000000e+00 +2.0000067250942348e+00 +1.9611540212800416e-03 +9.9968843074090041e-01 +9.9999485802436050e-01 +1.0000131299889470e+00 +9.9998378010204936e-01 +1.0000317824533946e+00 +4.6573080882369632e-05 +2.1293714312157110e-05 +2.3709946707987632e-04 +1.1117054459330260e-04 -1.2811812454701233e-04
155.00000000 +5.0000000000000000e+00 +2.0000041935581332e+00 +1.9691950785943940e-03 +9.9966895461383487e-01 +9.9999201062025433e-01 +1.0000131126940055e+00 +9.9998442250943631e-01 +1.0000275135416044e+00 +5.7592165795825020e-05 +2.6255241278938376e-05 +2.3813506560209070e-04 +1.1335041771086483e-04 -1.2134687734498105e-04
155.50000000 +5.0000000000000000e+00 +2.0000016620706340e+00 +1.9772359815328541e-03 +9.9964947886068112e-01 +9.9998916327081444e-01 +1.0000130953993966e+00 +9.9998506490449035e-01 +1.0000232447117707e+00 +6.8611039159853268e-05 +3.1216672992057848e-05 +2.3917064424241151e-04 +1.1553024897822691e-04 -1.1457576014044756e-04
156.00000000 +5.0000000000000000e+00 +1.9999991306317348e+00 +1.9852767300998675e-03 +9.9963000348142828e-01 +9.9998631597603871e-01 +1.0000130781051195e+00 +9.9998570728721148e-01 +1.0000189759638913e+00 +7.9629700980546483e-05 +3.6178009454258602e-05 +2.4020620300141122e-04 +1.1771003839659405e-04 -1.0780477292966825e-04
156.50000000 +5.0000000000000000e+00 +1.9999965992414337e+00 +1.9933173242998791e-03 +9.9961052847606502e-01 +9.9998346873592514e-01 +1.0000130608111741e+00 +9.9998634965759947e-01 +1.0000147072979633e+00 +9.0648151263996436e-05 +4.1139250668283568e-05 +2.4124174187966228e-04 +1.1988978596717126e-04 -1.0103391570889966e-04
157.00000000 +5.0000000000000000e+00 +1.9999940678997303e+00 +2.0013577641373342e-03 +9.9959105384458125e-01 +9.9998062155047285e-01 +1.0000130435175607e+00 +9.9998699201565577e-01 +1.0000104387139848e+00 +1.0166639001629480e-04 +4.6100396636875615e-05 +2.4227726087773738e-04 +1.2206949169116370e-04 -9.4263188474398525e-05
157.50000000 +5.0000000000000000e+00 +1.9999915366066232e+00 +2.0093980496166796e-03 +9.9957157958696641e-01 +9.9997777441968028e-01 +1.0000130262242799e+00 +9.9998763436138050e-01 +1.0000061702119538e+00 +1.1268441724353293e-04 +5.1061447362777483e-05 +2.4331275999620887e-04 +1.2424915556977648e-04 -8.7492591222421696e-05
158.00000000 +5.0000000000000000e+00 +1.9999890053621106e+00 +2.0174381807423576e-03 +9.9955210570320896e-01 +9.9997492734354532e-01 +1.0000130089313304e+00 +9.9998827669477319e-01 +1.0000019017918675e+00 +1.2370223295180192e-04 +5.6022402848731797e-05 +2.4434823923564927e-04 +1.2642877760421446e-04 -8.0722123949226077e-05
158.50000000 +5.0000000000000000e+00 +1.9999864741661908e+00 +2.0254781575188142e-03 +9.9953263219329835e-01 +9.9997208032206675e-01 +1.0000129916387130e+00 +9.9998891901583520e-01 +9.9999763345372317e-01 +1.3471983714719279e-04 +6.0983263097481114e-05 +2.4538369859663102e-04 +1.2860835779568268e-04 -7.3951786651068867e-05
159.00000000 +5.0000000000000000e+00 +1.9999839430188635e+00 +2.0335179799504948e-03 +9.9951315905722438e-01 +9.9996923335524290e-01 +1.0000129743464281e+00 +9.9998956132456651e-01 +9.9999336519751902e-01 +1.4573722983579612e-04 +6.5944028111767841e-05 +2.4641913807972647e-04 +1.3078789614538600e-04 -6.7181579324207332e-05
159.50000000 +5.0000000000000000e+00 +1.9999814119201260e+00 +2.0415576480418427e-03 +9.9949368629497548e-01 +9.9996638644307212e-01 +1.0000129570544747e+00 +9.9999020362096736e-01 +9.9998909702325267e-01 +1.5675441102370235e-04 +7.0904697894334280e-05 +2.4745455768550810e-04 +1.3296739265452926e-04 -6.0411501964898875e-05
160.00000000 +5.0000000000000000e+00 +1.9999788808699770e+00 +2.0495971617973023e-03 +9.9947421390654134e-01 +9.9996353958555284e-01 +1.0000129397628530e+00 +9.9999084590503762e-01 +9.9998482893092100e-01 +1.6777138071700170e-04 +7.5865272447922668e-05 +2.4848995741454810e-04 +1.3514684732431726e-04 -5.3641554569401025e-05
160.50000000 +5.0000000000000000e+00 +1.9999763498684167e+00 +2.0576365212213185e-03 +9.9945474189191130e-01 +9.9996069278268396e-01 +1.0000129224715639e+00 +9.9999148817677885e-01 +9.9998056092052301e-01 +1.7878813892178416e-04 +8.0825751775275142e-05 +2.4952533726741913e-04 +1.3732626015595486e-04 -4.6871737133971530e-05
161.00000000 +5.0000000000000000e+00 +1.9999788987931386e+00 +2.0453671443659343e-03 +9.9948445622814663e-01 +9.9996541803788486e-01 +1.0000105887206074e+00 +9.9999418567379361e-01 +9.9997795364842568e-01 +1.5287976202841668e-04 +1.0314617442524307e-04 +2.4403794166281593e-04 +1.2734497140435950e-04 -6.0011163336226948e-05
161.50000000 +5.0000000000000000e+00 +1.9999814479485403e+00 +2.0330966571252907e-03 +9.9951417325354575e-01 +9.9997014372072424e-01 +1.0000082547584461e+00 +9.9999688341493376e-01 +9.9997534614036920e-01 +1.2696904041288904e-04 +1.2546861708556629e-04 +2.3855004944593454e-04 +1.1736277934071888e-04 -7.3151778663679845e-05
162.00000000 +5.0000000000000000e+00 +1.9999839973346520e+00 +2.0208250593486440e-03 +9.9954389296847324e-01 +9.9997486983125972e-01 +1.0000059205850498e+00 +9.9999958140023126e-01 +9.9997273839632073e-01 +1.0105597375688880e-04 +1.4779308003047518e-04 +2.3306166054935622e-04 +1.0737968384240195e-04 -8.6293583277762185e-05
162.50000000 +5.0000000000000000e+00 +1.9999865469515046e+00 +2.0085523508852256e-03 +9.9957361537329426e-01 +9.9997959636954914e-01 +1.0000035862003904e+00 +1.0000022796297203e+00 +9.9997013041624871e-01 +7.5140561742046043e-05 +1.7011956353424993e-04 +2.2757277490565022e-04 +9.7395684786755673e-05 -9.9436577339935233e-05
163.00000000 +5.0000000000000000e+00 +1.9999890967991312e+00 +1.9962785315842382e-03 +9.9960334046837418e-01 +9.9998432333565102e-01 +1.0000012516044390e+00 +1.0000049781034335e+00 +9.9996752220012097e-01 +4.9222804049933145e-05 +1.9244806787122021e-04 +2.2208339244737360e-04 +8.7410782051104748e-05 -1.1258076101168948e-04
163.50000000 +5.0000000000000000e+00 +1.9999916468775616e+00 +1.9840036012948575e-03 +9.9963306825407861e-01 +9.9998905072962352e-01 +9.9999891679716757e-01 +1.0000076768214046e+00 +9.9996491374790575e-01 +2.3302700362064921e-05 +2.1477859331576552e-04 +2.1659351310707116e-04 +7.7424975512751696e-05 -1.2572613445454458e-04
164.00000000 +5.0000000000000000e+00 +1.9999941971868282e+00 +1.9717275598662314e-03 +9.9966279873077291e-01 +9.9999377855152449e-01 +9.9999658177854700e-01 +1.0000103757836660e+00 +9.9996230505957062e-01 -2.6197496401016026e-06 +2.3711114014231491e-04 +2.1110313681727555e-04 +6.7438265048976799e-05 -1.3887269783004953e-04
164.50000000 +5.0000000000000000e+00 +1.9999967477269618e+00 +1.9594504071474817e-03 +9.9969253189882179e-01 +9.9999850680141222e-01 +9.9999424654854874e-01 +1.0000130749902518e+00 +9.9995969613508384e-01 -2.8544546275166978e-05 +2.5944570862534712e-04 +2.0561226351050710e-04 +5.7450650537038105e-05 -1.5202045129978248e-04
165.00000000 +5.0000000000000000e+00 +1.9999992984979937e+00 +1.9471721429877007e-03 +9.9972226775859119e-01 +1.0000032354793447e+00 +9.9999191110714369e-01 +1.0000157744411946e+00 +9.9995708697441310e-01 -5.4471689861789453e-05 +2.8178229903939075e-04 +2.0012089311927399e-04 +4.7462131854171448e-05 -1.6516939502535095e-04
165.50000000 +5.0000000000000000e+00 +2.0000018494999554e+00 +1.9348927672359552e-03 +9.9975200631044658e-01 +1.0000079645853797e+00 +9.9998957545430334e-01 +1.0000184741365274e+00 +9.9995447757752620e-01 -8.0401180718684976e-05 +3.0412091165902373e-04 +1.9462902557607206e-04 +3.7472708877590440e-05 -1.7831952916839156e-04
166.00000000 +5.0000000000000000e+00 +2.0000044007328781e+00 +1.9226122797412850e-03 +9.9978174755475380e-01 +1.0000126941195764e+00 +9.9998723958999902e-01 +1.0000211740762839e+00 +9.9995186794439150e-01 -1.0633301916462728e-04 +3.2646154675887418e-04 +1.8913666081338520e-04 +2.7482381484486472e-05 -1.9147085389057032e-04
166.50000000 +5.0000000000000000e+00 +2.0000069521967934e+00 +1.9103306803527008e-03 +9.9981149149187776e-01 +1.0000174240819915e+00 +9.9998490351420199e-01 +1.0000238742604965e+00 +9.9994925807497648e-01 -1.3226720551844762e-04 +3.4880420461361959e-04 +1.8364379876368477e-04 +1.7491149552028695e-05 -2.0462336935358252e-04
167.00000000 +5.0000000000000000e+00 +2.0000095038917318e+00 +1.8980479689191874e-03 +9.9984123812218484e-01 +1.0000221544726844e+00 +9.9998256722688361e-01 +1.0000265746891992e+00 +9.9994664796924926e-01 -1.5820374009903530e-04 +3.7114888549798740e-04 +1.7815043935943007e-04 +7.4990129573639760e-06 -2.1777707571915260e-04
167.50000000 +5.0000000000000000e+00 +2.0000120558177268e+00 +1.8857641452897020e-03 +9.9987098744604097e-01 +1.0000268852917127e+00 +9.9998023072801501e-01 +1.0000292753624251e+00 +9.9994403762717787e-01 -1.8414262322533713e-04 +3.9349558968675483e-04 +1.7265658253306818e-04 -2.4940284223830268e-06 -2.3093197314903453e-04
168.00000000 +5.0000000000000000e+00 +2.0000146079748071e+00 +1.8734792093131735e-03 +9.9990073946381164e-01 +1.0000316165391347e+00 +9.9997789401756765e-01 +1.0000319762802072e+00 +9.9994142704872990e-01 -2.1008385521635773e-04 +4.1584431745474854e-04 +1.6716222821703384e-04 -1.2487974710109916e-05 -2.4408806180501130e-04
168.50000000 +5.0000000000000000e+00 +2.0000171603630066e+00 +1.8611931608385052e-03 +9.9993049417586277e-01 +1.0000363482150085e+00 +9.9997555709551278e-01 +1.0000346774425786e+00 +9.9993881623387348e-01 -2.3602743639115955e-04 +4.3819506907684537e-04 +1.6166737634374970e-04 -2.2482826028736530e-05 -2.5724534184889540e-04
169.00000000 +5.0000000000000000e+00 +2.0000197129823554e+00 +1.8489059997145712e-03 +9.9996025158256086e-01 +1.0000410803193929e+00 +9.9997321996182142e-01 +1.0000373788495731e+00 +9.9993620518257653e-01 -2.6197336706886286e-04 +4.6054784482797175e-04 +1.5617202684562595e-04 -3.2478582501205057e-05 -2.7040381344252862e-04
169.50000000 +5.0000000000000000e+00 +2.0000222658328841e+00 +1.8366177257902190e-03 +9.9999001168427104e-01 +1.0000458128523451e+00 +9.9997088261646483e-01 +1.0000400805012231e+00 +9.9993359389480663e-01 -2.8792164756864553e-04 +4.8290264498310377e-04 +1.5067617965506077e-04 -4.2475244250479843e-05 -2.8356347674778179e-04
170.00000000 +5.0000000000000000e+00 +2.0000202430248422e+00 +1.8445778945503383e-03 +9.9997296784516987e-01 +1.0000446779254082e+00 +9.9996856839992621e-01 +1.0000408194697057e+00 +9.9994018848314148e-01 -2.7909516906021210e-04 +4.3977788416807391e-04 +1.7050690304610858e-04 -3.6282528936937831e-05 -2.6212920762443077e-04
170.50000000 +5.0000000000000000e+00 +2.0000182202388408e+00 +1.8525379765787135e-03 +9.9995592419177359e-01 +1.0000435430108376e+00 +9.9996625420860286e-01 +1.0000415584301368e+00 +9.9994678299962347e-01 -2.7026878672258936e-04 +3.9665359322822708e-04 +1.9033741036720954e-04 -3.0089881097468382e-05 -2.4069517204280687e-04
171.00000000 +5.0000000000000000e+00 +2.0000161974748778e+00 +1.8604979718767603e-03 +9.9993888072407910e-01 +1.0000424081086325e+00 +9.9996394004249389e-01 +1.0000422973825163e+00 +9.9995337744425394e-01 -2.6144250055420531e-04 +3.5352977215588361e-04 +2.1016770162189482e-04 -2.3897300730968741e-05 -2.1926136999909327e-04
171.50000000 +5.0000000000000000e+00 +2.0000141747329545e+00 +1.8684578804458978e-03 +9.9992183744208329e-01 +1.0000412732187927e+00 +9.9996162590159887e-01 +1.0000430363268444e+00 +9.9995997181703378e-01 -2.5261631055348836e-04 +3.1040642094336453e-04 +2.2999777681369577e-04 -1.7704787836336163e-05 -1.9782780148947318e-04
172.00000000 +5.0000000000000000e+00 +2.0000121520130700e+00 +1.8764177022875426e-03 +9.9990479434578317e-01 +1.0000401383413182e+00 +9.9995931178591824e-01 +1.0000437752631213e+00 +9.9996656611796475e-01 -2.4379021671886681e-04 +2.6728353958299064e-04 +2.4982763594614361e-04 -1.1512342412467948e-05 -1.7639446651012983e-04
172.50000000 +5.0000000000000000e+00 +2.0000101293152248e+00 +1.8843774374031129e-03 +9.9988775143517605e-01 +1.0000390034762090e+00 +9.9995699769545088e-01 +1.0000445141913470e+00 +9.9997316034704753e-01 -2.3496421904876903e-04 +2.2416112806708313e-04 +2.6965727902276938e-04 -5.3199644582613973e-06 -1.5496136505724670e-04
173.00000000 +5.0000000000000000e+00 +2.0000081066394171e+00 +1.8923370857940249e-03 +9.9987070871025840e-01 +1.0000378686234646e+00 +9.9995468363019613e-01 +1.0000452531115223e+00 +9.9997975450428334e-01 -2.2613831754162331e-04 +1.8103918638796314e-04 +2.8948670604710412e-04 +8.7234602738615236e-07 -1.3352849712700707e-04
173.50000000 +5.0000000000000000e+00 +2.0000060839856473e+00 +1.9002966474616968e-03 +9.9985366617102722e-01 +1.0000367337830842e+00 +9.9995236959015432e-01 +1.0000459920236462e+00 +9.9998634858967328e-01 -2.1731251219585807e-04 +1.3791771453795226e-04 +3.0931591702267877e-04 +7.0645890455773462e-06 -1.1209586271559460e-04
174.00000000 +5.0000000000000000e+00 +2.0000040613539145e+00 +1.9082561224075456e-03 +9.9983662381747984e-01 +1.0000355989550689e+00 +9.9995005557532435e-01 +1.0000467309277199e+00 +9.9999294260321880e-01 -2.0848680300990179e-04 +9.4796712509371983e-05 +3.2914491195302429e-04 +1.3256764597414799e-05 -9.0663461819192828e-05
174.50000000 +5.0000000000000000e+00 +2.0000020387442192e+00 +1.9162155106329888e-03 +9.9981958164961304e-01 +1.0000344641394172e+00 +9.9994774158570654e-01 +1.0000474698237427e+00 +9.9999953654492102e-01 -1.9966118998218291e-04 +5.1676180294544103e-05 +3.4897369084167139e-04 +1.9448872684001104e-05 -6.9231294433985468e-05
175.00000000 +5.0000000000000000e+00 +2.0000000161565605e+00 +1.9241748121394434e-03 +9.9980253966742372e-01 +1.0000333293361301e+00 +9.9994542762129957e-01 +1.0000482087117153e+00 +1.0000061304147809e+00 -1.9083567311112994e-04 +8.5561178857905838e-06 +3.6880225369215078e-04 +2.5640913306438834e-05 -4.7799360556156343e-05
175.50000000 +5.0000000000000000e+00 +1.9999979935909382e+00 +1.9321340269283270e-03 +9.9978549787090876e-01 +1.0000321945452066e+00 +9.9994311368210398e-01 +1.0000489475916376e+00 +1.0000127242128001e+00 -1.8201025239517141e-04 -3.4563474724566394e-05 +3.8863060050799316e-04 +3.1832886465830513e-05 -2.6367660181889299e-05
176.00000000 +5.0000000000000000e+00 +1.9999959710473523e+00 +1.9400931550010562e-03 +9.9976845626006550e-01 +1.0000310597666466e+00 +9.9994079976811878e-01 +1.0000496864635098e+00 +1.0000193179389791e+00 -1.7318492783273596e-04 -7.7682597544204715e-05 +4.0845873129272912e-04 +3.8024792163278693e-05 -4.9361933073682372e-06
176.50000000 +5.0000000000000000e+00 +1.9999939485258014e+00 +1.9480521963590486e-03 +9.9975141483489083e-01 +1.0000299250004505e+00 +9.9993848587934353e-01 +1.0000504253273319e+00 +1.0000259115933194e+00 -1.6435969942225215e-04 -1.2080125058080181e-04 +4.2828664604988899e-04 +4.4216630399885855e-05 +1.6495040071222799e-05
177.00000000 +5.0000000000000000e+00 +1.9999919260262859e+00 +1.9560111510037209e-03 +9.9973437359538131e-01 +1.0000287902466172e+00 +9.9993617201577811e-01 +1.0000511641831040e+00 +1.0000325051758225e+00 -1.5553456716214860e-04 -1.6391943384203519e-04 +4.4811434478300336e-04 +5.0408401176754478e-05 +3.7926039957699675e-05
177.50000000 +5.0000000000000000e+00 +1.9999899035488053e+00 +1.9639700189364910e-03 +9.9971733254153394e-01 +1.0000276555051468e+00 +9.9993385817742209e-01 +1.0000519030308266e+00 +1.0000390986864891e+00 -1.4670953105085403e-04 -2.0703714733558186e-04 +4.6794182749560251e-04 +5.6600104494986998e-05 +5.9356806355878166e-05
178.00000000 +5.0000000000000000e+00 +1.9999878810933593e+00 +1.9719288001587756e-03 +9.9970029167334606e-01 +1.0000265207760397e+00 +9.9993154436427478e-01 +1.0000526418704994e+00 +1.0000456921253205e+00 -1.3788459108679717e-04 -2.5015439106911914e-04 +4.8776909419121666e-04 +6.2791740355685858e-05 +8.0787339269574075e-05
178.50000000 +5.0000000000000000e+00 +1.9999858586599473e+00 +1.9798874946719914e-03 +9.9968325099081456e-01 +1.0000253860592949e+00 +9.9992923057633587e-01 +1.0000533807021228e+00 +1.0000522854923179e+00 -1.2905974726840668e-04 -2.9327116505032378e-04 +5.0759614487337601e-04 +6.8983308759953463e-05 +1.0221763870260299e-04
179.00000000 +5.0000000000000000e+00 +1.9999851324600573e+00 +1.9930422269624319e-03 +9.9964376510600716e-01 +1.0000301102384854e+00 +9.9993718107943985e-01 +1.0000489016248248e+00 +1.0000540186144096e+00 -1.2257936570897173e-04 -2.6866767292727710e-04 +5.0082513972067642e-04 +7.0469494810711684e-05 +1.0597574205087005e-04
179.50000000 +5.0000000000000000e+00 +1.9999844065280270e+00 +2.0061921071096727e-03 +9.9960429378562887e-01 +1.0000348326751549e+00 +9.9994512864998841e-01 +1.0000444241996416e+00 +1.0000557510972365e+00 -1.1610137444822337e-04 -2.4407325584007038e-04 +4.9405663206362213e-04 +7.1955132679463551e-05 +1.0973245921694783e-04
180.00000000 +5.0000000000000000e+00 +1.9999836808637086e+00 +2.0193371377977992e-03 +9.9956483702162313e-01 +1.0000395533702680e+00 +9.9995307328960403e-01 +1.0000399484256586e+00 +1.0000574829411524e+00 -1.0962577216390749e-04 -2.1948790876861804e-04 +4.8729062052066001e-04 +7.3440222669449775e-05 +1.1348779096763799e-04
180.50000000 +5.0000000000000000e+00 +1.9999829554669539e+00 +2.0324773217089182e-03 +9.9952539480593927e-01 +1.0000442723247871e+00 +9.9996101499990753e-01 +1.0000354743019635e+00 +1.0000592141465101e+00 -1.0315255753474503e-04 -1.9491162669653649e-04 +4.8052710371125612e-04 +7.4924765083687515e-05 +1.1724173806917687e-04
181.00000000 +5.0000000000000000e+00 +1.9999822303376149e+00 +2.0456126615231575e-03 +9.9948596713053239e-01 +1.0000489895396754e+00 +9.9996895378251893e-01 +1.0000310018276428e+00 +1.0000609447136637e+00 -9.6681729240431040e-05 -1.7034440461114093e-04 +4.7376608025589441e-04 +7.6408760224970450e-05 +1.2099430128723575e-04
181.50000000 +5.0000000000000000e+00 +1.9999815054755439e+00 +2.0587431599186708e-03 +9.9944655398736360e-01 +1.0000537050158942e+00 +9.9997688963905662e-01 +1.0000265310017853e+00 +1.0000626746429653e+00 -9.0213285961633901e-05 -1.4578623750344127e-04 +4.6700754877607528e-04 +7.7892208395869076e-05 +1.2474548138692151e-04
182.00000000 +5.0000000000000000e+00 +1.9999807808805934e+00 +2.0718688195716386e-03 +9.9940715536840019e-01 +1.0000584187544050e+00 +9.9998482257113819e-01 +1.0000220618234796e+00 +1.0000644039347677e+00 -8.3747226379994418e-05 -1.2123712036813960e-04 +4.6025150789431586e-04 +7.9375109898730922e-05 +1.2849527913277718e-04
182.50000000 +5.0000000000000000e+00 +1.9999800565526145e+00 +2.0849896431562654e-03 +9.9936777126561460e-01 +1.0000631307561676e+00 +9.9999275258037990e-01 +1.0000175942918146e+00 +1.0000661325894231e+00 -7.7283549178124700e-05 -9.6697048203626013e-05 +4.5349795623414745e-04 +8.0857465035680606e-05 +1.3224369528878232e-04
183.00000000 +5.0000000000000000e+00 +1.9999793324914621e+00 +2.0981056333447918e-03 +9.9932840167098635e-01 +1.0000678410221422e+00 +1.0000006796683971e+00 +1.0000131284058813e+00 +1.0000678606072839e+00 -7.0822253039607653e-05 -7.2166016011975776e-05 +4.4674689242011630e-04 +8.2339274108620349e-05 +1.3599073061835377e-04
183.50000000 +5.0000000000000000e+00 +1.9999786086969860e+00 +2.1112167928074833e-03 +9.9928904657649953e-01 +1.0000725495532872e+00 +1.0000086038368030e+00 +1.0000086641647701e+00 +1.0000695879887014e+00 -6.4363336648995756e-05 -4.7644018798945575e-05 +4.3999831507778118e-04 +8.3820537419229785e-05 +1.3973638588434583e-04
184.00000000 +5.0000000000000000e+00 +1.9999778851690406e+00 +2.1243231242126437e-03 +9.9924970597414542e-01 +1.0000772563505615e+00 +1.0000165250872104e+00 +1.0000042015675725e+00 +1.0000713147340274e+00 -5.7906798691810325e-05 -2.3131051573970324e-05 +4.3325222283371363e-04 +8.5301255268966489e-05 +1.4348066184905118e-04
184.50000000 +5.0000000000000000e+00 +1.9999771619074778e+00 +2.1374246302266089e-03 +9.9921037985592043e-01 +1.0000819614149221e+00 +1.0000244434212311e+00 +9.9999974061338026e-01 +1.0000730408436131e+00 -5.1452637854540577e-05 +1.3728906498402311e-06 +4.2650861431549613e-04 +8.6781427959065993e-05 +1.4722355927420099e-04
185.00000000 +5.0000000000000000e+00 +1.9999764389121515e+00 +2.1505213135137547e-03 +9.9917106821382706e-01 +1.0000866647473265e+00 +1.0000323588404754e+00 +9.9999528130128668e-01 +1.0000747663178102e+00 -4.5000852824642770e-05 +2.5867812855705148e-05 +4.1976748815172183e-04 +8.8261055790542149e-05 +1.5096507892096579e-04
185.50000000 +5.0000000000000000e+00 +1.9999757161829148e+00 +2.1636131767364939e-03 +9.9913177103987361e-01 +1.0000913663487303e+00 +1.0000402713465524e+00 +9.9999082363038538e-01 +1.0000764911569684e+00 -3.8551442290539253e-05 +5.0353720023175255e-05 +4.1302884297199301e-04 +8.9740139064187172e-05 +1.5470522154995578e-04
186.00000000 +5.0000000000000000e+00 +1.9999749937196196e+00 +2.1767002225552791e-03 +9.9909248832607445e-01 +1.0000960662200888e+00 +1.0000481809410697e+00 +9.9998636759976989e-01 +1.0000782153614389e+00 -3.2104404941617648e-05 +7.4830617128136855e-05 +4.0629267740692091e-04 +9.1218678080571869e-05 +1.5844398792122139e-04
186.50000000 +5.0000000000000000e+00 +1.9999742715221200e+00 +2.1897824536286068e-03 +9.9905322006444974e-01 +1.0001007643623570e+00 +1.0000560876256348e+00 +9.9998191320853536e-01 +1.0000799389315718e+00 -2.5659739468229924e-05 +9.9298509142814860e-05 +3.9955899008812395e-04 +9.2696673140045963e-05 +1.6218137879425373e-04
187.00000000 +5.0000000000000000e+00 +1.9999735495902697e+00 +2.2028598726130185e-03 +9.9901396624702521e-01 +1.0001054607764892e+00 +1.0000639914018525e+00 +9.9997746045577740e-01 +1.0000816618677171e+00 -1.9217444561691492e-05 +1.2375740103577647e-04 +3.9282777964822738e-04 +9.4174124542738207e-05 +1.6591739492798541e-04
187.50000000 +5.0000000000000000e+00 +1.9999728279239211e+00 +2.2159324821630993e-03 +9.9897472686583288e-01 +1.0001101554634382e+00 +1.0000718922713274e+00 +9.9997300934059175e-01 +1.0000833841702244e+00 -1.2777518914280367e-05 +1.4820729777193417e-04 +3.8609904472086231e-04 +9.5651032588556578e-05 +1.6965203708079049e-04
188.00000000 +5.0000000000000000e+00 +1.9999809702758458e+00 +2.1765125696774517e-03 +9.9908504252886909e-01 +1.0001061015473840e+00 +1.0000639089206751e+00 +9.9997839137474331e-01 +1.0000816804817281e+00 -3.6757326006291333e-05 +1.4320864439276598e-04 +3.2946961559169908e-04 +1.0172212395971128e-04 +1.4723209284929026e-04
188.50000000 +5.0000000000000000e+00 +1.9999891147947531e+00 +2.1370821660866963e-03 +9.9919538755100679e-01 +1.0001020465524315e+00 +1.0000559234453565e+00 +9.9998377484125445e-01 +1.0000799763398174e+00 -6.0743515017002797e-05 +1.3820866068598689e-04 +2.7282511526486642e-04 +1.0779483107412051e-04 +1.2480618183662254e-04
189.00000000 +5.0000000000000000e+00 +1.9999972614815085e+00 +2.0976412672021661e-03 +9.9930576194396803e-01 +1.0000979904781506e+00 +1.0000479358445229e+00 +9.9998915974069713e-01 +1.0000782717443106e+00 -8.4736088494452797e-05 +1.3320734612045179e-04 +2.1616553772305409e-04 +1.1386915457688421e-04 +1.0237430166049680e-04
189.50000000 +5.0000000000000000e+00 +2.0000054103369775e+00 +2.0581898688329628e-03 +9.9941616571948078e-01 +1.0000939333241101e+00 +1.0000399461173257e+00 +9.9999454607364313e-01 +1.0000765666950264e+00 -1.0873504898803594e-04 +1.2820470016473262e-04 +1.5949087694574820e-04 +1.1994509511344576e-04 +7.9936449937353910e-05
190.00000000 +5.0000000000000000e+00 +2.0000135613620258e+00 +2.0187279667859583e-03 +9.9952659888927964e-01 +1.0000898750898788e+00 +1.0000319542629157e+00 +9.9999993384066510e-01 +1.0000748611917845e+00 -1.3274039904850442e-04 +1.2320072228711856e-04 +1.0280112690922889e-04 +1.2602265332959219e-04 +5.7492624282365688e-05
190.50000000 +5.0000000000000000e+00 +2.0000217145575205e+00 +1.9792555568657897e-03 +9.9963706146510523e-01 +1.0000858157750252e+00 +1.0000239602804430e+00 +1.0000053230423362e+00 +1.0000731552344029e+00 -1.5675214122796874e-04 +1.1819541195561540e-04 +4.6096281586568591e-05 +1.3210182987145452e-04 +3.5042822309433844e-05
191.00000000 +5.0000000000000000e+00 +2.0000298699243295e+00 +1.9397726348748612e-03 +9.9974755345870436e-01 +1.0000817553791179e+00 +1.0000159641690582e+00 +1.0000107136792293e+00 +1.0000714488227000e+00 -1.8077027807989894e-04 +1.1318876863794573e-04 -1.0623665052370875e-05 +1.3818262538550796e-04 +1.2587041631189149e-05
191.50000000 +5.0000000000000000e+00 +2.0000380274633183e+00 +1.9002791966133384e-03 +9.9985807488182976e-01 +1.0000776939017242e+00 +1.0000079659279100e+00 +1.0000161057519177e+00 +1.0000697419564948e+00 -2.0479481215912503e-04 +1.0818079180154848e-04 -6.7358719040939367e-05 +1.4426504051857187e-04 -9.8747201410093358e-06
192.00000000 +5.0000000000000000e+00 +2.0000461871753559e+00 +1.8607752378791528e-03 +9.9996862574624146e-01 +1.0000736313424132e+00 +9.9999996555614790e-01 +1.0000214992609751e+00 +1.0000680346356057e+00 -2.2882574602183837e-04 +1.0317148091357898e-04 -1.2410888641570163e-04 +1.5034907591781051e-04 -3.2342465397075176e-05
192.50000000 +5.0000000000000000e+00 +2.0000543490613105e+00 +1.8212607544679932e-03 +1.0000792060637045e+00 +1.0000695677007509e+00 +9.9999196305291982e-01 +1.0000268942069752e+00 +1.0000663268598504e+00 -2.5286308222559220e-04 +9.8160835440908479e-05 -1.8087417321643851e-04 +1.5643473223073273e-04 -5.4816196528195334e-05
193.00000000 +5.0000000000000000e+00 +2.0000625131220517e+00 +1.7817357421733113e-03 +1.0001898158459916e+00 +1.0000655029763064e+00 +9.9998395841737464e-01 +1.0000322905904935e+00 +1.0000646186290476e+00 -2.7690682332930284e-04 +9.3148854850124305e-05 -2.3765458548614989e-04 +1.6252201010519268e-04 -7.7295915926831109e-05
193.50000000 +5.0000000000000000e+00 +2.0000706793584477e+00 +1.7422001967863140e-03 +1.0003004551048797e+00 +1.0000614371686458e+00 +9.9997595164865938e-01 +1.0000376884121032e+00 +1.0000629099430152e+00 -3.0095697189325035e-04 +8.8135538607529286e-05 -2.9445012927105613e-04 +1.6861091018938954e-04 -9.9781625986718908e-05
194.00000000 +5.0000000000000000e+00 +2.0000788477713689e+00 +1.7026541140959662e-03 +1.0004111238521547e+00 +1.0000573702773365e+00 +9.9996794274592149e-01 +1.0000430876723803e+00 +1.0000612008015712e+00 -3.2501353047907974e-04 +8.3120886179141885e-05 -3.5126081062060097e-04 +1.7470143313186827e-04 -1.2227332910287120e-04
194.50000000 +5.0000000000000000e+00 +2.0000870183616861e+00 +1.6630974898889878e-03 +1.0005218220996066e+00 +1.0000533023019449e+00 +9.9995993170830755e-01 +1.0000484883718994e+00 +1.0000594912045340e+00 -3.4907650164980154e-04 +7.8104897030695868e-05 -4.0808663558745289e-04 +1.8079357958151939e-04 -1.4477102767157722e-04
195.00000000 +5.0000000000000000e+00 +2.0000951911302689e+00 +1.6235303199498511e-03 +1.0006325498590325e+00 +1.0000492332420376e+00 +9.9995191853496390e-01 +1.0000538905112364e+00 +1.0000577811517204e+00 -3.7314588796979304e-04 +7.3087570627640137e-05 -4.6492761022750786e-04 +1.8688735018757954e-04 -1.6727472409040393e-04
195.50000000 +5.0000000000000000e+00 +2.0001033660779899e+00 +1.5839526000607821e-03 +1.0007433071422358e+00 +1.0000451630971809e+00 +9.9994390322503668e-01 +1.0000592940909669e+00 +1.0000560706429493e+00 -3.9722169200479874e-04 +6.8068906435138509e-05 -5.2178374059989104e-04 +1.9298274559963153e-04 -1.8978442075819684e-04
196.00000000 +5.0000000000000000e+00 +2.0001115432057195e+00 +1.5443643260017556e-03 +1.0008540939610262e+00 +1.0000410918669409e+00 +9.9993588577767067e-01 +1.0000646991116673e+00 +1.0000543596780376e+00 -4.2130391632193173e-04 +6.3048903918069528e-05 -5.7865503276695958e-04 +1.9907976646760451e-04 -2.1230012007508088e-04
196.50000000 +5.0000000000000000e+00 +2.0001197225143299e+00 +1.5047654935504962e-03 +1.0009649103272196e+00 +1.0000370195508832e+00 +9.9992786619201102e-01 +1.0000701055739138e+00 +1.0000526482568026e+00 -4.4539256348967454e-04 +5.8027562541026346e-05 -6.3554149279430395e-04 +2.0517841344177453e-04 -2.3482182444246113e-04
197.00000000 +5.0000000000000000e+00 +2.0001670496651527e+00 +1.5213638438375660e-03 +1.0009058164050741e+00 +1.0000380558830202e+00 +9.9991359832063065e-01 +1.0000665951511767e+00 +1.0000447218020172e+00 -3.9984362214731575e-04 +1.5363018914394565e-05 -6.3528202563380078e-04 +1.8500453854215676e-04 -1.3402947420760553e-04
197.50000000 +5.0000000000000000e+00 +2.0002144008207603e+00 +1.5379706129666139e-03 +1.0008466925099266e+00 +1.0000390927407947e+00 +9.9989932321244968e-01 +1.0000630829479193e+00 +1.0000367913268589e+00 -3.5427157794637302e-04 -2.7323164576719480e-05 -6.3502242686907303e-04 +1.6482043126028902e-04 -3.3186001128942761e-05
198.00000000 +5.0000000000000000e+00 +2.0002617759994181e+00 +1.5545858073444398e-03 +1.0007875386189671e+00 +1.0000401301246069e+00 +9.9988504086196073e-01 +1.0000595689627871e+00 +1.0000288568282669e+00 -3.0867641330540127e-04 -7.0031004400411466e-05 -6.3476269639996849e-04 +1.4462608380925326e-04 +6.7708633698386594e-05
198.50000000 +5.0000000000000000e+00 +2.0003091752194142e+00 +1.5712094333843469e-03 +1.0007283547093626e+00 +1.0000411680348571e+00 +9.9987075126365088e-01 +1.0000560531944238e+00 +1.0000209183031792e+00 -2.6305811062511165e-04 -1.1276051704149107e-04 -6.3450283412623402e-04 +1.2442148839422837e-04 +1.6865446921872755e-04
199.00000000 +5.0000000000000000e+00 +2.0003565984990521e+00 +1.5878414975061489e-03 +1.0006691407582573e+00 +1.0000422064719461e+00 +9.9985645441200166e-01 +1.0000525356414711e+00 +1.0000129757485299e+00 -2.1741665228834853e-04 -1.5551171900150321e-04 -6.3424283994751435e-04 +1.0420663721247984e-04 +2.6965154441596135e-04
199.50000000 +5.0000000000000000e+00 +2.0004040458566572e+00 +1.6044820061361788e-03 +1.0006098967427723e+00 +1.0000432454362751e+00 +9.9984215030148926e-01 +1.0000490163025708e+00 +1.0000050291612503e+00 -1.7175202066006714e-04 -1.9828462679874937e-04 -6.3398271376335241e-04 +8.3981522453350081e-05 +3.7069989831355510e-04
200.00000000 +5.0000000000000000e+00 +2.0004515173105690e+00 +1.6211309657072957e-03 +1.0005506226400041e+00 +1.0000442849282458e+00 +9.9982783892658345e-01 +1.0000454951763611e+00 +9.9999707853826802e-01 -1.2606419808731042e-04 -2.4107925696830858e-04 -6.3372245547318876e-04 +6.3746136298247912e-05 +4.7179956997461250e-04
