#PATCH_CHECK: SepMBpoisson v0.61 exact-bernoulli stratified-backward active
#discretizing the bath:
#     0 0.0000000000000000e+00 -6.3189999999999946e-01
#     1 3.6514837167011074e-03 -2.4070806025054017e-01
#     2 3.6514837167011074e-03 -2.2406572366379152e-01
#     3 3.6514837167011074e-03 -2.0675289570876978e-01
#     4 3.6514837167011074e-03 -1.8879460408106574e-01
#     5 3.6514837167011074e-03 -1.7021326588844002e-01
#     6 3.6514837167011074e-03 -1.5102911235926716e-01
#     7 3.6514837167011074e-03 -1.3126052265825905e-01
#     8 3.6514837167011074e-03 -1.1092429039449569e-01
#     9 3.6514837167011074e-03 -9.0035839330354694e-02
#sampling: jump_strength=9.1287092917527700e-03 jump_probability=9.0461298025696513e-03 log_scale=9.0872944768161570e-03 back_replicas=12 stratify_forward=1
#adaptive measurement: gap=1.8581338192625724e-02 period_steps=677 nmeas=122 nwf=400 tmax=2.0000000000000000e+02 forced_stride=0
  0.00000000 +5.0000000000000000e+00 +1.9999999999999998e+00 +1.8374661879283106e-03 +1.0000000000000000e+00 +1.0000000000000000e+00 +1.0000000000000000e+00 +1.0000000000000000e+00 +1.0000000000000000e+00 +0.0000000000000000e+00 +0.0000000000000000e+00 +0.0000000000000000e+00 +0.0000000000000000e+00 +0.0000000000000000e+00
  0.50000000 +5.0000000000000000e+00 +1.9999999999689562e+00 +1.8439342217943682e-03 +9.9998357924176007e-01 +1.0000000000121607e+00 +1.0000000000121607e+00 +1.0000000000121607e+00 +1.0000000000121607e+00 +3.3793923440821672e-06 +3.1951790792098799e-06 +3.1914948139124353e-06 +3.3047859718088912e-06 +3.3499182217026005e-06
  1.00000000 +5.0000000000000000e+00 +1.9999999980710945e+00 +1.8623500511118572e-03 +9.9993679945745106e-01 +9.9999999993216526e-01 +9.9999999993386246e-01 +9.9999999994913591e-01 +9.9999999992537714e-01 +1.2776114628874844e-05 +1.2567278912917657e-05 +1.2510626673099852e-05 +1.2574687347510511e-05 +1.2772035335179202e-05
  1.50000000 +5.0000000000000000e+00 +1.9999999907960704e+00 +1.8888265260521002e-03 +9.9986946096424878e-01 +9.9999999943885742e-01 +9.9999999955227004e-01 +9.9999999955267593e-01 +9.9999999955205410e-01 +2.6569169112921958e-05 +2.6223484773315077e-05 +2.5799985832664767e-05 +2.5782901592964604e-05 +2.6165474390638105e-05
  2.00000000 +5.0000000000000000e+00 +1.9999999647571209e+00 +1.9185022534775706e-03 +9.9979382092190117e-01 +9.9999999805129314e-01 +9.9999999832057795e-01 +9.9999999827352992e-01 +9.9999999831117881e-01 +4.2319789027843820e-05 +4.1676887041913418e-05 +4.0872127991946473e-05 +4.0730856660232692e-05 +4.0586565369702329e-05
  2.50000000 +5.0000000000000000e+00 +1.9999999459528399e+00 +1.9452096194465221e-03 +9.9972547746523355e-01 +9.9999999507779735e-01 +9.9999999552563767e-01 +9.9999999558335462e-01 +9.9999999556424102e-01 +5.7466615862247621e-05 +5.5968560745316191e-05 +5.4555865649239663e-05 +5.3726978892259860e-05 +5.2822825341649222e-05
  3.00000000 +5.0000000000000000e+00 +1.9999999566929847e+00 +1.9635221358546753e-03 +9.9967821144344071e-01 +9.9999999057355771e-01 +9.9999999080245461e-01 +9.9999999068080747e-01 +9.9999999065875089e-01 +6.8626201994848897e-05 +6.6099644041744759e-05 +6.4097952792751346e-05 +6.2558310837388469e-05 +6.0443809850133966e-05
  3.50000000 +5.0000000000000000e+00 +1.9999999908416555e+00 +1.9703644488045634e-03 +9.9965991471507154e-01 +9.9999998357281894e-01 +9.9999998432738990e-01 +9.9999998348810071e-01 +9.9999998386995437e-01 +7.4206593851877342e-05 +7.0667083783193822e-05 +6.8116957001392571e-05 +6.5234042196449208e-05 +6.1925328004825328e-05
  4.00000000 +5.0000000000000000e+00 +1.9999999055412994e+00 +1.9634394400774523e-03 +9.9967654940900774e-01 +9.9999997627743831e-01 +9.9999997517483918e-01 +9.9999997488614345e-01 +9.9999997578663513e-01 +7.3346081958301635e-05 +6.8328737777597235e-05 +6.4543351222737060e-05 +6.0790384285093512e-05 +5.6539809020527757e-05
  4.50000000 +5.0000000000000000e+00 +1.9999999425783568e+00 +1.9456599531950192e-03 +9.9972097294123285e-01 +9.9999996657877543e-01 +9.9999996605925190e-01 +9.9999996464698337e-01 +9.9999996582524897e-01 +6.6013909460088029e-05 +6.0886679346712517e-05 +5.5930254100601334e-05 +5.0947472305544005e-05 +4.5385653325654881e-05
  5.00000000 +5.0000000000000000e+00 +1.9999999564725706e+00 +1.9194456924281930e-03 +9.9978720937865639e-01 +9.9999995701706568e-01 +9.9999995578857825e-01 +9.9999995547854759e-01 +9.9999995620443305e-01 +5.2909607230338906e-05 +4.7303949113046427e-05 +4.3157626636028447e-05 +3.7406032431159741e-05 +3.2188940168859205e-05
  5.50000000 +5.0000000000000000e+00 +1.9999999870050575e+00 +1.8911595159024940e-03 +9.9985929755421887e-01 +9.9999994749295928e-01 +9.9999994660128710e-01 +9.9999994635349376e-01 +9.9999994678433834e-01 +3.7661842567822564e-05 +3.2483431392833247e-05 +2.7945126111623095e-05 +2.4026259756872960e-05 +1.8798611357800232e-05
  6.00000000 +5.0000000000000000e+00 +1.9999998914152499e+00 +1.8649829276162872e-03 +9.9992665307563167e-01 +9.9999993998987713e-01 +9.9999993991951419e-01 +9.9999993969942769e-01 +9.9999993992779845e-01 +2.2095038834636740e-05 +1.8678339802550176e-05 +1.4930975673676907e-05 +1.0350968801661287e-05 +7.5320469597126578e-06
  6.50000000 +5.0000000000000000e+00 +1.9999998352105728e+00 +1.8476197674013612e-03 +9.9997221434263117e-01 +9.9999993507219753e-01 +9.9999993600209636e-01 +9.9999993373464202e-01 +9.9999993703479406e-01 +1.0030743400089090e-05 +7.7022203679369247e-06 +5.5557698922894759e-06 +3.4562567160158590e-06 +1.2987637050927621e-06
  7.00000000 +5.0000000000000000e+00 +1.9999999537316602e+00 +1.8410269149337303e-03 +9.9999073966262964e-01 +9.9999992874379517e-01 +9.9999993221694361e-01 +9.9999993474036863e-01 +9.9999993622183658e-01 +2.0796022222986928e-06 +2.0373692739128271e-06 +2.0808706442094874e-06 +9.1308120893706123e-07 +2.4174358615985629e-06
  7.50000000 +5.0000000000000000e+00 +1.9999998675725044e+00 +1.8482032113725539e-03 +9.9997431617503485e-01 +9.9999992773190671e-01 +9.9999993448514846e-01 +9.9999992984049535e-01 +9.9999992953118289e-01 +2.0647538156457745e-06 +3.2883157532657382e-06 +4.6729665963616055e-06 +5.6378026357650156e-06 +1.0298393496686412e-05
  8.00000000 +5.0000000000000000e+00 +1.9999997101421347e+00 +1.8642916404240661e-03 +9.9993485139350935e-01 +9.9999993200192883e-01 +9.9999994039036910e-01 +9.9999992870070942e-01 +9.9999992908065871e-01 +6.2662708891343845e-06 +1.0589201552648006e-05 +1.1555049391707155e-05 +1.6341186427372876e-05 +2.0666674461702981e-05
  8.50000000 +5.0000000000000000e+00 +1.9999995554261740e+00 +1.8893277752483836e-03 +9.9987210847834751e-01 +9.9999992823533446e-01 +9.9999993260001907e-01 +9.9999993553285460e-01 +9.9999992801444615e-01 +1.6897127830231458e-05 +2.1198048312255878e-05 +2.6548033752627762e-05 +3.0892188475704256e-05 +3.2631710756021732e-05
  9.00000000 +5.0000000000000000e+00 +1.9999994607769092e+00 +1.9152150379962924e-03 +9.9980608409866667e-01 +9.9999993040919455e-01 +9.9999993837741286e-01 +9.9999992233417567e-01 +9.9999992725497289e-01 +3.1813103307391228e-05 +3.4296654067074778e-05 +3.8481443692657342e-05 +4.2351985232183558e-05 +4.7254322450834641e-05
  9.50000000 +5.0000000000000000e+00 +1.9999997725052954e+00 +1.9395319171760326e-03 +9.9974323930184117e-01 +9.9999992340888189e-01 +9.9999992261639470e-01 +9.9999991110288455e-01 +9.9999990886175838e-01 +4.6745465048107086e-05 +4.9290055052879922e-05 +5.1566363874661001e-05 +5.4427200747741461e-05 +5.5065691648372061e-05
 10.00000000 +5.0000000000000000e+00 +1.9999998649570940e+00 +1.9579565570949182e-03 +9.9969437467928857e-01 +9.9999989698574188e-01 +9.9999991886604001e-01 +9.9999989448988380e-01 +9.9999990536978367e-01 +6.1391568433973267e-05 +6.0563578491267058e-05 +6.1038328244742091e-05 +6.3938625598032359e-05 +5.9077441449039071e-05
 10.50000000 +5.0000000000000000e+00 +1.9999998328122970e+00 +1.9642795191953553e-03 +9.9967581473837774e-01 +9.9999989259008371e-01 +9.9999990018331320e-01 +9.9999989010092361e-01 +9.9999989125621380e-01 +6.9096873005117148e-05 +6.8495419611532533e-05 +6.4974489675145557e-05 +6.3761768153074164e-05 +5.8282517253661935e-05
 11.00000000 +5.0000000000000000e+00 +1.9999996069599595e+00 +1.9599908490518575e-03 +9.9968415672470556e-01 +9.9999988387453742e-01 +9.9999987394555490e-01 +9.9999987156846981e-01 +9.9999986752222059e-01 +7.4529949436229469e-05 +7.0138274262256960e-05 +6.3867108012689955e-05 +5.8823002049784715e-05 +4.8988012296739994e-05
 11.50000000 +5.0000000000000000e+00 +1.9999993900721897e+00 +1.9432957668623675e-03 +9.9972453294716701e-01 +9.9999986754773651e-01 +9.9999984541657261e-01 +9.9999982462447023e-01 +9.9999984880913917e-01 +7.2885923978094114e-05 +6.2810772902217681e-05 +5.4353030766874406e-05 +4.7893020307572820e-05 +3.8137868846197439e-05
 12.00000000 +5.0000000000000000e+00 +1.9999993399611646e+00 +1.9184467352925847e-03 +9.9978652100631549e-01 +9.9999983922849545e-01 +9.9999982606281779e-01 +9.9999980241564224e-01 +9.9999981189551745e-01 +6.3227828828398718e-05 +5.1835149153240141e-05 +4.0818573983099583e-05 +3.3039657156514054e-05 +2.5278212218923835e-05
 12.50000000 +5.0000000000000000e+00 +2.0000001547835016e+00 +1.8942661680080956e-03 +9.9984816749832439e-01 +9.9999981529654736e-01 +9.9999981603330956e-01 +9.9999978527752476e-01 +9.9999978622489261e-01 +4.8572474221708162e-05 +3.9027885885964857e-05 +2.9588069152502889e-05 +2.2594109040351293e-05 +1.2847195480250780e-05
 13.00000000 +5.0000000000000000e+00 +2.0000000685605706e+00 +1.8704997037315523e-03 +9.9990987636093687e-01 +9.9999979281336282e-01 +9.9999978127865496e-01 +9.9999976623541897e-01 +9.9999979602884548e-01 +3.2961584112179291e-05 +2.4148714509208957e-05 +1.8681287262021881e-05 +1.0280994239512529e-05 +4.9147584684654095e-06
 13.50000000 +5.0000000000000000e+00 +2.0000000540249516e+00 +1.8610109585215316e-03 +9.9993642815310191e-01 +9.9999976588251127e-01 +9.9999978206670725e-01 +9.9999978775773168e-01 +9.9999978120291588e-01 +2.5312681138252843e-05 +1.5534993868871727e-05 +1.0319202682286020e-05 +6.5159499812656487e-06 +6.7720610656123079e-06
 14.00000000 +5.0000000000000000e+00 +2.0000003131464084e+00 +1.8515987504314272e-03 +9.9996327156726916e-01 +9.9999976899982890e-01 +9.9999974396493907e-01 +9.9999978695681302e-01 +9.9999974708360695e-01 +9.8774059974999918e-06 +1.0455143387250370e-05 +3.8129689409070632e-06 +2.5951975740688058e-06 +1.0940728866038637e-05
 14.50000000 +5.0000000000000000e+00 +1.9999998366531087e+00 +1.8568139142379489e-03 +9.9995305608401985e-01 +9.9999976254442080e-01 +9.9999975688347797e-01 +9.9999973915285889e-01 +9.9999976925490752e-01 +6.5521680550093042e-06 +6.3223096759123511e-06 +7.9225316983526905e-06 +1.1971409021094647e-05 +1.5147717884547034e-05
 15.00000000 +5.0000000000000000e+00 +1.9999997524986406e+00 +1.8714929885754977e-03 +9.9991826815074358e-01 +9.9999977643601745e-01 +9.9999977794149753e-01 +9.9999973747845672e-01 +9.9999974967584448e-01 +6.3441847996723610e-06 +7.6096349369018178e-06 +1.4987715018589923e-05 +2.3087186782449138e-05 +3.0661615830535597e-05
 15.50000000 +5.0000000000000000e+00 +1.9999998823072631e+00 +1.8902026144995870e-03 +9.9987201420697547e-01 +9.9999974788843671e-01 +9.9999978045245053e-01 +9.9999974380507761e-01 +9.9999976430036086e-01 +1.7042001505638869e-05 +1.4888170229387868e-05 +2.5611787573390804e-05 +3.1014280311384630e-05 +4.0393058403081177e-05
 16.00000000 +5.0000000000000000e+00 +2.0000009030032428e+00 +1.9132576971997563e-03 +9.9981377649053482e-01 +9.9999982239535423e-01 +9.9999978928665090e-01 +9.9999975772528604e-01 +9.9999976759060971e-01 +2.3524499802680800e-05 +3.1616112065214845e-05 +3.3437051346316859e-05 +4.8258483117677161e-05 +5.0250352991743998e-05
 16.50000000 +5.0000000000000000e+00 +2.0000012122673247e+00 +1.9355301953703134e-03 +9.9975565263998223e-01 +9.9999979173079345e-01 +9.9999976545806513e-01 +9.9999977333199153e-01 +9.9999973678501985e-01 +3.8959856325909980e-05 +4.3928045971709631e-05 +4.9748772274076047e-05 +5.8991664449529880e-05 +5.3651713632568253e-05
 17.00000000 +5.0000000000000000e+00 +1.9999996429323073e+00 +1.9450687921569079e-03 +9.9972848374562095e-01 +9.9999976581851313e-01 +9.9999980939238553e-01 +9.9999972047735630e-01 +9.9999971168249557e-01 +5.0972592021335234e-05 +5.1897537583138711e-05 +5.7921817415440040e-05 +5.6986656578451790e-05 +5.4730331005658124e-05
 17.50000000 +5.0000000000000000e+00 +2.0000001348230141e+00 +1.9540880104029681e-03 +9.9970266613397840e-01 +9.9999977444863963e-01 +9.9999976188734008e-01 +9.9999972070697374e-01 +9.9999965575654659e-01 +6.4480693439014170e-05 +6.4486282591483436e-05 +5.8008668711027284e-05 +6.1705636763918171e-05 +4.9739759784751206e-05
 18.00000000 +5.0000000000000000e+00 +2.0000002983867202e+00 +1.9454518990528712e-03 +9.9972075104943303e-01 +9.9999978596118400e-01 +9.9999972224734723e-01 +9.9999969429662228e-01 +9.9999966138855312e-01 +6.5559926678812760e-05 +6.3894724243622290e-05 +5.5026264608393510e-05 +5.4218612220421753e-05 +4.1685601311759715e-05
 18.50000000 +5.0000000000000000e+00 +2.0000005540348349e+00 +1.9363662000364411e-03 +9.9974155671200937e-01 +9.9999970239422897e-01 +9.9999972121847602e-01 +9.9999967163094605e-01 +9.9999969611646600e-01 +6.7091468788285871e-05 +5.8978374028347441e-05 +5.7142810230203387e-05 +4.5686044413508010e-05 +3.0753173755044764e-05
 19.00000000 +5.0000000000000000e+00 +1.9999998820839517e+00 +1.9145648341239139e-03 +9.9979525929397584e-01 +9.9999966309560129e-01 +9.9999971959480560e-01 +9.9999965138679270e-01 +9.9999965210822428e-01 +6.1378665818633389e-05 +5.1930926581990706e-05 +4.3825926887540761e-05 +3.1720299406482884e-05 +1.7198742202431049e-05
 19.50000000 +5.0000000000000000e+00 +2.0000003125778809e+00 +1.8995441942962691e-03 +9.9983337417279972e-01 +9.9999967006196377e-01 +9.9999972521444869e-01 +9.9999965768769372e-01 +9.9999955746434122e-01 +5.8513992495241957e-05 +4.4888568579311022e-05 +2.9288292082067196e-05 +2.0933731083290810e-05 +1.4390757795538603e-05
 20.00000000 +5.0000000000000000e+00 +2.0000000787792334e+00 +1.8788715636809835e-03 +9.9988724505045956e-01 +9.9999963229901512e-01 +9.9999966829929332e-01 +9.9999946706045584e-01 +9.9999947052821658e-01 +4.7430581543821879e-05 +2.8856157932306833e-05 +1.7484629348362376e-05 +1.4775195975599042e-05 +5.9701987214643578e-06
 20.50000000 +5.0000000000000000e+00 +1.9999990247510011e+00 +1.8716154299963459e-03 +9.9990864984601835e-01 +9.9999965881866271e-01 +9.9999963247352708e-01 +9.9999961350842381e-01 +9.9999941426754768e-01 +3.2623401382697752e-05 +2.4604708695187015e-05 +1.8463034647767856e-05 +9.9147540936109824e-06 +7.4252084060639034e-06
 21.00000000 +5.0000000000000000e+00 +1.9999990038499469e+00 +1.8631180475906374e-03 +9.9993338370096918e-01 +9.9999964060050350e-01 +9.9999962201588899e-01 +9.9999959347683776e-01 +9.9999950032439455e-01 +1.9885182958107289e-05 +8.8318066631819359e-06 +1.3082248061343020e-05 +1.5918195350143728e-05 +1.0542451609344891e-05
 21.50000000 +5.0000000000000000e+00 +1.9999997628630963e+00 +1.8613274887129606e-03 +9.9994165224936538e-01 +9.9999961690030115e-01 +9.9999955768793214e-01 +9.9999949864235582e-01 +9.9999958160123370e-01 +8.7340504554687314e-06 +5.4887777019972519e-06 +9.0167007373701170e-06 +1.2127237585806950e-05 +2.4726074794315174e-05
 22.00000000 +5.0000000000000000e+00 +1.9999997434647423e+00 +1.8784735038006729e-03 +9.9990056304601016e-01 +9.9999959343316813e-01 +9.9999950330753129e-01 +9.9999962776248186e-01 +9.9999940963896472e-01 +5.4499052534795261e-06 +2.1454943675614818e-05 +1.3117861958912422e-05 +2.9642498657581405e-05 +3.1637648574224345e-05
 22.50000000 +5.0000000000000000e+00 +1.9999988958695345e+00 +1.8941369421075006e-03 +9.9986228834173996e-01 +9.9999969538689049e-01 +9.9999961977517560e-01 +9.9999959271601713e-01 +9.9999946559943986e-01 +1.5244472005993534e-05 +1.7516467176399911e-05 +2.3683053465426138e-05 +4.0325880173744880e-05 +4.2568332902894165e-05
 23.00000000 +5.0000000000000000e+00 +2.0000000633164339e+00 +1.9115147009592939e-03 +9.9981816426125836e-01 +9.9999969730007299e-01 +9.9999961020613959e-01 +9.9999955793493700e-01 +9.9999936243845167e-01 +2.1378683780023991e-05 +2.7253097401844861e-05 +3.7510423268538388e-05 +4.4910423469758095e-05 +5.2555241203628408e-05
 23.50000000 +5.0000000000000000e+00 +2.0000016428159162e+00 +1.9223795178767325e-03 +9.9978955489130528e-01 +9.9999961091587763e-01 +9.9999954132037450e-01 +9.9999940801293774e-01 +9.9999956240193577e-01 +3.1244276597820068e-05 +2.8580096325740127e-05 +4.0813330459743680e-05 +5.8773891074765523e-05 +5.2910808128629980e-05
 24.00000000 +5.0000000000000000e+00 +2.0000011851410342e+00 +1.9298277673495824e-03 +9.9976810426857321e-01 +9.9999958488686858e-01 +9.9999963837929295e-01 +9.9999956305954252e-01 +9.9999948844724318e-01 +3.4164163372761059e-05 +4.9923141084414973e-05 +4.6948815119596595e-05 +5.8198510002817952e-05 +4.4386332557685469e-05
 24.50000000 +5.0000000000000000e+00 +2.0000001648109498e+00 +1.9450119176724334e-03 +9.9972586866593216e-01 +9.9999966867855694e-01 +9.9999969846795111e-01 +9.9999928400249971e-01 +9.9999946305043408e-01 +5.6974163278437951e-05 +5.8505712201023393e-05 +6.9266439970529597e-05 +5.5252670544860067e-05 +3.6018217922045026e-05
 25.00000000 +5.0000000000000000e+00 +2.0000003311523700e+00 +1.9384831739136046e-03 +9.9973955260715441e-01 +9.9999959246904147e-01 +9.9999944739207913e-01 +9.9999956200435003e-01 +9.9999936584060656e-01 +6.4333427347378820e-05 +6.3608624551895056e-05 +5.1000168722229425e-05 +4.7791248903076234e-05 +3.5746187070351383e-05
 25.50000000 +5.0000000000000000e+00 +2.0000008872429813e+00 +1.9293687650164652e-03 +9.9975946169147312e-01 +9.9999964822209420e-01 +9.9999956711487881e-01 +9.9999953340301406e-01 +9.9999944970060062e-01 +6.5463736955975933e-05 +5.9035425313966784e-05 +5.3244530459015750e-05 +4.1282558132474213e-05 +2.3313616320578884e-05
 26.00000000 +5.0000000000000000e+00 +2.0000018102321082e+00 +1.9114075366396628e-03 +9.9980331214265739e-01 +9.9999970349297862e-01 +9.9999968962381192e-01 +9.9999928815668426e-01 +9.9999930920040114e-01 +5.8558692075855728e-05 +5.1737694719055018e-05 +4.6053913195916442e-05 +2.8903222489764247e-05 +1.3443882177743368e-05
 26.50000000 +5.0000000000000000e+00 +2.0000032894291637e+00 +1.9096399164491560e-03 +9.9980799146729715e-01 +9.9999955209085256e-01 +9.9999919122696868e-01 +9.9999908221646017e-01 +9.9999945891051423e-01 +6.0514353257198731e-05 +4.4068121328454986e-05 +3.8233553298955648e-05 +2.6261790765016789e-05 +2.5646252525411275e-05
 27.00000000 +5.0000000000000000e+00 +2.0000030024863515e+00 +1.8883732965595628e-03 +9.9986300043481779e-01 +9.9999942557609034e-01 +9.9999947782501131e-01 +9.9999932193768415e-01 +9.9999930860082209e-01 +4.7853663303076287e-05 +3.0024942035782571e-05 +3.6638712728853974e-05 +1.1685332612328570e-05 +1.3263041089748857e-05
 27.50000000 +5.0000000000000000e+00 +2.0000031465707186e+00 +1.8835537323369110e-03 +9.9987807773241144e-01 +9.9999944932717588e-01 +9.9999940338366899e-01 +9.9999929120959274e-01 +9.9999946790710736e-01 +4.2077926952691421e-05 +2.8906263712496472e-05 +1.7900996606960895e-05 +1.3075352486640359e-05 +2.2349932525328386e-05
 28.00000000 +5.0000000000000000e+00 +2.0000035880003155e+00 +1.8847755744365931e-03 +9.9987781302456613e-01 +9.9999943574299677e-01 +9.9999955266096419e-01 +9.9999936449065474e-01 +9.9999911089411153e-01 +3.5814867585543554e-05 +2.8813322439062040e-05 +2.4448490668025338e-05 +1.8874587140808675e-05 +1.6771941084196454e-05
 28.50000000 +5.0000000000000000e+00 +2.0000025323092432e+00 +1.8832391241581671e-03 +9.9988367158082891e-01 +9.9999959277134109e-01 +9.9999952579433471e-01 +9.9999899713103957e-01 +9.9999937423569607e-01 +3.2327891851141756e-05 +1.1253643484179448e-05 +2.2336503327860616e-05 +2.6193674089725897e-05 +2.6726838494206367e-05
 29.00000000 +5.0000000000000000e+00 +2.0000019587032467e+00 +1.8914945480826494e-03 +9.9986537335082082e-01 +9.9999983740587284e-01 +9.9999941669954040e-01 +9.9999939815799010e-01 +9.9999926525089611e-01 +2.5267254781361509e-05 +1.5204359583472245e-05 +2.0999350891728414e-05 +3.7588989198141334e-05 +3.7649193415423371e-05
 29.50000000 +5.0000000000000000e+00 +2.0000007554707775e+00 +1.8838368216250320e-03 +9.9988827166849459e-01 +9.9999951085897754e-01 +9.9999962129907138e-01 +9.9999925741027373e-01 +9.9999964448108813e-01 +1.3678614223029928e-05 +1.3375912437115860e-05 +1.3386564685453304e-05 +3.4707056382474757e-05 +3.8546092523047390e-05
 30.00000000 +5.0000000000000000e+00 +1.9999991024302111e+00 +1.9116017436295529e-03 +9.9981727057644765e-01 +9.9999966289322295e-01 +9.9999968663722161e-01 +9.9999926507529013e-01 +9.9999922566212529e-01 +1.6386131545312297e-05 +2.3900046797058400e-05 +5.5910942599438178e-05 +4.2654743462277658e-05 +4.6037302524368681e-05
 30.50000000 +5.0000000000000000e+00 +1.9999973584203821e+00 +1.9132486920151253e-03 +9.9981126891572347e-01 +9.9999955920933536e-01 +9.9999963622081933e-01 +9.9999941842832474e-01 +9.9999952077725551e-01 +2.2598994005616206e-05 +4.0106690036749432e-05 +4.1183961508106019e-05 +3.9756999544647352e-05 +4.6949840337843467e-05
 31.00000000 +5.0000000000000000e+00 +1.9999966657719992e+00 +1.9230697341950018e-03 +9.9978526835296144e-01 +9.9999950233084300e-01 +9.9999913830471088e-01 +9.9999929811655464e-01 +9.9999933913874250e-01 +3.6980396829500624e-05 +3.5501201179052466e-05 +5.1462200317787588e-05 +5.2982814850803832e-05 +4.0527145698452232e-05
 31.50000000 +5.0000000000000000e+00 +1.9999956536352450e+00 +1.9297206193546270e-03 +9.9976410780743330e-01 +9.9999952468544140e-01 +9.9999961940699444e-01 +9.9999948549555351e-01 +9.9999891694928456e-01 +4.2709214622105956e-05 +5.3858182467021966e-05 +3.8696137448406826e-05 +5.6143242347332321e-05 +4.6938866646282377e-05
 32.00000000 +5.0000000000000000e+00 +1.9999953617431412e+00 +1.9221096333489757e-03 +9.9978244760883028e-01 +9.9999951601162385e-01 +9.9999948955698559e-01 +9.9999915013404672e-01 +9.9999916620389484e-01 +4.6763003082757979e-05 +5.3631936759680387e-05 +4.3240504088640756e-05 +4.5770668926787033e-05 +3.0824418450259484e-05
 32.50000000 +5.0000000000000000e+00 +1.9999956362359628e+00 +1.9262368840999656e-03 +9.9976889414287595e-01 +9.9999940454899927e-01 +9.9999944590205758e-01 +1.0000000459486547e+00 +9.9999927850074255e-01 +5.8187230280266017e-05 +5.2641356874837170e-05 +4.8238377380237406e-05 +5.2839472267369417e-05 +2.1024479787314212e-05
 33.00000000 +5.0000000000000000e+00 +1.9999926886603705e+00 +1.9181436085926368e-03 +9.9978829409252035e-01 +9.9999994457102959e-01 +9.9999908861129494e-01 +9.9999952810263970e-01 +9.9999919374268276e-01 +5.4646512649594425e-05 +4.6479271776683135e-05 +5.0782821151718748e-05 +3.4969748669389779e-05 +2.7072526034030806e-05
 33.50000000 +5.0000000000000000e+00 +1.9999917913461154e+00 +1.8995727086724796e-03 +9.9983400446142212e-01 +9.9999930032799578e-01 +9.9999898936019138e-01 +9.9999926601512179e-01 +9.9999908963652318e-01 +4.8050001413557763e-05 +3.1376072219466802e-05 +3.6173001727931472e-05 +3.8933769551817427e-05 +1.4817347750004556e-05
 34.00000000 +5.0000000000000000e+00 +1.9999932884571130e+00 +1.9029197472074516e-03 +9.9982707911625834e-01 +9.9999913090568393e-01 +9.9999902320257517e-01 +9.9999920800678677e-01 +9.9999903285585601e-01 +5.0175642022678666e-05 +5.7618613359871590e-05 +2.6120639417382490e-05 +2.8926669415565281e-05 +1.3684358963969072e-05
 34.50000000 +5.0000000000000000e+00 +1.9999943664774051e+00 +1.8816013320738846e-03 +9.9988287893918126e-01 +9.9999943754767573e-01 +9.9999923664062995e-01 +9.9999967250621202e-01 +9.9999880497257465e-01 +4.0297153169151764e-05 +3.3396953584937918e-05 +2.2680845710449187e-05 +1.8761225349397568e-05 +4.8332238655104333e-06
 35.00000000 +5.0000000000000000e+00 +1.9999935363825823e+00 +1.8827291112610502e-03 +9.9988154086346115e-01 +9.9999897190366493e-01 +9.9999886670024263e-01 +9.9999930450871055e-01 +9.9999851345069046e-01 +3.3535058529849116e-05 +2.6415687010879447e-05 +6.9319478038941910e-06 +2.0670936575230866e-05 +3.5248898776807677e-05
 35.50000000 +5.0000000000000000e+00 +1.9999934924851308e+00 +1.8844354444882288e-03 +9.9987955093364755e-01 +9.9999929569234314e-01 +9.9999948746658207e-01 +9.9999910665497049e-01 +9.9999903386661648e-01 +2.9570407170999411e-05 +2.7586143753380232e-05 +1.2405542644437012e-05 +1.8424308590452669e-05 +3.5538929987594215e-05
 36.00000000 +5.0000000000000000e+00 +1.9999887526990505e+00 +1.8811903085242507e-03 +9.9988915374487808e-01 +9.9999950665164727e-01 +9.9999910602795405e-01 +9.9999938558443480e-01 +9.9999859558173909e-01 +2.3755152913484953e-05 +8.9167806636092697e-06 +2.0627236895851193e-05 +3.2458632086866660e-05 +2.8494553545423947e-05
 36.50000000 +5.0000000000000000e+00 +1.9999896005600191e+00 +1.9158446528900570e-03 +9.9980518814968988e-01 +9.9999995388514651e-01 +9.9999898725531922e-01 +9.9999851517666583e-01 +9.9999900713732504e-01 +3.2796307558687586e-05 +2.7198341947761406e-05 +3.2321229611743475e-05 +4.2796644202702367e-05 +6.3235888408292516e-05
 37.00000000 +5.0000000000000000e+00 +1.9999887961663640e+00 +1.8976674560873459e-03 +9.9984902128314623e-01 +9.9999928114520664e-01 +9.9999952732374087e-01 +9.9999924884047264e-01 +9.9999897345410682e-01 +1.6622587954259733e-05 +2.6799907340015457e-05 +3.2968577923890195e-05 +4.0399107040432186e-05 +3.7157722041277296e-05
 37.50000000 +5.0000000000000000e+00 +1.9999889189820121e+00 +1.9122085637747850e-03 +9.9981323810195788e-01 +9.9999924784686034e-01 +9.9999923920262745e-01 +9.9999878019302924e-01 +9.9999818669503582e-01 +1.5883216987736942e-05 +2.3048566226199527e-05 +4.8083906075093982e-05 +5.9359836326015201e-05 +4.4932420690623880e-05
 38.00000000 +5.0000000000000000e+00 +1.9999890394712787e+00 +1.9153464303650811e-03 +9.9980440465287779e-01 +9.9999931954081067e-01 +1.0000002045093825e+00 +9.9999939099202662e-01 +9.9999975701076549e-01 +3.7717717090135127e-05 +2.4271251248282282e-05 +3.7408567450589431e-05 +5.1289609228490609e-05 +4.6236144586634788e-05
 38.50000000 +5.0000000000000000e+00 +1.9999845659279198e+00 +1.9216300310913625e-03 +9.9978379278947638e-01 +9.9999980614765260e-01 +9.9999885236093433e-01 +9.9999962291327360e-01 +9.9999814834433709e-01 +3.6306372508297769e-05 +5.3203857279660263e-05 +4.0996233207659101e-05 +4.0142555559553808e-05 +4.9128416407519625e-05
 39.00000000 +5.0000000000000000e+00 +1.9999871857701008e+00 +1.9091088747499475e-03 +9.9981643693479916e-01 +9.9999995921262896e-01 +9.9999913779917204e-01 +9.9999933673254726e-01 +9.9999863873800254e-01 +2.4881471211497567e-05 +6.0193726912873696e-05 +3.9910529778128941e-05 +3.7160472038939969e-05 +2.4344333226735355e-05
 39.50000000 +5.0000000000000000e+00 +1.9999840483488578e+00 +1.9123335617288379e-03 +9.9980548631400945e-01 +9.9999936239427112e-01 +9.9999938798763621e-01 +9.9999915841921105e-01 +9.9999850021279157e-01 +5.6077363123858062e-05 +4.3095864919545327e-05 +5.1902447227670498e-05 +3.0984681431955778e-05 +1.6044358503804999e-05
 40.00000000 +5.0000000000000000e+00 +1.9999878590444367e+00 +1.9131213958610348e-03 +9.9980447610882794e-01 +9.9999952981833284e-01 +9.9999925876609186e-01 +9.9999913748512415e-01 +9.9999868428302197e-01 +4.5402038143356736e-05 +4.2001513305419755e-05 +3.1418295668049082e-05 +4.3608088080930563e-05 +3.6483582172247052e-05
 40.50000000 +5.0000000000000000e+00 +1.9999830208751339e+00 +1.9295309610065157e-03 +9.9975899069987850e-01 +9.9999942072971226e-01 +9.9999905223641239e-01 +9.9999894928645594e-01 +9.9999902241202354e-01 +5.8893261583022306e-05 +5.5262833439621639e-05 +5.9301249450489311e-05 +2.2521412474529592e-05 +4.8585923637436218e-05
 41.00000000 +5.0000000000000000e+00 +1.9999853862330765e+00 +1.8913514949225817e-03 +9.9985827402845351e-01 +1.0000006503064027e+00 +9.9999920994479596e-01 +9.9999884668581407e-01 +9.9999801117832032e-01 +3.8382599545427396e-05 +2.5459841715946489e-05 +3.4417513384982278e-05 +3.0863204597965054e-05 +1.5884655777227628e-05
 41.50000000 +5.0000000000000000e+00 +1.9999831156870198e+00 +1.8962517371000824e-03 +9.9984616286742400e-01 +9.9999958156633439e-01 +9.9999968044903342e-01 +9.9999822934720939e-01 +9.9999905001874256e-01 +4.0486429363490466e-05 +3.5368271002966064e-05 +1.9883130564702692e-05 +2.0658755078490345e-05 +4.0899153041820633e-05
 42.00000000 +5.0000000000000000e+00 +1.9999829233172264e+00 +1.8933141120391665e-03 +9.9985588901727429e-01 +1.0000000632551298e+00 +9.9999892442877569e-01 +9.9999843868071092e-01 +9.9999718814580296e-01 +2.5237040189959297e-05 +2.2619614662216614e-05 +2.1789537559432305e-05 +4.8144518938308996e-05 +3.1705739231323407e-05
 42.50000000 +5.0000000000000000e+00 +1.9999866357151483e+00 +1.8828386300805597e-03 +9.9988534875902757e-01 +9.9999978786839516e-01 +9.9999877525861591e-01 +9.9999893658811201e-01 +9.9999929562410794e-01 +4.5385623812722337e-05 +1.8153399140410468e-05 +9.7578328683919444e-06 +2.3247596506812382e-05 +2.1311443662939364e-05
 43.00000000 +5.0000000000000000e+00 +1.9999868479810692e+00 +1.8849048256540199e-03 +9.9987975507664550e-01 +9.9999981050271936e-01 +9.9999895289412144e-01 +9.9999905969595337e-01 +9.9999937355630841e-01 +4.3409066124317018e-05 +2.1691280578336721e-05 +1.6923652947056243e-05 +1.9151694283412347e-05 +2.1872572605079078e-05
 43.50000000 +5.0000000000000000e+00 +1.9999870602630521e+00 +1.8869711775722125e-03 +9.9987416097100079e-01 +9.9999983313875629e-01 +9.9999913054306788e-01 +9.9999918281311018e-01 +9.9999945149440561e-01 +4.1432358873892137e-05 +2.5229429720411380e-05 +2.4090015248459055e-05 +1.5055482131588775e-05 +2.2433744006681669e-05
 44.00000000 +5.0000000000000000e+00 +1.9999872725610979e+00 +1.8890376858528835e-03 +9.9986856644204603e-01 +9.9999985577650607e-01 +9.9999930820545768e-01 +9.9999930593958319e-01 +9.9999952943840065e-01 +3.9455502044471514e-05 +2.8767846597020526e-05 +3.1256919834146019e-05 +1.0958960016162888e-05 +2.2994957872566561e-05
 44.50000000 +5.0000000000000000e+00 +1.9999874848752091e+00 +1.8911043505137810e-03 +9.9986297148973247e-01 +9.9999987841596882e-01 +9.9999948588129117e-01 +9.9999942907537342e-01 +9.9999960738829374e-01 +3.7478495619076347e-05 +3.2306531238554827e-05 +3.8424366765672076e-05 +6.8621279019505592e-06 +2.3556214207553885e-05
 45.00000000 +5.0000000000000000e+00 +1.9999876972053878e+00 +1.8931711715726583e-03 +9.9985737611401282e-01 +9.9999990105714520e-01 +9.9999966357057124e-01 +9.9999955222048253e-01 +9.9999968534408634e-01 +3.5501339580725299e-05 +3.5845483675409579e-05 +4.5592356104601502e-05 +2.7649857537623560e-06 +2.4117513016464524e-05
 45.50000000 +5.0000000000000000e+00 +1.9999898432763015e+00 +1.8929761185718843e-03 +9.9985797602198367e-01 +9.9999976151213665e-01 +9.9999928362833757e-01 +9.9999962108711660e-01 +9.9999977004865070e-01 +3.4899564757424310e-05 +3.3624938217349753e-05 +4.3705781219448129e-05 +1.0523969434228997e-05 +2.0833433445523101e-05
 46.00000000 +5.0000000000000000e+00 +1.9999919892996971e+00 +1.8927810698899578e-03 +9.9985857591667160e-01 +9.9999962197021786e-01 +9.9999890369451661e-01 +9.9999968995222610e-01 +9.9999985475133957e-01 +3.4297803258570458e-05 +3.1404441926419253e-05 +4.1819248106675965e-05 +1.8282781315936586e-05 +1.7549426590393202e-05
 46.50000000 +5.0000000000000000e+00 +1.9999941352755763e+00 +1.8925860255267345e-03 +9.9985917579807693e-01 +9.9999948243138881e-01 +9.9999852376910814e-01 +9.9999975881581049e-01 +9.9999993945215315e-01 +3.3696055083721205e-05 +2.9183994800985137e-05 +3.9932756764897658e-05 +2.6041421404590995e-05 +1.4265492448659748e-05
 47.00000000 +5.0000000000000000e+00 +1.9999962812039414e+00 +1.8923909854820719e-03 +9.9985977566620043e-01 +9.9999934289564951e-01 +9.9999814385211194e-01 +9.9999982767787066e-01 +1.0000000241510913e+00 +3.3094320232434034e-05 +2.6963596839414502e-05 +3.8046307192725895e-05 +3.3799889705897856e-05 +1.0981631017907776e-05
 47.50000000 +5.0000000000000000e+00 +1.9999984270847919e+00 +1.8921959497558256e-03 +9.9986037552104157e-01 +9.9999920336299930e-01 +9.9999776394352713e-01 +9.9999989653840560e-01 +1.0000001088481538e+00 +3.2492598704266427e-05 +2.4743248040074510e-05 +3.6159899388773421e-05 +4.1558186225562475e-05 +7.6978422957224200e-06
 48.00000000 +5.0000000000000000e+00 +1.9999974772102029e+00 +1.8979683796122887e-03 +9.9984590427795494e-01 +9.9999924698803155e-01 +9.9999811105225622e-01 +9.9999982200401405e-01 +9.9999959865032151e-01 +3.9564942586960913e-05 +2.7455850517741349e-05 +3.5368343975016050e-05 +3.8111345963664002e-05 +1.6816532696423223e-05
 48.50000000 +5.0000000000000000e+00 +1.9999965273932325e+00 +1.9037404593166276e-03 +9.9983143391268525e-01 +9.9999929061041748e-01 +9.9999845813993016e-01 +9.9999974747414377e-01 +9.9999908848343744e-01 +4.6636857465527759e-05 +3.0168288450572862e-05 +3.4576836576534157e-05 +3.4664714785023378e-05 +2.5934669962846982e-05
 49.00000000 +5.0000000000000000e+00 +1.9999955776338758e+00 +1.9095121889007010e-03 +9.9981696442515267e-01 +9.9999933423015752e-01 +9.9999880520655038e-01 +9.9999967294879433e-01 +9.9999857834749861e-01 +5.3708343379000487e-05 +3.2880561853540374e-05 +3.3785377188959004e-05 +3.1218292670616893e-05 +3.5052254145321354e-05
 49.50000000 +5.0000000000000000e+00 +1.9999946279321275e+00 +1.9152835683963643e-03 +9.9980249581527714e-01 +9.9999937784725168e-01 +9.9999915225211922e-01 +9.9999959842796515e-01 +9.9999806824250259e-01 +6.0779400366407869e-05 +3.5592670741613409e-05 +3.2993965807922380e-05 +2.7772079601423124e-05 +4.4169285294167919e-05
 50.00000000 +5.0000000000000000e+00 +1.9999936782879824e+00 +1.9210545978354688e-03 +9.9978802808297906e-01 +9.9999942146170029e-01 +9.9999949927663823e-01 +9.9999952391165603e-01 +9.9999755816844627e-01 +6.7850028466773951e-05 +3.8304615129759668e-05 +3.2202602429056619e-05 +2.4326075558422980e-05 +5.3285763459702103e-05
 50.50000000 +5.0000000000000000e+00 +1.9999939533521083e+00 +1.9220951812387525e-03 +9.9978553981340179e-01 +9.9999948410007611e-01 +9.9999996671610136e-01 +9.9999950224046019e-01 +9.9999797257607814e-01 +6.4172045731225767e-05 +4.2095429584509725e-05 +3.4342071826266259e-05 +2.6891112010065032e-05 +5.0033884127996394e-05
 51.00000000 +5.0000000000000000e+00 +1.9999942284093797e+00 +1.9231357387075074e-03 +9.9978305160584002e-01 +9.9999954673689095e-01 +1.0000004341439146e+00 +9.9999948056980459e-01 +9.9999838697338184e-01 +6.0494154662284316e-05 +4.5886149560540690e-05 +3.6481487901338775e-05 +2.9456084533134142e-05 +4.6782085843094101e-05
 51.50000000 +5.0000000000000000e+00 +1.9999945034597935e+00 +1.9241762702427018e-03 +9.9978056346029065e-01 +9.9999960937214416e-01 +1.0000009015600777e+00 +9.9999945889968855e-01 +9.9999880136035668e-01 +5.6816355256522651e-05 +4.9676775061384515e-05 +3.8620850656267532e-05 +3.2020993130020199e-05 +4.3530368601965355e-05
 52.00000000 +5.0000000000000000e+00 +1.9999947785033547e+00 +1.9252167758453077e-03 +9.9977807537675256e-01 +9.9999967200583695e-01 +1.0000013689645921e+00 +9.9999943723011309e-01 +9.9999921573700490e-01 +5.3138647510514152e-05 +5.3467306090573123e-05 +4.0760160093045892e-05 +3.4585837803113040e-05 +4.0278732401580467e-05
 52.50000000 +5.0000000000000000e+00 +1.9999950535400606e+00 +1.9262572555162924e-03 +9.9977558735522265e-01 +9.9999973463796854e-01 +1.0000018363574579e+00 +9.9999941556107752e-01 +9.9999963010332582e-01 +4.9461031420832231e-05 +5.7257742651638093e-05 +4.2899416213667004e-05 +3.7150618554802317e-05 +3.7027177238909872e-05
 53.00000000 +5.0000000000000000e+00 +1.9999948678626434e+00 +1.9198593185806370e-03 +9.9979176344777743e-01 +9.9999966340049062e-01 +1.0000014474570513e+00 +9.9999923199784191e-01 +9.9999912656148382e-01 +5.1341595702580615e-05 +4.9845525173525837e-05 +3.9724343232509141e-05 +3.3840157139010688e-05 +3.4015516430392115e-05
 53.50000000 +5.0000000000000000e+00 +1.9999946822331454e+00 +1.9134630328150038e-03 +9.9980793536563051e-01 +9.9999959218139811e-01 +1.0000010586570118e+00 +9.9999904848198051e-01 +9.9999862314959542e-01 +5.3221674651104023e-05 +4.2435220629445001e-05 +3.6550089669450637e-05 +3.0530550082163685e-05 +3.1004632866803942e-05
 54.00000000 +5.0000000000000000e+00 +1.9999944966515479e+00 +1.9070683975802771e-03 +9.9982410311039749e-01 +9.9999952098068279e-01 +1.0000006699573001e+00 +9.9999886501347401e-01 +9.9999811986760978e-01 +5.5101268454259331e-05 +3.5026828278960379e-05 +3.3376655207321104e-05 +2.7221797053566461e-05 +2.7994526247298823e-05
 54.50000000 +5.0000000000000000e+00 +1.9999943111178333e+00 +1.9006754122376725e-03 +9.9984026668369386e-01 +9.9999944979833844e-01 +1.0000002813578774e+00 +9.9999868159230454e-01 +9.9999761671547671e-01 +5.6980377299806469e-05 +2.7620347382018858e-05 +3.0204039529113836e-05 +2.3913897722694809e-05 +2.4985196271185518e-05
 55.00000000 +5.0000000000000000e+00 +1.9999941256319822e+00 +1.8942840761487353e-03 +9.9985642608713354e-01 +9.9999937863435751e-01 +9.9999989285870561e-01 +9.9999849821845410e-01 +9.9999711369314659e-01 +5.8859001375408508e-05 +2.0215777198949178e-05 +2.7032242317985706e-05 +2.0606851759195075e-05 +2.1976642637927933e-05
 55.50000000 +5.0000000000000000e+00 +1.9999937820684011e+00 +1.9018023683033704e-03 +9.9983705230801234e-01 +9.9999978857751837e-01 +1.0000003218597286e+00 +9.9999879464016150e-01 +9.9999709054191410e-01 +6.2231549597745699e-05 +2.4483460692770281e-05 +2.9224917369423474e-05 +2.2765168525210896e-05 +2.8246980560931582e-05
 56.00000000 +5.0000000000000000e+00 +1.9999934384986957e+00 +1.9093207944703193e-03 +9.9981767818355682e-01 +1.0000001985279865e+00 +1.0000007508683990e+00 +9.9999909106715301e-01 +9.9999706739026906e-01 +6.5604157935196826e-05 +2.8751220257343397e-05 +3.1417631504931167e-05 +2.4923523762865891e-05 +3.4517430251671010e-05
 56.50000000 +5.0000000000000000e+00 +1.9999930949228668e+00 +1.9168393546531650e-03 +9.9979830371375777e-01 +1.0000006084857620e+00 +1.0000011798847162e+00 +9.9999938749942807e-01 +9.9999704423821112e-01 +6.8976826389369205e-05 +3.3019055894702451e-05 +3.3610384725553781e-05 +2.7081917473188680e-05 +4.0787991713134601e-05
 57.00000000 +5.0000000000000000e+00 +1.9999927513409128e+00 +1.9243580488554897e-03 +9.9977892889860565e-01 +1.0000010184508448e+00 +1.0000016089086805e+00 +9.9999968393698713e-01 +9.9999702108574062e-01 +7.2349554961870208e-05 +3.7286967606881448e-05 +3.5803177032336364e-05 +2.9240349657207943e-05 +4.7058664948310839e-05
 57.50000000 +5.0000000000000000e+00 +1.9999924077528350e+00 +1.9318768770808788e-03 +9.9975955373809167e-01 +1.0000014284232357e+00 +1.0000020379402925e+00 +9.9999998037983018e-01 +9.9999699793285746e-01 +7.5722343654307313e-05 +4.1554955395914497e-05 +3.7996008426324010e-05 +3.1398820315952386e-05 +5.3329449960188348e-05
 58.00000000 +5.0000000000000000e+00 +1.9999926828352252e+00 +1.9254804747669933e-03 +9.9977577765116743e-01 +1.0000014652497897e+00 +1.0000018864217128e+00 +9.9999979841283437e-01 +9.9999677565398704e-01 +6.4216045556852259e-05 +4.2654880490448396e-05 +4.4622271641924999e-05 +2.5714969074016052e-05 +4.7088438100906200e-05
 58.50000000 +5.0000000000000000e+00 +1.9999929579621483e+00 +1.9190830369323168e-03 +9.9979200419075054e-01 +1.0000015020823052e+00 +1.0000017348786032e+00 +9.9999961641637924e-01 +9.9999655333913162e-01 +5.2707884691808942e-05 +4.3754983653097541e-05 +5.1249607590758213e-05 +2.0030197666985752e-05 +4.0846415877168784e-05
 59.00000000 +5.0000000000000000e+00 +1.9999932331336163e+00 +1.9126845633253664e-03 +9.9980823335747970e-01 +1.0000015389207848e+00 +1.0000015833109588e+00 +9.9999943439045846e-01 +9.9999633098828244e-01 +4.1197860606792446e-05 +4.4855264927106914e-05 +5.7878016533343783e-05 +1.4344505871393572e-05 +3.4603383043602683e-05
 59.50000000 +5.0000000000000000e+00 +1.9999935083496390e+00 +1.9062850536945772e-03 +9.9982446515199186e-01 +1.0000015757652285e+00 +1.0000014317187726e+00 +9.9999925233506437e-01 +9.9999610860143084e-01 +2.9685972849271303e-05 +4.5955724355735457e-05 +6.4507498730286111e-05 +8.6578934636991845e-06 +2.8359339354754994e-05
 60.00000000 +5.0000000000000000e+00 +1.9999937836102271e+00 +1.8998845077883039e-03 +9.9984069957492594e-01 +1.0000016126156386e+00 +1.0000012801020390e+00 +9.9999907025018997e-01 +9.9999588617856805e-01 +1.8172220966567538e-05 +4.7056361982256179e-05 +7.1138054442274035e-05 +2.9703602202899009e-06 +2.2114284565093354e-05
 60.50000000 +5.0000000000000000e+00 +1.9999915494809666e+00 +1.9005122760706299e-03 +9.9983945872242797e-01 +1.0000010422341250e+00 +1.0000005985042231e+00 +9.9999888387925473e-01 +9.9999683515871807e-01 +1.6594406221719833e-05 +4.5720562339329822e-05 +6.8878271834960236e-05 +3.9019505750111190e-06 +2.8086314634439730e-05
 61.00000000 +5.0000000000000000e+00 +1.9999893151950927e+00 +1.9011400883598272e-03 +9.9983821778294557e-01 +1.0000004718126276e+00 +9.9999991685862655e-01 +9.9999869749525450e-01 +9.9999778420539209e-01 +1.5016480871268420e-05 +4.4384669056179586e-05 +6.6618330815754081e-05 +4.8336062346827019e-06 +3.4058763346084488e-05
 61.50000000 +5.0000000000000000e+00 +1.9999870807525877e+00 +1.9017679446605223e-03 +9.9983697675646954e-01 +9.9999990135114136e-01 +9.9999923516524458e-01 +9.9999851109818816e-01 +9.9999873331859690e-01 +1.3438444903582620e-05 +4.3048682122958769e-05 +6.4358231367997836e-05 +5.7653272061717506e-06 +4.0031630744049699e-05
 62.00000000 +5.0000000000000000e+00 +1.9999848461534373e+00 +1.9023958449773447e-03 +9.9983573564299089e-01 +9.9999933084966330e-01 +9.9999855342407251e-01 +9.9999832468805472e-01 +9.9999968249834004e-01 +1.1860298307030146e-05 +4.1712601529819360e-05 +6.2097973475031473e-05 +6.6971134963463387e-06 +4.6004916872363658e-05
 62.50000000 +5.0000000000000000e+00 +1.9999826113976231e+00 +1.9030237893149222e-03 +9.9983449444250050e-01 +9.9999876030818835e-01 +9.9999787163510478e-01 +9.9999813826485218e-01 +1.0000006317446279e+00 +1.0282041069977057e-05 +4.0376427266911854e-05 +5.9837557120192586e-05 +7.6289651120754925e-06 +5.1978621775060803e-05
 63.00000000 +5.0000000000000000e+00 +1.9999823138939152e+00 +1.8965665546505877e-03 +9.9985004043009928e-01 +9.9999856664189946e-01 +9.9999812255867726e-01 +9.9999811243265357e-01 +1.0000001539668153e+00 +1.7343256680109835e-05 +3.7010727890047803e-05 +4.7634906912923169e-05 +6.3597093200505825e-06 +4.6655379937849736e-05
 63.50000000 +5.0000000000000000e+00 +1.9999820163921511e+00 +1.8901093621877770e-03 +9.9986558631609634e-01 +9.9999837297687599e-01 +9.9999837348060949e-01 +9.9999808660062373e-01 +9.9999967619212493e-01 +2.4404426141376623e-05 +3.3645050509850887e-05 +3.5432336456577682e-05 +5.0904618232992727e-06 +4.1332172890905351e-05
 64.00000000 +5.0000000000000000e+00 +1.9999817188923323e+00 +1.8836522119260763e-03 +9.9988113210049312e-01 +9.9999817931311863e-01 +9.9999862440090237e-01 +9.9999806076876330e-01 +9.9999919842055729e-01 +3.1465549454229847e-05 +3.0279395126105499e-05 +2.3229845750374323e-05 +3.8212226217402455e-06 +3.6009000633886580e-05
 64.50000000 +5.0000000000000000e+00 +1.9999814213944562e+00 +1.8771951038650712e-03 +9.9989667778329006e-01 +9.9999798565062636e-01 +9.9999887531955467e-01 +9.9999803493707096e-01 +9.9999872065211159e-01 +3.8526626619121890e-05 +2.6913761738595975e-05 +1.1027434793531263e-05 +2.5519917152921760e-06 +3.0685863166452365e-05
 65.00000000 +5.0000000000000000e+00 +1.9999811238985257e+00 +1.8707380380043491e-03 +9.9991222336448915e-01 +9.9999779198940020e-01 +9.9999912623656773e-01 +9.9999800910554804e-01 +9.9999824288678896e-01 +4.5587657636505178e-05 +2.3548150347106715e-05 -1.1748964147332755e-06 +1.2827691038737510e-06 +2.5362760488261678e-05
 65.50000000 +5.0000000000000000e+00 +1.9999829307031733e+00 +1.8753291205537506e-03 +9.9990097782852705e-01 +9.9999918606708960e-01 +9.9999831425615870e-01 +9.9999832563017210e-01 +9.9999922430721500e-01 +3.8792874641643600e-05 +2.1476404543828096e-05 -4.5248300027098065e-06 +1.7876931924205878e-05 +3.0350549052917883e-05
 66.00000000 +5.0000000000000000e+00 +1.9999847373921753e+00 +1.8799199092453189e-03 +9.9988973301234940e-01 +1.0000005800555498e+00 +9.9999750232772211e-01 +9.9999864213453715e-01 +1.0000002056648243e+00 +3.1998526555148402e-05 +1.9404791345164442e-05 -7.8745491741044879e-06 +3.4470032614923444e-05 +3.5338018368088408e-05
 66.50000000 +5.0000000000000000e+00 +1.9999865439655407e+00 +1.8845104041072653e-03 +9.9987848891588682e-01 +1.0000019739547883e+00 +9.9999669045125195e-01 +9.9999895861864430e-01 +1.0000011869596228e+00 +2.5204613335265640e-05 +1.7333310738384888e-05 -1.1224053949502651e-05 +5.1062071277997522e-05 +4.0325168464423209e-05
 67.00000000 +5.0000000000000000e+00 +1.9999883504232820e+00 +1.8891006051677990e-03 +9.9986724553907003e-01 +1.0000033677648146e+00 +9.9999587862674366e-01 +9.9999927508249598e-01 +1.0000021681916158e+00 +1.8411134940246738e-05 +1.5261962710760183e-05 -1.4573344349486997e-05 +6.7653048015386180e-05 +4.5311999372568295e-05
 67.50000000 +5.0000000000000000e+00 +1.9999901567654099e+00 +1.8936905124551245e-03 +9.9985600288183052e-01 +1.0000047614856371e+00 +9.9999506685419215e-01 +9.9999959152609363e-01 +1.0000031493608104e+00 +1.1618091328348465e-05 +1.3190747249562721e-05 -1.7922420394637584e-05 +8.4242962929034358e-05 +5.0298511123165763e-05
 68.00000000 +5.0000000000000000e+00 +1.9999887303117552e+00 +1.9039689112600063e-03 +9.9982929834965606e-01 +1.0000032990312731e+00 +9.9999553529467211e-01 +9.9999857171851714e-01 +1.0000037059714326e+00 +2.8262539567009560e-05 +8.6980656795553956e-06 -9.7826668534224783e-06 +8.5243789290453929e-05 +5.7167907331065820e-05
 68.50000000 +5.0000000000000000e+00 +1.9999873039329461e+00 +1.9142467707616618e-03 +9.9980259521865666e-01 +1.0000018366536434e+00 +9.9999600371057318e-01 +9.9999755196444939e-01 +1.0000042625528498e+00 +4.4906114478531276e-05 +4.2056198386444881e-06 -1.6433404016232211e-06 +8.6244563138938770e-05 +6.4036943104660469e-05
 69.00000000 +5.0000000000000000e+00 +1.9999858776289767e+00 +1.9245240910025362e-03 +9.9977589348872298e-01 +1.0000003743527421e+00 +9.9999647210189713e-01 +9.9999653226388618e-01 +1.0000048191050641e+00 +6.1548816131646450e-05 -2.8659029172242071e-07 +6.4955589943730979e-06 +8.7245284478621834e-05 +7.0905618472316763e-05
 69.50000000 +5.0000000000000000e+00 +1.9999844513998406e+00 +1.9348008720250691e-03 +9.9974919315974387e-01 +9.9999891212856318e-01 +9.9999694046864629e-01 +9.9999551261682362e-01 +1.0000053756280782e+00 +7.8190644595080758e-05 -4.7785647300958105e-06 +1.4634031368175882e-05 +8.8245953313635572e-05 +7.7773933462398689e-05
 70.00000000 +5.0000000000000000e+00 +1.9999830252455320e+00 +1.9450771138716958e-03 +9.9972249423160930e-01 +9.9999744998110041e-01 +9.9999740881082211e-01 +9.9999449302325705e-01 +1.0000059321218935e+00 +9.4831599937552572e-05 -9.2703034950242028e-06 +2.2772076753390978e-05 +8.9246569648111958e-05 +8.4641888103267296e-05
 70.50000000 +5.0000000000000000e+00 +1.9999827973529134e+00 +1.9385287535244517e-03 +9.9974013742046930e-01 +9.9999815339185272e-01 +9.9999800524445082e-01 +9.9999503123898026e-01 +1.0000043465200299e+00 +1.0033663601348509e-04 +2.3256654866016814e-06 +2.5835812586122077e-05 +7.8966515285696208e-05 +5.6861555162316891e-05
 71.00000000 +5.0000000000000000e+00 +1.9999825694099600e+00 +1.9319789468455041e-03 +9.9975778450616748e-01 +9.9999885695796686e-01 +9.9999860180981337e-01 +9.9999556957357871e-01 +1.0000027605679551e+00 +1.0584288798282927e-04 +1.3924195661667887e-05 +2.8900225104012481e-05 +6.8684190374968294e-05 +2.9075086398943100e-05
 71.50000000 +5.0000000000000000e+00 +1.9999823414166560e+00 +1.9254276933556253e-03 +9.9977543548999559e-01 +9.9999956067949447e-01 +9.9999919850695351e-01 +9.9999610802709182e-01 +1.0000011742655539e+00 +1.1135035624845985e-04 +2.5525287878801588e-05 +3.1965314531275411e-05 +5.8399594163603539e-05 +1.2824797800992972e-06
 72.00000000 +5.0000000000000000e+00 +1.9999821133729845e+00 +1.9188749925753755e-03 +9.9979309037324571e-01 +1.0000002645564869e+00 +9.9999979533591477e-01 +9.9999664659955945e-01 +9.9999958761271002e-01 +1.1685904121342963e-04 +3.7128942987004963e-05 +3.5031081092223157e-05 +4.8112725898944865e-05 -2.6516266728159448e-05
 72.50000000 +5.0000000000000000e+00 +1.9999818852789271e+00 +1.9123208440251012e-03 +9.9981074915720902e-01 +1.0000009685889955e+00 +1.0000003922967406e+00 +9.9999718529102000e-01 +9.9999800060930655e-01 +1.2236894328096943e-04 +4.8735161835655242e-05 +3.8097525011267098e-05 +3.7823584828002602e-05 -5.4321155160676778e-05
 73.00000000 +5.0000000000000000e+00 +1.9999816631620626e+00 +1.9088963528591861e-03 +9.9981737484363409e-01 +1.0000009990501653e+00 +1.0000006994639674e+00 +9.9999890005541348e-01 +9.9999808934124579e-01 +1.0545278286665961e-04 +5.4591159254624732e-05 +3.6940721288682538e-05 +2.6776707895842760e-05 -3.9824123841296034e-05
 73.50000000 +5.0000000000000000e+00 +1.9999814409985814e+00 +1.9054711429794698e-03 +9.9982400192062248e-01 +1.0000010295177282e+00 +1.0000010066956604e+00 +1.0000006151796923e+00 +9.9999817809180735e-01 +8.8533072179519334e-05 +6.0448385698858954e-05 +3.5783674782350005e-05 +1.5727512504524747e-05 -2.5324049962897460e-05
 74.00000000 +5.0000000000000000e+00 +1.9999812187884691e+00 +1.9020452141596702e-03 +9.9983063038861264e-01 +1.0000010599916860e+00 +1.0000013139918404e+00 +1.0000023306639700e+00 +9.9999826686099780e-01 +7.1609810101763095e-05 +6.6306841555310395e-05 +3.4626385415830283e-05 +4.6759979240933552e-06 -1.0820932567546655e-05
 74.50000000 +5.0000000000000000e+00 +1.9999809965317101e+00 +1.8986185661734069e-03 +9.9983726024804143e-01 +1.0000010904720409e+00 +1.0000016213525273e+00 +1.0000040465083597e+00 +9.9999835564882200e-01 +5.4682995515135912e-05 +7.2166527211093846e-05 +3.3468853112652006e-05 -6.3778365757131166e-06 +3.6852293030930025e-06
 75.00000000 +5.0000000000000000e+00 +1.9999807742282909e+00 +1.8951911987942082e-03 +9.9984389149934794e-01 +1.0000011209587949e+00 +1.0000019287777420e+00 +1.0000057627129753e+00 +9.9999844445528674e-01 +3.7752627300913498e-05 +7.8027443053486846e-05 +3.2311077796311754e-05 -1.7433991725462958e-05 +1.8194436607760480e-05
 75.50000000 +5.0000000000000000e+00 +1.9999840210589397e+00 +1.8957685709653496e-03 +9.9984407251294394e-01 +1.0000025114943663e+00 +1.0000012117856090e+00 +1.0000036140028257e+00 +9.9999778686602647e-01 +3.2562667299868924e-05 +7.6868619084560888e-05 +3.5861445760459883e-05 -8.7903480606640228e-06 +1.4300952543454341e-05
 76.00000000 +5.0000000000000000e+00 +1.9999872676375534e+00 +1.8963458983180274e-03 +9.9984425351248885e-01 +1.0000039019219973e+00 +1.0000004948491323e+00 +1.0000014654594691e+00 +9.9999712932781137e-01 +2.7373110169007238e-05 +7.5709885069242318e-05 +3.9411538127610966e-05 -1.4737535793479814e-07 +1.0407770710501955e-05
 76.50000000 +5.0000000000000000e+00 +1.9999905139641616e+00 +1.8969231808574601e-03 +9.9984443449798399e-01 +1.0000052922417009e+00 +9.9999977796830541e-01 +9.9999931708288703e-01 +9.9999647184063589e-01 +2.2183955861421113e-05 +7.4551240997057568e-05 +4.2961354929853572e-05 +8.4949264608467352e-06 +6.5148910737136670e-06
 77.00000000 +5.0000000000000000e+00 +1.9999937600387938e+00 +1.8975004185888657e-03 +9.9984461546943149e-01 +1.0000066824534894e+00 +9.9999906114312243e-01 +9.9999716887305945e-01 +9.9999581440449359e-01 +1.6995204330210506e-05 +7.3392686857534734e-05 +4.6510896199271234e-05 +1.7136557473790481e-05 +2.6223135979052804e-06
 77.50000000 +5.0000000000000000e+00 +1.9999970058614784e+00 +1.8980776115174597e-03 +9.9984479642683222e-01 +1.0000080725573752e+00 +9.9999834437357604e-01 +9.9999502082996683e-01 +9.9999515701937869e-01 +1.1806855528482662e-05 +7.2234222640203501e-05 +5.0060161967942535e-05 +2.5777517758994198e-05 -1.2699617521019344e-06
 78.00000000 +5.0000000000000000e+00 +1.9999941647959385e+00 +1.8960567559444862e-03 +9.9984898371556785e-01 +1.0000077639540934e+00 +9.9999596273673197e-01 +9.9999663828400864e-01 +9.9999523205189067e-01 +8.6997047408948706e-06 +6.4349080345470989e-05 +4.2472919205368427e-05 +3.5564965341204963e-05 +4.3325912110902982e-06
 78.50000000 +5.0000000000000000e+00 +1.9999913240785245e+00 +1.8940361479945526e-03 +9.9985317049121925e-01 +1.0000074553886256e+00 +9.9999358139171879e-01 +9.9999825553985744e-01 +9.9999530707520845e-01 +5.5929346841890631e-06 +5.6464904246905218e-05 +3.4886606136210022e-05 +4.5351213630621426e-05 +9.9344576723787382e-06
 79.00000000 +5.0000000000000000e+00 +1.9999884837091741e+00 +1.8920157876221495e-03 +9.9985735675388088e-01 +1.0000071468609655e+00 +9.9999120033848310e-01 +9.9999987259755019e-01 +9.9999538208933403e-01 +2.4865452883909474e-06 +4.8581694166929594e-05 +2.7301222589599555e-05 +5.5136262847660889e-05 +1.5535637757935149e-05
 79.50000000 +5.0000000000000000e+00 +1.9999856436878209e+00 +1.8899956747817762e-03 +9.9986154250364634e-01 +1.0000068383711054e+00 +9.9998881957697061e-01 +1.0000014894571227e+00 +9.9999545709426885e-01 -6.1946351645662833e-07 +4.0699449928011011e-05 +1.9716768394711089e-05 +6.4920113212686589e-05 +2.1136131593900377e-05
 80.00000000 +5.0000000000000000e+00 +1.9999828040144032e+00 +1.8879758094279457e-03 +9.9986572774061089e-01 +1.0000065299190390e+00 +9.9998643910712870e-01 +1.0000031061186123e+00 +9.9999553209001490e-01 -3.7250918002936685e-06 +3.2818171352659909e-05 +1.2133243380760585e-05 +7.4702764946007853e-05 +2.6735939306384369e-05
 80.50000000 +5.0000000000000000e+00 +1.9999819827103402e+00 +1.8864657990778555e-03 +9.9986887465620400e-01 +1.0000046387844754e+00 +9.9999046673357916e-01 +1.0000010480987296e+00 +9.9999703222067626e-01 -6.7153582049136916e-06 +2.0875275047525546e-05 +2.8086105655283135e-05 +6.5765003182973651e-05 +2.9928480097999508e-05
 81.00000000 +5.0000000000000000e+00 +1.9999811612370753e+00 +1.8849554776386242e-03 +9.9987202222011817e-01 +1.0000027472603044e+00 +9.9999449518979333e-01 +9.9999898965485823e-01 +9.9999853266039163e-01 -9.7062406579009219e-06 +8.9299182921259289e-06 +4.4042254504788205e-05 +5.6825400081143710e-05 +3.3121678610123732e-05
 81.50000000 +5.0000000000000000e+00 +1.9999803395945537e+00 +1.8834448450141053e-03 +9.9987517043255369e-01 +1.0000008553464050e+00 +9.9999852447602688e-01 +9.9999693078686669e-01 +1.0000000334092563e+00 -1.2697739349650436e-05 -3.0178996739624318e-06 +6.0001690945020217e-05 +4.7883955071436232e-05 +3.6315535046031244e-05
 82.00000000 +5.0000000000000000e+00 +1.9999795177827242e+00 +1.8819339011081153e-03 +9.9987831929371096e-01 +9.9999896304265778e-01 +1.0000025545925366e+00 +9.9999487149462429e-01 +1.0000015344673656e+00 -1.5689854470635800e-05 -1.4968179611476406e-05 +7.5964415992142364e-05 +3.8940667584535026e-05 +3.9510049609080054e-05
 82.50000000 +5.0000000000000000e+00 +1.9999786958015346e+00 +1.8804226458244294e-03 +9.9988146880379025e-01 +9.9999707034894114e-01 +1.0000065855395788e+00 +9.9999281177799948e-01 +1.0000030358348153e+00 -1.8682586211409057e-05 -2.6920922281466391e-05 +9.1930430662736439e-05 +2.9995537050889176e-05 +4.2705222502711960e-05
 83.00000000 +5.0000000000000000e+00 +1.9999802467004892e+00 +1.8812189575239926e-03 +9.9987979878184041e-01 +9.9999886674086536e-01 +1.0000051094485574e+00 +9.9999561956533978e-01 +1.0000026361553551e+00 -1.1624358637739868e-05 -2.1901305513399961e-05 +9.0787927608980713e-05 +3.0905392868110260e-05 +2.9801640285902238e-05
 83.50000000 +5.0000000000000000e+00 +1.9999817975503351e+00 +1.8820152440087788e-03 +9.9987812881277094e-01 +1.0000006630759077e+00 +1.0000036334042759e+00 +9.9999842726377286e-01 +1.0000022364885501e+00 -4.5663545590095410e-06 -1.6881847688769537e-05 +8.9645460731963011e-05 +3.1815219875241542e-05 +1.6898466654008289e-05
 84.00000000 +5.0000000000000000e+00 +1.9999833483510754e+00 +1.8828115052799857e-03 +9.9987645889657928e-01 +1.0000024593540711e+00 +1.0000021574067315e+00 +1.0000012348733032e+00 +1.0000018368344006e+00 +2.4914260353970121e-06 -1.1862548800025968e-05 +8.8503030029965144e-05 +3.2725018073651390e-05 +3.9957015876240037e-06
 84.50000000 +5.0000000000000000e+00 +1.9999848991027123e+00 +1.8836077413388109e-03 +9.9987478903326310e-01 +1.0000042555753583e+00 +1.0000006814559226e+00 +1.0000040423939351e+00 +1.0000014371929054e+00 +9.5489831560942314e-06 -6.8434088396205532e-06 +8.7360635501269003e-05 +3.3634787464708075e-05 -8.9066549326555232e-06
 85.00000000 +5.0000000000000000e+00 +1.9999864498052469e+00 +1.8844039521864512e-03 +9.9987311922281952e-01 +1.0000060517397715e+00 +9.9999920555184652e-01 +1.0000068498256727e+00 +1.0000010375640640e+00 +1.6606316813695863e-05 -1.8244278000050874e-06 +8.6218277144156467e-05 +3.4544528049779772e-05 -2.1808602926233945e-05
 85.50000000 +5.0000000000000000e+00 +1.9999847897269258e+00 +1.8893295295763710e-03 +9.9986096220922871e-01 +1.0000067018191696e+00 +9.9999898910152463e-01 +1.0000057304280696e+00 +9.9999909237278117e-01 +2.1538130035623487e-05 -5.5283971033420434e-06 +8.9382197400996339e-05 +3.6802825238806609e-05 -1.3670690174193746e-05
 86.00000000 +5.0000000000000000e+00 +1.9999831298473563e+00 +1.8942545172574619e-03 +9.9984880665112186e-01 +1.0000073518207382e+00 +9.9999877267711768e-01 +1.0000046111644856e+00 +9.9999714741438472e-01 +2.6469352802144267e-05 -9.2319229534086580e-06 +9.2545738861288547e-05 +3.9060852055918397e-05 -5.5337517239709045e-06
 86.50000000 +5.0000000000000000e+00 +1.9999814701665017e+00 +1.8991789153356199e-03 +9.9983665254823750e-01 +1.0000080017444908e+00 +9.9999855627861955e-01 +1.0000034920348957e+00 +9.9999520268883169e-01 +3.1399985219289169e-05 -1.2935005429838024e-05 +9.5708901593055340e-05 +4.1318608549667133e-05 +2.6022125993947795e-06
 87.00000000 +5.0000000000000000e+00 +1.9999798106843265e+00 +1.9041027239167173e-03 +9.9982449990031408e-01 +1.0000086515904412e+00 +9.9999833990602682e-01 +1.0000023730392762e+00 +9.9999325819608087e-01 +3.6330027393063837e-05 -1.6637644612244178e-05 +9.8871685664302878e-05 +4.3576094768593232e-05 +1.0737202970821617e-05
 87.50000000 +5.0000000000000000e+00 +1.9999781514007953e+00 +1.9090259431065999e-03 +9.9981234870709079e-01 +1.0000093013586033e+00 +9.9999812355933426e-01 +1.0000012541776031e+00 +9.9999131393609020e-01 +4.1259479429448499e-05 -2.0339840580222086e-05 +1.0203409114302094e-04 +4.5833310761225455e-05 +1.8871219565186033e-05
 88.00000000 +5.0000000000000000e+00 +1.9999764923158725e+00 +1.9139485730110897e-03 +9.9980019896830641e-01 +1.0000099510489917e+00 +9.9999790723853754e-01 +1.0000001354498527e+00 +9.9998936990881815e-01 +4.6188341434397999e-05 -2.4041593413347672e-05 +1.0519611809718306e-04 +4.8090256576080988e-05 +2.7004262557322608e-05
 88.50000000 +5.0000000000000000e+00 +1.9999748334295213e+00 +1.9188706137359798e-03 +9.9978805068369903e-01 +1.0000106006616196e+00 +9.9999769094363156e-01 +9.9999901685600001e-01 +9.9998742611422253e-01 +5.1116613513841851e-05 -2.7742903191177789e-05 +1.0835776659474647e-04 +5.0346932261665328e-05 +3.5136332122024032e-05
 89.00000000 +5.0000000000000000e+00 +1.9999731747417075e+00 +1.9237920653870427e-03 +9.9977590385300863e-01 +1.0000112501965017e+00 +9.9999747467461197e-01 +9.9999789839602149e-01 +9.9998548255226183e-01 +5.6044295773684205e-05 -3.1443769993250289e-05 +1.1151903670365219e-04 +5.2603337866472468e-05 +4.3267428434041226e-05
 89.50000000 +5.0000000000000000e+00 +1.9999715162523954e+00 +1.9287129280700231e-03 +9.9976375847597376e-01 +1.0000118996536516e+00 +9.9999725843147425e-01 +9.9999678006989368e-01 +9.9998353922289462e-01 +6.0971388319803867e-05 -3.5144193899083951e-05 +1.1467992849182496e-04 +5.4859473438984710e-05 +5.1397551668083207e-05
 90.00000000 +5.0000000000000000e+00 +1.9999698579615486e+00 +1.9336332018906395e-03 +9.9975161455233363e-01 +1.0000125490330831e+00 +9.9999704221421337e-01 +9.9999566187759181e-01 +9.9998159612607873e-01 +6.5897891258054252e-05 -3.8844174988178512e-05 +1.1784044202717320e-04 +5.7115339027672775e-05 +5.9526701998817216e-05
 90.50000000 +5.0000000000000000e+00 +1.9999722341585398e+00 +1.9373464751055046e-03 +9.9974299509986242e-01 +1.0000114333045274e+00 +9.9999679348132342e-01 +9.9999698846109752e-01 +9.9998139195045666e-01 +6.3779836341813363e-05 -2.6797101096004978e-05 +1.2519877245927482e-04 +5.8231514432398561e-05 +4.9984682031037300e-05
 91.00000000 +5.0000000000000000e+00 +1.9999746099459894e+00 +1.9410591083318498e-03 +9.9973437713296764e-01 +1.0000103177682695e+00 +9.9999654479130284e-01 +9.9999831481596435e-01 +9.9998118781002465e-01 +6.1662146475691433e-05 -1.4752103536094561e-05 +1.3255583467147375e-04 +5.9347497462525742e-05 +4.0444306645509624e-05
 91.50000000 +5.0000000000000000e+00 +1.9999769853240044e+00 +1.9447711017351172e-03 +9.9972576065126506e-01 +1.0000092024242595e+00 +9.9999629614414098e-01 +9.9999964094225202e-01 +9.9998098370477384e-01 +5.9544821565321184e-05 -2.7091817717047999e-06 +1.3991162899161137e-04 +6.0463288167784164e-05 +3.0905575417101293e-05
 92.00000000 +5.0000000000000000e+00 +1.9999793602926896e+00 +1.9484824554806895e-03 +9.9971714565437109e-01 +1.0000080872724475e+00 +9.9999604753982618e-01 +1.0000009668400187e+00 +9.9998077963469467e-01 +5.7427861516367791e-05 +9.3316647337218150e-06 +1.4726615574741592e-04 +6.1578886597886496e-05 +2.1368487920825927e-05
 92.50000000 +5.0000000000000000e+00 +1.9999817348521505e+00 +1.9521931697338922e-03 +9.9970853214190136e-01 +1.0000069723127842e+00 +9.9999579897834801e-01 +1.0000022925093242e+00 +9.9998057559977815e-01 +5.5311266234528990e-05 +2.1370436516557849e-05 +1.5461941526650284e-04 +6.2694292802528269e-05 +1.1833043731843599e-05
 93.00000000 +5.0000000000000000e+00 +1.9999841090024930e+00 +1.9559032446599942e-03 +9.9969992011347253e-01 +1.0000058575452193e+00 +9.9999555045969446e-01 +1.0000036179502265e+00 +9.9998037160001496e-01 +5.3195035625534967e-05 +3.3407134112991058e-05 +1.6197140787637456e-04 +6.3809506831387906e-05 +2.2992424254607876e-06
 93.50000000 +5.0000000000000000e+00 +1.9999864827438243e+00 +1.9596126804242108e-03 +9.9969130956870156e-01 +1.0000047429697043e+00 +9.9999530198385556e-01 +1.0000049431627862e+00 +9.9998016763539699e-01 +5.1079169595148448e-05 +4.5441758059024503e-05 +1.6932213390442085e-04 +6.4924528734126730e-05 -7.2329164228697066e-06
 94.00000000 +5.0000000000000000e+00 +1.9999888560762482e+00 +1.9633214771916942e-03 +9.9968270050720465e-01 +1.0000036285861886e+00 +9.9999505355081952e-01 +1.0000062681470612e+00 +9.9997996370591402e-01 +4.8963668049164549e-05 +5.7474308890476503e-05 +1.7667159367791850e-04 +6.6039358560388909e-05 -1.6763433237548831e-05
 94.50000000 +5.0000000000000000e+00 +1.9999912289998716e+00 +1.9670296351275447e-03 +9.9967409292859832e-01 +1.0000025143946227e+00 +9.9999480516057537e-01 +1.0000075929031105e+00 +9.9997975981155762e-01 +4.6848530893410914e-05 +6.9504787142980791e-05 +1.8401978752403156e-04 +6.7153996359801534e-05 -2.6292308442831285e-05
 95.00000000 +5.0000000000000000e+00 +1.9999936015147992e+00 +1.9707371543968033e-03 +9.9966548683249989e-01 +1.0000014003949573e+00 +9.9999455681311256e-01 +1.0000089174309934e+00 +9.9997955595231836e-01 +4.4733758033747575e-05 +8.1533193351986650e-05 +1.9136671576981150e-04 +6.8268442181974607e-05 -3.5819542462825660e-05
 95.50000000 +5.0000000000000000e+00 +1.9999933088601236e+00 +1.9701979897519006e-03 +9.9966502248622291e-01 +1.0000009355076507e+00 +9.9999682475637219e-01 +1.0000062150667510e+00 +9.9998463783679592e-01 +5.2742602151552881e-05 +8.4030852250919935e-05 +1.7628562070301149e-04 +6.7038613151932280e-05 -3.3733350024438955e-05
 96.00000000 +5.0000000000000000e+00 +1.9999930161895008e+00 +1.9696587957271608e-03 +9.9966455811464316e-01 +1.0000004705950114e+00 +9.9999909282321531e-01 +1.0000035125552531e+00 +9.9998971999819253e-01 +6.0751882682496371e-05 +8.6528647250786437e-05 +1.6120370384620922e-04 +6.5808717106782840e-05 -3.1647043906503044e-05
 96.50000000 +5.0000000000000000e+00 +1.9999927235029296e+00 +1.9691195723201835e-03 +9.9966409371775866e-01 +1.0000000056570379e+00 +1.0000013610136518e+00 +1.0000008098964874e+00 +9.9999480243653094e-01 +6.8761599662250196e-05 +8.9026578362710911e-05 +1.4612096513223215e-04 +6.4578754041048518e-05 -2.9560624099725846e-05
 97.00000000 +5.0000000000000000e+00 +1.9999924308004082e+00 +1.9685803195285648e-03 +9.9966362929556674e-01 +9.9999954069372754e-01 +1.0000036293276919e+00 +9.9999810709044179e-01 +9.9999988515183325e-01 +7.6771753126490317e-05 +9.1524645597819372e-05 +1.3103740449390034e-04 +6.3348723949250920e-05 -2.7474090594814245e-05
 97.50000000 +5.0000000000000000e+00 +1.9999921380819363e+00 +1.9680410373499042e-03 +9.9966316484806594e-01 +9.9999907570507884e-01 +1.0000058977653461e+00 +9.9999540413710475e-01 +1.0000049681441230e+00 +8.4782343110896658e-05 +9.4022848967239094e-05 +1.1595302186402667e-04 +6.2118626825911100e-05 -2.5387443382474144e-05
 98.00000000 +5.0000000000000000e+00 +1.9999918453475116e+00 +1.9675017257817992e-03 +9.9966270037525395e-01 +9.9999861069108964e-01 +1.0000081663266236e+00 +9.9999270103646376e-01 +1.0000100514134220e+00 +9.2793369651153007e-05 +9.6521188482098465e-05 +1.0086781717541658e-04 +6.0888462665549519e-05 -2.3300682453410407e-05
 98.50000000 +5.0000000000000000e+00 +1.9999915525971337e+00 +1.9669623848218476e-03 +9.9966223587712899e-01 +9.9999814565175782e-01 +1.0000104350115355e+00 +9.9998999778850728e-01 +1.0000151349597537e+00 +1.0080483278294703e-04 +9.9019664153527173e-05 +8.5781790360868194e-05 +5.9658231462686003e-05 -2.1213807798326899e-05
 99.00000000 +5.0000000000000000e+00 +1.9999912598308003e+00 +1.9664230144676451e-03 +9.9966177135368828e-01 +9.9999768058708083e-01 +1.0000127038200910e+00 +9.9998729439322243e-01 +1.0000202187831393e+00 +1.0881673254197026e-04 +1.0151827599265600e-04 +7.0694941353172317e-05 +5.8427933211839769e-05 -1.9126819407926436e-05
 99.50000000 +5.0000000000000000e+00 +1.9999909670485110e+00 +1.9658836147167904e-03 +9.9966130680493037e-01 +9.9999721549705711e-01 +1.0000149727523009e+00 +9.9998459085059788e-01 +1.0000253028836030e+00 +1.1682906896391817e-04 +1.0401702401061712e-04 +5.5607270085112483e-05 +5.7197567907529496e-05 -1.7039717272910887e-05
100.00000000 +5.0000000000000000e+00 +1.9999906742502636e+00 +1.9653441855668791e-03 +9.9966084223085305e-01 +9.9999675038168456e-01 +1.0000172418081748e+00 +9.9998188716062164e-01 +1.0000303872611667e+00 +1.2484184208449013e-04 +1.0651590821854378e-04 +4.0518776489464863e-05 +5.5967135544273235e-05 -1.4952501383981049e-05
100.50000000 +5.0000000000000000e+00 +1.9999925389633590e+00 +1.9590368364201874e-03 +9.9967878918503816e-01 +9.9999733744283381e-01 +1.0000151163919444e+00 +9.9998394332621665e-01 +1.0000241636283844e+00 +1.1092361072993647e-04 +1.0056127066673471e-04 +5.1722500859528619e-05 +4.5004926695817154e-05 -7.5622802397123204e-06
101.00000000 +5.0000000000000000e+00 +1.9999944032867418e+00 +1.9527308054643805e-03 +9.9969673238843793e-01 +9.9999792438129120e-01 +1.0000129914199107e+00 +9.9998599906208774e-01 +1.0000179412962966e+00 +9.7008288186245704e-05 +9.4607877591609067e-05 +6.2923883731285423e-05 +3.4045008870650406e-05 -1.7360359883601114e-07
101.50000000 +5.0000000000000000e+00 +1.9999962672205356e+00 +1.9464260922862644e-03 +9.9971467184222818e-01 +9.9999851119709560e-01 +1.0000108668919345e+00 +9.9998805436836957e-01 +1.0000117202644960e+00 +8.3095873541632072e-05 +8.8655728603077513e-05 +7.4122925838693193e-05 +2.3087381350636793e-05 +7.2135290227825383e-06
102.00000000 +5.0000000000000000e+00 +1.9999981307648613e+00 +1.9401226964728146e-03 +9.9973260754758420e-01 +9.9999909789028518e-01 +1.0000087428078768e+00 +9.9999010924519671e-01 +1.0000055005325748e+00 +6.9186365884690897e-05 +8.2704823311213719e-05 +8.5319627915403118e-05 +1.2132043417940238e-05 +1.4599118109075680e-05
102.50000000 +5.0000000000000000e+00 +1.9999999939198421e+00 +1.9338206176111820e-03 +9.9975053950568060e-01 +9.9999968446089837e-01 +1.0000066191675980e+00 +9.9999216369270372e-01 +9.9999928210012579e-01 +5.5279764304398271e-05 +7.6755161326254309e-05 +9.6513990694759832e-05 +1.1789943550246078e-06 +2.1983164143773527e-05
103.00000000 +5.0000000000000000e+00 +2.0000018566855995e+00 +1.9275198552886888e-03 +9.9976846771769223e-01 +1.0000002709089741e+00 +1.0000044959709602e+00 +9.9999421771102592e-01 +9.9999306496674167e-01 +4.1376067890111025e-05 +7.0806742258598795e-05 +1.0770601490980161e-04 -9.7717665553464374e-06 +2.9365667610404121e-05
103.50000000 +5.0000000000000000e+00 +2.0000037190622555e+00 +1.9212204090928292e-03 +9.9978639218479226e-01 +1.0000008572345505e+00 +1.0000023732178229e+00 +9.9999627130029678e-01 +9.9998684913201574e-01 +2.7475275731566313e-05 +6.4859565718809333e-05 +1.1889570129326043e-04 -2.0720240030109607e-05 +3.6746628992293482e-05
104.00000000 +5.0000000000000000e+00 +2.0000055810499320e+00 +1.9149222786112698e-03 +9.9980431290815386e-01 +1.0000014434376654e+00 +1.0000002509080481e+00 +9.9999832446065107e-01 +9.9998063459554054e-01 +1.3577386918881563e-05 +5.8913631317610870e-05 +1.3008305057756221e-04 -3.1666426785902136e-05 +4.4126048772565722e-05
104.50000000 +5.0000000000000000e+00 +2.0000074426487515e+00 +1.9086254634318506e-03 +9.9982222988895009e-01 +1.0000020295183578e+00 +9.9999812904149676e-01 +1.0000003771922232e+00 +9.9997442135690973e-01 -3.1759945744569542e-07 +5.2968938665890883e-05 +1.4126806349482691e-04 -4.2610327539061886e-05 +5.1503927434143167e-05
105.00000000 +5.0000000000000000e+00 +2.0000093038588340e+00 +1.9023299631425821e-03 +9.9984014312835279e-01 +1.0000026154766657e+00 +9.9999600761802976e-01 +1.0000024294951473e+00 +9.9996820941571685e-01 -1.4209684306538164e-05 +4.7025487374699387e-05 +1.5245074077686885e-04 -5.3551943005627588e-05 +5.8880265459746468e-05
105.50000000 +5.0000000000000000e+00 +2.0000147760284857e+00 +1.9065828877544108e-03 +9.9983083670015271e-01 +1.0000047873641960e+00 +9.9999465165167123e-01 +1.0000000151114044e+00 +9.9997267181587557e-01 -3.1066986502331283e-06 +5.9524685264182693e-05 +1.3093734946990397e-04 -5.2843985762220958e-05 +6.2526006443107594e-05
106.00000000 +5.0000000000000000e+00 +2.0000202481182541e+00 +1.9108357502817667e-03 +9.9982153040780841e-01 +1.0000069592200211e+00 +9.9999329570510742e-01 +9.9999760076290689e-01 +9.9997713415089207e-01 +7.9961249239574220e-06 +7.2023700689553591e-05 +1.0942427221683963e-04 -5.2136038853620710e-05 +6.6171694205702214e-05
106.50000000 +5.0000000000000000e+00 +2.0000257201281406e+00 +1.9150885507260085e-03 +9.9981222425131699e-01 +1.0000091310441412e+00 +9.9999193977833722e-01 +9.9999518644965346e-01 +9.9998159642076689e-01 +1.9098786419582591e-05 +8.4522533654807398e-05 +8.7911509010798957e-05 -5.1428102279600509e-05 +6.9817328748695624e-05
107.00000000 +5.0000000000000000e+00 +2.0000311920581484e+00 +1.9193412890884968e-03 +9.9980291823067557e-01 +1.0000113028365580e+00 +9.9999058387136108e-01 +9.9999277217164462e-01 +9.9998605862550283e-01 +3.0201285840191385e-05 +9.7021184163939502e-05 +6.6399059844905384e-05 -5.0720176039934131e-05 +7.3462910073253257e-05
107.50000000 +5.0000000000000000e+00 +2.0000366639082774e+00 +1.9235939653705894e-03 +9.9979361234588082e-01 +1.0000134745972709e+00 +9.9998922798417755e-01 +9.9999035792887792e-01 +9.9999052076510031e-01 +4.1303623189332665e-05 +1.0951965222094498e-04 +4.4886924712282465e-05 -5.0012260134395214e-05 +7.7108438180540335e-05
108.00000000 +5.0000000000000000e+00 +2.0000421356785312e+00 +1.9278465795736471e-03 +9.9978430659693041e-01 +1.0000156463262815e+00 +9.9998787211678730e-01 +9.9998794372135424e-01 +9.9999498283956123e-01 +5.2405798470555269e-05 +1.2201793782981896e-04 +2.3375103606054019e-05 -4.9304354562757532e-05 +8.0753913071722171e-05
108.50000000 +5.0000000000000000e+00 +2.0000476073689097e+00 +1.9320991316990285e-03 +9.9977500098382055e-01 +1.0000178180235901e+00 +9.9998651626918922e-01 +9.9998552954907138e-01 +9.9999944484888681e-01 +6.3507811687407866e-05 +1.3451604099455635e-04 +1.8635965193439811e-06 -4.8596459324794786e-05 +8.4399334747963984e-05
109.00000000 +5.0000000000000000e+00 +2.0000530789794171e+00 +1.9363516217480933e-03 +9.9976569550654915e-01 +1.0000199896891977e+00 +9.9998516044138308e-01 +9.9998311541202978e-01 +1.0000039067930788e+00 +7.4609662843439048e-05 +1.4701396171915202e-04 -1.9647596554723463e-05 -4.7888574420280723e-05 +8.8044703210431033e-05
109.50000000 +5.0000000000000000e+00 +2.0000585505100528e+00 +1.9406040497222004e-03 +9.9975639016511231e-01 +1.0000221613231046e+00 +9.9998380463336856e-01 +9.9998070131022776e-01 +1.0000083686721382e+00 +8.5711351942197261e-05 +1.5951170000760056e-04 -4.1158475623023877e-05 -4.7180699848989056e-05 +9.1690018460288377e-05
110.00000000 +5.0000000000000000e+00 +2.0000640219608190e+00 +1.9448564156227086e-03 +9.9974708495950781e-01 +1.0000243329253116e+00 +9.9998244884514453e-01 +9.9997828724366500e-01 +1.0000128304860663e+00 +9.6812878987230896e-05 +1.7200925586389665e-04 -6.2669040692432706e-05 -4.6472835610693552e-05 +9.5335280498701233e-05
110.50000000 +5.0000000000000000e+00 +2.0000600497337024e+00 +1.9481170108418236e-03 +9.9973636245294994e-01 +1.0000247753951788e+00 +9.9998064043249668e-01 +9.9998007604871209e-01 +1.0000105609496559e+00 +1.0009694497211935e-04 +1.3676928815000913e-04 -3.5180720393925914e-05 -3.5719480091386182e-05 +1.0161868707570346e-04
111.00000000 +5.0000000000000000e+00 +2.0000560774711946e+00 +1.9513776351127491e-03 +9.9972563985085505e-01 +1.0000252178689883e+00 +9.9997883200373616e-01 +9.9998186486969742e-01 +1.0000082913930239e+00 +1.0338104021794192e-04 +1.0152900644901608e-04 -7.6921551752705757e-06 -2.4966028759988356e-05 +1.0790214963767885e-04
111.50000000 +5.0000000000000000e+00 +2.0000521051732933e+00 +1.9546382884358727e-03 +9.9971491715322136e-01 +1.0000256603467406e+00 +9.9997702355886242e-01 +9.9998365370662112e-01 +1.0000060218161702e+00 +1.0666516472508964e-04 +6.6288410756720995e-05 +1.9796654966806683e-05 -1.4212481615219519e-05 +1.1418566818537551e-04
112.00000000 +5.0000000000000000e+00 +2.0000481328399982e+00 +1.9578989708115835e-03 +9.9970419436004820e-01 +1.0000261028284347e+00 +9.9997521509787524e-01 +9.9998544255948352e-01 +1.0000037522190943e+00 +1.0994931849395364e-04 +3.1047501068927367e-05 +4.7285710035579274e-05 -3.4588386557991366e-06 +1.2046924271954177e-04
112.50000000 +5.0000000000000000e+00 +2.0000441604713100e+00 +1.9611596822402687e-03 +9.9969347147133392e-01 +1.0000265453140720e+00 +9.9997340662077483e-01 +9.9998723142828472e-01 +1.0000014826017964e+00 +1.1323350152492499e-04 -4.1937226185613709e-06 +7.4775010034320679e-05 +7.2949001195533687e-06 +1.2675287324092591e-04
113.00000000 +5.0000000000000000e+00 +2.0000401880672269e+00 +1.9644204227223182e-03 +9.9968274848707717e-01 +1.0000269878036518e+00 +9.9997159812756053e-01 +9.9998902031302517e-01 +9.9999921296427574e-01 +1.1651771381839477e-04 -3.9435260309941907e-05 +1.0226455496630445e-04 +1.8048734712118602e-05 +1.3303655975027616e-04
113.50000000 +5.0000000000000000e+00 +2.0000362156277496e+00 +1.9676811922581189e-03 +9.9967202540727695e-01 +1.0000274302971739e+00 +9.9996978961823191e-01 +9.9999080921370476e-01 +9.9999694330653199e-01 +1.1980195537475405e-04 -7.4677112009410959e-05 +1.2975434483480415e-04 +2.8802665123177177e-05 +1.3932030224834082e-04
114.00000000 +5.0000000000000000e+00 +2.0000322431528761e+00 +1.9709419908480593e-03 +9.9966130223193139e-01 +1.0000278727946390e+00 +9.9996798109278917e-01 +9.9999259813032348e-01 +9.9999467362856531e-01 +1.2308622619439401e-04 -1.0991927772116536e-04 +1.5724437964309343e-04 +3.9556691354009752e-05 +1.4560410073586824e-04
114.50000000 +5.0000000000000000e+00 +2.0000282706426078e+00 +1.9742028184925289e-03 +9.9965057896104015e-01 +1.0000283152960467e+00 +9.9996617255123232e-01 +9.9999438706288224e-01 +9.9999240393037547e-01 +1.2637052627770571e-04 -1.4516175744940204e-04 +1.8473465939444607e-04 +5.0310813405896977e-05 +1.5188795521360669e-04
115.00000000 +5.0000000000000000e+00 +2.0000242980969429e+00 +1.9774636751919150e-03 +9.9963985559460145e-01 +1.0000287578013975e+00 +9.9996436399356070e-01 +9.9999617601138102e-01 +9.9999013421196170e-01 +1.2965485562508035e-04 -1.8040455119831792e-04 +2.1222518409213576e-04 +6.1065031280119566e-05 +1.5817186568230457e-04
115.50000000 +5.0000000000000000e+00 +2.0000281250188681e+00 +1.9493843907636198e-03 +9.9971447651711165e-01 +1.0000265908125621e+00 +9.9996340773372649e-01 +9.9999259808466190e-01 +9.9999463726122584e-01 +1.0670963418811692e-04 -1.7858448055852496e-04 +1.8976257907438469e-04 +3.2678974366261131e-05 +1.5772288249340412e-04
116.00000000 +5.0000000000000000e+00 +2.0000319516564340e+00 +1.9213071927594403e-03 +9.9978909189493292e-01 +1.0000244239847447e+00 +9.9996245154494701e-01 +9.9998902042379978e-01 +9.9999913997589207e-01 +8.3766117690019321e-05 -1.7676454515861976e-04 +1.6730164313480872e-04 +4.2950266711702166e-06 +1.5727393266608578e-04
116.50000000 +5.0000000000000000e+00 +2.0000357780096736e+00 +1.8932320809468383e-03 +9.9986370172868355e-01 +1.0000222573179267e+00 +9.9996149542721435e-01 +9.9998544302876469e-01 +1.0000036423559979e+00 +6.0824305940767009e-05 -1.7494474498352952e-04 +1.4484237608738406e-04 -2.4086812040231907e-05 +1.5682501619663131e-04
117.00000000 +5.0000000000000000e+00 +2.0000396040786179e+00 +1.8651590550933105e-03 +9.9993830601898137e-01 +1.0000200908120902e+00 +9.9996053938052054e-01 +9.9998186589952742e-01 +1.0000081444015800e+00 +3.7884198750367718e-05 -1.7312508001818351e-04 +1.2238477774611457e-04 -5.2466542002989015e-05 +1.5637613308132299e-04
117.50000000 +5.0000000000000000e+00 +2.0000434298632990e+00 +1.8370881149663871e-03 +1.0000129047664441e+00 +1.0000179244672176e+00 +9.9995958340485736e-01 +9.9997828903605834e-01 +1.0000126461126764e+00 +1.4945795928857400e-05 -1.7130555024751328e-04 +9.9928847925031888e-05 -8.0844163452109934e-05 +1.5592728331644370e-04
118.00000000 +5.0000000000000000e+00 +2.0000472553637487e+00 +1.8090192603336342e-03 +1.0000874979716894e+00 +1.0000157582832909e+00 +9.9995862750021758e-01 +9.9997471243832781e-01 +1.0000171474893240e+00 -7.9909027136997687e-06 -1.6948615565645281e-04 +7.7474586438195162e-05 -1.0921967662256870e-04 +1.5547846689827684e-04
118.50000000 +5.0000000000000000e+00 +2.0000510805799974e+00 +1.7809524909626515e-03 +1.0001620856353346e+00 +1.0000135922602917e+00 +9.9995767166659255e-01 +9.9997113610630572e-01 +1.0000216485315598e+00 -3.0925897367211395e-05 -1.6766689622993802e-04 +5.5021993099691174e-05 -1.3759308174930419e-04 +1.5502968382310632e-04
119.00000000 +5.0000000000000000e+00 +2.0000549055120787e+00 +1.7528878066210738e-03 +1.0002366677579981e+00 +1.0000114263982027e+00 +9.9995671590397484e-01 +9.9996756003996334e-01 +1.0000261492394216e+00 -5.3859188221556892e-05 -1.6584777195290730e-04 +3.2571067723634342e-05 -1.6596437906722073e-04 +1.5458093408721678e-04
119.50000000 +5.0000000000000000e+00 +2.0000587301600223e+00 +1.7248252070765689e-03 +1.0003112443402962e+00 +1.0000092606970052e+00 +9.9995576021235577e-01 +9.9996398423926980e-01 +1.0000306496129459e+00 -7.6790775466587349e-05 -1.6402878281030113e-04 +1.0121810124166754e-05 -1.9433356881118724e-04 +1.5413221768689314e-04
120.00000000 +5.0000000000000000e+00 +2.0000625545238617e+00 +1.6967646920968426e-03 +1.0003858153828469e+00 +1.0000070951566826e+00 +9.9995480459172881e-01 +9.9996040870419711e-01 +1.0000351496521709e+00 -9.9720659292125817e-05 -1.6220992878706233e-04 -1.2325779884541950e-05 -2.2270065121603836e-04 +1.5368353461842115e-04
120.50000000 +5.0000000000000000e+00 +2.0000558463326699e+00 +1.7326511478798412e-03 +1.0002906974244454e+00 +1.0000057434152536e+00 +9.9995987468956693e-01 +9.9995824911980691e-01 +1.0000331446871793e+00 -7.8622915693503831e-05 -9.9091397831283708e-05 -1.1244797956007922e-05 -2.0515661583352010e-04 +1.4640639357916654e-04
121.00000000 +5.0000000000000000e+00 +2.0000491389933934e+00 +1.7685330462197300e-03 +1.0001955915456622e+00 +1.0000043918454906e+00 +9.9996494414352211e-01 +9.9995608980967599e-01 +1.0000311399768107e+00 -5.7527851427908585e-05 -3.5980882688371449e-05 -1.0163953308058850e-05 -1.8761480847662954e-04 +1.3913017670908839e-04
121.50000000 +5.0000000000000000e+00 +2.0000424325058694e+00 +1.8044103879846210e-03 +1.0001004977441958e+00 +1.0000030404473612e+00 +9.9997001295371679e-01 +9.9995393077375161e-01 +1.0000291355210165e+00 -3.6435465984974883e-05 +2.7121618168543975e-05 -9.0832459145452250e-06 -1.7007522872096735e-04 +1.3185488383214898e-04
122.00000000 +5.0000000000000000e+00 +2.0000357268699354e+00 +1.8402831740424053e-03 +1.0000054160177467e+00 +1.0000016892208321e+00 +9.9997508112027378e-01 +9.9995177201198182e-01 +1.0000271313197484e+00 -1.5345758854467108e-05 +9.0216106265944400e-05 -8.0026757493241837e-06 -1.5253787614224221e-04 +1.2458051477235520e-04
122.50000000 +5.0000000000000000e+00 +2.0000290220854291e+00 +1.8761514052607542e-03 +9.9991034636401455e-01 +1.0000003381658711e+00 +9.9998014864331519e-01 +9.9994961352431422e-01 +1.0000251273729572e+00 +5.7412704737207703e-06 +1.5330258312992395e-04 -6.9222427862594983e-06 -1.3500275031627038e-04 +1.1730706935375868e-04
123.00000000 +5.0000000000000000e+00 +2.0000223181521890e+00 +1.9120150825071174e-03 +9.9981528878070047e-01 +9.9999898728244541e-01 +9.9998521552296415e-01 +9.9994745531069695e-01 +1.0000231236805959e+00 +2.6825622509565263e-05 +2.1638105028618936e-04 -5.8419469992215828e-06 -1.1746985081897598e-04 +1.1003454740045574e-04
123.50000000 +5.0000000000000000e+00 +2.0000156150700525e+00 +1.9478742066487262e-03 +9.9972024326550557e-01 +9.9999763657052199e-01 +9.9999028175934301e-01 +9.9994529737107762e-01 +1.0000211202426146e+00 +4.7907297762913366e-05 +2.7945150926005980e-04 -4.7617883620874771e-06 -9.9939177226390660e-05 +1.0276294873658736e-04
124.00000000 +5.0000000000000000e+00 +2.0000089128388576e+00 +1.9837287785525897e-03 +9.9962520981613157e-01 +9.9999628603006863e-01 +9.9999534735257389e-01 +9.9994313970540383e-01 +1.0000191170589652e+00 +6.8986296743482684e-05 +3.4251396157646723e-04 -3.6817668487408587e-06 -8.2410729114653776e-05 +9.5492273186339151e-05
124.50000000 +5.0000000000000000e+00 +2.0000022114584430e+00 +2.0195787990854993e-03 +9.9953018843028196e-01 +9.9999493566105291e-01 +1.0000004123027799e+00 +9.9994098231362383e-01 +1.0000171141295995e+00 +9.0062619960861340e-05 +4.0556840875995658e-04 -2.6018824330720399e-06 -6.4884506060012401e-05 +8.8222520573941399e-05
125.00000000 +5.0000000000000000e+00 +1.9999955109286451e+00 +2.0554242691140229e-03 +9.9943517910565882e-01 +9.9999358546344153e-01 +1.0000054766100830e+00 +9.9993882519568500e-01 +1.0000151114544693e+00 +1.1113626792450811e-04 +4.6861485233468559e-04 -1.5221350889779546e-06 -4.7360507638821008e-05 +8.0953690723668944e-05
125.50000000 +5.0000000000000000e+00 +2.0000037219576634e+00 +2.0506098703184632e-03 +9.9944410427439678e-01 +9.9999752384327467e-01 +1.0000105265462984e+00 +9.9994748757653962e-01 +1.0000178416152268e+00 +9.9737972392827402e-05 +4.4458334356249982e-04 +4.0289483282911604e-06 -3.9242782389794249e-05 +7.3408660313443422e-05
126.00000000 +5.0000000000000000e+00 +2.0000119331141804e+00 +2.0457953967663368e-03 +9.9945302958172222e-01 +1.0000014622842619e+00 +1.0000155765609278e+00 +9.9995615009190120e-01 +1.0000205718183777e+00 +8.8339499871768146e-05 +4.2055146163611824e-04 +9.5801179411499305e-06 -3.1124931091118833e-05 +6.5863512746206187e-05
126.50000000 +5.0000000000000000e+00 +2.0000201443981984e+00 +2.0409808484559014e-03 +9.9946195502763835e-01 +1.0000054007864045e+00 +1.0000206266539728e+00 +9.9996481274177274e-01 +1.0000233020639222e+00 +7.6940850357207926e-05 +3.9651920654684930e-04 +1.5131373751606000e-05 -2.3006953739858824e-05 +5.8318248019228371e-05
127.00000000 +5.0000000000000000e+00 +2.0000283558097216e+00 +2.0361662253854159e-03 +9.9947088061214862e-01 +1.0000093393497045e+00 +1.0000256768254359e+00 +9.9997347552615767e-01 +1.0000260323518624e+00 +6.5542023845024225e-05 +3.7248657828600149e-04 +2.0682715761667089e-05 -1.4888850333078224e-05 +5.0772866129781165e-05
127.50000000 +5.0000000000000000e+00 +2.0000365673487508e+00 +2.0313515275531386e-03 +9.9947980633525524e-01 +1.0000132779741622e+00 +1.0000307270753179e+00 +9.9998213844505868e-01 +1.0000287626821984e+00 +5.4143020331094386e-05 +3.4845357684488255e-04 +2.6234143973340940e-05 -6.7706208678409246e-06 +4.3227367075135558e-05
128.00000000 +5.0000000000000000e+00 +2.0000447790152913e+00 +2.0265367549573291e-03 +9.9948873219696255e-01 +1.0000172166597798e+00 +1.0000357774036213e+00 +9.9999080149847919e-01 +1.0000314930549317e+00 +4.2743839811295654e-05 +3.2442020221480053e-04 +3.1785658388635408e-05 +1.3477346587892553e-06 +3.5681750852562532e-05
128.50000000 +5.0000000000000000e+00 +2.0000529908093454e+00 +2.0217219075962444e-03 +9.9949765819727343e-01 +1.0000211554065583e+00 +1.0000408278103479e+00 +9.9999946468642220e-01 +1.0000342234700630e+00 +3.1344482281505120e-05 +3.0038645438706289e-04 +3.7337259009558381e-05 +9.4662162497485959e-06 +2.8136017459332939e-05
129.00000000 +5.0000000000000000e+00 +2.0000612027309157e+00 +2.0169069854681456e-03 +9.9950658433619133e-01 +1.0000250942144999e+00 +1.0000458782954993e+00 +1.0000081280088911e+00 +1.0000369539275933e+00 +1.9944947737599738e-05 +2.7635233335297690e-04 +4.2888945838117829e-05 +1.7584823907973482e-05 +2.0590166892717580e-05
129.50000000 +5.0000000000000000e+00 +2.0000694147800044e+00 +2.0120919885712879e-03 +9.9951551061371879e-01 +1.0000290330836048e+00 +1.0000509288590773e+00 +1.0000167914658886e+00 +1.0000396844275234e+00 +8.5452361754563674e-06 +2.5231783910384929e-04 +4.8440718876321735e-05 +2.5703557636400358e-05 +1.3044199149987145e-05
130.00000000 +5.0000000000000000e+00 +2.0000776269566156e+00 +2.0072769169039322e-03 +9.9952443702985971e-01 +1.0000329720138754e+00 +1.0000559795010837e+00 +1.0000254550574181e+00 +1.0000424149698548e+00 -2.8546524090482792e-06 +2.2828297163098713e-04 +5.3992578126178217e-05 +3.3822417437965781e-05 +5.4981142284122605e-06
130.50000000 +5.0000000000000000e+00 +2.0000734650163277e+00 +2.0071868852482651e-03 +9.9953204686500585e-01 +1.0000259573539003e+00 +1.0000507338375193e+00 +1.0000261822087348e+00 +1.0000403941613065e+00 -6.8344723615771068e-06 +1.9377345830113362e-04 +7.0651530681789933e-05 +7.0848284154550865e-05 -3.7532260029438446e-06
131.00000000 +5.0000000000000000e+00 +2.0000693042424622e+00 +2.0070968788248019e-03 +9.9953965456742544e-01 +1.0000189446598486e+00 +1.0000454896441002e+00 +1.0000269091562608e+00 +1.0000383739191085e+00 -1.0813176932787048e-05 +1.5927361658129045e-04 +8.7305814412003892e-05 +1.0786377402983564e-04 -1.3001973460709236e-05
131.50000000 +5.0000000000000000e+00 +2.0000651446345272e+00 +2.0070068976229360e-03 +9.9954726013801487e-01 +1.0000119339308937e+00 +1.0000402469202090e+00 +1.0000276359000813e+00 +1.0000363542430228e+00 -1.4790766591506286e-05 +1.2478344240619003e-04 +1.0395543127926732e-04 +1.4486889142551737e-04 -2.2248129234704336e-05
132.00000000 +5.0000000000000000e+00 +2.0000609861920355e+00 +2.0069169416320684e-03 +9.9955486357766998e-01 +1.0000049251662100e+00 +1.0000350056652283e+00 +1.0000283624402821e+00 +1.0000343351328114e+00 -1.8767241806300303e-05 +9.0302931712843030e-05 +1.2060038324492777e-04 +1.8186364070084924e-04 -3.1491694414138869e-05
132.50000000 +5.0000000000000000e+00 +2.0000568289144960e+00 +2.0068270108416037e-03 +9.9956246488728639e-01 +9.9999791836497198e-01 +1.0000297658785400e+00 +1.0000290887769492e+00 +1.0000323165882368e+00 -2.2742603045472032e-05 +5.5832080440536397e-05 +1.3724067226923378e-04 +2.1884802621264200e-04 -4.0732670087612306e-05
133.00000000 +5.0000000000000000e+00 +2.0000526728014183e+00 +2.0067371052409550e-03 +9.9957006406775895e-01 +9.9999091352635439e-01 +1.0000245275595279e+00 +1.0000298149101676e+00 +1.0000302986090603e+00 -2.6716850777062071e-05 +2.1370884530831955e-05 +1.5387630031133586e-04 +2.5582205231526573e-04 -4.9971057343114259e-05
133.50000000 +5.0000000000000000e+00 +2.0000485178523149e+00 +2.0066472248195404e-03 +9.9957766111998214e-01 +9.9998391064953329e-01 +1.0000192907075751e+00 +1.0000305408400227e+00 +1.0000282811950458e+00 -3.0689985468848869e-05 -1.3080660072435241e-05 +1.7050726932928712e-04 +2.9278572336065143e-04 -5.9206857268024948e-05
134.00000000 +5.0000000000000000e+00 +2.0000443640666967e+00 +2.0065573695667834e-03 +9.9958525604485005e-01 +9.9997690973368458e-01 +1.0000140553220658e+00 +1.0000312665666007e+00 +1.0000262643459554e+00 -3.4662007588348882e-05 -4.7522557423158559e-05 +1.8713358128004406e-04 +3.2973904369829304e-04 -6.8440070949115603e-05
134.50000000 +5.0000000000000000e+00 +2.0000402114440741e+00 +2.0064675394721133e-03 +9.9959284884325572e-01 +9.9996991077798425e-01 +1.0000088214023837e+00 +1.0000319920899863e+00 +1.0000242480615511e+00 -3.8632917602816747e-05 -8.1954811572961133e-05 +2.0375523811946725e-04 +3.6668201767524843e-04 -7.7670699472548913e-05
135.00000000 +5.0000000000000000e+00 +2.0000360599839584e+00 +2.0063777345249653e-03 +9.9960043951609234e-01 +9.9996291378160940e-01 +1.0000035889479133e+00 +1.0000327174102646e+00 +1.0000222323415966e+00 -4.2602715979245546e-05 -1.1637742657119779e-04 +2.2037224180232234e-04 +4.0361464963614214e-04 -8.6898743923879360e-05
135.50000000 +5.0000000000000000e+00 +2.0000317050360810e+00 +1.9957867599392758e-03 +9.9962146529182017e-01 +9.9997248916786607e-01 +9.9999911479597858e-01 +1.0000207203958080e+00 +1.0000323231957939e+00 -1.2499255950998590e-05 -1.0182416645146538e-04 +2.0138735916465993e-04 +3.3691164422840160e-04 -7.0088426257819078e-05
136.00000000 +5.0000000000000000e+00 +2.0000273525340257e+00 +1.9852017334499954e-03 +9.9964247925906513e-01 +9.9998205917640037e-01 +9.9999464315681452e-01 +1.0000087301191072e+00 +1.0000424083827719e+00 +1.7587297391176321e-05 -8.7279079724423991e-05 +1.8241313880470810e-04 +2.7024610052012800e-04 -5.3287549591673230e-05
136.50000000 +5.0000000000000000e+00 +2.0000230024757339e+00 +1.9746226500476824e-03 +9.9966348142777206e-01 +9.9999162381174111e-01 +9.9999017402830415e-01 +9.9999674657448712e-01 +1.0000524879073036e+00 +4.7656958285964245e-05 -7.2742159506503182e-05 +1.6344957174277590e-04 +2.0361798696135697e-04 -3.6496105974302051e-05
137.00000000 +5.0000000000000000e+00 +2.0000186548591481e+00 +1.9640495047285184e-03 +9.9968447180787567e-01 +1.0000011830784128e+00 +9.9998570740833448e-01 +9.9998476975628059e-01 +1.0000625617741568e+00 +7.7709740956065802e-05 -5.8213398921860070e-05 +1.4449664900925325e-04 +1.3702727203754263e-04 -1.9714087463491756e-05
137.50000000 +5.0000000000000000e+00 +2.0000143096822125e+00 +1.9534822924942995e-03 +9.9970545040929748e-01 +1.0000107369809343e+00 +9.9998124329479343e-01 +9.9997279965882513e-01 +1.0000726299880933e+00 +1.0774565960821949e-04 -4.3692791102368490e-05 +1.2555436164459646e-04 +7.0473924269507637e-05 -2.9414861259420468e-06
138.00000000 +5.0000000000000000e+00 +2.0000099669428746e+00 +1.9429210083524307e-03 +9.9972641724194988e-01 +1.0000202855238189e+00 +9.9997678168557202e-01 +9.9996083627646548e-01 +1.0000826925538704e+00 +1.3776472843322421e-04 -2.9180329187608167e-05 +1.0662270069931431e-04 +3.9579122133935205e-06 +1.3821705962746358e-05
138.50000000 +5.0000000000000000e+00 +2.0000056266390831e+00 +1.9323656473159171e-03 +9.9974737231573296e-01 +1.0000298287115761e+00 +9.9997232257856372e-01 +9.9994887960355261e-01 +1.0000927494762391e+00 +1.6776696160596160e-04 -1.4676006324853904e-05 +8.7701657233953885e-05 -6.2520795539388764e-05 +3.0575496718084224e-05
139.00000000 +5.0000000000000000e+00 +2.0000012887687908e+00 +1.9218162044033554e-03 +9.9976831564053659e-01 +1.0000393665487093e+00 +9.9996786597166343e-01 +9.9993692963444381e-01 +1.0001028007599457e+00 +1.9775237328541824e-04 -1.7981566906479653e-07 +6.8791222319086493e-05 -1.2896223036220819e-04 +4.7319894046706316e-05
139.50000000 +5.0000000000000000e+00 +1.9999969533299509e+00 +1.9112726746389266e-03 +9.9978924722623808e-01 +1.0000488990397169e+00 +9.9996341186277016e-01 +9.9992498636350280e-01 +1.0001128464097313e+00 +2.2772097761470796e-04 +1.4308249617126488e-05 +4.9891387035293748e-05 -1.9536642359326305e-04 +6.4054905846383709e-05
140.00000000 +5.0000000000000000e+00 +1.9999926203205194e+00 +1.9007350530523895e-03 +9.9981016708270554e-01 +1.0000584261890930e+00 +9.9995896024978337e-01 +9.9991304978509932e-01 +1.0001228864303313e+00 +2.5767278872109410e-04 +2.8788196363424543e-05 +3.1002142473153337e-05 -2.6173340653563024e-04 +8.0780540006036329e-05
140.50000000 +5.0000000000000000e+00 +2.0000113541041458e+00 +1.8549322028609077e-03 +9.9992533275165629e-01 +1.0000537811598236e+00 +9.9996605205407207e-01 +9.9992569781811724e-01 +1.0001031984750883e+00 +1.6404132498047279e-04 +1.0599101159262644e-05 +3.0608066107380579e-05 -2.4446116270935707e-04 +6.5150410187581341e-05
141.00000000 +5.0000000000000000e+00 +2.0000300979854515e+00 +1.8091046645181707e-03 +1.0000405604959461e+00 +1.0000491336268413e+00 +9.9997314768090773e-01 +9.9993835266853992e-01 +1.0000834999078594e+00 +7.0359393032535278e-05 -7.5997981320189457e-06 +3.0213777330876090e-05 -2.2717960898716418e-04 +4.9511855587535384e-05
141.50000000 +5.0000000000000000e+00 +2.0000488519726023e+00 +1.7632524180580908e-03 +1.0001558503657770e+00 +1.0000444835881213e+00 +9.9998024713338163e-01 +9.9995101434188016e-01 +1.0000637907200616e+00 -2.3373047937949855e-05 -2.5808509439294780e-05 +2.9819275971856607e-05 -2.0988873783984497e-04 +3.3864869392511832e-05
142.00000000 +5.0000000000000000e+00 +2.0000676160737734e+00 +1.7173754434930460e-03 +1.0002712024114060e+00 +1.0000398310416365e+00 +9.9998735041458819e-01 +9.9996368284365766e-01 +1.0000440709031040e+00 -1.1715603879023725e-04 -4.4027040699991483e-05 +2.9424561858353589e-05 -1.9258854173007190e-04 +1.8209444781775075e-05
142.50000000 +5.0000000000000000e+00 +2.0000863902971489e+00 +1.6714737208138495e-03 +1.0003866166831430e+00 +1.0000351759853578e+00 +9.9999445752762584e-01 +9.9997635817939767e-01 +1.0000243404483853e+00 -2.1098962042766429e-04 -6.2255399860099302e-05 +2.9029634818212953e-05 -1.7527901311238553e-04 +2.5455749272307454e-06
143.00000000 +5.0000000000000000e+00 +2.0001051746509222e+00 +1.6255472299897213e-03 +1.0005020932313533e+00 +1.0000305184172538e+00 +1.0000015684755958e+00 +9.9998904035463143e-01 +1.0000045993472959e+00 -3.0487383379771045e-04 -8.0493594874183634e-05 +2.8634494679094834e-05 -1.5796014443318344e-04 -1.3126747006584315e-05
143.50000000 +5.0000000000000000e+00 +2.0001239691432935e+00 +1.5795959509682588e-03 +1.0006176321064566e+00 +1.0000258583352910e+00 +1.0000086832616031e+00 +1.0000017293748966e+00 +9.9998484759121631e-01 -3.9880871989205689e-04 -9.8741633705396625e-05 +2.8239141268473328e-05 -1.4063192813070931e-04 -2.8807527862511951e-05
144.00000000 +5.0000000000000000e+00 +2.0001427737824748e+00 +1.5336198636754070e-03 +1.0007332333589263e+00 +1.0000211957374334e+00 +1.0000158018887557e+00 +1.0000144252457364e+00 +9.9996508517151783e-01 -4.9279431974664611e-04 -1.1699952432548881e-04 +2.7843574413636252e-05 -1.2329435663504189e-04 -4.4496774490782687e-05
144.50000000 +5.0000000000000000e+00 +2.0001615885766846e+00 +1.4876189480154303e-03 +1.0008488970392906e+00 +1.0000165306216431e+00 +1.0000229243601653e+00 +1.0000271279726993e+00 +9.9994531207956239e-01 -5.8683067444174192e-04 -1.3526727471482050e-04 +2.7447793941684874e-05 -1.0594742236808412e-04 -6.0194493749025606e-05
145.00000000 +5.0000000000000000e+00 +2.0001804135341517e+00 +1.4415931838708824e-03 +1.0009646231981326e+00 +1.0000118629858803e+00 +1.0000300506789466e+00 +1.0000398375613420e+00 +9.9992552830670312e-01 -6.8091782510198875e-04 -1.5354489286237375e-04 +2.7051799679533677e-05 -8.8591117743551758e-05 -7.5900692502278504e-05
145.50000000 +5.0000000000000000e+00 +2.0001611531738579e+00 +1.5045950162723104e-03 +1.0008082974389185e+00 +1.0000156671506675e+00 +1.0000234788822884e+00 +1.0000431665217393e+00 +9.9992659554251229e-01 -6.2552683539822494e-04 -9.2811343591156154e-05 +4.3130621745986620e-05 -5.2367366051426084e-05 -8.9630610481458253e-05
146.00000000 +5.0000000000000000e+00 +2.0001418985837947e+00 +1.5675779738907973e-03 +1.0006520185134973e+00 +1.0000194701757610e+00 +1.0000169090544813e+00 +1.0000464944848098e+00 +9.9992766245858666e-01 -5.7015244033730979e-04 -3.2095989545633060e-05 +5.9204626741810344e-05 -1.6154466669851144e-05 -1.0335641510056932e-04
146.50000000 +5.0000000000000000e+00 +2.0001226497613702e+00 +1.6305420652071463e-03 +1.0004957864008257e+00 +1.0000232720616729e+00 +1.0000103411946408e+00 +1.0000498214510019e+00 +9.9992872905507080e-01 -5.1479463246295186e-04 +2.8601177449660081e-05 +7.5273816831407291e-05 +2.0047585277324709e-05 -1.1707810820782351e-04
147.00000000 +5.0000000000000000e+00 +2.0001034067039924e+00 +1.6934872986970803e-03 +1.0003396010798731e+00 +1.0000270728089151e+00 +1.0000037753018829e+00 +1.0000531474207635e+00 +9.9992979533210780e-01 -4.5945340432332538e-04 +8.9280165565290711e-05 +9.1338194177883366e-05 +5.6238794663332356e-05 -1.3079569165032543e-04
147.50000000 +5.0000000000000000e+00 +2.0000841694090732e+00 +1.7564136828312454e-03 +1.0001834625296213e+00 +1.0000308724179994e+00 +9.9999721137532405e-01 +1.0000564723945420e+00 +9.9993086128984132e-01 -4.0412874847106764e-04 +1.4994098296693278e-04 +1.0739776094304900e-04 +9.2419166358483992e-05 -1.4450916727407349e-04
148.00000000 +5.0000000000000000e+00 +2.0000649378740221e+00 +1.8193212260752152e-03 +1.0000273707290646e+00 +1.0000346708894361e+00 +9.9999064941408078e-01 +1.0000597963727844e+00 +9.9993192692841470e-01 -3.4882065746327562e-04 +2.1058363781537045e-04 +1.2345251928742000e-04 +1.2858870523017535e-04 -1.5821853692396062e-04
148.50000000 +5.0000000000000000e+00 +2.0000457120962549e+00 +1.8822099368894956e-03 +9.9987132565721004e-01 +1.0000384682237367e+00 +9.9998408941727079e-01 +1.0000631193559384e+00 +9.9993299224797128e-01 -2.9352912386150292e-04 +2.7120813826650187e-04 +1.3950247137021874e-04 +1.6474741614288797e-04 -1.7192380244377518e-04
149.00000000 +5.0000000000000000e+00 +2.0000264920731849e+00 +1.9450798237295272e-03 +9.9971532729307744e-01 +1.0000422644214118e+00 +9.9997753138401213e-01 +1.0000664413444502e+00 +9.9993405724865403e-01 -2.3825414023175565e-04 +3.3181449247134256e-04 +1.5554761934937479e-04 +2.0089530395819120e-04 -1.8562496567620177e-04
149.50000000 +5.0000000000000000e+00 +2.0000072778022302e+00 +2.0079308950456893e-03 +9.9955937561569885e-01 +1.0000460594829712e+00 +9.9997097531342316e-01 +1.0000697623387667e+00 +9.9993512193060663e-01 -1.8299569914449006e-04 +3.9240270857602915e-04 +1.7158796538152630e-04 +2.3703237353474448e-04 -1.9932202846282201e-04
150.00000000 +5.0000000000000000e+00 +1.9999880692808090e+00 +2.0707631592833051e-03 +9.9940347060411949e-01 +1.0000498534089255e+00 +9.9996442120462370e-01 +1.0000730823393342e+00 +9.9993618629397207e-01 -1.2775379317460839e-04 +4.5297279472182356e-04 +1.8762351162202073e-04 +2.7315862972829974e-04 -2.1301499264411556e-04
150.50000000 +5.0000000000000000e+00 +1.9999965322857682e+00 +2.0790292970691020e-03 +9.9938091084868386e-01 +1.0000498967835050e+00 +9.9998087531639879e-01 +1.0000479499156296e+00 +9.9991727648205220e-01 -6.1909065901067704e-05 +4.0238497396113189e-04 +2.1574063198893042e-04 +2.4939484646238023e-04 -1.8252073210422461e-04
151.00000000 +5.0000000000000000e+00 +2.0000049912305347e+00 +2.0872914691097842e-03 +9.9935836191646998e-01 +1.0000499401372753e+00 +9.9999732153418353e-01 +1.0000228295494047e+00 +9.9989837574226459e-01 +3.9040718427157756e-06 +3.5182142310838057e-04 +2.4384426294450393e-04 +2.2564246405982084e-04 -1.5204110142750781e-04
151.50000000 +5.0000000000000000e+00 +2.0000134461180288e+00 +2.0955496782585625e-03 +9.9933582379969066e-01 +1.0000499834702514e+00 +1.0000137598636571e+00 +9.9999772123198438e-01 +9.9987948406808214e-01 +6.9685642784281132e-05 +3.0128212470223687e-04 +2.7193441419389120e-04 +2.0190147431810721e-04 -1.2157609008830081e-04
152.00000000 +5.0000000000000000e+00 +2.0000218969511683e+00 +2.1038039273659137e-03 +9.9931329649056644e-01 +1.0000500267824481e+00 +1.0000301903104938e+00 +9.9997262495470196e-01 +9.9986060145298394e-01 +1.3543566962937042e-04 +2.5076706129811480e-04 +3.0001109543293416e-04 +1.7817186904259182e-04 -9.1125687571033928e-05
152.50000000 +5.0000000000000000e+00 +2.0000303437328695e+00 +2.1120542192795792e-03 +9.9929077998132532e-01 +1.0000500700738804e+00 +1.0000466128803618e+00 +9.9994754070889913e-01 +9.9984172789045533e-01 +2.0115417506195475e-04 +2.0027621546815473e-04 +3.2807431634817848e-04 +1.5445364004648430e-04 -6.0689883370220195e-05
153.00000000 +5.0000000000000000e+00 +2.0000387864660443e+00 +2.1203005568445729e-03 +9.9926827426420239e-01 +1.0000501133445632e+00 +1.0000630275789242e+00 +9.9992246848592603e-01 +9.9982286337398818e-01 +2.6684118174426073e-04 +1.4980956980120314e-04 +3.5612408661688427e-04 +1.3074677915084226e-04 -3.0268666990443076e-05
153.50000000 +5.0000000000000000e+00 +2.0000472251536041e+00 +2.1285429429031798e-03 +9.9924577933144154e-01 +1.0000501565945115e+00 +1.0000794344118393e+00 +9.9989740827714102e-01 +9.9980400789708046e-01 +3.3249671231679598e-04 +9.9367106902792986e-05 +3.8416041590703725e-04 +1.0705127818456157e-04 +1.3797205365546275e-07
154.00000000 +5.0000000000000000e+00 +2.0000556597984547e+00 +2.1367813802949634e-03 +9.9922329517529218e-01 +1.0000501998237399e+00 +1.0000958333847587e+00 +9.9987236007391023e-01 +9.9978516145323604e-01 +3.9812078939837551e-04 +4.8948809395123190e-05 +4.1218331387735964e-04 +8.3367128984367163e-05 +3.0530044237387110e-05
154.50000000 +5.0000000000000000e+00 +2.0000640904035012e+00 +2.1450158718567662e-03 +9.9920082178801206e-01 +1.0000502430322635e+00 +1.0001122245033294e+00 +9.9984732386760855e-01 +9.9976632403596510e-01 +4.6371343558614765e-04 -1.4453400829606293e-06 +4.4019279017732185e-04 +5.9694323394803756e-05 +6.0907560026029062e-05
155.00000000 +5.0000000000000000e+00 +2.0000725169716445e+00 +2.1532464204227142e-03 +9.9917835916186692e-01 +1.0000502862200973e+00 +1.0001286077731932e+00 +9.9982229964961966e-01 +9.9974749563878484e-01 +5.2927467345561987e-04 -5.1815358875986712e-05 +4.6818885444715308e-04 +3.6032853268226247e-05 +9.1270529874836240e-05
155.50000000 +5.0000000000000000e+00 +2.0000643590647313e+00 +2.1545363557887195e-03 +9.9918497759282576e-01 +1.0000517954678190e+00 +1.0000923405119673e+00 +9.9983845052708054e-01 +9.9978651238519611e-01 +4.9455372909163429e-04 -6.7386742118755589e-05 +4.0130011119280984e-04 +7.1822367695544833e-05 +1.4563404545840086e-04
156.00000000 +5.0000000000000000e+00 +2.0000562004656763e+00 +2.1558264005969731e-03 +9.9919159658531376e-01 +1.0000533048435909e+00 +1.0000560701737116e+00 +9.9985460277483418e-01 +9.9982553244191374e-01 +4.5982983889151537e-04 -8.2959446487555115e-05 +3.3440569288323957e-04 +1.0761491861990394e-04 +2.0000217341675805e-04
156.50000000 +5.0000000000000000e+00 +2.0000480411743888e+00 +2.1571165548614026e-03 +9.9919821613940163e-01 +1.0000548143474279e+00 +1.0000197967580329e+00 +9.9987075639305356e-01 +9.9986455580935762e-01 +4.2510300248034549e-04 -9.8533472150525179e-05 +2.6750559879617635e-04 +1.4341050642775906e-04 +2.5437491433692543e-04
157.00000000 +5.0000000000000000e+00 +2.0000398811907827e+00 +2.1584068185959418e-03 +9.9920483625516177e-01 +1.0000563239793472e+00 +9.9998352026454040e-01 +9.9988691138191466e-01 +9.9990358248795042e-01 +3.9037321948314418e-04 -1.1410881927583439e-04 +2.0059982820923249e-04 +1.7920913150563150e-04 +3.0875226880602082e-04
157.50000000 +5.0000000000000000e+00 +2.0000317205147695e+00 +2.1596971918145217e-03 +9.9921145693266522e-01 +1.0000578337393649e+00 +9.9994724069284235e-01 +9.9990306774159099e-01 +9.9994261247811300e-01 +3.5564048952486683e-04 -1.2968548803167973e-04 +1.3368838039989729e-04 +2.1501079424010792e-04 +3.6313423741126115e-04
158.00000000 +5.0000000000000000e+00 +2.0000235591462610e+00 +2.1609876745310782e-03 +9.9921807817198305e-01 +1.0000593436274965e+00 +9.9991095804254693e-01 +9.9991922547225698e-01 +9.9998164578026671e-01 +3.2090481223040539e-04 -1.4526347858628681e-04 +6.6771254645537500e-05 +2.5081549501784073e-04 +4.1752082073996313e-04
158.50000000 +5.0000000000000000e+00 +2.0000153970851686e+00 +2.1622782667595512e-03 +9.9922469997318741e-01 +1.0000608536437599e+00 +9.9987467231326199e-01 +9.9993538457408759e-01 +1.0000206823948337e+00 +2.8616618722458829e-04 -1.6084279110790980e-04 -1.5154977660265157e-07 +2.8662323422554798e-04 +4.7191201937954349e-04
159.00000000 +5.0000000000000000e+00 +2.0000072343314041e+00 +2.1635689685138800e-03 +9.9923132233634970e-01 +1.0000623637881698e+00 +9.9983838350459564e-01 +9.9995154504725736e-01 +1.0000597223222352e+00 +2.5142461413217983e-04 -1.7642342576483136e-04 -6.7080033589401864e-05 +3.2243401225001326e-04 +5.2630783391751832e-04
159.50000000 +5.0000000000000000e+00 +1.9999990708848807e+00 +2.1648597798080084e-03 +9.9923794526154175e-01 +1.0000638740607442e+00 +9.9980209161615674e-01 +9.9996770689194081e-01 +1.0000987655628932e+00 +2.1668009257788117e-04 -1.9200538272536288e-04 -1.3401419751586123e-04 +3.5824782947808606e-04 +5.8070826494150351e-04
160.00000000 +5.0000000000000000e+00 +1.9999909067455086e+00 +2.1661507006558805e-03 +9.9924456874883405e-01 +1.0000653844614975e+00 +9.9976579664755161e-01 +9.9998387010831213e-01 +1.0001378121172291e+00 +1.8193262218632931e-04 -2.0758866215784405e-04 -2.0095404227910466e-04 +3.9406468629668101e-04 +6.3511331303921443e-04
160.50000000 +5.0000000000000000e+00 +2.0000213558564024e+00 +2.1154798783854264e-03 +9.9936660331778049e-01 +1.0000442158908613e+00 +9.9980148382370371e-01 +9.9997808976915203e-01 +1.0001185982931768e+00 +1.6337810619247085e-04 -2.0914835802306883e-04 -1.9073691844027462e-04 +3.7921120769340041e-04 +5.4830486797057400e-04
161.00000000 +5.0000000000000000e+00 +2.0000518325388974e+00 +2.0647631737992465e-03 +9.9948874838875468e-01 +1.0000230281521316e+00 +9.9983720331451365e-01 +9.9997230419590799e-01 +1.0000993670710501e+00 +1.4480678912606612e-04 -2.1070946618939533e-04 -1.8051054301876317e-04 +3.6434427929861560e-04 +4.6141781804995508e-04
161.50000000 +5.0000000000000000e+00 +2.0000823368304599e+00 +2.0140005245496148e-03 +9.9961100411191384e-01 +1.0000018212192621e+00 +9.9987295516389252e-01 +9.9996651338146714e-01 +1.0000801184272070e+00 +1.2621864815677862e-04 -2.1227198857594581e-04 -1.7027490344294756e-04 +3.4946388283591808e-04 +3.7445205646422327e-04
162.00000000 +5.0000000000000000e+00 +2.0001128687686238e+00 +1.9631918681757878e-03 +9.9973337063768719e-01 +9.9998059506615866e-01 +9.9990873941583092e-01 +9.9996071731870462e-01 +1.0000608523379637e+00 +1.0761366041288857e-04 -2.1383592710532090e-04 -1.6002998711841721e-04 +3.3456999999577065e-04 +2.8740747620663017e-04
162.50000000 +5.0000000000000000e+00 +2.0001434283909907e+00 +1.9123371421037527e-03 +9.9985584811677664e-01 +9.9995934966667965e-01 +9.9994455611439959e-01 +9.9995491600048170e-01 +1.0000415687795918e+00 +8.8991802981199493e-05 -2.1540128370360799e-04 -1.4977578142792209e-04 +3.1966261243543273e-04 +2.0028397007637537e-04
163.00000000 +5.0000000000000000e+00 +2.0001740157352317e+00 +1.8614362836459708e-03 +9.9997843670015740e-01 +9.9993808499463666e-01 +9.9998040530374921e-01 +9.9994910941964810e-01 +1.0000222677283224e+00 +7.0353052906943728e-05 -2.1696806030038884e-04 -1.3951227373132098e-04 +3.0474170177888465e-04 +1.1308143067816586e-04
163.50000000 +5.0000000000000000e+00 +2.0002046308390851e+00 +1.8104892300011188e-03 +1.0001011365390795e+00 +9.9991680102379388e-01 +1.0000162870281102e+00 +9.9994329756903910e-01 +1.0000029491603406e+00 +5.1697387193688410e-05 -2.1853625882874768e-04 -1.2923945136552949e-04 +2.8980724961675261e-04 +2.5799750421774933e-05
164.00000000 +5.0000000000000000e+00 +2.0002352737403566e+00 +1.7594959182538298e-03 +1.0002239477850665e+00 +9.9989549772786634e-01 +1.0000522013317936e+00 +9.9993748044147734e-01 +9.9998361305179018e-01 +3.3024782803240748e-05 -2.2010588122527895e-04 -1.1895730164446783e-04 +2.7485923750623231e-04 -6.1561178478400234e-05
164.50000000 +5.0000000000000000e+00 +2.0002659444769231e+00 +1.7084562853744356e-03 +1.0003468705899174e+00 +9.9987417508052290e-01 +1.0000881482591901e+00 +9.9993165802977280e-01 +9.9996425937877065e-01 +1.4335216655553323e-05 -2.2167692943009549e-04 -1.0866581185900887e-04 +2.5989764697101369e-04 -1.4900146400378202e-04
165.00000000 +5.0000000000000000e+00 +2.0002966430867306e+00 +1.6573702682187079e-03 +1.0004699051057087e+00 +9.9985283305538419e-01 +1.0001241278547730e+00 +9.9992583032672278e-01 +9.9994488811733895e-01 -4.3713343713711574e-06 -2.2324940538683656e-04 -9.8364969276925672e-05 +2.4492245950120473e-04 -2.3652121433205797e-04
165.50000000 +5.0000000000000000e+00 +2.0002953730926136e+00 +1.6330926223530856e-03 +1.0005377054670213e+00 +9.9984781751192975e-01 +1.0001232646471740e+00 +9.9994237244906992e-01 +9.9994575626072291e-01 -3.0537341852867285e-05 -2.4890146479654982e-04 -8.1083175687674393e-05 +2.0499646017070597e-04 -2.4139081752986012e-04
166.00000000 +5.0000000000000000e+00 +2.0002941032501669e+00 +1.6088178758585957e-03 +1.0006054977312384e+00 +9.9984280256745917e-01 +1.0001224015426637e+00 +9.9995891259586511e-01 +9.9994662430042835e-01 -5.6700224444611499e-05 -2.7455046069504058e-04 -6.3803445986072778e-05 +1.6507522902451012e-04 -2.4625983917263739e-04
166.50000000 +5.0000000000000000e+00 +2.0002928335593624e+00 +1.5845460282158826e-03 +1.0006732818998112e+00 +9.9983778822186542e-01 +1.0001215385412241e+00 +9.9997545076746253e-01 +9.9994749223647394e-01 -8.2859982706357899e-05 -3.0019639363106863e-04 -4.6525779802421494e-05 +1.2515876520850365e-04 -2.5112827936456266e-04
167.00000000 +5.0000000000000000e+00 +2.0002915640201731e+00 +1.5602770789057115e-03 +1.0007410579741887e+00 +9.9983277447504104e-01 +1.0001206756428365e+00 +9.9999198696421510e-01 +9.9994836006887822e-01 -1.0901661719772683e-04 -3.2583926415326206e-04 -2.9250176767109572e-05 +8.5247067868777010e-05 -2.5599613820978322e-04
167.50000000 +5.0000000000000000e+00 +2.0002902946325722e+00 +1.5360110274089734e-03 +1.0008088259558217e+00 +9.9982776132687901e-01 +1.0001198128474826e+00 +1.0000085211864771e+00 +9.9994922779765982e-01 -1.3517012847820509e-04 -3.5147907281011848e-04 -1.1976636510614300e-05 +4.5340136151624571e-05 -2.6086341581242232e-04
168.00000000 +5.0000000000000000e+00 +2.0002890253965320e+00 +1.5117478732066824e-03 +1.0008765858461586e+00 +9.9982274877727162e-01 +1.0001189501551440e+00 +1.0000250534346022e+00 +9.9995009542283686e-01 -1.6132051710714577e-04 -3.7711582015000414e-04 +5.2948413364988403e-06 +5.4379692035445732e-06 -2.6573011227657751e-04
168.50000000 +5.0000000000000000e+00 +2.0002877563120265e+00 +1.4874876157799782e-03 +1.0009443376466489e+00 +9.9981773682611241e-01 +1.0001180875658020e+00 +1.0000415837089440e+00 +9.9995096294442831e-01 -1.8746778364376855e-04 -4.0274950672115483e-04 +2.2564257143576129e-05 -3.4459433828760930e-05 -2.7059622770632218e-04
169.00000000 +5.0000000000000000e+00 +2.0002864873790278e+00 +1.4632302546101219e-03 +1.0010120813587418e+00 +9.9981272547329381e-01 +1.0001172250794386e+00 +1.0000581120098555e+00 +9.9995183036245272e-01 -2.1361192864715947e-04 -4.2838013307167495e-04 +3.9831611279875674e-05 -7.4352073798386248e-05 -2.7546176220570449e-04
169.50000000 +5.0000000000000000e+00 +2.0002852185975084e+00 +1.4389757891785004e-03 +1.0010798169838846e+00 +9.9980771471870855e-01 +1.0001163626960350e+00 +1.0000746383376904e+00 +9.9995269767692863e-01 -2.3975295267627107e-04 -4.5400769974953824e-04 +5.7096904114567362e-05 -1.1423995155822183e-04 -2.8032671587874784e-04
170.00000000 +5.0000000000000000e+00 +2.0002839499674416e+00 +1.4147242189666228e-03 +1.0011475445235258e+00 +9.9980270456224962e-01 +1.0001155004155724e+00 +1.0000911626928020e+00 +9.9995356488787424e-01 -2.6589085628992245e-04 -4.7963220730258760e-04 +7.4360136016733005e-05 -1.5412306796095459e-04 -2.8519108882945070e-04
170.50000000 +5.0000000000000000e+00 +2.0002539513707180e+00 +1.4783538075046508e-03 +1.0009776055612891e+00 +9.9979365145692622e-01 +1.0000938523702683e+00 +1.0001028018499414e+00 +9.9996391198438561e-01 -2.1271273602873941e-04 -4.1990169435908767e-04 +1.2351033536433004e-04 -1.4200052514205474e-04 -2.8071860509339060e-04
171.00000000 +5.0000000000000000e+00 +2.0002239584026360e+00 +1.5419714572132565e-03 +1.0008076984847258e+00 +9.9978460005023839e-01 +1.0000722083867903e+00 +1.0001144388232239e+00 +9.9997425713947008e-01 -1.5954459358638861e-04 -3.6018238866086040e-04 +1.7265131265251156e-04 -1.2988025687771682e-04 -2.7624696053013743e-04
171.50000000 +5.0000000000000000e+00 +2.0001939710616115e+00 +1.6055771714522512e-03 +1.0006378232848627e+00 +9.9977555034170829e-01 +1.0000505684639955e+00 +1.0001260736132644e+00 +9.9998460035367343e-01 -1.0638642615492390e-04 -3.0047428705397592e-04 +2.2178307047653861e-04 -1.1776226252783828e-04 -2.7177615490353216e-04
172.00000000 +5.0000000000000000e+00 +2.0001639893460612e+00 +1.6691709535801866e-03 +1.0004679799527305e+00 +9.9976650233085818e-01 +1.0000289326007412e+00 +1.0001377062206769e+00 +9.9999494162754254e-01 -5.3238230927452725e-05 -2.4077738638568784e-04 +2.7090561143069887e-04 -1.0564654145255686e-04 -2.6730618797750458e-04
172.50000000 +5.0000000000000000e+00 +2.0001340132544012e+00 +1.7327528069543520e-03 +1.0002981684793615e+00 +9.9975745601720944e-01 +1.0000073007958845e+00 +1.0001493366460756e+00 +1.0000052809616222e+00 -1.0000509813548370e-07 -1.8109168350443212e-04 +3.2001893810830624e-04 -9.3533093012250219e-05 -2.6283705951607249e-04
173.00000000 +5.0000000000000000e+00 +2.0001040427850505e+00 +1.7963227349307796e-03 +1.0001283888557935e+00 +9.9974841140028536e-01 +9.9998567304828423e-01 +1.0001609648900742e+00 +1.0000156183564590e+00 +5.3028254137814730e-05 -1.2141717525982754e-04 +3.6912305310170214e-04 -8.1421916567536053e-05 -2.5836876928334268e-04
173.50000000 +5.0000000000000000e+00 +2.0000740779364268e+00 +1.8598807408642419e-03 +9.9995864107306665e-01 +9.9973936847960854e-01 +9.9996404935679906e-01 +1.0001725909532866e+00 +1.0000259538125982e+00 +1.0614654958413300e-04 -6.1753858502674091e-05 +4.1821795900225562e-04 -6.9313011479271857e-05 -2.5390131704351038e-04
174.00000000 +5.0000000000000000e+00 +2.0000441187069491e+00 +1.9234268281082532e-03 +9.9978892512222406e-01 +9.9973032725470168e-01 +9.9994242972028768e-01 +1.0001842148363265e+00 +1.0000362873305848e+00 +1.5925488404350274e-04 -2.1017300849529599e-06 +4.6730365840036393e-04 -5.7206377108554806e-05 -2.4943470256085908e-04
174.50000000 +5.0000000000000000e+00 +2.0000141650950374e+00 +1.9869610000150715e-03 +9.9961924099431310e-01 +9.9972128772508806e-01 +9.9992081413761003e-01 +1.0001958365398065e+00 +1.0000466189109647e+00 +2.1235326031755644e-04 +5.7539213140174007e-05 +5.1638015388545276e-04 -4.5102012816721706e-05 -2.4496892559976082e-04
175.00000000 +5.0000000000000000e+00 +1.9999842170991118e+00 +2.0504832599356950e-03 +9.9944958868038380e-01 +9.9971224989029084e-01 +9.9989920260762588e-01 +1.0002074560643397e+00 +1.0000569485542823e+00 +2.6544168120687579e-04 +1.1716897431836495e-04 +5.6544744804597669e-04 -3.2999917965348849e-05 -2.4050398592467581e-04
175.50000000 +5.0000000000000000e+00 +1.9999542747175922e+00 +2.1139936112198679e-03 +9.9927996817149001e-01 +9.9970321374983306e-01 +9.9987759512919550e-01 +1.0002190734105394e+00 +1.0000672762610823e+00 +3.1852014951099281e-04 +1.7678755659409880e-04 +6.1450554346941986e-04 -2.0900091916251841e-05 -2.3603988330015284e-04
176.00000000 +5.0000000000000000e+00 +1.9999243379489011e+00 +2.1774920572160779e-03 +9.9911037945868897e-01 +9.9969417930323878e-01 +9.9985599170117967e-01 +1.0002306885790175e+00 +1.0000776020319093e+00 +3.7158866802838945e-04 +2.3639496311067521e-04 +6.6355444274229683e-04 -8.8025340314856670e-06 -2.3157661749082878e-04
176.50000000 +5.0000000000000000e+00 +1.9998944067914592e+00 +2.2409786012715567e-03 +9.9894082253304051e-01 +9.9968514655003149e-01 +9.9983439232243976e-01 +1.0002423015703863e+00 +1.0000879258673077e+00 +4.2464723955649910e-04 +2.9599119701021593e-04 +7.1259414845015157e-04 +3.2927563266556935e-06 -2.2711418826142874e-04
177.00000000 +5.0000000000000000e+00 +1.9998644812436901e+00 +2.3044532467322823e-03 +9.9877129738560866e-01 +9.9967611548973512e-01 +9.9981279699183689e-01 +1.0002539123852583e+00 +1.0000982477678215e+00 +4.7769586689170614e-04 +3.5557626143366440e-04 +7.6162466317755966e-04 +1.5385779795639068e-05 -2.2265259537676611e-04
177.50000000 +5.0000000000000000e+00 +1.9998345613040165e+00 +2.3679159969429782e-03 +9.9860180400746046e-01 +9.9966708612187394e-01 +9.9979120570823377e-01 +1.0002655210242446e+00 +1.0001085677339945e+00 +5.3073455282934723e-04 +4.1515015952078756e-04 +8.1064598950812781e-04 +2.7476537012692512e-05 -2.1819183860174234e-04
178.00000000 +5.0000000000000000e+00 +1.9998046469708619e+00 +2.4313668552471135e-03 +9.9843234238966616e-01 +9.9965805844597233e-01 +9.9976961847049262e-01 +1.0002771274879574e+00 +1.0001188857663708e+00 +5.8376330016371089e-04 +4.7471289441017485e-04 +8.5965813002449433e-04 +3.9565028614805104e-05 -2.1373191770134709e-04
178.50000000 +5.0000000000000000e+00 +1.9997747382426507e+00 +2.4948058249869075e-03 +9.9826291252329979e-01 +9.9964903246155457e-01 +9.9974803527747613e-01 +1.0002887317770082e+00 +1.0001292018654937e+00 +6.3678211168803937e-04 +5.3426446923924024e-04 +9.0866108730832968e-04 +5.1651255238727381e-05 -2.0927283244065792e-04
179.00000000 +5.0000000000000000e+00 +1.9997448351178082e+00 +2.5582329095033222e-03 +9.9809351439943839e-01 +9.9964000816814547e-01 +9.9972645612804789e-01 +1.0003003338920073e+00 +1.0001395160319062e+00 +6.8979099019452741e-04 +5.9380488714422177e-04 +9.5765486394033740e-04 +6.3735217520971164e-05 -2.0481458258484058e-04
179.50000000 +5.0000000000000000e+00 +1.9997149375947594e+00 +2.6216481121360737e-03 +9.9792414800916240e-01 +9.9963098556526953e-01 +9.9970488102107202e-01 +1.0003119338335666e+00 +1.0001498282661516e+00 +7.4278993847432440e-04 +6.5333415126018265e-04 +1.0066394625002540e-03 +7.5816916097809937e-05 -2.0035716789914881e-04
180.00000000 +5.0000000000000000e+00 +1.9996850456719306e+00 +2.6850514362236214e-03 +9.9775481334355542e-01 +9.9962196465245223e-01 +9.9968330995541199e-01 +1.0003235316022963e+00 +1.0001601385687731e+00 +7.9577895931753320e-04 +7.1285226472101099e-04 +1.0556148855668484e-03 +8.7896351605278624e-05 -1.9590058814892409e-04
180.50000000 +5.0000000000000000e+00 +1.9996551593477481e+00 +2.7484428851031776e-03 +9.9758551039370480e-01 +9.9961294542921830e-01 +9.9966174292993271e-01 +1.0003351271988064e+00 +1.0001704469403128e+00 +8.4875805551321243e-04 +7.7235923065942203e-04 +1.1045811357179257e-03 +9.9973524679174077e-05 -1.9144484309959600e-04
181.00000000 +5.0000000000000000e+00 +1.9996352033798717e+00 +2.7367688915797099e-03 +9.9762863963377069e-01 +9.9962394085297446e-01 +9.9965726078718509e-01 +1.0003133381734193e+00 +1.0001544052395375e+00 +8.6650743755301994e-04 +7.4340890567121476e-04 +1.0845358295372527e-03 +1.2597622300072599e-04 -1.9801308689519268e-04
181.50000000 +5.0000000000000000e+00 +1.9996152488177459e+00 +2.7250957204026103e-03 +9.9767176583570139e-01 +9.9963493550218485e-01 +9.9965277896017157e-01 +1.0002915506829075e+00 +1.0001383646687814e+00 +8.8425556928034457e-04 +7.1446062001894893e-04 +1.0644919353999113e-03 +1.5197708962480039e-04 -2.0458086800666936e-04
182.00000000 +5.0000000000000000e+00 +1.9995952956612217e+00 +2.7134233714849868e-03 +9.9771488899981731e-01 +9.9964592937693075e-01 +9.9964829744885830e-01 +1.0002697647271090e+00 +1.0001223252279245e+00 +9.0200245082729395e-04 +6.8551437348714759e-04 +1.0444494531567047e-03 +1.7797612474493472e-04 -2.1114818648291318e-04
182.50000000 +5.0000000000000000e+00 +1.9995753439101500e+00 +2.7017518447399647e-03 +9.9775800912643986e-01 +9.9965692247729399e-01 +9.9964381625321197e-01 +1.0002479803058617e+00 +1.0001062869168480e+00 +9.1974808232595754e-04 +6.5657016586036449e-04 +1.0244083826584569e-03 +2.0397332855463912e-04 -2.1771504237280462e-04
183.00000000 +5.0000000000000000e+00 +1.9995553935643835e+00 +2.6900811400806775e-03 +9.9780112621588990e-01 +9.9966791480335659e-01 +9.9963933537319949e-01 +1.0002261974190034e+00 +1.0000902497354327e+00 +9.3749246390840719e-04 +6.2762799692318405e-04 +1.0043687237560139e-03 +2.2996870124739668e-04 -2.2428143572521722e-04
183.50000000 +5.0000000000000000e+00 +1.9995354446237721e+00 +2.6784112574202738e-03 +9.9784424026848795e-01 +9.9967890635520029e-01 +9.9963485480878700e-01 +1.0002044160663717e+00 +1.0000742136835583e+00 +9.5523559570669450e-04 +5.9868786646022039e-04 +9.8433047630024149e-04 +2.5596224301666282e-04 -2.3084736658901748e-04
184.00000000 +5.0000000000000000e+00 +1.9995154970881692e+00 +2.6667421966719133e-03 +9.9788735128455541e-01 +9.9968989713290723e-01 +9.9963037455994208e-01 +1.0001826362478052e+00 +1.0000581787611065e+00 +9.7297747785285394e-04 +5.6974977425611889e-04 +9.6429364014202724e-04 +2.8195395405586631e-04 -2.3741283501306533e-04
184.50000000 +5.0000000000000000e+00 +1.9994955509574253e+00 +2.6550739577487670e-03 +9.9793045926441271e-01 +9.9970088713655858e-01 +9.9962589462663054e-01 +1.0001608579631411e+00 +1.0000421449679573e+00 +9.9071811047889992e-04 +5.4081372009555416e-04 +9.4425821513227908e-04 +3.0794383455840798e-04 -2.4397784104621345e-04
185.00000000 +5.0000000000000000e+00 +1.9994756062313925e+00 +2.6434065405640198e-03 +9.9797356420838057e-01 +9.9971187636623648e-01 +9.9962141500881929e-01 +1.0001390812122180e+00 +1.0000261123039920e+00 +1.0084574937168299e-03 +5.1187970376323185e-04 +9.2422420112192680e-04 +3.3393188471766213e-04 -2.5054238473730790e-04
185.50000000 +5.0000000000000000e+00 +1.9994556629099218e+00 +2.6317399450308679e-03 +9.9801666611677975e-01 +9.9972286482202266e-01 +9.9961693570647514e-01 +1.0001173059948734e+00 +1.0000100807690906e+00 +1.0261956276986215e-03 +4.8294772504388773e-04 +9.0419159796192047e-04 +3.5991810472697523e-04 -2.5710646613518785e-04
186.00000000 +5.0000000000000000e+00 +1.9994357209928650e+00 +2.6200741710625201e-03 +9.9805976498993088e-01 +9.9973385250399860e-01 +9.9961245671956445e-01 +1.0000955323109455e+00 +9.9999405036313427e-01 +1.0439325125562338e-03 +4.5401778372228783e-04 +8.8416040550323152e-04 +3.8590249477966676e-04 -2.6367008528868532e-04
186.50000000 +5.0000000000000000e+00 +1.9994157804800745e+00 +2.6084092185721963e-03 +9.9810286082815491e-01 +9.9974483941224657e-01 +9.9960797804805412e-01 +1.0000737601602721e+00 +9.9997802108600375e-01 +1.0616681484216081e-03 +4.2508987958322887e-04 +8.6413062359685195e-04 +4.1188505506902900e-04 -2.7023324224662579e-04
187.00000000 +5.0000000000000000e+00 +1.9993958413714015e+00 +2.5967450874731313e-03 +9.9814595363177183e-01 +9.9975582554684783e-01 +9.9960349969191131e-01 +1.0000519895426918e+00 +9.9996199293757992e-01 +1.0794025354266667e-03 +3.9616401241153736e-04 +8.4410225209379549e-04 +4.3786578578832727e-04 -2.7679593705782780e-04
187.50000000 +5.0000000000000000e+00 +1.9993759036666972e+00 +2.5850817776785690e-03 +9.9818904340110237e-01 +9.9976681090788433e-01 +9.9959902165110182e-01 +1.0000302204580418e+00 +9.9994596591774321e-01 +1.0971356737033131e-03 +3.6724018199207041e-04 +8.2407529084509612e-04 +4.6384468713079881e-04 -2.8335816977110271e-04
188.00000000 +5.0000000000000000e+00 +1.9993559673658134e+00 +2.5734192891017668e-03 +9.9823213013646739e-01 +9.9977779549543744e-01 +9.9959454392559266e-01 +1.0000084529061612e+00 +9.9992994002637470e-01 +1.1148675633834324e-03 +3.3831838810971526e-04 +8.0404973970180896e-04 +4.8982175928965468e-04 -2.8991994043525541e-04
188.50000000 +5.0000000000000000e+00 +1.9993360324686034e+00 +2.5617576216559958e-03 +9.9827521383818663e-01 +9.9978877930958954e-01 +9.9959006651535121e-01 +9.9998668688688774e-01 +9.9991391526335527e-01 +1.1325982045988915e-03 +3.0939863054938978e-04 +7.8402559851501060e-04 +5.1579700245807814e-04 -2.9648124909908383e-04
189.00000000 +5.0000000000000000e+00 +1.9993160989749166e+00 +2.5500967752545359e-03 +9.9831829450658083e-01 +9.9979976235042134e-01 +9.9958558942034303e-01 +9.9996492240005930e-01 +9.9989789162856546e-01 +1.1503275974815376e-03 +2.8048090909604150e-04 +7.6400286713579791e-04 +5.4177041682922555e-04 -3.0304209581137869e-04
189.50000000 +5.0000000000000000e+00 +1.9992961668846061e+00 +2.5384367498106830e-03 +9.9836137214197018e-01 +9.9981074461801533e-01 +9.9958111264053551e-01 +9.9994315944551404e-01 +9.9988186912188626e-01 +1.1680557421632010e-03 +2.5156522353464900e-04 +7.4398154541528900e-04 +5.6774200259622541e-04 -3.0960248062092421e-04
190.00000000 +5.0000000000000000e+00 +1.9992762361975234e+00 +2.5267775452377426e-03 +9.9840444674467521e-01 +9.9982172611245257e-01 +9.9957663617589521e-01 +9.9992139802309032e-01 +9.9986584774319853e-01 +1.1857826387756917e-03 +2.2265157365022049e-04 +7.2396163320462314e-04 +5.9371175995217998e-04 -3.1616240357649773e-04
190.50000000 +5.0000000000000000e+00 +1.9992563069135207e+00 +2.5151191614490335e-03 +9.9844751831501621e-01 +9.9983270683381531e-01 +9.9957216002638938e-01 +9.9989963813262683e-01 +9.9984982749238349e-01 +1.2035082874508028e-03 +1.9373995922779489e-04 +7.0394313035496072e-04 +6.1967968909016388e-04 -3.2272186472686947e-04
191.00000000 +5.0000000000000000e+00 +1.9992363790324494e+00 +2.5034615983578865e-03 +9.9849058685331304e-01 +9.9984368678218483e-01 +9.9956768419198372e-01 +9.9987787977396103e-01 +9.9983380836932145e-01 +1.2212326883203077e-03 +1.6483038005244094e-04 +6.8392603671748209e-04 +6.4564579020322428e-04 -3.2928086412080301e-04
191.50000000 +5.0000000000000000e+00 +1.9992437514608055e+00 +2.4914001106952008e-03 +9.9853970534852554e-01 +9.9981662163414531e-01 +9.9960004836130234e-01 +9.9987124172743869e-01 +9.9982161368183176e-01 +1.2223036457667349e-03 +2.9664887010124872e-05 +5.9451171872599564e-04 +6.7512966552411889e-04 -1.7084066834552900e-04
192.00000000 +5.0000000000000000e+00 +1.9992511230990502e+00 +2.4793399156756465e-03 +9.9858881857965365e-01 +9.9978955938670833e-01 +9.9963240906211659e-01 +9.9986460439232305e-01 +9.9980942030126019e-01 +1.2233744884374536e-03 -1.0548612019502644e-04 +5.0510698336703966e-04 +7.0461038102509737e-04 -1.2417452783360335e-05
192.50000000 +5.0000000000000000e+00 +1.9992584939473106e+00 +2.4672810130914346e-03 +9.9863792654754391e-01 +9.9976250003940681e-01 +9.9966476629498413e-01 +9.9985796776850000e-01 +9.9979722822739714e-01 +1.2244452163509144e-03 -2.4062264389158321e-04 +4.1571182910022438e-04 +7.3408793721409455e-04 +1.4598878529523934e-04
193.00000000 +5.0000000000000000e+00 +1.9992658640057128e+00 +2.4552234027348185e-03 +9.9868702925304231e-01 +9.9973544359177535e-01 +9.9969712006046230e-01 +9.9985133185585473e-01 +9.9978503746003189e-01 +1.2255158295255628e-03 -3.7574468640761685e-04 +3.2632625438549042e-04 +7.6356233459893652e-04 +3.0437804861922139e-04
193.50000000 +5.0000000000000000e+00 +1.9992732332743854e+00 +2.4431670843980992e-03 +9.9873612669699463e-01 +9.9970839004334777e-01 +9.9972947035910864e-01 +9.9984469665427400e-01 +9.9977284799895516e-01 +1.2265863279798414e-03 -5.1085225007069962e-04 +2.3695025768310845e-04 +7.9303357368734108e-04 +4.6275033991695260e-04
194.00000000 +5.0000000000000000e+00 +1.9992806017534548e+00 +2.4311120578736196e-03 +9.9878521888024696e-01 +9.9968133939365789e-01 +9.9976181719148038e-01 +9.9983806216364235e-01 +9.9976065984395668e-01 +1.2276567117321883e-03 -6.4594533720790492e-04 +1.4758383745367882e-04 +8.2250165498691616e-04 +6.2110566191621460e-04
194.50000000 +5.0000000000000000e+00 +1.9992879694430465e+00 +2.4190583229537666e-03 +9.9883430580364363e-01 +9.9965429164223951e-01 +9.9979416055813430e-01 +9.9983142838384631e-01 +9.9974847299482628e-01 +1.2287269808010368e-03 -7.8102395014580757e-04 +5.8226992158131837e-05 +8.5196657900516132e-04 +7.7944401734420465e-04
195.00000000 +5.0000000000000000e+00 +1.9992953363432895e+00 +2.4070058794309749e-03 +9.9888338746803107e-01 +9.9962724678862758e-01 +9.9982650045962795e-01 +9.9982479531477131e-01 +9.9973628745135457e-01 +1.2297971352048182e-03 -9.1608809121048460e-04 -3.1120279742272187e-05 +8.8142834624946786e-04 +9.3776540892753660e-04
195.50000000 +5.0000000000000000e+00 +1.9993027024543086e+00 +2.3949547270977201e-03 +9.9893246387425394e-01 +9.9960020483235601e-01 +9.9985883689651733e-01 +9.9981816295630321e-01 +9.9972410321333149e-01 +1.2308671749619580e-03 -1.0511377627275130e-03 -1.2045797978594358e-04 +9.1088695722711774e-04 +1.0960698393922379e-03
196.00000000 +5.0000000000000000e+00 +1.9993100677762317e+00 +2.3829048657465239e-03 +9.9898153502315667e-01 +9.9957316577295896e-01 +9.9989116986935922e-01 +9.9981153130832767e-01 +9.9971192028054690e-01 +1.2319371000908787e-03 -1.1861729670219726e-03 -2.0978610951096274e-04 +9.4034241244528435e-04 +1.2543573114637543e-03
196.50000000 +5.0000000000000000e+00 +1.9993174323091860e+00 +2.3708562951699529e-03 +9.9903060091558482e-01 +9.9954612960997147e-01 +9.9992349937871083e-01 +9.9980490037073055e-01 +9.9969973865279160e-01 +1.2330069106099987e-03 -1.3211937064184455e-03 -2.9910467045508068e-04 +9.6979471241103300e-04 +1.4126278278669465e-03
197.00000000 +5.0000000000000000e+00 +1.9993247960532976e+00 +2.3588090151606188e-03 +9.9907966155238281e-01 +9.9951909634292835e-01 +9.9995582542512840e-01 +9.9979827014339817e-01 +9.9968755832985612e-01 +1.2340766065377328e-03 -1.4561999832410147e-03 -3.8841366415571902e-04 +9.9924385763131961e-04 +1.5708813913260912e-03
197.50000000 +5.0000000000000000e+00 +1.9993321590086934e+00 +2.3467630255111743e-03 +9.9912871693439453e-01 +9.9949206597136397e-01 +9.9998814800916858e-01 +9.9979164062621606e-01 +9.9967537931153050e-01 +1.2351461878924912e-03 -1.5911917998132671e-03 -4.7771309214997016e-04 +1.0286898486129921e-03 +1.7291180045648823e-03
198.00000000 +5.0000000000000000e+00 +1.9993395211755003e+00 +2.3347183260143201e-03 +9.9917776706246486e-01 +9.9946503849481305e-01 +1.0000204671313870e+00 +9.9978501181907009e-01 +9.9966320159760502e-01 +1.2362156546926802e-03 -1.7261691584582895e-03 -5.6700295597459695e-04 +1.0581326858627893e-03 +1.8873376703064302e-03
198.50000000 +5.0000000000000000e+00 +1.9993468825538447e+00 +2.3226749164627991e-03 +9.9922681193743734e-01 +9.9943801391281062e-01 +1.0000527827923404e+00 +9.9977838372184635e-01 +9.9965102518787041e-01 +1.2372850069567027e-03 -1.8611320614986728e-03 -6.5628325716603339e-04 +1.0875723698873421e-03 +2.0455403912732614e-03
199.00000000 +5.0000000000000000e+00 +1.9993542431438533e+00 +2.3106327966494001e-03 +9.9927585156015541e-01 +9.9941099222489171e-01 +1.0000850949925839e+00 +9.9977175633443038e-01 +9.9963885008211673e-01 +1.2383542447029570e-03 -1.9960805112565097e-03 -7.4555399726038390e-04 +1.1170089011931718e-03 +2.2037261701873183e-03
199.50000000 +5.0000000000000000e+00 +1.9993616029456529e+00 +2.2985919663669552e-03 +9.9932488593146374e-01 +9.9938397343059160e-01 +1.0001174037326743e+00 +9.9976512965670883e-01 +9.9962667628013502e-01 +1.2394233679498383e-03 -2.1310145100533963e-03 -8.3481517779342488e-04 +1.1464422802866924e-03 +2.3618950097699636e-03
200.00000000 +5.0000000000000000e+00 +1.9993689619593695e+00 +2.2865524254083412e-03 +9.9937391505220508e-01 +9.9935695752944531e-01 +1.0001497090131670e+00 +9.9975850368856711e-01 +9.9961450378171535e-01 +1.2404923767157369e-03 -2.2659340602104298e-03 -9.2406680030060256e-04 +1.1758725076742092e-03 +2.5200469127419742e-03
