#discretizing the bath
#     0 0.0000000000000000e+00 -6.3189999999999946e-01
#     1 2.4720661623652209e-03 -2.4989539079445394e-01
#     2 2.4720661623652209e-03 -2.3156304113931522e-01
#     3 2.4720661623652209e-03 -2.1236616161416355e-01
#     4 2.4720661623652209e-03 -1.9234206631293801e-01
#     5 2.4720661623652209e-03 -1.7152361583267633e-01
#     6 2.4720661623652209e-03 -1.4994003879779921e-01
#     7 2.4720661623652209e-03 -1.2761755560699153e-01
#     8 2.4720661623652209e-03 -1.0457986172994999e-01
#     9 2.4720661623652209e-03 -8.0848508786440842e-02
  0.00000000 +1.0000000000000000e+00 +1.9999999999999989e+00 +1.8374661879283103e-03 +1.0000000000000000e+00 +1.0000000000000000e+00 +1.0000000000000000e+00 +1.0000000000000000e+00 +1.0000000000000000e+00 +0.0000000000000000e+00 +0.0000000000000000e+00 +0.0000000000000000e+00 +0.0000000000000000e+00 +0.0000000000000000e+00
  0.50000000 +1.0000000000000018e+00 +1.9999999999935567e+00 +1.8404750823954672e-03 +9.9999236114612455e-01 +9.9999999999708411e-01 +9.9999999999708411e-01 +9.9999999999708411e-01 +9.9999999999708411e-01 +1.5277731095753920e-06 +1.5277731095753922e-06 +1.5277731095753924e-06 +1.5277731095753922e-06 +1.5277731095753926e-06
  1.00000000 +1.0000000000000036e+00 +1.9999999999239186e+00 +1.8488974812033098e-03 +9.9997096650090045e-01 +9.9999999995536515e-01 +9.9999999995540301e-01 +9.9999999995544431e-01 +9.9999999995548861e-01 +5.8360146977846074e-06 +5.8221952947101219e-06 +5.8075638630454069e-06 +5.7921041828202660e-06 +5.7757993778781559e-06
  1.50000000 +1.0000000000000051e+00 +1.9999999996502162e+00 +1.8610433117244713e-03 +9.9994007501629756e-01 +9.9999999978566845e-01 +9.9999999978605103e-01 +9.9999999978646947e-01 +9.9999999978692500e-01 +1.2149403086619079e-05 +1.2071606267437851e-05 +1.1989510493546484e-05 +1.1903071884324117e-05 +1.1812246881736764e-05
  2.00000000 +1.0000000000000071e+00 +1.9999999989690311e+00 +1.8744798216266238e-03 +9.9990582485389323e-01 +9.9999999936937678e-01 +9.9999999937129735e-01 +9.9999999937340178e-01 +9.9999999937569739e-01 +1.9332981535097507e-05 +1.9096116866344698e-05 +1.8847357392890545e-05 +1.8586768684613159e-05 +1.8314431890385002e-05
  2.50000000 +1.0000000000000087e+00 +1.9999999976548171e+00 +1.8865245544288155e-03 +9.9987499932237689e-01 +9.9999999859550703e-01 +9.9999999860206445e-01 +9.9999999860925137e-01 +9.9999999861709221e-01 +2.6097768484959629e-05 +2.5572009758511411e-05 +2.5023393457898577e-05 +2.4452621210252305e-05 +2.3860460839475848e-05
  3.00000000 +1.0000000000000095e+00 +1.9999999955045504e+00 +1.8947871413768284e-03 +9.9985366757322547e-01 +9.9999999739867973e-01 +9.9999999741604206e-01 +9.9999999743505696e-01 +9.9999999745578017e-01 +3.1233834817046570e-05 +3.0283017382395068e-05 +2.9299125986844650e-05 +2.8284620844674599e-05 +2.7242122235266323e-05
  3.50000000 +1.0000000000000109e+00 +1.9999999923776923e+00 +1.8976492168230608e-03 +9.9984597561714794e-01 +9.9999999578801901e-01 +9.9999999582624266e-01 +9.9999999586804145e-01 +9.9999999591351507e-01 +3.3828379670573147e-05 +3.2350430825157173e-05 +3.0837356081632573e-05 +2.9295072282759988e-05 +2.7729748234029611e-05
  4.00000000 +1.0000000000000131e+00 +1.9999999882235002e+00 +1.8945849951632579e-03 +9.9985333128818854e-01 +9.9999999385891314e-01 +9.9999999393182759e-01 +9.9999999401139694e-01 +9.9999999409775753e-01 +3.3429199415441030e-05 +3.1398189622748201e-05 +2.9347232759637087e-05 +2.7287564832247239e-05 +2.5230625354903075e-05
  4.50000000 +1.0000000000000133e+00 +1.9999999830903232e+00 +1.8862582956341966e-03 +9.9987414519059659e-01 +9.9999999178338539e-01 +9.9999999190705668e-01 +9.9999999204167389e-01 +9.9999999218736546e-01 +3.0124054919550693e-05 +2.7621715189841389e-05 +2.5139526622514559e-05 +2.2695234671626687e-05 +2.0306358596989341e-05
  5.00000000 +1.0000000000000187e+00 +1.9999999771151351e+00 +1.8743780543060311e-03 +9.9990417549814203e-01 +9.9999998977978732e-01 +9.9999998996937656e-01 +9.9999999017514773e-01 +9.9999999039712395e-01 +2.4521914421384405e-05 +2.1747815707929537e-05 +1.9061572972726058e-05 +1.6486859112071293e-05 +1.4046018297273269e-05
  5.50000000 +1.0000000000000198e+00 +1.9999999704956637e+00 +1.8613439453126917e-03 +9.9993740143916632e-01 +9.9999998806753154e-01 +9.9999998833282089e-01 +9.9999998861984218e-01 +9.9999998892837461e-01 +1.7640015298107742e-05 +1.4893901541840890e-05 +1.2325565201099706e-05 +9.9612503274814084e-06 +7.8238799934516510e-06
  6.00000000 +1.0000000000000204e+00 +1.9999999634507342e+00 +1.8497563538318984e-03 +9.9996724374174872e-01 +9.9999998681643976e-01 +9.9999998715677996e-01 +9.9999998752380836e-01 +9.9999998791692435e-01 +1.0717833635311791e-05 +8.3539645890693120e-06 +6.2652196488161051e-06 +4.4738573647655378e-06 +2.9959691690634017e-06
  6.50000000 +1.0000000000000233e+00 +1.9999999561769695e+00 +1.8418918523128982e-03 +9.9998788194631116e-01 +9.9999998610210616e-01 +9.9999998650194621e-01 +9.9999998693187653e-01 +9.9999998739087348e-01 +4.9922311509937585e-06 +3.3525998668582473e-06 +2.0699842511093916e-06 +1.1534910455295814e-06 +6.0282068815225719e-07
  7.00000000 +1.0000000000000240e+00 +1.9999999488104514e+00 +1.8392511377932754e-03 +9.9999540192567649e-01 +9.9999998587802574e-01 +9.9999998630433051e-01 +9.9999998676191137e-01 +9.9999998724949490e-01 +1.4748706878750866e-06 +8.1415569308784470e-07 +5.5011178165002610e-07 +6.6874636650509231e-07 +1.1439961523204150e-06
  7.50000000 +1.0000000000000262e+00 +1.9999999414009231e+00 +1.8422701493937296e-03 +9.9998854495035372e-01 +9.9999998597209017e-01 +9.9999998637480358e-01 +9.9999998680779112e-01 +9.9999998727005979e-01 +7.7224868906006036e-07 +1.1908304117102606e-06 +1.9792993237273451e-06 +3.0927493366011739e-06 +4.4734972709583958e-06
  8.00000000 +1.0000000000000280e+00 +1.9999999339034604e+00 +1.8502504506211074e-03 +9.9996891368081131e-01 +9.9999998611009477e-01 +9.9999998642631494e-01 +9.9999998677066537e-01 +9.9999998714344063e-01 +2.9805830692349146e-06 +4.3818909204328224e-06 +6.0456324076716604e-06 +7.8937228445635808e-06 +9.8380395706970131e-06
  8.50000000 +1.0000000000000298e+00 +1.9999999261889820e+00 +1.8615193489147190e-03 +9.9994060267090434e-01 +9.9999998596316630e-01 +9.9999998612493346e-01 +9.9999998631375475e-01 +9.9999998653274236e-01 +7.6738698525172481e-06 +9.7584848485655613e-06 +1.1919570358276000e-05 +1.4052118118931474e-05 +1.6048351470231641e-05
  9.00000000 +1.0000000000000324e+00 +1.9999999180711747e+00 +1.8737832183970040e-03 +9.9990933791227921e-01 +9.9999998521063105e-01 +9.9999998515535182e-01 +9.9999998513035537e-01 +9.9999998514355259e-01 +1.3986290141230766e-05 +1.6288216524910812e-05 +1.8424167085209250e-05 +2.0278415851795783e-05 +2.1744358387307645e-05
  9.50000000 +1.0000000000000326e+00 +1.9999999093441738e+00 +1.8845988065879589e-03 +9.9988130763095584e-01 +9.9999998360610987e-01 +9.9999998328783846e-01 +9.9999998301118054e-01 +9.9999998279106750e-01 +2.0772982870585230e-05 +2.2734686447314067e-05 +2.4272404566841048e-05 +2.5284806372540254e-05 +2.5694792755913254e-05
 10.00000000 +1.0000000000000349e+00 +1.9999998998232995e+00 +1.8918647614770408e-03 +9.9986192534208784e-01 +9.9999998103331345e-01 +9.9999998043258409e-01 +9.9999997989649847e-01 +9.9999997944912478e-01 +2.6819143428634107e-05 +2.7893185838158798e-05 +2.8323486918405779e-05 +2.8053172571170567e-05 +2.7064857811112778e-05
 10.50000000 +1.0000000000000362e+00 +1.9999998893807298e+00 +1.8942335401174128e-03 +9.9985477481936547e-01 +9.9999997753946590e-01 +9.9999997666928975e-01 +9.9999997590095191e-01 +9.9999997526924511e-01 +3.1059000972060847e-05 +3.0817324969435476e-05 +2.9806742862077291e-05 +2.8043287366337586e-05 +2.5593445692532458e-05
 11.00000000 +1.0000000000000389e+00 +1.9999998779691355e+00 +1.8913622567872197e-03 +9.9986094441371753e-01 +9.9999997333840240e-01 +9.9999997224448312e-01 +9.9999997130418639e-01 +9.9999997056367085e-01 +3.2764936864938641e-05 +3.0993693383476219e-05 +2.8468936571844611e-05 +2.5298432353103484e-05 +2.1642136555967506e-05
 11.50000000 +1.0000000000000400e+00 +1.9999998656288998e+00 +1.8839556636380914e-03 +9.9987887479778936e-01 +9.9999996878115927e-01 +9.9999996753532461e-01 +9.9999996650721912e-01 +9.9999996575377559e-01 +3.1672975608646419e-05 +2.8432141952367492e-05 +2.4616714516400873e-05 +2.0427779219035470e-05 +1.6107013634561643e-05
 12.00000000 +1.0000000000000415e+00 +1.9999998524779041e+00 +1.8735978316574045e-03 +9.9990473768015387e-01 +9.9999996429843352e-01 +9.9999996298556870e-01 +9.9999996196172158e-01 +9.9999996129273516e-01 +2.8022915446186789e-05 +2.3655814515461744e-05 +1.9047290155508296e-05 +1.4471048787867852e-05 +1.0214712691056350e-05
 12.50000000 +1.0000000000000444e+00 +1.9999998386863864e+00 +1.8624120872780118e-03 +9.9993325561762392e-01 +9.9999996032503879e-01 +9.9999995902520011e-01 +9.9999995808527675e-01 +9.9999995757719162e-01 +2.2507179442570869e-05 +1.7594380540315145e-05 +1.2882907378374407e-05 +8.6755844102217291e-06 +5.2493181184017695e-06
 13.00000000 +1.0000000000000460e+00 +1.9999998244421937e+00 +1.8526225399692036e-03 +9.9995878667305949e-01 +9.9999995722041135e-01 +9.9999995598902369e-01 +9.9999995517914309e-01 +9.9999995486564008e-01 +1.6139111360672188e-05 +1.1402282508806357e-05 +7.3435962146943259e-06 +4.2338696344947443e-06 +2.2712132327864092e-06
 13.50000000 +1.0000000000000473e+00 +1.9999998099136604e+00 +1.8461084206565961e-03 +9.9997644935347541e-01 +9.9999995520042284e-01 +9.9999995405022690e-01 +9.9999995336517145e-01 +9.9999995322062618e-01 +1.0065860304969507e-05 +6.2377090005764119e-06 +3.5044802479415636e-06 +2.0370142953182455e-06 +1.8897464650611270e-06
 14.00000000 +1.0000000000000491e+00 +1.9999997952174131e+00 +1.8440412162123935e-03 +9.9998306178815544e-01 +9.9999995429393396e-01 +9.9999995318242874e-01 +9.9999995255522756e-01 +9.9999995248757312e-01 +5.3605980729454893e-06 +3.0448493513841447e-06 +2.0861738847398131e-06 +2.4954206577218899e-06 +4.1386509590544155e-06
 14.50000000 +1.0000000000000506e+00 +1.9999997803973841e+00 +1.8466750450234395e-03 +9.9997771339683350e-01 +9.9999995433303446e-01 +9.9999995315851509e-01 +9.9999995246037887e-01 +9.9999995231600924e-01 +2.8319254529557762e-06 +2.3805908841486620e-06 +3.3193266235999092e-06 +5.4628380385881430e-06 +8.4796544821753724e-06
 15.00000000 +1.0000000000000526e+00 +1.9999997654187436e+00 +1.8533274374013229e-03 +9.9996186694676448e-01 +9.9999995497959371e-01 +9.9999995358751814e-01 +9.9999995263934360e-01 +9.9999995222049720e-01 +2.8844986596763549e-06 +4.3176020192026109e-06 +6.9088110575395816e-06 +1.0277678832216243e-05 +1.3931035975585567e-05
 15.50000000 +1.0000000000000537e+00 +1.9999997501774625e+00 +1.8625479179752728e-03 +9.9993898658716907e-01 +9.9999995578381584e-01 +9.9999995398340358e-01 +9.9999995257787366e-01 +9.9999995167039735e-01 +5.4549737074194167e-06 +8.4406157193827929e-06 +1.2102688871302187e-05 +1.5910648171115906e-05 +1.9290471139713946e-05
 16.00000000 +1.0000000000000560e+00 +1.9999997345230676e+00 +1.8724338931273839e-03 +9.9991378273189724e-01 +9.9999995626433313e-01 +9.9999995385332130e-01 +9.9999995178443057e-01 +9.9999995019147514e-01 +1.0033255808088569e-05 +1.3934697247641350e-05 +1.7850105961201422e-05 +2.1185712578372906e-05 +2.3401403226200681e-05
 16.50000000 +1.0000000000000568e+00 +1.9999997182896243e+00 +1.8810250174304062e-03 +9.9989123826459358e-01 +9.9999995599517522e-01 +9.9999995278889853e-01 +9.9999994988395025e-01 +9.9999994745951259e-01 +1.5763409412020312e-05 +1.9746854139767561e-05 +2.3014886639532004e-05 +2.5026782739566953e-05 +2.5403675225701382e-05
 17.00000000 +1.0000000000000584e+00 +1.9999997013285578e+00 +1.8866939053175608e-03 +9.9987561829111371e-01 +9.9999995468354808e-01 +9.9999995054336821e-01 +9.9999994669157199e-01 +9.9999994336724696e-01 +2.1604311766484172e-05 +2.4788841909061327e-05 +2.6601227677070798e-05 +2.6678141212671972e-05 +2.4913900877540227e-05
 17.50000000 +1.0000000000000606e+00 +1.9999996835367608e+00 +1.8884549372301985e-03 +9.9986966121798437e-01 +9.9999995222400295e-01 +9.9999994707981943e-01 +9.9999994225177657e-01 +9.9999993805085363e-01 +2.6519788021979485e-05 +2.8141930361481930e-05 +2.7946461667809796e-05 +2.5853297425604705e-05 +2.2097698389294979e-05
 18.00000000 +1.0000000000000628e+00 +1.9999996648746903e+00 +1.8861325363122503e-03 +9.9987410479829886e-01 +9.9999994871896547e-01 +9.9999994258125258e-01 +9.9999993683489541e-01 +9.9999993186996361e-01 +2.9663343291821850e-05 +2.9224931526650701e-05 +2.6843451560904297e-05 +2.2782953071693380e-05 +1.7620517485277300e-05
 18.50000000 +1.0000000000000633e+00 +1.9999996453712989e+00 +1.8803610344152470e-03 +9.9988762746403270e-01 +9.9999994446188278e-01 +9.9999993742030902e-01 +9.9999993089114037e-01 +9.9999992534431348e-01 +3.0524414618922794e-05 +2.7894671630575354e-05 +2.3570063892309425e-05 +1.8154529281775413e-05 +1.2490739215183969e-05
 19.00000000 +1.0000000000000659e+00 +1.9999996251154071e+00 +1.8724233762703430e-03 +9.9990719879752921e-01 +9.9999993988616154e-01 +9.9999993209412918e-01 +9.9999992497043289e-01 +9.9999991905866781e-01 +2.9010820705561587e-05 +2.4461636742486610e-05 +1.8822192264855736e-05 +1.2958529070553602e-05 +7.8320146262890975e-06
 19.50000000 +1.0000000000000673e+00 +1.9999996042358088e+00 +1.8639680739878865e-03 +9.9992875144878801e-01 +9.9999993548935395e-01 +9.9999992713634200e-01 +9.9999991962293777e-01 +9.9999991355401507e-01 +2.5454233056508974e-05 +1.9620011567417199e-05 +1.3566055537875619e-05 +8.2760633616207479e-06 +4.6363853769424339e-06
 20.00000000 +1.0000000000000695e+00 +1.9999995828745147e+00 +1.8566665858598252e-03 +9.9994802647845560e-01 +9.9999993174653901e-01 +9.9999992302247187e-01 +9.9999991529897847e-01 +9.9999990922592430e-01 +2.0539710458365676e-05 +1.4307545413377153e-05 +8.8411195755040332e-06 +5.0532499370535820e-06 +3.5526025941035332e-06
 20.50000000 +1.0000000000000711e+00 +1.9999995611587060e+00 +1.8518824282577426e-03 +9.9996141626808110e-01 +9.9999992902857537e-01 +9.9999992008612748e-01 +9.9999991226709994e-01 +9.9999990624963309e-01 +1.5173992981744609e-05 +9.5235363713524134e-06 +5.5539574971234957e-06 +3.9097126726283920e-06 +4.7549013152962318e-06
 21.00000000 +1.0000000000000719e+00 +1.9999995391769445e+00 +1.8504175963887715e-03 +9.9996663794010432e-01 +9.9999992753983669e-01 +9.9999991846126834e-01 +9.9999991056564874e-01 +9.9999990454641685e-01 +1.0317878202277830e-05 +6.1403655416777982e-06 +4.3040573805555198e-06 +5.0200089761963488e-06 +7.9186369847946340e-06
 21.50000000 +1.0000000000000739e+00 +1.9999995169640770e+00 +1.8523831340771482e-03 +9.9996311217284950e-01 +9.9999992728619058e-01 +9.9999991806082167e-01 +9.9999990999681099e-01 +9.9999990379779713e-01 +6.8137560996216891e-06 +4.7442356233847592e-06 +5.2750971497394202e-06 +8.0905309305169976e-06 +1.2305066096865679e-05
 22.00000000 +1.0000000000000757e+00 +1.9999994944973385e+00 +1.8572133972255772e-03 +9.9995198730632495e-01 +9.9999992807830185e-01 +9.9999991859510340e-01 +9.9999991016403367e-01 +9.9999990350494816e-01 +5.2393540985859235e-06 +5.5342253504675733e-06 +8.2112605455980256e-06 +1.2433896475450305e-05 +1.6933615196244067e-05
 22.50000000 +1.0000000000000775e+00 +1.9999994717038430e+00 +1.8638136812796676e-03 +9.9993582243608059e-01 +9.9999992956886863e-01 +9.9999991962614976e-01 +9.9999991054559212e-01 +9.9999990308198439e-01 +5.8131118719736888e-06 +8.2969034556098981e-06 +1.2480736403248191e-05 +1.7122496303723429e-05 +2.0801493677824955e-05
 23.00000000 +1.0000000000000790e+00 +1.9999994484773789e+00 +1.8708046411791144e-03 +9.9991801043211692e-01 +9.9999993131631704e-01 +9.9999992064753407e-01 +9.9999991059037185e-01 +9.9999990196533184e-01 +8.3665538985171669e-06 +1.2458967400654280e-05 +1.7211207628509368e-05 +2.1186947921780261e-05 +2.3101371874450441e-05
 23.50000000 +1.0000000000000813e+00 +1.9999994247007156e+00 +1.8768094728060763e-03 +9.9990206926366276e-01 +9.9999993286298861e-01 +9.9999992117481595e-01 +9.9999990981795617e-01 +9.9999989971843961e-01 +1.2386511568518798e-05 +1.7205580013236959e-05 +2.1468351123095055e-05 +2.3816928363146391e-05 +2.3389791475869848e-05
 24.00000000 +1.0000000000000828e+00 +1.9999994002687815e+00 +1.8807242298532483e-03 +9.9989094913946142e-01 +9.9999993381363539e-01 +9.9999992083015565e-01 +9.9999990790455262e-01 +9.9999989611209783e-01 +1.7117408884926469e-05 +2.1640081800179524e-05 +2.4440773516903172e-05 +2.4522707384186359e-05 +2.1671228924609822e-05
 24.50000000 +1.0000000000000853e+00 +1.9999993751081240e+00 +1.8819184077250000e-03 +9.9988649147666253e-01 +9.9999993390048458e-01 +9.9999991940610244e-01 +9.9999990473923561e-01 +9.9999989116548527e-01 +2.1703357785789021e-05 +2.4953746864580438e-05 +2.5594717152262504e-05 +2.3225215787056977e-05 +1.8382274864586042e-05
 25.00000000 +1.0000000000000864e+00 +1.9999993491890977e+00 +1.8803299708582588e-03 +9.9988913762398002e-01 +9.9999993302400381e-01 +9.9999991689769541e-01 +9.9999990044071496e-01 +9.9999988514063864e-01 +2.5343334125266684e-05 +2.6573394480200734e-05 +2.4769060558454874e-05 +2.0258388221103280e-05 +1.4282696014130211e-05
 25.50000000 +1.0000000000000879e+00 +1.9999993225288504e+00 +1.8764422784455091e-03 +9.9989792979142589e-01 +9.9999993126324538e-01 +9.9999991349809714e-01 +9.9999989533237033e-01 +9.9999987849198457e-01 +2.7431261666041389e-05 +2.6259924506455769e-05 +2.2193934493343702e-05 +1.6286279761797664e-05 +1.0280222888898884e-05
 26.00000000 +1.0000000000000895e+00 +1.9999992951850865e+00 +1.8711547818740597e-03 +9.9991078598146599e-01 +9.9999992885522915e-01 +9.9999990955961160e-01 +9.9999988988096122e-01 +9.9999987178098970e-01 +2.7656509304501754e-05 +2.4141008961219514e-05 +1.8431941609439224e-05 +1.2155054275153521e-05 +7.2294280393320678e-06
 26.50000000 +1.0000000000000908e+00 +1.9999992672424070e+00 +1.8655798988247553e-03 +9.9992497740876296e-01 +9.9999992614830591e-01 +9.9999990552814277e-01 +9.9999988461100442e-01 +9.9999986557240583e-01 +2.6048264265401881e-05 +2.0674147705853945e-05 +1.4256288905661910e-05 +8.7127447043952950e-06 +5.7492862511293872e-06
 27.00000000 +1.0000000000000926e+00 +1.9999992387943657e+00 +1.8608111851447042e-03 +9.9993770122460057e-01 +9.9999992353874090e-01 +9.9999990186355658e-01 +9.9999988001091289e-01 +9.9999986033172872e-01 +2.2957892793366292e-05 +1.6549525603437971e-05 +1.0492083007598085e-05 +6.6351876843707161e-06 +6.0983418356752546e-06
 27.50000000 +1.0000000000000941e+00 +1.9999992099250155e+00 +1.8577107368367451e-03 +9.9994662940351753e-01 +9.9999992140222371e-01 +9.9999989896047503e-01 +9.9999987644806831e-01 +9.9999985634286170e-01 +1.8984720617108540e-05 +1.2553077159386244e-05 +7.8533473486024556e-06 +6.2938519241718737e-06 +8.1324462764938287e-06
 28.00000000 +1.0000000000000964e+00 +1.9999991806935302e+00 +1.8567567264148269e-03 +9.9995032728932853e-01 +9.9999992003228921e-01 +9.9999989708336801e-01 +9.9999987410785229e-01 +9.9999985366079880e-01 +1.4860590782057383e-05 +9.4168792775320465e-06 +6.8079508656167813e-06 +7.6912715955022913e-06 +1.1351134324487274e-05
 28.50000000 +1.0000000000000979e+00 +1.9999991511247022e+00 +1.8579771813962604e-03 +9.9994846837800033e-01 +9.9999991959575563e-01 +9.9999989632668962e-01 +9.9999987296683068e-01 +9.9999985210723852e-01 +1.1315348506982902e-05 +7.6853421540527966e-06 +7.4959131589661099e-06 +1.0474823033655500e-05 +1.5019199121656172e-05
 29.00000000 +1.0000000000000993e+00 +1.9999991212067250e+00 +1.8609770687988763e-03 +9.9994181740944066e-01 +9.9999992011180205e-01 +9.9999989660592459e-01 +9.9999987280378022e-01 +9.9999985130888414e-01 +8.9479566420731148e-06 +7.6216019297620439e-06 +9.7150482811380624e-06 +1.4022954761053884e-05 +1.8334199052343660e-05
 29.50000000 +1.0000000000001017e+00 +1.9999990908961616e+00 +1.8650466097390927e-03 +9.9993200174622854e-01 +9.9999992145681404e-01 +9.9999989767969177e-01 +9.9999987324526585e-01 +9.9999985077024323e-01 +8.1259655932115988e-06 +9.1700156275441927e-06 +1.2974096132568235e-05 +1.7583224994785370e-05 +2.0601799917264779e-05
 30.00000000 +1.0000000000001035e+00 +1.9999990601286146e+00 +1.8693233989290042e-03 +9.9992113152925610e-01 +9.9999992339260035e-01 +9.9999989919760468e-01 +9.9999987383638811e-01 +9.9999984996660318e-01 +8.9300841740124046e-06 +1.1979501286487411e-05 +1.6600197534684384e-05 +2.0431615579951628e-05 +2.1380679489957958e-05
 30.50000000 +1.0000000000001052e+00 +1.9999990288326017e+00 +1.8729721855955102e-03 +9.9991135459685254e-01 +9.9999992561175277e-01 +9.9999990076435763e-01 +9.9999987412317226e-01 +9.9999984843955991e-01 +1.1151859843144834e-05 +1.5480868248815798e-05 +1.9877410472155048e-05 +2.2019438003120851e-05 +2.0566888264738567e-05
 31.00000000 +1.0000000000001070e+00 +1.9999989969436960e+00 +1.8753453693016522e-03 +9.9990443859980094e-01 +9.9999992779140601e-01 +9.9999990200816835e-01 +9.9999987373151600e-01 +9.9999984587756063e-01 +1.4342663667716780e-05 +1.9001451799493694e-05 +2.2187825219286896e-05 +2.2078106266794278e-05 +1.8401945131042360e-05
 31.50000000 +1.0000000000001084e+00 +1.9999989644162177e+00 +1.8760939514976228e-03 +9.9990146025736348e-01 +9.9999992964587403e-01 +9.9999990264160921e-01 +9.9999987242888966e-01 +9.9999984216727067e-01 +1.7903096973735687e-05 +2.1894084236342705e-05 +2.3127524049192923e-05 +2.0662003790732627e-05 +1.5406150485956027e-05
 32.00000000 +1.0000000000001101e+00 +1.9999989312303614e+00 +1.8752109393499782e-03 +9.9990265422292035e-01 +9.9999993096950202e-01 +9.9999990250484960e-01 +9.9999987015865266e-01 +9.9999983740742271e-01 +2.1195194023445069e-05 +2.3655735551347898e-05 +2.2575764078049004e-05 +1.8123295218283934e-05 +1.2254748332664597e-05
 32.50000000 +1.0000000000001117e+00 +1.9999988973938110e+00 +1.8730041096197986e-03 +9.9990743824373329e-01 +9.9999993166337720e-01 +9.9999990158494145e-01 +9.9999986704218058e-01 +9.9999983188398067e-01 +2.3656499266613385e-05 +2.4014164206748307e-05 +2.0705891754828952e-05 +1.5026841113499878e-05 +9.6261860050653700e-06
 33.00000000 +1.0000000000001128e+00 +1.9999988629379566e+00 +1.8700093772051022e-03 +9.9991459505630476e-01 +9.9999993174273938e-01 +9.9999990000930228e-01 +9.9999986334993696e-01 +9.9999982601256410e-01 +2.4895689890665298e-05 +2.2967859412882472e-05 +1.7938446352662883e-05 +1.2025363556223471e-05 +8.0564705060277499e-06
 33.50000000 +1.0000000000001155e+00 +1.9999988279099219e+00 +1.8668669170885486e-03 +9.9992256208066221e-01 +9.9999993132540044e-01 +9.9999989801607880e-01 +9.9999985944805581e-01 +9.9999982025982859e-01 +2.4753615365165543e-05 +2.0773948694948333e-05 +1.4848234682533736e-05 +9.7222981176733454e-06 +7.8307736913722973e-06
 34.00000000 +1.0000000000001170e+00 +1.9999987923622953e+00 +1.8641877316179977e-03 +9.9992976280928392e-01 +9.9999993060459869e-01 +9.9999989590783878e-01 +9.9999985573096728e-01 +9.9999981505881175e-01 +2.3320518603731546e-05 +1.7888709463354593e-05 +1.2045650614852579e-05 +8.5510530314072650e-06 +8.9339573730388667e-06
 34.50000000 +1.0000000000001183e+00 +1.9999987563427311e+00 +1.8624378613210791e-03 +9.9993491126337986e-01 +9.9999992981201458e-01 +9.9999989399747702e-01 +9.9999985255253443e-01 +9.9999981073377309e-01 +2.0908428441652196e-05 +1.4873959371939751e-05 +1.0056623666447526e-05 +8.6946879770099830e-06 +1.1067941957508907e-05
 35.00000000 +1.0000000000001210e+00 +1.9999987198854630e+00 +1.8618615200268081e-03 +9.9993723227388465e-01 +9.9999992917775371e-01 +9.9999989255590993e-01 +9.9999985016771842e-01 +9.9999980744759598e-01 +1.7985733709846759e-05 +1.2288344956346565e-05 +9.2247031937679938e-06 +1.0060577274354255e-05 +1.3729018607879420e-05
 35.50000000 +1.0000000000001215e+00 +1.9999986830061507e+00 +1.8624547630575439e-03 +9.9993656214246440e-01 +9.9999992889400136e-01 +9.9999989177016269e-01 +9.9999984869430136e-01 +9.9999980518018294e-01 +1.5087337641239333e-05 +1.0584457945407958e-05 +9.6533273234943967e-06 +1.2312616192434517e-05 +1.6325580393450348e-05
 36.00000000 +1.0000000000001237e+00 +1.9999986457007475e+00 +1.8639901627561485e-03 +9.9993332114458744e-01 +9.9999992908784452e-01 +9.9999989171811898e-01 +9.9999984810017306e-01 +9.9999980374030240e-01 +1.2717481634998325e-05 +1.0030608620533171e-05 +1.1197584361467538e-05 +1.4951572940587617e-05 +1.8308962036977901e-05
 36.50000000 +1.0000000000001257e+00 +1.9999986079482239e+00 +1.8660827579561625e-03 +9.9992837547768909e-01 +9.9999992980670216e-01 +9.9999989236288211e-01 +9.9999984821686516e-01 +9.9999980280715417e-01 +1.1262790059533424e-05 +1.0670565049912875e-05 +1.3504631827847178e-05 +1.7424754708232667e-05 +1.9288587692191751e-05
 37.00000000 +1.0000000000001277e+00 +1.9999985697162428e+00 +1.8682802488572455e-03 +9.9992282643992914e-01 +9.9999993101750639e-01 +9.9999989356628094e-01 +9.9999984877550641e-01 +9.9999980199285021e-01 +1.0930399201985984e-05 +1.2326831014991003e-05 +1.6092461990779740e-05 +1.9241071135056078e-05 +1.9107445223067437e-05
 37.50000000 +1.0000000000001292e+00 +1.9999985309683899e+00 +1.8701572347163888e-03 +9.9991777533967530e-01 +9.9999993261840314e-01 +9.9999989511783915e-01 +9.9999984945766562e-01 +9.9999980091361418e-01 +1.1720832163888585e-05 +1.4644646385916476e-05 +1.8449725785285705e-05 +2.0067676884232881e-05 +1.7863672231039173e-05
 38.00000000 +1.0000000000001312e+00 +1.9999984916714437e+00 +1.8713944914589924e-03 +9.9991411262323127e-01 +9.9999993445992608e-01 +9.9999989677329570e-01 +9.9999984995149849e-01 +9.9999979925664939e-01 +1.3438624748198503e-05 +1.7166458119789213e-05 +2.0136096062178857e-05 +1.9789373659054303e-05 +1.5876383468630183e-05
 38.50000000 +1.0000000000001330e+00 +1.9999984518012492e+00 +1.8718291925586186e-03 +9.9991237000920219e-01 +9.9999993637140394e-01 +9.9999989829565195e-01 +9.9999985000330149e-01 +9.9999979683105722e-01 +1.5736859498140997e-05 +1.9421472881376336e-05 +2.0863609489166392e-05 +1.8520566855956138e-05 +1.3605981325055175e-05
 39.00000000 +1.0000000000001359e+00 +1.9999984113462701e+00 +1.8714692265318121e-03 +9.9991265794393092e-01 +9.9999993818801047e-01 +9.9999989949189683e-01 +9.9999984945603804e-01 +9.9999979359467184e-01 +1.8185959067578843e-05 +2.1012906417456668e-05 +2.0544167555804147e-05 +1.6569836209195119e-05 +1.1548456880504932e-05
 39.50000000 +1.0000000000001372e+00 +1.9999983703083450e+00 +1.8704726480221873e-03 +9.9991469144990641e-01 +9.9999993977425494e-01 +9.9999990023981333e-01 +9.9999984826915000e-01 +9.9999978965339820e-01 +2.0353307528819680e-05 +2.1686898299466637e-05 +1.9295769531278439e-05 +1.4366888086011005e-05 +1.0127750719207395e-05
 40.00000000 +1.0000000000001386e+00 +1.9999983287008527e+00 +1.8691001470019447e-03 +9.9991788959935524e-01 +9.9999994104076040e-01 +9.9999990050139753e-01 +9.9999984651758966e-01 +9.9999978523473176e-01 +2.1879075821034626e-05 +2.1371331076136398e-05 +1.7408499808763458e-05 +1.2368836705083020e-05 +9.6093634486969796e-06
 40.50000000 +1.0000000000001397e+00 +1.9999982865449137e+00 +1.8676529448214908e-03 +9.9992152087035802e-01 +9.9999994195252084e-01 +9.9999990032184749e-01 +9.9999984437163081e-01 +9.9999978064156314e-01 +2.2535097711126110e-05 +2.0179023288442580e-05 +1.5279082310408778e-05 +1.0966069078898317e-05 +1.0052570390799469e-05
 41.00000000 +1.0000000000001414e+00 +1.9999982438645778e+00 +1.8664100504834325e-03 +9.9992486064373820e-01 +9.9999994252835256e-01 +9.9999989981551496e-01 +9.9999984206218329e-01 +9.9999977619553249e-01 +2.2257367288715491e-05 +1.8376683536746852e-05 +1.3328452574038140e-05 +1.0406914516521533e-05 +1.1309337471602007e-05
 41.50000000 +1.0000000000001439e+00 +1.9999982006820531e+00 +1.8655773485267693e-03 +9.9992732853808952e-01 +9.9999994283258764e-01 +9.9999989914216458e-01 +9.9999983983841845e-01 +9.9999977218043457e-01 +2.1147919321740552e-05 +1.6327286593343171e-05 +1.1919297155742391e-05 +1.0755417917504132e-05 +1.3067548036621999e-05
 42.00000000 +1.0000000000001459e+00 +1.9999981570138605e+00 +1.8652571690794513e-03 +9.9992858104693350e-01 +9.9999994296109407e-01 +9.9999989847812976e-01 +9.9999983792532476e-01 +9.9999976879554786e-01 +1.9447503033347085e-05 +1.4418026451192577e-05 +1.1289556393795704e-05 +1.1888938426846675e-05 +1.4926769394387289e-05
 42.50000000 +1.0000000000001477e+00 +1.9999981128685420e+00 +1.8654418579401536e-03 +9.9992854674824116e-01 +9.9999994302427064e-01 +9.9999989798733591e-01 +9.9999983648823199e-01 +9.9999976612638919e-01 +1.7485536334903613e-05 +1.2987977244070604e-05 +1.1513863649632436e-05 +1.3533771579086034e-05 +1.6488477461767997e-05
 43.00000000 +1.0000000000001499e+00 +1.9999980682461658e+00 +1.8660296226308032e-03 +9.9992740433724103e-01 +9.9999994312978757e-01 +9.9999989779672749e-01 +9.9999983560967909e-01 +9.9999976413686831e-01 +1.5617461061852539e-05 +1.2268827296055749e-05 +1.2498766631630043e-05 +1.5329331276269696e-05 +1.7440604179101696e-05
 43.50000000 +1.0000000000001521e+00 +1.9999980231394778e+00 +1.8668566690856821e-03 +9.9992551510409455e-01 +9.9999994336754516e-01 +9.9999989797951938e-01 +9.9999983528151393e-01 +9.9999976268284219e-01 +1.4161248243229113e-05 +1.2348846732449193e-05 +1.4010666687570575e-05 +1.6906152677482724e-05 +1.7618670904345049e-05
 44.00000000 +1.0000000000001537e+00 +1.9999979775362458e+00 +1.8677371242081142e-03 +9.9992332910498605e-01 +9.9999994379870405e-01 +9.9999989854815574e-01 +9.9999983541239212e-01 +9.9999976154333547e-01 +1.3344254637604042e-05 +1.3165346475716861e-05 +1.5729118402913696e-05 +1.7961031638675234e-05 +1.7031842039847035e-05
 44.50000000 +1.0000000000001552e+00 +1.9999979314222402e+00 +1.8685017715696299e-03 +9.9992128704748551e-01 +9.9999994444985840e-01 +9.9999989945719381e-01 +9.9999983584827445e-01 +9.9999976046288963e-01 +1.3269134778885541e-05 +1.4525301016974831e-05 +1.7313648825274027e-05 +1.8314201826243341e-05 +1.5850448627341628e-05
 45.00000000 +1.0000000000001565e+00 +1.9999978847841218e+00 +1.8690280555348755e-03 +9.9991973785583277e-01 +9.9999994531257275e-01 +9.9999990061475674e-01 +9.9999983640157897e-01 +9.9999975919701478e-01 +1.3903627532145238e-05 +1.6148620749329562e-05 +1.8470350486089903e-05 +1.7938028763017691e-05 +1.4359991496800750e-05
 45.50000000 +1.0000000000001585e+00 +1.9999978376117566e+00 +1.8692565992041695e-03 +9.9991888602686430e-01 +9.9999994634777467e-01 +9.9999990190005084e-01 +9.9999983688357930e-01 +9.9999975755274195e-01 +1.5094536875710728e-05 +1.7724713249233907e-05 +1.9005390226903866e-05 +1.6953149159235058e-05 +1.2893500270875700e-05
 46.00000000 +1.0000000000001603e+00 +1.9999977898995909e+00 +1.8691928791627946e-03 +9.9991877492699377e-01 +9.9999994749388088e-01 +9.9999990318374199e-01 +9.9999983713453588e-01 +9.9999975541766806e-01 +1.6601949290209234e-05 +1.8971099855339179e-05 +1.8855911048126915e-05 +1.5594866146810064e-05 +1.1758017641512286e-05
 46.50000000 +1.0000000000001621e+00 +1.9999977416469505e+00 +1.8688959164348579e-03 +9.9991930403945184e-01 +9.9999994867719710e-01 +9.9999990434786690e-01 +9.9999983704687057e-01 +9.9999975277334296e-01 +1.8146419277531709e-05 +1.9683179579031436e-05 +1.8093783118242723e-05 +1.4158488889859278e-05 +1.1171245216980792e-05
 47.00000000 +1.0000000000001636e+00 +1.9999976928573999e+00 +1.8684582277689276e-03 +9.9992027156774121e-01 +9.9999994982297158e-01 +9.9999990530234129e-01 +9.9999983657819658e-01 +9.9999974969181382e-01 +1.9460035952019668e-05 +1.9766557657570031e-05 +1.6903207623370625e-05 +1.2936037641751003e-05 +1.1221198879143749e-05
 47.50000000 +1.0000000000001656e+00 +1.9999976435374287e+00 +1.8679824443289228e-03 +9.9992142990978883e-01 +9.9999995086559523e-01 +9.9999990599590582e-01 +9.9999983575291818e-01 +9.9999974631710564e-01 +2.0332184377957324e-05 +1.9247121463571149e-05 +1.5538175164372884e-05 +1.2157694995641487e-05 +1.1855983513063402e-05
 48.00000000 +1.0000000000001672e+00 +1.9999975936948251e+00 +1.8675598676780893e-03 +9.9992254078334686e-01 +9.9999995175668432e-01 +9.9999990642038106e-01 +9.9999983465305198e-01 +9.9999974283586668e-01 +2.0642342241333614e-05 +1.8258459963979577e-05 +1.4269290035929057e-05 +1.1949552884167341e-05 +1.2903906379055540e-05
 48.50000000 +1.0000000000001685e+00 +1.9999975433370991e+00 +1.8672550065758607e-03 +9.9992341892112346e-01 +9.9999995247019435e-01 +9.9999990660820437e-01 +9.9999983340061016e-01 +9.9999973944293119e-01 +2.0375029555036065e-05 +1.7010423035629891e-05 +1.3330905986546882e-05 +1.2315138890587167e-05 +1.4117660312584998e-05
 49.00000000 +1.0000000000001696e+00 +1.9999974924702633e+00 +1.8670982400604741e-03 +9.9992395740134243e-01 +9.9999995300414946e-01 +9.9999990662419236e-01 +9.9999983213501176e-01 +9.9999973630796979e-01 +1.9615483074032627e-05 +1.5745838444633847e-05 +1.2878735067823958e-05 +1.3142882759382339e-05 +1.5231588838925445e-05
 49.50000000 +1.0000000000001723e+00 +1.9999974410981058e+00 +1.8670866888589608e-03 +9.9992413265810276e-01 +9.9999995337905256e-01 +9.9999990655324744e-01 +9.9999983098953293e-01 +9.9999973354878469e-01 +1.8528102448495091e-05 +1.4694114774546397e-05 +1.2965388820353414e-05 +1.4236275708515663e-05 +1.6018990389867039e-05
 50.00000000 +1.0000000000001743e+00 +1.9999973892220211e+00 +1.8671916207780919e-03 +9.9992399183022740e-01 +9.9999995363343763e-01 +9.9999990648615011e-01 +9.9999983007057447e-01 +9.9999973121521868e-01 +1.7322596432471562e-05 +1.4030442383263545e-05 +1.3537344689072123e-05 +1.5359091564856839e-05 +1.6337290193133134e-05
 50.50000000 +1.0000000000001763e+00 +1.9999973368413142e+00 +1.8673696051432639e-03 +9.9992362840819349e-01 +9.9999995381737772e-01 +9.9999990650569259e-01 +9.9999982944282684e-01 +9.9999972928560410e-01 +1.6214576164277110e-05 +1.3847681588284417e-05 +1.4452457042840167e-05 +1.6285505294549503e-05 +1.6152321097619946e-05
 51.00000000 +1.0000000000001781e+00 +1.9999972839538003e+00 +1.8675743141730184e-03 +9.9992315360036155e-01 +9.9999995398493680e-01 +9.9999990667512029e-01 +9.9999982912216279e-01 +9.9999972767538037e-01 +1.5387850379220464e-05 +1.4145208168823177e-05 +1.5513229275362817e-05 +1.6844651510588859e-05 +1.5538003594757741e-05
 51.50000000 +1.0000000000001801e+00 +1.9999972305565394e+00 +1.8677662944379706e-03 +9.9992267041972038e-01 +9.9999995418664500e-01 +9.9999990703040442e-01 +9.9999982907678264e-01 +9.9999972625553091e-01 +1.4964875417771210e-05 +1.4835575314207306e-05 +1.6508356744163041e-05 +1.6951017978870130e-05 +1.4653206361841569e-05
 52.00000000 +1.0000000000001812e+00 +1.9999971766465132e+00 +1.8679189879559216e-03 +9.9992225557637648e-01 +9.9999995446299239e-01 +9.9999990757712887e-01 +9.9999982923574504e-01 +9.9999972487700917e-01 +1.4989933861143131e-05 +1.5766520556389262e-05 +1.7253981769291944e-05 +1.6615539790536846e-05 +1.3702295678098125e-05
 52.50000000 +1.0000000000001841e+00 +1.9999971222211395e+00 +1.8680204681029810e-03 +9.9992195151795782e-01 +9.9999995483974957e-01 +9.9999990829210195e-01 +9.9999982950297517e-01 +9.9999972339664289e-01 +1.5427066568311596e-05 +1.6753206069163890e-05 +1.7626763497224899e-05 +1.5936527733645677e-05 +1.2888887623541550e-05
 53.00000000 +1.0000000000001854e+00 +1.9999970672785563e+00 +1.8680714593432306e-03 +9.9992176815147171e-01 +9.9999995532561892e-01 +9.9999990912905490e-01 +9.9999982977410584e-01 +9.9999972170009566e-01 +1.6172060423102120e-05 +1.7614069727075379e-05 +1.7583005799342791e-05 +1.5073703822363735e-05 +1.2373080808145606e-05
 53.50000000 +1.0000000000001865e+00 +1.9999970118176988e+00 +1.8680809848792533e-03 +9.9992169157279676e-01 +9.9999995591240798e-01 +9.9999991002730815e-01 +9.9999982995331771e-01 +9.9999971971832502e-01 +1.7075389932585541e-05 +1.8203480473957656e-05 +1.7161184493510859e-05 +1.4211794757248873e-05 +1.2240967121327730e-05
 54.00000000 +1.0000000000001885e+00 +1.9999969558382189e+00 +1.8680612989868868e-03 +9.9992169595378644e-01 +9.9999995657752072e-01 +9.9999991092188412e-01 +9.9999982996753711e-01 +9.9999971743531535e-01 +1.7971324885084724e-05 +1.8435472618871450e-05 +1.6468601455616488e-05 +1.3521773594042195e-05 +1.2491972346554410e-05
 54.50000000 +1.0000000000001912e+00 +1.9999968993403072e+00 +1.8680236069919039e-03 +9.9992175471593936e-01 +9.9999995728828395e-01 +9.9999991175349223e-01 +9.9999982977599755e-01 +9.9999971488649686e-01 +1.8707692526696811e-05 +1.8294887707356727e-05 +1.5655890869125501e-05 +1.3127720257957858e-05 +1.3045389383689139e-05
 55.00000000 +1.0000000000001921e+00 +1.9999968423245382e+00 +1.8679755651535156e-03 +9.9992184808232842e-01 +9.9999995800738539e-01 +9.9999991247693121e-01 +9.9999982937404452e-01 +9.9999971214884464e-01 +1.9171077344216680e-05 +1.7834829061082219e-05 +1.4885160482813444e-05 +1.3085546850493608e-05 +1.3763297688113857e-05
 55.50000000 +1.0000000000001943e+00 +1.9999967847917250e+00 +1.8679208672833657e-03 +9.9992196565844116e-01 +9.9999995869858949e-01 +9.9999991306678615e-01 +9.9999982879104787e-01 +9.9999970932494753e-01 +1.9303426953027438e-05 +1.7161919215560955e-05 +1.4298340306050662e-05 +1.3376973693198903e-05 +1.4483800990218356e-05
 56.00000000 +1.0000000000001958e+00 +1.9999967267428520e+00 +1.8678605660277111e-03 +9.9992210436456852e-01 +9.9999995933188079e-01 +9.9999991351977646e-01 +9.9999982808319021e-01 +9.9999970652411718e-01 +1.9107833719296354e-05 +1.6412967489423067e-05 +1.3991775289884011e-05 +1.3918812514926803e-05 +1.5056788432117673e-05
 56.50000000 +1.0000000000001976e+00 +1.9999966681790549e+00 +1.8677953130576026e-03 +9.9992226337807222e-01 +9.9999995988735080e-01 +9.9999991385366160e-01 +9.9999982732267101e-01 +9.9999970384389936e-01 +1.8643315853265076e-05 +1.5727949537293473e-05 +1.4001441222571370e-05 +1.4584525144394105e-05 +1.5374483575655121e-05
 57.00000000 +1.0000000000001992e+00 +1.9999966091015962e+00 +1.8677275321482517e-03 +9.9992243843406792e-01 +9.9999996035734262e-01 +9.9999991410310662e-01 +9.9999982658526188e-01 +9.9999970135495386e-01 +1.8010349177452471e-05 +1.5224497644551149e-05 +1.4300790114476116e-05 +1.5232787183774769e-05 +1.5390742142379021e-05
 57.50000000 +1.0000000000002005e+00 +1.9999965495118512e+00 +1.8676626735236927e-03 +9.9992261776939328e-01 +9.9999996074665909e-01 +9.9999991431334290e-01 +9.9999982593829051e-01 +9.9999969909152842e-01 +1.7330373487087576e-05 +1.4978422067264762e-05 +1.4810655972796788e-05 +1.5736784645586135e-05 +1.5125905616048578e-05
 58.00000000 +1.0000000000002025e+00 +1.9999964894112148e+00 +1.8676090677880570e-03 +9.9992278127478418e-01 +9.9999996107093991e-01 +9.9999991453273462e-01 +9.9999982543086685e-01 +9.9999969704862057e-01 +1.6723292732042195e-05 +1.5013330484286727e-05 +1.5418386645453800e-05 +1.6008314043923773e-05 +1.4657319162192379e-05
 58.50000000 +1.0000000000002045e+00 +1.9999964288009724e+00 +1.8675763795147897e-03 +9.9992290330196620e-01 +9.9999996135357794e-01 +9.9999991480542960e-01 +9.9999982508771357e-01 +9.9999969518576526e-01 +1.6287020040819510e-05 +1.5300512366605543e-05 +1.6001824776283845e-05 +1.6012268187494705e-05 +1.4098641198186924e-05
 59.00000000 +1.0000000000002061e+00 +1.9999963676821304e+00 +1.8675731123989705e-03 +9.9992295839387935e-01 +9.9999996162173943e-01 +9.9999991516520836e-01 +9.9999982490728379e-01 +9.9999969343630324e-01 +1.6082441725406195e-05 +1.5768292053575194e-05 +1.6453180975575861e-05 +1.5769372570198635e-05 +1.3573189291278976e-05
 59.50000000 +1.0000000000002081e+00 +1.9999963060552521e+00 +1.8676039177368763e-03 +9.9992292829284568e-01 +9.9999996190214135e-01 +9.9999991563135271e-01 +9.9999982486411432e-01 +9.9999969172017944e-01 +1.6125963794575766e-05 +1.6318393795576191e-05 +1.6698259972505537e-05 +1.5347567713898845e-05 +1.3187405129563337e-05
 60.00000000 +1.0000000000002094e+00 +1.9999962439203358e+00 +1.8676675328478966e-03 +9.9992280816524537e-01 +9.9999996221723186e-01 +9.9999991620701556e-01 +9.9999982491474138e-01 +9.9999968995790389e-01 +1.6390314749151493e-05 +1.6845784205292428e-05 +1.6707755137231263e-05 +1.4844679726676463e-05 +1.3010005090695971e-05
 60.50000000 +1.0000000000002109e+00 +1.9999961812767946e+00 +1.8677560165771437e-03 +9.9992261014941297e-01 +9.9999996258231005e-01 +9.9999991688015322e-01 +9.9999982500597917e-01 +9.9999968808332518e-01 +1.6812792488359361e-05 +1.7258112773470687e-05 +1.6499109081274096e-05 +1.4366553810810341e-05 +1.3060731721278722e-05
 61.00000000 +1.0000000000002129e+00 +1.9999961181235255e+00 +1.8678556073115128e-03 +9.9992236301758652e-01 +9.9999996300393368e-01 +9.9999991762667906e-01 +9.9999982508407259e-01 +9.9999968605322043e-01 +1.7308920216598587e-05 +1.7491262586343270e-05 +1.6129362194812019e-05 +1.4005392493807440e-05 +1.3310278081703599e-05
 61.50000000 +1.0000000000002143e+00 +1.9999960544591062e+00 +1.8679491012322112e-03 +9.9992210774608592e-01 +9.9999996347973519e-01 +9.9999991841518443e-01 +9.9999982510324437e-01 +9.9999968385241245e-01 +1.7788708086051686e-05 +1.7518518763254488e-05 +1.5681095469167444e-05 +1.3822607097171748e-05 +1.3690474994009504e-05
 62.00000000 +1.0000000000002160e+00 +1.9999959902820683e+00 +1.8680192482675145e-03 +9.9992188984273167e-01 +9.9999996399955327e-01 +9.9999991921239373e-01 +9.9999982503233242e-01 +9.9999968149394203e-01 +1.8172500163138904e-05 +1.7352229076218239e-05 +1.5244715126202548e-05 +1.3839227862513543e-05 +1.4111747900785081e-05
 62.50000000 +1.0000000000002178e+00 +1.9999959255911899e+00 +1.8680523918489704e-03 +9.9992175011828721e-01 +9.9999996454757467e-01 +9.9999991998843984e-01 +9.9999982485861894e-01 +9.9999967901465514e-01 +1.8403711885665173e-05 +1.7038288573254883e-05 +1.4900750842185191e-05 +1.4035149289015458e-05 +1.4483572923622357e-05
 63.00000000 +1.0000000000002192e+00 +1.9999958603857708e+00 +1.8680415011977575e-03 +9.9992171600596036e-01 +9.9999996510508415e-01 +9.9999992072117561e-01 +9.9999982458848113e-01 +9.9999967646730914e-01 +1.8456528942787683e-05 +1.6645053748786699e-05 +1.4705525802254842e-05 +1.4356611619006551e-05 +1.4733392974273173e-05
 63.50000000 +1.0000000000002212e+00 +1.9999957946658067e+00 +1.8679878762235911e-03 +9.9992179543707471e-01 +9.9999996565333960e-01 +9.9999992139893001e-01 +9.9999982424498757e-01 +9.9999967391073974e-01 +1.8337673653046405e-05 +1.6249164778860607e-05 +1.4682628327270602e-05 +1.4729723760413737e-05 +1.4820165515422140e-05
 64.00000000 +1.0000000000002234e+00 +1.9999957284320427e+00 +1.8679011086308165e-03 +9.9992197470690913e-01 +9.9999996617613263e-01 +9.9999992202140831e-01 +9.9999982386307151e-01 +9.9999967139986012e-01 +1.8082446162106298e-05 +1.5921101494416725e-05 +1.4821302035026795e-05 +1.5076814364549131e-05 +1.4740169679871251e-05
 64.50000000 +1.0000000000002252e+00 +1.9999956616858867e+00 +1.8677972819441670e-03 +9.9992222085990401e-01 +9.9999996666169577e-01 +9.9999992259875248e-01 +9.9999982348322514e-01 +9.9999966897711012e-01 +1.7746217835086879e-05 +1.5713102149216786e-05 +1.5081459090209953e-05 +1.5332111317893530e-05 +1.4524530046401857e-05
 65.00000000 +1.0000000000002265e+00 +1.9999955944291883e+00 +1.8676957915281808e-03 +9.9992248810787610e-01 +9.9999996710373729e-01 +9.9999992314907149e-01 +9.9999982314482860e-01 +9.9999966666664297e-01 +1.7393235824140758e-05 +1.5651416828279940e-05 +1.5403788139552199e-05 +1.5453689450034728e-05 +1.4229698735534920e-05
 65.50000000 +1.0000000000002285e+00 +1.9999955266639351e+00 +1.8676154707686242e-03 +9.9992272690575768e-01 +9.9999996750155418e-01 +9.9999992369495094e-01 +9.9999982288019673e-01 +9.9999966447195421e-01 +1.7084897788292362e-05 +1.5733909730294331e-05 +1.5722595212902901e-05 +1.5429639870091175e-05 +1.3923504128014494e-05
 66.00000000 +1.0000000000002305e+00 +1.9999954583919328e+00 +1.8675708541440682e-03 +9.9992289374547583e-01 +9.9999996785931444e-01 +9.9999992425957418e-01 +9.9999982271023036e-01 +9.9999966237706417e-01 +1.6869555729357942e-05 +1.5932967558531697e-05 +1.5978706268993100e-05 +1.5277747808708155e-05 +1.3670072127539507e-05
 66.50000000 +1.0000000000002316e+00 +1.9999953896145164e+00 +1.8675693642256888e-03 +9.9992295960646471e-01 +9.9999996818471415e-01 +9.9999992486310318e-01 +9.9999982264222909e-01 +9.9999966035077215e-01 +1.6775460836542203e-05 +1.6202716198629074e-05 +1.6129986761974049e-05 +1.5039323113434122e-05 +1.3516866965223278e-05
 67.00000000 +1.0000000000002343e+00 +1.9999953203323511e+00 +1.8676099939097996e-03 +9.9992291533298161e-01 +9.9999996848729633e-01 +9.9999992551985051e-01 +9.9999982267003917e-01 +9.9999965835302940e-01 +1.6807775770856998e-05 +1.6488859438387010e-05 +1.6157705237394163e-05 +1.4768934265888019e-05 +1.3486363261949927e-05
 67.50000000 +1.0000000000002349e+00 +1.9999952505453837e+00 +1.8676837216179496e-03 +9.9992277290402942e-01 +9.9999996877669628e-01 +9.9999992623660605e-01 +9.9999982277630817e-01 +9.9999965634222510e-01 +1.6949797344239242e-05 +1.6739132853749113e-05 +1.6067916145206288e-05 +1.4522453724985086e-05 +1.3573665242210113e-05
 68.00000000 +1.0000000000002369e+00 +1.9999951802529166e+00 +1.8677755237978045e-03 +9.9992256245494759e-01 +9.9999996906111621e-01 +9.9999992701228990e-01 +9.9999982293633372e-01 +9.9999965428213355e-01 +1.7167795742688319e-05 +1.6912438000193122e-05 +1.5888055716439306e-05 +1.4345938825374891e-05 +1.3750026079117719e-05
 68.50000000 +1.0000000000002380e+00 +1.9999951094537951e+00 +1.8678675189086041e-03 +9.9992232579881013e-01 +9.9999996934617852e-01 +9.9999992783881653e-01 +9.9999982312272528e-01 +9.9999965214739372e-01 +1.7418309647903169e-05 +1.6985137673151526e-05 +1.5659833171770762e-05 +1.4267474545976078e-05 +1.3970992228524428e-05
 69.00000000 +1.0000000000002411e+00 +1.9999950381467027e+00 +1.8679425596157561e-03 +9.9992210789010927e-01 +9.9999996963430937e-01 +9.9999992870296195e-01 +9.9999982331009496e-01 +9.9999964992678558e-01 +1.7656422261856928e-05 +1.6953645074387012e-05 +1.5430100391337262e-05 +1.4293319260432673e-05 +1.4187049956298399e-05
 69.50000000 +1.0000000000002429e+00 +1.9999949663304397e+00 +1.8679875264143442e-03 +9.9992194803403778e-01 +9.9999996992463347e-01 +9.9999992958879436e-01 +9.9999982347900129e-01 +9.9999964762392302e-01 +1.7843512272688541e-05 +1.6833187939909068e-05 +1.5241608718288615e-05 +1.4408715091417428e-05 +1.4354326801600013e-05
 70.00000000 +1.0000000000002436e+00 +1.9999948940041934e+00 +1.8679956720539755e-03 +9.9992187261280874e-01 +9.9999997021335429e-01 +9.9999993048027247e-01 +9.9999982361860007e-01 +9.9999964525549911e-01 +1.7953205071514297e-05 +1.6653328338632397e-05 +1.5125403946518082e-05 +1.4582764669901856e-05 +1.4443118658239149e-05
 70.50000000 +1.0000000000002467e+00 +1.9999948211677046e+00 +1.8679675930003419e-03 +9.9992189070352921e-01 +9.9999997049447487e-01 +9.9999993136355692e-01 +9.9999982372767504e-01 +9.9999964284755194e-01 +1.7974678380345382e-05 +1.6451347672756143e-05 +1.5096135820460141e-05 +1.4776025848750978e-05 +1.4442676722102456e-05
 71.00000000 +1.0000000000002485e+00 +1.9999947478213356e+00 +1.8679107065669987e-03 +9.9992199330394749e-01 +9.9999997076070923e-01 +9.9999993222871786e-01 +9.9999982381403041e-01 +9.9999964043053835e-01 +1.7913010083378756e-05 +1.6264884779794056e-05 +1.5150886886120705e-05 +1.4949065173116106e-05 +1.4361616376775991e-05
 71.50000000 +1.0000000000002496e+00 +1.9999946739660024e+00 +1.8678374224396484e-03 +9.9992215611526958e-01 +9.9999997100445770e-01 +9.9999993307064794e-01 +9.9999982389250353e-01 +9.9999963803413328e-01 +1.7786792356063153e-05 +1.6125216447234162e-05 +1.5271403677496683e-05 +1.5070189235862011e-05 +1.4224282519478579e-05
 72.00000000 +1.0000000000002507e+00 +1.9999945996030288e+00 +1.8677624499440430e-03 +9.9992234512072276e-01 +9.9999997121867978e-01 +9.9999993388911634e-01 +9.9999982398202902e-01 +9.9999963568260963e-01 +1.7623682384219636e-05 +1.6052320458716578e-05 +1.5428982955996534e-05 +1.5120907389700579e-05 +1.4064214908353697e-05
 72.50000000 +1.0000000000002531e+00 +1.9999945247339108e+00 +1.8676998288150377e-03 +9.9992252368746548e-01 +9.9999997139758268e-01 +9.9999993468805759e-01 +9.9999982410231125e-01 +9.9999963339151476e-01 +1.7454847846030649e-05 +1.6052430806737599e-05 +1.5590837833854329e-05 +1.5098268575507112e-05 +1.3916349272078229e-05
 73.00000000 +1.0000000000002542e+00 +1.9999944493600803e+00 +1.8676602882270379e-03 +9.9992265969938654e-01 +9.9999997153705977e-01 +9.9999993547429145e-01 +9.9999982427068990e-01 +9.9999963116605994e-01 +1.7309360704577223e-05 +1.6118278401128147e-05 +1.5726604585170500e-05 +1.5013917047427077e-05 +1.3809693046414173e-05
 73.50000000 +1.0000000000002569e+00 +1.9999943734826897e+00 +1.8676494318936553e-03 +9.9992273132410159e-01 +9.9999997163487875e-01 +9.9999993625596029e-01 +9.9999982449967018e-01 +9.9999962900135364e-01 +1.7209498172750990e-05 +1.6231710164681839e-05 +1.5813756024420919e-05 +1.4890375714065152e-05 +1.3761945242965286e-05
 74.00000000 +1.0000000000002589e+00 +1.9999942971024736e+00 +1.8676670469497056e-03 +9.9992273038690072e-01 +9.9999997169061428e-01 +9.9999993704092827e-01 +9.9999982479545135e-01 +9.9999962688424993e-01 +1.7167660014245230e-05 +1.6367983631764030e-05 +1.5841015053802348e-05 +1.4755563317075915e-05 +1.3776981132195738e-05
 74.50000000 +1.0000000000002613e+00 +1.9999942202196863e+00 +1.8677075888855201e-03 +9.9992266287245002e-01 +9.9999997170539678e-01 +9.9999993783542540e-01 +9.9999982515760133e-01 +9.9999962479638571e-01 +1.7185264978285908e-05 +1.6500804081515182e-05 +1.5809328171792838e-05 +1.4636800320876359e-05 +1.3845436493531858e-05
 75.00000000 +1.0000000000002622e+00 +1.9999941428341483e+00 +1.8677616574861715e-03 +9.9992254667702252e-01 +9.9999997168152077e-01 +9.9999993864309444e-01 +9.9999982557980238e-01 +9.9999962271778287e-01 +1.7253615337667626e-05 +1.6607131784077979e-05 +1.5730461313505255e-05 +1.4555533633459566e-05 +1.3947960017630271e-05
 75.50000000 +1.0000000000002636e+00 +1.9999940649453589e+00 +1.8678180971137940e-03 +9.9992240726449311e-01 +9.9999997162199294e-01 +9.9999993946455790e-01 +9.9999982605145665e-01 +9.9999962063039272e-01 +1.7356384199983417e-05 +1.6670926057382096e-05 +1.5623720620964847e-05 +1.4523744526345826e-05 +1.4060193019719266e-05
 76.00000000 +1.0000000000002656e+00 +1.9999939865526626e+00 +1.8678662610576303e-03 +9.9992227223724262e-01 +9.9999997153005926e-01 +9.9999994029748129e-01 +9.9999982655978537e-01 +9.9999961852097885e-01 +1.7473138892993922e-05 +1.6685267391092863e-05 +1.5511601693364181e-05 +1.4542574514264489e-05 +1.4158273289229609e-05
 76.50000000 +1.0000000000002669e+00 +1.9999939076554316e+00 +1.8678979856844124e-03 +9.9992216596110928e-01 +9.9999997140878616e-01 +9.9999994113707857e-01 +9.9999982709205415e-01 +9.9999961638295742e-01 +1.7583197243134194e-05 +1.6652645670347956e-05 +1.5415289858101494e-05 +1.4603212412003174e-05 +1.4223674166169895e-05
 77.00000000 +1.0000000000002689e+00 +1.9999938282532290e+00 +1.8679089160715588e-03 +9.9992210527548175e-01 +9.9999997126072382e-01 +9.9999994197692033e-01 +9.9999982763754813e-01 +9.9999961421697214e-01 +1.7669129149371400e-05 +1.6583551729208714e-05 +1.5350867206611579e-05 +1.4689636119533517e-05 +1.4246449494283229e-05
 77.50000000 +1.0000000000002716e+00 +1.9999937483459191e+00 +1.8678989835706704e-03 +9.9992209701767287e-01 +9.9999997108767269e-01 +9.9999994280987559e-01 +9.9999982818899613e-01 +9.9999961203022925e-01 +1.7719347212588007e-05 +1.6493798038394339e-05 +1.5326861316934627e-05 +1.4782479690551534e-05 +1.4226380652358339e-05
 78.00000000 +1.0000000000002729e+00 +1.9999936679337129e+00 +1.8678720198779316e-03 +9.9992213767234184e-01 +9.9999997089057202e-01 +9.9999994362903311e-01 +9.9999982874328719e-01 +9.9999960983482716e-01 +1.7729442797865231e-05 +1.6401176710544148e-05 +1.5343453368896389e-05 +1.4863150745493225e-05 +1.4172007679763242e-05
 78.50000000 +1.0000000000002740e+00 +1.9999935870171455e+00 +1.8678346625084156e-03 +9.9992221501558209e-01 +9.9999997066951196e-01 +9.9999994442847440e-01 +9.9999982930144138e-01 +9.9999960764545237e-01 +1.7702172899017231e-05 +1.6322117515406393e-05 +1.5393319608870395e-05 +1.4917365572361091e-05 +1.4097965313014375e-05
 79.00000000 +1.0000000000002756e+00 +1.9999935055969995e+00 +1.8677948303432994e-03 +9.9992231124903430e-01 +9.9999997042384947e-01 +9.9999994520378499e-01 +9.9999982986790759e-01 +9.9999960547686928e-01 +1.7646242117353598e-05 +1.6268938879209378e-05 +1.5463777389475473e-05 +1.4937471237650856e-05 +1.4021350309343841e-05
 79.50000000 +1.0000000000002778e+00 +1.9999934236741812e+00 +1.8677601048933991e-03 +9.9992240687971390e-01 +9.9999997015241027e-01 +9.9999994595228858e-01 +9.9999983044939167e-01 +9.9999960334164728e-01 +1.7574213161778906e-05 +1.6248116527402617e-05 +1.5539697964852155e-05 +1.4923228905205692e-05 +1.3957969377626698e-05
 80.00000000 +1.0000000000002793e+00 +1.9999933412495972e+00 +1.8677363382479854e-03 +9.9992248453039423e-01 +9.9999996985375572e-01 +9.9999994667299474e-01 +9.9999983105344248e-01 +9.9999960124846843e-01 +1.7499991506727243e-05 +1.6259768173321507e-05 +1.5606562247140883e-05 +1.4881069160143782e-05 +1.3919251254331771e-05
 80.50000000 +1.0000000000002804e+00 +1.9999932583240443e+00 +1.8677267323691082e-03 +9.9992253196065872e-01 +9.9999996952647541e-01 +9.9999994736631959e-01 +9.9999983168706030e-01 +9.9999959920123838e-01 +1.7436354258013627e-05 +1.6298315192937914e-05 +1.5653075838241182e-05 +1.4822128599209374e-05 +1.3910385762708693e-05
 81.00000000 +1.0000000000002827e+00 +1.9999931748981132e+00 +1.8677315178122177e-03 +9.9992254380454870e-01 +9.9999996916947287e-01 +9.9999994803365477e-01 +9.9999983235554135e-01 +9.9999959719906173e-01 +1.7392935151873878e-05 +1.6354077287072605e-05 +1.5672904747195306e-05 +1.4759582475703628e-05 +1.3929939472320244e-05
 81.50000000 +1.0000000000002838e+00 +1.9999930909721695e+00 +1.8677482303395593e-03 +9.9992252182929142e-01 +9.9999996878220709e-01 +9.9999994867686071e-01 +9.9999983306170870e-01 +9.9999959523699533e-01 +1.7374955794059028e-05 +1.6415416877778308e-05 +1.5665304677356058e-05 +1.4705870290389734e-05 +1.3970866717158292e-05
 82.00000000 +1.0000000000002860e+00 +1.9999930065463558e+00 +1.8677724682485540e-03 +9.9992247382465860e-01 +9.9999996836487159e-01 +9.9999994929778990e-01 +9.9999983380563118e-01 +9.9999959330738564e-01 +1.7382835433254498e-05 +1.6470994177252035e-05 +1.5634647697914233e-05 +1.4670367140670626e-05 +1.4022556644969446e-05
 82.50000000 +1.0000000000002873e+00 +1.9999929216206418e+00 +1.8677989329188586e-03 +9.9992241148353500e-01 +9.9999996791847845e-01 +9.9999994989788088e-01 +9.9999983458478314e-01 +9.9999959140149308e-01 +1.7412648584802468e-05 +1.6511722351683299e-05 +1.5589055045753779e-05 +1.4657905866649554e-05 +1.4073383419601894e-05
 83.00000000 +1.0000000000002898e+00 +1.9999928361949024e+00 +1.8678225221059920e-03 +9.9992234778805622e-01 +9.9999996744485153e-01 +9.9999995047789214e-01 +9.9999983539460524e-01 +9.9999958951112611e-01 +1.7457259998045201e-05 +1.6532110614898782e-05 +1.5538488170913381e-05 +1.4668344067021724e-05 +1.4113182067915247e-05
 83.50000000 +1.0000000000002913e+00 +1.9999927502690087e+00 +1.8678392611557798e-03 +9.9992229445272296e-01 +9.9999996694652082e-01 +9.9999995103777251e-01 +9.9999983622929367e-01 +9.9999958762999774e-01 +1.7507871025763167e-05 +1.6530826118427287e-05 +1.5492711888826361e-05 +1.4697144402057313e-05 +1.4135151713593112e-05
 84.00000000 +1.0000000000002933e+00 +1.9999926638428951e+00 +1.8678469130556481e-03 +9.9992225990220196e-01 +9.9999996642654765e-01 +9.9999995157668609e-01 +9.9999983708269868e-01 +9.9999958575462555e-01 +1.7555671697531157e-05 +1.6510462668661734e-05 +1.5459521153232815e-05 +1.4736742263154208e-05 +1.4136860923386815e-05
 84.50000000 +1.0000000000002953e+00 +1.9999925769166267e+00 +1.8678451885519125e-03 +9.9992224810391261e-01 +9.9999996588828710e-01 +9.9999995209314307e-01 +9.9999983794914715e-01 +9.9999958388466748e-01 +1.7593309245414096e-05 +1.6476645990552818e-05 +1.5443530109575534e-05 +1.4778346555840557e-05 +1.4120250417889763e-05
 85.00000000 +1.0000000000002969e+00 +1.9999924894904140e+00 +1.8678355638306731e-03 +9.9992225837455140e-01 +9.9999996533514257e-01 +9.9999995258521479e-01 +9.9999983882409316e-01 +9.9999958202270212e-01 +1.7615947360089458e-05 +1.6436707961260826e-05 +1.5445684032265362e-05 +1.4813774793543714e-05 +1.4090745632528313e-05
 85.50000000 +1.0000000000002991e+00 +1.9999924015646169e+00 +1.8678207878549196e-03 +9.9992228607952005e-01 +9.9999996477033093e-01 +9.9999995305079359e-01 +9.9999983970450634e-01 +9.9999958017355772e-01 +1.7621784953880794e-05 +1.6398212075714609e-05 +1.5463502413142855e-05 +1.4836962197632294e-05 +1.4055761146135029e-05
 86.00000000 +1.0000000000003002e+00 +1.9999923131397159e+00 +1.8678042111374465e-03 +9.9992232398373160e-01 +9.9999996419668835e-01 +9.9999995348783988e-01 +9.9999984058896574e-01 +9.9999957834333131e-01 +1.7612009117019382e-05 +1.6367606523039046e-05 +1.5491924937330893e-05 +1.4844889045163123e-05 +1.4022971323212977e-05
 86.50000000 +1.0000000000003015e+00 +1.9999922242162553e+00 +1.8677890857852406e-03 +9.9992236391790523e-01 +9.9999996361655474e-01 +9.9999995389460716e-01 +9.9999984147749532e-01 +9.9999957653831506e-01 +1.7590255011076335e-05 +1.6349227069450179e-05 +1.5524535040009180e-05 +1.4837813048781120e-05 +1.3998726461015906e-05
 87.00000000 +1.0000000000003031e+00 +1.9999921347948038e+00 +1.8677779734217895e-03 +9.9992239840633901e-01 +9.9999996303173011e-01 +9.9999995426980270e-01 +9.9999984237119433e-01 +9.9999957476399781e-01 +1.7561719936120586e-05 +1.6344784647675943e-05 +1.5554891749239732e-05 +1.4818841795769666e-05 +1.3986920323859754e-05
 87.50000000 +1.0000000000003060e+00 +1.9999920448758874e+00 +1.8677723595600685e-03 +9.9992242195443992e-01 +9.9999996244351241e-01 +9.9999995461267743e-01 +9.9999984327174307e-01 +9.9999957302430431e-01 +1.7532119846287588e-05 +1.6353371484039701e-05 +1.5577711653839567e-05 +1.4793004529850902e-05 +1.3988487338266417e-05
 88.00000000 +1.0000000000003073e+00 +1.9999919544599689e+00 +1.8677725207260037e-03 +9.9992243179787177e-01 +9.9999996185280315e-01 +9.9999995492304572e-01 +9.9999984418088350e-01 +9.9999957132116690e-01 +1.7506681116991822e-05 +1.6371924298995845e-05 +1.5589700608337881e-05 +1.4766061303269622e-05 +1.4001558438258884e-05
 88.50000000 +1.0000000000003089e+00 +1.9999918635474168e+00 +1.8677776361560273e-03 +9.9992242804342635e-01 +9.9999996126026547e-01 +9.9999995520124907e-01 +9.9999984509996853e-01 +9.9999956965446690e-01 +1.7489331888207795e-05 +1.6396009830373481e-05 +1.5589922988340132e-05 +1.4743310677292195e-05 +1.4022166784194195e-05
 89.00000000 +1.0000000000003109e+00 +1.9999917721385179e+00 +1.8677860901372592e-03 +9.9992241325658549e-01 +9.9999996066649199e-01 +9.9999995544806286e-01 +9.9999984602962311e-01 +9.9999956802229872e-01 +1.7482204515062444e-05 +1.6420757061477126e-05 +1.5579694946975760e-05 +1.4728626712960743e-05 +1.4045295256223305e-05
 89.50000000 +1.0000000000003122e+00 +1.9999916802334841e+00 +1.8677958818111328e-03 +9.9992239164848384e-01 +9.9999996007216818e-01 +9.9999995566457189e-01 +9.9999984696956501e-01 +9.9999956642149002e-01 +1.7485495340133358e-05 +1.6441755502229408e-05 +1.5562077615663995e-05 +1.4723884243940999e-05 +1.4066012580335452e-05
 90.00000000 +1.0000000000003144e+00 +1.9999915878324810e+00 +1.8678050500292188e-03 +9.9992236807024937e-01 +9.9999995947820786e-01 +9.9999995585204382e-01 +9.9999984791859930e-01 +9.9999956484825714e-01 +1.7497662675494213e-05 +1.6455766307980447e-05 +1.5541110988969733e-05 +1.4728837269512895e-05 +1.4080456973133569e-05
 90.50000000 +1.0000000000003162e+00 +1.9999914949356681e+00 +1.8678120307338414e-03 +9.9992234703053362e-01 +9.9999995888582494e-01 +9.9999995601179226e-01 +9.9999984887474569e-01 +9.9999956329886819e-01 +1.7515889569433639e-05 +1.6461144195948863e-05 +1.5520960242587651e-05 +1.4741419788836838e-05 +1.4086486018133955e-05
 91.00000000 +1.0000000000003173e+00 +1.9999914015432219e+00 +1.8678158887943542e-03 +9.9992233191746160e-01 +9.9999995829655852e-01 +9.9999995614507797e-01 +9.9999984983548484e-01 +9.9999956177021909e-01 +1.7536702469222896e-05 +1.6457931133169370e-05 +1.5505141750661659e-05 +1.4758360302721660e-05 +1.4083901130150448e-05
 91.50000000 +1.0000000000003186e+00 +1.9999913076553515e+00 +1.8678163984748863e-03 +9.9992232454169061e-01 +9.9999995771223116e-01 +9.9999995625302451e-01 +9.9999985079804743e-01 +9.9999956026022185e-01 +1.7556623979871912e-05 +1.6447645055021771e-05 +1.5495961204451997e-05 +1.4775953651580090e-05 +1.4074252488046898e-05
 92.00000000 +1.0000000000003209e+00 +1.9999912132723283e+00 +1.8678139793612901e-03 +9.9992232503959766e-01 +9.9999995713486001e-01 +9.9999995633657934e-01 +9.9999985175971406e-01 +9.9999955876798385e-01 +1.7572747000221161e-05 +1.6432837514034993e-05 +1.5494241135296251e-05 +1.4790822398150360e-05 +1.4060314821821433e-05
 92.50000000 +1.0000000000003224e+00 +1.9999911183944721e+00 +1.8678095212094690e-03 +9.9992233210157255e-01 +9.9999995656653518e-01 +9.9999995639650496e-01 +9.9999985271806513e-01 +9.9999955729375523e-01 +1.7583144384466501e-05 +1.6416525631680780e-05 +1.5499352486146061e-05 +1.4800522435195847e-05 +1.4045380242074364e-05
 93.00000000 +1.0000000000003244e+00 +1.9999910230221469e+00 +1.8678041474662636e-03 +9.9992234343392239e-01 +9.9999995600928870e-01 +9.9999995643340478e-01 +9.9999985367116584e-01 +9.9999955583870392e-01 +1.7587066233258600e-05 +1.6401612824022405e-05 +1.5509507187577866e-05 +1.4803895379046617e-05 +1.4032533513377200e-05
 93.50000000 +1.0000000000003268e+00 +1.9999909271557539e+00 +1.8677989714877023e-03 +9.9992235633223758e-01 +9.9999995546496878e-01 +9.9999995644777351e-01 +9.9999985461764995e-01 +9.9999955440455446e-01 +1.7584918219861297e-05 +1.6390400643398351e-05 +1.5522226042082863e-05 +1.4801131168986786e-05 +1.4024058375378971e-05
 94.00000000 +1.0000000000003282e+00 +1.9999908307956977e+00 +1.8677948926764593e-03 +9.9992236824147906e-01 +9.9999995493513805e-01 +9.9999995644005901e-01 +9.9999985555672055e-01 +9.9999955299318233e-01 +1.7578051652446453e-05 +1.6384265484314960e-05 +1.5534874635316047e-05 +1.4793564705726584e-05 +1.4021078583255666e-05
 94.50000000 +1.0000000000003300e+00 +1.9999907339423835e+00 +1.8677924648624687e-03 +9.9992237719973609e-01 +9.9999995442101675e-01 +9.9999995641073769e-01 +9.9999985648807277e-01 +9.9999955160623011e-01 +1.7568423500643894e-05 +1.6383535923724272e-05 +1.5545160847949198e-05 +1.4783278658727744e-05 +1.4023476925917989e-05
 95.00000000 +1.0000000000003315e+00 +1.9999906365961975e+00 +1.8677918503903386e-03 +9.9992238210074902e-01 +9.9999995392345220e-01 +9.9999995636037087e-01 +9.9999985741175434e-01 +9.9999955024479747e-01 +1.7558198974887545e-05 +1.6387566959592129e-05 +1.5551507877748572e-05 +1.4772612895963158e-05 +1.4030073825951747e-05
 95.50000000 +1.0000000000003337e+00 +1.9999905387575037e+00 +1.8677928548455581e-03 +9.9992238275499046e-01 +9.9999995344294679e-01 +9.9999995628966154e-01 +9.9999985832801297e-01 +9.9999954890926035e-01 +1.7549369685463232e-05 +1.6394973517599785e-05 +1.5553250300539632e-05 +1.4763686355179752e-05 +1.4038996937960811e-05
 96.00000000 +1.0000000000003344e+00 +1.9999904404266338e+00 +1.8677950227198577e-03 +9.9992237977060450e-01 +9.9999995297970135e-01 +9.9999995619947779e-01 +9.9999985923713330e-01 +9.9999954759921605e-01 +1.7543448606291015e-05 +1.6403962564372442e-05 +1.5550639723956858e-05 +1.4758021436863938e-05 +1.4048143208471274e-05
 96.50000000 +1.0000000000003371e+00 +1.9999903416039022e+00 +1.8677977658356011e-03 +9.9992237430633724e-01 +9.9999995253369767e-01 +9.9999995609086978e-01 +9.9999986013931397e-01 +9.9999954631356325e-01 +1.7541282553022636e-05 +1.6412693666789663e-05 +1.5544683139131637e-05 +1.4756329875543643e-05 +1.4055628669809155e-05
 97.00000000 +1.0000000000003380e+00 +1.9999902422896059e+00 +1.8678004947033488e-03 +9.9992236776434207e-01 +9.9999995210476711e-01 +9.9999995596504010e-01 +9.9999986103456373e-01 +9.9999954505066646e-01 +1.7542998197872788e-05 +1.6419601816082215e-05 +1.5536864732520227e-05 +1.4758480517158242e-05 +1.4060137047499467e-05
 97.50000000 +1.0000000000003402e+00 +1.9999901424840374e+00 +1.8678027274001731e-03 +9.9992236149094293e-01 +9.9999995169268008e-01 +9.9999995582332646e-01 +9.9999986192267454e-01 +9.9999954380859535e-01 +1.7548073446352341e-05 +1.6423631371115222e-05 +1.5528816727171548e-05 +1.4763631892551387e-05 +1.4061110043995590e-05
 98.00000000 +1.0000000000003411e+00 +1.9999900421874961e+00 +1.8678041591762618e-03 +9.9992235654032657e-01 +9.9999995129719732e-01 +9.9999995566713862e-01 +9.9999986280321684e-01 +9.9999954258535995e-01 +1.7555506274337981e-05 +1.6424352010960420e-05 +1.5522005705618966e-05 +1.4770483056907189e-05 +1.4058761418938882e-05
 98.50000000 +1.0000000000003437e+00 +1.9999899414002824e+00 +1.8678046864370607e-03 +9.9992235353476577e-01 +9.9999995091811600e-01 +9.9999995549791554e-01 +9.9999986367559623e-01 +9.9999954137913449e-01 +1.7564040584929026e-05 +1.6421951858177931e-05 +1.5517489459880945e-05 +1.4777579495954120e-05 +1.4053934791227377e-05
 99.00000000 +1.0000000000003464e+00 +1.9999898401227214e+00 +1.8678043886484500e-03 +9.9992235263058471e-01 +9.9999995055528079e-01 +9.9999995531706176e-01 +9.9999986453911860e-01 +9.9999954018841009e-01 +1.7572404453727021e-05 +1.6417124901403895e-05 +1.5515779407605181e-05 +1.4783608545717926e-05 +1.4047853966540744e-05
 99.50000000 +1.0000000000003477e+00 +1.9999897383551413e+00 +1.8678034792116642e-03 +9.9992235357723924e-01 +9.9999995020857857e-01 +9.9999995512590600e-01 +9.9999986539308194e-01 +9.9999953901208494e-01 +1.7579519899749217e-05 +1.6410885965126262e-05 +1.5516819801917935e-05 +1.4787629323063016e-05 +1.4041829858523414e-05
100.00000000 +1.0000000000003497e+00 +1.9999896360978988e+00 +1.8678022403806496e-03 +9.9992235584123601e-01 +9.9999994987791496e-01 +9.9999995492566751e-01 +9.9999986623686399e-01 +9.9999953784947093e-01 +1.7584653377185560e-05 +1.6404354692453757e-05 +1.5520072214529618e-05 +1.4789201897308429e-05 +1.4036988413553720e-05
100.50000000 +1.0000000000003515e+00 +1.9999895333513511e+00 +1.8678009576501848e-03 +9.9992235875925339e-01 +9.9999994956317451e-01 +9.9999995471743242e-01 +9.9999986706998811e-01 +9.9999953670023400e-01 +1.7587490028315912e-05 +1.6398549925887371e-05 +1.5524676119966264e-05 +1.4788404341095326e-05 +1.4034071259901020e-05
101.00000000 +1.0000000000003524e+00 +1.9999894301158623e+00 +1.8677998663000829e-03 +9.9992236168579651e-01 +9.9999994926418279e-01 +9.9999995450215007e-01 +9.9999986789217210e-01 +9.9999953556428212e-01 +1.7588129565293930e-05 +1.6394228601680109e-05 +1.5529646416195965e-05 +1.4785749228298656e-05 +1.4033339367640329e-05
101.50000000 +1.0000000000003548e+00 +1.9999893263918045e+00 +1.8677991180343155e-03 +9.9992236410822988e-01 +9.9999994898067313e-01 +9.9999995428064681e-01 +9.9999986870335322e-01 +9.9999953444164003e-01 +1.7587014861378827e-05 +1.6391791037693064e-05 +1.5534067197985245e-05 +1.4782028817171397e-05 +1.4034585316131346e-05
102.00000000 +1.0000000000003559e+00 +1.9999892221795419e+00 +1.8677987702114638e-03 +9.9992236571355542e-01 +9.9999994871225273e-01 +9.9999995405363584e-01 +9.9999986950367770e-01 +9.9999953333230673e-01 +1.7584813949296675e-05 +1.6391260088578475e-05 +1.5537247203057788e-05 +1.4778127871966813e-05 +1.4037237239630416e-05
102.50000000 +1.0000000000003586e+00 +1.9999891174794355e+00 +1.8677987952421991e-03 +9.9992236640372123e-01 +9.9999994845839957e-01 +9.9999995382175344e-01 +9.9999987029347948e-01 +9.9999953223615334e-01 +1.7582281029486861e-05 +1.6392327867103806e-05 +1.5538813940649349e-05 +1.4774844034314233e-05 +1.4040521414335060e-05
103.00000000 +1.0000000000003595e+00 +1.9999890122918473e+00 +1.8677991042253626e-03 +9.9992236626696651e-01 +9.9999994821845217e-01 +9.9999995358557325e-01 +9.9999987107323185e-01 +9.9999953115284279e-01 +1.7580122103361945e-05 +1.6394452900991706e-05 +1.5538737730976598e-05 +1.4772748849833516e-05 +1.4043643147001892e-05
103.50000000 +1.0000000000003613e+00 +1.9999889066171286e+00 +1.8677995772520251e-03 +9.9992236551986891e-01 +9.9999994799163638e-01 +9.9999995334564018e-01 +9.9999987184350614e-01 +9.9999953008180387e-01 +1.7578886625161442e-05 +1.6396984198063427e-05 +1.5537290779501789e-05 +1.4772110339806956e-05 +1.4045947409396147e-05
104.00000000 +1.0000000000003630e+00 +1.9999888004556330e+00 +1.8678000930107935e-03 +9.9992236443758908e-01 +9.9999994777708090e-01 +9.9999995310247713e-01 +9.9999987260491574e-01 +9.9999952902223965e-01 +1.7578899384797194e-05 +1.6399287240176011e-05 +1.5534957488427463e-05 +1.4772883457874102e-05 +1.4047029942884506e-05
104.50000000 +1.0000000000003662e+00 +1.9999886938077096e+00 +1.8678005519849345e-03 +9.9992236328857032e-01 +9.9999994757385269e-01 +9.9999995285659737e-01 +9.9999987335807838e-01 +9.9999952797317715e-01 +1.7580238286333324e-05 +1.6400849997351312e-05 +1.5532318831805219e-05 +1.4774760993350981e-05 +1.4046783445211411e-05
105.00000000 +1.0000000000003675e+00 +1.9999885866737135e+00 +1.8678008900234226e-03 +9.9992236228564391e-01 +9.9999994738098907e-01 +9.9999995260849595e-01 +9.9999987410358138e-01 +9.9999952693353222e-01 +1.7582755374712191e-05 +1.6401353495261513e-05 +1.5529935191535109e-05 +1.4777267008560345e-05 +1.4045378523819097e-05
105.50000000 +1.0000000000003686e+00 +1.9999884790539983e+00 +1.8678010817163664e-03 +9.9992236155963965e-01 +9.9999994719753416e-01 +9.9999995235864969e-01 +9.9999987484197150e-01 +9.9999952590219787e-01 +1.7586131729970340e-05 +1.6400699700356437e-05 +1.5528248977364280e-05 +1.4779869277780812e-05 +1.4043192165130040e-05
106.00000000 +1.0000000000003708e+00 +1.9999883709489228e+00 +1.8678011352282547e-03 +9.9992236115565880e-01 +9.9999994702256545e-01 +9.9999995210749593e-01 +9.9999987557374792e-01 +9.9999952487811372e-01 +1.7589952588981261e-05 +1.6398997832454479e-05 +1.5527521835513283e-05 +1.4782086834930566e-05 +1.4040705179900246e-05
106.50000000 +1.0000000000003713e+00 +1.9999882623588494e+00 +1.8678010816576757e-03 +9.9992236104747478e-01 +9.9999994685521010e-01 +9.9999995185541168e-01 +9.9999987629936937e-01 +9.9999952386032620e-01 +1.7593787630570901e-05 +1.6396517211832719e-05 +1.5527812951295825e-05 +1.4783572976075341e-05 +1.4038393295992702e-05
107.00000000 +1.0000000000003735e+00 +1.9999881532841453e+00 +1.8678009624607736e-03 +9.9992236116271660e-01 +9.9999994669466963e-01 +9.9999995160270405e-01 +9.9999987701927862e-01 +9.9999952284803362e-01 +1.7597262611231393e-05 +1.6393619372089472e-05 +1.5528996628162929e-05 +1.4784161451806593e-05 +1.4036634402701605e-05
107.50000000 +1.0000000000003764e+00 +1.9999880437251776e+00 +1.8678008180879942e-03 +9.9992236141087298e-01 +9.9999994654021451e-01 +9.9999995134958708e-01 +9.9999987773391563e-01 +9.9999952184059326e-01 +1.7600111885105196e-05 +1.6390683952331037e-05 +1.5530810494906736e-05 +1.4783872273242393e-05 +1.4035648090885420e-05
108.00000000 +1.0000000000003779e+00 +1.9999879336823159e+00 +1.8678006799959350e-03 +9.9992236170738125e-01 +9.9999994639119238e-01 +9.9999995109617423e-01 +9.9999987844374072e-01 +9.9999952083751742e-01 +1.7602205937488672e-05 +1.6388041913051940e-05 +1.5532921385454539e-05 +1.4782881704471171e-05 +1.4035474942758021e-05
108.50000000 +1.0000000000003790e+00 +1.9999878231559376e+00 +1.8678005669458865e-03 +9.9992236198947426e-01 +9.9999994624702182e-01 +9.9999995084247473e-01 +9.9999987914925526e-01 +9.9999951983844604e-01 +1.7603552972404795e-05 +1.6385926454785480e-05 +1.5534994577938352e-05 +1.4781467146669468e-05 +1.4035994072142841e-05
109.00000000 +1.0000000000003810e+00 +1.9999877121464185e+00 +1.8678004853172477e-03 +9.9992236222233544e-01 +9.9999994610718967e-01 +9.9999995058839453e-01 +9.9999987985100947e-01 +9.9999951884311222e-01 +1.7604277968317176e-05 +1.6384447514923570e-05 +1.5536753500427128e-05 +1.4779940852278737e-05 +1.4036970028415103e-05
109.50000000 +1.0000000000003828e+00 +1.9999876006541299e+00 +1.8678004322985290e-03 +9.9992236239667542e-01 +9.9999994597123909e-01 +9.9999995033374067e-01 +9.9999988054960376e-01 +9.9999951785129604e-01 +1.7604585808469990e-05 +1.6383590843885433e-05 +1.5538020557586858e-05 +1.4778586538070825e-05 +1.4038115609677203e-05
110.00000000 +1.0000000000003837e+00 +1.9999874886794513e+00 +1.8678004004030705e-03 +9.9992236252061051e-01 +9.9999994583876950e-01 +9.9999995007823428e-01 +9.9999988124568873e-01 +9.9999951686279309e-01 +1.7604716747163153e-05 +1.6383238310991474e-05 +1.5538734459815875e-05 +1.4777610411468931e-05 +1.4039155893214945e-05
110.50000000 +1.0000000000003866e+00 +1.9999873762227629e+00 +1.8678003817960650e-03 +9.9992236260943013e-01 +9.9999994570943485e-01 +9.9999994982152418e-01 +9.9999988193995248e-01 +9.9999951587738489e-01 +1.7604902538856886e-05 +1.6383202938226721e-05 +1.5538944319347371e-05 +1.4777113755206307e-05 +1.4039880654097466e-05
111.00000000 +1.0000000000003879e+00 +1.9999872632844462e+00 +1.8678003713145999e-03 +9.9992236267654211e-01 +9.9999994558293614e-01 +9.9999994956319271e-01 +9.9999988263310047e-01 +9.9999951489481809e-01 +1.7605330251212911e-05 +1.6383270577308093e-05 +1.5538784910795576e-05 +1.4777089122190169e-05 +1.4040176488482363e-05
111.50000000 +1.0000000000003892e+00 +1.9999871498648809e+00 +1.8678003676507076e-03 +9.9992236272786550e-01 +9.9999994545903514e-01 +9.9999994930278002e-01 +9.9999988332584433e-01 +9.9999951391480946e-01 +1.7606118518422358e-05 +1.6383240177986768e-05 +1.5538440237887289e-05 +1.4777437446558751e-05 +1.4040035230683294e-05
112.00000000 +1.0000000000003917e+00 +1.9999870359644498e+00 +1.8678003727709554e-03 +9.9992236276052404e-01 +9.9999994533755354e-01 +9.9999994903978784e-01 +9.9999988401888218e-01 +9.9999951293705136e-01 +1.7607308277963330e-05 +1.6382956003489402e-05 +1.5538103609303702e-05 +1.4777999828215664e-05 +1.4039540438584845e-05
112.50000000 +1.0000000000003928e+00 +1.9999869215835413e+00 +1.8678003901161982e-03 +9.9992236276536628e-01 +9.9999994521837898e-01 +9.9999994877368670e-01 +9.9999988471287871e-01 +9.9999951196122594e-01 +1.7608867382263424e-05 +1.6382327490059620e-05 +1.5537941858112902e-05 +1.4778595895000471e-05 +1.4038837800801884e-05
113.00000000 +1.0000000000003950e+00 +1.9999868067225344e+00 +1.8678004223696783e-03 +9.9992236273186286e-01 +9.9999994510147883e-01 +9.9999994850392693e-01 +9.9999988540846085e-01 +9.9999951098703421e-01 +1.7610706311919341e-05 +1.6381335183010539e-05 +1.5538069481900582e-05 +1.4779060592352721e-05 +1.4038097641262121e-05
113.50000000 +1.0000000000003959e+00 +1.9999866913818245e+00 +1.8678004695791681e-03 +9.9992236265346934e-01 +9.9999994498689893e-01 +9.9999994822993621e-01 +9.9999988610620028e-01 +9.9999951001421139e-01 +1.7612700822023159e-05 +1.6380023783916374e-05 +1.5538535858336737e-05 +1.4779272741226360e-05 +1.4037478058576066e-05
114.00000000 +1.0000000000003979e+00 +1.9999865755617978e+00 +1.8678005282095752e-03 +9.9992236253170574e-01 +9.9999994487477617e-01 +9.9999994795112968e-01 +9.9999988680661811e-01 +9.9999950904255630e-01 +1.7614716842535971e-05 +1.6378485385616965e-05 +1.5539325888622462e-05 +1.4779171231515107e-05 +1.4037095855499678e-05
114.50000000 +1.0000000000004001e+00 +1.9999864592628414e+00 +1.8678005913707377e-03 +9.9992236237773624e-01 +9.9999994476533716e-01 +9.9999994766690092e-01 +9.9999988751018043e-01 +9.9999950807193871e-01 +1.7616633280166481e-05 +1.6376837186239360e-05 +1.5540371970101320e-05 +1.4778757649648457e-05 +1.4037009820183606e-05
115.00000000 +1.0000000000004017e+00 +1.9999863424853517e+00 +1.8678006501113493e-03 +9.9992236221107444e-01 +9.9999994465890096e-01 +9.9999994737662945e-01 +9.9999988821730179e-01 +9.9999950710231089e-01 +1.7618359355223895e-05 +1.6375198275184582e-05 +1.5541573488108174e-05 +1.4778086861475842e-05 +1.4037217810150903e-05
115.50000000 +1.0000000000004037e+00 +1.9999862252297169e+00 +1.8678006953858298e-03 +9.9992236205584573e-01 +9.9999994455587848e-01 +9.9999994707968320e-01 +9.9999988892834935e-01 +9.9999950613370947e-01 +1.7619844493181827e-05 +1.6373669557352417e-05 +1.5542819243211313e-05 +1.4777249102290193e-05 +1.4037666155883007e-05
116.00000000 +1.0000000000004055e+00 +1.9999861074963357e+00 +1.8678007201479488e-03 +9.9992236193564299e-01 +9.9999994445676632e-01 +9.9999994677541482e-01 +9.9999988964364794e-01 +9.9999950516624603e-01 +1.7621080291216194e-05 +1.6372319740864978e-05 +1.5544008392194731e-05 +1.4776348185245583e-05 +1.4038267698452715e-05
116.50000000 +1.0000000000004072e+00 +1.9999859892856025e+00 +1.8678007210252909e-03 +9.9992236186834194e-01 +9.9999994436214257e-01 +9.9999994646317303e-01 +9.9999989036348214e-01 +9.9999950420010375e-01 +1.7622095433030119e-05 +1.6371178845594645e-05 +1.5545066409736049e-05 +1.4775480473637644e-05 +1.4038923631073009e-05
117.00000000 +1.0000000000004083e+00 +1.9999858705979199e+00 +1.8678006991650648e-03 +9.9992236186213512e-01 +9.9999994427265682e-01 +9.9999994614230370e-01 +9.9999989108809784e-01 +9.9999950323551601e-01 +1.7622945432706903e-05 +1.6370239195058509e-05 +1.5545953990651630e-05 +1.4774718419611537e-05 +1.4039544294784298e-05
117.50000000 +1.0000000000004101e+00 +1.9999857514336807e+00 +1.8678006600665446e-03 +9.9992236191372197e-01 +9.9999994418902471e-01 +9.9999994581215912e-01 +9.9999989181770665e-01 +9.9999950227276413e-01 +1.7623699638474705e-05 +1.6369462592030459e-05 +1.5546668383234897e-05 +1.4774101043215071e-05 +1.4040065017497167e-05
118.00000000 +1.0000000000004119e+00 +1.9999856317932982e+00 +1.8678006124663886e-03 +9.9992236200898865e-01 +9.9999994411201554e-01 +9.9999994547210336e-01 +9.9999989255247679e-01 +9.9999950131215787e-01 +1.7624428000109945e-05 +1.6368791528619700e-05 +1.5547238067283537e-05 +1.4773632069023691e-05 +1.4040454652146764e-05
118.50000000 +1.0000000000004130e+00 +1.9999855116771692e+00 +1.8678005665585778e-03 +9.9992236212595609e-01 +9.9999994404244286e-01 +9.9999994512152335e-01 +9.9999989329253436e-01 +9.9999950035403096e-01 +1.7625189760190520e-05 +1.6368161926550666e-05 +1.5547712733644173e-05 +1.4773284899018116e-05 +1.4040716258836409e-05
119.00000000 +1.0000000000004154e+00 +1.9999853910857042e+00 +1.8678005319645121e-03 +9.9992236223926045e-01 +9.9999994398115999e-01 +9.9999994475983534e-01 +9.9999989403795897e-01 +9.9999949939873689e-01 +1.7626025589052257e-05 +1.6367515027760664e-05 +1.5548151056996038e-05 +1.4773012450938230e-05 +1.4040881000478378e-05
119.50000000 +1.0000000000004170e+00 +1.9999852700193070e+00 +1.8678005158981748e-03 +9.9992236232513509e-01 +9.9999994392904445e-01 +9.9999994438649209e-01 +9.9999989478877371e-01 +9.9999949844664393e-01 +1.7626953895633625e-05 +1.6366806564389078e-05 +1.5548608762601192e-05 +1.4772759286991747e-05 +1.4040997486492032e-05
120.00000000 +1.0000000000004188e+00 +1.9999851484783890e+00 +1.8678005218997742e-03 +9.9992236236584653e-01 +9.9999994388699620e-01 +9.9999994400099268e-01 +9.9999989554494673e-01 +9.9999949749814032e-01 +1.7627971261881227e-05 +1.6366012084865662e-05 +1.5549129050321559e-05 +1.4772473427915125e-05 +1.4041119345853632e-05
120.50000000 +1.0000000000004203e+00 +1.9999850264633616e+00 +1.8678005493639918e-03 +9.9992236235269827e-01 +9.9999994385592705e-01 +9.9999994360288802e-01 +9.9999989630638519e-01 +9.9999949655363840e-01 +1.7629056293691320e-05 +1.6365128135044147e-05 +1.5549736702499964e-05 +1.4772115708701667e-05 +1.4041293727190668e-05
121.00000000 +1.0000000000004228e+00 +1.9999849039746365e+00 +1.8678005939057236e-03 +9.9992236228709841e-01 +9.9999994383675317e-01 +9.9999994319178509e-01 +9.9999989707293080e-01 +9.9999949561357482e-01 +1.7630175742356346e-05 +1.6364169738861267e-05 +1.5550436344205737e-05 +1.4771665322150889e-05 +1.4041552823974378e-05
121.50000000 +1.0000000000004243e+00 +1.9999847810126259e+00 +1.8678006484297025e-03 +9.9992236217961883e-01 +9.9999994383038981e-01 +9.9999994276735160e-01 +9.9999989784436161e-01 +9.9999949467842020e-01 +1.7631291564596998e-05 +1.6363165177185249e-05 +1.5551214516742268e-05 +1.4771121115712577e-05 +1.4041909605490169e-05
122.00000000 +1.0000000000004259e+00 +1.9999846575777447e+00 +1.8678007046376774e-03 +9.9992236204738727e-01 +9.9999994383774449e-01 +9.9999994232932288e-01 +9.9999989862039151e-01 +9.9999949374867858e-01 +1.7632367646960838e-05 +1.6362149362244093e-05 +1.5552044604162001e-05 +1.4770499063685640e-05 +1.4042357929087721e-05
122.50000000 +1.0000000000004279e+00 +1.9999845336704081e+00 +1.8678007546415599e-03 +9.9992236191045147e-01 +9.9999994385970736e-01 +9.9999994187749863e-01 +9.9999989940067169e-01 +9.9999949282489164e-01 +1.7633375174084767e-05 +1.6361157137742886e-05 +1.5552893299138693e-05 +1.4769826980413230e-05 +1.4042876327373596e-05
123.00000000 +1.0000000000004294e+00 +1.9999844092910339e+00 +1.8678007923596893e-03 +9.9992236178791161e-01 +9.9999994389714564e-01 +9.9999994141175030e-01 +9.9999990018479412e-01 +9.9999949190763615e-01 +1.7634295998196891e-05 +1.6360217637854799e-05 +1.5553727229589172e-05 +1.4769137884025934e-05 +1.4043434159109323e-05
123.50000000 +1.0000000000004310e+00 +1.9999842844400435e+00 +1.8678008144466525e-03 +9.9992236169458737e-01 +9.9999994395089564e-01 +9.9999994093202116e-01 +9.9999990097229374e-01 +9.9999949099752350e-01 +1.7635123788654545e-05 +1.6359350481357146e-05 +1.5554518556866420e-05 +1.4768463447698515e-05 +1.4043998559449709e-05
124.00000000 +1.0000000000004332e+00 +1.9999841591178522e+00 +1.8678008206232492e-03 +9.9992236163878734e-01 +9.9999994402175496e-01 +9.9999994043832707e-01 +9.9999990176265185e-01 +9.9999949009519384e-01 +1.7635863130411002e-05 +1.6358564146057131e-05 +1.5555248726157257e-05 +1.4767828731393100e-05 +1.4044540717604450e-05
124.50000000 +1.0000000000004354e+00 +1.9999840333248895e+00 +1.8678008134035897e-03 +9.9992236162150738e-01 +9.9999994411047066e-01 +9.9999993993075731e-01 +9.9999990255529958e-01 +9.9999948920131176e-01 +1.7636527041197362e-05 +1.6357856448026284e-05 +1.5555910005555152e-05 +1.4767248960344762e-05 +1.4045040374926528e-05
125.00000000 +1.0000000000004365e+00 +1.9999839070615748e+00 +1.8678007973334922e-03 +9.9992236163705650e-01 +9.9999994421773497e-01 +9.9999993940947751e-01 +9.9999990334961986e-01 +9.9999948831655949e-01 +1.7637133554698500e-05 +1.6357216709427654e-05 +1.5556504897544463e-05 +1.4766728615771986e-05 +1.4045487958908989e-05
125.50000000 +1.0000000000004379e+00 +1.9999837803283380e+00 +1.8678007779361295e-03 +9.9992236167483239e-01 +9.9999994434417538e-01 +9.9999993887472816e-01 +9.9999990414495388e-01 +9.9999948744163358e-01 +1.7637702062318095e-05 +1.6356628982596181e-05 +1.5557043867429793e-05 +1.4766262633541817e-05 +1.4045884321204186e-05
126.00000000 +1.0000000000004401e+00 +1.9999836531256052e+00 +1.8678007605952354e-03 +9.9992236172180227e-01 +9.9999994449034735e-01 +9.9999993832682932e-01 +9.9999990494060109e-01 +9.9999948657723858e-01 +1.7638250033248378e-05 +1.6356075622933870e-05 +1.5557542057578477e-05 +1.4765839150167390e-05 +1.4046238517749489e-05
126.50000000 +1.0000000000004414e+00 +1.9999835254538063e+00 +1.8678007495917164e-03 +9.9992236176513183e-01 +9.9999994465672581e-01 +9.9999993776617502e-01 +9.9999990573581887e-01 +9.9999948572408115e-01 +1.7638790572282948e-05 +1.6355540558999497e-05 +1.5558015726543402e-05 +1.4765443040489590e-05 +1.4046564377978456e-05
127.00000000 +1.0000000000004430e+00 +1.9999833973133720e+00 +1.8678007474552914e-03 +9.9992236179447813e-01 +9.9999994484369725e-01 +9.9999993719323721e-01 +9.9999990652982929e-01 +9.9999948488286927e-01 +1.7639331067025924e-05 +1.6355011764293802e-05 +1.5558479080747623e-05 +1.4765059467787746e-05 +1.4046876723739975e-05
127.50000000 +1.0000000000004454e+00 +1.9999832687047387e+00 +1.8678007547137819e-03 +9.9992236180355021e-01 +9.9999994505155987e-01 +9.9999993660856801e-01 +9.9999990732182098e-01 +9.9999948405430983e-01 +1.7639872961925835e-05 +1.6354482649079130e-05 +1.5558941989071191e-05 +1.4764676791397618e-05 +1.4047188026511925e-05
128.00000000 +1.0000000000004463e+00 +1.9999831396283370e+00 +1.8678007700378405e-03 +9.9992236179074179e-01 +9.9999994528050851e-01 +9.9999993601278858e-01 +9.9999990811094674e-01 +9.9999948323910248e-01 +1.7640412511292710e-05 +1.6353952316736056e-05 +1.5559408835983884e-05 +1.4764288402006927e-05 +1.4047506078089247e-05
128.50000000 +1.0000000000004492e+00 +1.9999830100846050e+00 +1.8678007907049540e-03 +9.9992236175884863e-01 +9.9999994553064475e-01 +9.9999993540660181e-01 +9.9999990889633450e-01 +9.9999948243794701e-01 +1.7640942232085775e-05 +1.6353424827616937e-05 +1.5559878527616331e-05 +1.4763893322447844e-05 +1.4047832959821141e-05
129.00000000 +1.0000000000004510e+00 +1.9999828800739774e+00 +1.8678008132566593e-03 +9.9992236171401649e-01 +9.9999994580195695e-01 +9.9999993479077631e-01 +9.9999990967708019e-01 +9.9999948165153307e-01 +1.7641452711970883e-05 +1.6352907755316179e-05 +1.5560345460978817e-05 +1.4763495665461636e-05 +1.4048165297691860e-05
129.50000000 +1.0000000000004523e+00 +1.9999827495968920e+00 +1.8678008342033097e-03 +9.9992236166423987e-01 +9.9999994609433351e-01 +9.9999993416615296e-01 +9.9999991045226133e-01 +9.9999948088054613e-01 +1.7641934428493701e-05 +1.6352410391221676e-05 +1.5560801129293418e-05 +1.4763103234937865e-05 +1.4048495544235259e-05
130.00000000 +1.0000000000004536e+00 +1.9999826186537952e+00 +1.8678008506411989e-03 +9.9992236161771675e-01 +9.9999994640755252e-01 +9.9999993353363803e-01 +9.9999991122093645e-01 +9.9999948012566275e-01 +1.7642379290293466e-05 +1.6351941952980781e-05 +1.5561235979204441e-05 +1.4762725667155450e-05 +1.4048813872782241e-05
130.50000000 +1.0000000000004552e+00 +1.9999824872451211e+00 +1.8678008606812797e-03 +9.9992236158139425e-01 +9.9999994674128490e-01 +9.9999993289420008e-01 +9.9999991198214977e-01 +9.9999947938755007e-01 +1.7642781703212710e-05 +1.6351510092950304e-05 +1.5561641155264977e-05 +1.4762372527338748e-05 +1.4049110219989066e-05
131.00000000 +1.0000000000004570e+00 +1.9999823553713194e+00 +1.8678008636374211e-03 +9.9992236155993131e-01 +9.9999994709509243e-01 +9.9999993224886385e-01 +9.9999991273493405e-01 +9.9999947866686389e-01 +1.7643139072136701e-05 +1.6351119903654605e-05 +1.5562009847328557e-05 +1.4762051716098653e-05 +1.4049376060974499e-05
131.50000000 +1.0000000000004592e+00 +1.9999822230328308e+00 +1.8678008599735847e-03 +9.9992236155521941e-01 +9.9999994746843068e-01 +9.9999993159870704e-01 +9.9999991347831896e-01 +9.9999947796424460e-01 +1.7643451753515344e-05 +1.6350773501916111e-05 +1.5562338073091641e-05 +1.4761768424538204e-05 +1.4049605621984608e-05
132.00000000 +1.0000000000004614e+00 +1.9999820902301049e+00 +1.8678008510538530e-03 +9.9992236156645087e-01 +9.9999994786064805e-01 +9.9999993094485407e-01 +9.9999991421133305e-01 +9.9999947728031457e-01 +1.7643722557834197e-05 +1.6350470163673803e-05 +1.5562624854467201e-05 +1.4761524736528715e-05 +1.4049796392861919e-05
132.50000000 +1.0000000000004625e+00 +1.9999819569635873e+00 +1.8678008387690303e-03 +9.9992236159065850e-01 +9.9999994827099059e-01 +9.9999993028847012e-01 +9.9999991493300699e-01 +9.9999947661567623e-01 +1.7643955955706369e-05 +1.6350206894932170e-05 +1.5562871858891809e-05 +1.4761319841864295e-05 +1.4049948959091424e-05
133.00000000 +1.0000000000004641e+00 +1.9999818232337325e+00 +1.8678008251254040e-03 +9.9992236162355674e-01 +9.9999994869860409e-01 +9.9999992963075779e-01 +9.9999991564238300e-01 +9.9999947597090932e-01 +1.7644157162140299e-05 +1.6349979271351680e-05 +1.5563082657731418e-05 +1.4761150718570794e-05 +1.4050066300348903e-05
133.50000000 +1.0000000000004661e+00 +1.9999816890409869e+00 +1.8678008118755416e-03 +9.9992236166048121e-01 +9.9999994914253809e-01 +9.9999992897294909e-01 +9.9999991633851570e-01 +9.9999947534656575e-01 +1.7644331263245617e-05 +1.6349782362845663e-05 +1.5563261794756598e-05 +1.4761013081010528e-05 +1.4050152779846150e-05
134.00000000 +1.0000000000004674e+00 +1.9999815543858090e+00 +1.8678008002513558e-03 +9.9992236169725546e-01 +9.9999994960174765e-01 +9.9999992831629758e-01 +9.9999991702047353e-01 +9.9999947474316875e-01 +1.7644482515097951e-05 +1.6349611576636304e-05 +1.5563413857894945e-05 +1.4760902376486904e-05 +1.4050213069857728e-05
134.50000000 +1.0000000000004698e+00 +1.9999814192686489e+00 +1.8678007908318479e-03 +9.9992236173083515e-01 +9.9999995007510267e-01 +9.9999992766207768e-01 +9.9999991768735019e-01 +9.9999947416121027e-01 +1.7644613895307150e-05 +1.6349463294041601e-05 +1.5563542713998870e-05 +1.4760814641255035e-05 +1.4050251229131532e-05
135.00000000 +1.0000000000004721e+00 +1.9999812836899669e+00 +1.8678007835485299e-03 +9.9992236175964400e-01 +9.9999995056138935e-01 +9.9999992701157270e-01 +9.9999991833826141e-01 +9.9999947360114882e-01 +1.7644726934322354e-05 +1.6349335231630770e-05 +1.5563651010795202e-05 +1.4760747084816705e-05 +1.4050270081822598e-05
135.50000000 +1.0000000000004732e+00 +1.9999811476502189e+00 +1.8678007778059407e-03 +9.9992236178360427e-01 +9.9999995105931960e-01 +9.9999992636607082e-01 +9.9999991897235185e-01 +9.9999947306340653e-01 +1.7644821804892121e-05 +1.6349226514762560e-05 +1.5563739986003703e-05 +1.4760698343386910e-05 +1.4050270964105138e-05
136.00000000 +1.0000000000004747e+00 +1.9999810111498635e+00 +1.8678007726774370e-03 +9.9992236180389138e-01 +9.9999995156753829e-01 +9.9999992572686114e-01 +9.9999991958880019e-01 +9.9999947254837152e-01 +1.7644897611236420e-05 +1.6349137501029353e-05 +1.5563809563501221e-05 +1.4760668413855760e-05 +1.4050253822780552e-05
136.50000000 +1.0000000000004770e+00 +1.9999808741893650e+00 +1.8678007671290280e-03 +9.9992236182250427e-01 +9.9999995208462888e-01 +9.9999992509522284e-01 +9.9999992018681949e-01 +9.9999947205639317e-01 +1.7644952798192702e-05 +1.6349069425898175e-05 +1.5563858670150794e-05 +1.4760658335804314e-05 +1.4050217585469684e-05
137.00000000 +1.0000000000004783e+00 +1.9999807367691824e+00 +1.8678007602266412e-03 +9.9992236184176153e-01 +9.9999995260912167e-01 +9.9999992447242214e-01 +9.9999992076566180e-01 +9.9999947158778280e-01 +1.7644985595545382e-05 +1.6349023959648683e-05 +1.5563885680177618e-05 +1.4760669723328228e-05 +1.4050160683846756e-05
137.50000000 +1.0000000000004798e+00 +1.9999805988897836e+00 +1.8678007512923694e-03 +9.9992236186382311e-01 +9.9999995313950407e-01 +9.9999992385970360e-01 +9.9999992132462212e-01 +9.9999947114281240e-01 +1.7644994421919245e-05 +1.6349002763880076e-05 +1.5563888888023662e-05 +1.4760704258147463e-05 +1.4050081602553998e-05
138.00000000 +1.0000000000004816e+00 +1.9999804605516311e+00 +1.8678007399901950e-03 +9.9992236189031514e-01 +9.9999995367422889e-01 +9.9999992325828646e-01 +9.9999992186304032e-01 +9.9999947072171447e-01 +1.7644978192089083e-05 +1.6349007120605089e-05 +1.5563866922874613e-05 +1.4760763243212339e-05 +1.4049979343525034e-05
138.50000000 +1.0000000000004838e+00 +1.9999803217551919e+00 +1.8678007263375740e-03 +9.9992236192210970e-01 +9.9999995421172394e-01 +9.9999992266935600e-01 +9.9999992238030577e-01 +9.9999947032468151e-01 +1.7644936496458282e-05 +1.6349037682308021e-05 +1.5563819043210946e-05 +1.4760847287832456e-05 +1.4049853730648161e-05
139.00000000 +1.0000000000004856e+00 +1.9999801825009345e+00 +1.8678007106532990e-03 +9.9992236195927597e-01 +9.9999995475039904e-01 +9.9999992209405841e-01 +9.9999992287585782e-01 +9.9999946995186273e-01 +1.7644869646910900e-05 +1.6349094363040655e-05 +1.5563745281166967e-05 +1.4760956159183294e-05 +1.4049705523098519e-05
139.50000000 +1.0000000000004876e+00 +1.9999800427893348e+00 +1.8678006934616897e-03 +9.9992236200117390e-01 +9.9999995528865882e-01 +9.9999992153349482e-01 +9.9999992334918963e-01 +9.9999946960336672e-01 +1.7644778605137079e-05 +1.6349176363985132e-05 +1.5563646437625292e-05 +1.4761088798880941e-05 +1.4049536347512821e-05
140.00000000 +1.0000000000004889e+00 +1.9999799026208585e+00 +1.8678006753776394e-03 +9.9992236204665996e-01 +9.9999995582490986e-01 +9.9999992098871537e-01 +9.9999992379984948e-01 +9.9999946927925876e-01 +1.7644664825047837e-05 +1.6349282306038869e-05 +1.5563523954479596e-05 +1.4761243473747131e-05 +1.4049348491737502e-05
140.50000000 +1.0000000000004903e+00 +1.9999797619959823e+00 +1.8678006569961762e-03 +9.9992236209433993e-01 +9.9999995635757288e-01 +9.9999992046071562e-01 +9.9999992422744532e-01 +9.9999946897956182e-01 +1.7644530048717644e-05 +1.6349410429299815e-05 +1.5563379706940433e-05 +1.4761418011130646e-05 +1.4049144621564362e-05
141.00000000 +1.0000000000004921e+00 +1.9999796209151797e+00 +1.8678006388053020e-03 +9.9992236214282237e-01 +9.9999995688508869e-01 +9.9999991995042892e-01 +9.9999992463164322e-01 +9.9999946870425449e-01 +1.7644376095557230e-05 +1.6349558815490547e-05 +1.5563215764893616e-05 +1.4761610062704003e-05 +1.4048927485564003e-05
141.50000000 +1.0000000000004943e+00 +1.9999794793789289e+00 +1.8678006211333541e-03 +9.9992236219092356e-01 +9.9999995740593117e-01 +9.9999991945872391e-01 +9.9999992501216994e-01 +9.9999946845327259e-01 +1.7644204678421844e-05 +1.6349725593418149e-05 +1.5563034168920053e-05 +1.4761817345501840e-05 +1.4048699663794588e-05
142.00000000 +1.0000000000004963e+00 +1.9999793373877086e+00 +1.8678006041339559e-03 +9.9992236223780251e-01 +9.9999995791861362e-01 +9.9999991898639784e-01 +9.9999992536881444e-01 +9.9999946822650709e-01 +1.7644017270165345e-05 +1.6349909097449100e-05 +1.5562836755935446e-05 +1.4762037822215515e-05 +1.4048463397902014e-05
142.50000000 +1.0000000000004976e+00 +1.9999791949419952e+00 +1.8678005878043072e-03 +9.9992236228300924e-01 +9.9999995842169787e-01 +9.9999991853417680e-01 +9.9999992570142937e-01 +9.9999946802380824e-01 +1.7643815032102294e-05 +1.6350107962015841e-05 +1.5562625054645169e-05 +1.4762269800501747e-05 +1.4048220518016175e-05
143.00000000 +1.0000000000004998e+00 +1.9999790520422731e+00 +1.8678005720273857e-03 +9.9992236232645837e-01 +9.9999995891380444e-01 +9.9999991810270883e-01 +9.9999992600992871e-01 +9.9999946784497984e-01 +1.7643598804163572e-05 +1.6350321148653068e-05 +1.5562400255421564e-05 +1.4762511949278060e-05 +1.4047972460788288e-05
143.50000000 +1.0000000000005020e+00 +1.9999789086890229e+00 +1.8678005566261028e-03 +9.9992236236834309e-01 +9.9999995939361874e-01 +9.9999991769256102e-01 +9.9999992629429069e-01 +9.9999946768978654e-01 +1.7643369146986223e-05 +1.6350547913694170e-05 +1.5562163245633250e-05 +1.4762763245278865e-05 +1.4047720356726620e-05
144.00000000 +1.0000000000005029e+00 +1.9999787648827294e+00 +1.8678005414174532e-03 +9.9992236240901744e-01 +9.9999995985989865e-01 +9.9999991730421944e-01 +9.9999992655455550e-01 +9.9999946755794977e-01 +1.7643126419874959e-05 +1.6350787732962018e-05 +1.5561914691870463e-05 +1.4763022873288024e-05 +1.4047465155872678e-05
144.50000000 +1.0000000000005052e+00 +1.9999786206238803e+00 +1.8678005262570134e-03 +9.9992236244887889e-01 +9.9999996031148375e-01 +9.9999991693808754e-01 +9.9999992679082927e-01 +9.9999946744915313e-01 +1.7642870875911771e-05 +1.6351040203839047e-05 +1.5561655145844370e-05 +1.4763290107543647e-05 +1.4047207759271532e-05
145.00000000 +1.0000000000005060e+00 +1.9999784759129606e+00 +1.8678005110676478e-03 +9.9992236248825783e-01 +9.9999996074729824e-01 +9.9999991659447984e-01 +9.9999992700327556e-01 +9.9999946736303780e-01 +1.7642602756223858e-05 +1.6351304945087519e-05 +1.5561385150903380e-05 +1.4763564200192512e-05 +1.4046949128563416e-05
145.50000000 +1.0000000000005076e+00 +1.9999783307504611e+00 +1.8678004958502775e-03 +9.9992236252735411e-01 +9.9999996116635959e-01 +9.9999991627362872e-01 +9.9999992719212283e-01 +9.9999946729921074e-01 +1.7642322368819710e-05 +1.6351581511454698e-05 +1.5561105330198460e-05 +1.4763844296680838e-05 +1.4046690355260427e-05
146.00000000 +1.0000000000005096e+00 +1.9999781851368708e+00 +1.8678004806782064e-03 +9.9992236256619760e-01 +9.9999996156778304e-01 +9.9999991597567706e-01 +9.9999992735765642e-01 +9.9999946725724054e-01 +1.7642030142449356e-05 +1.6351869334589304e-05 +1.5560816444124760e-05 +1.4764129389486763e-05 +1.4046432682321889e-05
146.50000000 +1.0000000000005114e+00 +1.9999780390726811e+00 +1.8678004656791491e-03 +9.9992236260465617e-01 +9.9999996195078400e-01 +9.9999991570068192e-01 +9.9999992750022093e-01 +9.9999946723666189e-01 +1.7641726651550234e-05 +1.6352167695417487e-05 +1.5560519412174990e-05 +1.4764418312611629e-05 +1.4046177481080355e-05
147.00000000 +1.0000000000005140e+00 +1.9999778925583882e+00 +1.8678004510105071e-03 +9.9992236264247036e-01 +9.9999996231468413e-01 +9.9999991544861455e-01 +9.9999992762021661e-01 +9.9999946723697553e-01 +1.7641412613529890e-05 +1.6352475727076722e-05 +1.5560215301307775e-05 +1.4764709771466416e-05 +1.4045926194530723e-05
147.50000000 +1.0000000000005154e+00 +1.9999777455944834e+00 +1.8678004368335470e-03 +9.9992236267930279e-01 +9.9999996265891211e-01 +9.9999991521935927e-01 +9.9999992771809709e-01 +9.9999946725765088e-01 +1.7641088863677284e-05 +1.6352792442714379e-05 +1.5559905288263046e-05 +1.4765002397394817e-05 +1.4045680262425973e-05
148.00000000 +1.0000000000005167e+00 +1.9999775981814647e+00 +1.8678004232912655e-03 +9.9992236271479862e-01 +9.9999996298300786e-01 +9.9999991501272112e-01 +9.9999992779436786e-01 +9.9999946729812939e-01 +1.7640756315472395e-05 +1.6353116779475139e-05 +1.5559590606338539e-05 +1.4765294813597908e-05 +1.4045441044338077e-05
148.50000000 +1.0000000000005189e+00 +1.9999774503198315e+00 +1.8678004104930531e-03 +9.9992236274863544e-01 +9.9999996328662288e-01 +9.9999991482842165e-01 +9.9999992784958491e-01 +9.9999946735782386e-01 +1.7640415914879655e-05 +1.6353447648976702e-05 +1.5559272487862679e-05 +1.4765585699571342e-05 +1.4045209754390608e-05
149.00000000 +1.0000000000005200e+00 +1.9999773020100822e+00 +1.8678003985074813e-03 +9.9992236278055635e-01 +9.9999996356951804e-01 +9.9999991466610305e-01 +9.9999992788434677e-01 +9.9999946743612100e-01 +1.7640068596549668e-05 +1.6353783985312837e-05 +1.5558952112273692e-05 +1.4765873843751003e-05 +1.4044987416801267e-05
149.50000000 +1.0000000000005222e+00 +1.9999771532527180e+00 +1.8678003873628020e-03 +9.9992236281039770e-01 +9.9999996383156919e-01 +9.9999991452533588e-01 +9.9999992789929959e-01 +9.9999946753238667e-01 +1.7639715248089673e-05 +1.6354124783676667e-05 +1.5558630566952415e-05 +1.4766158178005545e-05 +1.4044774845941071e-05
150.00000000 +1.0000000000005240e+00 +1.9999770040482390e+00 +1.8678003770534783e-03 +9.9992236283808278e-01 +9.9999996407275793e-01 +9.9999991440561498e-01 +9.9999992789512415e-01 +9.9999946764596293e-01 +1.7639356686179597e-05 +1.6354469125486321e-05 +1.5558308824492877e-05 +1.4766437791954592e-05 +1.4044572649505143e-05
150.50000000 +1.0000000000005260e+00 +1.9999768543971521e+00 +1.8678003675502851e-03 +9.9992236286361946e-01 +9.9999996429317572e-01 +9.9999991430636981e-01 +9.9999992787254055e-01 +9.9999946777617477e-01 +1.7638993645787486e-05 +1.6354816188829064e-05 +1.5557987736657016e-05 +1.4766711928978332e-05 +1.4044381249501007e-05
151.00000000 +1.0000000000005274e+00 +1.9999767042999599e+00 +1.8678003588114864e-03 +9.9992236288707315e-01 +9.9999996449301842e-01 +9.9999991422696499e-01 +9.9999992783229963e-01 +9.9999946792233008e-01 +1.7638626781497624e-05 +1.6355165245613608e-05 +1.5557668042424043e-05 +1.4766979968605955e-05 +1.4044200913593337e-05
151.50000000 +1.0000000000005289e+00 +1.9999765537571723e+00 +1.8678003507928633e-03 +9.9992236290854519e-01 +9.9999996467258290e-01 +9.9999991416670875e-01 +9.9999992777518099e-01 +9.9999946808372431e-01 +1.7638256678296540e-05 +1.6355515648685923e-05 +1.5557350385686188e-05 +1.4767241401423463e-05 +1.4044031788982558e-05
152.00000000 +1.0000000000005309e+00 +1.9999764027692979e+00 +1.8678003434550779e-03 +9.9992236292815173e-01 +9.9999996483226350e-01 +9.9999991412485412e-01 +9.9999992770199020e-01 +9.9999946825964192e-01 +1.7637883868216417e-05 +1.6355866813150339e-05 +1.5557035337388123e-05 +1.4767495802724788e-05 +1.4043873932165473e-05
152.50000000 +1.0000000000005327e+00 +1.9999762513368433e+00 +1.8678003367676949e-03 +9.9992236294600190e-01 +9.9999996497254473e-01 +9.9999991410060696e-01 +9.9999992761355083e-01 +9.9999946844935672e-01 +1.7637508849025288e-05 +1.6356218196252845e-05 +1.5556723417180426e-05 +1.4767742810087175e-05 +1.4043727330115692e-05
153.00000000 +1.0000000000005338e+00 +1.9999760994603235e+00 +1.8678003307098828e-03 +9.9992236296219006e-01 +9.9999996509399702e-01 +9.9999991409313049e-01 +9.9999992751070288e-01 +9.9999946865213918e-01 +1.7637132101565080e-05 +1.6356569279573287e-05 +1.5556415110713935e-05 +1.4767982108284503e-05 +1.4043591911028569e-05
153.50000000 +1.0000000000005362e+00 +1.9999759471402476e+00 +1.8678003252684948e-03 +9.9992236297679171e-01 +9.9999996519727130e-01 +9.9999991410155331e-01 +9.9999992739430110e-01 +9.9999946886725644e-01 +1.7636754103197749e-05 +1.6356919556174442e-05 +1.5556110880214615e-05 +1.4768213422912921e-05 +1.4043467545227470e-05
154.00000000 +1.0000000000005373e+00 +1.9999757943771321e+00 +1.8678003204344743e-03 +9.9992236298986359e-01 +9.9999996528308821e-01 +9.9999991412497113e-01 +9.9999992726520337e-01 +9.9999946909397353e-01 +1.7636375335902663e-05 +1.6357268524040026e-05 +1.5555811167603589e-05 +1.4768436522207726e-05 +1.4043354038695512e-05
154.50000000 +1.0000000000005400e+00 +1.9999756411714955e+00 +1.8678003161986961e-03 +9.9992236300145543e-01 +9.9999996535223723e-01 +9.9999991416245870e-01 +9.9999992712427443e-01 +9.9999946933156070e-01 +1.7635996288669212e-05 +1.6357615685853320e-05 +1.5555516390865838e-05 +1.4768651225090856e-05 +1.4043251122741123e-05
155.00000000 +1.0000000000005411e+00 +1.9999754875238505e+00 +1.8678003125481757e-03 +9.9992236301161119e-01 +9.9999996540555902e-01 +9.9999991421307155e-01 +9.9999992697237383e-01 +9.9999946957929009e-01 +1.7635617454773213e-05 +1.6357960554125192e-05 +1.5555226935417374e-05 +1.4768857412671873e-05 +1.4043158443487369e-05
155.50000000 +1.0000000000005438e+00 +1.9999753334347177e+00 +1.8678003094633202e-03 +9.9992236302038506e-01 +9.9999996544394842e-01 +9.9999991427585766e-01 +9.9999992681036043e-01 +9.9999946983644550e-01 +1.7635239325198317e-05 +1.6358302659995466e-05 +1.5554943142770615e-05 +1.4769055040260275e-05 +1.4043075554324921e-05
156.00000000 +1.0000000000005456e+00 +1.9999751789046190e+00 +1.8678003069165533e-03 +9.9992236302783943e-01 +9.9999996546833392e-01 +9.9999991434985680e-01 +9.9999992663907666e-01 +9.9999947010231716e-01 +1.7634862379815864e-05 +1.6358641563747703e-05 +1.5554665298854979e-05 +1.4769244147336051e-05 +1.4043001913429570e-05
156.50000000 +1.0000000000005476e+00 +1.9999750239340721e+00 +1.8678003048723151e-03 +9.9992236303405690e-01 +9.9999996547967984e-01 +9.9999991443411462e-01 +9.9999992645935598e-01 +9.9999947037621129e-01 +1.7634487077971822e-05 +1.6358976865162042e-05 +1.5554393623998719e-05 +1.4769424863693588e-05 +1.4042936887205039e-05
157.00000000 +1.0000000000005489e+00 +1.9999748685236063e+00 +1.8678003032882085e-03 +9.9992236303913451e-01 +9.9999996547896874e-01 +9.9999991452768455e-01 +9.9999992627200940e-01 +9.9999947065744954e-01 +1.7634113849909634e-05 +1.6359308212199212e-05 +1.5554128265957365e-05 +1.4769597410912708e-05 +1.4042879759338457e-05
157.50000000 +1.0000000000005507e+00 +1.9999747126737395e+00 +1.8678003021168784e-03 +9.9992236304318449e-01 +9.9999996546719749e-01 +9.9999991462963556e-01 +9.9999992607782684e-01 +9.9999947094537078e-01 +1.7633743090059970e-05 +1.6359635307047011e-05 +1.5553869296641498e-05 +1.4769762099219239e-05 +1.4042829744256078e-05
158.00000000 +1.0000000000005529e+00 +1.9999745563850038e+00 +1.8678003013081854e-03 +9.9992236304632998e-01 +9.9999996544536585e-01 +9.9999991473906125e-01 +9.9999992587757203e-01 +9.9999947123933697e-01 +1.7633375152752886e-05 +1.6359957909148043e-05 +1.5553616712494561e-05 +1.4769919320523492e-05 +1.4042786003252902e-05
158.50000000 +1.0000000000005549e+00 +1.9999743996579258e+00 +1.8678003008113235e-03 +9.9992236304869941e-01 +9.9999996541446490e-01 +9.9999991485508000e-01 +9.9999992567197427e-01 +9.9999947153873070e-01 +1.7633010350440000e-05 +1.6360275835362756e-05 +1.5553370437915685e-05 +1.4770069538874141e-05 +1.4042747661461590e-05
159.00000000 +1.0000000000005564e+00 +1.9999742424930307e+00 +1.8678003005765382e-03 +9.9992236305042292e-01 +9.9999996537547298e-01 +9.9999991497684637e-01 +9.9999992546173067e-01 +9.9999947184296212e-01 +1.7632648954124145e-05 +1.6360588957825586e-05 +1.5553130330774844e-05 +1.4770213279713285e-05 +1.4042713824065101e-05
159.50000000 +1.0000000000005580e+00 +1.9999740848908532e+00 +1.8678003005563632e-03 +9.9992236305162796e-01 +9.9999996532934265e-01 +9.9999991510355501e-01 +9.9999992524750048e-01 +9.9999947215146956e-01 +1.7632291195428369e-05 +1.6360897200290149e-05 +1.5552896188947664e-05 +1.4770351119198780e-05 +1.4042683590629800e-05
160.00000000 +1.0000000000005593e+00 +1.9999739268519237e+00 +1.8678003007063203e-03 +9.9992236305243587e-01 +9.9999996527699420e-01 +9.9999991523444598e-01 +9.9999992502989932e-01 +9.9999947246372045e-01 +1.7631937269606302e-05 +1.6361200533821273e-05 +1.5552667756877614e-05 +1.4770483674547177e-05 +1.4042656067008139e-05
160.50000000 +1.0000000000005611e+00 +1.9999737683767747e+00 +1.8678003009851851e-03 +9.9992236305296101e-01 +9.9999996521930690e-01 +9.9999991536881039e-01 +9.9999992480949906e-01 +9.9999947277921619e-01 +1.7631587338800823e-05 +1.6361498972607229e-05 +1.5552444731405016e-05 +1.4770611595936424e-05 +1.4042630374807553e-05
161.00000000 +1.0000000000005633e+00 +1.9999736094659453e+00 +1.8678003013549755e-03 +9.9992236305330739e-01 +9.9999996515710976e-01 +9.9999991550599465e-01 +9.9999992458682285e-01 +9.9999947309749149e-01 +1.7631241534964346e-05 +1.6361792570472415e-05 +1.5552226766410835e-05 +1.4770735560088063e-05 +1.4042605658846872e-05
161.50000000 +1.0000000000005653e+00 +1.9999734501199684e+00 +1.8678003017807854e-03 +9.9992236305357074e-01 +9.9999996509117528e-01 +9.9999991564540514e-01 +9.9999992436234275e-01 +9.9999947341811690e-01 +1.7630899962030590e-05 +1.6362081418426499e-05 +1.5552013476147284e-05 +1.4770856265295646e-05 +1.4042581093270674e-05
162.00000000 +1.0000000000005662e+00 +1.9999732903393805e+00 +1.8678003022306472e-03 +9.9992236305383675e-01 +9.9999996502221122e-01 +9.9999991578651226e-01 +9.9999992413647742e-01 +9.9999947374070186e-01 +1.7630562697129711e-05 +1.6362365643333899e-05 +1.5551804437404680e-05 +1.4770974427432577e-05 +1.4042555887054590e-05
162.50000000 +1.0000000000005684e+00 +1.9999731301247259e+00 +1.8678003026754914e-03 +9.9992236305418447e-01 +9.9999996495085819e-01 +9.9999991592885507e-01 +9.9999992390959214e-01 +9.9999947406489642e-01 +1.7630229790833191e-05 +1.6362645407575545e-05 +1.5551599190859690e-05 +1.4771090776371854e-05 +1.4042529289535464e-05
163.00000000 +1.0000000000005698e+00 +1.9999729694765436e+00 +1.8678003030892559e-03 +9.9992236305468185e-01 +9.9999996487767751e-01 +9.9999991607204208e-01 +9.9999992368199087e-01 +9.9999947439038939e-01 +1.7629901266572109e-05 +1.6362920909424131e-05 +1.5551397242048054e-05 +1.4771206052277176e-05 +1.4042500596392217e-05
163.50000000 +1.0000000000005720e+00 +1.9999728083953747e+00 +1.8678003034491436e-03 +9.9992236305538962e-01 +9.9999996480315179e-01 +9.9999991621575712e-01 +9.9999992345392152e-01 +9.9999947471691508e-01 +1.7629577119476455e-05 +1.6363192383778134e-05 +1.5551198062405809e-05 +1.4771321001346999e-05 +1.4042469156246020e-05
164.00000000 +1.0000000000005735e+00 +1.9999726468817649e+00 +1.8678003037359890e-03 +9.9992236305635740e-01 +9.9999996472767738e-01 +9.9999991635975771e-01 +9.9999992322556974e-01 +9.9999947504424924e-01 +1.7629257314929696e-05 +1.6363460102896706e-05 +1.5551001090748732e-05 +1.4771436370770955e-05 +1.4042434377800063e-05
164.50000000 +1.0000000000005747e+00 +1.9999724849362570e+00 +1.8678003039346474e-03 +9.9992236305762394e-01 +9.9999996465156027e-01 +9.9999991650387876e-01 +9.9999992299705809e-01 +9.9999947537221257e-01 +1.7628941787124657e-05 +1.6363724376831561e-05 +1.5550805735435832e-05 +1.4771552902849137e-05 +1.4042395737245025e-05
165.00000000 +1.0000000000005769e+00 +1.9999723225593995e+00 +1.8678003040343888e-03 +9.9992236305922133e-01 +9.9999996457501961e-01 +9.9999991664803589e-01 +9.9999992276845073e-01 +9.9999947570067371e-01 +1.7628630437857810e-05 +1.6363985553343524e-05 +1.5550611377320513e-05 +1.4771671328392495e-05 +1.4042352785541809e-05
165.50000000 +1.0000000000005786e+00 +1.9999721597517419e+00 +1.8678003040292054e-03 +9.9992236306116489e-01 +9.9999996449817563e-01 +9.9999991679222078e-01 +9.9999992253974512e-01 +9.9999947602954609e-01 +1.7628323135724485e-05 +1.6364244017199484e-05 +1.5550417373459794e-05 +1.4771792359643018e-05 +1.4042305155163847e-05
166.00000000 +1.0000000000005802e+00 +1.9999719965138330e+00 +1.8678003039180099e-03 +9.9992236306345972e-01 +9.9999996442105732e-01 +9.9999991693650481e-01 +9.9999992231087576e-01 +9.9999947635878905e-01 +1.7628019715792219e-05 +1.6364500188847882e-05 +1.5550223061447885e-05 +1.4771916683013010e-05 +1.4042252565927394e-05
166.50000000 +1.0000000000005818e+00 +1.9999718328462215e+00 +1.8678003037047271e-03 +9.9992236306609772e-01 +9.9999996434359728e-01 +9.9999991708103797e-01 +9.9999992208171606e-01 +9.9999947668841194e-01 +1.7627719979751940e-05 +1.6364754522554389e-05 +1.5550027764176424e-05 +1.4772044951945754e-05 +1.4042194829635713e-05
167.00000000 +1.0000000000005833e+00 +1.9999716687494626e+00 +1.8678003033982748e-03 +9.9992236306905813e-01 +9.9999996426563531e-01 +9.9999991722604731e-01 +9.9999992185207620e-01 +9.9999947701847125e-01 +1.7627423696482402e-05 +1.6365007504132756e-05 +1.5549830794803547e-05 +1.4772177780155689e-05 +1.4042131853386471e-05
167.50000000 +1.0000000000005851e+00 +1.9999715042241117e+00 +1.8678003030124291e-03 +9.9992236307230808e-01 +9.9999996418691783e-01 +9.9999991737183624e-01 +9.9999992162170503e-01 +9.9999947734906969e-01 +1.7627130602924210e-05 +1.6365259648429391e-05 +1.5549631461729642e-05 +1.4772315735432328e-05 +1.4042063641512720e-05
168.00000000 +1.0000000000005875e+00 +1.9999713392707208e+00 +1.8678003025656713e-03 +9.9992236307580162e-01 +9.9999996410710057e-01 +9.9999991751878059e-01 +9.9999992139029026e-01 +9.9999947768035957e-01 +1.7626840405141861e-05 +1.6365511496713017e-05 +1.5549429073422384e-05 +1.4772459334107139e-05 +1.4041990296226908e-05
168.50000000 +1.0000000000005886e+00 +1.9999711738898478e+00 +1.8678003020809412e-03 +9.9992236307947935e-01 +9.9999996402575153e-01 +9.9999991766732521e-01 +9.9999992115745984e-01 +9.9999947801253797e-01 +1.7626552779457526e-05 +1.6365763614093426e-05 +1.5549222942990739e-05 +1.4772609036202508e-05 +1.4041912017102644e-05
169.00000000 +1.0000000000005913e+00 +1.9999710080820536e+00 +1.8678003015854001e-03 +9.9992236308327465e-01 +9.9999996394235913e-01 +9.9999991781798603e-01 +9.9999992092278767e-01 +9.9999947834585379e-01 +1.7626267373561893e-05 +1.6366016587052717e-05 +1.5549012392467670e-05 +1.4772765241221334e-05 +1.4041829099554919e-05
169.50000000 +1.0000000000005922e+00 +1.9999708418478941e+00 +1.8678003011101678e-03 +9.9992236308710669e-01 +9.9999996385632839e-01 +9.9999991797133891e-01 +9.9999992068578869e-01 +9.9999947868059647e-01 +1.7625983807536611e-05 +1.6366271021127526e-05 +1.5548796756812617e-05 +1.4772928284497873e-05 +1.4041741932473041e-05
170.00000000 +1.0000000000005933e+00 +1.9999706751879340e+00 +1.8678003006900447e-03 +9.9992236309088678e-01 +9.9999996376699529e-01 +9.9999991812802125e-01 +9.9999992044592756e-01 +9.9999947901710518e-01 +1.7625701674758686e-05 +1.6366527538740297e-05 +1.5548575387680177e-05 +1.4773098434020040e-05 +1.4041650995129080e-05
170.50000000 +1.0000000000005955e+00 +1.9999705081027330e+00 +1.8678003003632134e-03 +9.9992236309451954e-01 +9.9999996367363031e-01 +9.9999991828872670e-01 +9.9999992020262085e-01 +9.9999947935576383e-01 +1.7625420542687145e-05 +1.6366786777147415e-05 +1.5548347657020249e-05 +1.4773275887643081e-05 +1.4041556853440749e-05
171.00000000 +1.0000000000005971e+00 +1.9999703405928571e+00 +1.8678003001709137e-03 +9.9992236309789673e-01 +9.9999996357543930e-01 +9.9999991845419423e-01 +9.9999991995523219e-01 +9.9999947969699687e-01 +1.7625139953557500e-05 +1.6367049386452319e-05 +1.5548112960575106e-05 +1.4773460770640764e-05 +1.4041460155624133e-05
171.50000000 +1.0000000000005995e+00 +1.9999701726588746e+00 +1.8678003001570847e-03 +9.9992236310090821e-01 +9.9999996347158215e-01 +9.9999991862521120e-01 +9.9999991970308721e-01 +9.9999948004127481e-01 +1.7624859425024642e-05 +1.6367316027627849e-05 +1.5547870721326379e-05 +1.4773653133572295e-05 +1.4041361627235628e-05
172.00000000 +1.0000000000006009e+00 +1.9999700043013475e+00 +1.8678003003679529e-03 +9.9992236310343408e-01 +9.9999996336117014e-01 +9.9999991880259997e-01 +9.9999991944546684e-01 +9.9999948038910436e-01 +1.7624578450801235e-05 +1.6367587370495972e-05 +1.5547620392923359e-05 +1.4773852950475941e-05 +1.4041262065582129e-05
172.50000000 +1.0000000000006022e+00 +1.9999698355208455e+00 +1.8678003008515708e-03 +9.9992236310535187e-01 +9.9999996324328277e-01 +9.9999991898721829e-01 +9.9999991918161768e-01 +9.9999948074103528e-01 +1.7624296501335480e-05 +1.6367864091627523e-05 +1.5547361463099373e-05 +1.4774060117425035e-05 +1.4041162333473590e-05
173.00000000 +1.0000000000006044e+00 +1.9999696663179407e+00 +1.8678003016573323e-03 +9.9992236310653615e-01 +9.9999996311697259e-01 +9.9999991917994802e-01 +9.9999991891075424e-01 +9.9999948109765457e-01 +1.7624013024564296e-05 +1.6368146872141331e-05 +1.5547093457059561e-05 +1.4774274451498797e-05 +1.4041063352302825e-05
173.50000000 +1.0000000000006071e+00 +1.9999694966932018e+00 +1.8678003028354271e-03 +9.9992236310685678e-01 +9.9999996298127480e-01 +9.9999991938169075e-01 +9.9999991863206106e-01 +9.9999948145958339e-01 +1.7623727446764407e-05 +1.6368436395400746e-05 +1.5546815940805860e-05 +1.4774495690223701e-05 +1.4040966094458064e-05
174.00000000 +1.0000000000006082e+00 +1.9999693266472029e+00 +1.8678003044362767e-03 +9.9992236310618410e-01 +9.9999996283521664e-01 +9.9999991959335910e-01 +9.9999991834469570e-01 +9.9999948182747600e-01 +1.7623439173511519e-05 +1.6368733344620906e-05 +1.5546528524353626e-05 +1.4774723491536511e-05 +1.4040871575100779e-05
174.50000000 +1.0000000000006097e+00 +1.9999691561805164e+00 +1.8678003065099676e-03 +9.9992236310438953e-01 +9.9999996267783153e-01 +9.9999991981587255e-01 +9.9999991804780086e-01 +9.9999948220202106e-01 +1.7623147590744192e-05 +1.6369038400411464e-05 +1.5546230864791697e-05 +1.4774957434306141e-05 +1.4040780843367991e-05
175.00000000 +1.0000000000006120e+00 +1.9999689852937219e+00 +1.8678003091056586e-03 +9.9992236310134686e-01 +9.9999996250816392e-01 +9.9999992005014837e-01 +9.9999991774050168e-01 +9.9999948258393323e-01 +1.7622852065920267e-05 +1.6369352238286053e-05 +1.5545922669140284e-05 +1.4775197019434699e-05 +1.4040694973081719e-05
175.50000000 +1.0000000000006137e+00 +1.9999688139873941e+00 +1.8678003122710120e-03 +9.9992236309693139e-01 +9.9999996232528066e-01 +9.9999992029709273e-01 +9.9999991742191130e-01 +9.9999948297395647e-01 +1.7622551949247000e-05 +1.6369675526170018e-05 +1.5545603696969664e-05 +1.4775441671539657e-05 +1.4040615053064070e-05
176.00000000 +1.0000000000006146e+00 +1.9999686422621084e+00 +1.8678003160516282e-03 +9.9992236309102511e-01 +9.9999996212828268e-01 +9.9999992055759634e-01 +9.9999991709113756e-01 +9.9999948337285549e-01 +1.7622246574964628e-05 +1.6370008921935857e-05 +1.5545273762753668e-05 +1.4775690741202778e-05 +1.4040542177165639e-05
176.50000000 +1.0000000000006166e+00 +1.9999684701184492e+00 +1.8678003204905076e-03 +9.9992236308351701e-01 +9.9999996191631546e-01 +9.9999992083252709e-01 +9.9999991674728950e-01 +9.9999948378142212e-01 +1.7621935262662820e-05 +1.6370353070988940e-05 +1.5544932737941980e-05 +1.4775943507759605e-05 +1.4040477434116014e-05
177.00000000 +1.0000000000006184e+00 +1.9999682975569948e+00 +1.8678003256275199e-03 +9.9992236307430327e-01 +9.9999996168857497e-01 +9.9999992112272040e-01 +9.9999991638947772e-01 +9.9999948420046081e-01 +1.7621617318614053e-05 +1.6370708603919700e-05 +1.5544580552746856e-05 +1.4776199182594830e-05 +1.4040421897300473e-05
177.50000000 +1.0000000000006204e+00 +1.9999681245783294e+00 +1.8678003314989090e-03 +9.9992236306328941e-01 +9.9999996144432091e-01 +9.9999992142897476e-01 +9.9999991601682314e-01 +9.9999948463079735e-01 +1.7621292037111781e-05 +1.6371076134230464e-05 +1.5544217197645664e-05 +1.4776456912906421e-05 +1.4040376614559835e-05
178.00000000 +1.0000000000006219e+00 +1.9999679511830335e+00 +1.8678003381368095e-03 +9.9992236305039006e-01 +9.9999996118288415e-01 +9.9999992175204155e-01 +9.9999991562845925e-01 +9.9999948507326719e-01 +1.7620958701807425e-05 +1.6371456256140067e-05 +1.5543842724605865e-05 +1.4776715785901300e-05 +1.4040342598100257e-05
178.50000000 +1.0000000000006246e+00 +1.9999677773716986e+00 +1.8678003455688001e-03 +9.9992236303553528e-01 +9.9999996090367771e-01 +9.9999992209262412e-01 +9.9999991522354037e-01 +9.9999948552871876e-01 +1.7620616587043441e-05 +1.6371849542464222e-05 +1.5543457248040283e-05 +1.4776974833388756e-05 +1.4040320814591829e-05
179.00000000 +1.0000000000006248e+00 +1.9999676031449043e+00 +1.8678003538174597e-03 +9.9992236301866155e-01 +9.9999996060619778e-01 +9.9999992245136116e-01 +9.9999991480124106e-01 +9.9999948599800370e-01 +1.7620264959185523e-05 +1.6372256542568217e-05 +1.5543060945499664e-05 +1.4777233036741174e-05 +1.4040312175527669e-05
179.50000000 +1.0000000000006266e+00 +1.9999674285032440e+00 +1.8678003628999850e-03 +9.9992236299972570e-01 +9.9999996029004390e-01 +9.9999992282883365e-01 +9.9999991436076952e-01 +9.9999948648198378e-01 +1.7619903077956744e-05 +1.6372677780388422e-05 +1.5542654058107311e-05 +1.4777489332195248e-05 +1.4040317527910780e-05
180.00000000 +1.0000000000006293e+00 +1.9999672534473067e+00 +1.8678003728278059e-03 +9.9992236297869652e-01 +9.9999995995491497e-01 +9.9999992322554887e-01 +9.9999991390136445e-01 +9.9999948698151764e-01 +1.7619530197779383e-05 +1.6373113752519218e-05 +1.5542236890736676e-05 +1.4777742616469224e-05 +1.4040337645333956e-05
180.50000000 +1.0000000000006299e+00 +1.9999670779776824e+00 +1.8678003836062568e-03 +9.9992236295555559e-01 +9.9999995960061727e-01 +9.9999992364193624e-01 +9.9999991342230010e-01 +9.9999948749746170e-01 +1.7619145569128243e-05 +1.6373564926366385e-05 +1.5541809811931247e-05 +1.4777991752672591e-05 +1.4040373219517565e-05
181.00000000 +1.0000000000006315e+00 +1.9999669020949615e+00 +1.8678003952342958e-03 +9.9992236293030579e-01 +9.9999995922707696e-01 +9.9999992407834781e-01 +9.9999991292289825e-01 +9.9999948803066996e-01 +1.7618748439899208e-05 +1.6374031738368179e-05 +1.5541373253563239e-05 +1.4778235576482731e-05 +1.4040424852370111e-05
181.50000000 +1.0000000000006348e+00 +1.9999667257997398e+00 +1.8678004077042497e-03 +9.9992236290296377e-01 +9.9999995883433757e-01 +9.9999992453504882e-01 +9.9999991240252550e-01 +9.9999948858198706e-01 +1.7618338056793448e-05 +1.6374514592289908e-05 +1.5540927710226328e-05 +1.4778472902561702e-05 +1.4040493048637202e-05
182.00000000 +1.0000000000006362e+00 +1.9999665490926131e+00 +1.8678004210016341e-03 +9.9992236287356229e-01 +9.9999995842256428e-01 +9.9999992501221158e-01 +9.9999991186059600e-01 +9.9999948915224413e-01 +1.7617913666717012e-05 +1.6375013857598071e-05 +1.5540473738359075e-05 +1.4778702531181617e-05 +1.4040578209203362e-05
182.50000000 +1.0000000000006384e+00 +1.9999663719741740e+00 +1.8678004351050158e-03 +9.9992236284215485e-01 +9.9999995799205155e-01 +9.9999992550991834e-01 +9.9999991129658394e-01 +9.9999948974226049e-01 +1.7617474518192742e-05 +1.6375529867922771e-05 +1.5540011955096222e-05 +1.4778923255024207e-05 +1.4040680625109215e-05
183.00000000 +1.0000000000006404e+00 +1.9999661944450242e+00 +1.8678004499859458e-03 +9.9992236280881175e-01 +9.9999995754322180e-01 +9.9999992602815391e-01 +9.9999991071001970e-01 +9.9999949035283708e-01 +1.7617019862780794e-05 +1.6376062919615892e-05 +1.5539543036847621e-05 +1.4779133866115972e-05 +1.4040800472342276e-05
183.50000000 +1.0000000000006417e+00 +1.9999660165057602e+00 +1.8678004656089303e-03 +9.9992236277361946e-01 +9.9999995707662537e-01 +9.9999992656680048e-01 +9.9999991010049527e-01 +9.9999949098475227e-01 +1.7616548956502450e-05 +1.6376613270413487e-05 +1.5539067717607046e-05 +1.4779333162857747e-05 +1.4040937807454578e-05
184.00000000 +1.0000000000006426e+00 +1.9999658381569847e+00 +1.8678004819314940e-03 +9.9992236273668444e-01 +9.9999995659294527e-01 +9.9999992712564378e-01 +9.9999990946766892e-01 +9.9999949163876489e-01 +1.7616061061262351e-05 +1.6377181138208656e-05 +1.5538586786996464e-05 +1.4779519957105450e-05 +1.4041092564052440e-05
184.50000000 +1.0000000000006448e+00 +1.9999656593992976e+00 +1.8678004989042837e-03 +9.9992236269813017e-01 +9.9999995609299219e-01 +9.9999992770436474e-01 +9.9999990881126877e-01 +9.9999949231560359e-01 +1.7615555446263504e-05 +1.6377766699940693e-05 +1.5538101088052885e-05 +1.4779693081257466e-05 +1.4041264550196419e-05
185.00000000 +1.0000000000006461e+00 +1.9999654802333047e+00 +1.8678005164712264e-03 +9.9992236265809598e-01 +9.9999995557770238e-01 +9.9999992830253848e-01 +9.9999990813108952e-01 +9.9999949301596780e-01 +1.7615031389411354e-05 +1.6378370090604404e-05 +1.5537611514768033e-05 +1.4779851395305013e-05 +1.4041453446740647e-05
185.50000000 +1.0000000000006475e+00 +1.9999653006596096e+00 +1.8678005345697710e-03 +9.9992236261674061e-01 +9.9999995504813777e-01 +9.9999992891963929e-01 +9.9999990742700384e-01 +9.9999949374052588e-01 +1.7614488178702304e-05 +1.6378991402382306e-05 +1.5537119009392087e-05 +1.4779993793801480e-05 +1.4041658806632023e-05
186.00000000 +1.0000000000006490e+00 +1.9999651206788174e+00 +1.8678005531311528e-03 +9.9992236257423550e-01 +9.9999995450548040e-01 +9.9999992955503691e-01 +9.9999990669895711e-01 +9.9999949448991143e-01 +1.7613925113593958e-05 +1.6379630683901320e-05 +1.5536624559513816e-05 +1.4780119212709016e-05 +1.4041880055181407e-05
186.50000000 +1.0000000000006510e+00 +1.9999649402915367e+00 +1.8678005720807447e-03 +9.9992236253076860e-01 +9.9999995395102759e-01 +9.9999993020799871e-01 +9.9999990594697286e-01 +9.9999949526471954e-01 +1.7613341506355129e-05 +1.6380287939615035e-05 +1.5536129194930587e-05 +1.4780226636081773e-05 +1.4042116491311279e-05
187.00000000 +1.0000000000006539e+00 +1.9999647594983729e+00 +1.8678005913384346e-03 +9.9992236248654209e-01 +9.9999995338618586e-01 +9.9999993087769312e-01 +9.9999990517115245e-01 +9.9999949606550542e-01 +1.7612736683392860e-05 +1.6380963129311126e-05 +1.5535633984321099e-05 +1.4780315102546937e-05 +1.4042367289776044e-05
187.50000000 +1.0000000000006544e+00 +1.9999645782999413e+00 +1.8678006108190650e-03 +9.9992236244176846e-01 +9.9999995281246323e-01 +9.9999993156318623e-01 +9.9999990437167430e-01 +9.9999949689277923e-01 +1.7612109986556074e-05 +1.6381656167745492e-05 +1.5535140031735146e-05 +1.4780383711546375e-05 +1.4042631504344760e-05
188.00000000 +1.0000000000006564e+00 +1.9999643966968508e+00 +1.8678006304329322e-03 +9.9992236239667542e-01 +9.9999995223146632e-01 +9.9999993226345418e-01 +9.9999990354880164e-01 +9.9999949774701125e-01 +1.7611460774413529e-05 +1.6382366924401822e-05 +1.5534648472913572e-05 +1.4780431629303450e-05 +1.4042908071929036e-05
188.50000000 +1.0000000000006575e+00 +1.9999642146897141e+00 +1.8678006500862960e-03 +9.9992236235149934e-01 +9.9999995164488598e-01 +9.9999993297737755e-01 +9.9999990270287398e-01 +9.9999949862862103e-01 +1.7610788423505359e-05 +1.6383095223377749e-05 +1.5534160471452746e-05 +1.4780458094480491e-05 +1.4043195817631945e-05
189.00000000 +1.0000000000006599e+00 +1.9999640322791448e+00 +1.8678006696819802e-03 +9.9992236230648546e-01 +9.9999995105449435e-01 +9.9999993370375273e-01 +9.9999990183431253e-01 +9.9999949953798217e-01 +1.7610092329566063e-05 +1.6383840843397560e-05 +1.5533677214827698e-05 +1.4780462423494394e-05 +1.4043493460687970e-05
189.50000000 +1.0000000000006610e+00 +1.9999638494657597e+00 +1.8678006891199633e-03 +9.9992236226188502e-01 +9.9999995046212653e-01 +9.9999993444129065e-01 +9.9999990094361690e-01 +9.9999950047541331e-01 +1.7609371908717365e-05 +1.6384603517951839e-05 +1.5533199910289167e-05 +1.4780444015458817e-05 +1.4043799621256647e-05
190.00000000 +1.0000000000006626e+00 +1.9999636662501747e+00 +1.8678007082980391e-03 +9.9992236221795694e-01 +9.9999994986967977e-01 +9.9999993518862640e-01 +9.9999990003136630e-01 +9.9999950144118566e-01 +1.7608626598628918e-05 +1.6385382935564070e-05 +1.5532729780649444e-05 +1.4780402356723030e-05 +1.4044112828027050e-05
190.50000000 +1.0000000000006652e+00 +1.9999634826330090e+00 +1.8678007271124954e-03 +9.9992236217496255e-01 +9.9999994927909663e-01 +9.9999993594432413e-01 +9.9999989909821729e-01 +9.9999950243551428e-01 +1.7607855859644100e-05 +1.6386178740183978e-05 +1.5532268059973703e-05 +1.4780337024979967e-05 +1.4044431526583196e-05
191.00000000 +1.0000000000006664e+00 +1.9999632986148823e+00 +1.8678007454588138e-03 +9.9992236213316488e-01 +9.9999994869235220e-01 +9.9999993670688025e-01 +9.9999989814490120e-01 +9.9999950345855670e-01 +1.7607059175869357e-05 +1.6386990531707528e-05 +1.5531815989193340e-05 +1.4780247692917059e-05 +1.4044754088474742e-05
191.50000000 +1.0000000000006692e+00 +1.9999631141964151e+00 +1.8678007632323944e-03 +9.9992236209282903e-01 +9.9999994811144910e-01 +9.9999993747473648e-01 +9.9999989717222448e-01 +9.9999950451041997e-01 +1.7606236056223607e-05 +1.6387817866621966e-05 +1.5531374811658775e-05 +1.4780134131386817e-05 +1.4045078820931111e-05
192.00000000 +1.0000000000006706e+00 +1.9999629293782313e+00 +1.8678007803292894e-03 +9.9992236205421536e-01 +9.9999994753839561e-01 +9.9999993824627886e-01 +9.9999989618106333e-01 +9.9999950559114759e-01 +1.7605386035446354e-05 +1.6388660258774822e-05 +1.5530945768649759e-05 +1.4779996212076135e-05 +1.4045403977152208e-05
192.50000000 +1.0000000000006726e+00 +1.9999627441609507e+00 +1.8678007966469615e-03 +9.9992236201758422e-01 +9.9999994697520389e-01 +9.9999993901985418e-01 +9.9999989517236421e-01 +9.9999950670072923e-01 +1.7604508675061873e-05 +1.6389517180264850e-05 +1.5530530094861238e-05 +1.4779833909656674e-05 +1.4045727767103570e-05
193.00000000 +1.0000000000006743e+00 +1.9999625585452043e+00 +1.8678008120850162e-03 +9.9992236198318740e-01 +9.9999994642386780e-01 +9.9999993979377122e-01 +9.9999989414713764e-01 +9.9999950783909375e-01 +1.7603603564297426e-05 +1.6390388062452094e-05 +1.5530129013883197e-05 +1.4779647303401225e-05 +1.4046048368739882e-05
193.50000000 +1.0000000000006755e+00 +1.9999623725316107e+00 +1.8678008265459599e-03 +9.9992236195127138e-01 +9.9999994588635532e-01 +9.9999994056631203e-01 +9.9999989310645732e-01 +9.9999950900611312e-01 +1.7602670320953826e-05 +1.6391272297084463e-05 +1.5529743733692928e-05 +1.4779436578254570e-05 +1.4046363939576860e-05
194.00000000 +1.0000000000006770e+00 +1.9999621861208052e+00 +1.8678008399359244e-03 +9.9992236192207218e-01 +9.9999994536459524e-01 +9.9999994133573977e-01 +9.9999989205145523e-01 +9.9999951020159850e-01 +1.7601708592226690e-05 +1.6392169237537448e-05 +1.5529375442178048e-05 +1.4779202025350186e-05 +1.4046672628529063e-05
194.50000000 +1.0000000000006797e+00 +1.9999619993134146e+00 +1.8678008521654016e-03 +9.9992236189581629e-01 +9.9999994486046528e-01 +9.9999994210030807e-01 +9.9999989098331810e-01 +9.9999951142530297e-01 +1.7600718055476940e-05 +1.6393078200163400e-05 +1.5529025302708252e-05 +1.4778944041967351e-05 +1.4046972587928504e-05
195.00000000 +1.0000000000006810e+00 +1.9999618121100666e+00 +1.8678008631499254e-03 +9.9992236187271399e-01 +9.9999994437577500e-01 +9.9999994285826577e-01 +9.9999988990327993e-01 +9.9999951267691889e-01 +1.7599698418948918e-05 +1.6393998465746667e-05 +1.5528694449773698e-05 +1.4778663130926415e-05 +1.4047261985637501e-05
195.50000000 +1.0000000000006823e+00 +1.9999616245113960e+00 +1.8678008728107644e-03 +9.9992236185296446e-01 +9.9999994391226144e-01 +9.9999994360787448e-01 +9.9999988881262458e-01 +9.9999951395608244e-01 +1.7598649422435102e-05 +1.6394929281060288e-05 +1.5528383984707689e-05 +1.4778359899423094e-05 +1.4047539017168447e-05
196.00000000 +1.0000000000006841e+00 +1.9999614365180365e+00 +1.8678008810755547e-03 +9.9992236183674998e-01 +9.9999994347157262e-01 +9.9999994434740869e-01 +9.9999988771267379e-01 +9.9999951526237230e-01 +1.7597570837886039e-05 +1.6395869860520560e-05 +1.5528094971510583e-05 +1.4778035057305498e-05 +1.4047801917722521e-05
196.50000000 +1.0000000000006868e+00 +1.9999612481306208e+00 +1.8678008878789047e-03 +9.9992236182423366e-01 +9.9999994305525675e-01 +9.9999994507517020e-01 +9.9999988660478556e-01 +9.9999951659530850e-01 +1.7596462469963992e-05 +1.6396819387934162e-05 +1.5527828432792054e-05 +1.4777689414801053e-05 +1.4048048974059822e-05
197.00000000 +1.0000000000006883e+00 +1.9999610593497850e+00 +1.8678008931629676e-03 +9.9992236181555960e-01 +9.9999994266475212e-01 +9.9999994578949403e-01 +9.9999988549034546e-01 +9.9999951795435427e-01 +1.7595324156539556e-05 +1.6397777018333982e-05 +1.5527585345847983e-05 +1.4777323879702860e-05 +1.4048278536114027e-05
197.50000000 +1.0000000000006897e+00 +1.9999608701761684e+00 +1.8678008968779488e-03 +9.9992236181085248e-01 +9.9999994230137912e-01 +9.9999994648875856e-01 +9.9999988437076759e-01 +9.9999951933892128e-01 +1.7594155769129672e-05 +1.6398741879897986e-05 +1.5527366638888038e-05 +1.4776939454028927e-05 +1.4048489028266410e-05
198.00000000 +1.0000000000006917e+00 +1.9999606806104073e+00 +1.8678008989825787e-03 +9.9992236181021521e-01 +9.9999994196632969e-01 +9.9999994717139606e-01 +9.9999988324748301e-01 +9.9999952074836662e-01 +1.7592957213276159e-05 +1.6399713075946089e-05 +1.5527173187429511e-05 +1.4776537230169814e-05 +1.4048678960196144e-05
198.50000000 +1.0000000000006930e+00 +1.9999604906531441e+00 +1.8678008994445251e-03 +9.9992236181372751e-01 +9.9999994166065875e-01 +9.9999994783589718e-01 +9.9999988212193580e-01 +9.9999952218199561e-01 +1.7591728428863870e-05 +1.6400689687009230e-05 +1.5527005810871992e-05 +1.4776118386543945e-05 +1.4048846937226184e-05
199.00000000 +1.0000000000006952e+00 +1.9999603003050184e+00 +1.8678008982407307e-03 +9.9992236182144612e-01 +9.9999994138527892e-01 +9.9999994848082230e-01 +9.9999988099557779e-01 +9.9999952363906464e-01 +1.7590469390377294e-05 +1.6401670772965148e-05 +1.5526865269267352e-05 +1.4775684182782176e-05 +1.4048991670088150e-05
199.50000000 +1.0000000000006966e+00 +1.9999601095666730e+00 +1.8678008953577228e-03 +9.9992236183340200e-01 +9.9999994114095003e-01 +9.9999994910480705e-01 +9.9999987986986116e-01 +9.9999952511878210e-01 +1.7589180107095498e-05 +1.6402655375234137e-05 +1.5526752260298311e-05 +1.4775235954466284e-05 +1.4049111984032957e-05
200.00000000 +1.0000000000006983e+00 +1.9999599184387526e+00 +1.8678008907918101e-03 +9.9992236184960326e-01 +9.9999994092827860e-01 +9.9999994970657136e-01 +9.9999987874623397e-01 +9.9999952662031111e-01 +1.7587860623224344e-05 +1.6403642519029269e-05 +1.5526667416477963e-05 +1.4774775107448516e-05 +1.4049206827219238e-05
#
#Timing:
#    proc        CPU Pre        CPU all       Wall Pre       Wall all
#       0           0.14         182.73           0.15         182.76
