#PATCH_CHECK: SepMBpoisson v0.61 exact-bernoulli stratified-backward active
#discretizing the bath:
#     0 0.0000000000000000e+00 -6.3189999999999946e-01
#     1 2.9814239699997198e-03 -2.5173285690323666e-01
#     2 2.9814239699997198e-03 -2.3307306538107089e-01
#     3 2.9814239699997198e-03 -2.1350616694249586e-01
#     4 2.9814239699997198e-03 -1.9307241725674809e-01
#     5 2.9814239699997198e-03 -1.7180714264857105e-01
#     6 2.9814239699997198e-03 -1.4974167128288318e-01
#     7 2.9814239699997198e-03 -1.2690403514596213e-01
#     8 2.9814239699997198e-03 -1.0331951065357042e-01
#     9 2.9814239699997198e-03 -7.9011042677658239e-02
#sampling: jump_strength=7.4535599249993013e-03 jump_probability=7.3984153925211070e-03 log_scale=7.4259194090766515e-03 back_replicas=12 stratify_forward=1
#adaptive measurement: gap=2.1265274608177037e-02 period_steps=591 nmeas=116 nwf=400 tmax=2.0000000000000000e+02 forced_stride=0
  0.00000000 +5.0000000000000000e+00 +1.9999999999999998e+00 +1.8374661879283106e-03 +1.0000000000000000e+00 +1.0000000000000000e+00 +1.0000000000000000e+00 +1.0000000000000000e+00 +1.0000000000000000e+00 +0.0000000000000000e+00 +0.0000000000000000e+00 +0.0000000000000000e+00 +0.0000000000000000e+00 +0.0000000000000000e+00
  0.50000000 +5.0000000000000000e+00 +1.9999999999935771e+00 +1.8418162647881808e-03 +9.9998895622451134e-01 +1.0000000000154403e+00 +1.0000000000154403e+00 +1.0000000000154403e+00 +1.0000000000154403e+00 +2.1572485228550030e-06 +2.2045533112085943e-06 +2.1940411360189060e-06 +2.2481037512801539e-06 +2.2398441850596851e-06
  1.00000000 +5.0000000000000000e+00 +1.9999999999006326e+00 +1.8540756901715806e-03 +9.9995781471614942e-01 +9.9999999996847111e-01 +9.9999999996057720e-01 +9.9999999995493860e-01 +9.9999999995719413e-01 +8.3708984167036378e-06 +8.4281144910618249e-06 +8.4029063302494761e-06 +8.5250638116818167e-06 +8.4583809126335489e-06
  1.50000000 +5.0000000000000000e+00 +1.9999999989009984e+00 +1.8720129352707850e-03 +9.9991219402570553e-01 +9.9999999979779630e-01 +9.9999999982974330e-01 +9.9999999980338494e-01 +9.9999999978726883e-01 +1.7671833291153101e-05 +1.7529297554533623e-05 +1.7639321808868363e-05 +1.7636109474953773e-05 +1.7330259928470825e-05
  2.00000000 +5.0000000000000000e+00 +1.9999999954613792e+00 +1.8915234860120724e-03 +9.9986246136814871e-01 +9.9999999913658832e-01 +9.9999999925820204e-01 +9.9999999915545967e-01 +9.9999999901427272e-01 +2.8224394805665783e-05 +2.7614594534271414e-05 +2.7734914320002179e-05 +2.7226004939022413e-05 +2.6742095432764250e-05
  2.50000000 +5.0000000000000000e+00 +1.9999999873726433e+00 +1.9090150536022290e-03 +9.9981769533116371e-01 +9.9999999784574034e-01 +9.9999999820046681e-01 +9.9999999787553007e-01 +9.9999999757260594e-01 +3.8175581581879795e-05 +3.6915660476488485e-05 +3.6723053555234162e-05 +3.5724928637370484e-05 +3.4773875903806639e-05
  3.00000000 +5.0000000000000000e+00 +2.0000000006874634e+00 +1.9210222090191888e-03 +9.9978669221191452e-01 +9.9999999553855912e-01 +9.9999999610951640e-01 +9.9999999588486177e-01 +9.9999999556180730e-01 +4.5882180746513878e-05 +4.3771874534379421e-05 +4.2892881046456944e-05 +4.1252155384184026e-05 +3.9525542197289384e-05
  3.50000000 +5.0000000000000000e+00 +2.0000000240954998e+00 +1.9253203987773450e-03 +9.9977515979877984e-01 +9.9999999244773941e-01 +9.9999999313324794e-01 +9.9999999304476184e-01 +9.9999999255255767e-01 +4.9698569115102813e-05 +4.6851766887366248e-05 +4.5170168025024602e-05 +4.2787365867501282e-05 +4.0361269353756728e-05
  4.00000000 +5.0000000000000000e+00 +2.0000000066153669e+00 +1.9206469393960944e-03 +9.9978640508395933e-01 +9.9999998807289292e-01 +9.9999998944885937e-01 +9.9999998952096913e-01 +9.9999998878495433e-01 +4.9184326974426283e-05 +4.5360357361477547e-05 +4.2976588551684192e-05 +3.9762402621678012e-05 +3.6355311700768969e-05
  4.50000000 +5.0000000000000000e+00 +2.0000000969706946e+00 +1.9084573812452336e-03 +9.9981687859230317e-01 +9.9999998344040542e-01 +9.9999998540969059e-01 +9.9999998507332011e-01 +9.9999998542433399e-01 +4.4361768938565027e-05 +4.0082480822438593e-05 +3.6579962365530531e-05 +3.3198993823479711e-05 +2.8958852239257748e-05
  5.00000000 +5.0000000000000000e+00 +2.0000001170992090e+00 +1.8914682064222678e-03 +9.9985982591595224e-01 +9.9999997852868006e-01 +9.9999998197267159e-01 +9.9999998104912613e-01 +9.9999998158142256e-01 +3.6228546523815691e-05 +3.1770611849613301e-05 +2.7982972531179372e-05 +2.4366407863502039e-05 +1.9902379289024688e-05
  5.50000000 +5.0000000000000000e+00 +2.0000000560853040e+00 +1.8727070707720531e-03 +9.9990765346020027e-01 +9.9999997361549364e-01 +9.9999997826863585e-01 +9.9999997753681047e-01 +9.9999997717232447e-01 +2.6226654188657949e-05 +2.1623233223459018e-05 +1.8207470069881122e-05 +1.4600384092561978e-05 +1.1782181735287584e-05
  6.00000000 +5.0000000000000000e+00 +2.0000000128270967e+00 +1.8554428237904756e-03 +9.9995210152257730e-01 +9.9999997060221291e-01 +9.9999997479475944e-01 +9.9999997494902060e-01 +9.9999997480206604e-01 +1.5402721697919043e-05 +1.2370001359515241e-05 +9.8123496879262055e-06 +6.2110262348123711e-06 +4.2072079881556803e-06
  6.50000000 +5.0000000000000000e+00 +1.9999999025979798e+00 +1.8442856408082446e-03 +9.9998139795259355e-01 +9.9999996738756691e-01 +9.9999997386110873e-01 +9.9999997275931096e-01 +9.9999997278984598e-01 +7.6804207996833700e-06 +5.1356600246270835e-06 +3.3591636355222744e-06 +1.4976493684316465e-06 +1.0423733056968661e-06
  7.00000000 +5.0000000000000000e+00 +1.9999998072783387e+00 +1.8402105628306355e-03 +9.9999293079793028e-01 +9.9999996853453010e-01 +9.9999997234031501e-01 +9.9999997151377273e-01 +9.9999997176660482e-01 +2.1820694280066495e-06 +1.3304137072610300e-06 +1.0846935789385934e-06 +1.1975406050221031e-06 +1.3903695603370316e-06
  7.50000000 +5.0000000000000000e+00 +1.9999998854723693e+00 +1.8440235480384310e-03 +9.9998443839896833e-01 +9.9999996587119244e-01 +9.9999997052956791e-01 +9.9999997116438122e-01 +9.9999997184152611e-01 +8.8370829203972491e-07 +1.2652517900992437e-06 +1.8130845953638644e-06 +4.6492736942452078e-06 +7.0708740316241717e-06
  8.00000000 +5.0000000000000000e+00 +1.9999999789607112e+00 +1.8570459167345601e-03 +9.9995228119115953e-01 +9.9999996948576697e-01 +9.9999997246738115e-01 +9.9999996826796500e-01 +9.9999997010747876e-01 +4.4853545698764454e-06 +8.3322106404583389e-06 +8.8424573307976768e-06 +1.1765652244157759e-05 +1.4412744900071268e-05
  8.50000000 +5.0000000000000000e+00 +1.9999998570019117e+00 +1.8723388219513964e-03 +9.9991388090645406e-01 +9.9999996921934187e-01 +9.9999997001367646e-01 +9.9999997047953837e-01 +9.9999997012644171e-01 +1.0034785101744185e-05 +1.4000632256827430e-05 +1.7470876941058344e-05 +2.1314174101916135e-05 +2.3418801361224413e-05
  9.00000000 +5.0000000000000000e+00 +1.9999998943866506e+00 +1.8903556947432129e-03 +9.9986792684846548e-01 +9.9999996727941720e-01 +9.9999997161755672e-01 +9.9999996741714547e-01 +9.9999996479435982e-01 +1.9887742673001267e-05 +2.4907035455899820e-05 +2.6667590907779404e-05 +2.9283666214887403e-05 +3.1456000758366106e-05
  9.50000000 +5.0000000000000000e+00 +1.9999999347015469e+00 +1.9064260573768606e-03 +9.9982628106770222e-01 +9.9999996434586214e-01 +9.9999997024323595e-01 +9.9999996383547252e-01 +9.9999996292216986e-01 +2.9536753507758453e-05 +3.3486700274316071e-05 +3.5614526975943780e-05 +3.7018116363682094e-05 +3.8201518364163045e-05
 10.00000000 +5.0000000000000000e+00 +1.9999996670792390e+00 +1.9168448333881333e-03 +9.9979848630642731e-01 +9.9999996357312315e-01 +9.9999996798921098e-01 +9.9999996113966594e-01 +9.9999996319920503e-01 +3.8929535283129602e-05 +4.0767008707889943e-05 +4.1561070971223484e-05 +4.1293540099589109e-05 +3.9106529797041166e-05
 10.50000000 +5.0000000000000000e+00 +1.9999999097590138e+00 +1.9206303501856827e-03 +9.9978724599876734e-01 +9.9999995798068941e-01 +9.9999995701067257e-01 +9.9999995075489456e-01 +9.9999995485489046e-01 +4.4614465938112925e-05 +4.4339769134385518e-05 +4.3592907284161671e-05 +4.1841220207710412e-05 +3.8544933062902646e-05
 11.00000000 +5.0000000000000000e+00 +2.0000000037606172e+00 +1.9168106434165183e-03 +9.9979531576028435e-01 +9.9999994484657317e-01 +9.9999995092866456e-01 +9.9999994569638839e-01 +9.9999994438089423e-01 +4.8402168286248809e-05 +4.4692671295776005e-05 +4.1114024591380181e-05 +3.6627368214746854e-05 +3.4062161683875734e-05
 11.50000000 +5.0000000000000000e+00 +2.0000001172134012e+00 +1.9066101839861839e-03 +9.9982000599613663e-01 +9.9999993807432563e-01 +9.9999993744096360e-01 +9.9999993431062451e-01 +9.9999993028391687e-01 +4.7517544674228476e-05 +4.2473573626452773e-05 +3.6960927111872088e-05 +3.0118120695547292e-05 +2.3183678901480347e-05
 12.00000000 +5.0000000000000000e+00 +2.0000004937831335e+00 +1.8894518972849001e-03 +9.9986292546700950e-01 +9.9999992093684831e-01 +9.9999991550150502e-01 +9.9999992089078171e-01 +9.9999993888682537e-01 +4.0554277541696573e-05 +3.3524440057366624e-05 +2.8144350190447793e-05 +2.0885396926854240e-05 +1.4269915300413914e-05
 12.50000000 +5.0000000000000000e+00 +2.0000000577517820e+00 +1.8719058943708756e-03 +9.9990763470542032e-01 +9.9999991238123476e-01 +9.9999991771369667e-01 +9.9999991141526245e-01 +9.9999991820116507e-01 +3.2398348793678128e-05 +2.1856098108660006e-05 +1.8596960340262966e-05 +1.2971912131874722e-05 +6.8822330140238868e-06
 13.00000000 +5.0000000000000000e+00 +1.9999997978362978e+00 +1.8575917878615085e-03 +9.9994497539901284e-01 +9.9999989812357115e-01 +9.9999991621498285e-01 +9.9999990724148424e-01 +9.9999990025928576e-01 +2.4161419116864774e-05 +1.6440835853330725e-05 +1.1048851740342833e-05 +2.5591215062257191e-06 +1.1925390138452878e-06
 13.50000000 +5.0000000000000000e+00 +1.9999995420209642e+00 +1.8496280490847056e-03 +9.9996690269191002e-01 +9.9999989283935142e-01 +9.9999990527681726e-01 +9.9999989669682821e-01 +9.9999990846167419e-01 +1.4741528892136889e-05 +7.8836017193458793e-06 +5.7647574241923552e-06 +2.6219671524137234e-06 +2.4822750523122757e-06
 14.00000000 +5.0000000000000000e+00 +1.9999992175650305e+00 +1.8480046550101491e-03 +9.9997292057034748e-01 +9.9999990040736997e-01 +9.9999991258269116e-01 +9.9999990834420416e-01 +9.9999989190340599e-01 +9.1179842860915742e-06 +6.4711306859856169e-06 +4.1629917665580327e-06 +3.6394570551501178e-06 +4.0746776800748223e-06
 14.50000000 +5.0000000000000000e+00 +1.9999992479571425e+00 +1.8488040912158236e-03 +9.9997278862725436e-01 +9.9999990165709862e-01 +9.9999991854183701e-01 +9.9999988830674558e-01 +9.9999991182430903e-01 +2.6268825056818020e-06 +4.0713277654689616e-06 +1.0484634137873090e-06 +7.4022364574713057e-06 +1.2442074654762660e-05
 15.00000000 +5.0000000000000000e+00 +1.9999987118657745e+00 +1.8625634874209645e-03 +9.9993941322827151e-01 +9.9999990116590676e-01 +9.9999992022420736e-01 +9.9999986809571617e-01 +9.9999989548831725e-01 +4.6883225087987330e-06 +5.3293396387674652e-06 +1.0544813010818029e-05 +1.6433434420092764e-05 +2.4005834364725102e-05
 15.50000000 +5.0000000000000000e+00 +1.9999986410699833e+00 +1.8743192815934425e-03 +9.9991028246208136e-01 +9.9999990071310996e-01 +9.9999990794860916e-01 +9.9999990573863495e-01 +9.9999989586207738e-01 +7.0438465317610215e-06 +1.2567280590077887e-05 +1.8602594380971910e-05 +2.3276761376230230e-05 +2.8616874663022117e-05
 16.00000000 +5.0000000000000000e+00 +1.9999988446567685e+00 +1.8899504783733267e-03 +9.9987041938054033e-01 +9.9999991364974683e-01 +9.9999992292883400e-01 +9.9999989617130158e-01 +9.9999989534949252e-01 +1.3757738140563397e-05 +1.8559114717424873e-05 +2.9796175348075097e-05 +3.4010563210308606e-05 +3.3828974706604751e-05
 16.50000000 +5.0000000000000000e+00 +1.9999985487495362e+00 +1.9001301424147858e-03 +9.9984344165172812e-01 +9.9999990177285714e-01 +9.9999989364927866e-01 +9.9999989579418003e-01 +9.9999990374002712e-01 +2.4980065055533248e-05 +2.3924095366264619e-05 +3.5182041377788778e-05 +3.6423283612927787e-05 +3.6453947813222721e-05
 17.00000000 +5.0000000000000000e+00 +1.9999985621624299e+00 +1.9080440343272171e-03 +9.9982159189348652e-01 +9.9999991295344193e-01 +9.9999989583591198e-01 +9.9999990886112933e-01 +9.9999991193283799e-01 +3.2288128450685167e-05 +3.4954649209668491e-05 +3.6751108208284842e-05 +4.0381555980233639e-05 +3.4403065248108866e-05
 17.50000000 +5.0000000000000000e+00 +1.9999979723465349e+00 +1.9127459295835414e-03 +9.9980744540425970e-01 +9.9999987462308781e-01 +9.9999987001057011e-01 +9.9999986515956141e-01 +9.9999991127021381e-01 +3.7305988915857754e-05 +4.1670565394631767e-05 +4.6517358443579480e-05 +3.6687603756284181e-05 +3.0851974192115364e-05
 18.00000000 +5.0000000000000000e+00 +1.9999986690621920e+00 +1.9081961502252704e-03 +9.9981711415512697e-01 +9.9999986955287812e-01 +9.9999986920965944e-01 +9.9999987808009072e-01 +9.9999987408272795e-01 +4.4286917966950903e-05 +4.1771783611061222e-05 +3.4962580840472970e-05 +3.4326427759775236e-05 +2.8047156642607865e-05
 18.50000000 +5.0000000000000000e+00 +1.9999979426509840e+00 +1.8968564142942505e-03 +9.9984429110441331e-01 +9.9999985374834888e-01 +9.9999987001902302e-01 +9.9999986489248360e-01 +9.9999987169602511e-01 +4.3987152205578948e-05 +3.4754693386576230e-05 +3.4418375385703168e-05 +2.8098618769805008e-05 +1.4989724025979936e-05
 19.00000000 +5.0000000000000000e+00 +1.9999972983383691e+00 +1.8895704633035829e-03 +9.9986163272247752e-01 +9.9999986651798545e-01 +9.9999988069910539e-01 +9.9999987004915480e-01 +9.9999983884993615e-01 +4.5299567226498608e-05 +3.6236244862906173e-05 +2.7321560351615428e-05 +2.0432710383586133e-05 +9.6211030514639990e-06
 19.50000000 +5.0000000000000000e+00 +1.9999975461197930e+00 +1.8766614589802199e-03 +9.9989484336438739e-01 +9.9999981797977966e-01 +9.9999990663587801e-01 +9.9999978265444078e-01 +9.9999981771727864e-01 +3.7596774621765525e-05 +2.6496939613960140e-05 +2.3448291215290865e-05 +1.3795994302788397e-05 +4.4936917342190458e-06
 20.00000000 +5.0000000000000000e+00 +1.9999978316209603e+00 +1.8667507763928703e-03 +9.9992089143904284e-01 +9.9999981732214016e-01 +9.9999984259440000e-01 +9.9999977252340178e-01 +9.9999981711655916e-01 +3.1273760923520011e-05 +2.0944293462326337e-05 +1.2741014677708812e-05 +8.5138584410378330e-06 +6.3860674498969559e-06
 20.50000000 +5.0000000000000000e+00 +1.9999959403607293e+00 +1.8606590971294867e-03 +9.9993812796979720e-01 +9.9999988636657422e-01 +9.9999978256606814e-01 +9.9999980521625487e-01 +9.9999977351910441e-01 +2.4306143440349009e-05 +1.6633612286784680e-05 +9.5901618415389375e-06 +5.6538064741296464e-06 +6.4406219818492943e-06
 21.00000000 +5.0000000000000000e+00 +1.9999969763835286e+00 +1.8525218464044591e-03 +9.9996095447677713e-01 +9.9999984252802354e-01 +9.9999982767933016e-01 +9.9999983880498300e-01 +9.9999982355541805e-01 +1.4620749670828718e-05 +4.9510836694466886e-06 +4.6956788971036724e-06 +8.9331172788609229e-06 +6.5123155750637525e-06
 21.50000000 +5.0000000000000000e+00 +1.9999960613307382e+00 +1.8626735827510078e-03 +9.9993711027075138e-01 +9.9999985361768051e-01 +9.9999983122319891e-01 +9.9999980154708501e-01 +9.9999978924942212e-01 +1.4647724406851317e-05 +1.0661478429976607e-05 +5.3777104019590498e-06 +1.2142767451714180e-05 +2.0784422858664265e-05
 22.00000000 +5.0000000000000000e+00 +1.9999962243650851e+00 +1.8707942362179899e-03 +9.9991838850532155e-01 +9.9999978271629575e-01 +9.9999977435541276e-01 +9.9999978042287707e-01 +9.9999977682651353e-01 +9.0497697253621408e-06 +6.9806113626957936e-06 +1.5693511107224418e-05 +2.0406651998377764e-05 +3.0366571095319618e-05
 22.50000000 +5.0000000000000000e+00 +1.9999959234628131e+00 +1.8725362595553095e-03 +9.9991484203869241e-01 +9.9999984751211812e-01 +9.9999979335232991e-01 +9.9999979533954464e-01 +9.9999981138497107e-01 +9.5365297456655044e-07 +1.2745199268175847e-05 +1.6866763806495175e-05 +2.6037382752632006e-05 +2.9307448450081939e-05
 23.00000000 +5.0000000000000000e+00 +1.9999957753287743e+00 +1.8871286686596605e-03 +9.9987782565103667e-01 +9.9999988554337871e-01 +9.9999981056872145e-01 +9.9999977559359143e-01 +9.9999984844435053e-01 +1.0660713147416257e-05 +1.4737359239507231e-05 +3.1139596858559072e-05 +3.3513793894788460e-05 +3.2802760300156954e-05
 23.50000000 +5.0000000000000000e+00 +1.9999949001812478e+00 +1.8945556411771574e-03 +9.9985785022226037e-01 +9.9999985614826292e-01 +9.9999987449168959e-01 +9.9999979568755537e-01 +9.9999978796294176e-01 +1.5783269596752296e-05 +2.7676145608384912e-05 +3.2642363994846014e-05 +3.4277988206330822e-05 +3.2455793159944143e-05
 24.00000000 +5.0000000000000000e+00 +1.9999950038080880e+00 +1.9037637367745922e-03 +9.9983242669106598e-01 +9.9999988367638759e-01 +9.9999984284998933e-01 +9.9999975650333717e-01 +9.9999983448143270e-01 +2.4618856527084136e-05 +3.0853009306468225e-05 +4.0799448365500747e-05 +3.8390487856498590e-05 +3.3593949124929944e-05
 24.50000000 +5.0000000000000000e+00 +1.9999944649499402e+00 +1.9049280882525795e-03 +9.9982834970655432e-01 +9.9999983589688946e-01 +9.9999986945853847e-01 +9.9999978097802844e-01 +9.9999981056589593e-01 +3.4203975832357639e-05 +3.2902999098622598e-05 +3.9714575253768448e-05 +3.8099766892332673e-05 +2.7432110182627197e-05
 25.00000000 +5.0000000000000000e+00 +1.9999943062811676e+00 +1.9003863431490866e-03 +9.9983720923632591e-01 +9.9999982430689016e-01 +9.9999979107592651e-01 +9.9999977727789335e-01 +9.9999978567948933e-01 +3.2133732696685054e-05 +3.6873193182140163e-05 +4.4778670028562198e-05 +2.6418000827925412e-05 +2.3408839085009381e-05
 25.50000000 +5.0000000000000000e+00 +1.9999932446823452e+00 +1.8979147949205004e-03 +9.9984212182893994e-01 +9.9999991176532477e-01 +9.9999981899785850e-01 +9.9999974907003841e-01 +9.9999973210399995e-01 +4.1495236199487901e-05 +4.3835794576778942e-05 +3.1222460140144703e-05 +2.5565716823375668e-05 +1.6546981769454552e-05
 26.00000000 +5.0000000000000000e+00 +1.9999913622330039e+00 +1.8857581068880140e-03 +9.9987184473423207e-01 +9.9999994332591535e-01 +9.9999973223692606e-01 +9.9999985287262838e-01 +9.9999987273099422e-01 +4.0060737956629892e-05 +3.4128720879636071e-05 +2.9571337504752297e-05 +1.9835877190617753e-05 +5.1574224248180957e-06
 26.50000000 +5.0000000000000000e+00 +1.9999913539803953e+00 +1.8815249231010640e-03 +9.9988295853105191e-01 +9.9999980417903123e-01 +9.9999967956801017e-01 +9.9999967090471231e-01 +9.9999975760802085e-01 +3.6564704420800937e-05 +2.9769806330373482e-05 +2.1237028782846356e-05 +1.8934159440651032e-05 +1.1623552858274840e-05
 27.00000000 +5.0000000000000000e+00 +1.9999908427167647e+00 +1.8708115147900470e-03 +9.9991112910659552e-01 +9.9999979235922376e-01 +9.9999978112574650e-01 +9.9999968190480337e-01 +9.9999970704190033e-01 +3.9258124233311968e-05 +2.1721835492839075e-05 +1.3236753192794546e-05 +4.4337790021324477e-06 +1.1257947242801472e-05
 27.50000000 +5.0000000000000000e+00 +1.9999928549206767e+00 +1.8638850180519018e-03 +9.9992986324732669e-01 +9.9999970969353535e-01 +9.9999963876521503e-01 +9.9999966578475008e-01 +9.9999977201109969e-01 +2.8455471256393471e-05 +1.5128286154197500e-05 +8.7891342545069545e-06 +6.9612569883893633e-06 +1.2016366755538096e-05
 28.00000000 +5.0000000000000000e+00 +1.9999941700497925e+00 +1.8651810649891313e-03 +9.9992896056710912e-01 +9.9999984489829041e-01 +9.9999972855730790e-01 +9.9999958321436455e-01 +9.9999960959590717e-01 +2.4976447558635561e-05 +1.3875023414693914e-05 +3.1559018863022214e-06 +9.1336136322177777e-06 +2.1132162921053466e-05
 28.50000000 +5.0000000000000000e+00 +1.9999941813445026e+00 +1.8702590715974229e-03 +9.9991747507539741e-01 +9.9999983741313958e-01 +9.9999976268431334e-01 +9.9999985750450715e-01 +9.9999977338695800e-01 +1.3292858400044977e-05 +6.6738744871968056e-06 +1.7166350244192896e-05 +2.1277891953294918e-05 +2.4882923981142774e-05
 29.00000000 +5.0000000000000000e+00 +1.9999942554679655e+00 +1.8708390863805572e-03 +9.9991763831263702e-01 +9.9999987980486860e-01 +9.9999978438529613e-01 +9.9999971673936749e-01 +9.9999963792719326e-01 +1.1249736918613830e-05 +1.4762998061177758e-05 +1.1832720476021685e-05 +2.1236302741848542e-05 +2.4261136082113714e-05
 29.50000000 +5.0000000000000000e+00 +1.9999944024080394e+00 +1.8847590709788386e-03 +9.9988310191447916e-01 +9.9999976422878123e-01 +9.9999996366687027e-01 +9.9999990207469680e-01 +9.9999967866011441e-01 +1.5338069591444743e-05 +1.9592107162307360e-05 +1.9024625850480350e-05 +3.0281203740361581e-05 +3.3353447214439482e-05
 30.00000000 +5.0000000000000000e+00 +1.9999940795099864e+00 +1.8903610547838319e-03 +9.9986892695275509e-01 +9.9999993084933159e-01 +9.9999958549262991e-01 +9.9999981050140141e-01 +9.9999973514035556e-01 +1.4740807139368791e-05 +1.6987443422841734e-05 +2.7849336320351540e-05 +3.8782235793250284e-05 +3.3651217234348897e-05
 30.50000000 +5.0000000000000000e+00 +1.9999939923968706e+00 +1.8826491557185450e-03 +9.9988756337129558e-01 +9.9999992102334989e-01 +9.9999986577197264e-01 +9.9999978072423312e-01 +9.9999977598912138e-01 -1.9983682061742444e-07 +1.9865862655892012e-05 +2.8599730818511229e-05 +3.3671013042371223e-05 +3.1156374541983187e-05
 31.00000000 +5.0000000000000000e+00 +1.9999915739438907e+00 +1.8913499291721367e-03 +9.9986375266487793e-01 +9.9999980454550219e-01 +9.9999965353372700e-01 +9.9999960316541192e-01 +9.9999984147750010e-01 +1.6942847949241498e-05 +3.5204286561752114e-05 +3.3266143359735117e-05 +3.6603721211985473e-05 +1.5327543873314671e-05
 31.50000000 +5.0000000000000000e+00 +1.9999921693736331e+00 +1.8901081919041646e-03 +9.9986524285939327e-01 +9.9999986878770419e-01 +9.9999973021875377e-01 +9.9999963431559646e-01 +9.9999960100677632e-01 +2.6498857972677539e-05 +3.1101633500785168e-05 +3.2536446910974511e-05 +2.8482704287732527e-05 +1.7303123535575961e-05
 32.00000000 +5.0000000000000000e+00 +1.9999938887152811e+00 +1.8937940591383278e-03 +9.9985578964018296e-01 +9.9999977363545267e-01 +9.9999991164919000e-01 +9.9999984875255221e-01 +9.9999975617100478e-01 +2.5542658683369198e-05 +2.5814355913544778e-05 +3.7216092062201901e-05 +3.4225578816076759e-05 +2.2121411494541042e-05
 32.50000000 +5.0000000000000000e+00 +1.9999909249464840e+00 +1.8889535894348441e-03 +9.9986562214018271e-01 +9.9999991825089396e-01 +9.9999975685747666e-01 +9.9999975906069971e-01 +9.9999963456932706e-01 +3.0661134981430272e-05 +4.3078869428574541e-05 +2.8838562571938724e-05 +1.6794781904983508e-05 +1.5935786348791277e-05
 33.00000000 +5.0000000000000000e+00 +1.9999911815806961e+00 +1.8858317407060296e-03 +9.9987310980911992e-01 +9.9999970489648782e-01 +1.0000001031016614e+00 +9.9999973010974852e-01 +9.9999987636522514e-01 +3.5198041011270427e-05 +3.6974963278392513e-05 +3.1911399229165507e-05 +1.6719000396056516e-05 +6.6723109054182137e-06
 33.50000000 +5.0000000000000000e+00 +1.9999923754524351e+00 +1.8783474998851674e-03 +9.9989245577155783e-01 +9.9999990701199415e-01 +9.9999985383754586e-01 +9.9999978647385279e-01 +9.9999967078888907e-01 +3.1493854539871263e-05 +3.0199192432725675e-05 +2.8746936259774111e-05 +1.1262536222823617e-05 +6.6235387799042055e-06
 34.00000000 +5.0000000000000000e+00 +1.9999918215305956e+00 +1.8738177177632844e-03 +9.9990406688396016e-01 +9.9999987202974194e-01 +9.9999980184681325e-01 +9.9999979911758630e-01 +9.9999962744604021e-01 +3.0842712576414697e-05 +2.3310831129510350e-05 +1.4876773738395130e-05 +2.0927064504661986e-05 +6.8753218600830323e-06
 34.50000000 +5.0000000000000000e+00 +1.9999922373843588e+00 +1.8718780446920658e-03 +9.9991046083870083e-01 +9.9999978488787344e-01 +9.9999980195357263e-01 +9.9999985475893649e-01 +9.9999963975945383e-01 +3.4367874943206209e-05 +1.3045939799223026e-05 +1.0614665644888581e-05 +9.9982314411026175e-06 +2.2431116694628067e-05
 35.00000000 +5.0000000000000000e+00 +1.9999934431823709e+00 +1.8697555998814230e-03 +9.9991746920057278e-01 +9.9999995749190651e-01 +9.9999964568214239e-01 +9.9999955187313205e-01 +9.9999966507294347e-01 +2.6187174177232328e-05 +9.3934808089080309e-06 +9.6393753937047572e-06 +1.6779435964296388e-05 +2.1711174220790334e-05
 35.50000000 +5.0000000000000000e+00 +1.9999911560222294e+00 +1.8728918402264674e-03 +9.9991009427834143e-01 +1.0000001726813241e+00 +9.9999950777561308e-01 +9.9999947178699888e-01 +9.9999968839318421e-01 +2.6180065620398597e-05 +2.0141579395475525e-05 +1.0452341326583877e-05 +1.0207239205014280e-05 +2.4083810802520474e-05
 36.00000000 +5.0000000000000000e+00 +1.9999922286833591e+00 +1.8690950161085625e-03 +9.9992036343015678e-01 +9.9999994015878735e-01 +9.9999973212948257e-01 +9.9999960394757559e-01 +9.9999965025492565e-01 -1.6780570352299046e-06 +6.4126453984077362e-06 +2.1509454955083704e-05 +2.0440287740579387e-05 +3.4025713788677572e-05
 36.50000000 +5.0000000000000000e+00 +1.9999934956150005e+00 +1.8822650270482102e-03 +9.9988812065988697e-01 +9.9999983703623851e-01 +1.0000000150134185e+00 +9.9999965366510002e-01 +9.9999950694667061e-01 +2.8469885617952963e-05 +9.0751739754141924e-06 +2.5042275914980671e-05 +3.0437997130616977e-05 +1.9841329166193009e-05
 37.00000000 +5.0000000000000000e+00 +1.9999931247258271e+00 +1.8782566672234805e-03 +9.9989683887215774e-01 +9.9999973370786921e-01 +9.9999955065512536e-01 +9.9999952139741199e-01 +9.9999945900869902e-01 +1.7931617315442960e-05 +2.4275316786965560e-05 +1.7940360961636524e-05 +1.5191420566308242e-05 +2.9557643409433078e-05
 37.50000000 +5.0000000000000000e+00 +1.9999931461364244e+00 +1.8819553422712526e-03 +9.9988694919618226e-01 +9.9999983168369122e-01 +9.9999962178922674e-01 +9.9999952482327914e-01 +9.9999950432644558e-01 +1.9701170280690861e-05 +2.8133258927552444e-05 +2.1979263251422774e-05 +1.7606493784320562e-05 +2.7147988662905703e-05
 38.00000000 +5.0000000000000000e+00 +1.9999931675438010e+00 +1.8856534608256560e-03 +9.9987706100818274e-01 +9.9999992964477225e-01 +9.9999969291262591e-01 +9.9999952824863114e-01 +9.9999954963737392e-01 +2.1470457003438696e-05 +3.1990620611842845e-05 +2.6017557858102454e-05 +2.0021203636474931e-05 +2.4738696466986669e-05
 38.50000000 +5.0000000000000000e+00 +1.9999931889479556e+00 +1.8893510230122731e-03 +9.9986717430782290e-01 +1.0000000275911152e+00 +9.9999976402532442e-01 +9.9999953167346778e-01 +9.9999959494148527e-01 +2.3239477543769206e-05 +3.5847401970827905e-05 +3.0055244918810950e-05 +2.2435550204771847e-05 +2.2329766739859425e-05
 39.00000000 +5.0000000000000000e+00 +1.9999932103488911e+00 +1.8930480289566501e-03 +9.9985728909476768e-01 +1.0000001255227235e+00 +9.9999983512732515e-01 +9.9999953509778894e-01 +9.9999964023878130e-01 +2.5008231961747063e-05 +3.9703603135459358e-05 +3.4092324570642401e-05 +2.4849533571187141e-05 +1.9921199399732069e-05
 39.50000000 +5.0000000000000000e+00 +1.9999930703098829e+00 +1.8897808741402877e-03 +9.9986518415925407e-01 +1.0000000787042247e+00 +9.9999981454327613e-01 +9.9999961461599485e-01 +9.9999968634062442e-01 +2.7175891628335336e-05 +3.5213137187895182e-05 +2.9753778429963810e-05 +2.3273905524475602e-05 +2.0204906844219280e-05
 40.00000000 +5.0000000000000000e+00 +1.9999929302736865e+00 +1.8865137849431381e-03 +9.9987307906517198e-01 +1.0000000318866662e+00 +9.9999979395964034e-01 +9.9999969413260326e-01 +9.9999973244154150e-01 +2.9343507758534976e-05 +3.0722761429152444e-05 +2.5415319426871323e-05 +2.1698309123485962e-05 +2.0488608590580642e-05
 40.50000000 +5.0000000000000000e+00 +1.9999927902403030e+00 +1.8832467613632247e-03 +9.9988097381252616e-01 +9.9999998507004784e-01 +9.9999977337641788e-01 +9.9999977364761461e-01 +9.9999977854153255e-01 +3.1511080353657583e-05 +2.6232475856514080e-05 +2.1076947558739805e-05 +2.0122744367264839e-05 +2.0772304638987834e-05
 41.00000000 +5.0000000000000000e+00 +1.9999926502097320e+00 +1.8799798033985709e-03 +9.9988886840132118e-01 +9.9999993825436972e-01 +9.9999975279360886e-01 +9.9999985316102913e-01 +9.9999982464059778e-01 +3.3678609415014700e-05 +2.1742280467263136e-05 +1.6738662822944217e-05 +1.8547211254858910e-05 +2.1055994989612502e-05
 41.50000000 +5.0000000000000000e+00 +1.9999920102837785e+00 +1.8772988101378619e-03 +9.9989633535998734e-01 +9.9999984889063587e-01 +9.9999982944097643e-01 +9.9999969143531919e-01 +9.9999982467625115e-01 +2.8607140026189498e-05 +1.8717849429143279e-05 +1.4110556302071530e-05 +1.7891483058534971e-05 +2.5143179911360125e-05
 42.00000000 +5.0000000000000000e+00 +1.9999913704263790e+00 +1.8746181040874359e-03 +9.9990380151873048e-01 +9.9999975953647524e-01 +9.9999990608013256e-01 +9.9999952972693451e-01 +9.9999982471190052e-01 +2.3536213935320939e-05 +1.5693742393216286e-05 +1.1482731325815042e-05 +1.7235825109266044e-05 +2.9229926979884909e-05
 42.50000000 +5.0000000000000000e+00 +1.9999907306375233e+00 +1.8719376852011440e-03 +9.9991126687767984e-01 +9.9999967019188685e-01 +9.9999998271107937e-01 +9.9999936803587308e-01 +9.9999982474754623e-01 +1.8465831055109820e-05 +1.2669959307420239e-05 +8.8551878489350807e-06 +1.6580237395764573e-05 +3.3316236265542813e-05
 43.00000000 +5.0000000000000000e+00 +1.9999900909171984e+00 +1.8692575534328443e-03 +9.9991873143696308e-01 +9.9999958085686835e-01 +1.0000000593338174e+00 +9.9999920636213091e-01 +9.9999982478318794e-01 +1.3395991298275611e-05 +9.6465001197043596e-06 +6.2279258262016485e-06 +1.5924719906745394e-05 +3.7402107838674682e-05
 43.50000000 +5.0000000000000000e+00 +1.9999905368325954e+00 +1.8740222708532996e-03 +9.9990671558095634e-01 +9.9999957441633580e-01 +1.0000000180220248e+00 +9.9999937160771302e-01 +9.9999964538166330e-01 +1.4721385996916320e-05 +1.6556890525114481e-05 +7.3085261868030333e-06 +2.3112106953963615e-05 +3.2976095981048553e-05
 44.00000000 +5.0000000000000000e+00 +1.9999909827283435e+00 +1.8787867783243595e-03 +9.9989470025440808e-01 +9.9999956797608691e-01 +9.9999997671205232e-01 +9.9999953684601361e-01 +9.9999946598804357e-01 +1.6046722294231152e-05 +2.3466976435597615e-05 +8.3890789325362855e-06 +3.0299177300855840e-05 +2.8550279148316576e-05
 44.50000000 +5.0000000000000000e+00 +1.9999914286044449e+00 +1.8835510758599013e-03 +9.9988268545728387e-01 +9.9999956153612191e-01 +9.9999993540390042e-01 +9.9999970207703370e-01 +9.9999928660232862e-01 +1.7372000194080062e-05 +3.0376757871278929e-05 +9.4695840665484390e-06 +3.7485930968353919e-05 +2.4124657327588870e-05
 45.00000000 +5.0000000000000000e+00 +1.9999918744609002e+00 +1.8883151634737998e-03 +9.9987067118954842e-01 +9.9999955509644067e-01 +9.9999989409756851e-01 +9.9999986730077350e-01 +9.9999910722451746e-01 +1.8697219700322663e-05 +3.7286234852281802e-05 +1.0550041591986259e-05 +4.4672367977387888e-05 +1.9699230505976677e-05
 45.50000000 +5.0000000000000000e+00 +1.9999918370624319e+00 +1.8869541440466112e-03 +9.9987365710344422e-01 +9.9999978288438562e-01 +9.9999982150917666e-01 +9.9999978721777660e-01 +9.9999910077307286e-01 +2.7140768656768909e-05 +3.4026405672727353e-05 +1.1583075114951223e-05 +3.7221848795767770e-05 +1.7878418230779176e-05
 46.00000000 +5.0000000000000000e+00 +1.9999917996521430e+00 +1.8855926944556709e-03 +9.9987664396106835e-01 +1.0000000107443254e+00 +9.9999974889784282e-01 +9.9999970710946895e-01 +9.9999909431958933e-01 +3.5586986280999309e-05 +3.0765546191677872e-05 +1.2616435138454875e-05 +2.9768974803318974e-05 +1.6057030469718469e-05
 46.50000000 +5.0000000000000000e+00 +1.9999917622300287e+00 +1.8842308144970097e-03 +9.9987963176286743e-01 +1.0000002386762936e+00 +9.9999967626355557e-01 +9.9999962697583800e-01 +9.9999908786406555e-01 +4.4035873838402389e-05 +2.7503655920600553e-05 +1.3650121817312293e-05 +2.2313744883472901e-05 +1.4235066949919353e-05
 47.00000000 +5.0000000000000000e+00 +1.9999917247960828e+00 +1.8828685039665304e-03 +9.9988262050928944e-01 +1.0000004666803248e+00 +9.9999960360630424e-01 +9.9999954681687198e-01 +9.9999908140650084e-01 +5.2487432595166808e-05 +2.4240734370653719e-05 +1.4684135306436466e-05 +1.4856157918954927e-05 +1.2412527398334112e-05
 47.50000000 +5.0000000000000000e+00 +1.9999914187861312e+00 +1.8820364387826987e-03 +9.9988493534250567e-01 +1.0000003805033719e+00 +9.9999943720638784e-01 +9.9999967003626478e-01 +9.9999932185206297e-01 +4.4177148923460675e-05 +2.3386494136175807e-05 +1.4764856901774130e-05 +1.4184586345876095e-05 +1.9741976546460629e-05
 48.00000000 +5.0000000000000000e+00 +1.9999911127821117e+00 +1.8812043897278819e-03 +9.9988725013085045e-01 +1.0000002943280895e+00 +9.9999927080969664e-01 +9.9999979325326904e-01 +9.9999956229296449e-01 +3.5867026340924763e-05 +2.2532270460561106e-05 +1.4845576932378830e-05 +1.3513027790753293e-05 +2.7071283618223903e-05
 48.50000000 +5.0000000000000000e+00 +1.9999908067840240e+00 +1.8803723568016116e-03 +9.9988956487432501e-01 +1.0000002081544774e+00 +9.9999910441623097e-01 +9.9999991646788489e-01 +9.9999980272920497e-01 +2.7557064842875238e-05 +2.1678063343328146e-05 +1.4926295398296060e-05 +1.2841482253208009e-05 +3.4400448617754981e-05
 49.00000000 +5.0000000000000000e+00 +1.9999905007918672e+00 +1.8795403400034179e-03 +9.9989187957293069e-01 +1.0000001219825359e+00 +9.9999893802599094e-01 +1.0000000396801125e+00 +1.0000000431607849e+00 +1.9247264424628404e-05 +2.0823872783995477e-05 +1.5007012299571316e-05 +1.2169949732861753e-05 +4.1729471549184743e-05
 49.50000000 +5.0000000000000000e+00 +1.9999912899151260e+00 +1.8791051767895223e-03 +9.9989331165469952e-01 +1.0000000551093298e+00 +9.9999903176482119e-01 +9.9999997444502831e-01 +9.9999999017603480e-01 +1.5191563936621587e-05 +2.5932600160770272e-05 +1.8744532372960815e-05 +1.2288444015441114e-05 +3.5479704572124585e-05
 50.00000000 +5.0000000000000000e+00 +1.9999920788327896e+00 +1.8786701269518805e-03 +9.9989474336335815e-01 +9.9999998825354741e-01 +9.9999912547922953e-01 +9.9999990922694082e-01 +9.9999993720508973e-01 +1.1136920109907776e-05 +3.1039996523459724e-05 +2.2481078682926457e-05 +1.2406907425838917e-05 +2.9231565892537215e-05
 50.50000000 +5.0000000000000000e+00 +1.9999928675449365e+00 +1.8782351904461884e-03 +9.9989617469905145e-01 +9.9999992141518079e-01 +9.9999921916922452e-01 +9.9999984402584252e-01 +9.9999988424794328e-01 +7.0833325315912103e-06 +3.6146062392164293e-05 +2.6216651609971216e-05 +1.2525339976118609e-05 +2.2985054874157119e-05
 51.00000000 +5.0000000000000000e+00 +1.9999936560516485e+00 +1.8778003672281680e-03 +9.9989760566192554e-01 +9.9999985459422336e-01 +9.9999931283481625e-01 +9.9999977884172742e-01 +9.9999983130459069e-01 +3.0308007889912439e-06 +4.1250798286713547e-05 +2.9951251534399871e-05 +1.2643741678337374e-05 +1.6740170881050296e-05
 51.50000000 +5.0000000000000000e+00 +1.9999946759231289e+00 +1.8775447598067209e-03 +9.9989834519238674e-01 +9.9999976472328767e-01 +9.9999959781859560e-01 +9.9999984413837528e-01 +9.9999965272887381e-01 +1.0341538968065004e-05 +3.3707396351564261e-05 +2.7080688401879939e-05 +1.7987405768175092e-05 +1.3678370616225548e-05
 52.00000000 +5.0000000000000000e+00 +1.9999956956396263e+00 +1.8772891912283802e-03 +9.9989908461046628e-01 +9.9999967486600916e-01 +9.9999988275906793e-01 +9.9999990942510064e-01 +9.9999947418029411e-01 +1.7651166178701782e-05 +2.6165140741348539e-05 +2.4210561491388280e-05 +2.3330257813866757e-05 +1.0617035634573482e-05
 52.50000000 +5.0000000000000000e+00 +1.9999967152011751e+00 +1.8770336614842911e-03 +9.9989982391618948e-01 +9.9999958502238440e-01 +1.0000001676562424e+00 +9.9999997470190527e-01 +9.9999929565884516e-01 +2.4959682674123008e-05 +1.8624031194786188e-05 +2.1340870703497423e-05 +2.8672298000500418e-05 +7.5561658300427655e-06
 53.00000000 +5.0000000000000000e+00 +1.9999977346078104e+00 +1.8767781705656041e-03 +9.9990056310958175e-01 +9.9999949519241060e-01 +1.0000004525101296e+00 +1.0000000399687921e+00 +9.9999911716452083e-01 +3.2267088707473178e-05 +1.1084067450676415e-05 +1.8471615938810128e-05 +3.4013526513107887e-05 +4.4957610966143053e-06
 53.50000000 +5.0000000000000000e+00 +1.9999976150401280e+00 +1.8797940784533616e-03 +9.9989268795663178e-01 +9.9999945409204904e-01 +1.0000002781319604e+00 +9.9999972508271551e-01 +9.9999888019102146e-01 +3.1063884864757683e-05 +1.2295210582476011e-05 +2.0358079611611575e-05 +3.3527129348288075e-05 +1.1730251422785167e-05
 54.00000000 +5.0000000000000000e+00 +1.9999974954805841e+00 +1.8828097810452884e-03 +9.9988481333975121e-01 +9.9999941299448536e-01 +1.0000001037656614e+00 +9.9999941021807393e-01 +9.9999864323365284e-01 +2.9860762925316979e-05 +1.3506271270565566e-05 +2.2244414870966278e-05 +3.3040765293004012e-05 +1.8964249290049158e-05
 54.50000000 +5.0000000000000000e+00 +1.9999973759291787e+00 +1.8858252783623456e-03 +9.9987693925888543e-01 +9.9999937189971910e-01 +9.9999992941123095e-01 +9.9999909537486453e-01 +9.9999840629241366e-01 +2.8657722880788493e-05 +1.4717249523362830e-05 +2.4130621729985648e-05 +3.2554434343875103e-05 +2.6197754748687817e-05
 55.00000000 +5.0000000000000000e+00 +1.9999972563859114e+00 +1.8888405704254924e-03 +9.9986906571397982e-01 +9.9999933080775016e-01 +9.9999975506866845e-01 +9.9999878055308555e-01 +9.9999816936730257e-01 +2.7454764722810790e-05 +1.5928145349284411e-05 +2.6016700201779306e-05 +3.2068136497521258e-05 +3.3430767848975832e-05
 55.50000000 +5.0000000000000000e+00 +1.9999957514114279e+00 +1.8879032264380858e-03 +9.9987080995975675e-01 +9.9999957633463576e-01 +9.9999956284896707e-01 +9.9999904910484505e-01 +9.9999864308599973e-01 +2.8088989422327752e-05 +1.8535839616880390e-05 +2.4212254581857526e-05 +3.1613001154555222e-05 +2.9908606921794803e-05
 56.00000000 +5.0000000000000000e+00 +1.9999942467566749e+00 +1.8869660815886758e-03 +9.9987255383496976e-01 +9.9999982180935965e-01 +9.9999937067010258e-01 +9.9999931759955085e-01 +9.9999911670405561e-01 +2.8723079381303643e-05 +2.1142979881870003e-05 +2.2408192314995539e-05 +3.1157962504736598e-05 +2.6387194274946299e-05
 56.50000000 +5.0000000000000000e+00 +1.9999927424215509e+00 +1.8860291358138090e-03 +9.9987429733973721e-01 +1.0000000672319382e+00 +9.9999917853206211e-01 +9.9999958603722150e-01 +9.9999959022150253e-01 +2.9357034642672195e-05 +2.3749566320780627e-05 +2.0604513279041734e-05 +3.0703020517255098e-05 +2.2866529669998299e-05
 57.00000000 +5.0000000000000000e+00 +1.9999912384059542e+00 +1.8850923890500590e-03 +9.9987604047417711e-01 +1.0000003126023878e+00 +9.9999898643483243e-01 +9.9999985441787476e-01 +1.0000000636383723e+00 +2.9990855249348883e-05 +2.6355599110064653e-05 +1.8801217351896387e-05 +3.0248175161313502e-05 +1.9346612868620058e-05
 57.50000000 +5.0000000000000000e+00 +1.9999929807437145e+00 +1.8874927534976715e-03 +9.9987087771141681e-01 +1.0000005662865390e+00 +9.9999908023736817e-01 +9.9999969048076309e-01 +9.9999970856491482e-01 +2.8987294890093185e-05 +2.5370430652600823e-05 +2.3407716956834469e-05 +2.9534666131601944e-05 +2.2776627582719723e-05
 58.00000000 +5.0000000000000000e+00 +1.9999947231717730e+00 +1.8898932423460056e-03 +9.9986571468109298e-01 +1.0000008199838377e+00 +9.9999917404476546e-01 +9.9999952653515578e-01 +9.9999935347305557e-01 +2.7983682520555260e-05 +2.4385211138029120e-05 +2.8014455297133460e-05 +2.8821120123739878e-05 +2.6206820059952117e-05
 58.50000000 +5.0000000000000000e+00 +1.9999964656901363e+00 +1.8922938556047313e-03 +9.9986055138318386e-01 +1.0000010736942846e+00 +9.9999926785702453e-01 +9.9999936258105115e-01 +9.9999899836279271e-01 +2.6980018136691783e-05 +2.3399940562380328e-05 +3.2621432391352783e-05 +2.8107537134852591e-05 +2.9637190314136654e-05
 59.00000000 +5.0000000000000000e+00 +1.9999982082988117e+00 +1.8946945932835212e-03 +9.9985538781766881e-01 +1.0000013274178809e+00 +9.9999936167414549e-01 +9.9999919861844910e-01 +9.9999864323412502e-01 +2.5976301734459030e-05 +2.2414618921684827e-05 +3.7228648258053821e-05 +2.7393917162065086e-05 +3.3067738359094189e-05
 59.50000000 +5.0000000000000000e+00 +1.9999973283528412e+00 +1.8879099929789281e-03 +9.9987210644538582e-01 +1.0000006613396317e+00 +9.9999978421832991e-01 +9.9999948945377581e-01 +9.9999894386446708e-01 +2.5816351715315406e-05 +2.3153479145705060e-05 +2.9656346235320744e-05 +2.3625825426486247e-05 +2.6762657061579027e-05
 60.00000000 +5.0000000000000000e+00 +1.9999964482854267e+00 +1.8811244563165970e-03 +9.9988882738047746e-01 +9.9999999516945537e-01 +1.0000002068208305e+00 +9.9999978032924119e-01 +9.9999924453629963e-01 +2.5656379621114823e-05 +2.3892441341463807e-05 +2.2082999142388043e-05 +1.9857213648208310e-05 +2.0456705585807584e-05
 60.50000000 +5.0000000000000000e+00 +1.9999955680965442e+00 +1.8743379831026711e-03 +9.9990555062342190e-01 +9.9999932890733301e-01 +1.0000006294816595e+00 +1.0000000712448538e+00 +9.9999954524963186e-01 +2.5496385447287035e-05 +2.4631505530072547e-05 +1.4508606762892123e-05 +1.6088081719565484e-05 +1.4149883751624582e-05
 61.00000000 +5.0000000000000000e+00 +1.9999946877861681e+00 +1.8675505731432401e-03 +9.9992227617469653e-01 +9.9999866255324554e-01 +1.0000010522008287e+00 +1.0000003622006217e+00 +9.9999984600447145e-01 +2.5336369189260505e-05 +2.5370671732648569e-05 +6.9331688804096232e-06 +1.2318429532862239e-05 +7.8421913788250041e-06
 61.50000000 +5.0000000000000000e+00 +1.9999941480062624e+00 +1.8685917907056290e-03 +9.9991937224000504e-01 +9.9999898417807298e-01 +1.0000006708576012e+00 +1.0000002790372275e+00 +9.9999972739605847e-01 +2.1546223366531556e-05 +2.9068806887929021e-05 +7.9340235412386493e-06 +1.5499633953968800e-05 +6.9175752250272303e-06
 62.00000000 +5.0000000000000000e+00 +1.9999936081656089e+00 +1.8696331254482829e-03 +9.9991646797850042e-01 +9.9999930583909669e-01 +1.0000002894714570e+00 +1.0000001958644742e+00 +9.9999960877429750e-01 +1.7755650994820061e-05 +3.2767358237166548e-05 +8.9349908398281267e-06 +1.8681196392833145e-05 +5.9928550134707072e-06
 62.50000000 +5.0000000000000000e+00 +1.9999930682641980e+00 +1.8706745773909848e-03 +9.9991356339012727e-01 +9.9999962753632254e-01 +9.9999990804238847e-01 +1.0000001126823601e+00 +9.9999949013918576e-01 +1.3964652002115227e-05 +3.6466325850623773e-05 +9.9360707951937712e-06 +2.1863116909896491e-05 +5.0680307265882096e-06
 63.00000000 +5.0000000000000000e+00 +1.9999925283020190e+00 +1.8717161465535213e-03 +9.9991065847483040e-01 +9.9999994926975699e-01 +9.9999952657038871e-01 +1.0000000294908833e+00 +9.9999937149072116e-01 +1.0173226316390044e-05 +4.0165709798579158e-05 +1.0937263426355584e-05 +2.5045395565613666e-05 +4.1431023468085573e-06
 63.50000000 +5.0000000000000000e+00 +1.9999934278546794e+00 +1.8742039854764399e-03 +9.9990420091147070e-01 +9.9999950644838420e-01 +9.9999952392855784e-01 +1.0000004423795552e+00 +9.9999955155520803e-01 +1.9796215334756385e-05 +3.7664150830768899e-05 +1.3927658348301033e-05 +2.0194393749424830e-05 +5.1923495936599751e-06
 64.00000000 +5.0000000000000000e+00 +1.9999943274921952e+00 +1.8766920590810759e-03 +9.9989774273895882e-01 +9.9999906358523927e-01 +9.9999952128647729e-01 +1.0000008553071749e+00 +9.9999973163668043e-01 +2.9420112104654972e-05 +3.5162355887007520e-05 +1.6918335358854005e-05 +1.5342934330684097e-05 +6.2416958176373367e-06
 64.50000000 +5.0000000000000000e+00 +1.9999952272145791e+00 +1.8791803674006384e-03 +9.9989128395720872e-01 +9.9999862068031642e-01 +9.9999951864414782e-01 +1.0000012682737487e+00 +9.9999991173514102e-01 +3.9044916754536292e-05 +3.2660324933903496e-05 +1.9909294497931177e-05 +1.0491017244638878e-05 +7.2911410327463039e-06
 65.00000000 +5.0000000000000000e+00 +1.9999961270218438e+00 +1.8816689104683417e-03 +9.9988482456613414e-01 +9.9999817773360966e-01 +9.9999951600156900e-01 +1.0000016812792820e+00 +1.0000000918505922e+00 +4.8670629412875077e-05 +3.0158057938058991e-05 +2.2900535805456743e-05 +5.6386424265243609e-06 +8.3406852529951806e-06
 65.50000000 +5.0000000000000000e+00 +1.9999957515531701e+00 +1.8737932478097245e-03 +9.9990510613531347e-01 +9.9999885112805176e-01 +9.9999962383750074e-01 +1.0000012616403513e+00 +1.0000000912752043e+00 +4.2408715342860635e-05 +2.1629810041844330e-05 +2.0705296724035014e-05 +8.0798671737649664e-07 +9.5141568529010924e-06
 66.00000000 +5.0000000000000000e+00 +1.9999953760344182e+00 +1.8659165347479972e-03 +9.9992539040951234e-01 +9.9999952461230646e-01 +9.9999973168781475e-01 +1.0000008419454514e+00 +1.0000000906997397e+00 +3.6145966100709422e-05 +1.3100424705074132e-05 +1.8509764856335177e-05 -4.0233132722590218e-06 +1.0687784962585417e-05
 66.50000000 +5.0000000000000000e+00 +1.9999950004655800e+00 +1.8580387710730032e-03 +9.9994567738927242e-01 +1.0000001981863922e+00 +9.9999983955251459e-01 +1.0000004221945722e+00 +1.0000000901241988e+00 +2.9882381519325782e-05 +4.5699017001769273e-06 +1.6313940143778526e-05 -8.8552576712855103e-06 +1.1861569613361586e-05
 67.00000000 +5.0000000000000000e+00 +1.9999946248466438e+00 +1.8501599565745282e-03 +9.9996596707513474e-01 +1.0000008718503266e+00 +9.9999994743160225e-01 +1.0000000023877018e+00 +1.0000000895485806e+00 +2.3617961431569507e-05 -3.9617592004794742e-06 +1.4117822527770707e-05 -1.3687846608640680e-05 +1.3035510836551373e-05
 67.50000000 +5.0000000000000000e+00 +1.9999971895364328e+00 +1.8552167948296663e-03 +9.9995335628068505e-01 +1.0000006346970149e+00 +9.9999942001477571e-01 +1.0000001885160095e+00 +1.0000002681231823e+00 +2.7311244705436419e-05 +3.3084507852459473e-06 +1.4709632207726190e-05 -1.2452912360278363e-05 +1.3255934534388164e-05
 68.00000000 +5.0000000000000000e+00 +1.9999997539242209e+00 +1.8602730376257300e-03 +9.9994074697119706e-01 +1.0000003975716290e+00 +9.9999889266005437e-01 +1.0000003746223998e+00 +1.0000004466767562e+00 +3.1004093083242242e-05 +1.0577804680211028e-05 +1.5301372200176100e-05 -1.1218123529421416e-05 +1.3476332276620999e-05
 68.50000000 +5.0000000000000000e+00 +2.0000023180100626e+00 +1.8653286850678901e-03 +9.9992813914640899e-01 +1.0000001604741640e+00 +9.9999836536742726e-01 +1.0000005607068769e+00 +1.0000006252093061e+00 +3.4696506641798089e-05 +1.7846302635618058e-05 +1.5893042517428612e-05 -9.9834800903862832e-06 +1.3696704067834144e-05
 69.00000000 +5.0000000000000000e+00 +2.0000048817940104e+00 +1.8703837372612900e-03 +9.9991553280605805e-01 +9.9999992340461408e-01 +9.9999783813688292e-01 +1.0000007467694445e+00 +1.0000008037208357e+00 +3.8388485457896978e-05 +2.5113944802633710e-05 +1.6484643171788991e-05 -8.7489820174954464e-06 +1.3917049912610777e-05
 69.50000000 +5.0000000000000000e+00 +2.0000028403616739e+00 +1.8714616606345085e-03 +9.9991218783863101e-01 +9.9999970579911590e-01 +9.9999789886832702e-01 +1.0000012489692567e+00 +1.0000004130849198e+00 +3.1260907553898490e-05 +2.6703472308247954e-05 +1.9110469940792560e-05 -3.3515316839855299e-06 +1.4822102545452206e-05
 70.00000000 +5.0000000000000000e+00 +2.0000007991168007e+00 +1.8725394850225782e-03 +9.9990884317837037e-01 +9.9999948821360007e-01 +9.9999795959419391e-01 +1.0000017511229522e+00 +1.0000000224848760e+00 +2.4133984171712741e-05 +2.8292853848368962e-05 +2.1736055581474570e-05 +2.0454230044365260e-06 +1.5727072067775887e-05
 70.50000000 +5.0000000000000000e+00 +1.9999987580593652e+00 +1.8736172104391326e-03 +9.9990549882523394e-01 +9.9999927064806415e-01 +9.9999802031448459e-01 +1.0000022532305368e+00 +9.9999963192069874e-01 +1.7007715221187266e-05 +2.9882089443101698e-05 +2.4361400127047522e-05 +7.4418821160398366e-06 +1.6631958491029293e-05
 71.00000000 +5.0000000000000000e+00 +1.9999967171893429e+00 +1.8746948368978042e-03 +9.9990215477918010e-01 +9.9999905310250581e-01 +9.9999808102920040e-01 +1.0000027552920181e+00 +9.9999924139238394e-01 +9.8821006121861642e-06 +3.1471179112547477e-05 +2.6986503610717844e-05 +1.2837845719080984e-05 +1.7536761826657795e-05
 71.50000000 +5.0000000000000000e+00 +1.9999992509887994e+00 +1.8780534672135092e-03 +9.9989418769406424e-01 +9.9999955604609136e-01 +9.9999830430011216e-01 +1.0000023406122702e+00 +9.9999928695492080e-01 +1.6588693381741175e-05 +3.5210600215298107e-05 +2.4414791126697644e-05 +8.2443905805582416e-06 +2.1865909191987486e-05
 72.00000000 +5.0000000000000000e+00 +2.0000017843766908e+00 +1.8814115519866208e-03 +9.9988622190304233e-01 +1.0000000589079838e+00 +9.9999852753475804e-01 +1.0000019259998787e+00 +9.9999933251005702e-01 +2.3294196798890576e-05 +3.8949413923576779e-05 +2.1843496366144073e-05 +3.6516815573249041e-06 +2.6194353373560736e-05
 72.50000000 +5.0000000000000000e+00 +2.0000043173531168e+00 +1.8847690913500466e-03 +9.9987825740579950e-01 +1.0000005616882026e+00 +9.9999875073314703e-01 +1.0000015114548273e+00 +9.9999937805779404e-01 +2.9998611129028222e-05 +4.2687620385360176e-05 +1.9272619227289119e-05 -9.4028153239161197e-07 +3.0522094542690920e-05
 73.00000000 +5.0000000000000000e+00 +2.0000068499181785e+00 +1.8881260854366516e-03 +9.9987029420202067e-01 +1.0000010643867685e+00 +9.9999897389528747e-01 +1.0000010969770996e+00 +9.9999942359813410e-01 +3.6701936637461743e-05 +4.6425219748576930e-05 +1.6702159608397815e-05 -5.5314988703048546e-06 +3.4849132870635763e-05
 73.50000000 +5.0000000000000000e+00 +2.0000050976729504e+00 +1.8887557413007033e-03 +9.9986823636328548e-01 +1.0000009174589657e+00 +9.9999960198736759e-01 +1.0000006437715585e+00 +9.9999875684503492e-01 +3.1733797977310127e-05 +4.5377022941807399e-05 +2.2134158225770077e-05 -4.7507867773681240e-06 +3.7349386918914271e-05
 74.00000000 +5.0000000000000000e+00 +2.0000033455363315e+00 +1.8893853581370844e-03 +9.9986617865210070e-01 +1.0000007705402705e+00 +1.0000002300405169e+00 +1.0000001905941085e+00 +9.9999809013326313e-01 +2.6765967255021787e-05 +4.4328891104940508e-05 +2.7565820154059780e-05 -3.9701230749515017e-06 +3.9849485995091167e-05
 74.50000000 +5.0000000000000000e+00 +2.0000015935083115e+00 +1.8900149359494230e-03 +9.9986412106845401e-01 +1.0000006236306811e+00 +1.0000008580547393e+00 +9.9999973744474679e-01 +9.9999742346281439e-01 +2.1798444441967452e-05 +4.3280824231935930e-05 +3.2997145424569213e-05 -3.1895077585560751e-06 +4.2349430113574352e-05
 75.00000000 +5.0000000000000000e+00 +1.9999998415888793e+00 +1.8906444747413466e-03 +9.9986206361233376e-01 +1.0000004767301969e+00 +1.0000014860300381e+00 +9.9999928432347063e-01 +9.9999675683368505e-01 +1.6831229509521395e-05 +4.2232822316754083e-05 +3.8428134068596806e-05 -2.4089408236834898e-06 +4.4849219288769933e-05
 75.50000000 +5.0000000000000000e+00 +1.9999998193672703e+00 +1.8896428995664072e-03 +9.9986484314124446e-01 +1.0000000281332442e+00 +1.0000013890911779e+00 +9.9999883314623805e-01 +9.9999736498453728e-01 +1.4159237873255222e-05 +3.9084265287425708e-05 +3.8697657215153399e-05 +1.1351409637820513e-06 +4.4465196773830257e-05
 76.00000000 +5.0000000000000000e+00 +1.9999997971461385e+00 +1.8886413458693580e-03 +9.9986762261055029e-01 +9.9999957954591123e-01 +1.0000012921543961e+00 +9.9999838197868074e-01 +9.9999797312234817e-01 +1.1487303535478218e-05 +3.5935775776108392e-05 +3.8967174582025311e-05 +4.6791467515591329e-06 +4.4081182493912594e-05
 76.50000000 +5.0000000000000000e+00 +1.9999997749254821e+00 +1.8876398136495089e-03 +9.9987040202025379e-01 +9.9999913096819748e-01 +1.0000011952196932e+00 +9.9999793082079813e-01 +9.9999858124711827e-01 +8.8154264943473319e-06 +3.2787353780630364e-05 +3.9236686169398470e-05 +8.2230765420923468e-06 +4.3697176448752038e-05
 77.00000000 +5.0000000000000000e+00 +1.9999997527053024e+00 +1.8866383029061684e-03 +9.9987318137035630e-01 +9.9999868240010292e-01 +1.0000010982870688e+00 +9.9999747967258990e-01 +9.9999918935884768e-01 +6.1436067480195904e-06 +2.9638999298819935e-05 +3.9506191977458762e-05 +1.1766930337826182e-05 +4.3313178638083713e-05
 77.50000000 +5.0000000000000000e+00 +1.9999997304856003e+00 +1.8856368136386467e-03 +9.9987596066086026e-01 +9.9999823384162745e-01 +1.0000010013565233e+00 +9.9999702853405592e-01 +9.9999979745753764e-01 +3.4718442946520980e-06 +2.6490712328505543e-05 +3.9775692006392094e-05 +1.5310708141205021e-05 +4.2929189061642781e-05
 78.00000000 +5.0000000000000000e+00 +1.9999997082663739e+00 +1.8846353458462524e-03 +9.9987873989176745e-01 +9.9999778529277072e-01 +1.0000009044280562e+00 +9.9999657740519610e-01 +1.0000004055431879e+00 +8.0013913240204137e-07 +2.3342492867515678e-05 +4.0045186256384353e-05 +1.8854409954673150e-05 +4.2545207719164372e-05
 78.50000000 +5.0000000000000000e+00 +1.9999996860476243e+00 +1.8836338995282952e-03 +9.9988151906307976e-01 +9.9999733675353220e-01 +1.0000008075016675e+00 +9.9999612628600965e-01 +1.0000010136157989e+00 -1.8715087405733218e-06 +2.0194340913678943e-05 +4.0314674727621398e-05 +2.2398035780674726e-05 +4.2161234610383643e-05
 79.00000000 +5.0000000000000000e+00 +1.9999996638293502e+00 +1.8826324746840832e-03 +9.9988429817479874e-01 +9.9999688822391086e-01 +1.0000007105773572e+00 +9.9999567517649612e-01 +1.0000016216753709e+00 -4.5430993261166450e-06 +1.7046256464824024e-05 +4.0584157420289101e-05 +2.5941585621653829e-05 +4.1777269735035770e-05
 79.50000000 +5.0000000000000000e+00 +1.9999996416115535e+00 +1.8816310713129271e-03 +9.9988707722692682e-01 +9.9999643970390784e-01 +1.0000006136551252e+00 +9.9999522407665586e-01 +1.0000022297219049e+00 -7.2146326260705103e-06 +1.3898239518779715e-05 +4.0853634334573329e-05 +2.9485059480054420e-05 +4.1393313092855937e-05
 80.00000000 +5.0000000000000000e+00 +2.0000000503748687e+00 +1.8820380924918980e-03 +9.9988616935032859e-01 +9.9999684712046777e-01 +9.9999964752089265e-01 +9.9999565984680006e-01 +1.0000016707271799e+00 -5.5715421530436398e-06 +1.7120382262804139e-05 +3.7145836431874667e-05 +3.2021591671303495e-05 +3.9289162565874054e-05
 80.50000000 +5.0000000000000000e+00 +2.0000004591066682e+00 +1.8824450822879210e-03 +9.9988526154373192e-01 +9.9999725450561483e-01 +9.9999868146115345e-01 +9.9999609558334535e-01 +1.0000011117755563e+00 -3.9285783688157065e-06 +2.0342276566830319e-05 +3.3438324415115181e-05 +3.4557928285849997e-05 +3.7185174277251807e-05
 81.00000000 +5.0000000000000000e+00 +2.0000008678069530e+00 +1.8828520407046237e-03 +9.9988435380712759e-01 +9.9999766185935157e-01 +9.9999771547589777e-01 +9.9999653128629429e-01 +1.0000005528670277e+00 -2.2857412587349594e-06 +2.3563922459590706e-05 +2.9731098251231695e-05 +3.7094069346312635e-05 +3.5081348208226059e-05
 81.50000000 +5.0000000000000000e+00 +2.0000012764757287e+00 +1.8832589677456367e-03 +9.9988344614050817e-01 +9.9999806918168244e-01 +9.9999674956511808e-01 +9.9999696695565177e-01 +9.9999999400159045e-01 -6.4303080815190993e-07 +2.6785319969813332e-05 +2.6024157907166188e-05 +3.9630014875306680e-05 +3.2977684340036603e-05
 82.00000000 +5.0000000000000000e+00 +2.0000016851129971e+00 +1.8836658634145869e-03 +9.9988253854386500e-01 +9.9999847647261064e-01 +9.9999578372880515e-01 +9.9999740259142089e-01 +9.9999943517923862e-01 +9.9955299758067475e-07 +3.0006469126221780e-05 +2.2317503349865708e-05 +4.2165764895443879e-05 +3.0874182653926099e-05
 82.50000000 +5.0000000000000000e+00 +2.0000020937187633e+00 +1.8840727277151038e-03 +9.9988163101719096e-01 +9.9999888373214019e-01 +9.9999481796695089e-01 +9.9999783819360655e-01 +9.9999887639996776e-01 +2.6420101731077653e-06 +3.3227369957535248e-05 +1.8611134546282429e-05 +4.4701319429332531e-05 +2.8770843131140155e-05
 83.00000000 +5.0000000000000000e+00 +2.0000025022930301e+00 +1.8844795606508123e-03 +9.9988072356047664e-01 +9.9999929096027396e-01 +9.9999385227954596e-01 +9.9999827376221140e-01 +9.9999831766377223e-01 +4.2843407330720775e-06 +3.6448022492468446e-05 +1.4905051463373577e-05 +4.7236678499577391e-05 +2.6667665752927187e-05
 83.50000000 +5.0000000000000000e+00 +2.0000029108358022e+00 +1.8848863622253418e-03 +9.9987981617371513e-01 +9.9999969815701673e-01 +9.9999288666658237e-01 +9.9999870929724066e-01 +9.9999775897064824e-01 +5.9265446921140698e-06 +3.9668426759731713e-05 +1.1199254068101521e-05 +4.9771842128779811e-05 +2.4564650500538581e-05
 84.00000000 +5.0000000000000000e+00 +2.0000033193470816e+00 +1.8852931324423161e-03 +9.9987890885689767e-01 +1.0000001053223708e+00 +9.9999192112805113e-01 +9.9999914479869678e-01 +9.9999720032058947e-01 +7.5686220648719402e-06 +4.2888582788030908e-05 +7.4937423274336765e-06 +5.2306810339537574e-05 +2.2461797355228556e-05
 84.50000000 +5.0000000000000000e+00 +2.0000035779866061e+00 +1.8831477073048255e-03 +9.9988476916162317e-01 +1.0000002584004426e+00 +9.9999300163299176e-01 +9.9999903576245386e-01 +9.9999699790424024e-01 +5.5215889155348932e-06 +3.6324181981301928e-05 +8.3987635985034267e-06 +5.0704477452930614e-05 +2.4988111068526892e-05
 85.00000000 +5.0000000000000000e+00 +2.0000038366044057e+00 +1.8810024623640005e-03 +9.9989062897413494e-01 +1.0000004114656571e+00 +9.9999408204717921e-01 +9.9999892673536850e-01 +9.9999679550489162e-01 +3.4747276988103652e-06 +2.9760332525966878e-05 +9.3037088558205030e-06 +4.9102279148061815e-05 +2.7514212593900025e-05
 85.50000000 +5.0000000000000000e+00 +2.0000040952004858e+00 +1.8788573975971406e-03 +9.9989648829449540e-01 +1.0000005645180161e+00 +9.9999516237062569e-01 +9.9999881771744059e-01 +9.9999659312254241e-01 +1.4280383930380495e-06 +2.3197034352565760e-05 +1.0208578108961230e-05 +4.7500215407976391e-05 +3.0040101958079688e-05
 86.00000000 +5.0000000000000000e+00 +2.0000043537748478e+00 +1.8767125129815470e-03 +9.9990234712276604e-01 +1.0000007175575212e+00 +9.9999624260334197e-01 +9.9999870870866803e-01 +9.9999639075719005e-01 -6.1847902343872836e-07 +1.6634287391650215e-05 +1.1113371367500315e-05 +4.5898286215722394e-05 +3.2565779187793122e-05
 86.50000000 +5.0000000000000000e+00 +2.0000046123274937e+00 +1.8745678084945269e-03 +9.9990820545900883e-01 +1.0000008705841734e+00 +9.9999732274533948e-01 +9.9999859970905025e-01 +9.9999618840883220e-01 -2.6648245722730022e-06 +1.0072091573783561e-05 +1.2018088641010853e-05 +4.4296491554350708e-05 +3.5091244309763067e-05
 87.00000000 +5.0000000000000000e+00 +2.0000048708584282e+00 +1.8724232841133908e-03 +9.9991406330328669e-01 +1.0000010235979755e+00 +9.9999840279663044e-01 +9.9999849071858615e-01 +9.9999598607746742e-01 -4.7109982751141674e-06 +3.5104468295407833e-06 +1.2922729939064353e-05 +4.2694831406915124e-05 +3.7616497350707812e-05
 87.50000000 +5.0000000000000000e+00 +2.0000051293676524e+00 +1.8702789398154513e-03 +9.9991992065566082e-01 +1.0000011765989285e+00 +9.9999948275722539e-01 +9.9999838173727418e-01 +9.9999578376309284e-01 -6.7570001536079900e-06 -3.0506469104914974e-06 +1.3827295271230692e-05 +4.1093305756472178e-05 +4.0141538337341123e-05
 88.00000000 +5.0000000000000000e+00 +2.0000053878551700e+00 +1.8681347755780263e-03 +9.9992577751619294e-01 +1.0000013295870338e+00 +1.0000005626271362e+00 +9.9999827276511333e-01 +9.9999558146570655e-01 -8.8028302293965902e-06 -9.6111897157149717e-06 +1.4731784647078150e-05 +3.9491914586081346e-05 +4.2666367296372266e-05
 88.50000000 +5.0000000000000000e+00 +2.0000056463209823e+00 +1.8659907913784373e-03 +9.9993163388494533e-01 +1.0000014825622932e+00 +1.0000016424063738e+00 +9.9999816380210227e-01 +9.9999537918530634e-01 -1.0848488524118465e-05 -1.6171181655519702e-05 +1.5636198076173394e-05 +3.7890657878804891e-05 +4.5190984254506063e-05
 89.00000000 +5.0000000000000000e+00 +2.0000029223370133e+00 +1.8738608964589578e-03 +9.9991043737184315e-01 +1.0000018192569566e+00 +1.0000014230974832e+00 +9.9999771663380788e-01 +9.9999587664780654e-01 -6.7021585634626186e-06 -5.0118159439414957e-06 +2.3667686577399994e-05 +3.8374798620344140e-05 +4.2398491071860540e-05
 89.50000000 +5.0000000000000000e+00 +2.0000001986260258e+00 +1.8817302128421806e-03 +9.9988924298293491e-01 +1.0000021559178780e+00 +1.0000012038105701e+00 +9.9999726951032564e-01 +9.9999637406045350e-01 -2.5562441244800298e-06 +6.1464314392940606e-06 +3.1698370208398585e-05 +3.8858890844044013e-05 +3.9606277737044504e-05
 90.00000000 +5.0000000000000000e+00 +1.9999974751879801e+00 +1.8895987406466592e-03 +9.9986805071790186e-01 +1.0000024925450630e+00 +1.0000009845456321e+00 +9.9999682243164989e-01 +9.9999687142325544e-01 +1.5892548552880073e-06 +1.7303560662287325e-05 +3.9728249090152418e-05 +3.9342934557197421e-05 +3.6814344207992916e-05
 90.50000000 +5.0000000000000000e+00 +1.9999947520228338e+00 +1.8974664799909216e-03 +9.9984686057642458e-01 +1.0000028291385166e+00 +1.0000007653026648e+00 +9.9999637539777297e-01 +9.9999736873621958e-01 +5.7343384382876873e-06 +2.8459571893104985e-05 +4.7757323343620457e-05 +3.9826929767095815e-05 +3.4022690442649174e-05
 91.00000000 +5.0000000000000000e+00 +1.9999920291305477e+00 +1.9053334309934724e-03 +9.9982567255818411e-01 +1.0000031656982438e+00 +1.0000005460816661e+00 +9.9999592840868867e-01 +9.9999786599935303e-01 +9.8790066869526847e-06 +3.9614465299780026e-05 +5.5785593089737487e-05 +4.0310876481029165e-05 +3.1231316398965079e-05
 91.50000000 +5.0000000000000000e+00 +1.9999893065110792e+00 +1.9131995937727931e-03 +9.9980448666286093e-01 +1.0000035022242497e+00 +1.0000003268826316e+00 +9.9999548146438999e-01 +9.9999836321266367e-01 +1.4023259663704166e-05 +5.0768241050311756e-05 +6.3813058449413976e-05 +4.0794774706286023e-05 +2.8440222034900921e-05
 92.00000000 +5.0000000000000000e+00 +1.9999865841643878e+00 +1.9210649684473402e-03 +9.9978330289013628e-01 +1.0000038387165391e+00 +1.0000001077055587e+00 +9.9999503456487038e-01 +9.9999886037615882e-01 +1.8167097430950790e-05 +6.1920899312665857e-05 +7.1839719543536232e-05 +4.1278624450153431e-05 +2.5649407308425338e-05
 92.50000000 +5.0000000000000000e+00 +1.9999838620904324e+00 +1.9289295551355474e-03 +9.9976212123969110e-01 +1.0000041751751174e+00 +9.9999988855044386e-01 +9.9999458771012295e-01 +9.9999935748984625e-01 +2.2310520051088712e-05 +7.3072440254774308e-05 +7.9865576492966315e-05 +4.1762425719917019e-05 +2.2858872177515445e-05
 93.00000000 +5.0000000000000000e+00 +1.9999811402891723e+00 +1.9367933539558247e-03 +9.9974094171120687e-01 +1.0000045115999896e+00 +9.9999966941728380e-01 +9.9999414090014116e-01 +9.9999985455373297e-01 +2.6453527586501585e-05 +8.4222864044535499e-05 +8.7890629418542067e-05 +4.2246178522860897e-05 +2.0068616600156741e-05
 93.50000000 +5.0000000000000000e+00 +1.9999810384844938e+00 +1.9352211412617944e-03 +9.9974550761987280e-01 +1.0000043558984599e+00 +9.9999896082299622e-01 +9.9999492769106368e-01 +9.9999994941770176e-01 +3.0647902349887207e-05 +7.6518449118090931e-05 +8.3988700192663896e-05 +4.4284778046689377e-05 +2.0858718810285622e-05
 94.00000000 +5.0000000000000000e+00 +1.9999809366689840e+00 +1.9336487612890700e-03 +9.9975007401433802e-01 +1.0000042001803644e+00 +9.9999825215331650e-01 +9.9999571456569825e-01 +1.0000000442917636e+00 +3.4842723382111301e-05 +6.8813214465109226e-05 +8.0086355813271444e-05 +4.6323594471365536e-05 +2.1648905084909329e-05
 94.50000000 +5.0000000000000000e+00 +1.9999808348426398e+00 +1.9320762140109533e-03 +9.9975464089467914e-01 +1.0000040444456997e+00 +9.9999754340823210e-01 +9.9999650152405850e-01 +1.0000001391759206e+00 +3.9037990754400117e-05 +6.1107159954758771e-05 +7.6183596214104480e-05 +4.8362627831507576e-05 +2.2439175437444882e-05
 95.00000000 +5.0000000000000000e+00 +1.9999807330054609e+00 +1.9305034994007400e-03 +9.9975920826097486e-01 +1.0000038886944635e+00 +9.9999683458773148e-01 +9.9999728856615733e-01 +1.0000002340701737e+00 +4.3233704537995121e-05 +5.3400285456180094e-05 +7.2280421328888817e-05 +5.0401878161741120e-05 +2.3229529881312168e-05
 95.50000000 +5.0000000000000000e+00 +1.9999806311574455e+00 +1.9289306174317207e-03 +9.9976377611330181e-01 +1.0000037329266536e+00 +9.9999612569180274e-01 +9.9999807569200894e-01 +1.0000003289745250e+00 +4.7429864804152907e-05 +4.5692590838485927e-05 +6.8376831091336075e-05 +5.2441345496699143e-05 +2.4019968429933930e-05
 96.00000000 +5.0000000000000000e+00 +1.9999805292985906e+00 +1.9273575680771797e-03 +9.9976834445173801e-01 +1.0000035771422664e+00 +9.9999541672043313e-01 +9.9999886290162554e-01 +1.0000004238889759e+00 +5.1626471624145218e-05 +3.7984075970761082e-05 +6.4472825435143782e-05 +5.4481029871021972e-05 +2.4810491096735751e-05
 96.50000000 +5.0000000000000000e+00 +1.9999804274288959e+00 +1.9257843513103960e-03 +9.9977291327636097e-01 +1.0000034213413003e+00 +9.9999470767361121e-01 +9.9999965019502179e-01 +1.0000005188135281e+00 +5.5823525069259018e-05 +3.0274740722062539e-05 +6.0568404293995377e-05 +5.6520931319357362e-05 +2.5601097895146095e-05
 97.00000000 +5.0000000000000000e+00 +1.9999803255483599e+00 +1.9242109671046437e-03 +9.9977748258724874e-01 +1.0000032655237521e+00 +9.9999399855132498e-01 +1.0000004375722105e+00 +1.0000006137481836e+00 +6.0021025210796423e-05 +2.2564584961419411e-05 +5.6663567601560184e-05 +5.8561049876360384e-05 +2.6391788838596280e-05
 97.50000000 +5.0000000000000000e+00 +1.9999802236569788e+00 +1.9226374154331888e-03 +9.9978205238447782e-01 +1.0000031096896189e+00 +9.9999328935356191e-01 +1.0000012250332044e+00 +1.0000007086929432e+00 +6.4218972120074679e-05 +1.4853608557832882e-05 +5.2758315291493331e-05 +6.0601385576693489e-05 +2.7182563940520456e-05
 98.00000000 +5.0000000000000000e+00 +1.9999802895240613e+00 +1.9187356009499747e-03 +9.9979193503534669e-01 +1.0000041851800407e+00 +9.9999322179884476e-01 +1.0000016443486259e+00 +9.9999944104007721e-01 +6.3391561310791389e-05 +1.6931720639234546e-05 +4.7498262178261440e-05 +5.3002153544616324e-05 +2.8748897569025072e-05
 98.50000000 +5.0000000000000000e+00 +1.9999803553907514e+00 +1.9148338096946895e-03 +9.9980181762738340e-01 +1.0000052606640604e+00 +9.9999315424452995e-01 +1.0000020636615514e+00 +9.9999817339475772e-01 +6.2564155427175192e-05 +1.9009820349407630e-05 +4.2238240378701222e-05 +4.5402966751598862e-05 +3.0315221872974231e-05
 99.00000000 +5.0000000000000000e+00 +1.9999804212570498e+00 +1.9109320416671254e-03 +9.9981170016058807e-01 +1.0000063361416776e+00 +9.9999308669061715e-01 +1.0000024829719809e+00 +9.9999690575698474e-01 +6.1736754469182082e-05 +2.1087907688462604e-05 +3.6978249892533062e-05 +3.7803825197237138e-05 +3.1881536852451208e-05
 99.50000000 +5.0000000000000000e+00 +1.9999804871229558e+00 +1.9070302968670744e-03 +9.9982158263496101e-01 +1.0000074116128919e+00 +9.9999301913710648e-01 +1.0000029022799140e+00 +9.9999563812675785e-01 +6.0909358436768062e-05 +2.3165982656509934e-05 +3.1718290719477324e-05 +3.0204728881127171e-05 +3.3447842507539238e-05
100.00000000 +5.0000000000000000e+00 +1.9999805529884700e+00 +1.9031285752943304e-03 +9.9983146505050347e-01 +1.0000084870777044e+00 +9.9999295158399815e-01 +1.0000033215853510e+00 +9.9999437050407747e-01 +6.0081967329889173e-05 +2.5244045253660097e-05 +2.6458362859254420e-05 +2.2605677802865017e-05 +3.5014138838321611e-05
100.50000000 +5.0000000000000000e+00 +1.9999806188535922e+00 +1.8992268769486848e-03 +9.9984134740721520e-01 +1.0000095625361143e+00 +9.9999288403129183e-01 +1.0000037408882918e+00 +9.9999310288894316e-01 +5.9254581148501411e-05 +2.7322095480023549e-05 +2.1198466311584723e-05 +1.5006671962046718e-05 +3.6580425844881580e-05
101.00000000 +5.0000000000000000e+00 +1.9999806847183217e+00 +1.8953252018299304e-03 +9.9985122970509677e-01 +1.0000106379881220e+00 +9.9999281647898752e-01 +1.0000041601887362e+00 +9.9999183528135493e-01 +5.8427199892560805e-05 +2.9400133335710755e-05 +1.5938601076188624e-05 +7.4077113582683148e-06 +3.8146703527302384e-05
101.50000000 +5.0000000000000000e+00 +1.9999807505826595e+00 +1.8914235499378610e-03 +9.9986111194414962e-01 +1.0000117134337276e+00 +9.9999274892708567e-01 +1.0000045794866848e+00 +9.9999056768131300e-01 +5.7599823562023389e-05 +3.1478158820832190e-05 +1.0678767152786543e-05 -1.9120400887411553e-07 +3.9712971885667331e-05
102.00000000 +5.0000000000000000e+00 +1.9999808164466053e+00 +1.8875219212722675e-03 +9.9987099412437319e-01 +1.0000127888729311e+00 +9.9999268137558572e-01 +1.0000049987821373e+00 +9.9998930008881681e-01 +5.6772452156845153e-05 +3.3556171935498311e-05 +5.4189645410988548e-06 -7.7900741397845351e-06 +4.1279230920059640e-05
102.50000000 +5.0000000000000000e+00 +1.9999793958034071e+00 +1.8820389067576316e-03 +9.9988389479982909e-01 +1.0000101890765669e+00 +9.9999347089404689e-01 +1.0000061073243260e+00 +9.9998997322776617e-01 +4.7183897647796825e-05 +3.7025458339339408e-05 +6.5263046353656011e-06 -1.0877144627037242e-05 +3.6506149847231017e-05
103.00000000 +5.0000000000000000e+00 +1.9999779752260380e+00 +1.8765561463126885e-03 +9.9989679487749872e-01 +1.0000075894006706e+00 +9.9999426037592354e-01 +1.0000072158151474e+00 +9.9999064633552348e-01 +3.7595787449281320e-05 +4.0494583984800387e-05 +7.6335934181581450e-06 -1.3964072066875265e-05 +3.1733289947488778e-05
103.50000000 +5.0000000000000000e+00 +1.9999765547144941e+00 +1.8710736399197797e-03 +9.9990969435742372e-01 +1.0000049898452350e+00 +9.9999504982121845e-01 +1.0000083242546056e+00 +9.9999131941209185e-01 +2.8008121530416952e-05 +4.3963548883054709e-05 +8.7408308930428840e-06 -1.7050856469241087e-05 +2.6960651205460344e-05
104.00000000 +5.0000000000000000e+00 +1.9999751342687699e+00 +1.8655913875612472e-03 +9.9992259323964572e-01 +1.0000023904102502e+00 +9.9999583922993396e-01 +1.0000094326427036e+00 +9.9999199245747250e-01 +1.8420899860324858e-05 +4.7432353045274827e-05 +9.8480170635858768e-06 -2.0137497844076257e-05 +2.2188233605774541e-05
104.50000000 +5.0000000000000000e+00 +1.9999737138888609e+00 +1.8601093892194353e-03 +9.9993549152420569e-01 +9.9999979109570880e-01 +9.9999662860207250e-01 +1.0000105409794449e+00 +9.9999266547166821e-01 +8.8341224081290656e-06 +5.0900996482632125e-05 +1.0955151933352854e-05 -2.3223996201321414e-05 +1.7416037133061624e-05
105.00000000 +5.0000000000000000e+00 +1.9999722935747630e+00 +1.8546276448766900e-03 +9.9994838921114571e-01 +9.9999719190160219e-01 +9.9999741793763697e-01 +1.0000116492648332e+00 +9.9999333845468052e-01 -7.5221085704353715e-07 +5.4369479206296986e-05 +1.2062235505909217e-05 -2.6310351550916267e-05 +1.2644061771953300e-05
105.50000000 +5.0000000000000000e+00 +1.9999708733264712e+00 +1.8491461545153589e-03 +9.9996128630050729e-01 +9.9999459282792202e-01 +9.9999820723663002e-01 +1.0000127574988726e+00 +9.9999401140651267e-01 -1.0338099966063225e-05 +5.7837801227438761e-05 +1.3169267784820042e-05 -2.9396563902799626e-05 +7.8723075070826706e-06
106.00000000 +5.0000000000000000e+00 +1.9999694531439813e+00 +1.8436649181177913e-03 +9.9997418279233208e-01 +9.9999199387466020e-01 +9.9999899649905388e-01 +1.0000138656815660e+00 +9.9999468432716598e-01 -1.9923544949797387e-05 +6.1305962557225735e-05 +1.4276248773650067e-05 -3.2482633266909362e-05 +3.1007743230842749e-06
106.50000000 +5.0000000000000000e+00 +1.9999680330272886e+00 +1.8381839356663371e-03 +9.9998707868666092e-01 +9.9998939504180773e-01 +9.9999978572491077e-01 +1.0000149738129172e+00 +9.9999535721664257e-01 -2.9508545839110574e-05 +6.4773963206825143e-05 +1.5383178475963695e-05 -3.5568559653182408e-05 -1.6705377954059375e-06
107.00000000 +5.0000000000000000e+00 +1.9999695392931238e+00 +1.8433014695489866e-03 +9.9997600356738847e-01 +9.9999025591852797e-01 +9.9999883243402909e-01 +1.0000110498838610e+00 +9.9999524828475173e-01 -2.5703881172506748e-05 +5.4096701256737512e-05 +1.8190139013009278e-05 -2.4420107355328074e-05 +6.4470412454030376e-06
107.50000000 +5.0000000000000000e+00 +1.9999710456525996e+00 +1.8484193215744552e-03 +9.9996492775960644e-01 +9.9999111684876607e-01 +9.9999787908388360e-01 +1.0000071257108649e+00 +9.9999513934608852e-01 -2.1898979980503463e-05 +4.3418775531029929e-05 +2.0997274050968980e-05 -1.3270961989262990e-05 +1.4565124933478829e-05
108.00000000 +5.0000000000000000e+00 +1.9999725521057248e+00 +1.8535374917724127e-03 +9.9995385126325087e-01 +9.9999197783252802e-01 +9.9999692567446974e-01 +1.0000032012939071e+00 +9.9999503040065307e-01 -1.8093842241043873e-05 +3.2740185967802872e-05 +2.3804583606115668e-05 -2.1211234903559836e-06 +2.2683713315881686e-05
108.50000000 +5.0000000000000000e+00 +1.9999740586525074e+00 +1.8586559801725292e-03 +9.9994277407825782e-01 +9.9999283886981793e-01 +9.9999597220578074e-01 +9.9999927663296329e-01 +9.9999492144844415e-01 -1.4288467932068338e-05 +2.2060932505149076e-05 +2.6612067694724218e-05 +9.0294082060321879e-06 +3.0802806439677672e-05
109.00000000 +5.0000000000000000e+00 +1.9999755652929561e+00 +1.8637747868044806e-03 +9.9993169620456235e-01 +9.9999369996064102e-01 +9.9999501867781193e-01 +9.9999535172801179e-01 +9.9999481248946132e-01 -1.0482857031514508e-05 +1.1381015081153611e-05 +2.9419726333071542e-05 +2.0180633164548782e-05 +3.8922404351938743e-05
109.50000000 +5.0000000000000000e+00 +1.9999770720270804e+00 +1.8688939116979460e-03 +9.9992061764210127e-01 +9.9999456110500240e-01 +9.9999406509055788e-01 +9.9999142657902929e-01 +9.9999470352370401e-01 -6.6770095173172861e-06 +7.0043363389384944e-07 +3.2227559537436561e-05 +3.1332551449849079e-05 +4.7042507099742671e-05
110.00000000 +5.0000000000000000e+00 +1.9999785788548889e+00 +1.8740133548826082e-03 +9.9990953839080943e-01 +9.9999542230290739e-01 +9.9999311144401237e-01 +9.9998750118599355e-01 +9.9999459455117157e-01 -2.8709253674088202e-06 -9.9808118985605613e-06 +3.5035567324100247e-05 +4.2485163126596443e-05 +5.5163114730173123e-05
110.50000000 +5.0000000000000000e+00 +1.9999800857763905e+00 +1.8791331163881542e-03 +9.9989845845062320e-01 +9.9999628355436054e-01 +9.9999215773817063e-01 +9.9998357554888173e-01 +9.9999448557186343e-01 +9.3539544028147556e-07 -2.0662721578147649e-05 +3.7843749709345565e-05 +5.3638468259462249e-05 +6.3284227290319594e-05
111.00000000 +5.0000000000000000e+00 +1.9999815927915932e+00 +1.8842531962442730e-03 +9.9988737782147785e-01 +9.9999714485936675e-01 +9.9999120397302643e-01 +9.9997964966767050e-01 +9.9999437658577883e-01 +4.7419529278269419e-06 -3.1345295466813179e-05 +4.0652106709457524e-05 +6.4792466913125932e-05 +7.1405844827277442e-05
111.50000000 +5.0000000000000000e+00 +1.9999807557266165e+00 +1.8756626223742005e-03 +9.9990777498321926e-01 +9.9999650149220209e-01 +9.9999132967342830e-01 +9.9998059933382766e-01 +9.9999490981050032e-01 +6.4229307139906974e-08 -2.6988185293681572e-05 +3.3587870927411660e-05 +5.9614658286688596e-05 +6.2606119076227953e-05
112.00000000 +5.0000000000000000e+00 +1.9999799185811657e+00 +1.8670712226182661e-03 +9.9992817410591484e-01 +9.9999585806318481e-01 +9.9999145538591472e-01 +9.9998154909128412e-01 +9.9999544308648480e-01 -4.6139440234105121e-06 -2.2630656234018906e-05 +2.6522955999532027e-05 +5.4436351872908773e-05 +5.3805547331745258e-05
112.50000000 +5.0000000000000000e+00 +1.9999790813552289e+00 +1.8584789968573660e-03 +9.9994857518984848e-01 +9.9999521457230633e-01 +9.9999158111048736e-01 +9.9998249894005364e-01 +9.9999597641374027e-01 -9.2925671286791577e-06 -1.8272708227415530e-05 +1.9457361827875730e-05 +4.9257547599998149e-05 +4.5004129471824590e-05
113.00000000 +5.0000000000000000e+00 +1.9999782440487945e+00 +1.8498859449723711e-03 +9.9996897823530273e-01 +9.9999457101955769e-01 +9.9999170684714833e-01 +9.9998344888014878e-01 +9.9999650979227417e-01 -1.3971640073533339e-05 -1.3914341213450162e-05 +1.2391088314481005e-05 +4.4078245396154569e-05 +3.6201865374437637e-05
113.50000000 +5.0000000000000000e+00 +1.9999774066618508e+00 +1.8412920668441314e-03 +9.9998938324256037e-01 +9.9999392740492965e-01 +9.9999183259589908e-01 +9.9998439891158331e-01 +9.9999704322209371e-01 -1.8651162922852850e-05 -9.5555551316899054e-06 +5.3241353613672619e-06 +3.8898445189562094e-05 +2.7398754917532658e-05
114.00000000 +5.0000000000000000e+00 +1.9999765691943867e+00 +1.8326973623534728e-03 +1.0000097902119041e+00 +9.9999328372841367e-01 +9.9999195835674148e-01 +9.9998534903437009e-01 +9.9999757670320633e-01 -2.3331135741529949e-05 -5.1963499216902521e-06 -1.7434971294649090e-06 +3.3718146908390995e-05 +1.8594797979034455e-05
114.50000000 +5.0000000000000000e+00 +1.9999757316463904e+00 +1.8241018313811990e-03 +1.0000301991436171e+00 +9.9999263999000054e-01 +9.9999208412967744e-01 +9.9998629924852211e-01 +9.9999811023561924e-01 -2.8011558594469382e-05 -8.3672552299504741e-07 -8.8118092560338167e-06 +2.8537350480797682e-05 +9.7899944368443064e-06
115.00000000 +5.0000000000000000e+00 +1.9999748940178506e+00 +1.8155054738080902e-03 +1.0000506100379833e+00 +9.9999199618968182e-01 +9.9999220991470861e-01 +9.9998724955405316e-01 +9.9999864381934045e-01 -3.2692431546588379e-05 +3.5233181248634687e-06 -1.5880801116376572e-05 +2.3356055834924793e-05 +9.8434416884005632e-07
115.50000000 +5.0000000000000000e+00 +1.9999740563087547e+00 +1.8069082895149039e-03 +1.0000710228952847e+00 +9.9999135232744774e-01 +9.9999233571183632e-01 +9.9998819995097565e-01 +9.9999917745437672e-01 -3.7373754662816656e-05 +7.8837810823647049e-06 -2.2950472808549178e-05 +1.8174262898901094e-05 -7.8221529471239912e-06
116.00000000 +5.0000000000000000e+00 +1.9999724350209218e+00 +1.8097305208874040e-03 +1.0000642816746970e+00 +9.9999254561977469e-01 +9.9999262964518465e-01 +9.9998932322062040e-01 +9.9999814372360596e-01 -4.4501906547721941e-05 +1.2524666031683511e-06 -1.3552808986618634e-05 +2.8045285510317526e-05 -8.1669165013254590e-06
116.50000000 +5.0000000000000000e+00 +1.9999708139696324e+00 +1.8125523404999065e-03 +1.0000575414376451e+00 +9.9999373873800179e-01 +9.9999292353564817e-01 +9.9999044632638101e-01 +9.9999711014365489e-01 -5.1629018444258920e-05 -5.3778803756104654e-06 -4.1565162719851571e-06 +3.7914867951986619e-05 -8.5116297549592658e-06
117.00000000 +5.0000000000000000e+00 +1.9999691931548353e+00 +1.8153737484425181e-03 +1.0000508021839134e+00 +9.9999493168216724e-01 +9.9999321738323654e-01 +9.9999156926829436e-01 +9.9999607671449120e-01 -5.8755090580010475e-05 -1.2007260065691935e-05 +5.2384056353936000e-06 +4.7783010539063789e-05 -8.8562927190327926e-06
117.50000000 +5.0000000000000000e+00 +1.9999675725764785e+00 +1.8181947448053190e-03 +1.0000440639132870e+00 +9.9999612445230868e-01 +9.9999351118795921e-01 +9.9999269204639540e-01 +9.9999504343608114e-01 -6.5880123182493109e-05 -1.8635672678734482e-05 +1.4631957035472444e-05 +5.7649713586612546e-05 -9.2009054045502072e-06
118.00000000 +5.0000000000000000e+00 +1.9999659522345101e+00 +1.8210153296783630e-03 +1.0000373266255502e+00 +9.9999731704846462e-01 +9.9999380494982526e-01 +9.9999381466072035e-01 +9.9999401030839252e-01 -7.3004116479156921e-05 -2.5263118426334767e-05 +2.4024138228118692e-05 +6.7514977409604442e-05 -9.5454678225124734e-06
118.50000000 +5.0000000000000000e+00 +1.9999643321288789e+00 +1.8238355031516770e-03 +1.0000305903204889e+00 +9.9999850947067326e-01 +9.9999409866884459e-01 +9.9999493711130527e-01 +9.9999297733139147e-01 -8.0127070697385650e-05 -3.1889597520027752e-05 +3.3414949513112148e-05 +7.7378802322919165e-05 -9.8899799839173368e-06
119.00000000 +5.0000000000000000e+00 +1.9999627122595327e+00 +1.8266552653152632e-03 +1.0000238549978877e+00 +9.9999970171897246e-01 +9.9999439234502652e-01 +9.9999605939818603e-01 +9.9999194450504603e-01 -8.7248986064496808e-05 -3.8515110171286678e-05 +4.2804391190145237e-05 +8.7241188641344597e-05 -1.0234441899759346e-05
119.50000000 +5.0000000000000000e+00 +1.9999610926264202e+00 +1.8294746162590956e-03 +1.0000171206575317e+00 +1.0000008937934002e+00 +9.9999468597838004e-01 +9.9999718152139772e-01 +9.9999091182932243e-01 -9.4369862807741449e-05 -4.5139656591523111e-05 +5.2192463558822890e-05 +9.7102136679576707e-05 -1.0578853581029827e-05
120.00000000 +5.0000000000000000e+00 +1.9999594732294896e+00 +1.8322935560731238e-03 +1.0000103872992059e+00 +1.0000020856939946e+00 +9.9999497956891492e-01 +9.9999830348097707e-01 +9.9998987930418826e-01 -1.0148970115430449e-04 -5.1763236992086951e-05 +6.1579166918662744e-05 +1.0696164675221981e-04 -1.0923215038716921e-05
120.50000000 +5.0000000000000000e+00 +1.9999595321266677e+00 +1.8416429882466246e-03 +9.9998436614330699e-01 +1.0000034890678060e+00 +9.9999469358440751e-01 +9.9999762440898710e-01 +9.9999024453116880e-01 -7.7548885839020894e-05 -3.4196107681555393e-05 +6.4063833077473935e-05 +9.0695251018838295e-05 -1.3431818384044552e-05
121.00000000 +5.0000000000000000e+00 +1.9999595910259425e+00 +1.8509927533439953e-03 +9.9995834406082107e-01 +1.0000048924915901e+00 +9.9999440758971625e-01 +9.9999694531281613e-01 +9.9999060977115461e-01 -5.3607218015398327e-05 -1.6628352823228913e-05 +6.6548587712746403e-05 +7.4428276055475435e-05 -1.5940511058212608e-05
121.50000000 +5.0000000000000000e+00 +1.9999596499273156e+00 +1.8603428513830199e-03 +9.9993232105169849e-01 +1.0000062959653495e+00 +9.9999412158484124e-01 +9.9999626619246318e-01 +9.9999097502414658e-01 -2.9664697637900532e-05 +9.4002761630575699e-07 +6.9033430829206133e-05 +5.8160721831192060e-05 -1.8449293065992554e-05
122.00000000 +5.0000000000000000e+00 +1.9999597088307850e+00 +1.8696932823814812e-03 +9.9990629711588952e-01 +1.0000076994890870e+00 +9.9999383556978116e-01 +9.9999558704792590e-01 +9.9999134029014503e-01 -5.7213246609880045e-06 +1.8509033670464320e-05 +7.1518362431579338e-05 +4.1892588315046640e-05 -2.0958164412156163e-05
122.50000000 +5.0000000000000000e+00 +1.9999597677363528e+00 +1.8790440463571660e-03 +9.9988027225334486e-01 +1.0000091030628053e+00 +9.9999354954453601e-01 +9.9999490787920420e-01 +9.9999170556915140e-01 +1.8222900960882013e-05 +3.6078665372664791e-05 +7.4003382524592625e-05 +2.5623875476095561e-05 -2.3467125101475573e-05
123.00000000 +5.0000000000000000e+00 +1.9999598266440182e+00 +1.8883951433278602e-03 +9.9985424646401533e-01 +1.0000105066865073e+00 +9.9999326350910500e-01 +9.9999422868629617e-01 +9.9999207086116570e-01 +4.2167979273255461e-05 +5.3648922756327598e-05 +7.6488491112972938e-05 +9.3545832833929773e-06 -2.5976175138723260e-05
123.50000000 +5.0000000000000000e+00 +1.9999598855537810e+00 +1.8977465733113520e-03 +9.9982821974785085e-01 +1.0000119103601950e+00 +9.9999297746348748e-01 +9.9999354946920049e-01 +9.9999243616618860e-01 +6.6113910321681610e-05 +7.1219805854875557e-05 +7.8973688201447508e-05 -6.9152882940092019e-06 -2.8485314528672011e-05
124.00000000 +5.0000000000000000e+00 +1.9999599444656424e+00 +1.9070983363254307e-03 +9.9980219210480237e-01 +1.0000133140838714e+00 +9.9999269140768354e-01 +9.9999287022791605e-01 +9.9999280148422143e-01 +9.0060694151712918e-05 +8.8791314701733854e-05 +8.1458973794743970e-05 -2.3185739287061222e-05 -3.0994543276095004e-05
124.50000000 +5.0000000000000000e+00 +1.9999600033796012e+00 +1.9164504323878869e-03 +9.9977616353482002e-01 +1.0000147178575394e+00 +9.9999240534169176e-01 +9.9999219096244141e-01 +9.9999316681526407e-01 +1.1400833080890511e-04 +1.0636344933033004e-04 +8.3944347897590247e-05 -3.9456769726715556e-05 -3.3503861385765709e-05
125.00000000 +5.0000000000000000e+00 +1.9999565389879137e+00 +1.9124347002409930e-03 +9.9978857342931782e-01 +1.0000160444525625e+00 +9.9999159523897585e-01 +9.9999603402767523e-01 +9.9999055305731865e-01 +1.0530907885683346e-04 +9.1455067384523875e-05 +7.5273968972988702e-05 -3.4592301973143455e-05 -2.0246011619158701e-05
125.50000000 +5.0000000000000000e+00 +1.9999530740208895e+00 +1.9084183011948640e-03 +9.9980098538474704e-01 +1.0000173712678955e+00 +9.9999078500172500e-01 +9.9999987773113364e-01 +9.9998793886530213e-01 +9.6608382205697654e-05 +7.6544209579234180e-05 +6.6602150144314147e-05 -2.9727026369419430e-05 -6.9859600996589161e-06
126.00000000 +5.0000000000000000e+00 +1.9999496084783841e+00 +1.9044012350833558e-03 +9.9981339940162117e-01 +1.0000186983035928e+00 +9.9998997462990546e-01 +1.0000037220729745e+00 +9.9998532423910613e-01 +8.7906240495582482e-05 +6.1630875297654660e-05 +5.7928891052845880e-05 -2.4860942714285252e-05 +6.2762937212522734e-06
126.50000000 +5.0000000000000000e+00 +1.9999461423602554e+00 +1.9003835017402707e-03 +9.9982581548045413e-01 +1.0000200255597100e+00 +9.9998916412348382e-01 +1.0000075670533581e+00 +9.9998270917862275e-01 +7.9202653366453190e-05 +4.6715063922774120e-05 +4.9254191339744131e-05 -1.9994050806415849e-05 +1.9540750392275717e-05
127.00000000 +5.0000000000000000e+00 +1.9999426756663587e+00 +1.8963651009993544e-03 +9.9983823362175916e-01 +1.0000213530363018e+00 +9.9998835348242621e-01 +1.0000114126724429e+00 +9.9998009368374385e-01 +7.0497620458155366e-05 +3.1796774837376374e-05 +4.0578050646049857e-05 -1.5126350444419268e-05 +3.2807410462294544e-05
127.50000000 +5.0000000000000000e+00 +1.9999392083965513e+00 +1.8923460326942981e-03 +9.9985065382605087e-01 +1.0000226807334229e+00 +9.9998754270669965e-01 +1.0000152589303881e+00 +9.9997747775436119e-01 +6.1791141410415013e-05 +1.6876007424040175e-05 +3.1900468612684812e-05 -1.0257841426836645e-05 +4.6076274480374265e-05
128.00000000 +5.0000000000000000e+00 +1.9999357405506895e+00 +1.8883262966587374e-03 +9.9986307609384251e-01 +1.0000240086511283e+00 +9.9998673179627018e-01 +1.0000191058273529e+00 +9.9997486139036629e-01 +5.3083215862838319e-05 +1.9527610651390933e-06 +2.3221444880451353e-05 -5.3885235521421550e-06 +5.9347342995762827e-05
128.50000000 +5.0000000000000000e+00 +1.9999322721286297e+00 +1.8843058927262531e-03 +9.9987550042564932e-01 +1.0000253367894736e+00 +9.9998592075110448e-01 +1.0000229533634968e+00 +9.9997224459165113e-01 +4.4373843454911814e-05 -1.2972964857158507e-05 +1.4540979090032539e-05 -5.1839661874303011e-07 +7.2620616557890700e-05
129.00000000 +5.0000000000000000e+00 +1.9999288031302285e+00 +1.8802848207303696e-03 +9.9988792682198513e-01 +1.0000266651485126e+00 +9.9998510957116860e-01 +1.0000268015389786e+00 +9.9996962735810691e-01 +3.5663023826002126e-05 -2.7901170960889636e-05 +5.8590708819919688e-06 +4.3525395750205163e-06 +8.5896095716370938e-05
129.50000000 +5.0000000000000000e+00 +1.9999374129325136e+00 +1.8680554489971842e-03 +9.9992027209392542e-01 +1.0000236399770830e+00 +9.9998980672276794e-01 +1.0000274219927225e+00 +9.9997214260458411e-01 +1.4398805598429581e-05 -3.3722474316466366e-05 +1.3307040468451998e-05 +8.1442007410831819e-06 +6.4589033737276659e-05
130.00000000 +5.0000000000000000e+00 +1.9999460224928975e+00 +1.8558264208604479e-03 +9.9995261645709310e-01 +1.0000206148906485e+00 +9.9999450374239629e-01 +1.0000280424290344e+00 +9.9997465778039307e-01 -6.8648151896310445e-06 -3.9543614116694012e-05 +2.0754800796745706e-05 +1.1935755376627198e-05 +4.3282570401432430e-05
130.50000000 +5.0000000000000000e+00 +1.9999546318113908e+00 +1.8435977363056807e-03 +9.9998495991152614e-01 +1.0000175898892054e+00 +9.9999920063005898e-01 +1.0000286628479145e+00 +9.9997717288553656e-01 -2.8127838563357882e-05 -4.5364590368465324e-05 +2.8202351875691950e-05 +1.5727203486142128e-05 +2.1976705683609368e-05
131.00000000 +5.0000000000000000e+00 +1.9999632408880028e+00 +1.8313693953184030e-03 +1.0000173024572627e+00 +1.0000145649727508e+00 +1.0000038973857615e+00 +1.0000292832493638e+00 +9.9997968792001735e-01 -4.9390264547927658e-05 -5.1185403078672719e-05 +3.5649693714109069e-05 +1.9518545074117269e-05 +6.7143955858002928e-07
131.50000000 +5.0000000000000000e+00 +1.9999718497227450e+00 +1.8191413978841360e-03 +1.0000496440943418e+00 +1.0000115401412804e+00 +1.0000085940095094e+00 +1.0000299036333831e+00 +9.9998220288383899e-01 -7.0652093168515682e-05 -5.7006052254208199e-05 +4.3096826320814964e-05 +2.3309780145041690e-05 -2.0633227998881633e-05
132.00000000 +5.0000000000000000e+00 +1.9999804583156269e+00 +1.8069137439884018e-03 +1.0000819848228011e+00 +1.0000085153947911e+00 +1.0000132905013088e+00 +1.0000305239999729e+00 +9.9998471777700393e-01 -9.1913324450295839e-05 -6.2826537901963366e-05 +5.0543749704626952e-05 +2.7100908703404185e-05 -4.1937297014000195e-05
132.50000000 +5.0000000000000000e+00 +1.9999890666666587e+00 +1.7946864336167235e-03 +1.0001143246426789e+00 +1.0000054907332789e+00 +1.0000179868611645e+00 +1.0000311443491343e+00 +9.9998723259951561e-01 -1.1317395841844063e-04 -6.8646860028829477e-05 +5.7990463874361935e-05 +3.0891930753693308e-05 -6.3240767511998913e-05
133.00000000 +5.0000000000000000e+00 +1.9999976747758506e+00 +1.7824594667546249e-03 +1.0001466635540139e+00 +1.0000024661567406e+00 +1.0000226830890826e+00 +1.0000317646808681e+00 +9.9998974735137702e-01 -1.3443399509812114e-04 -7.4467018641697348e-05 +6.5436968838836280e-05 +3.4682846300397360e-05 -8.4543639518099508e-05
133.50000000 +5.0000000000000000e+00 +2.0000062826432123e+00 +1.7702328433876295e-03 +1.0001790015568439e+00 +9.9999944166517218e-01 +1.0000273791850680e+00 +1.0000323849951740e+00 +9.9999226203259051e-01 -1.5569343451450691e-04 -8.0287013747457449e-05 +7.2883264606865865e-05 +3.8473655348004361e-05 -1.0584591305752238e-04
134.00000000 +5.0000000000000000e+00 +2.0000034203513235e+00 +1.7888463228698088e-03 +1.0001326142936269e+00 +1.0000017597079915e+00 +1.0000237657982802e+00 +1.0000268264398651e+00 +9.9999303244895266e-01 -1.1884940127914380e-04 -7.1501634707545452e-05 +7.5918943395698543e-05 +2.6737663447917184e-05 -9.0304264874259253e-05
134.50000000 +5.0000000000000000e+00 +2.0000005589378427e+00 +1.8074540900682853e-03 +1.0000862412661795e+00 +1.0000040770394281e+00 +1.0000201535204034e+00 +1.0000212695904191e+00 +9.9999380262888227e-01 -8.2016675095253512e-05 -6.2718951809295732e-05 +7.8953690566211935e-05 +1.5005273201960833e-05 -7.4767386261549341e-05
135.00000000 +5.0000000000000000e+00 +1.9999976984023646e+00 +1.8260561476122158e-03 +1.0000398824679493e+00 +1.0000063936598083e+00 +1.0000165423509271e+00 +1.0000157144460506e+00 +9.9999457257248736e-01 -4.5195250758609410e-05 -5.3938963811771852e-05 +8.1987506547196142e-05 +3.2764829524242613e-06 -5.9235275024131871e-05
135.50000000 +5.0000000000000000e+00 +1.9999948387444857e+00 +1.8446524981291460e-03 +9.9999353789238876e-01 +1.0000087095694599e+00 +1.0000129322893412e+00 +1.0000101610059755e+00 +9.9999534227987774e-01 -8.3851230681782223e-06 -4.5161669474798830e-05 +8.5020391767178305e-05 -8.4487089573864184e-06 -4.3707928968093185e-05
136.00000000 +5.0000000000000000e+00 +1.9999919799638028e+00 +1.8632431442450075e-03 +9.9994720753295341e-01 +1.0000110247687100e+00 +1.0000093233351359e+00 +1.0000046092694095e+00 +9.9999611175116143e-01 +2.8413713173882594e-05 -3.6387067558962482e-05 +8.8052346654422659e-05 -2.0170304183148737e-05 -2.8185345900865492e-05
136.50000000 +5.0000000000000000e+00 +1.9999891220599115e+00 +1.8818280885841208e-03 +9.9990089138310267e-01 +1.0000133392578852e+00 +1.0000057154878017e+00 +9.9999905923556831e-01 +9.9999688098644723e-01 +6.5201263162227092e-05 -2.7615156825608925e-05 +9.1083371636930616e-05 -3.1888304379524600e-05 -1.2667523631225983e-05
137.00000000 +5.0000000000000000e+00 +1.9999862650324098e+00 +1.9004073337691998e-03 +9.9985458943630123e-01 +1.0000156530373123e+00 +1.0000021087468300e+00 +9.9999351090366961e-01 +9.9999764998584373e-01 +1.0197753208832360e-04 -1.8845936036843918e-05 +9.4113467142441264e-05 -4.3602711200161114e-05 +2.8455400307043154e-06
137.50000000 +5.0000000000000000e+00 +1.9999834088808928e+00 +1.9189808824213465e-03 +9.9980830168601620e-01 +1.0000179661073176e+00 +9.9999850311171112e-01 +9.9998796427292969e-01 +9.9999841874945927e-01 +1.3874252514045667e-04 -1.0079403955532344e-05 +9.7142633598431235e-05 -5.5313526297691338e-05 +1.8353847273461438e-05
138.00000000 +5.0000000000000000e+00 +1.9999805536049591e+00 +1.9375487371600588e-03 +9.9976202812572013e-01 +1.0000202784682275e+00 +9.9999489858193724e-01 +9.9998241934256726e-01 +9.9999918727740245e-01 +1.7549624750373016e-04 -1.3155593452975728e-06 +1.0017087143211517e-04 -6.7020751323735098e-05 +3.3857400284239665e-05
138.50000000 +5.0000000000000000e+00 +1.9999838529654543e+00 +1.9178670621852771e-03 +9.9981122796853339e-01 +1.0000210701055334e+00 +9.9999372009399956e-01 +9.9998246060811002e-01 +9.9999837000752023e-01 +1.6700358373629957e-04 -1.5471692124308154e-05 +7.5832687377261977e-05 -6.1323523233007833e-05 +2.7110164738986263e-05
139.00000000 +5.0000000000000000e+00 +1.9999871530696915e+00 +1.8981809505657368e-03 +9.9986043890197973e-01 +1.0000218619212902e+00 +9.9999254134040716e-01 +9.9998250188295512e-01 +9.9999755255340905e-01 +1.5850900555191804e-04 -2.9631015979910728e-05 +5.1489017006997530e-05 -5.5625010872665192e-05 +2.0361408231352436e-05
139.50000000 +5.0000000000000000e+00 +1.9999904539179225e+00 +1.8784904008011046e-03 +9.9990966092980893e-01 +1.0000226539155581e+00 +9.9999136232107011e-01 +9.9998254316710533e-01 +9.9999673491500662e-01 +1.5001251230319058e-04 -4.3793531991226041e-05 +2.7139858466024252e-05 -4.9925213808407970e-05 +1.3611130246997031e-05
140.00000000 +5.0000000000000000e+00 +1.9999937555103990e+00 +1.8587954113903726e-03 +9.9995889405577354e-01 +1.0000234460883981e+00 +9.9999018303589859e-01 +9.9998258446056398e-01 +9.9999591709225033e-01 +1.4151410334243024e-04 -5.7959241237861459e-05 +2.7852098982078794e-06 -4.4224131605741125e-05 +6.8593302713469336e-06
140.50000000 +5.0000000000000000e+00 +1.9999970578473718e+00 +1.8390959808318537e-03 +1.0000081382836266e+00 +1.0000242384398701e+00 +9.9998900348480235e-01 +9.9998262576333385e-01 +9.9999509908507811e-01 +1.3301377802165792e-04 -7.2128144799911236e-05 -2.1574930553422923e-05 -3.8521763829973656e-05 +1.0600778959696777e-07
141.00000000 +5.0000000000000000e+00 +2.0000003609290942e+00 +1.8193921076231862e-03 +1.0000573936171249e+00 +1.0000250309700343e+00 +9.9998782366769201e-01 +9.9998266707541894e-01 +9.9999428089342757e-01 +1.2451153569260242e-04 -8.6300243757956782e-05 -4.5940564746677046e-05 -3.2818110046218553e-05 -6.6488377132902220e-06
141.50000000 +5.0000000000000000e+00 +2.0000036647558170e+00 +1.7996837902613282e-03 +1.0001066600600250e+00 +1.0000258236789519e+00 +9.9998664358447686e-01 +9.9998270839682135e-01 +9.9999346251723631e-01 +1.1600737570669988e-04 -1.0047553919306699e-04 -7.0311694540201473e-05 -2.7113169819392553e-05 -1.3405206752584352e-05
142.00000000 +5.0000000000000000e+00 +2.0000069693277926e+00 +1.7799710272425608e-03 +1.0001559376160860e+00 +1.0000266165666825e+00 +9.9998546323506732e-01 +9.9998274972754486e-01 +9.9999264395644127e-01 +1.0750129741509406e-04 -1.1465403218679842e-04 -9.4688321793481658e-05 -2.1406942714216157e-05 -2.0163099843787575e-05
142.50000000 +5.0000000000000000e+00 +2.0000102746452733e+00 +1.7602538170624871e-03 +1.0002052262890686e+00 +1.0000274096332871e+00 +9.9998428261937344e-01 +9.9998279106759258e-01 +9.9999182521098084e-01 +9.8993300168635830e-05 -1.2883572382119571e-04 -1.1907044836684212e-04 -1.5699428295213439e-05 -2.6922517502634655e-05
143.00000000 +5.0000000000000000e+00 +2.0000039764800994e+00 +1.7718806857484834e-03 +1.0001765194378214e+00 +1.0000222778449992e+00 +9.9998701105365873e-01 +9.9998513033757841e-01 +9.9999147416339740e-01 +8.4188634365688804e-05 -1.1858232377692973e-04 -9.7634787749050595e-05 -2.3514844932982940e-05 -6.8695137087964738e-06
143.50000000 +5.0000000000000000e+00 +1.9999976787327500e+00 +1.7835067831000488e-03 +1.0001478144910061e+00 +1.0000171463971579e+00 +9.9998973930693802e-01 +9.9998746945237538e-01 +9.9999112313910266e-01 +6.9384950714409513e-05 -1.0832960395024432e-04 -7.6200549187663765e-05 -3.1329743090660623e-05 +1.3182159755037554e-05
144.00000000 +5.0000000000000000e+00 +1.9999913814031833e+00 +1.7951321091939372e-03 +1.0001191114484336e+00 +1.0000120152897285e+00 +9.9999246737922898e-01 +9.9998980841199936e-01 +9.9999077213809406e-01 +5.4582249117066284e-05 -9.8077564273452565e-05 -5.4767732541176053e-05 -3.9144122819839256e-05 +3.3232503021245544e-05
144.50000000 +5.0000000000000000e+00 +1.9999850844913583e+00 +1.8067566641068922e-03 +1.0000904103099142e+00 +1.0000068845226782e+00 +9.9999519527054959e-01 +9.9999214721646523e-01 +9.9999042116036985e-01 +3.9780529475940375e-05 -8.7826204678876531e-05 -3.3336337668100614e-05 -4.6957984172104799e-05 +5.3281516222188050e-05
145.00000000 +5.0000000000000000e+00 +1.9999787879972328e+00 +1.8183804479156465e-03 +1.0000617110752588e+00 +1.0000017540959723e+00 +9.9999792298091816e-01 +9.9999448586578843e-01 +9.9999007020592712e-01 +2.4979791693326039e-05 -7.7575525098847245e-05 -1.1906364426969407e-05 -5.4771327199036306e-05 +7.3329199490208073e-05
145.50000000 +5.0000000000000000e+00 +1.9999724919207664e+00 +1.8300034606969244e-03 +1.0000330137442772e+00 +9.9999662400957767e-01 +1.0000006505103527e+00 +9.9999682435998483e-01 +9.9998971927476410e-01 +1.0180035671530534e-05 -6.7325525465704799e-05 +9.5221873236668503e-06 -6.2584151952206049e-05 +9.3375552957631025e-05
146.00000000 +5.0000000000000000e+00 +1.9999661962619166e+00 +1.8416257025274385e-03 +1.0000043183167810e+00 +9.9999149426345990e-01 +1.0000033778588711e+00 +9.9999916269906974e-01 +9.9998936836687857e-01 -4.6187386871260230e-06 -5.7076205711798162e-05 +3.0949317725238715e-05 -7.0396458483179422e-05 +1.1342057675676481e-04
146.50000000 +5.0000000000000000e+00 +1.9999599010206421e+00 +1.8532471734838915e-03 +9.9997562479258029e-01 +9.9998636485758519e-01 +1.0000061050264912e+00 +1.0000015008830585e+00 +9.9998901748226754e-01 -1.9416531480310461e-05 -4.6827565769485322e-05 +5.2375026919157915e-05 -7.8208246843514969e-05 +1.3346427101989974e-04
147.00000000 +5.0000000000000000e+00 +1.9999536061969008e+00 +1.8648678736429753e-03 +9.9994693317148542e-01 +9.9998123579191966e-01 +1.0000088320132312e+00 +1.0000038389119663e+00 +9.9998866662092889e-01 -3.4213342805676721e-05 -3.6579605571133220e-05 +7.3799315046817467e-05 -8.6019517084764429e-05 +1.5350663587930860e-04
147.50000000 +5.0000000000000000e+00 +1.9999499041983668e+00 +1.8606043079600308e-03 +9.9995624059941246e-01 +9.9997634607467467e-01 +1.0000125550202543e+00 +1.0000072819533996e+00 +9.9998961301845690e-01 -1.7632783289179764e-05 -7.8521748016525947e-05 +9.6449724018692192e-05 -1.1105499501834738e-04 +1.6872313062821584e-04
148.00000000 +5.0000000000000000e+00 +1.9999462013804850e+00 +1.8563397986404494e-03 +9.9996555008731203e-01 +9.9997145527520936e-01 +1.0000162788512741e+00 +1.0000107257568660e+00 +9.9999055962544681e-01 -1.0485540688317421e-06 -1.2047317333572640e-04 +1.1910514610806445e-04 -1.3609601394647241e-04 +1.8394299317839197e-04
148.50000000 +5.0000000000000000e+00 +1.9999424977429840e+00 +1.8520743453709213e-03 +9.9997486163586891e-01 +9.9996656339316492e-01 +1.0000200035065649e+00 +1.0000141703226193e+00 +9.9999150644196855e-01 +1.5539346073801796e-05 -1.6243388461088340e-04 +1.4176558297941612e-04 -1.6114257570888982e-04 +1.9916622464803230e-04
149.00000000 +5.0000000000000000e+00 +1.9999387932855912e+00 +1.8478079478379957e-03 +9.9998417524576677e-01 +9.9996167042818151e-01 +1.0000237289863998e+00 +1.0000176156509117e+00 +9.9999245346809118e-01 +3.2130918357694787e-05 -2.0440388492551042e-04 +1.6443103629796587e-04 -1.8619468214616449e-04 +2.1439282615582698e-04
149.50000000 +5.0000000000000000e+00 +1.9999350880080347e+00 +1.8435406057280845e-03 +9.9999349091769030e-01 +9.9995677637989944e-01 +1.0000274552910533e+00 +1.0000210617419978e+00 +9.9999340070388498e-01 +4.8726164002360927e-05 -2.4638317736448625e-04 +1.8710150772966973e-04 -2.1125233509967624e-04 +2.2962279882096165e-04
150.00000000 +5.0000000000000000e+00 +1.9999313819100422e+00 +1.8392723187274592e-03 +1.0000028086523245e+00 +9.9995188124795908e-01 +1.0000311824207988e+00 +1.0000245085961297e+00 +9.9999434814941901e-01 +6.5325084227853928e-05 -2.8837176501405584e-04 +2.0977699894122158e-04 -2.3631553641162030e-04 +2.4485614376311757e-04
150.50000000 +5.0000000000000000e+00 +1.9999276749913402e+00 +1.8350030865222542e-03 +1.0000121284503549e+00 +9.9994698503200063e-01 +1.0000349103759107e+00 +1.0000279562135614e+00 +9.9999529580476343e-01 +8.1927680254767924e-05 -3.3036965096183105e-04 +2.3245751160005343e-04 -2.6138428792500798e-04 +2.6009286210247189e-04
151.00000000 +5.0000000000000000e+00 +1.9999239672516573e+00 +1.8307329087984636e-03 +1.0000214503124663e+00 +9.9994208773166393e-01 +1.0000386391566629e+00 +1.0000314045945466e+00 +9.9999624366998763e-01 +9.8533953304237674e-05 -3.7237683829679136e-04 +2.5514304737433589e-04 -2.8645859148366675e-04 +2.7533295495969789e-04
151.50000000 +5.0000000000000000e+00 +1.9999202586907201e+00 +1.8264617852419426e-03 +1.0000307742393446e+00 +9.9993718934658826e-01 +1.0000423687633302e+00 +1.0000348537393386e+00 +9.9999719174516133e-01 +1.1514390459793887e-04 -4.1439333010928451e-04 +2.7783360793297843e-04 -3.1153844893224092e-04 +2.9057642345596535e-04
152.00000000 +5.0000000000000000e+00 +1.9999217773110838e+00 +1.8241792210955240e-03 +1.0000349484169895e+00 +9.9994020257645078e-01 +1.0000414106148456e+00 +1.0000358301823435e+00 +9.9999422966028995e-01 +1.0822762045089314e-04 -3.9018835160580683e-04 +2.6407889694455498e-04 -2.8994507090059784e-04 +2.6120544508093129e-04
152.50000000 +5.0000000000000000e+00 +1.9999232957877311e+00 +1.8218968729635295e-03 +1.0000391221996041e+00 +9.9994321552115162e-01 +1.0000404525570374e+00 +1.0000368065329412e+00 +9.9999126785574066e-01 +1.0131199083841395e-04 -3.6598566378252329e-04 +2.5032548765710320e-04 -2.6835373639580087e-04 +2.3183724627946436e-04
153.00000000 +5.0000000000000000e+00 +1.9999248141206805e+00 +1.8196147408152954e-03 +1.0000432955872438e+00 +9.9994622818073009e-01 +1.0000394945898921e+00 +1.0000377827911444e+00 +9.9998830633147351e-01 +9.4397015667591069e-05 -3.4178526631427521e-04 +2.3657337988584857e-04 -2.4676444512777444e-04 +2.0247182665700857e-04
153.50000000 +5.0000000000000000e+00 +1.9999263323099536e+00 +1.8173328246201650e-03 +1.0000474685799652e+00 +9.9994924055522738e-01 +1.0000385367133973e+00 +1.0000387589569666e+00 +9.9998534508744885e-01 +8.7482694845532010e-05 -3.1758715887596591e-04 +2.2282257344605184e-04 -2.2517719680649825e-04 +1.7310918581908265e-04
154.00000000 +5.0000000000000000e+00 +1.9999278503555713e+00 +1.8150511243474874e-03 +1.0000516411778244e+00 +9.9995225264468413e-01 +1.0000375789275397e+00 +1.0000397350304211e+00 +9.9998238412362728e-01 +8.0569028279361851e-05 -2.9339134114256022e-04 +2.0907306815300851e-04 -2.0359199114200672e-04 +1.4374932337127996e-04
154.50000000 +5.0000000000000000e+00 +1.9999293682575532e+00 +1.8127696399666163e-03 +1.0000558133808775e+00 +9.9995526444914040e-01 +1.0000366212323071e+00 +1.0000407110115201e+00 +9.9997942343996848e-01 +7.3656015876223134e-05 -2.6919781278908429e-04 +1.9532486382204918e-04 -1.8200882784438920e-04 +1.1439223891926844e-04
155.00000000 +5.0000000000000000e+00 +1.9999308860159191e+00 +1.8104883714469121e-03 +1.0000599851891796e+00 +9.9995827596863629e-01 +1.0000356636276857e+00 +1.0000416869002775e+00 +9.9997646303643239e-01 +6.6743657543276034e-05 -2.4500657349062557e-04 +1.8157796026853918e-04 -1.6042770662378969e-04 +8.5037932068790604e-05
155.50000000 +5.0000000000000000e+00 +1.9999324036306905e+00 +1.8082073187577418e-03 +1.0000641566027879e+00 +9.9996128720321342e-01 +1.0000347061136636e+00 +1.0000426626967063e+00 +9.9997350291298015e-01 +5.9831953187698392e-05 -2.2081762292233364e-04 +1.6783235730787909e-04 -1.3884862719040739e-04 +5.5686402425663771e-05
156.00000000 +5.0000000000000000e+00 +1.9999339211018874e+00 +1.8059264818684766e-03 +1.0000683276217581e+00 +9.9996429815291099e-01 +1.0000337486902271e+00 +1.0000436384008191e+00 +9.9997054306957134e-01 +5.2920902716685428e-05 -1.9663096075941890e-04 +1.5408805475550415e-04 -1.1727158925449608e-04 +2.6337649595779615e-05
156.50000000 +5.0000000000000000e+00 +1.9999354384295296e+00 +1.8036458607484942e-03 +1.0000724982461457e+00 +9.9996730881776996e-01 +1.0000327913573639e+00 +1.0000446140126296e+00 +9.9996758350616666e-01 +4.6010506037450057e-05 -1.7244658667715345e-04 +1.4034505242688464e-04 -9.5696592526364413e-05 -3.0083268148954762e-06
157.00000000 +5.0000000000000000e+00 +1.9999369556136382e+00 +1.8013654553671781e-03 +1.0000766684760070e+00 +9.9997031919783086e-01 +1.0000318341150611e+00 +1.0000455895321507e+00 +9.9996462422272592e-01 +3.9100763057222682e-05 -1.4826450035087090e-04 +1.2660335013752567e-04 -7.4123636716375921e-05 -3.2351527200320599e-05
157.50000000 +5.0000000000000000e+00 +1.9999384726542335e+00 +1.7990852656939176e-03 +1.0000808383113984e+00 +9.9997332929313387e-01 +1.0000308769633057e+00 +1.0000465649593955e+00 +9.9996166521920993e-01 +3.2191673683251326e-05 -1.2408470145596617e-04 +1.1286294770296746e-04 -5.2552721534948896e-05 -6.1691951954380276e-05
158.00000000 +5.0000000000000000e+00 +1.9999399895513359e+00 +1.7968052916981080e-03 +1.0000850077523749e+00 +9.9997633910371964e-01 +1.0000299199020848e+00 +1.0000475402943771e+00 +9.9995870649557850e-01 +2.5283237822801459e-05 -9.9907189667895651e-05 +9.9123844938784838e-05 -3.0983846692556281e-05 -9.1029601470884734e-05
158.50000000 +5.0000000000000000e+00 +1.9999415063049659e+00 +1.7945255333491502e-03 +1.0000891767989937e+00 +9.9997934862962834e-01 +1.0000289629313861e+00 +1.0000485155371088e+00 +9.9995574805179233e-01 +1.8375455383156174e-05 -7.5731964662177081e-05 +8.5386041660587739e-05 -9.4170118997259960e-06 -1.2036447614356947e-04
159.00000000 +5.0000000000000000e+00 +1.9999430229151429e+00 +1.7922459906164505e-03 +1.0000933454513095e+00 +9.9998235787090051e-01 +1.0000280060511959e+00 +1.0000494906876032e+00 +9.9995278988781144e-01 +1.1468326271616057e-05 -5.1559026114389540e-05 +7.1649537684020820e-05 +1.2147783132959428e-05 -1.4969657636609553e-04
159.50000000 +5.0000000000000000e+00 +1.9999445393818875e+00 +1.7899666634694209e-03 +1.0000975137093788e+00 +9.9998536682757588e-01 +1.0000270492615015e+00 +1.0000504657458733e+00 +9.9994983200359588e-01 +4.5618503954992718e-06 -2.7388373700173612e-05 +5.7914332824763756e-05 +3.3710538694862583e-05 -1.7902590253204945e-04
160.00000000 +5.0000000000000000e+00 +1.9999460557052211e+00 +1.7876875518774810e-03 +1.0001016815732582e+00 +9.9998837549969621e-01 +1.0000260925622908e+00 +1.0000514407119330e+00 +9.9994687439910657e-01 -2.3439723378585418e-06 -3.2200070952310673e-06 +4.4180426898530984e-05 +5.5271255075291557e-05 -2.0835245503494373e-04
160.50000000 +5.0000000000000000e+00 +1.9999475718851634e+00 +1.7854086558100537e-03 +1.0001058490430024e+00 +9.9999138388730047e-01 +1.0000251359535504e+00 +1.0000524155857948e+00 +9.9994391707430375e-01 -9.2491420211041791e-06 +2.0946074024674888e-05 +3.0447819721071818e-05 +7.6829932563499478e-05 -2.3767623426821589e-04
161.00000000 +5.0000000000000000e+00 +1.9999483811113710e+00 +1.7876545551793657e-03 +1.0001034242834594e+00 +9.9998930628684424e-01 +1.0000269237235113e+00 +1.0000533365621309e+00 +9.9994912781603373e-01 +5.0889841647055145e-06 +1.3427664089384314e-05 +1.0382997602507299e-05 +6.5246254746716511e-05 -2.1626457798898797e-04
161.50000000 +5.0000000000000000e+00 +1.9999491902517750e+00 +1.7899002164122519e-03 +1.0001009997810180e+00 +9.9998722890667913e-01 +1.0000287113039124e+00 +1.0000542574408140e+00 +9.9995433800526023e-01 +1.9425590055276057e-05 +5.9100513435369390e-06 -9.6796970097746009e-06 +5.3663805166455404e-05 -1.9485519202309680e-04
162.00000000 +5.0000000000000000e+00 +1.9999499993063887e+00 +1.7921456395465858e-03 +1.0000985755356364e+00 +9.9998515174677050e-01 +1.0000304986947832e+00 +1.0000551782218603e+00 +9.9995954764207085e-01 +3.3760675892393752e-05 -1.6067643396514824e-06 -2.9740264454130459e-05 +4.2082583627378631e-05 -1.7344807600947387e-04
162.50000000 +5.0000000000000000e+00 +1.9999508082752264e+00 +1.7943908246202322e-03 +1.0000961515472748e+00 +9.9998307480708337e-01 +1.0000322858961543e+00 +1.0000560989052847e+00 +9.9996475672655361e-01 +4.8094241917793649e-05 -9.1227830869383236e-06 -4.9798705068845105e-05 +3.0502589934190003e-05 -1.5204322958712734e-04
163.00000000 +5.0000000000000000e+00 +1.9999516171583009e+00 +1.7966357716710474e-03 +1.0000937278158915e+00 +9.9998099808758234e-01 +1.0000340729080555e+00 +1.0000570194911034e+00 +9.9996996525879656e-01 +6.2426288373159541e-05 -1.6638005025054082e-05 -6.9855019192131677e-05 +1.8923823891634798e-05 -1.3064065239514182e-04
163.50000000 +5.0000000000000000e+00 +1.9999524259556272e+00 +1.7988804807368812e-03 +1.0000913043414461e+00 +9.9997892158823265e-01 +1.0000358597305172e+00 +1.0000579399793312e+00 +9.9997517323888707e-01 +7.6756815500123940e-05 -2.4152430280702356e-05 -8.9909207162131493e-05 +7.3462853044996786e-06 -1.0924034407267837e-04
164.00000000 +5.0000000000000000e+00 +1.9999532346672177e+00 +1.8011249518555743e-03 +1.0000888811238975e+00 +9.9997684530899955e-01 +1.0000376463635692e+00 +1.0000588603699843e+00 +9.9998038066691319e-01 +9.1085823540268220e-05 -3.1666058980559943e-05 -1.0996126931691435e-04 -4.2300260223873413e-06 -8.7842304258974722e-05
164.50000000 +5.0000000000000000e+00 +1.9999540432930871e+00 +1.8033691850649596e-03 +1.0000864581632052e+00 +9.9997476924984763e-01 +1.0000394328072422e+00 +1.0000597806630780e+00 +9.9998558754296307e-01 +1.0541331273512247e-04 -3.9178891251276722e-05 -1.3001120599447826e-04 -1.5805110284156816e-05 -6.6446532593345030e-05
165.00000000 +5.0000000000000000e+00 +1.9999548518332466e+00 +1.8056131804028608e-03 +1.0000840354593274e+00 +9.9997269341074169e-01 +1.0000412190615651e+00 +1.0000607008586271e+00 +9.9999079386712353e-01 +1.1973928332616551e-04 -4.6690927219475748e-05 -1.5005901753274958e-04 -2.7378967675897973e-05 -4.5053028715179760e-05
165.50000000 +5.0000000000000000e+00 +1.9999556602877133e+00 +1.8078569379070964e-03 +1.0000816130122248e+00 +9.9997061779164731e-01 +1.0000430051265692e+00 +1.0000616209566480e+00 +9.9999599963948316e-01 +1.3406373555482516e-04 -5.4202167011753264e-05 -1.7010470426958313e-04 -3.8951598392658680e-05 -2.3661792263946033e-05
166.00000000 +5.0000000000000000e+00 +1.9999564686564981e+00 +1.8101004576154744e-03 +1.0000791908218558e+00 +9.9996854239252975e-01 +1.0000447910022843e+00 +1.0000625409571562e+00 +1.0000012048601292e+00 +1.4838666966247792e-04 -6.1712610754678638e-05 -1.9014826654276199e-04 -5.0523002629445446e-05 -2.2728228791873003e-06
166.50000000 +5.0000000000000000e+00 +1.9999572769396163e+00 +1.8123437395657957e-03 +1.0000767688881791e+00 +9.9996646721335314e-01 +1.0000465766887403e+00 +1.0000634608601666e+00 +1.0000064095291501e+00 +1.6270808589044917e-04 -6.9222258574794411e-05 -2.1018970468999776e-04 -6.2093180581223453e-05 +1.9113879799476607e-05
167.00000000 +5.0000000000000000e+00 +1.9999580851370804e+00 +1.8145867837958526e-03 +1.0000743472111544e+00 +9.9996439225408273e-01 +1.0000483621859670e+00 +1.0000643806656950e+00 +1.0000116136466322e+00 +1.7702798448001317e-04 -7.6731110598616319e-05 -2.3022901904893041e-04 -7.3662132442916579e-05 +4.0498316132349483e-05
167.50000000 +5.0000000000000000e+00 +1.9999588932489052e+00 +1.8168295903434311e-03 +1.0000719257907413e+00 +9.9996231751468467e-01 +1.0000501474939956e+00 +1.0000653003737572e+00 +1.0000168172126647e+00 +1.9134636567239303e-04 -8.4239166952633363e-05 -2.5026620995712842e-04 -8.5229858409407433e-05 +6.1880486479658786e-05
168.00000000 +5.0000000000000000e+00 +1.9999597012751029e+00 +1.8190721592463062e-03 +1.0000695046268981e+00 +9.9996024299512232e-01 +1.0000519326128547e+00 +1.0000662199843682e+00 +1.0000220202273338e+00 +2.0566322970876067e-04 -9.1746427763307562e-05 -2.7030127775208855e-04 -9.6796358675537160e-05 +8.3260391201555483e-05
168.50000000 +5.0000000000000000e+00 +1.9999605092156880e+00 +1.8213144905422482e-03 +1.0000670837195846e+00 +9.9995816869536169e-01 +1.0000537175425757e+00 +1.0000671394975436e+00 +1.0000272226907283e+00 +2.1997857683023696e-04 -9.9252893157074292e-05 -2.9033422277123614e-04 -1.0836163343610582e-04 +1.0463803065811440e-04
169.00000000 +5.0000000000000000e+00 +1.9999613170706740e+00 +1.8235565842690173e-03 +1.0000646630687604e+00 +9.9995609461536827e-01 +1.0000555022831876e+00 +1.0000680589132991e+00 +1.0000324246029351e+00 +2.3429240727789179e-04 -1.0675856326034206e-04 -3.1036504535192529e-04 -1.1992568288587208e-04 +1.2601340520933404e-04
169.50000000 +5.0000000000000000e+00 +1.9999621248400741e+00 +1.8257984404643657e-03 +1.0000622426743837e+00 +9.9995402075510587e-01 +1.0000572868347208e+00 +1.0000689782316499e+00 +1.0000376259640420e+00 +2.4860472129274377e-04 -1.1426343819949264e-04 -3.3039374583143817e-04 -1.3148850721955336e-04 +1.4738651521513651e-04
170.00000000 +5.0000000000000000e+00 +1.9999569269603739e+00 +1.8309782281193741e-03 +1.0000481299408752e+00 +9.9995395622172234e-01 +1.0000531930098941e+00 +1.0000673516939336e+00 +1.0000427527134186e+00 +2.5127194087828518e-04 -1.1090523952715143e-04 -3.1839782317472998e-04 -1.1526172506854707e-04 +1.2790927196749326e-04
170.50000000 +5.0000000000000000e+00 +1.9999517292793556e+00 +1.8361578177838195e-03 +1.0000340177468072e+00 +9.9995389169080529e-01 +1.0000490993415487e+00 +1.0000657252183895e+00 +1.0000478792668319e+00 +2.5393905851287001e-04 -1.0754716921753258e-04 -3.0640235904636967e-04 -9.9035563164921899e-05 +1.0843277321182647e-04
171.00000000 +5.0000000000000000e+00 +1.9999465317970082e+00 +1.8413372094690540e-03 +1.0000199060921489e+00 +9.9995382716235504e-01 +1.0000450058296753e+00 +1.0000640988050142e+00 +1.0000530056242931e+00 +2.5660607420234348e-04 -1.0418922726327642e-04 -2.9440735342006779e-04 -8.2810021473116256e-05 +8.8957018905451093e-05
171.50000000 +5.0000000000000000e+00 +1.9999413345133197e+00 +1.8465164031864281e-03 +1.0000057949768693e+00 +9.9995376263637092e-01 +1.0000409124742644e+00 +1.0000624724538036e+00 +1.0000581317858135e+00 +2.5927298795255045e-04 -1.0083141365702397e-04 -2.8241280626953682e-04 -6.6585099957571354e-05 +6.9482009005685381e-05
172.00000000 +5.0000000000000000e+00 +1.9999361374282796e+00 +1.8516953989472921e-03 +9.9999168440093744e-01 +9.9995369811285284e-01 +1.0000368192753082e+00 +1.0000608461647549e+00 +1.0000632577514044e+00 +2.6193979976933549e-04 -9.7473728391416728e-05 -2.7041871756849147e-04 -5.0360798582731090e-05 +5.0007743469850846e-05
172.50000000 +5.0000000000000000e+00 +1.9999309405418755e+00 +1.8568741967629951e-03 +9.9997757436432277e-01 +9.9995363359180145e-01 +1.0000327262327968e+00 +1.0000592199378642e+00 +1.0000683835210771e+00 +2.6460650965854244e-04 -9.4116171459096803e-05 -2.5842508729064819e-04 -3.4137117313042129e-05 +3.0534222255272281e-05
173.00000000 +5.0000000000000000e+00 +1.9999257438540972e+00 +1.8620527966448854e-03 +9.9996346486699428e-01 +9.9995356907321598e-01 +1.0000286333467223e+00 +1.0000575937731282e+00 +1.0000735090948425e+00 +2.6727311762601489e-04 -9.0758742852706825e-05 -2.4643191540972564e-04 -1.7914056112953769e-05 +1.1061445319277645e-05
173.50000000 +5.0000000000000000e+00 +1.9999205473649329e+00 +1.8672311986043099e-03 +9.9994935590892098e-01 +9.9995350455709620e-01 +1.0000245406170749e+00 +1.0000559676705429e+00 +1.0000786344727124e+00 +2.6993962367759575e-04 -8.7401442564890008e-05 -2.3443920189944445e-04 -1.6916149469181018e-06 -8.4105873808017116e-06
174.00000000 +5.0000000000000000e+00 +1.9999153510743701e+00 +1.8724094026526153e-03 +9.9993524749007168e-01 +9.9995344004344211e-01 +1.0000204480438453e+00 +1.0000543416301046e+00 +1.0000837596546976e+00 +2.7260602781912780e-04 -8.4044270588290080e-05 -2.2244694673352703e-04 +1.4530206220610122e-05 -2.7881875887631270e-05
174.50000000 +5.0000000000000000e+00 +1.9999101549823994e+00 +1.8775874088011479e-03 +9.9992113961041584e-01 +9.9995337553225394e-01 +1.0000163556270254e+00 +1.0000527156518106e+00 +1.0000888846408096e+00 +2.7527233005645321e-04 -8.0687226915551462e-05 -2.1045514988569816e-04 +3.0751407425173410e-05 -4.7352420243873226e-05
175.00000000 +5.0000000000000000e+00 +1.9999049590890077e+00 +1.8827652170612507e-03 +9.9990703226992228e-01 +9.9995331102353091e-01 +1.0000122633666058e+00 +1.0000510897356565e+00 +1.0000940094310591e+00 +2.7793853039541350e-04 -7.7330311539318953e-05 -1.9846381132968430e-04 +4.6971988702311524e-05 -6.6822220492186471e-05
175.50000000 +5.0000000000000000e+00 +1.9998997633941840e+00 +1.8879428274442688e-03 +9.9989292546855990e-01 +9.9995324651727291e-01 +1.0000081712625775e+00 +1.0000494638816388e+00 +1.0000991340254577e+00 +2.8060462884185012e-04 -7.3973524452238085e-05 -1.8647293103921420e-04 +6.3191950087561520e-05 -8.6291276675226638e-05
176.00000000 +5.0000000000000000e+00 +1.9998945678979168e+00 +1.8931202399615449e-03 +9.9987881920629829e-01 +9.9995318201348016e-01 +1.0000040793149312e+00 +1.0000478380897544e+00 +1.0001042584240163e+00 +2.8327062540160389e-04 -7.0616865646954836e-05 -1.7448250898801837e-04 +7.9411291616457804e-05 -1.0575958883564625e-04
176.50000000 +5.0000000000000000e+00 +1.9998893726001963e+00 +1.8982974546244218e-03 +9.9986471348310657e-01 +9.9995311751215299e-01 +9.9999998752365904e-01 +1.0000462123599996e+00 +1.0001093826267469e+00 +2.8593652008051520e-04 -6.7260335116115823e-05 -1.6249254514982958e-04 +9.5630013324532020e-05 -1.2522715701609435e-04
177.00000000 +5.0000000000000000e+00 +1.9998841775010088e+00 +1.9034744714442396e-03 +9.9985060829895345e-01 +9.9995305301328996e-01 +9.9999589588875104e-01 +1.0000445866923706e+00 +1.0001145066336601e+00 +2.8860231288442399e-04 -6.3903932852368148e-05 -1.5050303949838234e-04 +1.1184811524731305e-04 -1.4469398125921689e-04
177.50000000 +5.0000000000000000e+00 +1.9998789826003440e+00 +1.9086512904323396e-03 +9.9983650365380794e-01 +9.9995298851689196e-01 +9.9999180441019830e-01 +1.0000429610868637e+00 +1.0001196304447673e+00 +2.9126800381916972e-04 -6.0547658848359545e-05 -1.3851399200741344e-04 +1.2806559742032706e-04 -1.6416006160765642e-04
178.00000000 +5.0000000000000000e+00 +1.9998737878981914e+00 +1.9138279116000612e-03 +9.9982239954763985e-01 +9.9995292402295866e-01 +9.9998771308799239e-01 +1.0000413355434763e+00 +1.0001247540600795e+00 +2.9393359289059146e-04 -5.7191513096738290e-05 -1.2652540265066140e-04 +1.4428245987909769e-04 -1.8362539810405241e-04
178.50000000 +5.0000000000000000e+00 +1.9998685933945384e+00 +1.9190043349587428e-03 +9.9980829598041776e-01 +9.9995285953148982e-01 +9.9998362192212431e-01 +1.0000397100622038e+00 +1.0001298774796086e+00 +2.9659908010452781e-04 -5.3835495590153194e-05 -1.1453727140186695e-04 +1.6049870265914565e-04 -2.0308999079104092e-04
179.00000000 +5.0000000000000000e+00 +1.9998582558933851e+00 +1.9405867068256943e-03 +9.9975126531900071e-01 +9.9995792344752565e-01 +9.9997769620375809e-01 +1.0000330637142714e+00 +1.0001201256568544e+00 +2.6992823146715789e-04 -2.5259375984302262e-05 -1.1470472304148991e-04 +1.8716557086976947e-04 -1.5720404367673053e-04
179.50000000 +5.0000000000000000e+00 +1.9998479212009483e+00 +1.9621632147255176e-03 +9.9969425015291147e-01 +9.9996298598768696e-01 +9.9997177209541999e-01 +1.0000264191721631e+00 +1.0001103764836874e+00 +2.4326462934470548e-04 +3.3089794412698942e-06 -1.1487212918421772e-04 +2.1382519364696449e-04 -1.1133056385226114e-04
180.00000000 +5.0000000000000000e+00 +1.9998375893160836e+00 +1.9837338610477631e-03 +9.9963725047583563e-01 +9.9996804715253451e-01 +9.9996584959645318e-01 +1.0000197764351431e+00 +1.0001006299590274e+00 +2.1660827078423610e-04 +3.1869573850444928e-05 -1.1503948984859021e-04 +2.4047757394322450e-04 -6.5469546237247186e-05
180.50000000 +5.0000000000000000e+00 +1.9998272602376477e+00 +2.0052986481806831e-03 +9.9958026628146257e-01 +9.9997310694262853e-01 +9.9995992870620265e-01 +1.0000131355024757e+00 +1.0000908860817956e+00 +1.8995915283441948e-04 +6.0422410405385713e-05 -1.1520680505313720e-04 +2.6712271470943932e-04 -1.9620985754063027e-05
181.00000000 +5.0000000000000000e+00 +1.9998169339644960e+00 +2.0268575785112311e-03 +9.9952329756348401e-01 +9.9997816535852879e-01 +9.9995400942401258e-01 +1.0000064963734259e+00 +1.0000811448509133e+00 +1.6331727254552842e-04 +8.8967492266537473e-05 -1.1537407481637836e-04 +2.9376061889489584e-04 +2.6215122672158949e-05
181.50000000 +5.0000000000000000e+00 +1.9998066104954861e+00 +2.0484106544250659e-03 +9.9946634431559656e-01 +9.9998322240079507e-01 +9.9994809174922772e-01 +9.9999985904725874e-01 +1.0000714062653018e+00 +1.3668262696943780e-04 +1.1750482259262892e-04 -1.1554129915682333e-04 +3.2039128944727914e-04 +7.2038784113530037e-05
182.00000000 +5.0000000000000000e+00 +1.9997962898294774e+00 +2.0699578783065515e-03 +9.9940940653149990e-01 +9.9998827806998747e-01 +9.9994217568119426e-01 +9.9999322352324094e-01 +1.0000616703238854e+00 +1.1005521315962349e-04 +1.4603440454067366e-04 -1.1570847809297185e-04 +3.4701472931267398e-04 +1.1785000363940733e-04
182.50000000 +5.0000000000000000e+00 +1.9997859719653268e+00 +2.0914992525387548e-03 +9.9935248420489609e-01 +9.9999333236666443e-01 +9.9993626121925727e-01 +9.9998658980063748e-01 +1.0000519370255858e+00 +8.3435028171161005e-05 +1.7455624126597083e-04 -1.1587561164331336e-04 +3.7363094143556488e-04 +1.6364878631639539e-04
183.00000000 +5.0000000000000000e+00 +1.9997756569018945e+00 +2.1130347795034511e-03 +9.9929557732949226e-01 +9.9999838529138529e-01 +9.9993034836276307e-01 +9.9997995787871563e-01 +1.0000422063693279e+00 +5.6822069060724796e-05 +2.0307033592210699e-04 -1.1604269982632746e-04 +4.0023992875883854e-04 +2.0943513720834826e-04
183.50000000 +5.0000000000000000e+00 +1.9997653446380395e+00 +2.1345644615811217e-03 +9.9923868589899734e-01 +1.0000034368447084e+00 +9.9992443711105761e-01 +9.9997332775674175e-01 +1.0000324783540355e+00 +3.0216332886586918e-05 +2.3157669166095656e-04 -1.1620974266048358e-04 +4.2684169422378351e-04 +2.5520906137637106e-04
184.00000000 +5.0000000000000000e+00 +1.9997550351726225e+00 +2.1560883011509566e-03 +9.9918180990712435e-01 +1.0000084870271917e+00 +9.9991852746348830e-01 +9.9996669943398353e-01 +1.0000227529786334e+00 +3.6178167086160322e-06 +2.6007531163268344e-04 -1.1637674016424123e-04 +4.5343624077009244e-04 +3.0097056387882223e-04
184.50000000 +5.0000000000000000e+00 +1.9997447285045047e+00 +2.1776063005908538e-03 +9.9912494934759044e-01 +1.0000135358393933e+00 +9.9991261941940168e-01 +9.9996007290970879e-01 +1.0000130302420476e+00 -2.2973482411723614e-05 +2.8856619898574208e-04 -1.1654369235604989e-04 +4.8002357133586251e-04 +3.4671964977131509e-04
185.00000000 +5.0000000000000000e+00 +1.9997344246325481e+00 +2.1991184622774228e-03 +9.9906810421411507e-01 +1.0000185832818713e+00 +9.9990671297814560e-01 +9.9995344818318566e-01 +1.0000033101432046e+00 -4.9557567411373522e-05 +3.1704935686687873e-04 -1.1671059925434901e-04 +5.0660368885759716e-04 +3.9245632410672015e-04
185.50000000 +5.0000000000000000e+00 +1.9997241235556140e+00 +2.2206247885859808e-03 +9.9901127450042160e-01 +1.0000236293551823e+00 +9.9990080813906790e-01 +9.9994682525368206e-01 +9.9999359268103005e-01 -7.6134441225681696e-05 +3.4552478842113203e-04 -1.1687746087756795e-04 +5.3317659627020596e-04 +4.3818059193516601e-04
186.00000000 +5.0000000000000000e+00 +1.9997138252725657e+00 +2.2421252818905593e-03 +9.9895446020023659e-01 +1.0000286740598838e+00 +9.9989490490151611e-01 +9.9994020412046714e-01 +9.9998387785445186e-01 -1.0270410678840390e-04 +3.7399249679183490e-04 -1.1704427724412619e-04 +5.5974229650700689e-04 +4.8389245830404238e-04
186.50000000 +5.0000000000000000e+00 +1.9997035297822674e+00 +2.2636199445639016e-03 +9.9889766130729074e-01 +1.0000337173965324e+00 +9.9988900326483976e-01 +9.9993358478281069e-01 +9.9997416566239850e-01 -1.2926656703170469e-04 +4.0245248512061564e-04 -1.1721104837243327e-04 +5.8630079249972719e-04 +5.2959192825800144e-04
187.00000000 +5.0000000000000000e+00 +1.9996932370835829e+00 +2.2851087789774638e-03 +9.9884087781531694e-01 +1.0000387593656845e+00 +9.9988310322838736e-01 +9.9992696723998220e-01 +9.9996445610379758e-01 -1.5582182488615873e-04 +4.3090475654739853e-04 -1.1737777428088858e-04 +6.1285208717850399e-04 +5.7527900683895935e-04
187.50000000 +5.0000000000000000e+00 +1.9996829471753756e+00 +2.3065917875014150e-03 +9.9878410971805209e-01 +1.0000437999678959e+00 +9.9987720479150755e-01 +9.9992035149125147e-01 +9.9995474917757821e-01 -1.8236988328075126e-04 +4.5934931421040510e-04 -1.1754445498788157e-04 +6.3939618347188512e-04 +6.2095369908609819e-04
188.00000000 +5.0000000000000000e+00 +1.9996846934072272e+00 +2.3000732607741567e-03 +9.9880825792005334e-01 +1.0000296633510510e+00 +9.9987939074452392e-01 +9.9992472941905008e-01 +9.9995469939877024e-01 -1.6484859337773458e-04 +4.5095447481765231e-04 -9.2672965101132471e-05 +6.2697732110526534e-04 +5.8284893342067134e-04
188.50000000 +5.0000000000000000e+00 +1.9996864400597469e+00 +2.2935531637299079e-03 +9.9883241193937111e-01 +1.0000155233286865e+00 +9.9988157722413751e-01 +9.9992910840149385e-01 +9.9995464960797054e-01 -1.4732308258549065e-04 +4.4255761310306408e-04 -6.7795483657579655e-05 +6.1455546702726650e-04 +5.4473498829438324e-04
189.00000000 +5.0000000000000000e+00 +1.9996881871330869e+00 +2.2870314958011646e-03 +9.9885657177810749e-01 +1.0000013798995722e+00 +9.9988376423053926e-01 +9.9993348843896468e-01 +9.9995459980517476e-01 -1.2979334937861367e-04 +4.3415872833578451e-04 -4.2912008491907900e-05 +6.0213062015670082e-04 +5.0661186038982798e-04
189.50000000 +5.0000000000000000e+00 +1.9996899346273993e+00 +2.2805082564201482e-03 +9.9888073743836581e-01 +9.9998723306247606e-01 +9.9988595176391859e-01 +9.9993786953184305e-01 +9.9995454999037847e-01 -1.1225939223096260e-04 +4.2575781978460551e-04 -1.8022537437758428e-05 +5.8970277941185938e-04 +4.6847954638800060e-04
190.00000000 +5.0000000000000000e+00 +1.9996916825428366e+00 +2.2739834450188085e-03 +9.9890490892225037e-01 +9.9997308281616659e-01 +9.9988813982446678e-01 +9.9994225168051087e-01 +9.9995450016357756e-01 -9.4721209615660960e-05 +4.1735488671796657e-04 +6.8729316722716219e-06 +5.7727194371051216e-04 +4.3033804296829694e-04
190.50000000 +5.0000000000000000e+00 +1.9996934308795504e+00 +2.2674570610288210e-03 +9.9892908623186683e-01 +9.9995892915941098e-01 +9.9989032841237402e-01 +9.9994663488534974e-01 +9.9995445032476726e-01 -7.7178800005096239e-05 +4.0894992840395460e-04 +3.1774401006629871e-05 +5.6483811196990699e-04 +3.9218734680851171e-04
191.00000000 +5.0000000000000000e+00 +1.9996951796376929e+00 +2.2609291038815870e-03 +9.9895326936932172e-01 +9.9994477209097621e-01 +9.9989251752783126e-01 +9.9995101914674145e-01 +9.9995440047394379e-01 -5.9632161870919386e-05 +4.0054294411030370e-04 +5.6681872734809396e-05 +5.5240128310677023e-04 +3.5402745458483850e-04
191.50000000 +5.0000000000000000e+00 +1.9996969288174187e+00 +2.2543995730082344e-03 +9.9897745833672214e-01 +9.9993061160962893e-01 +9.9989470717102902e-01 +9.9995540446506892e-01 +9.9995435061110272e-01 -4.2081293684044585e-05 +3.9213393310439493e-04 +8.1595349027349198e-05 +5.3996145603730551e-04 +3.1585836297186808e-04
192.00000000 +5.0000000000000000e+00 +1.9996986784188764e+00 +2.2478684678396131e-03 +9.9900165313617617e-01 +9.9991644771413435e-01 +9.9989689734215814e-01 +9.9995979084071285e-01 +9.9995430073623914e-01 -2.4526193914648558e-05 +3.8372289465325569e-04 +1.0651483205583500e-04 +5.2751862967719411e-04 +2.7768006864258737e-04
192.50000000 +5.0000000000000000e+00 +1.9997004284422217e+00 +2.2413357878063038e-03 +9.9902585376979391e-01 +9.9990228040325779e-01 +9.9989908804140948e-01 +9.9996417827405659e-01 +9.9995425084934908e-01 -6.9668610321703615e-06 +3.7530982802356036e-04 +1.3144032399289976e-04 +5.1507280294159428e-04 +2.3949256826837940e-04
193.00000000 +5.0000000000000000e+00 +1.9997021788876066e+00 +2.2348015323386105e-03 +9.9905006023968601e-01 +9.9988810967576425e-01 +9.9990127926897521e-01 +9.9996856676548307e-01 +9.9995420095042853e-01 +1.0596706494689243e-05 +3.6689473248162954e-04 +1.5637182701222450e-04 +5.0262397474514127e-04 +2.0129585851902143e-04
193.50000000 +5.0000000000000000e+00 +1.9997039297551824e+00 +2.2282657008665602e-03 +9.9907427254796288e-01 +9.9987393553041670e-01 +9.9990347102504462e-01 +9.9997295631537431e-01 +9.9995415103947249e-01 +2.8164510197968105e-05 +3.5847760729342963e-04 +1.8130934328853841e-04 +4.9017214400194631e-04 +1.6308993606268423e-04
194.00000000 +5.0000000000000000e+00 +1.9997056810451033e+00 +2.2217282928199086e-03 +9.9909849069673806e-01 +9.9985975796597903e-01 +9.9990566330981034e-01 +9.9997734692411400e-01 +9.9995410111647709e-01 +4.5736551610443334e-05 +3.5005845172457326e-04 +2.0625287499762034e-04 +4.7771730962559692e-04 +1.2487479756593118e-04
194.50000000 +5.0000000000000000e+00 +1.9997074327575217e+00 +2.2151893076281328e-03 +9.9912271468812475e-01 +9.9984557698121379e-01 +9.9990785612346322e-01 +9.9998173859208483e-01 +9.9995405118143776e-01 +6.3312832265631432e-05 +3.4163726504031857e-04 +2.3120242431629864e-04 +4.6525947052915675e-04 +8.6650439693717287e-05
195.00000000 +5.0000000000000000e+00 +1.9997091848925905e+00 +2.2086487447204373e-03 +9.9914694452423758e-01 +9.9983139257488329e-01 +9.9991004946619477e-01 +9.9998613131967018e-01 +9.9995400123435030e-01 +8.0893353697789034e-05 +3.3321404650556912e-04 +2.5615799342245218e-04 +4.5279862562516455e-04 +4.8416859109388290e-05
195.50000000 +5.0000000000000000e+00 +1.9997109374504627e+00 +2.2021066035257499e-03 +9.9917118020719176e-01 +9.9981720474574864e-01 +9.9991224333819606e-01 +9.9999052510725417e-01 +9.9995395127521014e-01 +9.8478117441913089e-05 +3.2478879538487353e-04 +2.8111958449501085e-04 +4.4033477382563445e-04 +1.0174052474679629e-05
196.00000000 +5.0000000000000000e+00 +1.9997126904312907e+00 +2.1955628834727219e-03 +9.9919542173910403e-01 +9.9980301349257117e-01 +9.9991443773965905e-01 +9.9999491995521939e-01 +9.9995390130401285e-01 +1.1606712503374159e-04 +3.1636151094242571e-04 +3.0608719971395634e-04 +4.2786791404205522e-04 -2.8077983550284798e-05
196.50000000 +5.0000000000000000e+00 +1.9997144438352290e+00 +2.1890175839897313e-03 +9.9921966912209215e-01 +9.9978881881411119e-01 +9.9991663267077568e-01 +9.9999931586395097e-01 +9.9995385132075432e-01 +1.3366037800975389e-04 +3.0793219244206442e-04 +3.3106084126032273e-04 +4.1539804518539051e-04 -6.6339252306993091e-05
197.00000000 +5.0000000000000000e+00 +1.9997301904768552e+00 +2.1456966303916363e-03 +9.9930706955619153e-01 +9.9981805918791522e-01 +9.9993044802051256e-01 +9.9999644761515738e-01 +9.9997214446063787e-01 +1.6326963691176097e-04 +3.2115697293430106e-04 +2.6484624392034752e-04 +3.0192046531118326e-04 -7.5362161982664533e-05
197.50000000 +5.0000000000000000e+00 +1.9997459382834455e+00 +2.1023724718328206e-03 +9.9939447645632962e-01 +9.9984730172497382e-01 +9.9994426439233342e-01 +9.9999357915416576e-01 +9.9999043895387996e-01 +1.9288108635907852e-04 +3.3438273181917442e-04 +1.9862674790742092e-04 +1.8843449016503540e-04 -8.4385739189142553e-05
198.00000000 +5.0000000000000000e+00 +1.9997616872551298e+00 +2.0590451079576079e-03 +9.9948188982322361e-01 +9.9987654642552681e-01 +9.9995808178635137e-01 +9.9999071048095245e-01 +1.0000087348006312e+00 +2.2249472659480621e-04 +3.4760946920526337e-04 +1.3240235267790435e-04 +7.4940118815266976e-05 -9.3409984000507567e-05
198.50000000 +5.0000000000000000e+00 +1.9997774373920367e+00 +2.0157145384102695e-03 +9.9956930965759150e-01 +9.9990579328981444e-01 +9.9997190020268056e-01 +9.9998784159549392e-01 +1.0000270320010416e+00 +2.5211055786207955e-04 +3.6083718520116281e-04 +6.6173057688078454e-05 -3.8562649669939849e-05 -1.0243489649085089e-04
199.00000000 +5.0000000000000000e+00 +1.9997931886942959e+00 +1.9723807628350240e-03 +9.9965673596015125e-01 +9.9993504231807717e-01 +9.9998571964143401e-01 +9.9998497249776663e-01 +1.0000453305552612e+00 +2.8172858040407015e-04 +3.7406587991548377e-04 -6.1137605856569967e-08 -1.5207381622254105e-04 -1.1146047673427493e-04
199.50000000 +5.0000000000000000e+00 +1.9998089411620368e+00 +1.9290437808760373e-03 +9.9974416873162020e-01 +9.9996429351055449e-01 +9.9999954010272496e-01 +9.9998210318774683e-01 +1.0000636304634409e+00 +3.1134879446398557e-04 +3.8729555345685317e-04 -6.6300233747780828e-05 -2.6559338177463014e-04 -1.2048672480489290e-04
200.00000000 +5.0000000000000000e+00 +1.9998246947953888e+00 +1.8857035921774233e-03 +9.9983160797271708e-01 +9.9999354686748754e-01 +1.0000133615866675e+00 +9.9997923366541130e-01 +1.0000819317257303e+00 +3.4097120028506937e-04 +4.0052620593391435e-04 -1.3254423128165513e-04 -3.7912134725843897e-04 -1.2951364077682916e-04
