#discretizing the bath
#     0 0.0000000000000000e+00 -6.3189999999999946e-01
#     1 4.7990971373096146e-03 -2.5153121337245887e-01
#     2 4.7990971373096146e-03 -2.3290717802675939e-01
#     3 4.7990971373096146e-03 -2.1338077214974324e-01
#     4 4.7990971373096146e-03 -1.9299191992526951e-01
#     5 4.7990971373096146e-03 -1.7177567042489322e-01
#     6 4.7990971373096146e-03 -1.4976311616576587e-01
#     7 4.7990971373096146e-03 -1.2698208611793999e-01
#     8 4.7990971373096146e-03 -1.0345767975987374e-01
#     9 4.7990971373096146e-03 -7.9212686208435967e-02
  0.00000000 +1.0000000000000000e+00 +1.9999999999999989e+00 +1.8374661879283103e-03 +1.0000000000000000e+00 +1.0000000000000000e+00 +1.0000000000000000e+00 +1.0000000000000000e+00 +1.0000000000000000e+00 +0.0000000000000000e+00 +0.0000000000000000e+00 +0.0000000000000000e+00 +0.0000000000000000e+00 +0.0000000000000000e+00
  0.50000000 +1.0000000000000007e+00 +1.9999999999757008e+00 +1.8488058560782682e-03 +9.9997121133062017e-01 +9.9999999995856059e-01 +9.9999999995856059e-01 +9.9999999995856059e-01 +9.9999999995856059e-01 +5.7577670284448138e-06 +5.7577670284448147e-06 +5.7577670284448147e-06 +5.7577670284448147e-06 +5.7577670284448138e-06
  1.00000000 +1.0000000000000038e+00 +1.9999999997132631e+00 +1.8805424475335014e-03 +9.9989059374869804e-01 +9.9999999936597450e-01 +9.9999999936651907e-01 +9.9999999936711204e-01 +9.9999999936775497e-01 +2.1994417947975507e-05 +2.1941304144881683e-05 +2.1885006285856639e-05 +2.1825459464106015e-05 +2.1762596117551175e-05
  1.50000000 +1.0000000000000051e+00 +1.9999999986818797e+00 +1.9262935683227009e-03 +9.9977423097932772e-01 +9.9999999695564912e-01 +9.9999999696114772e-01 +9.9999999696717168e-01 +9.9999999697374287e-01 +4.5788111417828362e-05 +4.5489114157191246e-05 +4.5173262313272790e-05 +4.4840380461545506e-05 +4.4490294637489817e-05
  2.00000000 +1.0000000000000064e+00 +1.9999999961153669e+00 +1.9768756007072204e-03 +9.9964529485864229e-01 +9.9999999104284087e-01 +9.9999999107042559e-01 +9.9999999110071591e-01 +9.9999999113382487e-01 +7.2861745423987367e-05 +7.1951439766064943e-05 +7.0994508306460621e-05 +6.9991214452108077e-05 +6.8941885636921251e-05
  2.50000000 +1.0000000000000082e+00 +1.9999999911646873e+00 +2.0221690000957106e-03 +9.9952937581790657e-01 +9.9999998005137614e-01 +9.9999998014552971e-01 +9.9999998024895498e-01 +9.9999998036201521e-01 +9.8357856229772163e-05 +9.6337403431848173e-05 +9.4227380423420864e-05 +9.2030597648739537e-05 +8.9750136524589905e-05
  3.00000000 +1.0000000000000109e+00 +1.9999999830664099e+00 +2.0531668405379556e-03 +9.9944934311520728e-01 +9.9999996305289440e-01 +9.9999996330215202e-01 +9.9999996357574661e-01 +9.9999996387452295e-01 +1.1771701418845314e-04 +1.1406336135000754e-04 +1.1028017263344266e-04 +1.0637729643084255e-04 +1.0236523492928036e-04
  3.50000000 +1.0000000000000129e+00 +1.9999999712932870e+00 +2.0637870656873020e-03 +9.9942077928835238e-01 +9.9999994017736737e-01 +9.9999994072604770e-01 +9.9999994132738657e-01 +9.9999994198289788e-01 +1.2749965240608829e-04 +1.2182095706624635e-04 +1.1600484141343638e-04 +1.1007497867152643e-04 +1.0405606845508352e-04
  4.00000000 +1.0000000000000142e+00 +1.9999999556568919e+00 +2.0520795617682925e-03 +9.9944891098582744e-01 +9.9999991278013300e-01 +9.9999991382665077e-01 +9.9999991497121254e-01 +9.9999991621590378e-01 +1.2600206248943098e-04 +1.1819929207864160e-04 +1.1031883620334867e-04 +1.0240562380593405e-04 +9.4505405766698904e-05
  4.50000000 +1.0000000000000158e+00 +1.9999999363420975e+00 +2.0205857773075131e-03 +9.9952764760012369e-01 +9.9999988330513589e-01 +9.9999988507988857e-01 +9.9999988701595255e-01 +9.9999988911532056e-01 +1.1355540707895332e-04 +1.0394337562835919e-04 +9.4411102406327085e-05 +8.5029492285311137e-05 +7.5868506258461475e-05
  5.00000000 +1.0000000000000171e+00 +1.9999999138670679e+00 +1.9757843945742751e-03 +9.9964090521442550e-01 +9.9999985485468323e-01 +9.9999985757486920e-01 +9.9999986053359924e-01 +9.9999986373134364e-01 +9.2454920772636081e-05 +8.1801237036057583e-05 +7.1492887600308031e-05 +6.1624360570575654e-05 +5.2284685185644391e-05
  5.50000000 +1.0000000000000195e+00 +1.9999998889774460e+00 +1.9267446432835623e-03 +9.9976592660709540e-01 +9.9999983054684860e-01 +9.9999983435208117e-01 +9.9999983847776996e-01 +9.9999984292080835e-01 +6.6534187747505067e-05 +5.5991127295492764e-05 +4.6145819222937920e-05 +3.7102831002976309e-05 +2.8953130225195209e-05
  6.00000000 +1.0000000000000215e+00 +1.9999998624965971e+00 +1.8832700981174335e-03 +9.9987790484896266e-01 +9.9999981279652006e-01 +9.9999981767613544e-01 +9.9999982294937229e-01 +9.9999982860752923e-01 +4.0464002703017529e-05 +3.1392804618112786e-05 +2.3400459461459293e-05 +1.6575320108495232e-05 +1.0980534696588104e-05
  6.50000000 +1.0000000000000229e+00 +1.9999998351622790e+00 +1.8539170389096716e-03 +9.9995496073502088e-01 +9.9999980268206157e-01 +9.9999980841067548e-01 +9.9999981458308840e-01 +9.9999982118435204e-01 +1.8904989183567591e-05 +1.2619031867114401e-05 +7.7318865047297636e-06 +4.2790098195306070e-06 +2.2574875410028380e-06
  7.00000000 +1.0000000000000244e+00 +1.9999998074825609e+00 +1.8442923589689080e-03 +9.9998246421520232e-01 +9.9999979954985019e-01 +9.9999980565001712e-01 +9.9999981221121692e-01 +9.9999981921484848e-01 +5.6688442809549174e-06 +3.1451953299142733e-06 +2.1741768967308708e-06 +2.6986389656681545e-06 +4.6123035135506987e-06
  7.50000000 +1.0000000000000260e+00 +1.9999997796393929e+00 +1.8559732455684880e-03 +9.9995583703981183e-01 +9.9999980096454455e-01 +9.9999980671315780e-01 +9.9999981290718665e-01 +9.9999981953234884e-01 +3.0402609407506106e-06 +4.6624085623946928e-06 +7.7301467777052367e-06 +1.2062671230655447e-05 +1.7427355569047216e-05
  8.00000000 +1.0000000000000280e+00 +1.9999997514583103e+00 +1.8862585602672577e-03 +9.9988129498259204e-01 +9.9999980304255653e-01 +9.9999980753055950e-01 +9.9999981243052216e-01 +9.9999981774760116e-01 +1.1380996377106250e-05 +1.6775286097009728e-05 +2.3191843222651163e-05 +3.0317490276077750e-05 +3.7798650336121733e-05
  8.50000000 +1.0000000000000300e+00 +1.9999997224492099e+00 +1.9287884238920602e-03 +9.9977441471809747e-01 +9.9999980112437914e-01 +9.9999980336847560e-01 +9.9999980600535998e-01 +9.9999980908260067e-01 +2.9085061953233264e-05 +3.7098546296661211e-05 +4.5403684679654138e-05 +5.3580375791976474e-05 +6.1198032515881066e-05
  9.00000000 +1.0000000000000322e+00 +1.9999996919087513e+00 +1.9748904896089653e-03 +9.9965685343776955e-01 +9.9999979066564115e-01 +9.9999978975807580e-01 +9.9999978928567979e-01 +9.9999978936823175e-01 +5.2889440230689720e-05 +6.1729851579414886e-05 +6.9910952471214285e-05 +7.6970958866622282e-05 +8.2486281614639373e-05
  9.50000000 +1.0000000000000335e+00 +1.9999996590628717e+00 +2.0153656444120206e-03 +9.9955191743986860e-01 +9.9999976817360103e-01 +9.9999976344449881e-01 +9.9999975931014029e-01 +9.9999975599599578e-01 +7.8480047044282160e-05 +8.6004687300246730e-05 +9.1859622095355443e-05 +9.5642099235031640e-05 +9.7049180388572540e-05
 10.00000000 +1.0000000000000346e+00 +1.9999996232202180e+00 +2.0423419244583515e-03 +9.9947989513783064e-01 +9.9999973199731573e-01 +9.9999972315651087e-01 +9.9999971524012210e-01 +9.9999970861133780e-01 +1.0127970277355900e-04 +1.0538633586137216e-04 +1.0696465852328232e-04 +1.0579114989743113e-04 +1.0180401000158191e-04
 10.50000000 +1.0000000000000373e+00 +1.9999995839058138e+00 +2.0508193748422308e-03 +9.9945409823187992e-01 +9.9999968280095619e-01 +9.9999967002501700e-01 +9.9999965870977570e-01 +9.9999964938032360e-01 +1.1727321707194275e-04 +1.1632004145186932e-04 +1.1235242884349346e-04 +1.0543940957563806e-04 +9.5855755291276119e-05
 11.00000000 +1.0000000000000393e+00 +1.9999995409488578e+00 +2.0396000411625425e-03 +9.9947839039785291e-01 +9.9999962360734651e-01 +9.9999960754381700e-01 +9.9999959369061764e-01 +9.9999958274483103e-01 +1.2371985512549542e-04 +1.1688953085499063e-04 +1.0711066065099471e-04 +9.4819180564532647e-05 +8.0662788535373344e-05
 11.50000000 +1.0000000000000409e+00 +1.9999994945083728e+00 +2.0114297846805891e-03 +9.9954666370114498e-01 +9.9999955938179208e-01 +9.9999954105607491e-01 +9.9999952587096819e-01 +9.9999951468716819e-01 +1.1962597183581764e-04 +1.0715397955335107e-04 +9.2440274237370499e-05 +7.6292714250593790e-05 +5.9682363178739085e-05
 12.00000000 +1.0000000000000424e+00 +1.9999994450332133e+00 +1.9723434153182577e-03 +9.9964431796516029e-01 +9.9999949621799888e-01 +9.9999947684675594e-01 +9.9999946165212006e-01 +9.9999945163090009e-01 +1.0589597326638825e-04 +8.9106193680370702e-05 +7.1384695217771365e-05 +5.3826987200133885e-05 +3.7581837912644846e-05
 12.50000000 +1.0000000000000442e+00 +1.9999993931661124e+00 +1.9303669832532210e-03 +9.9975139243664224e-01 +9.9999944026981957e-01 +9.9999942100481742e-01 +9.9999940694725431e-01 +9.9999939918784397e-01 +8.5139361467388152e-05 +6.6265850963136236e-05 +4.8197222908167557e-05 +3.2141371641631914e-05 +1.9196346863076114e-05
 13.00000000 +1.0000000000000469e+00 +1.9999993396123703e+00 +1.8938575932479368e-03 +9.9984667526062054e-01 +9.9999939662768178e-01 +9.9999937827152974e-01 +9.9999936601741823e-01 +9.9999936100297615e-01 +6.1174328591687762e-05 +4.2990925320662344e-05 +2.7478503010904058e-05 +1.5712218765246395e-05 +8.4668443194078984e-06
 13.50000000 +1.0000000000000480e+00 +1.9999992850001831e+00 +1.8698267413714412e-03 +9.9991193841009052e-01 +9.9999936835518255e-01 +9.9999935110139038e-01 +9.9999934058026541e-01 +9.9999933793918150e-01 +3.8322682630370182e-05 +2.3642681033349420e-05 +1.3259944534945113e-05 +7.8454022884726420e-06 +7.5929036428611488e-06
 14.00000000 +1.0000000000000500e+00 +1.9999992297605242e+00 +1.8625861543399504e-03 +9.9993544596141537e-01 +9.9999935587552891e-01 +9.9999933912675243e-01 +9.9999932938027003e-01 +9.9999932778290002e-01 +2.0627032593191720e-05 +1.1765128002854340e-05 +8.2166730123578718e-06 +1.0009919457633689e-05 +1.6583120316936163e-05
 14.50000000 +1.0000000000000504e+00 +1.9999991740496634e+00 +1.8729790416993893e-03 +9.9991405661847799e-01 +9.9999935683372754e-01 +9.9999933914268935e-01 +9.9999932832216132e-01 +9.9999932555110482e-01 +1.1132856689142834e-05 +9.4341593047558151e-06 +1.3164393591671819e-05 +2.1567299325787357e-05 +3.3294823181334549e-05
 15.00000000 +1.0000000000000522e+00 +1.9999991177282350e+00 +1.8983323237609046e-03 +9.9985354652946212e-01 +9.9999936647105170e-01 +9.9999934562935988e-01 +9.9999933115960049e-01 +9.9999932435980410e-01 +1.1363635959544738e-05 +1.6896400705216995e-05 +2.6934901619656630e-05 +3.9945897461750875e-05 +5.3945015237556455e-05
 15.50000000 +1.0000000000000546e+00 +1.9999990603989974e+00 +1.9331145850820049e-03 +9.9976714925078580e-01 +9.9999937845059494e-01 +9.9999935172449927e-01 +9.9999933062028290e-01 +9.9999931669880393e-01 +2.1079788400905778e-05 +3.2560388189241317e-05 +4.6647497848023598e-05 +6.1214789564436768e-05 +7.3970791304999863e-05
 16.00000000 +1.0000000000000564e+00 +1.9999990014937692e+00 +1.9701419730827970e-03 +9.9967266844644553e-01 +9.9999938598598337e-01 +9.9999935046973054e-01 +9.9999931975948531e-01 +9.9999929587094460e-01 +3.8358965688467018e-05 +5.3334481960877574e-05 +6.8314172173251944e-05 +8.0929026047983280e-05 +8.9042821823170882e-05
 16.50000000 +1.0000000000000582e+00 +1.9999989403905394e+00 +2.0020689735656444e-03 +9.9958879293706371e-01 +9.9999938306643466e-01 +9.9999933609875868e-01 +9.9999929328469228e-01 +9.9999925731472306e-01 +5.9976387549607040e-05 +7.5240195862778746e-05 +8.7651112361821079e-05 +9.5063765796041252e-05 +9.6005837049340187e-05
 17.00000000 +1.0000000000000602e+00 +1.9999988765365202e+00 +2.0228532019463939e-03 +9.9953138030974631e-01 +9.9999936555185653e-01 +9.9999930512451995e-01 +9.9999924859487654e-01 +9.9999919954606831e-01 +8.2010135233155548e-05 +9.4178889926295584e-05 +1.0093069849353841e-04 +1.0084011984564208e-04 +9.3541029735397797e-05
 17.50000000 +1.0000000000000624e+00 +1.9999988095527059e+00 +2.0289007031589726e-03 +9.9951045180563369e-01 +9.9999933193534596e-01 +9.9999925701839920e-01 +9.9999918632966212e-01 +9.9999912452553386e-01 +1.0055738045183213e-04 +1.0670341305133237e-04 +1.0570378559878118e-04 +9.7272644521681319e-05 +8.2411162113288187e-05
 18.00000000 +1.0000000000000639e+00 +1.9999987393000784e+00 +2.0196746840332141e-03 +9.9952846857168398e-01 +9.9999928363248991e-01 +9.9999919435073814e-01 +9.9999911031604460e-01 +9.9999903736767615e-01 +1.1243014299277584e-04 +1.1064878110785829e-04 +1.0125186537109822e-04 +8.5330670414626657e-05 +6.5244301800258776e-05
 18.50000000 +1.0000000000000653e+00 +1.9999986658961011e+00 +1.9976680993166029e-03 +9.9958017863043946e-01 +9.9999922474520830e-01 +9.9999912236328992e-01 +9.9999902691559339e-01 +9.9999894543807943e-01 +1.1570600845008886e-04 +1.0550618438036977e-04 +8.8685862056315799e-05 +6.7689097129008553e-05 +4.5914755701930884e-05
 19.00000000 +1.0000000000000675e+00 +1.9999985896804202e+00 +1.9677733312615658e-03 +9.9965399656973497e-01 +9.9999916134539113e-01 +9.9999904805129258e-01 +9.9999894389045851e-01 +9.9999885700460411e-01 +1.1003847143258318e-04 +9.2476104184787534e-05 +7.0680735257502039e-05 +4.8130827727725176e-05 +2.8667000254187345e-05
 19.50000000 +1.0000000000000691e+00 +1.9999985111387923e+00 +1.9362025128488703e-03 +9.9973457243925046e-01 +9.9999910041166828e-01 +9.9999897892481526e-01 +9.9999886899938673e-01 +9.9999877969867257e-01 +9.6677330873004569e-05 +7.4198728794831853e-05 +5.0907836494971637e-05 +3.0734349297814950e-05 +1.7181281092263002e-05
 20.00000000 +1.0000000000000713e+00 +1.9999984308021423e+00 +1.9091957841462595e-03 +9.9980598372350249e-01 +9.9999904861476663e-01 +9.9999892167835092e-01 +9.9999880858714907e-01 +9.9999871908172389e-01 +7.8203117297723966e-05 +5.4221008386845480e-05 +3.3285501552185645e-05 +1.9021448118163568e-05 +1.3787239509437863e-05
 20.50000000 +1.0000000000000726e+00 +1.9999983491416844e+00 +1.8917864656468652e-03 +9.9985488597817829e-01 +9.9999901117174517e-01 +9.9999888101326817e-01 +9.9999876643219432e-01 +9.9999867759337790e-01 +5.8030947101206352e-05 +3.6307948496422330e-05 +2.1201300792118148e-05 +1.5243723359596885e-05 +1.8993891850005132e-05
 21.00000000 +1.0000000000000753e+00 +1.9999982664809188e+00 +1.8868677161052454e-03 +9.9987299794121653e-01 +9.9999899097313394e-01 +9.9999885882722972e-01 +9.9999874306797076e-01 +9.9999865408497679e-01 +3.9779199909690113e-05 +2.3732257660927851e-05 +1.6860803708657198e-05 +1.9952669833816158e-05 +3.1430174734685226e-05
 21.50000000 +1.0000000000000768e+00 +1.9999981829408580e+00 +1.8947323774316830e-03 +9.9985846090759289e-01 +9.9999898813339094e-01 +9.9999885391439014e-01 +9.9999873570298414e-01 +9.9999864402935190e-01 +2.6620058817973383e-05 +1.8676784029533518e-05 +2.0888221370151702e-05 +3.1934799208408596e-05 +4.8197449247233252e-05
 22.00000000 +1.0000000000000777e+00 +1.9999980984274921e+00 +1.9131536481497605e-03 +9.9981586059725147e-01 +9.9999900003528241e-01 +9.9999886222416390e-01 +9.9999873875121059e-01 +9.9999864036732100e-01 +2.0728834021857655e-05 +2.1858977533841382e-05 +3.2250644886150487e-05 +4.8514698617528258e-05 +6.5544870101139530e-05
 22.50000000 +1.0000000000000795e+00 +1.9999980126617052e+00 +1.9379617811021014e-03 +9.9975497807275959e-01 +9.9999902184803735e-01 +9.9999887762301365e-01 +9.9999874486979889e-01 +9.9999863482909501e-01 +2.2927761773678069e-05 +3.2441435583720687e-05 +4.8511227605925111e-05 +6.6152040082379201e-05 +7.9710292648553415e-05
 23.00000000 +1.0000000000000817e+00 +1.9999979252434499e+00 +1.9639745486560310e-03 +9.9968858657249671e-01 +9.9999904741478873e-01 +9.9999889301278211e-01 +9.9999874630725283e-01 +9.9999861947844149e-01 +3.2582107688322114e-05 +4.8236622023958420e-05 +6.6351209272157805e-05 +8.1199456011943599e-05 +8.7737819650925275e-05
 23.50000000 +1.0000000000000837e+00 +1.9999978357357684e+00 +1.9860758440251947e-03 +9.9962978422976645e-01 +9.9999907034203628e-01 +9.9999890159718685e-01 +9.9999873630990910e-01 +9.9999858818644216e-01 +4.7759271334223415e-05 +6.6158065507573743e-05 +8.2249202797803390e-05 +9.0658756383440133e-05 +8.8094039054757448e-05
 24.00000000 +1.0000000000000859e+00 +1.9999977437510492e+00 +2.0002185624266788e-03 +9.9958941771085497e-01 +9.9999908509353908e-01 +9.9999889806607911e-01 +9.9999871032748155e-01 +9.9999853775747116e-01 +6.5614010318694276e-05 +8.2825345213701572e-05 +9.3178507219322798e-05 +9.2778441659648644e-05 +8.0954740591440846e-05
 24.50000000 +1.0000000000000877e+00 +1.9999976490226092e+00 +2.0041560323921753e-03 +9.9957410167674410e-01 +9.9999908789742598e-01 +9.9999887948792954e-01 +9.9999866680011273e-01 +9.9999846849892360e-01 +8.2923501627971697e-05 +9.5204167755048085e-05 +9.7184139031040149e-05 +8.7373605078985999e-05 +6.8110225809600561e-05
 25.00000000 +1.0000000000000888e+00 +1.9999975514484889e+00 +1.9977723709272842e-03 +9.9958519035851057e-01 +9.9999907731582716e-01 +9.9999884575958509e-01 +9.9999860739090374e-01 +9.9999838413414222e-01 +9.6671596701626542e-05 +1.0116015123053104e-04 +9.3729674915675983e-05 +7.5811061025580120e-05 +5.2522557602478184e-05
 25.50000000 +1.0000000000000913e+00 +1.9999974511006562e+00 +1.9829705326945813e-03 +9.9961884622978125e-01 +9.9999905439208048e-01 +9.9999879954661519e-01 +9.9999853663296379e-01 +9.9999829108357752e-01 +1.0457620876520224e-04 +9.9825296050098106e-05 +8.3753294804490128e-05 +6.0674157765272189e-05 +3.7643158051725067e-05
 26.00000000 +1.0000000000000921e+00 +1.9999973482000051e+00 +1.9631681784668537e-03 +9.9966712321358198e-01 +9.9999902236852489e-01 +9.9999874574113146e-01 +9.9999846106831092e-01 +9.9999819725793948e-01 +1.0546763138936764e-04 +9.1714889826607563e-05 +6.9432067740094874e-05 +4.5187891549625988e-05 +2.6647870466425490e-05
 26.50000000 +1.0000000000000944e+00 +1.9999972430642370e+00 +1.9425270216567468e-03 +9.9971978504382120e-01 +9.9999898604343085e-01 +9.9999869054932489e-01 +9.9999838804715047e-01 +9.9999811059642574e-01 +9.9455552997375392e-05 +7.8581772683053295e-05 +5.3711286467182306e-05 +3.2531967375374098e-05 +2.1759140795331915e-05
 27.00000000 +1.0000000000000959e+00 +1.9999971360405482e+00 +1.9250866398242755e-03 +9.9976645114718465e-01 +9.9999895089513413e-01 +9.9999864038277453e-01 +9.9999832441348246e-01 +9.9999803762639439e-01 +8.7862621738456394e-05 +6.3044785734527831e-05 +3.9700089193391709e-05 +2.5188178699303256e-05 +2.3799860143825960e-05
 27.50000000 +1.0000000000000990e+00 +1.9999970274372438e+00 +1.9139815696333550e-03 +9.9979862423438870e-01 +9.9999892213527708e-01 +9.9999860075561198e-01 +9.9999827531718333e-01 +9.9999798231107873e-01 +7.2945027271839667e-05 +4.8069355723441260e-05 +3.0057340685678514e-05 +2.4456003101798340e-05 +3.2067520170394364e-05
 28.00000000 +1.0000000000000995e+00 +1.9999969174676353e+00 +1.9108916980090874e-03 +9.9981120750823760e-01 +9.9999890385643220e-01 +9.9999857538015569e-01 +9.9999824336220089e-01 +9.9999794539201248e-01 +5.7457920043851538e-05 +3.6403062569781811e-05 +2.6489051427746356e-05 +3.0230386571171145e-05 +4.4544080846070384e-05
 28.50000000 +1.0000000000001021e+00 +1.9999968062162623e+00 +1.9158188271523574e-03 +9.9980324802573284e-01 +9.9999889841363832e-01 +9.9999856561016987e-01 +9.9999822823275064e-01 +9.9999792433565560e-01 +4.4149045935342424e-05 +3.0073588110639847e-05 +2.9451980173619488e-05 +4.1077688288611612e-05 +5.8383080054457949e-05
 29.00000000 +1.0000000000001028e+00 +1.9999966936323448e+00 +1.9272103801835784e-03 +9.9977781521765896e-01 +9.9999890613071851e-01 +9.9999857031281347e-01 +9.9999822684799944e-01 +9.9999791387846304e-01 +3.5273579084044171e-05 +3.0040568597710027e-05 +3.8113700810430920e-05 +5.4582489321298318e-05 +7.0557275048024228e-05
 29.50000000 +1.0000000000001052e+00 +1.9999965795497521e+00 +1.9423801795263791e-03 +9.9974110201323374e-01 +9.9999892536094614e-01 +9.9999858617128434e-01 +9.9999823399870547e-01 +9.9999790705390856e-01 +3.2215678805660088e-05 +3.6060368548940136e-05 +5.0566825747163623e-05 +6.7882852194678524e-05 +7.8519677151989319e-05
 30.00000000 +1.0000000000001070e+00 +1.9999964637276069e+00 +1.9581204505056326e-03 +9.9970098400991703e-01 +9.9999895286912754e-01 +9.9999860834466459e-01 +9.9999824333434129e-01 +9.9999789649914217e-01 +3.5279796846954583e-05 +4.6780464794389428e-05 +6.4245038571234266e-05 +7.8275839601301818e-05 +8.0733803529120954e-05
 30.50000000 +1.0000000000001079e+00 +1.9999963459020753e+00 +1.9713689073483204e-03 +9.9966536202709311e-01 +9.9999898444979529e-01 +9.9999863135311962e-01 +9.9999824851180152e-01 +9.9999787579372701e-01 +4.3681875276629344e-05 +6.0036374212865582e-05 +7.6450933366252656e-05 +8.3765349281549059e-05 +7.6963332866578825e-05
 31.00000000 +1.0000000000001097e+00 +1.9999962258384090e+00 +1.9797942341167741e-03 +9.9964063136229042e-01 +9.9999901566217075e-01 +9.9999865002456956e-01 +9.9999824429577799e-01 +9.9999784058504337e-01 +5.5733645966327551e-05 +7.3287202537500963e-05 +8.4887354687454133e-05 +8.3441568540402395e-05 +6.8268298965292834e-05
 31.50000000 +1.0000000000001119e+00 +1.9999961033732079e+00 +1.9821903363944318e-03 +9.9963056894874736e-01 +9.9999904255161332e-01 +9.9999866033759055e-01 +9.9999822741873645e-01 +9.9999778930259786e-01 +6.9179079635497438e-05 +8.4102607706066718e-05 +8.8087806810987281e-05 +7.7620877608011144e-05 +5.6721069513485193e-05
 32.00000000 +1.0000000000001139e+00 +1.9999959784394818e+00 +1.9786167768410766e-03 +9.9963582332222445e-01 +9.9999906223941204e-01 +9.9999866002289306e-01 +9.9999819705993431e-01 +9.9999772334594961e-01 +8.1616659218370496e-05 +9.0608079648432107e-05 +8.5665846424248088e-05 +6.7727656898796057e-05 +4.4915767965587810e-05
 32.50000000 +1.0000000000001150e+00 +1.9999958510711653e+00 +1.9702786843006498e-03 +9.9965405755277059e-01 +9.9999907329407833e-01 +9.9999864883556999e-01 +9.9999815487708010e-01 +9.9999764673157843e-01 +9.0928748513387334e-05 +9.1807301513853947e-05 +7.8342482705317181e-05 +5.5953653784088388e-05 +3.5386522981209625e-05
 33.00000000 +1.0000000000001175e+00 +1.9999957213879249e+00 +1.9591920740478163e-03 +9.9968066155495305e-01 +9.9999907584072578e-01 +9.9999862847223531e-01 +9.9999810460658944e-01 +9.9999756528334971e-01 +9.5641551895323443e-05 +8.7726960541785224e-05 +6.7756088157908972e-05 +4.4774985752582543e-05 +3.0064656386220315e-05
 33.50000000 +1.0000000000001197e+00 +1.9999955895649533e+00 +1.9477194988734136e-03 +9.9970984435720234e-01 +9.9999907141217981e-01 +9.9999860216945435e-01 +9.9999805132364317e-01 +9.9999748553092394e-01 +9.5154963788942159e-05 +7.9365049583650252e-05 +5.6101882732003423e-05 +3.6432687910378440e-05 +2.9890623179118138e-05
 34.00000000 +1.0000000000001206e+00 +1.9999954557949022e+00 +1.9380794846775239e-03 +9.9973585800930609e-01 +9.9999906258776050e-01 +9.9999857407170922e-01 +9.9999800050828613e-01 +9.9999741352665528e-01 +8.9807538520577797e-05 +6.8461311529179888e-05 +4.5679399720941948e-05 +3.2485418099568399e-05 +3.4657629016856705e-05
 34.50000000 +1.0000000000001221e+00 +1.9999953202500025e+00 +1.9319292647092055e-03 +9.9975410072428605e-01 +9.9999905249643117e-01 +9.9999854849009218e-01 +9.9999795708991535e-01 +9.9999735379715327e-01 +8.0772756781226937e-05 +5.7140856274012651e-05 +3.8440786262050697e-05 +3.3523008306595975e-05 +4.3109995108718670e-05
 35.00000000 +1.0000000000001252e+00 +1.9999951830516285e+00 +1.9300966680229669e-03 +9.9976189364867807e-01 +9.9999904427611297e-01 +9.9999852918287102e-01 +9.9999792463672066e-01 +9.9999730861163583e-01 +6.9812943785787330e-05 +4.7503272257369511e-05 +3.5628263408842093e-05 +3.9092188706204889e-05 +5.3262976447854680e-05
 35.50000000 +1.0000000000001252e+00 +1.9999950442525118e+00 +1.9325002002625572e-03 +9.9975880937803530e-01 +9.9999904057943456e-01 +9.9999851877589574e-01 +9.9999790482187345e-01 +9.9999727768360225e-01 +5.8941235696143792e-05 +4.1236279570971770e-05 +3.7567361262486541e-05 +4.7839594126608012e-05 +6.2864291129427816e-05
 36.00000000 +1.0000000000001272e+00 +1.9999949038337077e+00 +1.9382550596262461e-03 +9.9974653073777764e-01 +9.9999904319996358e-01 +9.9999851840867882e-01 +9.9999789724248822e-01 +9.9999725833881314e-01 +5.0055884209278184e-05 +3.9324562957412632e-05 +4.3648765880942548e-05 +5.7832111576100882e-05 +6.9890748291889820e-05
 36.50000000 +1.0000000000001303e+00 +1.9999947617155354e+00 +1.9459258775138080e-03 +9.9972831360898318e-01 +9.9999905286623347e-01 +9.9999852764778518e-01 +9.9999789960165086e-01 +9.9999724609709539e-01 +4.4612941529685508e-05 +4.1903197448069960e-05 +5.2493023980865579e-05 +6.6980034769315125e-05 +7.2970981174978736e-05
 37.00000000 +1.0000000000001317e+00 +1.9999946177788657e+00 +1.9538614818916606e-03 +9.9970819891717222e-01 +9.9999906921939408e-01 +9.9999854466164917e-01 +9.9999790820056811e-01 +9.9999723554404951e-01 +4.3393265037800784e-05 +4.8275657260000875e-05 +6.2256803551159919e-05 +7.3471018138132694e-05 +7.1646713838357753e-05
 37.50000000 +1.0000000000001341e+00 +1.9999944718917093e+00 +1.9605370516948988e-03 +9.9969015417305429e-01 +9.9999909095957362e-01 +9.9999856660815345e-01 +9.9999791863781562e-01 +9.9999722132325064e-01 +4.6400222798870922e-05 +5.7084715318487099e-05 +7.1013764967809277e-05 +7.6125236759965156e-05 +6.6424358977404591e-05
 38.00000000 +1.0000000000001357e+00 +1.9999943239353626e+00 +1.9648351719717618e-03 +9.9967732052909497e-01 +9.9999911612115600e-01 +9.9999859015528003e-01 +9.9999792658377062e-01 +9.9999719906702000e-01 +5.2899443114174283e-05 +6.6596658261374077e-05 +7.7131913289623795e-05 +7.4602953021668243e-05 +5.8616576668812666e-05
 38.50000000 +1.0000000000001368e+00 +1.9999941738251881e+00 +1.9662166635079480e-03 +9.9967150202891020e-01 +9.9999914242147492e-01 +9.9999861204000529e-01 +9.9999792849419944e-01 +9.9999716610469347e-01 +6.1586188426025301e-05 +7.5040195880701728e-05 +7.9574040000724908e-05 +6.9429615208315839e-05 +5.0018871885018367e-05
 39.00000000 +1.0000000000001392e+00 +1.9999940215226322e+00 +1.9647593547703541e-03 +9.9967297106706143e-01 +9.9999916762225494e-01 +9.9999862957233043e-01 +9.9999792214643368e-01 +9.9999712183573863e-01 +7.0844084148292760e-05 +8.0934345946229354e-05 +7.8066759485838160e-05 +6.1842961081256837e-05 +4.2499606214743322e-05
 39.50000000 +1.0000000000001410e+00 +1.9999938670371729e+00 +1.9610717905618707e-03 +9.9968059316888480e-01 +9.9999918984808134e-01 +9.9999864100826985e-01 +9.9999790691971890e-01 +9.9999706772086072e-01 +7.9044689477302492e-05 +8.3345125006945641e-05 +7.3112234000612168e-05 +5.3502942447119603e-05 +3.7596343956995614e-05
 40.00000000 +1.0000000000001430e+00 +1.9999937104189767e+00 +1.9561131698176098e-03 +9.9969221031528921e-01 +9.9999920781915952e-01 +9.9999864574335573e-01 +9.9999788379010868e-01 +9.9999700691447524e-01 +8.4832894028421285e-05 +8.2027357083607711e-05 +6.5848816057016094e-05 +4.6131267922259319e-05 +3.6205083235179013e-05
 40.50000000 +1.0000000000001434e+00 +1.9999935517447851e+00 +1.9509660798379580e-03 +9.9970517742037146e-01 +9.9999922097345684e-01 +9.9999864431127250e-01 +9.9999785506049343e-01 +9.9999694362373037e-01 +8.7348636524097920e-05 +7.7431646891072038e-05 +5.7796005037888896e-05 +4.1158169443487664e-05 +3.8424153498103317e-05
 41.00000000 +1.0000000000001463e+00 +1.9999933911005323e+00 +1.9466126952688264e-03 +9.9971692820930846e-01 +9.9999922947274111e-01 +9.9999863820467483e-01 +9.9999782388943437e-01 +9.9999688232224870e-01 +8.6349437884949840e-05 +7.0582712263367098e-05 +5.0539742619514620e-05 +3.9448230951162429e-05 +4.3577778604225438e-05
 41.50000000 +1.0000000000001483e+00 +1.9999932285644100e+00 +1.9437584357462131e-03 +9.9972545547118574e-01 +9.9999923410465408e-01 +9.9999862956183061e-01 +9.9999779371145536e-01 +9.9999682696429748e-01 +8.2217756581621005e-05 +6.2858806202239082e-05 +4.5422578896399702e-05 +4.1156885246318256e-05 +5.0404160390998416e-05
 42.00000000 +1.0000000000001501e+00 +1.9999930641935906e+00 +1.9427322199477499e-03 +9.9972962162896839e-01 +9.9999923610659003e-01 +9.9999862077987289e-01 +9.9999776765269288e-01 +9.9999678033596007e-01 +7.5858424016086502e-05 +5.5718628543314236e-05 +4.3298637608958922e-05 +4.5739476037852241e-05 +5.7358330459593895e-05
 42.50000000 +1.0000000000001512e+00 +1.9999928980166206e+00 +1.9434734234928335e-03 +9.9972925987283723e-01 +9.9999923694512771e-01 +9.9999861412123747e-01 +9.9999774803872132e-01 +9.9999674364718949e-01 +6.8510521714249594e-05 +5.0429205953026973e-05 +4.4397243937447724e-05 +5.2102265203821736e-05 +6.2958138833474965e-05
 43.00000000 +1.0000000000001528e+00 +1.9999927300322098e+00 +1.9455968674122806e-03 +9.9972507308736569e-01 +9.9999923808690272e-01 +9.9999861137470103e-01 +9.9999773606870912e-01 +9.9999671642000820e-01 +6.1511745753770980e-05 +4.7844936822754921e-05 +4.8315364258962072e-05 +5.8856307992891404e-05 +6.6096608249353688e-05
 43.50000000 +1.0000000000001554e+00 +1.9999925602137651e+00 +1.9485124935263965e-03 +9.9971837748349224e-01 +9.9999924079359748e-01 +9.9999861361818443e-01 +9.9999773169687045e-01 +9.9999669667300772e-01 +5.6059450242035603e-05 +4.8275571096153503e-05 +5.4132741098001824e-05 +6.4616351148381917e-05 +6.6255622039892016e-05
 44.00000000 +1.0000000000001565e+00 +1.9999923885179895e+00 +1.9515683684984827e-03 +9.9971076293132466e-01 +9.9999924596643419e-01 +9.9999862111039339e-01 +9.9999773372490441e-01 +9.9999668135099107e-01 +5.3010522942820505e-05 +5.1462182145368263e-05 +6.0620088274469513e-05 +6.8281127116022453e-05 +6.3580996256570863e-05
 44.50000000 +1.0000000000001583e+00 +1.9999922148953309e+00 +1.9541851413789491e-03 +9.9970374910468940e-01 +9.9999925405581425e-01 +9.9999863331611916e-01 +9.9999774007427089e-01 +9.9999666690971178e-01 +5.2752872514579228e-05 +5.6659053691465838e-05 +6.6494385851687018e-05 +6.9239038888688675e-05 +5.8811189240324003e-05
 45.00000000 +1.0000000000001599e+00 +1.9999920392999964e+00 +1.9559562180903943e-03 +9.9969850649176228e-01 +9.9999926504117986e-01 +9.9999864904928415e-01 +9.9999774818026077e-01 +9.9999664994509196e-01 +5.5166704663561416e-05 +6.2799935442017974e-05 +7.0668945898181242e-05 +6.7461878552371800e-05 +5.3083828664557586e-05
 45.50000000 +1.0000000000001630e+00 +1.9999918616977341e+00 +1.9566985636704994e-03 +9.9969568840698808e-01 +9.9999927847639769e-01 +9.9999866670162563e-01 +9.9999775543471092e-01 +9.9999662775641351e-01 +5.9676843622869664e-05 +6.8712842856980149e-05 +7.2450148105970724e-05 +6.3474389930425658e-05 +4.7669000160780366e-05
 46.00000000 +1.0000000000001641e+00 +1.9999916820701904e+00 +1.9564513638646434e-03 +9.9969539084007641e-01 +9.9999929358795003e-01 +9.9999868451507457e-01 +9.9999775960222004e-01 +9.9999659875202407e-01 +6.5381259566839149e-05 +7.3340828318203089e-05 +7.1646088510374497e-05 +5.8213595257564356e-05 +4.3690931822938035e-05
 46.50000000 +1.0000000000001656e+00 +1.9999915004156443e+00 +1.9554309412720778e-03 +9.9969722830625707e-01 +9.9999930940786086e-01 +9.9999870085340981e-01 +9.9999775914511169e-01 +9.9999656263961789e-01 +7.1228493501602434e-05 +7.5927719626807830e-05 +6.8571667113885297e-05 +5.2813432757810602e-05 +4.1898335571044040e-05
 47.00000000 +1.0000000000001676e+00 +1.9999913167465138e+00 +1.9539581121766057e-03 +9.9970049178516096e-01 +9.9999932492072274e-01 +9.9999871443297605e-01 +9.9999775341232422e-01 +9.9999652038400566e-01 +7.6209809390661266e-05 +7.6136891159821356e-05 +6.3955717852570118e-05 +4.8363235975123072e-05 +4.2529411270816338e-05
 47.50000000 +1.0000000000001690e+00 +1.9999911310847469e+00 +1.9523773913459530e-03 +9.9970434312553180e-01 +9.9999933920446815e-01 +9.9999872448204774e-01 +9.9999774267287833e-01 +9.9999647395613600e-01 +7.9531506682727020e-05 +7.4085538815644222e-05 +5.8774424772821324e-05 +4.5690810928930625e-05 +4.5294278583891934e-05
 48.00000000 +1.0000000000001710e+00 +1.9999909434563183e+00 +1.9509860566166448e-03 +9.9970799998727022e-01 +9.9999935154722219e-01 +9.9999873081166024e-01 +9.9999772800095776e-01 +9.9999642593078930e-01 +8.0738549012692742e-05 +7.0293650967801079e-05 +5.4047988375958259e-05 +4.5212568988455554e-05 +4.9470965611144252e-05
 48.50000000 +1.0000000000001728e+00 +1.9999907538860588e+00 +1.9499860392155545e-03 +9.9971087491932420e-01 +9.9999936152709457e-01 +9.9999873379517012e-01 +9.9999771104264368e-01 +9.9999637901170380e-01 +7.9771096265809579e-05 +6.5562647104105089e-05 +5.0642208210339046e-05 +4.6876737804427772e-05 +5.4087015543184021e-05
 49.00000000 +1.0000000000001756e+00 +1.9999905623937526e+00 +1.9494645446213926e-03 +9.9971264803156090e-01 +9.9999936904752607e-01 +9.9999873426732488e-01 +9.9999769371064517e-01 +9.9999633556926748e-01 +7.6948513555058867e-05 +6.0810625664786326e-05 +4.9112941517130705e-05 +5.0205003498490388e-05 +5.8142290316874172e-05
 49.50000000 +1.0000000000001763e+00 +1.9999903689919725e+00 +1.9494020862220419e-03 +9.9971327050482928e-01 +9.9999937432692287e-01 +9.9999873336429923e-01 +9.9999767786090954e-01 +9.9999629726736028e-01 +7.2888507342483560e-05 +5.6897354394012205e-05 +4.9620563869758004e-05 +5.4417550621246756e-05 +6.0822700333037176e-05
 50.00000000 +1.0000000000001779e+00 +1.9999901736857286e+00 +1.9497008598864753e-03 +9.9971291168040510e-01 +9.9999937784724036e-01 +9.9999873233286440e-01 +9.9999766500346765e-01 +9.9999626483515935e-01 +6.8379890107733238e-05 +5.4471789362690637e-05 +5.1926185500563725e-05 +5.8610518344503973e-05 +6.1659918437552167e-05
 50.50000000 +1.0000000000001801e+00 +1.9999899764735003e+00 +1.9502231706701018e-03 +9.9971187256873995e-01 +9.9999938027105684e-01 +9.9999873233888070e-01 +9.9999765609015534e-01 +9.9999623801112847e-01 +6.4234335691121502e-05 +5.3868530087074292e-05 +5.5464767907161784e-05 +6.1946345885443692e-05 +6.0606741368929756e-05
 51.00000000 +1.0000000000001819e+00 +1.9999897773492301e+00 +1.9508292835087274e-03 +9.9971049186843575e-01 +9.9999938234022034e-01 +9.9999873430297281e-01 +9.9999765140638541e-01 +9.9999621565557784e-01 +6.1144420116829952e-05 +5.5068802517140566e-05 +5.9475757358595348e-05 +6.3817579403313416e-05 +5.8017867921281371e-05
 51.50000000 +1.0000000000001839e+00 +1.9999895763045152e+00 +1.9514062392662688e-03 +9.9970906730708242e-01 +9.9999938477075179e-01 +9.9999873878505419e-01 +9.9999765057565815e-01 +9.9999619600032663e-01 +5.9572246931014778e-05 +5.7728618743121701e-05 +6.3162088088727667e-05 +6.3952839354392482e-05 +5.4546768929088055e-05
 52.00000000 +1.0000000000001854e+00 +1.9999893733305896e+00 +1.9518829580388206e-03 +9.9970780708233420e-01 +9.9999938815837042e-01 +9.9999874593065763e-01 +9.9999765266721308e-01 +9.9999617698362764e-01 +5.9685903722833738e-05 +6.1264236289327448e-05 +6.5844974778967534e-05 +6.2447580923497722e-05 +5.0986483009641272e-05
 52.50000000 +1.0000000000001872e+00 +1.9999891684197186e+00 +1.9522311956551945e-03 +9.9970681602514155e-01 +9.9999939290683493e-01 +9.9999875548213135e-01 +9.9999765638197402e-01 +9.9999615660842367e-01 +6.1351415716654503e-05 +6.4975218894847161e-05 +6.7085032895940013e-05 +5.9718765659225217e-05 +4.8092163263920192e-05
 53.00000000 +1.0000000000001892e+00 +1.9999889615659192e+00 +1.9524555323551852e-03 +9.9970611158571943e-01 +9.9999939918751601e-01 +9.9999876684816902e-01 +9.9999766028172987e-01 +9.9999613326296166e-01 +6.4177619976357232e-05 +6.8179908415644328e-05 +6.6748864826729007e-05 +5.6398052708502870e-05 +4.6424388922251373e-05
 53.50000000 +1.0000000000001905e+00 +1.9999887527651021e+00 +1.9525777659534351e-03 +9.9970565807654699e-01 +9.9999940693392053e-01 +9.9999877921719116e-01 +9.9999766302258186e-01 +9.9999610595382349e-01 +6.7602329980375470e-05 +7.0337658303823699e-05 +6.5012266513463378e-05 +5.3189523542682353e-05 +4.6245018548498853e-05
 54.00000000 +1.0000000000001923e+00 +1.9999885420148600e+00 +1.9526215219374499e-03 +9.9970540501799687e-01 +9.9999941586977692e-01 +9.9999879169478556e-01 +9.9999766355608866e-01 +9.9999607441978844e-01 +7.1001801666095181e-05 +7.1136473244729054e-05 +6.2304063827619505e-05 +5.0723244380346324e-05 +4.7483859406807985e-05
 54.50000000 +1.0000000000001941e+00 +1.9999883293141760e+00 +1.9526017246275383e-03 +9.9970531697897269e-01 +9.9999942556466559e-01 +9.9999880344329328e-01 +9.9999766126937695e-01 +9.9999603911707313e-01 +7.3802769466149783e-05 +7.0532606654360205e-05 +5.9205725647555634e-05 +4.9434514111523970e-05 +4.9778011709990735e-05
 55.00000000 +1.0000000000001952e+00 +1.9999881146631606e+00 +1.9525213250997347e-03 +9.9970538701044842e-01 +9.9999943550755743e-01 +9.9999881380286004e-01 +9.9999765604717361e-01 +9.9999600108836384e-01 +7.5577409574900008e-05 +6.8738462228408670e-05 +5.6329288945921940e-05 +4.9491236681735108e-05 +5.2570147142443208e-05
 55.50000000 +1.0000000000001985e+00 +1.9999878980630319e+00 +1.9523750886497652e-03 +9.9970563198534790e-01 +9.9999944518656869e-01 +9.9999882237740434e-01 +9.9999764825209347e-01 +9.9999596174616356e-01 +7.6106031312779483e-05 +6.6164880691342362e-05 +5.4198617660259106e-05 +5.0780447226506186e-05 +5.5240476522021494e-05
 56.00000000 +1.0000000000001987e+00 +1.9999876795161882e+00 +1.9521580430653998e-03 +9.9970607404824396e-01 +9.9999945416300184e-01 +9.9999882907522941e-01 +9.9999763863242075e-01 +9.9999592261255976e-01 +7.5399064013819542e-05 +6.3331778315397206e-05 +5.3156488321247551e-05 +5.2952233296938690e-05 +5.7241905592386585e-05
 56.50000000 +1.0000000000002016e+00 +1.9999874590263593e+00 +1.9518749306315763e-03 +9.9970671639732478e-01 +9.9999946212931412e-01 +9.9999883410147117e-01 +9.9999762817720028e-01 +9.9999588506136594e-01 +7.3677633164135982e-05 +6.0765827028864627e-05 +5.3313320810063616e-05 +5.5507831980347519e-05 +5.8209521348324352e-05
 57.00000000 +1.0000000000002027e+00 +1.9999872365985929e+00 +1.9515469395062074e-03 +9.9970752286948084e-01 +9.9999946894359926e-01 +9.9999883790684063e-01 +9.9999761794503828e-01 +9.9999585010449232e-01 +7.1319277345010171e-05 +5.8904798978074948e-05 +5.4544160313632091e-05 +5.7910779205521510e-05 +5.8023215720539451e-05
 57.50000000 +1.0000000000002049e+00 +1.9999870122390184e+00 +1.9512130253948364e-03 +9.9970840918614157e-01 +9.9999947463722838e-01 +9.9999884110345161e-01 +9.9999760889520661e-01 +9.9999581825393968e-01 +6.8780910945742221e-05 +5.8025461742991798e-05 +5.6530743401609798e-05 +5.9696971149981036e-05 +5.6813837817229520e-05
 58.00000000 +1.0000000000002054e+00 +1.9999867859542690e+00 +1.9509249015303551e-03 +9.9970924990591525e-01 +9.9999947939643363e-01 +9.9999884436264674e-01 +9.9999760174707708e-01 +9.9999578947593915e-01 +6.6514146317040414e-05 +5.8206292773311581e-05 +5.8837079411388096e-05 +6.0561602024761638e-05 +5.4915992490688963e-05
 58.50000000 +1.0000000000002083e+00 +1.9999865577506661e+00 +1.9507367399610959e-03 +9.9970990030537354e-01 +9.9999948352257750e-01 +9.9999884831152608e-01 +9.9999759688766321e-01 +9.9999576323749473e-01 +6.4888225806552174e-05 +5.9329041704669260e-05 +6.1001463194240844e-05 +6.0407338947091693e-05 +5.2781666754389068e-05
 59.00000000 +1.0000000000002109e+00 +1.9999863276332597e+00 +1.9506922424552178e-03 +9.9971022793461684e-01 +9.9999948737862820e-01 +9.9999885344385897e-01 +9.9999759433803237e-01 +9.9999573863048241e-01 +6.4133282117411020e-05 +6.1115765623894619e-05 +6.2626043103307104e-05 +5.9347146060669106e-05 +5.0876038529597202e-05
 59.50000000 +1.0000000000002123e+00 +1.9999860956049627e+00 +1.9508125839053632e-03 +9.9971014565474670e-01 +9.9999949133097010e-01 +9.9999886005786198e-01 +9.9999759377945230e-01 +9.9999571454708980e-01 +6.4312100286346397e-05 +6.3191767775200891e-05 +6.3447047775081028e-05 +5.7664829491830362e-05 +4.9578885611380683e-05
 60.00000000 +1.0000000000002143e+00 +1.9999858616659940e+00 +1.9510886083140765e-03 +9.9970963728024198e-01 +9.9999949569558777e-01 +9.9999886822829698e-01 +9.9999759463071269e-01 +9.9999568987403920e-01 +6.5322952633048288e-05 +6.5160924430590826e-05 +6.3373841743664277e-05 +5.5744635688200999e-05 +4.9111937697690760e-05
 60.50000000 +1.0000000000002160e+00 +1.9999856258137623e+00 +1.9514796299061176e-03 +9.9970876862733071e-01 +9.9999950069627985e-01 +9.9999887781456065e-01 +9.9999759616068118e-01 +9.9999566367260762e-01 +6.6930483646194055e-05 +6.6678729245775895e-05 +6.2491906539863368e-05 +5.3986538269000879e-05 +4.9505371919011960e-05
 61.00000000 +1.0000000000002180e+00 +1.9999853880433216e+00 +1.9519195500520697e-03 +9.9970768031349699e-01 +9.9999950644008084e-01 +9.9999888850080099e-01 +9.9999759761583773e-01 +9.9999563531634594e-01 +6.8817011179882881e-05 +6.7510003206939091e-05 +6.1032144418781114e-05 +5.2725361005888947e-05 +5.0607294716116947e-05
 61.50000000 +1.0000000000002189e+00 +1.9999851483482798e+00 +1.9523291773266966e-03 +9.9970656312158768e-01 +9.9999951291192479e-01 +9.9999889985938439e-01 +9.9999759834162427e-01 +9.9999560456749037e-01 +7.0643707135214744e-05 +6.7562086077182167e-05 +5.9315139949845932e-05 +5.2169613128613894e-05 +5.2130652793225865e-05
 62.00000000 +1.0000000000002212e+00 +1.9999849067220801e+00 +1.9526320938502311e-03 +9.9970562100275639e-01 +9.9999951998752790e-01 +9.9999891142612651e-01 +9.9999759787901610e-01 +9.9999557158451025e-01 +7.2110289618709588e-05 +6.6889546944346072e-05 +5.7683078324961144e-05 +5.2370631325102176e-05 +5.3724574956095276e-05
 62.50000000 +1.0000000000002225e+00 +1.9999846631593237e+00 +1.9527705204478454e-03 +9.9970502980807741e-01 +9.9999952746070842e-01 +9.9999892277469737e-01 +9.9999759602296356e-01 +9.9999553686500020e-01 +7.3003070899247660e-05 +6.5671957916086542e-05 +5.6433308927449458e-05 +5.3225650033648510e-05 +5.5053081889965718e-05
 63.00000000 +1.0000000000002247e+00 +1.9999844176569315e+00 +1.9527175977326673e-03 +9.9970490091110042e-01 +9.9999953507961836e-01 +9.9999893357877379e-01 +9.9999759283640854e-01 +9.9999550113832014e-01 +7.3224077737678262e-05 +6.4171034779808163e-05 +5.5766044571294735e-05 +5.4511309034554952e-05 +5.5863990779635862e-05
 63.50000000 +1.0000000000002263e+00 +1.9999841702148866e+00 +1.9524833088407254e-03 +9.9970525780377839e-01 +9.9999954258552082e-01 +9.9999894365329545e-01 +9.9999758862103383e-01 +9.9999546522936322e-01 +7.2797851568073301e-05 +6.2676654683752652e-05 +5.5754925647741144e-05 +5.5938302785643433e-05 +5.6034373456222855e-05
 64.00000000 +1.0000000000002287e+00 +1.9999839208363734e+00 +1.9521127112173617e-03 +9.9970603082212095e-01 +9.9999954974810468e-01 +9.9999895297019525e-01 +9.9999758385272686e-01 +9.9999542991788015e-01 +7.1856681119204479e-05 +6.1452460723564070e-05 +5.6344070179666699e-05 +5.7214438607576174e-05 +5.5585039485259996e-05
 64.50000000 +1.0000000000002309e+00 +1.9999836695273272e+00 +1.9516768679815218e-03 +9.9970707110965829e-01 +9.9999955639250537e-01 +9.9999896164834445e-01 +9.9999757909469533e-01 +9.9999539581652808e-01 +7.0608676396941670e-05 +6.0690910750440094e-05 +5.7369871954230884e-05 +5.8102789590918941e-05 +5.4663690730161722e-05
 65.00000000 +1.0000000000002329e+00 +1.9999834162954571e+00 +1.9512584706382027e-03 +9.9970818071110779e-01 +9.9999956241504118e-01 +9.9999896992154791e-01 +9.9999757490376517e-01 +9.9999536328596506e-01 +6.9295667339861166e-05 +6.0485056857517854e-05 +5.8601248984607925e-05 +5.8463771732674638e-05 +5.3503018823252892e-05
 65.50000000 +1.0000000000002343e+00 +1.9999831611489332e+00 +1.9509352650240606e-03 +9.9970915225976054e-01 +9.9999956778673860e-01 +9.9999897809154514e-01 +9.9999757174527282e-01 +9.9999533239780036e-01 +6.8149050386151429e-05 +6.0820672434353598e-05 +5.9789087546909968e-05 +5.8274172736066104e-05 +5.2364736950578417e-05
 66.00000000 +1.0000000000002347e+00 +1.9999829040950292e+00 +1.9507647964309947e-03 +9.9970980981694169e-01 +9.9999957254568461e-01 +9.9999898647472163e-01 +9.9999756992938327e-01 +9.9999530294757311e-01 +6.7351340308437733e-05 +6.1588341508583491e-05 +6.0714697908280438e-05 +5.7621385600808204e-05 +5.1482521544611114e-05
 66.50000000 +1.0000000000002369e+00 +1.9999826451389568e+00 +1.9507736144187429e-03 +9.9971004240430617e-01 +9.9999957678076867e-01 +9.9999899535144177e-01 +9.9999756957722219e-01 +9.9999527451159387e-01 +6.7009510389131222e-05 +6.2611549266162556e-05 +6.1228194162113081e-05 +5.6676210673083238e-05 +5.1015911363349871e-05
 67.00000000 +1.0000000000002391e+00 +1.9999823842831468e+00 +1.9509530363933587e-03 +9.9970982356851490e-01 +9.9999958061033567e-01 +9.9999900492564830e-01 +9.9999757061976491e-01 +9.9999524653482930e-01 +6.7143628958434939e-05 +6.3684276287106822e-05 +6.1270441103972496e-05 +5.5651567748016921e-05 +5.1023828006383580e-05
 67.50000000 +1.0000000000002407e+00 +1.9999821215270452e+00 +1.9512621171891354e-03 +9.9970921346588237e-01 +9.9999958415953072e-01 +9.9999901530007640e-01 +9.9999757282693780e-01 +9.9999521843300110e-01 +6.7691352215706673e-05 +6.4610470105259767e-05 +6.0875906170448881e-05 +5.4756607759713252e-05 +5.1461479524505208e-05
 68.00000000 +1.0000000000002436e+00 +1.9999818568675332e+00 +1.9516369427288230e-03 +9.9970834371347372e-01 +9.9999958753977036e-01 +9.9999902646937144e-01 +9.9999757585973648e-01 +9.9999518969107193e-01 +6.8526056838892995e-05 +6.5238123721342065e-05 +6.0157620199840927e-05 +5.4155766364202051e-05 +5.2199160668726329e-05
 68.50000000 +1.0000000000002440e+00 +1.9999815902997762e+00 +1.9520040919823154e-03 +9.9970738879083865e-01 +9.9999959083294743e-01 +9.9999903833038983e-01 +9.9999757933503297e-01 +9.9999515994236754e-01 +6.9484256259967484e-05 +6.5482331051968236e-05 +5.9278733072685174e-05 +5.3940440481911900e-05 +5.3057008778071732e-05
 69.00000000 +1.0000000000002456e+00 +1.9999813218183846e+00 +1.9522953521181384e-03 +9.9970653035389689e-01 +9.9999959408192451e-01 +9.9999905070631134e-01 +9.9999758289163887e-01 +9.9999512901702925e-01 +7.0396753282716621e-05 +6.5334197521691923e-05 +5.8417276268564313e-05 +5.4117743511334359e-05 +5.3846979844278597e-05
 69.50000000 +1.0000000000002487e+00 +1.9999810514185932e+00 +1.9524606606317564e-03 +9.9970592194735741e-01 +9.9999959728768339e-01 +9.9999906337932065e-01 +9.9999758624686841e-01 +9.9999509695443733e-01 +7.1117856968937074e-05 +6.4855323989962166e-05 +5.7731415696869973e-05 +5.4616978903822924e-05 +5.4412610016964920e-05
 70.00000000 +1.0000000000002494e+00 +1.9999807790972897e+00 +1.9524767722903023e-03 +9.9970566112089532e-01 +9.9999960041254177e-01 +9.9999907612587469e-01 +9.9999758923539761e-01 +9.9999506398058724e-01 +7.1547855309622130e-05 +6.4160207408099466e-05 +5.7331702757086902e-05 +5.5310885165341717e-05 +5.4658475311965382e-05
 70.50000000 +1.0000000000002518e+00 +1.9999805048536572e+00 +1.9523501603688008e-03 +9.9970577406204064e-01 +9.9999960338808402e-01 +9.9999908874878485e-01 +9.9999759182575487e-01 +9.9999503045709892e-01 +7.1645544894388422e-05 +6.3390855948910940e-05 +5.7264893396599409e-05 +5.6046045007148397e-05 +5.4564180249543022e-05
 71.00000000 +1.0000000000002534e+00 +1.9999802286893433e+00 +1.9521139192888312e-03 +9.9970621503530166e-01 +9.9999960612602024e-01 +9.9999910110146295e-01 +9.9999759411378786e-01 +9.9999499681256521e-01 +7.1429625916135406e-05 +6.2688909024397334e-05 +5.7511283338494260e-05 +5.6675562150348124e-05 +5.4181431700281224e-05
 71.50000000 +1.0000000000002549e+00 +1.9999799506081686e+00 +1.9518196618145526e-03 +9.9970687980581918e-01 +9.9999960853014214e-01 +9.9999911310150824e-01 +9.9999759629630092e-01 +9.9999496346901762e-01 +7.0969791069837299e-05 +6.2170495431054901e-05 +5.7994766938119939e-05 +5.7087318356068881e-05 +5.3616426692384140e-05
 72.00000000 +1.0000000000002578e+00 +1.9999796706154458e+00 +1.9515263463471342e-03 +9.9970762948601977e-01 +9.9999961050769093e-01 +9.9999912473275643e-01 +9.9999759863091164e-01 +9.9999493077593382e-01 +7.0370020492521680e-05 +6.1908066995423590e-05 +5.8602500208819480e-05 +5.7222644895576775e-05 +5.3002635384102129e-05
 72.50000000 +1.0000000000002587e+00 +1.9999793887170600e+00 +1.9512884535842615e-03 +9.9970831941153915e-01 +9.9999961197884890e-01 +9.9999913603685919e-01 +9.9999760138987537e-01 +9.9999489896193838e-01 +6.9747684155418104e-05 +6.1921781531458384e-05 +5.9209537914687363e-05 +5.7082645865551138e-05 +5.2470572766828213e-05
 73.00000000 +1.0000000000002616e+00 +1.9999791049185203e+00 +1.9511458901508240e-03 +9.9970882703718456e-01 +9.9999961288354233e-01 +9.9999914709699722e-01 +9.9999760481589250e-01 +9.9999486811055693e-01 +6.9212418233155032e-05 +6.2181043585248454e-05 +5.9703327917743883e-05 +5.6722129660137116e-05 +5.2121137737915242e-05
 73.50000000 +1.0000000000002613e+00 +1.9999788192241432e+00 +1.9511174771200514e-03 +9.9970907348029181e-01 +9.9999961318517061e-01 +9.9999915801718520e-01 +9.9999760908676993e-01 +9.9999483816183554e-01 +6.8848391018201002e-05 +6.2614929229743018e-05 +6.0003475327328585e-05 +5.6233565817339476e-05 +5.2007708663350487e-05
 74.00000000 +1.0000000000002640e+00 +1.9999785316365373e+00 +1.9511990262860378e-03 +9.9970903500303976e-01 +9.9999961287136618e-01 +9.9999916890097273e-01 +9.9999761429379408e-01 +9.9999480893727200e-01 +6.8702637937780571e-05 +6.3128754005428172e-05 +6.0073533754582361e-05 +5.5725221806603384e-05 +5.2129847372110185e-05
 74.50000000 +1.0000000000002658e+00 +1.9999782421564405e+00 +1.9513660172001696e-03 +9.9970874299950130e-01 +9.9999961195210219e-01 +9.9999917983284514e-01 +9.9999762043586748e-01 +9.9999478018182153e-01 +6.8780843227751393e-05 +6.3623214767147951e-05 +5.9923405075559347e-05 +5.5298373494540517e-05 +5.2438762627065443e-05
 75.00000000 +1.0000000000002669e+00 +1.9999779507829269e+00 +1.9515799753991236e-03 +9.9970827342979263e-01 +9.9999961045578500e-01 +9.9999919086489297e-01 +9.9999762742882448e-01 +9.9999475161455575e-01 +6.9050538194986229e-05 +6.4012432409031172e-05 +5.9602838807191860e-05 +5.5028176413176218e-05 +5.2852221661503038e-05
 75.50000000 +1.0000000000002693e+00 +1.9999776575138886e+00 +1.9517969955155652e-03 +9.9970772863558011e-01 +9.9999960842397317e-01 +9.9999920201006853e-01 +9.9999763512683271e-01 +9.9999472297883207e-01 +6.9450425199369848e-05 +6.4237789108674984e-05 +5.9188147008356141e-05 +5.4951598754901409e-05 +5.3274865989091843e-05
 76.00000000 +1.0000000000002696e+00 +1.9999773623467338e+00 +1.9519765631195770e-03 +9.9970721571164622e-01 +9.9999960590544223e-01 +9.9999921324219931e-01 +9.9999764335121732e-01 +9.9999469408377828e-01 +6.9903624127111170e-05 +6.4275520895070055e-05 +5.8765311630222879e-05 +5.5064076331561555e-05 +5.3619174083076021e-05
 76.50000000 +1.0000000000002724e+00 +1.9999770652790683e+00 +1.9520889326909189e-03 +9.9970682591415871e-01 +9.9999960295028034e-01 +9.9999922450186496e-01 +9.9999765192130974e-01 +9.9999466483109412e-01 +7.0332195288262832e-05 +6.4137350791569267e-05 +5.8413015017764977e-05 +5.5324657300249996e-05 +5.3822664258189246e-05
 77.00000000 +1.0000000000002733e+00 +1.9999767663093162e+00 +1.9521197601247678e-03 +9.9970661897996127e-01 +9.9999959960455975e-01 +9.9999923570643157e-01 +9.9999766068213447e-01 +9.9999463522411847e-01 +7.0670347193989297e-05 +6.3864764675299044e-05 +5.8188776322827962e-05 +5.5667752081350133e-05 +5.3858163889663998e-05
 77.50000000 +1.0000000000002760e+00 +1.9999764654371024e+00 +1.9520713472354798e-03 +9.9970661491693980e-01 +9.9999959590613308e-01 +9.9999924676220908e-01 +9.9999766952488522e-01 +9.9999460535939189e-01 +7.0874228936452423e-05 +6.3518605112259478e-05 +5.8120465027683311e-05 +5.6018495173184328e-05 +5.3735737570766852e-05
 78.00000000 +1.0000000000002771e+00 +1.9999761626634032e+00 +1.9519605803609882e-03 +9.9970679413067542e-01 +9.9999959188183030e-01 +9.9999925757658958e-01 +9.9999767839764520e-01 +9.9999457540373760e-01 +7.0927005455675659e-05 +6.3166320034644928e-05 +5.8204218274644941e-05 +5.6308324306528081e-05 +5.3496742837533548e-05
 78.50000000 +1.0000000000002791e+00 +1.9999758579904066e+00 +1.9518142841150994e-03 +9.9970710505033133e-01 +9.9999958754632245e-01 +9.9999926806842665e-01 +9.9999768730575966e-01 +9.9999454556205991e-01 +7.0838851059163547e-05 +6.2869377219331344e-05 +5.8408480990109098e-05 +5.6487694408716763e-05 +5.3202064819386041e-05
 79.00000000 +1.0000000000002800e+00 +1.9999755514211790e+00 +1.9516631452716350e-03 +9.9970747704511043e-01 +9.9999958290263569e-01 +9.9999927817536038e-01 +9.9999769630293500e-01 +9.9999451604203715e-01 +7.0642397294448160e-05 +6.2673061986213364e-05 +5.8682770306405886e-05 +5.6533732396942473e-05 +5.2917571338852593e-05
 79.50000000 +1.0000000000002831e+00 +1.9999752429592053e+00 +1.9515355244801751e-03 +9.9970783562054155e-01 +9.9999957794421834e-01 +9.9999928785751802e-01 +9.9999770547555233e-01 +9.9999448702181881e-01 +7.0384885488145247e-05 +6.2600216430841528e-05 +5.8969029205013906e-05 +5.6451866867863149e-05 +5.2700083775020606e-05
 80.00000000 +1.0000000000002840e+00 +1.9999749326078955e+00 +1.9514523600340889e-03 +9.9970811675210147e-01 +9.9999957265821848e-01 +9.9999929709757496e-01 +9.9999771492345901e-01 +9.9999445862571779e-01 +7.0118699729103444e-05 +6.2649610925057494e-05 +5.9213177013767966e-05 +5.6271754927873710e-05 +5.2586701753040620e-05
 80.50000000 +1.0000000000002864e+00 +1.9999746203701603e+00 +1.9514240292637618e-03 +9.9970827770938908e-01 +9.9999956702958037e-01 +9.9999930589777386e-01 +9.9999772474075332e-01 +9.9999443091110818e-01 +6.9892050990407644e-05 +6.2798740413613928e-05 +5.9374683646825170e-05 +5.6038915225144723e-05 +5.2589322553268492e-05
 81.00000000 +1.0000000000002889e+00 +1.9999743062481252e+00 +1.9514495601900817e-03 +9.9970830268342414e-01 +9.9999956104536947e-01 +9.9999931427475808e-01 +9.9999773499958144e-01 +9.9999440386748384e-01 +6.9741366795143678e-05 +6.3010073471194929e-05 +5.9432597781100488e-05 +5.5804168278351001e-05 +5.2694924500754652e-05
 81.50000000 +1.0000000000002902e+00 +1.9999739902430289e+00 +1.9515180869856949e-03 +9.9970820271460104e-01 +9.9999955469881141e-01 +9.9999932225334953e-01 +9.9999774573921718e-01 +9.9999437742663466e-01 +6.9686483884587520e-05 +6.3239273660943009e-05 +5.9387291480941372e-05 +5.5613188268068227e-05 +5.2870931543229802e-05
 82.00000000 +1.0000000000002918e+00 +1.9999736723552908e+00 +1.9516120192597467e-03 +9.9970801057158398e-01 +9.9999954799249402e-01 +9.9999932986028384e-01 +9.9999775696151416e-01 +9.9999435148106630e-01 +6.9729147820085609e-05 +6.3443723616993429e-05 +5.9258063697881944e-05 +5.5498197599923819e-05 +5.3074001782579442e-05
 82.50000000 +1.0000000000002931e+00 +1.9999733525847283e+00 +1.9517111226566462e-03 +9.9970777212943551e-01 +9.9999954094032895e-01 +9.9999933711880340e-01 +9.9999776863270073e-01 +9.9999432590679105e-01 +6.9854709403420934e-05 +6.3589811379417732e-05 +5.9077502013588662e-05 +5.5473192714159317e-05 +5.3260057895560248e-05
 83.00000000 +1.0000000000002944e+00 +1.9999730309308510e+00 +1.9517966236408167e-03 +9.9970753629076003e-01 +9.9999953356804827e-01 +9.9999934404472735e-01 +9.9999778069046918e-01 +9.9999430058628824e-01 +7.0036380044262152e-05 +6.3657827763330757e-05 +5.8884007318075840e-05 +5.5533244404270556e-05 +5.3393361651235721e-05
 83.50000000 +1.0000000000002967e+00 +1.9999727073931834e+00 +1.9518545498813627e-03 +9.9970734553561802e-01 +9.9999952591218977e-01 +9.9999935064428791e-01 +9.9999779305460179e-01 +9.9999427542783614e-01 +7.0241046992985858e-05 +6.3643874621812109e-05 +5.8714072800889802e-05 +5.5657557460178929e-05 +5.3452875075171385e-05
 84.00000000 +1.0000000000002982e+00 +1.9999723819715605e+00 +1.9518777586693254e-03 +9.9970722881870522e-01 +9.9999951801776332e-01 +9.9999935691376873e-01 +9.9999780563902585e-01 +9.9999425037844292e-01 +7.0435497585577910e-05 +6.3558780359108729e-05 +5.8595777103199211e-05 +5.5815273505200618e-05 +5.3434905233707394e-05
 84.50000000 +1.0000000000003006e+00 +1.9999720546663020e+00 +1.9518664250071046e-03 +9.9970719787589502e-01 +9.9999950993496345e-01 +9.9999936284070234e-01 +9.9999781836323587e-01 +9.9999422542895233e-01 +7.0591961670296918e-05 +6.3424549432756258e-05 +5.8544561987965632e-05 +5.5972577956304904e-05 +5.3351906708471323e-05
 85.00000000 +1.0000000000003022e+00 +1.9999717254782980e+00 +1.9518270861879872e-03 +9.9970724721955428e-01 +9.9999950171540120e-01 +9.9999936840621639e-01 +9.9999783116137564e-01 +9.9999420061133382e-01 +7.0692119174006540e-05 +6.3269249689363186e-05 +5.8561819426554995e-05 +5.6099579121968438e-05 +5.3228120218192083e-05
 85.50000000 +1.0000000000003044e+00 +1.9999713944089743e+00 +1.9517706061137621e-03 +9.9970735736133143e-01 +9.9999949340841787e-01 +9.9999937358807045e-01 +9.9999784398787850e-01 +9.9999417598948281e-01 +7.0729074840227392e-05 +6.3121415324295417e-05 +5.8636231351573226e-05 +5.6175645517889857e-05 +5.3093299307473759e-05
 86.00000000 +1.0000000000003060e+00 +1.9999710614601720e+00 +1.9517095851202706e-03 +9.9970750024171151e-01 +9.9999948505795233e-01 +9.9999937836385744e-01 +9.9999785681921904e-01 +9.9999415164573757e-01 +7.0707200950686185e-05 +6.3005006155416465e-05 +5.8747300450816988e-05 +5.6192338265599403e-05 +5.2976027230530225e-05
 86.50000000 +1.0000000000003080e+00 +1.9999707266339517e+00 +1.9516557807386435e-03 +9.9970764555412550e-01 +9.9999947670039135e-01 +9.9999938271396416e-01 +9.9999786965204507e-01 +9.9999412766581486e-01 +7.0640118719523485e-05 +6.2935746489398446e-05 +5.8870167920034638e-05 +5.6153643716475342e-05 +5.2898038354241679e-05
 87.00000000 +1.0000000000003082e+00 +1.9999703899324057e+00 +1.9516180294018640e-03 +9.9970776665052485e-01 +9.9999946836360176e-01 +9.9999938662393328e-01 +9.9999788249844379e-01 +9.9999410412479361e-01 +7.0547370679732325e-05 +6.2919328544960211e-05 +5.8980679388116173e-05 +5.6073772064004915e-05 +5.2870589569427689e-05
 87.50000000 +1.0000000000003111e+00 +1.9999700513574719e+00 +1.9516009982182892e-03 +9.9970784496806053e-01 +9.9999946006721108e-01 +9.9999939008603655e-01 +9.9999789537948824e-01 +9.9999408107632293e-01 +7.0450492282436513e-05 +6.2951580309374841e-05 +5.9059734426188306e-05 +5.5973231486272406e-05 +5.2893385932639128e-05
 88.00000000 +1.0000000000003131e+00 +1.9999697109108154e+00 +1.9516048922991231e-03 +9.9970787234034997e-01 +9.9999945182395866e-01 +9.9999939309994545e-01 +9.9999790831827662e-01 +9.9999405854641921e-01 +7.0369209337063963e-05 +6.3020339707813708e-05 +5.9096200026063975e-05 +5.5874140801411133e-05 +5.2955982744159640e-05
 88.50000000 +1.0000000000003144e+00 +1.9999693685937705e+00 +1.9516260423521950e-03 +9.9970785104684490e-01 +9.9999944364184767e-01 +9.9999939567256579e-01 +9.9999792133365195e-01 +9.9999403653236385e-01 +7.0318381791658279e-05 +6.3108506471970489e-05 +5.9088018530895094e-05 +5.5795779260369378e-05 +5.3041088243165456e-05
 89.00000000 +1.0000000000003164e+00 +1.9999690244073607e+00 +1.9516581383420598e-03 +9.9970779190549430e-01 +9.9999943552668280e-01 +9.9999939781714220e-01 +9.9999793443546414e-01 +9.9999401500625185e-01 +7.0306116257090069e-05 +6.3197597837032996e-05 +5.9041518102091780e-05 +5.5751208538662801e-05 +5.3128869812721710e-05
 89.50000000 +1.0000000000003180e+00 +1.9999686783523618e+00 +1.9516937834485953e-03 +9.9970771104472311e-01 +9.9999942748456205e-01 +9.9999939955182215e-01 +9.9999794762190164e-01 +9.9999399392207755e-01 +7.0333223938519183e-05 +6.3271125155640528e-05 +5.8969265306034917e-05 +5.5745494773934906e-05 +5.3201267330721586e-05
 90.00000000 +1.0000000000003186e+00 +1.9999683304294116e+00 +1.9517260270219801e-03 +9.9970762615283604e-01 +9.9999941952395921e-01 +9.9999940089792971e-01 +9.9999796087904480e-01 +9.9999397322479000e-01 +7.0393954389508465e-05 +6.3317221133211640e-05 +5.8887028542411057e-05 +5.5775684807933119e-05 +5.3245434163262114e-05
 90.50000000 +1.0000000000003204e+00 +1.9999679806391233e+00 +1.9517495881735143e-03 +9.9970755298827008e-01 +9.9999941165709494e-01 +9.9999940187816827e-01 +9.9999797418240177e-01 +9.9999395285960890e-01 +7.0477730349284641e-05 +6.3330147200857018e-05 +5.8810517380404464e-05 +5.5832331655485081e-05 +5.3255709473332884e-05
 91.00000000 +1.0000000000003235e+00 +1.9999676289821924e+00 +1.9517615829998810e-03 +9.9970750277058251e-01 +9.9999940390044106e-01 +9.9999940251497077e-01 +9.9999798749991775e-01 +9.9999393278006299e-01 +7.0571474518403655e-05 +6.3310551721956453e-05 +5.8752524422220279e-05 +5.5902088100006160e-05 +5.3233896880276383e-05
 91.50000000 +1.0000000000003249e+00 +1.9999672754594744e+00 +1.9517616913993106e-03 +9.9970748081269500e-01 +9.9999939627435330e-01 +9.9999940282917665e-01 +9.9999800079581602e-01 +9.9999391295360907e-01 +7.0662069586523510e-05 +6.3264584620286368e-05 +5.8720946464560812e-05 +5.5970738144740760e-05 +5.3187997158758591e-05
 92.00000000 +1.0000000000003257e+00 +1.9999669200720125e+00 +1.9517518167422021e-03 +9.9970748646427599e-01 +9.9999938880197259e-01 +9.9999940283916167e-01 +9.9999801403458433e-01 +9.9999389336423317e-01 +7.0738526205377244e-05 +6.3202161850339062e-05 +5.8717941804862017e-05 +5.6026027577974262e-05 +5.3129839964346964e-05
 92.50000000 +1.0000000000003271e+00 +1.9999665628210421e+00 +1.9517353811120720e-03 +9.9970751417525050e-01 +9.9999938150759837e-01 +9.9999940256045350e-01 +9.9999802718446873e-01 +9.9999387401197981e-01 +7.0793534184422890e-05 +6.3134786441657330e-05 +5.8740239895542176e-05 +5.6059771663253343e-05 +5.3072229701995803e-05
 93.00000000 +1.0000000000003295e+00 +1.9999662037079458e+00 +1.9517164470123204e-03 +9.9970755530395583e-01 +9.9999937441484221e-01 +9.9999940200583659e-01 +9.9999804022004646e-01 +9.9999385490987835e-01 +7.0824214835686823e-05 +6.3073360745459652e-05 +5.8780405364271924e-05 +5.6068921855180278e-05 +5.3026244290119204e-05
 93.50000000 +1.0000000000003315e+00 +1.9999658427342073e+00 +1.9516988600933509e-03 +9.9970760021066707e-01 +9.9999936754484020e-01 +9.9999940118586317e-01 +9.9999805312361167e-01 +9.9999383607909509e-01 +7.0832047961186701e-05 +6.3026372571876687e-05 +5.8828707148065392e-05 +5.6055514021215537e-05 +5.2999215879240623e-05
 94.00000000 +1.0000000000003331e+00 +1.9999654799013422e+00 +1.9516855726689002e-03 +9.9970764019522351e-01 +9.9999936091479580e-01 +9.9999940010967003e-01 +9.9999806588535545e-01 +9.9999381754332073e-01 +7.0822087737709331e-05 +6.2998725154685196e-05 +5.8875175387843085e-05 +5.6025646533850532e-05 +5.2993718487651264e-05
 94.50000000 +1.0000000000003360e+00 +1.9999651152108389e+00 +1.9516782473486291e-03 +9.9970766893797303e-01 +9.9999935453701505e-01 +9.9999939878593402e-01 +9.9999807850246891e-01 +9.9999379932339971e-01 +7.0801685924212058e-05 +6.2991334741357890e-05 +5.8911446081304286e-05 +5.5987805647584782e-05 +5.3007642495185143e-05
 95.00000000 +1.0000000000003373e+00 +1.9999647486641214e+00 +1.9516771699396882e-03 +9.9970768325374182e-01 +9.9999934841852878e-01 +9.9999939722381981e-01 +9.9999809097747561e-01 +9.9999378143302087e-01 +7.0778995492447460e-05 +6.3001469986954657e-05 +5.8932082422713393e-05 +5.5950942002476306e-05 +5.3035205197070723e-05
 95.50000000 +1.0000000000003382e+00 +1.9999643802625218e+00 +1.9516814362461738e-03 +9.9970768313154301e-01 +9.9999934256129952e-01 +9.9999939543379746e-01 +9.9999810331614769e-01 +9.9999376387606032e-01 +7.0761530005850645e-05 +6.3023681004892827e-05 +5.8935196848233911e-05 +5.5922699460687982e-05 +5.3068575524695210e-05
 96.00000000 +1.0000000000003404e+00 +1.9999640100072875e+00 +1.9516893303578959e-03 +9.9970767117438453e-01 +9.9999933696290833e-01 +9.9999939342819588e-01 +9.9999811552537243e-01 +9.9999374664576490e-01 +7.0755010084125005e-05 +6.3051082184204798e-05 +5.8922348273390117e-05 +5.5908117517347003e-05 +5.3099707018634781e-05
 96.50000000 +1.0000000000003431e+00 +1.9999636378995900e+00 +1.9516987889292661e-03 +9.9970765164940034e-01 +9.9999933161756505e-01 +9.9999939122143722e-01 +9.9999812761129114e-01 +9.9999372972567591e-01 +7.0762651307956919e-05 +6.3076721053498665e-05 +5.8897825118126204e-05 +5.5908996545270445e-05 +5.3121982320612861e-05
 97.00000000 +1.0000000000003439e+00 +1.9999632639405576e+00 +1.9517078474381557e-03 +9.9970762939740265e-01 +9.9999932651727974e-01 +9.9999938882994344e-01 +9.9999813957795325e-01 +9.9999371309194263e-01 +7.0784955017663386e-05 +6.3094784545301015e-05 +5.8867523168909694e-05 +5.5923963356285958e-05 +5.3131361111685615e-05
 97.50000000 +1.0000000000003468e+00 +1.9999628881313061e+00 +1.9517149860903259e-03 +9.9970760883452414e-01 +9.9999932165299932e-01 +9.9999938627174212e-01 +9.9999815142660387e-01 +9.9999369671645788e-01 +7.0819972208257693e-05 +6.3101454136412088e-05 +5.8837674778041629e-05 +5.5949134946445602e-05 +5.3126863338378495e-05
 98.00000000 +1.0000000000003482e+00 +1.9999625104729697e+00 +1.9517193271786661e-03 +9.9970759321955172e-01 +9.9999931701554989e-01 +9.9999938356582974e-01 +9.9999816315561030e-01 +9.9999368057021898e-01 +7.0863936155561507e-05 +6.3095306690199961e-05 +5.8813680149475539e-05 +5.5979176328234681e-05 +5.3110375657453181e-05
 98.50000000 +1.0000000000003499e+00 +1.9999621309667208e+00 +1.9517206733780982e-03 +9.9970758427788542e-01 +9.9999931259631447e-01 +9.9999938073142103e-01 +9.9999817476096320e-01 +9.9999366462637107e-01 +7.0912111820819952e-05 +6.3077250184435336e-05 +5.8799240430271643e-05 +5.6008498926270581e-05 +5.3085907432824842e-05
 99.00000000 +1.0000000000003504e+00 +1.9999617496137800e+00 +1.9517194095143382e-03 +9.9970758218706146e-01 +9.9999930838756046e-01 +9.9999937778715564e-01 +9.9999818623717307e-01 +9.9999364886247621e-01 +7.0959693916749375e-05 +6.3050065780563425e-05 +5.8795911280034982e-05 +5.6032351879305026e-05 +5.3058517469956844e-05
 99.50000000 +1.0000000000003533e+00 +1.9999613664154154e+00 +1.9517163129658152e-03 +9.9970758585743924e-01 +9.9999930438246309e-01 +9.9999937475040024e-01 +9.9999819757839736e-01 +9.9999363326178414e-01 +7.1002599378278085e-05 +6.3017686782616613e-05 +5.8803103346372908e-05 +5.6047611416890892e-05 +5.3033170358436896e-05
100.00000000 +1.0000000000003544e+00 +1.9999609813729480e+00 +1.9517123273422603e-03 +9.9970759339638982e-01 +9.9999930057484621e-01 +9.9999937163668984e-01 +9.9999820877956602e-01 +9.9999361781341656e-01 +7.1038037627640566e-05 +6.2984373636749516e-05 +5.8818471057253905e-05 +5.6053156912705120e-05 +5.3013761630637588e-05
100.50000000 +1.0000000000003562e+00 +1.9999605944877272e+00 +1.9517083508732488e-03 +9.9970760262969494e-01 +9.9999929695876977e-01 +9.9999936845940718e-01 +9.9999821983737536e-01 +9.9999360251163161e-01 +7.1064794059765243e-05 +6.2953941239745330e-05 +5.8838568022687115e-05 +5.6049816122854184e-05 +5.3002485458832840e-05
101.00000000 +1.0000000000003584e+00 +1.9999602057611181e+00 +1.9517050779928095e-03 +9.9970761156713783e-01 +9.9999929352802830e-01 +9.9999936522966237e-01 +9.9999823075099004e-01 +9.9999358735437116e-01 +7.1083218039820787e-05 +6.2929165116927638e-05 +5.8859614817823036e-05 +5.6039946989864465e-05 +5.2999626639098425e-05
101.50000000 +1.0000000000003602e+00 +1.9999598151944926e+00 +1.9517029143497019e-03 +9.9970761873273972e-01 +9.9999929027568357e-01 +9.9999936195639805e-01 +9.9999824152240069e-01 +9.9999357234145814e-01 +7.1094956601191984e-05 +6.2911445242810389e-05 +5.8878224907970511e-05 +5.6026784059294861e-05 +5.3003762309252256e-05
102.00000000 +1.0000000000003613e+00 +1.9999594227892152e+00 +1.9517019666330240e-03 +9.9970762332312524e-01 +9.9999928719370290e-01 +9.9999935864665579e-01 +9.9999825215642846e-01 +9.9999355747276952e-01 +7.1102511461571186e-05 +6.2900751160977777e-05 +5.8891962645619978e-05 +5.6013705546405310e-05 +5.3012278311223914e-05
102.50000000 +1.0000000000003628e+00 +1.9999590285466484e+00 +1.9517020931683682e-03 +9.9970762519951684e-01 +9.9999928427275797e-01 +9.9999935530594353e-01 +9.9999826266041336e-01 +9.9999354274667673e-01 +7.1108715689069909e-05 +6.2895820208100616e-05 +5.8899654687921808e-05 +5.6003571384801546e-05 +5.3022054537145119e-05
103.00000000 +1.0000000000003655e+00 +1.9999586324681293e+00 +1.9517029917610013e-03 +9.9970762475145636e-01 +9.9999928150221185e-01 +9.9999935193863099e-01 +9.9999827304367428e-01 +9.9999352815897413e-01 +7.1116226624580987e-05 +6.2894540660632934e-05 +5.8901431579431180e-05 +5.5998248813646086e-05 +5.3030159202335192e-05
103.50000000 +1.0000000000003670e+00 +1.9999582345549938e+00 +1.9517042985726244e-03 +9.9970762268850488e-01 +9.9999927887027618e-01 +9.9999934854831218e-01 +9.9999828331683271e-01 +9.9999351370239631e-01 +7.1127115945396999e-05 +6.2894428865714003e-05 +5.8898528403889929e-05 +5.5998390500833656e-05 +5.3034411797779599e-05
104.00000000 +1.0000000000003684e+00 +1.9999578348085749e+00 +1.9517056751655484e-03 +9.9970761981898160e-01 +9.9999927636432839e-01 +9.9999934513809030e-01 +9.9999829349112845e-01 +9.9999349936672677e-01 +7.1142610813565408e-05 +6.2893105515944976e-05 +5.8892913229371205e-05 +5.6003473179249647e-05 +5.3033719850295758e-05
104.50000000 +1.0000000000003695e+00 +1.9999574332301999e+00 +1.9517068683418547e-03 +9.9970761686457332e-01 +9.9999927397131594e-01 +9.9999934171073157e-01 +9.9999830357779840e-01 +9.9999348513939679e-01 +7.1163007881789279e-05 +6.2888689292257154e-05 +5.8886833954790382e-05 +5.6012053990018048e-05 +5.3028152915367822e-05
105.00000000 +1.0000000000003715e+00 +1.9999570298212102e+00 +1.9517077366253883e-03 +9.9970761434124356e-01 +9.9999927167821334e-01 +9.9999933826870879e-01 +9.9999831358760127e-01 +9.9999347100642610e-01 +7.1187750570725751e-05 +6.2880051538301683e-05 +5.8882376568070742e-05 +5.6022166077546226e-05 +5.3018774912063302e-05
105.50000000 +1.0000000000003735e+00 +1.9999566245829472e+00 +1.9517082458483104e-03 +9.9970761251573170e-01 +9.9999926947246487e-01 +9.9999933481411740e-01 +9.9999832353052509e-01 +9.9999345695350339e-01 +7.1215634560442903e-05 +6.2866907324125409e-05 +5.8881112984029550e-05 +5.6031759227561102e-05 +5.3007301429721850e-05
106.00000000 +1.0000000000003755e+00 +1.9999562175167671e+00 +1.9517084425525984e-03 +9.9970761142827502e-01 +9.9999926734238298e-01 +9.9999933134851304e-01 +9.9999833341569266e-01 +9.9999344296703996e-01 +7.1245090254017787e-05 +6.2849749840586101e-05 +5.8883889629115985e-05 +5.6039095757769745e-05 +5.2995674493384739e-05
106.50000000 +1.0000000000003768e+00 +1.9999558086240363e+00 +1.9517084168952177e-03 +9.9970761095955762e-01 +9.9999926527744853e-01 +9.9999932787269930e-01 +9.9999834325142911e-01 +9.9999342903502642e-01 +7.1274485459895491e-05 +6.2829661074342800e-05 +5.8890775386660620e-05 +5.6043032820702291e-05 +5.2985650983073337e-05
107.00000000 +1.0000000000003793e+00 +1.9999553979061369e+00 +1.9517082664426443e-03 +9.9970761091489357e-01 +9.9999926326853006e-01 +9.9999932438650896e-01 +9.9999835304546358e-01 +9.9999341514760653e-01 +7.1302396126406026e-05 +6.2808048412355829e-05 +5.8901156112920914e-05 +5.6043153448791731e-05 +5.2978484794569262e-05
107.50000000 +1.0000000000003799e+00 +1.9999549853644492e+00 +1.9517080693799628e-03 +9.9970761110088979e-01 +9.9999926130797778e-01 +9.9999932088861243e-01 +9.9999836280519649e-01 +9.9999340129730352e-01 +7.1327805478937377e-05 +6.2786362621746166e-05 +5.8913938237258153e-05 +5.6039742670710483e-05 +5.2974752913956067e-05
108.00000000 +1.0000000000003824e+00 +1.9999545710003679e+00 +1.9517078714053979e-03 +9.9970761137738962e-01 +9.9999925938965351e-01 +9.9999931737639725e-01 +9.9999837253798862e-01 +9.9999338747894739e-01 +7.1350209181214057e-05 +6.2765848071353811e-05 +5.8927809521597583e-05 +5.6033634957306755e-05 +5.2974339805523392e-05
108.50000000 +1.0000000000003848e+00 +1.9999541548152970e+00 +1.9517076861955919e-03 +9.9970761167749667e-01 +9.9999925750886642e-01 +9.9999931384590679e-01 +9.9999838225139914e-01 +9.9999337368932539e-01 +7.1369622651514116e-05 +6.2747363359697420e-05 +5.8941502054864557e-05 +5.6025979969067652e-05 +5.2976560894613526e-05
109.00000000 +1.0000000000003864e+00 +1.9999537368106410e+00 +1.9517075058697239e-03 +9.9970761199825520e-01 +9.9999925566228043e-01 +9.9999931029187794e-01 +9.9999839195335427e-01 +9.9999335992668414e-01 +7.1386503189700855e-05 +6.2731293035681921e-05 +5.8954009924428756e-05 +5.6017982422737260e-05 +5.2980380908623075e-05
109.50000000 +1.0000000000003886e+00 +1.9999533169878141e+00 +1.9517073160015678e-03 +9.9970761237169170e-01 +9.9999925384779831e-01 +9.9999930670784176e-01 +9.9999840165221487e-01 +9.9999334619016145e-01 +7.1401611674586283e-05 +6.2717552542202289e-05 +5.8964728929130801e-05 +5.6010668869905766e-05 +5.2984670219320553e-05
110.00000000 +1.0000000000003890e+00 +1.9999528953482382e+00 +1.9517071095916110e-03 +9.9970761282925813e-01 +9.9999925206444651e-01 +9.9999930308628548e-01 +9.9999841135673007e-01 +9.9999333247925870e-01 +7.1415844913933976e-05 +6.2705672236901741e-05 +5.8973504392154853e-05 +5.6004721554651065e-05 +5.2988442870678649e-05
110.50000000 +1.0000000000003915e+00 +1.9999524718933361e+00 +1.9517068957390206e-03 +9.9970761337215341e-01 +9.9999925031229253e-01 +9.9999929941885501e-01 +9.9999842107591053e-01 +9.9999331879342979e-01 +7.1430070060435289e-05 +6.2694934830879556e-05 +5.8980591667437261e-05 +5.6000401071525545e-05 +5.2991031686094207e-05
111.00000000 +1.0000000000003928e+00 +1.9999520466245435e+00 +1.9517067009661945e-03 +9.9970761395621766e-01 +9.9999924859237488e-01 +9.9999929569655799e-01 +9.9999843081881856e-01 +9.9999330513182627e-01 +7.1444987653558969e-05 +6.2684535135794142e-05 +5.8986548974748331e-05 +5.5997559629012686e-05 +5.2992174777183899e-05
111.50000000 +1.0000000000003950e+00 +1.9999516195433011e+00 +1.9517065635502298e-03 +9.9970761449475065e-01 +9.9999924690668851e-01 +9.9999929190997905e-01 +9.9999844059433063e-01 +9.9999329149322636e-01 +7.1461041354262163e-05 +6.2673731686432581e-05 +5.8992091526880130e-05 +5.5995729339707167e-05 +5.2992009093983260e-05
112.00000000 +1.0000000000003977e+00 +1.9999511906510528e+00 +1.9517065231746296e-03 +9.9970761487702586e-01 +9.9999924525818840e-01 +9.9999928804945426e-01 +9.9999845041089053e-01 +9.9999327787613002e-01 +7.1478382227376603e-05 +6.2661965604749942e-05 +5.8997938667573700e-05 +5.5994258046145371e-05 +5.2990985754362115e-05
112.50000000 +1.0000000000003992e+00 +1.9999507599492503e+00 +1.9517066093030584e-03 +9.9970761499615601e-01 +9.9999924365082138e-01 +9.9999928410522088e-01 +9.9999846027628703e-01 +9.9999326427897117e-01 +7.1496885418692447e-05 +6.2648931249144408e-05 +5.9004682379157201e-05 +5.5992460218394096e-05 +5.2989735275352353e-05
113.00000000 +1.0000000000004019e+00 +1.9999503274393458e+00 +1.9517068317405528e-03 +9.9970761477787851e-01 +9.9999924208957125e-01 +9.9999928006753525e-01 +9.9999847019748367e-01 +9.9999325070042000e-01 +7.1516208879251838e-05 +6.2634593677265480e-05 +5.9012697544677520e-05 +5.5989752356996550e-05 +5.2988916662365068e-05
113.50000000 +1.0000000000004023e+00 +1.9999498931228012e+00 +1.9517071760018238e-03 +9.9970761420221277e-01 +9.9999924058049661e-01 +9.9999927592674154e-01 +9.9999848018049520e-01 +9.9999323713968646e-01 +7.1535878483076240e-05 +6.2619157748419638e-05 +5.9022103877286728e-05 +5.5985749735005836e-05 +5.2989082537109299e-05
114.00000000 +1.0000000000004043e+00 +1.9999494570010778e+00 +1.9517076046705391e-03 +9.9970761331234637e-01 +9.9999923913076516e-01 +9.9999927167333647e-01 +9.9999849023034160e-01 +9.9999322359680920e-01 +7.1555381908830842e-05 +6.2603001221109080e-05 +5.9032778717223632e-05 +5.5980312001914514e-05 +5.2990584575356294e-05
114.50000000 +1.0000000000004059e+00 +1.9999490190756430e+00 +1.9517080643281590e-03 +9.9970761220863202e-01 +9.9999923774864852e-01 +9.9999926729799082e-01 +9.9999850035104254e-01 +9.9999321007285635e-01 +7.1574254841237010e-05 +6.2586588505588595e-05 +5.9044410911159678e-05 +5.5973536638228206e-05 +5.2993531964275431e-05
115.00000000 +1.0000000000004079e+00 +1.9999485793479648e+00 +1.9517084962648655e-03 +9.9970761102944228e-01 +9.9999923644350408e-01 +9.9999926279158713e-01 +9.9999851054566291e-01 +9.9999319657004337e-01 +7.1592146731654416e-05 +6.2570382551013212e-05 +5.9056580092926512e-05 +5.5965709205253122e-05 +5.2997803220026767e-05
115.50000000 +1.0000000000004112e+00 +1.9999481378195259e+00 +1.9517088483627539e-03 +9.9970760992363306e-01 +9.9999923522571055e-01 +9.9999925814524437e-01 +9.9999852081637952e-01 +9.9999318309174900e-01 +7.1608858565852632e-05 +6.2554770060508846e-05 +5.9068843480140115e-05 +5.5957226120912067e-05 +5.3003101111421103e-05
116.00000000 +1.0000000000004117e+00 +1.9999476944918049e+00 +1.9517090854037889e-03 +9.9970760902112255e-01 +9.9999923410657066e-01 +9.9999925335035822e-01 +9.9999853116455095e-01 +9.9999316964243490e-01 +7.1624350743106397e-05 +6.2540010691406725e-05 +5.9080813632731180e-05 +5.5948508499417127e-05 +5.3009033456520554e-05
116.50000000 +1.0000000000004139e+00 +1.9999472493662920e+00 +1.9517091955690972e-03 +9.9970760840814388e-01 +9.9999923309820082e-01 +9.9999924839866150e-01 +9.9999854159079327e-01 +9.9999315622751506e-01 +7.1638724285513598e-05 +6.2526215226048305e-05 +5.9092214716684275e-05 +5.5939924487100549e-05 +5.3015200040347188e-05
117.00000000 +1.0000000000004152e+00 +1.9999468024444897e+00 +1.9517091918820381e-03 +9.9970760811228221e-01 +9.9999923221337061e-01 +9.9999924328228751e-01 +9.9999855209501698e-01 +9.9999314285316410e-01 +7.1652182418497257e-05 +6.2513352032161508e-05 +5.9102910526359650e-05 +5.5931733306935733e-05 +5.3021267671699936e-05
117.50000000 +1.0000000000004170e+00 +1.9999463537279014e+00 +1.9517091085374267e-03 +9.9970760809999060e-01 +9.9999923146535308e-01 +9.9999923799386325e-01 +9.9999856267645293e-01 +9.9999312952613584e-01 +7.1664981666427627e-05 +6.2501276438398502e-05 +5.9112903572301161e-05 +5.5924058157721195e-05 +5.3027020455723987e-05
118.00000000 +1.0000000000004190e+00 +1.9999459032180440e+00 +1.9517089931678944e-03 +9.9970760828639016e-01 +9.9999923086775000e-01 +9.9999923252659806e-01 +9.9999857333364650e-01 +9.9999311625358778e-01 +7.1677381910216313e-05 +6.2489774584009866e-05 +5.9122309799977969e-05 +5.5916888625164980e-05 +5.3032379203914237e-05
118.50000000 +1.0000000000004208e+00 +1.9999454509164400e+00 +1.9517088968882218e-03 +9.9970760855459739e-01 +9.9999923043432737e-01 +9.9999922687438703e-01 +9.9999858406443132e-01 +9.9999310304295042e-01 +7.1689603581728053e-05 +6.2478612137194334e-05 +5.9131317146607113e-05 +5.5910107638562551e-05 +5.3037390905918265e-05
119.00000000 +1.0000000000004228e+00 +1.9999449968246177e+00 +1.9517088642874779e-03 +9.9970760878004583e-01 +9.9999923017885517e-01 +9.9999922103191885e-01 +9.9999859486588560e-01 +9.9999308990184199e-01 +7.1701797770395612e-05 +6.2467578921987548e-05 +5.9140137762773438e-05 +5.5903534175302166e-05 +5.3042194936873079e-05
119.50000000 +1.0000000000004239e+00 +1.9999445409441103e+00 +1.9517089253799753e-03 +9.9970760885458587e-01 +9.9999923011495095e-01 +9.9999921499476196e-01 +9.9999860573428800e-01 +9.9999307683802918e-01 +7.1714032052996065e-05 +6.2456522560756249e-05 +5.9148963343401270e-05 +5.5896971322137774e-05 +5.3046976224564430e-05
120.00000000 +1.0000000000004265e+00 +1.9999440832764601e+00 +1.9517090909606908e-03 +9.9970760870564845e-01 +9.9999923025595094e-01 +9.9999920875946380e-01 +9.9999861666507617e-01 +9.9999306385944287e-01 +7.1726291895916588e-05 +6.2445367157277796e-05 +5.9157931005561262e-05 +5.5890249901889494e-05 +5.3051916588959006e-05
120.50000000 +1.0000000000004277e+00 +1.9999436238232096e+00 +1.9517093519982533e-03 +9.9970760830711636e-01 +9.9999923061477147e-01 +9.9999920232361150e-01 +9.9999862765281078e-01 +9.9999305097420566e-01 +7.1738494999891794e-05 +6.2434116185837920e-05 +5.9167104128811196e-05 +5.5883260215133485e-05 +5.3057154093472368e-05
121.00000000 +1.0000000000004297e+00 +1.9999431625859052e+00 +1.9517096828334582e-03 +9.9970760768054290e-01 +9.9999923120380652e-01 +9.9999919568590123e-01 +9.9999863869116601e-01 +9.9999303819069629e-01 +7.1750514286734017e-05 +6.2422841546185879e-05 +5.9176469234742869e-05 +5.5875967818623504e-05 +5.3062757150316912e-05
121.50000000 +1.0000000000004310e+00 +1.9999426995661056e+00 +1.9517100472177728e-03 +9.9970760688733773e-01 +9.9999923203481311e-01 +9.9999918884617001e-01 +9.9999864977293229e-01 +9.9999302551759539e-01 +7.1762204510296456e-05 +6.2411662771589451e-05 +5.9185946971806760e-05 +5.5868412872086571e-05 +5.3068716181097039e-05
122.00000000 +1.0000000000004332e+00 +1.9999422347653644e+00 +1.9517104057610931e-03 +9.9970760601429776e-01 +9.9999923311881656e-01 +9.9999918180543379e-01 +9.9999866089004552e-01 +9.9999301296393128e-01 +7.1773427676737170e-05 +6.2400721413292113e-05 +5.9195413075187071e-05 +5.5860695718429709e-05 +5.3074951757667639e-05
122.50000000 +1.0000000000004350e+00 +1.9999417681852460e+00 +1.9517107232265389e-03 +9.9970760515585455e-01 +9.9999923446600969e-01 +9.9999917456588927e-01 +9.9999867203362447e-01 +9.9999300053909101e-01 +7.1784073404945834e-05 +6.2390155649166845e-05 +5.9204724053367600e-05 +5.5852953506759111e-05 +5.3081335090844099e-05
123.00000000 +1.0000000000004361e+00 +1.9999412998273201e+00 +1.9517109743026832e-03 +9.9970760439675499e-01 +9.9999923608565811e-01 +9.9999916713092440e-01 +9.9999868319403062e-01 +9.9999298825281546e-01 +7.1794071777026784e-05 +6.2380079332441206e-05 +5.9213742342548100e-05 +5.5845333577047791e-05 +5.3087714969064796e-05
123.50000000 +1.0000000000004390e+00 +1.9999408296931629e+00 +1.9517111469248435e-03 +9.9970760379835144e-01 +9.9999923798600809e-01 +9.9999915950510609e-01 +9.9999869436093203e-01 +9.9999297611515769e-01 +7.1803397817252004e-05 +6.2370568284372062e-05 +5.9222356594065443e-05 +5.5837969024697500e-05 +5.3093944918913712e-05
124.00000000 +1.0000000000004405e+00 +1.9999403577843571e+00 +1.9517112427906551e-03 +9.9970760339067244e-01 +9.9999924017418551e-01 +9.9999915169416631e-01 +9.9999870552336478e-01 +9.9999296413641869e-01 +7.1812068212894612e-05 +6.2361654973769619e-05 +5.9230494305859117e-05 +5.5830960600711401e-05 +5.3099905301884680e-05
124.50000000 +1.0000000000004416e+00 +1.9999398841024945e+00 +1.9517112752921984e-03 +9.9970760317110319e-01 +9.9999924265610707e-01 +9.9999914370498377e-01 +9.9999871666980933e-01 +9.9999295232707608e-01 +7.1820132032243998e-05 +6.2353331136980145e-05 +5.9238125802959959e-05 +5.5824367267726559e-05 +5.3105516889240754e-05
125.00000000 +1.0000000000004436e+00 +1.9999394086491722e+00 +1.9517112655529144e-03 +9.9970760310913442e-01 +9.9999924543639263e-01 +9.9999913554556130e-01 +9.9999872778824916e-01 +9.9999294069769384e-01 +7.1827657873239204e-05 +6.2345556631610366e-05 +5.9245260255619003e-05 +5.5818205758025621e-05 +5.3110744669132494e-05
125.50000000 +1.0000000000004454e+00 +1.9999389314259952e+00 +1.9517112375350475e-03 +9.9970760315557627e-01 +9.9999924851827393e-01 +9.9999912722499362e-01 +9.9999873886622836e-01 +9.9999292925883843e-01 +7.1834720055761263e-05 +6.2338272046113066e-05 +5.9251935715780140e-05 +5.5812457757468717e-05 +5.3115592741511211e-05
126.00000000 +1.0000000000004472e+00 +1.9999384524345758e+00 +1.9517112132411884e-03 +9.9970760325400310e-01 +9.9999925190352723e-01 +9.9999911875344438e-01 +9.9999874989091120e-01 +9.9999291802100232e-01 +7.1841386202995655e-05 +6.2331412356888310e-05 +5.9258205886855939e-05 +5.5807082149714653e-05 +5.3120092752602006e-05
126.50000000 +1.0000000000004483e+00 +1.9999379716765289e+00 +1.9517112088881872e-03 +9.9970760335203024e-01 +9.9999925559240632e-01 +9.9999911014210585e-01 +9.9999876084912864e-01 +9.9999290699453569e-01 +7.1847707957595398e-05 +6.2324919186390924e-05 +5.9264126478023882e-05 +5.5802029233865808e-05 +5.3124289180492942e-05
127.00000000 +1.0000000000004496e+00 +1.9999374891534818e+00 +1.9517112326376985e-03 +9.9970760341038534e-01 +9.9999925958359526e-01 +9.9999910140316750e-01 +9.9999877172743012e-01 +9.9999289618960185e-01 +7.1853715796672008e-05 +6.2318749845997572e-05 +5.9269743605217540e-05 +5.5797253964633945e-05 +5.3128224857640019e-05
127.50000000 +1.0000000000004516e+00 +1.9999370048670631e+00 +1.9517112841003249e-03 +9.9970760340839016e-01 +9.9999926387417204e-01 +9.9999909254976826e-01 +9.9999878251213237e-01 +9.9999288561613320e-01 +7.1859418100914815e-05 +6.2312882180040236e-05 +5.9275085940855212e-05 +5.5792725925205124e-05 +5.3131929517857436e-05
128.00000000 +1.0000000000004539e+00 +1.9999365188189064e+00 +1.9517113554707894e-03 +9.9970760334532871e-01 +9.9999926845958886e-01 +9.9999908359594614e-01 +9.9999879318936524e-01 +9.9999287528381076e-01 +7.1864803931424824e-05 +6.2307315089256741e-05 +5.9280161378116662e-05 +5.5788434720658040e-05 +5.3135413111262326e-05
128.50000000 +1.0000000000004559e+00 +1.9999360310106560e+00 +1.9517114338668082e-03 +9.9970760323801222e-01 +9.9999927333367189e-01 +9.9999907455658388e-01 +9.9999880374513006e-01 +9.9999286520204489e-01 +7.1869848468055064e-05 +6.2302065353210976e-05 +5.9284958057547070e-05 +5.5784390540600706e-05 +5.3138664417609362e-05
129.00000000 +1.0000000000004579e+00 +1.9999355414439526e+00 +1.9517115042790526e-03 +9.9970760311549167e-01 +9.9999927848863102e-01 +9.9999906544734174e-01 +9.9999881416535363e-01 +9.9999285537996463e-01 +7.1874519812036700e-05 +6.2297161887158006e-05 +5.9289448863142098e-05 +5.5780620573018555e-05 +5.3141654371071013e-05
129.50000000 +1.0000000000004599e+00 +1.9999350501204529e+00 +1.9517115525084156e-03 +9.9970760301227835e-01 +9.9999928391508697e-01 +9.9999905628458952e-01 +9.9999882443595056e-01 +9.9999284582640324e-01 +7.1878785852613538e-05 +6.2292638809830126e-05 +5.9293598033358813e-05 +5.5777162604983119e-05 +5.3144342690073040e-05
130.00000000 +1.0000000000004612e+00 +1.9999345570418099e+00 +1.9517115675568015e-03 +9.9970760296151184e-01 +9.9999928960211348e-01 +9.9999904708531961e-01 +9.9999883454288507e-01 +9.9999283654988069e-01 +7.1882620101820194e-05 +6.2288528669690257e-05 +5.9297368385081742e-05 +5.5774057444849785e-05 +5.3146685994861470e-05
130.50000000 +1.0000000000004625e+00 +1.9999340622096970e+00 +1.9517115431147130e-03 +9.9970760298931505e-01 +9.9999929553728573e-01 +9.9999903786706912e-01 +9.9999884447224097e-01 +9.9999282755858543e-01 +7.1886005746385297e-05 +6.2284856927932112e-05 +5.9300727789326050e-05 +5.5771341748272156e-05 +5.3148645605430532e-05
131.00000000 +1.0000000000004643e+00 +1.9999335656257737e+00 +1.9517114780067024e-03 +9.9970760311118112e-01 +9.9999930170674767e-01 +9.9999902864782231e-01 +9.9999885421028767e-01 +9.9999281886034652e-01 +7.1888937572610180e-05 +6.2281638405343504e-05 +5.9303653893672835e-05 +5.5769042494857074e-05 +5.3150193571392243e-05
131.50000000 +1.0000000000004665e+00 +1.9999330672917255e+00 +1.9517113756677799e-03 +9.9970760333074227e-01 +9.9999930809528115e-01 +9.9999901944591640e-01 +9.9999886374354796e-01 +9.9999281046259814e-01 +7.1891421813729040e-05 +6.2278875956276443e-05 +5.9306136559456117e-05 +5.5767173852898667e-05 +5.3151316065284960e-05
132.00000000 +1.0000000000004683e+00 +1.9999325672092378e+00 +1.9517112428905231e-03 +9.9970760364079281e-01 +9.9999931468638648e-01 +9.9999901027994320e-01 +9.9999887305886548e-01 +9.9999280237234567e-01 +7.1893474289185194e-05 +6.2276561219497427e-05 +5.9308177968809640e-05 +5.5765736609618773e-05 +5.3152013922013169e-05
132.50000000 +1.0000000000004698e+00 +1.9999320653799932e+00 +1.9517110881800120e-03 +9.9970760402602887e-01 +9.9999932146237958e-01 +9.9999900116864726e-01 +9.9999888214347055e-01 +9.9999279459612844e-01 +7.1895117412875878e-05 +6.2274676976658481e-05 +5.9309790769878165e-05 +5.5764719845643471e-05 +5.3152300691140073e-05
133.00000000 +1.0000000000004718e+00 +1.9999315618056934e+00 +1.9517109200737071e-03 +9.9970760446676921e-01 +9.9999932840448369e-01 +9.9999899213082488e-01 +9.9999889098504058e-01 +9.9999278713998285e-01 +7.1896376728632330e-05 +6.2273200461931212e-05 +5.9310994907680241e-05 +5.5764104176788056e-05 +5.3152198983590722e-05
133.50000000 +1.0000000000004736e+00 +1.9999310564880410e+00 +1.9517107457344412e-03 +9.9970760494281463e-01 +9.9999933549294073e-01 +9.9999898318522551e-01 +9.9999889957175869e-01 +9.9999278000940506e-01 +7.1897277594461110e-05 +6.2272106919952211e-05 +5.9311813906957979e-05 +5.5763865715006092e-05 +5.3151736088115177e-05
134.00000000 +1.0000000000004750e+00 +1.9999305494287469e+00 +1.9517105700263267e-03 +9.9970760543676429e-01 +9.9999934270712088e-01 +9.9999897435044638e-01 +9.9999890789236778e-01 +9.9999277320932300e-01 +7.1897842508217372e-05 +6.2271372787490439e-05 +5.9312271338200061e-05 +5.5763979913874288e-05 +5.3150939805545273e-05
134.50000000 +1.0000000000004774e+00 +1.9999300406295253e+00 +1.9517103951620981e-03 +9.9970760593625840e-01 +9.9999935002564888e-01 +9.9999896564484203e-01 +9.9999891593622381e-01 +9.9999276674407489e-01 +7.1898089382556839e-05 +6.2270978042915413e-05 +5.9312388041251709e-05 +5.5764424628299465e-05 +5.3149835243368727e-05
135.00000000 +1.0000000000004783e+00 +1.9999295300920965e+00 +1.9517102208920164e-03 +9.9970760643494261e-01 +9.9999935742652402e-01 +9.9999895708642184e-01 +9.9999892369333676e-01 +9.9999276061738218e-01 +7.1898030875081986e-05 +6.2270907483075256e-05 +5.9312180450729775e-05 +5.5765181977274536e-05 +5.3148442999640064e-05
135.50000000 +1.0000000000004794e+00 +1.9999290178181870e+00 +1.9517100451107681e-03 +9.9970760693218297e-01 +9.9999936488726116e-01 +9.9999894869276151e-01 +9.9999893115442196e-01 +9.9999275483234318e-01 +7.1897674695514118e-05 +6.2271150905684813e-05 +5.9311660116696895e-05 +5.5766238888575162e-05 +5.3146778822875355e-05
136.00000000 +1.0000000000004816e+00 +1.9999285038095300e+00 +1.9517098647030217e-03 +9.9970760743179643e-01 +9.9999937238502212e-01 +9.9999894048091098e-01 +9.9999893831093489e-01 +9.9999274939142357e-01 +7.1897024671584633e-05 +6.2271702359920279e-05 +5.9310834290089399e-05 +5.5767586466657040e-05 +5.3144854534477872e-05
136.50000000 +1.0000000000004841e+00 +1.9999279880678680e+00 +1.9517096764347277e-03 +9.9970760794018609e-01 +9.9999937989675958e-01 +9.9999893246730354e-01 +9.9999894515510923e-01 +9.9999274429644680e-01 +7.1896082273743134e-05 +6.2272558753764980e-05 +5.9309707279750972e-05 +5.5769218516273849e-05 +5.3142679793096577e-05
137.00000000 +1.0000000000004852e+00 +1.9999274705949412e+00 +1.9517094777211036e-03 +9.9970760846432360e-01 +9.9999938739935912e-01 +9.9999892466767437e-01 +9.9999895167998720e-01 +9.9999273954859569e-01 +7.1894848278534641e-05 +6.2273718163011080e-05 +5.9308282204396091e-05 +5.5771129651669011e-05 +5.3140264190052081e-05
137.50000000 +1.0000000000004878e+00 +1.9999269513925031e+00 +1.9517092671533039e-03 +9.9970760900996458e-01 +9.9999939486978795e-01 +9.9999891709698274e-01 +9.9999895787945881e-01 +9.9999273514841380e-01 +7.1893324284152764e-05 +6.2275178176377077e-05 +5.9306562759268125e-05 +5.5773313423036293e-05 +5.3137619188737341e-05
138.00000000 +1.0000000000004889e+00 +1.9999264304623077e+00 +1.9517090447294847e-03 +9.9970760958037042e-01 +9.9999940228523287e-01 +9.9999890976932704e-01 +9.9999896374827524e-01 +9.9999273109580000e-01 +7.1891513864542287e-05 +6.2276934547306022e-05 +5.9304554680389219e-05 +5.5775760814548522e-05 +5.3134759534315206e-05
138.50000000 +1.0000000000004912e+00 +1.9999259078061200e+00 +1.9517088117988620e-03 +9.9970761017569698e-01 +9.9999940962325129e-01 +9.9999890269787883e-01 +9.9999896928208298e-01 +9.9999272739001810e-01 +7.1889423242166929e-05 +6.2278980325581674e-05 +5.9302266696487312e-05 +5.5778459339613079e-05 +5.3131703925630991e-05
139.00000000 +1.0000000000004927e+00 +1.9999253834257078e+00 +1.9517085707777704e-03 +9.9970761079302239e-01 +9.9999941686190308e-01 +9.9999889589481206e-01 +9.9999897447743458e-01 +9.9999272402969119e-01 +7.1887061455735938e-05 +6.2281305532924829e-05 +5.9299710883573784e-05 +5.5781392811614284e-05 +5.3128474918055312e-05
139.50000000 +1.0000000000004945e+00 +1.9999248573228467e+00 +1.9517083247274530e-03 +9.9970761142692099e-01 +9.9999942397989527e-01 +9.9999888937124359e-01 +9.9999897933180715e-01 +9.9999272101281345e-01 +7.1884440082213704e-05 +6.2283897346298504e-05 +5.9296902454906698e-05 +5.5784541732486506e-05 +5.3125098178021252e-05
140.00000000 +1.0000000000004960e+00 +1.9999243294993134e+00 +1.9517080768923559e-03 +9.9970761207037107e-01 +9.9999943095670607e-01 +9.9999888313717689e-01 +9.9999898384361063e-01 +9.9999271833674719e-01 +7.1881572631561050e-05 +6.2286740675821924e-05 +5.9293859110498592e-05 +5.5787884139831734e-05 +5.3121601312464151e-05
140.50000000 +1.0000000000004978e+00 +1.9999237999568986e+00 +1.9517078302871799e-03 +9.9970761271579123e-01 +9.9999943777271427e-01 +9.9999887720145408e-01 +9.9999898801219300e-01 +9.9999271599823469e-01 +7.1878473762794964e-05 +6.2289818979537466e-05 +5.9290600124190627e-05 +5.5791396698441533e-05 +5.3118012538306306e-05
141.00000000 +1.0000000000004994e+00 +1.9999232686973945e+00 +1.9517075873960814e-03 +9.9970761335598946e-01 +9.9999944440931521e-01 +9.9999887157171408e-01 +9.9999899183784036e-01 +9.9999271399340484e-01 +7.1875158471499593e-05 +6.2293115146431325e-05 +5.9287145359924831e-05 +5.5795055815740549e-05 +5.3114359441213122e-05
141.50000000 +1.0000000000005014e+00 +1.9999227357225975e+00 +1.9517073500156623e-03 +9.9970761398488872e-01 +9.9999945084903141e-01 +9.9999886625436152e-01 +9.9999899532177394e-01 +9.9999271231778430e-01 +7.1871641376710792e-05 +6.2296612297881926e-05 +5.9283514386987555e-05 +5.5798838595365048e-05 +5.3110668012399856e-05
142.00000000 +1.0000000000005029e+00 +1.9999222010343107e+00 +1.9517071192417664e-03 +9.9970761459793489e-01 +9.9999945707561211e-01 +9.9999886125453696e-01 +9.9999899846613760e-01 +9.9999271096631293e-01 +7.1867936196854464e-05 +6.2300294397720025e-05 +5.9279725816780430e-05 +5.5802723505207309e-05 +5.3106962066790589e-05
142.50000000 +1.0000000000005040e+00 +1.9999216646343443e+00 +1.9517068955740920e-03 +9.9970761519218487e-01 +9.9999946307412735e-01 +9.9999885657610599e-01 +9.9999900127398511e-01 +9.9999270993336020e-01 +7.1864055459001502e-05 +6.2304146611946411e-05 +5.9275796923804349e-05 +5.5806690709592387e-05 +5.3103263056135159e-05
143.00000000 +1.0000000000005076e+00 +1.9999211265245129e+00 +1.9517066790965252e-03 +9.9970761576612310e-01 +9.9999946883104884e-01 +9.9999885222164764e-01 +9.9999900374926565e-01 +9.9999270921274952e-01 +7.1860010441521975e-05 +6.2308155410555912e-05 +5.9271743553637432e-05 +5.5810722084462986e-05 +5.3099590214684114e-05
143.50000000 +1.0000000000005094e+00 +1.9999205867066401e+00 +1.9517064696854066e-03 +9.9970761631927885e-01 +9.9999947433431513e-01 +9.9999884819244855e-01 +9.9999900589678925e-01 +9.9999270879777113e-01 +7.1855811313964140e-05 +6.2312308447299463e-05 +5.9267580271112499e-05 +5.5814800987704086e-05 +5.3095960924740060e-05
144.00000000 +1.0000000000005109e+00 +1.9999200451825476e+00 +1.9517062672023005e-03 +9.9970761685178278e-01 +9.9999947957339874e-01 +9.9999884448852028e-01 +9.9999900772221073e-01 +9.9999270868122048e-01 +7.1851467413913144e-05 +6.2316594282905619e-05 +5.9263320669355291e-05 +5.5818911887251114e-05 +5.3092391169814550e-05
144.50000000 +1.0000000000005129e+00 +1.9999195019540692e+00 +1.9517060716390318e-03 +9.9970761736392233e-01 +9.9999948453934917e-01 +9.9999884110860782e-01 +9.9999900923199136e-01 +9.9999270885541836e-01 +7.1846987590238825e-05 +6.2321002030874751e-05 +5.9258977747361367e-05 +5.5823039955969479e-05 +5.3088895952381842e-05
145.00000000 +1.0000000000005143e+00 +1.9999189570230449e+00 +1.9517058831978462e-03 +9.9970761785579754e-01 +9.9999948922482873e-01 +9.9999883805021450e-01 +9.9999901043336248e-01 +9.9999270931224116e-01 +7.1842380544666262e-05 +6.2325521003139228e-05 +5.9254564269068467e-05 +5.5827170727713514e-05 +5.3085489584334856e-05
145.50000000 +1.0000000000005156e+00 +1.9999184103913124e+00 +1.9517057023047003e-03 +9.9970761832711574e-01 +9.9999949362413398e-01 +9.9999883530963374e-01 +9.9999901133428937e-01 +9.9999271004315571e-01 +7.1837655116256717e-05 +6.2330140418759853e-05 +5.9250093036178801e-05 +5.5831289879907202e-05 +5.3082185801287581e-05
146.00000000 +1.0000000000005185e+00 +1.9999178620607272e+00 +1.9517055295663495e-03 +9.9970761877712955e-01 +9.9999949773321106e-01 +9.9999883288198765e-01 +9.9999901194342300e-01 +9.9999271103924925e-01 +7.1832820472342640e-05 +6.2334849216949464e-05 +5.9245577034437437e-05 +5.5835383172359615e-05 +5.3078997696457265e-05
146.50000000 +1.0000000000005189e+00 +1.9999173120331379e+00 +1.9517053656899353e-03 +9.9970761920470241e-01 +9.9999950154964268e-01 +9.9999883076126850e-01 +9.9999901227005505e-01 +9.9999271229126030e-01 +7.1827886190622365e-05 +6.2339635991094736e-05 +5.9241029442444384e-05 +5.5839436537470565e-05 +5.3075937507201146e-05
147.00000000 +1.0000000000005214e+00 +1.9999167603104080e+00 +1.9517052113870021e-03 +9.9970761960847487e-01 +9.9999950507264534e-01 +9.9999882894040071e-01 +9.9999901232407007e-01 +9.9999271378962262e-01 +7.1822862236775364e-05 +6.2344489037597037e-05 +5.9236463517981342e-05 +5.5843436289563281e-05 +5.3073016311601753e-05
147.50000000 +1.0000000000005234e+00 +1.9999162068944010e+00 +1.9517050672822743e-03 +9.9970761998706137e-01 +9.9999950830303252e-01 +9.9999882741128798e-01 +9.9999901211588904e-01 +9.9999271552449165e-01 +7.1817758857334562e-05 +6.2349396495702829e-05 +5.9231892395448800e-05 +5.5847369404439711e-05 +5.3070243701534239e-05
148.00000000 +1.0000000000005247e+00 +1.9999156517869916e+00 +1.9517049338426307e-03 +9.9970762033925509e-01 +9.9999951124317610e-01 +9.9999882616488800e-01 +9.9999901165641347e-01 +9.9999271748578544e-01 +7.1812586417039029e-05 +6.2354346543952883e-05 +5.9227328837479159e-05 +5.5851223815417125e-05 +5.3067627493495944e-05
148.50000000 +1.0000000000005265e+00 +1.9999150949900504e+00 +1.9517048113350008e-03 +9.9970762066419028e-01 +9.9999951389695674e-01 +9.9999882519127947e-01 +9.9999901095697163e-01 +9.9999271966322378e-01 +7.1807355213110687e-05 +6.2359327615860944e-05 +5.9222784984188033e-05 +5.5854988677768124e-05 +5.3065173522705903e-05
149.00000000 +1.0000000000005278e+00 +1.9999145365054625e+00 +1.9517046998149053e-03 +9.9970762096144716e-01 +9.9999951626969563e-01 +9.9999882447973865e-01 +9.9999901002925162e-01 +9.9999272204636325e-01 +7.1802075296507122e-05 +6.2364328601033944e-05 +5.9218272136456634e-05 +5.5858654566689723e-05 +5.3062885544532507e-05
149.50000000 +1.0000000000005300e+00 +1.9999139763351190e+00 +1.9517045991416266e-03 +9.9970762123109058e-01 +9.9999951836808421e-01 +9.9999882401882600e-01 +9.9999900888524573e-01 +9.9999272462464173e-01 +7.1796756323620257e-05 +6.2369339006342379e-05 +5.9213800597699880e-05 +5.5862213590904127e-05 +5.3060765245265684e-05
150.00000000 +1.0000000000005325e+00 +1.9999134144809059e+00 +1.9517045090120856e-03 +9.9970762147364334e-01 +9.9999952020009442e-01 +9.9999882379646488e-01 +9.9999900753718107e-01 +9.9999272738741285e-01 +7.1791407452916856e-05 +6.2374349062696400e-05 +5.9209379584717637e-05 +5.5865659420990815e-05 +5.3058812345884183e-05
150.50000000 +1.0000000000005342e+00 +1.9999128509447275e+00 +1.9517044290039301e-03 +9.9970762169001892e-01 +9.9999952177488305e-01 +9.9999882380003713e-01 +9.9999900599745761e-01 +9.9999273032398939e-01 +7.1786037291487586e-05 +6.2379349774203748e-05 +5.9205017205173396e-05 +5.5868987245520842e-05 +5.3057024770535934e-05
151.00000000 +1.0000000000005360e+00 +1.9999122857284837e+00 +1.9517043586188495e-03 +9.9970762188143025e-01 +9.9999952310269213e-01 +9.9999882401647533e-01 +9.9999900427858079e-01 +9.9999273342368533e-01 +7.1780653887968681e-05 +6.2384332916122192e-05 +5.9200720489072967e-05 +5.5872193677073453e-05 +5.3055398846979972e-05
151.50000000 +1.0000000000005380e+00 +1.9999117188340878e+00 +1.9517042973191266e-03 +9.9970762204929076e-01 +9.9999952419473315e-01 +9.9999882443235966e-01 +9.9999900239309514e-01 +9.9999273667585797e-01 +7.1775264761943878e-05 +6.2389290994794940e-05 +5.9196495455518247e-05 +5.5875276633590143e-05 +5.3053929508653113e-05
152.00000000 +1.0000000000005389e+00 +1.9999111502634535e+00 +1.9517042445533715e-03 +9.9970762219512554e-01 +9.9999952506306511e-01 +9.9999882503401261e-01 +9.9999900035351796e-01 +9.9999274006994365e-01 +7.1769876956302413e-05 +6.2394217186117153e-05 +5.9192347194252540e-05 +5.5878235218723022e-05 +5.3052610475555747e-05
152.50000000 +1.0000000000005402e+00 +1.9999105800185040e+00 +1.9517041997702963e-03 +9.9970762232050958e-01 +9.9999952572047668e-01 +9.9999882580760535e-01 +9.9999899817227200e-01 +9.9999274359550883e-01 +7.1764497098164050e-05 +6.2399105269126976e-05 +5.9188279943579057e-05 +5.5881069619178616e-05 +5.3051434401389443e-05
153.00000000 +1.0000000000005429e+00 +1.9999100081011589e+00 +1.9517041624219737e-03 +9.9970762242702538e-01 +9.9999952618034627e-01 +9.9999882673925189e-01 +9.9999899586161833e-01 +9.9999274724228415e-01 +7.1759131455501407e-05 +6.2403949568664549e-05 +5.9184297151031552e-05 +5.5883781029286560e-05 +5.3050392984874638e-05
153.50000000 +1.0000000000005440e+00 +1.9999094345133555e+00 +1.9517041319596787e-03 +9.9970762251624457e-01 +9.9999952645651291e-01 +9.9999882781511018e-01 +9.9999899343358911e-01 +9.9999275100020268e-01 +7.1753785979791602e-05 +6.2408744916642519e-05 +5.9180401509380335e-05 +5.5886371604947083e-05 +5.3049477051888701e-05
154.00000000 +1.0000000000005445e+00 +1.9999088592570298e+00 +1.9517041078261181e-03 +9.9970762258973322e-01 +9.9999952656313573e-01 +9.9999882902148474e-01 +9.9999899089992739e-01 +9.9999275485944894e-01 +7.1748466329115315e-05 +6.2413486636367881e-05 +5.9176594966830479e-05 +5.5888844442230650e-05 +5.3048676620682339e-05
154.50000000 +1.0000000000005478e+00 +1.9999082823341232e+00 +1.9517040894476824e-03 +9.9970762264906421e-01 +9.9999952651456026e-01 +9.9999883034492654e-01 +9.9999898827202371e-01 +9.9999275881049421e-01 +7.1743177870279656e-05 +6.2418170549500599e-05 +5.9172878715537828e-05 +5.5891203571233523e-05 +5.3047980964482003e-05
155.00000000 +1.0000000000005498e+00 +1.9999077037465849e+00 +1.9517040762295334e-03 +9.9970762269581959e-01 +9.9999952632516786e-01 +9.9999883177232163e-01 +9.9999898556084688e-01 +9.9999276284412630e-01 +7.1737925662129271e-05 +6.2422793001382313e-05 +5.9169253166122542e-05 +5.5893453953744835e-05 +5.3047378684554887e-05
155.50000000 +1.0000000000005513e+00 +1.9999071234963708e+00 +1.9517040675551083e-03 +9.9970762273161118e-01 +9.9999952600924469e-01 +9.9999883329099160e-01 +9.9999898277689381e-01 +9.9999276695150008e-01 +7.1732714424775466e-05 +6.2427350898027964e-05 +5.9165717917426361e-05 +5.5895601473729925e-05 +5.3046857803155818e-05
156.00000000 +1.0000000000005536e+00 +1.9999065415854389e+00 +1.9517040627904862e-03 +9.9970762275807479e-01 +9.9999952558084437e-01 +9.9999883488878405e-01 +9.9999897993013032e-01 +9.9999277112416418e-01 +7.1727548500831641e-05 +6.2431841747186275e-05 +5.9162271730449286e-05 +5.5897652912019416e-05 +5.3046405880838779e-05
156.50000000 +1.0000000000005560e+00 +1.9999059580157501e+00 +1.9517040612929033e-03 +9.9970762277685987e-01 +9.9999952505364598e-01 +9.9999883655415689e-01 +9.9999897702993501e-01 +9.9999277535409936e-01 +7.1722431814902969e-05 +6.2436263696372907e-05 +5.9158912513631367e-05 +5.5899615900126284e-05 +5.3046010157563084e-05
157.00000000 +1.0000000000005576e+00 +1.9999053727892793e+00 +1.9517040624221554e-03 +9.9970762278961089e-01 +9.9999952444083118e-01 +9.9999883827626190e-01 +9.9999897408504801e-01 +9.9999277963374877e-01 +7.1717367836764972e-05 +6.2440615562318828e-05 +5.9155637323986688e-05 +5.5901498851948247e-05 +5.3045657712829916e-05
157.50000000 +1.0000000000005593e+00 +1.9999047859079979e+00 +1.9517040655532597e-03 +9.9970762279794390e-01 +9.9999952375495360e-01 +9.9999884004502204e-01 +9.9999897110352609e-01 +9.9999278395605207e-01 +7.1712359552173835e-05 +6.2444896848413148e-05 +5.9152442385679262e-05 +5.5903310875513520e-05 +5.3045335637353981e-05
158.00000000 +1.0000000000005593e+00 +1.9999041973738949e+00 +1.9517040700889130e-03 +9.9970762280341341e-01 +9.9999952300782069e-01 +9.9999884185120314e-01 +9.9999896809269539e-01 +9.9999278831447225e-01 +7.1707409443460795e-05 +6.2449107748982816e-05 +5.9149323124985257e-05 +5.5905061669378657e-05 +5.3045031207747356e-05
158.50000000 +1.0000000000005622e+00 +1.9999036071889511e+00 +1.9517040754705524e-03 +9.9970762280749137e-01 +9.9999952221038757e-01 +9.9999884368648306e-01 +9.9999896505911579e-01 +9.9999279270302932e-01 +7.1702519480284038e-05 +6.2453249141269931e-05 +5.9146274218608825e-05 +5.5906761409546567e-05 +5.3044732056221153e-05
159.00000000 +1.0000000000005642e+00 +1.9999030153551605e+00 +1.9517040811873867e-03 +9.9970762281152925e-01 +9.9999952137263937e-01 +9.9999884554350349e-01 +9.9999896200853400e-01 +9.9999279711631495e-01 +7.1697691119435323e-05 +6.2457322567450779e-05 +5.9143289651210941e-05 +5.5908420632846304e-05 +5.3044426329005582e-05
159.50000000 +1.0000000000005649e+00 +1.9999024218745240e+00 +1.9517040867831838e-03 +9.9970762281674752e-01 +9.9999952050351038e-01 +9.9999884741592926e-01 +9.9999895894586033e-01 +9.9999280154952863e-01 +7.1692925311572065e-05 +6.2461330209866053e-05 +5.9140362777780723e-05 +5.5910050121833968e-05 +5.3044102829506766e-05
160.00000000 +1.0000000000005671e+00 +1.9999018267490429e+00 +1.9517040918610703e-03 +9.9970762282421621e-01 +9.9999951961079325e-01 +9.9999884929849348e-01 +9.9999895587514065e-01 +9.9999280599849272e-01 +7.1688222512252271e-05 +6.2465274862798259e-05 +5.9137486386997694e-05 +5.5911660794775018e-05 +5.3043751144622075e-05
160.50000000 +1.0000000000005687e+00 +1.9999012299807311e+00 +1.9517040960867265e-03 +9.9970762283483749e-01 +9.9999951870106363e-01 +9.9999885118702936e-01 +9.9999895279952433e-01 +9.9999281045967237e-01 +7.1683582694642738e-05 +6.2469159903731858e-05 +5.9134652762758485e-05 +5.5913263602546290e-05 +5.3043361754660712e-05
161.00000000 +1.0000000000005718e+00 +1.9999006315715933e+00 +1.9517040991905877e-03 +9.9970762284934678e-01 +9.9999951777962115e-01 +9.9999885307850855e-01 +9.9999894972125569e-01 +9.9999281493019521e-01 +7.1679005361677075e-05 +6.2472989266260456e-05 +5.9131853742302663e-05 +5.5914869432693836e-05 +5.3042926128686806e-05
161.50000000 +1.0000000000005735e+00 +1.9999000315236608e+00 +1.9517041009694883e-03 +9.9970762286829851e-01 +9.9999951685043431e-01 +9.9999885497105301e-01 +9.9999894664164890e-01 +9.9999281940786333e-01 +7.1674489556088571e-05 +6.2476767415840906e-05 +5.9129080770604807e-05 +5.5916489019668006e-05 +5.3042436807693468e-05
162.00000000 +1.0000000000005753e+00 +1.9998994298389510e+00 +1.9517041012880945e-03 +9.9970762289207138e-01 +9.9999951591610570e-01 +9.9999885686395762e-01 +9.9999894356108932e-01 +9.9999282389116773e-01 +7.1670033867513201e-05 +6.2480499328644796e-05 +5.9126324951709247e-05 +5.5918132859556319e-05 +5.3041887477898207e-05
162.50000000 +1.0000000000005762e+00 +1.9998988265195030e+00 +1.9517041000802538e-03 +9.9970762292085957e-01 +9.9999951497784567e-01 +9.9999885875768824e-01 +9.9999894047902160e-01 +9.9999282837929648e-01 +7.1665636436589545e-05 +6.2484190472963540e-05 +5.9123577098330274e-05 +5.5919811127477371e-05 +5.3041273035797214e-05
163.00000000 +1.0000000000005786e+00 +1.9998982215673491e+00 +1.9517040973502373e-03 +9.9970762295467674e-01 +9.9999951403546117e-01 +9.9999886065388388e-01 +9.9999893739395518e-01 +9.9999283287214602e-01 +7.1661294956579442e-05 +6.2487846792087229e-05 +5.9120827781304504e-05 +5.5921533596096848e-05 +5.3040589645673454e-05
163.50000000 +1.0000000000005793e+00 +1.9998976149845318e+00 +1.9517040931736858e-03 +9.9970762299334692e-01 +9.9999951308735013e-01 +9.9999886255533754e-01 +9.9999893430346387e-01 +9.9999283737031619e-01 +7.1657006673433557e-05 +6.2491474687324911e-05 +5.9118067380376918e-05 +5.5923309554334869e-05 +5.3039834789274590e-05
164.00000000 +1.0000000000005815e+00 +1.9998970067731046e+00 +1.9517040876980368e-03 +9.9970762303651406e-01 +9.9999951213052596e-01 +9.9999886446598341e-01 +9.9999893120420447e-01 +9.9999284187512683e-01 +7.1652768385402002e-05 +6.2495080999862867e-05 +5.9115286137433469e-05 +5.5925147726081189e-05 +5.3039007306563373e-05
164.50000000 +1.0000000000005838e+00 +1.9998963969351178e+00 +1.9517040811421881e-03 +9.9970762308363503e-01 +9.9999951116063479e-01 +9.9999886639086100e-01 +9.9999892809192470e-01 +9.9999284638860231e-01 +7.1648576443268121e-05 +6.2498672990390843e-05 +5.9112474212765605e-05 +5.5927056189457914e-05 +5.3038107425941070e-05
165.00000000 +1.0000000000005849e+00 +1.9998957854726258e+00 +1.9517040737952324e-03 +9.9970762313398698e-01 +9.9999951017200162e-01 +9.9999886833608143e-01 +9.9999892496148823e-01 +9.9999285091347612e-01 +7.1644426752096125e-05 +6.2502258315800491e-05 +5.9109621744387880e-05 +5.5929042297740464e-05 +5.3037136782191572e-05
165.50000000 +1.0000000000005869e+00 +1.9998951723877019e+00 +1.9517040660141662e-03 +9.9970762318667195e-01 +9.9999950915768365e-01 +9.9999887030878232e-01 +9.9999892180689998e-01 +9.9999285545318661e-01 +7.1640314775103686e-05 +6.2505845002679792e-05 +5.9106718909935034e-05 +5.5931112603394386e-05 +5.3036098420581470e-05
166.00000000 +1.0000000000005878e+00 +1.9998945576824119e+00 +1.9517040582205608e-03 +9.9970762324062246e-01 +9.9999950810953331e-01 +9.9999887231707196e-01 +9.9999891862133228e-01 +9.9999286001186083e-01 +7.1636235539950462e-05 +6.2509441417719225e-05 +5.9103755990297693e-05 +5.5933272786785390e-05 +5.3034996785986421e-05
166.50000000 +1.0000000000005902e+00 +1.9998939413588341e+00 +1.9517040508962948e-03 +9.9970762329461660e-01 +9.9999950701827944e-01 +9.9999887436997326e-01 +9.9999891539716701e-01 +9.9999286459431225e-01 +7.1632183647431783e-05 +6.2513056235455761e-05 +5.9100723433962847e-05 +5.5935527591002508e-05 +5.3033837696490603e-05
167.00000000 +1.0000000000005920e+00 +1.9998933234190466e+00 +1.9517040445784721e-03 +9.9970762334728402e-01 +9.9999950587361153e-01 +9.9999887647734964e-01 +9.9999891212602599e-01 +9.9999286920601682e-01 +7.1628153282329212e-05 +6.2516698403972373e-05 +5.9097611920995720e-05 +5.5937880763953263e-05 +5.3032628301511746e-05
167.50000000 +1.0000000000005935e+00 +1.9998927038651388e+00 +1.9517040398536684e-03 +9.9970762339712593e-01 +9.9999950466428433e-01 +9.9999887864983661e-01 +9.9999890879882136e-01 +9.9999287385310598e-01 +7.1624138226009391e-05 +6.2520377109244674e-05 +5.9094412425710174e-05 +5.5940335008527277e-05 +5.3031377025037683e-05
168.00000000 +1.0000000000005969e+00 +1.9998920826992017e+00 +1.9517040373516808e-03 +9.9970762344253028e-01 +9.9999950337822707e-01 +9.9999888089875910e-01 +9.9999890540580239e-01 +9.9999287854234253e-01 +7.1620131870299980e-05 +6.2524101738788482e-05 +5.9091116277273224e-05 +5.5942891941246367e-05 +5.3030093494959013e-05
168.50000000 +1.0000000000005977e+00 +1.9998914599233319e+00 +1.9517040377388549e-03 +9.9970762348178321e-01 +9.9999950200265675e-01 +9.9999888323603903e-01 +9.9999890193659913e-01 +9.9999288328109714e-01 +7.1616127232183488e-05 +6.2527881845146011e-05 +5.9087715217737471e-05 +5.5945552059495747e-05 +5.3028788459722806e-05
169.00000000 +1.0000000000006002e+00 +1.9998908355396319e+00 +1.9517040417111079e-03 +9.9970762351309939e-01 +9.9999950052421427e-01 +9.9999888567411743e-01 +9.9999889838029199e-01 +9.9999288807733167e-01 +7.1612116968928729e-05 +6.2531727109588998e-05 +5.9084201457225717e-05 +5.5948314717190134e-05 +5.3027473693613786e-05
169.50000000 +1.0000000000006015e+00 +1.9998902095502118e+00 +1.9517040499866761e-03 +9.9970762353462883e-01 +9.9999949892909012e-01 +9.9999888822584238e-01 +9.9999889472545700e-01 +9.9999289293956350e-01 +7.1608093393392408e-05 +6.2535647306243109e-05 +5.9080567726188709e-05 +5.5951178108596766e-05 +5.3026161891934906e-05
170.00000000 +1.0000000000006024e+00 +1.9998895819571862e+00 +1.9517040632985854e-03 +9.9970762354448417e-01 +9.9999949720317072e-01 +9.9999889090437921e-01 +9.9999889096023475e-01 +9.9999289787684698e-01 +7.1604048489353823e-05 +6.2539652266689152e-05 +5.9076807324783111e-05 +5.5954139259999975e-05 +5.3024866557247711e-05
170.50000000 +1.0000000000006046e+00 +1.9998889527626724e+00 +1.9517040823868741e-03 +9.9970762354075982e-01 +9.9999949533218235e-01 +9.9999889372310369e-01 +9.9999888707239493e-01 +9.9999290289873477e-01 +7.1599973926860495e-05 +6.2543751844980168e-05 +5.9072914169475192e-05 +5.5957194028932901e-05 +5.3023601877700047e-05
171.00000000 +1.0000000000006066e+00 +1.9998883219687937e+00 +1.9517041079905658e-03 +9.9970762352154996e-01 +9.9999949330183568e-01 +9.9999889669549324e-01 +9.9999888304939921e-01 +9.9999290801524876e-01 +7.1595861077656818e-05 +6.2547955882955223e-05 +5.9068882836967692e-05 +5.5960337110786361e-05 +5.3022382598353954e-05
171.50000000 +1.0000000000006088e+00 +1.9998876895776825e+00 +1.9517041408394055e-03 +9.9970762348497133e-01 +9.9999949109798192e-01 +9.9999889983502177e-01 +9.9999887887847372e-01 +9.9999291323684403e-01 +7.1591701030825633e-05 +6.2552274175708294e-05 +5.9064708605493654e-05 +5.5963562052701736e-05 +5.3021223886360324e-05
172.00000000 +1.0000000000006102e+00 +1.9998870555914718e+00 +1.9517041816454203e-03 +9.9970762342918351e-01 +9.9999948870676458e-01 +9.9999890315504636e-01 +9.9999887454668024e-01 +9.9999291857437256e-01 +7.1587484608797946e-05 +6.2556716437105011e-05 +5.9060387493439103e-05 +5.5966861274738424e-05 +5.3020141190820493e-05
172.50000000 +1.0000000000006113e+00 +1.9998864200123017e+00 +1.9517042310943724e-03 +9.9970762335241325e-01 +9.9999948611477130e-01 +9.9999890666869928e-01 +9.9999887004098820e-01 +9.9999292403904505e-01 +7.1583202383871728e-05 +6.2561292265285689e-05 +5.9055916295170405e-05 +5.5970226098354152e-05 +5.3019150098226412e-05
173.00000000 +1.0000000000006140e+00 +1.9998857828423198e+00 +1.9517042898372038e-03 +9.9970762325297446e-01 +9.9999948330918786e-01 +9.9999891038877842e-01 +9.9999886534835136e-01 +9.9999292964239361e-01 +7.1578844695352264e-05 +6.2566011108169774e-05 +5.9051292613866474e-05 +5.5973646782240600e-05 +5.3018266184465996e-05
173.50000000 +1.0000000000006151e+00 +1.9998851440836700e+00 +1.9517043584815533e-03 +9.9970762312928696e-01 +9.9999948027794128e-01 +9.9999891432763188e-01 +9.9999886045577546e-01 +9.9999293539622314e-01 +7.1574401667377422e-05 +6.2570882229037633e-05 +5.9046514891106141e-05 +5.5977112565517694e-05 +5.3017504864495564e-05
174.00000000 +1.0000000000006173e+00 +1.9998845037385173e+00 +1.9517044375835417e-03 +9.9970762297990345e-01 +9.9999947700985337e-01 +9.9999891849705880e-01 +9.9999885535040300e-01 +9.9999294131257699e-01 +7.1569863227437101e-05 +6.2575914672326950e-05 +5.9041582432941428e-05 +5.5980611718217682e-05 +5.3016881240899008e-05
174.50000000 +1.0000000000006186e+00 +1.9998838618090167e+00 +1.9517045276398130e-03 +9.9970762280352388e-01 +9.9999947349477136e-01 +9.9999892290819270e-01 +9.9999885001958089e-01 +9.9999294740368649e-01 +7.1565219125553433e-05 +6.2581117229820648e-05 +5.9036495432195067e-05 +5.5984131598893076e-05 +5.3016409952647894e-05
175.00000000 +1.0000000000006206e+00 +1.9998832182973367e+00 +1.9517046290800546e-03 +9.9970762259901880e-01 +9.9999946972371090e-01 +9.9999892757140985e-01 +9.9999884445094089e-01 +9.9999295368193153e-01 +7.1560458954044568e-05 +6.2586498407418744e-05 +5.9031254986756140e-05 +5.5987658719076956e-05 +5.3016105025440434e-05
175.50000000 +1.0000000000006231e+00 +1.9998825732056460e+00 +1.9517047422600254e-03 +9.9970762236544564e-01 +9.9999946568897546e-01 +9.9999893249622174e-01 +9.9999883863246908e-01 +9.9999296015978978e-01 +7.1555572167777894e-05 +6.2592066392689740e-05 +5.9025863113697706e-05 +5.5991178814228046e-05 +5.3015979725019326e-05
176.00000000 +1.0000000000006242e+00 +1.9998819265361236e+00 +1.9517048674551460e-03 +9.9970762210206543e-01 +9.9999946138427598e-01 +9.9999893769118398e-01 +9.9999883255258237e-01 +9.9999296684979055e-01 +7.1550548104803559e-05 +6.2597829023379293e-05 +5.9020322759097952e-05 +5.5994676920704297e-05 +5.3016046414851985e-05
176.50000000 +1.0000000000006259e+00 +1.9998812782909523e+00 +1.9517050048547563e-03 +9.9970762180835959e-01 +9.9999945680484148e-01 +9.9999894316380711e-01 +9.9999882620020097e-01 +9.9999297376447549e-01 +7.1545376007264285e-05 +6.2603793757026697e-05 +5.9014637803503928e-05 +5.5998137458246833e-05 +5.3016316419505047e-05
177.00000000 +1.0000000000006277e+00 +1.9998806284723141e+00 +1.9517051545570431e-03 +9.9970762148403969e-01 +9.9999945194751405e-01 +9.9999894892046992e-01 +9.9999881956481673e-01 +9.9999298091633870e-01 +7.1540045042490878e-05 +6.2609967641809314e-05 +5.9008813063027395e-05 +5.6001544317409621e-05 +5.3016799894970073e-05
177.50000000 +1.0000000000006293e+00 +1.9998799770824089e+00 +1.9517053165646885e-03 +9.9970762112906275e-01 +9.9999944681083242e-01 +9.9999895496634494e-01 +9.9999881263656076e-01 +9.9999298831778904e-01 +7.1534544324207164e-05 +6.2616357288706919e-05 +5.9002854286101537e-05 +5.6004880951351324e-05 +5.3017505707105997e-05
178.00000000 +1.0000000000006315e+00 +1.9998793241234234e+00 +1.9517054907812715e-03 +9.9970762074363695e-01 +9.9999944139511199e-01 +9.9999896130532506e-01 +9.9999880540627084e-01 +9.9999299598109781e-01 +7.1528862933791369e-05 +6.2622968845047901e-05 +5.8996768145954243e-05 +5.6008130471390666e-05 +5.3018441319266565e-05
178.50000000 +1.0000000000006328e+00 +1.9998786695975641e+00 +1.9517056770084263e-03 +9.9970762032823079e-01 +9.9999943570249616e-01 +9.9999896793996013e-01 +9.9999879786555090e-01 +9.9999300391835133e-01 +7.1522989941554332e-05 +6.2629807969486305e-05 +5.8990562228869773e-05 +5.6011275745731854e-05 +5.3019612690085239e-05
179.00000000 +1.0000000000006353e+00 +1.9998780135070391e+00 +1.9517058749438326e-03 +9.9970761988357826e-01 +9.9999942973701295e-01 +9.9999897487140532e-01 +9.9999879000683645e-01 +9.9999301214140579e-01 +7.1516914428012882e-05 +6.2636879808444429e-05 +5.8984245018318477e-05 +5.6014299500767804e-05 +5.3021024182295590e-05
179.50000000 +1.0000000000006359e+00 +1.9998773558540619e+00 +1.9517060841800205e-03 +9.9970761941068054e-01 +9.9999942350459614e-01 +9.9999898209936622e-01 +9.9999878182344037e-01 +9.9999302066183582e-01 +7.1510625505143095e-05 +6.2644188974055715e-05 +5.8977825875036193e-05 +5.6017184424373575e-05 +5.3022678483380754e-05
180.00000000 +1.0000000000006382e+00 +1.9998766966408450e+00 +1.9517063042040438e-03 +9.9970761891081061e-01 +9.9999941701311346e-01 +9.9999898962207001e-01 +9.9999877330961751e-01 +9.9999302949089652e-01 +7.1504112337598871e-05 +6.2651739523640927e-05 +5.8971315013137098e-05 +5.6019913270601939e-05 +5.3024576538757998e-05
180.50000000 +1.0000000000006402e+00 +1.9998760358696124e+00 +1.9517065343980405e-03 +9.9970761838550504e-01 +9.9999941027236050e-01 +9.9999899743622556e-01 +9.9999876446060243e-01 +9.9999303863946831e-01 +7.1497364163886692e-05 +6.2659534940760306e-05 +5.8964723472343618e-05 +5.6022468965189368e-05 +5.3026717498123222e-05
181.00000000 +1.0000000000006422e+00 +1.9998753735425969e+00 +1.9517067740406973e-03 +9.9970761783656603e-01 +9.9999940329405090e-01 +9.9999900553701071e-01 +9.9999875527265680e-01 +9.9999304811801915e-01 +7.1490370317474759e-05 +6.2667578117888429e-05 +5.8958063086426450e-05 +5.6024834711273108e-05 +5.3029098675493507e-05
181.50000000 +1.0000000000006435e+00 +1.9998747096620220e+00 +1.9517070223096409e-03 +9.9970761726605184e-01 +9.9999939609178812e-01 +9.9999901391805701e-01 +9.9999874574310932e-01 +9.9999305793655713e-01 +7.1483120247811186e-05 +6.2675871340762393e-05 +5.8951346447953725e-05 +5.6026994094709621e-05 +5.3031715523393906e-05
182.00000000 +1.0000000000006450e+00 +1.9998740442301315e+00 +1.9517072782847416e-03 +9.9970761667627273e-01 +9.9999938868102234e-01 +9.9999902257145357e-01 +9.9999873587038990e-01 +9.9999306810459365e-01 +7.1475603541220855e-05 +6.2684416274461839e-05 +5.8944586869466852e-05 +5.6028931188377105e-05 +5.3034561621535093e-05
182.50000000 +1.0000000000006475e+00 +1.9998733772491659e+00 +1.9517075409523443e-03 +9.9970761606977521e-01 +9.9999938107899033e-01 +9.9999903148774993e-01 +9.9999872565405601e-01 +9.9999307863109788e-01 +7.1467809941637493e-05 +6.2693213951271865e-05 +5.8937798341215057e-05 +5.6030630654835839e-05 +5.3037628680222187e-05
183.00000000 +1.0000000000006486e+00 +1.9998727087213739e+00 +1.9517078092103628e-03 +9.9970761544932973e-01 +9.9999937330464062e-01 +9.9999904065597611e-01 +9.9999871509481741e-01 +9.9999308952445809e-01 +7.1459729371129907e-05 +6.2702264760384200e-05 +5.8930995485602852e-05 +5.6032077846721211e-05 +5.3040906558618410e-05
183.50000000 +1.0000000000006508e+00 +1.9998720386490103e+00 +1.9517080818742827e-03 +9.9970761481792036e-01 +9.9999936537854972e-01 +9.9999905006367540e-01 +9.9999870419455905e-01 +9.9999310079244985e-01 +7.1451351950171363e-05 +6.2711568439478962e-05 +5.8924193508525596e-05 +5.6033258904247620e-05 +5.3044383297868707e-05
184.00000000 +1.0000000000006526e+00 +1.9998713670343273e+00 +1.9517083576839360e-03 +9.9970761417872167e-01 +9.9999935732281353e-01 +9.9999905969693681e-01 +9.9999869295634591e-01 +9.9999311244219402e-01 +7.1442668017605368e-05 +6.2721124068224469e-05 +5.8917408147786129e-05 +5.6034160849212380e-05 +5.3048045168961756e-05
184.50000000 +1.0000000000006537e+00 +1.9998706938795938e+00 +1.9517086353110821e-03 +9.9970761353508186e-01 +9.9999934916093780e-01 +9.9999906954044404e-01 +9.9999868138443637e-01 +9.9999312448012745e-01 +7.1433668150259694e-05 +6.2730930063721748e-05 +5.8910655618805891e-05 +5.6034771674909267e-05 +5.3051876735087230e-05
185.00000000 +1.0000000000006559e+00 +1.9998700191870757e+00 +1.9517089133676989e-03 +9.9970761289050236e-01 +9.9999934091770992e-01 +9.9999907957753653e-01 +9.9999866948428184e-01 +9.9999313691197234e-01 +7.1424343182163093e-05 +6.2740984177911543e-05 +5.8903952557857403e-05 +5.6035080431382245e-05 +5.3055860928118434e-05
185.50000000 +1.0000000000006577e+00 +1.9998693429590482e+00 +1.9517091904149059e-03 +9.9970761224861426e-01 +9.9999933261905316e-01 +9.9999908979026964e-01 +9.9999865726252102e-01 +9.9999314974270448e-01 +7.1414684223323620e-05 +6.2751283496950100e-05 +5.8897315963058277e-05 +5.6035077305482790e-05 +5.3059979138735675e-05
186.00000000 +1.0000000000006604e+00 +1.9998686651977888e+00 +1.9517094649725058e-03 +9.9970761161315469e-01 +9.9999932429188343e-01 +9.9999910015949312e-01 +9.9999864472697231e-01 +9.9999316297653063e-01 +7.1404682678028578e-05 +6.2761824442552873e-05 +5.8890763133377122e-05 +5.6034753695225174e-05 +5.3064211319587851e-05
186.50000000 +1.0000000000006628e+00 +1.9998679859055808e+00 +1.9517097355290368e-03 +9.9970761098793637e-01 +9.9999931596394531e-01 +9.9999911066493374e-01 +9.9999863188661309e-01 +9.9999317661686216e-01 +7.1394330262634150e-05 +6.2772602775299605e-05 +5.8884311605906220e-05 +5.6034102277970326e-05 +5.3068536100787651e-05
187.00000000 +1.0000000000006630e+00 +1.9998673050847160e+00 +1.9517100005522336e-03 +9.9970761037682843e-01 +9.9999930766364387e-01 +9.9999912128528456e-01 +9.9999861875156248e-01 +9.9999319066629444e-01 +7.1383619022808155e-05 +6.2783613599884104e-05 +5.8877979091665381e-05 +5.6033117072007210e-05 +5.3072930916931902e-05
187.50000000 +1.0000000000006657e+00 +1.9998666227374857e+00 +1.9517102584999037e-03 +9.9970760978372664e-01 +9.9999929941987376e-01 +9.9999913199831103e-01 +9.9999860533305507e-01 +9.9999320512659307e-01 +7.1372541350198955e-05 +6.2794851372291211e-05 +5.8871783410201510e-05 +5.6031793491140530e-05 +5.3077372144749384e-05
188.00000000 +1.0000000000006675e+00 +1.9998659388661899e+00 +1.9517105078310627e-03 +9.9970760921251944e-01 +9.9999929126183018e-01 +9.9999914278094559e-01 +9.9999859164339966e-01 +9.9999321999867030e-01 +7.1361089998500199e-05 +6.2806309908877594e-05 +5.8865742423253598e-05 +5.6030128391931524e-05 +5.3081835250392066e-05
188.50000000 +1.0000000000006688e+00 +1.9998652534731380e+00 +1.9517107470172618e-03 +9.9970760866706510e-01 +9.9999928321882470e-01 +9.9999915360940717e-01 +9.9999857769594624e-01 +9.9999323528257900e-01 +7.1349258098882677e-05 +6.2817982397327216e-05 +5.8859873967755608e-05 +5.6028120113282730e-05 +5.3086294945307963e-05
189.00000000 +1.0000000000006706e+00 +1.9998645665606358e+00 +1.9517109745540546e-03 +9.9970760815116111e-01 +9.9999927532010013e-01 +9.9999916445931791e-01 +9.9999856350504190e-01 +9.9999325097750191e-01 +7.1337039174765914e-05 +6.2829861409452806e-05 +5.8854195788451928e-05 +5.6025768508098142e-05 +5.3090725349565217e-05
189.50000000 +1.0000000000006721e+00 +1.9998638781310025e+00 +1.9517111889724597e-03 +9.9970760766851297e-01 +9.9999926759463198e-01 +9.9999917530582472e-01 +9.9999854908597818e-01 +9.9999326708174296e-01 +7.1324427155899055e-05 +6.2841938915805012e-05 +5.8848725470401244e-05 +5.6023074966795191e-05 +5.3095100161432925e-05
190.00000000 +1.0000000000006739e+00 +1.9998631881865554e+00 +1.9517113888503810e-03 +9.9970760722270846e-01 +9.9999926007094053e-01 +9.9999918612372618e-01 +9.9999853445493858e-01 +9.9999328359272732e-01 +7.1311416391727774e-05 +6.2854206302052283e-05 +5.8843480371647407e-05 +5.6020042432488976e-05 +5.3099392831971278e-05
190.50000000 +1.0000000000006759e+00 +1.9998624967296237e+00 +1.9517115728238516e-03 +9.9970760681718496e-01 +9.9999925277689972e-01 +9.9999919688760297e-01 +9.9999851962893738e-01 +9.9999330050699697e-01 +7.1298001664012970e-05 +6.2866654387083520e-05 +5.8838477556336640e-05 +5.6016675407717920e-05 +5.3103576743338773e-05
191.00000000 +1.0000000000006786e+00 +1.9998618037625404e+00 +1.9517117395980261e-03 +9.9970760645520484e-01 +9.9999924573954746e-01 +9.9999920757195282e-01 +9.9999850462575668e-01 +9.9999331782021839e-01 +7.1284178198679680e-05 +6.2879273442785334e-05 +5.8833733728558309e-05 +5.6012979952626077e-05 +5.3107625389486852e-05
191.50000000 +1.0000000000006797e+00 +1.9998611092876382e+00 +1.9517118879578347e-03 +9.9970760613982657e-01 +9.9999923898489984e-01 +9.9999921815132220e-01 +9.9999848946387504e-01 +9.9999333552718406e-01 +7.1269941676866690e-05 +6.2892053215437760e-05 +5.8829265167187384e-05 +5.6008963674569271e-05 +5.3111512557889741e-05
192.00000000 +1.0000000000006810e+00 +1.9998604133072639e+00 +1.9517120167781791e-03 +9.9970760587387975e-01 +9.9999923253777778e-01 +9.9999922860044699e-01 +9.9999847416239895e-01 +9.9999335362182684e-01 +7.1255288245154560e-05 +6.2904982948667996e-05 +5.8825087662001674e-05 +5.6004635709159292e-05 +5.3115212510939092e-05
192.50000000 +1.0000000000006841e+00 +1.9998597158237625e+00 +1.9517121250336319e-03 +9.9970760565994232e-01 +9.9999922642163064e-01 +9.9999923889438935e-01 +9.9999845874098503e-01 +9.9999337209723027e-01 +7.1240214524947071e-05 +6.2918051407894797e-05 +5.8821216451343758e-05 +5.6000006692814332e-05 +5.3118700165631503e-05
193.00000000 +1.0000000000006850e+00 +1.9998590168394899e+00 +1.9517122118074999e-03 +9.9970760550031101e-01 +9.9999922065837066e-01 +9.9999924900866421e-01 +9.9999844321975484e-01 +9.9999339094563888e-01 +7.1224717620986717e-05 +6.2931246906193310e-05 +5.8817666161589788e-05 +5.5995088726930779e-05 +5.3121951270184140e-05
193.50000000 +1.0000000000006861e+00 +1.9998583163568042e+00 +1.9517122763002051e-03 +9.9970760539698966e-01 +9.9999921526822477e-01 +9.9999925891938868e-01 +9.9999842761922098e-01 +9.9999341015848886e-01 +7.1208795128985264e-05 +6.2944557331505734e-05 +5.8814450748683126e-05 +5.5989895333843911e-05 +5.3124942576229919e-05
194.00000000 +1.0000000000006883e+00 +1.9998576143780700e+00 +1.9517123178369015e-03 +9.9970760535166292e-01 +9.9999921026959093e-01 +9.9999926860340427e-01 +9.9999841196019501e-01 +9.9999342972642002e-01 +7.1192445142349270e-05 +6.2957970175115768e-05 +5.8811583441977819e-05 +5.5984441404791642e-05 +5.3127652005275570e-05
194.50000000 +1.0000000000006899e+00 +1.9998569109056548e+00 +1.9517123358742555e-03 +9.9970760536568104e-01 +9.9999920567889966e-01 +9.9999927803840738e-01 +9.9999839626369968e-01 +9.9999344963930425e-01 +7.1175666257991440e-05 +6.2971472561306347e-05 +5.8809076690631038e-05 +5.5978743140142588e-05 +5.3130058808143374e-05
195.00000000 +1.0000000000006919e+00 +1.9998562059419374e+00 +1.9517123300063297e-03 +9.9970760544004611e-01 +9.9999920151050814e-01 +9.9999928720307907e-01 +9.9999838055088153e-01 +9.9999346988627458e-01 +7.1158457581207068e-05 +6.2985051278112054e-05 +5.8806942112771598e-05 +5.5972817982197349e-05 +5.3132143716167716e-05
195.50000000 +1.0000000000006937e+00 +1.9998554994892956e+00 +1.9517122999694869e-03 +9.9970760557539851e-01 +9.9999919777658675e-01 +9.9999929607719984e-01 +9.9999836484291837e-01 +9.9999349045575481e-01 +7.1140818729609336e-05 +6.2998692809078629e-05 +5.8805190447658637e-05 +5.5966684540911469e-05 +5.3133889082977570e-05
196.00000000 +1.0000000000006966e+00 +1.9998547915501179e+00 +1.9517122456463255e-03 +9.9970760577200979e-01 +9.9999919448703833e-01 +9.9999930464177067e-01 +9.9999834916092634e-01 +9.9999351133549574e-01 +7.1122749836110589e-05 +6.3012383365935553e-05 +5.8803831511036410e-05 +5.5960362512934533e-05 +5.3135279015762262e-05
196.50000000 +1.0000000000006972e+00 +1.9998540821267927e+00 +1.9517121670685330e-03 +9.9970760602976949e-01 +9.9999919164941919e-01 +9.9999931287911326e-01 +9.9999833352586365e-01 +9.9999353251260570e-01 +7.1104251550940616e-05 +6.3026108922087945e-05 +5.8802874153873192e-05 +5.5953872594395392e-05 +5.3136299494996858e-05
197.00000000 +1.0000000000006997e+00 +1.9998533712217199e+00 +1.9517120644186622e-03 +9.9970760634819045e-01 +9.9999918926889508e-01 +9.9999932077298337e-01 +9.9999831795844585e-01 +9.9999355397359990e-01 +7.1085325042696102e-05 +6.3039855246830445e-05 +5.8802326224663186e-05 +5.5947236387902117e-05 +5.3136938481686400e-05
197.50000000 +1.0000000000007010e+00 +1.9998526588373011e+00 +1.9517119380307992e-03 +9.9970760672639858e-01 +9.9999918734818938e-01 +9.9999932830865323e-01 +9.9999830247904220e-01 +9.9999357570443304e-01 +7.1065971998413802e-05 +6.3053607940182632e-05 +5.8802194535453708e-05 +5.5940476304260982e-05 +5.3137186011281976e-05
198.00000000 +1.0000000000007030e+00 +1.9998519449759415e+00 +1.9517117883900903e-03 +9.9970760716314022e-01 +9.9999918588757675e-01 +9.9999933547300401e-01 +9.9999828710758920e-01 +9.9999359769054974e-01 +7.1046194622665312e-05 +6.3067352468245181e-05 +5.8802484831744051e-05 +5.5933615459447628e-05 +5.3137034273519850e-05
198.50000000 +1.0000000000007050e+00 +1.9998512296400588e+00 +1.9517116161311364e-03 +9.9970760765678335e-01 +9.9999918488487072e-01 +9.9999934225459897e-01 +9.9999827186349777e-01 +9.9999361991692892e-01 +7.1025995635669902e-05 +6.3081074198972095e-05 +5.8803201766389558e-05 +5.5926677567395575e-05 +5.3136477677540352e-05
199.00000000 +1.0000000000007059e+00 +1.9998505128320672e+00 +1.9517114220352369e-03 +9.9970760820532556e-01 +9.9999918433544499e-01 +9.9999934864375017e-01 +9.9999825676556198e-01 +9.9999364236813082e-01 +7.1005378270426784e-05 +6.3094758438254369e-05 +5.8804348877624423e-05 +5.5919686829189894e-05 +5.3135512901754094e-05
199.50000000 +1.0000000000007092e+00 +1.9998497945543943e+00 +1.9517112070264967e-03 +9.9970760880640941e-01 +9.9999918423227219e-01 +9.9999935463257905e-01 +9.9999824183187502e-01 +9.9999366502835552e-01 +7.0984346268867038e-05 +6.3108390466208282e-05 +5.8805928571301601e-05 +5.5912667819278626e-05 +5.3134138928038002e-05
200.00000000 +1.0000000000007103e+00 +1.9998490748094668e+00 +1.9517109721668242e-03 +9.9970760945732395e-01 +9.9999918456596626e-01 +9.9999936021505453e-01 +9.9999822707973551e-01 +9.9999368788148357e-01 +7.0962903877031398e-05 +6.3121955573560988e-05 +5.8807942107430549e-05 +5.5905645369331341e-05 +5.3132357059962481e-05
#
#Timing:
#    proc        CPU Pre        CPU all       Wall Pre       Wall all
#       0           0.14         177.73           0.15         177.90
