#PATCH_CHECK: SepMBpoisson v0.61 exact-bernoulli stratified-backward active
#discretizing the bath:
#     0 0.0000000000000000e+00 -6.3189999999999946e-01
#     1 2.4720661623652209e-03 -2.4989539079445394e-01
#     2 2.4720661623652209e-03 -2.3156304113931522e-01
#     3 2.4720661623652209e-03 -2.1236616161416355e-01
#     4 2.4720661623652209e-03 -1.9234206631293801e-01
#     5 2.4720661623652209e-03 -1.7152361583267633e-01
#     6 2.4720661623652209e-03 -1.4994003879779921e-01
#     7 2.4720661623652209e-03 -1.2761755560699153e-01
#     8 2.4720661623652209e-03 -1.0457986172994999e-01
#     9 2.4720661623652209e-03 -8.0848508786440842e-02
#sampling: jump_strength=6.1801654059130537e-03 jump_probability=6.1422055595976213e-03 log_scale=6.1611465034422594e-03 back_replicas=12 stratify_forward=1
#adaptive measurement: gap=2.0818450480261680e-02 period_steps=604 nmeas=118 nwf=400 tmax=2.0000000000000000e+02 forced_stride=0
  0.00000000 +5.0000000000000000e+00 +1.9999999999999998e+00 +1.8374661879283106e-03 +1.0000000000000000e+00 +1.0000000000000000e+00 +1.0000000000000000e+00 +1.0000000000000000e+00 +1.0000000000000000e+00 +0.0000000000000000e+00 +0.0000000000000000e+00 +0.0000000000000000e+00 +0.0000000000000000e+00 +0.0000000000000000e+00
  0.50000000 +5.0000000000000000e+00 +1.9999999999825753e+00 +1.8404552569124372e-03 +9.9999241148228979e-01 +1.0000000000040943e+00 +1.0000000000040943e+00 +1.0000000000040943e+00 +1.0000000000040943e+00 +1.5060144024226974e-06 +1.5277776163305397e-06 +1.5004181474178235e-06 +1.5402137385635920e-06 +1.5140978818741813e-06
  1.00000000 +5.0000000000000000e+00 +2.0000000011033974e+00 +1.8487596518041542e-03 +9.9997131653504823e-01 +9.9999999999170497e-01 +9.9999999998087952e-01 +9.9999999999247802e-01 +9.9999999999093170e-01 +5.7441117474261687e-06 +5.7477184687629536e-06 +5.6869521362603804e-06 +5.8336475938999400e-06 +5.6710955049996602e-06
  1.50000000 +5.0000000000000000e+00 +2.0000000006146030e+00 +1.8608637883349808e-03 +9.9994053108567749e-01 +9.9999999993522803e-01 +9.9999999985475274e-01 +9.9999999989541810e-01 +9.9999999990231936e-01 +1.2122261370911571e-05 +1.1871247860508506e-05 +1.1870944074048881e-05 +1.1979203547795572e-05 +1.1625706373057482e-05
  2.00000000 +5.0000000000000000e+00 +2.0000000182260238e+00 +1.8741828638409277e-03 +9.9990658108789532e-01 +9.9999999972758669e-01 +9.9999999949773488e-01 +9.9999999962804220e-01 +9.9999999965851838e-01 +1.9323426441257745e-05 +1.8816162305211216e-05 +1.8781269670584198e-05 +1.8629212188235187e-05 +1.7870370673561666e-05
  2.50000000 +5.0000000000000000e+00 +2.0000000171272285e+00 +1.8861116322055115e-03 +9.9987604992672174e-01 +9.9999999923882255e-01 +9.9999999888350166e-01 +9.9999999905890002e-01 +9.9999999899651804e-01 +2.6053786286689146e-05 +2.5252012957185693e-05 +2.4995811523624488e-05 +2.4264396823394504e-05 +2.3387851193284383e-05
  3.00000000 +5.0000000000000000e+00 +2.0000000071347985e+00 +1.8944849380210097e-03 +9.9985443548277875e-01 +9.9999999836202358e-01 +9.9999999800966088e-01 +9.9999999807448237e-01 +9.9999999805191264e-01 +3.1170742778020007e-05 +3.0054183051154506e-05 +2.9352505609796940e-05 +2.7992188845254314e-05 +2.7002499547193128e-05
  3.50000000 +5.0000000000000000e+00 +2.0000000137415936e+00 +1.8975344317998923e-03 +9.9984626985190495e-01 +9.9999999682072915e-01 +9.9999999667835460e-01 +9.9999999657377436e-01 +9.9999999656901795e-01 +3.3815275505789759e-05 +3.2267773754472361e-05 +3.1006152241422351e-05 +2.9148829803811045e-05 +2.7505535134613246e-05
  4.00000000 +5.0000000000000000e+00 +1.9999999995471891e+00 +1.8946456246236806e-03 +9.9985318414754887e-01 +9.9999999492691383e-01 +9.9999999474484269e-01 +9.9999999466706324e-01 +9.9999999511064508e-01 +3.3480892112196464e-05 +3.1292902219993219e-05 +2.9739835058484161e-05 +2.7033107034433522e-05 +2.5289604999836055e-05
  4.50000000 +5.0000000000000000e+00 +1.9999999836615938e+00 +1.8863640351953410e-03 +9.9987388626384310e-01 +9.9999999279794927e-01 +9.9999999296613895e-01 +9.9999999257714078e-01 +9.9999999317894905e-01 +3.0107875370415485e-05 +2.7795549537294417e-05 +2.5602268659034194e-05 +2.2291228220865638e-05 +2.0345270053349355e-05
  5.00000000 +5.0000000000000000e+00 +2.0000000069673560e+00 +1.8747823935325320e-03 +9.9990315164957255e-01 +9.9999999117970206e-01 +9.9999999089966662e-01 +9.9999999030232078e-01 +9.9999999147066909e-01 +2.4704776797345099e-05 +2.1997897890167612e-05 +1.9762353465197068e-05 +1.6320880045297113e-05 +1.4098646915956535e-05
  5.50000000 +5.0000000000000000e+00 +1.9999999431921764e+00 +1.8621129224102163e-03 +9.9993545696441699e-01 +9.9999998891536535e-01 +9.9999998905445664e-01 +9.9999998848270522e-01 +9.9999998959761982e-01 +1.7708978879332254e-05 +1.5406901984288994e-05 +1.2909969877468634e-05 +1.0252746058549868e-05 +8.3083163660520714e-06
  6.00000000 +5.0000000000000000e+00 +2.0000000306173686e+00 +1.8495944306268673e-03 +9.9996765663449572e-01 +9.9999998775224674e-01 +9.9999998840284188e-01 +9.9999998681950375e-01 +9.9999998887972807e-01 +1.0933854122074029e-05 +8.4191544688533410e-06 +5.7697309628588485e-06 +4.0989372057778668e-06 +3.1699347292366979e-06
  6.50000000 +5.0000000000000000e+00 +1.9999999679216272e+00 +1.8417046166135681e-03 +9.9998834269090164e-01 +9.9999998675038992e-01 +9.9999998759643283e-01 +9.9999998673414403e-01 +9.9999998901267517e-01 +4.3073166319770518e-06 +3.4354421150641638e-06 +1.8237245791516296e-06 +1.6867672662404459e-06 +4.5390836323400604e-07
  7.00000000 +5.0000000000000000e+00 +2.0000000395667965e+00 +1.8391757581875273e-03 +9.9999558574349423e-01 +9.9999998632505471e-01 +9.9999998595286332e-01 +9.9999998578862559e-01 +9.9999998779910926e-01 +9.8314257894554927e-07 +1.0801079172900489e-06 +7.1103970229445742e-07 +9.9292309406740918e-07 +7.0106457509719944e-07
  7.50000000 +5.0000000000000000e+00 +2.0000000345983078e+00 +1.8425376063790919e-03 +9.9998785828987791e-01 +9.9999998688592184e-01 +9.9999998711906379e-01 +9.9999998516209232e-01 +9.9999998733595885e-01 +1.1950654796730825e-06 +1.0739576474339780e-06 +1.4797732918315454e-06 +3.7435974681175298e-06 +4.7028279834491812e-06
  8.00000000 +5.0000000000000000e+00 +2.0000000952551957e+00 +1.8504578772758475e-03 +9.9996836879191819e-01 +9.9999998851426930e-01 +9.9999998771248388e-01 +9.9999998616701502e-01 +9.9999998902396536e-01 +3.4669635098148924e-06 +3.8128892998195562e-06 +6.4320938446469874e-06 +7.7413463050847631e-06 +1.0226528048132977e-05
  8.50000000 +5.0000000000000000e+00 +2.0000002327763959e+00 +1.8621571000170479e-03 +9.9993895957650580e-01 +9.9999998671077817e-01 +9.9999998881970931e-01 +9.9999998438177207e-01 +9.9999998886895614e-01 +7.8069982508594167e-06 +9.6814251729670520e-06 +1.2136773682468440e-05 +1.4754998334833826e-05 +1.6711376895375091e-05
  9.00000000 +5.0000000000000000e+00 +2.0000001983605782e+00 +1.8731556394492824e-03 +9.9991090827195217e-01 +9.9999998741856377e-01 +9.9999998714544514e-01 +9.9999998451064298e-01 +9.9999998566992954e-01 +1.3613733603494502e-05 +1.5251069974207933e-05 +1.8360496435275053e-05 +1.9862601310442344e-05 +2.2059119118941592e-05
  9.50000000 +5.0000000000000000e+00 +2.0000001154739544e+00 +1.8837249876986490e-03 +9.9988351811260934e-01 +9.9999998763440057e-01 +9.9999998390604772e-01 +9.9999998508126264e-01 +9.9999998506295096e-01 +2.0484762409915371e-05 +2.2244499760962403e-05 +2.4563816800954725e-05 +2.4105518230253622e-05 +2.5141531569562570e-05
 10.00000000 +5.0000000000000000e+00 +1.9999999157987465e+00 +1.8912032487360864e-03 +9.9986358993616287e-01 +9.9999998514702471e-01 +9.9999998103210908e-01 +9.9999997968210863e-01 +9.9999998404562218e-01 +2.6988917821024182e-05 +2.7451061250289836e-05 +2.7770145568161793e-05 +2.7204011871670628e-05 +2.7065912265500299e-05
 10.50000000 +5.0000000000000000e+00 +2.0000001700607131e+00 +1.8935268367312229e-03 +9.9985658143958733e-01 +9.9999997885613723e-01 +9.9999998081811781e-01 +9.9999997795391604e-01 +9.9999997480917413e-01 +2.9843951094558784e-05 +3.0291270487443985e-05 +3.0496185975920181e-05 +2.7333466360758568e-05 +2.5541193511209421e-05
 11.00000000 +5.0000000000000000e+00 +2.0000002736094817e+00 +1.8908052428687377e-03 +9.9986237987571158e-01 +9.9999998139115287e-01 +9.9999997338169644e-01 +9.9999997390814677e-01 +9.9999997438919941e-01 +3.2696991048177327e-05 +3.0230117368054837e-05 +2.8782076150517166e-05 +2.5141041973769416e-05 +2.0866810181209142e-05
 11.50000000 +5.0000000000000000e+00 +2.0000003049016746e+00 +1.8839687119492482e-03 +9.9987888163541427e-01 +9.9999997767629478e-01 +9.9999997258392104e-01 +9.9999997082610947e-01 +9.9999996939029434e-01 +3.1083387815328300e-05 +2.9260900541722791e-05 +2.3715823762714789e-05 +2.0602765965669848e-05 +1.6565081710677322e-05
 12.00000000 +5.0000000000000000e+00 +2.0000001092719986e+00 +1.8724451289795889e-03 +9.9990768348905368e-01 +9.9999996823718418e-01 +9.9999996529801338e-01 +9.9999996309763728e-01 +9.9999996498474930e-01 +2.7478031531589741e-05 +2.3968189152792115e-05 +1.8607050193308761e-05 +1.3571223275363573e-05 +8.8303967900001776e-06
 12.50000000 +5.0000000000000000e+00 +2.0000002429025732e+00 +1.8628707998742237e-03 +9.9993212970705980e-01 +9.9999996836997507e-01 +9.9999995342379744e-01 +9.9999996327407070e-01 +9.9999995664736663e-01 +2.1246726045239839e-05 +1.8331425063898770e-05 +1.3092402105946761e-05 +8.8484161962125618e-06 +6.5096388326040189e-06
 13.00000000 +5.0000000000000000e+00 +1.9999999561053312e+00 +1.8518204819738687e-03 +9.9996080618245919e-01 +9.9999996420153825e-01 +9.9999995574455636e-01 +9.9999995066418201e-01 +9.9999995987070256e-01 +1.6915442711664033e-05 +1.1848327093730388e-05 +7.4216823170187810e-06 +1.6086137107071915e-06 +1.5693100292201155e-06
 13.50000000 +5.0000000000000000e+00 +1.9999994856518191e+00 +1.8469605635846400e-03 +9.9997428988849602e-01 +9.9999995773330153e-01 +9.9999996263620938e-01 +9.9999995434725486e-01 +9.9999995861163404e-01 +1.1242349548049548e-05 +6.1601571731107600e-06 +2.8178639887906896e-06 +2.3336223050674119e-06 +3.3228204020579589e-06
 14.00000000 +5.0000000000000000e+00 +1.9999996234433592e+00 +1.8450240002002491e-03 +9.9998054053258378e-01 +9.9999994918693269e-01 +9.9999995093403993e-01 +9.9999995492971472e-01 +9.9999995778455864e-01 +5.3856787709339612e-06 +3.9014485360288757e-06 +2.3021636602760112e-06 +2.6924438881772444e-06 +5.3649505294637089e-06
 14.50000000 +5.0000000000000000e+00 +1.9999997941355068e+00 +1.8466670917592931e-03 +9.9997773313735083e-01 +9.9999995789112939e-01 +9.9999995674440989e-01 +9.9999995333522629e-01 +9.9999995334703817e-01 +2.1984465844765534e-06 +2.3487416600763943e-06 +3.3422430544888524e-06 +5.0435106949485567e-06 +9.5125034742356823e-06
 15.00000000 +5.0000000000000000e+00 +1.9999995587557753e+00 +1.8524305930548623e-03 +9.9996421792757750e-01 +9.9999995345124082e-01 +9.9999995243527628e-01 +9.9999995616756010e-01 +9.9999996253947521e-01 +2.6314855274746856e-06 +2.9079284082519087e-06 +6.1027771429774850e-06 +9.7541690464574218e-06 +1.4561071087325593e-05
 15.50000000 +5.0000000000000000e+00 +1.9999994645928951e+00 +1.8630565777004746e-03 +9.9993767415262780e-01 +9.9999996310603234e-01 +9.9999994969087447e-01 +9.9999994126521674e-01 +9.9999995519768958e-01 +5.0111401891945459e-06 +7.5859676287212263e-06 +1.1677228480286006e-05 +1.8265338986232424e-05 +1.9976961237948952e-05
 16.00000000 +5.0000000000000000e+00 +1.9999994242650501e+00 +1.8719446004918175e-03 +9.9991506493192750e-01 +9.9999996888011899e-01 +9.9999995463615921e-01 +9.9999994631797495e-01 +9.9999994661556646e-01 +8.3309570522179628e-06 +1.5108930756923762e-05 +1.8748427243535100e-05 +2.0805145243969800e-05 +2.2125139114692394e-05
 16.50000000 +5.0000000000000000e+00 +1.9999993634708444e+00 +1.8792955873735307e-03 +9.9989568972705656e-01 +9.9999997382880024e-01 +9.9999994705209949e-01 +9.9999993131590426e-01 +9.9999995370928141e-01 +1.5205801821731121e-05 +1.9246989750511094e-05 +2.0753073490999601e-05 +2.5374286354212323e-05 +2.3924313927131543e-05
 17.00000000 +5.0000000000000000e+00 +1.9999995382861320e+00 +1.8855884107529530e-03 +9.9987847156310483e-01 +9.9999998046670990e-01 +9.9999996276040093e-01 +9.9999993554724376e-01 +9.9999995038878886e-01 +2.0558926561402272e-05 +2.6761736106791332e-05 +2.4352232001522526e-05 +2.5384685891987191e-05 +2.4641757392562035e-05
 17.50000000 +5.0000000000000000e+00 +1.9999994365854725e+00 +1.8870789942667348e-03 +9.9987316693554684e-01 +9.9999996460489793e-01 +9.9999994269073766e-01 +9.9999994252358815e-01 +9.9999995435445799e-01 +2.4858603039613387e-05 +2.8339470518567895e-05 +2.7873372849374990e-05 +2.3476992457155412e-05 +2.2480480112908666e-05
 18.00000000 +5.0000000000000000e+00 +1.9999992295633999e+00 +1.8868982505849431e-03 +9.9987218930947497e-01 +9.9999995515700235e-01 +9.9999995645290896e-01 +9.9999995113585372e-01 +9.9999992122443959e-01 +2.9515733769189535e-05 +2.9828502698389852e-05 +2.6922961721570996e-05 +2.3082899652950471e-05 +1.8676596430248020e-05
 18.50000000 +5.0000000000000000e+00 +1.9999990348451211e+00 +1.8797836126450945e-03 +9.9988913917980393e-01 +9.9999993765865425e-01 +9.9999993263998399e-01 +9.9999991246321152e-01 +9.9999994312297524e-01 +3.1185280157866436e-05 +2.6663996270197317e-05 +2.2066172399098231e-05 +1.8935442174376826e-05 +1.2284098772467803e-05
 19.00000000 +5.0000000000000000e+00 +1.9999987442770859e+00 +1.8732250616607868e-03 +9.9990519585812609e-01 +9.9999995049177337e-01 +9.9999991611055006e-01 +9.9999993123794717e-01 +9.9999994320819818e-01 +2.5697486707152735e-05 +2.4936881378627085e-05 +2.0248367571558636e-05 +1.5363266481970203e-05 +8.8171860749773635e-06
 19.50000000 +5.0000000000000000e+00 +1.9999988983056218e+00 +1.8637743425347444e-03 +9.9992942412129560e-01 +9.9999996624989418e-01 +9.9999991690145662e-01 +9.9999991847965930e-01 +9.9999993435248991e-01 +2.4800946830258514e-05 +1.9709836539630956e-05 +1.1596104578967338e-05 +9.8442857102994346e-06 +4.8886945150165129e-06
 20.00000000 +5.0000000000000000e+00 +1.9999983522289737e+00 +1.8554957056585969e-03 +9.9995084079589658e-01 +9.9999993518713071e-01 +9.9999990459256105e-01 +9.9999992199433962e-01 +9.9999993366037643e-01 +2.1722470817348890e-05 +1.2074487035226437e-05 +8.6083152419398448e-06 +6.1444133446715219e-06 +9.1409477154253768e-07
 20.50000000 +5.0000000000000000e+00 +1.9999986186390708e+00 +1.8507582817598922e-03 +9.9996431501867666e-01 +9.9999996194199792e-01 +9.9999993918338792e-01 +9.9999987543644131e-01 +9.9999994609962894e-01 +1.4932300017676547e-05 +8.7909749085695333e-06 +7.8102029956041792e-07 +5.3011416252838556e-06 +6.1569024253617772e-06
 21.00000000 +5.0000000000000000e+00 +1.9999985463458458e+00 +1.8500736414404587e-03 +9.9996749801419038e-01 +9.9999994530976821e-01 +9.9999991425187185e-01 +9.9999992810808491e-01 +9.9999989293489722e-01 +9.6843612004340958e-06 +7.7117614228958843e-06 +1.6341980664225239e-06 +4.7514227829090660e-06 +9.0396501945903231e-06
 21.50000000 +5.0000000000000000e+00 +1.9999986236840088e+00 +1.8513029188608444e-03 +9.9996576505229162e-01 +9.9999992369090351e-01 +9.9999991466468063e-01 +9.9999989945682666e-01 +9.9999995557508792e-01 +5.9961997660345561e-06 +9.9642632757507841e-06 +3.2370323359341056e-06 +5.0986368973394655e-06 +1.0245504695592153e-05
 22.00000000 +5.0000000000000000e+00 +1.9999980343650936e+00 +1.8529836325473024e-03 +9.9996258381708847e-01 +9.9999992979762553e-01 +9.9999995098840411e-01 +9.9999988014181584e-01 +9.9999991445593028e-01 -8.0453519908279427e-07 +6.4648028470189585e-06 +9.3024442802828563e-06 +1.0417478986361669e-05 +1.2360517984470820e-05
 22.50000000 +5.0000000000000000e+00 +1.9999978318863600e+00 +1.8616559339242967e-03 +9.9994119707299778e-01 +9.9999991704614277e-01 +9.9999992829179063e-01 +9.9999994631546529e-01 +9.9999993217759164e-01 +4.6454211815941082e-06 +4.6562963529019259e-06 +1.2555181719815960e-05 +1.8525669460202527e-05 +1.8696510526950083e-05
 23.00000000 +5.0000000000000000e+00 +1.9999976518736797e+00 +1.8696161560679031e-03 +9.9992114594512516e-01 +9.9999993504940421e-01 +9.9999992233334634e-01 +9.9999991091391960e-01 +9.9999990164364849e-01 +6.1219530463204048e-06 +1.2707361376176224e-05 +1.7032946274693998e-05 +2.4199484075420492e-05 +1.9122305677921900e-05
 23.50000000 +5.0000000000000000e+00 +1.9999976828252835e+00 +1.8770759719556728e-03 +9.9990120104147506e-01 +9.9999993186355696e-01 +9.9999989652714372e-01 +9.9999988731760203e-01 +9.9999986492741344e-01 +1.2523518914901165e-05 +1.7077482039138148e-05 +2.0783976453836744e-05 +2.4560716957346958e-05 +2.4272651508010058e-05
 24.00000000 +5.0000000000000000e+00 +1.9999982360115451e+00 +1.8787835346916731e-03 +9.9989591202278083e-01 +9.9999992931590664e-01 +9.9999985058621288e-01 +9.9999996476797004e-01 +9.9999987262257284e-01 +1.6572185902108387e-05 +2.2487536972348412e-05 +2.3051100411964344e-05 +2.3763238604185966e-05 +1.8596570119291952e-05
 24.50000000 +5.0000000000000000e+00 +1.9999979665783303e+00 +1.8816690182544265e-03 +9.9988715628219327e-01 +9.9999993363819684e-01 +9.9999991722045878e-01 +9.9999989931027777e-01 +9.9999992606223631e-01 +2.2148744519309761e-05 +2.3785583434408218e-05 +2.5324040154302982e-05 +2.0836399975523769e-05 +2.1072666529244017e-05
 25.00000000 +5.0000000000000000e+00 +1.9999977930856543e+00 +1.8821115723446262e-03 +9.9988487267749404e-01 +9.9999995873431546e-01 +9.9999990931857274e-01 +9.9999989464746619e-01 +9.9999990778797898e-01 +2.7859886990649758e-05 +2.4196440398490476e-05 +2.6961367959678465e-05 +2.0592687309474653e-05 +1.5846486388653411e-05
 25.50000000 +5.0000000000000000e+00 +1.9999989660971138e+00 +1.8732509589730105e-03 +9.9990638473875226e-01 +9.9999988637626169e-01 +9.9999990513631842e-01 +9.9999992161028772e-01 +9.9999992462118681e-01 +2.7359389636029201e-05 +2.5388057541442536e-05 +1.7001953458285434e-05 +1.6058334245787069e-05 +8.1697691683857601e-06
 26.00000000 +5.0000000000000000e+00 +1.9999994837397759e+00 +1.8779606967705446e-03 +9.9989373148959293e-01 +9.9999989435025671e-01 +9.9999990619985313e-01 +9.9999993075554539e-01 +9.9999982857130609e-01 +3.1180028031672371e-05 +2.8801177878889838e-05 +2.0072030820550132e-05 +1.4628579967024344e-05 +1.2026802009412002e-05
 26.50000000 +5.0000000000000000e+00 +1.9999994742796876e+00 +1.8697757639569734e-03 +9.9991420390034780e-01 +9.9999991929576471e-01 +9.9999993311178015e-01 +9.9999990580268139e-01 +9.9999982530659570e-01 +2.8950313124511460e-05 +1.9716275545578676e-05 +1.5377832230976209e-05 +9.7672519750431830e-06 +1.2400958851397251e-05
 27.00000000 +5.0000000000000000e+00 +2.0000004857501543e+00 +1.8597790259919998e-03 +9.9994078537022957e-01 +9.9999992724013143e-01 +9.9999989316924831e-01 +9.9999982865813364e-01 +9.9999985621689247e-01 +2.5621006501481435e-05 +1.6632452804503646e-05 +1.0841484258021654e-05 +2.8894407251542583e-06 +3.7249491075090021e-06
 27.50000000 +5.0000000000000000e+00 +1.9999995198264116e+00 +1.8602342603040887e-03 +9.9994030441198556e-01 +9.9999995696748434e-01 +9.9999993729339476e-01 +9.9999989603567307e-01 +9.9999979072847744e-01 +1.7192017702399270e-05 +1.3540045517944622e-05 +1.1814875857265831e-05 +7.3935008364329428e-06 +1.0174075260859224e-05
 28.00000000 +5.0000000000000000e+00 +1.9999998966685695e+00 +1.8540726332096074e-03 +9.9995679718279840e-01 +9.9999992881224742e-01 +9.9999986644886996e-01 +9.9999988325610545e-01 +9.9999988578665167e-01 +1.3110829067098246e-05 +8.2006689938533355e-06 +6.5446852901901555e-06 +9.2264608424030714e-06 +6.5558532856954446e-06
 28.50000000 +5.0000000000000000e+00 +1.9999993589289013e+00 +1.8587924411481546e-03 +9.9994602640686758e-01 +9.9999988815067764e-01 +9.9999986519562345e-01 +9.9999985010700798e-01 +9.9999982436324608e-01 +1.1042866628820983e-05 +1.1643252209075121e-05 +1.1560998247372152e-05 +9.0917706614898020e-06 +1.1206902215330563e-05
 29.00000000 +5.0000000000000000e+00 +2.0000006894242395e+00 +1.8584930462311375e-03 +9.9994790452106430e-01 +9.9999994019500127e-01 +9.9999999898428604e-01 +9.9999987600647533e-01 +9.9999985747443965e-01 +8.3628499052878411e-06 +2.5912561184357323e-06 +9.6482552300899160e-06 +1.7750167936182329e-05 +1.4070252821788613e-05
 29.50000000 +5.0000000000000000e+00 +2.0000010820705194e+00 +1.8631178489483559e-03 +9.9993718262044595e-01 +1.0000000048164368e+00 +9.9999987299266813e-01 +9.9999992040420693e-01 +9.9999993924126462e-01 +1.1629190721267201e-05 +6.4099217285790049e-06 +1.0125410666494231e-05 +1.6555977882026944e-05 +1.8359410302428292e-05
 30.00000000 +5.0000000000000000e+00 +2.0000012045124986e+00 +1.8639174583790165e-03 +9.9993503125110472e-01 +9.9999987835567361e-01 +9.9999990951374240e-01 +9.9999990621400436e-01 +9.9999987290828074e-01 +1.0619445915828894e-05 +1.0628731066383839e-05 +5.1988499485911634e-06 +1.9887402868530136e-05 +1.9067342372592373e-05
 30.50000000 +5.0000000000000000e+00 +2.0000010160487589e+00 +1.8738264073098821e-03 +9.9990921345971340e-01 +9.9999987791796874e-01 +9.9999990517910364e-01 +9.9999981703599949e-01 +9.9999992153159245e-01 +1.3705513138528200e-05 +1.7321335074745456e-05 +2.4077652612577724e-05 +1.5197188067103686e-05 +2.0963233763478547e-05
 31.00000000 +5.0000000000000000e+00 +1.9999995084575712e+00 +1.8758923658635765e-03 +9.9990346236267758e-01 +9.9999984192237701e-01 +9.9999997205142732e-01 +9.9999980130445287e-01 +9.9999982041038904e-01 +1.8017980111368595e-05 +1.9933844087438438e-05 +2.2229317928672484e-05 +2.2144746642751129e-05 +1.4776094066660706e-05
 31.50000000 +5.0000000000000000e+00 +1.9999999507810651e+00 +1.8756376304185731e-03 +9.9990307822955904e-01 +9.9999990271588446e-01 +9.9999999320705812e-01 +9.9999989007323931e-01 +9.9999989347178464e-01 +1.9204905431997337e-05 +2.3483940430342295e-05 +2.5014762608351056e-05 +1.4278478698475527e-05 +1.5260218947194640e-05
 32.00000000 +5.0000000000000000e+00 +2.0000003920993881e+00 +1.8789749845491213e-03 +9.9989327802657757e-01 +9.9999991073031258e-01 +9.9999993125332587e-01 +9.9999988750693836e-01 +9.9999988876091439e-01 +2.3751306263284359e-05 +2.3701118768288507e-05 +2.2892861571212330e-05 +1.8799404729474657e-05 +1.7959077008874323e-05
 32.50000000 +5.0000000000000000e+00 +2.0000019239974764e+00 +1.8754010826460637e-03 +9.9990151641790392e-01 +9.9999990055534937e-01 +9.9999980959753321e-01 +9.9999994950806603e-01 +9.9999976480855923e-01 +2.4246174081247462e-05 +2.6088615918931690e-05 +2.3323460045340483e-05 +1.4537320171629594e-05 +1.0863617148155582e-05
 33.00000000 +5.0000000000000000e+00 +2.0000032040986500e+00 +1.8677725584649288e-03 +9.9992049271367456e-01 +9.9999994676868187e-01 +9.9999987876858831e-01 +9.9999984799999930e-01 +9.9999985305127825e-01 +2.5705944964748597e-05 +1.8978719197944678e-05 +1.1180254613807290e-05 +1.3949391117793597e-05 +1.0166362903785680e-05
 33.50000000 +5.0000000000000000e+00 +2.0000026108217952e+00 +1.8672387627584456e-03 +9.9992152566858383e-01 +9.9999986340248226e-01 +9.9999992435097074e-01 +9.9999983628071598e-01 +9.9999982951460598e-01 +2.4001653099156769e-05 +2.4720067517223465e-05 +1.3479551748521150e-05 +7.8952513749536062e-06 +8.9242493398667396e-06
 34.00000000 +5.0000000000000000e+00 +2.0000039418743745e+00 +1.8682690701512523e-03 +9.9991917377859563e-01 +1.0000000504218807e+00 +9.9999973430597133e-01 +9.9999999323387667e-01 +9.9999978412584112e-01 +2.8059445102787456e-05 +1.6392772608635484e-05 +1.7546272179269531e-05 +6.3617726584278503e-06 +1.2903830873453108e-05
 34.50000000 +5.0000000000000000e+00 +2.0000053053443976e+00 +1.8624299503057571e-03 +9.9993487309346540e-01 +9.9999984950706200e-01 +9.9999984732775860e-01 +9.9999972183784025e-01 +9.9999980720688975e-01 +1.7708130590718592e-05 +1.8698040033577801e-05 +1.4865107338564350e-05 +4.7144316725416300e-06 +9.9153076570773916e-06
 35.00000000 +5.0000000000000000e+00 +2.0000049190019875e+00 +1.8639120574237087e-03 +9.9993197017477553e-01 +9.9999990972074371e-01 +9.9999985529387536e-01 +9.9999988022411412e-01 +9.9999973971946121e-01 +2.1099247318610455e-05 +8.3890072558744415e-06 +1.6203793458687097e-05 +1.0589506426414176e-05 +1.2363239606914696e-05
 35.50000000 +5.0000000000000000e+00 +2.0000057968984830e+00 +1.8532329991885791e-03 +9.9995976166715672e-01 +9.9999982014367839e-01 +9.9999999656112448e-01 +9.9999994347138477e-01 +9.9999982847626490e-01 +1.1684561237037977e-05 +4.5582971099526025e-06 +5.2618251650251856e-06 +1.0650183445825701e-05 +8.4947741563763573e-06
 36.00000000 +5.0000000000000000e+00 +2.0000069180353317e+00 +1.8665349312249092e-03 +9.9992649767395791e-01 +9.9999999948954510e-01 +9.9999989115526600e-01 +9.9999975048591438e-01 +9.9999993679857146e-01 +1.5676460364000143e-05 +1.3104153871419406e-05 +1.1110436487675584e-05 +1.8936964121357873e-05 +1.5096372946612619e-05
 36.50000000 +5.0000000000000000e+00 +2.0000043274341812e+00 +1.8734035578861037e-03 +9.9990973733069310e-01 +1.0000000970252581e+00 +9.9999987128355394e-01 +9.9999979470034028e-01 +9.9999984351013227e-01 +1.3119192314993077e-05 +1.1149398800942996e-05 +2.1121084094531421e-05 +1.7269831824581987e-05 +2.7996623432253136e-05
 37.00000000 +5.0000000000000000e+00 +2.0000053231161696e+00 +1.8696251536523632e-03 +9.9991959390823837e-01 +9.9999984854025992e-01 +9.9999972772707824e-01 +1.0000000330215295e+00 +9.9999980238918862e-01 +1.6574324583658285e-05 +8.8856698740984931e-06 +1.8437308392503181e-05 +1.8937613778372347e-05 +1.8159441482091251e-05
 37.50000000 +5.0000000000000000e+00 +2.0000050582410207e+00 +1.8681502168309584e-03 +9.9992225665862744e-01 +9.9999984129661834e-01 +9.9999993611323368e-01 +9.9999993086368077e-01 +9.9999971467994297e-01 +1.7565720354292823e-05 +1.5649004085318301e-05 +9.7259773884824321e-06 +2.0974660087217388e-05 +1.4404999671740889e-05
 38.00000000 +5.0000000000000000e+00 +2.0000049873716104e+00 +1.8724476084778828e-03 +9.9991186495027051e-01 +9.9999979319709653e-01 +9.9999975909503958e-01 +9.9999955919574912e-01 +9.9999993794637265e-01 +8.3953992368523484e-06 +2.0523476845611791e-05 +1.4355566687296535e-05 +2.3753635841768182e-05 +2.2057569575897883e-05
 38.50000000 +5.0000000000000000e+00 +2.0000049808202469e+00 +1.8734276211841332e-03 +9.9990877734964823e-01 +9.9999978846330806e-01 +9.9999979727234900e-01 +9.9999961108126900e-01 +9.9999988592758460e-01 +1.2947972462769307e-05 +2.0586710793881248e-05 +1.8059096458038715e-05 +2.0893392834753975e-05 +1.9652743662935628e-05
 39.00000000 +5.0000000000000000e+00 +2.0000049742693147e+00 +1.8744075694890889e-03 +9.9990568995192730e-01 +9.9999978372983112e-01 +9.9999983544714999e-01 +9.9999966296337939e-01 +9.9999983391221547e-01 +1.7500246517451385e-05 +2.0649940586747285e-05 +2.1762382852228787e-05 +1.8033337787908672e-05 +1.7248075782519449e-05
 39.50000000 +5.0000000000000000e+00 +2.0000049677188119e+00 +1.8753874533990970e-03 +9.9990260275708709e-01 +9.9999977899666492e-01 +9.9999987361944220e-01 +9.9999971484208028e-01 +9.9999978190026395e-01 +2.2052221430387557e-05 +2.0713166224619484e-05 +2.5465425893856109e-05 +1.5173470682705238e-05 +1.4843565919072238e-05
 40.00000000 +5.0000000000000000e+00 +2.0000049611687398e+00 +1.8763672729205053e-03 +9.9989951576510760e-01 +9.9999977426380959e-01 +9.9999991178922587e-01 +9.9999976671737201e-01 +9.9999972989173025e-01 +2.6603897231062924e-05 +2.0776387707907383e-05 +2.9168225606906881e-05 +1.2313791500619089e-05 +1.2439214057018964e-05
 40.50000000 +5.0000000000000000e+00 +2.0000051614982617e+00 +1.8731148981347165e-03 +9.9990788891135696e-01 +9.9999985867122132e-01 +9.9999988491064429e-01 +9.9999977085967573e-01 +9.9999971920674591e-01 +2.3747634789432283e-05 +1.8272508546703369e-05 +2.6331121652615006e-05 +1.2310385619285251e-05 +1.2215741814496978e-05
 41.00000000 +5.0000000000000000e+00 +2.0000053618315290e+00 +1.8698624625330528e-03 +9.9991626221417496e-01 +9.9999994308021123e-01 +9.9999985803156011e-01 +9.9999977500205650e-01 +9.9999970852156173e-01 +2.0891318938798088e-05 +1.5768582565680184e-05 +2.3493964647562472e-05 +1.2306979674265131e-05 +1.1992265393286919e-05
 41.50000000 +5.0000000000000000e+00 +2.0000055621685418e+00 +1.8666099661138092e-03 +9.9992463567356593e-01 +1.0000000274907792e+00 +9.9999983115197288e-01 +9.9999977914451466e-01 +9.9999969783617748e-01 +1.8034949677662292e-05 +1.3264609763524601e-05 +2.0656754590261272e-05 +1.2303573665556944e-05 +1.1768784793271579e-05
 42.00000000 +5.0000000000000000e+00 +2.0000057625093013e+00 +1.8633574088752806e-03 +9.9993300928953444e-01 +1.0000001119029258e+00 +9.9999980427188317e-01 +9.9999978328705053e-01 +9.9999968715059351e-01 +1.5178527004526797e-05 +1.0760590138923342e-05 +1.7819491479223364e-05 +1.2300167593158905e-05 +1.1545300014333754e-05
 42.50000000 +5.0000000000000000e+00 +2.0000053381353786e+00 +1.8637869765257657e-03 +9.9993233023814310e-01 +1.0000000914890306e+00 +9.9999977888076086e-01 +9.9999975431302957e-01 +9.9999967373440568e-01 +1.4152345438990740e-05 +1.0227402027589466e-05 +1.7547969775887083e-05 +1.2325432567179006e-05 +1.4118173533112872e-05
 43.00000000 +5.0000000000000000e+00 +2.0000049137874143e+00 +1.8642165179007042e-03 +9.9993165122828775e-01 +1.0000000710763843e+00 +9.9999975349119175e-01 +9.9999972534078108e-01 +9.9999966031903864e-01 +1.3126226642337352e-05 +9.6942465299987357e-06 +1.7276464680833883e-05 +1.2350695995805736e-05 +1.6690889675847209e-05
 43.50000000 +5.0000000000000000e+00 +2.0000044894654061e+00 +1.8646460330025076e-03 +9.9993097225996475e-01 +1.0000000506649869e+00 +9.9999972810317550e-01 +9.9999969637030495e-01 +9.9999964690449239e-01 +1.2100170608807688e-05 +9.1611236431588938e-06 +1.7004976192539993e-05 +1.2375957879180880e-05 +1.9263448456975753e-05
 44.00000000 +5.0000000000000000e+00 +2.0000040651693496e+00 +1.8650755218335847e-03 +9.9993029333316918e-01 +1.0000000302548373e+00 +9.9999970271671190e-01 +9.9999966740160007e-01 +9.9999963349076593e-01 +1.1074177332643510e-05 +8.6280333640780470e-06 +1.6733504309481803e-05 +1.2401218217446209e-05 +2.1835849890935721e-05
 44.50000000 +5.0000000000000000e+00 +2.0000032871040880e+00 +1.8656168542856115e-03 +9.9992862177303221e-01 +1.0000000129849254e+00 +9.9999982572411972e-01 +9.9999970842034080e-01 +9.9999960241616048e-01 +1.1139961622818913e-05 +1.0838320263990746e-05 +1.5315843404286851e-05 +1.3821689704103686e-05 +2.1112849312285499e-05
 45.00000000 +5.0000000000000000e+00 +2.0000025090937297e+00 +1.8661581485388166e-03 +9.9992695033084755e-01 +9.9999999571623199e-01 +9.9999994872284681e-01 +9.9999974943618675e-01 +9.9999957134374740e-01 +1.1205741270962779e-05 +1.3048451196248269e-05 +1.3898282535538388e-05 +1.5242060955987556e-05 +2.0389899751765515e-05
 45.50000000 +5.0000000000000000e+00 +2.0000017311382687e+00 +1.8666994045972440e-03 +9.9992527900660300e-01 +9.9999997844875710e-01 +1.0000000717128950e+00 +9.9999979044913834e-01 +9.9999954027352655e-01 +1.1271516277566438e-05 +1.5258426177358695e-05 +1.2480821692648275e-05 +1.6662331983706961e-05 +1.9667001203975863e-05
 46.00000000 +5.0000000000000000e+00 +2.0000009532377008e+00 +1.8672406224649368e-03 +9.9992360780028644e-01 +9.9999996118250056e-01 +1.0000001946942656e+00 +9.9999983145919624e-01 +9.9999950920549840e-01 +1.1337286643121150e-05 +1.7468245223827768e-05 +1.1063460865029859e-05 +1.8082502797869556e-05 +1.8944153663517410e-05
 46.50000000 +5.0000000000000000e+00 +2.0000016002699139e+00 +1.8674336099271875e-03 +9.9992349035629891e-01 +1.0000000386708652e+00 +1.0000002113112252e+00 +9.9999976417632785e-01 +9.9999960765119655e-01 +1.3602443645194935e-05 +1.7375194670235321e-05 +1.2660594768310610e-05 +1.6499522479013751e-05 +1.6750072839625703e-05
 47.00000000 +5.0000000000000000e+00 +2.0000022472526817e+00 +1.8676265826418471e-03 +9.9992337292128608e-01 +1.0000001161533083e+00 +1.0000002279269156e+00 +9.9999969689860124e-01 +9.9999970608937194e-01 +1.5867427549957724e-05 +1.7282151227320232e-05 +1.4257606622839906e-05 +1.4916663127329897e-05 +1.4556159681591315e-05
 47.50000000 +5.0000000000000000e+00 +2.0000028941860113e+00 +1.8678195406106046e-03 +9.9992325549524697e-01 +1.0000001936298311e+00 +1.0000002445413361e+00 +9.9999962962601541e-01 +9.9999980452002524e-01 +1.8132238377250216e-05 +1.7189114894267465e-05 +1.5854496442607171e-05 +1.3333924728952528e-05 +1.2362414170196113e-05
 48.00000000 +5.0000000000000000e+00 +2.0000035410699075e+00 +1.8680124838351515e-03 +9.9992313807818078e-01 +1.0000002711004334e+00 +1.0000002611544869e+00 +9.9999956235857002e-01 +9.9999990294315733e-01 +2.0396876146910081e-05 +1.7096085670262111e-05 +1.7451264241599704e-05 +1.1751307270018308e-05 +1.0168836286224895e-05
 48.50000000 +5.0000000000000000e+00 +2.0000023209200388e+00 +1.8676745163200030e-03 +9.9992383438867005e-01 +1.0000001081721506e+00 +1.0000002150264173e+00 +9.9999968193532396e-01 +9.9999984623776772e-01 +1.8735394936531198e-05 +1.5740057042170709e-05 +1.4232390267043969e-05 +1.4909608555494738e-05 +1.2696805099337151e-05
 49.00000000 +5.0000000000000000e+00 +2.0000011008601990e+00 +1.8673365737414897e-03 +9.9992453064778331e-01 +9.9999994525588987e-01 +1.0000001689017517e+00 +9.9999980150325563e-01 +9.9999978953656243e-01 +1.7074036317074466e-05 +1.4384128467452733e-05 +1.1013753794258564e-05 +1.8067676808503161e-05 +1.5224587388505582e-05
 49.50000000 +5.0000000000000000e+00 +1.9999998808903761e+00 +1.8669986560968504e-03 +9.9992522685552543e-01 +9.9999978235164910e-01 +1.0000001227804891e+00 +9.9999992106236524e-01 +9.9999973283954058e-01 +1.5412800274972488e-05 +1.3028299935035065e-05 +7.7953547969586624e-06 +2.1225512054833760e-05 +1.7752183174373173e-05
 50.00000000 +5.0000000000000000e+00 +1.9999986610105607e+00 +1.8666607633833262e-03 +9.9992592301190208e-01 +9.9999961945942706e-01 +1.0000000766626294e+00 +1.0000000406126537e+00 +9.9999967614670171e-01 +1.3751686796659877e-05 +1.1672571433846221e-05 +4.5771932488633265e-06 +2.4383114320272917e-05 +2.0279592477579872e-05
 50.50000000 +5.0000000000000000e+00 +1.9999983042455216e+00 +1.8667299667096777e-03 +9.9992598476008177e-01 +9.9999970209415134e-01 +1.0000001525886031e+00 +1.0000000066932087e+00 +9.9999973897383265e-01 +1.2654526144592697e-05 +1.4729768763991218e-05 +7.6203632325094814e-06 +2.1918892784948172e-05 +1.7491379347946717e-05
 51.00000000 +5.0000000000000000e+00 +1.9999979474618721e+00 +1.8667991736459337e-03 +9.9992604651148220e-01 +9.9999978473318585e-01 +1.0000002285185376e+00 +9.9999997277199426e-01 +9.9999980180424086e-01 +1.1557308260510745e-05 +1.7787125569015700e-05 +1.0663691959316121e-05 +1.9454542706585496e-05 +1.4703020774658862e-05
 51.50000000 +5.0000000000000000e+00 +1.9999975906596104e+00 +1.8668683841923770e-03 +9.9992610826610384e-01 +9.9999986737653102e-01 +1.0000003044524328e+00 +9.9999993884901039e-01 +9.9999986463792645e-01 +1.0460033139935743e-05 +2.0844641861398208e-05 +1.3707179441704521e-05 +1.6990064075126689e-05 +1.1914516746335676e-05
 52.00000000 +5.0000000000000000e+00 +1.9999972338387362e+00 +1.8669375983492911e-03 +9.9992617002394724e-01 +9.9999995002418762e-01 +1.0000003803902895e+00 +9.9999990492425683e-01 +9.9999992747489008e-01 +9.3627007783889578e-06 +2.3902317653618588e-05 +1.6750825692097266e-05 +1.4525456880512515e-05 +9.1258672515953516e-06
 52.50000000 +5.0000000000000000e+00 +1.9999969212728403e+00 +1.8659232524364418e-03 +9.9992829307802489e-01 +9.9999998225708142e-01 +1.0000000834272602e+00 +9.9999974438141292e-01 +9.9999991195875171e-01 +8.6623962320049595e-06 +2.3834021332859530e-05 +1.5060804004573503e-05 +1.2472940917115022e-05 +1.1954729280358402e-05
 53.00000000 +5.0000000000000000e+00 +1.9999966087124983e+00 +1.8649089245464582e-03 +9.9993041609437994e-01 +1.0000000144894023e+00 +9.9999978646950727e-01 +9.9999958384142140e-01 +9.9999989644288889e-01 +7.9621041286098427e-06 +2.3765726225587323e-05 +1.3370812345301269e-05 +1.0420461422755809e-05 +1.4783541045990996e-05
 53.50000000 +5.0000000000000000e+00 +1.9999962961577096e+00 +1.8638946146788602e-03 +9.9993253907301360e-01 +1.0000000467211505e+00 +9.9999948951703077e-01 +9.9999942330428249e-01 +9.9999988092730197e-01 +7.2618244678719802e-06 +2.3697432331769624e-05 +1.1680850713480265e-05 +8.3680183964629166e-06 +1.7612302549832738e-05
 54.00000000 +5.0000000000000000e+00 +1.9999959836084744e+00 +1.8628803228331677e-03 +9.9993466201392722e-01 +1.0000000789523262e+00 +9.9999919256983039e-01 +9.9999926276999607e-01 +9.9999986541199071e-01 +6.5615572494597579e-06 +2.3629139651374104e-05 +9.9909191083102078e-06 +6.3156118372644189e-06 +2.0441013793223175e-05
 54.50000000 +5.0000000000000000e+00 +1.9999958028618376e+00 +1.8615061700452430e-03 +9.9993825302852890e-01 +9.9999985901820587e-01 +9.9999942109960416e-01 +9.9999946372326964e-01 +9.9999969949019019e-01 +6.1893061706141687e-06 +2.1278512210873652e-05 +8.3124509212086748e-06 +9.1885687160400723e-06 +1.8334778241495340e-05
 55.00000000 +5.0000000000000000e+00 +1.9999956221231663e+00 +1.8601320778196286e-03 +9.9994184388486540e-01 +9.9999963909377831e-01 +9.9999964961930565e-01 +9.9999966466768631e-01 +9.9999953357570204e-01 +5.8170714977938224e-06 +1.8927988368335221e-05 +6.6340567083492925e-06 +1.2061398976504172e-05 +1.6228635516774850e-05
 55.50000000 +5.0000000000000000e+00 +1.9999954413924605e+00 +1.8587580461523207e-03 +9.9994543458294760e-01 +9.9999941917904323e-01 +9.9999987812893620e-01 +9.9999986560324694e-01 +9.9999936766852593e-01 +5.4448532299141618e-06 +1.6577568116910226e-05 +4.9557364648418287e-06 +1.4934102627027107e-05 +1.4122585612925167e-05
 56.00000000 +5.0000000000000000e+00 +1.9999952606697196e+00 +1.8573840750393165e-03 +9.9994902512278594e-01 +9.9999919927400005e-01 +1.0000001066284965e+00 +1.0000000665299529e+00 +9.9999920176866164e-01 +5.0726513658907274e-06 +1.4227251449750706e-05 +3.2774901857964835e-06 +1.7806679675978529e-05 +1.2016628523810298e-05
 56.50000000 +5.0000000000000000e+00 +1.9999956449158303e+00 +1.8631852423735492e-03 +9.9993425773406630e-01 +9.9999957286462393e-01 +9.9999999222298119e-01 +9.9999996997512897e-01 +9.9999933253898854e-01 +9.6285647634112063e-06 +1.5705270740903302e-05 +1.0133087237709125e-05 +1.9926356656470632e-05 +1.1481405094254298e-05
 57.00000000 +5.0000000000000000e+00 +1.9999960291426453e+00 +1.8689861183830204e-03 +9.9991949108694012e-01 +9.9999994643648704e-01 +9.9999987782321120e-01 +9.9999987342515373e-01 +9.9999946330274847e-01 +1.4184249370705495e-05 +1.7183215808439591e-05 +1.6988340013191702e-05 +2.2045927190388028e-05 +1.0946208542709101e-05
 57.50000000 +5.0000000000000000e+00 +1.9999964133501653e+00 +1.8747867030896733e-03 +9.9990472518135110e-01 +1.0000003199895902e+00 +9.9999976342918606e-01 +9.9999977688002695e-01 +9.9999959405994154e-01 +1.8739705205007343e-05 +1.8661086657950513e-05 +2.3843248538177027e-05 +2.4165391285748868e-05 +1.0411038867150105e-05
 58.00000000 +5.0000000000000000e+00 +1.9999967975383919e+00 +1.8805869965154503e-03 +9.9988996001724340e-01 +1.0000006935239352e+00 +9.9999964904090533e-01 +9.9999968033974851e-01 +9.9999972481056887e-01 +2.3294932283548772e-05 +2.0138883295026436e-05 +3.0697812838595316e-05 +2.6284748950570494e-05 +9.8758960655529103e-06
 58.50000000 +5.0000000000000000e+00 +1.9999964091535336e+00 +1.8788972716795439e-03 +9.9989406348910970e-01 +1.0000003076911941e+00 +9.9999947968108860e-01 +9.9999989808779011e-01 +9.9999953158293142e-01 +1.9910848592515678e-05 +1.6469262953572861e-05 +2.8095294170703646e-05 +2.7901340620285154e-05 +1.4342718812571352e-05
 59.00000000 +5.0000000000000000e+00 +1.9999960207752101e+00 +1.8772075752737454e-03 +9.9989816689193423e-01 +9.9999992186494469e-01 +9.9999931032412170e-01 +1.0000001158321679e+00 +9.9999933835854526e-01 +1.6526821839667657e-05 +1.2799704354540942e-05 +2.5492819290939906e-05 +2.9517905090378267e-05 +1.8809466404007510e-05
 59.50000000 +5.0000000000000000e+00 +1.9999956324034212e+00 +1.8755179072973375e-03 +9.9990227022571820e-01 +9.9999953604518677e-01 +9.9999914097000420e-01 +1.0000003335728822e+00 +9.9999914513741006e-01 +1.3142852023567727e-05 +9.1302074963724407e-06 +2.2890388198198978e-05 +3.1134442361536287e-05 +2.3276138841758151e-05
 60.00000000 +5.0000000000000000e+00 +1.9999952440381665e+00 +1.8738282677496030e-03 +9.9990637349046352e-01 +9.9999915023192043e-01 +9.9999897161873597e-01 +1.0000005513099330e+00 +9.9999895191952570e-01 +9.7589391427789457e-06 +5.4607723775091747e-06 +2.0288000891375796e-05 +3.2750952434445652e-05 +2.7742736127719951e-05
 60.50000000 +5.0000000000000000e+00 +1.9999963025021130e+00 +1.8748230993083468e-03 +9.9990434182313992e-01 +9.9999930948352855e-01 +9.9999928566854834e-01 +1.0000005193272945e+00 +9.9999908050633479e-01 +1.6255589508638979e-05 +9.6975358812839228e-06 +1.5928874624510783e-05 +2.8598562970353450e-05 +2.6982609618396467e-05
 61.00000000 +5.0000000000000000e+00 +1.9999973609158177e+00 +1.8758178836456440e-03 +9.9990231025225329e-01 +9.9999946872757717e-01 +9.9999959970345376e-01 +1.0000004873461741e+00 +9.9999920908704021e-01 +2.2751931499451910e-05 +1.3934098279554844e-05 +1.1569955271315457e-05 +2.4446370606801449e-05 +2.6222519189827663e-05
 61.50000000 +5.0000000000000000e+00 +1.9999984192792841e+00 +1.8768126207648567e-03 +9.9990027877779653e-01 +9.9999962796406727e-01 +9.9999991372345332e-01 +1.0000004553665716e+00 +9.9999933766164251e-01 +2.9247965137173573e-05 +1.8170459586640338e-05 +7.2112428170578772e-06 +2.0294375329756382e-05 +2.5462464839444647e-05
 62.00000000 +5.0000000000000000e+00 +1.9999994775925163e+00 +1.8778073106693468e-03 +9.9989824739976263e-01 +9.9999978719299965e-01 +1.0000002277285485e+00 +1.0000004233884872e+00 +9.9999946623014213e-01 +3.5743690443757729e-05 +2.2406619816857461e-05 +2.8527372470075055e-06 +1.6142577125186330e-05 +2.4702446564678775e-05
 62.50000000 +5.0000000000000000e+00 +1.9999995065725025e+00 +1.8738686357164904e-03 +9.9990789295684035e-01 +9.9999959702210306e-01 +9.9999997432230459e-01 +1.0000002253486637e+00 +9.9999955564887155e-01 +3.4917128774225371e-05 +1.7482302354507096e-05 +3.5740036706707738e-06 +1.6806996253549459e-05 +1.9974288504361455e-05
 63.00000000 +5.0000000000000000e+00 +1.9999995355575368e+00 +1.8699292747267476e-03 +9.9991754019397772e-01 +9.9999940681808286e-01 +9.9999972087192279e-01 +1.0000000272743463e+00 +9.9999964508317585e-01 +3.4090423134499661e-05 +1.2557127176437067e-05 +4.2953957242420199e-06 +1.7471531110180560e-05 +1.5245306895293589e-05
 63.50000000 +5.0000000000000000e+00 +1.9999995645476203e+00 +1.8659892275208619e-03 +9.9992718911161371e-01 +9.9999921658092994e-01 +9.9999946737739109e-01 +9.9999982916552532e-01 +9.9999973453305935e-01 +3.3263573486962301e-05 +7.6310940585329607e-06 +5.0169134405473542e-06 +1.8136181725318516e-05 +1.0515501522288334e-05
 64.00000000 +5.0000000000000000e+00 +1.9999995935427537e+00 +1.8620484939195143e-03 +9.9993683971018688e-01 +9.9999902631063575e-01 +9.9999921383869805e-01 +9.9999963102219136e-01 +9.9999982399852572e-01 +3.2436579793981901e-05 +2.7042027766022826e-06 +5.7385568524243273e-06 +1.8800948129212758e-05 +5.7848721700838604e-06
 64.50000000 +5.0000000000000000e+00 +1.9999992102629398e+00 +1.8602194284070427e-03 +9.9994138938111909e-01 +9.9999941907106238e-01 +9.9999898860863334e-01 +9.9999974332478103e-01 +9.9999979594938848e-01 +2.8178538302822371e-05 +6.9019442472058163e-06 +7.8937838047014668e-06 +1.4642614818311118e-05 +3.0468175774906027e-06
 65.00000000 +5.0000000000000000e+00 +1.9999988269719615e+00 +1.8583903096148035e-03 +9.9994593918458097e-01 +9.9999981184293030e-01 +9.9999876337200810e-01 +9.9999985563064220e-01 +9.9999976789943412e-01 +2.3920372777033886e-05 +1.1099807995928736e-05 +1.0049073537666848e-05 +1.0484160377230166e-05 +3.0868322673007780e-07
 65.50000000 +5.0000000000000000e+00 +1.9999984436698173e+00 +1.8565611375404682e-03 +9.9995048912057827e-01 +1.0000002046262393e+00 +9.9999853812882167e-01 +9.9999996793977441e-01 +9.9999973984866253e-01 +1.9662083211196755e-05 +1.5297794028113967e-05 +1.2204426054063662e-05 +6.3255848006771325e-06 -2.4295308856827377e-06
 66.00000000 +5.0000000000000000e+00 +1.9999980603565075e+00 +1.8547319121817087e-03 +9.9995503918911688e-01 +1.0000005974209900e+00 +9.9999831287907370e-01 +1.0000000802521785e+00 +9.9999971179707392e-01 +1.5403669599890978e-05 +1.9495902349104751e-05 +1.4359841356635262e-05 +2.1668880833589429e-06 -5.1678247632330713e-06
 66.50000000 +5.0000000000000000e+00 +1.9999979908417358e+00 +1.8576064238322368e-03 +9.9994781218185946e-01 +1.0000007004918350e+00 +9.9999866317322139e-01 +1.0000000591362754e+00 +9.9999940273757848e-01 +2.0779774844073159e-05 +1.2044116108594375e-05 +1.7547241142472909e-05 +6.6366906749865234e-06 -3.6455366773560241e-06
 67.00000000 +5.0000000000000000e+00 +1.9999979213306944e+00 +1.8604807812558869e-03 +9.9994058556235432e-01 +1.0000008035571497e+00 +9.9999901344857445e-01 +1.0000000380215055e+00 +9.9999909369466500e-01 +2.6155591642763122e-05 +4.5927296805974091e-06 +2.0734469913968694e-05 +1.1106253447200218e-05 -2.1233302671747233e-06
 67.50000000 +5.0000000000000000e+00 +1.9999978518233812e+00 +1.8633549844650705e-03 +9.9993335933057004e-01 +1.0000009066169346e+00 +9.9999936370513443e-01 +1.0000000169078680e+00 +9.9999878466833214e-01 +3.1531120019174300e-05 -2.8582569670621460e-06 +2.3921527684885456e-05 +1.5575576419300145e-05 -6.0120552611609570e-07
 68.00000000 +5.0000000000000000e+00 +1.9999977823197983e+00 +1.8662290334721988e-03 +9.9992613348647652e-01 +1.0000010096711909e+00 +9.9999971394290355e-01 +9.9999999579536369e-01 +9.9999847565857902e-01 +3.6906359996517651e-05 -1.0308843866556831e-05 +2.7108414468984577e-05 +2.0044659610584353e-05 +9.2083755239222601e-07
 68.50000000 +5.0000000000000000e+00 +1.9999978241487693e+00 +1.8653858085080726e-03 +9.9992803299403799e-01 +1.0000009869106745e+00 +9.9999996565549454e-01 +9.9999977208322355e-01 +9.9999859485845011e-01 +2.6826068470994994e-05 -3.2688369468982940e-06 +2.7968468974963129e-05 +1.6048588148641056e-05 +5.0731899849777903e-06
 69.00000000 +5.0000000000000000e+00 +1.9999978659724544e+00 +1.8645426900975807e-03 +9.9992993226156957e-01 +1.0000009641530345e+00 +1.0000002173362781e+00 +9.9999954839935268e-01 +9.9999871404325869e-01 +1.6747050735677440e-05 +3.7702803663599330e-06 +2.8828414800651756e-05 +1.2053021647955495e-05 +9.2250177079511999e-06
 69.50000000 +5.0000000000000000e+00 +1.9999979077908556e+00 +1.8636996782205285e-03 +9.9993183128911678e-01 +1.0000009413982702e+00 +1.0000004689852604e+00 +9.9999932474374598e-01 +9.9999883321300753e-01 +6.6693065491376003e-06 +1.0808508241829096e-05 +2.9688251966649142e-05 +8.0579600128200185e-06 +1.3376320820763116e-05
 70.00000000 +5.0000000000000000e+00 +1.9999979496039730e+00 +1.8628567728567248e-03 +9.9993373007672448e-01 +1.0000009186463810e+00 +1.0000007206024470e+00 +9.9999910111639767e-01 +9.9999895236769953e-01 -3.4071643299909140e-06 +1.7845846848077827e-05 +3.0547980493548756e-05 +4.0634031475511470e-06 +1.7527099422839062e-05
 70.50000000 +5.0000000000000000e+00 +1.9999973837016476e+00 +1.8648813556409137e-03 +9.9992825105743655e-01 +1.0000006569471445e+00 +1.0000008135947773e+00 +9.9999954903335775e-01 +9.9999918105153640e-01 +1.0285517049628462e-06 +2.1081617005530222e-05 +2.7150645137825356e-05 +4.7195633623430767e-06 +1.7567921655639923e-05
 71.00000000 +5.0000000000000000e+00 +1.9999968178079885e+00 +1.8669059074182641e-03 +9.9992277212206060e-01 +1.0000003952519159e+00 +1.0000009065856830e+00 +9.9999999694345765e-01 +9.9999940973187051e-01 +5.4641998061520946e-06 +2.4317337606598444e-05 +2.3753361812885304e-05 +5.3757135279269044e-06 +1.7608743263241164e-05
 71.50000000 +5.0000000000000000e+00 +1.9999962519229968e+00 +1.8689304281894884e-03 +9.9991729327059498e-01 +1.0000001335606952e+00 +1.0000009995751649e+00 +1.0000004448466981e+00 +9.9999963840870276e-01 +9.8997799751374484e-06 +2.7553008652420941e-05 +2.0356130517533331e-05 +6.0318536445334882e-06 +1.7649564245657162e-05
 72.00000000 +5.0000000000000000e+00 +1.9999956860466710e+00 +1.8709549179552988e-03 +9.9991181450303757e-01 +9.9999987187348205e-01 +1.0000010925632226e+00 +1.0000008927430786e+00 +9.9999986708203270e-01 +1.4335292213479468e-05 +3.0788630144136108e-05 +1.6958951250574173e-05 +6.6879837123936750e-06 +1.7690384602902265e-05
 72.50000000 +5.0000000000000000e+00 +1.9999963299501162e+00 +1.8698684382165006e-03 +9.9991557967216715e-01 +1.0000000018780835e+00 +1.0000009403612911e+00 +1.0000009941001420e+00 +1.0000001164189600e+00 +1.1192206405194318e-05 +2.9250992977238289e-05 +2.2269865900945587e-05 +5.9448736160969027e-06 +1.3709632433924802e-05
 73.00000000 +5.0000000000000000e+00 +1.9999969738043117e+00 +1.8687820415784302e-03 +9.9991934455331322e-01 +1.0000001318727414e+00 +1.0000007881710011e+00 +1.0000010954494529e+00 +1.0000003657368166e+00 +8.0493609996590162e-06 +2.7713473418393755e-05 +2.7580374339535315e-05 +5.2018203574817881e-06 +9.7291847376300019e-06
 73.50000000 +5.0000000000000000e+00 +1.9999976176092635e+00 +1.8676957280315536e-03 +9.9992310914650917e-01 +1.0000002618574571e+00 +1.0000006359923512e+00 +1.0000011967910127e+00 +1.0000006150356049e+00 +4.9067559692933767e-06 +2.6176071454109920e-05 +3.2890476612945994e-05 +4.4588239300276317e-06 +5.7490414790872577e-06
 74.00000000 +5.0000000000000000e+00 +1.9999982613649765e+00 +1.8666094975663386e-03 +9.9992687345178743e-01 +1.0000003918322315e+00 +1.0000004838253402e+00 +1.0000012981248219e+00 +1.0000008643153264e+00 +1.7643912865214216e-06 +2.4638787070896275e-05 +3.8200172767773104e-05 +3.7158843272147299e-06 +1.7692026233713001e-06
 74.50000000 +5.0000000000000000e+00 +1.9999990703077364e+00 +1.8643259986787562e-03 +9.9993232805166965e-01 +1.0000004197993380e+00 +1.0000003292302448e+00 +1.0000007052208402e+00 +1.0000003836022680e+00 +8.4672717993365000e-06 +2.4142135269125176e-05 +3.2989745723133715e-05 +5.4726453170144858e-06 -5.2377152163864994e-06
 75.00000000 +5.0000000000000000e+00 +1.9999998792772524e+00 +1.8620424242620703e-03 +9.9993778283196877e-01 +1.0000004477673696e+00 +1.0000001746300360e+00 +1.0000001122972475e+00 +9.9999990287330953e-01 +1.5170374016905340e-05 +2.3645467040078494e-05 +2.7779146338193363e-05 +7.2294644135135793e-06 -1.2244864817249290e-05
 75.50000000 +5.0000000000000000e+00 +2.0000006882735266e+00 +1.8597587743125329e-03 +9.9994323779269312e-01 +1.0000004757363261e+00 +1.0000000200247134e+00 +9.9999951935404296e-01 +9.9999942212845017e-01 +2.1873697950227790e-05 +2.3148782382941182e-05 +2.2568374604401401e-05 +8.9863416195949679e-06 -1.9252246190715873e-05
 76.00000000 +5.0000000000000000e+00 +2.0000014972965596e+00 +1.8574750488263971e-03 +9.9994869293385191e-01 +1.0000005037062079e+00 +9.9999986541427710e-01 +9.9999892639122545e-01 +9.9999894136768919e-01 +2.8577243610304442e-05 +2.2652081296898158e-05 +1.7357430513206620e-05 +1.0743276938141802e-05 -2.6259859348285806e-05
 76.50000000 +5.0000000000000000e+00 +2.0000006443305751e+00 +1.8596336426111356e-03 +9.9994328491158957e-01 +1.0000003620983378e+00 +9.9999973518275465e-01 +9.9999866973706930e-01 +9.9999901192231488e-01 +2.9374788385909314e-05 +2.3647692052312367e-05 +1.5294936360898004e-05 +1.0938660016817436e-05 -2.0319945258752758e-05
 77.00000000 +5.0000000000000000e+00 +1.9999997913581578e+00 +1.8617922526752871e-03 +9.9993787684854119e-01 +1.0000002204893996e+00 +9.9999960495024975e-01 +9.9999841308097770e-01 +9.9999908247747249e-01 +3.0172339176337741e-05 +2.4643310316299388e-05 +1.3232426653928646e-05 +1.1134044569008766e-05 -1.4379986372317668e-05
 77.50000000 +5.0000000000000000e+00 +1.9999989383793082e+00 +1.8639508790190360e-03 +9.9993246874470731e-01 +1.0000000788793937e+00 +9.9999947471676320e-01 +9.9999815642295031e-01 +9.9999915303316256e-01 +3.0969895981657771e-05 +2.5638936088944183e-05 +1.1169901392122591e-05 +1.1329430594732460e-05 -8.4399826884737798e-06
 78.00000000 +5.0000000000000000e+00 +1.9999980853940251e+00 +1.8661095216425661e-03 +9.9992706060008696e-01 +9.9999993726831993e-01 +9.9999934448229422e-01 +9.9999789976298770e-01 +9.9999922358938442e-01 +3.1767458801937430e-05 +2.6634569370331671e-05 +9.1073605753038638e-06 +1.1524818094005186e-05 -2.4999342067143141e-06
 78.50000000 +5.0000000000000000e+00 +1.9999972324023088e+00 +1.8682681805460611e-03 +9.9992165241467912e-01 +9.9999979565617769e-01 +9.9999921424684279e-01 +9.9999764310108885e-01 +9.9999929414613831e-01 +3.2565027637244792e-05 +2.7630210160546797e-05 +7.0448042032964971e-06 +1.1720207066843613e-05 +3.4401590734675124e-06
 79.00000000 +5.0000000000000000e+00 +1.9999963794041598e+00 +1.8704268557297064e-03 +9.9991624418848446e-01 +9.9999965404296776e-01 +9.9999908401040938e-01 +9.9999738643725478e-01 +9.9999936470342454e-01 +3.3362602487647876e-05 +2.8625858459674523e-05 +4.9822322759245261e-06 +1.1915597513264415e-05 +9.3802971525784867e-06
 79.50000000 +5.0000000000000000e+00 +1.9999955263995779e+00 +1.8725855471936853e-03 +9.9991083592150187e-01 +9.9999951242868967e-01 +9.9999895377299408e-01 +9.9999712977148469e-01 +9.9999943526124324e-01 +3.4160183353214750e-05 +2.9621514267799789e-05 +2.9196447930119725e-06 +1.2110989433284261e-05 +1.5320480031125414e-05
 80.00000000 +5.0000000000000000e+00 +1.9999946733885625e+00 +1.8747442549381823e-03 +9.9990542761373080e-01 +9.9999937081334389e-01 +9.9999882353459624e-01 +9.9999687310377916e-01 +9.9999950581959374e-01 +3.4957770234013449e-05 +3.0617177585007533e-05 +8.5704175438286235e-07 +1.2306382826919823e-05 +2.1260707709615086e-05
 80.50000000 +5.0000000000000000e+00 +1.9999938203711132e+00 +1.8769029789633808e-03 +9.9990001926517091e-01 +9.9999922919692952e-01 +9.9999869329521596e-01 +9.9999661643413751e-01 +9.9999957637847614e-01 +3.5755363130112018e-05 +3.1612848411382708e-05 -1.2055768401387859e-06 +1.2501777694187763e-05 +2.7200980188554333e-05
 81.00000000 +5.0000000000000000e+00 +1.9999919856414388e+00 +1.8749164443925418e-03 +9.9990492156553434e-01 +9.9999923701084414e-01 +9.9999885643608566e-01 +9.9999667458995167e-01 +9.9999974552029336e-01 +3.4073375427485660e-05 +2.9486846331026587e-05 +1.7530483931807243e-06 +1.2034827693275626e-05 +2.3216746465296984e-05
 81.50000000 +5.0000000000000000e+00 +1.9999901509770537e+00 +1.8729299805134909e-03 +9.9990982369144676e-01 +9.9999924482448044e-01 +9.9999901957114989e-01 +9.9999673274369627e-01 +9.9999991465609150e-01 +3.2391447579200938e-05 +2.7360919905477370e-05 +4.7115683423978307e-06 +1.1567894309003931e-05 +1.9232654522913602e-05
 82.00000000 +5.0000000000000000e+00 +1.9999883163779550e+00 +1.8709435873224553e-03 +9.9991472564291795e-01 +9.9999925263783884e-01 +9.9999918270040911e-01 +9.9999679089537130e-01 +1.0000000837858711e+00 +3.0709579582063007e-05 +2.5235069130696811e-05 +7.6699830131323103e-06 +1.1100977540485731e-05 +1.5248704353836309e-05
 82.50000000 +5.0000000000000000e+00 +1.9999864818441393e+00 +1.8689572648156619e-03 +9.9991962741995688e-01 +9.9999926045091903e-01 +9.9999934582386341e-01 +9.9999684904497721e-01 +1.0000002529096321e+00 +2.9027771432877235e-05 +2.3109294002646960e-05 +1.0628292411003548e-05 +1.0634077386834139e-05 +1.1264895950497767e-05
 83.00000000 +5.0000000000000000e+00 +1.9999846473756024e+00 +1.8669710129893375e-03 +9.9992452902257301e-01 +9.9999926826372143e-01 +9.9999950894151302e-01 +9.9999690719251388e-01 +1.0000004220273750e+00 +2.7346023128449197e-05 +2.0983594517290130e-05 +1.3586496541630514e-05 +1.0167193847162327e-05 +7.2812293053311744e-06
 83.50000000 +5.0000000000000000e+00 +1.9999828129723423e+00 +1.8649848318397105e-03 +9.9992943045077620e-01 +9.9999927607624584e-01 +9.9999967205335882e-01 +9.9999696533798155e-01 +1.0000005911391008e+00 +2.5664334665584742e-05 +1.8857970670588950e-05 +1.6544595410631788e-05 +9.7003269205835358e-06 +3.2977044107702823e-06
 84.00000000 +5.0000000000000000e+00 +1.9999809786343536e+00 +1.8629987213630071e-03 +9.9993433170457469e-01 +9.9999928388849202e-01 +9.9999983515940050e-01 +9.9999702348138031e-01 +1.0000007602448084e+00 +2.3982706041089886e-05 +1.6732422458506306e-05 +1.9502589023625553e-05 +9.2334766062110652e-06 -6.8567874075064602e-07
 84.50000000 +5.0000000000000000e+00 +1.9999791443616342e+00 +1.8610126815554568e-03 +9.9993923278397856e-01 +9.9999929170046042e-01 +9.9999999825963870e-01 +9.9999708162271028e-01 +1.0000009293444994e+00 +2.2301137251770932e-05 +1.4606949877005404e-05 +2.2460477386229589e-05 +8.7666429031582837e-06 -4.6689201567967829e-06
 85.00000000 +5.0000000000000000e+00 +1.9999773101541796e+00 +1.8590267124132870e-03 +9.9994413368899659e-01 +9.9999929951215072e-01 +1.0000001613540734e+00 +9.9999713976197124e-01 +1.0000010984381738e+00 +2.0619628294434360e-05 +1.2481552922049710e-05 +2.5418260504061261e-05 +8.2998258105386104e-06 -8.6520198449327831e-06
 85.50000000 +5.0000000000000000e+00 +1.9999769272837358e+00 +1.8629180380028349e-03 +9.9993348552234518e-01 +9.9999918654771291e-01 +1.0000002187259638e+00 +9.9999727075028433e-01 +1.0000009702519923e+00 +2.3396625614168517e-05 +1.5769289947357618e-05 +2.5883289700167348e-05 +8.5584051754128488e-06 -4.7394035645886012e-06
 86.00000000 +5.0000000000000000e+00 +1.9999765444132656e+00 +1.8668093638527646e-03 +9.9992283735498066e-01 +9.9999907358326712e-01 +1.0000002760978579e+00 +9.9999740173860585e-01 +1.0000008420658020e+00 +2.6173623119721367e-05 +1.9057027192659627e-05 +2.6348318927390173e-05 +8.8169845575895411e-06 -8.2678702243743524e-07
 86.50000000 +5.0000000000000000e+00 +1.9999761615427707e+00 +1.8707006899630772e-03 +9.9991218918690394e-01 +9.9999896061881399e-01 +1.0000003334697558e+00 +9.9999753272693614e-01 +1.0000007138796034e+00 +2.8950620811092951e-05 +2.2344764657955764e-05 +2.6813348185729749e-05 +9.0755639570686990e-06 +3.0858297815207416e-06
 87.00000000 +5.0000000000000000e+00 +1.9999757786722498e+00 +1.8745920163337720e-03 +9.9990154101811446e-01 +9.9999884765435332e-01 +1.0000003908416575e+00 +9.9999766371527521e-01 +1.0000005856933962e+00 +3.1727618688283273e-05 +2.5632502343246052e-05 +2.7278377475186076e-05 +9.3341433738503192e-06 +6.9984468472859558e-06
 87.50000000 +5.0000000000000000e+00 +1.9999753958017037e+00 +1.8784833429648497e-03 +9.9989089284861299e-01 +9.9999873468988532e-01 +1.0000004482135634e+00 +9.9999779470362338e-01 +1.0000004575071808e+00 +3.4504616751292371e-05 +2.8920240248530516e-05 +2.7743406795759172e-05 +9.5927228079344035e-06 +1.0911064174858237e-05
 88.00000000 +5.0000000000000000e+00 +1.9999750129311309e+00 +1.8823746698563089e-03 +9.9988024467839842e-01 +9.9999862172540932e-01 +1.0000005055854726e+00 +9.9999792569197998e-01 +1.0000003293209561e+00 +3.7281615000120224e-05 +3.2207978373809159e-05 +2.8208436147449013e-05 +9.8513022593209516e-06 +1.4823681764237599e-05
 88.50000000 +5.0000000000000000e+00 +1.9999746300605337e+00 +1.8862659970081514e-03 +9.9986959650747187e-01 +9.9999850876092611e-01 +1.0000005629573863e+00 +9.9999805668034558e-01 +1.0000002011347233e+00 +4.0058613434766906e-05 +3.5495716719082038e-05 +2.8673465530255629e-05 +1.0109881728009971e-05 +1.8736299615424086e-05
 89.00000000 +5.0000000000000000e+00 +1.9999742471899100e+00 +1.8901573244203757e-03 +9.9985894833583244e-01 +9.9999839579643501e-01 +1.0000006203293030e+00 +9.9999818766871951e-01 +1.0000000729484815e+00 +4.2835612055232382e-05 +3.8783455284349132e-05 +2.9138494944178999e-05 +1.0368461214001457e-05 +2.2648917728417708e-05
 89.50000000 +5.0000000000000000e+00 +1.9999738643192615e+00 +1.8940486520929833e-03 +9.9984830016348092e-01 +9.9999828283193670e-01 +1.0000006777012242e+00 +9.9999831865710254e-01 +9.9999994476223164e-01 +4.5612610861516714e-05 +4.2071194069610504e-05 +2.9603524389219148e-05 +1.0627040717295419e-05 +2.6561536103218508e-05
 90.00000000 +5.0000000000000000e+00 +1.9999754523984263e+00 +1.8913217580627704e-03 +9.9985672987561680e-01 +9.9999879613537157e-01 +1.0000005822155889e+00 +9.9999860674314700e-01 +9.9999981549574057e-01 +4.5582069858161497e-05 +3.7249138765415813e-05 +2.6114082637187628e-05 +1.1189121648431236e-05 +2.5335140260555046e-05
 90.50000000 +5.0000000000000000e+00 +1.9999770404549335e+00 +1.8885949029383603e-03 +9.9986515946748222e-01 +9.9999930943148296e-01 +1.0000004867313157e+00 +9.9999889482508164e-01 +9.9999968623109392e-01 +4.5551529290548285e-05 +3.2427152259615648e-05 +2.2624690670564024e-05 +1.1751194560109954e-05 +2.4108761915423179e-05
 91.00000000 +5.0000000000000000e+00 +1.9999786284887846e+00 +1.8858680867189209e-03 +9.9987358893908052e-01 +9.9999982272027155e-01 +1.0000003912484057e+00 +9.9999918290290601e-01 +9.9999955696829201e-01 +4.5520989158667760e-05 +2.7605234550737655e-05 +1.9135348488282884e-05 +1.2313259452503202e-05 +2.2882401067448447e-05
 91.50000000 +5.0000000000000000e+00 +1.9999802164999776e+00 +1.8831413094036176e-03 +9.9988201829041257e-01 +1.0000003360017362e+00 +1.0000002957668572e+00 +9.9999947097662023e-01 +9.9999942770733385e-01 +4.5490449462510552e-05 +2.2783385637309489e-05 +1.5646056089278752e-05 +1.2875316325782586e-05 +2.1656057716256369e-05
 92.00000000 +5.0000000000000000e+00 +1.9999818044885145e+00 +1.8804145709916192e-03 +9.9989044752148215e-01 +1.0000008492758781e+00 +1.0000002002866710e+00 +9.9999975904622418e-01 +9.9999929844821955e-01 +4.5459910202067383e-05 +1.7961605517858900e-05 +1.2156813472486256e-05 +1.3437365180119729e-05 +2.0429731861472525e-05
 92.50000000 +5.0000000000000000e+00 +1.9999833924543957e+00 +1.8776878714820934e-03 +9.9989887663229182e-01 +1.0000013625426971e+00 +1.0000001048078473e+00 +1.0000000471117185e+00 +9.9999916919095000e-01 +4.5429371377328902e-05 +1.3139894190913665e-05 +8.6676206368400269e-06 +1.3999406015686244e-05 +1.9203423502722480e-05
 93.00000000 +5.0000000000000000e+00 +1.9999849803976208e+00 +1.8749612108742066e-03 +9.9990730562284402e-01 +1.0000018758021931e+00 +1.0000000093303856e+00 +1.0000003351731030e+00 +9.9999903993552419e-01 +4.5398832988285778e-05 +8.3182516550015815e-06 +5.1784775812747160e-06 +1.4561438832653728e-05 +1.7977132639631799e-05
 93.50000000 +5.0000000000000000e+00 +1.9999865683181919e+00 +1.8722345891671276e-03 +9.9991573449314120e-01 +1.0000023890543668e+00 +9.9999991385428588e-01 +1.0000006232303780e+00 +9.9999891068194269e-01 +4.5368295034928729e-05 +3.4966779086505207e-06 +1.6893843047250296e-06 +1.5123463631193784e-05 +1.6750859271826090e-05
 94.00000000 +5.0000000000000000e+00 +1.9999881562161084e+00 +1.8695080063600229e-03 +9.9992416324318589e-01 +1.0000029022992181e+00 +9.9999981837954877e-01 +1.0000009112835431e+00 +9.9999878143020526e-01 +4.5337757517248388e-05 -1.3248270496116374e-06 -1.7996591938743165e-06 +1.5685480411478014e-05 +1.5524603398930934e-05
 94.50000000 +5.0000000000000000e+00 +1.9999870172385186e+00 +1.8692275603932242e-03 +9.9992353844301141e-01 +1.0000020165177850e+00 +9.9999981505084745e-01 +1.0000004159666165e+00 +9.9999876588278780e-01 +4.4252290755010897e-05 -2.1278468900379829e-06 +4.9317446514840400e-07 +1.8225825068087764e-05 +1.4604685090909207e-05
 95.00000000 +5.0000000000000000e+00 +1.9999858781551427e+00 +1.8689470883789688e-03 +9.9992291358480656e-01 +1.0000011306540819e+00 +9.9999981172183738e-01 +9.9999992060368570e-01 +9.9999875033392660e-01 +4.3166723176030622e-05 -2.9309413139039354e-06 +2.7862210795828400e-06 +2.0766405668609159e-05 +1.3684681342070066e-05
 95.50000000 +5.0000000000000000e+00 +1.9999847389659653e+00 +1.8686665903136274e-03 +9.9992228866856303e-01 +1.0000002447080973e+00 +9.9999980839251790e-01 +9.9999942519474416e-01 +9.9999873478362111e-01 +4.2081054766261329e-05 -3.7341103316007957e-06 +5.0794806790989039e-06 +2.3307222245914965e-05 +1.2764592140509506e-05
 96.00000000 +5.0000000000000000e+00 +1.9999835996709714e+00 +1.8683860661935696e-03 +9.9992166369427260e-01 +9.9999935867981959e-01 +9.9999980506288944e-01 +9.9999892973978510e-01 +9.9999871923187111e-01 +4.0995285511654137e-05 -4.5373539535217970e-06 +7.3729532933720180e-06 +2.5848274832884065e-05 +1.1844417474321311e-05
 96.50000000 +5.0000000000000000e+00 +1.9999824602701464e+00 +1.8681055160151660e-03 +9.9992103866192761e-01 +9.9999847256923702e-01 +9.9999980173295144e-01 +9.9999843423880275e-01 +9.9999870367867660e-01 +3.9909415398157597e-05 -5.3406721900621016e-06 +9.6666389520831191e-06 +2.8389563462401448e-05 +1.0924157331597063e-05
 97.00000000 +5.0000000000000000e+00 +1.9999813207634756e+00 +1.8678249397747846e-03 +9.9992041357151906e-01 +9.9999758637633818e-01 +9.9999979840270392e-01 +9.9999793869178999e-01 +9.9999868812403703e-01 +3.8823444411717622e-05 -6.1440650516188039e-06 +1.1960537684918652e-05 +3.0931088167358193e-05 +1.0003811700426119e-05
 97.50000000 +5.0000000000000000e+00 +1.9999801811509448e+00 +1.8675443374687949e-03 +9.9991978842303997e-01 +9.9999670010111219e-01 +9.9999979507214742e-01 +9.9999744309874117e-01 +9.9999867256795283e-01 +3.7737372538277565e-05 -6.9475325485909341e-06 +1.4254649521570596e-05 +3.3472848980651555e-05 +9.0833805688956373e-06
 98.00000000 +5.0000000000000000e+00 +1.9999790414325385e+00 +1.8672637090935628e-03 +9.9991916321648133e-01 +9.9999581374354685e-01 +9.9999979174128129e-01 +9.9999694745964918e-01 +9.9999865701042290e-01 +3.6651199763778075e-05 -7.7510746913794453e-06 +1.6548974491736418e-05 +3.6014845935184794e-05 +8.1628639250905450e-06
 98.50000000 +5.0000000000000000e+00 +1.9999779016082420e+00 +1.8669830546454568e-03 +9.9991853795183561e-01 +9.9999492730363115e-01 +9.9999978841010562e-01 +9.9999645177450802e-01 +9.9999864145144790e-01 +3.5564926074157274e-05 -8.5546914903872328e-06 +1.8843512625119134e-05 +3.8557079063867395e-05 +7.2422617570935702e-06
 99.00000000 +5.0000000000000000e+00 +1.9999774074266190e+00 +1.8664624081207513e-03 +9.9992011888689736e-01 +9.9999548264703120e-01 +9.9999991412144740e-01 +9.9999641707308262e-01 +9.9999899859108843e-01 +2.6917728913418350e-05 -1.7557842385783100e-06 +2.1280903870291425e-05 +3.4605963404862307e-05 +8.0198507192593476e-06
 99.50000000 +5.0000000000000000e+00 +1.9999769132627305e+00 +1.8659417802802405e-03 +9.9992169976522516e-01 +9.9999603797050218e-01 +1.0000000398282778e+00 +9.9999638237290256e-01 +9.9999935571791254e-01 +1.8270842070532162e-05 +5.0428790240789788e-06 +2.3718207645963092e-05 +3.0654989537666117e-05 +8.7974117764597883e-06
100.00000000 +5.0000000000000000e+00 +1.9999764191165752e+00 +1.8654211711229174e-03 +9.9992328058682145e-01 +9.9999659327404467e-01 +1.0000001655305970e+00 +9.9999634767396772e-01 +9.9999971283192068e-01 +9.6242655287946455e-06 +1.1841298310718278e-05 +2.6155423956842509e-05 +2.6704157454646313e-05 +9.5749449301969789e-06
100.50000000 +5.0000000000000000e+00 +1.9999759249881532e+00 +1.8649005806477782e-03 +9.9992486135168968e-01 +9.9999714855766020e-01 +1.0000002912284056e+00 +9.9999631297627800e-01 +1.0000000699331137e+00 +9.7799927150297028e-07 +1.8639473634472305e-05 +2.8592552807637736e-05 +2.2753467148170970e-05 +1.0352450181972911e-05
101.00000000 +5.0000000000000000e+00 +1.9999754308774624e+00 +1.8643800088538156e-03 +9.9992644205983294e-01 +9.9999770382134934e-01 +1.0000004169217034e+00 +9.9999627827983373e-01 +1.0000004270214926e+00 -7.6679567180445235e-06 +2.5437405008472818e-05 +3.1029594203056459e-05 +1.8802918610608686e-05 +1.1129927533289454e-05
101.50000000 +5.0000000000000000e+00 +1.9999749367845017e+00 +1.8638594557400243e-03 +9.9992802271125369e-01 +9.9999825906511353e-01 +1.0000005426104905e+00 +9.9999624358463379e-01 +1.0000007840970573e+00 -1.6313602456548266e-05 +3.2235092445850615e-05 +3.3466548147806043e-05 +1.4852511834328631e-05 +1.1907376985648373e-05
102.00000000 +5.0000000000000000e+00 +1.9999744427092718e+00 +1.8633389213054002e-03 +9.9992960330595593e-01 +9.9999881428895387e-01 +1.0000006682947682e+00 +9.9999620889067964e-01 +1.0000011411598095e+00 -2.4958937960707531e-05 +3.9032535959735626e-05 +3.5903414646593535e-05 +1.0902246811700502e-05 +1.2684798540551342e-05
102.50000000 +5.0000000000000000e+00 +1.9999739486517700e+00 +1.8628184055489365e-03 +9.9993118384394231e-01 +9.9999936949287127e-01 +1.0000007939745357e+00 +9.9999617419797004e-01 +1.0000014982097492e+00 -3.3603963247220339e-05 +4.5829735563256739e-05 +3.8340193704125611e-05 +6.9521235350945588e-06 +1.3462192199499897e-05
103.00000000 +5.0000000000000000e+00 +1.9999734546119960e+00 +1.8622979084696285e-03 +9.9993276432521550e-01 +9.9999992467686671e-01 +1.0000009196497932e+00 +9.9999613950650523e-01 +1.0000018552468770e+00 -4.2248678332783565e-05 +5.2626691269541968e-05 +4.0776885325108631e-05 +3.0021419968815922e-06 +1.4239557963995494e-05
103.50000000 +5.0000000000000000e+00 +1.9999737344824529e+00 +1.8630041753152891e-03 +9.9993136963566109e-01 +1.0000005749513627e+00 +1.0000007107433500e+00 +9.9999641495948999e-01 +1.0000010702490731e+00 -3.7789160709484932e-05 +4.8989269392405344e-05 +3.6413411710682546e-05 +1.4897139623516469e-06 +2.0756230741087162e-05
104.00000000 +5.0000000000000000e+00 +1.9999740143876372e+00 +1.8637105298004615e-03 +9.9992997477304191e-01 +1.0000012253065504e+00 +1.0000005018109834e+00 +9.9999669044665540e-01 +1.0000002851538601e+00 -3.3329089711847752e-05 +4.5351396153463386e-05 +3.2049396639863834e-05 -2.2901746930125136e-08 +2.7273712161577561e-05
104.50000000 +5.0000000000000000e+00 +1.9999742943275576e+00 +1.8644169719414594e-03 +9.9992857973732596e-01 +1.0000018757424445e+00 +1.0000002928526894e+00 +9.9999696596800736e-01 +9.9999949996121973e-01 -2.8868465236864616e-05 +4.1713071468697773e-05 +2.7684840011863553e-05 -1.5357051658982765e-06 +3.3792002375990902e-05
105.00000000 +5.0000000000000000e+00 +1.9999745743022193e+00 +1.8651235017546005e-03 +9.9992718452848040e-01 +1.0000025262590599e+00 +1.0000000838684626e+00 +9.9999724152355274e-01 +9.9999871467113388e-01 -2.4407287181502600e-05 +3.8074295254069269e-05 +2.3319741725867776e-05 -3.0486963294960304e-06 +4.0311101534888774e-05
105.50000000 +5.0000000000000000e+00 +1.9999748543116287e+00 +1.8658301192562067e-03 +9.9992578914647368e-01 +1.0000031768564122e+00 +9.9999987485829855e-01 +9.9999751711329776e-01 +9.9999792928358455e-01 -1.9945555442703170e-05 +3.4435067425517851e-05 +1.8954101681037527e-05 -4.5618752726752864e-06 +4.6831009788870133e-05
106.00000000 +5.0000000000000000e+00 +1.9999751343557934e+00 +1.8665368244626039e-03 +9.9992439359127339e-01 +1.0000038275345160e+00 +9.9999966582219268e-01 +9.9999779273724887e-01 +9.9999714379855398e-01 -1.5483269917382232e-05 +3.0795387898962570e-05 +1.4587919776508818e-05 -6.0752420303966156e-06 +5.3351727288571304e-05
106.50000000 +5.0000000000000000e+00 +1.9999754144347193e+00 +1.8672436173901221e-03 +9.9992299786284700e-01 +1.0000044782933868e+00 +9.9999945676013957e-01 +9.9999806839541217e-01 +9.9999635821602328e-01 -1.1020430502430063e-05 +2.7155256590301618e-05 +1.0221195911392595e-05 -7.5887966376292731e-06 +5.9873254184666053e-05
107.00000000 +5.0000000000000000e+00 +1.9999756945484115e+00 +1.8679504980550936e-03 +9.9992160196116242e-01 +1.0000051291330390e+00 +9.9999924767213455e-01 +9.9999834408779420e-01 +9.9999557253597449e-01 -6.5570370947113825e-06 +2.3514673415412306e-05 +5.8539299847747771e-06 -9.1025391293511905e-06 +6.6395590627865453e-05
107.50000000 +5.0000000000000000e+00 +1.9999759746968784e+00 +1.8686574664738575e-03 +9.9992020588618735e-01 +1.0000057800534878e+00 +9.9999903855817285e-01 +9.9999861981440119e-01 +9.9999478675838960e-01 -2.0930895910652727e-06 +1.9873638290151075e-05 +1.4861218957162144e-06 -1.0616469540548991e-05 +7.2918736768918128e-05
108.00000000 +5.0000000000000000e+00 +1.9999743736461193e+00 +1.8704823658898106e-03 +9.9991556522926561e-01 +1.0000052401975550e+00 +9.9999885670243172e-01 +9.9999887888854233e-01 +9.9999557150318064e-01 -2.8538928019888444e-06 +2.5324192941081135e-05 +1.2101194334534993e-06 -1.6694907907025729e-06 +6.3876557229393307e-05
108.50000000 +5.0000000000000000e+00 +1.9999727724815692e+00 +1.8723073950062199e-03 +9.9991092424251971e-01 +1.0000047003032533e+00 +9.9999867483376559e-01 +9.9999913798109630e-01 +9.9999635630374528e-01 -3.6147500852207954e-06 +3.0775134977431890e-05 +9.3409735496146330e-07 +7.2781238447277753e-06 +5.4833735038111122e-05
109.00000000 +5.0000000000000000e+00 +1.9999711712032160e+00 +1.8741325538369140e-03 +9.9990628292591488e-01 +1.0000041603705783e+00 +9.9999849295217313e-01 +9.9999939709206531e-01 +9.9999714116009009e-01 -4.3756614465259257e-06 +3.6226464440503561e-05 +6.5805565814876639e-07 +1.6226374433535586e-05 +4.5790270126556703e-05
109.50000000 +5.0000000000000000e+00 +1.9999695698110482e+00 +1.8759578423957223e-03 +9.9990164127941605e-01 +1.0000036203995266e+00 +9.9999831105765313e-01 +9.9999965622145137e-01 +9.9999792607222071e-01 -5.1366268916698560e-06 +4.1678181371602290e-05 +3.8199434092377002e-07 +2.5175261043524028e-05 +3.6746162426205437e-05
110.00000000 +5.0000000000000000e+00 +1.9999679683050520e+00 +1.8777832606964762e-03 +9.9989699930298770e-01 +1.0000030803900930e+00 +9.9999812915020381e-01 +9.9999991536925648e-01 +9.9999871104014282e-01 -5.8976464264190227e-06 +4.7130285812040042e-05 +1.0591340119453899e-07 +3.4124783742505899e-05 +2.7701411868522914e-05
110.50000000 +5.0000000000000000e+00 +1.9999663666852172e+00 +1.8796088087530104e-03 +9.9989235699659518e-01 +1.0000025403422745e+00 +9.9999794722982405e-01 +1.0000001745354827e+00 +9.9999949606386285e-01 -6.6587200565406825e-06 +5.2582777803134649e-05 -1.7018716313115924e-07 +4.3074942598303652e-05 +1.8656018384965058e-05
111.00000000 +5.0000000000000000e+00 +1.9999647649515306e+00 +1.8814344865791587e-03 +9.9988771436020252e-01 +1.0000020002560663e+00 +9.9999776529651241e-01 +1.0000004337201316e+00 +1.0000002811433861e+00 -7.4198477878029147e-06 +5.8035657386209863e-05 -4.4630735414585528e-07 +5.2025737678749375e-05 +9.6099819069779797e-06
111.50000000 +5.0000000000000000e+00 +1.9999631631039800e+00 +1.8832602941887603e-03 +9.9988307139377530e-01 +1.0000014601314648e+00 +9.9999758335026745e-01 +1.0000006929232053e+00 +1.0000010662787195e+00 -8.1810296259746184e-06 +6.3488924602595278e-05 -7.2244717394237665e-07 +6.0977169051684810e-05 +5.6330236599809860e-07
112.00000000 +5.0000000000000000e+00 +1.9999615611425536e+00 +1.8850862315956535e-03 +9.9987842809727767e-01 +1.0000009199684654e+00 +9.9999740139108795e-01 +1.0000009521447060e+00 +1.0000018514698681e+00 -8.9422655768255102e-06 +6.8942579493626362e-05 -9.9860662461384875e-07 +6.9929236784961309e-05 -8.4840203065479661e-06
112.50000000 +5.0000000000000000e+00 +1.9999615076016408e+00 +1.8879702598474928e-03 +9.9987139622186094e-01 +1.0000009151683695e+00 +9.9999693072249873e-01 +1.0000007559527435e+00 +1.0000012316695661e+00 -2.7322864277707399e-06 +6.8878328969190376e-05 +2.2341072061773226e-06 +6.1781852087322830e-05 -1.3917411193364903e-06
113.00000000 +5.0000000000000000e+00 +1.9999614540588486e+00 +1.8908543893125524e-03 +9.9986436409966473e-01 +1.0000009103681051e+00 +9.9999646003739173e-01 +1.0000005597538957e+00 +1.0000006118475127e+00 +3.4779106567326292e-06 +6.8814076189921216e-05 +5.4669344870980343e-06 +5.3634181462164090e-05 +5.7007869671078404e-06
113.50000000 +5.0000000000000000e+00 +1.9999614005141775e+00 +1.8937386199961615e-03 +9.9985733173067604e-01 +1.0000009055676722e+00 +9.9999598933576594e-01 +1.0000003635481620e+00 +9.9999999200370659e-01 +9.6883256881572661e-06 +6.8749821155700202e-05 +8.6998752241205872e-06 +4.5486224894433132e-05 +1.2793563965887709e-05
114.00000000 +5.0000000000000000e+00 +1.9999613469676274e+00 +1.8966229519036472e-03 +9.9985029911488166e-01 +1.0000009007670709e+00 +9.9999551861762037e-01 +1.0000001673355428e+00 +9.9999937213814649e-01 +1.5898958677976646e-05 +6.8685563866408627e-05 +1.1932929423217700e-05 +3.7337982369076959e-05 +1.9886589890106718e-05
114.50000000 +5.0000000000000000e+00 +1.9999612934191977e+00 +1.8995073850403400e-03 +9.9984326625226949e-01 +1.0000008959663009e+00 +9.9999504788295468e-01 +9.9999997111603711e-01 +9.9999875225083179e-01 +2.2109809637665062e-05 +6.8621304321927784e-05 +1.5166097090362515e-05 +2.9189453871041531e-05 +2.6979864752869386e-05
115.00000000 +5.0000000000000000e+00 +1.9999612398688891e+00 +1.9023919194115680e-03 +9.9983623314282566e-01 +1.0000008911653626e+00 +9.9999457713176765e-01 +9.9999977488964464e-01 +9.9999813234176083e-01 +2.8320878578697573e-05 +6.8557042522138928e-05 +1.8399378231528577e-05 +2.1040639385271726e-05 +3.4073388567281145e-05
115.50000000 +5.0000000000000000e+00 +1.9999611863167004e+00 +1.9052765550226609e-03 +9.9982919978653750e-01 +1.0000008863642560e+00 +9.9999410636405817e-01 +9.9999957865636513e-01 +9.9999751241093227e-01 +3.4532165512550091e-05 +6.8492778466923337e-05 +2.1632772852689878e-05 +1.2891538896711368e-05 +4.1167161346448376e-05
116.00000000 +5.0000000000000000e+00 +1.9999611327626321e+00 +1.9081612918789490e-03 +9.9982216618339170e-01 +1.0000008815629806e+00 +9.9999363557982590e-01 +9.9999938241619823e-01 +9.9999689245834578e-01 +4.0743670450699298e-05 +6.8428512156162264e-05 +2.4866280959820800e-05 +4.7421523903032416e-06 +4.8261183103478334e-05
116.50000000 +5.0000000000000000e+00 +1.9999610792066849e+00 +1.9110461299857631e-03 +9.9981513233337604e-01 +1.0000008767615367e+00 +9.9999316477906963e-01 +9.9999918616914374e-01 +9.9999627248399980e-01 +4.6955393404622728e-05 +6.8364243589736975e-05 +2.8099902558896185e-05 -3.4075201490109489e-06 +5.5355453851479261e-05
117.00000000 +5.0000000000000000e+00 +1.9999613963148128e+00 +1.9085923573757696e-03 +9.9982141846809469e-01 +1.0000023588075078e+00 +9.9999335676894019e-01 +9.9999892121555334e-01 +9.9999598676355972e-01 +4.4672507407789554e-05 +6.7050835186713764e-05 +2.4516753288565586e-05 +4.1469004236524386e-06 +4.7570981030790817e-05
117.50000000 +5.0000000000000000e+00 +1.9999617133852632e+00 +1.9061388763194442e-03 +9.9982770385590414e-01 +1.0000038406773841e+00 +9.9999354873599922e-01 +9.9999865629344442e-01 +9.9999570107706848e-01 +4.2389892660127352e-05 +6.5737582840953585e-05 +2.0934029762783943e-05 +1.1700423391126474e-05 +3.9787433149762942e-05
118.00000000 +5.0000000000000000e+00 +1.9999620304180419e+00 +1.9036856867648275e-03 +9.9983398849693716e-01 +1.0000053223711978e+00 +9.9999374068024993e-01 +9.9999839140281144e-01 +9.9999541542452031e-01 +4.0107549113294847e-05 +6.4424486524644335e-05 +1.7351731905676233e-05 +1.9253048913379857e-05 +3.2004810043555460e-05
118.50000000 +5.0000000000000000e+00 +1.9999623474131556e+00 +1.9012327886599714e-03 +9.9984027239132733e-01 +1.0000068038889793e+00 +9.9999393260169733e-01 +9.9999812654364850e-01 +9.9999512980590899e-01 +3.7825476718962250e-05 +6.3111546209980551e-05 +1.3769859641385489e-05 +2.6804777150343281e-05 +2.4223111547367363e-05
119.00000000 +5.0000000000000000e+00 +1.9999626643706105e+00 +1.8987801819529400e-03 +9.9984655553920720e-01 +1.0000082852307604e+00 +9.9999412450034442e-01 +9.9999786171594984e-01 +9.9999484422122786e-01 +3.5543675428811237e-05 +6.1798761869163304e-05 +1.0188412894072737e-05 +3.4355608261909420e-05 +1.6442337496436793e-05
119.50000000 +5.0000000000000000e+00 +1.9999629812904147e+00 +1.8963278665918119e-03 +9.9985283794071023e-01 +1.0000097663965728e+00 +9.9999431637619607e-01 +9.9999759691971080e-01 +9.9999455867047193e-01 +3.3262145194535026e-05 +6.0486133474400386e-05 +6.6073915879170603e-06 +4.1905542407932987e-05 +8.6624877260410737e-06
120.00000000 +5.0000000000000000e+00 +1.9999632981725737e+00 +1.8938758425246752e-03 +9.9985911959596863e-01 +1.0000112473864469e+00 +9.9999450822925606e-01 +9.9999733215492448e-01 +9.9999427315363421e-01 +3.0980885967838235e-05 +5.9173660997906079e-05 +3.0267956471155166e-06 +4.9454579748230703e-05 +8.8356207149660859e-07
120.50000000 +5.0000000000000000e+00 +1.9999636150170956e+00 +1.8914241096996338e-03 +9.9986540050511685e-01 +1.0000127282004154e+00 +9.9999470005952873e-01 +9.9999706742158656e-01 +9.9999398767070979e-01 +2.8699897700437021e-05 +5.7861344411901383e-05 -5.5337500411680175e-07 +5.7002720442581346e-05 -6.8944396318410358e-06
121.00000000 +5.0000000000000000e+00 +1.9999639318239848e+00 +1.8889726680647991e-03 +9.9987168066828602e-01 +1.0000142088385082e+00 +9.9999489186701740e-01 +9.9999680271969016e-01 +9.9999370222169126e-01 +2.6419180344058940e-05 +5.6549183688613728e-05 -4.1331204415468201e-06 +6.4549964650725681e-05 -1.4671517548577212e-05
121.50000000 +5.0000000000000000e+00 +1.9999642397446746e+00 +1.8870718806677548e-03 +9.9987750830592270e-01 +1.0000134390563833e+00 +9.9999463776246322e-01 +9.9999726799855171e-01 +9.9999415301110506e-01 +2.9646481896202915e-05 +5.6449695672015526e-05 -6.4094980757840375e-06 +6.0285956157364374e-05 -1.6978764976023616e-05
122.00000000 +5.0000000000000000e+00 +1.9999645476355343e+00 +1.8851712774116628e-03 +9.9988333537900043e-01 +1.0000126693488320e+00 +9.9999438368252602e-01 +9.9999773323233909e-01 +9.9999460375684845e-01 +3.2873470799819589e-05 +5.6350217293432665e-05 -8.6856551833355913e-06 +5.6022360744700462e-05 -1.9285788886237852e-05
122.50000000 +5.0000000000000000e+00 +1.9999648554965681e+00 +1.8832708582697656e-03 +9.9988916188760124e-01 +1.0000118997158431e+00 +9.9999412962720169e-01 +9.9999819842105864e-01 +9.9999505445892745e-01 +3.6100147100339027e-05 +5.6250748551464681e-05 -1.0961591796245594e-05 +5.1759178352710358e-05 -2.1592589311698574e-05
123.00000000 +5.0000000000000000e+00 +1.9999651633277800e+00 +1.8813706232153112e-03 +9.9989498783180653e-01 +1.0000111301574059e+00 +9.9999387559648656e-01 +9.9999866356471645e-01 +9.9999550511734792e-01 +3.9326510843182509e-05 +5.6151289444711348e-05 -1.3237307946551941e-05 +4.7496408921382081e-05 -2.3899166284878146e-05
123.50000000 +5.0000000000000000e+00 +1.9999654711291757e+00 +1.8794705722215543e-03 +9.9990081321169955e-01 +1.0000103606735102e+00 +9.9999362159037786e-01 +9.9999912866332008e-01 +9.9999595573211719e-01 +4.2552562073762522e-05 +5.6051839971772776e-05 -1.5512803666286342e-05 +4.3234052390715328e-05 -2.6205519838242653e-05
124.00000000 +5.0000000000000000e+00 +1.9999657789007581e+00 +1.8775707052617523e-03 +9.9990663802736113e-01 +1.0000095912641447e+00 +9.9999336760887159e-01 +9.9999959371687497e-01 +9.9999640630324083e-01 +4.5778300837482720e-05 +5.5952400131249263e-05 -1.7788078987474272e-05 +3.8972108700721356e-05 -2.8511650004251872e-05
124.50000000 +5.0000000000000000e+00 +1.9999660866425319e+00 +1.8756710223091690e-03 +9.9991246227887376e-01 +1.0000088219292982e+00 +9.9999311365196408e-01 +1.0000000587253886e+00 +9.9999685683072559e-01 +4.9003727179738013e-05 +5.5852969921741460e-05 -2.0063133942135026e-05 +3.4710577791423096e-05 -3.0817556815359303e-05
125.00000000 +5.0000000000000000e+00 +1.9999663943545010e+00 +1.8737715233370733e-03 +9.9991828596631893e-01 +1.0000080526689601e+00 +9.9999285971965124e-01 +1.0000005236888665e+00 +9.9999730731457759e-01 +5.2228841145914452e-05 +5.5753549341850200e-05 -2.2337968562281678e-05 +3.0449459602855051e-05 -3.3123240304012157e-05
125.50000000 +5.0000000000000000e+00 +1.9999667020366714e+00 +1.8718722083187400e-03 +9.9992410908977969e-01 +1.0000072834831204e+00 +9.9999260581193061e-01 +1.0000009886073165e+00 +9.9999775775480337e-01 +5.5453642781389380e-05 +5.5654138390176698e-05 -2.4612582879921136e-05 +2.6188754075063382e-05 -3.5428700502651369e-05
126.00000000 +5.0000000000000000e+00 +1.9999682994474461e+00 +1.8715570412011695e-03 +9.9992325300072449e-01 +1.0000082561510002e+00 +9.9999324465428074e-01 +1.0000011693390647e+00 +9.9999802096263046e-01 +4.8694311047501481e-05 +5.0191563866648869e-05 -1.4005459095527096e-05 +1.2301141800051969e-05 -2.1125667044928782e-05
126.50000000 +5.0000000000000000e+00 +1.9999698968328798e+00 +1.8712418790832784e-03 +9.9992239692525042e-01 +1.0000092288034503e+00 +9.9999388348649687e-01 +1.0000013500679463e+00 +9.9999828416628211e-01 +4.1935086540817722e-05 +4.4729075999112587e-05 -3.3985035780967449e-06 -1.5862501677019929e-06 -6.8228604845310818e-06
127.00000000 +5.0000000000000000e+00 +1.9999714941929736e+00 +1.8709267219649466e-03 +9.9992154086335627e-01 +1.0000102014404706e+00 +9.9999452230857833e-01 +1.0000015307939607e+00 +9.9999854736575833e-01 +3.5175969258786616e-05 +3.9266674785505846e-05 +7.2082836763738631e-06 -1.5473421833440756e-05 +7.4797191839407939e-06
127.50000000 +5.0000000000000000e+00 +1.9999730915277287e+00 +1.8706115698460567e-03 +9.9992068481504248e-01 +1.0000111740620619e+00 +9.9999516112052644e-01 +1.0000017115171083e+00 +9.9999881056105966e-01 +2.8416959198856760e-05 +3.3804360223766740e-05 +1.7814902671888557e-05 -2.9360373202406414e-05 +2.1782071965885741e-05
128.00000000 +5.0000000000000000e+00 +1.9999746888371441e+00 +1.8702964227264888e-03 +9.9991982878030794e-01 +1.0000121466682241e+00 +9.9999579992234111e-01 +1.0000018922373888e+00 +9.9999907375218566e-01 +2.1658056358476806e-05 +2.8342132311833382e-05 +2.8421353412451005e-05 -4.3247104279840881e-05 +3.6084197866702476e-05
128.50000000 +5.0000000000000000e+00 +1.9999762861212218e+00 +1.8699812806061236e-03 +9.9991897275915298e-01 +1.0000131192589579e+00 +9.9999643871402200e-01 +1.0000020729548027e+00 +9.9999933693913667e-01 +1.4899260735095526e-05 +2.2879991047643984e-05 +3.9027635902064774e-05 -5.7133615070985900e-05 +5.0386096891789549e-05
129.00000000 +5.0000000000000000e+00 +1.9999778833799617e+00 +1.8696661434848430e-03 +9.9991811675157705e-01 +1.0000140918342635e+00 +9.9999707749556999e-01 +1.0000022536693500e+00 +9.9999960012191280e-01 +8.1405723261617386e-06 +1.7417936429136808e-05 +4.9633750144733308e-05 -7.1019905581083068e-05 +6.4687769046545358e-05
129.50000000 +5.0000000000000000e+00 +1.9999794806133642e+00 +1.8693510113625272e-03 +9.9991726075757981e-01 +1.0000150643941412e+00 +9.9999771626698486e-01 +1.0000024343810305e+00 +9.9999986330051405e-01 +1.3819911291243673e-06 +1.1955968454250188e-05 +6.0239696144459912e-05 -8.4905975815373791e-05 +7.8989214336368043e-05
130.00000000 +5.0000000000000000e+00 +1.9999810778214306e+00 +1.8690358842390581e-03 +9.9991640477716104e-01 +1.0000160369385915e+00 +9.9999835502826728e-01 +1.0000026150898444e+00 +1.0000001264749405e+00 -5.3764828585676014e-06 +6.4940871209225172e-06 +7.0845473905247771e-05 -9.8791825779099353e-05 +9.3290432766655732e-05
130.50000000 +5.0000000000000000e+00 +1.9999778533391739e+00 +1.8634958812833368e-03 +9.9993000198923843e-01 +1.0000144111753191e+00 +9.9999873766009217e-01 +1.0000022025371231e+00 +9.9999987519343736e-01 -4.3071948121534953e-06 +6.1228218209700967e-06 +6.4258849256660581e-05 -9.4067369686800560e-05 +8.2764334411521067e-05
131.00000000 +5.0000000000000000e+00 +1.9999746289244418e+00 +1.8579559943422202e-03 +9.9994359891657325e-01 +1.0000127854460921e+00 +9.9999912028390447e-01 +1.0000017899930411e+00 +9.9999962391719655e-01 -3.2379291579709985e-06 +5.7515642957782868e-06 +5.7672362540247205e-05 -8.9343012530532521e-05 +7.2238456486076148e-05
131.50000000 +5.0000000000000000e+00 +1.9999714045772321e+00 +1.8524162234120631e-03 +9.9995719555917462e-01 +1.0000111597509096e+00 +9.9999950289970430e-01 +1.0000013774575984e+00 +9.9999937264621774e-01 -2.1686858953167372e-06 +5.3803145451028727e-06 +5.1086013751674968e-05 -8.4618754307187535e-05 +6.1712798983396962e-05
132.00000000 +5.0000000000000000e+00 +1.9999681802975435e+00 +1.8468765684892222e-03 +9.9997079191705118e-01 +1.0000095340897706e+00 +9.9999988550749208e-01 +1.0000009649307946e+00 +9.9999912138050062e-01 -1.0994650234873648e-06 +5.0090725686996446e-06 +4.4499802886611371e-05 -7.9894595013657951e-05 +5.1187361896559679e-05
132.50000000 +5.0000000000000000e+00 +1.9999649560853723e+00 +1.8413370295700523e-03 +9.9998438799021150e-01 +1.0000079084626736e+00 +1.0000002681072671e+00 +1.0000005524126290e+00 +9.9999887012004507e-01 -3.0266541779565904e-08 +4.6378383663244047e-06 +3.7913729940724117e-05 -7.5170534646836284e-05 +4.0662145218640903e-05
133.00000000 +5.0000000000000000e+00 +1.9999617319407181e+00 +1.8357976066509115e-03 +9.9999798377866533e-01 +1.0000062828696181e+00 +1.0000006506990311e+00 +1.0000001399031018e+00 +9.9999861886485120e-01 +1.0389095505099444e-06 +4.2666119377329710e-06 +3.1327794909681109e-05 -7.0446573203615252e-05 +3.0137148942717473e-05
133.50000000 +5.0000000000000000e+00 +1.9999585078635778e+00 +1.8302582997281548e-03 +1.0000115792824211e+00 +1.0000046573106027e+00 +1.0000010332827829e+00 +9.9999972740221277e-01 +9.9999836761491856e-01 +2.1080632540844256e-06 +3.8953932826811619e-06 +2.4741997789150388e-05 -6.5722710680887585e-05 +1.9612373061866468e-05
134.00000000 +5.0000000000000000e+00 +1.9999552838539496e+00 +1.8247191087981396e-03 +1.0000251745014881e+00 +1.0000030317856268e+00 +1.0000014158585240e+00 +9.9999931490996141e-01 +9.9999811637024716e-01 +3.1771945696471030e-06 +3.5241824009248145e-06 +1.8156338574800209e-05 -6.0998947075546250e-05 +9.0878175691653384e-06
134.50000000 +5.0000000000000000e+00 +1.9999520599118306e+00 +1.8191800338572216e-03 +1.0000387694358746e+00 +1.0000014062946883e+00 +1.0000017984262537e+00 +9.9999890242634737e-01 +9.9999786513083655e-01 +4.2463034979011751e-06 +3.1529792922197707e-06 +1.1570817262298981e-05 -5.6275282384484230e-05 -1.4365175423082444e-06
135.00000000 +5.0000000000000000e+00 +1.9999573202577654e+00 +1.8145460909391330e-03 +1.0000509793361390e+00 +1.0000023571261651e+00 +1.0000017024506642e+00 +1.0000004555589996e+00 +9.9999683270734185e-01 -5.5258277144339376e-06 -6.6178579441672048e-06 +1.7774387344728249e-05 -4.7061228647995457e-05 -1.0896638702960069e-05
135.50000000 +5.0000000000000000e+00 +1.9999625806207677e+00 +1.8099121329852893e-03 +1.0000631892760203e+00 +1.0000033079607273e+00 +1.0000016064747630e+00 +1.0000020086966910e+00 +9.9999580028049706e-01 -1.5297990634403264e-05 -1.6388726883989827e-05 +2.3977977555881408e-05 -3.7847145014666452e-05 -2.0356790558867088e-05
136.00000000 +5.0000000000000000e+00 +1.9999678410008392e+00 +1.8052781599956183e-03 +1.0000753992555200e+00 +1.0000042587983746e+00 +1.0000015104985507e+00 +1.0000035618394221e+00 +9.9999476785030261e-01 -2.5070185262161137e-05 -2.6159627527402412e-05 +3.0181587895856425e-05 -2.8633031484351722e-05 -2.9816973110178711e-05
136.50000000 +5.0000000000000000e+00 +1.9999731013979785e+00 +1.8006441719700466e-03 +1.0000876092746374e+00 +1.0000052096391070e+00 +1.0000014145220271e+00 +1.0000051149871929e+00 +9.9999373541675807e-01 -3.4842411597861875e-05 -3.5930559874559261e-05 +3.6385218364751280e-05 -1.9418888056905735e-05 -3.9277186357044329e-05
137.00000000 +5.0000000000000000e+00 +1.9999783618121865e+00 +1.7960101689085000e-03 +1.0000998193333726e+00 +1.0000061604829247e+00 +1.0000013185451919e+00 +1.0000066681400031e+00 +9.9999270297986376e-01 -4.4614669641659808e-05 -4.5701523925614673e-05 +4.2588868962663929e-05 -1.0204714732182982e-05 -4.8737430299613349e-05
137.50000000 +5.0000000000000000e+00 +1.9999836222434628e+00 +1.7913761508109064e-03 +1.0001120294317263e+00 +1.0000071113298274e+00 +1.0000012225680450e+00 +1.0000082212978525e+00 +9.9999167053961935e-01 -5.4386959393709243e-05 -5.5472519680722954e-05 +4.8792539689692340e-05 -9.9051151003796880e-07 -5.8197704938035136e-05
138.00000000 +5.0000000000000000e+00 +1.9999888826918089e+00 +1.7867421176771927e-03 +1.0001242395696981e+00 +1.0000080621798160e+00 +1.0000011265905873e+00 +1.0000097744607421e+00 +9.9999063809602506e-01 -6.4159280854164530e-05 -6.5243547140038434e-05 +5.4996230545934502e-05 +8.2237216096748469e-06 -6.7658010272459148e-05
138.50000000 +5.0000000000000000e+00 +1.9999941431572228e+00 +1.7821080695072846e-03 +1.0001364497472889e+00 +1.0000090130328894e+00 +1.0000010306128175e+00 +1.0000113276286711e+00 +9.9998960564908046e-01 -7.3931634023179993e-05 -7.5014606303715361e-05 +6.1199941531488375e-05 +1.7437984627100945e-05 -7.7118346303034699e-05
139.00000000 +5.0000000000000000e+00 +1.9999994036397055e+00 +1.7774740063011098e-03 +1.0001486599644980e+00 +1.0000099638890478e+00 +1.0000009346347367e+00 +1.0000128808016393e+00 +9.9998857319878609e-01 -8.3704018900909955e-05 -8.4785697171908104e-05 +6.7403672646451903e-05 +2.6652277542385875e-05 -8.6578713029911275e-05
139.50000000 +5.0000000000000000e+00 +1.9999931625039888e+00 +1.7815370809324319e-03 +1.0001376154484360e+00 +1.0000077985970424e+00 +9.9999960868780402e-01 +1.0000106196220291e+00 +9.9998879709692123e-01 -6.9702303224216343e-05 -7.2602087268210108e-05 +6.0574422032519337e-05 +1.7991822827685701e-05 -8.0701299238514486e-05
140.00000000 +5.0000000000000000e+00 +1.9999869216623596e+00 +1.7855999641081140e-03 +1.0001265714528007e+00 +1.0000056334070666e+00 +9.9999828280335057e-01 +1.0000083585489672e+00 +9.9998902098450571e-01 -5.5701247320641574e-05 -6.0419051466892860e-05 +5.3745493218863288e-05 +9.3317762012048267e-06 -7.4824162396008642e-05
140.50000000 +5.0000000000000000e+00 +1.9999806811147978e+00 +1.7896626558416896e-03 +1.0001155279775564e+00 +1.0000034683191148e+00 +9.9999695698137281e-01 +1.0000060975824467e+00 +9.9998924486154095e-01 -4.1700851143553130e-05 -4.8236589727379062e-05 +4.6916886182739077e-05 +6.7213763409972852e-07 -6.8947302482819082e-05
141.00000000 +5.0000000000000000e+00 +1.9999744408612818e+00 +1.7937251561466886e-03 +1.0001044850226657e+00 +1.0000013033331787e+00 +9.9999563122186597e-01 +1.0000038367224600e+00 +9.9998946872802708e-01 -2.7701114646322846e-05 -3.6054702009095139e-05 +4.0088600901404088e-05 -7.9870929024704065e-06 -6.3070719479373002e-05
141.50000000 +5.0000000000000000e+00 +1.9999682009017916e+00 +1.7977874650366413e-03 +1.0000934425880919e+00 +9.9999913844925137e-01 +9.9999430552482549e-01 +1.0000015759689995e+00 +9.9998969258396542e-01 -1.3702037782326989e-05 -2.3873388271471408e-05 +3.3260637352117897e-05 -1.6645915437343687e-05 -5.7194413366099435e-05
142.00000000 +5.0000000000000000e+00 +1.9999619612363060e+00 +1.8018495825250752e-03 +1.0000824006737983e+00 +9.9999697366732565e-01 +9.9999297989024749e-01 +9.9999931532205744e-01 +9.9998991642935653e-01 +2.9637949505377376e-07 -1.1692648473941976e-05 +2.6432995512142190e-05 -2.5304329999355469e-05 -5.1318384123429285e-05
142.50000000 +5.0000000000000000e+00 +1.9999557218648043e+00 +1.8059115086255175e-03 +1.0000713592797479e+00 +9.9999480898739446e-01 +9.9999165431812687e-01 +9.9999705478162659e-01 +9.9999014026420097e-01 +1.4294137232434430e-05 +4.8751742405522717e-07 +1.9605675358740804e-05 -3.3962336617338432e-05 -4.5442631731795256e-05
143.00000000 +5.0000000000000000e+00 +1.9999494827872655e+00 +1.8099732433514940e-03 +1.0000603184059043e+00 +9.9999264440945057e-01 +9.9999032880845962e-01 +9.9999479434769922e-01 +9.9999036408849951e-01 +2.8291235476425516e-05 +1.2667109463078425e-05 +1.2778676869179736e-05 -4.2619935320122520e-05 -3.9567156171631931e-05
143.50000000 +5.0000000000000000e+00 +1.9999432440036693e+00 +1.8140347867165287e-03 +1.0000492780522305e+00 +9.9999047993348655e-01 +9.9998900336124119e-01 +9.9999253402026811e-01 +9.9999058790225315e-01 +4.2287674273633235e-05 +2.4846127683682054e-05 +5.9520000207270986e-06 -5.1277126136534964e-05 -3.3691957423375715e-05
144.00000000 +5.0000000000000000e+00 +1.9999459872062335e+00 +1.8135070368122323e-03 +1.0000516581705610e+00 +9.9999102578985788e-01 +9.9998890982611410e-01 +9.9999295135612820e-01 +9.9998936802040450e-01 +4.2733386420815755e-05 +1.5325720329312620e-05 +2.9758680462049295e-06 -4.6516115318123567e-05 -2.8432034565145212e-05
144.50000000 +5.0000000000000000e+00 +1.9999487300906000e+00 +1.8129793481242698e-03 +1.0000540380128091e+00 +9.9999157158291263e-01 +9.9998881630183623e-01 +9.9999336864357957e-01 +9.9998814828005600e-01 +4.3179046867631264e-05 +5.8064172943055174e-06 +8.1288020884215380e-11 -4.1755656753017654e-05 -2.3172721831507125e-05
145.00000000 +5.0000000000000000e+00 +1.9999514726568242e+00 +1.8124517206419913e-03 +1.0000564175790241e+00 +9.9999211731266169e-01 +9.9998872278840645e-01 +9.9999378588263033e-01 +9.9998692868118322e-01 +4.3624655623074752e-05 -3.7117816134713424e-06 -2.9753603138865901e-06 -3.6995750345134910e-05 -1.7914019116310536e-05
145.50000000 +5.0000000000000000e+00 +1.9999542149049614e+00 +1.8119241543547479e-03 +1.0000587968692531e+00 +9.9999266297911626e-01 +9.9998862928582222e-01 +9.9999420307328923e-01 +9.9998570922376118e-01 +4.4070212696139052e-05 -1.3228876586105489e-05 -5.9504568195651194e-06 -3.2236395998415253e-05 -1.2655926313429150e-05
146.00000000 +5.0000000000000000e+00 +1.9999569568350668e+00 +1.8113966492518947e-03 +1.0000611758835447e+00 +9.9999320858228757e-01 +9.9998853579408242e-01 +9.9999462021556462e-01 +9.9998448990776567e-01 +4.4515718095814958e-05 -2.2744867815639896e-05 -8.9252082890483965e-06 -2.7477593616820939e-05 -7.3984433167612821e-06
146.50000000 +5.0000000000000000e+00 +1.9999596984471966e+00 +1.8108692053227880e-03 +1.0000635546219465e+00 +9.9999375412218627e-01 +9.9998844231318429e-01 +9.9999503730946482e-01 +9.9998327073317184e-01 +4.4961171831091170e-05 -3.2259755494072979e-05 -1.1899614782356190e-05 -2.2719343104336477e-05 -2.1415700202298704e-06
147.00000000 +5.0000000000000000e+00 +1.9999624397414046e+00 +1.8103418225567875e-03 +1.0000659330845065e+00 +9.9999429959882324e-01 +9.9998834884312626e-01 +9.9999545435499815e-01 +9.9998205169995491e-01 +4.5406573910954274e-05 -4.1773539813358660e-05 -1.4873676359494356e-05 -1.7961644364968629e-05 +3.1146936822175644e-06
147.50000000 +5.0000000000000000e+00 +1.9999651807177472e+00 +1.8098145009432542e-03 +1.0000683112712727e+00 +9.9999484501220937e-01 +9.9998825538390657e-01 +9.9999587135217283e-01 +9.9998083280809036e-01 +4.5851924344388803e-05 -5.1286220965406295e-05 -1.7847393080454817e-05 -1.3204497302746445e-05 +8.3703478966088848e-06
148.00000000 +5.0000000000000000e+00 +1.9999679213762791e+00 +1.8092872404715536e-03 +1.0000706891822932e+00 +9.9999539036235652e-01 +9.9998816193552353e-01 +9.9999628830099785e-01 +9.9997961405755420e-01 +4.6297223140377223e-05 -6.0797799142080791e-05 -2.0820765005215609e-05 -8.4479018217212111e-06 +1.3625392728947394e-05
148.50000000 +5.0000000000000000e+00 +1.9999721500517993e+00 +1.8043924315331275e-03 +1.0000847769544432e+00 +9.9999773885022269e-01 +9.9999249965322956e-01 +9.9999545104041043e-01 +9.9998660727772348e-01 +4.5270293575021239e-05 -6.2912332309680841e-05 -3.7013373835051524e-05 -9.0049721046438100e-06 +6.5865969493956495e-06
149.00000000 +5.0000000000000000e+00 +1.9999763793318643e+00 +1.7994969228169516e-03 +1.0000988667406270e+00 +1.0000000876738366e+00 +9.9999683799106986e-01 +9.9999461366012565e-01 +9.9999360149766625e-01 +4.4243217196486331e-05 -6.5027167777795711e-05 -5.3208297612725740e-05 -9.5621220281395133e-06 -4.5320511921336527e-07
149.50000000 +5.0000000000000000e+00 +1.9999806092166035e+00 +1.7946007141729507e-03 +1.0001129585412758e+00 +1.0000024368332694e+00 +1.0000011769491768e+00 +9.9999377616011698e-01 +1.0000005967175967e+00 +4.3215993973286889e-05 -6.7142305611256776e-05 -6.9405536834702414e-05 -1.0119351609288046e-05 -7.4940136926885936e-06
150.00000000 +5.0000000000000000e+00 +1.9999848397061479e+00 +1.7897038054510092e-03 +1.0001270523568229e+00 +1.0000047863285939e+00 +1.0000055165276849e+00 +9.9999293854036020e-01 +1.0000075929377297e+00 +4.2188623873928385e-05 -6.9257745874914083e-05 -8.5605091997587694e-05 -1.0676660865174038e-05 -1.4535828986900703e-05
150.50000000 +5.0000000000000000e+00 +1.9999890708006263e+00 +1.7848061965009649e-03 +1.0001411481876992e+00 +1.0000071361598819e+00 +1.0000098567267255e+00 +9.9999210080082879e-01 +1.0000145901582791e+00 +4.1161106866907164e-05 -7.1373488633636085e-05 -1.0180696359812972e-04 -1.1234049812886981e-05 -2.1578651217782081e-05
151.00000000 +5.0000000000000000e+00 +1.9999933025001690e+00 +1.7799078871726158e-03 +1.0001552460343375e+00 +1.0000094863272055e+00 +1.0000141975464325e+00 +9.9999126294149698e-01 +1.0000215883794603e+00 +4.0133442920710678e-05 -7.3489533952309871e-05 -1.1801115213321869e-04 -1.1791518469521271e-05 -2.8622480601326871e-05
151.50000000 +5.0000000000000000e+00 +1.9999975348049055e+00 +1.7750088773157151e-03 +1.0001693458971703e+00 +1.0000118368306368e+00 +1.0000185389869394e+00 +9.9999042496233936e-01 +1.0000285876014878e+00 +3.9105632003817267e-05 -7.5605881895841068e-05 -1.3421765809988704e-04 -1.2349066852176186e-05 -3.5667317353591041e-05
152.00000000 +5.0000000000000000e+00 +2.0000017677149651e+00 +1.7701091667799733e-03 +1.0001834477766300e+00 +1.0000141876702477e+00 +1.0000228810483789e+00 +9.9998958686333017e-01 +1.0000355878245755e+00 +3.8077674084696314e-05 -7.7722532529153843e-05 -1.5042648199530917e-04 -1.2906694977955896e-05 -4.2713161690692264e-05
152.50000000 +5.0000000000000000e+00 +2.0000060012304788e+00 +1.7652087554150589e-03 +1.0001975516731498e+00 +1.0000165388461109e+00 +1.0000272237308843e+00 +9.9998874864444354e-01 +1.0000425890489393e+00 +3.7049569131808166e-05 -7.9839485917190985e-05 -1.6663762431680195e-04 -1.3464402863969469e-05 -4.9760013828810172e-05
153.00000000 +5.0000000000000000e+00 +2.0000007539464972e+00 +1.7719604063485682e-03 +1.0001795809701721e+00 +1.0000145810212004e+00 +1.0000268748590280e+00 +9.9998932464213763e-01 +1.0000411600917745e+00 +4.0658854890867416e-05 -7.8239940300020295e-05 -1.5577930085641236e-04 -1.2156205481210968e-05 -4.6005005878058197e-05
153.50000000 +5.0000000000000000e+00 +1.9999955071248807e+00 +1.7787114623590997e-03 +1.0001616118506866e+00 +1.0000126233688045e+00 +1.0000265260179126e+00 +9.9998990058907777e-01 +1.0000397312605229e+00 +4.4267822617040270e-05 -7.6640535627109369e-05 -1.4492193417921549e-04 -1.0848123370508330e-05 -4.2250328800530684e-05
154.00000000 +5.0000000000000000e+00 +1.9999902607655689e+00 +1.7854619235252805e-03 +1.0001436443144835e+00 +1.0000106658888994e+00 +1.0000261772075338e+00 +9.9999047648527006e-01 +1.0000383025551669e+00 +4.7876472352360121e-05 -7.5041271879830012e-05 -1.3406552415875608e-04 -9.5401565166263910e-06 -3.8495982552497117e-05
154.50000000 +5.0000000000000000e+00 +1.9999850148685001e+00 +1.7922117899257285e-03 +1.0001256783613537e+00 +1.0000087085814633e+00 +1.0000258284278880e+00 +9.9999105233072205e-01 +1.0000368739756911e+00 +5.1484804138853050e-05 -7.3442149039557381e-05 -1.2321007066860140e-04 -8.2323049043326899e-06 -3.4741967090234708e-05
155.00000000 +5.0000000000000000e+00 +1.9999797694336130e+00 +1.7989610616390424e-03 +1.0001077139910879e+00 +1.0000067514464723e+00 +1.0000254796789705e+00 +9.9999162812543962e-01 +1.0000354455220775e+00 +5.5092818018537639e-05 -7.1843167087669801e-05 -1.1235557358234082e-04 -6.9245685183974313e-06 -3.0988282370028329e-05
155.50000000 +5.0000000000000000e+00 +1.9999745244608473e+00 +1.8057097387438117e-03 +1.0000897512034770e+00 +1.0000047944839048e+00 +1.0000251309607782e+00 +9.9999220386943011e-01 +1.0000340171943105e+00 +5.8700514033425136e-05 -7.0244326005549000e-05 -1.0150203277358610e-04 -5.6169473435935158e-06 -2.7234928348170625e-05
156.00000000 +5.0000000000000000e+00 +1.9999692799501416e+00 +1.8124578213186103e-03 +1.0000717899983118e+00 +1.0000028376937371e+00 +1.0000247822733062e+00 +9.9999277956269994e-01 +1.0000325889923731e+00 +6.2307892225519376e-05 -6.8645625774579918e-05 -9.0649448115971175e-05 -4.3094413646965172e-06 -2.3481904980961881e-05
156.50000000 +5.0000000000000000e+00 +1.9999640359014352e+00 +1.8192053094419969e-03 +1.0000538303753836e+00 +1.0000008810759469e+00 +1.0000244336165511e+00 +9.9999335520525601e-01 +1.0000311609162489e+00 +6.5914952636816755e-05 -6.7047066376150775e-05 -7.9797819483152352e-05 -3.0020505664846977e-06 -1.9729212224710120e-05
157.00000000 +5.0000000000000000e+00 +1.9999587923146664e+00 +1.8259522031925184e-03 +1.0000358723344829e+00 +9.9999892463051143e-01 +1.0000240849905082e+00 +9.9999393079710452e-01 +1.0000297329659209e+00 +6.9521695309306307e-05 -6.5448647791653097e-05 -6.8947146748808054e-05 -1.6947749337389991e-06 -1.5976850035731020e-05
157.50000000 +5.0000000000000000e+00 +1.9999535491897737e+00 +1.8326985026487063e-03 +1.0000179158754006e+00 +9.9999696835740770e-01 +1.0000237363951736e+00 +9.9999450633825293e-01 +1.0000283051413730e+00 +7.3128120284969629e-05 -6.3850370002481636e-05 -5.8097429786639101e-05 -3.8761445124304558e-07 -1.2224818370347998e-05
158.00000000 +5.0000000000000000e+00 +1.9999483065266976e+00 +1.8394442078890796e-03 +9.9999996099792798e-01 +9.9999501225661291e-01 +1.0000233878305436e+00 +9.9999508182870711e-01 +1.0000268774425880e+00 +7.6734227605780984e-05 -6.2252232990034492e-05 -4.7248668470368488e-05 +9.1943089621685885e-07 -8.4731171848921441e-06
158.50000000 +5.0000000000000000e+00 +1.9999430643253762e+00 +1.8461893189921428e-03 +9.9998200770185619e-01 +9.9999305632810431e-01 +1.0000230392966136e+00 +9.9999565726847428e-01 +1.0000254498695496e+00 +8.0340017313707183e-05 -6.0654236735713009e-05 -3.6400862673741474e-05 +2.2263611238517277e-06 -4.7217464357022462e-06
159.00000000 +5.0000000000000000e+00 +1.9999378225857485e+00 +1.8529338360363868e-03 +9.9996405598697602e-01 +9.9999110057185925e-01 +1.0000226907933802e+00 +9.9999623265756110e-01 +1.0000240224222412e+00 +8.3945489450707689e-05 -5.9056381220921792e-05 -2.5554012270525511e-05 +3.5331762468699036e-06 -9.7070607912477368e-07
159.50000000 +5.0000000000000000e+00 +1.9999325813077535e+00 +1.8596777591002884e-03 +9.9994610585307842e-01 +9.9998914498785529e-01 +1.0000223423208388e+00 +9.9999680799597424e-01 +1.0000225951006461e+00 +8.7550644058734568e-05 -5.7458666427068746e-05 -1.4708117134510337e-05 +4.8398762804770392e-06 +2.7800039284861062e-06
160.00000000 +5.0000000000000000e+00 +1.9999273404913300e+00 +1.8664210882623105e-03 +9.9992815729995499e-01 +9.9998718957606902e-01 +1.0000219938789856e+00 +9.9999738328372034e-01 +1.0000211679047475e+00 +9.1155481179732429e-05 -5.5861092335565029e-05 -3.8631771395079274e-06 +6.1464612398761201e-06 +6.5303836307685370e-06
160.50000000 +5.0000000000000000e+00 +1.9999221001364178e+00 +1.8731638236009021e-03 +9.9991021032739702e-01 +9.9998523433647801e-01 +1.0000216454678166e+00 +9.9999795852080609e-01 +1.0000197408345290e+00 +9.4760000855638566e-05 -5.4263658927825103e-05 +6.9808078406475387e-06 +7.4529311402674389e-06 +1.0280433071352977e-05
161.00000000 +5.0000000000000000e+00 +1.9999168602429556e+00 +1.8799059651944993e-03 +9.9989226493519523e-01 +9.9998327926905972e-01 +1.0000212970873275e+00 +9.9999853370723812e-01 +1.0000183138899743e+00 +9.8364203128382911e-05 -5.2666366185266659e-05 +1.7823837932099695e-05 +8.7592859968486319e-06 +1.4030152293862216e-05
161.50000000 +5.0000000000000000e+00 +1.9999116208108823e+00 +1.8866475131215233e-03 +9.9987432112314112e-01 +9.9998132437379095e-01 +1.0000209487375142e+00 +9.9999910884302323e-01 +1.0000168870710664e+00 +1.0196808803988794e-04 -5.1069214089310707e-05 +2.8665913260969918e-05 +1.0065525824814640e-05 +1.7779541341911344e-05
162.00000000 +5.0000000000000000e+00 +1.9999143873279495e+00 +1.8866696959236333e-03 +9.9987394875058733e-01 +9.9998273946617011e-01 +1.0000191988029508e+00 +9.9999643688824891e-01 +1.0000144895757850e+00 +1.0581042237158903e-04 -4.1791380404568001e-05 +2.6648256980690291e-05 +1.4153012772398665e-05 +8.3662066773086385e-06
162.50000000 +5.0000000000000000e+00 +1.9999171537203424e+00 +1.8866918777260750e-03 +9.9987357639481400e-01 +9.9998415449477762e-01 +1.0000174489472475e+00 +9.9999376505388571e-01 +1.0000120921885458e+00 +1.0965258354853737e-04 -3.2513964825294127e-05 +2.4630691626067842e-05 +1.8240315517430161e-05 -1.0467037754751174e-06
163.00000000 +5.0000000000000000e+00 +1.9999199199880719e+00 +1.8867140585289168e-03 +9.9987320405582092e-01 +9.9998556945961881e-01 +1.0000156991704001e+00 +9.9999109333992653e-01 +1.0000096949093433e+00 +1.1349457158243763e-04 -2.3236967323226872e-05 +2.2613217190956374e-05 +2.2327434072360485e-05 -1.0459190045114920e-05
163.50000000 +5.0000000000000000e+00 +1.9999226861311445e+00 +1.8867362383322261e-03 +9.9987283173360642e-01 +9.9998698436069722e-01 +1.0000139494724025e+00 +9.9998842174636238e-01 +1.0000072977381691e+00 +1.1733638648499324e-04 -1.3960387870106523e-05 +2.0595833669210229e-05 +2.6414368449639859e-05 -1.9871252160283197e-05
164.00000000 +5.0000000000000000e+00 +1.9999254521495693e+00 +1.8867584171360697e-03 +9.9987245942816927e-01 +9.9998839919801730e-01 +1.0000121998532501e+00 +9.9998575027318515e-01 +1.0000049006750158e+00 +1.2117802826790664e-04 -4.6842264376759366e-06 +1.8578541054684305e-05 +3.0501118661717383e-05 -2.9282890149649779e-05
164.50000000 +5.0000000000000000e+00 +1.9999282180433551e+00 +1.8867805949405166e-03 +9.9987208713950892e-01 +9.9998981397158382e-01 +1.0000104503129368e+00 +9.9998307892038751e-01 +1.0000025037198765e+00 +1.2501949694287929e-04 +4.5915170023194734e-06 +1.6561339341234067e-05 +3.4587684721041049e-05 -3.8694104041881927e-05
165.00000000 +5.0000000000000000e+00 +1.9999309838125094e+00 +1.8868027717456330e-03 +9.9987171486762338e-01 +9.9999122868140045e-01 +1.0000087008514575e+00 +9.9998040768796048e-01 +1.0000001068727438e+00 +1.2886079252161150e-04 +1.3866842478131776e-05 +1.4544228522715513e-05 +3.8674066640057699e-05 -4.8104893865644309e-05
165.50000000 +5.0000000000000000e+00 +1.9999337494570419e+00 +1.8868249475514874e-03 +9.9987134261251231e-01 +9.9999264332747206e-01 +1.0000069514688075e+00 +9.9997773657589606e-01 +9.9999771013361050e-01 +1.3270191501580259e-04 +2.3141750018010474e-05 +1.2527208592985211e-05 +4.2760264431213095e-05 -5.7515259649599009e-05
166.00000000 +5.0000000000000000e+00 +1.9999365149769597e+00 +1.8868471223581471e-03 +9.9987097037417416e-01 +9.9999405790980278e-01 +1.0000052021649806e+00 +9.9997506558418670e-01 +9.9999531350246917e-01 +1.3654286443715076e-04 +3.2416239650202531e-05 +1.0510279545900276e-05 +4.6846278106951854e-05 -6.6925201422405516e-05
166.50000000 +5.0000000000000000e+00 +1.9999392803722729e+00 +1.8868692961656797e-03 +9.9987059815260826e-01 +9.9999547242839704e-01 +1.0000034529399722e+00 +9.9997239471282395e-01 +9.9999291697931258e-01 +1.4038364079735322e-04 +4.1690311402952370e-05 +8.4934413753183757e-06 +5.0932107679717464e-05 -7.6334719212720810e-05
167.00000000 +5.0000000000000000e+00 +1.9999420456429877e+00 +1.8868914689741520e-03 +9.9987022594781283e-01 +9.9999688688325850e-01 +1.0000017037937763e+00 +9.9996972396179906e-01 +9.9999052056413307e-01 +1.4422424410810605e-04 +5.0963965304501839e-05 +6.4766940750977315e-06 +5.5017753161952278e-05 -8.5743813049199129e-05
167.50000000 +5.0000000000000000e+00 +1.9999448107891142e+00 +1.8869136407836321e-03 +9.9986985375978699e-01 +9.9999830127439193e-01 +9.9999995472638803e-01 +9.9996705333110469e-01 +9.9998812425692396e-01 +1.4806467438110434e-04 +6.0237201383090277e-05 +4.4600376390971228e-06 +5.9103214566097576e-05 -9.5152482960492290e-05
168.00000000 +5.0000000000000000e+00 +1.9999475758106604e+00 +1.8869358115941876e-03 +9.9986948158852973e-01 +9.9999971560180190e-01 +9.9999820573780196e-01 +9.9996438282073241e-01 +9.9998572805767783e-01 +1.5190493162804214e-04 +6.9510019666954484e-05 +2.4434720611758764e-06 +6.3188491904593493e-05 -1.0456072897524950e-04
168.50000000 +5.0000000000000000e+00 +1.9999503407076342e+00 +1.8869579814058857e-03 +9.9986910943403950e-01 +1.0000011298654923e+00 +9.9999645682801241e-01 +9.9996171243067411e-01 +9.9998333196638656e-01 +1.5574501586061235e-04 +7.8782420184328635e-05 +4.2699733519387511e-07 +6.7273585189878994e-05 -1.1396855112211727e-04
169.00000000 +5.0000000000000000e+00 +1.9999531054800448e+00 +1.8869801502187939e-03 +9.9986873729631587e-01 +1.0000025440654676e+00 +9.9999470799701473e-01 +9.9995904216092169e-01 +9.9998093598304394e-01 +1.5958492709050698e-04 +8.8054402963444521e-05 -1.5893865449884445e-06 +7.1358494434392033e-05 -1.2337594942973969e-04
169.50000000 +5.0000000000000000e+00 +1.9999558701278999e+00 +1.8870023180329798e-03 +9.9986836517535693e-01 +1.0000039582017317e+00 +9.9999295924480303e-01 +9.9995637201146681e-01 +9.9997854010764198e-01 +1.6342466532941674e-04 +9.7325968032531190e-05 -3.6056795855100883e-06 +7.5443219650569315e-05 -1.3278292392675812e-04
170.00000000 +5.0000000000000000e+00 +1.9999586346512086e+00 +1.8870244848485118e-03 +9.9986799307116281e-01 +1.0000053722742901e+00 +9.9999121057137252e-01 +9.9995370198230216e-01 +9.9997614434017412e-01 +1.6726423058903160e-04 +1.0659711541981536e-04 -5.6218817925095246e-06 +7.9527760850846600e-05 -1.4218947464181145e-04
170.50000000 +5.0000000000000000e+00 +1.9999613990499787e+00 +1.8870466506654556e-03 +9.9986762098373072e-01 +1.0000067862831457e+00 +9.9998946197671723e-01 +9.9995103207341829e-01 +9.9997374868063205e-01 +1.7110362288104018e-04 +1.1586784515352099e-04 -7.6379931721246483e-06 +8.3612118047658276e-05 -1.5159560160353598e-04
171.00000000 +5.0000000000000000e+00 +1.9999623816398151e+00 +1.8843544445577907e-03 +9.9987546271637417e-01 +1.0000079199463756e+00 +9.9999033455299102e-01 +9.9995334455114082e-01 +9.9997425903184378e-01 +1.6109526577471771e-04 +1.0365963533109040e-04 -7.9458741526144223e-06 +7.7301036130339562e-05 -1.3543087317843594e-04
171.50000000 +5.0000000000000000e+00 +1.9999633642652148e+00 +1.8816621410095288e-03 +9.9988330473283815e-01 +1.0000090536506367e+00 +9.9999120716084644e-01 +9.9995565711256029e-01 +9.9997476940152730e-01 +1.5108654643004651e-04 +9.1450983649749219e-05 -8.2537662764214054e-06 +7.0989725792325147e-05 -1.1926555969382304e-04
172.00000000 +5.0000000000000000e+00 +1.9999643469261801e+00 +1.8789697400153789e-03 +9.9989114703313797e-01 +1.0000101873959317e+00 +9.9999207980028526e-01 +9.9995796975768103e-01 +9.9997527978968292e-01 +1.4107746482736004e-04 +7.9241890085508332e-05 -8.5616695441505840e-06 +6.4678187021213816e-05 -1.0309966111793359e-04
172.50000000 +5.0000000000000000e+00 +1.9999653296227129e+00 +1.8762772415700517e-03 +9.9989898961728951e-01 +1.0000113211822625e+00 +9.9999295247130937e-01 +9.9996028248650803e-01 +9.9997579019631222e-01 +1.3106802094699061e-04 +6.7032354614376903e-05 -8.8695839564069921e-06 +5.8366419804603362e-05 -8.6933177419001612e-05
173.00000000 +5.0000000000000000e+00 +1.9999663123548141e+00 +1.8735846456682543e-03 +9.9990683248530698e-01 +1.0000124550096308e+00 +9.9999382517391977e-01 +9.9996259529904519e-01 +9.9997630062141596e-01 +1.2105821476926878e-04 +5.4822377212362303e-05 -9.1775095137956959e-06 +5.2054424130090715e-05 -7.0766108565258799e-05
173.50000000 +5.0000000000000000e+00 +1.9999672951224867e+00 +1.8708919523046969e-03 +9.9991467563720660e-01 +1.0000135888780397e+00 +9.9999469790811901e-01 +9.9996490819529738e-01 +9.9997681106499470e-01 +1.1104804627452405e-04 +4.2611957855470216e-05 -9.4854462169218173e-06 +4.5742199985271931e-05 -5.4598454524934646e-05
174.00000000 +5.0000000000000000e+00 +1.9999682779257328e+00 +1.8681991614740876e-03 +9.9992251907300411e-01 +1.0000147227874912e+00 +9.9999557067390854e-01 +9.9996722117526948e-01 +9.9997732152705043e-01 +1.0103751544308420e-04 +3.0401096519704558e-05 -9.7933940663905190e-06 +3.9429747357742137e-05 -3.8430215266256212e-05
174.50000000 +5.0000000000000000e+00 +1.9999692607645538e+00 +1.8655062731711340e-03 +9.9993036279271430e-01 +1.0000158567379871e+00 +9.9999644347129002e-01 +9.9996953423896540e-01 +9.9997783200758350e-01 +9.1026622255275727e-05 +1.8189793181067540e-05 -1.0101353062807004e-05 +3.3117066235095589e-05 -2.2261390757448347e-05
175.00000000 +5.0000000000000000e+00 +1.9999702436389524e+00 +1.8628132873905437e-03 +9.9993820679635281e-01 +1.0000169907295300e+00 +9.9999731630026512e-01 +9.9997184738639044e-01 +9.9997834250659490e-01 +8.1015366691423654e-05 +5.9780478155596123e-06 -1.0409323206776521e-05 +2.6804156604925604e-05 -6.0919809667335662e-06
175.50000000 +5.0000000000000000e+00 +1.9999712265489291e+00 +1.8601202041270241e-03 +9.9994605108393531e-01 +1.0000181247621223e+00 +9.9999818916083560e-01 +9.9997416061754818e-01 +9.9997885302408596e-01 +7.1003748731851636e-05 -6.2341396008205139e-06 -1.0717304498904362e-05 +2.0491018454824641e-05 +1.0078014137667912e-05
176.00000000 +5.0000000000000000e+00 +1.9999722094944865e+00 +1.8574270233752813e-03 +9.9995389565547654e-01 +1.0000192588357657e+00 +9.9999906205300293e-01 +9.9997647393244393e-01 +9.9997936356005701e-01 +6.0991768356881828e-05 -1.8446769092075859e-05 -1.1025296939795860e-05 +1.4177651772384236e-05 +2.6248594587538171e-05
176.50000000 +5.0000000000000000e+00 +1.9999731924756270e+00 +1.8547337451300223e-03 +9.9996174051099251e-01 +1.0000203929504630e+00 +9.9999993497676953e-01 +9.9997878733108181e-01 +9.9997987411451006e-01 +5.0979425546835055e-05 -3.0659840682211147e-05 -1.1333300530056403e-05 +7.8640565451950514e-06 +4.2419760414661551e-05
177.00000000 +5.0000000000000000e+00 +1.9999741754923523e+00 +1.8520403693859529e-03 +9.9996958565049876e-01 +1.0000215271062163e+00 +1.0000008079321365e+00 +9.9998110081346703e-01 +9.9998038468744543e-01 +4.0966720282030594e-05 -4.2873354395232942e-05 -1.1641315270291411e-05 +1.5502327608468123e-06 +5.8591511650824799e-05
177.50000000 +5.0000000000000000e+00 +1.9999751585446637e+00 +1.8493468961377783e-03 +9.9997743107401016e-01 +1.0000226613030270e+00 +1.0000016809191055e+00 +9.9998341437960314e-01 +9.9998089527886402e-01 +3.0953652542786387e-05 -5.5087310255149408e-05 -1.1949341161106349e-05 -4.7638195930716203e-06 +7.4763848327816850e-05
178.00000000 +5.0000000000000000e+00 +1.9999761416325641e+00 +1.8466533253802045e-03 +9.9998527678154236e-01 +1.0000237955408984e+00 +1.0000025539376787e+00 +9.9998572802949548e-01 +9.9998140588876738e-01 +2.0940222309418940e-05 -6.7301708285970576e-05 -1.2257378203106734e-05 -1.1078100528972296e-05 +9.0936770477429034e-05
178.50000000 +5.0000000000000000e+00 +1.9999771247560554e+00 +1.8439596571079358e-03 +9.9999312277311092e-01 +1.0000249298198325e+00 +1.0000034269878577e+00 +9.9998804176314837e-01 +9.9998191651715640e-01 +1.0926429562243333e-05 -7.9516548511708102e-05 -1.2565426396898121e-05 -1.7392610059268150e-05 +1.0711027813145487e-04
179.00000000 +5.0000000000000000e+00 +1.9999781079151389e+00 +1.8412658913156770e-03 +1.0000009690487313e+00 +1.0000260641398313e+00 +1.0000043000696439e+00 +9.9999035558056626e-01 +9.9998242716403152e-01 +9.1227428157317091e-07 -9.1731830956375479e-05 -1.2873485743086104e-05 -2.3707348196373053e-05 +1.2328437132169031e-04
179.50000000 +5.0000000000000000e+00 +1.9999790911098165e+00 +1.8385720279981317e-03 +1.0000088156084186e+00 +1.0000271985008971e+00 +1.0000051731830393e+00 +9.9999266948175380e-01 +9.9998293782939451e-01 -9.1022435522793086e-06 -1.0394755564398788e-04 -1.3181556242276331e-05 -3.0022314952701744e-05 +1.3945905007993353e-04
180.00000000 +5.0000000000000000e+00 +1.9999815192108796e+00 +1.8334581398145376e-03 +1.0000197556085182e+00 +1.0000251953983774e+00 +1.0000056252190241e+00 +9.9999256851642848e-01 +9.9998315175500141e-01 -1.9795598108658662e-05 -9.1830065383458230e-05 -8.5381840972721882e-06 -3.5401237754370704e-05 +1.2926857217941028e-04
180.50000000 +5.0000000000000000e+00 +1.9999839474738210e+00 +1.8283439106955371e-03 +1.0000306963379713e+00 +1.0000231921623137e+00 +1.0000060772851460e+00 +9.9999246754437188e-01 +9.9998336569487101e-01 -3.0489665575265013e-05 -7.9711767267668003e-05 -3.8945023854737847e-06 -4.0780519160914805e-05 +1.1907741489470733e-04
181.00000000 +5.0000000000000000e+00 +1.9999863758986562e+00 +1.8232293406070335e-03 +1.0000416377968511e+00 +1.0000211887926926e+00 +1.0000065293814069e+00 +9.9999236656558321e-01 +9.9998357964900364e-01 -4.1184446023393733e-05 -6.7592661215826598e-05 +7.4948892407745474e-07 -4.6160159208196721e-05 +1.0888557815788212e-04
181.50000000 +5.0000000000000000e+00 +1.9999888044854022e+00 +1.8181144295149275e-03 +1.0000525799852307e+00 +1.0000191852895011e+00 +1.0000069815078108e+00 +9.9999226558006227e-01 +9.9998379361740142e-01 -5.1879939524349747e-05 -5.5472747147132866e-05 +5.3937898623442357e-06 -5.1540157932083940e-05 +9.8693061900983036e-05
182.00000000 +5.0000000000000000e+00 +1.9999912332340746e+00 +1.8129991773851142e-03 +1.0000635229031825e+00 +1.0000171816527255e+00 +1.0000074336643601e+00 +9.9999216458780804e-01 +9.9998400760006534e-01 -6.2576146149447462e-05 -4.3352024980774740e-05 +1.0038400460293391e-05 -5.6920515368448699e-05 +8.8499866056049325e-05
182.50000000 +5.0000000000000000e+00 +1.9999936621446892e+00 +1.8078835841834847e-03 +1.0000744665507801e+00 +1.0000151778823527e+00 +1.0000078858510579e+00 +9.9999206358881987e-01 +9.9998422159699740e-01 -7.3273065970010746e-05 -3.1230494635929428e-05 +1.4683320748895881e-05 -6.2301231553168023e-05 +7.8305990555111287e-05
183.00000000 +5.0000000000000000e+00 +1.9999960912172630e+00 +1.8027676498759242e-03 +1.0000854109280961e+00 +1.0000131739783691e+00 +1.0000083380679075e+00 +9.9999196258309719e-01 +9.9998443560819839e-01 -8.3970699057373102e-05 -1.9108156031763340e-05 +1.9328550759126804e-05 -6.7682306522123744e-05 +6.8111435330190054e-05
183.50000000 +5.0000000000000000e+00 +1.9999985204518120e+00 +1.7976513744283151e-03 +1.0000963560352039e+00 +1.0000111699407617e+00 +1.0000087903149120e+00 +9.9999186157063924e-01 +9.9998464963367051e-01 -9.4669045482877418e-05 -6.9850090874321338e-06 +2.3974090521965389e-05 -7.3063740311202479e-05 +5.7916200313297727e-05
184.00000000 +5.0000000000000000e+00 +2.0000009498483515e+00 +1.7925347578065338e-03 +1.0001073018721756e+00 +1.0000091657695163e+00 +1.0000092425920739e+00 +9.9999176055144501e-01 +9.9998486367341399e-01 -1.0536810531787614e-04 +5.1389462779193493e-06 +2.8619940068394976e-05 -7.8445532956295577e-05 +4.7720285436437328e-05
184.50000000 +5.0000000000000000e+00 +2.0000033794068997e+00 +1.7874177999764543e-03 +1.0001182484390854e+00 +1.0000071614646207e+00 +1.0000096948993966e+00 +9.9999165952551472e-01 +9.9998507772743161e-01 -1.1606787863373134e-04 +1.7263710145157032e-05 +3.3266099429403075e-05 -8.3827684493299263e-05 +3.7523690631602864e-05
185.00000000 +5.0000000000000000e+00 +2.0000058091274711e+00 +1.7823005009039430e-03 +1.0001291957360054e+00 +1.0000051570260606e+00 +1.0000101472368830e+00 +9.9999155849284693e-01 +9.9998529179572404e-01 -1.2676836550181439e-04 +2.9389282595157625e-05 +3.7912568635981291e-05 -8.9210194958114466e-05 +2.7326415830779206e-05
185.50000000 +5.0000000000000000e+00 +2.0000082390100831e+00 +1.7771828605548643e-03 +1.0001401437630093e+00 +1.0000031524538233e+00 +1.0000105996045363e+00 +9.9999145745344131e-01 +9.9998550587829305e-01 -1.3746956599350638e-04 +4.1515663708808600e-05 +4.2559347719125381e-05 -9.4593064386646968e-05 +1.7128460965942212e-05
186.00000000 +5.0000000000000000e+00 +2.0000106690547499e+00 +1.7720648788950764e-03 +1.0001510925201695e+00 +1.0000011477478947e+00 +1.0000110520023593e+00 +9.9999135640729697e-01 +9.9998571997513952e-01 -1.4817148018019777e-04 +5.3642853567008299e-05 +4.7206436709835241e-05 -9.9976292814807279e-05 +6.9298259690585899e-06
186.50000000 +5.0000000000000000e+00 +2.0000130992614897e+00 +1.7669465558904339e-03 +1.0001620420075594e+00 +9.9999914290826197e-01 +1.0000115044303548e+00 +9.9999125535441313e-01 +9.9998593408626524e-01 -1.5887410813328871e-04 +6.5770852250665753e-05 +5.1853835639114891e-05 -1.0535988027851075e-04 -3.2694892279139678e-06
187.00000000 +5.0000000000000000e+00 +2.0000155296303177e+00 +1.7618278915067865e-03 +1.0001729922252520e+00 +9.9999713793491174e-01 +1.0000119568885260e+00 +9.9999115429478957e-01 +9.9998614821167153e-01 -1.6957744992418869e-04 +7.7899659840700885e-05 +5.6501544537972486e-05 -1.1074382681367749e-04 -1.3469484693026860e-05
187.50000000 +5.0000000000000000e+00 +2.0000179601612511e+00 +1.7567088857099796e-03 +1.0001839431733206e+00 +9.9999513282783037e-01 +1.0000124093768765e+00 +9.9999105322842563e-01 +9.9998636235136040e-01 -1.8028150562431687e-04 +9.0029276418044312e-05 +6.1149563437420344e-05 -1.1612813245623248e-04 -2.3670160494340540e-05
188.00000000 +5.0000000000000000e+00 +2.0000203908543051e+00 +1.7515895384658537e-03 +1.0001948948518378e+00 +9.9999312758700465e-01 +1.0000128618954085e+00 +9.9999095215531986e-01 +9.9998657650533251e-01 -1.9098627530510191e-04 +1.0215970206363751e-04 +6.5797892368474870e-05 -1.2151279724210532e-04 -3.3871516699924601e-05
188.50000000 +5.0000000000000000e+00 +2.0000228217094964e+00 +1.7464698497402448e-03 +1.0002058472608768e+00 +9.9999112221242081e-01 +1.0000133144441254e+00 +9.9999085107547236e-01 +9.9998679067358942e-01 -2.0169175903798185e-04 +1.1429093685843277e-04 +7.0446531362156664e-05 -1.2689782120723058e-04 -4.4073553377857673e-05
189.00000000 +5.0000000000000000e+00 +2.0000241595686514e+00 +1.7503447361771746e-03 +1.0001983093182527e+00 +9.9999000238009916e-01 +1.0000126318901181e+00 +9.9998814140565417e-01 +9.9998930777157635e-01 -1.8905613432263765e-04 +9.9705676639391593e-05 +7.9212895232046182e-05 -1.2684588409189482e-04 -4.1409319306485511e-05
189.50000000 +5.0000000000000000e+00 +2.0000254974634095e+00 +1.7542197257324930e-03 +1.0001907711750289e+00 +9.9998888251797646e-01 +1.0000119493179471e+00 +9.9998543166372666e-01 +9.9999182493654837e-01 -1.7642017334834007e-04 +8.5120028277742044e-05 +8.7979492392208704e-05 -1.2679394559440973e-04 -3.8745014334577744e-05
190.00000000 +5.0000000000000000e+00 +2.0000268353937720e+00 +1.7580948184103158e-03 +1.0001832328311975e+00 +9.9998776262605149e-01 +1.0000112667276109e+00 +9.9998272184968606e-01 +9.9999434216850769e-01 -1.6378387610166620e-04 +7.0533991757990033e-05 +9.6746322851956823e-05 -1.2674200571472017e-04 -3.6080638459304082e-05
190.50000000 +5.0000000000000000e+00 +2.0000281733597403e+00 +1.7619700142147599e-03 +1.0001756942867506e+00 +9.9998664270432314e-01 +1.0000105841191089e+00 +9.9998001196353004e-01 +9.9999685946745731e-01 -1.5114724256919237e-04 +5.5947567064640685e-05 +1.0551338662060365e-04 -1.2669006445277091e-04 -3.3416191677834168e-05
191.00000000 +5.0000000000000000e+00 +2.0000295113613160e+00 +1.7658453131499424e-03 +1.0001681555416801e+00 +9.9998552275279051e-01 +1.0000099014924413e+00 +9.9997730200525625e-01 +9.9999937683340034e-01 -1.3851027273749418e-04 +4.1360754182198284e-05 +1.1428068370746278e-04 -1.2663812180850682e-04 -3.0751673987337435e-05
191.50000000 +5.0000000000000000e+00 +2.0000308493985006e+00 +1.7697207152199798e-03 +1.0001606165959780e+00 +9.9998440277145195e-01 +1.0000092188476062e+00 +9.9997459197486072e-01 +1.0000018942663389e+00 -1.2587296659314663e-04 +2.6773553095166281e-05 +1.2304821412184824e-04 -1.2658617778187273e-04 -2.8087085384983213e-05
192.00000000 +5.0000000000000000e+00 +2.0000321874712954e+00 +1.7735962204289898e-03 +1.0001530774496363e+00 +9.9998328276030690e-01 +1.0000085361846034e+00 +9.9997188187234165e-01 +1.0000044117662756e+00 -1.1323532412272379e-04 +1.2185963788047296e-05 +1.3181597787307475e-04 -1.2653423237281338e-04 -2.5422425867940642e-05
192.50000000 +5.0000000000000000e+00 +2.0000335255797022e+00 +1.7774718287810890e-03 +1.0001455381026472e+00 +9.9998216271935325e-01 +1.0000078535034325e+00 +9.9996917169769528e-01 +1.0000069293332134e+00 -1.0059734531279915e-04 -2.4020137546568598e-06 +1.4058397497045721e-04 -1.2648228558127369e-04 -2.2757695433378722e-05
193.00000000 +5.0000000000000000e+00 +2.0000348637237213e+00 +1.7813475402803961e-03 +1.0001379985550023e+00 +9.9998104264859067e-01 +1.0000071708040923e+00 +9.9996646145091928e-01 +1.0000094469671550e+00 -8.7959030149945504e-05 -1.6990379548445195e-05 +1.4935220542331131e-04 -1.2643033740719839e-04 -2.0092894078466319e-05
193.50000000 +5.0000000000000000e+00 +2.0000362019033551e+00 +1.7852233549310282e-03 +1.0001304588066935e+00 +9.9997992254801737e-01 +1.0000064880865818e+00 +9.9996375113201019e-01 +1.0000119646681025e+00 -7.5320378620734880e-05 -3.1579133608817556e-05 +1.5812066924095306e-04 -1.2637838785053228e-04 -1.7428021800372119e-05
194.00000000 +5.0000000000000000e+00 +2.0000375401186048e+00 +1.7890992727371037e-03 +1.0001229188577136e+00 +9.9997880241763282e-01 +1.0000058053509011e+00 +9.9996104074096603e-01 +1.0000144824360595e+00 -6.2681390711738643e-05 -4.6168275951274630e-05 +1.6688936643269905e-04 -1.2632643691122021e-04 -1.4763078596264685e-05
194.50000000 +5.0000000000000000e+00 +2.0000388783694714e+00 +1.7929752937027403e-03 +1.0001153787080539e+00 +9.9997768225743477e-01 +1.0000051225970485e+00 +9.9995833027778303e-01 +1.0000170002710278e+00 -5.0042066409527393e-05 -6.0757806591317847e-05 +1.7565829700786628e-04 -1.2627448458920695e-04 -1.2098064463312419e-05
195.00000000 +5.0000000000000000e+00 +2.0000402166559579e+00 +1.7968514178320577e-03 +1.0001078383577062e+00 +9.9997656206742336e-01 +1.0000044398250243e+00 +9.9995561974245883e-01 +1.0000195181730107e+00 -3.7402405700671014e-05 -7.5347725544449629e-05 +1.8442746097577242e-04 -1.2622253088443732e-04 -9.4329793986835651e-06
195.50000000 +5.0000000000000000e+00 +2.0000415549780635e+00 +1.8007276451291738e-03 +1.0001002978066631e+00 +9.9997544184759646e-01 +1.0000037570348270e+00 +9.9995290913499058e-01 +1.0000220361420107e+00 -2.4762408571738698e-05 -8.9938032826173046e-05 +1.9319685834573550e-04 -1.2617057579685612e-04 -6.7678233995462275e-06
196.00000000 +5.0000000000000000e+00 +2.0000428933357908e+00 +1.8046039755982074e-03 +1.0000927570549163e+00 +9.9997432159795285e-01 +1.0000030742264563e+00 +9.9995019845537492e-01 +1.0000245541780302e+00 -1.2122075009298923e-05 -1.0452872845199207e-04 +2.0196648912707392e-04 -1.2611861932640807e-04 -4.1025964630683495e-06
196.50000000 +5.0000000000000000e+00 +2.0000442317291416e+00 +1.8084804092432783e-03 +1.0000852161024578e+00 +9.9997320131849199e-01 +1.0000023913999116e+00 +9.9994748770360942e-01 +1.0000270722810725e+00 +5.1859500008052157e-07 -1.1911981243741152e-04 +2.1073635332910688e-04 -1.2606666147303808e-04 -1.4372985864177409e-06
197.00000000 +5.0000000000000000e+00 +2.0000455701581163e+00 +1.8123569460685059e-03 +1.0000776749492797e+00 +9.9997208100921231e-01 +1.0000017085551915e+00 +9.9994477687969119e-01 +1.0000295904511396e+00 +1.3159601469832660e-05 -1.3371128479793700e-04 +2.1950645096115387e-04 -1.2601470223669084e-04 +1.2280702332379644e-06
197.50000000 +5.0000000000000000e+00 +2.0000469086227168e+00 +1.8162335860780088e-03 +1.0000701335953734e+00 +9.9997096067011237e-01 +1.0000010256922958e+00 +9.9994206598361690e-01 +1.0000321086882344e+00 +2.5800944413391126e-05 -1.4830314554907496e-04 +2.2827678203253489e-04 -1.2596274161731113e-04 +3.8935099987312640e-06
198.00000000 +5.0000000000000000e+00 +2.0000104593100971e+00 +1.8422348020297704e-03 +1.0000087431038023e+00 +9.9996689021014462e-01 +9.9999616671504832e-01 +9.9996333265174231e-01 +1.0000173972768889e+00 +4.2261524637600894e-05 -8.5408208441594313e-05 +2.1122820662473874e-04 -1.1233470657277964e-04 -8.2767873700634307e-06
198.50000000 +5.0000000000000000e+00 +1.9999740369983015e+00 +1.8682167568711506e-03 +9.9994739808891309e-01 +9.9996282276548143e-01 +9.9999131133722097e-01 +9.9998458356600317e-01 +1.0000026967634232e+00 +5.8709911237741964e-05 -2.2559862475401988e-05 +1.9419226041449207e-04 -9.8716766867164830e-05 -2.0438069258911611e-05
199.00000000 +5.0000000000000000e+00 +1.9999376416573369e+00 +1.8941794719965147e-03 +9.9988609850019283e-01 +9.9995875833277348e-01 +9.9998645955481569e-01 +1.0000058187438978e+00 +9.9998800713573199e-01 +7.5146117757937490e-05 +4.0241944100823299e-05 +1.7716892937385642e-04 -8.5108911287023244e-05 -3.2590345681798464e-05
199.50000000 +5.0000000000000000e+00 +1.9999012732572576e+00 +1.9201229687685543e-03 +9.9982484428720242e-01 +9.9995469690867589e-01 +9.9998161136383967e-01 +1.0000270382028986e+00 +9.9997332838172814e-01 +9.1570157722259141e-05 +1.0299726296178706e-04 +1.6015819949566113e-04 -7.1511128635512453e-05 -4.4733626637883876e-05
200.00000000 +5.0000000000000000e+00 +1.9998649317681605e+00 +1.9460472685183475e-03 +9.9976363539957813e-01 +9.9995063848984966e-01 +9.9997676676030745e-01 +1.0000482419604533e+00 +9.9995866048934301e-01 +1.0798204463476414e-04 +1.6570614570572098e-04 +1.4316005679346506e-04 -5.7923407732360442e-05 -5.6867922111529904e-05
