#PATCH_CHECK: SepMBpoisson v0.61 exact-bernoulli stratified-backward active
#discretizing the bath:
#     0 0.0000000000000000e+00 -6.3189999999999946e-01
#     1 3.3333333333333335e-03 -2.3519566192419195e-01
#     2 3.3333333333333335e-03 -2.1960775044883449e-01
#     3 3.3333333333333335e-03 -2.0345158372959637e-01
#     4 3.3333333333333335e-03 -1.8674648832214841e-01
#     5 3.3333333333333335e-03 -1.6950994289832341e-01
#     6 3.3333333333333335e-03 -1.5175785527961699e-01
#     7 3.3333333333333335e-03 -1.3350478457795567e-01
#     8 3.3333333333333335e-03 -1.1476412168670258e-01
#     9 3.3333333333333335e-03 -9.5548237656703006e-02
#sampling: jump_strength=8.3333333333333350e-03 jump_probability=8.2644628099173573e-03 log_scale=8.2988028146950953e-03 back_replicas=12 stratify_forward=1
#adaptive measurement: gap=1.7236545423824995e-02 period_steps=730 nmeas=130 nwf=400 tmax=2.0000000000000000e+02 forced_stride=0
  0.00000000 +5.0000000000000000e+00 +1.9999999999999998e+00 +1.8374661879283106e-03 +1.0000000000000000e+00 +1.0000000000000000e+00 +1.0000000000000000e+00 +1.0000000000000000e+00 +1.0000000000000000e+00 +0.0000000000000000e+00 +0.0000000000000000e+00 +0.0000000000000000e+00 +0.0000000000000000e+00 +0.0000000000000000e+00
  0.50000000 +5.0000000000000000e+00 +1.9999999999549138e+00 +1.8429448886516076e-03 +9.9998609090752855e-01 +1.0000000000009215e+00 +1.0000000000009215e+00 +1.0000000000009215e+00 +1.0000000000009215e+00 +2.8082033582787481e-06 +2.7611478860873625e-06 +2.7695506489786812e-06 +2.7939186613635058e-06 +2.7762728592917358e-06
  1.00000000 +5.0000000000000000e+00 +2.0000000014257808e+00 +1.8582977394905535e-03 +9.9994709160131645e-01 +9.9999999994094435e-01 +9.9999999992541067e-01 +9.9999999992682287e-01 +9.9999999991693778e-01 +1.0649770188063871e-05 +1.0694876837344692e-05 +1.0584048068812518e-05 +1.0535009213928397e-05 +1.0444865443745607e-05
  1.50000000 +5.0000000000000000e+00 +2.0000000157076689e+00 +1.8802681461244819e-03 +9.9989121332785358e-01 +9.9999999965498698e-01 +9.9999999962246955e-01 +9.9999999961482600e-01 +9.9999999961883212e-01 +2.2074594179477117e-05 +2.2142451960871430e-05 +2.1776772580032731e-05 +2.1478141071009864e-05 +2.1316121009110234e-05
  2.00000000 +5.0000000000000000e+00 +2.0000000401738247e+00 +1.9049002700569598e-03 +9.9982842736669908e-01 +9.9999999875432388e-01 +9.9999999870945655e-01 +9.9999999866509159e-01 +9.9999999875059709e-01 +3.5188558724530816e-05 +3.5140293659175900e-05 +3.4243989827121069e-05 +3.3571630648278493e-05 +3.3433320497175691e-05
  2.50000000 +5.0000000000000000e+00 +2.0000000408248191e+00 +1.9269166751141847e-03 +9.9977208827725128e-01 +9.9999999671625095e-01 +9.9999999682096608e-01 +9.9999999653753668e-01 +9.9999999696612907e-01 +4.7370845959885458e-05 +4.6986216111045794e-05 +4.5628340181057197e-05 +4.4275545961515504e-05 +4.3663619248952550e-05
  3.00000000 +5.0000000000000000e+00 +2.0000000529570090e+00 +1.9421274132522582e-03 +9.9973282761803905e-01 +9.9999999314440702e-01 +9.9999999356029057e-01 +9.9999999302195686e-01 +9.9999999367113557e-01 +5.6377603399504474e-05 +5.5559719007654299e-05 +5.3474056506447975e-05 +5.1531280948411493e-05 +5.0256399503479338e-05
  3.50000000 +5.0000000000000000e+00 +2.0000000105696913e+00 +1.9477964602551546e-03 +9.9971765342467822e-01 +9.9999998856075956e-01 +9.9999998876820362e-01 +9.9999998827009806e-01 +9.9999998870187090e-01 +6.0907017456437098e-05 +5.9447929615780366e-05 +5.6550219570380119e-05 +5.3779930358367224e-05 +5.1707161218130769e-05
  4.00000000 +5.0000000000000000e+00 +2.0000000543255623e+00 +1.9424582517008591e-03 +9.9973042450073168e-01 +9.9999998303314153e-01 +9.9999998268511370e-01 +9.9999998209018837e-01 +9.9999998271583046e-01 +6.0410430947058277e-05 +5.7334531394212755e-05 +5.3787165984311987e-05 +5.0431287992717949e-05 +4.7681536172907945e-05
  4.50000000 +5.0000000000000000e+00 +2.0000000298005154e+00 +1.9280388882791794e-03 +9.9976641991635085e-01 +9.9999997681416497e-01 +9.9999997537013519e-01 +9.9999997557974230e-01 +9.9999997630090909e-01 +5.4113800381116895e-05 +5.0143178048309390e-05 +4.6886991549655579e-05 +4.2979567695540929e-05 +3.9552543044699123e-05
  5.00000000 +5.0000000000000000e+00 +1.9999999870961465e+00 +1.9063443610208447e-03 +9.9982123750754004e-01 +9.9999996912303257e-01 +9.9999996971556171e-01 +9.9999996831648041e-01 +9.9999997030467780e-01 +4.3978994696112259e-05 +3.9688136082450223e-05 +3.5856597174771943e-05 +3.1576475195359343e-05 +2.7784772266432935e-05
  5.50000000 +5.0000000000000000e+00 +1.9999999195378382e+00 +1.8823328964812018e-03 +9.9988241391218369e-01 +9.9999996340779951e-01 +9.9999996269815239e-01 +9.9999996130327429e-01 +9.9999996469738950e-01 +3.1462590129105275e-05 +2.6257006595344628e-05 +2.3564346387577926e-05 +1.9957904006015769e-05 +1.6492040296286118e-05
  6.00000000 +5.0000000000000000e+00 +1.9999998666598626e+00 +1.8618842845840053e-03 +9.9993506640765684e-01 +9.9999995773649175e-01 +9.9999995754465321e-01 +9.9999995762126415e-01 +9.9999995995780644e-01 +1.8747040421141527e-05 +1.5811212889272849e-05 +1.3043349766496784e-05 +1.0381758681259509e-05 +7.1174311980719408e-06
  6.50000000 +5.0000000000000000e+00 +1.9999999958756347e+00 +1.8463696751577893e-03 +9.9997567431322421e-01 +9.9999995199310332e-01 +9.9999995617953830e-01 +9.9999995500072592e-01 +9.9999995746975734e-01 +9.3103975901495434e-06 +6.1754136706450258e-06 +4.3003205364282676e-06 +2.6329744172198464e-06 +2.0859182899866794e-06
  7.00000000 +5.0000000000000000e+00 +2.0000000040965804e+00 +1.8402273494579214e-03 +9.9999278047326601e-01 +9.9999995074322967e-01 +9.9999995028655997e-01 +9.9999995166163469e-01 +9.9999996031897642e-01 +2.2985513023681634e-06 +1.0865518568260449e-06 +1.2514882947812542e-06 +1.1557767296781975e-06 +1.6141469342779155e-06
  7.50000000 +5.0000000000000000e+00 +1.9999998655113267e+00 +1.8445021796904776e-03 +9.9998343463633754e-01 +9.9999995237345929e-01 +9.9999995327603952e-01 +9.9999995126015617e-01 +9.9999995895234206e-01 +1.8210370047597055e-06 +2.0626955977953290e-06 +2.9555252810601788e-06 +4.2266499290293595e-06 +5.6835511166390341e-06
  8.00000000 +5.0000000000000000e+00 +1.9999999755451063e+00 +1.8590136618675209e-03 +9.9994780082566403e-01 +9.9999995005847930e-01 +9.9999995001622366e-01 +9.9999995354801452e-01 +9.9999995545263975e-01 +5.5350768125834989e-06 +7.8358533006889006e-06 +1.0052200156570037e-05 +1.3081639359003444e-05 +1.5885366147779123e-05
  8.50000000 +5.0000000000000000e+00 +1.9999998561615051e+00 +1.8784637351467938e-03 +9.9989902781426254e-01 +9.9999995624619653e-01 +9.9999995235430073e-01 +9.9999995343630710e-01 +9.9999995961365828e-01 +1.4257490182855361e-05 +1.7908839377041226e-05 +2.0276967974316946e-05 +2.3667319626349522e-05 +2.5039808584478808e-05
  9.00000000 +5.0000000000000000e+00 +1.9999998617598098e+00 +1.9032552135419564e-03 +9.9983592834793145e-01 +9.9999995162143906e-01 +9.9999994929496228e-01 +9.9999994963366601e-01 +9.9999994990430874e-01 +2.6451392034200728e-05 +2.9865244424084650e-05 +3.4029095386498073e-05 +3.5893912768610901e-05 +3.8031595475900884e-05
  9.50000000 +5.0000000000000000e+00 +1.9999998726914259e+00 +1.9224901386603497e-03 +9.9978610319859529e-01 +9.9999994340665310e-01 +9.9999994310509444e-01 +9.9999993931312470e-01 +9.9999994741964149e-01 +3.8268036371472911e-05 +4.1972387807548733e-05 +4.3386491453007922e-05 +4.5415540046380985e-05 +4.5081120251417470e-05
 10.00000000 +5.0000000000000000e+00 +2.0000002177229446e+00 +1.9355595252539938e-03 +9.9975127863101110e-01 +9.9999993071585447e-01 +9.9999993049482805e-01 +9.9999993403392984e-01 +9.9999993631080142e-01 +4.9418021135722946e-05 +5.0337507653821787e-05 +5.1083323732212795e-05 +5.0008863547808659e-05 +4.8142080561985632e-05
 10.50000000 +5.0000000000000000e+00 +2.0000003456294864e+00 +1.9434711129240174e-03 +9.9972910049705055e-01 +9.9999991518424503e-01 +9.9999992244239755e-01 +9.9999992692296635e-01 +9.9999992061200504e-01 +5.7286062906409716e-05 +5.7321269787036904e-05 +5.5430444121639201e-05 +5.2441912838402776e-05 +4.8734590611189510e-05
 11.00000000 +5.0000000000000000e+00 +2.0000005438639041e+00 +1.9383921238058936e-03 +9.9973993399920780e-01 +9.9999991405730215e-01 +9.9999990253022963e-01 +9.9999990003957451e-01 +9.9999990048430332e-01 +5.9119397228315996e-05 +5.6944968518696675e-05 +5.2914078863277943e-05 +4.9379202022184005e-05 +4.2091273894353379e-05
 11.50000000 +5.0000000000000000e+00 +2.0000003910733644e+00 +1.9269528164232051e-03 +9.9976717825781647e-01 +9.9999989267573752e-01 +9.9999988288784436e-01 +9.9999988463770573e-01 +9.9999988310625021e-01 +5.5483374991345624e-05 +5.2840588823261358e-05 +4.8524355073597144e-05 +4.0914200811273631e-05 +3.5515862180312240e-05
 12.00000000 +5.0000000000000000e+00 +2.0000007150626944e+00 +1.9066850263711795e-03 +9.9981774155434722e-01 +9.9999988209794377e-01 +9.9999987041530314e-01 +9.9999987731766082e-01 +9.9999987107756350e-01 +4.9690617893175001e-05 +4.4487607136785870e-05 +3.8617394429974000e-05 +2.7533738623287986e-05 +2.2428116320979798e-05
 12.50000000 +5.0000000000000000e+00 +2.0000004428315759e+00 +1.8882379187434419e-03 +9.9986463710062135e-01 +9.9999986614928449e-01 +9.9999986380867423e-01 +9.9999985269676783e-01 +9.9999986034854849e-01 +4.2099270901890768e-05 +3.3978664710740069e-05 +2.5546189225253921e-05 +1.9498773102335976e-05 +1.4797026224122036e-05
 13.00000000 +5.0000000000000000e+00 +2.0000005484873880e+00 +1.8670682906429380e-03 +9.9991942745801288e-01 +9.9999983979883511e-01 +9.9999984361933492e-01 +9.9999985081028031e-01 +9.9999984470938175e-01 +3.0624725972998646e-05 +2.1377290124463826e-05 +1.4480108982873441e-05 +8.6825688399720142e-06 +6.0289574140335291e-06
 13.50000000 +5.0000000000000000e+00 +1.9999998641755772e+00 +1.8530540980017615e-03 +9.9995711563171696e-01 +9.9999983140862148e-01 +9.9999982984938918e-01 +9.9999983734849440e-01 +9.9999983586733532e-01 +1.7071197600016780e-05 +7.9520219343160928e-06 +7.8661603279050513e-06 +6.1058675048798421e-06 +4.5545987213645023e-06
 14.00000000 +5.0000000000000000e+00 +2.0000002567487596e+00 +1.8459022763074704e-03 +9.9997777716089775e-01 +9.9999981909201874e-01 +9.9999983647598956e-01 +9.9999985124250557e-01 +9.9999984688610921e-01 +6.8779835552980546e-06 +6.8114092132803772e-06 +2.2239197936030351e-06 +7.4742677354704782e-07 +6.2083524806455087e-06
 14.50000000 +5.0000000000000000e+00 +2.0000001331665582e+00 +1.8510976706627960e-03 +9.9996719170353598e-01 +9.9999981591210696e-01 +9.9999983837562323e-01 +9.9999983612640941e-01 +9.9999984301685763e-01 +4.0098513079084242e-06 +3.1829023813682197e-06 +5.1962429097552586e-06 +8.5444148269425360e-06 +1.2541471995553636e-05
 15.00000000 +5.0000000000000000e+00 +2.0000000727245704e+00 +1.8621938497640667e-03 +9.9994115791924509e-01 +9.9999980651437237e-01 +9.9999982971210388e-01 +9.9999983931930214e-01 +9.9999981401341853e-01 +7.9119453783736494e-07 +7.1277804224978158e-06 +1.2624692364957423e-05 +1.6689642135835094e-05 +2.2319148925410653e-05
 15.50000000 +5.0000000000000000e+00 +1.9999998103879353e+00 +1.8784641356918398e-03 +9.9990096834026521e-01 +9.9999981761126622e-01 +9.9999982992245706e-01 +9.9999983482324895e-01 +9.9999983829445782e-01 +1.3566182077249291e-05 +1.6404085062018268e-05 +1.7127293932956497e-05 +2.6492202021506569e-05 +2.6121217786939798e-05
 16.00000000 +5.0000000000000000e+00 +1.9999994119608235e+00 +1.8976395826120604e-03 +9.9985244183534383e-01 +9.9999980244671272e-01 +9.9999982230996498e-01 +9.9999980722555715e-01 +9.9999983237822077e-01 +1.7472189107301255e-05 +2.2878835112945231e-05 +3.3053177105726152e-05 +3.6775038582089380e-05 +3.8114614908157204e-05
 16.50000000 +5.0000000000000000e+00 +1.9999986754617858e+00 +1.9144443920772866e-03 +9.9980847884472479e-01 +9.9999983195163866e-01 +9.9999981151119477e-01 +9.9999984983200652e-01 +9.9999982375672636e-01 +2.6166892545103557e-05 +3.3699507663995488e-05 +3.9080339198426893e-05 +4.6693472682646085e-05 +4.6563853147169509e-05
 17.00000000 +5.0000000000000000e+00 +1.9999984839546407e+00 +1.9311498367011414e-03 +9.9976381902565281e-01 +9.9999978671471956e-01 +9.9999979939479711e-01 +9.9999979286199170e-01 +9.9999978424909275e-01 +4.1142255344606469e-05 +4.5903089803933079e-05 +5.2843739715662444e-05 +4.9173635865869952e-05 +4.7955120556731404e-05
 17.50000000 +5.0000000000000000e+00 +1.9999992560725923e+00 +1.9303622750052910e-03 +9.9976301730455408e-01 +9.9999978464982808e-01 +9.9999978768646514e-01 +9.9999976671598145e-01 +9.9999978925568078e-01 +5.0883828386478791e-05 +5.0548347483602586e-05 +5.0248644893755324e-05 +4.7206930364495102e-05 +3.8966636495512999e-05
 18.00000000 +5.0000000000000000e+00 +1.9999988305155558e+00 +1.9293340181695186e-03 +9.9976274085092620e-01 +9.9999977465645318e-01 +9.9999975138547159e-01 +9.9999977288805753e-01 +9.9999973957278143e-01 +5.4973418225374651e-05 +5.3199731537803007e-05 +5.0795025292887885e-05 +4.4702988135603262e-05 +3.4549496765021998e-05
 18.50000000 +5.0000000000000000e+00 +1.9999992950402881e+00 +1.9177003169183770e-03 +9.9978991923245142e-01 +9.9999983493598632e-01 +9.9999976450093098e-01 +9.9999979858556420e-01 +9.9999971592116044e-01 +5.5749153390926735e-05 +4.7608161339430506e-05 +4.7552063591075908e-05 +3.5443872279452932e-05 +2.4613561583918430e-05
 19.00000000 +5.0000000000000000e+00 +1.9999988557710315e+00 +1.9048661570234037e-03 +9.9982124671727179e-01 +9.9999974798025992e-01 +9.9999976057586704e-01 +9.9999973071939485e-01 +9.9999973128114905e-01 +5.3908759816134421e-05 +4.4748968516155668e-05 +3.6729472352619157e-05 +2.8474082656916826e-05 +1.5921462439521354e-05
 19.50000000 +5.0000000000000000e+00 +1.9999992343777000e+00 +1.8850329869585941e-03 +9.9987122815774587e-01 +9.9999968594848909e-01 +9.9999972949551641e-01 +9.9999971104149410e-01 +9.9999966809966290e-01 +4.2220171343955462e-05 +3.4606338362938281e-05 +2.7227576419831793e-05 +1.4737655448119867e-05 +1.1185561817332020e-05
 20.00000000 +5.0000000000000000e+00 +1.9999994046705634e+00 +1.8719221471151378e-03 +9.9990552496670548e-01 +9.9999967992566785e-01 +9.9999971569383095e-01 +9.9999961528180414e-01 +9.9999969466059979e-01 +3.5510120828948101e-05 +2.8375961338848206e-05 +1.3555249928004029e-05 +1.0355226978065085e-05 +7.9728555805672255e-06
 20.50000000 +5.0000000000000000e+00 +1.9999993450257141e+00 +1.8612002979094713e-03 +9.9993519695453859e-01 +9.9999970096641022e-01 +9.9999969524336352e-01 +9.9999966495266279e-01 +9.9999966846164068e-01 +2.1134432062906945e-05 +1.8570442606800518e-05 +9.2763951215419056e-06 +8.1664332145419824e-06 +8.9256390880287357e-06
 21.00000000 +5.0000000000000000e+00 +1.9999993545249974e+00 +1.8599735160800810e-03 +9.9994106652466230e-01 +9.9999968079258983e-01 +9.9999965119687562e-01 +9.9999960331938098e-01 +9.9999971975624957e-01 +2.1335548220246297e-05 +9.0408243914591859e-06 +6.6831469259955003e-06 +1.2063392448104563e-05 +1.1155459767937563e-05
 21.50000000 +5.0000000000000000e+00 +1.9999982380601395e+00 +1.8606812756263131e-03 +9.9994228366386029e-01 +9.9999962742428739e-01 +9.9999963820747484e-01 +9.9999963796173563e-01 +9.9999953886411352e-01 +1.2601657907222842e-05 +3.7023213767637367e-06 +5.6570370864158164e-06 +1.4931919974413205e-05 +2.2380916910380679e-05
 22.00000000 +5.0000000000000000e+00 +1.9999988243751996e+00 +1.8684917594346965e-03 +9.9992513480178924e-01 +9.9999960206629779e-01 +9.9999958274839684e-01 +9.9999964171414524e-01 +9.9999967072955176e-01 +1.1942296541740426e-05 +6.7490804761763533e-06 +1.6760473434719307e-05 +1.5529337614466592e-05 +2.5386794037325184e-05
 22.50000000 +5.0000000000000000e+00 +1.9999989571313597e+00 +1.8795717339973260e-03 +9.9989846695985096e-01 +9.9999963602053576e-01 +9.9999968995878219e-01 +9.9999960757129758e-01 +9.9999968108067916e-01 +1.0948787374059582e-05 +1.5832078248159752e-05 +1.4511761570640861e-05 +2.8452425388367280e-05 +3.3173348628033074e-05
 23.00000000 +5.0000000000000000e+00 +1.9999991155213461e+00 +1.8946328276170166e-03 +9.9986078141914836e-01 +9.9999963813885662e-01 +9.9999974317365470e-01 +9.9999966136956986e-01 +9.9999961849499885e-01 +1.0602629626213062e-05 +2.6084963443241076e-05 +3.1193030547915412e-05 +3.6631900197943181e-05 +3.6044892118002758e-05
 23.50000000 +5.0000000000000000e+00 +1.9999983141923645e+00 +1.9099241154521879e-03 +9.9982019645983000e-01 +9.9999957428859565e-01 +9.9999968263807770e-01 +9.9999965190265883e-01 +9.9999979588225596e-01 +2.3638865118891397e-05 +3.2466486747254695e-05 +4.0585085321377925e-05 +4.6021081019240340e-05 +3.8387318903485240e-05
 24.00000000 +5.0000000000000000e+00 +1.9999976288041479e+00 +1.9148751869163410e-03 +9.9980608980086227e-01 +9.9999968024048003e-01 +9.9999955207308300e-01 +9.9999964193145696e-01 +9.9999960217054218e-01 +2.7242218574942814e-05 +3.5349732346408251e-05 +4.6534188428073355e-05 +4.9175431549769738e-05 +3.7132257740973241e-05
 24.50000000 +5.0000000000000000e+00 +1.9999975045383358e+00 +1.9232129736568770e-03 +9.9978193860752484e-01 +9.9999978988950788e-01 +9.9999961829691808e-01 +9.9999956477365504e-01 +9.9999955841592081e-01 +4.9809244848542229e-05 +3.9156804834173512e-05 +4.5386775501519374e-05 +5.0613305498707282e-05 +3.4563883810310542e-05
 25.00000000 +5.0000000000000000e+00 +1.9999976489330351e+00 +1.9225772321717766e-03 +9.9978060919137546e-01 +9.9999965838225835e-01 +9.9999961108108604e-01 +9.9999957245497295e-01 +9.9999959254339787e-01 +4.7909901273703961e-05 +5.3943927608589294e-05 +4.6134960487635860e-05 +4.4727601086755484e-05 +2.8239958694737564e-05
 25.50000000 +5.0000000000000000e+00 +1.9999968677576085e+00 +1.9145832949543633e-03 +9.9979823416822056e-01 +9.9999974236856004e-01 +9.9999956865477202e-01 +9.9999958848615400e-01 +9.9999967917891852e-01 +5.2528485771832315e-05 +4.4801498316025014e-05 +4.4050630556863783e-05 +3.5489075166729393e-05 +2.6317419626804800e-05
 26.00000000 +5.0000000000000000e+00 +1.9999969102865087e+00 +1.9045119198885993e-03 +9.9982215870348512e-01 +9.9999966428006526e-01 +9.9999958719312432e-01 +9.9999954140796921e-01 +9.9999953493024996e-01 +5.0836093610349147e-05 +4.4750118941598070e-05 +3.5143648973763223e-05 +2.4594909629408670e-05 +2.4188651270708535e-05
 26.50000000 +5.0000000000000000e+00 +1.9999970169151973e+00 +1.8898645948751043e-03 +9.9985956025266576e-01 +9.9999966165547582e-01 +9.9999973887640348e-01 +9.9999952006665660e-01 +9.9999958454225413e-01 +4.5702287528093115e-05 +4.0835734110102966e-05 +2.3198997864999859e-05 +2.0579679625021276e-05 +1.1617939500508329e-05
 27.00000000 +5.0000000000000000e+00 +1.9999969779471856e+00 +1.8880271899054187e-03 +9.9986515864951930e-01 +9.9999969965850966e-01 +9.9999969660783983e-01 +9.9999957890986024e-01 +9.9999936129206157e-01 +4.3937056907001412e-05 +4.0830730427279330e-05 +2.6099515643583844e-05 +1.1789017068772047e-05 +1.3848545634147392e-05
 27.50000000 +5.0000000000000000e+00 +1.9999972182348580e+00 +1.8790665535366360e-03 +9.9989001073657424e-01 +9.9999946475738710e-01 +9.9999966590201450e-01 +9.9999937860600174e-01 +9.9999954800648105e-01 +3.0519334747111456e-05 +3.3476216726385491e-05 +1.9246331456154453e-05 +1.4863056987131768e-05 +1.3827053426714640e-05
 28.00000000 +5.0000000000000000e+00 +1.9999961904349450e+00 +1.8656423590092646e-03 +9.9992589408024557e-01 +9.9999970070699506e-01 +9.9999958953393320e-01 +9.9999958048233895e-01 +9.9999967010457147e-01 +2.4140500514244765e-05 +1.4886139725187302e-05 +8.4436310131522039e-06 +1.3595293255156096e-05 +1.4499571211471989e-05
 28.50000000 +5.0000000000000000e+00 +1.9999965070619901e+00 +1.8671300854217301e-03 +9.9992506437658524e-01 +9.9999959724959842e-01 +9.9999960942840060e-01 +9.9999947597291305e-01 +9.9999953438904232e-01 +2.3302149471943444e-05 +7.3684973855304349e-06 +7.4592037123807714e-06 +1.8012104107987862e-05 +2.0576616762488376e-05
 29.00000000 +5.0000000000000000e+00 +1.9999958689477062e+00 +1.8789163949295691e-03 +9.9989796054403501e-01 +9.9999945856504058e-01 +9.9999962780470142e-01 +9.9999937607581857e-01 +9.9999952593257779e-01 +2.1374114621299128e-05 +1.0820054454140381e-05 +1.7209222737465537e-05 +2.0737248229516638e-05 +3.3910489292419609e-05
 29.50000000 +5.0000000000000000e+00 +1.9999964632367864e+00 +1.8831673875188797e-03 +9.9988875778635955e-01 +9.9999958547526935e-01 +9.9999962692796851e-01 +9.9999950959430994e-01 +9.9999949566329516e-01 +1.4844123798085511e-05 +2.2066910169617576e-05 +1.6684328366189591e-05 +2.8139950425801689e-05 +3.1289205124863755e-05
 30.00000000 +5.0000000000000000e+00 +1.9999938256145668e+00 +1.8979346870127000e-03 +9.9985149241374349e-01 +9.9999936134752609e-01 +9.9999962547218824e-01 +9.9999952154950400e-01 +9.9999925287721991e-01 +1.5980675187873967e-05 +2.6995621532614033e-05 +2.6217035890593045e-05 +3.9801363845707300e-05 +4.1751652697736327e-05
 30.50000000 +5.0000000000000000e+00 +1.9999937177481248e+00 +1.8974226986485578e-03 +9.9985206484115174e-01 +9.9999971493520090e-01 +9.9999935767115289e-01 +9.9999944520866857e-01 +9.9999935741698798e-01 +1.7873480586339282e-05 +1.9000507112865210e-05 +2.8024840658108316e-05 +4.4693647462993512e-05 +4.0467480622212951e-05
 31.00000000 +5.0000000000000000e+00 +1.9999948851695986e+00 +1.9057807330467905e-03 +9.9982876496817841e-01 +9.9999951804764331e-01 +9.9999969056321270e-01 +9.9999952375010148e-01 +9.9999958293738422e-01 +2.7636361632750635e-05 +3.2354595118692894e-05 +5.2249025531215760e-05 +3.5957606919021843e-05 +2.4722199402895357e-05
 31.50000000 +5.0000000000000000e+00 +1.9999947519173835e+00 +1.9117240136383160e-03 +9.9981159732163416e-01 +9.9999976575500082e-01 +9.9999979428508334e-01 +9.9999946500696191e-01 +9.9999973263768904e-01 +2.8774077201485286e-05 +3.2105439704072427e-05 +4.8432433891875052e-05 +5.1272105621295516e-05 +2.9060955936664532e-05
 32.00000000 +5.0000000000000000e+00 +1.9999956866756323e+00 +1.9204801380936715e-03 +9.9978663489948572e-01 +9.9999971534706678e-01 +9.9999958904657027e-01 +9.9999930780710355e-01 +9.9999950801695536e-01 +3.9293433073294407e-05 +5.4896234974785381e-05 +5.4781243016768854e-05 +3.4277797417117320e-05 +3.1996153006316808e-05
 32.50000000 +5.0000000000000000e+00 +1.9999953295274939e+00 +1.9089188265060263e-03 +9.9981487186257723e-01 +9.9999980881081840e-01 +9.9999948269497685e-01 +9.9999959742618394e-01 +9.9999963816807902e-01 +4.1206848208647787e-05 +3.9443956091462791e-05 +3.5515152886765423e-05 +3.5269228921543563e-05 +3.5165826785476914e-05
 33.00000000 +5.0000000000000000e+00 +1.9999928924955697e+00 +1.9026755944707913e-03 +9.9982775829105985e-01 +9.9999941408856219e-01 +9.9999942502427297e-01 +9.9999946528748418e-01 +9.9999971780536812e-01 +4.6893189527841216e-05 +4.5150268096007213e-05 +3.4871648988269956e-05 +2.5466240289566517e-05 +2.1838160017351512e-05
 33.50000000 +5.0000000000000000e+00 +1.9999965719770154e+00 +1.8980306462706559e-03 +9.9984064458200350e-01 +9.9999979620873736e-01 +9.9999959310483011e-01 +9.9999894684974799e-01 +9.9999933238995264e-01 +4.7197778257176066e-05 +5.1596865233989590e-05 +2.7080417287245978e-05 +1.8545826822433690e-05 +1.7266025251978677e-05
 34.00000000 +5.0000000000000000e+00 +1.9999925956126208e+00 +1.8751361892056740e-03 +9.9989754597614566e-01 +9.9999975528334772e-01 +9.9999931963916244e-01 +9.9999949666033638e-01 +9.9999936740254769e-01 +3.0999406044327446e-05 +4.4109077303784014e-05 +1.5842221045981231e-05 +1.1402216080137244e-05 +2.1621704200565298e-06
 34.50000000 +5.0000000000000000e+00 +1.9999925042582309e+00 +1.8753260056023954e-03 +9.9989862553745312e-01 +9.9999942786036300e-01 +9.9999983687387561e-01 +9.9999937790952187e-01 +9.9999986163190169e-01 +2.6951291563251187e-05 +2.6908725782297953e-05 +1.6267062707678848e-05 +1.4811340315257561e-05 +1.7931744626898690e-05
 35.00000000 +5.0000000000000000e+00 +1.9999965832169679e+00 +1.8740463208780920e-03 +9.9990474084417202e-01 +9.9999963955501325e-01 +9.9999962105497486e-01 +9.9999946300246911e-01 +9.9999959658966764e-01 +3.3115877351253995e-05 +2.6265070281491669e-05 +1.3715215450616644e-05 +1.1126728305688403e-05 +1.2716056922663555e-05
 35.50000000 +5.0000000000000000e+00 +1.9999961362485745e+00 +1.8799730518140100e-03 +9.9989181365519209e-01 +9.9999980451870463e-01 +9.9999972454652475e-01 +9.9999938039881631e-01 +9.9999929857285486e-01 +3.4756736594095435e-05 +2.1753697360708049e-05 +3.8566054524684765e-06 +2.6451587654736448e-05 +2.3159641473548453e-05
 36.00000000 +5.0000000000000000e+00 +1.9999973114195093e+00 +1.8840252541654343e-03 +9.9988410338623168e-01 +9.9999925828111069e-01 +9.9999935362060888e-01 +9.9999874117204057e-01 +9.9999890430563210e-01 +1.5039528737876117e-05 +3.0104439467040475e-05 +2.8285779282074059e-05 +2.5248380023670457e-05 +2.0961112828646980e-05
 36.50000000 +5.0000000000000000e+00 +1.9999948362820958e+00 +1.8906035358263419e-03 +9.9986881924417381e-01 +9.9999994066620079e-01 +9.9999979948770479e-01 +9.9999928754782452e-01 +9.9999916676555911e-01 +1.5399736864335455e-05 +1.5335340387539669e-05 +2.6249972397461074e-05 +3.8415085796563292e-05 +3.7586178727621118e-05
 37.00000000 +5.0000000000000000e+00 +1.9999937540468675e+00 +1.8952787471830709e-03 +9.9985605158774149e-01 +9.9999965071090147e-01 +9.9999957882856749e-01 +9.9999931492441896e-01 +9.9999892505535404e-01 +1.5151555462726002e-05 +3.8261156824426660e-05 +2.0511158972314480e-05 +4.7372705834437989e-05 +2.5182331232554724e-05
 37.50000000 +5.0000000000000000e+00 +1.9999924320266262e+00 +1.8945040795507334e-03 +9.9985838597069787e-01 +9.9999961286784056e-01 +9.9999956137341628e-01 +9.9999901665937196e-01 +9.9999965527620416e-01 +3.1601920010846129e-05 +2.6451602811035322e-05 +2.9247970873191005e-05 +3.3384791405522649e-05 +2.3081587314252300e-05
 38.00000000 +5.0000000000000000e+00 +1.9999907174203140e+00 +1.9032968330919447e-03 +9.9983367083746100e-01 +9.9999996371185040e-01 +9.9999935611811797e-01 +9.9999972689599725e-01 +9.9999889386188345e-01 +3.7276947396414181e-05 +1.3532500436509947e-05 +4.1584726230298812e-05 +4.3024705200920147e-05 +3.2969665972865697e-05
 38.50000000 +5.0000000000000000e+00 +1.9999899008470188e+00 +1.9063372128507814e-03 +9.9982404847359918e-01 +9.9999959978882247e-01 +9.9999972274594628e-01 +9.9999934975540117e-01 +9.9999944428199738e-01 +2.9411961388972887e-05 +2.8266246496334503e-05 +6.0464404983232987e-05 +3.0223718391778040e-05 +2.9468641836189438e-05
 39.00000000 +5.0000000000000000e+00 +1.9999915259190810e+00 +1.8923407342627085e-03 +9.9985860077425448e-01 +9.9999952570599571e-01 +1.0000000916211029e+00 +9.9999875978027264e-01 +9.9999946965570929e-01 +2.4813884700338160e-05 +3.7688154972828111e-05 +3.3325212004900082e-05 +3.2403523676647342e-05 +1.5321664894699392e-05
 39.50000000 +5.0000000000000000e+00 +1.9999888020856953e+00 +1.9084667275155100e-03 +9.9981621806636334e-01 +9.9999986536834773e-01 +9.9999918422595846e-01 +9.9999935211219437e-01 +9.9999882626362147e-01 +5.9348623023391919e-05 +3.5736310275148915e-05 +3.6790762742012418e-05 +4.1043326579052626e-05 +1.3634935813117778e-05
 40.00000000 +5.0000000000000000e+00 +1.9999870700708100e+00 +1.9045191282517492e-03 +9.9982588066267519e-01 +1.0000001796664157e+00 +9.9999939133847238e-01 +9.9999953410011833e-01 +9.9999888687979277e-01 +3.6761119798880569e-05 +5.4380682122702457e-05 +5.9662131784329074e-05 +2.2048208596622122e-05 +3.2751861868655462e-06
 40.50000000 +5.0000000000000000e+00 +1.9999893561237887e+00 +1.8863318470184317e-03 +9.9987288565266164e-01 +9.9999946231892645e-01 +9.9999919302541562e-01 +9.9999933165717991e-01 +9.9999915421939956e-01 +3.8063748357471774e-05 +3.2174085190545692e-05 +2.5979299486276954e-05 +1.2776174844579315e-05 +2.0979792415290791e-05
 41.00000000 +5.0000000000000000e+00 +1.9999849276627559e+00 +1.8912949208114050e-03 +9.9985806445054193e-01 +9.9999931108306084e-01 +9.9999924680818597e-01 +9.9999951871769011e-01 +9.9999851574573118e-01 +5.8718202969087693e-05 +2.4924248690886478e-05 +2.4509414616129832e-05 +2.0923414780184086e-05 +1.6267913503859398e-05
 41.50000000 +5.0000000000000000e+00 +1.9999864326024193e+00 +1.8941010335443195e-03 +9.9985258608552463e-01 +9.9999915880266343e-01 +9.9999939698789087e-01 +9.9999909673021248e-01 +9.9999896759990403e-01 +4.6556034730341859e-05 +2.8104836756579052e-05 +3.2347039698162794e-05 +2.1417855758268767e-05 +2.2368019479302611e-05
 42.00000000 +5.0000000000000000e+00 +1.9999879193156020e+00 +1.8722804715230760e-03 +9.9990900974555552e-01 +1.0000003174463930e+00 +9.9999949620170325e-01 +9.9999952690480065e-01 +9.9999927396761035e-01 +3.1527658968103695e-05 +1.4743332364548221e-05 +2.0627891615906806e-05 +1.3572475381884688e-05 +1.1904385768479381e-05
 42.50000000 +5.0000000000000000e+00 +1.9999861502303435e+00 +1.8970181113419522e-03 +9.9984712504032081e-01 +1.0000001806055796e+00 +1.0000007110673834e+00 +9.9999950568028761e-01 +9.9999979694240881e-01 +2.6459979656896873e-05 +3.3139289500731983e-05 +2.1944882459526072e-05 +3.8826654071752533e-05 +3.2309839215561442e-05
 43.00000000 +5.0000000000000000e+00 +1.9999906890007761e+00 +1.8928558689566507e-03 +9.9986154123214988e-01 +9.9999963611266740e-01 +9.9999968514902704e-01 +9.9999980241961473e-01 +9.9999883243163645e-01 +4.0908515806874794e-05 +2.2199692793243460e-05 +2.0807405278414282e-05 +2.8180346370719430e-05 +2.8406723549724234e-05
 43.50000000 +5.0000000000000000e+00 +1.9999890844444843e+00 +1.8965908968973223e-03 +9.9985205111791142e-01 +9.9999982690266265e-01 +9.9999919326095632e-01 +9.9999859652975076e-01 +9.9999900205582881e-01 +1.8943244310156257e-05 +2.9741121590794079e-05 +2.5408872914821916e-05 +2.5483633905398374e-05 +5.1753285320412422e-05
 44.00000000 +5.0000000000000000e+00 +1.9999847970401781e+00 +1.8822447689954907e-03 +9.9988641910668208e-01 +9.9999951061139036e-01 +9.9999951174743595e-01 +9.9999863369395969e-01 +9.9999931854499668e-01 +1.1888882947399616e-05 +1.6040735092050302e-05 +2.5521649397313462e-05 +2.6597653563913830e-05 +3.6557415636954286e-05
 44.50000000 +5.0000000000000000e+00 +1.9999877541853823e+00 +1.9034253560930089e-03 +9.9983289751646054e-01 +9.9999969427160662e-01 +9.9999875286168760e-01 +9.9999821630294339e-01 +9.9999854761985507e-01 +3.6801300252025136e-05 +1.8703764968735773e-05 +3.2176106820335541e-05 +4.6136050708983297e-05 +3.8074250429460286e-05
 45.00000000 +5.0000000000000000e+00 +1.9999878788536229e+00 +1.8959135986819379e-03 +9.9985334155442440e-01 +9.9999985273993708e-01 +9.9999925480788543e-01 +9.9999834160589107e-01 +9.9999920503774320e-01 +1.2269864108969192e-05 +2.6542007857017755e-05 +3.4692602250642829e-05 +4.3376330810459124e-05 +3.3123431203819553e-05
 45.50000000 +5.0000000000000000e+00 +1.9999883194406949e+00 +1.8989317982345722e-03 +9.9984535689007492e-01 +9.9999956853802474e-01 +9.9999946697343889e-01 +9.9999906893896695e-01 +9.9999830937959011e-01 +2.0823687846832800e-05 +2.5787444682085607e-05 +4.5328429759913207e-05 +4.1500989933715742e-05 +2.4788745048752409e-05
 46.00000000 +5.0000000000000000e+00 +1.9999864247548309e+00 +1.9002593063418766e-03 +9.9983878497283363e-01 +1.0000005137577683e+00 +1.0000007352872111e+00 +9.9999931159740396e-01 +9.9999884549751539e-01 +4.0946244602470098e-05 +3.7007141643824802e-05 +3.8225650999097796e-05 +2.0030618083712100e-05 +2.5599203182817549e-05
 46.50000000 +5.0000000000000000e+00 +1.9999869364308791e+00 +1.9013776951103034e-03 +9.9983543099490280e-01 +1.0000004330321017e+00 +1.0000004495324044e+00 +9.9999925798693656e-01 +9.9999898074482407e-01 +4.2527760632362584e-05 +3.8492310029632151e-05 +3.5715674333107229e-05 +2.3677353372575010e-05 +2.5034593863494209e-05
 47.00000000 +5.0000000000000000e+00 +1.9999874480428537e+00 +1.9024959438305677e-03 +9.9983207743696789e-01 +1.0000003523165439e+00 +1.0000001638133809e+00 +9.9999920438318290e-01 +9.9999911597519708e-01 +4.4109078619839074e-05 +3.9977292437978808e-05 +3.3206011974296392e-05 +2.7323632005764850e-05 +2.4470055246327269e-05
 47.50000000 +5.0000000000000000e+00 +1.9999879595907666e+00 +1.9036140525289739e-03 +9.9982872429894953e-01 +1.0000002716110930e+00 +9.9999987813013347e-01 +9.9999915078614077e-01 +9.9999925118863686e-01 +4.5690198602096477e-05 +4.1462088903795604e-05 +3.0696663863631140e-05 +3.0969454069052026e-05 +2.3905587318037238e-05
 48.00000000 +5.0000000000000000e+00 +1.9999884710746298e+00 +1.9047320212318198e-03 +9.9982537158076934e-01 +1.0000001909157470e+00 +9.9999959248265602e-01 +9.9999909719580982e-01 +9.9999938638514707e-01 +4.7271120616322399e-05 +4.2946699462004638e-05 +2.8187629942092199e-05 +3.4614819648185503e-05 +2.3341190065347964e-05
 48.50000000 +5.0000000000000000e+00 +1.9999889824944550e+00 +1.9058498499653963e-03 +9.9982201928234793e-01 +1.0000001102305041e+00 +9.9999930687094152e-01 +9.9999904361218794e-01 +9.9999952156473049e-01 +4.8851844699695109e-05 +4.4431124147519239e-05 +2.5678910150674991e-05 +3.8259728828892719e-05 +2.2776863474986587e-05
 49.00000000 +5.0000000000000000e+00 +1.9999893481531916e+00 +1.9049798086965620e-03 +9.9982542599788971e-01 +1.0000000262096140e+00 +9.9999913372055160e-01 +9.9999922985229728e-01 +9.9999938805541855e-01 +4.5222142474183732e-05 +4.4748722883053146e-05 +2.8681898908497976e-05 +3.5617405388055720e-05 +2.2526022010301141e-05
 49.50000000 +5.0000000000000000e+00 +1.9999897137842977e+00 +1.9041098331714947e-03 +9.9982883245600651e-01 +9.9999994219507315e-01 +9.9999896058324578e-01 +9.9999941607833320e-01 +9.9999925455619543e-01 +4.1592714523359517e-05 +4.5066297619567715e-05 +3.1684660748587494e-05 +3.2975281611651243e-05 +2.2275199500191021e-05
 50.00000000 +5.0000000000000000e+00 +1.9999900793877756e+00 +1.9032399233827426e-03 +9.9983223865672766e-01 +9.9999985818688031e-01 +9.9999878745902226e-01 +9.9999960229029805e-01 +9.9999912106705935e-01 +3.7963560816135734e-05 +4.5383848359783067e-05 +3.4687195696662795e-05 +3.0333357477049019e-05 +2.2024395942507891e-05
 50.50000000 +5.0000000000000000e+00 +1.9999904449636299e+00 +1.9023700793228552e-03 +9.9983564460008212e-01 +9.9999977418503527e-01 +9.9999861434787973e-01 +9.9999978848819282e-01 +9.9999898758800954e-01 +3.4334681321430318e-05 +4.5701375106418855e-05 +3.7689503778439224e-05 +2.7691632961622151e-05 +2.1773611335103725e-05
 51.00000000 +5.0000000000000000e+00 +1.9999908105118629e+00 +1.9015003009843839e-03 +9.9983905028609921e-01 +9.9999969018953672e-01 +9.9999844124981674e-01 +9.9999997467201940e-01 +9.9999885411904477e-01 +3.0706076008165921e-05 +4.6018877862194367e-05 +4.0691585019628234e-05 +2.5050108042747182e-05 +2.1522845675830834e-05
 51.50000000 +5.0000000000000000e+00 +1.9999908380170732e+00 +1.8966548855949175e-03 +9.9985043507567728e-01 +9.9999982380342323e-01 +9.9999881368318955e-01 +9.9999947069075334e-01 +9.9999860043791500e-01 +3.3136222306903005e-05 +4.0328482782473542e-05 +3.3090994769503502e-05 +2.4377336963965232e-05 +2.1923279099510396e-05
 52.00000000 +5.0000000000000000e+00 +1.9999908655234193e+00 +1.8918092701714184e-03 +9.9986182033525550e-01 +9.9999995742282566e-01 +9.9999918613193739e-01 +9.9999896668868149e-01 +9.9999834674631249e-01 +3.5566468929745516e-05 +3.4637852785292727e-05 +2.5490090743036178e-05 +2.3704538111070801e-05 +2.2323729054344906e-05
 52.50000000 +5.0000000000000000e+00 +1.9999908930309007e+00 +1.8869634547014991e-03 +9.9987320606486274e-01 +1.0000000910477445e+00 +9.9999955859606160e-01 +9.9999846266580228e-01 +9.9999809304423659e-01 +3.7996815882906124e-05 +2.8946987856104433e-05 +1.7888872920795369e-05 +2.3031711482343957e-05 +2.2724195541358074e-05
 53.00000000 +5.0000000000000000e+00 +1.9999909205395179e+00 +1.8821174391727713e-03 +9.9988459226452842e-01 +1.0000002246781798e+00 +9.9999993107556262e-01 +9.9999795862211471e-01 +9.9999783933168696e-01 +4.0427263172598010e-05 +2.3255887980359941e-05 +1.0287341283348534e-05 +2.2358857076064608e-05 +2.3124678561573688e-05
 53.50000000 +5.0000000000000000e+00 +1.9999909480492708e+00 +1.8772712235728458e-03 +9.9989597893428128e-01 +1.0000003583141324e+00 +1.0000003035704421e+00 +9.9999745455761724e-01 +9.9999758560866225e-01 +4.2857810805034881e-05 +1.7564553143509366e-05 +2.6854958112615601e-06 +2.1685974890512545e-05 +2.3525178116015639e-05
 54.00000000 +5.0000000000000000e+00 +1.9999894264696085e+00 +1.8780095019120657e-03 +9.9989415946194715e-01 +1.0000002649608950e+00 +1.0000003437170286e+00 +9.9999799359562558e-01 +9.9999778694153540e-01 +3.6864285739113080e-05 +1.9574999508928425e-05 +9.0689670688342058e-06 +1.9748151718898337e-05 +2.4194910176304194e-05
 54.50000000 +5.0000000000000000e+00 +1.9999879050160625e+00 +1.8787477190588086e-03 +9.9989234014042072e-01 +1.0000001716153952e+00 +1.0000003838602876e+00 +9.9999853258895544e-01 +9.9999798825772057e-01 +3.0871257448761457e-05 +2.1585279237747397e-05 +1.5451909230000516e-05 +1.7810489164483595e-05 +2.4864586725600058e-05
 55.00000000 +5.0000000000000000e+00 +1.9999863836886178e+00 +1.8794858750206822e-03 +9.9989052096968323e-01 +1.0000000782776322e+00 +1.0000004240002194e+00 +9.9999907153761269e-01 +9.9999818955722064e-01 +2.4878725872219419e-05 +2.3595392350683037e-05 +2.1834322360539288e-05 +1.5872987207299909e-05 +2.5534207770804521e-05
 55.50000000 +5.0000000000000000e+00 +1.9999848624872587e+00 +1.8802239698052937e-03 +9.9988870194971580e-01 +9.9999998494760467e-01 +1.0000004641368245e+00 +9.9999961044160268e-01 +9.9999839084003717e-01 +1.8886690947736629e-05 +2.5605338868448658e-05 +2.8216206526218435e-05 +1.3935645827382197e-05 +2.6203773318817734e-05
 56.00000000 +5.0000000000000000e+00 +1.9999833414119690e+00 +1.8809620034202473e-03 +9.9988688308049978e-01 +9.9999989162531200e-01 +1.0000005042701032e+00 +1.0000001493009310e+00 +9.9999859210617237e-01 +1.2895152613572974e-05 +2.7615118811754132e-05 +3.4597561792794943e-05 +1.1998465004768682e-05 +2.6873283376538684e-05
 56.50000000 +5.0000000000000000e+00 +1.9999829808823009e+00 +1.8880638936724895e-03 +9.9986915509324670e-01 +9.9999949240833375e-01 +1.0000002568415114e+00 +9.9999960174310620e-01 +9.9999883435658588e-01 +1.7492330201518649e-05 +2.6554499339759557e-05 +3.7503238820157955e-05 +2.1299886632450443e-05 +2.9809574168654315e-05
 57.00000000 +5.0000000000000000e+00 +1.9999826204138218e+00 +1.8951645785798981e-03 +9.9985143011481759e-01 +9.9999909325911129e-01 +1.0000000094549137e+00 +9.9999905427821345e-01 +9.9999907656588427e-01 +2.2088727548703747e-05 +2.5494059877896780e-05 +4.0408422691098259e-05 +3.0599729607111641e-05 +3.2745366608527267e-05
 57.50000000 +5.0000000000000000e+00 +1.9999822600065180e+00 +1.9022640584493084e-03 +9.9983370814444683e-01 +9.9999869417762766e-01 +9.9999976211029939e-01 +9.9999850690623027e-01 +9.9999931873407810e-01 +2.6684344853747088e-05 +2.4433800380342255e-05 +4.3313113531154228e-05 +3.9897994330615682e-05 +3.5680660823018570e-05
 58.00000000 +5.0000000000000000e+00 +1.9999818996603715e+00 +1.9093623335874482e-03 +9.9981598918136827e-01 +9.9999829516386496e-01 +9.9999951480765770e-01 +9.9999795962713167e-01 +9.9999956086117758e-01 +3.1279182315200070e-05 +2.3373720801287989e-05 +4.6217311465821587e-05 +4.9194681204689557e-05 +3.8615456938946162e-05
 58.50000000 +5.0000000000000000e+00 +1.9999815393753688e+00 +1.9164594043009442e-03 +9.9979827322481662e-01 +9.9999789621780644e-01 +9.9999926754697777e-01 +9.9999741244089457e-01 +9.9999980294719337e-01 +3.5873240131546741e-05 +2.2313821094941525e-05 +4.9121016620553525e-05 +5.8489790630923952e-05 +4.1549755083084977e-05
 59.00000000 +5.0000000000000000e+00 +1.9999807465807791e+00 +1.9115281054325115e-03 +9.9981089150436220e-01 +9.9999865313060643e-01 +9.9999973544495779e-01 +9.9999735890544339e-01 +9.9999995204009962e-01 +3.4775238413529836e-05 +2.2742185912512514e-05 +4.7177128701075390e-05 +4.9313174145289593e-05 +3.9401249760987822e-05
 59.50000000 +5.0000000000000000e+00 +1.9999799537984322e+00 +1.9065968827159513e-03 +9.9982350958904875e-01 +9.9999941003171788e-01 +1.0000002033357118e+00 +9.9999730537081899e-01 +1.0000001011307036e+00 +3.3677253651469033e-05 +2.3170544115034611e-05 +4.5233270800200757e-05 +4.0136699370094948e-05 +3.7252777617310443e-05
 60.00000000 +5.0000000000000000e+00 +1.9999791610283277e+00 +1.9016657361494997e-03 +9.9983612747888162e-01 +1.0000001669211407e+00 +1.0000006712192409e+00 +9.9999725183702159e-01 +1.0000002502190053e+00 +3.2579285844971575e-05 +2.3598895702661055e-05 +4.3289442917234300e-05 +3.0960366302057481e-05 +3.5104338651284310e-05
 60.50000000 +5.0000000000000000e+00 +1.9999783682704650e+00 +1.8967346657313934e-03 +9.9984874517386513e-01 +1.0000009237988754e+00 +1.0000011390955448e+00 +9.9999719830405054e-01 +1.0000003993050046e+00 +3.1481334993644700e-05 +2.4027240675545064e-05 +4.1345645051480680e-05 +2.1784174937894760e-05 +3.2955932862140913e-05
 61.00000000 +5.0000000000000000e+00 +1.9999775755248446e+00 +1.8918036714598680e-03 +9.9986136267400350e-01 +1.0000016806649223e+00 +1.0000016069646234e+00 +9.9999714477190638e-01 +1.0000005483887018e+00 +3.0383401097095665e-05 +2.4455579033839863e-05 +3.9401877202244617e-05 +1.2608125274324455e-05 +3.0807560249111770e-05
 61.50000000 +5.0000000000000000e+00 +1.9999762632007496e+00 +1.8923136296124681e-03 +9.9986030839371409e-01 +1.0000013575949369e+00 +1.0000013189781414e+00 +9.9999741417208443e-01 +1.0000002332532156e+00 +2.9340907558815843e-05 +2.8184124073729582e-05 +3.9058444279697237e-05 +1.2666860786657938e-05 +3.0117277113887704e-05
 62.00000000 +5.0000000000000000e+00 +1.9999749508826814e+00 +1.8928235854229565e-03 +9.9985925411826682e-01 +1.0000010345264352e+00 +1.0000010309929819e+00 +9.9999768357102492e-01 +9.9999991811917666e-01 +2.8298418808449471e-05 +3.1912651989339540e-05 +3.8715012934451827e-05 +1.2725596029233824e-05 +2.9426997148962331e-05
 62.50000000 +5.0000000000000000e+00 +1.9999736385706404e+00 +1.8933335388913507e-03 +9.9985819984766133e-01 +1.0000007114594169e+00 +1.0000007430091451e+00 +9.9999795296872840e-01 +9.9999960298658497e-01 +2.7255934845963572e-05 +3.5641162780787730e-05 +3.8371583166497516e-05 +1.2784331002053972e-05 +2.8736720354313824e-05
 63.00000000 +5.0000000000000000e+00 +1.9999723262646267e+00 +1.8938434900176663e-03 +9.9985714558189809e-01 +1.0000003883938831e+00 +1.0000004550266310e+00 +9.9999822236519453e-01 +9.9999928785544079e-01 +2.6213455671325177e-05 +3.9369656448192105e-05 +3.8028154975823450e-05 +1.2843065705120246e-05 +2.8046446729920351e-05
 63.50000000 +5.0000000000000000e+00 +1.9999710139646398e+00 +1.8943534388019189e-03 +9.9985609132097675e-01 +1.0000000653298324e+00 +1.0000001670454393e+00 +9.9999849176042321e-01 +9.9999897272574378e-01 +2.5170981284501282e-05 +4.3098132991670647e-05 +3.7684728362418752e-05 +1.2901800138434495e-05 +2.7356176275760055e-05
 64.00000000 +5.0000000000000000e+00 +1.9999706655279805e+00 +1.8955698384053358e-03 +9.9985294857278673e-01 +9.9999970088872803e-01 +9.9999967065337458e-01 +9.9999857638173384e-01 +9.9999803204937954e-01 +3.0202470421228332e-05 +4.6887696291576344e-05 +3.4679526915325694e-05 +1.1049500871993163e-05 +2.8252259435844840e-05
 64.50000000 +5.0000000000000000e+00 +1.9999703170533132e+00 +1.8967863706970960e-03 +9.9984980548177693e-01 +9.9999933640786953e-01 +9.9999917420716200e-01 +9.9999866101227486e-01 +9.9999709127040393e-01 +3.5234508407160841e-05 +5.0677672967870174e-05 +3.1673997652275645e-05 +9.1969995514575011e-06 +2.9148440343240030e-05
 65.00000000 +5.0000000000000000e+00 +1.9999699685406298e+00 +1.8980030356989105e-03 +9.9984666204789074e-01 +9.9999897188724973e-01 +9.9999867770679240e-01 +9.9999874565204827e-01 +9.9999615038879930e-01 +4.0267095332108743e-05 +5.4468063088194188e-05 +2.8668140519627012e-05 +7.3442961437647482e-06 +3.0044719013940315e-05
 65.50000000 +5.0000000000000000e+00 +1.9999696199899264e+00 +1.8992198334324974e-03 +9.9984351827107232e-01 +9.9999860732686285e-01 +9.9999818115225736e-01 +9.9999883030105530e-01 +9.9999520940454967e-01 +4.5300231285901628e-05 +5.8258866720205307e-05 +2.5661955463726526e-05 +5.4913906158449306e-06 +3.0941095463943920e-05
 66.00000000 +5.0000000000000000e+00 +1.9999692714011956e+00 +1.9004367639195781e-03 +9.9984037415126592e-01 +9.9999824272670224e-01 +9.9999768454354798e-01 +9.9999891495929760e-01 +9.9999426831763805e-01 +5.0333916358388625e-05 +6.2050083931575127e-05 +2.2655442430909206e-05 +3.6382829346208630e-06 +3.1837569709252505e-05
 66.50000000 +5.0000000000000000e+00 +1.9999671309422631e+00 +1.8952551928772177e-03 +9.9985226238754954e-01 +9.9999871199697243e-01 +9.9999789027729136e-01 +9.9999918766191165e-01 +9.9999527974658331e-01 +4.5315146908239136e-05 +4.9632753357343476e-05 +2.4319387415901309e-05 +6.2955780847809907e-06 +3.1105060240276480e-05
 67.00000000 +5.0000000000000000e+00 +1.9999649903943379e+00 +1.8900734064037743e-03 +9.9986415111810334e-01 +9.9999918128675314e-01 +9.9999809601958844e-01 +9.9999946037586385e-01 +9.9999629121758027e-01 +4.0296168795711100e-05 +3.7214906515178318e-05 +2.5983401581739791e-05 +8.9529837157137523e-06 +3.0372520316191964e-05
 67.50000000 +5.0000000000000000e+00 +1.9999628497574147e+00 +1.8848914044858121e-03 +9.9987604034295785e-01 +9.9999965059604545e-01 +9.9999830177043969e-01 +9.9999973310115453e-01 +9.9999730273063159e-01 +3.5276982007791109e-05 +2.4796543372882145e-05 +2.7647484932739165e-05 +1.1610499834309376e-05 +2.9639949935099598e-05
 68.00000000 +5.0000000000000000e+00 +1.9999607090314879e+00 +1.8797091871098951e-03 +9.9988793006214449e-01 +1.0000001199248512e+00 +9.9999850752984587e-01 +1.0000000058377847e+00 +9.9999831428573960e-01 +3.0257586531464661e-05 +1.2377663898254763e-05 +2.9311637473214340e-05 +1.4268126447458677e-05 +2.8907349095099863e-05
 68.50000000 +5.0000000000000000e+00 +1.9999585682165517e+00 +1.8745267542625847e-03 +9.9989982027569324e-01 +1.0000005892731707e+00 +9.9999871329780698e-01 +1.0000002785857549e+00 +9.9999932588290685e-01 +2.5237982353716170e-05 -4.1731940906697055e-08 +3.0975859207480535e-05 +1.6925863562053024e-05 +2.8174717794293077e-05
 69.00000000 +5.0000000000000000e+00 +1.9999596152743726e+00 +1.8819170429343957e-03 +9.9988241426700364e-01 +1.0000003958078967e+00 +9.9999923719122152e-01 +1.0000003955674865e+00 +1.0000003508753117e+00 +3.7069327981341488e-05 +6.5835947734174631e-06 +2.9845523253289855e-05 +1.3523329528928974e-05 +3.0184517071391212e-05
 69.50000000 +5.0000000000000000e+00 +1.9999606622761592e+00 +1.8893069361131647e-03 +9.9986500918980037e-01 +1.0000002023529753e+00 +9.9999976105659971e-01 +1.0000005125429574e+00 +1.0000013758128630e+00 +4.8900040451715297e-05 +1.3208566931820025e-05 +2.8715247789294317e-05 +1.0120977583216136e-05 +3.2194208793607041e-05
 70.00000000 +5.0000000000000000e+00 +1.9999617092219175e+00 +1.8966964338306405e-03 +9.9984760504400949e-01 +1.0000000089084073e+00 +1.0000002848939440e+00 +1.0000006295121693e+00 +1.0000024006955668e+00 +6.0730119815661600e-05 +1.9833184562761444e-05 +2.7585032810638373e-05 +6.7188077102982371e-06 +3.4203792969574096e-05
 70.50000000 +5.0000000000000000e+00 +1.9999627561116506e+00 +1.9040855361185636e-03 +9.9983020182955518e-01 +9.9999981547419037e-01 +1.0000008087032564e+00 +1.0000007464751213e+00 +1.0000034255234262e+00 +7.2559566123998911e-05 +2.6457447694699127e-05 +2.6454878312466910e-05 +3.3168198955605440e-06 +3.6213269607924934e-05
 71.00000000 +5.0000000000000000e+00 +1.9999638029453641e+00 +1.9114742430086751e-03 +9.9981279954636371e-01 +9.9999962205032467e-01 +1.0000013324845392e+00 +1.0000008634318147e+00 +1.0000044502964462e+00 +8.4388379427540337e-05 +3.3081356356087438e-05 +2.5324784289925400e-05 -8.4985875610090952e-08 +3.8222638717291237e-05
 71.50000000 +5.0000000000000000e+00 +1.9999639397870044e+00 +1.9048748588503671e-03 +9.9982924983567301e-01 +1.0000003752134896e+00 +1.0000006905439498e+00 +1.0000001305089152e+00 +1.0000027211825446e+00 +7.4272572038896120e-05 +3.1319900131739331e-05 +2.2657453202824468e-05 -2.9759499878556226e-06 +4.1558727518232483e-05
 72.00000000 +5.0000000000000000e+00 +1.9999640766494500e+00 +1.8982744713412305e-03 +9.9984570262603578e-01 +1.0000011284911632e+00 +1.0000000485057621e+00 +9.9999939747458455e-01 +1.0000009918057540e+00 +6.4155226672845517e-05 +2.9558176100801869e-05 +1.9989716582601990e-05 -5.8673536337257579e-06 +4.4895323528238145e-05
 72.50000000 +5.0000000000000000e+00 +1.9999642135327047e+00 +1.8916730802524273e-03 +9.9986215791802213e-01 +1.0000018818833716e+00 +9.9999940636995333e-01 +9.9999866432879714e-01 +9.9999926216601387e-01 +5.4036342978617575e-05 +2.7796184202195621e-05 +1.7321574336766848e-05 -8.7591969134662053e-06 +4.8232426862988893e-05
 73.00000000 +5.0000000000000000e+00 +1.9999643504367741e+00 +1.8850706853550505e-03 +9.9987861571220271e-01 +1.0000026353901408e+00 +9.9999876413650091e-01 +9.9999793107152712e-01 +9.9999753226326416e-01 +4.3915920605334622e-05 +2.6033924374822576e-05 +1.4653026372799789e-05 -1.1651479927353152e-05 +5.1570037638200522e-05
 73.50000000 +5.0000000000000000e+00 +1.9999644873616633e+00 +1.8784672864201250e-03 +9.9989507600914873e-01 +1.0000033890114974e+00 +9.9999812180538339e-01 +9.9999719770274964e-01 +9.9999580209744543e-01 +3.3793959202012340e-05 +2.4271396557566175e-05 +1.1984072598153454e-05 -1.4544202775693299e-05 +5.4908155969624074e-05
 74.00000000 +5.0000000000000000e+00 +1.9999652302277309e+00 +1.8679869234720270e-03 +9.9992184058182454e-01 +1.0000010520483245e+00 +9.9999833339917821e-01 +9.9999748466184857e-01 +9.9999596778004818e-01 +2.6305172269870606e-05 +2.4123350211809320e-05 +4.3334660436480165e-07 -1.0292792871871003e-05 +4.4752462618171657e-05
 74.50000000 +5.0000000000000000e+00 +1.9999659731723523e+00 +1.8575054522816188e-03 +9.9994860798471075e-01 +9.9999871483803027e-01 +9.9999854501534824e-01 +9.9999777165129189e-01 +9.9999613348017069e-01 +1.8815593438577059e-05 +2.3975288210943477e-05 -1.1118600816899363e-05 -6.0409334041971373e-06 +3.4595695356481993e-05
 75.00000000 +5.0000000000000000e+00 +1.9999667161955412e+00 +1.8470228726731059e-03 +9.9997537821825644e-01 +9.9999637738057578e-01 +9.9999875665389670e-01 +9.9999805867108471e-01 +9.9999629919781652e-01 +1.1325222582516433e-05 +2.3827210552485350e-05 -2.2671769859388414e-05 -1.7886243013594741e-06 +2.4437854014205687e-05
 75.50000000 +5.0000000000000000e+00 +1.9999674592973080e+00 +1.8365391844706548e-03 +1.0000021512829103e+00 +9.9999403967592115e-01 +9.9999896831482715e-01 +9.9999834572123125e-01 +9.9999646493298766e-01 +3.8340595760468453e-06 +2.3679117233951101e-05 -3.4226160716892716e-05 +2.4641345079693019e-06 +1.4278938420957294e-05
 76.00000000 +5.0000000000000000e+00 +1.9999682024776670e+00 +1.8260543874983957e-03 +1.0000289271791216e+00 +9.9999170172402763e-01 +9.9999917999814292e-01 +9.9999863280173662e-01 +9.9999663068568700e-01 -3.6578957065001205e-06 +2.3531008252856398e-05 -4.5781773583243600e-05 +6.7173430951315859e-06 +4.1189484063153623e-06
 76.50000000 +5.0000000000000000e+00 +1.9999628249957317e+00 +1.8480003342695526e-03 +9.9997170238038913e-01 +9.9999400902156521e-01 +9.9999928136321969e-01 +9.9999918693010903e-01 +9.9999759982135761e-01 +7.7568662249772351e-06 +3.1997964211082646e-05 -3.0077240858235398e-05 +1.1359987904331451e-05 +1.7182925612367470e-05
 77.00000000 +5.0000000000000000e+00 +1.9999574482893527e+00 +1.8699431159283520e-03 +9.9991448583479370e-01 +9.9999631598633676e-01 +9.9999938271367661e-01 +9.9999974097856292e-01 +9.9999856881725591e-01 +1.9169981884164858e-05 +4.0463699038718859e-05 -1.4374973089535823e-05 +1.6001963136929865e-05 +3.0245018691199307e-05
 77.50000000 +5.0000000000000000e+00 +1.9999520723583633e+00 +1.8918827331594686e-03 +9.9985727754055076e-01 +9.9999862261841466e-01 +9.9999948404951799e-01 +1.0000002949471165e+00 +9.9999953767341310e-01 +3.0581451627182799e-05 +4.8928212999918847e-05 +1.3250302128082805e-06 +2.0643268937768992e-05 +4.3305228050383468e-05
 78.00000000 +5.0000000000000000e+00 +1.9999466972025957e+00 +1.9138191866473792e-03 +9.9980007749587518e-01 +1.0000009289178715e+00 +9.9999958537074651e-01 +1.0000008488357863e+00 +1.0000005063898589e+00 +4.1991275810048396e-05 +5.7391506358760240e-05 +1.7022769538608808e-05 +2.5283905451649240e-05 +5.6363554097375020e-05
 78.50000000 +5.0000000000000000e+00 +1.9999413228218819e+00 +1.9357524770763621e-03 +9.9974288569898284e-01 +1.0000032348847780e+00 +9.9999968667736516e-01 +1.0000014026445898e+00 +1.0000014749666235e+00 +5.3399454788676311e-05 +6.5853579379244472e-05 +3.2718245377536358e-05 +2.9923872823329238e-05 +6.9419997239511476e-05
 79.00000000 +5.0000000000000000e+00 +1.9999437041932286e+00 +1.9275845451637993e-03 +9.9976295114699210e-01 +1.0000024207646925e+00 +9.9999952359051514e-01 +1.0000003607032877e+00 +1.0000000730231204e+00 +4.0227477916123688e-05 +6.2928422493499039e-05 +2.4127116563283759e-05 +3.0775725212820043e-05 +7.6612046329519693e-05
 79.50000000 +5.0000000000000000e+00 +1.9999460856790912e+00 +1.9194162204724571e-03 +9.9978301755990706e-01 +1.0000016066054580e+00 +9.9999936049582261e-01 +9.9999931871188097e-01 +9.9999867101220075e-01 +2.7054867630725151e-05 +6.0003124943070905e-05 +1.5535574619597018e-05 +3.1627618566112381e-05 +8.3804441270141384e-05
 80.00000000 +5.0000000000000000e+00 +1.9999484672794763e+00 +1.9112475029740028e-03 +9.9980308493779657e-01 +1.0000007924070708e+00 +9.9999919739328713e-01 +9.9999827667036567e-01 +9.9999726893385965e-01 +1.3881623886790335e-05 +5.7077686717813361e-05 +6.9436195166756155e-06 +3.2479552886161094e-05 +9.0997182086323988e-05
 80.50000000 +5.0000000000000000e+00 +1.9999508489943940e+00 +1.9030783926401015e-03 +9.9982315328073124e-01 +9.9999997816952912e-01 +9.9999903428290793e-01 +9.9999723457873868e-01 +9.9999586678809260e-01 +7.0774663862450384e-07 +5.4152107807578815e-05 -1.6487487752838278e-06 +3.3331528175921365e-05 +9.8190268803017409e-05
 81.00000000 +5.0000000000000000e+00 +1.9999532308238508e+00 +1.8949088894424147e-03 +9.9984322258878000e-01 +9.9999916389282939e-01 +9.9999887116468444e-01 +9.9999619243699589e-01 +9.9999446457489405e-01 -1.2466764159471478e-05 +5.1226388202218649e-05 -1.0241530286087549e-05 +3.4183544438348620e-05 +1.0538370144517383e-04
 81.50000000 +5.0000000000000000e+00 +1.9999557971233615e+00 +1.8928874565109486e-03 +9.9985141631377450e-01 +1.0000003794048609e+00 +9.9999649351853481e-01 +9.9999588533131589e-01 +9.9999447353163862e-01 -8.6094266095929141e-06 +3.2210740793495365e-05 +2.0609734870669330e-05 +3.7675994440888957e-05 +7.9464851724104748e-05
 82.00000000 +5.0000000000000000e+00 +1.9999583635721723e+00 +1.8908659059787892e-03 +9.9985961051545469e-01 +1.0000015949876075e+00 +9.9999411573406127e-01 +9.9999557820776963e-01 +9.9999448248890455e-01 -4.7518646517879879e-06 +1.3193987113426035e-05 +5.1462794858277833e-05 +4.1168647623330698e-05 +5.3544494124805039e-05
 82.50000000 +5.0000000000000000e+00 +1.9999609301702947e+00 +1.8888442378356726e-03 +9.9986780519386176e-01 +1.0000028106410748e+00 +9.9999173781125150e-01 +9.9999527106635533e-01 +9.9999449144669150e-01 -8.9407826647308800e-07 -5.8238729345313138e-06 +8.2317649833369018e-05 +4.4661504003404893e-05 +2.7622628515685349e-05
 83.00000000 +5.0000000000000000e+00 +1.9999634969177427e+00 +1.8868224520713350e-03 +9.9987600034903756e-01 +1.0000040263652692e+00 +9.9998935975009340e-01 +9.9999496390707099e-01 +9.9999450040499949e-01 +2.9639325659376655e-06 -2.4842839446929879e-05 +1.1317429995259222e-04 +4.8154563598844698e-05 +1.6992547651410078e-06
 83.50000000 +5.0000000000000000e+00 +1.9999660638145291e+00 +1.8848005486755122e-03 +9.9988419598102363e-01 +1.0000052421601968e+00 +9.9998698155057497e-01 +9.9999465672991594e-01 +9.9999450936382861e-01 +6.8221678650324349e-06 -4.3862912520334063e-05 +1.4403274537261497e-04 +5.1647826427385329e-05 -2.4225627258447914e-05
 84.00000000 +5.0000000000000000e+00 +1.9999661145127214e+00 +1.8874581341264422e-03 +9.9987806397257106e-01 +1.0000054069102333e+00 +9.9999073419930262e-01 +9.9999515814777218e-01 +9.9999541866202279e-01 +2.1807605984984546e-05 -3.1602575630032681e-05 +1.1812941154212837e-04 +5.0360569078837201e-05 -2.3476915653099085e-05
 84.50000000 +5.0000000000000000e+00 +1.9999661652008489e+00 +1.8901151919646392e-03 +9.9987193318151146e-01 +1.0000055716275620e+00 +9.9999448610301400e-01 +9.9999565946608149e-01 +9.9999632777969338e-01 +3.6790069032974519e-05 -1.9344672794994599e-05 +9.2231220322861292e-05 +4.9073567290601365e-05 -2.2728352690111396e-05
 85.00000000 +5.0000000000000000e+00 +1.9999662158789138e+00 +1.8927717223472091e-03 +9.9986580360748245e-01 +1.0000057363121926e+00 +9.9999823726193038e-01 +9.9999616068487351e-01 +9.9999723671689378e-01 +5.1769557894879821e-05 -7.0892032904391346e-06 +6.6338170183515203e-05 +4.7786820986580469e-05 -2.1979938325224087e-05
 85.50000000 +5.0000000000000000e+00 +1.9999662665469200e+00 +1.8954277254311944e-03 +9.9985967525012143e-01 +1.0000059009641347e+00 +1.0000019876762740e+00 +9.9999666180417801e-01 +9.9999814547367816e-01 +6.6746073456226251e-05 +5.1638336081266996e-06 +4.0450259593399369e-05 +4.6500330090707337e-05 -2.1231672514193989e-05
 86.00000000 +5.0000000000000000e+00 +1.9999663172048696e+00 +1.8980832013735756e-03 +9.9985354810906613e-01 +1.0000060655833978e+00 +1.0000057373462661e+00 +9.9999716282402418e-01 +9.9999905405009970e-01 +8.1719616602188058e-05 +1.7414438624908265e-05 +1.4567487022430798e-05 +4.5214094526945026e-05 -2.0483555212795471e-05
 86.50000000 +5.0000000000000000e+00 +1.9999658236460558e+00 +1.9057809054943394e-03 +9.9983242033751552e-01 +1.0000052183272952e+00 +1.0000039152770805e+00 +9.9999754345549241e-01 +9.9999801615026773e-01 +7.9253482331087757e-05 +2.9698566812055648e-05 +2.1850811178795541e-05 +4.3423432515275935e-05 -1.1339845386334024e-05
 87.00000000 +5.0000000000000000e+00 +1.9999653301250384e+00 +1.9134780201398331e-03 +9.9981129418388892e-01 +1.0000043711360742e+00 +1.0000020933474258e+00 +9.9999792405781285e-01 +9.9999697832991630e-01 +7.6787536911772822e-05 +4.1981754304462014e-05 +2.9133577592304904e-05 +4.1632907629035010e-05 -2.1968357674588315e-06
 87.50000000 +5.0000000000000000e+00 +1.9999648366418117e+00 +1.9211745453777648e-03 +9.9979016964800016e-01 +1.0000035240097263e+00 +1.0000002715572855e+00 +9.9999830463098849e-01 +9.9999594058903607e-01 +7.4321780322551186e-05 +5.4264001210178097e-05 +3.6415786327022717e-05 +3.9842519852471646e-05 +6.9454737242578315e-06
 88.00000000 +5.0000000000000000e+00 +1.9999643431963721e+00 +1.9288704812758331e-03 +9.9976904672966327e-01 +1.0000026769482451e+00 +9.9999844990664344e-01 +9.9999868517502266e-01 +9.9999490292761772e-01 +7.1856212541734142e-05 +6.6545307637238066e-05 +4.3697437447003031e-05 +3.8052269169837678e-05 +1.6087083169231390e-05
 88.50000000 +5.0000000000000000e+00 +1.9999638497887156e+00 +1.9365658279017262e-03 +9.9974792542869295e-01 +1.0000018299516229e+00 +9.9999662839548387e-01 +9.9999906568991892e-01 +9.9999386534565238e-01 +6.9390833547636348e-05 +7.8825673693659580e-05 +5.0978531016290068e-05 +3.6262155565387320e-05 +2.5227992647864928e-05
 89.00000000 +5.0000000000000000e+00 +1.9999630590174691e+00 +1.9217158480668945e-03 +9.9978577638168842e-01 +1.0000000093738330e+00 +9.9999574061328134e-01 +1.0000010493370630e+00 +9.9999518641418395e-01 +5.6170304594467906e-05 +7.8393951466623418e-05 +3.6989445820155154e-05 +3.3593489126478105e-05 +1.7090684223733739e-05
 89.50000000 +5.0000000000000000e+00 +1.9999622680840679e+00 +1.9068628231023392e-03 +9.9982363509638239e-01 +9.9999818842271659e-01 +9.9999485264903076e-01 +1.0000030333909729e+00 +9.9999650775361326e-01 +4.2947064645989368e-05 +7.7962140710835016e-05 +2.2997492028936529e-05 +3.0924275452112153e-05 +8.9517071670498831e-06
 90.00000000 +5.0000000000000000e+00 +1.9999614769884615e+00 +1.8920067520713138e-03 +9.9986150157516196e-01 +9.9999636709815831e-01 +9.9999396450267608e-01 +1.0000050178517739e+00 +9.9999782936402359e-01 +2.9721112868242136e-05 +7.7530241399061003e-05 +9.0026687601945977e-06 +2.8254514373948434e-05 +8.1106096450725660e-07
 90.50000000 +5.0000000000000000e+00 +1.9999606857306000e+00 +1.8771476340366893e-03 +9.9989937582041633e-01 +9.9999454540004373e-01 +9.9999307617416111e-01 +1.0000070027195906e+00 +9.9999915124549854e-01 +1.6492448426925500e-05 +7.7098253504056979e-05 -4.9950248688721886e-06 +2.5584205723576877e-05 -7.3312548974108277e-06
 91.00000000 +5.0000000000000000e+00 +1.9999598943104340e+00 +1.8622854680609515e-03 +9.9993725783453480e-01 +9.9999272332825739e-01 +9.9999218766342990e-01 +1.0000089879945488e+00 +1.0000004733981209e+00 +3.2610704873965175e-06 +7.6666176998567293e-05 -1.8995589741427530e-05 +2.2913349332518315e-05 -1.5475240932431697e-05
 91.50000000 +5.0000000000000000e+00 +1.9999589591327607e+00 +1.8492933717205470e-03 +9.9996899538235040e-01 +9.9999444853620600e-01 +9.9999784517770751e-01 +1.0000071447163488e+00 +1.0000023447608177e+00 +1.4752329102670885e-05 +4.7477272831515843e-05 -1.7240643078117115e-05 +4.3576251719695397e-06 -2.0125171130042958e-05
 92.00000000 +5.0000000000000000e+00 +1.9999580237555596e+00 +1.8362985034134124e-03 +1.0000007397016233e+00 +9.9999617411224118e-01 +1.0000035038990600e+00 +1.0000053010448704e+00 +1.0000042165227843e+00 +2.6246039469050623e-05 +1.8282140980408875e-05 -1.5485321983026367e-05 -1.4202057999401701e-05 -2.4776093427117261e-05
 92.50000000 +5.0000000000000000e+00 +1.9999570881787669e+00 +1.8233008622523222e-03 +1.0000324907945208e+00 +9.9999790005648126e-01 +1.0000091638278750e+00 +1.0000034569799880e+00 +1.0000060886841489e+00 +3.7742202371270233e-05 -1.0919220548054861e-05 -1.3729626336310508e-05 -3.2765701448760081e-05 -2.9428008141196908e-05
 93.00000000 +5.0000000000000000e+00 +1.9999561524023195e+00 +1.8103004473496709e-03 +1.0000642486632114e+00 +9.9999962636904349e-01 +1.0000148249645380e+00 +1.0000016125215763e+00 +1.0000079612450392e+00 +4.9240818594399184e-05 -4.0126813748027439e-05 -1.1973556018073628e-05 -5.1333306443811141e-05 -3.4080915589959724e-05
 93.50000000 +5.0000000000000000e+00 +1.9999552164261523e+00 +1.7972972578174748e-03 +1.0000960133098640e+00 +1.0000013530500460e+00 +1.0000204873094358e+00 +9.9999976766950815e-01 +1.0000098342055828e+00 +6.0741888923841972e-05 -6.9340640614512023e-05 -1.0217110908368631e-05 -6.9904874252801487e-05 -3.8734816091219137e-05
 94.00000000 +5.0000000000000000e+00 +1.9999559933325286e+00 +1.8047508495850223e-03 +1.0000766858041592e+00 +1.0000013640658516e+00 +1.0000185862586191e+00 +1.0000004706853522e+00 +1.0000081605291278e+00 +5.1427537831941100e-05 -6.7028220047060173e-05 -4.4368225561721354e-06 -5.5667609379824210e-05 -2.9562237200521661e-05
 94.50000000 +5.0000000000000000e+00 +1.9999567702067376e+00 +1.8122041327449316e-03 +1.0000573590986876e+00 +1.0000013750812011e+00 +1.0000166852865129e+00 +1.0000011736720886e+00 +1.0000064869219694e+00 +4.2113572390338430e-05 -6.4715895222797781e-05 +1.3432264696445898e-06 -4.1430933984888874e-05 -2.0390038090202812e-05
 95.00000000 +5.0000000000000000e+00 +1.9999575470487818e+00 +1.8196571073163699e-03 +1.0000380331934007e+00 +1.0000013860960948e+00 +1.0000147843931131e+00 +1.0000018766297196e+00 +1.0000048133841037e+00 +3.2799992575083339e-05 -6.2403666135778799e-05 +7.1230361839447957e-06 -2.7194848031386288e-05 -1.1218218736676538e-05
 95.50000000 +5.0000000000000000e+00 +1.9999583238586629e+00 +1.8271097733185001e-03 +1.0000187080882477e+00 +1.0000013971105322e+00 +1.0000128835784141e+00 +1.0000025795582463e+00 +1.0000031399155256e+00 +2.3486798362227163e-05 -6.0091532780057591e-05 +1.2902606601590513e-05 -1.2959351482710151e-05 -2.0467791163586813e-06
 96.00000000 +5.0000000000000000e+00 +1.9999591006363835e+00 +1.8345621307704859e-03 +9.9999938378317965e-01 +1.0000014081245137e+00 +1.0000109828424115e+00 +1.0000032824576710e+00 +1.0000014665162313e+00 +1.4173989727823238e-05 -5.7779495149689083e-05 +1.8681937737442530e-05 +1.2755556977426938e-06 +7.1242807943329230e-06
 96.50000000 +5.0000000000000000e+00 +1.9999598773819447e+00 +1.8420141796914875e-03 +9.9998006027814645e-01 +1.0000014191380389e+00 +1.0000090821851000e+00 +1.0000039853279954e+00 +9.9999979318621690e-01 +4.8615666479268895e-06 -5.5467553238728656e-05 +2.4461029606360398e-05 +1.5509873546572419e-05 +1.6294961018978504e-05
 97.00000000 +5.0000000000000000e+00 +1.9999606540953487e+00 +1.8494659201006656e-03 +9.9996073757309845e-01 +1.0000014301511084e+00 +1.0000071816064748e+00 +1.0000046881692208e+00 +9.9999811992547727e-01 -4.4504709014045957e-06 -5.3155707041232177e-05 +3.0239882223202478e-05 +2.9743602100376176e-05 +2.5465261581156337e-05
 97.50000000 +5.0000000000000000e+00 +1.9999614307765980e+00 +1.8569173520171776e-03 +9.9994141566798622e-01 +1.0000014411637217e+00 +1.0000052811065314e+00 +1.0000053909813500e+00 +9.9999644673400867e-01 -1.3762122944111932e-05 -5.0843956551256038e-05 +3.6018495602825841e-05 +4.3976741395748065e-05 +3.4635182504442741e-05
 98.00000000 +5.0000000000000000e+00 +1.9999622074256949e+00 +1.8643684754601803e-03 +9.9992209456276016e-01 +1.0000014521758798e+00 +1.0000033806852648e+00 +1.0000060937643840e+00 +9.9999477361180678e-01 -2.3073389504133859e-05 -4.8532301762857123e-05 +4.1796869760086385e-05 +5.8209291469279184e-05 +4.3804723812412102e-05
 98.50000000 +5.0000000000000000e+00 +1.9999629840426401e+00 +1.8718192904488278e-03 +9.9990277425737017e-01 +1.0000014631875813e+00 +1.0000014803426698e+00 +1.0000067965183248e+00 +9.9999310055886714e-01 -3.2384270605407121e-05 -4.6220742670092756e-05 +4.7575004709838718e-05 +7.2441252357557519e-05 +5.2973885528636810e-05
 99.00000000 +5.0000000000000000e+00 +1.9999637606274370e+00 +1.8792697970022745e-03 +9.9988345475176710e-01 +1.0000014741988272e+00 +9.9999958007874201e-01 +1.0000074992431744e+00 +9.9999142757518544e-01 -4.1694766271866520e-05 -4.3909279267020827e-05 +5.3352900466936293e-05 +8.6672624097168164e-05 +6.2142667676687351e-05
 99.50000000 +5.0000000000000000e+00 +1.9999652452468051e+00 +1.8833869931340129e-03 +9.9987318644003798e-01 +1.0000023932032831e+00 +9.9999995070946324e-01 +1.0000069180357585e+00 +9.9999124524912786e-01 -3.0495839386602548e-05 -3.3064857140223836e-05 +5.3337740867427073e-05 +7.5384277145869631e-05 +6.1145035554868089e-05
100.00000000 +5.0000000000000000e+00 +1.9999667298032029e+00 +1.8875040146328586e-03 +9.9986291856384446e-01 +1.0000033121687588e+00 +1.0000003213244641e+00 +1.0000063368529948e+00 +9.9999106293080386e-01 -1.9297387509314491e-05 -2.2220894984909575e-05 +5.3322581910919707e-05 +6.4096408995342982e-05 +6.0147445748104536e-05
100.50000000 +5.0000000000000000e+00 +1.9999682142966340e+00 +1.8916208615099215e-03 +9.9985265112315891e-01 +1.0000042310952570e+00 +1.0000006919237454e+00 +1.0000057556948816e+00 +9.9999088062021269e-01 -8.0994106097814258e-06 -1.1377392771813777e-05 +5.3307423597373279e-05 +5.2809019615125973e-05 +5.9149898253704510e-05
101.00000000 +5.0000000000000000e+00 +1.9999696987271021e+00 +1.8957375337763115e-03 +9.9984238411795345e-01 +1.0000051499827802e+00 +1.0000010625073084e+00 +1.0000051745614180e+00 +9.9999069831735421e-01 +3.0980913422149826e-06 -5.3435047167466707e-07 +5.3292265926746895e-05 +4.1522108974758972e-05 +5.8152393068976078e-05
101.50000000 +5.0000000000000000e+00 +1.9999711830946107e+00 +1.8998540314431370e-03 +9.9983211754819978e-01 +1.0000060688313308e+00 +1.0000014330751539e+00 +1.0000045934526012e+00 +9.9999051602222722e-01 +1.4295118376890506e-05 +1.0308231944767031e-05 +5.3277108898999612e-05 +3.0235677043784959e-05 +5.7154930191227526e-05
102.00000000 +5.0000000000000000e+00 +1.9999726673991653e+00 +1.9039703545215055e-03 +9.9982185141387137e-01 +1.0000069876409112e+00 +1.0000018036272826e+00 +1.0000040123684306e+00 +9.9999033373483193e-01 +2.5491670524458355e-05 +2.1150354506768124e-05 +5.3261952514090582e-05 +1.8949723791749484e-05 +5.6157509617767397e-05
102.50000000 +5.0000000000000000e+00 +1.9999741516407690e+00 +1.9080865030225247e-03 +9.9981158571493955e-01 +1.0000079064115242e+00 +1.0000021741636962e+00 +1.0000034313089043e+00 +9.9999015145516812e-01 +3.6687747815129200e-05 +3.1992017243582960e-05 +5.3246796771978892e-05 +7.6642491882006523e-06 +5.5160131345904429e-05
103.00000000 +5.0000000000000000e+00 +1.9999756358194252e+00 +1.9122024769572987e-03 +9.9980132045137704e-01 +1.0000088251431718e+00 +1.0000025446843950e+00 +1.0000028502740208e+00 +9.9998996918323402e-01 +4.7883350279111105e-05 +4.2833220184463355e-05 +5.3231641672623638e-05 -3.6207467973108265e-06 +5.4162795372947599e-05
103.50000000 +5.0000000000000000e+00 +1.9999771199351393e+00 +1.9163182763369336e-03 +9.9979105562315629e-01 +1.0000097438358571e+00 +1.0000029151893806e+00 +1.0000022692637789e+00 +9.9998978691903051e-01 +5.9078477946609630e-05 +5.3673963358658700e-05 +5.3216487215983961e-05 -1.4905264195231649e-05 +5.3165501696206107e-05
104.00000000 +5.0000000000000000e+00 +1.9999786039879144e+00 +1.9204339011725327e-03 +9.9978079123024921e-01 +1.0000106624895819e+00 +1.0000032856786534e+00 +1.0000016882781761e+00 +9.9998960466255626e-01 +7.0273130847827686e-05 +6.4514246795415822e-05 +5.3201333402018932e-05 -2.6189303036005932e-05 +5.2168250312989390e-05
104.50000000 +5.0000000000000000e+00 +1.9999800879777543e+00 +1.9245493514751990e-03 +9.9977052727262838e-01 +1.0000115811043488e+00 +1.0000036561522150e+00 +1.0000011073172115e+00 +9.9998942241381095e-01 +8.1467309012965713e-05 +7.5354070523979191e-05 +5.3186180230687696e-05 -3.7472863350075245e-05 +5.1171041220607123e-05
105.00000000 +5.0000000000000000e+00 +1.9999795406239851e+00 +1.9181294163059825e-03 +9.9978760457733307e-01 +1.0000094774607404e+00 +1.0000038360206001e+00 +9.9999949369466468e-01 +9.9999280650180433e-01 +7.4296320701588991e-05 +7.8106149153413389e-05 +5.4434104628968806e-05 -4.3298313019313999e-05 +4.3243481320227421e-05
105.50000000 +5.0000000000000000e+00 +1.9999789932960870e+00 +1.9117097845866399e-03 +9.9980468107484766e-01 +1.0000073739165642e+00 +1.0000040158804828e+00 +9.9999788014838842e-01 +9.9999619042984222e-01 +6.7125671339975844e-05 +8.0858097700861579e-05 +5.5681970041840722e-05 -4.9123487338112536e-05 +3.5316296130339128e-05
106.00000000 +5.0000000000000000e+00 +1.9999784459940597e+00 +1.9052904562956599e-03 +9.9982175676523000e-01 +1.0000052704718141e+00 +1.0000041957318651e+00 +9.9999626667837793e-01 +9.9999957419793706e-01 +5.9955360904095269e-05 +8.3609916175546485e-05 +5.6929776473485447e-05 -5.4948386325992826e-05 +2.7389485624375851e-05
106.50000000 +5.0000000000000000e+00 +1.9999778987178998e+00 +1.8988714314115277e-03 +9.9983883164853671e-01 +1.0000031671264815e+00 +1.0000043755747463e+00 +9.9999465328462711e-01 +1.0000029578060989e+00 +5.2785389369918452e-05 +8.6361604586689776e-05 +5.8177523928084540e-05 -6.0773010002474945e-05 +1.9463049775773621e-05
107.00000000 +5.0000000000000000e+00 +1.9999773514676065e+00 +1.8924527099127349e-03 +9.9985590572482563e-01 +1.0000010638805610e+00 +1.0000045554091277e+00 +9.9999303996713118e-01 +1.0000063412543398e+00 +4.5615756713418925e-05 +8.9113162943512387e-05 +5.9425212409819227e-05 -6.6597358387077203e-05 +1.1536988557971069e-05
107.50000000 +5.0000000000000000e+00 +1.9999768042431769e+00 +1.8860342917777727e-03 +9.9987297899415362e-01 +9.9999896073404460e-01 +1.0000047352350097e+00 +9.9999142672588426e-01 +1.0000097245426713e+00 +3.8446462910572441e-05 +9.1864591255234293e-05 +6.0672841922870265e-05 -7.2421431499315923e-05 +3.6113019444092905e-06
108.00000000 +5.0000000000000000e+00 +1.9999762570446102e+00 +1.8796161769851351e-03 +9.9989005145657783e-01 +9.9999685768692548e-01 +1.0000049150523926e+00 +9.9998981356088090e-01 +1.0000131076711043e+00 +3.1277507937357037e-05 +9.4615889531074628e-05 +6.1920412471418068e-05 -7.8245229358705728e-05 -4.3140100914681068e-06
108.50000000 +5.0000000000000000e+00 +1.9999757098719040e+00 +1.8731983655133177e-03 +9.9990712311215535e-01 +9.9999475473919652e-01 +1.0000050948612773e+00 +9.9998820047211590e-01 +1.0000164906396500e+00 +2.4108891769753016e-05 +9.7367057780251644e-05 +6.3167924059642620e-05 -8.4068751984759315e-05 -1.2238947576214988e-05
109.00000000 +5.0000000000000000e+00 +1.9999751627250568e+00 +1.8667808573408203e-03 +9.9992419396094401e-01 +9.9999265189085074e-01 +1.0000052746616652e+00 +9.9998658745958424e-01 +1.0000198734483206e+00 +1.6940614383742988e-05 +1.0011809601198282e-04 +6.4415376691723603e-05 -8.9891999396987622e-05 -2.0163510536382724e-05
109.50000000 +5.0000000000000000e+00 +1.9999746156040663e+00 +1.8603636524461408e-03 +9.9994126400300032e-01 +9.9999054914188146e-01 +1.0000054544535555e+00 +9.9998497452327995e-01 +1.0000232560971263e+00 +9.7726757553117868e-06 +1.0286900423548458e-04 +6.5662770371840127e-05 -9.5714971614899592e-05 -2.8087698998520158e-05
110.00000000 +5.0000000000000000e+00 +1.9999740685089313e+00 +1.8539467508077827e-03 +9.9995833323838179e-01 +9.9998844649228091e-01 +1.0000056342369494e+00 +9.9998336166319779e-01 +1.0000266385860792e+00 +2.6050758604465278e-06 +1.0561978245997261e-04 +6.6910105104171075e-05 -1.0153766865800245e-04 -3.6011512989173660e-05
110.50000000 +5.0000000000000000e+00 +1.9999726965735647e+00 +1.8669894252406191e-03 +9.9992539387721679e-01 +9.9999116380749897e-01 +1.0000045251075229e+00 +9.9998558683098526e-01 +1.0000251360926624e+00 +1.4494030563812629e-05 +9.6099536404182996e-05 +6.2826368652247060e-05 -7.3568093892168059e-05 -3.1657558754169607e-05
111.00000000 +5.0000000000000000e+00 +1.9999713249988320e+00 +1.8800286712075138e-03 +9.9989246317466529e-01 +9.9999388040842907e-01 +1.0000034162696485e+00 +9.9998781141385318e-01 +1.0000236339941984e+00 +2.6379860074068025e-05 +8.6581792890301216e-05 +5.8743705672747155e-05 -4.5605871355738866e-05 -2.7304749022456118e-05
111.50000000 +5.0000000000000000e+00 +1.9999699537845907e+00 +1.8930644900601258e-03 +9.9985954112731346e-01 +9.9999659629535331e-01 +1.0000023077232101e+00 +9.9999003541203246e-01 +1.0000221322905325e+00 +3.8262565623307801e-05 +7.7066550931709972e-05 +5.4662115742459080e-05 -1.7650998150127390e-05 -2.2953083342817296e-05
112.00000000 +5.0000000000000000e+00 +1.9999685829306999e+00 +1.9060968831494040e-03 +9.9982662773174991e-01 +9.9999931146855248e-01 +1.0000011994680935e+00 +9.9999225882575349e-01 +1.0000206309815081e+00 +5.0142148442979482e-05 +6.7553809542310556e-05 +5.0581598438392966e-05 +1.0296528621730435e-05 -1.8602561264274368e-05
112.50000000 +5.0000000000000000e+00 +1.9999672124370169e+00 +1.9191258518255880e-03 +9.9979372298456470e-01 +1.0000020259283084e+00 +1.0000000915041842e+00 +9.9999448165524685e-01 +1.0000191300669705e+00 +6.2018609763883417e-05 +5.8043567736522433e-05 +4.6502153337781298e-05 +3.8236711855376164e-05 -1.4253182336085574e-05
113.00000000 +5.0000000000000000e+00 +1.9999658423033992e+00 +1.9321513974382061e-03 +9.9976082688234902e-01 +1.0000047396749021e+00 +9.9999898383136698e-01 +9.9999670390074247e-01 +1.0000176295467638e+00 +7.3891950816173219e-05 +4.8535824529282946e-05 +4.2423780018078655e-05 +6.6169554444829861e-05 -9.9049461077459924e-06
113.50000000 +5.0000000000000000e+00 +1.9999644725297061e+00 +1.9451735213360788e-03 +9.9972793942169713e-01 +1.0000074527086149e+00 +9.9999787644952731e-01 +9.9999892556247072e-01 +1.0000161294207326e+00 +8.5762172829356237e-05 +3.9030578936046967e-05 +3.8346478056961620e-05 +9.4095059282591232e-05 -5.5578521289873869e-06
114.00000000 +5.0000000000000000e+00 +1.9999631031157952e+00 +1.9581922248673184e-03 +9.9969506059920354e-01 +1.0000101650297268e+00 +9.9999676935855020e-01 +1.0000011466406613e+00 +1.0000146296887216e+00 +9.7629277032293884e-05 +2.9527829972786597e-05 +3.4270247032328637e-05 +1.2201322925964032e-04 -1.2118999497780602e-06
114.50000000 +5.0000000000000000e+00 +1.9999617340615241e+00 +1.9712075093793282e-03 +9.9966219041146576e-01 +1.0000128766385192e+00 +9.9999566255832140e-01 +1.0000033671355442e+00 +1.0000131303505759e+00 +1.0949326465320215e-04 +2.0027576655990787e-05 +3.0195086522299868e-05 +1.4992406726543883e-04 +3.1329108796773022e-06
115.00000000 +5.0000000000000000e+00 +1.9999603653667524e+00 +1.9842193762188041e-03 +9.9962932885508293e-01 +1.0000155875352728e+00 +9.9999455604872645e-01 +1.0000055870473492e+00 +1.0000116314061400e+00 +1.2135413691965196e-04 +1.0529818002665008e-05 +2.6120996105217035e-05 +1.7782757618793095e-04 +7.4765808089377955e-06
115.50000000 +5.0000000000000000e+00 +1.9999589970313378e+00 +1.9972278267317359e-03 +9.9959647592665557e-01 +1.0000182977202676e+00 +9.9999344982965088e-01 +1.0000078063763063e+00 +1.0000101328552591e+00 +1.3321189505856974e-04 +1.0345530303308825e-06 +2.2047975359643259e-05 +2.0572375891354439e-04 +1.1819110287326462e-05
116.00000000 +5.0000000000000000e+00 +1.9999628427870244e+00 +1.9789718771682976e-03 +9.9964332872964323e-01 +1.0000145897916302e+00 +9.9999247534506031e-01 +1.0000055354146671e+00 +1.0000091166134990e+00 +1.1212433556492491e-04 +6.5921105861542108e-06 +2.4473404553178017e-05 +1.8255159452407717e-04 +9.2126606039046873e-06
116.50000000 +5.0000000000000000e+00 +1.9999666893560604e+00 +1.9607120666083095e-03 +9.9969019144164784e-01 +1.0000108810787938e+00 +9.9999150065437392e-01 +1.0000032639727372e+00 +1.0000081001568120e+00 +9.1032316210444553e-05 +1.2150843523760917e-05 +2.6899346706814830e-05 +1.5937452939545775e-04 +6.6056596759035475e-06
117.00000000 +5.0000000000000000e+00 +1.9999705367387026e+00 +1.9424483938267820e-03 +9.9973706406581320e-01 +1.0000071715815093e+00 +9.9999052575752578e-01 +1.0000009920503632e+00 +1.0000070834851285e+00 +6.9935835580138244e-05 +1.7710752216067085e-05 +2.9325801983301710e-05 +1.3619256197281717e-04 +3.9981073284283964e-06
117.50000000 +5.0000000000000000e+00 +1.9999743849352090e+00 +1.9241808575982105e-03 +9.9978394660528391e-01 +1.0000034612995277e+00 +9.9998955065445039e-01 +9.9999871964739262e-01 +1.0000060665983812e+00 +4.8834892258416986e-05 +2.3271837036146597e-05 +3.1752770545455564e-05 +1.1300569070062881e-04 +1.3900033865105970e-06
118.00000000 +5.0000000000000000e+00 +1.9999782339458387e+00 +1.9059094566965720e-03 +9.9983083906320736e-01 +9.9999975023260057e-01 +9.9998857534508301e-01 +9.9999644676367372e-01 +1.0000050494965018e+00 +2.7729484829092846e-05 +2.8834098357231162e-05 +3.4180252556162176e-05 +8.9813914022707892e-05 -1.2186523248925145e-06
118.50000000 +5.0000000000000000e+00 +1.9999820837708504e+00 +1.8876341898953224e-03 +9.9987774144273112e-01 +9.9999603838047857e-01 +9.9998759982935748e-01 +9.9999417339905372e-01 +1.0000040321794224e+00 +6.6196118753785713e-06 +3.4397536552710447e-05 +3.6608248178376266e-05 +6.6617230382211046e-05 -3.8278599808976782e-06
119.00000000 +5.0000000000000000e+00 +1.9999859344105009e+00 +1.8693550559673994e-03 +9.9992465374700390e-01 +9.9999232574291186e-01 +9.9998662410720851e-01 +9.9999189955337930e-01 +1.0000030146470735e+00 -1.4494728020112698e-05 +3.9962151996132133e-05 +3.9036757575121474e-05 +4.3415638221635965e-05 -6.4376197566957487e-06
119.50000000 +5.0000000000000000e+00 +1.9999897858650499e+00 +1.8510720536852221e-03 +9.9997157597917674e-01 +9.9998861231965186e-01 +9.9998564817857050e-01 +9.9998962522649826e-01 +1.0000019968993881e+00 -3.5613536275367727e-05 +4.5527945061201998e-05 +4.1465780909490504e-05 +2.0209135982821255e-05 -9.0479318275517231e-06
120.00000000 +5.0000000000000000e+00 +1.9999936381347567e+00 +1.8327851818206896e-03 +1.0000185081424009e+00 +9.9998489811044888e-01 +9.9998467204337793e-01 +9.9998735041825815e-01 +1.0000009789362967e+00 -5.6736814308973476e-05 +5.1094916121784027e-05 +4.3895318344645050e-05 -3.0022778930541032e-06 -1.1658796368804794e-05
120.50000000 +5.0000000000000000e+00 +1.9999974912198795e+00 +1.8144944391451819e-03 +1.0000654502398305e+00 +9.9998118311505357e-01 +9.9998369570156576e-01 +9.9998507512850565e-01 +9.9999996075773179e-01 -7.7864563540117456e-05 +5.6663065551900465e-05 +4.6325370043815923e-05 -2.6218604965471000e-05 -1.4270213555868377e-05
121.00000000 +5.0000000000000000e+00 +2.0000013451206766e+00 +1.7961998244295561e-03 +1.0001124022746195e+00 +9.9997746733321591e-01 +9.9998271915306736e-01 +9.9998279935708778e-01 +9.9999894236362452e-01 -9.8996785388588162e-05 +6.2232393725731918e-05 +4.8755936170302984e-05 -4.9439846794570715e-05 -1.6882183564230163e-05
121.50000000 +5.0000000000000000e+00 +1.9999998892444670e+00 +1.7957023965235717e-03 +1.0001140967771474e+00 +9.9998108548173614e-01 +9.9998463700582652e-01 +9.9997917719866380e-01 +1.0000026118490704e+00 -1.0130496907507887e-04 +5.6418995314908347e-05 +4.0808959324895502e-05 -5.1523958075867564e-05 -6.0073439030585916e-06
122.00000000 +5.0000000000000000e+00 +1.9999984333712495e+00 +1.7952049696398785e-03 +1.0001157912761931e+00 +9.9998470362282088e-01 +9.9998655485464416e-01 +9.9997555504768421e-01 +1.0000062813269750e+00 -1.0361314801789731e-04 +5.0605608851512211e-05 +3.2861998811747092e-05 -5.3608065073995358e-05 +4.8674734086457183e-06
122.50000000 +5.0000000000000000e+00 +1.9999969775010240e+00 +1.7947075437784728e-03 +1.0001174857717563e+00 +9.9998832175646934e-01 +9.9998847269952029e-01 +9.9997193290414832e-01 +1.0000099507973381e+00 -1.0592132221705805e-04 +4.4792234335506641e-05 +2.4915054630807430e-05 -5.5692167788967278e-05 +1.5742268370951661e-05
123.00000000 +5.0000000000000000e+00 +1.9999955216337904e+00 +1.7942101189393515e-03 +1.0001191802638369e+00 +9.9999193988268209e-01 +9.9999039054045502e-01 +9.9996831076805670e-01 +1.0000136202601599e+00 -1.0822949167257574e-04 +3.8978871766854809e-05 +1.6968126782026149e-05 -5.7776266220796544e-05 +2.6617040983928144e-05
123.50000000 +5.0000000000000000e+00 +1.9999940657695490e+00 +1.7937126951225115e-03 +1.0001208747524351e+00 +9.9999555800145923e-01 +9.9999230837744801e-01 +9.9996468863940879e-01 +1.0000172897154405e+00 -1.1053765638446499e-04 +3.3165521145519898e-05 +9.0212152653528984e-06 -5.9860360369496349e-05 +3.7491791247644056e-05
124.00000000 +5.0000000000000000e+00 +1.9999926099082992e+00 +1.7932152723279494e-03 +1.0001225692375508e+00 +9.9999917611280031e-01 +9.9999422621049983e-01 +9.9996106651820493e-01 +1.0000209591631797e+00 -1.1284581635274041e-04 +2.7352182471465087e-05 +1.0743200807373477e-06 -6.1944450235079906e-05 +4.8366519162168290e-05
124.50000000 +5.0000000000000000e+00 +1.9999911540500421e+00 +1.7927178505556631e-03 +1.0001242637191843e+00 +1.0000027942167062e+00 +9.9999614403961046e-01 +9.9995744440444534e-01 +1.0000246286033780e+00 -1.1515397157741668e-04 +2.1538855744653533e-05 -6.8725587718708622e-06 -6.4028535817560423e-05 +5.9241224727569769e-05
125.00000000 +5.0000000000000000e+00 +1.9999896981947767e+00 +1.7922204298056483e-03 +1.0001259581973354e+00 +1.0000064123131758e+00 +9.9999806186477924e-01 +9.9995382229812968e-01 +1.0000282980360344e+00 -1.1746212205850836e-04 +1.5725540965048398e-05 -1.4819421292522076e-05 -6.6112617116951094e-05 +7.0115907943917345e-05
125.50000000 +5.0000000000000000e+00 +1.9999882423425028e+00 +1.7917230100779023e-03 +1.0001276526720038e+00 +1.0000100304022099e+00 +9.9999997968600651e-01 +9.9995020019925762e-01 +1.0000319674611502e+00 -1.1977026779603009e-04 +9.9122381326128677e-06 -2.2766267481266640e-05 -6.8196694133265117e-05 +8.0990568811279960e-05
126.00000000 +5.0000000000000000e+00 +1.9999867864932217e+00 +1.7912255913724218e-03 +1.0001293471431900e+00 +1.0000136484838085e+00 +1.0000018975032929e+00 +9.9994657810782983e-01 +1.0000356368787247e+00 -1.2207840878999650e-04 +4.0989472473101113e-06 -3.0713097338154893e-05 -7.0280766866515681e-05 +9.1865207329726455e-05
126.50000000 +5.0000000000000000e+00 +1.9999853306469317e+00 +1.7907281736892038e-03 +1.0001310416108939e+00 +1.0000172665579712e+00 +1.0000038153166375e+00 +9.9994295602384564e-01 +1.0000393062887578e+00 -1.2438654504042223e-04 -1.7143316908967117e-06 -3.8659910863237182e-05 -7.2364835316716039e-05 +1.0273982349932577e-04
127.00000000 +5.0000000000000000e+00 +1.9999869377020305e+00 +1.7974338821258123e-03 +1.0001129724009681e+00 +1.0000120358094122e+00 +1.0000025495594105e+00 +9.9994931071465976e-01 +1.0000353900136145e+00 -1.1966545272460661e-04 -3.3478088858334482e-05 -3.9305081078375605e-05 -3.5833328294746220e-05 +1.1602345122452992e-04
127.50000000 +5.0000000000000000e+00 +1.9999885446188830e+00 +1.8041390137074171e-03 +1.0000949047454364e+00 +1.0000068055108255e+00 +1.0000012839110692e+00 +9.9995566485881504e-01 +1.0000314740753669e+00 -1.1494476653824828e-04 -6.5239113565443917e-05 -3.9950195793089161e-05 +6.9503612374801149e-07 +1.2930593623271909e-04
128.00000000 +5.0000000000000000e+00 +1.9999901513975074e+00 +1.8108435685084492e-03 +1.0000768386440984e+00 +1.0000015756621532e+00 +1.0000000183715998e+00 +9.9996201845638200e-01 +1.0000275584739711e+00 -1.1022448642894386e-04 -9.6997406164797494e-05 -4.0595255014539142e-05 +3.7220258344260399e-05 +1.4258727867133930e-04
128.50000000 +5.0000000000000000e+00 +1.9999917580379205e+00 +1.8175475466033282e-03 +1.0000587740967528e+00 +9.9999634626333700e-01 +9.9999875294098839e-01 +9.9996837150743068e-01 +1.0000236432093834e+00 -1.0550461234429900e-04 -1.2875296700890708e-04 -4.1240258749885584e-05 +7.3742338772214924e-05 +1.5586747868781136e-04
129.00000000 +5.0000000000000000e+00 +1.9999933645401424e+00 +1.8242509480664627e-03 +1.0000407111032006e+00 +9.9999111731431933e-01 +9.9999748761922136e-01 +9.9997472401203280e-01 +1.0000197282815617e+00 -1.0078514423192845e-04 -1.6050579645022396e-04 -4.1885207006287359e-05 +1.1026127781296590e-04 +1.6914653642953063e-04
129.50000000 +5.0000000000000000e+00 +1.9999949709041882e+00 +1.8309537729722441e-03 +1.0000226496632401e+00 +9.9998588881504136e-01 +9.9999622240628372e-01 +9.9998107597025732e-01 +1.0000158136904609e+00 -9.6066082039455793e-05 -1.9225589484113851e-04 -4.2530099790901990e-05 +1.4677707587179773e-04 +1.8242445204386701e-04
130.00000000 +5.0000000000000000e+00 +1.9999965771300785e+00 +1.8376560213950552e-03 +1.0000045897766716e+00 +9.9998066076544578e-01 +9.9999495730216237e-01 +9.9998742738217583e-01 +1.0000118994360387e+00 -9.1347425714513830e-05 -2.2400326253398101e-04 -4.3174937110885883e-05 +1.8328973335392536e-04 +1.9570122567816539e-04
130.50000000 +5.0000000000000000e+00 +1.9999981832178289e+00 +1.8443576934092634e-03 +9.9998653144329419e-01 +9.9997543316547444e-01 +9.9999369230684276e-01 +9.9999377824785862e-01 +1.0000079855182513e+00 -8.6629175204744186e-05 -2.5574789988102052e-04 -4.3819718973394128e-05 +2.1979925066449376e-04 +2.0897685747974486e-04
131.00000000 +5.0000000000000000e+00 +1.9999997891674584e+00 +1.8510587890892246e-03 +9.9996847466290784e-01 +9.9997020601506936e-01 +9.9999242742031103e-01 +1.0000001285673761e+00 +1.0000040719370551e+00 -8.1911330457797650e-05 -2.8748980723446605e-04 -4.4464445385580657e-05 +2.5630562820857849e-04 +2.2225134759589954e-04
131.50000000 +5.0000000000000000e+00 +2.0000013949789839e+00 +1.8577593085092807e-03 +9.9995041943531215e-01 +9.9996497931417205e-01 +9.9999116264255272e-01 +1.0000064783407983e+00 +1.0000001586924068e+00 -7.7193891421333848e-05 -3.1922898494646560e-04 -4.5109116354598101e-05 +2.9280886639118501e-04 +2.3552469617389799e-04
132.00000000 +5.0000000000000000e+00 +2.0000030006524239e+00 +1.8644592517437625e-03 +9.9993236576030653e-01 +9.9995975306272522e-01 +9.9998989797355431e-01 +1.0000128275681959e+00 +9.9999624578426305e-01 -7.2476858043021524e-05 -3.5096543336910689e-04 -4.5753731887597918e-05 +3.2930896561724984e-04 +2.4879690336098359e-04
132.50000000 +5.0000000000000000e+00 +2.0000035759044033e+00 +1.8788189160800349e-03 +9.9989242876696116e-01 +9.9996529017967217e-01 +9.9999347736022703e-01 +1.0000119722988041e+00 +9.9999774541373954e-01 -4.0478740348976299e-05 -3.0794036384750528e-04 -3.7493881034734888e-05 +2.8875052572438964e-04 +2.3624843498627047e-04
133.00000000 +5.0000000000000000e+00 +2.0000041510012720e+00 +1.8931747085008976e-03 +9.9985250254215829e-01 +9.9997082580360075e-01 +9.9999705578176001e-01 +1.0000111172600257e+00 +9.9999924463885825e-01 -8.4892505728330442e-06 -2.6492689553229667e-04 -2.9236257353973729e-05 +2.4820302194011477e-04 +2.2370335015917619e-04
133.50000000 +5.0000000000000000e+00 +2.0000047259430938e+00 +1.9075266305721632e-03 +9.9981258708154341e-01 +9.9997635993511358e-01 +1.0000006332385434e+00 +1.0000102624517671e+00 +1.0000007434597828e+00 +2.3491614774563436e-05 -2.2192502373191936e-04 -2.0980859944639551e-05 +2.0766644984183085e-04 +2.1116164751138427e-04
134.00000000 +5.0000000000000000e+00 +2.0000053007299310e+00 +1.9218746838588030e-03 +9.9977268238076422e-01 +9.9998189257481551e-01 +1.0000042097309678e+00 +1.0000094078739357e+00 +1.0000022418766774e+00 +5.5463859180487255e-05 -1.7893474375734107e-04 -1.2727687906543044e-05 +1.6714080500932816e-04 +1.9862332567531588e-04
134.50000000 +5.0000000000000000e+00 +2.0000058753618464e+00 +1.9362188699249422e-03 +9.9973278843547020e-01 +9.9998742372330884e-01 +1.0000077852594225e+00 +1.0000085535264378e+00 +1.0000037398897041e+00 +8.7427486130332632e-05 -1.3595605092205695e-04 -4.4767403399801185e-06 +1.2662608302477945e-04 +1.8608838328412931e-04
135.00000000 +5.0000000000000000e+00 +2.0000064498389021e+00 +1.9505591903338643e-03 +9.9969290524131393e-01 +9.9999295338119654e-01 +1.0000113598242975e+00 +1.0000076994091807e+00 +1.0000052374990271e+00 +1.1938249910761524e-04 -9.2988940542088356e-05 +3.7719836542683407e-06 +8.6122279472738747e-05 +1.7355681897171974e-04
135.50000000 +5.0000000000000000e+00 +2.0000070241611616e+00 +1.9648956466480094e-03 +9.9965303279394957e-01 +9.9999848154908122e-01 +1.0000149334259822e+00 +1.0000068455220714e+00 +1.0000067347048094e+00 +1.5132890159397347e-04 -5.0033407935980629e-05 +1.2018484974936904e-05 +4.5629389940139572e-05 +1.6102863137271834e-04
136.00000000 +5.0000000000000000e+00 +2.0000075983286871e+00 +1.9792282404289775e-03 +9.9961317108903447e-01 +1.0000040082275647e+00 +1.0000185060648663e+00 +1.0000059918650166e+00 +1.0000082315072141e+00 +1.8326669706916963e-04 -7.0894484248019112e-06 +2.0262764520275815e-05 +5.1474100162934139e-06 +1.4850381912249224e-04
136.50000000 +5.0000000000000000e+00 +2.0000081723415408e+00 +1.9935569732375241e-03 +9.9957332012222733e-01 +1.0000095334172494e+00 +1.0000220777413378e+00 +1.0000051384379234e+00 +1.0000097279064037e+00 +2.1519588901109120e-04 +3.5842942667858892e-05 +2.8504823188051389e-05 -3.5323664707111937e-05 +1.3598238085714355e-04
137.00000000 +5.0000000000000000e+00 +2.0000087461997849e+00 +2.0078818466335662e-03 +9.9953347988918995e-01 +1.0000150571187361e+00 +1.0000256484557859e+00 +1.0000042852406985e+00 +1.0000112239025414e+00 +2.4711648089575206e-04 +7.8763770015893663e-05 +3.6744661875546313e-05 -7.5783838636013813e-05 +1.2346431521350923e-04
137.50000000 +5.0000000000000000e+00 +2.0000093199034832e+00 +2.0222028621761819e-03 +9.9949365038558657e-01 +1.0000205793326267e+00 +1.0000292182086001e+00 +1.0000034322732498e+00 +1.0000127194957906e+00 +2.7902847619729428e-04 +1.2167303829067701e-04 +4.4982281479560008e-05 -1.1623311617397669e-04 +1.1094962082916058e-04
138.00000000 +5.0000000000000000e+00 +2.0000137050668805e+00 +2.0138321202874845e-03 +9.9951696465462292e-01 +1.0000201187667059e+00 +1.0000279107264920e+00 +1.0000059111585353e+00 +1.0000118489638137e+00 +2.5532971733150783e-04 +1.1079435193949664e-04 +4.5933565048280777e-05 -1.0367550904152292e-04 +1.0886360143545338e-04
138.50000000 +5.0000000000000000e+00 +2.0000180903287887e+00 +2.0054611903517713e-03 +9.9954027944740953e-01 +1.0000196581904386e+00 +1.0000266032150116e+00 +1.0000083900995085e+00 +1.0000109784122808e+00 +2.3163042607791769e-04 +9.9915421200837332e-05 +4.6884869987393677e-05 -9.1117619804975927e-05 +1.0677753517974424e-04
139.00000000 +5.0000000000000000e+00 +2.0000224756892133e+00 +1.9970900723627056e-03 +9.9956359476396428e-01 +1.0000191976038248e+00 +1.0000252956741580e+00 +1.0000108690961715e+00 +1.0000101078411912e+00 +2.0793060241858368e-04 +8.9036246066463828e-05 +4.7836196297618840e-05 -7.8559448454829469e-05 +1.0469142206045408e-04
139.50000000 +5.0000000000000000e+00 +2.0000268611481555e+00 +1.9887187663139494e-03 +9.9958691060430449e-01 +1.0000187370068636e+00 +1.0000239881039297e+00 +1.0000133481485256e+00 +1.0000092372505431e+00 +1.8423024633556484e-04 +7.8156826528140460e-05 +4.8787543979676421e-05 -6.6000994981576884e-05 +1.0260526207600364e-04
140.00000000 +5.0000000000000000e+00 +2.0000312467056198e+00 +1.9803472721991659e-03 +9.9961022696844792e-01 +1.0000182763995547e+00 +1.0000226805043262e+00 +1.0000158272565729e+00 +1.0000083666403374e+00 +1.6052935781091929e-04 +6.7277162577631208e-05 +4.9738913034286594e-05 -5.3442259375711096e-05 +1.0051905522481365e-04
140.50000000 +5.0000000000000000e+00 +2.0000356323616093e+00 +1.9719755900120188e-03 +9.9963354385641234e-01 +1.0000178157818980e+00 +1.0000213728753466e+00 +1.0000183064203156e+00 +1.0000074960105723e+00 +1.3682793682670455e-04 +5.6397254206699746e-05 +5.0690303462169622e-05 -4.0883241627724625e-05 +9.8432801505304776e-05
141.00000000 +5.0000000000000000e+00 +2.0000400181161271e+00 +1.9636037197461684e-03 +9.9965686126821518e-01 +1.0000173551538929e+00 +1.0000200652169899e+00 +1.0000207856397552e+00 +1.0000066253612478e+00 +1.1312598336497717e-04 +4.5517101407109284e-05 +5.1641715264045748e-05 -2.8323941728109498e-05 +9.6346500915897603e-05
141.50000000 +5.0000000000000000e+00 +2.0000444039691763e+00 +1.9552316613952771e-03 +9.9968017920387442e-01 +1.0000168945155392e+00 +1.0000187575292545e+00 +1.0000232649148939e+00 +1.0000057546923631e+00 +8.9423497407792934e-05 +3.4636704170622730e-05 +5.2593148440635268e-05 -1.5764359667357383e-05 +9.4260153455012608e-05
142.00000000 +5.0000000000000000e+00 +2.0000487899207608e+00 +1.9468594149530071e-03 +9.9970349766340749e-01 +1.0000164338668367e+00 +1.0000174498121401e+00 +1.0000257442457330e+00 +1.0000048840039173e+00 +6.5720478937206830e-05 +2.3756062489002604e-05 +5.3544602992658512e-05 -3.2044954359594910e-06 +9.2173759121070271e-05
142.50000000 +5.0000000000000000e+00 +2.0000531759708839e+00 +1.9384869804130193e-03 +9.9972681664683227e-01 +1.0000159732077851e+00 +1.0000161420656457e+00 +1.0000282236322753e+00 +1.0000040132959098e+00 +4.2016927935273087e-05 +1.2875176354011050e-05 +5.4496078920835824e-05 +9.3556509755933862e-06 +9.0087317912490963e-05
143.00000000 +5.0000000000000000e+00 +2.0000575621195487e+00 +1.9301143577689743e-03 +9.9975013615416608e-01 +1.0000155125383834e+00 +1.0000148342897697e+00 +1.0000307030745219e+00 +1.0000031425683404e+00 +1.8312844384044985e-05 +1.9940457574098180e-06 +5.5447576225887602e-05 +2.1916079576810908e-05 +8.8000829827694933e-05
143.50000000 +5.0000000000000000e+00 +2.0000614539624024e+00 +1.9189097161895505e-03 +9.9977873628216996e-01 +1.0000103315177147e+00 +1.0000119402085328e+00 +1.0000262609715838e+00 +1.0000015570657099e+00 +4.7240407702276753e-05 -1.5333828351499752e-05 +3.5299371616214304e-05 +3.2891160803904373e-05 +7.1076843073208747e-05
144.00000000 +5.0000000000000000e+00 +2.0000653460473257e+00 +1.9077043776895538e-03 +9.9980733818908074e-01 +1.0000051501747902e+00 +1.0000090459472861e+00 +1.0000218185923497e+00 +9.9999997146446218e-01 +7.6169770293948034e-05 -3.2662780241600380e-05 +1.5149913802840104e-05 +4.3866924673083209e-05 +5.4151803659031749e-05
144.50000000 +5.0000000000000000e+00 +2.0000692383743419e+00 +1.8964983422039606e-03 +9.9983594187506530e-01 +9.9999996850958028e-01 +1.0000061515060132e+00 +1.0000173759367950e+00 +9.9999838576458822e-01 +1.0510093232693434e-04 -4.9992810013451020e-05 -5.0007973311611660e-06 +5.4843371248039177e-05 +3.7225711486948909e-05
145.00000000 +5.0000000000000000e+00 +2.0000731309434729e+00 +1.8852916096677385e-03 +9.9986454734028851e-01 +9.9999478652205409e-01 +1.0000032568846966e+00 +1.0000129330048926e+00 +9.9999679996607882e-01 +1.3403389396913199e-04 -6.7323917767623094e-05 -2.5152761902730240e-05 +6.5820500592471938e-05 +2.0298566458732908e-05
145.50000000 +5.0000000000000000e+00 +2.0000770237547418e+00 +1.8740841800158484e-03 +9.9989315458491734e-01 +9.9998960421218241e-01 +1.0000003620833202e+00 +1.0000084897966177e+00 +9.9999521406892478e-01 +1.6296865538845828e-04 -8.4656103604700608e-05 -4.5305980028822398e-05 +7.6798312770089104e-05 +3.3703684761442810e-06
146.00000000 +5.0000000000000000e+00 +2.0000809168081704e+00 +1.8628760531832407e-03 +9.9992176360911700e-01 +9.9998442157993439e-01 +9.9999746710186677e-01 +1.0000040463119435e+00 +9.9999362807311643e-01 +1.9190521675285129e-04 -1.0198936762527999e-04 -6.5460451826407438e-05 +8.7776807844606146e-05 -1.3558882559068685e-05
146.50000000 +5.0000000000000000e+00 +2.0000848101037816e+00 +1.8516672291048594e-03 +9.9995037441305390e-01 +9.9997923862528015e-01 +9.9999457194031915e-01 +9.9999960255084497e-01 +9.9999204197864522e-01 +2.2084357823027006e-04 -1.1932370992997025e-04 -8.5616177412469740e-05 +9.8755985879746546e-05 -3.0489186745169962e-05
147.00000000 +5.0000000000000000e+00 +2.0000887036415986e+00 +1.8404577077156406e-03 +9.9997898699689458e-01 +9.9997405534818995e-01 +9.9999167659866128e-01 +9.9999515851329634e-01 +9.9999045578550161e-01 +2.4978373998869462e-04 -1.3665913061939293e-04 -1.0577315690400826e-04 +1.0973584693924170e-04 -4.7420544180435722e-05
147.50000000 +5.0000000000000000e+00 +2.0000925974216437e+00 +1.8292474889505122e-03 +1.0000076013608044e+00 +9.9996887174863369e-01 +9.9998878107687628e-01 +9.9999071419927177e-01 +9.9998886949367649e-01 +2.7872570219612564e-04 -1.5399562979418203e-04 -1.2593139041803649e-04 +1.2071639108683088e-04 -6.4352954963154327e-05
148.00000000 +5.0000000000000000e+00 +2.0000964914439385e+00 +1.8180365727443924e-03 +1.0000362175049502e+00 +9.9996368782658085e-01 +9.9998588537494704e-01 +9.9998626960874515e-01 +9.9998728310316087e-01 +3.0766946502058503e-04 -1.7133320755498404e-04 -1.4609087807158246e-04 +1.3169761838626132e-04 -8.1286419191626446e-05
148.50000000 +5.0000000000000000e+00 +2.0001003857085076e+00 +1.8068249590321931e-03 +1.0000648354294974e+00 +9.9995850358200156e-01 +9.9998298949285669e-01 +9.9998182474169073e-01 +9.9998569661394499e-01 +3.3661502863011528e-04 -1.8867186400245818e-04 -1.6625161998168878e-04 +1.4267952890128818e-04 -9.8220936964164897e-05
149.00000000 +5.0000000000000000e+00 +2.0000942756154743e+00 +1.7952899794270514e-03 +1.0000948034535735e+00 +9.9996878380765730e-01 +9.9998163724633371e-01 +9.9997836094543424e-01 +9.9998809950344292e-01 +3.3312898721351739e-04 -1.6505567721308300e-04 -1.8277906726509472e-04 +1.2238446341783423e-04 -1.1936366536108166e-04
149.50000000 +5.0000000000000000e+00 +2.0000881653864728e+00 +1.7837547431337525e-03 +1.0001247721445290e+00 +9.9997906426207905e-01 +9.9998028496971914e-01 +9.9997489707209763e-01 +9.9999050244641219e-01 +3.2964286822196253e-04 -1.4143896489217963e-04 -1.9930688233415144e-04 +1.0208894630783810e-04 -1.4050686424760221e-04
150.00000000 +5.0000000000000000e+00 +2.0000820550214979e+00 +1.7722192501437284e-03 +1.0001547415023857e+00 +9.9998934494527447e-01 +9.9997893266301197e-01 +9.9997143312167847e-01 +9.9999290544285513e-01 +3.2615667165286134e-04 -1.1782172702220583e-04 -2.1583506520113564e-04 +8.1792977556224573e-05 -1.6165053363943139e-04
150.50000000 +5.0000000000000000e+00 +2.0000759445205474e+00 +1.7606835004484111e-03 +1.0001847115271663e+00 +9.9999962585725166e-01 +9.9997758032621131e-01 +9.9996796909417462e-01 +9.9999530849277329e-01 +3.2267039750362420e-04 -9.4203963585618678e-05 -2.3236361587832460e-04 +6.1496557147917708e-05 -1.8279467355227487e-04
151.00000000 +5.0000000000000000e+00 +2.0000698338836145e+00 +1.7491474940392309e-03 +1.0002146822188926e+00 +1.0000099069980173e+00 +9.9997622795931618e-01 +9.9996450498958300e-01 +9.9999771159616790e-01 +3.1918404577166155e-04 -7.0585674564874380e-05 -2.4889253437799586e-04 +4.1199685067840919e-05 -2.0393928400183888e-04
151.50000000 +5.0000000000000000e+00 +2.0000637231106957e+00 +1.7376112309076181e-03 +1.0002446535775866e+00 +1.0000201883675797e+00 +9.9997487556232512e-01 +9.9996104080790083e-01 +1.0000001147530415e+00 +3.1569761645438329e-04 -4.6966859942428414e-05 -2.6542182071242787e-04 +2.0902361300916923e-05 -2.2508436500383040e-04
152.00000000 +5.0000000000000000e+00 +2.0000576122017861e+00 +1.7260747110450041e-03 +1.0002746256032717e+00 +1.0000304699659466e+00 +9.9997352313523757e-01 +9.9995757654912609e-01 +1.0000025179633953e+00 +3.1221110954919985e-04 -2.3347519700735465e-05 -2.8195147489389939e-04 +6.0458583206781384e-07 -2.4622991657395729e-04
152.50000000 +5.0000000000000000e+00 +2.0000515011568814e+00 +1.7145379344428184e-03 +1.0003045982959693e+00 +1.0000407517931256e+00 +9.9997217067805277e-01 +9.9995411221325614e-01 +1.0000049212272319e+00 +3.0872452505352108e-04 +2.7234617775057149e-07 -2.9848149693468998e-04 -1.9693641353785041e-05 -2.6737593872792778e-04
153.00000000 +5.0000000000000000e+00 +2.0000453899759765e+00 +1.7030009010924893e-03 +1.0003345716557017e+00 +1.0000510338491235e+00 +9.9997081819076883e-01 +9.9995064780028808e-01 +1.0000073245445520e+00 +3.0523786296475681e-04 +2.3892737710576567e-05 -3.1501188684707930e-04 -3.9992320271720886e-05 -2.8852243148145098e-04
153.50000000 +5.0000000000000000e+00 +2.0000392786590675e+00 +1.6914636109854472e-03 +1.0003645456824912e+00 +1.0000613161339491e+00 +9.9996946567338563e-01 +9.9994718331021948e-01 +1.0000097279153581e+00 +3.0175112328031684e-04 +4.7513654915290148e-05 -3.3154264464334792e-04 -6.0291450936819680e-05 -3.0966939485023670e-04
154.00000000 +5.0000000000000000e+00 +2.0000331672061495e+00 +1.6799260641131204e-03 +1.0003945203763605e+00 +1.0000715986476094e+00 +9.9996811312590173e-01 +9.9994371874304777e-01 +1.0000121313396519e+00 +2.9826430599761078e-04 +7.1135097809439817e-05 -3.4807377033577690e-04 -8.0591033364162088e-05 -3.3081682884999542e-04
154.50000000 +5.0000000000000000e+00 +2.0000230364834595e+00 +1.7091526987706659e-03 +1.0003219496210713e+00 +1.0000605671587897e+00 +9.9997787169859864e-01 +9.9995464707935411e-01 +1.0000188024740218e+00 +2.6075633489589650e-04 +7.6894061090865845e-05 -3.0871456632147910e-04 -8.0924846313985282e-05 -2.8184901141964960e-04
155.00000000 +5.0000000000000000e+00 +2.0000129092952750e+00 +1.7383691365574947e-03 +1.0002494041849690e+00 +1.0000495395187425e+00 +9.9998762686663045e-01 +9.9996557160287747e-01 +1.0000254712809022e+00 +2.2326144993758043e-04 +8.2651015129533306e-05 -2.6936909432660679e-04 -8.1258542799920937e-05 -2.3289827835462593e-04
155.50000000 +5.0000000000000000e+00 +2.0000027856397451e+00 +1.7675753828090498e-03 +1.0001768840548046e+00 +1.0000385157254537e+00 +9.9999737863177851e-01 +9.9997649231561170e-01 +1.0000321377615102e+00 +1.8577964427542688e-04 +8.8405960976764802e-05 -2.3003734716597353e-04 -8.1592122882907952e-05 -1.8396462071564601e-04
156.00000000 +5.0000000000000000e+00 +1.9999926655150220e+00 +1.7967714428570535e-03 +1.0001043892173396e+00 +1.0000274957769111e+00 +1.0000071269958231e+00 +9.9998740921955098e-01 +1.0000388019170634e+00 +1.4831091106697611e-04 +9.4158899683149637e-05 -1.9071931765940543e-04 -8.1925586623842736e-05 -1.3504802956966703e-04
156.50000000 +5.0000000000000000e+00 +1.9999825489192591e+00 +1.8259573220295092e-03 +1.0000319196593446e+00 +1.0000164796711037e+00 +1.0000168719605433e+00 +9.9999832231668806e-01 +1.0000454637487781e+00 +1.1085524347454071e-04 +9.9909832298544464e-05 -1.5141499863173598e-04 -8.2258934083579308e-05 -8.6148495989876316e-05
157.00000000 +5.0000000000000000e+00 +1.9999724358506104e+00 +1.8551330256507039e-03 +9.9995947536759877e-01 +1.0000054674060213e+00 +1.0000266135277165e+00 +1.0000092316090126e+00 +1.0000521232578687e+00 +7.3412634665200881e-05 +1.0565875987207380e-04 -1.1212438291280170e-04 -8.2592165322929132e-05 -3.7266011055685629e-05
157.50000000 +5.0000000000000000e+00 +1.9999623263072321e+00 +1.8842985590412156e-03 +9.9988705632889141e-01 +9.9999445897965666e-01 +1.0000363516991200e+00 +1.0000201370985153e+00 +1.0000587804455503e+00 +3.5983077810800742e-05 +1.1140568345213082e-04 -7.2847463337438176e-05 -8.2925280402661414e-05 +1.1599434147274085e-05
158.00000000 +5.0000000000000000e+00 +1.9999522202872815e+00 +1.9134539275179104e-03 +9.9981466253002005e-01 +9.9998345439000247e-01 +1.0000460864765282e+00 +1.0000310387871836e+00 +1.0000654353130365e+00 -1.4334339120561586e-06 +1.1715060408637786e-04 -3.3584232745475313e-05 -8.3258279383502859e-05 +6.0447848527158001e-05
158.50000000 +5.0000000000000000e+00 +1.9999421177889158e+00 +1.9425991363939512e-03 +9.9974229395779213e-01 +9.9997245363505294e-01 +1.0000558178617156e+00 +1.0000419366770039e+00 +1.0000720878615401e+00 -3.8836907322010783e-05 +1.2289352282174714e-04 +5.6653160182667951e-06 -8.3591162326137971e-05 +1.0927924098591298e-04
159.00000000 +5.0000000000000000e+00 +1.9999320188102965e+00 +1.9717341909787976e-03 +9.9966995059902464e-01 +9.9996145671280456e-01 +1.0000655458564551e+00 +1.0000528307699623e+00 +1.0000787380922727e+00 -7.6227349232952819e-05 +1.2863444070444137e-04 +4.4901190103982262e-05 -8.3923929291208901e-05 +1.5809362041928305e-04
159.50000000 +5.0000000000000000e+00 +1.9999219233495820e+00 +2.0008590965782101e-03 +9.9959763244054201e-01 +9.9995046362125406e-01 +1.0000752704625173e+00 +1.0000637210680416e+00 +1.0000853860064454e+00 -1.1360476645402486e-04 +1.3437335877993425e-04 +8.4123396656883819e-05 -8.4256580339315518e-05 +2.0689099571681458e-04
160.00000000 +5.0000000000000000e+00 +1.9999157421740972e+00 +2.0205919335099811e-03 +9.9954842608007299e-01 +9.9996738528209927e-01 +1.0000507349589507e+00 +1.0000542641156536e+00 +1.0000743505840839e+00 -8.7465501949846288e-05 +1.2888975705600643e-04 +1.2172857795773657e-04 -6.1128783714369593e-05 +2.0281493268795709e-04
160.50000000 +5.0000000000000000e+00 +1.9999095627402690e+00 +2.0403192103597449e-03 +9.9949923358438131e-01 +9.9998430217496159e-01 +1.0000262063687035e+00 +1.0000448098279320e+00 +1.0000633182711509e+00 -6.1333602653962043e-05 +1.2340770043557198e-04 +1.5932316332184504e-04 -3.8007503762435003e-05 +1.9874001816322918e-04
161.00000000 +5.0000000000000000e+00 +1.9999033850473633e+00 +2.0600409294771506e-03 +9.9945005494760830e-01 +1.0000012143018566e+00 +1.0000016846888546e+00 +1.0000353582037511e+00 +1.0000522890663330e+00 -3.5209065453890640e-05 +1.1792718826568184e-04 +1.9690715722697229e-04 -1.4892737729614943e-05 +1.9466625165728176e-04
161.50000000 +5.0000000000000000e+00 +1.9998972090946427e+00 +2.0797570932105242e-03 +9.9940089016389855e-01 +1.0000181216647979e+00 +9.9997716991648455e-01 +1.0000259092419854e+00 +1.0000412629683169e+00 -9.0918872389040211e-06 +1.1244821989375475e-04 +2.3448056414835874e-04 +8.2155171364360905e-06 +1.9059363268503899e-04
162.00000000 +5.0000000000000000e+00 +1.9998910348813732e+00 +2.0994677039068658e-03 +9.9935173922739862e-01 +1.0000350242657976e+00 +9.9995266204867417e-01 +1.0000164629415096e+00 +1.0000302399757892e+00 +1.7017935099973562e-05 +1.0697079466757708e-04 +2.7204338855872369e-04 +3.1317263586513082e-05 +1.8652216076169839e-04
162.50000000 +5.0000000000000000e+00 +1.9998848624068193e+00 +2.1191727639118573e-03 +9.9930260213225985e-01 +1.0000519221068676e+00 +9.9992816108250759e-01 +1.0000070193011998e+00 +1.0000192200874392e+00 +4.3120404669966807e-05 +1.0149491193530251e-04 +3.0959563492826759e-04 +5.4412504369861773e-05 +1.8245183540273045e-04
163.00000000 +5.0000000000000000e+00 +1.9998786916702469e+00 +2.1388722755698582e-03 +9.9925347887263594e-01 +1.0000688151900183e+00 +9.9990366701506961e-01 +9.9999757831993263e-01 +1.0000082033019553e+00 +6.9215524576550676e-05 +9.6020571045451843e-05 +3.4713730772467340e-04 +7.7501242234179725e-05 +1.7838265612387866e-04
163.50000000 +5.0000000000000000e+00 +1.9998725226709226e+00 +2.1585662412239074e-03 +9.9920436944268487e-01 +1.0000857035172592e+00 +9.9987917984344721e-01 +9.9998813999658565e-01 +9.9999718961802753e-01 +9.5303297923451472e-05 +9.0547771346912706e-05 +3.8466841141310856e-04 +1.0058347992561732e-04 +1.7431462244115901e-04
164.00000000 +5.0000000000000000e+00 +1.9998663554081118e+00 +2.1782546632157242e-03 +9.9915527383656633e-01 +1.0001025870905980e+00 +9.9985469956472806e-01 +9.9997870433003544e-01 +9.9998617903434572e-01 +1.2138372781264827e-04 +8.5076512188939221e-05 +4.2218895045622663e-04 +1.2365922018877892e-04 +1.7024773387086005e-04
164.50000000 +5.0000000000000000e+00 +1.9998601898810819e+00 +2.1979375438857126e-03 +9.9910619204844486e-01 +1.0001194659120418e+00 +9.9983022617600281e-01 +9.9996927131916136e-01 +9.9997517154960125e-01 +1.4745681734437390e-04 +7.9606792921151870e-05 +4.5969892931416921e-04 +1.4672846576672393e-04 +1.6618198992954258e-04
165.00000000 +5.0000000000000000e+00 +1.9998540260891011e+00 +2.2176148855729567e-03 +9.9905712407248748e-01 +1.0001363399835965e+00 +9.9980575967436303e-01 +9.9995984096284196e-01 +9.9996416716248648e-01 +1.7352256961711645e-04 +7.4138612893537192e-05 +4.9719835244456769e-04 +1.6979121940096807e-04 +1.6211739013403956e-04
165.50000000 +5.0000000000000000e+00 +1.9998557800515540e+00 +2.1794546167337235e-03 +9.9915567171919462e-01 +1.0001151907945036e+00 +9.9982012308094559e-01 +9.9995904007884917e-01 +9.9997229954096833e-01 +1.5405171079153643e-04 +8.4565766523276453e-05 +4.5464978242625389e-04 +1.5142684314709627e-04 +1.3298068241522030e-04
166.00000000 +5.0000000000000000e+00 +1.9998575341212075e+00 +2.1412920155709403e-03 +9.9925422538905129e-01 +1.0000940403127903e+00 +9.9983448736540748e-01 +9.9995823914590709e-01 +9.9998043241649481e-01 +1.3457966192343367e-04 +9.4993557451879745e-05 +4.1209861187511005e-04 +1.3306134447798630e-04 +1.0384219388531975e-04
166.50000000 +5.0000000000000000e+00 +1.9998592882980717e+00 +2.1031270818707747e-03 +9.9935278508260939e-01 +1.0000728885383374e+00 +9.9984885252782940e-01 +9.9995743816401106e-01 +9.9998856578911055e-01 +1.1510642290370315e-04 +1.0542198573777558e-04 +3.6954484055271529e-04 +1.1469472329073339e-04 +7.4701924381070402e-05
167.00000000 +5.0000000000000000e+00 +1.9998610425821561e+00 +2.0649598154193695e-03 +9.9945135080042113e-01 +1.0000517354710270e+00 +9.9986321856829141e-01 +9.9995663713315674e-01 +9.9999669965886151e-01 +9.5631993623226672e-05 +1.1585105143939965e-04 +3.2698846822061956e-04 +9.6326979482420138e-05 +4.5559873739184731e-05
167.50000000 +5.0000000000000000e+00 +1.9998627969734708e+00 +2.0267902160028416e-03 +9.9954992254303932e-01 +1.0000305811107404e+00 +9.9987758548687422e-01 +9.9995583605333982e-01 +1.0000048340257937e+00 +7.6156373972872601e-05 +1.2628075461519481e-04 +2.8442949464034382e-04 +7.7958112950116736e-05 +1.6416041796355382e-05
168.00000000 +5.0000000000000000e+00 +1.9998645514720255e+00 +1.9886182834072822e-03 +9.9964850031101593e-01 +1.0000094254573590e+00 +9.9989195328365865e-01 +9.9995503492455540e-01 +1.0000129688899522e+00 +5.6679563843495972e-05 +1.3671109532361101e-04 +2.4186791957337968e-04 +5.9588123590880605e-05 -1.2729571610745051e-05
168.50000000 +5.0000000000000000e+00 +1.9998663060778306e+00 +1.9504440174187550e-03 +9.9974708410490376e-01 +9.9998826851076439e-01 +9.9990632195872464e-01 +9.9995423374679937e-01 +1.0000211042513829e+00 +3.7201563125938490e-05 +1.4714207362310542e-04 +1.9930374278118968e-04 +4.1217011301756672e-05 -4.1876966645463974e-05
169.00000000 +5.0000000000000000e+00 +1.9998680607908943e+00 +1.9122674178232979e-03 +9.9984567392525492e-01 +9.9996711027083751e-01 +9.9992069151215301e-01 +9.9995343252006652e-01 +1.0000292401101309e+00 +1.7722371711028535e-05 +1.5757368957214219e-04 +1.5673696402520717e-04 +2.2844775979777247e-05 -7.1026143471168669e-05
169.50000000 +5.0000000000000000e+00 +1.9998698156112282e+00 +1.8740884844069237e-03 +9.9994426977262230e-01 +9.9994595073746018e-01 +9.9993506194402437e-01 +9.9995263124435341e-01 +1.0000373764662422e+00 -1.7580105104188859e-06 +1.6800594322919282e-04 +1.1416758306683637e-04 +4.4714175219620952e-06 -1.0017710225124642e-04
170.00000000 +5.0000000000000000e+00 +1.9998715705388419e+00 +1.8359072169556183e-03 +1.0000428716475589e+00 +9.9992478991051392e-01 +9.9994943325441954e-01 +9.9995182991965481e-01 +1.0000455133197628e+00 -2.1239583647602099e-05 +1.7843883465273584e-04 +7.1595599667452394e-05 -1.3903064174681644e-05 -1.2932984314910457e-04
170.50000000 +5.0000000000000000e+00 +1.9998733255737442e+00 +1.7977236152553415e-03 +1.0001414795506172e+00 +9.9990362778987996e-01 +9.9996380544341867e-01 +9.9995102854596674e-01 +1.0000536506707376e+00 -4.0722347809732838e-05 +1.8887236390125706e-04 +2.9021013588400955e-05 -3.2278669213159448e-05 -1.5848436632817032e-04
171.00000000 +5.0000000000000000e+00 +1.9998648311755911e+00 +1.8530207699692543e-03 +9.9999241529692073e-01 +9.9992010313107926e-01 +9.9996660268701243e-01 +9.9995640185972479e-01 +1.0000512323536523e+00 -1.4958052648222760e-05 +1.4936657053058532e-04 +6.5885674481043808e-05 +4.3368677757360199e-05 -1.3041820297075726e-04
171.50000000 +5.0000000000000000e+00 +1.9998563385646031e+00 +1.9083062905301961e-03 +9.9984338240535042e-01 +9.9993657500597688e-01 +9.9996939934208517e-01 +9.9996177404297359e-01 +1.0000488145453650e+00 +1.0800821877222591e-05 +1.0986908891565811e-04 +1.0274257929462082e-04 +1.1900010903002675e-04 -1.0235794454714277e-04
172.00000000 +5.0000000000000000e+00 +1.9998478477402160e+00 +1.9635801806094024e-03 +9.9969438086600992e-01 +9.9995304341566615e-01 +9.9997219540882221e-01 +9.9996714509606976e-01 +1.0000463972457152e+00 +3.6554277477121855e-05 +7.0379916433644180e-05 +1.3959173047661561e-04 +1.9461562962714708e-04 -7.4303589193984668e-05
172.50000000 +5.0000000000000000e+00 +1.9998393587018659e+00 +2.0188424438765647e-03 +9.9954541066900626e-01 +9.9996950836124088e-01 +9.9997499088740927e-01 +9.9997251501936968e-01 +1.0000439804545420e+00 +6.2302315861274081e-05 +3.0899050462815787e-05 +1.7643313047348207e-04 +2.7021524456891522e-04 -4.6255135048724757e-05
173.00000000 +5.0000000000000000e+00 +1.9998308714489896e+00 +2.0740930839998309e-03 +9.9939647180445113e-01 +9.9998596984379340e-01 +9.9997778577803154e-01 +9.9997788381323027e-01 +1.0000415641716853e+00 +8.8044938738759035e-05 -8.5735116174518890e-06 +2.1326678173064505e-04 +3.4579895887341342e-04 -1.8212580249588389e-05
173.50000000 +5.0000000000000000e+00 +1.9998223859810234e+00 +2.1293321046458071e-03 +9.9924756426246086e-01 +1.0000024278644162e+00 +9.9998058008087476e-01 +9.9998325147800693e-01 +1.0000391483969842e+00 +1.1378214781793761e-04 -4.8037772426681456e-05 +2.5009268669250070e-04 +4.2136677755661301e-04 +9.8240770644160070e-06
174.00000000 +5.0000000000000000e+00 +1.9998139022974046e+00 +2.1845595094795562e-03 +9.9909868803315560e-01 +1.0000188824242016e+00 +9.9998337379612456e-01 +9.9998861801405681e-01 +1.0000367331302791e+00 +1.3951394480645238e-04 -8.7493734583293930e-05 +2.8691084780241738e-04 +4.9691870563237637e-04 +3.7854838753497450e-05
174.50000000 +5.0000000000000000e+00 +1.9998054203975708e+00 +2.2397753021645987e-03 +9.9894984310665957e-01 +1.0000353335242409e+00 +9.9998616692396602e-01 +9.9999398342173540e-01 +1.0000343183714093e+00 +1.6524033141122757e-04 -1.2694140070460913e-04 +3.2372126750273569e-04 +5.7245474811245698e-04 +6.5879706677082585e-05
175.00000000 +5.0000000000000000e+00 +1.9997969402809590e+00 +2.2949794863629182e-03 +9.9880102947310112e-01 +1.0000517811656255e+00 +9.9998895946458444e-01 +9.9999934770139864e-01 +1.0000319041202150e+00 +1.9096130933846990e-04 -1.6638077340684634e-04 +3.6052394823476964e-04 +6.4797491000650109e-04 +9.3898682693816220e-05
175.50000000 +5.0000000000000000e+00 +1.9997884619470068e+00 +2.3501720657349554e-03 +9.9865224712261280e-01 +1.0000682253494455e+00 +9.9999175141816476e-01 +1.0000047108534023e+00 +1.0000294903765361e+00 +2.1667688029366859e-04 -2.0581185530512490e-04 +3.9731889243880636e-04 +7.2347919632204864e-04 +1.2191176866156173e-04
176.00000000 +5.0000000000000000e+00 +1.9997799853951521e+00 +2.4053530439396135e-03 +9.9850349604533106e-01 +1.0000846660767910e+00 +9.9999454278489219e-01 +1.0000100728781014e+00 +1.0000270771402120e+00 +2.4238704598159599e-04 -2.4523464901346487e-04 +4.3410610255410737e-04 +7.9896761206453462e-04 +1.4991896643740157e-04
176.50000000 +5.0000000000000000e+00 +1.9997975806179706e+00 +2.3522534558713562e-03 +9.9864956972087560e-01 +1.0000880505714027e+00 +9.9998212448001722e-01 +1.0000057052634297e+00 +1.0000116646145847e+00 +2.3694722167967632e-04 -2.3347894624570846e-04 +4.0092625176846780e-04 +7.6010216433575629e-04 +9.8388660839664885e-05
177.00000000 +5.0000000000000000e+00 +1.9998151823329984e+00 +2.2991342753440392e-03 +9.9879569729406026e-01 +1.0000914363148106e+00 +9.9996970159308907e-01 +1.0000013360372140e+00 +9.9999624640210916e-01 +2.3150539021463544e-04 -2.2171890590898851e-04 +3.6773415842329552e-04 +7.2122237620018536e-04 +4.6839341810008693e-05
177.50000000 +5.0000000000000000e+00 +1.9998327905438311e+00 +2.2459954915119516e-03 +9.9894187879472163e-01 +1.0000948233077060e+00 +9.9995727412157154e-01 +9.9999696519856296e-01 +9.9998082249963827e-01 +2.2606155047537676e-04 -2.0995452560217565e-04 +3.3452981574152958e-04 +6.8232823971946461e-04 -4.7290011767509980e-06
178.00000000 +5.0000000000000000e+00 +1.9998504052540633e+00 +2.1928370935213708e-03 +9.9908811425271682e-01 +1.0000982115507808e+00 +9.9994484206292589e-01 +9.9999259274658248e-01 +9.9996539290402042e-01 +2.2061570134998320e-04 -1.9818580292236767e-04 +3.0131321694110548e-04 +6.4341974694937562e-04 -5.6316378653568225e-05
178.50000000 +5.0000000000000000e+00 +1.9998680264672952e+00 +2.1396590705105639e-03 +9.9923440369792671e-01 +1.0001016010447277e+00 +9.9993240541461226e-01 +9.9998821868038046e-01 +9.9994995761210426e-01 +2.1516784172571698e-04 -1.8641273546488851e-04 +2.6808435523495167e-04 +6.0449688993983563e-04 -1.0792280116117407e-04
179.00000000 +5.0000000000000000e+00 +1.9998856541871290e+00 +2.0864614116097753e-03 +9.9938074716025282e-01 +1.0001049917902387e+00 +9.9991996417408857e-01 +9.9998384299906207e-01 +9.9993451662073374e-01 +2.0971797048901838e-04 -1.7463532082328604e-04 +2.3484322383098404e-04 +5.6555966073488953e-04 -1.5954827924808388e-04
179.50000000 +5.0000000000000000e+00 +1.9999032884171688e+00 +2.0332441059412211e-03 +9.9952714466961912e-01 +1.0001083837880078e+00 +9.9990751833881064e-01 +9.9997946570173302e-01 +9.9991906992675217e-01 +2.0426608652550514e-04 -1.6285355658933064e-04 +2.0158981593210152e-04 +5.2660805137270635e-04 -2.1119282347060458e-04
180.00000000 +5.0000000000000000e+00 +1.9999209291610223e+00 +1.9800071426190799e-03 +9.9967359625597219e-01 +1.0001117770387289e+00 +9.9989506790623284e-01 +9.9997508678749780e-01 +9.9990361752699952e-01 +1.9881218871997198e-04 -1.5106744035301361e-04 +1.6832412473618191e-04 +4.8764205388557292e-04 -2.6285644439284170e-04
180.50000000 +5.0000000000000000e+00 +1.9999385764222977e+00 +1.9267505107494884e-03 +9.9982010194928028e-01 +1.0001151715430960e+00 +9.9988261287380720e-01 +9.9997070625545992e-01 +9.9988815941831366e-01 +1.9335627595638925e-04 -1.3927696970254550e-04 +1.3504614343607660e-04 +4.4866166029988865e-04 -3.1453915258670658e-04
181.00000000 +5.0000000000000000e+00 +1.9999562302046097e+00 +1.8734741994305322e-03 +9.9996666177953375e-01 +1.0001185673018043e+00 +9.9987015323898443e-01 +9.9996632410472330e-01 +9.9987269559753089e-01 +1.8789834711790274e-04 -1.2748214222435447e-04 +1.0175586521960637e-04 +4.0966686263616036e-04 -3.6624095863192383e-04
181.50000000 +5.0000000000000000e+00 +1.9999738905115712e+00 +1.8201781977522360e-03 +1.0001132757767450e+00 +1.0001219643155486e+00 +9.9985768899921257e-01 +9.9996194033439001e-01 +9.9985722606148364e-01 +1.8243840108683255e-04 -1.1568295550308453e-04 +6.8453283269556429e-05 +3.7065765290899633e-04 -4.1796187311603819e-04
182.00000000 +5.0000000000000000e+00 +1.9999912506612796e+00 +1.8113617377478130e-03 +1.0001215253390985e+00 +1.0000976977201552e+00 +9.9988992580446578e-01 +9.9998177877277461e-01 +9.9986561520216322e-01 +1.1192674939335110e-04 -9.1222413518275911e-05 +7.6343111853105117e-05 +2.8965066747922870e-04 -3.4324095750864017e-04
182.50000000 +5.0000000000000000e+00 +2.0000086091782827e+00 +1.8025461069223667e-03 +1.0001297741255886e+00 +1.0000734334070100e+00 +9.9992215957788055e-01 +1.0000016153453741e+00 +9.9987400355385259e-01 +4.1421729248045931e-05 -6.6764172022233250e-05 +8.4232198406406351e-05 +2.0865130067295923e-04 -2.6852706932635169e-04
183.00000000 +5.0000000000000000e+00 +2.0000259660628132e+00 +1.7937313051589294e-03 +1.0001380221363259e+00 +1.0000491713757913e+00 +9.9995439031988509e-01 +1.0000214500524529e+00 +9.9988239111666333e-01 -2.9076660284574284e-05 -4.2308230690433961e-05 +9.2120543034135988e-05 +1.2765955141545322e-04 -1.9382020757783631e-04
183.50000000 +5.0000000000000000e+00 +2.0000433213150992e+00 +1.7849173323405516e-03 +1.0001462693714187e+00 +1.0000249116261768e+00 +9.9998661803090616e-01 +1.0000412828942729e+00 +9.9989077789070646e-01 -9.9568420139825145e-05 -1.7854589198416374e-05 +1.0000814584095015e-04 +4.6675418632177531e-05 -1.1912037127194388e-04
184.00000000 +5.0000000000000000e+00 +2.0000606749353720e+00 +1.7761041883503086e-03 +1.0001545158309768e+00 +1.0000006541578450e+00 +1.0000188427113721e+00 +1.0000611138710973e+00 +9.9989916387609346e-01 -1.7005355125284611e-04 +6.5967527782200563e-06 +1.0789500693148534e-04 -3.4301098751198451e-05 -4.4427559417710784e-05
184.50000000 +5.0000000000000000e+00 +2.0000780269238616e+00 +1.7672918730712972e-03 +1.0001627615151103e+00 +9.9997639897047419e-01 +1.0000510643617095e+00 +1.0000809429831898e+00 +9.9990754907293544e-01 -2.4053205455860086e-04 +3.1045795563814870e-05 +1.1578112641035839e-04 -1.1527000180880342e-04 +3.0258228975640207e-05
185.00000000 +5.0000000000000000e+00 +2.0000953772807990e+00 +1.7584803863866349e-03 +1.0001710064239280e+00 +9.9995214606374261e-01 +1.0000832829823469e+00 +1.0001007702308133e+00 +9.9991593348134389e-01 -3.1100393099187741e-04 +5.5492539482646696e-05 +1.2366650438216638e-04 -1.9623129161456434e-04 +1.0493699489870026e-04
185.50000000 +5.0000000000000000e+00 +2.0001127260064133e+00 +1.7496697281794626e-03 +1.0001792505575391e+00 +9.9992789543732852e-01 +1.0001154985737106e+00 +1.0001205956142305e+00 +9.9992431710142982e-01 -3.8146918148728782e-04 +7.9936984858933137e-05 +1.3155114095148680e-04 -2.7718496924220579e-04 +1.7960873934187388e-04
186.00000000 +5.0000000000000000e+00 +2.0001300731009337e+00 +1.7408598983329414e-03 +1.0001874939160527e+00 +9.9990364709090984e-01 +1.0001477111362278e+00 +1.0001404191337042e+00 +9.9993269993330391e-01 -4.5192780697926826e-04 +1.0437913201683073e-04 +1.3943503622287735e-04 -3.5813103576525060e-04 +2.5427346329537955e-04
186.50000000 +5.0000000000000000e+00 +2.0001474185645916e+00 +1.7320508967302573e-03 +1.0001957364995790e+00 +9.9987940102416606e-01 +1.0001799206703268e+00 +1.0001602407894976e+00 +9.9994108197707821e-01 -5.2237980840207955e-04 +1.2881898128043530e-04 +1.4731819030087631e-04 -4.3906949225701992e-04 +3.2893116774924974e-04
187.00000000 +5.0000000000000000e+00 +2.0001647623976173e+00 +1.7232427232546155e-03 +1.0002039783082266e+00 +9.9985515723677509e-01 +1.0002121271764333e+00 +1.0001800605818736e+00 +9.9994946323286349e-01 -5.9282518668980668e-04 +1.5325653297378148e-04 +1.5520060329000211e-04 -5.2000033979063319e-04 +4.0358185369333041e-04
187.50000000 +5.0000000000000000e+00 +2.0001554047514563e+00 +1.7150606870177220e-03 +1.0002326175206826e+00 +9.9986014248596156e-01 +1.0002092674011196e+00 +1.0001776783958822e+00 +9.9994883919266242e-01 -5.8677710157804906e-04 +1.2238864293111305e-04 +1.4729678426061808e-04 -4.8204267742445363e-04 +3.7058935550864173e-04
188.00000000 +5.0000000000000000e+00 +2.0001460453454953e+00 +1.7068771120669350e-03 +1.0002612621190290e+00 +9.9986512867267374e-01 +1.0002064070879964e+00 +1.0001752957618970e+00 +9.9994821503510423e-01 -5.8072787906328816e-04 +9.1514947872446703e-05 +1.3939147883887463e-04 -4.4407787673955598e-04 +3.3759065275410681e-04
188.50000000 +5.0000000000000000e+00 +2.0001366841792394e+00 +1.6986919979681593e-03 +1.0002899121047861e+00 +9.9987011579717677e-01 +1.0002035462369121e+00 +1.0001729126797916e+00 +9.9994759076015605e-01 -5.7467751882464416e-04 +6.0635446160091373e-05 +1.3148468660543594e-04 -4.0610593572210248e-04 +3.0458574367931405e-04
189.00000000 +5.0000000000000000e+00 +2.0001273212521906e+00 +1.6905053442871332e-03 +1.0003185674794735e+00 +9.9987510385973477e-01 +1.0002006848477145e+00 +1.0001705291494392e+00 +9.9994696636778446e-01 -5.6862602054111604e-04 +2.9750136155739784e-05 +1.2357640714080829e-04 -3.6812685235749744e-04 +2.7157462653319269e-04
189.50000000 +5.0000000000000000e+00 +2.0001179565638534e+00 +1.6823171505894352e-03 +1.0003472282446118e+00 +9.9988009286061275e-01 +1.0001978229202526e+00 +1.0001681451707138e+00 +9.9994634185795672e-01 -5.6257338389158217e-04 -1.1409837795315474e-06 +1.1566664002534026e-04 -3.3014062463038776e-04 +2.3855729956401403e-04
190.00000000 +5.0000000000000000e+00 +2.0001085901137303e+00 +1.6741274164404775e-03 +1.0003758944017218e+00 +9.9988508280007538e-01 +1.0001949604543741e+00 +1.0001657607434886e+00 +9.9994571723063952e-01 -5.5651960855479987e-04 -3.2037915285262958e-05 +1.0775538483922247e-04 -2.9214725052466138e-04 +2.0553376101938950e-04
190.50000000 +5.0000000000000000e+00 +2.0000992219013232e+00 +1.6659361414055097e-03 +1.0004045659523260e+00 +9.9989007367838745e-01 +1.0001920974499270e+00 +1.0001633758676369e+00 +9.9994509248579933e-01 -5.5046469420940586e-04 -6.2940660001611595e-05 +9.9842641162487547e-05 -2.5414672802344807e-04 +1.7250400914627136e-04
191.00000000 +5.0000000000000000e+00 +2.0000898519261359e+00 +1.6577433250496178e-03 +1.0004332428979463e+00 +9.9989506549581386e-01 +1.0001892339067591e+00 +1.0001609905430324e+00 +9.9994446762340350e-01 -5.4440864053391564e-04 -9.3849219569351960e-05 +9.1928408575010147e-05 -2.1613905510911840e-04 +1.3946804219095235e-04
191.50000000 +5.0000000000000000e+00 +2.0000804801876693e+00 +1.6495489669377244e-03 +1.0004619252401055e+00 +9.9990005825261985e-01 +1.0001863698247184e+00 +1.0001586047695479e+00 +9.9994384264341851e-01 -5.3835144720672386e-04 -1.2476359562987597e-04 +8.4012686656506700e-05 -1.7812422976328348e-04 +1.0642585839906485e-04
192.00000000 +5.0000000000000000e+00 +2.0000711066854278e+00 +1.6413530666345886e-03 +1.0004906129803270e+00 +9.9990505194907087e-01 +1.0001835052036532e+00 +1.0001562185470574e+00 +9.9994321754581139e-01 -5.3229311390610447e-04 -1.5568378982519339e-04 +7.6095474986535586e-05 -1.4010224996679511e-04 +7.3377456015581266e-05
192.50000000 +5.0000000000000000e+00 +2.0000617314189117e+00 +1.6331556237048042e-03 +1.0005193061201354e+00 +9.9991004658543192e-01 +1.0001806400434110e+00 +1.0001538318754337e+00 +9.9994259233054894e-01 -5.2623364031020978e-04 -1.8660980379793228e-04 +6.8176773144496808e-05 -1.0207311369974456e-04 +4.0322833284813009e-05
193.00000000 +5.0000000000000000e+00 +2.0000523543876234e+00 +1.6249566377128024e-03 +1.0005480046610544e+00 +9.9991504216196825e-01 +1.0001777743438394e+00 +1.0001514447545501e+00 +9.9994196699759752e-01 -5.2017302609707076e-04 -2.1754163919133882e-04 +6.0256580709631999e-05 -6.4036818941462775e-05 +7.2619884504106504e-06
193.50000000 +5.0000000000000000e+00 +2.0000429755910645e+00 +1.6167561082228504e-03 +1.0005767086046100e+00 +9.9992003867894574e-01 +1.0001749081047864e+00 +1.0001490571842795e+00 +9.9994134154692449e-01 -5.1411127094459807e-04 -2.4847929764927818e-04 +5.2334897261024429e-05 -2.5993363670519846e-05 -2.5805080244636674e-05
194.00000000 +5.0000000000000000e+00 +2.0000335950287371e+00 +1.6085540347990507e-03 +1.0006054179523276e+00 +9.9992503613662997e-01 +1.0001720413260997e+00 +1.0001466691644953e+00 +9.9994071597849632e-01 -5.0804837453058015e-04 -2.7942278081623430e-04 +4.4411722377598899e-05 +1.2057254135275032e-05 -5.8878374558001024e-05
194.50000000 +5.0000000000000000e+00 +2.0000242127001409e+00 +1.6003504170053417e-03 +1.0006341327057335e+00 +9.9993003453528595e-01 +1.0001691740076262e+00 +1.0001442806950702e+00 +9.9994009029227959e-01 -5.0198433653268445e-04 -3.1037209033731028e-04 +3.6487055638121583e-05 +5.0115036498874382e-05 -9.1957896248016788e-05
195.00000000 +5.0000000000000000e+00 +2.0000148286047783e+00 +1.5921452544054976e-03 +1.0006628528663546e+00 +9.9993503387517990e-01 +1.0001663061492143e+00 +1.0001418917758775e+00 +9.9993946448824111e-01 -4.9591915662845732e-04 -3.4132722785822935e-04 +2.8560896621200010e-05 +8.8179985443992789e-05 -1.2504364707368039e-04
195.50000000 +5.0000000000000000e+00 +2.0000054427421503e+00 +1.5839385465631294e-03 +1.0006915784357182e+00 +9.9994003415657806e-01 +1.0001634377507109e+00 +1.0001395024067903e+00 +9.9993883856634791e-01 -4.8985283449532336e-04 -3.7228819502533396e-04 +2.0633244905283079e-05 +1.2625210299510659e-04 -1.5813562879465074e-04
196.00000000 +5.0000000000000000e+00 +1.9999960551117570e+00 +1.5757302930416825e-03 +1.0007203094153529e+00 +9.9994503537974611e-01 +1.0001605688119641e+00 +1.0001371125876812e+00 +9.9993821252656645e-01 -4.8378536981058551e-04 -4.0325499348558728e-04 +1.2704100068660769e-05 +1.6433139117745524e-04 -1.9123384317124977e-04
196.50000000 +5.0000000000000000e+00 +1.9999866657130987e+00 +1.5675204934044373e-03 +1.0007490458067869e+00 +9.9995003754494993e-01 +1.0001576993328203e+00 +1.0001347223184227e+00 +9.9993758636886332e-01 -4.7771676225142544e-04 -4.3422762488657215e-04 +4.7734616894643006e-06 +2.0241785201704056e-04 -2.2433829196446222e-04
197.00000000 +5.0000000000000000e+00 +1.9999772745456772e+00 +1.5593091472145119e-03 +1.0007777876115498e+00 +9.9995504065245611e-01 +1.0001548293131275e+00 +1.0001323315988884e+00 +9.9993696009320543e-01 -4.7164701149490307e-04 -4.6520609087649320e-04 -3.1586706543341066e-06 +2.4051148754062839e-04 -2.5744897693593668e-04
197.50000000 +5.0000000000000000e+00 +1.9999678816089910e+00 +1.5510962540348570e-03 +1.0008065348311708e+00 +9.9996004470253075e-01 +1.0001519587527330e+00 +1.0001299404289505e+00 +9.9993633369955937e-01 -4.6557611721795674e-04 -4.9619039310417527e-04 -1.1092297384921266e-05 +2.7861229977574776e-04 -2.9056589984798536e-04
198.00000000 +5.0000000000000000e+00 +1.9999584869025406e+00 +1.5428818134282608e-03 +1.0008352874671804e+00 +9.9996504969543998e-01 +1.0001490876514834e+00 +1.0001275488084820e+00 +9.9993570718789160e-01 -4.5950407909740268e-04 -5.2718053321906464e-04 -1.9027418924643004e-05 +3.1672029075069158e-04 -3.2368906246358443e-04
198.50000000 +5.0000000000000000e+00 +2.0000220789942116e+00 +1.4826817990723339e-03 +1.0009809717422067e+00 +9.9997345991963660e-01 +1.0001668472193948e+00 +1.0001050541836138e+00 +1.0000806386027843e+00 -3.7819328338959193e-04 -4.5588683868399375e-04 -9.6496960050703845e-05 +1.4080047111645564e-04 -5.1719505103985043e-04
199.00000000 +5.0000000000000000e+00 +2.0000857929908236e+00 +1.4223663823283890e-03 +1.0011269352914722e+00 +9.9998188626608753e-01 +1.0001846408320911e+00 +1.0000825164369385e+00 +1.0002258478486972e+00 -2.9672661629044145e-04 -3.8445647536756121e-04 -1.7411500894939997e-04 -3.5456583774327964e-05 -7.1107198725485726e-04
199.50000000 +5.0000000000000000e+00 +2.0001496292432481e+00 +1.3619352310414808e-03 +1.0012731789187941e+00 +9.9999032878119654e-01 +1.0002024685875617e+00 +1.0000599354443411e+00 +1.0003713357252919e+00 -2.1510362916579075e-04 -3.1288904990518963e-04 -2.5188199306068248e-04 -2.1205184456325624e-04 -9.0532093878228806e-04
200.00000000 +5.0000000000000000e+00 +2.0002135881037040e+00 +1.3013880117807471e-03 +1.0014197034310757e+00 +9.9999878751154569e-01 +1.0002203305841713e+00 +1.0000373110812304e+00 +1.0005171030353028e+00 -1.3332387165812781e-04 -2.4118416742125861e-04 -3.2979834146644026e-04 -3.8898628562048009e-04 -1.0999429773971123e-03
